sample_token,annotation_token,instance_token,scene,timestamp,category,range_m,azimuth_deg,margin_m,radar_points,lidar_points
61,61:0,RoadDebris:1,scene_28_24,3102132486,RoadDebris,36.55729661174679,135.0420903099199,0.0,0,875
61,61:0,RoadDebris:1,scene_28_24,3102132486,RoadDebris,36.55729661174679,135.0420903099199,0.5,3,1132
61,61:1,RoadDebris:2,scene_28_24,3102132486,RoadDebris,37.851518683782864,131.3589395394737,0.0,1,1133
61,61:1,RoadDebris:2,scene_28_24,3102132486,RoadDebris,37.851518683782864,131.3589395394737,0.5,1,1642
61,61:2,RoadObstruction:1,scene_28_24,3102132486,RoadObstruction-Cone,43.37647103609952,116.6810388707475,0.0,0,9
61,61:2,RoadObstruction:1,scene_28_24,3102132486,RoadObstruction-Cone,43.37647103609952,116.6810388707475,0.5,2,239
61,61:3,RoadObstruction:13,scene_28_24,3102132486,RoadObstruction-Cone,19.77837636549099,-60.24260012998437,0.0,0,39
61,61:3,RoadObstruction:13,scene_28_24,3102132486,RoadObstruction-Cone,19.77837636549099,-60.24260012998437,0.5,0,659
61,61:4,RoadObstruction:3,scene_28_24,3102132486,RoadObstruction-Cone,18.477802944837645,-54.93414228707405,0.0,0,2
61,61:4,RoadObstruction:3,scene_28_24,3102132486,RoadObstruction-Cone,18.477802944837645,-54.93414228707405,0.5,0,189
61,61:5,Vehicle:1,scene_28_24,3102132486,Vehicle-SemiTruck-Cab,20.88556595233805,18.188517823209324,0.0,35,21573
61,61:5,Vehicle:1,scene_28_24,3102132486,Vehicle-SemiTruck-Cab,20.88556595233805,18.188517823209324,0.5,39,42975
61,61:6,Vehicle:10,scene_28_24,3102132486,Vehicle-SemiTruck-Trailer,40.768718376072876,90.6333915541187,0.0,2,1844
61,61:6,Vehicle:10,scene_28_24,3102132486,Vehicle-SemiTruck-Trailer,40.768718376072876,90.6333915541187,0.5,6,4619
61,61:7,Vehicle:11,scene_28_24,3102132486,Vehicle-SemiTruck-Trailer,42.55766779542793,95.33854009255566,0.0,4,806
61,61:7,Vehicle:11,scene_28_24,3102132486,Vehicle-SemiTruck-Trailer,42.55766779542793,95.33854009255566,0.5,12,2537
61,61:8,Vehicle:12,scene_28_24,3102132486,Vehicle-SemiTruck-Trailer,44.20366079037917,99.25379382743002,0.0,5,503
61,61:8,Vehicle:12,scene_28_24,3102132486,Vehicle-SemiTruck-Trailer,44.20366079037917,99.25379382743002,0.5,8,2002
61,61:9,Vehicle:13,scene_28_24,3102132486,Vehicle-SemiTruck-Trailer,46.09697921124714,103.25158240055998,0.0,4,1274
61,61:9,Vehicle:13,scene_28_24,3102132486,Vehicle-SemiTruck-Trailer,46.09697921124714,103.25158240055998,0.5,6,2201
61,61:11,Vehicle:2,scene_28_24,3102132486,Vehicle-SemiTruck-Cab,13.045894465560986,-5.930465865901768,0.0,46,139553
61,61:11,Vehicle:2,scene_28_24,3102132486,Vehicle-SemiTruck-Cab,13.045894465560986,-5.930465865901768,0.5,69,153197
61,61:12,Vehicle:3,scene_28_24,3102132486,Vehicle-SemiTruck-Cab,12.494819573452785,-23.82843136656022,0.0,28,26615
61,61:12,Vehicle:3,scene_28_24,3102132486,Vehicle-SemiTruck-Cab,12.494819573452785,-23.82843136656022,0.5,36,29556
61,61:13,Vehicle:4,scene_28_24,3102132486,Vehicle-SemiTruck-Cab,14.435898875035837,-65.9267780125996,0.0,20,23156
61,61:13,Vehicle:4,scene_28_24,3102132486,Vehicle-SemiTruck-Cab,14.435898875035837,-65.9267780125996,0.5,27,26700
61,61:14,Vehicle:5,scene_28_24,3102132486,Vehicle-SemiTruck-Cab,16.374621555155745,-79.61886392832433,0.0,18,14175
61,61:14,Vehicle:5,scene_28_24,3102132486,Vehicle-SemiTruck-Cab,16.374621555155745,-79.61886392832433,0.5,21,14478
61,61:15,Vehicle:6,scene_28_24,3102132486,Vehicle-SemiTruck-Cab,27.089486491938416,26.832621716244866,0.0,30,4444
61,61:15,Vehicle:6,scene_28_24,3102132486,Vehicle-SemiTruck-Cab,27.089486491938416,26.832621716244866,0.5,37,6617
61,61:16,Vehicle:7,scene_28_24,3102132486,Vehicle-SemiTruck-Cab,34.04082694336558,33.28837657537339,0.0,22,2159
61,61:16,Vehicle:7,scene_28_24,3102132486,Vehicle-SemiTruck-Cab,34.04082694336558,33.28837657537339,0.5,23,2774
61,61:17,Vehicle:8,scene_28_24,3102132486,Vehicle-SemiTruck-Cab,47.11330387493089,114.04452967372362,0.0,3,956
61,61:17,Vehicle:8,scene_28_24,3102132486,Vehicle-SemiTruck-Cab,47.11330387493089,114.04452967372362,0.5,8,2007
61,61:18,Vehicle:9,scene_28_24,3102132486,Vehicle-SemiTruck-Trailer,38.64651711481808,80.73027572217576,0.0,6,439
61,61:18,Vehicle:9,scene_28_24,3102132486,Vehicle-SemiTruck-Trailer,38.64651711481808,80.73027572217576,0.5,9,1681
71,71:0,RoadDebris:1,scene_28_24,3602108636,RoadDebris,37.01040638098546,130.19177012473267,0.0,1,852
71,71:0,RoadDebris:1,scene_28_24,3602108636,RoadDebris,37.01040638098546,130.19177012473267,0.5,3,1182
71,71:1,RoadDebris:2,scene_28_24,3602108636,RoadDebris,38.31372191820286,126.53573858405746,0.0,0,1079
71,71:1,RoadDebris:2,scene_28_24,3602108636,RoadDebris,38.31372191820286,126.53573858405746,0.5,1,1575
71,71:2,RoadObstruction:1,scene_28_24,3602108636,RoadObstruction-Cone,43.4956768236636,111.83594507292189,0.0,0,4
71,71:2,RoadObstruction:1,scene_28_24,3602108636,RoadObstruction-Cone,43.4956768236636,111.83594507292189,0.5,0,209
71,71:3,RoadObstruction:13,scene_28_24,3602108636,RoadObstruction-Cone,19.563342288323174,-69.31040977848026,0.0,0,12
71,71:3,RoadObstruction:13,scene_28_24,3602108636,RoadObstruction-Cone,19.563342288323174,-69.31040977848026,0.5,0,841
71,71:4,RoadObstruction:3,scene_28_24,3602108636,RoadObstruction-Cone,18.208482092453963,-63.797267115645234,0.0,0,8
71,71:4,RoadObstruction:3,scene_28_24,3602108636,RoadObstruction-Cone,18.208482092453963,-63.797267115645234,0.5,0,429
71,71:5,Vehicle:1,scene_28_24,3602108636,Vehicle-SemiTruck-Cab,19.924939234645873,12.379128682762595,0.0,40,43373
71,71:5,Vehicle:1,scene_28_24,3602108636,Vehicle-SemiTruck-Cab,19.924939234645873,12.379128682762595,0.5,45,82043
71,71:6,Vehicle:10,scene_28_24,3602108636,Vehicle-SemiTruck-Trailer,40.52612938466784,85.83670619982593,0.0,5,1969
71,71:6,Vehicle:10,scene_28_24,3602108636,Vehicle-SemiTruck-Trailer,40.52612938466784,85.83670619982593,0.5,14,4210
71,71:7,Vehicle:11,scene_28_24,3602108636,Vehicle-SemiTruck-Trailer,42.371402998801116,90.44452051549258,0.0,5,922
71,71:7,Vehicle:11,scene_28_24,3602108636,Vehicle-SemiTruck-Trailer,42.371402998801116,90.44452051549258,0.5,11,2620
71,71:8,Vehicle:12,scene_28_24,3602108636,Vehicle-SemiTruck-Trailer,44.14676055616982,94.35239035739383,0.0,3,500
71,71:8,Vehicle:12,scene_28_24,3602108636,Vehicle-SemiTruck-Trailer,44.14676055616982,94.35239035739383,0.5,8,1910
71,71:9,Vehicle:13,scene_28_24,3602108636,Vehicle-SemiTruck-Trailer,46.007553632739416,98.29701454942962,0.0,7,1423
71,71:9,Vehicle:13,scene_28_24,3602108636,Vehicle-SemiTruck-Trailer,46.007553632739416,98.29701454942962,0.5,10,2371
71,71:11,Vehicle:2,scene_28_24,3602108636,Vehicle-SemiTruck-Cab,12.145725451743667,-13.226834261579697,0.0,47,99705
71,71:11,Vehicle:2,scene_28_24,3602108636,Vehicle-SemiTruck-Cab,12.145725451743667,-13.226834261579697,0.5,69,111013
71,71:12,Vehicle:3,scene_28_24,3602108636,Vehicle-SemiTruck-Cab,11.788159740502124,-32.64487857757948,0.0,38,27112
71,71:12,Vehicle:3,scene_28_24,3602108636,Vehicle-SemiTruck-Cab,11.788159740502124,-32.64487857757948,0.5,40,29804
71,71:13,Vehicle:4,scene_28_24,3602108636,Vehicle-SemiTruck-Cab,14.367711174462405,-75.64227365934175,0.0,20,20981
71,71:13,Vehicle:4,scene_28_24,3602108636,Vehicle-SemiTruck-Cab,14.367711174462405,-75.64227365934175,0.5,26,24741
71,71:14,Vehicle:5,scene_28_24,3602108636,Vehicle-SemiTruck-Cab,16.4951981884597,-88.87295710879013,0.0,15,14901
71,71:14,Vehicle:5,scene_28_24,3602108636,Vehicle-SemiTruck-Cab,16.4951981884597,-88.87295710879013,0.5,20,15554
71,71:15,Vehicle:6,scene_28_24,3602108636,Vehicle-SemiTruck-Cab,26.19387033565502,21.43686437688243,0.0,32,3743
71,71:15,Vehicle:6,scene_28_24,3602108636,Vehicle-SemiTruck-Cab,26.19387033565502,21.43686437688243,0.5,36,7546
71,71:16,Vehicle:7,scene_28_24,3602108636,Vehicle-SemiTruck-Cab,33.162500579225146,27.649812299205884,0.0,27,2425
71,71:16,Vehicle:7,scene_28_24,3602108636,Vehicle-SemiTruck-Cab,33.162500579225146,27.649812299205884,0.5,30,3100
71,71:17,Vehicle:8,scene_28_24,3602108636,Vehicle-SemiTruck-Cab,47.276454145636514,109.01216799155112,0.0,8,997
71,71:17,Vehicle:8,scene_28_24,3602108636,Vehicle-SemiTruck-Cab,47.276454145636514,109.01216799155112,0.5,18,2234
71,71:18,Vehicle:9,scene_28_24,3602108636,Vehicle-SemiTruck-Trailer,38.241903362866644,75.89194412995134,0.0,3,407
71,71:18,Vehicle:9,scene_28_24,3602108636,Vehicle-SemiTruck-Trailer,38.241903362866644,75.89194412995134,0.5,6,1796
81,81:0,RoadDebris:1,scene_28_24,4102093936,RoadDebris,37.46806658556603,124.771855993822,0.0,1,721
81,81:0,RoadDebris:1,scene_28_24,4102093936,RoadDebris,37.46806658556603,124.771855993822,0.5,1,938
81,81:1,RoadDebris:2,scene_28_24,4102093936,RoadDebris,38.72765855604966,121.17326540245536,0.0,1,970
81,81:1,RoadDebris:2,scene_28_24,4102093936,RoadDebris,38.72765855604966,121.17326540245536,0.5,1,1452
81,81:2,RoadObstruction:1,scene_28_24,4102093936,RoadObstruction-Cone,43.56431755990617,106.32645859940071,0.0,0,5
81,81:2,RoadObstruction:1,scene_28_24,4102093936,RoadObstruction-Cone,43.56431755990617,106.32645859940071,0.5,1,175
81,81:3,RoadObstruction:13,scene_28_24,4102093936,RoadObstruction-Cone,19.51732571271838,-79.57473904210946,0.0,0,67
81,81:3,RoadObstruction:13,scene_28_24,4102093936,RoadObstruction-Cone,19.51732571271838,-79.57473904210946,0.5,0,1159
81,81:4,RoadObstruction:3,scene_28_24,4102093936,RoadObstruction-Cone,18.07050988538212,-74.12263070821835,0.0,0,3
81,81:4,RoadObstruction:3,scene_28_24,4102093936,RoadObstruction-Cone,18.07050988538212,-74.12263070821835,0.5,0,539
81,81:5,Vehicle:1,scene_28_24,4102093936,Vehicle-SemiTruck-Cab,18.77946318614775,5.497767677090477,0.0,62,62305
81,81:5,Vehicle:1,scene_28_24,4102093936,Vehicle-SemiTruck-Cab,18.77946318614775,5.497767677090477,0.5,67,103944
81,81:6,Vehicle:10,scene_28_24,4102093936,Vehicle-SemiTruck-Trailer,40.13899166715808,80.36944732564429,0.0,4,2304
81,81:6,Vehicle:10,scene_28_24,4102093936,Vehicle-SemiTruck-Trailer,40.13899166715808,80.36944732564429,0.5,7,5108
81,81:7,Vehicle:11,scene_28_24,4102093936,Vehicle-SemiTruck-Trailer,42.0900430813295,84.9476231633371,0.0,3,1013
81,81:7,Vehicle:11,scene_28_24,4102093936,Vehicle-SemiTruck-Trailer,42.0900430813295,84.9476231633371,0.5,9,2606
81,81:8,Vehicle:12,scene_28_24,4102093936,Vehicle-SemiTruck-Trailer,43.94544107030546,88.83367191151297,0.0,3,520
81,81:8,Vehicle:12,scene_28_24,4102093936,Vehicle-SemiTruck-Trailer,43.94544107030546,88.83367191151297,0.5,7,1938
81,81:9,Vehicle:13,scene_28_24,4102093936,Vehicle-SemiTruck-Trailer,45.87666771836407,92.72829078461534,0.0,3,1920
81,81:9,Vehicle:13,scene_28_24,4102093936,Vehicle-SemiTruck-Trailer,45.87666771836407,92.72829078461534,0.5,7,2429
81,81:11,Vehicle:2,scene_28_24,4102093936,Vehicle-SemiTruck-Cab,11.179501266857041,-22.483980264671906,0.0,46,42442
81,81:11,Vehicle:2,scene_28_24,4102093936,Vehicle-SemiTruck-Cab,11.179501266857041,-22.483980264671906,0.5,67,48429
81,81:12,Vehicle:3,scene_28_24,4102093936,Vehicle-SemiTruck-Cab,11.115822076639448,-43.5517057465567,0.0,21,19296
81,81:12,Vehicle:3,scene_28_24,4102093936,Vehicle-SemiTruck-Cab,11.115822076639448,-43.5517057465567,0.5,23,22219
81,81:13,Vehicle:4,scene_28_24,4102093936,Vehicle-SemiTruck-Cab,14.429369271160388,-86.76910476262267,0.0,24,19503
81,81:13,Vehicle:4,scene_28_24,4102093936,Vehicle-SemiTruck-Cab,14.429369271160388,-86.76910476262267,0.5,31,23504
81,81:14,Vehicle:5,scene_28_24,4102093936,Vehicle-SemiTruck-Cab,16.808435214892317,-99.24314236334718,0.0,18,12149
81,81:14,Vehicle:5,scene_28_24,4102093936,Vehicle-SemiTruck-Cab,16.808435214892317,-99.24314236334718,0.5,20,13172
81,81:15,Vehicle:6,scene_28_24,4102093936,Vehicle-SemiTruck-Cab,25.127248887930293,14.941271485918671,0.0,25,13895
81,81:15,Vehicle:6,scene_28_24,4102093936,Vehicle-SemiTruck-Cab,25.127248887930293,14.941271485918671,0.5,31,37085
81,81:16,Vehicle:7,scene_28_24,4102093936,Vehicle-SemiTruck-Cab,32.134667668038446,21.073346513913545,0.0,29,2967
81,81:16,Vehicle:7,scene_28_24,4102093936,Vehicle-SemiTruck-Cab,32.134667668038446,21.073346513913545,0.5,41,3596
81,81:17,Vehicle:8,scene_28_24,4102093936,Vehicle-SemiTruck-Cab,47.32385249352799,103.37062373290712,0.0,11,1597
81,81:17,Vehicle:8,scene_28_24,4102093936,Vehicle-SemiTruck-Cab,47.32385249352799,103.37062373290712,0.5,18,3108
81,81:18,Vehicle:9,scene_28_24,4102093936,Vehicle-SemiTruck-Trailer,37.72157875875581,70.4211620690964,0.0,3,460
81,81:18,Vehicle:9,scene_28_24,4102093936,Vehicle-SemiTruck-Trailer,37.72157875875581,70.4211620690964,0.5,9,1877
91,91:0,RoadDebris:1,scene_28_24,4602069886,RoadDebris,37.86551606503783,118.3598077801269,0.0,2,929
91,91:0,RoadDebris:1,scene_28_24,4602069886,RoadDebris,37.86551606503783,118.3598077801269,0.5,4,1107
91,91:1,RoadDebris:2,scene_28_24,4602069886,RoadDebris,39.038575803745395,114.79101475458835,0.0,0,1053
91,91:1,RoadDebris:2,scene_28_24,4602069886,RoadDebris,39.038575803745395,114.79101475458835,0.5,0,1543
91,91:2,RoadObstruction:1,scene_28_24,4602069886,RoadObstruction-Cone,43.5884190492456,99.74685519358461,0.0,0,13
91,91:2,RoadObstruction:1,scene_28_24,4602069886,RoadObstruction-Cone,43.5884190492456,99.74685519358461,0.5,2,191
91,91:3,RoadObstruction:13,scene_28_24,4602069886,RoadObstruction-Cone,19.72214661633411,-91.2585864792767,0.0,0,32
91,91:3,RoadObstruction:13,scene_28_24,4602069886,RoadObstruction-Cone,19.72214661633411,-91.2585864792767,0.5,0,1000
91,91:4,RoadObstruction:3,scene_28_24,4602069886,RoadObstruction-Cone,18.155846396286737,-86.20341548786713,0.0,0,4
91,91:4,RoadObstruction:3,scene_28_24,4602069886,RoadObstruction-Cone,18.155846396286737,-86.20341548786713,0.5,0,547
91,91:5,Vehicle:1,scene_28_24,4602069886,Vehicle-SemiTruck-Cab,17.522366704112745,-3.600027364952832,0.0,71,75331
91,91:5,Vehicle:1,scene_28_24,4602069886,Vehicle-SemiTruck-Cab,17.522366704112745,-3.600027364952832,0.5,80,116422
91,91:6,Vehicle:10,scene_28_24,4602069886,Vehicle-SemiTruck-Trailer,39.53301034637533,73.78370024464745,0.0,6,2414
91,91:6,Vehicle:10,scene_28_24,4602069886,Vehicle-SemiTruck-Trailer,39.53301034637533,73.78370024464745,0.5,10,4650
91,91:7,Vehicle:11,scene_28_24,4602069886,Vehicle-SemiTruck-Trailer,41.607344980284985,78.34780075318366,0.0,5,902
91,91:7,Vehicle:11,scene_28_24,4602069886,Vehicle-SemiTruck-Trailer,41.607344980284985,78.34780075318366,0.5,12,2372
91,91:8,Vehicle:12,scene_28_24,4602069886,Vehicle-SemiTruck-Trailer,43.5397521096481,82.24895662898392,0.0,1,874
91,91:8,Vehicle:12,scene_28_24,4602069886,Vehicle-SemiTruck-Trailer,43.5397521096481,82.24895662898392,0.5,8,1975
91,91:9,Vehicle:13,scene_28_24,4602069886,Vehicle-SemiTruck-Trailer,45.57059391731621,86.05871608641338,0.0,4,1270
91,91:9,Vehicle:13,scene_28_24,4602069886,Vehicle-SemiTruck-Trailer,45.57059391731621,86.05871608641338,0.5,8,2313
91,91:11,Vehicle:2,scene_28_24,4602069886,Vehicle-SemiTruck-Cab,10.319663915124439,-35.42289920317919,0.0,40,43013
91,91:11,Vehicle:2,scene_28_24,4602069886,Vehicle-SemiTruck-Cab,10.319663915124439,-35.42289920317919,0.5,51,49150
91,91:12,Vehicle:3,scene_28_24,4602069886,Vehicle-SemiTruck-Cab,10.653960768455343,-57.573063154357875,0.0,16,19193
91,91:12,Vehicle:3,scene_28_24,4602069886,Vehicle-SemiTruck-Cab,10.653960768455343,-57.573063154357875,0.5,17,21368
91,91:13,Vehicle:4,scene_28_24,4602069886,Vehicle-SemiTruck-Cab,14.808789503745674,-99.48143722409021,0.0,17,18557
91,91:13,Vehicle:4,scene_28_24,4602069886,Vehicle-SemiTruck-Cab,14.808789503745674,-99.48143722409021,0.5,21,22146
91,91:14,Vehicle:5,scene_28_24,4602069886,Vehicle-SemiTruck-Cab,17.445612233895094,-110.89221695064333,0.0,11,10004
91,91:14,Vehicle:5,scene_28_24,4602069886,Vehicle-SemiTruck-Cab,17.445612233895094,-110.89221695064333,0.5,13,10838
91,91:15,Vehicle:6,scene_28_24,4602069886,Vehicle-SemiTruck-Cab,23.862702962461935,6.612727774795429,0.0,42,27463
91,91:15,Vehicle:6,scene_28_24,4602069886,Vehicle-SemiTruck-Cab,23.862702962461935,6.612727774795429,0.5,50,58422
91,91:16,Vehicle:7,scene_28_24,4602069886,Vehicle-SemiTruck-Cab,30.92267162731351,12.901748767746582,0.0,28,23160
91,91:16,Vehicle:7,scene_28_24,4602069886,Vehicle-SemiTruck-Cab,30.92267162731351,12.901748767746582,0.5,32,27274
91,91:17,Vehicle:8,scene_28_24,4602069886,Vehicle-SemiTruck-Cab,47.197418742327514,96.6877868813705,0.0,6,1394
91,91:17,Vehicle:8,scene_28_24,4602069886,Vehicle-SemiTruck-Cab,47.197418742327514,96.6877868813705,0.5,12,2446
91,91:18,Vehicle:9,scene_28_24,4602069886,Vehicle-SemiTruck-Trailer,36.97129727944366,63.737844553936974,0.0,5,512
91,91:18,Vehicle:9,scene_28_24,4602069886,Vehicle-SemiTruck-Trailer,36.97129727944366,63.737844553936974,0.5,8,1868
101,101:0,RoadDebris:1,scene_28_24,5102221886,RoadDebris,38.170535175458376,112.64179035194945,0.0,1,929
101,101:0,RoadDebris:1,scene_28_24,5102221886,RoadDebris,38.170535175458376,112.64179035194945,0.5,4,1191
101,101:1,RoadDebris:2,scene_28_24,5102221886,RoadDebris,39.22875478093482,109.02819296347782,0.0,1,1030
101,101:1,RoadDebris:2,scene_28_24,5102221886,RoadDebris,39.22875478093482,109.02819296347782,0.5,2,1605
101,101:2,RoadObstruction:1,scene_28_24,5102221886,RoadObstruction-Cone,43.48523531575932,93.84686563979018,0.0,0,1
101,101:2,RoadObstruction:1,scene_28_24,5102221886,RoadObstruction-Cone,43.48523531575932,93.84686563979018,0.5,0,220
101,101:3,RoadObstruction:13,scene_28_24,5102221886,RoadObstruction-Cone,20.140824135590446,-102.21815442142584,0.0,0,37
101,101:3,RoadObstruction:13,scene_28_24,5102221886,RoadObstruction-Cone,20.140824135590446,-102.21815442142584,0.5,0,898
101,101:4,RoadObstruction:3,scene_28_24,5102221886,RoadObstruction-Cone,18.454525761600006,-97.67145568803492,0.0,0,9
101,101:4,RoadObstruction:3,scene_28_24,5102221886,RoadObstruction-Cone,18.454525761600006,-97.67145568803492,0.5,0,516
101,101:5,Vehicle:1,scene_28_24,5102221886,Vehicle-SemiTruck-Cab,16.361073811873084,-12.926126102243813,0.0,76,60692
101,101:5,Vehicle:1,scene_28_24,5102221886,Vehicle-SemiTruck-Cab,16.361073811873084,-12.926126102243813,0.5,84,72868
101,101:6,Vehicle:10,scene_28_24,5102221886,Vehicle-SemiTruck-Trailer,38.85651706694765,67.77332006702936,0.0,8,2200
101,101:6,Vehicle:10,scene_28_24,5102221886,Vehicle-SemiTruck-Trailer,38.85651706694765,67.77332006702936,0.5,10,4852
101,101:7,Vehicle:11,scene_28_24,5102221886,Vehicle-SemiTruck-Trailer,41.010672408381886,72.30204340584015,0.0,3,1005
101,101:7,Vehicle:11,scene_28_24,5102221886,Vehicle-SemiTruck-Trailer,41.010672408381886,72.30204340584015,0.5,5,2493
101,101:8,Vehicle:12,scene_28_24,5102221886,Vehicle-SemiTruck-Trailer,43.0288248183188,76.21302265629247,0.0,3,463
101,101:8,Vehicle:12,scene_28_24,5102221886,Vehicle-SemiTruck-Trailer,43.0288248183188,76.21302265629247,0.5,9,1752
101,101:9,Vehicle:13,scene_28_24,5102221886,Vehicle-SemiTruck-Trailer,45.1475932545068,79.97377540180662,0.0,3,1554
101,101:9,Vehicle:13,scene_28_24,5102221886,Vehicle-SemiTruck-Trailer,45.1475932545068,79.97377540180662,0.5,7,2228
101,101:11,Vehicle:2,scene_28_24,5102221886,Vehicle-SemiTruck-Cab,9.587154592244044,-49.231013580742335,0.0,22,31761
101,101:11,Vehicle:2,scene_28_24,5102221886,Vehicle-SemiTruck-Cab,9.587154592244044,-49.231013580742335,0.5,28,37593
101,101:12,Vehicle:3,scene_28_24,5102221886,Vehicle-SemiTruck-Cab,10.393792763560974,-71.74287008290102,0.0,22,15839
101,101:12,Vehicle:3,scene_28_24,5102221886,Vehicle-SemiTruck-Cab,10.393792763560974,-71.74287008290102,0.5,26,17616
101,101:13,Vehicle:4,scene_28_24,5102221886,Vehicle-SemiTruck-Cab,15.398099910922461,-111.25900758404848,0.0,20,15685
101,101:13,Vehicle:4,scene_28_24,5102221886,Vehicle-SemiTruck-Cab,15.398099910922461,-111.25900758404848,0.5,24,19693
101,101:14,Vehicle:5,scene_28_24,5102221886,Vehicle-SemiTruck-Cab,18.213940254692325,-121.68950846134693,0.0,16,7952
101,101:14,Vehicle:5,scene_28_24,5102221886,Vehicle-SemiTruck-Cab,18.213940254692325,-121.68950846134693,0.5,19,8619
101,101:15,Vehicle:6,scene_28_24,5102221886,Vehicle-SemiTruck-Cab,22.600609713615786,-1.6279471760219324,0.0,44,33147
101,101:15,Vehicle:6,scene_28_24,5102221886,Vehicle-SemiTruck-Cab,22.600609713615786,-1.6279471760219324,0.5,52,74517
101,101:16,Vehicle:7,scene_28_24,5102221886,Vehicle-SemiTruck-Cab,29.68974816435511,5.18472286544143,0.0,31,28412
101,101:16,Vehicle:7,scene_28_24,5102221886,Vehicle-SemiTruck-Cab,29.68974816435511,5.18472286544143,0.5,40,35299
101,101:17,Vehicle:8,scene_28_24,5102221886,Vehicle-SemiTruck-Cab,46.97705266232293,90.63299202191878,0.0,7,1193
101,101:17,Vehicle:8,scene_28_24,5102221886,Vehicle-SemiTruck-Cab,46.97705266232293,90.63299202191878,0.5,8,2673
101,101:18,Vehicle:9,scene_28_24,5102221886,Vehicle-SemiTruck-Trailer,36.13238286902107,57.52242002872622,0.0,6,871
101,101:18,Vehicle:9,scene_28_24,5102221886,Vehicle-SemiTruck-Trailer,36.13238286902107,57.52242002872622,0.5,7,1632
113,113:0,RoadDebris:1,scene_28_24,5702126436,RoadDebris,38.37904176320211,106.31227374433801,0.0,0,920
113,113:0,RoadDebris:1,scene_28_24,5702126436,RoadDebris,38.37904176320211,106.31227374433801,0.5,3,1191
113,113:1,RoadDebris:2,scene_28_24,5702126436,RoadDebris,39.30809723864877,102.58561096007777,0.0,1,1143
113,113:1,RoadDebris:2,scene_28_24,5702126436,RoadDebris,39.30809723864877,102.58561096007777,0.5,1,1652
113,113:2,RoadObstruction:1,scene_28_24,5702126436,RoadObstruction-Cone,43.20588443661934,87.25193092995178,0.0,0,5
113,113:2,RoadObstruction:1,scene_28_24,5702126436,RoadObstruction-Cone,43.20588443661934,87.25193092995178,0.5,0,224
113,113:3,RoadObstruction:13,scene_28_24,5702126436,RoadObstruction-Cone,20.939496546586344,-114.46144366654408,0.0,0,49
113,113:3,RoadObstruction:13,scene_28_24,5702126436,RoadObstruction-Cone,20.939496546586344,-114.46144366654408,0.5,0,726
113,113:4,RoadObstruction:3,scene_28_24,5702126436,RoadObstruction-Cone,19.153738118082458,-110.59433295400692,0.0,0,0
113,113:4,RoadObstruction:3,scene_28_24,5702126436,RoadObstruction-Cone,19.153738118082458,-110.59433295400692,0.5,0,8
113,113:5,Vehicle:1,scene_28_24,5702126436,Vehicle-SemiTruck-Cab,15.16005030908318,-25.02883089021341,0.0,73,25865
113,113:5,Vehicle:1,scene_28_24,5702126436,Vehicle-SemiTruck-Cab,15.16005030908318,-25.02883089021341,0.5,86,32685
113,113:6,Vehicle:10,scene_28_24,5702126436,Vehicle-SemiTruck-Trailer,37.94765496518286,60.910831132125615,0.0,4,1704
113,113:6,Vehicle:10,scene_28_24,5702126436,Vehicle-SemiTruck-Trailer,37.94765496518286,60.910831132125615,0.5,7,4413
113,113:7,Vehicle:11,scene_28_24,5702126436,Vehicle-SemiTruck-Trailer,40.10965564510668,65.44682940757048,0.0,4,1155
113,113:7,Vehicle:11,scene_28_24,5702126436,Vehicle-SemiTruck-Trailer,40.10965564510668,65.44682940757048,0.5,7,2708
113,113:8,Vehicle:12,scene_28_24,5702126436,Vehicle-SemiTruck-Trailer,42.261698583128556,69.38263691377445,0.0,4,484
113,113:8,Vehicle:12,scene_28_24,5702126436,Vehicle-SemiTruck-Trailer,42.261698583128556,69.38263691377445,0.5,9,1902
113,113:9,Vehicle:13,scene_28_24,5702126436,Vehicle-SemiTruck-Trailer,44.462995536093466,73.15342664932389,0.0,6,1589
113,113:9,Vehicle:13,scene_28_24,5702126436,Vehicle-SemiTruck-Trailer,44.462995536093466,73.15342664932389,0.5,9,2231
113,113:11,Vehicle:2,scene_28_24,5702126436,Vehicle-SemiTruck-Cab,9.08549896640016,-66.93879702256547,0.0,21,37742
113,113:11,Vehicle:2,scene_28_24,5702126436,Vehicle-SemiTruck-Cab,9.08549896640016,-66.93879702256547,0.5,26,43211
113,113:12,Vehicle:3,scene_28_24,5702126436,Vehicle-SemiTruck-Cab,10.491806725722226,-88.59238572469413,0.0,27,23859
113,113:12,Vehicle:3,scene_28_24,5702126436,Vehicle-SemiTruck-Cab,10.491806725722226,-88.59238572469413,0.5,30,24513
113,113:13,Vehicle:4,scene_28_24,5702126436,Vehicle-SemiTruck-Cab,16.43301370500456,-124.05184101483728,0.0,16,13554
113,113:13,Vehicle:4,scene_28_24,5702126436,Vehicle-SemiTruck-Cab,16.43301370500456,-124.05184101483728,0.5,18,16153
113,113:14,Vehicle:5,scene_28_24,5702126436,Vehicle-SemiTruck-Cab,19.39802009512909,-133.35732077165827,0.0,12,6362
113,113:14,Vehicle:5,scene_28_24,5702126436,Vehicle-SemiTruck-Cab,19.39802009512909,-133.35732077165827,0.5,14,7015
113,113:15,Vehicle:6,scene_28_24,5702126436,Vehicle-SemiTruck-Cab,21.186569505824096,-12.137320991727965,0.0,46,43637
113,113:15,Vehicle:6,scene_28_24,5702126436,Vehicle-SemiTruck-Cab,21.186569505824096,-12.137320991727965,0.5,54,63147
113,113:16,Vehicle:7,scene_28_24,5702126436,Vehicle-SemiTruck-Cab,28.209465003924112,-4.218634394788311,0.0,29,33600
113,113:16,Vehicle:7,scene_28_24,5702126436,Vehicle-SemiTruck-Cab,28.209465003924112,-4.218634394788311,0.5,41,41081
113,113:17,Vehicle:8,scene_28_24,5702126436,Vehicle-SemiTruck-Cab,46.531586412590684,83.87133368367424,0.0,11,1398
113,113:17,Vehicle:8,scene_28_24,5702126436,Vehicle-SemiTruck-Cab,46.531586412590684,83.87133368367424,0.5,14,2833
113,113:18,Vehicle:9,scene_28_24,5702126436,Vehicle-SemiTruck-Trailer,35.01857041025537,50.38628485117562,0.0,8,1129
113,113:18,Vehicle:9,scene_28_24,5702126436,Vehicle-SemiTruck-Trailer,35.01857041025537,50.38628485117562,0.5,13,2121
123,123:0,RoadDebris:1,scene_28_24,6202112011,RoadDebris,38.425023319705815,100.87551111120403,0.0,1,777
123,123:0,RoadDebris:1,scene_28_24,6202112011,RoadDebris,38.425023319705815,100.87551111120403,0.5,3,1081
123,123:1,RoadDebris:2,scene_28_24,6202112011,RoadDebris,39.25180023974891,97.06873211206423,0.0,1,1068
123,123:1,RoadDebris:2,scene_28_24,6202112011,RoadDebris,39.25180023974891,97.06873211206423,0.5,1,1530
123,123:2,RoadObstruction:1,scene_28_24,6202112011,RoadObstruction-Cone,42.82408660998791,81.50592474250071,0.0,0,2
123,123:2,RoadObstruction:1,scene_28_24,6202112011,RoadObstruction-Cone,42.82408660998791,81.50592474250071,0.5,0,151
123,123:3,TrafficSign:2,scene_28_24,6202112011,TrafficSign,112.1430559245427,91.81526845587132,0.0,0,6
123,123:3,TrafficSign:2,scene_28_24,6202112011,TrafficSign,112.1430559245427,91.81526845587132,0.5,0,44
123,123:4,Vehicle:1,scene_28_24,6202112011,Vehicle-SemiTruck-Cab,14.18015878764473,-36.2436717648534,0.0,59,25394
123,123:4,Vehicle:1,scene_28_24,6202112011,Vehicle-SemiTruck-Cab,14.18015878764473,-36.2436717648534,0.5,67,31409
123,123:5,Vehicle:10,scene_28_24,6202112011,Vehicle-SemiTruck-Trailer,37.0480584860364,54.857448331411334,0.0,2,1235
123,123:5,Vehicle:10,scene_28_24,6202112011,Vehicle-SemiTruck-Trailer,37.0480584860364,54.857448331411334,0.5,3,3313
123,123:6,Vehicle:11,scene_28_24,6202112011,Vehicle-SemiTruck-Trailer,39.227214682850715,59.51854508956022,0.0,4,1111
123,123:6,Vehicle:11,scene_28_24,6202112011,Vehicle-SemiTruck-Trailer,39.227214682850715,59.51854508956022,0.5,8,2283
123,123:7,Vehicle:12,scene_28_24,6202112011,Vehicle-SemiTruck-Trailer,41.48697750738648,63.481559671927826,0.0,5,569
123,123:7,Vehicle:12,scene_28_24,6202112011,Vehicle-SemiTruck-Trailer,41.48697750738648,63.481559671927826,0.5,9,1983
123,123:8,Vehicle:13,scene_28_24,6202112011,Vehicle-SemiTruck-Trailer,43.77687190962346,67.2740945479754,0.0,5,1657
123,123:8,Vehicle:13,scene_28_24,6202112011,Vehicle-SemiTruck-Trailer,43.77687190962346,67.2740945479754,0.5,10,2409
123,123:10,Vehicle:2,scene_28_24,6202112011,Vehicle-SemiTruck-Cab,9.048126164941834,-82.79540524029267,0.0,25,40839
123,123:10,Vehicle:2,scene_28_24,6202112011,Vehicle-SemiTruck-Cab,9.048126164941834,-82.79540524029267,0.5,33,47009
123,123:11,Vehicle:3,scene_28_24,6202112011,Vehicle-SemiTruck-Cab,10.889338184318921,-102.94277196821018,0.0,31,23199
123,123:11,Vehicle:3,scene_28_24,6202112011,Vehicle-SemiTruck-Cab,10.889338184318921,-102.94277196821018,0.5,34,23496
123,123:12,Vehicle:4,scene_28_24,6202112011,Vehicle-SemiTruck-Cab,17.512931739602863,-134.57551437459364,0.0,15,11309
123,123:12,Vehicle:4,scene_28_24,6202112011,Vehicle-SemiTruck-Cab,17.512931739602863,-134.57551437459364,0.5,18,14433
123,123:13,Vehicle:5,scene_28_24,6202112011,Vehicle-SemiTruck-Cab,20.63109218643276,-142.88417960437235,0.0,10,10206
123,123:13,Vehicle:5,scene_28_24,6202112011,Vehicle-SemiTruck-Cab,20.63109218643276,-142.88417960437235,0.5,15,10818
123,123:14,Vehicle:6,scene_28_24,6202112011,Vehicle-SemiTruck-Cab,20.00012512350741,-21.751075909260635,0.0,54,21654
123,123:14,Vehicle:6,scene_28_24,6202112011,Vehicle-SemiTruck-Cab,20.00012512350741,-21.751075909260635,0.5,61,26248
123,123:15,Vehicle:7,scene_28_24,6202112011,Vehicle-SemiTruck-Cab,26.9028383160539,-12.769184925873846,0.0,32,33069
123,123:15,Vehicle:7,scene_28_24,6202112011,Vehicle-SemiTruck-Cab,26.9028383160539,-12.769184925873846,0.5,45,35622
123,123:16,Vehicle:8,scene_28_24,6202112011,Vehicle-SemiTruck-Cab,46.03436265035035,78.02936587127878,0.0,4,1317
123,123:16,Vehicle:8,scene_28_24,6202112011,Vehicle-SemiTruck-Cab,46.03436265035035,78.02936587127878,0.5,9,2436
123,123:17,Vehicle:9,scene_28_24,6202112011,Vehicle-SemiTruck-Trailer,33.95369141120339,44.172952562667525,0.0,11,1438
123,123:17,Vehicle:9,scene_28_24,6202112011,Vehicle-SemiTruck-Trailer,33.95369141120339,44.172952562667525,0.5,15,2736
123,123:18,RoadObstruction:3,scene_28_24,6202112011,RoadObstruction-Cone,20.155231252472028,-121.72396868764646,0.0,0,0
123,123:18,RoadObstruction:3,scene_28_24,6202112011,RoadObstruction-Cone,20.155231252472028,-121.72396868764646,0.5,0,0
133,133:0,RoadDebris:1,scene_28_24,6702088261,RoadDebris,38.339187710696145,94.73999046500155,0.0,1,1004
133,133:0,RoadDebris:1,scene_28_24,6702088261,RoadDebris,38.339187710696145,94.73999046500155,0.5,3,1186
133,133:1,RoadDebris:2,scene_28_24,6702088261,RoadDebris,39.09571543920806,90.8905642493612,0.0,0,1101
133,133:1,RoadDebris:2,scene_28_24,6702088261,RoadDebris,39.09571543920806,90.8905642493612,0.5,0,1614
133,133:2,RoadObstruction:1,scene_28_24,6702088261,RoadObstruction-Cone,42.243996211982875,74.98228134126266,0.0,0,1
133,133:2,RoadObstruction:1,scene_28_24,6702088261,RoadObstruction-Cone,42.243996211982875,74.98228134126266,0.5,0,118
133,133:3,TrafficSign:2,scene_28_24,6702088261,TrafficSign,111.78583863251008,84.16553576378539,0.0,0,6
133,133:3,TrafficSign:2,scene_28_24,6702088261,TrafficSign,111.78583863251008,84.16553576378539,0.5,0,37
133,133:4,Vehicle:1,scene_28_24,6702088261,Vehicle-SemiTruck-Cab,13.277413744848415,-50.1809646342656,0.0,42,17599
133,133:4,Vehicle:1,scene_28_24,6702088261,Vehicle-SemiTruck-Cab,13.277413744848415,-50.1809646342656,0.5,45,20465
133,133:5,Vehicle:10,scene_28_24,6702088261,Vehicle-SemiTruck-Trailer,35.84656219453513,47.885772824881755,0.0,5,1182
133,133:5,Vehicle:10,scene_28_24,6702088261,Vehicle-SemiTruck-Trailer,35.84656219453513,47.885772824881755,0.5,10,2657
133,133:6,Vehicle:11,scene_28_24,6702088261,Vehicle-SemiTruck-Trailer,38.07342104885963,52.689577757036595,0.0,4,1234
133,133:6,Vehicle:11,scene_28_24,6702088261,Vehicle-SemiTruck-Trailer,38.07342104885963,52.689577757036595,0.5,6,2221
133,133:7,Vehicle:12,scene_28_24,6702088261,Vehicle-SemiTruck-Trailer,40.44168594694529,56.68493958564574,0.0,2,489
133,133:7,Vehicle:12,scene_28_24,6702088261,Vehicle-SemiTruck-Trailer,40.44168594694529,56.68493958564574,0.5,9,1703
133,133:8,Vehicle:13,scene_28_24,6702088261,Vehicle-SemiTruck-Trailer,42.81702076582393,60.488875374521285,0.0,4,1207
133,133:8,Vehicle:13,scene_28_24,6702088261,Vehicle-SemiTruck-Trailer,42.81702076582393,60.488875374521285,0.5,6,2038
133,133:10,Vehicle:2,scene_28_24,6702088261,Vehicle-SemiTruck-Cab,9.503761900186692,-100.58243976606536,0.0,27,42159
133,133:10,Vehicle:2,scene_28_24,6702088261,Vehicle-SemiTruck-Cab,9.503761900186692,-100.58243976606536,0.5,34,47275
133,133:11,Vehicle:3,scene_28_24,6702088261,Vehicle-SemiTruck-Cab,11.729509026144239,-118.14363821350607,0.0,22,17459
133,133:11,Vehicle:3,scene_28_24,6702088261,Vehicle-SemiTruck-Cab,11.729509026144239,-118.14363821350607,0.5,25,17748
133,133:12,Vehicle:4,scene_28_24,6702088261,Vehicle-SemiTruck-Cab,18.9225055515298,-145.57192522496524,0.0,20,27794
133,133:12,Vehicle:4,scene_28_24,6702088261,Vehicle-SemiTruck-Cab,18.9225055515298,-145.57192522496524,0.5,23,31367
133,133:13,Vehicle:5,scene_28_24,6702088261,Vehicle-SemiTruck-Cab,22.2048094252325,-152.85135775709057,0.0,12,12751
133,133:13,Vehicle:5,scene_28_24,6702088261,Vehicle-SemiTruck-Cab,22.2048094252325,-152.85135775709057,0.5,13,13524
133,133:14,Vehicle:6,scene_28_24,6702088261,Vehicle-SemiTruck-Cab,18.789752677327407,-33.39377129814296,0.0,47,20630
133,133:14,Vehicle:6,scene_28_24,6702088261,Vehicle-SemiTruck-Cab,18.789752677327407,-33.39377129814296,0.5,64,24643
133,133:15,Vehicle:7,scene_28_24,6702088261,Vehicle-SemiTruck-Cab,25.481288163855698,-23.081448548912487,0.0,23,6458
133,133:15,Vehicle:7,scene_28_24,6702088261,Vehicle-SemiTruck-Cab,25.481288163855698,-23.081448548912487,0.5,35,7941
133,133:16,Vehicle:8,scene_28_24,6702088261,Vehicle-SemiTruck-Cab,45.35811735611736,71.32168400386333,0.0,8,1205
133,133:16,Vehicle:8,scene_28_24,6702088261,Vehicle-SemiTruck-Cab,45.35811735611736,71.32168400386333,0.5,10,2383
133,133:17,Vehicle:9,scene_28_24,6702088261,Vehicle-SemiTruck-Trailer,32.56820111540083,37.00621030917495,0.0,13,2524
133,133:17,Vehicle:9,scene_28_24,6702088261,Vehicle-SemiTruck-Trailer,32.56820111540083,37.00621030917495,0.5,18,4472
133,133:18,RoadObstruction:3,scene_28_24,6702088261,RoadObstruction-Cone,21.50321579468248,-133.43929506143448,0.0,0,0
133,133:18,RoadObstruction:3,scene_28_24,6702088261,RoadObstruction-Cone,21.50321579468248,-133.43929506143448,0.5,0,0
143,143:0,RoadDebris:1,scene_28_24,7202073186,RoadDebris,38.03345808079193,88.28301832553358,0.0,0,993
143,143:0,RoadDebris:1,scene_28_24,7202073186,RoadDebris,38.03345808079193,88.28301832553358,0.5,6,1197
143,143:1,RoadDebris:2,scene_28_24,7202073186,RoadDebris,38.757471336923984,84.37528742403629,0.0,1,1061
143,143:1,RoadDebris:2,scene_28_24,7202073186,RoadDebris,38.757471336923984,84.37528742403629,0.5,1,1699
143,143:2,RoadObstruction:1,scene_28_24,7202073186,RoadObstruction-Cone,41.386636802458895,68.06176465123905,0.0,0,2
143,143:2,RoadObstruction:1,scene_28_24,7202073186,RoadObstruction-Cone,41.386636802458895,68.06176465123905,0.5,0,137
143,143:3,TrafficSign:2,scene_28_24,7202073186,TrafficSign,111.05177541825098,76.0853725380803,0.0,0,6
143,143:3,TrafficSign:2,scene_28_24,7202073186,TrafficSign,111.05177541825098,76.0853725380803,0.5,0,35
143,143:4,Vehicle:1,scene_28_24,7202073186,Vehicle-SemiTruck-Cab,12.710876684304008,-66.19352676315205,0.0,27,19921
143,143:4,Vehicle:1,scene_28_24,7202073186,Vehicle-SemiTruck-Cab,12.710876684304008,-66.19352676315205,0.5,27,22784
143,143:5,Vehicle:10,scene_28_24,7202073186,Vehicle-SemiTruck-Trailer,34.38725766958681,40.34079204052822,0.0,8,1420
143,143:5,Vehicle:10,scene_28_24,7202073186,Vehicle-SemiTruck-Trailer,34.38725766958681,40.34079204052822,0.5,13,2407
143,143:6,Vehicle:11,scene_28_24,7202073186,Vehicle-SemiTruck-Trailer,36.68436219284042,45.23093812531806,0.0,2,979
143,143:6,Vehicle:11,scene_28_24,7202073186,Vehicle-SemiTruck-Trailer,36.68436219284042,45.23093812531806,0.5,7,1805
143,143:7,Vehicle:12,scene_28_24,7202073186,Vehicle-SemiTruck-Trailer,39.118059917223114,49.26224479258097,0.0,4,552
143,143:7,Vehicle:12,scene_28_24,7202073186,Vehicle-SemiTruck-Trailer,39.118059917223114,49.26224479258097,0.5,8,1466
143,143:8,Vehicle:13,scene_28_24,7202073186,Vehicle-SemiTruck-Trailer,41.545511001548626,53.09011614885499,0.0,3,1044
143,143:8,Vehicle:13,scene_28_24,7202073186,Vehicle-SemiTruck-Trailer,41.545511001548626,53.09011614885499,0.5,7,1317
143,143:10,Vehicle:2,scene_28_24,7202073186,Vehicle-SemiTruck-Cab,10.442748627779325,-117.96726925406155,0.0,26,35884
143,143:10,Vehicle:2,scene_28_24,7202073186,Vehicle-SemiTruck-Cab,10.442748627779325,-117.96726925406155,0.5,32,42848
143,143:11,Vehicle:3,scene_28_24,7202073186,Vehicle-SemiTruck-Cab,12.961095896461295,-132.45590608640498,0.0,24,17059
143,143:11,Vehicle:3,scene_28_24,7202073186,Vehicle-SemiTruck-Cab,12.961095896461295,-132.45590608640498,0.5,25,17368
143,143:12,Vehicle:4,scene_28_24,7202073186,Vehicle-SemiTruck-Cab,20.551033297156007,-156.0715974330078,0.0,13,26214
143,143:12,Vehicle:4,scene_28_24,7202073186,Vehicle-SemiTruck-Cab,20.551033297156007,-156.0715974330078,0.5,17,29094
143,143:13,Vehicle:5,scene_28_24,7202073186,Vehicle-SemiTruck-Cab,23.853664732796016,-162.71393877632275,0.0,8,8905
143,143:13,Vehicle:5,scene_28_24,7202073186,Vehicle-SemiTruck-Cab,23.853664732796016,-162.71393877632275,0.5,9,9438
143,143:14,Vehicle:6,scene_28_24,7202073186,Vehicle-SemiTruck-Cab,17.783407492545443,-46.574645260292776,0.0,44,14862
143,143:14,Vehicle:6,scene_28_24,7202073186,Vehicle-SemiTruck-Cab,17.783407492545443,-46.574645260292776,0.5,55,20190
143,143:15,Vehicle:7,scene_28_24,7202073186,Vehicle-SemiTruck-Cab,24.16332518527601,-34.63992350497627,0.0,18,8095
143,143:15,Vehicle:7,scene_28_24,7202073186,Vehicle-SemiTruck-Cab,24.16332518527601,-34.63992350497627,0.5,26,9759
143,143:16,Vehicle:8,scene_28_24,7202073186,Vehicle-SemiTruck-Cab,44.44933953582276,64.0509102483241,0.0,4,998
143,143:16,Vehicle:8,scene_28_24,7202073186,Vehicle-SemiTruck-Cab,44.44933953582276,64.0509102483241,0.5,11,2170
143,143:17,Vehicle:9,scene_28_24,7202073186,Vehicle-SemiTruck-Trailer,30.95741253341402,29.166238361289718,0.0,10,3195
143,143:17,Vehicle:9,scene_28_24,7202073186,Vehicle-SemiTruck-Trailer,30.95741253341402,29.166238361289718,0.5,17,5805
143,143:18,RoadObstruction:3,scene_28_24,7202073186,RoadObstruction-Cone,23.113017411973566,-144.78015815359774,0.0,0,0
143,143:18,RoadObstruction:3,scene_28_24,7202073186,RoadObstruction-Cone,23.113017411973566,-144.78015815359774,0.5,0,0
153,153:0,RoadDebris:1,scene_28_24,7702216536,RoadDebris,37.57310682368478,82.30222768160527,0.0,2,912
153,153:0,RoadDebris:1,scene_28_24,7702216536,RoadDebris,37.57310682368478,82.30222768160527,0.5,4,1135
153,153:1,RoadDebris:2,scene_28_24,7702216536,RoadDebris,38.22822595868848,78.30090254352756,0.0,1,899
153,153:1,RoadDebris:2,scene_28_24,7702216536,RoadDebris,38.22822595868848,78.30090254352756,0.5,1,1478
153,153:2,RoadObstruction:1,scene_28_24,7702216536,RoadObstruction-Cone,40.346207446095605,61.48293804604016,0.0,0,5
153,153:2,RoadObstruction:1,scene_28_24,7702216536,RoadObstruction-Cone,40.346207446095605,61.48293804604016,0.5,0,130
153,153:3,TrafficSign:2,scene_28_24,7702216536,TrafficSign,110.21306808597019,68.36075753646345,0.0,0,10
153,153:3,TrafficSign:2,scene_28_24,7702216536,TrafficSign,110.21306808597019,68.36075753646345,0.5,0,92
153,153:4,Vehicle:1,scene_28_24,7702216536,Vehicle-SemiTruck-Cab,12.515711378026335,-82.71694317761171,0.0,36,17526
153,153:4,Vehicle:1,scene_28_24,7702216536,Vehicle-SemiTruck-Cab,12.515711378026335,-82.71694317761171,0.5,36,19585
153,153:5,Vehicle:10,scene_28_24,7702216536,Vehicle-SemiTruck-Trailer,32.85000088308754,33.16218458566528,0.0,6,1332
153,153:5,Vehicle:10,scene_28_24,7702216536,Vehicle-SemiTruck-Trailer,32.85000088308754,33.16218458566528,0.5,13,2646
153,153:6,Vehicle:11,scene_28_24,7702216536,Vehicle-SemiTruck-Trailer,35.175744290846225,38.06725071715981,0.0,2,648
153,153:6,Vehicle:11,scene_28_24,7702216536,Vehicle-SemiTruck-Trailer,35.175744290846225,38.06725071715981,0.5,6,1710
153,153:7,Vehicle:12,scene_28_24,7702216536,Vehicle-SemiTruck-Trailer,37.62079814574396,42.13801115958837,0.0,3,501
153,153:7,Vehicle:12,scene_28_24,7702216536,Vehicle-SemiTruck-Trailer,37.62079814574396,42.13801115958837,0.5,4,1463
153,153:8,Vehicle:13,scene_28_24,7702216536,Vehicle-SemiTruck-Trailer,40.08545145545519,45.98804832666445,0.0,5,829
153,153:8,Vehicle:13,scene_28_24,7702216536,Vehicle-SemiTruck-Trailer,40.08545145545519,45.98804832666445,0.5,7,1443
153,153:10,Vehicle:2,scene_28_24,7702216536,Vehicle-SemiTruck-Cab,11.69089744282606,-133.12139398677786,0.0,22,50638
153,153:10,Vehicle:2,scene_28_24,7702216536,Vehicle-SemiTruck-Cab,11.69089744282606,-133.12139398677786,0.5,27,56625
153,153:11,Vehicle:3,scene_28_24,7702216536,Vehicle-SemiTruck-Cab,14.48533421811232,-144.88262868377416,0.0,14,28515
153,153:11,Vehicle:3,scene_28_24,7702216536,Vehicle-SemiTruck-Cab,14.48533421811232,-144.88262868377416,0.5,14,28817
153,153:12,Vehicle:4,scene_28_24,7702216536,Vehicle-SemiTruck-Cab,22.287439289647757,-165.5578490831837,0.0,22,20355
153,153:12,Vehicle:4,scene_28_24,7702216536,Vehicle-SemiTruck-Cab,22.287439289647757,-165.5578490831837,0.5,26,22243
153,153:13,Vehicle:5,scene_28_24,7702216536,Vehicle-SemiTruck-Cab,25.459443338942762,-171.89688504291536,0.0,7,6509
153,153:13,Vehicle:5,scene_28_24,7702216536,Vehicle-SemiTruck-Cab,25.459443338942762,-171.89688504291536,0.5,12,6692
153,153:14,Vehicle:6,scene_28_24,7702216536,Vehicle-SemiTruck-Cab,16.99994723024408,-60.18481154510059,0.0,24,13244
153,153:14,Vehicle:6,scene_28_24,7702216536,Vehicle-SemiTruck-Cab,16.99994723024408,-60.18481154510059,0.5,27,18534
153,153:15,Vehicle:7,scene_28_24,7702216536,Vehicle-SemiTruck-Cab,23.010180417924282,-46.48042301102425,0.0,15,8877
153,153:15,Vehicle:7,scene_28_24,7702216536,Vehicle-SemiTruck-Cab,23.010180417924282,-46.48042301102425,0.5,21,10731
153,153:16,Vehicle:8,scene_28_24,7702216536,Vehicle-SemiTruck-Cab,43.31926129586515,57.16030773905437,0.0,4,951
153,153:16,Vehicle:8,scene_28_24,7702216536,Vehicle-SemiTruck-Cab,43.31926129586515,57.16030773905437,0.5,12,1943
153,153:17,Vehicle:9,scene_28_24,7702216536,Vehicle-SemiTruck-Trailer,29.238837831220575,21.47557243920217,0.0,16,5750
153,153:17,Vehicle:9,scene_28_24,7702216536,Vehicle-SemiTruck-Trailer,29.238837831220575,21.47557243920217,0.5,25,9875
153,153:18,RoadObstruction:3,scene_28_24,7702216536,RoadObstruction-Cone,24.887669640586424,-154.9183247170357,0.0,0,0
153,153:18,RoadObstruction:3,scene_28_24,7702216536,RoadObstruction-Cone,24.887669640586424,-154.9183247170357,0.5,0,0
163,163:0,RoadDebris:1,scene_28_24,8202202086,RoadDebris,37.000432765433985,76.78323657409696,0.0,2,796
163,163:0,RoadDebris:1,scene_28_24,8202202086,RoadDebris,37.000432765433985,76.78323657409696,0.5,4,1077
163,163:1,RoadDebris:2,scene_28_24,8202202086,RoadDebris,37.53493115467975,72.67813817191019,0.0,0,821
163,163:1,RoadDebris:2,scene_28_24,8202202086,RoadDebris,37.53493115467975,72.67813817191019,0.5,2,1344
163,163:2,RoadObstruction:1,scene_28_24,8202202086,RoadObstruction-Cone,39.18274221116205,55.205550465132234,0.0,0,9
163,163:2,RoadObstruction:1,scene_28_24,8202202086,RoadObstruction-Cone,39.18274221116205,55.205550465132234,0.5,2,259
163,163:3,TrafficSign:2,scene_28_24,8202202086,TrafficSign,109.25790230933292,60.82271399311728,0.0,0,15
163,163:3,TrafficSign:2,scene_28_24,8202202086,TrafficSign,109.25790230933292,60.82271399311728,0.5,0,100
163,163:4,Vehicle:1,scene_28_24,8202202086,Vehicle-SemiTruck-Cab,12.757507363904795,-98.90183431369756,0.0,32,16721
163,163:4,Vehicle:1,scene_28_24,8202202086,Vehicle-SemiTruck-Cab,12.757507363904795,-98.90183431369756,0.5,33,18680
163,163:5,Vehicle:10,scene_28_24,8202202086,Vehicle-SemiTruck-Trailer,31.21844553886655,26.168296528142896,0.0,6,1342
163,163:5,Vehicle:10,scene_28_24,8202202086,Vehicle-SemiTruck-Trailer,31.21844553886655,26.168296528142896,0.5,19,3013
163,163:6,Vehicle:11,scene_28_24,8202202086,Vehicle-SemiTruck-Trailer,33.54554936371373,31.172767956188284,0.0,8,851
163,163:6,Vehicle:11,scene_28_24,8202202086,Vehicle-SemiTruck-Trailer,33.54554936371373,31.172767956188284,0.5,17,2238
163,163:7,Vehicle:12,scene_28_24,8202202086,Vehicle-SemiTruck-Trailer,36.02241009556461,35.348645097513206,0.0,3,812
163,163:7,Vehicle:12,scene_28_24,8202202086,Vehicle-SemiTruck-Trailer,36.02241009556461,35.348645097513206,0.5,12,1580
163,163:8,Vehicle:13,scene_28_24,8202202086,Vehicle-SemiTruck-Trailer,38.52681799185317,39.1992669109807,0.0,8,818
163,163:8,Vehicle:13,scene_28_24,8202202086,Vehicle-SemiTruck-Trailer,38.52681799185317,39.1992669109807,0.5,15,1560
163,163:10,Vehicle:2,scene_28_24,8202202086,Vehicle-SemiTruck-Cab,13.188202482576418,-145.69536814889966,0.0,23,62527
163,163:10,Vehicle:2,scene_28_24,8202202086,Vehicle-SemiTruck-Cab,13.188202482576418,-145.69536814889966,0.5,29,67417
163,163:11,Vehicle:3,scene_28_24,8202202086,Vehicle-SemiTruck-Cab,16.218186719694184,-155.37922719678076,0.0,16,21117
163,163:11,Vehicle:3,scene_28_24,8202202086,Vehicle-SemiTruck-Cab,16.218186719694184,-155.37922719678076,0.5,18,21414
163,163:12,Vehicle:4,scene_28_24,8202202086,Vehicle-SemiTruck-Cab,24.078037993732583,-174.17938478656868,0.0,15,12420
163,163:12,Vehicle:4,scene_28_24,8202202086,Vehicle-SemiTruck-Cab,24.078037993732583,-174.17938478656868,0.5,20,13401
163,163:13,Vehicle:5,scene_28_24,8202202086,Vehicle-SemiTruck-Cab,27.16966801458051,179.89157611240464,0.0,15,2086
163,163:13,Vehicle:5,scene_28_24,8202202086,Vehicle-SemiTruck-Cab,27.16966801458051,179.89157611240464,0.5,17,2738
163,163:14,Vehicle:6,scene_28_24,8202202086,Vehicle-SemiTruck-Cab,16.550410038734153,-74.18253652887552,0.0,21,11982
163,163:14,Vehicle:6,scene_28_24,8202202086,Vehicle-SemiTruck-Cab,16.550410038734153,-74.18253652887552,0.5,25,17393
163,163:15,Vehicle:7,scene_28_24,8202202086,Vehicle-SemiTruck-Cab,22.13657226378573,-58.66222006598734,0.0,17,4121
163,163:15,Vehicle:7,scene_28_24,8202202086,Vehicle-SemiTruck-Cab,22.13657226378573,-58.66222006598734,0.5,18,5252
163,163:16,Vehicle:8,scene_28_24,8202202086,Vehicle-SemiTruck-Cab,41.91428319877814,50.7400181730391,0.0,1,775
163,163:16,Vehicle:8,scene_28_24,8202202086,Vehicle-SemiTruck-Cab,41.91428319877814,50.7400181730391,0.5,9,2018
163,163:17,Vehicle:9,scene_28_24,8202202086,Vehicle-SemiTruck-Trailer,27.44042798037093,13.812252090264902,0.0,16,14971
163,163:17,Vehicle:9,scene_28_24,8202202086,Vehicle-SemiTruck-Trailer,27.44042798037093,13.812252090264902,0.5,25,23094
163,163:18,RoadObstruction:3,scene_28_24,8202202086,RoadObstruction-Cone,26.737329297502857,-164.0192167626271,0.0,0,0
163,163:18,RoadObstruction:3,scene_28_24,8202202086,RoadObstruction-Cone,26.737329297502857,-164.0192167626271,0.5,0,0
173,173:0,RoadDebris:1,scene_28_24,8702178386,RoadDebris,36.230125576229895,71.81312319519705,0.0,2,713
173,173:0,RoadDebris:1,scene_28_24,8702178386,RoadDebris,36.230125576229895,71.81312319519705,0.5,5,878
173,173:1,RoadDebris:2,scene_28_24,8702178386,RoadDebris,36.61536122875037,67.56750911344415,0.0,0,604
173,173:1,RoadDebris:2,scene_28_24,8702178386,RoadDebris,36.61536122875037,67.56750911344415,0.5,2,1085
173,173:2,RoadObstruction:1,scene_28_24,8702178386,RoadObstruction-Cone,37.759470419947384,49.297960418463695,0.0,0,11
173,173:2,RoadObstruction:1,scene_28_24,8702178386,RoadObstruction-Cone,37.759470419947384,49.297960418463695,0.5,0,160
173,173:3,TrafficSign:2,scene_28_24,8702178386,TrafficSign,107.93618076139649,53.52837806268592,0.0,0,9
173,173:3,TrafficSign:2,scene_28_24,8702178386,TrafficSign,107.93618076139649,53.52837806268592,0.5,0,99
173,173:4,Vehicle:1,scene_28_24,8702178386,Vehicle-SemiTruck-Cab,13.496263897928053,-114.73978703360672,0.0,25,14730
173,173:4,Vehicle:1,scene_28_24,8702178386,Vehicle-SemiTruck-Cab,13.496263897928053,-114.73978703360672,0.5,27,17531
173,173:5,Vehicle:10,scene_28_24,8702178386,Vehicle-SemiTruck-Trailer,29.325680725200577,19.307270790977846,0.0,7,454
173,173:5,Vehicle:10,scene_28_24,8702178386,Vehicle-SemiTruck-Trailer,29.325680725200577,19.307270790977846,0.5,15,3122
173,173:6,Vehicle:11,scene_28_24,8702178386,Vehicle-SemiTruck-Trailer,31.660774161082173,24.537520172504586,0.0,4,860
173,173:6,Vehicle:11,scene_28_24,8702178386,Vehicle-SemiTruck-Trailer,31.660774161082173,24.537520172504586,0.5,15,2422
173,173:7,Vehicle:12,scene_28_24,8702178386,Vehicle-SemiTruck-Trailer,34.19201559023312,28.82816921095242,0.0,4,484
173,173:7,Vehicle:12,scene_28_24,8702178386,Vehicle-SemiTruck-Trailer,34.19201559023312,28.82816921095242,0.5,14,1682
173,173:8,Vehicle:13,scene_28_24,8702178386,Vehicle-SemiTruck-Trailer,36.804270794554746,32.769172822637316,0.0,13,884
173,173:8,Vehicle:13,scene_28_24,8702178386,Vehicle-SemiTruck-Trailer,36.804270794554746,32.769172822637316,0.5,19,1712
173,173:10,Vehicle:2,scene_28_24,8702178386,Vehicle-SemiTruck-Cab,15.016059864285786,-156.55136213584376,0.0,23,51445
173,173:10,Vehicle:2,scene_28_24,8702178386,Vehicle-SemiTruck-Cab,15.016059864285786,-156.55136213584376,0.5,33,55886
173,173:11,Vehicle:3,scene_28_24,8702178386,Vehicle-SemiTruck-Cab,18.177485427909634,-164.73637185206405,0.0,19,14191
173,173:11,Vehicle:3,scene_28_24,8702178386,Vehicle-SemiTruck-Cab,18.177485427909634,-164.73637185206405,0.5,20,14537
173,173:12,Vehicle:4,scene_28_24,8702178386,Vehicle-SemiTruck-Cab,26.0853798616875,178.0739433054552,0.0,19,5949
173,173:12,Vehicle:4,scene_28_24,8702178386,Vehicle-SemiTruck-Cab,26.0853798616875,178.0739433054552,0.5,27,7100
173,173:13,Vehicle:5,scene_28_24,8702178386,Vehicle-SemiTruck-Cab,29.202391795195823,172.7790836912482,0.0,14,3701
173,173:13,Vehicle:5,scene_28_24,8702178386,Vehicle-SemiTruck-Cab,29.202391795195823,172.7790836912482,0.5,17,4303
173,173:14,Vehicle:6,scene_28_24,8702178386,Vehicle-SemiTruck-Cab,16.484927789583704,-88.83279176672606,0.0,4,13451
173,173:14,Vehicle:6,scene_28_24,8702178386,Vehicle-SemiTruck-Cab,16.484927789583704,-88.83279176672606,0.5,5,19521
173,173:15,Vehicle:7,scene_28_24,8702178386,Vehicle-SemiTruck-Cab,21.524065580874236,-71.52737750570401,0.0,0,8528
173,173:15,Vehicle:7,scene_28_24,8702178386,Vehicle-SemiTruck-Cab,21.524065580874236,-71.52737750570401,0.5,0,10339
173,173:16,Vehicle:8,scene_28_24,8702178386,Vehicle-SemiTruck-Cab,40.367496680419436,44.75611535733626,0.0,9,678
173,173:16,Vehicle:8,scene_28_24,8702178386,Vehicle-SemiTruck-Cab,40.367496680419436,44.75611535733626,0.5,15,1990
173,173:17,Vehicle:9,scene_28_24,8702178386,Vehicle-SemiTruck-Trailer,25.393706770858024,6.1732340417671745,0.0,14,15316
173,173:17,Vehicle:9,scene_28_24,8702178386,Vehicle-SemiTruck-Trailer,25.393706770858024,6.1732340417671745,0.5,23,26882
173,173:18,RoadObstruction:3,scene_28_24,8702178386,RoadObstruction-Cone,28.768072701031432,-172.212724158988,0.0,0,0
173,173:18,RoadObstruction:3,scene_28_24,8702178386,RoadObstruction-Cone,28.768072701031432,-172.212724158988,0.5,0,0
183,183:0,RoadDebris:1,scene_28_24,9202163536,RoadDebris,35.2067338019604,66.73147551355852,0.0,2,728
183,183:0,RoadDebris:1,scene_28_24,9202163536,RoadDebris,35.2067338019604,66.73147551355852,0.5,4,917
183,183:1,RoadDebris:2,scene_28_24,9202163536,RoadDebris,35.41472189531549,62.248681158876195,0.0,0,590
183,183:1,RoadDebris:2,scene_28_24,9202163536,RoadDebris,35.41472189531549,62.248681158876195,0.5,1,1101
183,183:2,RoadObstruction:1,scene_28_24,9202163536,RoadObstruction-Cone,36.00896385009587,43.111140521623774,0.0,0,10
183,183:2,RoadObstruction:1,scene_28_24,9202163536,RoadObstruction-Cone,36.00896385009587,43.111140521623774,0.5,3,238
183,183:3,TrafficSign:2,scene_28_24,9202163536,TrafficSign,106.28763574361642,45.99866446964694,0.0,0,3
183,183:3,TrafficSign:2,scene_28_24,9202163536,TrafficSign,106.28763574361642,45.99866446964694,0.5,0,11
183,183:4,TrafficSign:7,scene_28_24,9202163536,TrafficSign,283.9308657869292,55.61846750738422,0.0,0,0
183,183:4,TrafficSign:7,scene_28_24,9202163536,TrafficSign,283.9308657869292,55.61846750738422,0.5,0,0
183,183:5,Vehicle:1,scene_28_24,9202163536,Vehicle-SemiTruck-Cab,14.929759007807998,-129.8939599034778,0.0,28,12476
183,183:5,Vehicle:1,scene_28_24,9202163536,Vehicle-SemiTruck-Cab,14.929759007807998,-129.8939599034778,0.5,29,15361
183,183:6,Vehicle:10,scene_28_24,9202163536,Vehicle-SemiTruck-Trailer,27.128456194338206,11.602187085644834,0.0,11,432
183,183:6,Vehicle:10,scene_28_24,9202163536,Vehicle-SemiTruck-Trailer,27.128456194338206,11.602187085644834,0.5,23,3338
183,183:7,Vehicle:11,scene_28_24,9202163536,Vehicle-SemiTruck-Trailer,29.521447221233004,17.222109912538016,0.0,12,946
183,183:7,Vehicle:11,scene_28_24,9202163536,Vehicle-SemiTruck-Trailer,29.521447221233004,17.222109912538016,0.5,24,2750
183,183:8,Vehicle:12,scene_28_24,9202163536,Vehicle-SemiTruck-Trailer,32.11494653162701,21.67251281978934,0.0,10,597
183,183:8,Vehicle:12,scene_28_24,9202163536,Vehicle-SemiTruck-Trailer,32.11494653162701,21.67251281978934,0.5,19,1934
183,183:9,Vehicle:13,scene_28_24,9202163536,Vehicle-SemiTruck-Trailer,34.791630333174396,25.761569440236773,0.0,17,1038
183,183:9,Vehicle:13,scene_28_24,9202163536,Vehicle-SemiTruck-Trailer,34.791630333174396,25.761569440236773,0.5,24,2028
183,183:11,Vehicle:2,scene_28_24,9202163536,Vehicle-SemiTruck-Cab,17.152876919873833,-166.44551076115508,0.0,18,37043
183,183:11,Vehicle:2,scene_28_24,9202163536,Vehicle-SemiTruck-Cab,17.152876919873833,-166.44551076115508,0.5,22,39209
183,183:12,Vehicle:3,scene_28_24,9202163536,Vehicle-SemiTruck-Cab,20.346095323555343,-173.81385871041613,0.0,10,7239
183,183:12,Vehicle:3,scene_28_24,9202163536,Vehicle-SemiTruck-Cab,20.346095323555343,-173.81385871041613,0.5,13,7657
183,183:13,Vehicle:4,scene_28_24,9202163536,Vehicle-SemiTruck-Cab,28.26790766297098,170.71515315649205,0.0,12,8440
183,183:13,Vehicle:4,scene_28_24,9202163536,Vehicle-SemiTruck-Cab,28.26790766297098,170.71515315649205,0.5,20,9380
183,183:14,Vehicle:5,scene_28_24,9202163536,Vehicle-SemiTruck-Cab,31.387768001061524,165.89461626469998,0.0,14,3938
183,183:14,Vehicle:5,scene_28_24,9202163536,Vehicle-SemiTruck-Cab,31.387768001061524,165.89461626469998,0.5,19,4381
183,183:15,Vehicle:6,scene_28_24,9202163536,Vehicle-SemiTruck-Cab,17.037613700044535,-104.32549854439178,0.0,31,10746
183,183:15,Vehicle:6,scene_28_24,9202163536,Vehicle-SemiTruck-Cab,17.037613700044535,-104.32549854439178,0.5,33,15316
183,183:16,Vehicle:7,scene_28_24,9202163536,Vehicle-SemiTruck-Cab,21.39428310964086,-85.69508697541606,0.0,17,7825
183,183:16,Vehicle:7,scene_28_24,9202163536,Vehicle-SemiTruck-Cab,21.39428310964086,-85.69508697541606,0.5,21,9577
183,183:17,Vehicle:8,scene_28_24,9202163536,Vehicle-SemiTruck-Cab,38.57196568699399,38.2049163936109,0.0,5,678
183,183:17,Vehicle:8,scene_28_24,9202163536,Vehicle-SemiTruck-Cab,38.57196568699399,38.2049163936109,0.5,18,1823
183,183:18,Vehicle:9,scene_28_24,9202163536,Vehicle-SemiTruck-Trailer,23.1250726599635,-2.4456443921204216,0.0,26,12357
183,183:18,Vehicle:9,scene_28_24,9202163536,Vehicle-SemiTruck-Trailer,23.1250726599635,-2.4456443921204216,0.5,35,27812
183,183:19,RoadObstruction:3,scene_28_24,9202163536,RoadObstruction-Cone,30.94064561676893,179.76733944584348,0.0,0,0
183,183:19,RoadObstruction:3,scene_28_24,9202163536,RoadObstruction-Cone,30.94064561676893,179.76733944584348,0.5,0,0
193,193:0,RoadDebris:1,scene_28_24,9702139736,RoadDebris,33.98868149327707,61.969252115311704,0.0,3,744
193,193:0,RoadDebris:1,scene_28_24,9702139736,RoadDebris,33.98868149327707,61.969252115311704,0.5,3,966
193,193:1,RoadDebris:2,scene_28_24,9702139736,RoadDebris,33.9610024786567,57.18126644676141,0.0,3,565
193,193:1,RoadDebris:2,scene_28_24,9702139736,RoadDebris,33.9610024786567,57.18126644676141,0.5,5,1198
193,193:2,RoadObstruction:1,scene_28_24,9702139736,RoadObstruction-Cone,33.9895359942071,37.15219165200106,0.0,0,11
193,193:2,RoadObstruction:1,scene_28_24,9702139736,RoadObstruction-Cone,33.9895359942071,37.15219165200106,0.5,3,304
193,193:3,TrafficSign:2,scene_28_24,9702139736,TrafficSign,104.30203837407548,38.80472534229412,0.0,0,0
193,193:3,TrafficSign:2,scene_28_24,9702139736,TrafficSign,104.30203837407548,38.80472534229412,0.5,0,3
193,193:4,TrafficSign:7,scene_28_24,9702139736,TrafficSign,282.18454266145716,47.85243924353501,0.0,0,0
193,193:4,TrafficSign:7,scene_28_24,9702139736,TrafficSign,282.18454266145716,47.85243924353501,0.5,0,0
193,193:5,Vehicle:1,scene_28_24,9702139736,Vehicle-SemiTruck-Cab,16.951082613239034,-143.35743487523746,0.0,27,23407
193,193:5,Vehicle:1,scene_28_24,9702139736,Vehicle-SemiTruck-Cab,16.951082613239034,-143.35743487523746,0.5,28,27689
193,193:6,Vehicle:10,scene_28_24,9702139736,Vehicle-SemiTruck-Trailer,24.68921029336959,3.47790192761973,0.0,10,600
193,193:6,Vehicle:10,scene_28_24,9702139736,Vehicle-SemiTruck-Trailer,24.68921029336959,3.47790192761973,0.5,23,5495
193,193:7,Vehicle:11,scene_28_24,9702139736,Vehicle-SemiTruck-Trailer,27.123146793732726,9.620845398774701,0.0,10,888
193,193:7,Vehicle:11,scene_28_24,9702139736,Vehicle-SemiTruck-Trailer,27.123146793732726,9.620845398774701,0.5,21,2982
193,193:8,Vehicle:12,scene_28_24,9702139736,Vehicle-SemiTruck-Trailer,29.779166919380383,14.403285647020784,0.0,7,322
193,193:8,Vehicle:12,scene_28_24,9702139736,Vehicle-SemiTruck-Trailer,29.779166919380383,14.403285647020784,0.5,19,1954
193,193:9,Vehicle:13,scene_28_24,9702139736,Vehicle-SemiTruck-Trailer,32.46391363720446,18.620685641990626,0.0,12,953
193,193:9,Vehicle:13,scene_28_24,9702139736,Vehicle-SemiTruck-Trailer,32.46391363720446,18.620685641990626,0.5,19,2087
193,193:11,Vehicle:2,scene_28_24,9702139736,Vehicle-SemiTruck-Cab,19.534992372044886,-175.33002761665986,0.0,24,19994
193,193:11,Vehicle:2,scene_28_24,9702139736,Vehicle-SemiTruck-Cab,19.534992372044886,-175.33002761665986,0.5,34,22905
193,193:12,Vehicle:3,scene_28_24,9702139736,Vehicle-SemiTruck-Cab,22.760294594923682,177.9055343224766,0.0,22,6426
193,193:12,Vehicle:3,scene_28_24,9702139736,Vehicle-SemiTruck-Cab,22.760294594923682,177.9055343224766,0.5,26,6817
193,193:13,Vehicle:4,scene_28_24,9702139736,Vehicle-SemiTruck-Cab,30.578098165040267,163.97346047612547,0.0,15,7518
193,193:13,Vehicle:4,scene_28_24,9702139736,Vehicle-SemiTruck-Cab,30.578098165040267,163.97346047612547,0.5,19,8298
193,193:14,Vehicle:5,scene_28_24,9702139736,Vehicle-SemiTruck-Cab,33.65376328990901,159.41546060919734,0.0,10,3676
193,193:14,Vehicle:5,scene_28_24,9702139736,Vehicle-SemiTruck-Cab,33.65376328990901,159.41546060919734,0.5,12,3896
193,193:15,Vehicle:6,scene_28_24,9702139736,Vehicle-SemiTruck-Cab,18.200557399134112,-119.53681230314919,0.0,24,9078
193,193:15,Vehicle:6,scene_28_24,9702139736,Vehicle-SemiTruck-Cab,18.200557399134112,-119.53681230314919,0.5,27,12235
193,193:16,Vehicle:7,scene_28_24,9702139736,Vehicle-SemiTruck-Cab,21.785135667941677,-100.22985980038584,0.0,8,5990
193,193:16,Vehicle:7,scene_28_24,9702139736,Vehicle-SemiTruck-Cab,21.785135667941677,-100.22985980038584,0.5,12,7496
193,193:17,Vehicle:8,scene_28_24,9702139736,Vehicle-SemiTruck-Cab,36.494008688064774,31.63211389930622,0.0,10,436
193,193:17,Vehicle:8,scene_28_24,9702139736,Vehicle-SemiTruck-Cab,36.494008688064774,31.63211389930622,0.5,22,1612
193,193:18,Vehicle:9,scene_28_24,9702139736,Vehicle-SemiTruck-Trailer,20.756648647776935,-11.875762732086283,0.0,27,5073
193,193:18,Vehicle:9,scene_28_24,9702139736,Vehicle-SemiTruck-Trailer,20.756648647776935,-11.875762732086283,0.5,36,13984
193,193:19,RoadObstruction:3,scene_28_24,9702139736,RoadObstruction-Cone,33.20522675414998,172.34257205289532,0.0,0,0
193,193:19,RoadObstruction:3,scene_28_24,9702139736,RoadObstruction-Cone,33.20522675414998,172.34257205289532,0.5,0,0
203,203:0,RoadDebris:1,scene_28_24,10202124711,RoadDebris,32.53238635871023,57.28108070799912,0.0,5,615
203,203:0,RoadDebris:1,scene_28_24,10202124711,RoadDebris,32.53238635871023,57.28108070799912,0.5,6,877
203,203:1,RoadDebris:2,scene_28_24,10202124711,RoadDebris,32.31009506971989,52.19294785218959,0.0,1,791
203,203:1,RoadDebris:2,scene_28_24,10202124711,RoadDebris,32.31009506971989,52.19294785218959,0.5,4,1323
203,203:2,RoadObstruction:1,scene_28_24,10202124711,RoadObstruction-Cone,31.811289633273002,31.24014298794029,0.0,0,9
203,203:2,RoadObstruction:1,scene_28_24,10202124711,RoadObstruction-Cone,31.811289633273002,31.24014298794029,0.5,2,340
203,203:3,TrafficSign:2,scene_28_24,10202124711,TrafficSign,102.0515260064733,31.649856918208403,0.0,0,0
203,203:3,TrafficSign:2,scene_28_24,10202124711,TrafficSign,102.0515260064733,31.649856918208403,0.5,0,2
203,203:4,TrafficSign:7,scene_28_24,10202124711,TrafficSign,280.16420614923356,40.19607371446744,0.0,0,0
203,203:4,TrafficSign:7,scene_28_24,10202124711,TrafficSign,280.16420614923356,40.19607371446744,0.5,0,0
203,203:5,Vehicle:1,scene_28_24,10202124711,Vehicle-SemiTruck-Cab,19.26921729880123,-154.5217147911006,0.0,24,27053
203,203:5,Vehicle:1,scene_28_24,10202124711,Vehicle-SemiTruck-Cab,19.26921729880123,-154.5217147911006,0.5,24,30237
203,203:6,Vehicle:10,scene_28_24,10202124711,Vehicle-SemiTruck-Trailer,22.280105977954115,-5.343728076092712,0.0,10,852
203,203:6,Vehicle:10,scene_28_24,10202124711,Vehicle-SemiTruck-Trailer,22.280105977954115,-5.343728076092712,0.5,24,11184
203,203:7,Vehicle:11,scene_28_24,10202124711,Vehicle-SemiTruck-Trailer,24.700811009474453,1.4897031207899,0.0,11,778
203,203:7,Vehicle:11,scene_28_24,10202124711,Vehicle-SemiTruck-Trailer,24.700811009474453,1.4897031207899,0.5,22,3877
203,203:8,Vehicle:12,scene_28_24,10202124711,Vehicle-SemiTruck-Trailer,27.338804572644317,6.839699367820148,0.0,12,331
203,203:8,Vehicle:12,scene_28_24,10202124711,Vehicle-SemiTruck-Trailer,27.338804572644317,6.839699367820148,0.5,22,2165
203,203:9,Vehicle:13,scene_28_24,10202124711,Vehicle-SemiTruck-Trailer,30.06433074314101,11.254879350514795,0.0,17,1082
203,203:9,Vehicle:13,scene_28_24,10202124711,Vehicle-SemiTruck-Trailer,30.06433074314101,11.254879350514795,0.5,26,2265
203,203:11,Vehicle:2,scene_28_24,10202124711,Vehicle-SemiTruck-Cab,21.98062515904131,177.01952567565314,0.0,14,14361
203,203:11,Vehicle:2,scene_28_24,10202124711,Vehicle-SemiTruck-Cab,21.98062515904131,177.01952567565314,0.5,21,16911
203,203:12,Vehicle:3,scene_28_24,10202124711,Vehicle-SemiTruck-Cab,25.207905700727714,170.84365479923113,0.0,18,7996
203,203:12,Vehicle:3,scene_28_24,10202124711,Vehicle-SemiTruck-Cab,25.207905700727714,170.84365479923113,0.5,21,8345
203,203:13,Vehicle:4,scene_28_24,10202124711,Vehicle-SemiTruck-Cab,32.83713895277085,157.83825051731085,0.0,12,6645
203,203:13,Vehicle:4,scene_28_24,10202124711,Vehicle-SemiTruck-Cab,32.83713895277085,157.83825051731085,0.5,22,7653
203,203:14,Vehicle:5,scene_28_24,10202124711,Vehicle-SemiTruck-Cab,35.78119014568454,153.36594947805014,0.0,14,3507
203,203:14,Vehicle:5,scene_28_24,10202124711,Vehicle-SemiTruck-Cab,35.78119014568454,153.36594947805014,0.5,18,3723
203,203:15,Vehicle:6,scene_28_24,10202124711,Vehicle-SemiTruck-Cab,19.904163740988366,-133.13324009211883,0.0,28,7356
203,203:15,Vehicle:6,scene_28_24,10202124711,Vehicle-SemiTruck-Cab,19.904163740988366,-133.13324009211883,0.5,29,9500
203,203:16,Vehicle:7,scene_28_24,10202124711,Vehicle-SemiTruck-Cab,22.76743689650285,-114.02697265698173,0.0,11,4820
203,203:16,Vehicle:7,scene_28_24,10202124711,Vehicle-SemiTruck-Cab,22.76743689650285,-114.02697265698173,0.5,15,6236
203,203:17,Vehicle:8,scene_28_24,10202124711,Vehicle-SemiTruck-Cab,34.207746261898734,25.022373303170678,0.0,18,327
203,203:17,Vehicle:8,scene_28_24,10202124711,Vehicle-SemiTruck-Cab,34.207746261898734,25.022373303170678,0.5,31,1477
203,203:18,Vehicle:9,scene_28_24,10202124711,Vehicle-SemiTruck-Trailer,18.564432277641828,-22.756237100126235,0.0,16,3661
203,203:18,Vehicle:9,scene_28_24,10202124711,Vehicle-SemiTruck-Trailer,18.564432277641828,-22.756237100126235,0.5,21,10978
203,203:19,RoadObstruction:3,scene_28_24,10202124711,RoadObstruction-Cone,35.3371902582702,165.58896493199623,0.0,0,0
203,203:19,RoadObstruction:3,scene_28_24,10202124711,RoadObstruction-Cone,35.3371902582702,165.58896493199623,0.5,0,0
215,215:0,RoadDebris:1,scene_28_24,10802196511,RoadDebris,30.48715443374097,51.89166166393696,0.0,2,879
215,215:0,RoadDebris:1,scene_28_24,10802196511,RoadDebris,30.48715443374097,51.89166166393696,0.5,5,1189
215,215:1,RoadDebris:2,scene_28_24,10802196511,RoadDebris,30.134246602722353,46.557864626305665,0.0,2,982
215,215:1,RoadDebris:2,scene_28_24,10802196511,RoadDebris,30.134246602722353,46.557864626305665,0.5,7,1629
215,215:2,RoadObstruction:1,scene_28_24,10802196511,RoadObstruction-Cone,29.072080901437815,24.2637448195876,0.0,0,16
215,215:2,RoadObstruction:1,scene_28_24,10802196511,RoadObstruction-Cone,29.072080901437815,24.2637448195876,0.5,4,364
215,215:3,RoadObstruction:3,scene_28_24,10802196511,RoadObstruction-Cone,37.72197257579838,158.2761127368922,0.0,0,0
215,215:3,RoadObstruction:3,scene_28_24,10802196511,RoadObstruction-Cone,37.72197257579838,158.2761127368922,0.5,0,29
215,215:4,TrafficSign:2,scene_28_24,10802196511,TrafficSign,99.27440737349413,22.848469204421573,0.0,0,0
215,215:4,TrafficSign:2,scene_28_24,10802196511,TrafficSign,99.27440737349413,22.848469204421573,0.5,0,2
215,215:5,TrafficSign:7,scene_28_24,10802196511,TrafficSign,277.540050800193,31.349165458119078,0.0,0,0
215,215:5,TrafficSign:7,scene_28_24,10802196511,TrafficSign,277.540050800193,31.349165458119078,0.5,0,0
215,215:6,Vehicle:1,scene_28_24,10802196511,Vehicle-SemiTruck-Cab,22.184395211167114,-165.57399464236588,0.0,21,20113
215,215:6,Vehicle:1,scene_28_24,10802196511,Vehicle-SemiTruck-Cab,22.184395211167114,-165.57399464236588,0.5,22,22357
215,215:7,Vehicle:10,scene_28_24,10802196511,Vehicle-SemiTruck-Trailer,19.527248796557355,-17.131238680552002,0.0,14,4879
215,215:7,Vehicle:10,scene_28_24,10802196511,Vehicle-SemiTruck-Trailer,19.527248796557355,-17.131238680552002,0.5,27,19774
215,215:8,Vehicle:11,scene_28_24,10802196511,Vehicle-SemiTruck-Trailer,21.834272951951977,-9.061234828698076,0.0,23,3163
215,215:8,Vehicle:11,scene_28_24,10802196511,Vehicle-SemiTruck-Trailer,21.834272951951977,-9.061234828698076,0.5,35,12549
215,215:9,Vehicle:12,scene_28_24,10802196511,Vehicle-SemiTruck-Trailer,24.42850426974846,-2.766892718782414,0.0,21,284
215,215:9,Vehicle:12,scene_28_24,10802196511,Vehicle-SemiTruck-Trailer,24.42850426974846,-2.766892718782414,0.5,25,3612
215,215:10,Vehicle:13,scene_28_24,10802196511,Vehicle-SemiTruck-Trailer,27.137733377080025,2.1961961593176214,0.0,16,1139
215,215:10,Vehicle:13,scene_28_24,10802196511,Vehicle-SemiTruck-Trailer,27.137733377080025,2.1961961593176214,0.5,24,3365
215,215:12,Vehicle:2,scene_28_24,10802196511,Vehicle-SemiTruck-Cab,24.888872346585853,169.19126255856347,0.0,25,17777
215,215:12,Vehicle:2,scene_28_24,10802196511,Vehicle-SemiTruck-Cab,24.888872346585853,169.19126255856347,0.5,32,20222
215,215:13,Vehicle:3,scene_28_24,10802196511,Vehicle-SemiTruck-Cab,28.034260426483392,163.63055004167776,0.0,19,8010
215,215:13,Vehicle:3,scene_28_24,10802196511,Vehicle-SemiTruck-Cab,28.034260426483392,163.63055004167776,0.5,22,8167
215,215:14,Vehicle:4,scene_28_24,10802196511,Vehicle-SemiTruck-Cab,35.409854538740156,151.21849579771308,0.0,12,5760
215,215:14,Vehicle:4,scene_28_24,10802196511,Vehicle-SemiTruck-Cab,35.409854538740156,151.21849579771308,0.5,21,6474
215,215:15,Vehicle:5,scene_28_24,10802196511,Vehicle-SemiTruck-Cab,38.0677581818843,146.70828784989544,0.0,10,2708
215,215:15,Vehicle:5,scene_28_24,10802196511,Vehicle-SemiTruck-Cab,38.0677581818843,146.70828784989544,0.5,17,2803
215,215:16,Vehicle:6,scene_28_24,10802196511,Vehicle-SemiTruck-Cab,22.366878578103222,-146.8222787780362,0.0,11,18449
215,215:16,Vehicle:6,scene_28_24,10802196511,Vehicle-SemiTruck-Cab,22.366878578103222,-146.8222787780362,0.5,13,21390
215,215:17,Vehicle:7,scene_28_24,10802196511,Vehicle-SemiTruck-Cab,24.584985560028166,-128.87473642668493,0.0,6,3887
215,215:17,Vehicle:7,scene_28_24,10802196511,Vehicle-SemiTruck-Cab,24.584985560028166,-128.87473642668493,0.5,8,4996
215,215:18,Vehicle:8,scene_28_24,10802196511,Vehicle-SemiTruck-Cab,31.281135143808797,17.21295858095056,0.0,20,411
215,215:18,Vehicle:8,scene_28_24,10802196511,Vehicle-SemiTruck-Cab,31.281135143808797,17.21295858095056,0.5,25,1685
215,215:19,Vehicle:9,scene_28_24,10802196511,Vehicle-SemiTruck-Trailer,16.280658185602135,-37.966067482475594,0.0,19,1060
215,215:19,Vehicle:9,scene_28_24,10802196511,Vehicle-SemiTruck-Trailer,16.280658185602135,-37.966067482475594,0.5,28,5242
225,225:0,RoadDebris:1,scene_28_24,11302181211,RoadDebris,28.714808984252205,48.03301166766893,0.0,1,990
225,225:0,RoadDebris:1,scene_28_24,11302181211,RoadDebris,28.714808984252205,48.03301166766893,0.5,2,1211
225,225:1,RoadDebris:2,scene_28_24,11302181211,RoadDebris,28.253991756353326,42.544541578219096,0.0,1,947
225,225:1,RoadDebris:2,scene_28_24,11302181211,RoadDebris,28.253991756353326,42.544541578219096,0.5,7,1664
225,225:2,RoadObstruction:1,scene_28_24,11302181211,RoadObstruction-Cone,26.742575307975834,18.818583923168852,0.0,0,5
225,225:2,RoadObstruction:1,scene_28_24,11302181211,RoadObstruction-Cone,26.742575307975834,18.818583923168852,0.5,1,317
225,225:3,RoadObstruction:3,scene_28_24,11302181211,RoadObstruction-Cone,39.80309012223345,152.8906321924242,0.0,0,15
225,225:3,RoadObstruction:3,scene_28_24,11302181211,RoadObstruction-Cone,39.80309012223345,152.8906321924242,0.5,1,74
225,225:4,TrafficSign:2,scene_28_24,11302181211,TrafficSign,96.93769412240677,15.820901815143639,0.0,0,31
225,225:4,TrafficSign:2,scene_28_24,11302181211,TrafficSign,96.93769412240677,15.820901815143639,0.5,0,277
225,225:5,TrafficSign:7,scene_28_24,11302181211,TrafficSign,275.29095047706625,24.50179811495705,0.0,0,0
225,225:5,TrafficSign:7,scene_28_24,11302181211,TrafficSign,275.29095047706625,24.50179811495705,0.5,0,1
225,225:6,Vehicle:1,scene_28_24,11302181211,Vehicle-SemiTruck-Cab,24.627052625902348,-173.42344288115905,0.0,14,15020
225,225:6,Vehicle:1,scene_28_24,11302181211,Vehicle-SemiTruck-Cab,24.627052625902348,-173.42344288115905,0.5,20,15875
225,225:7,Vehicle:10,scene_28_24,11302181211,Vehicle-SemiTruck-Trailer,17.39685863028726,-27.797107607556303,0.0,17,10446
225,225:7,Vehicle:10,scene_28_24,11302181211,Vehicle-SemiTruck-Trailer,17.39685863028726,-27.797107607556303,0.5,35,23469
225,225:8,Vehicle:11,scene_28_24,11302181211,Vehicle-SemiTruck-Trailer,19.584064486760532,-18.291943505772636,0.0,24,3348
225,225:8,Vehicle:11,scene_28_24,11302181211,Vehicle-SemiTruck-Trailer,19.584064486760532,-18.291943505772636,0.5,33,15156
225,225:9,Vehicle:12,scene_28_24,11302181211,Vehicle-SemiTruck-Trailer,22.0852052317466,-11.100054755308156,0.0,16,561
225,225:9,Vehicle:12,scene_28_24,11302181211,Vehicle-SemiTruck-Trailer,22.0852052317466,-11.100054755308156,0.5,27,11620
225,225:10,Vehicle:13,scene_28_24,11302181211,Vehicle-SemiTruck-Trailer,24.724275736778992,-5.378167808447651,0.0,18,3933
225,225:10,Vehicle:13,scene_28_24,11302181211,Vehicle-SemiTruck-Trailer,24.724275736778992,-5.378167808447651,0.5,21,13179
225,225:12,Vehicle:2,scene_28_24,11302181211,Vehicle-SemiTruck-Cab,27.216604403105144,163.61323959666987,0.0,20,17729
225,225:12,Vehicle:2,scene_28_24,11302181211,Vehicle-SemiTruck-Cab,27.216604403105144,163.61323959666987,0.5,29,20460
225,225:13,Vehicle:23,scene_28_24,11302181211,Vehicle,43.746019905719436,-50.04230145715971,0.0,0,808
225,225:13,Vehicle:23,scene_28_24,11302181211,Vehicle,43.746019905719436,-50.04230145715971,0.5,0,1014
225,225:14,Vehicle:3,scene_28_24,11302181211,Vehicle-SemiTruck-Cab,30.28226591318062,158.4382254924206,0.0,13,8414
225,225:14,Vehicle:3,scene_28_24,11302181211,Vehicle-SemiTruck-Cab,30.28226591318062,158.4382254924206,0.5,15,8519
225,225:15,Vehicle:4,scene_28_24,11302181211,Vehicle-SemiTruck-Cab,37.391124649486784,146.36002566345113,0.0,7,3914
225,225:15,Vehicle:4,scene_28_24,11302181211,Vehicle-SemiTruck-Cab,37.391124649486784,146.36002566345113,0.5,13,4586
225,225:16,Vehicle:5,scene_28_24,11302181211,Vehicle-SemiTruck-Cab,39.82437948054684,141.82748244461712,0.0,10,2169
225,225:16,Vehicle:5,scene_28_24,11302181211,Vehicle-SemiTruck-Cab,39.82437948054684,141.82748244461712,0.5,13,2247
225,225:17,Vehicle:6,scene_28_24,11302181211,Vehicle-SemiTruck-Cab,24.593394640964632,-156.22562988314903,0.0,12,19236
225,225:17,Vehicle:6,scene_28_24,11302181211,Vehicle-SemiTruck-Cab,24.593394640964632,-156.22562988314903,0.5,15,21795
225,225:18,Vehicle:7,scene_28_24,11302181211,Vehicle-SemiTruck-Cab,26.443956156752442,-139.5747633013353,0.0,7,3605
225,225:18,Vehicle:7,scene_28_24,11302181211,Vehicle-SemiTruck-Cab,26.443956156752442,-139.5747633013353,0.5,10,4452
225,225:19,Vehicle:8,scene_28_24,11302181211,Vehicle-SemiTruck-Cab,28.802482618895844,11.055867845429157,0.0,12,875
225,225:19,Vehicle:8,scene_28_24,11302181211,Vehicle-SemiTruck-Cab,28.802482618895844,11.055867845429157,0.5,22,4347
225,225:20,Vehicle:9,scene_28_24,11302181211,Vehicle-SemiTruck-Trailer,14.763334205851232,-51.95702684378067,0.0,10,1337
225,225:20,Vehicle:9,scene_28_24,11302181211,Vehicle-SemiTruck-Trailer,14.763334205851232,-51.95702684378067,0.5,15,5568
235,235:0,RoadDebris:1,scene_28_24,11802156736,RoadDebris,26.96176529786109,44.47047954595962,0.0,2,999
235,235:0,RoadDebris:1,scene_28_24,11802156736,RoadDebris,26.96176529786109,44.47047954595962,0.5,4,1132
235,235:1,RoadDebris:2,scene_28_24,11802156736,RoadDebris,26.377365474903595,38.75955616384259,0.0,2,980
235,235:1,RoadDebris:2,scene_28_24,11802156736,RoadDebris,26.377365474903595,38.75955616384259,0.5,7,1811
235,235:2,RoadObstruction:1,scene_28_24,11802156736,RoadObstruction-Cone,24.44906989326145,13.13209963935858,0.0,0,40
235,235:2,RoadObstruction:1,scene_28_24,11802156736,RoadObstruction-Cone,24.44906989326145,13.13209963935858,0.5,3,1411
235,235:3,RoadObstruction:3,scene_28_24,11802156736,RoadObstruction-Cone,41.76135409251139,148.13304655576877,0.0,0,12
235,235:3,RoadObstruction:3,scene_28_24,11802156736,RoadObstruction-Cone,41.76135409251139,148.13304655576877,0.5,2,84
235,235:4,RoadObstruction:5,scene_28_24,11802156736,RoadObstruction,52.47931955955351,136.20408895169143,0.0,0,5
235,235:4,RoadObstruction:5,scene_28_24,11802156736,RoadObstruction,52.47931955955351,136.20408895169143,0.5,0,66
235,235:5,TrafficSign:2,scene_28_24,11802156736,TrafficSign,94.60806697265672,9.346582347053227,0.0,0,44
235,235:5,TrafficSign:2,scene_28_24,11802156736,TrafficSign,94.60806697265672,9.346582347053227,0.5,0,391
235,235:6,TrafficSign:7,scene_28_24,11802156736,TrafficSign,273.09732328103166,18.05723980917004,0.0,0,0
235,235:6,TrafficSign:7,scene_28_24,11802156736,TrafficSign,273.09732328103166,18.05723980917004,0.5,0,1
235,235:7,Vehicle:1,scene_28_24,11802156736,Vehicle-SemiTruck-Cab,26.915639109236334,179.87434813916457,0.0,16,6347
235,235:7,Vehicle:1,scene_28_24,11802156736,Vehicle-SemiTruck-Cab,26.915639109236334,179.87434813916457,0.5,19,7693
235,235:8,Vehicle:10,scene_28_24,11802156736,Vehicle-SemiTruck-Trailer,15.600443786401788,-39.49484330270421,0.0,28,4786
235,235:8,Vehicle:10,scene_28_24,11802156736,Vehicle-SemiTruck-Trailer,15.600443786401788,-39.49484330270421,0.5,46,19819
235,235:9,Vehicle:11,scene_28_24,11802156736,Vehicle-SemiTruck-Trailer,17.59846805215515,-28.317315809257845,0.0,18,2020
235,235:9,Vehicle:11,scene_28_24,11802156736,Vehicle-SemiTruck-Trailer,17.59846805215515,-28.317315809257845,0.5,37,17424
235,235:10,Vehicle:12,scene_28_24,11802156736,Vehicle-SemiTruck-Trailer,19.948577028920305,-20.08521002127308,0.0,23,463
235,235:10,Vehicle:12,scene_28_24,11802156736,Vehicle-SemiTruck-Trailer,19.948577028920305,-20.08521002127308,0.5,36,11538
235,235:11,Vehicle:13,scene_28_24,11802156736,Vehicle-SemiTruck-Trailer,22.477242982967528,-13.451754100262287,0.0,25,6121
235,235:11,Vehicle:13,scene_28_24,11802156736,Vehicle-SemiTruck-Trailer,22.477242982967528,-13.451754100262287,0.5,31,15805
235,235:13,Vehicle:2,scene_28_24,11802156736,Vehicle-SemiTruck-Cab,29.263475421983177,158.86629137530656,0.0,18,15847
235,235:13,Vehicle:2,scene_28_24,11802156736,Vehicle-SemiTruck-Cab,29.263475421983177,158.86629137530656,0.5,28,18572
235,235:14,Vehicle:3,scene_28_24,11802156736,Vehicle-SemiTruck-Cab,32.301429032452155,153.87465968785517,0.0,13,7873
235,235:14,Vehicle:3,scene_28_24,11802156736,Vehicle-SemiTruck-Cab,32.301429032452155,153.87465968785517,0.5,19,7980
235,235:15,Vehicle:4,scene_28_24,11802156736,Vehicle-SemiTruck-Cab,39.04907930436911,142.00905021796189,0.0,9,3102
235,235:15,Vehicle:4,scene_28_24,11802156736,Vehicle-SemiTruck-Cab,39.04907930436911,142.00905021796189,0.5,12,3682
235,235:16,Vehicle:5,scene_28_24,11802156736,Vehicle-SemiTruck-Cab,41.34680035122883,137.4812503887895,0.0,9,1952
235,235:16,Vehicle:5,scene_28_24,11802156736,Vehicle-SemiTruck-Cab,41.34680035122883,137.4812503887895,0.5,17,2054
235,235:17,Vehicle:6,scene_28_24,11802156736,Vehicle-SemiTruck-Cab,26.8708697346011,-164.05267946990858,0.0,18,16715
235,235:17,Vehicle:6,scene_28_24,11802156736,Vehicle-SemiTruck-Cab,26.8708697346011,-164.05267946990858,0.5,20,18786
235,235:18,Vehicle:7,scene_28_24,11802156736,Vehicle-SemiTruck-Cab,28.471196346302168,-148.64206916290146,0.0,4,14649
235,235:18,Vehicle:7,scene_28_24,11802156736,Vehicle-SemiTruck-Cab,28.471196346302168,-148.64206916290146,0.5,5,15733
235,235:19,Vehicle:8,scene_28_24,11802156736,Vehicle-SemiTruck-Cab,26.46324520105942,4.780036658191143,0.0,20,2558
235,235:19,Vehicle:8,scene_28_24,11802156736,Vehicle-SemiTruck-Cab,26.46324520105942,4.780036658191143,0.5,27,8443
235,235:20,Vehicle:9,scene_28_24,11802156736,Vehicle-SemiTruck-Trailer,13.838947850145807,-66.87384254079575,0.0,12,3597
235,235:20,Vehicle:9,scene_28_24,11802156736,Vehicle-SemiTruck-Trailer,13.838947850145807,-66.87384254079575,0.5,22,9374
245,245:0,RoadDebris:1,scene_28_24,12302141636,RoadDebris,25.1764924298038,40.82458312490595,0.0,3,1159
245,245:0,RoadDebris:1,scene_28_24,12302141636,RoadDebris,25.1764924298038,40.82458312490595,0.5,4,1466
245,245:1,RoadDebris:2,scene_28_24,12302141636,RoadDebris,24.44343242479062,34.7981493724865,0.0,1,1063
245,245:1,RoadDebris:2,scene_28_24,12302141636,RoadDebris,24.44343242479062,34.7981493724865,0.5,7,2349
245,245:2,RoadObstruction:1,scene_28_24,12302141636,RoadObstruction-Cone,22.13899811207589,6.64049922991422,0.0,0,82
245,245:2,RoadObstruction:1,scene_28_24,12302141636,RoadObstruction-Cone,22.13899811207589,6.64049922991422,0.5,4,1813
245,245:3,RoadObstruction:3,scene_28_24,12302141636,RoadObstruction-Cone,43.663815769947654,143.28237663786305,0.0,0,7
245,245:3,RoadObstruction:3,scene_28_24,12302141636,RoadObstruction-Cone,43.663815769947654,143.28237663786305,0.5,0,143
245,245:4,RoadObstruction:5,scene_28_24,12302141636,RoadObstruction,53.96054224450778,131.29085680377904,0.0,0,11
245,245:4,RoadObstruction:5,scene_28_24,12302141636,RoadObstruction,53.96054224450778,131.29085680377904,0.5,0,155
245,245:5,TrafficSign:2,scene_28_24,12302141636,TrafficSign,92.31273582261628,2.8139281330113937,0.0,0,47
245,245:5,TrafficSign:2,scene_28_24,12302141636,TrafficSign,92.31273582261628,2.8139281330113937,0.5,0,373
245,245:6,TrafficSign:7,scene_28_24,12302141636,TrafficSign,270.8633241100715,11.414750173500023,0.0,0,0
245,245:6,TrafficSign:7,scene_28_24,12302141636,TrafficSign,270.8633241100715,11.414750173500023,0.5,0,3
245,245:7,TrafficSign:8,scene_28_24,12302141636,TrafficSign,318.0585202283685,12.41082560988733,0.0,0,0
245,245:7,TrafficSign:8,scene_28_24,12302141636,TrafficSign,318.0585202283685,12.41082560988733,0.5,0,4
245,245:8,Vehicle:1,scene_28_24,12302141636,Vehicle-SemiTruck-Cab,29.132743827311625,173.53421203131023,0.0,23,9131
245,245:8,Vehicle:1,scene_28_24,12302141636,Vehicle-SemiTruck-Cab,29.132743827311625,173.53421203131023,0.5,30,10290
245,245:9,Vehicle:10,scene_28_24,12302141636,Vehicle-SemiTruck-Trailer,14.1388939034291,-52.94172866607881,0.0,16,14303
245,245:9,Vehicle:10,scene_28_24,12302141636,Vehicle-SemiTruck-Trailer,14.1388939034291,-52.94172866607881,0.5,28,24622
245,245:10,Vehicle:11,scene_28_24,12302141636,Vehicle-SemiTruck-Trailer,15.783476647708204,-40.036324414127265,0.0,25,6727
245,245:10,Vehicle:11,scene_28_24,12302141636,Vehicle-SemiTruck-Trailer,15.783476647708204,-40.036324414127265,0.5,34,19375
245,245:11,Vehicle:12,scene_28_24,12302141636,Vehicle-SemiTruck-Trailer,17.951914156085213,-30.431237958855583,0.0,30,881
245,245:11,Vehicle:12,scene_28_24,12302141636,Vehicle-SemiTruck-Trailer,17.951914156085213,-30.431237958855583,0.5,37,16123
245,245:12,Vehicle:13,scene_28_24,12302141636,Vehicle-SemiTruck-Trailer,20.371464779372943,-22.72918748686935,0.0,35,8807
245,245:12,Vehicle:13,scene_28_24,12302141636,Vehicle-SemiTruck-Trailer,20.371464779372943,-22.72918748686935,0.5,46,19333
245,245:14,Vehicle:2,scene_28_24,12302141636,Vehicle-SemiTruck-Cab,31.200195761447688,154.19637157998577,0.0,16,13171
245,245:14,Vehicle:2,scene_28_24,12302141636,Vehicle-SemiTruck-Cab,31.200195761447688,154.19637157998577,0.5,22,14952
245,245:15,Vehicle:3,scene_28_24,12302141636,Vehicle-SemiTruck-Cab,34.24535759238496,149.2043919377749,0.0,11,6231
245,245:15,Vehicle:3,scene_28_24,12302141636,Vehicle-SemiTruck-Cab,34.24535759238496,149.2043919377749,0.5,19,6439
245,245:16,Vehicle:4,scene_28_24,12302141636,Vehicle-SemiTruck-Cab,40.5926418552381,137.5297451626322,0.0,12,2759
245,245:16,Vehicle:4,scene_28_24,12302141636,Vehicle-SemiTruck-Cab,40.5926418552381,137.5297451626322,0.5,18,3278
245,245:17,Vehicle:5,scene_28_24,12302141636,Vehicle-SemiTruck-Cab,42.87972501255084,133.08236080351404,0.0,9,1736
245,245:17,Vehicle:5,scene_28_24,12302141636,Vehicle-SemiTruck-Cab,42.87972501255084,133.08236080351404,0.5,14,1897
245,245:18,Vehicle:6,scene_28_24,12302141636,Vehicle-SemiTruck-Cab,29.205855341258093,-171.62044451574818,0.0,11,13785
245,245:18,Vehicle:6,scene_28_24,12302141636,Vehicle-SemiTruck-Cab,29.205855341258093,-171.62044451574818,0.5,20,14627
245,245:19,Vehicle:7,scene_28_24,12302141636,Vehicle-SemiTruck-Cab,30.619663503092664,-157.1098439420643,0.0,7,14054
245,245:19,Vehicle:7,scene_28_24,12302141636,Vehicle-SemiTruck-Cab,30.619663503092664,-157.1098439420643,0.5,12,14942
245,245:20,Vehicle:8,scene_28_24,12302141636,Vehicle-SemiTruck-Cab,24.17586888841527,-2.3554484643966846,0.0,26,3747
245,245:20,Vehicle:8,scene_28_24,12302141636,Vehicle-SemiTruck-Cab,24.17586888841527,-2.3554484643966846,0.5,35,14942
245,245:21,Vehicle:9,scene_28_24,12302141636,Vehicle-SemiTruck-Trailer,13.469131847328828,-82.90478986700361,0.0,13,13554
245,245:21,Vehicle:9,scene_28_24,12302141636,Vehicle-SemiTruck-Trailer,13.469131847328828,-82.90478986700361,0.5,22,26310
255,255:0,RoadDebris:1,scene_28_24,12802117186,RoadDebris,23.22945147481033,35.88080461138981,0.0,2,1612
255,255:0,RoadDebris:1,scene_28_24,12802117186,RoadDebris,23.22945147481033,35.88080461138981,0.5,5,1898
255,255:1,RoadDebris:2,scene_28_24,12802117186,RoadDebris,22.367482213384765,29.405789530430862,0.0,1,1857
255,255:1,RoadDebris:2,scene_28_24,12802117186,RoadDebris,22.367482213384765,29.405789530430862,0.5,8,3123
255,255:2,RoadObstruction:1,scene_28_24,12802117186,RoadObstruction-Cone,19.864935956150983,-1.9313777014489366,0.0,0,59
255,255:2,RoadObstruction:1,scene_28_24,12802117186,RoadObstruction-Cone,19.864935956150983,-1.9313777014489366,0.5,8,1854
255,255:3,RoadObstruction:3,scene_28_24,12802117186,RoadObstruction-Cone,45.18850923842821,137.70818571372504,0.0,0,0
255,255:3,RoadObstruction:3,scene_28_24,12802117186,RoadObstruction-Cone,45.18850923842821,137.70818571372504,0.5,0,118
255,255:4,TrafficSign:2,scene_28_24,12802117186,TrafficSign,90.07184287711944,-4.868878201051821,0.0,0,64
255,255:4,TrafficSign:2,scene_28_24,12802117186,TrafficSign,90.07184287711944,-4.868878201051821,0.5,0,537
255,255:5,TrafficSign:6,scene_28_24,12802117186,TrafficSign,232.18225850084806,4.715174284305456,0.0,0,0
255,255:5,TrafficSign:6,scene_28_24,12802117186,TrafficSign,232.18225850084806,4.715174284305456,0.5,0,1
255,255:6,TrafficSign:7,scene_28_24,12802117186,TrafficSign,268.5795521661538,3.714960621995398,0.0,0,0
255,255:6,TrafficSign:7,scene_28_24,12802117186,TrafficSign,268.5795521661538,3.714960621995398,0.5,0,0
255,255:7,TrafficSign:8,scene_28_24,12802117186,TrafficSign,315.8106759353822,4.729305191611437,0.0,0,0
255,255:7,TrafficSign:8,scene_28_24,12802117186,TrafficSign,315.8106759353822,4.729305191611437,0.5,0,0
255,255:8,Vehicle:1,scene_28_24,12802117186,Vehicle-SemiTruck-Cab,31.32522425908349,166.9755923591106,0.0,15,8794
255,255:8,Vehicle:1,scene_28_24,12802117186,Vehicle-SemiTruck-Cab,31.32522425908349,166.9755923591106,0.5,21,10066
255,255:9,Vehicle:10,scene_28_24,12802117186,Vehicle-SemiTruck-Trailer,13.258045724000151,-69.22262970888077,0.0,21,6892
255,255:9,Vehicle:10,scene_28_24,12802117186,Vehicle-SemiTruck-Trailer,13.258045724000151,-69.22262970888077,0.5,31,25931
255,255:10,Vehicle:11,scene_28_24,12802117186,Vehicle-SemiTruck-Trailer,14.388127353115834,-54.79580074513282,0.0,18,10124
255,255:10,Vehicle:11,scene_28_24,12802117186,Vehicle-SemiTruck-Trailer,14.388127353115834,-54.79580074513282,0.5,25,18360
255,255:11,Vehicle:12,scene_28_24,12802117186,Vehicle-SemiTruck-Trailer,16.284721615561704,-43.43360437473312,0.0,21,7856
255,255:11,Vehicle:12,scene_28_24,12802117186,Vehicle-SemiTruck-Trailer,16.284721615561704,-43.43360437473312,0.5,35,20325
255,255:12,Vehicle:13,scene_28_24,12802117186,Vehicle-SemiTruck-Trailer,18.534794665018765,-34.4143826179663,0.0,37,19442
255,255:12,Vehicle:13,scene_28_24,12802117186,Vehicle-SemiTruck-Trailer,18.534794665018765,-34.4143826179663,0.5,50,24931
255,255:14,Vehicle:2,scene_28_24,12802117186,Vehicle-SemiTruck-Cab,33.01728149464453,148.90237269866998,0.0,10,7511
255,255:14,Vehicle:2,scene_28_24,12802117186,Vehicle-SemiTruck-Cab,33.01728149464453,148.90237269866998,0.5,15,8391
255,255:15,Vehicle:3,scene_28_24,12802117186,Vehicle-SemiTruck-Cab,35.984407302325316,143.853305873743,0.0,9,2608
255,255:15,Vehicle:3,scene_28_24,12802117186,Vehicle-SemiTruck-Cab,35.984407302325316,143.853305873743,0.5,15,2679
255,255:16,Vehicle:4,scene_28_24,12802117186,Vehicle-SemiTruck-Cab,41.94247386568742,132.29782114577182,0.0,9,2876
255,255:16,Vehicle:4,scene_28_24,12802117186,Vehicle-SemiTruck-Cab,41.94247386568742,132.29782114577182,0.5,11,3369
255,255:17,Vehicle:5,scene_28_24,12802117186,Vehicle-SemiTruck-Cab,44.20717026528192,127.91348763319255,0.0,4,1764
255,255:17,Vehicle:5,scene_28_24,12802117186,Vehicle-SemiTruck-Cab,44.20717026528192,127.91348763319255,0.5,7,1854
255,255:18,Vehicle:6,scene_28_24,12802117186,Vehicle-SemiTruck-Cab,31.531667784129397,-179.55171297408037,0.0,6,6308
255,255:18,Vehicle:6,scene_28_24,12802117186,Vehicle-SemiTruck-Cab,31.531667784129397,-179.55171297408037,0.5,8,7692
255,255:19,Vehicle:7,scene_28_24,12802117186,Vehicle-SemiTruck-Cab,32.87533476104923,-165.755670618825,0.0,6,11070
255,255:19,Vehicle:7,scene_28_24,12802117186,Vehicle-SemiTruck-Cab,32.87533476104923,-165.755670618825,0.5,13,11897
255,255:20,Vehicle:8,scene_28_24,12802117186,Vehicle-SemiTruck-Cab,22.00306306334624,-11.64977490613249,0.0,37,6366
255,255:20,Vehicle:8,scene_28_24,12802117186,Vehicle-SemiTruck-Cab,22.00306306334624,-11.64977490613249,0.5,49,30487
255,255:21,Vehicle:9,scene_28_24,12802117186,Vehicle-SemiTruck-Trailer,13.803936083612928,-100.05459020477737,0.0,16,19617
255,255:21,Vehicle:9,scene_28_24,12802117186,Vehicle-SemiTruck-Trailer,13.803936083612928,-100.05459020477737,0.5,22,32362
255,255:22,RoadObstruction:5,scene_28_24,12802117186,RoadObstruction,55.12355443605254,125.56790153902261,0.0,0,7
255,255:22,RoadObstruction:5,scene_28_24,12802117186,RoadObstruction,55.12355443605254,125.56790153902261,0.5,0,171
255,255:23,TrafficSign:1,scene_28_24,12802117186,TrafficSign,305.08369948445227,4.662523155585305,0.0,0,0
255,255:23,TrafficSign:1,scene_28_24,12802117186,TrafficSign,305.08369948445227,4.662523155585305,0.5,0,0
265,265:0,RoadDebris:1,scene_28_24,13302102236,RoadDebris,21.281601991805346,29.14185570649113,0.0,3,2040
265,265:0,RoadDebris:1,scene_28_24,13302102236,RoadDebris,21.281601991805346,29.14185570649113,0.5,6,2777
265,265:1,RoadDebris:2,scene_28_24,13302102236,RoadDebris,20.319465317550787,22.072848951021896,0.0,4,2089
265,265:1,RoadDebris:2,scene_28_24,13302102236,RoadDebris,20.319465317550787,22.072848951021896,0.5,9,3781
265,265:2,RoadObstruction:1,scene_28_24,13302102236,RoadObstruction-Cone,17.78333886140532,-12.884624989392849,0.0,0,43
265,265:2,RoadObstruction:1,scene_28_24,13302102236,RoadObstruction-Cone,17.78333886140532,-12.884624989392849,0.5,5,1820
265,265:3,RoadObstruction:3,scene_28_24,13302102236,RoadObstruction-Cone,46.41898816852733,130.68997444115357,0.0,0,0
265,265:3,RoadObstruction:3,scene_28_24,13302102236,RoadObstruction-Cone,46.41898816852733,130.68997444115357,0.5,0,113
265,265:4,RoadObstruction:5,scene_28_24,13302102236,RoadObstruction,56.07487600432749,118.41745189930208,0.0,0,4
265,265:4,RoadObstruction:5,scene_28_24,13302102236,RoadObstruction,56.07487600432749,118.41745189930208,0.5,0,220
265,265:5,TrafficSign:1,scene_28_24,13302102236,TrafficSign,302.9006359802295,-4.493254361771793,0.0,0,0
265,265:5,TrafficSign:1,scene_28_24,13302102236,TrafficSign,302.9006359802295,-4.493254361771793,0.5,0,0
265,265:6,TrafficSign:2,scene_28_24,13302102236,TrafficSign,88.03709725770462,-14.35535444137537,0.0,0,64
265,265:6,TrafficSign:2,scene_28_24,13302102236,TrafficSign,88.03709725770462,-14.35535444137537,0.5,0,529
265,265:7,TrafficSign:6,scene_28_24,13302102236,TrafficSign,230.02542682322814,-4.47411674148634,0.0,0,0
265,265:7,TrafficSign:6,scene_28_24,13302102236,TrafficSign,230.02542682322814,-4.47411674148634,0.5,0,0
265,265:8,TrafficSign:7,scene_28_24,13302102236,TrafficSign,266.3892497762743,-5.449399133041683,0.0,0,0
265,265:8,TrafficSign:7,scene_28_24,13302102236,TrafficSign,266.3892497762743,-5.449399133041683,0.5,0,0
265,265:9,TrafficSign:8,scene_28_24,13302102236,TrafficSign,313.6646492668639,-4.419842688543927,0.0,0,0
265,265:9,TrafficSign:8,scene_28_24,13302102236,TrafficSign,313.6646492668639,-4.419842688543927,0.5,0,0
265,265:10,Vehicle:1,scene_28_24,13302102236,Vehicle-SemiTruck-Cab,33.300425237216444,159.41573778792633,0.0,14,8329
265,265:10,Vehicle:1,scene_28_24,13302102236,Vehicle-SemiTruck-Cab,33.300425237216444,159.41573778792633,0.5,19,9568
265,265:11,Vehicle:10,scene_28_24,13302102236,Vehicle-SemiTruck-Trailer,13.102765852938044,-87.49780452047222,0.0,35,12986
265,265:11,Vehicle:10,scene_28_24,13302102236,Vehicle-SemiTruck-Trailer,13.102765852938044,-87.49780452047222,0.5,62,34003
265,265:12,Vehicle:11,scene_28_24,13302102236,Vehicle-SemiTruck-Trailer,13.696649918361866,-72.2128071781182,0.0,14,10492
265,265:12,Vehicle:11,scene_28_24,13302102236,Vehicle-SemiTruck-Trailer,13.696649918361866,-72.2128071781182,0.5,34,30436
265,265:13,Vehicle:12,scene_28_24,13302102236,Vehicle-SemiTruck-Trailer,15.14261683255731,-59.25611206198467,0.0,13,11467
265,265:13,Vehicle:12,scene_28_24,13302102236,Vehicle-SemiTruck-Trailer,15.14261683255731,-59.25611206198467,0.5,31,26059
265,265:14,Vehicle:13,scene_28_24,13302102236,Vehicle-SemiTruck-Trailer,17.15095476648385,-48.749647951796504,0.0,32,15276
265,265:14,Vehicle:13,scene_28_24,13302102236,Vehicle-SemiTruck-Trailer,17.15095476648385,-48.749647951796504,0.5,38,19220
265,265:16,Vehicle:2,scene_28_24,13302102236,Vehicle-SemiTruck-Cab,34.68674408870225,142.16587207127785,0.0,8,3206
265,265:16,Vehicle:2,scene_28_24,13302102236,Vehicle-SemiTruck-Cab,34.68674408870225,142.16587207127785,0.5,11,3986
265,265:17,Vehicle:3,scene_28_24,13302102236,Vehicle-SemiTruck-Cab,37.449882806653434,137.15774824806894,0.0,9,2090
265,265:17,Vehicle:3,scene_28_24,13302102236,Vehicle-SemiTruck-Cab,37.449882806653434,137.15774824806894,0.5,12,2240
265,265:18,Vehicle:4,scene_28_24,13302102236,Vehicle-SemiTruck-Cab,43.103163624747715,125.63257807566312,0.0,8,2292
265,265:18,Vehicle:4,scene_28_24,13302102236,Vehicle-SemiTruck-Cab,43.103163624747715,125.63257807566312,0.5,13,2853
265,265:19,Vehicle:5,scene_28_24,13302102236,Vehicle-SemiTruck-Cab,45.21928957557446,121.25257389745616,0.0,11,1448
265,265:19,Vehicle:5,scene_28_24,13302102236,Vehicle-SemiTruck-Cab,45.21928957557446,121.25257389745616,0.5,17,1764
265,265:20,Vehicle:6,scene_28_24,13302102236,Vehicle-SemiTruck-Cab,33.66951108641755,171.8264250177846,0.0,13,8190
265,265:20,Vehicle:6,scene_28_24,13302102236,Vehicle-SemiTruck-Cab,33.66951108641755,171.8264250177846,0.5,14,9440
265,265:21,Vehicle:7,scene_28_24,13302102236,Vehicle-SemiTruck-Cab,35.07368545678226,-175.2327396561341,0.0,6,8231
265,265:21,Vehicle:7,scene_28_24,13302102236,Vehicle-SemiTruck-Cab,35.07368545678226,-175.2327396561341,0.5,12,8529
265,265:22,Vehicle:8,scene_28_24,13302102236,Vehicle-SemiTruck-Cab,20.122922032419414,-23.574055714532626,0.0,34,6333
265,265:22,Vehicle:8,scene_28_24,13302102236,Vehicle-SemiTruck-Cab,20.122922032419414,-23.574055714532626,0.5,42,19366
265,265:23,Vehicle:9,scene_28_24,13302102236,Vehicle-SemiTruck-Trailer,14.731793793740648,-116.97275345221516,0.0,13,30820
265,265:23,Vehicle:9,scene_28_24,13302102236,Vehicle-SemiTruck-Trailer,14.731793793740648,-116.97275345221516,0.5,17,34327
275,275:0,RoadDebris:1,scene_28_24,13802078436,RoadDebris,19.401935979429222,21.096839008827256,0.0,2,2514
275,275:0,RoadDebris:1,scene_28_24,13802078436,RoadDebris,19.401935979429222,21.096839008827256,0.5,3,3629
275,275:1,RoadDebris:2,scene_28_24,13802078436,RoadDebris,18.386936583512945,13.342327602460047,0.0,3,5013
275,275:1,RoadDebris:2,scene_28_24,13802078436,RoadDebris,18.386936583512945,13.342327602460047,0.5,7,8272
275,275:2,RoadObstruction:1,scene_28_24,13802078436,RoadObstruction-Cone,16.072033228251794,-25.701589739163552,0.0,0,31
275,275:2,RoadObstruction:1,scene_28_24,13802078436,RoadObstruction-Cone,16.072033228251794,-25.701589739163552,0.5,4,1164
275,275:3,RoadObstruction:3,scene_28_24,13802078436,RoadObstruction-Cone,47.270092110870614,123.21108206477456,0.0,0,0
275,275:3,RoadObstruction:3,scene_28_24,13802078436,RoadObstruction-Cone,47.270092110870614,123.21108206477456,0.5,0,91
275,275:4,RoadObstruction:5,scene_28_24,13802078436,RoadObstruction,56.60881737656771,110.78291410187171,0.0,0,12
275,275:4,RoadObstruction:5,scene_28_24,13802078436,RoadObstruction,56.60881737656771,110.78291410187171,0.5,0,269
275,275:5,TrafficSign:1,scene_28_24,13802078436,TrafficSign,301.03319480211303,-14.117709269107952,0.0,0,0
275,275:5,TrafficSign:1,scene_28_24,13802078436,TrafficSign,301.03319480211303,-14.117709269107952,0.5,0,0
275,275:6,TrafficSign:2,scene_28_24,13802078436,TrafficSign,86.36077852551188,-24.563965386263284,0.0,0,0
275,275:6,TrafficSign:2,scene_28_24,13802078436,TrafficSign,86.36077852551188,-24.563965386263284,0.5,0,5
275,275:7,TrafficSign:6,scene_28_24,13802078436,TrafficSign,228.18726066419157,-14.196120759636774,0.0,0,0
275,275:7,TrafficSign:6,scene_28_24,13802078436,TrafficSign,228.18726066419157,-14.196120759636774,0.5,0,0
275,275:8,TrafficSign:7,scene_28_24,13802078436,TrafficSign,264.54657600920206,-15.132888472054091,0.0,0,0
275,275:8,TrafficSign:7,scene_28_24,13802078436,TrafficSign,264.54657600920206,-15.132888472054091,0.5,0,0
275,275:9,TrafficSign:8,scene_28_24,13802078436,TrafficSign,311.79732661286374,-14.099272583659221,0.0,0,0
275,275:9,TrafficSign:8,scene_28_24,13802078436,TrafficSign,311.79732661286374,-14.099272583659221,0.5,0,0
275,275:10,Vehicle:1,scene_28_24,13802078436,Vehicle-SemiTruck-Cab,34.911172288699476,151.59330169066243,0.0,13,7210
275,275:10,Vehicle:1,scene_28_24,13802078436,Vehicle-SemiTruck-Cab,34.911172288699476,151.59330169066243,0.5,18,8532
275,275:11,Vehicle:10,scene_28_24,13802078436,Vehicle-SemiTruck-Trailer,13.579071284836912,-105.01876792201882,0.0,35,16697
275,275:11,Vehicle:10,scene_28_24,13802078436,Vehicle-SemiTruck-Trailer,13.579071284836912,-105.01876792201882,0.5,54,35698
275,275:12,Vehicle:11,scene_28_24,13802078436,Vehicle-SemiTruck-Trailer,13.72214121551473,-89.7499023414784,0.0,23,15129
275,275:12,Vehicle:11,scene_28_24,13802078436,Vehicle-SemiTruck-Trailer,13.72214121551473,-89.7499023414784,0.5,36,40200
275,275:13,Vehicle:12,scene_28_24,13802078436,Vehicle-SemiTruck-Trailer,14.642563635410442,-76.00998695302201,0.0,6,16152
275,275:13,Vehicle:12,scene_28_24,13802078436,Vehicle-SemiTruck-Trailer,14.642563635410442,-76.00998695302201,0.5,21,32288
275,275:14,Vehicle:13,scene_28_24,13802078436,Vehicle-SemiTruck-Trailer,16.33533719462692,-64.22843572527962,0.0,23,16313
275,275:14,Vehicle:13,scene_28_24,13802078436,Vehicle-SemiTruck-Trailer,16.33533719462692,-64.22843572527962,0.5,31,19770
275,275:16,Vehicle:2,scene_28_24,13802078436,Vehicle-SemiTruck-Cab,36.0442996552733,134.86042698079598,0.0,11,2509
275,275:16,Vehicle:2,scene_28_24,13802078436,Vehicle-SemiTruck-Cab,36.0442996552733,134.86042698079598,0.5,13,2997
275,275:17,Vehicle:3,scene_28_24,13802078436,Vehicle-SemiTruck-Cab,38.50149032432885,129.9633529941633,0.0,7,1743
275,275:17,Vehicle:3,scene_28_24,13802078436,Vehicle-SemiTruck-Cab,38.50149032432885,129.9633529941633,0.5,9,1816
275,275:18,Vehicle:4,scene_28_24,13802078436,Vehicle-SemiTruck-Cab,43.906901200715296,118.38645829026572,0.0,11,2250
275,275:18,Vehicle:4,scene_28_24,13802078436,Vehicle-SemiTruck-Cab,43.906901200715296,118.38645829026572,0.5,17,2772
275,275:19,Vehicle:5,scene_28_24,13802078436,Vehicle-SemiTruck-Cab,45.79750768768111,113.97487341037312,0.0,14,1600
275,275:19,Vehicle:5,scene_28_24,13802078436,Vehicle-SemiTruck-Cab,45.79750768768111,113.97487341037312,0.5,20,1952
275,275:20,Vehicle:6,scene_28_24,13802078436,Vehicle-SemiTruck-Cab,35.44498783686276,163.34120689621122,0.0,16,7818
275,275:20,Vehicle:6,scene_28_24,13802078436,Vehicle-SemiTruck-Cab,35.44498783686276,163.34120689621122,0.5,19,9129
275,275:21,Vehicle:7,scene_28_24,13802078436,Vehicle-SemiTruck-Cab,37.04278075836482,175.2903194824247,0.0,5,6352
275,275:21,Vehicle:7,scene_28_24,13802078436,Vehicle-SemiTruck-Cab,37.04278075836482,175.2903194824247,0.5,7,6608
275,275:22,Vehicle:8,scene_28_24,13802078436,Vehicle-SemiTruck-Cab,18.727749913407234,-36.86201368972471,0.0,19,9059
275,275:22,Vehicle:8,scene_28_24,13802078436,Vehicle-SemiTruck-Cab,18.727749913407234,-36.86201368972471,0.5,27,20070
275,275:23,Vehicle:9,scene_28_24,13802078436,Vehicle-SemiTruck-Trailer,15.976764581375344,-131.7049476906827,0.0,16,47263
275,275:23,Vehicle:9,scene_28_24,13802078436,Vehicle-SemiTruck-Trailer,15.976764581375344,-131.7049476906827,0.5,26,51256
285,285:0,RoadDebris:1,scene_28_24,14302230986,RoadDebris,17.633104577365515,11.653818966886927,0.0,2,5097
285,285:0,RoadDebris:1,scene_28_24,14302230986,RoadDebris,17.633104577365515,11.653818966886927,0.5,2,7485
285,285:1,RoadDebris:2,scene_28_24,14302230986,RoadDebris,16.594194790544645,3.1539976540395642,0.0,5,8295
285,285:1,RoadDebris:2,scene_28_24,14302230986,RoadDebris,16.594194790544645,3.1539976540395642,0.5,9,12306
285,285:2,RoadObstruction:1,scene_28_24,14302230986,RoadObstruction-Cone,14.81082528927281,-40.07283056768995,0.0,0,8
285,285:2,RoadObstruction:1,scene_28_24,14302230986,RoadObstruction-Cone,14.81082528927281,-40.07283056768995,0.5,2,1279
285,285:3,RoadObstruction:3,scene_28_24,14302230986,RoadObstruction-Cone,47.82501056708662,115.22621530960654,0.0,0,0
285,285:3,RoadObstruction:3,scene_28_24,14302230986,RoadObstruction-Cone,47.82501056708662,115.22621530960654,0.5,0,111
285,285:4,RoadObstruction:5,scene_28_24,14302230986,RoadObstruction,56.81257342321156,102.58265956526085,0.0,0,11
285,285:4,RoadObstruction:5,scene_28_24,14302230986,RoadObstruction,56.81257342321156,102.58265956526085,0.5,0,258
285,285:5,TrafficSign:10,scene_28_24,14302230986,TrafficSign,102.28848379511443,178.62619705170988,0.0,0,0
285,285:5,TrafficSign:10,scene_28_24,14302230986,TrafficSign,102.28848379511443,178.62619705170988,0.5,0,4
285,285:6,TrafficSign:2,scene_28_24,14302230986,TrafficSign,85.04869392409529,-35.587101696054944,0.0,0,1
285,285:6,TrafficSign:2,scene_28_24,14302230986,TrafficSign,85.04869392409529,-35.587101696054944,0.5,0,9
285,285:7,TrafficSign:7,scene_28_24,14302230986,TrafficSign,263.0937452809589,-25.24994692156025,0.0,0,0
285,285:7,TrafficSign:7,scene_28_24,14302230986,TrafficSign,263.0937452809589,-25.24994692156025,0.5,0,0
285,285:8,Vehicle:1,scene_28_24,14302230986,Vehicle-SemiTruck-Cab,36.19215983150419,143.4997241413017,0.0,17,2225
285,285:8,Vehicle:1,scene_28_24,14302230986,Vehicle-SemiTruck-Cab,36.19215983150419,143.4997241413017,0.5,19,2701
285,285:9,Vehicle:10,scene_28_24,14302230986,Vehicle-SemiTruck-Trailer,14.491372323814266,-121.04106734368631,0.0,21,12655
285,285:9,Vehicle:10,scene_28_24,14302230986,Vehicle-SemiTruck-Trailer,14.491372323814266,-121.04106734368631,0.5,30,29079
285,285:10,Vehicle:11,scene_28_24,14302230986,Vehicle-SemiTruck-Trailer,14.296245239915748,-106.48014998404035,0.0,39,19133
285,285:10,Vehicle:11,scene_28_24,14302230986,Vehicle-SemiTruck-Trailer,14.296245239915748,-106.48014998404035,0.5,61,37161
285,285:11,Vehicle:12,scene_28_24,14302230986,Vehicle-SemiTruck-Trailer,14.782670922563105,-92.81907592136957,0.0,10,16700
285,285:11,Vehicle:12,scene_28_24,14302230986,Vehicle-SemiTruck-Trailer,14.782670922563105,-92.81907592136957,0.5,23,30045
285,285:12,Vehicle:13,scene_28_24,14302230986,Vehicle-SemiTruck-Trailer,16.10949299675547,-80.32527100729796,0.0,16,18304
285,285:12,Vehicle:13,scene_28_24,14302230986,Vehicle-SemiTruck-Trailer,16.10949299675547,-80.32527100729796,0.5,18,20477
285,285:14,Vehicle:2,scene_28_24,14302230986,Vehicle-SemiTruck-Cab,37.02163330029914,127.13838349105184,0.0,13,2349
285,285:14,Vehicle:2,scene_28_24,14302230986,Vehicle-SemiTruck-Cab,37.02163330029914,127.13838349105184,0.5,15,3145
285,285:15,Vehicle:3,scene_28_24,14302230986,Vehicle-SemiTruck-Cab,39.21003575801468,122.2912838899937,0.0,5,1840
285,285:15,Vehicle:3,scene_28_24,14302230986,Vehicle-SemiTruck-Cab,39.21003575801468,122.2912838899937,0.5,8,1929
285,285:16,Vehicle:4,scene_28_24,14302230986,Vehicle-SemiTruck-Cab,44.36829350530785,110.60074680480317,0.0,12,2393
285,285:16,Vehicle:4,scene_28_24,14302230986,Vehicle-SemiTruck-Cab,44.36829350530785,110.60074680480317,0.5,13,3003
285,285:17,Vehicle:5,scene_28_24,14302230986,Vehicle-SemiTruck-Cab,46.07384356091531,106.13500611018617,0.0,11,1704
285,285:17,Vehicle:5,scene_28_24,14302230986,Vehicle-SemiTruck-Cab,46.07384356091531,106.13500611018617,0.5,16,2178
285,285:18,Vehicle:6,scene_28_24,14302230986,Vehicle-SemiTruck-Cab,36.86018141195037,154.77231912840233,0.0,13,6955
285,285:18,Vehicle:6,scene_28_24,14302230986,Vehicle-SemiTruck-Cab,36.86018141195037,154.77231912840233,0.5,14,7883
285,285:19,Vehicle:7,scene_28_24,14302230986,Vehicle-SemiTruck-Cab,38.77075740321095,165.96105639898443,0.0,6,7239
285,285:19,Vehicle:7,scene_28_24,14302230986,Vehicle-SemiTruck-Cab,38.77075740321095,165.96105639898443,0.5,10,7561
285,285:20,Vehicle:8,scene_28_24,14302230986,Vehicle-SemiTruck-Cab,17.741004899749566,-51.100503301095394,0.0,17,8462
285,285:20,Vehicle:8,scene_28_24,14302230986,Vehicle-SemiTruck-Cab,17.741004899749566,-51.100503301095394,0.5,23,17856
285,285:21,Vehicle:9,scene_28_24,14302230986,Vehicle-SemiTruck-Trailer,17.468938470708114,-144.3413103270324,0.0,13,42699
285,285:21,Vehicle:9,scene_28_24,14302230986,Vehicle-SemiTruck-Trailer,17.468938470708114,-144.3413103270324,0.5,17,47912
295,295:0,RoadDebris:1,scene_28_24,14802207136,RoadDebris,15.947025374486094,-0.008659648621318327,0.0,5,6748
295,295:0,RoadDebris:1,scene_28_24,14802207136,RoadDebris,15.947025374486094,-0.008659648621318327,0.5,9,9521
295,295:1,RoadDebris:2,scene_28_24,14802207136,RoadDebris,14.93619618066573,-9.418404768830484,0.0,9,9579
295,295:1,RoadDebris:2,scene_28_24,14802207136,RoadDebris,14.93619618066573,-9.418404768830484,0.5,14,13800
295,295:2,RoadObstruction:1,scene_28_24,14802207136,RoadObstruction-Cone,14.039386200694286,-56.30767328239223,0.0,0,36
295,295:2,RoadObstruction:1,scene_28_24,14802207136,RoadObstruction-Cone,14.039386200694286,-56.30767328239223,0.5,2,711
295,295:3,RoadObstruction:3,scene_28_24,14802207136,RoadObstruction-Cone,48.114985352814905,106.32280141960521,0.0,0,0
295,295:3,RoadObstruction:3,scene_28_24,14802207136,RoadObstruction-Cone,48.114985352814905,106.32280141960521,0.5,1,138
295,295:4,RoadObstruction:5,scene_28_24,14802207136,RoadObstruction,56.64505542957686,93.34773438107268,0.0,0,9
295,295:4,RoadObstruction:5,scene_28_24,14802207136,RoadObstruction,56.64505542957686,93.34773438107268,0.5,1,229
295,295:5,TrafficSign:10,scene_28_24,14802207136,TrafficSign,103.85101536561774,168.02647879126997,0.0,0,0
295,295:5,TrafficSign:10,scene_28_24,14802207136,TrafficSign,103.85101536561774,168.02647879126997,0.5,0,13
295,295:6,TrafficSign:2,scene_28_24,14802207136,TrafficSign,83.97657599576488,-47.9588656199794,0.0,0,0
295,295:6,TrafficSign:2,scene_28_24,14802207136,TrafficSign,83.97657599576488,-47.9588656199794,0.5,1,3
295,295:7,Vehicle:1,scene_28_24,14802207136,Vehicle-SemiTruck-Cab,37.21264566786583,134.6914269059779,0.0,23,2082
295,295:7,Vehicle:1,scene_28_24,14802207136,Vehicle-SemiTruck-Cab,37.21264566786583,134.6914269059779,0.5,23,2601
295,295:8,Vehicle:10,scene_28_24,14802207136,Vehicle-SemiTruck-Trailer,15.72999916118384,-136.01725231801564,0.0,12,20145
295,295:8,Vehicle:10,scene_28_24,14802207136,Vehicle-SemiTruck-Trailer,15.72999916118384,-136.01725231801564,0.5,32,37588
295,295:9,Vehicle:11,scene_28_24,14802207136,Vehicle-SemiTruck-Trailer,15.257500342388209,-122.60655234255893,0.0,23,17549
295,295:9,Vehicle:11,scene_28_24,14802207136,Vehicle-SemiTruck-Trailer,15.257500342388209,-122.60655234255893,0.5,50,37388
295,295:10,Vehicle:12,scene_28_24,14802207136,Vehicle-SemiTruck-Trailer,15.485340695041586,-109.67160914835696,0.0,18,20165
295,295:10,Vehicle:12,scene_28_24,14802207136,Vehicle-SemiTruck-Trailer,15.485340695041586,-109.67160914835696,0.5,35,35734
295,295:11,Vehicle:13,scene_28_24,14802207136,Vehicle-SemiTruck-Trailer,16.417040855545004,-97.21344192029096,0.0,16,18825
295,295:11,Vehicle:13,scene_28_24,14802207136,Vehicle-SemiTruck-Trailer,16.417040855545004,-97.21344192029096,0.5,18,25286
295,295:13,Vehicle:2,scene_28_24,14802207136,Vehicle-SemiTruck-Cab,37.61024832014986,118.6808128733619,0.0,11,2850
295,295:13,Vehicle:2,scene_28_24,14802207136,Vehicle-SemiTruck-Cab,37.61024832014986,118.6808128733619,0.5,22,3388
295,295:14,Vehicle:3,scene_28_24,14802207136,Vehicle-SemiTruck-Cab,39.67061806710984,113.7342391595893,0.0,10,2041
295,295:14,Vehicle:3,scene_28_24,14802207136,Vehicle-SemiTruck-Cab,39.67061806710984,113.7342391595893,0.5,14,2124
295,295:15,Vehicle:4,scene_28_24,14802207136,Vehicle-SemiTruck-Cab,44.517033937466124,101.88383172700703,0.0,10,2869
295,295:15,Vehicle:4,scene_28_24,14802207136,Vehicle-SemiTruck-Cab,44.517033937466124,101.88383172700703,0.5,10,3440
295,295:16,Vehicle:5,scene_28_24,14802207136,Vehicle-SemiTruck-Cab,46.04364956314335,97.32133398808054,0.0,9,1699
295,295:16,Vehicle:5,scene_28_24,14802207136,Vehicle-SemiTruck-Cab,46.04364956314335,97.32133398808054,0.5,12,2056
295,295:17,Vehicle:6,scene_28_24,14802207136,Vehicle-SemiTruck-Cab,38.06699955773572,145.5060599627394,0.0,17,2239
295,295:17,Vehicle:6,scene_28_24,14802207136,Vehicle-SemiTruck-Cab,38.06699955773572,145.5060599627394,0.5,23,2567
295,295:18,Vehicle:7,scene_28_24,14802207136,Vehicle-SemiTruck-Cab,40.194347743857534,156.30416138714992,0.0,7,6098
295,295:18,Vehicle:7,scene_28_24,14802207136,Vehicle-SemiTruck-Cab,40.194347743857534,156.30416138714992,0.5,11,6650
295,295:19,Vehicle:8,scene_28_24,14802207136,Vehicle-SemiTruck-Cab,17.09845811260181,-66.91404628504665,0.0,19,10477
295,295:19,Vehicle:8,scene_28_24,14802207136,Vehicle-SemiTruck-Cab,17.09845811260181,-66.91404628504665,0.5,29,20741
295,295:20,Vehicle:9,scene_28_24,14802207136,Vehicle-SemiTruck-Trailer,19.23896978234552,-156.27741508487327,0.0,14,29938
295,295:20,Vehicle:9,scene_28_24,14802207136,Vehicle-SemiTruck-Trailer,19.23896978234552,-156.27741508487327,0.5,23,32961
295,295:21,TrafficSign:7,scene_28_24,14802207136,TrafficSign,261.92880660750427,-36.342025327525704,0.0,0,0
295,295:21,TrafficSign:7,scene_28_24,14802207136,TrafficSign,261.92880660750427,-36.342025327525704,0.5,0,0
305,305:0,RoadDebris:1,scene_28_24,15302192211,RoadDebris,14.470124666351568,-14.034357283314224,0.0,7,6399
305,305:0,RoadDebris:1,scene_28_24,15302192211,RoadDebris,14.470124666351568,-14.034357283314224,0.5,10,8456
305,305:1,RoadDebris:2,scene_28_24,15302192211,RoadDebris,13.585431511378536,-24.60496867740057,0.0,7,5297
305,305:1,RoadDebris:2,scene_28_24,15302192211,RoadDebris,13.585431511378536,-24.60496867740057,0.5,15,8165
305,305:2,RoadObstruction:1,scene_28_24,15302192211,RoadObstruction-Cone,13.762778094013067,-74.02791322067804,0.0,0,25
305,305:2,RoadObstruction:1,scene_28_24,15302192211,RoadObstruction-Cone,13.762778094013067,-74.02791322067804,0.5,1,836
305,305:3,RoadObstruction:3,scene_28_24,15302192211,RoadObstruction-Cone,48.13266269284574,96.31857188532277,0.0,0,2
305,305:3,RoadObstruction:3,scene_28_24,15302192211,RoadObstruction-Cone,48.13266269284574,96.31857188532277,0.5,0,174
305,305:4,RoadObstruction:5,scene_28_24,15302192211,RoadObstruction,56.275165792333325,83.04336151316545,0.0,0,4
305,305:4,RoadObstruction:5,scene_28_24,15302192211,RoadObstruction,56.275165792333325,83.04336151316545,0.5,0,231
305,305:5,TrafficSign:10,scene_28_24,15302192211,TrafficSign,105.20214759016919,156.593349110409,0.0,0,0
305,305:5,TrafficSign:10,scene_28_24,15302192211,TrafficSign,105.20214759016919,156.593349110409,0.5,0,12
305,305:6,TrafficSign:2,scene_28_24,15302192211,TrafficSign,83.5962352778849,-61.184551857838485,0.0,0,12
305,305:6,TrafficSign:2,scene_28_24,15302192211,TrafficSign,83.5962352778849,-61.184551857838485,0.5,0,110
305,305:7,TrafficSign:7,scene_28_24,15302192211,TrafficSign,260.95070734153353,-48.489198902283505,0.0,0,0
305,305:7,TrafficSign:7,scene_28_24,15302192211,TrafficSign,260.95070734153353,-48.489198902283505,0.5,0,0
305,305:8,Vehicle:1,scene_28_24,15302192211,Vehicle-SemiTruck-Cab,37.932083196127444,124.98741173326057,0.0,31,1580
305,305:8,Vehicle:1,scene_28_24,15302192211,Vehicle-SemiTruck-Cab,37.932083196127444,124.98741173326057,0.5,33,2415
305,305:9,Vehicle:10,scene_28_24,15302192211,Vehicle-SemiTruck-Trailer,17.117540218011733,-150.13456379862072,0.0,5,27930
305,305:9,Vehicle:10,scene_28_24,15302192211,Vehicle-SemiTruck-Trailer,17.117540218011733,-150.13456379862072,0.5,15,49590
305,305:10,Vehicle:11,scene_28_24,15302192211,Vehicle-SemiTruck-Trailer,16.43857177309322,-137.7725104377136,0.0,23,20027
305,305:10,Vehicle:11,scene_28_24,15302192211,Vehicle-SemiTruck-Trailer,16.43857177309322,-137.7725104377136,0.5,40,35748
305,305:11,Vehicle:12,scene_28_24,15302192211,Vehicle-SemiTruck-Trailer,16.573007737910206,-125.89984113191056,0.0,13,12755
305,305:11,Vehicle:12,scene_28_24,15302192211,Vehicle-SemiTruck-Trailer,16.573007737910206,-125.89984113191056,0.5,32,30413
305,305:12,Vehicle:13,scene_28_24,15302192211,Vehicle-SemiTruck-Trailer,17.2455687949363,-113.85437557309965,0.0,16,18385
305,305:12,Vehicle:13,scene_28_24,15302192211,Vehicle-SemiTruck-Trailer,17.2455687949363,-113.85437557309965,0.5,21,24748
305,305:14,Vehicle:2,scene_28_24,15302192211,Vehicle-SemiTruck-Cab,37.86419529618586,109.27699694249735,0.0,12,2450
305,305:14,Vehicle:2,scene_28_24,15302192211,Vehicle-SemiTruck-Cab,37.86419529618586,109.27699694249735,0.5,21,3104
305,305:15,Vehicle:3,scene_28_24,15302192211,Vehicle-SemiTruck-Cab,39.90316408939548,104.14492498390437,0.0,10,2020
305,305:15,Vehicle:3,scene_28_24,15302192211,Vehicle-SemiTruck-Cab,39.90316408939548,104.14492498390437,0.5,14,2166
305,305:16,Vehicle:4,scene_28_24,15302192211,Vehicle-SemiTruck-Cab,44.4026069525609,92.06860726492236,0.0,7,2819
305,305:16,Vehicle:4,scene_28_24,15302192211,Vehicle-SemiTruck-Cab,44.4026069525609,92.06860726492236,0.5,10,3540
305,305:17,Vehicle:5,scene_28_24,15302192211,Vehicle-SemiTruck-Cab,45.73883343188348,87.40729041320462,0.0,8,1823
305,305:17,Vehicle:5,scene_28_24,15302192211,Vehicle-SemiTruck-Cab,45.73883343188348,87.40729041320462,0.5,10,2229
305,305:18,Vehicle:6,scene_28_24,15302192211,Vehicle-SemiTruck-Cab,39.074709746346684,135.40307412777724,0.0,13,1590
305,305:18,Vehicle:6,scene_28_24,15302192211,Vehicle-SemiTruck-Cab,39.074709746346684,135.40307412777724,0.5,15,2029
305,305:19,Vehicle:7,scene_28_24,15302192211,Vehicle-SemiTruck-Cab,41.28009506684469,145.98808627784072,0.0,5,1922
305,305:19,Vehicle:7,scene_28_24,15302192211,Vehicle-SemiTruck-Cab,41.28009506684469,145.98808627784072,0.5,7,2197
305,305:20,Vehicle:8,scene_28_24,15302192211,Vehicle-SemiTruck-Cab,16.983082685597907,-84.11343428218608,0.0,18,10612
305,305:20,Vehicle:8,scene_28_24,15302192211,Vehicle-SemiTruck-Cab,16.983082685597907,-84.11343428218608,0.5,24,19198
305,305:21,Vehicle:9,scene_28_24,15302192211,Vehicle-SemiTruck-Trailer,20.852266952088556,-168.7740605035661,0.0,9,13488
305,305:21,Vehicle:9,scene_28_24,15302192211,Vehicle-SemiTruck-Trailer,20.852266952088556,-168.7740605035661,0.5,15,23098
317,317:0,RoadDebris:1,scene_28_24,15902096461,RoadDebris,12.97402425279476,-34.114199652004096,0.0,4,5102
317,317:0,RoadDebris:1,scene_28_24,15902096461,RoadDebris,12.97402425279476,-34.114199652004096,0.5,8,6416
317,317:1,RoadDebris:2,scene_28_24,15902096461,RoadDebris,12.378967881510652,-46.15222040963088,0.0,8,5382
317,317:1,RoadDebris:2,scene_28_24,15902096461,RoadDebris,12.378967881510652,-46.15222040963088,0.5,15,6811
317,317:2,RoadObstruction:1,scene_28_24,15902096461,RoadObstruction-Cone,14.088870455456663,-97.15977491762024,0.0,0,51
317,317:2,RoadObstruction:1,scene_28_24,15902096461,RoadObstruction-Cone,14.088870455456663,-97.15977491762024,0.5,1,1390
317,317:3,RoadObstruction:3,scene_28_24,15902096461,RoadObstruction-Cone,47.619126784527054,83.47607557744332,0.0,0,0
317,317:3,RoadObstruction:3,scene_28_24,15902096461,RoadObstruction-Cone,47.619126784527054,83.47607557744332,0.5,0,107
317,317:4,RoadObstruction:5,scene_28_24,15902096461,RoadObstruction,55.340962082010584,69.82120983318357,0.0,0,3
317,317:4,RoadObstruction:5,scene_28_24,15902096461,RoadObstruction,55.340962082010584,69.82120983318357,0.5,0,145
317,317:5,TrafficSign:10,scene_28_24,15902096461,TrafficSign,106.60284335009776,142.2575215329221,0.0,0,0
317,317:5,TrafficSign:10,scene_28_24,15902096461,TrafficSign,106.60284335009776,142.2575215329221,0.5,0,5
317,317:6,TrafficSign:2,scene_28_24,15902096461,TrafficSign,83.05512742102286,-76.95574412383432,0.0,0,0
317,317:6,TrafficSign:2,scene_28_24,15902096461,TrafficSign,83.05512742102286,-76.95574412383432,0.5,0,1
317,317:7,Vehicle:1,scene_28_24,15902096461,Vehicle-SemiTruck-Cab,38.45106960238431,112.75315031970455,0.0,19,2082
317,317:7,Vehicle:1,scene_28_24,15902096461,Vehicle-SemiTruck-Cab,38.45106960238431,112.75315031970455,0.5,19,2618
317,317:8,Vehicle:10,scene_28_24,15902096461,Vehicle-SemiTruck-Trailer,18.941518310973454,-166.59544362680407,0.0,8,21941
317,317:8,Vehicle:10,scene_28_24,15902096461,Vehicle-SemiTruck-Trailer,18.941518310973454,-166.59544362680407,0.5,13,36048
317,317:9,Vehicle:11,scene_28_24,15902096461,Vehicle-SemiTruck-Trailer,18.14505898545929,-155.17995486212476,0.0,14,36321
317,317:9,Vehicle:11,scene_28_24,15902096461,Vehicle-SemiTruck-Trailer,18.14505898545929,-155.17995486212476,0.5,25,59694
317,317:10,Vehicle:12,scene_28_24,15902096461,Vehicle-SemiTruck-Trailer,18.25217233528715,-144.2574506125575,0.0,27,12932
317,317:10,Vehicle:12,scene_28_24,15902096461,Vehicle-SemiTruck-Trailer,18.25217233528715,-144.2574506125575,0.5,38,32920
317,317:11,Vehicle:13,scene_28_24,15902096461,Vehicle-SemiTruck-Trailer,18.69586131082654,-133.1674402359636,0.0,3,12135
317,317:11,Vehicle:13,scene_28_24,15902096461,Vehicle-SemiTruck-Trailer,18.69586131082654,-133.1674402359636,0.5,5,18113
317,317:13,Vehicle:2,scene_28_24,15902096461,Vehicle-SemiTruck-Cab,37.87142931172875,97.32395274815802,0.0,11,3472
317,317:13,Vehicle:2,scene_28_24,15902096461,Vehicle-SemiTruck-Cab,37.87142931172875,97.32395274815802,0.5,18,4124
317,317:14,Vehicle:3,scene_28_24,15902096461,Vehicle-SemiTruck-Cab,39.78335125294956,91.94145144773339,0.0,9,2216
317,317:14,Vehicle:3,scene_28_24,15902096461,Vehicle-SemiTruck-Cab,39.78335125294956,91.94145144773339,0.5,13,2385
317,317:15,Vehicle:4,scene_28_24,15902096461,Vehicle-SemiTruck-Cab,43.81680966525476,79.37599300085738,0.0,6,2632
317,317:15,Vehicle:4,scene_28_24,15902096461,Vehicle-SemiTruck-Cab,43.81680966525476,79.37599300085738,0.5,7,3220
317,317:16,Vehicle:5,scene_28_24,15902096461,Vehicle-SemiTruck-Cab,44.93801832748556,74.59747270617713,0.0,6,1612
317,317:16,Vehicle:5,scene_28_24,15902096461,Vehicle-SemiTruck-Cab,44.93801832748556,74.59747270617713,0.5,8,1891
317,317:17,Vehicle:6,scene_28_24,15902096461,Vehicle-SemiTruck-Cab,39.91499689844902,122.8592726480876,0.0,8,1906
317,317:17,Vehicle:6,scene_28_24,15902096461,Vehicle-SemiTruck-Cab,39.91499689844902,122.8592726480876,0.5,10,2531
317,317:18,Vehicle:7,scene_28_24,15902096461,Vehicle-SemiTruck-Cab,42.43080906047523,133.01489737491792,0.0,7,1757
317,317:18,Vehicle:7,scene_28_24,15902096461,Vehicle-SemiTruck-Cab,42.43080906047523,133.01489737491792,0.5,8,2013
317,317:19,Vehicle:8,scene_28_24,15902096461,Vehicle-SemiTruck-Cab,17.62609997926291,-105.65949304963426,0.0,23,8877
317,317:19,Vehicle:8,scene_28_24,15902096461,Vehicle-SemiTruck-Cab,17.62609997926291,-105.65949304963426,0.5,26,18340
317,317:20,Vehicle:9,scene_28_24,15902096461,Vehicle-SemiTruck-Trailer,22.527324682676948,175.89846926240128,0.0,12,34252
317,317:20,Vehicle:9,scene_28_24,15902096461,Vehicle-SemiTruck-Trailer,22.527324682676948,175.89846926240128,0.5,17,39121
327,327:0,RoadDebris:1,scene_28_24,16402081561,RoadDebris,12.256071429079912,-53.603257103129245,0.0,3,1991
327,327:0,RoadDebris:1,scene_28_24,16402081561,RoadDebris,12.256071429079912,-53.603257103129245,0.5,5,2759
327,327:1,RoadDebris:2,scene_28_24,16402081561,RoadDebris,11.9442314862237,-66.39051186579144,0.0,7,4533
327,327:1,RoadDebris:2,scene_28_24,16402081561,RoadDebris,11.9442314862237,-66.39051186579144,0.5,12,6291
327,327:2,RoadObstruction:1,scene_28_24,16402081561,RoadObstruction-Cone,14.942900263814686,-116.18347406552161,0.0,0,1
327,327:2,RoadObstruction:1,scene_28_24,16402081561,RoadObstruction-Cone,14.942900263814686,-116.18347406552161,0.5,3,1511
327,327:3,RoadObstruction:3,scene_28_24,16402081561,RoadObstruction-Cone,46.842952615152846,71.65979338201936,0.0,0,1
327,327:3,RoadObstruction:3,scene_28_24,16402081561,RoadObstruction-Cone,46.842952615152846,71.65979338201936,0.5,0,69
327,327:4,RoadObstruction:4,scene_28_24,16402081561,RoadObstruction,51.79968582487167,61.19764296095574,0.0,0,0
327,327:4,RoadObstruction:4,scene_28_24,16402081561,RoadObstruction,51.79968582487167,61.19764296095574,0.5,0,12
327,327:5,RoadObstruction:5,scene_28_24,16402081561,RoadObstruction,54.28741903010298,57.72461280445097,0.0,0,0
327,327:5,RoadObstruction:5,scene_28_24,16402081561,RoadObstruction,54.28741903010298,57.72461280445097,0.5,2,54
327,327:6,TrafficSign:10,scene_28_24,16402081561,TrafficSign,107.40400294189334,129.6189034677102,0.0,0,0
327,327:6,TrafficSign:10,scene_28_24,16402081561,TrafficSign,107.40400294189334,129.6189034677102,0.5,0,0
327,327:7,Vehicle:1,scene_28_24,16402081561,Vehicle-SemiTruck-Cab,38.51816411852684,101.71329386974868,0.0,16,2097
327,327:7,Vehicle:1,scene_28_24,16402081561,Vehicle-SemiTruck-Cab,38.51816411852684,101.71329386974868,0.5,16,2750
327,327:8,Vehicle:10,scene_28_24,16402081561,Vehicle-SemiTruck-Trailer,20.41862855751197,-179.6067606032021,0.0,14,11421
327,327:8,Vehicle:10,scene_28_24,16402081561,Vehicle-SemiTruck-Trailer,20.41862855751197,-179.6067606032021,0.5,27,20914
327,327:9,Vehicle:11,scene_28_24,16402081561,Vehicle-SemiTruck-Trailer,19.66500999724528,-168.89886860197734,0.0,8,29472
327,327:9,Vehicle:11,scene_28_24,16402081561,Vehicle-SemiTruck-Trailer,19.66500999724528,-168.89886860197734,0.5,12,46433
327,327:10,Vehicle:12,scene_28_24,16402081561,Vehicle-SemiTruck-Trailer,19.78269763161786,-158.50255671019414,0.0,34,17452
327,327:10,Vehicle:12,scene_28_24,16402081561,Vehicle-SemiTruck-Trailer,19.78269763161786,-158.50255671019414,0.5,47,51084
327,327:11,Vehicle:13,scene_28_24,16402081561,Vehicle-SemiTruck-Trailer,20.100653897245245,-148.11865517924988,0.0,4,26558
327,327:11,Vehicle:13,scene_28_24,16402081561,Vehicle-SemiTruck-Trailer,20.100653897245245,-148.11865517924988,0.5,7,35614
327,327:13,Vehicle:2,scene_28_24,16402081561,Vehicle-SemiTruck-Cab,37.601499233654614,86.37523561155098,0.0,14,3650
327,327:13,Vehicle:2,scene_28_24,16402081561,Vehicle-SemiTruck-Cab,37.601499233654614,86.37523561155098,0.5,21,4225
327,327:14,Vehicle:3,scene_28_24,16402081561,Vehicle-SemiTruck-Cab,39.29287814622987,80.80363408975727,0.0,9,1882
327,327:14,Vehicle:3,scene_28_24,16402081561,Vehicle-SemiTruck-Cab,39.29287814622987,80.80363408975727,0.5,10,2228
327,327:15,Vehicle:4,scene_28_24,16402081561,Vehicle-SemiTruck-Cab,42.99275114500128,67.6441177619404,0.0,8,2336
327,327:15,Vehicle:4,scene_28_24,16402081561,Vehicle-SemiTruck-Cab,42.99275114500128,67.6441177619404,0.5,11,2803
327,327:16,Vehicle:5,scene_28_24,16402081561,Vehicle-SemiTruck-Cab,44.04597481469626,62.71755758486654,0.0,9,1364
327,327:16,Vehicle:5,scene_28_24,16402081561,Vehicle-SemiTruck-Cab,44.04597481469626,62.71755758486654,0.5,10,1524
327,327:17,Vehicle:6,scene_28_24,16402081561,Vehicle-SemiTruck-Cab,40.07202564875165,111.77209393267515,0.0,13,1846
327,327:17,Vehicle:6,scene_28_24,16402081561,Vehicle-SemiTruck-Cab,40.07202564875165,111.77209393267515,0.5,17,2997
327,327:18,Vehicle:7,scene_28_24,16402081561,Vehicle-SemiTruck-Cab,43.02719961617001,121.53503582281856,0.0,6,1689
327,327:18,Vehicle:7,scene_28_24,16402081561,Vehicle-SemiTruck-Cab,43.02719961617001,121.53503582281856,0.5,7,1922
327,327:19,Vehicle:8,scene_28_24,16402081561,Vehicle-SemiTruck-Cab,18.790720093415402,-122.94216467288894,0.0,15,6793
327,327:19,Vehicle:8,scene_28_24,16402081561,Vehicle-SemiTruck-Cab,18.790720093415402,-122.94216467288894,0.5,19,13731
327,327:20,Vehicle:9,scene_28_24,16402081561,Vehicle-SemiTruck-Trailer,23.844256914834077,163.88630838834814,0.0,16,34798
327,327:20,Vehicle:9,scene_28_24,16402081561,Vehicle-SemiTruck-Trailer,23.844256914834077,163.88630838834814,0.5,21,40258
327,327:21,TrafficSign:2,scene_28_24,16402081561,TrafficSign,83.3932095068756,-91.17789451495186,0.0,0,0
327,327:21,TrafficSign:2,scene_28_24,16402081561,TrafficSign,83.3932095068756,-91.17789451495186,0.5,0,0
337,337:0,RoadDebris:1,scene_28_24,16902225011,RoadDebris,12.023212476719946,-74.58786674880665,0.0,7,3998
337,337:0,RoadDebris:1,scene_28_24,16902225011,RoadDebris,12.023212476719946,-74.58786674880665,0.5,8,4710
337,337:1,RoadDebris:2,scene_28_24,16902225011,RoadDebris,12.010269160067867,-87.55390623313156,0.0,5,6798
337,337:1,RoadDebris:2,scene_28_24,16902225011,RoadDebris,12.010269160067867,-87.55390623313156,0.5,6,9125
337,337:2,RoadObstruction:1,scene_28_24,16902225011,RoadObstruction-Cone,16.188776056199547,-133.75478141241635,0.0,0,12
337,337:2,RoadObstruction:1,scene_28_24,16902225011,RoadObstruction-Cone,16.188776056199547,-133.75478141241635,0.5,1,1116
337,337:3,RoadObstruction:3,scene_28_24,16902225011,RoadObstruction-Cone,45.82857713025481,59.21986241403015,0.0,0,0
337,337:3,RoadObstruction:3,scene_28_24,16902225011,RoadObstruction-Cone,45.82857713025481,59.21986241403015,0.5,0,54
337,337:4,RoadObstruction:4,scene_28_24,16902225011,RoadObstruction,50.579338489788064,48.52096400148084,0.0,0,0
337,337:4,RoadObstruction:4,scene_28_24,16902225011,RoadObstruction,50.579338489788064,48.52096400148084,0.5,0,27
337,337:5,RoadObstruction:5,scene_28_24,16902225011,RoadObstruction,52.985624638906124,44.96502258745621,0.0,0,0
337,337:5,RoadObstruction:5,scene_28_24,16902225011,RoadObstruction,52.985624638906124,44.96502258745621,0.5,3,61
337,337:6,TrafficSign:10,scene_28_24,16902225011,TrafficSign,107.88857747830542,116.75662130685089,0.0,0,0
337,337:6,TrafficSign:10,scene_28_24,16902225011,TrafficSign,107.88857747830542,116.75662130685089,0.5,0,2
337,337:7,Vehicle:1,scene_28_24,16902225011,Vehicle-SemiTruck-Cab,38.313158384798285,90.33073845861821,0.0,15,2378
337,337:7,Vehicle:1,scene_28_24,16902225011,Vehicle-SemiTruck-Cab,38.313158384798285,90.33073845861821,0.5,19,3013
337,337:8,Vehicle:10,scene_28_24,16902225011,Vehicle-SemiTruck-Trailer,21.87318739466364,168.03954110457727,0.0,20,25813
337,337:8,Vehicle:10,scene_28_24,16902225011,Vehicle-SemiTruck-Trailer,21.87318739466364,168.03954110457727,0.5,30,38966
337,337:9,Vehicle:11,scene_28_24,16902225011,Vehicle-SemiTruck-Trailer,21.18728425653116,178.09407257016903,0.0,14,11446
337,337:9,Vehicle:11,scene_28_24,16902225011,Vehicle-SemiTruck-Trailer,21.18728425653116,178.09407257016903,0.5,23,24293
337,337:10,Vehicle:12,scene_28_24,16902225011,Vehicle-SemiTruck-Trailer,21.338693669934273,-172.31850560939927,0.0,26,15696
337,337:10,Vehicle:12,scene_28_24,16902225011,Vehicle-SemiTruck-Trailer,21.338693669934273,-172.31850560939927,0.5,42,41093
337,337:11,Vehicle:13,scene_28_24,16902225011,Vehicle-SemiTruck-Trailer,21.579661217486223,-162.18003188713644,0.0,6,27352
337,337:11,Vehicle:13,scene_28_24,16902225011,Vehicle-SemiTruck-Trailer,21.579661217486223,-162.18003188713644,0.5,12,35955
337,337:13,Vehicle:2,scene_28_24,16902225011,Vehicle-SemiTruck-Cab,37.016758393832504,74.88187608961833,0.0,11,3440
337,337:13,Vehicle:2,scene_28_24,16902225011,Vehicle-SemiTruck-Cab,37.016758393832504,74.88187608961833,0.5,17,4217
337,337:14,Vehicle:3,scene_28_24,16902225011,Vehicle-SemiTruck-Cab,38.46739493600122,69.17184750771912,0.0,12,1848
337,337:14,Vehicle:3,scene_28_24,16902225011,Vehicle-SemiTruck-Cab,38.46739493600122,69.17184750771912,0.5,12,2127
337,337:15,Vehicle:4,scene_28_24,16902225011,Vehicle-SemiTruck-Cab,41.93275867274738,55.378060854012595,0.0,14,3631
337,337:15,Vehicle:4,scene_28_24,16902225011,Vehicle-SemiTruck-Cab,41.93275867274738,55.378060854012595,0.5,18,4145
337,337:16,Vehicle:5,scene_28_24,16902225011,Vehicle-SemiTruck-Cab,43.04069072858062,50.218038701911055,0.0,10,1749
337,337:16,Vehicle:5,scene_28_24,16902225011,Vehicle-SemiTruck-Cab,43.04069072858062,50.218038701911055,0.5,16,2187
337,337:17,Vehicle:6,scene_28_24,16902225011,Vehicle-SemiTruck-Cab,39.98555141219954,100.4331137978471,0.0,7,1892
337,337:17,Vehicle:6,scene_28_24,16902225011,Vehicle-SemiTruck-Cab,39.98555141219954,100.4331137978471,0.5,10,3186
337,337:18,Vehicle:7,scene_28_24,16902225011,Vehicle-SemiTruck-Cab,43.288731939946466,109.9330968437446,0.0,3,1862
337,337:18,Vehicle:7,scene_28_24,16902225011,Vehicle-SemiTruck-Cab,43.288731939946466,109.9330968437446,0.5,5,2202
337,337:19,Vehicle:8,scene_28_24,16902225011,Vehicle-SemiTruck-Cab,20.228542559869464,-139.16247459719688,0.0,18,5439
337,337:19,Vehicle:8,scene_28_24,16902225011,Vehicle-SemiTruck-Cab,20.228542559869464,-139.16247459719688,0.5,27,11482
337,337:20,Vehicle:9,scene_28_24,16902225011,Vehicle-SemiTruck-Trailer,25.17681224928673,152.49983201035863,0.0,15,23479
337,337:20,Vehicle:9,scene_28_24,16902225011,Vehicle-SemiTruck-Trailer,25.17681224928673,152.49983201035863,0.5,25,27531
337,337:21,TrafficSign:2,scene_28_24,16902225011,TrafficSign,84.15981924512272,-105.90324751117485,0.0,0,0
337,337:21,TrafficSign:2,scene_28_24,16902225011,TrafficSign,84.15981924512272,-105.90324751117485,0.5,0,0
347,347:0,RoadDebris:1,scene_28_24,17402210061,RoadDebris,12.295092425556568,-95.48732613941124,0.0,9,4903
347,347:0,RoadDebris:1,scene_28_24,17402210061,RoadDebris,12.295092425556568,-95.48732613941124,0.5,13,6505
347,347:1,RoadDebris:2,scene_28_24,17402210061,RoadDebris,12.60856624027241,-107.96665899909472,0.0,4,6860
347,347:1,RoadDebris:2,scene_28_24,17402210061,RoadDebris,12.60856624027241,-107.96665899909472,0.5,6,9328
347,347:2,RoadObstruction:1,scene_28_24,17402210061,RoadObstruction-Cone,17.626066752707935,-149.57201960579982,0.0,0,93
347,347:2,RoadObstruction:1,scene_28_24,17402210061,RoadObstruction-Cone,17.626066752707935,-149.57201960579982,0.5,1,1378
347,347:3,RoadObstruction:3,scene_28_24,17402210061,RoadObstruction-Cone,44.67884928341309,46.468402338186166,0.0,0,2
347,347:3,RoadObstruction:3,scene_28_24,17402210061,RoadObstruction-Cone,44.67884928341309,46.468402338186166,0.5,1,77
347,347:4,RoadObstruction:4,scene_28_24,17402210061,RoadObstruction,49.246380254911784,35.30501505123561,0.0,0,0
347,347:4,RoadObstruction:4,scene_28_24,17402210061,RoadObstruction,49.246380254911784,35.30501505123561,0.5,1,92
347,347:5,RoadObstruction:5,scene_28_24,17402210061,RoadObstruction,51.561373814945554,31.664323072365402,0.0,0,0
347,347:5,RoadObstruction:5,scene_28_24,17402210061,RoadObstruction,51.561373814945554,31.664323072365402,0.5,2,152
347,347:6,TrafficSign:10,scene_28_24,17402210061,TrafficSign,108.11174065939382,103.79093777696377,0.0,0,0
347,347:6,TrafficSign:10,scene_28_24,17402210061,TrafficSign,108.11174065939382,103.79093777696377,0.5,0,0
347,347:7,Vehicle:1,scene_28_24,17402210061,Vehicle-SemiTruck-Cab,37.78729981815074,78.6811843349343,0.0,16,2915
347,347:7,Vehicle:1,scene_28_24,17402210061,Vehicle-SemiTruck-Cab,37.78729981815074,78.6811843349343,0.5,17,3526
347,347:8,Vehicle:10,scene_28_24,17402210061,Vehicle-SemiTruck-Trailer,23.253575265389518,156.3714330946083,0.0,17,24019
347,347:8,Vehicle:10,scene_28_24,17402210061,Vehicle-SemiTruck-Trailer,23.253575265389518,156.3714330946083,0.5,26,38617
347,347:9,Vehicle:11,scene_28_24,17402210061,Vehicle-SemiTruck-Trailer,22.600896957594646,165.68632094696702,0.0,11,21756
347,347:9,Vehicle:11,scene_28_24,17402210061,Vehicle-SemiTruck-Trailer,22.600896957594646,165.68632094696702,0.5,22,36040
347,347:10,Vehicle:12,scene_28_24,17402210061,Vehicle-SemiTruck-Trailer,22.807874207756644,174.53426411737394,0.0,9,5170
347,347:10,Vehicle:12,scene_28_24,17402210061,Vehicle-SemiTruck-Trailer,22.807874207756644,174.53426411737394,0.5,24,22436
347,347:11,Vehicle:13,scene_28_24,17402210061,Vehicle-SemiTruck-Trailer,23.077227128033975,-175.67689953934638,0.0,13,21801
347,347:11,Vehicle:13,scene_28_24,17402210061,Vehicle-SemiTruck-Trailer,23.077227128033975,-175.67689953934638,0.5,17,24935
347,347:13,Vehicle:2,scene_28_24,17402210061,Vehicle-SemiTruck-Cab,36.12447060002074,62.9572227258388,0.0,13,2881
347,347:13,Vehicle:2,scene_28_24,17402210061,Vehicle-SemiTruck-Cab,36.12447060002074,62.9572227258388,0.5,24,3578
347,347:14,Vehicle:3,scene_28_24,17402210061,Vehicle-SemiTruck-Cab,37.44563950744148,57.05204729437363,0.0,12,1646
347,347:14,Vehicle:3,scene_28_24,17402210061,Vehicle-SemiTruck-Cab,37.44563950744148,57.05204729437363,0.5,14,1973
347,347:15,Vehicle:4,scene_28_24,17402210061,Vehicle-SemiTruck-Cab,40.60244349271739,42.69267666039474,0.0,17,3555
347,347:15,Vehicle:4,scene_28_24,17402210061,Vehicle-SemiTruck-Cab,40.60244349271739,42.69267666039474,0.5,24,4350
347,347:16,Vehicle:5,scene_28_24,17402210061,Vehicle-SemiTruck-Cab,41.8032223773004,37.28901246506246,0.0,17,2229
347,347:16,Vehicle:5,scene_28_24,17402210061,Vehicle-SemiTruck-Cab,41.8032223773004,37.28901246506246,0.5,21,2800
347,347:17,Vehicle:6,scene_28_24,17402210061,Vehicle-SemiTruck-Cab,39.750328999556416,88.84419386467329,0.0,15,2107
347,347:17,Vehicle:6,scene_28_24,17402210061,Vehicle-SemiTruck-Cab,39.750328999556416,88.84419386467329,0.5,17,3385
347,347:18,Vehicle:7,scene_28_24,17402210061,Vehicle-SemiTruck-Cab,43.22877534141816,98.2669582540965,0.0,7,2040
347,347:18,Vehicle:7,scene_28_24,17402210061,Vehicle-SemiTruck-Cab,43.22877534141816,98.2669582540965,0.5,8,2308
347,347:19,Vehicle:8,scene_28_24,17402210061,Vehicle-SemiTruck-Cab,21.732719443440054,-154.2612451661493,0.0,15,15672
347,347:19,Vehicle:8,scene_28_24,17402210061,Vehicle-SemiTruck-Cab,21.732719443440054,-154.2612451661493,0.5,24,28478
347,347:20,Vehicle:9,scene_28_24,17402210061,Vehicle-SemiTruck-Trailer,26.282343000535544,141.28050323849718,0.0,9,10406
347,347:20,Vehicle:9,scene_28_24,17402210061,Vehicle-SemiTruck-Trailer,26.282343000535544,141.28050323849718,0.5,15,14715
347,347:21,TrafficSign:2,scene_28_24,17402210061,TrafficSign,85.1599334593129,-120.50440944990459,0.0,0,0
347,347:21,TrafficSign:2,scene_28_24,17402210061,TrafficSign,85.1599334593129,-120.50440944990459,0.5,0,0
357,357:0,RoadDebris:1,scene_28_24,17902185986,RoadDebris,13.095188656593718,-115.13044645932334,0.0,5,4788
357,357:0,RoadDebris:1,scene_28_24,17902185986,RoadDebris,13.095188656593718,-115.13044645932334,0.5,5,5946
357,357:1,RoadDebris:2,scene_28_24,17902185986,RoadDebris,13.720767343330058,-126.52115049751917,0.0,6,5537
357,357:1,RoadDebris:2,scene_28_24,17902185986,RoadDebris,13.720767343330058,-126.52115049751917,0.5,6,7334
357,357:2,RoadObstruction:1,scene_28_24,17902185986,RoadObstruction-Cone,19.19322667736325,-163.82113855906644,0.0,0,39
357,357:2,RoadObstruction:1,scene_28_24,17902185986,RoadObstruction-Cone,19.19322667736325,-163.82113855906644,0.5,3,923
357,357:3,RoadObstruction:2,scene_28_24,17902185986,RoadObstruction-Cone,41.88918108689144,48.12220041186761,0.0,0,1
357,357:3,RoadObstruction:2,scene_28_24,17902185986,RoadObstruction-Cone,41.88918108689144,48.12220041186761,0.5,2,164
357,357:4,RoadObstruction:3,scene_28_24,17902185986,RoadObstruction-Cone,43.218922730990684,33.585463789922436,0.0,0,1
357,357:4,RoadObstruction:3,scene_28_24,17902185986,RoadObstruction-Cone,43.218922730990684,33.585463789922436,0.5,1,152
357,357:5,RoadObstruction:4,scene_28_24,17902185986,RoadObstruction-Cone,47.71449715803422,21.823862059962565,0.0,0,1
357,357:5,RoadObstruction:4,scene_28_24,17902185986,RoadObstruction-Cone,47.71449715803422,21.823862059962565,0.5,0,159
357,357:6,RoadObstruction:5,scene_28_24,17902185986,RoadObstruction-Cone,50.01617020648392,18.012699644219342,0.0,0,3
357,357:6,RoadObstruction:5,scene_28_24,17902185986,RoadObstruction-Cone,50.01617020648392,18.012699644219342,0.5,2,274
357,357:7,RoadObstruction:6,scene_28_24,17902185986,RoadObstruction-Cone,51.93070747963334,12.846737360613975,0.0,0,0
357,357:7,RoadObstruction:6,scene_28_24,17902185986,RoadObstruction-Cone,51.93070747963334,12.846737360613975,0.5,0,371
357,357:8,TrafficSign:10,scene_28_24,17902185986,TrafficSign,107.85344578459606,90.96010378359529,0.0,0,0
357,357:8,TrafficSign:10,scene_28_24,17902185986,TrafficSign,107.85344578459606,90.96010378359529,0.5,0,2
357,357:9,Vehicle:1,scene_28_24,17902185986,Vehicle-SemiTruck-Cab,36.87526773618587,66.91939835021616,0.0,12,2671
357,357:9,Vehicle:1,scene_28_24,17902185986,Vehicle-SemiTruck-Cab,36.87526773618587,66.91939835021616,0.5,14,3173
357,357:10,Vehicle:10,scene_28_24,17902185986,Vehicle-SemiTruck-Trailer,24.487637146036672,145.4198718632936,0.0,7,11830
357,357:10,Vehicle:10,scene_28_24,17902185986,Vehicle-SemiTruck-Trailer,24.487637146036672,145.4198718632936,0.5,13,26918
357,357:11,Vehicle:11,scene_28_24,17902185986,Vehicle-SemiTruck-Trailer,23.914539078409625,154.22188809911555,0.0,9,21132
357,357:11,Vehicle:11,scene_28_24,17902185986,Vehicle-SemiTruck-Trailer,23.914539078409625,154.22188809911555,0.5,17,37029
357,357:12,Vehicle:12,scene_28_24,17902185986,Vehicle-SemiTruck-Trailer,24.16413609631564,162.44124391566436,0.0,16,15460
357,357:12,Vehicle:12,scene_28_24,17902185986,Vehicle-SemiTruck-Trailer,24.16413609631564,162.44124391566436,0.5,33,33369
357,357:13,Vehicle:13,scene_28_24,17902185986,Vehicle-SemiTruck-Trailer,24.58130838244693,171.4971262135508,0.0,7,12527
357,357:13,Vehicle:13,scene_28_24,17902185986,Vehicle-SemiTruck-Trailer,24.58130838244693,171.4971262135508,0.5,12,20101
357,357:15,Vehicle:2,scene_28_24,17902185986,Vehicle-SemiTruck-Cab,34.903915653154435,50.79474088858423,0.0,13,3858
357,357:15,Vehicle:2,scene_28_24,17902185986,Vehicle-SemiTruck-Cab,34.903915653154435,50.79474088858423,0.5,21,4426
357,357:16,Vehicle:3,scene_28_24,17902185986,Vehicle-SemiTruck-Cab,36.109772537978486,44.54527220545377,0.0,16,2271
357,357:16,Vehicle:3,scene_28_24,17902185986,Vehicle-SemiTruck-Cab,36.109772537978486,44.54527220545377,0.5,19,2777
357,357:17,Vehicle:4,scene_28_24,17902185986,Vehicle-SemiTruck-Cab,39.08793877850179,29.755413604825243,0.0,18,3855
357,357:17,Vehicle:4,scene_28_24,17902185986,Vehicle-SemiTruck-Cab,39.08793877850179,29.755413604825243,0.5,37,4780
357,357:18,Vehicle:5,scene_28_24,17902185986,Vehicle-SemiTruck-Cab,40.25819926011575,24.0939866849892,0.0,30,2455
357,357:18,Vehicle:5,scene_28_24,17902185986,Vehicle-SemiTruck-Cab,40.25819926011575,24.0939866849892,0.5,37,2997
357,357:19,Vehicle:6,scene_28_24,17902185986,Vehicle-SemiTruck-Cab,39.21339251965721,77.16974087303488,0.0,15,2647
357,357:19,Vehicle:6,scene_28_24,17902185986,Vehicle-SemiTruck-Cab,39.21339251965721,77.16974087303488,0.5,18,3833
357,357:20,Vehicle:7,scene_28_24,17902185986,Vehicle-SemiTruck-Cab,42.8309250565585,86.64436995297633,0.0,5,2530
357,357:20,Vehicle:7,scene_28_24,17902185986,Vehicle-SemiTruck-Cab,42.8309250565585,86.64436995297633,0.5,7,2804
357,357:21,Vehicle:8,scene_28_24,17902185986,Vehicle-SemiTruck-Cab,23.28217681779964,-168.26380715593913,0.0,18,15027
357,357:21,Vehicle:8,scene_28_24,17902185986,Vehicle-SemiTruck-Cab,23.28217681779964,-168.26380715593913,0.5,27,24437
357,357:22,Vehicle:9,scene_28_24,17902185986,Vehicle-SemiTruck-Trailer,27.05341371270009,130.46231505658204,0.0,8,8113
357,357:22,Vehicle:9,scene_28_24,17902185986,Vehicle-SemiTruck-Trailer,27.05341371270009,130.46231505658204,0.5,11,12297
357,357:23,TrafficSign:2,scene_28_24,17902185986,TrafficSign,86.37655530559492,-134.76699940332227,0.0,0,0
357,357:23,TrafficSign:2,scene_28_24,17902185986,TrafficSign,86.37655530559492,-134.76699940332227,0.5,0,0
367,367:0,RoadDebris:1,scene_28_24,18402170936,RoadDebris,14.26684045206857,-132.28118055119006,0.0,4,3346
367,367:0,RoadDebris:1,scene_28_24,18402170936,RoadDebris,14.26684045206857,-132.28118055119006,0.5,4,4249
367,367:1,RoadDebris:2,scene_28_24,18402170936,RoadDebris,15.095219341108363,-142.45530525094446,0.0,1,4886
367,367:1,RoadDebris:2,scene_28_24,18402170936,RoadDebris,15.095219341108363,-142.45530525094446,0.5,1,6721
367,367:2,RoadObstruction:1,scene_28_24,18402170936,RoadObstruction-Cone,20.723445476524596,-176.59972906616602,0.0,0,34
367,367:2,RoadObstruction:1,scene_28_24,18402170936,RoadObstruction-Cone,20.723445476524596,-176.59972906616602,0.5,2,523
367,367:3,RoadObstruction:2,scene_28_24,18402170936,RoadObstruction-Cone,40.61763182328717,36.018704399701214,0.0,0,12
367,367:3,RoadObstruction:2,scene_28_24,18402170936,RoadObstruction-Cone,40.61763182328717,36.018704399701214,0.5,1,284
367,367:4,RoadObstruction:3,scene_28_24,18402170936,RoadObstruction-Cone,41.687181950390524,21.038239285608704,0.0,0,4
367,367:4,RoadObstruction:3,scene_28_24,18402170936,RoadObstruction-Cone,41.687181950390524,21.038239285608704,0.5,0,227
367,367:5,RoadObstruction:4,scene_28_24,18402170936,RoadObstruction-Cone,46.130763735596574,8.711857894188464,0.0,0,7
367,367:5,RoadObstruction:4,scene_28_24,18402170936,RoadObstruction-Cone,46.130763735596574,8.711857894188464,0.5,0,815
367,367:6,RoadObstruction:5,scene_28_24,18402170936,RoadObstruction-Cone,48.48785982039064,4.683795508199856,0.0,0,46
367,367:6,RoadObstruction:5,scene_28_24,18402170936,RoadObstruction-Cone,48.48785982039064,4.683795508199856,0.5,1,1784
367,367:7,RoadObstruction:6,scene_28_24,18402170936,RoadObstruction-Cone,50.546189769908324,-0.5295502482015673,0.0,0,0
367,367:7,RoadObstruction:6,scene_28_24,18402170936,RoadObstruction-Cone,50.546189769908324,-0.5295502482015673,0.5,0,577
367,367:8,TrafficSign:2,scene_28_24,18402170936,TrafficSign,87.86011781965225,-148.39927635210523,0.0,0,1
367,367:8,TrafficSign:2,scene_28_24,18402170936,TrafficSign,87.86011781965225,-148.39927635210523,0.5,0,9
367,367:9,TrafficSign:3,scene_28_24,18402170936,TrafficSign,159.90134490535903,-156.10231943626158,0.0,0,0
367,367:9,TrafficSign:3,scene_28_24,18402170936,TrafficSign,159.90134490535903,-156.10231943626158,0.5,0,1
367,367:10,TrafficSign:4,scene_28_24,18402170936,TrafficSign,159.44302771626278,-158.92868010571294,0.0,0,0
367,367:10,TrafficSign:4,scene_28_24,18402170936,TrafficSign,159.44302771626278,-158.92868010571294,0.5,0,3
367,367:11,Vehicle:1,scene_28_24,18402170936,Vehicle-SemiTruck-Cab,35.698576782454886,55.427948863330386,0.0,16,3447
367,367:11,Vehicle:1,scene_28_24,18402170936,Vehicle-SemiTruck-Cab,35.698576782454886,55.427948863330386,0.5,17,4070
367,367:12,Vehicle:10,scene_28_24,18402170936,Vehicle-SemiTruck-Trailer,25.398682786753906,135.38426760253506,0.0,6,5032
367,367:12,Vehicle:10,scene_28_24,18402170936,Vehicle-SemiTruck-Trailer,25.398682786753906,135.38426760253506,0.5,14,13011
367,367:13,Vehicle:11,scene_28_24,18402170936,Vehicle-SemiTruck-Trailer,25.057520300301146,143.77121926459304,0.0,11,19654
367,367:13,Vehicle:11,scene_28_24,18402170936,Vehicle-SemiTruck-Trailer,25.057520300301146,143.77121926459304,0.5,25,35387
367,367:14,Vehicle:12,scene_28_24,18402170936,Vehicle-SemiTruck-Trailer,25.361141944557353,151.64590716474407,0.0,19,15491
367,367:14,Vehicle:12,scene_28_24,18402170936,Vehicle-SemiTruck-Trailer,25.361141944557353,151.64590716474407,0.5,31,33822
367,367:15,Vehicle:13,scene_28_24,18402170936,Vehicle-SemiTruck-Trailer,25.9367085028792,159.9717160744657,0.0,7,18912
367,367:15,Vehicle:13,scene_28_24,18402170936,Vehicle-SemiTruck-Trailer,25.9367085028792,159.9717160744657,0.5,11,26074
367,367:17,Vehicle:2,scene_28_24,18402170936,Vehicle-SemiTruck-Cab,33.45598606781818,38.801673486794364,0.0,12,3858
367,367:17,Vehicle:2,scene_28_24,18402170936,Vehicle-SemiTruck-Cab,33.45598606781818,38.801673486794364,0.5,19,4818
367,367:18,Vehicle:3,scene_28_24,18402170936,Vehicle-SemiTruck-Cab,34.619830936332335,32.24492753117659,0.0,22,2967
367,367:18,Vehicle:3,scene_28_24,18402170936,Vehicle-SemiTruck-Cab,34.619830936332335,32.24492753117659,0.5,23,3570
367,367:19,Vehicle:4,scene_28_24,18402170936,Vehicle-SemiTruck-Cab,37.50790873025034,16.927894557778764,0.0,17,17336
367,367:19,Vehicle:4,scene_28_24,18402170936,Vehicle-SemiTruck-Cab,37.50790873025034,16.927894557778764,0.5,29,22096
367,367:20,Vehicle:5,scene_28_24,18402170936,Vehicle-SemiTruck-Cab,38.638380144102626,11.041862969077728,0.0,18,16763
367,367:20,Vehicle:5,scene_28_24,18402170936,Vehicle-SemiTruck-Cab,38.638380144102626,11.041862969077728,0.5,23,19493
367,367:21,Vehicle:6,scene_28_24,18402170936,Vehicle-SemiTruck-Cab,38.347531273805785,65.88416479441912,0.0,15,2540
367,367:21,Vehicle:6,scene_28_24,18402170936,Vehicle-SemiTruck-Cab,38.347531273805785,65.88416479441912,0.5,17,3563
367,367:22,Vehicle:7,scene_28_24,18402170936,Vehicle-SemiTruck-Cab,42.10741206017805,75.45380048272027,0.0,8,2740
367,367:22,Vehicle:7,scene_28_24,18402170936,Vehicle-SemiTruck-Cab,42.10741206017805,75.45380048272027,0.5,10,3018
367,367:23,Vehicle:8,scene_28_24,18402170936,Vehicle-SemiTruck-Cab,24.776156881638315,179.11016550136767,0.0,19,6914
367,367:23,Vehicle:8,scene_28_24,18402170936,Vehicle-SemiTruck-Cab,24.776156881638315,179.11016550136767,0.5,25,11826
367,367:24,Vehicle:9,scene_28_24,18402170936,Vehicle-SemiTruck-Trailer,27.52122554364092,120.47257674633053,0.0,7,6835
367,367:24,Vehicle:9,scene_28_24,18402170936,Vehicle-SemiTruck-Trailer,27.52122554364092,120.47257674633053,0.5,13,11019
377,377:0,RoadDebris:1,scene_28_24,18902146911,RoadDebris,15.544574220634496,-145.07826447556533,0.0,2,4174
377,377:0,RoadDebris:1,scene_28_24,18902146911,RoadDebris,15.544574220634496,-145.07826447556533,0.5,2,5133
377,377:1,RoadDebris:2,scene_28_24,18902146911,RoadDebris,16.44562815679075,-154.28882061887114,0.0,1,5122
377,377:1,RoadDebris:2,scene_28_24,18902146911,RoadDebris,16.44562815679075,-154.28882061887114,0.5,1,6811
377,377:2,RoadObstruction:1,scene_28_24,18902146911,RoadObstruction-Cone,22.04113691683145,173.63814960013687,0.0,0,0
377,377:2,RoadObstruction:1,scene_28_24,18902146911,RoadObstruction-Cone,22.04113691683145,173.63814960013687,0.5,2,352
377,377:3,RoadObstruction:2,scene_28_24,18902146911,RoadObstruction-Cone,39.26995834754295,26.09977935953865,0.0,0,47
377,377:3,RoadObstruction:2,scene_28_24,18902146911,RoadObstruction-Cone,39.26995834754295,26.09977935953865,0.5,0,432
377,377:4,RoadObstruction:3,scene_28_24,18902146911,RoadObstruction-Cone,40.30079668427956,10.65497609307079,0.0,0,1
377,377:4,RoadObstruction:3,scene_28_24,18902146911,RoadObstruction-Cone,40.30079668427956,10.65497609307079,0.5,1,1460
377,377:5,RoadObstruction:4,scene_28_24,18902146911,RoadObstruction-Cone,44.74800148174942,-2.076968948016295,0.0,0,7
377,377:5,RoadObstruction:4,scene_28_24,18902146911,RoadObstruction-Cone,44.74800148174942,-2.076968948016295,0.5,0,672
377,377:6,RoadObstruction:5,scene_28_24,18902146911,RoadObstruction-Cone,47.15382573644542,-6.2475094090528,0.0,0,80
377,377:6,RoadObstruction:5,scene_28_24,18902146911,RoadObstruction-Cone,47.15382573644542,-6.2475094090528,0.5,1,1654
377,377:7,RoadObstruction:6,scene_28_24,18902146911,RoadObstruction-Cone,49.28189802559503,-11.575216468958732,0.0,0,0
377,377:7,RoadObstruction:6,scene_28_24,18902146911,RoadObstruction-Cone,49.28189802559503,-11.575216468958732,0.5,0,306
377,377:8,TrafficSign:2,scene_28_24,18902146911,TrafficSign,89.28959773273755,-159.06292092104476,0.0,0,50
377,377:8,TrafficSign:2,scene_28_24,18902146911,TrafficSign,89.28959773273755,-159.06292092104476,0.5,0,328
377,377:9,TrafficSign:3,scene_28_24,18902146911,TrafficSign,161.31864936191658,-166.5283219351142,0.0,0,0
377,377:9,TrafficSign:3,scene_28_24,18902146911,TrafficSign,161.31864936191658,-166.5283219351142,0.5,0,10
377,377:10,TrafficSign:4,scene_28_24,18902146911,TrafficSign,160.866058711188,-169.34936774907857,0.0,0,0
377,377:10,TrafficSign:4,scene_28_24,18902146911,TrafficSign,160.866058711188,-169.34936774907857,0.5,0,7
377,377:11,Vehicle:1,scene_28_24,18902146911,Vehicle-SemiTruck-Cab,34.546363594313426,46.05893454121497,0.0,13,2702
377,377:11,Vehicle:1,scene_28_24,18902146911,Vehicle-SemiTruck-Cab,34.546363594313426,46.05893454121497,0.5,13,3691
377,377:12,Vehicle:10,scene_28_24,18902146911,Vehicle-SemiTruck-Trailer,26.000938633583505,127.68853777927735,0.0,6,3912
377,377:12,Vehicle:10,scene_28_24,18902146911,Vehicle-SemiTruck-Trailer,26.000938633583505,127.68853777927735,0.5,16,10496
377,377:13,Vehicle:11,scene_28_24,18902146911,Vehicle-SemiTruck-Trailer,25.90905056651657,135.80366128850233,0.0,18,6438
377,377:13,Vehicle:11,scene_28_24,18902146911,Vehicle-SemiTruck-Trailer,25.90905056651657,135.80366128850233,0.5,29,20368
377,377:14,Vehicle:12,scene_28_24,18902146911,Vehicle-SemiTruck-Trailer,26.331315321394495,143.47629180537226,0.0,8,16058
377,377:14,Vehicle:12,scene_28_24,18902146911,Vehicle-SemiTruck-Trailer,26.331315321394495,143.47629180537226,0.5,20,34895
377,377:15,Vehicle:13,scene_28_24,18902146911,Vehicle-SemiTruck-Trailer,27.012195765588572,151.41541464545347,0.0,15,24223
377,377:15,Vehicle:13,scene_28_24,18902146911,Vehicle-SemiTruck-Trailer,27.012195765588572,151.41541464545347,0.5,21,27578
377,377:17,Vehicle:2,scene_28_24,18902146911,Vehicle-SemiTruck-Cab,32.050141010790206,28.936122629852097,0.0,18,3522
377,377:17,Vehicle:2,scene_28_24,18902146911,Vehicle-SemiTruck-Cab,32.050141010790206,28.936122629852097,0.5,26,4551
377,377:18,Vehicle:3,scene_28_24,18902146911,Vehicle-SemiTruck-Cab,33.20392201449108,22.115390182690277,0.0,20,3066
377,377:18,Vehicle:3,scene_28_24,18902146911,Vehicle-SemiTruck-Cab,33.20392201449108,22.115390182690277,0.5,22,3630
377,377:19,Vehicle:4,scene_28_24,18902146911,Vehicle-SemiTruck-Cab,36.08647672553315,6.242437690912912,0.0,22,30126
377,377:19,Vehicle:4,scene_28_24,18902146911,Vehicle-SemiTruck-Cab,36.08647672553315,6.242437690912912,0.5,32,35717
377,377:20,Vehicle:5,scene_28_24,18902146911,Vehicle-SemiTruck-Cab,37.236230869074575,0.1718344481743414,0.0,30,19660
377,377:20,Vehicle:5,scene_28_24,18902146911,Vehicle-SemiTruck-Cab,37.236230869074575,0.1718344481743414,0.5,33,21592
377,377:21,Vehicle:6,scene_28_24,18902146911,Vehicle-SemiTruck-Cab,37.36614117205704,56.806251236874566,0.0,6,2821
377,377:21,Vehicle:6,scene_28_24,18902146911,Vehicle-SemiTruck-Cab,37.36614117205704,56.806251236874566,0.5,13,3714
377,377:22,Vehicle:7,scene_28_24,18902146911,Vehicle-SemiTruck-Cab,41.268398898750064,66.47405123234044,0.0,5,2920
377,377:22,Vehicle:7,scene_28_24,18902146911,Vehicle-SemiTruck-Cab,41.268398898750064,66.47405123234044,0.5,9,3238
377,377:23,Vehicle:8,scene_28_24,18902146911,Vehicle-SemiTruck-Cab,26.101705619710053,169.49633590570255,0.0,17,13904
377,377:23,Vehicle:8,scene_28_24,18902146911,Vehicle-SemiTruck-Cab,26.101705619710053,169.49633590570255,0.5,24,18372
377,377:24,Vehicle:9,scene_28_24,18902146911,Vehicle-SemiTruck-Trailer,27.767374670365566,112.80129520199858,0.0,9,4969
377,377:24,Vehicle:9,scene_28_24,18902146911,Vehicle-SemiTruck-Trailer,27.767374670365566,112.80129520199858,0.5,14,9582
387,387:0,RoadDebris:1,scene_28_24,19402131786,RoadDebris,16.9188197084806,-154.13241227475694,0.0,2,4143
387,387:0,RoadDebris:1,scene_28_24,19402131786,RoadDebris,16.9188197084806,-154.13241227475694,0.5,2,4820
387,387:1,RoadDebris:2,scene_28_24,19402131786,RoadDebris,17.849403299261198,-162.5375255054734,0.0,2,4437
387,387:1,RoadDebris:2,scene_28_24,19402131786,RoadDebris,17.849403299261198,-162.5375255054734,0.5,2,5922
387,387:2,RoadObstruction:1,scene_28_24,19402131786,RoadObstruction-Cone,23.366425826238668,167.29316832134438,0.0,0,38
387,387:2,RoadObstruction:1,scene_28_24,19402131786,RoadObstruction-Cone,23.366425826238668,167.29316832134438,0.5,1,571
387,387:3,RoadObstruction:2,scene_28_24,19402131786,RoadObstruction-Cone,37.75273989299643,19.19897370342704,0.0,0,37
387,387:3,RoadObstruction:2,scene_28_24,19402131786,RoadObstruction-Cone,37.75273989299643,19.19897370342704,0.5,3,512
387,387:4,RoadObstruction:3,scene_28_24,19402131786,RoadObstruction-Cone,38.89871940956906,3.204056648034474,0.0,0,1
387,387:4,RoadObstruction:3,scene_28_24,19402131786,RoadObstruction-Cone,38.89871940956906,3.204056648034474,0.5,2,1642
387,387:5,RoadObstruction:4,scene_28_24,19402131786,RoadObstruction-Cone,43.406534134558065,-9.909464700905001,0.0,0,0
387,387:5,RoadObstruction:4,scene_28_24,19402131786,RoadObstruction-Cone,43.406534134558065,-9.909464700905001,0.5,0,282
387,387:6,RoadObstruction:5,scene_28_24,19402131786,RoadObstruction-Cone,45.82912565903311,-14.124321057201763,0.0,0,62
387,387:6,RoadObstruction:5,scene_28_24,19402131786,RoadObstruction-Cone,45.82912565903311,-14.124321057201763,0.5,1,1444
387,387:7,RoadObstruction:6,scene_28_24,19402131786,RoadObstruction-Cone,47.92528999591771,-19.610471531581833,0.0,0,0
387,387:7,RoadObstruction:6,scene_28_24,19402131786,RoadObstruction-Cone,47.92528999591771,-19.610471531581833,0.5,0,99
387,387:8,TrafficSign:2,scene_28_24,19402131786,TrafficSign,90.71633083497572,-166.45558073326896,0.0,0,23
387,387:8,TrafficSign:2,scene_28_24,19402131786,TrafficSign,90.71633083497572,-166.45558073326896,0.5,0,345
387,387:9,TrafficSign:3,scene_28_24,19402131786,TrafficSign,162.69839408956827,-173.80323754937942,0.0,0,0
387,387:9,TrafficSign:3,scene_28_24,19402131786,TrafficSign,162.69839408956827,-173.80323754937942,0.5,0,14
387,387:10,TrafficSign:4,scene_28_24,19402131786,TrafficSign,162.32195900462824,-176.706295601561,0.0,0,0
387,387:10,TrafficSign:4,scene_28_24,19402131786,TrafficSign,162.32195900462824,-176.706295601561,0.5,0,0
387,387:11,Vehicle:1,scene_28_24,19402131786,Vehicle-SemiTruck-Cab,33.33540668859277,40.00410005821224,0.0,21,3654
387,387:11,Vehicle:1,scene_28_24,19402131786,Vehicle-SemiTruck-Cab,33.33540668859277,40.00410005821224,0.5,25,4807
387,387:12,Vehicle:10,scene_28_24,19402131786,Vehicle-SemiTruck-Trailer,26.675198520006674,123.08507548573364,0.0,6,4353
387,387:12,Vehicle:10,scene_28_24,19402131786,Vehicle-SemiTruck-Trailer,26.675198520006674,123.08507548573364,0.5,17,10958
387,387:13,Vehicle:11,scene_28_24,19402131786,Vehicle-SemiTruck-Trailer,26.724843584621844,131.00409522109277,0.0,7,4829
387,387:13,Vehicle:11,scene_28_24,19402131786,Vehicle-SemiTruck-Trailer,26.724843584621844,131.00409522109277,0.5,14,11290
387,387:14,Vehicle:12,scene_28_24,19402131786,Vehicle-SemiTruck-Trailer,27.326562754243643,138.3902995891926,0.0,6,9426
387,387:14,Vehicle:12,scene_28_24,19402131786,Vehicle-SemiTruck-Trailer,27.326562754243643,138.3902995891926,0.5,15,23019
387,387:15,Vehicle:13,scene_28_24,19402131786,Vehicle-SemiTruck-Trailer,28.101095717461703,146.0977552523677,0.0,11,20073
387,387:15,Vehicle:13,scene_28_24,19402131786,Vehicle-SemiTruck-Trailer,28.101095717461703,146.0977552523677,0.5,13,22914
387,387:17,Vehicle:17,scene_28_24,19402131786,Vehicle,55.08136374099036,122.3765940128124,0.0,5,67
387,387:17,Vehicle:17,scene_28_24,19402131786,Vehicle,55.08136374099036,122.3765940128124,0.5,5,98
387,387:18,Vehicle:2,scene_28_24,19402131786,Vehicle-SemiTruck-Cab,30.674790196437712,22.3330733160274,0.0,19,7414
387,387:18,Vehicle:2,scene_28_24,19402131786,Vehicle-SemiTruck-Cab,30.674790196437712,22.3330733160274,0.5,24,11022
387,387:19,Vehicle:3,scene_28_24,19402131786,Vehicle-SemiTruck-Cab,31.757830250238356,15.139186781287114,0.0,19,13911
387,387:19,Vehicle:3,scene_28_24,19402131786,Vehicle-SemiTruck-Cab,31.757830250238356,15.139186781287114,0.5,22,15037
387,387:20,Vehicle:4,scene_28_24,19402131786,Vehicle-SemiTruck-Cab,34.626934487835804,-1.393441601571152,0.0,25,33375
387,387:20,Vehicle:4,scene_28_24,19402131786,Vehicle-SemiTruck-Cab,34.626934487835804,-1.393441601571152,0.5,32,39682
387,387:21,Vehicle:5,scene_28_24,19402131786,Vehicle-SemiTruck-Cab,35.86118241678955,-7.638568469499808,0.0,25,21567
387,387:21,Vehicle:5,scene_28_24,19402131786,Vehicle-SemiTruck-Cab,35.86118241678955,-7.638568469499808,0.5,27,22914
387,387:22,Vehicle:6,scene_28_24,19402131786,Vehicle-SemiTruck-Cab,36.32615831992182,50.99852741967657,0.0,13,2380
387,387:22,Vehicle:6,scene_28_24,19402131786,Vehicle-SemiTruck-Cab,36.32615831992182,50.99852741967657,0.5,18,4043
387,387:23,Vehicle:7,scene_28_24,19402131786,Vehicle-SemiTruck-Cab,40.43484371814238,60.76480931083807,0.0,5,2764
387,387:23,Vehicle:7,scene_28_24,19402131786,Vehicle-SemiTruck-Cab,40.43484371814238,60.76480931083807,0.5,9,2933
387,387:24,Vehicle:8,scene_28_24,19402131786,Vehicle-SemiTruck-Cab,27.449221527319686,163.22390899806672,0.0,21,14180
387,387:24,Vehicle:8,scene_28_24,19402131786,Vehicle-SemiTruck-Cab,27.449221527319686,163.22390899806672,0.5,25,18143
387,387:25,Vehicle:9,scene_28_24,19402131786,Vehicle-SemiTruck-Trailer,28.050203245518237,108.28321922857185,0.0,5,5003
387,387:25,Vehicle:9,scene_28_24,19402131786,Vehicle-SemiTruck-Trailer,28.050203245518237,108.28321922857185,0.5,8,9415
397,397:0,RoadDebris:1,scene_28_24,19902107611,RoadDebris,18.313955272063303,-160.40753540259212,0.0,2,3663
397,397:0,RoadDebris:1,scene_28_24,19902107611,RoadDebris,18.313955272063303,-160.40753540259212,0.5,2,4020
397,397:1,RoadDebris:2,scene_28_24,19902107611,RoadDebris,19.26502822914468,-168.11223525012434,0.0,2,3901
397,397:1,RoadDebris:2,scene_28_24,19902107611,RoadDebris,19.26502822914468,-168.11223525012434,0.5,2,4920
397,397:2,RoadObstruction:1,scene_28_24,19902107611,RoadObstruction-Cone,24.671230563675827,163.34975513691754,0.0,0,83
397,397:2,RoadObstruction:1,scene_28_24,19902107611,RoadObstruction-Cone,24.671230563675827,163.34975513691754,0.5,2,558
397,397:3,RoadObstruction:2,scene_28_24,19902107611,RoadObstruction-Cone,36.21956695696427,14.36252766177846,0.0,0,92
397,397:3,RoadObstruction:2,scene_28_24,19902107611,RoadObstruction-Cone,36.21956695696427,14.36252766177846,0.5,1,2832
397,397:4,RoadObstruction:3,scene_28_24,19902107611,RoadObstruction-Cone,37.484577363874685,-2.2344740049985545,0.0,0,16
397,397:4,RoadObstruction:3,scene_28_24,19902107611,RoadObstruction-Cone,37.484577363874685,-2.2344740049985545,0.5,0,1613
397,397:5,RoadObstruction:5,scene_28_24,19902107611,RoadObstruction,44.55561678316399,-19.94042551372648,0.0,0,14
397,397:5,RoadObstruction:5,scene_28_24,19902107611,RoadObstruction,44.55561678316399,-19.94042551372648,0.5,2,328
397,397:6,RoadObstruction:6,scene_28_24,19902107611,RoadObstruction-Cone,46.554056643847765,-25.588440850516996,0.0,0,0
397,397:6,RoadObstruction:6,scene_28_24,19902107611,RoadObstruction-Cone,46.554056643847765,-25.588440850516996,0.5,0,57
397,397:7,TrafficSign:2,scene_28_24,19902107611,TrafficSign,92.1547453413984,-171.56719554136157,0.0,0,21
397,397:7,TrafficSign:2,scene_28_24,19902107611,TrafficSign,92.1547453413984,-171.56719554136157,0.5,0,327
397,397:8,TrafficSign:3,scene_28_24,19902107611,TrafficSign,164.32338004814514,-178.92096333043017,0.0,0,0
397,397:8,TrafficSign:3,scene_28_24,19902107611,TrafficSign,164.32338004814514,-178.92096333043017,0.5,0,15
397,397:9,Vehicle:1,scene_28_24,19902107611,Vehicle-SemiTruck-Cab,32.07608784727949,36.110906509970654,0.0,16,4803
397,397:9,Vehicle:1,scene_28_24,19902107611,Vehicle-SemiTruck-Cab,32.07608784727949,36.110906509970654,0.5,18,5587
397,397:10,Vehicle:10,scene_28_24,19902107611,Vehicle-SemiTruck-Trailer,27.308055978703376,120.69102169445507,0.0,10,4130
397,397:10,Vehicle:10,scene_28_24,19902107611,Vehicle-SemiTruck-Trailer,27.308055978703376,120.69102169445507,0.5,24,11271
397,397:11,Vehicle:11,scene_28_24,19902107611,Vehicle-SemiTruck-Trailer,27.464508654559616,128.4621076296081,0.0,10,4226
397,397:11,Vehicle:11,scene_28_24,19902107611,Vehicle-SemiTruck-Trailer,27.464508654559616,128.4621076296081,0.5,26,10105
397,397:12,Vehicle:12,scene_28_24,19902107611,Vehicle-SemiTruck-Trailer,28.231299785212297,135.4902984959879,0.0,9,4309
397,397:12,Vehicle:12,scene_28_24,19902107611,Vehicle-SemiTruck-Trailer,28.231299785212297,135.4902984959879,0.5,23,14723
397,397:13,Vehicle:13,scene_28_24,19902107611,Vehicle-SemiTruck-Trailer,29.137802369288284,142.96292442049827,0.0,12,16235
397,397:13,Vehicle:13,scene_28_24,19902107611,Vehicle-SemiTruck-Trailer,29.137802369288284,142.96292442049827,0.5,13,18584
397,397:15,Vehicle:2,scene_28_24,19902107611,Vehicle-SemiTruck-Cab,29.353543192615696,17.77804613262743,0.0,19,14788
397,397:15,Vehicle:2,scene_28_24,19902107611,Vehicle-SemiTruck-Cab,29.353543192615696,17.77804613262743,0.5,26,19968
397,397:16,Vehicle:3,scene_28_24,19902107611,Vehicle-SemiTruck-Cab,30.329891019188633,10.200405827514924,0.0,22,22123
397,397:16,Vehicle:3,scene_28_24,19902107611,Vehicle-SemiTruck-Cab,30.329891019188633,10.200405827514924,0.5,24,24185
397,397:17,Vehicle:4,scene_28_24,19902107611,Vehicle-SemiTruck-Cab,33.20669661285922,-7.0526398663405985,0.0,26,36960
397,397:17,Vehicle:4,scene_28_24,19902107611,Vehicle-SemiTruck-Cab,33.20669661285922,-7.0526398663405985,0.5,33,43890
397,397:18,Vehicle:5,scene_28_24,19902107611,Vehicle-SemiTruck-Cab,34.54216111049511,-13.488589497066304,0.0,29,22808
397,397:18,Vehicle:5,scene_28_24,19902107611,Vehicle-SemiTruck-Cab,34.54216111049511,-13.488589497066304,0.5,35,24164
397,397:19,Vehicle:6,scene_28_24,19902107611,Vehicle-SemiTruck-Cab,35.167763536422434,47.33364739151543,0.0,17,3582
397,397:19,Vehicle:6,scene_28_24,19902107611,Vehicle-SemiTruck-Cab,35.167763536422434,47.33364739151543,0.5,22,4476
397,397:20,Vehicle:7,scene_28_24,19902107611,Vehicle-SemiTruck-Cab,39.54612285717417,57.25507422167221,0.0,6,3306
397,397:20,Vehicle:7,scene_28_24,19902107611,Vehicle-SemiTruck-Cab,39.54612285717417,57.25507422167221,0.5,9,3490
397,397:21,Vehicle:8,scene_28_24,19902107611,Vehicle-SemiTruck-Cab,28.73058960376392,159.4153181151138,0.0,20,13822
397,397:21,Vehicle:8,scene_28_24,19902107611,Vehicle-SemiTruck-Cab,28.73058960376392,159.4153181151138,0.5,24,17212
397,397:22,Vehicle:9,scene_28_24,19902107611,Vehicle-SemiTruck-Trailer,28.267904164596384,105.93766615946514,0.0,7,4786
397,397:22,Vehicle:9,scene_28_24,19902107611,Vehicle-SemiTruck-Trailer,28.267904164596384,105.93766615946514,0.5,9,8692
397,397:23,Vehicle:17,scene_28_24,19902107611,Vehicle,56.67166454219618,110.34242799862453,0.0,0,0
397,397:23,Vehicle:17,scene_28_24,19902107611,Vehicle,56.67166454219618,110.34242799862453,0.5,0,0
407,407:0,RoadDebris:1,scene_28_24,20402092486,RoadDebris,19.71122474169196,-164.54211182539447,0.0,2,3127
407,407:0,RoadDebris:1,scene_28_24,20402092486,RoadDebris,19.71122474169196,-164.54211182539447,0.5,2,3453
407,407:1,RoadDebris:2,scene_28_24,20402092486,RoadDebris,20.68696367284727,-171.6503059603164,0.0,1,2829
407,407:1,RoadDebris:2,scene_28_24,20402092486,RoadDebris,20.68696367284727,-171.6503059603164,0.5,1,3491
407,407:2,RoadObstruction:1,scene_28_24,20402092486,RoadObstruction-Cone,26.022577203778912,161.36450654388204,0.0,0,68
407,407:2,RoadObstruction:1,scene_28_24,20402092486,RoadObstruction-Cone,26.022577203778912,161.36450654388204,0.5,0,594
407,407:3,RoadObstruction:2,scene_28_24,20402092486,RoadObstruction-Cone,34.73961773007433,11.464865736031946,0.0,0,137
407,407:3,RoadObstruction:2,scene_28_24,20402092486,RoadObstruction-Cone,34.73961773007433,11.464865736031946,0.5,2,3360
407,407:4,RoadObstruction:3,scene_28_24,20402092486,RoadObstruction-Cone,36.02545860233428,-5.782133293278534,0.0,1,39
407,407:4,RoadObstruction:3,scene_28_24,20402092486,RoadObstruction-Cone,36.02545860233428,-5.782133293278534,0.5,1,1336
407,407:5,RoadObstruction:5,scene_28_24,20402092486,RoadObstruction,43.28115329592854,-24.000783877175895,0.0,0,12
407,407:5,RoadObstruction:5,scene_28_24,20402092486,RoadObstruction,43.28115329592854,-24.000783877175895,0.5,1,309
407,407:6,TrafficSign:2,scene_28_24,20402092486,TrafficSign,93.5751495085302,-174.79423731329354,0.0,0,53
407,407:6,TrafficSign:2,scene_28_24,20402092486,TrafficSign,93.5751495085302,-174.79423731329354,0.5,0,264
407,407:7,TrafficSign:3,scene_28_24,20402092486,TrafficSign,166.26635141481768,177.75090935352046,0.0,0,0
407,407:7,TrafficSign:3,scene_28_24,20402092486,TrafficSign,166.26635141481768,177.75090935352046,0.5,2,0
407,407:8,Vehicle:1,scene_28_24,20402092486,Vehicle-SemiTruck-Cab,30.815629841326544,34.21059271731948,0.0,19,5438
407,407:8,Vehicle:1,scene_28_24,20402092486,Vehicle-SemiTruck-Cab,30.815629841326544,34.21059271731948,0.5,20,6206
407,407:9,Vehicle:10,scene_28_24,20402092486,Vehicle-SemiTruck-Trailer,27.938611785839672,120.12966413618243,0.0,10,3633
407,407:9,Vehicle:10,scene_28_24,20402092486,Vehicle-SemiTruck-Trailer,27.938611785839672,120.12966413618243,0.5,24,10599
407,407:10,Vehicle:11,scene_28_24,20402092486,Vehicle-SemiTruck-Trailer,28.25350155773474,127.72739860180755,0.0,5,3671
407,407:10,Vehicle:11,scene_28_24,20402092486,Vehicle-SemiTruck-Trailer,28.25350155773474,127.72739860180755,0.5,12,8770
407,407:11,Vehicle:12,scene_28_24,20402092486,Vehicle-SemiTruck-Trailer,29.138479009338123,134.44405716433718,0.0,13,3389
407,407:11,Vehicle:12,scene_28_24,20402092486,Vehicle-SemiTruck-Trailer,29.138479009338123,134.44405716433718,0.5,25,11689
407,407:12,Vehicle:13,scene_28_24,20402092486,Vehicle-SemiTruck-Trailer,30.197095743890493,141.58588623929361,0.0,10,12889
407,407:12,Vehicle:13,scene_28_24,20402092486,Vehicle-SemiTruck-Trailer,30.197095743890493,141.58588623929361,0.5,16,15007
407,407:14,Vehicle:17,scene_28_24,20402092486,Vehicle-Passenger,58.91758191898923,100.68730491806664,0.0,2,29
407,407:14,Vehicle:17,scene_28_24,20402092486,Vehicle-Passenger,58.91758191898923,100.68730491806664,0.5,3,34
407,407:15,Vehicle:2,scene_28_24,20402092486,Vehicle-SemiTruck-Cab,28.011574954765738,15.030835419819986,0.0,17,29136
407,407:15,Vehicle:2,scene_28_24,20402092486,Vehicle-SemiTruck-Cab,28.011574954765738,15.030835419819986,0.5,19,34438
407,407:16,Vehicle:3,scene_28_24,20402092486,Vehicle-SemiTruck-Cab,28.910796246977885,7.159875304660245,0.0,14,23551
407,407:16,Vehicle:3,scene_28_24,20402092486,Vehicle-SemiTruck-Cab,28.910796246977885,7.159875304660245,0.5,15,25757
407,407:17,Vehicle:4,scene_28_24,20402092486,Vehicle-SemiTruck-Cab,31.846761016892604,-10.894220635310349,0.0,22,31347
407,407:17,Vehicle:4,scene_28_24,20402092486,Vehicle-SemiTruck-Cab,31.846761016892604,-10.894220635310349,0.5,25,33970
407,407:18,Vehicle:5,scene_28_24,20402092486,Vehicle-SemiTruck-Cab,33.23321338443812,-17.55562513699853,0.0,18,7818
407,407:18,Vehicle:5,scene_28_24,20402092486,Vehicle-SemiTruck-Cab,33.23321338443812,-17.55562513699853,0.5,21,8670
407,407:19,Vehicle:6,scene_28_24,20402092486,Vehicle-SemiTruck-Cab,34.036551086921676,45.669403282127746,0.0,14,4269
407,407:19,Vehicle:6,scene_28_24,20402092486,Vehicle-SemiTruck-Cab,34.036551086921676,45.669403282127746,0.5,21,4898
407,407:20,Vehicle:7,scene_28_24,20402092486,Vehicle-SemiTruck-Cab,38.66496769319159,55.70296328190272,0.0,7,3181
407,407:20,Vehicle:7,scene_28_24,20402092486,Vehicle-SemiTruck-Cab,38.66496769319159,55.70296328190272,0.5,8,3425
407,407:21,Vehicle:8,scene_28_24,20402092486,Vehicle-SemiTruck-Cab,30.01359296955016,157.45926778074735,0.0,25,13144
407,407:21,Vehicle:8,scene_28_24,20402092486,Vehicle-SemiTruck-Cab,30.01359296955016,157.45926778074735,0.5,30,16529
407,407:22,Vehicle:9,scene_28_24,20402092486,Vehicle-SemiTruck-Trailer,28.511498421721846,105.48499493123747,0.0,7,3499
407,407:22,Vehicle:9,scene_28_24,20402092486,Vehicle-SemiTruck-Trailer,28.511498421721846,105.48499493123747,0.5,11,7744
419,419:0,RoadDebris:1,scene_28_24,21002163786,RoadDebris,21.227499670042025,-167.41539783661315,0.0,1,2738
419,419:0,RoadDebris:1,scene_28_24,21002163786,RoadDebris,21.227499670042025,-167.41539783661315,0.5,1,2921
419,419:1,RoadDebris:2,scene_28_24,21002163786,RoadDebris,22.222558836561785,-174.0108431170949,0.0,0,1744
419,419:1,RoadDebris:2,scene_28_24,21002163786,RoadDebris,22.222558836561785,-174.0108431170949,0.5,0,2626
419,419:2,RoadObstruction:1,scene_28_24,21002163786,RoadObstruction-Cone,27.499355450034052,160.66301809009218,0.0,0,93
419,419:2,RoadObstruction:1,scene_28_24,21002163786,RoadObstruction-Cone,27.499355450034052,160.66301809009218,0.5,0,551
419,419:3,RoadObstruction:2,scene_28_24,21002163786,RoadObstruction-Cone,33.18160067331336,9.738929262885316,0.0,0,106
419,419:3,RoadObstruction:2,scene_28_24,21002163786,RoadObstruction-Cone,33.18160067331336,9.738929262885316,0.5,1,3391
419,419:4,RoadObstruction:3,scene_28_24,21002163786,RoadObstruction-Cone,34.451316197172915,-8.256882934415746,0.0,0,60
419,419:4,RoadObstruction:3,scene_28_24,21002163786,RoadObstruction-Cone,34.451316197172915,-8.256882934415746,0.5,2,987
419,419:5,RoadObstruction:5,scene_28_24,21002163786,RoadObstruction,41.92400112305147,-27.161041274859492,0.0,0,5
419,419:5,RoadObstruction:5,scene_28_24,21002163786,RoadObstruction,41.92400112305147,-27.161041274859492,0.5,2,267
419,419:6,TrafficSign:2,scene_28_24,21002163786,TrafficSign,95.14159186290833,-176.90418965415986,0.0,0,44
419,419:6,TrafficSign:2,scene_28_24,21002163786,TrafficSign,95.14159186290833,-176.90418965415986,0.5,0,314
419,419:7,TrafficSign:3,scene_28_24,21002163786,TrafficSign,168.72950632582754,175.42449243880196,0.0,0,2
419,419:7,TrafficSign:3,scene_28_24,21002163786,TrafficSign,168.72950632582754,175.42449243880196,0.5,0,8
419,419:8,TrafficSign:5,scene_28_24,21002163786,TrafficSign,95.48546869690556,-178.16999198993415,0.0,0,22
419,419:8,TrafficSign:5,scene_28_24,21002163786,TrafficSign,95.48546869690556,-178.16999198993415,0.5,1,394
419,419:9,Vehicle:1,scene_28_24,21002163786,Vehicle-SemiTruck-Cab,29.472432050883995,33.623461376176635,0.0,17,6209
419,419:9,Vehicle:1,scene_28_24,21002163786,Vehicle-SemiTruck-Cab,29.472432050883995,33.623461376176635,0.5,18,6982
419,419:10,Vehicle:10,scene_28_24,21002163786,Vehicle-SemiTruck-Trailer,28.65797092056438,120.77123985366961,0.0,9,3445
419,419:10,Vehicle:10,scene_28_24,21002163786,Vehicle-SemiTruck-Trailer,28.65797092056438,120.77123985366961,0.5,18,9743
419,419:11,Vehicle:11,scene_28_24,21002163786,Vehicle-SemiTruck-Trailer,29.14731216435396,128.16805799216434,0.0,7,3089
419,419:11,Vehicle:11,scene_28_24,21002163786,Vehicle-SemiTruck-Trailer,29.14731216435396,128.16805799216434,0.5,19,7613
419,419:12,Vehicle:12,scene_28_24,21002163786,Vehicle-SemiTruck-Trailer,30.130151150878607,134.61801937961948,0.0,5,3031
419,419:12,Vehicle:12,scene_28_24,21002163786,Vehicle-SemiTruck-Trailer,30.130151150878607,134.61801937961948,0.5,16,10431
419,419:13,Vehicle:13,scene_28_24,21002163786,Vehicle-SemiTruck-Trailer,31.369092312696992,141.37630078949232,0.0,8,11428
419,419:13,Vehicle:13,scene_28_24,21002163786,Vehicle-SemiTruck-Trailer,31.369092312696992,141.37630078949232,0.5,13,13346
419,419:15,Vehicle:17,scene_28_24,21002163786,Vehicle-Passenger,62.210685423724925,91.90300473667304,0.0,2,98
419,419:15,Vehicle:17,scene_28_24,21002163786,Vehicle-Passenger,62.210685423724925,91.90300473667304,0.5,4,116
419,419:16,Vehicle:2,scene_28_24,21002163786,Vehicle-SemiTruck-Cab,26.462646048854204,13.30969061165933,0.0,20,40214
419,419:16,Vehicle:2,scene_28_24,21002163786,Vehicle-SemiTruck-Cab,26.462646048854204,13.30969061165933,0.5,24,46517
419,419:17,Vehicle:3,scene_28_24,21002163786,Vehicle-SemiTruck-Cab,27.368898811312153,5.246194445388984,0.0,24,27488
419,419:17,Vehicle:3,scene_28_24,21002163786,Vehicle-SemiTruck-Cab,27.368898811312153,5.246194445388984,0.5,25,29342
419,419:18,Vehicle:4,scene_28_24,21002163786,Vehicle-SemiTruck-Cab,30.42442828346349,-13.797930872167615,0.0,18,29498
419,419:18,Vehicle:4,scene_28_24,21002163786,Vehicle-SemiTruck-Cab,30.42442828346349,-13.797930872167615,0.5,22,31757
419,419:19,Vehicle:5,scene_28_24,21002163786,Vehicle-SemiTruck-Cab,31.83073980788919,-20.683184449625468,0.0,25,5322
419,419:19,Vehicle:5,scene_28_24,21002163786,Vehicle-SemiTruck-Cab,31.83073980788919,-20.683184449625468,0.5,28,5723
419,419:20,Vehicle:6,scene_28_24,21002163786,Vehicle-SemiTruck-Cab,32.896827826629526,45.36923468690821,0.0,13,4626
419,419:20,Vehicle:6,scene_28_24,21002163786,Vehicle-SemiTruck-Cab,32.896827826629526,45.36923468690821,0.5,16,5378
419,419:21,Vehicle:7,scene_28_24,21002163786,Vehicle-SemiTruck-Cab,37.71593859533738,55.454764211486534,0.0,9,3335
419,419:21,Vehicle:7,scene_28_24,21002163786,Vehicle-SemiTruck-Cab,37.71593859533738,55.454764211486534,0.5,14,3621
419,419:22,Vehicle:8,scene_28_24,21002163786,Vehicle-SemiTruck-Cab,31.407598731751253,156.64018885462522,0.0,14,12159
419,419:22,Vehicle:8,scene_28_24,21002163786,Vehicle-SemiTruck-Cab,31.407598731751253,156.64018885462522,0.5,20,15525
419,419:23,Vehicle:9,scene_28_24,21002163786,Vehicle-SemiTruck-Trailer,28.826754586892662,106.38880890236591,0.0,2,2703
419,419:23,Vehicle:9,scene_28_24,21002163786,Vehicle-SemiTruck-Trailer,28.826754586892662,106.38880890236591,0.5,7,6743
419,419:24,Vehicle:18,scene_28_24,21002163786,Vehicle,62.39409430732573,108.16731800316381,0.0,0,0
419,419:24,Vehicle:18,scene_28_24,21002163786,Vehicle,62.39409430732573,108.16731800316381,0.5,0,0
429,429:0,RoadDebris:1,scene_28_24,21502148411,RoadDebris,22.275995200041127,-169.07642029224323,0.0,2,2629
429,429:0,RoadDebris:1,scene_28_24,21502148411,RoadDebris,22.275995200041127,-169.07642029224323,0.5,2,2875
429,429:1,RoadDebris:2,scene_28_24,21502148411,RoadDebris,23.27591746440059,-175.3928505495844,0.0,1,1480
429,429:1,RoadDebris:2,scene_28_24,21502148411,RoadDebris,23.27591746440059,-175.3928505495844,0.5,1,2062
429,429:2,RoadObstruction:1,scene_28_24,21502148411,RoadObstruction-Cone,28.50974738375542,160.38566923036836,0.0,0,68
429,429:2,RoadObstruction:1,scene_28_24,21502148411,RoadObstruction-Cone,28.50974738375542,160.38566923036836,0.5,0,418
429,429:3,RoadObstruction:2,scene_28_24,21502148411,RoadObstruction-Cone,32.13151453220451,8.774982979581544,0.0,0,85
429,429:3,RoadObstruction:2,scene_28_24,21502148411,RoadObstruction-Cone,32.13151453220451,8.774982979581544,0.5,0,2995
429,429:4,RoadObstruction:3,scene_28_24,21502148411,RoadObstruction-Cone,33.397602448820344,-9.814089977792642,0.0,0,101
429,429:4,RoadObstruction:3,scene_28_24,21502148411,RoadObstruction-Cone,33.397602448820344,-9.814089977792642,0.5,2,1061
429,429:5,RoadObstruction:5,scene_28_24,21502148411,RoadObstruction,41.01040838849171,-29.17043759214722,0.0,1,13
429,429:5,RoadObstruction:5,scene_28_24,21502148411,RoadObstruction,41.01040838849171,-29.17043759214722,0.5,2,301
429,429:6,TrafficSign:2,scene_28_24,21502148411,TrafficSign,96.23523148463705,-178.15818091231858,0.0,0,40
429,429:6,TrafficSign:2,scene_28_24,21502148411,TrafficSign,96.23523148463705,-178.15818091231858,0.5,0,324
429,429:7,TrafficSign:5,scene_28_24,21502148411,TrafficSign,96.42045503873123,-179.187994198422,0.0,0,280
429,429:7,TrafficSign:5,scene_28_24,21502148411,TrafficSign,96.42045503873123,-179.187994198422,0.5,0,953
429,429:8,Vehicle:1,scene_28_24,21502148411,Vehicle-SemiTruck-Cab,28.58393714608944,33.585119944748584,0.0,16,6939
429,429:8,Vehicle:1,scene_28_24,21502148411,Vehicle-SemiTruck-Cab,28.58393714608944,33.585119944748584,0.5,16,7516
429,429:9,Vehicle:10,scene_28_24,21502148411,Vehicle-SemiTruck-Trailer,29.233468560840542,121.34406945673406,0.0,10,3931
429,429:9,Vehicle:10,scene_28_24,21502148411,Vehicle-SemiTruck-Trailer,29.233468560840542,121.34406945673406,0.5,20,9691
429,429:10,Vehicle:11,scene_28_24,21502148411,Vehicle-SemiTruck-Trailer,29.80357568800716,128.6184222032211,0.0,5,3283
429,429:10,Vehicle:11,scene_28_24,21502148411,Vehicle-SemiTruck-Trailer,29.80357568800716,128.6184222032211,0.5,17,7301
429,429:11,Vehicle:12,scene_28_24,21502148411,Vehicle-SemiTruck-Trailer,30.869323671510895,134.8707805814957,0.0,4,3495
429,429:11,Vehicle:12,scene_28_24,21502148411,Vehicle-SemiTruck-Trailer,30.869323671510895,134.8707805814957,0.5,15,10609
429,429:12,Vehicle:13,scene_28_24,21502148411,Vehicle-SemiTruck-Trailer,32.1964679927268,141.38612715147565,0.0,8,11218
429,429:12,Vehicle:13,scene_28_24,21502148411,Vehicle-SemiTruck-Trailer,32.1964679927268,141.38612715147565,0.5,8,12890
429,429:14,Vehicle:17,scene_28_24,21502148411,Vehicle-Passenger,65.34928791224434,86.0110727592259,0.0,5,200
429,429:14,Vehicle:17,scene_28_24,21502148411,Vehicle-Passenger,65.34928791224434,86.0110727592259,0.5,8,244
429,429:15,Vehicle:18,scene_28_24,21502148411,Vehicle-Passenger,64.72050441646584,97.04964082313029,0.0,0,139
429,429:15,Vehicle:18,scene_28_24,21502148411,Vehicle-Passenger,64.72050441646584,97.04964082313029,0.5,1,176
429,429:16,Vehicle:19,scene_28_24,21502148411,Vehicle-Passenger,57.643913976092946,118.63077291833682,0.0,3,89
429,429:16,Vehicle:19,scene_28_24,21502148411,Vehicle-Passenger,57.643913976092946,118.63077291833682,0.5,3,110
429,429:17,Vehicle:2,scene_28_24,21502148411,Vehicle-SemiTruck-Cab,25.324587382922697,12.413856949197758,0.0,19,47630
429,429:17,Vehicle:2,scene_28_24,21502148411,Vehicle-SemiTruck-Cab,25.324587382922697,12.413856949197758,0.5,28,55183
429,429:18,Vehicle:3,scene_28_24,21502148411,Vehicle-SemiTruck-Cab,26.313182129356107,4.211351714821238,0.0,27,31218
429,429:18,Vehicle:3,scene_28_24,21502148411,Vehicle-SemiTruck-Cab,26.313182129356107,4.211351714821238,0.5,28,33605
429,429:19,Vehicle:4,scene_28_24,21502148411,Vehicle-SemiTruck-Cab,29.448910394047005,-15.61868584729144,0.0,21,22403
429,429:19,Vehicle:4,scene_28_24,21502148411,Vehicle-SemiTruck-Cab,29.448910394047005,-15.61868584729144,0.5,24,24729
429,429:20,Vehicle:5,scene_28_24,21502148411,Vehicle-SemiTruck-Cab,30.828303596742288,-22.644246870663416,0.0,21,5341
429,429:20,Vehicle:5,scene_28_24,21502148411,Vehicle-SemiTruck-Cab,30.828303596742288,-22.644246870663416,0.5,24,5987
429,429:21,Vehicle:6,scene_28_24,21502148411,Vehicle-SemiTruck-Cab,32.14494743478686,45.471719173183544,0.0,16,5419
429,429:21,Vehicle:6,scene_28_24,21502148411,Vehicle-SemiTruck-Cab,32.14494743478686,45.471719173183544,0.5,19,6096
429,429:22,Vehicle:7,scene_28_24,21502148411,Vehicle-SemiTruck-Cab,37.09487979133657,55.595236193797525,0.0,9,3558
429,429:22,Vehicle:7,scene_28_24,21502148411,Vehicle-SemiTruck-Cab,37.09487979133657,55.595236193797525,0.5,11,3842
429,429:23,Vehicle:8,scene_28_24,21502148411,Vehicle-SemiTruck-Cab,32.36966336706304,156.24234853617517,0.0,21,10813
429,429:23,Vehicle:8,scene_28_24,21502148411,Vehicle-SemiTruck-Cab,32.36966336706304,156.24234853617517,0.5,25,13402
429,429:24,Vehicle:9,scene_28_24,21502148411,Vehicle-SemiTruck-Trailer,29.123301202605468,107.20696686956764,0.0,6,3003
429,429:24,Vehicle:9,scene_28_24,21502148411,Vehicle-SemiTruck-Trailer,29.123301202605468,107.20696686956764,0.5,6,6764
439,439:0,RoadDebris:1,scene_28_24,22002124036,RoadDebris,23.218675362180644,-170.6130766727005,0.0,3,2217
439,439:0,RoadDebris:1,scene_28_24,22002124036,RoadDebris,23.218675362180644,-170.6130766727005,0.5,3,2546
439,439:1,RoadDebris:2,scene_28_24,22002124036,RoadDebris,24.209370166521502,-176.66587706827679,0.0,1,1152
439,439:1,RoadDebris:2,scene_28_24,22002124036,RoadDebris,24.209370166521502,-176.66587706827679,0.5,1,1462
439,439:2,RoadObstruction:1,scene_28_24,22002124036,RoadObstruction-Cone,29.392059257772793,159.8763094309445,0.0,0,66
439,439:2,RoadObstruction:1,scene_28_24,22002124036,RoadObstruction-Cone,29.392059257772793,159.8763094309445,0.5,1,602
439,439:3,RoadObstruction:2,scene_28_24,22002124036,RoadObstruction-Cone,31.20311896718212,7.7055543886652975,0.0,0,56
439,439:3,RoadObstruction:2,scene_28_24,22002124036,RoadObstruction-Cone,31.20311896718212,7.7055543886652975,0.5,2,3217
439,439:4,RoadObstruction:3,scene_28_24,22002124036,RoadObstruction-Cone,32.49639309990021,-11.44757429691794,0.0,2,82
439,439:4,RoadObstruction:3,scene_28_24,22002124036,RoadObstruction-Cone,32.49639309990021,-11.44757429691794,0.5,2,794
439,439:5,RoadObstruction:5,scene_28_24,22002124036,RoadObstruction,40.19160841229728,-31.11959317956906,0.0,0,15
439,439:5,RoadObstruction:5,scene_28_24,22002124036,RoadObstruction,40.19160841229728,-31.11959317956906,0.5,2,238
439,439:6,TrafficSign:2,scene_28_24,22002124036,TrafficSign,97.15949246786955,-179.35450441023252,0.0,0,18
439,439:6,TrafficSign:2,scene_28_24,22002124036,TrafficSign,97.15949246786955,-179.35450441023252,0.5,0,287
439,439:7,TrafficSign:5,scene_28_24,22002124036,TrafficSign,97.22692236184278,179.78905991116122,0.0,1,353
439,439:7,TrafficSign:5,scene_28_24,22002124036,TrafficSign,97.22692236184278,179.78905991116122,0.5,2,1452
439,439:8,Vehicle:1,scene_28_24,22002124036,Vehicle-SemiTruck-Cab,27.7618459139463,33.31302088366298,0.0,14,7029
439,439:8,Vehicle:1,scene_28_24,22002124036,Vehicle-SemiTruck-Cab,27.7618459139463,33.31302088366298,0.5,16,7951
439,439:9,Vehicle:10,scene_28_24,22002124036,Vehicle-SemiTruck-Trailer,29.689118543397463,121.73534524699544,0.0,9,3571
439,439:9,Vehicle:10,scene_28_24,22002124036,Vehicle-SemiTruck-Trailer,29.689118543397463,121.73534524699544,0.5,21,9505
439,439:10,Vehicle:11,scene_28_24,22002124036,Vehicle-SemiTruck-Trailer,30.348135437444096,128.86610152158846,0.0,3,3229
439,439:10,Vehicle:11,scene_28_24,22002124036,Vehicle-SemiTruck-Trailer,30.348135437444096,128.86610152158846,0.5,11,7398
439,439:11,Vehicle:12,scene_28_24,22002124036,Vehicle-SemiTruck-Trailer,31.50584044151446,134.95373564281678,0.0,6,3137
439,439:11,Vehicle:12,scene_28_24,22002124036,Vehicle-SemiTruck-Trailer,31.50584044151446,134.95373564281678,0.5,17,10333
439,439:12,Vehicle:13,scene_28_24,22002124036,Vehicle-SemiTruck-Trailer,32.894024160383225,141.29200030989412,0.0,11,10863
439,439:12,Vehicle:13,scene_28_24,22002124036,Vehicle-SemiTruck-Trailer,32.894024160383225,141.29200030989412,0.5,15,12692
439,439:14,Vehicle:17,scene_28_24,22002124036,Vehicle,68.61999426511677,80.87286023812925,0.0,1,41
439,439:14,Vehicle:17,scene_28_24,22002124036,Vehicle,68.61999426511677,80.87286023812925,0.5,3,56
439,439:15,Vehicle:18,scene_28_24,22002124036,Vehicle-Passenger,68.71789096345334,87.2893888814793,0.0,0,24
439,439:15,Vehicle:18,scene_28_24,22002124036,Vehicle-Passenger,68.71789096345334,87.2893888814793,0.5,2,33
439,439:16,Vehicle:2,scene_28_24,22002124036,Vehicle-SemiTruck-Cab,24.26967271797414,11.40739553368443,0.0,18,54033
439,439:16,Vehicle:2,scene_28_24,22002124036,Vehicle-SemiTruck-Cab,24.26967271797414,11.40739553368443,0.5,29,61800
439,439:17,Vehicle:3,scene_28_24,22002124036,Vehicle-SemiTruck-Cab,25.385629286032874,2.993827056197902,0.0,27,32856
439,439:17,Vehicle:3,scene_28_24,22002124036,Vehicle-SemiTruck-Cab,25.385629286032874,2.993827056197902,0.5,29,35737
439,439:18,Vehicle:4,scene_28_24,22002124036,Vehicle-SemiTruck-Cab,28.598792239294106,-17.482841344749858,0.0,24,13360
439,439:18,Vehicle:4,scene_28_24,22002124036,Vehicle-SemiTruck-Cab,28.598792239294106,-17.482841344749858,0.5,28,15975
439,439:19,Vehicle:5,scene_28_24,22002124036,Vehicle-SemiTruck-Cab,29.94174570471622,-24.67281157027473,0.0,16,5960
439,439:19,Vehicle:5,scene_28_24,22002124036,Vehicle-SemiTruck-Cab,29.94174570471622,-24.67281157027473,0.5,17,6683
439,439:20,Vehicle:6,scene_28_24,22002124036,Vehicle-SemiTruck-Cab,31.41028152030847,45.31637711124501,0.0,14,5488
439,439:20,Vehicle:6,scene_28_24,22002124036,Vehicle-SemiTruck-Cab,31.41028152030847,45.31637711124501,0.5,17,6193
439,439:21,Vehicle:7,scene_28_24,22002124036,Vehicle-SemiTruck-Cab,36.466242832940715,55.57350640995075,0.0,12,3573
439,439:21,Vehicle:7,scene_28_24,22002124036,Vehicle-SemiTruck-Cab,36.466242832940715,55.57350640995075,0.5,17,3839
439,439:22,Vehicle:8,scene_28_24,22002124036,Vehicle-SemiTruck-Cab,33.181407055204666,155.76268488636046,0.0,14,11234
439,439:22,Vehicle:8,scene_28_24,22002124036,Vehicle-SemiTruck-Cab,33.181407055204666,155.76268488636046,0.5,20,13867
439,439:23,Vehicle:9,scene_28_24,22002124036,Vehicle-SemiTruck-Trailer,29.352002145680526,107.74114676363985,0.0,10,2481
439,439:23,Vehicle:9,scene_28_24,22002124036,Vehicle-SemiTruck-Trailer,29.352002145680526,107.74114676363985,0.5,12,6390
439,439:24,Vehicle:19,scene_28_24,22002124036,Vehicle-Passenger,57.95129682239996,110.01111535589827,0.0,0,0
439,439:24,Vehicle:19,scene_28_24,22002124036,Vehicle-Passenger,57.95129682239996,110.01111535589827,0.5,0,0
449,449:0,RoadDebris:1,scene_28_24,22502108661,RoadDebris,24.065643535679257,-171.02453171853506,0.0,4,2127
449,449:0,RoadDebris:1,scene_28_24,22502108661,RoadDebris,24.065643535679257,-171.02453171853506,0.5,4,2345
449,449:1,RoadDebris:2,scene_28_24,22502108661,RoadDebris,25.050115134357902,-176.8154360301315,0.0,1,1199
449,449:1,RoadDebris:2,scene_28_24,22502108661,RoadDebris,25.050115134357902,-176.8154360301315,0.5,1,1463
449,449:2,RoadObstruction:1,scene_28_24,22502108661,RoadObstruction-Cone,30.17208215549428,160.24280621144328,0.0,0,53
449,449:2,RoadObstruction:1,scene_28_24,22502108661,RoadObstruction-Cone,30.17208215549428,160.24280621144328,0.5,2,440
449,449:3,RoadObstruction:2,scene_28_24,22502108661,RoadObstruction-Cone,30.36212243144749,7.702586921537742,0.0,0,84
449,449:3,RoadObstruction:2,scene_28_24,22502108661,RoadObstruction-Cone,30.36212243144749,7.702586921537742,0.5,2,3537
449,449:4,RoadObstruction:3,scene_28_24,22502108661,RoadObstruction-Cone,31.67250993188953,-11.994544862112775,0.0,1,77
449,449:4,RoadObstruction:3,scene_28_24,22502108661,RoadObstruction-Cone,31.67250993188953,-11.994544862112775,0.5,2,776
449,449:5,RoadObstruction:5,scene_28_24,22502108661,RoadObstruction,39.47798508214879,-31.930747946058887,0.0,0,21
449,449:5,RoadObstruction:5,scene_28_24,22502108661,RoadObstruction,39.47798508214879,-31.930747946058887,0.5,3,244
449,449:6,TrafficSign:2,scene_28_24,22502108661,TrafficSign,98.05917356362876,-179.46692772064154,0.0,0,54
449,449:6,TrafficSign:2,scene_28_24,22502108661,TrafficSign,98.05917356362876,-179.46692772064154,0.5,0,521
449,449:7,TrafficSign:5,scene_28_24,22502108661,TrafficSign,98.10677559274902,179.67361182122474,0.0,1,420
449,449:7,TrafficSign:5,scene_28_24,22502108661,TrafficSign,98.10677559274902,179.67361182122474,0.5,2,1395
449,449:8,Vehicle:1,scene_28_24,22502108661,Vehicle-SemiTruck-Cab,27.037101675044827,34.13128881526561,0.0,13,7521
449,449:8,Vehicle:1,scene_28_24,22502108661,Vehicle-SemiTruck-Cab,27.037101675044827,34.13128881526561,0.5,17,8307
449,449:9,Vehicle:10,scene_28_24,22502108661,Vehicle-SemiTruck-Trailer,30.09740584704498,123.0547520958176,0.0,8,3485
449,449:9,Vehicle:10,scene_28_24,22502108661,Vehicle-SemiTruck-Trailer,30.09740584704498,123.0547520958176,0.5,15,9204
449,449:10,Vehicle:11,scene_28_24,22502108661,Vehicle-SemiTruck-Trailer,30.873625502251084,129.98701953340958,0.0,1,3024
449,449:10,Vehicle:11,scene_28_24,22502108661,Vehicle-SemiTruck-Trailer,30.873625502251084,129.98701953340958,0.5,4,7160
449,449:11,Vehicle:12,scene_28_24,22502108661,Vehicle-SemiTruck-Trailer,32.10701686524985,135.98348890025525,0.0,8,3926
449,449:11,Vehicle:12,scene_28_24,22502108661,Vehicle-SemiTruck-Trailer,32.10701686524985,135.98348890025525,0.5,14,11039
449,449:12,Vehicle:13,scene_28_24,22502108661,Vehicle-SemiTruck-Trailer,33.5608958521754,142.11943640468937,0.0,6,11230
449,449:12,Vehicle:13,scene_28_24,22502108661,Vehicle-SemiTruck-Trailer,33.5608958521754,142.11943640468937,0.5,8,13158
449,449:14,Vehicle:17,scene_28_24,22502108661,Vehicle,72.06393478190313,77.2831930505761,0.0,5,15
449,449:14,Vehicle:17,scene_28_24,22502108661,Vehicle,72.06393478190313,77.2831930505761,0.5,7,20
449,449:15,Vehicle:18,scene_28_24,22502108661,Vehicle-Passenger,73.9970976879525,80.19983968569576,0.0,0,18
449,449:15,Vehicle:18,scene_28_24,22502108661,Vehicle-Passenger,73.9970976879525,80.19983968569576,0.5,0,21
449,449:16,Vehicle:19,scene_28_24,22502108661,Vehicle,59.21936064016081,102.4416047799253,0.0,4,35
449,449:16,Vehicle:19,scene_28_24,22502108661,Vehicle,59.21936064016081,102.4416047799253,0.5,5,47
449,449:17,Vehicle:2,scene_28_24,22502108661,Vehicle-SemiTruck-Cab,23.369369796739118,11.715122280062992,0.0,13,57635
449,449:17,Vehicle:2,scene_28_24,22502108661,Vehicle-SemiTruck-Cab,23.369369796739118,11.715122280062992,0.5,18,66657
449,449:18,Vehicle:3,scene_28_24,22502108661,Vehicle-SemiTruck-Cab,24.54840088772944,2.866434551478138,0.0,22,36092
449,449:18,Vehicle:3,scene_28_24,22502108661,Vehicle-SemiTruck-Cab,24.54840088772944,2.866434551478138,0.5,30,39251
449,449:19,Vehicle:4,scene_28_24,22502108661,Vehicle-SemiTruck-Cab,27.792240124474166,-18.148851793233437,0.0,24,11145
449,449:19,Vehicle:4,scene_28_24,22502108661,Vehicle-SemiTruck-Cab,27.792240124474166,-18.148851793233437,0.5,26,14175
449,449:20,Vehicle:5,scene_28_24,22502108661,Vehicle-SemiTruck-Cab,29.182891072792025,-25.559048799885858,0.0,21,6347
449,449:20,Vehicle:5,scene_28_24,22502108661,Vehicle-SemiTruck-Cab,29.182891072792025,-25.559048799885858,0.5,23,6989
449,449:21,Vehicle:6,scene_28_24,22502108661,Vehicle-SemiTruck-Cab,30.79618221226382,46.22547801833116,0.0,12,5690
449,449:21,Vehicle:6,scene_28_24,22502108661,Vehicle-SemiTruck-Cab,30.79618221226382,46.22547801833116,0.5,16,6289
449,449:22,Vehicle:7,scene_28_24,22502108661,Vehicle-SemiTruck-Cab,35.920659861523525,56.55033568697943,0.0,12,3982
449,449:22,Vehicle:7,scene_28_24,22502108661,Vehicle-SemiTruck-Cab,35.920659861523525,56.55033568697943,0.5,15,4321
449,449:23,Vehicle:8,scene_28_24,22502108661,Vehicle-SemiTruck-Cab,33.92082906716933,156.23502677151328,0.0,10,11067
449,449:23,Vehicle:8,scene_28_24,22502108661,Vehicle-SemiTruck-Cab,33.92082906716933,156.23502677151328,0.5,18,13334
449,449:24,Vehicle:9,scene_28_24,22502108661,Vehicle-SemiTruck-Trailer,29.59786571472524,109.17981218572788,0.0,5,2668
449,449:24,Vehicle:9,scene_28_24,22502108661,Vehicle-SemiTruck-Trailer,29.59786571472524,109.17981218572788,0.5,7,6462
459,459:0,RoadDebris:1,scene_28_24,23002084211,RoadDebris,24.722693988205812,-170.43066837267867,0.0,2,2229
459,459:0,RoadDebris:1,scene_28_24,23002084211,RoadDebris,24.722693988205812,-170.43066837267867,0.5,2,2451
459,459:1,RoadDebris:2,scene_28_24,23002084211,RoadDebris,25.72195024130926,-175.97717865080944,0.0,1,1193
459,459:1,RoadDebris:2,scene_28_24,23002084211,RoadDebris,25.72195024130926,-175.97717865080944,0.5,1,1585
459,459:2,RoadObstruction:1,scene_28_24,23002084211,RoadObstruction-Cone,30.79095254519527,161.33916714987262,0.0,0,51
459,459:2,RoadObstruction:1,scene_28_24,23002084211,RoadObstruction-Cone,30.79095254519527,161.33916714987262,0.5,1,465
459,459:3,RoadObstruction:2,scene_28_24,23002084211,RoadObstruction-Cone,29.7033052021299,8.883334882086617,0.0,0,63
459,459:3,RoadObstruction:2,scene_28_24,23002084211,RoadObstruction-Cone,29.7033052021299,8.883334882086617,0.5,1,3321
459,459:4,RoadObstruction:3,scene_28_24,23002084211,RoadObstruction-Cone,30.969808928340925,-11.259839123291371,0.0,1,91
459,459:4,RoadObstruction:3,scene_28_24,23002084211,RoadObstruction-Cone,30.969808928340925,-11.259839123291371,0.5,1,539
459,459:5,RoadObstruction:5,scene_28_24,23002084211,RoadObstruction,38.87848438065308,-31.48019597380658,0.0,0,21
459,459:5,RoadObstruction:5,scene_28_24,23002084211,RoadObstruction,38.87848438065308,-31.48019597380658,0.5,2,181
459,459:6,TrafficSign:2,scene_28_24,23002084211,TrafficSign,98.68509293652237,-178.51023215503787,0.0,0,30
459,459:6,TrafficSign:2,scene_28_24,23002084211,TrafficSign,98.68509293652237,-178.51023215503787,0.5,0,304
459,459:7,TrafficSign:5,scene_28_24,23002084211,TrafficSign,98.9640460551666,-179.63907267348714,0.0,0,318
459,459:7,TrafficSign:5,scene_28_24,23002084211,TrafficSign,98.9640460551666,-179.63907267348714,0.5,1,891
459,459:8,Vehicle:1,scene_28_24,23002084211,Vehicle-SemiTruck-Cab,26.531238886708074,35.91434718283672,0.0,28,8003
459,459:8,Vehicle:1,scene_28_24,23002084211,Vehicle-SemiTruck-Cab,26.531238886708074,35.91434718283672,0.5,31,9050
459,459:9,Vehicle:10,scene_28_24,23002084211,Vehicle-SemiTruck-Trailer,30.457181621043755,125.06861587286227,0.0,4,3582
459,459:9,Vehicle:10,scene_28_24,23002084211,Vehicle-SemiTruck-Trailer,30.457181621043755,125.06861587286227,0.5,8,9123
459,459:10,Vehicle:11,scene_28_24,23002084211,Vehicle-SemiTruck-Trailer,31.33481611132594,131.80353605686193,0.0,2,3052
459,459:10,Vehicle:11,scene_28_24,23002084211,Vehicle-SemiTruck-Trailer,31.33481611132594,131.80353605686193,0.5,8,7050
459,459:11,Vehicle:12,scene_28_24,23002084211,Vehicle-SemiTruck-Trailer,32.64065473471801,137.7883795731627,0.0,5,5457
459,459:11,Vehicle:12,scene_28_24,23002084211,Vehicle-SemiTruck-Trailer,32.64065473471801,137.7883795731627,0.5,10,13278
459,459:12,Vehicle:13,scene_28_24,23002084211,Vehicle-SemiTruck-Trailer,34.133992712289015,143.68336453456354,0.0,7,10931
459,459:12,Vehicle:13,scene_28_24,23002084211,Vehicle-SemiTruck-Trailer,34.133992712289015,143.68336453456354,0.5,12,13112
459,459:14,Vehicle:17,scene_28_24,23002084211,Vehicle-Passenger,75.82761575762227,74.91895070591062,0.0,2,149
459,459:14,Vehicle:17,scene_28_24,23002084211,Vehicle-Passenger,75.82761575762227,74.91895070591062,0.5,5,165
459,459:15,Vehicle:19,scene_28_24,23002084211,Vehicle-Passenger,61.528976829284495,96.09684490718587,0.0,2,41
459,459:15,Vehicle:19,scene_28_24,23002084211,Vehicle-Passenger,61.528976829284495,96.09684490718587,0.5,2,49
459,459:16,Vehicle:2,scene_28_24,23002084211,Vehicle-SemiTruck-Cab,22.75254707259869,13.409541841936331,0.0,14,52729
459,459:16,Vehicle:2,scene_28_24,23002084211,Vehicle-SemiTruck-Cab,22.75254707259869,13.409541841936331,0.5,26,63144
459,459:17,Vehicle:3,scene_28_24,23002084211,Vehicle-SemiTruck-Cab,23.87459298125007,3.919767817756334,0.0,25,38002
459,459:17,Vehicle:3,scene_28_24,23002084211,Vehicle-SemiTruck-Cab,23.87459298125007,3.919767817756334,0.5,28,41427
459,459:18,Vehicle:4,scene_28_24,23002084211,Vehicle-SemiTruck-Cab,27.077460566528995,-17.5118097528227,0.0,23,14845
459,459:18,Vehicle:4,scene_28_24,23002084211,Vehicle-SemiTruck-Cab,27.077460566528995,-17.5118097528227,0.5,26,17698
459,459:19,Vehicle:5,scene_28_24,23002084211,Vehicle-SemiTruck-Cab,28.582879276097643,-25.15239060571709,0.0,29,6829
459,459:19,Vehicle:5,scene_28_24,23002084211,Vehicle-SemiTruck-Cab,28.582879276097643,-25.15239060571709,0.5,29,7421
459,459:20,Vehicle:6,scene_28_24,23002084211,Vehicle-SemiTruck-Cab,30.423359294772723,48.09612470420783,0.0,13,5899
459,459:20,Vehicle:6,scene_28_24,23002084211,Vehicle-SemiTruck-Cab,30.423359294772723,48.09612470420783,0.5,16,6560
459,459:21,Vehicle:7,scene_28_24,23002084211,Vehicle-SemiTruck-Cab,35.60926002799591,58.24642750801414,0.0,7,4213
459,459:21,Vehicle:7,scene_28_24,23002084211,Vehicle-SemiTruck-Cab,35.60926002799591,58.24642750801414,0.5,9,4729
459,459:22,Vehicle:8,scene_28_24,23002084211,Vehicle-SemiTruck-Cab,34.53315546373727,157.5337328034291,0.0,13,10496
459,459:22,Vehicle:8,scene_28_24,23002084211,Vehicle-SemiTruck-Cab,34.53315546373727,157.5337328034291,0.5,20,12596
459,459:23,Vehicle:9,scene_28_24,23002084211,Vehicle-SemiTruck-Trailer,29.863414034095367,111.32341969234253,0.0,3,2513
459,459:23,Vehicle:9,scene_28_24,23002084211,Vehicle-SemiTruck-Trailer,29.863414034095367,111.32341969234253,0.5,6,6244
