sample_token,channel,sample_data_token,calibration_token,acquisition_pose_token,reference_pose_token,sensor_offset_ms
32d2bcf46e734dffb14fe2e0a823d059,LIDAR_LEFT,9ae8f9fd6cd2458298c82eb6a85119a6,2e6c7b7b7ceb4f69be01f9006cedf58f,524a9fa7e5334630b5b40003626f4f1f,9f5d4bc97327401cabe5726c0deb153e,-10.661
32d2bcf46e734dffb14fe2e0a823d059,LIDAR_REAR,18b4fe677dc7408b84ebd555c559da16,7198b581279c431bad450deaf7669f87,9faca6c977384bfa89607681c37707b9,9f5d4bc97327401cabe5726c0deb153e,-48.185
32d2bcf46e734dffb14fe2e0a823d059,LIDAR_RIGHT,28a12ab75263458a977dd29ca4e54ee2,aefabf5dd96744beb296b9881d60ff8b,b6e6e85aaa084fc6a6cea41c6f8372bd,9f5d4bc97327401cabe5726c0deb153e,14.718
32d2bcf46e734dffb14fe2e0a823d059,LIDAR_TOP_FRONT,1ac1e8bcd1ed4493a73c011dc2441713,f994daad50a14ac49f1468d66eb8db62,9f5d4bc97327401cabe5726c0deb153e,9f5d4bc97327401cabe5726c0deb153e,2.642
32d2bcf46e734dffb14fe2e0a823d059,LIDAR_TOP_LEFT,85c18e7eeb3c42f194eba257dcf6d66c,373fca46a765439794d1ecbb5839a161,ad5c0abedf854e4b83031a242d6e0727,9f5d4bc97327401cabe5726c0deb153e,-22.296
32d2bcf46e734dffb14fe2e0a823d059,LIDAR_TOP_RIGHT,064d8efa5f31493db10f96dbeef91282,f8849496a35c4af599b8e598afda166d,4a700c43a56e49ebae9b1edea4479f50,9f5d4bc97327401cabe5726c0deb153e,27.979
32d2bcf46e734dffb14fe2e0a823d059,RADAR_LEFT_BACK,e940e3abeab34da8833e013c84b52366,326989c743c948bf86229f525d0deb2d,9f5d4bc97327401cabe5726c0deb153e,9f5d4bc97327401cabe5726c0deb153e,6.451
32d2bcf46e734dffb14fe2e0a823d059,RADAR_LEFT_FRONT,1e6375db490e4563b55fce389b06a53b,5e6c5afaa842478db6066e9de8dec1ef,9f5d4bc97327401cabe5726c0deb153e,9f5d4bc97327401cabe5726c0deb153e,6.566
32d2bcf46e734dffb14fe2e0a823d059,RADAR_LEFT_SIDE,c58e24c2e644404f85a5c0901d367338,cbecfab3ced24bbeab0a1b1bdd4375a8,9f5d4bc97327401cabe5726c0deb153e,9f5d4bc97327401cabe5726c0deb153e,3.895
32d2bcf46e734dffb14fe2e0a823d059,RADAR_RIGHT_BACK,c790efd2151d491aae635234a5df26d8,f2c73d43e0994ee8a16f930860856c0e,9f5d4bc97327401cabe5726c0deb153e,9f5d4bc97327401cabe5726c0deb153e,6.221
32d2bcf46e734dffb14fe2e0a823d059,RADAR_RIGHT_FRONT,36c9a2c6b3ee4d9f9d01c902521cbb27,3126c35b164c459d85e0a0555ccba628,9f5d4bc97327401cabe5726c0deb153e,9f5d4bc97327401cabe5726c0deb153e,3.695
32d2bcf46e734dffb14fe2e0a823d059,RADAR_RIGHT_SIDE,7f3083ba7f2e49678b4ccbc2fd14f590,8bef64c60da74778a5b9ef975c97edb7,9faca6c977384bfa89607681c37707b9,9f5d4bc97327401cabe5726c0deb153e,-44.934
deb7b3f332f042d49e7636d6e4959354,LIDAR_LEFT,b4ba1778d9024363a97415b7252d24c6,2e6c7b7b7ceb4f69be01f9006cedf58f,624030de1ff545e383c19bee1dc64054,7ed9bf4957754ae9965eb434e40f96e8,-10.649
deb7b3f332f042d49e7636d6e4959354,LIDAR_REAR,b00e6cefa6d4481c8f3d06a6b7e28077,7198b581279c431bad450deaf7669f87,d36208094ecd4a01a261930ee7f6f3fd,7ed9bf4957754ae9965eb434e40f96e8,-48.545
deb7b3f332f042d49e7636d6e4959354,LIDAR_RIGHT,658d79529f3b4bf9a0df7b26424ff7de,aefabf5dd96744beb296b9881d60ff8b,1ea2ad4725be421ea3a6bfdb41127037,7ed9bf4957754ae9965eb434e40f96e8,14.059
deb7b3f332f042d49e7636d6e4959354,LIDAR_TOP_FRONT,3c17fa04e0e5449f8e35b4a07ccc0ffd,f994daad50a14ac49f1468d66eb8db62,7ed9bf4957754ae9965eb434e40f96e8,7ed9bf4957754ae9965eb434e40f96e8,2.315
deb7b3f332f042d49e7636d6e4959354,LIDAR_TOP_LEFT,5c80a6525c654ef2ab802d5913d58d31,373fca46a765439794d1ecbb5839a161,91769757f626448985e8997809b48010,7ed9bf4957754ae9965eb434e40f96e8,-22.688
deb7b3f332f042d49e7636d6e4959354,LIDAR_TOP_RIGHT,1585e3b94ba14c3999506c0be2893549,f8849496a35c4af599b8e598afda166d,66064c13037b4b899a8ab7942f6eaf9e,7ed9bf4957754ae9965eb434e40f96e8,27.442
deb7b3f332f042d49e7636d6e4959354,RADAR_LEFT_BACK,1eecf9cdafcd4685ad1c225aecef9faf,326989c743c948bf86229f525d0deb2d,7ed9bf4957754ae9965eb434e40f96e8,7ed9bf4957754ae9965eb434e40f96e8,4.138
deb7b3f332f042d49e7636d6e4959354,RADAR_LEFT_FRONT,7f50e200e03249aab2fda9ddc0c5c952,5e6c5afaa842478db6066e9de8dec1ef,7ed9bf4957754ae9965eb434e40f96e8,7ed9bf4957754ae9965eb434e40f96e8,4.561
deb7b3f332f042d49e7636d6e4959354,RADAR_LEFT_SIDE,f958776edcf543b990d6665ae0442ac8,cbecfab3ced24bbeab0a1b1bdd4375a8,7ed9bf4957754ae9965eb434e40f96e8,7ed9bf4957754ae9965eb434e40f96e8,5.191
deb7b3f332f042d49e7636d6e4959354,RADAR_RIGHT_BACK,bfa9035acde54eb19a17603ae4ca3413,f2c73d43e0994ee8a16f930860856c0e,7ed9bf4957754ae9965eb434e40f96e8,7ed9bf4957754ae9965eb434e40f96e8,4.217
deb7b3f332f042d49e7636d6e4959354,RADAR_RIGHT_FRONT,51abcad0829947c5848883611d8f042c,3126c35b164c459d85e0a0555ccba628,7ed9bf4957754ae9965eb434e40f96e8,7ed9bf4957754ae9965eb434e40f96e8,4.977
deb7b3f332f042d49e7636d6e4959354,RADAR_RIGHT_SIDE,0363f79b816e424cb4021a6070490baf,8bef64c60da74778a5b9ef975c97edb7,7ed9bf4957754ae9965eb434e40f96e8,7ed9bf4957754ae9965eb434e40f96e8,3.892
a574551be31547e4b7c78ff87c75abb3,LIDAR_LEFT,a3e9e7bdc0974603a571959d2782dfbf,2e6c7b7b7ceb4f69be01f9006cedf58f,ebe5d608af0e46dca4a8daa57a0bf581,e312e478556b4552a4c6bceb4599b629,-10.634
a574551be31547e4b7c78ff87c75abb3,LIDAR_REAR,b12fc93807b64ee8a5e56633cf872f5e,7198b581279c431bad450deaf7669f87,edba5e2f6d0143dbb0e947ea55aa5a5c,e312e478556b4552a4c6bceb4599b629,-48.015
a574551be31547e4b7c78ff87c75abb3,LIDAR_RIGHT,d2715f61498e49328c7ef2bc76c3673e,aefabf5dd96744beb296b9881d60ff8b,d1f5971660b741f28b4cf7c25b4c6b24,e312e478556b4552a4c6bceb4599b629,14.14
a574551be31547e4b7c78ff87c75abb3,LIDAR_TOP_FRONT,9c44296a342a4894a02eacb38b984099,f994daad50a14ac49f1468d66eb8db62,e312e478556b4552a4c6bceb4599b629,e312e478556b4552a4c6bceb4599b629,2.459
a574551be31547e4b7c78ff87c75abb3,LIDAR_TOP_LEFT,ac40742882b84b2fb33516bd48c3f158,373fca46a765439794d1ecbb5839a161,3ab9a56d98ea4a059ba9a0065879ded9,e312e478556b4552a4c6bceb4599b629,-22.093
a574551be31547e4b7c78ff87c75abb3,LIDAR_TOP_RIGHT,216eb1a948b04ca5837a248aa43f02e8,f8849496a35c4af599b8e598afda166d,815f55e79de24ba38660ac2bc4aa630d,e312e478556b4552a4c6bceb4599b629,27.953
a574551be31547e4b7c78ff87c75abb3,RADAR_LEFT_BACK,4010b26ca9fa4f60bd922f5268a6ccb5,326989c743c948bf86229f525d0deb2d,edba5e2f6d0143dbb0e947ea55aa5a5c,e312e478556b4552a4c6bceb4599b629,-45.971
a574551be31547e4b7c78ff87c75abb3,RADAR_LEFT_FRONT,5f143e5c23ac409191096aa1921f19b9,5e6c5afaa842478db6066e9de8dec1ef,e312e478556b4552a4c6bceb4599b629,e312e478556b4552a4c6bceb4599b629,5.075
a574551be31547e4b7c78ff87c75abb3,RADAR_LEFT_SIDE,2f9eda6afc4245ab8bd02a0380b5a27b,cbecfab3ced24bbeab0a1b1bdd4375a8,e312e478556b4552a4c6bceb4599b629,e312e478556b4552a4c6bceb4599b629,6.323
a574551be31547e4b7c78ff87c75abb3,RADAR_RIGHT_BACK,0bf39c908520444a899cd5afd11d85e9,f2c73d43e0994ee8a16f930860856c0e,e312e478556b4552a4c6bceb4599b629,e312e478556b4552a4c6bceb4599b629,4.841
a574551be31547e4b7c78ff87c75abb3,RADAR_RIGHT_FRONT,2b99397ba7be46cb8c94ac8557f291d4,3126c35b164c459d85e0a0555ccba628,e312e478556b4552a4c6bceb4599b629,e312e478556b4552a4c6bceb4599b629,6.277
a574551be31547e4b7c78ff87c75abb3,RADAR_RIGHT_SIDE,699a72dafe704ef398dbf5f61fc6b584,8bef64c60da74778a5b9ef975c97edb7,edba5e2f6d0143dbb0e947ea55aa5a5c,e312e478556b4552a4c6bceb4599b629,-46.093
1393759bf6ff4f8e88deff0da0dc2aca,LIDAR_LEFT,c83b469edb6649b8a669e3f95056106e,2e6c7b7b7ceb4f69be01f9006cedf58f,543e60eb3237457fa17b56951ad8fa8d,e6b808d1903643f291e4925b66b81868,-10.647
1393759bf6ff4f8e88deff0da0dc2aca,LIDAR_REAR,43ae0eb14af94524ac5548680b51bdc2,7198b581279c431bad450deaf7669f87,377e37b10ddc462587924c7edd5ee8f9,e6b808d1903643f291e4925b66b81868,-47.639
1393759bf6ff4f8e88deff0da0dc2aca,LIDAR_RIGHT,b2026803c3c54d09aae027b1b60fd021,aefabf5dd96744beb296b9881d60ff8b,d8c2faee2797427e9517e5b06c517270,e6b808d1903643f291e4925b66b81868,14.51
1393759bf6ff4f8e88deff0da0dc2aca,LIDAR_TOP_FRONT,c6a2b13086174599aa174eb36b9144dc,f994daad50a14ac49f1468d66eb8db62,e6b808d1903643f291e4925b66b81868,e6b808d1903643f291e4925b66b81868,2.738
1393759bf6ff4f8e88deff0da0dc2aca,LIDAR_TOP_LEFT,cebb613213a9483fae24fc76f13f96c3,373fca46a765439794d1ecbb5839a161,6d06bf8a25744f88bcbc5668c4829a47,e6b808d1903643f291e4925b66b81868,-21.621
1393759bf6ff4f8e88deff0da0dc2aca,LIDAR_TOP_RIGHT,387242cd94e9405ab56cd8d4fc379604,f8849496a35c4af599b8e598afda166d,f8803ccff39045cfae6d4684085d73ba,e6b808d1903643f291e4925b66b81868,28.388
1393759bf6ff4f8e88deff0da0dc2aca,RADAR_LEFT_BACK,7358da826c1e45edbff0c495a9387930,326989c743c948bf86229f525d0deb2d,e6b808d1903643f291e4925b66b81868,e6b808d1903643f291e4925b66b81868,8.145
1393759bf6ff4f8e88deff0da0dc2aca,RADAR_LEFT_FRONT,e5fc2221d1f049999f5c5d61dc051ca7,5e6c5afaa842478db6066e9de8dec1ef,e6b808d1903643f291e4925b66b81868,e6b808d1903643f291e4925b66b81868,8.003
1393759bf6ff4f8e88deff0da0dc2aca,RADAR_LEFT_SIDE,edca8880c6994da8b816767d88bb8d9e,cbecfab3ced24bbeab0a1b1bdd4375a8,377e37b10ddc462587924c7edd5ee8f9,e6b808d1903643f291e4925b66b81868,-42.173
1393759bf6ff4f8e88deff0da0dc2aca,RADAR_RIGHT_BACK,5ddaefca4ea649cfad2fbd7b22e8116b,f2c73d43e0994ee8a16f930860856c0e,e6b808d1903643f291e4925b66b81868,e6b808d1903643f291e4925b66b81868,7.726
1393759bf6ff4f8e88deff0da0dc2aca,RADAR_RIGHT_FRONT,81905b94971b44689e3944abbdc96854,3126c35b164c459d85e0a0555ccba628,e6b808d1903643f291e4925b66b81868,e6b808d1903643f291e4925b66b81868,4.508
1393759bf6ff4f8e88deff0da0dc2aca,RADAR_RIGHT_SIDE,120882665c354a1985b20a7b2adfda6f,8bef64c60da74778a5b9ef975c97edb7,e6b808d1903643f291e4925b66b81868,e6b808d1903643f291e4925b66b81868,7.862
368662645c194921b716c026347db664,LIDAR_LEFT,baacf91e37494104b86e95f5b76384a9,2e6c7b7b7ceb4f69be01f9006cedf58f,dc7428b068ed4e39bddeb4e17e5b69b8,fd62fbe49d334c1d9093a29444cfb90a,-10.656
368662645c194921b716c026347db664,LIDAR_REAR,d7afd97881304dc39d303e9878812540,7198b581279c431bad450deaf7669f87,2234476a8d594904ba121842fef8b673,fd62fbe49d334c1d9093a29444cfb90a,-47.886
368662645c194921b716c026347db664,LIDAR_RIGHT,4013e4b04b9c49419cdd0eaa2cf229e4,aefabf5dd96744beb296b9881d60ff8b,ba1e4451b1b14bb99a5ab3a6b7dc60f2,fd62fbe49d334c1d9093a29444cfb90a,14.572
368662645c194921b716c026347db664,LIDAR_TOP_FRONT,56d5d38f3dad4426ab7fa18026af4e16,f994daad50a14ac49f1468d66eb8db62,fd62fbe49d334c1d9093a29444cfb90a,fd62fbe49d334c1d9093a29444cfb90a,2.515
368662645c194921b716c026347db664,LIDAR_TOP_LEFT,9cf5181283aa48af9ce6327d488a8f34,373fca46a765439794d1ecbb5839a161,d2969ff5f5fd479fbb327319dfb1264e,fd62fbe49d334c1d9093a29444cfb90a,-21.999
368662645c194921b716c026347db664,LIDAR_TOP_RIGHT,e91c6ad648454d54861d85502d5bd80e,f8849496a35c4af599b8e598afda166d,67b58af0356a44f9ac7c3877da2ab471,fd62fbe49d334c1d9093a29444cfb90a,28.111
368662645c194921b716c026347db664,RADAR_LEFT_BACK,28d0c495996b4522a4a74d99e3116e55,326989c743c948bf86229f525d0deb2d,fd62fbe49d334c1d9093a29444cfb90a,fd62fbe49d334c1d9093a29444cfb90a,3.792
368662645c194921b716c026347db664,RADAR_LEFT_FRONT,be97081dcf72410da863bbca5527732b,5e6c5afaa842478db6066e9de8dec1ef,fd62fbe49d334c1d9093a29444cfb90a,fd62fbe49d334c1d9093a29444cfb90a,4.032
368662645c194921b716c026347db664,RADAR_LEFT_SIDE,165217ff9fda4d43978b29b7b854e6cf,cbecfab3ced24bbeab0a1b1bdd4375a8,fd62fbe49d334c1d9093a29444cfb90a,fd62fbe49d334c1d9093a29444cfb90a,4.994
368662645c194921b716c026347db664,RADAR_RIGHT_BACK,e3ff209fc56341dba068edf177fdd3f1,f2c73d43e0994ee8a16f930860856c0e,fd62fbe49d334c1d9093a29444cfb90a,fd62fbe49d334c1d9093a29444cfb90a,3.774
368662645c194921b716c026347db664,RADAR_RIGHT_FRONT,60ffdc0fb0f34c83b12b405d0f309c4d,3126c35b164c459d85e0a0555ccba628,fd62fbe49d334c1d9093a29444cfb90a,fd62fbe49d334c1d9093a29444cfb90a,4.94
368662645c194921b716c026347db664,RADAR_RIGHT_SIDE,8d5fd0ad0297477782a658c837831a3c,8bef64c60da74778a5b9ef975c97edb7,fd62fbe49d334c1d9093a29444cfb90a,fd62fbe49d334c1d9093a29444cfb90a,3.952
a42b482121464aa795d24f55400c574f,LIDAR_LEFT,a3bb413a27de45b29d1b6d15bb512fc9,2e6c7b7b7ceb4f69be01f9006cedf58f,d422c9e6ae4b47eb94d328cfb9b059f3,5b49ae62273a4ca599972767be5a6c7b,-10.643
a42b482121464aa795d24f55400c574f,LIDAR_REAR,43298e5de6b84061a450b52066e9764b,7198b581279c431bad450deaf7669f87,9a2ca262e545417592c59ca461ff5264,5b49ae62273a4ca599972767be5a6c7b,-48.259
a42b482121464aa795d24f55400c574f,LIDAR_RIGHT,abe808ddf6e44ca580f925c3b69718ee,aefabf5dd96744beb296b9881d60ff8b,026b7ef3fd4e47bc9312363d38115b99,5b49ae62273a4ca599972767be5a6c7b,14.018
a42b482121464aa795d24f55400c574f,LIDAR_TOP_FRONT,de807f8837154267b1397e76649f4193,f994daad50a14ac49f1468d66eb8db62,5b49ae62273a4ca599972767be5a6c7b,5b49ae62273a4ca599972767be5a6c7b,2.484
a42b482121464aa795d24f55400c574f,LIDAR_TOP_LEFT,618c93d05faa42b9b7e5e36028f8691f,373fca46a765439794d1ecbb5839a161,6c287efb77d6400f957f79542d6c3161,5b49ae62273a4ca599972767be5a6c7b,-22.013
a42b482121464aa795d24f55400c574f,LIDAR_TOP_RIGHT,c13aad7dd6854c7d8105dfdfa750ddb1,f8849496a35c4af599b8e598afda166d,e9b9f7ed01cb47a6af386c2653e2baa0,5b49ae62273a4ca599972767be5a6c7b,28.101
a42b482121464aa795d24f55400c574f,RADAR_LEFT_BACK,fc5be5ef9bed475488b2a9e9e83d9d61,326989c743c948bf86229f525d0deb2d,5b49ae62273a4ca599972767be5a6c7b,5b49ae62273a4ca599972767be5a6c7b,5.813
a42b482121464aa795d24f55400c574f,RADAR_LEFT_FRONT,eea15ef65ca847e3bad72da1df2e74be,5e6c5afaa842478db6066e9de8dec1ef,5b49ae62273a4ca599972767be5a6c7b,5b49ae62273a4ca599972767be5a6c7b,6.243
a42b482121464aa795d24f55400c574f,RADAR_LEFT_SIDE,4330c46ad2de4d1889c36536103143bc,cbecfab3ced24bbeab0a1b1bdd4375a8,5b49ae62273a4ca599972767be5a6c7b,5b49ae62273a4ca599972767be5a6c7b,7.482
a42b482121464aa795d24f55400c574f,RADAR_RIGHT_BACK,5db407cf84714a359477dd591aebd4f1,f2c73d43e0994ee8a16f930860856c0e,5b49ae62273a4ca599972767be5a6c7b,5b49ae62273a4ca599972767be5a6c7b,5.803
a42b482121464aa795d24f55400c574f,RADAR_RIGHT_FRONT,d2c35f96b3ef412284bdfdd6a919a377,3126c35b164c459d85e0a0555ccba628,5b49ae62273a4ca599972767be5a6c7b,5b49ae62273a4ca599972767be5a6c7b,7.427
a42b482121464aa795d24f55400c574f,RADAR_RIGHT_SIDE,dc59b85dde3c40679dc56e69111a4443,8bef64c60da74778a5b9ef975c97edb7,5b49ae62273a4ca599972767be5a6c7b,5b49ae62273a4ca599972767be5a6c7b,5.803
814d7dd86f1a47e28385ee434cdb6b1a,LIDAR_LEFT,8b0812b4dac54df1bc5238a594a3f033,2e6c7b7b7ceb4f69be01f9006cedf58f,9dd4847761af421b86852aa7c2ff096d,dd670f6b57bc47f99517972edf0dd32f,-10.644
814d7dd86f1a47e28385ee434cdb6b1a,LIDAR_REAR,903aa7d502774c5688190b38bed5d6e1,7198b581279c431bad450deaf7669f87,e47e705a9963405ab01fe41da40280ab,dd670f6b57bc47f99517972edf0dd32f,-47.689
814d7dd86f1a47e28385ee434cdb6b1a,LIDAR_RIGHT,a1d2c0a63e344dd19261b0cf9c5ed07e,aefabf5dd96744beb296b9881d60ff8b,cf536e623c64491483ec82292ff48ab3,dd670f6b57bc47f99517972edf0dd32f,14.056
814d7dd86f1a47e28385ee434cdb6b1a,LIDAR_TOP_FRONT,12f738c4cbf54c34b4c734c892b0f538,f994daad50a14ac49f1468d66eb8db62,dd670f6b57bc47f99517972edf0dd32f,dd670f6b57bc47f99517972edf0dd32f,2.339
814d7dd86f1a47e28385ee434cdb6b1a,LIDAR_TOP_LEFT,3507a7bbb410410bb1620844d57c3edc,373fca46a765439794d1ecbb5839a161,9edfe4e7b41c4032898d7d0214223359,dd670f6b57bc47f99517972edf0dd32f,-21.919
814d7dd86f1a47e28385ee434cdb6b1a,LIDAR_TOP_RIGHT,207278f4afdc4c52ab1b1416f02dc19c,f8849496a35c4af599b8e598afda166d,aa645964c11d4cf098526851b0693547,dd670f6b57bc47f99517972edf0dd32f,28.136
814d7dd86f1a47e28385ee434cdb6b1a,RADAR_LEFT_BACK,e2aee99571fd4547af62a7b4585cf275,326989c743c948bf86229f525d0deb2d,dd670f6b57bc47f99517972edf0dd32f,dd670f6b57bc47f99517972edf0dd32f,7.466
814d7dd86f1a47e28385ee434cdb6b1a,RADAR_LEFT_FRONT,6d64940f26964d6ba133aa4696733a47,5e6c5afaa842478db6066e9de8dec1ef,dd670f6b57bc47f99517972edf0dd32f,dd670f6b57bc47f99517972edf0dd32f,7.416
814d7dd86f1a47e28385ee434cdb6b1a,RADAR_LEFT_SIDE,16a81286a21949d99987c3d35dca688e,cbecfab3ced24bbeab0a1b1bdd4375a8,dd670f6b57bc47f99517972edf0dd32f,dd670f6b57bc47f99517972edf0dd32f,4.154
814d7dd86f1a47e28385ee434cdb6b1a,RADAR_RIGHT_BACK,13fb3701dcff4b8cacde062858356a92,f2c73d43e0994ee8a16f930860856c0e,dd670f6b57bc47f99517972edf0dd32f,dd670f6b57bc47f99517972edf0dd32f,7.536
814d7dd86f1a47e28385ee434cdb6b1a,RADAR_RIGHT_FRONT,ce59a3a3f77f4628979f16f980e929f7,3126c35b164c459d85e0a0555ccba628,dd670f6b57bc47f99517972edf0dd32f,dd670f6b57bc47f99517972edf0dd32f,4.132
814d7dd86f1a47e28385ee434cdb6b1a,RADAR_RIGHT_SIDE,2b975c169b45488ea7b8f5ac0a81680c,8bef64c60da74778a5b9ef975c97edb7,e47e705a9963405ab01fe41da40280ab,dd670f6b57bc47f99517972edf0dd32f,-44.038
a1bcff3507ba48d991ec098093d75394,LIDAR_LEFT,5c7b5f4519674b00ba8c047719307ef4,2e6c7b7b7ceb4f69be01f9006cedf58f,e70de2cd3ca34ecebdf0ee25f0317cf7,240d9644de824630a84000568fe7e420,-10.643
a1bcff3507ba48d991ec098093d75394,LIDAR_REAR,b75f1e25919842cabc11e0f57538b7c5,7198b581279c431bad450deaf7669f87,5e4f77d5e8d74f4687255eed07ab47f5,240d9644de824630a84000568fe7e420,-47.733
a1bcff3507ba48d991ec098093d75394,LIDAR_RIGHT,4c58ae5b8bda479987df50ae3ddf4987,aefabf5dd96744beb296b9881d60ff8b,99d8f04f11db4e0488477211c49f10c7,240d9644de824630a84000568fe7e420,14.123
a1bcff3507ba48d991ec098093d75394,LIDAR_TOP_FRONT,1441adeec84641fcbf5eaab00a884332,f994daad50a14ac49f1468d66eb8db62,240d9644de824630a84000568fe7e420,240d9644de824630a84000568fe7e420,3.117
a1bcff3507ba48d991ec098093d75394,LIDAR_TOP_LEFT,c5fad051047147f0bb634492407a87d4,373fca46a765439794d1ecbb5839a161,5c0b8e039ab446a08520be8b53fa1b4d,240d9644de824630a84000568fe7e420,-21.801
a1bcff3507ba48d991ec098093d75394,LIDAR_TOP_RIGHT,12537298c2d84e7f8343d58a333007d1,f8849496a35c4af599b8e598afda166d,93f6a91fe7a54227b9431bfd822d6eaa,240d9644de824630a84000568fe7e420,28.21
a1bcff3507ba48d991ec098093d75394,RADAR_LEFT_BACK,3102cf451b99425fb0339776382b2a51,326989c743c948bf86229f525d0deb2d,240d9644de824630a84000568fe7e420,240d9644de824630a84000568fe7e420,4.769
a1bcff3507ba48d991ec098093d75394,RADAR_LEFT_FRONT,b91349ca25a849febf05bb7f08cc97c1,5e6c5afaa842478db6066e9de8dec1ef,5e4f77d5e8d74f4687255eed07ab47f5,240d9644de824630a84000568fe7e420,-42.536
a1bcff3507ba48d991ec098093d75394,RADAR_LEFT_SIDE,3e6b9767fc854037932d0c8ac2fd0e80,cbecfab3ced24bbeab0a1b1bdd4375a8,240d9644de824630a84000568fe7e420,240d9644de824630a84000568fe7e420,6.36
a1bcff3507ba48d991ec098093d75394,RADAR_RIGHT_BACK,859e00b5743b4546ad524f5633f2720e,f2c73d43e0994ee8a16f930860856c0e,240d9644de824630a84000568fe7e420,240d9644de824630a84000568fe7e420,4.867
a1bcff3507ba48d991ec098093d75394,RADAR_RIGHT_FRONT,f9bdc3c2883d4c56a305c4480ee4d244,3126c35b164c459d85e0a0555ccba628,240d9644de824630a84000568fe7e420,240d9644de824630a84000568fe7e420,6.268
a1bcff3507ba48d991ec098093d75394,RADAR_RIGHT_SIDE,04d6ae57b37c409bbfceb3febd0a8784,8bef64c60da74778a5b9ef975c97edb7,5e4f77d5e8d74f4687255eed07ab47f5,240d9644de824630a84000568fe7e420,-42.409
8a5f89a6ebaa4d75aa70bf4b31734ea5,LIDAR_LEFT,a7e3036591df4f52990e01d46ebfae90,2e6c7b7b7ceb4f69be01f9006cedf58f,7a85c345b60246d3b8ba9f51e84b5f63,c61455280e9c4167adf0bf23112b8e9b,-10.652
8a5f89a6ebaa4d75aa70bf4b31734ea5,LIDAR_REAR,4fdf9ea72f924e6295713609bf0e54bd,7198b581279c431bad450deaf7669f87,72b494c9b6c4423db7c567eee7c46e4d,c61455280e9c4167adf0bf23112b8e9b,-47.973
8a5f89a6ebaa4d75aa70bf4b31734ea5,LIDAR_RIGHT,e317389976a746b5814aa1ad252f83be,aefabf5dd96744beb296b9881d60ff8b,8e1b1ab5cadc4a6b87f8c03772c898f4,c61455280e9c4167adf0bf23112b8e9b,14.529
8a5f89a6ebaa4d75aa70bf4b31734ea5,LIDAR_TOP_FRONT,56981e386ad346d7867e53c5c32bffb6,f994daad50a14ac49f1468d66eb8db62,c61455280e9c4167adf0bf23112b8e9b,c61455280e9c4167adf0bf23112b8e9b,3.093
8a5f89a6ebaa4d75aa70bf4b31734ea5,LIDAR_TOP_LEFT,628441ac9cf14bd0ad0e40eafa670b65,373fca46a765439794d1ecbb5839a161,525d0fc9d0e2490e9e66dd1d6e69d013,c61455280e9c4167adf0bf23112b8e9b,-22.106
8a5f89a6ebaa4d75aa70bf4b31734ea5,LIDAR_TOP_RIGHT,42275fdb3b364851bd40402ea91d730f,f8849496a35c4af599b8e598afda166d,cf9ae714f6464ed4a0cb3b835264cabc,c61455280e9c4167adf0bf23112b8e9b,28.046
8a5f89a6ebaa4d75aa70bf4b31734ea5,RADAR_LEFT_BACK,88b31af282364bcc9c217f5864e11a62,326989c743c948bf86229f525d0deb2d,c61455280e9c4167adf0bf23112b8e9b,c61455280e9c4167adf0bf23112b8e9b,6.295
8a5f89a6ebaa4d75aa70bf4b31734ea5,RADAR_LEFT_FRONT,9cc4ee1d329b457bbe71099b355229e2,5e6c5afaa842478db6066e9de8dec1ef,c61455280e9c4167adf0bf23112b8e9b,c61455280e9c4167adf0bf23112b8e9b,5.951
8a5f89a6ebaa4d75aa70bf4b31734ea5,RADAR_LEFT_SIDE,5a74e31547c64292874a035e590df7e2,cbecfab3ced24bbeab0a1b1bdd4375a8,72b494c9b6c4423db7c567eee7c46e4d,c61455280e9c4167adf0bf23112b8e9b,-43.662
8a5f89a6ebaa4d75aa70bf4b31734ea5,RADAR_RIGHT_BACK,74a6504f88654c52b901675b34116efb,f2c73d43e0994ee8a16f930860856c0e,c61455280e9c4167adf0bf23112b8e9b,c61455280e9c4167adf0bf23112b8e9b,6.086
8a5f89a6ebaa4d75aa70bf4b31734ea5,RADAR_RIGHT_FRONT,8726900e56924781b457274e83fd7df5,3126c35b164c459d85e0a0555ccba628,c61455280e9c4167adf0bf23112b8e9b,c61455280e9c4167adf0bf23112b8e9b,7.968
8a5f89a6ebaa4d75aa70bf4b31734ea5,RADAR_RIGHT_SIDE,636c5b593ef1432d9f479d92c190b263,8bef64c60da74778a5b9ef975c97edb7,c61455280e9c4167adf0bf23112b8e9b,c61455280e9c4167adf0bf23112b8e9b,6.078
3c7fe0a51cdd45da9a49624782c511f1,LIDAR_LEFT,515563bbb49d4c20adacee6da7472770,2e6c7b7b7ceb4f69be01f9006cedf58f,58b390481e6e4dedba18b2ddd008ca7c,420b7a53ab58454b845db33471c9a82b,-10.657
3c7fe0a51cdd45da9a49624782c511f1,LIDAR_REAR,4213870576984947b963478d180b84e4,7198b581279c431bad450deaf7669f87,665b598dea8c4d85b0b6095ce305ce95,420b7a53ab58454b845db33471c9a82b,-48.486
3c7fe0a51cdd45da9a49624782c511f1,LIDAR_RIGHT,9395ec4c15ad43faa84204fe6e0997f2,aefabf5dd96744beb296b9881d60ff8b,fa4f5f7a9d0d4cd6bc24e32517785779,420b7a53ab58454b845db33471c9a82b,14.444
3c7fe0a51cdd45da9a49624782c511f1,LIDAR_TOP_FRONT,8b079256beb04839a575e1ea9df57ffd,f994daad50a14ac49f1468d66eb8db62,420b7a53ab58454b845db33471c9a82b,420b7a53ab58454b845db33471c9a82b,2.422
3c7fe0a51cdd45da9a49624782c511f1,LIDAR_TOP_LEFT,f11706d28d0d438693fff48e72d01ff8,373fca46a765439794d1ecbb5839a161,c2e35bf1f28b41ee8c86b873dffd5d77,420b7a53ab58454b845db33471c9a82b,-22.551
3c7fe0a51cdd45da9a49624782c511f1,LIDAR_TOP_RIGHT,03c40c26be674f49af376dbf3d42b3a2,f8849496a35c4af599b8e598afda166d,d6e3d4bdd8484db5aea2638705d90515,420b7a53ab58454b845db33471c9a82b,27.558
3c7fe0a51cdd45da9a49624782c511f1,RADAR_LEFT_BACK,2b60d83f7d3f4e1796e5547af13cd306,326989c743c948bf86229f525d0deb2d,420b7a53ab58454b845db33471c9a82b,420b7a53ab58454b845db33471c9a82b,7.039
3c7fe0a51cdd45da9a49624782c511f1,RADAR_LEFT_FRONT,6a68e0866f4b4addb89126335153059c,5e6c5afaa842478db6066e9de8dec1ef,420b7a53ab58454b845db33471c9a82b,420b7a53ab58454b845db33471c9a82b,6.87
3c7fe0a51cdd45da9a49624782c511f1,RADAR_LEFT_SIDE,0bce6962478e45c786e62f031476ba7e,cbecfab3ced24bbeab0a1b1bdd4375a8,665b598dea8c4d85b0b6095ce305ce95,420b7a53ab58454b845db33471c9a82b,-42.866
3c7fe0a51cdd45da9a49624782c511f1,RADAR_RIGHT_BACK,a242ac17798b48239a25aae760f1503a,f2c73d43e0994ee8a16f930860856c0e,420b7a53ab58454b845db33471c9a82b,420b7a53ab58454b845db33471c9a82b,7.134
3c7fe0a51cdd45da9a49624782c511f1,RADAR_RIGHT_FRONT,6acf14acf0784f9db4c8a7414395fe58,3126c35b164c459d85e0a0555ccba628,420b7a53ab58454b845db33471c9a82b,420b7a53ab58454b845db33471c9a82b,4.416
3c7fe0a51cdd45da9a49624782c511f1,RADAR_RIGHT_SIDE,5593c9fb3f634f7999a59b58c094464b,8bef64c60da74778a5b9ef975c97edb7,420b7a53ab58454b845db33471c9a82b,420b7a53ab58454b845db33471c9a82b,6.982
e8d9d7b84b384c95ad0eff56dc1f0a99,LIDAR_LEFT,85af9806de834badbd86dbbefd9ffc00,2e6c7b7b7ceb4f69be01f9006cedf58f,ca84c10c7b14455eb9aa853341f61718,049cb61cad344bda94c4aeb8d6f80ee3,-10.662
e8d9d7b84b384c95ad0eff56dc1f0a99,LIDAR_REAR,f4b74411d1704ff2b754517d5191f723,7198b581279c431bad450deaf7669f87,704d01569338493a91d514c232e379d0,049cb61cad344bda94c4aeb8d6f80ee3,-49.054
e8d9d7b84b384c95ad0eff56dc1f0a99,LIDAR_RIGHT,63c2a14378c1466fa6d730f47adee9ee,aefabf5dd96744beb296b9881d60ff8b,5e135c9781914c81b7cbee0af29c01c0,049cb61cad344bda94c4aeb8d6f80ee3,14.366
e8d9d7b84b384c95ad0eff56dc1f0a99,LIDAR_TOP_FRONT,f5ac2f821bae4bfe86e8330adce9b63f,f994daad50a14ac49f1468d66eb8db62,049cb61cad344bda94c4aeb8d6f80ee3,049cb61cad344bda94c4aeb8d6f80ee3,1.666
e8d9d7b84b384c95ad0eff56dc1f0a99,LIDAR_TOP_LEFT,98b9c1c6fc5546cbb1dc4933d517d60a,373fca46a765439794d1ecbb5839a161,b612a15740c64953a2fd9eb23afb8583,049cb61cad344bda94c4aeb8d6f80ee3,-23.051
e8d9d7b84b384c95ad0eff56dc1f0a99,LIDAR_TOP_RIGHT,e656928d263e49d49916453c03bee24e,f8849496a35c4af599b8e598afda166d,0b51e8f147914166aa126670922a5aa1,049cb61cad344bda94c4aeb8d6f80ee3,26.967
e8d9d7b84b384c95ad0eff56dc1f0a99,RADAR_LEFT_BACK,63d1deee8f654107876b2d6d7f577653,326989c743c948bf86229f525d0deb2d,049cb61cad344bda94c4aeb8d6f80ee3,049cb61cad344bda94c4aeb8d6f80ee3,2.87
e8d9d7b84b384c95ad0eff56dc1f0a99,RADAR_LEFT_FRONT,e00b69afa91b4883a77927fcfcdf6859,5e6c5afaa842478db6066e9de8dec1ef,049cb61cad344bda94c4aeb8d6f80ee3,049cb61cad344bda94c4aeb8d6f80ee3,2.812
e8d9d7b84b384c95ad0eff56dc1f0a99,RADAR_LEFT_SIDE,5cb266555ce64bfea8095e8e8ec36087,cbecfab3ced24bbeab0a1b1bdd4375a8,049cb61cad344bda94c4aeb8d6f80ee3,049cb61cad344bda94c4aeb8d6f80ee3,5.479
e8d9d7b84b384c95ad0eff56dc1f0a99,RADAR_RIGHT_BACK,94d701f921a245f69f7286ee16495c3d,f2c73d43e0994ee8a16f930860856c0e,049cb61cad344bda94c4aeb8d6f80ee3,049cb61cad344bda94c4aeb8d6f80ee3,2.913
e8d9d7b84b384c95ad0eff56dc1f0a99,RADAR_RIGHT_FRONT,7105643e27634c8da8477dbc94e03697,3126c35b164c459d85e0a0555ccba628,049cb61cad344bda94c4aeb8d6f80ee3,049cb61cad344bda94c4aeb8d6f80ee3,5.028
e8d9d7b84b384c95ad0eff56dc1f0a99,RADAR_RIGHT_SIDE,6912ca25b34542fbb32c45fea665087b,8bef64c60da74778a5b9ef975c97edb7,049cb61cad344bda94c4aeb8d6f80ee3,049cb61cad344bda94c4aeb8d6f80ee3,2.961
c274731e59da4059ae35fd5e543870cd,LIDAR_LEFT,b57b8644e1584793aafd4ceb093d4ea8,2e6c7b7b7ceb4f69be01f9006cedf58f,acc90d44f55f442c818082ac34b0ed64,53289f428c2048e69a930aa8ab202262,-10.653
c274731e59da4059ae35fd5e543870cd,LIDAR_REAR,4e73c24ea0b54e589a2208ce67cc4fb9,7198b581279c431bad450deaf7669f87,d1ea004c7a7b4b7488d82e06ee63e471,53289f428c2048e69a930aa8ab202262,-49.298
c274731e59da4059ae35fd5e543870cd,LIDAR_RIGHT,724c51259669488c98896b505ee41ff8,aefabf5dd96744beb296b9881d60ff8b,97f360f158da434baf70222a65560660,53289f428c2048e69a930aa8ab202262,14.338
c274731e59da4059ae35fd5e543870cd,LIDAR_TOP_FRONT,8d734b91ef5b4e3eb91130091a6b8104,f994daad50a14ac49f1468d66eb8db62,53289f428c2048e69a930aa8ab202262,53289f428c2048e69a930aa8ab202262,1.087
c274731e59da4059ae35fd5e543870cd,LIDAR_TOP_LEFT,6b5d0f3e6b174406adc713cba132806c,373fca46a765439794d1ecbb5839a161,fcfd9f82f72f4236b0e12e20f5bd694e,53289f428c2048e69a930aa8ab202262,-23.536
c274731e59da4059ae35fd5e543870cd,LIDAR_TOP_RIGHT,6918c334d0b440d9be2ff13c8a7911c2,f8849496a35c4af599b8e598afda166d,540d9d59bf194ff198a3e32874013032,53289f428c2048e69a930aa8ab202262,26.497
c274731e59da4059ae35fd5e543870cd,RADAR_LEFT_BACK,e8b0b8eb49e94af8ab3087c2988db4d1,326989c743c948bf86229f525d0deb2d,d1ea004c7a7b4b7488d82e06ee63e471,53289f428c2048e69a930aa8ab202262,-47.404
c274731e59da4059ae35fd5e543870cd,RADAR_LEFT_FRONT,c3d0d386c9944e19b57ed316694be0df,5e6c5afaa842478db6066e9de8dec1ef,53289f428c2048e69a930aa8ab202262,53289f428c2048e69a930aa8ab202262,4.396
c274731e59da4059ae35fd5e543870cd,RADAR_LEFT_SIDE,5dd183964f6a4c81b2d0b9849d90fc0e,cbecfab3ced24bbeab0a1b1bdd4375a8,53289f428c2048e69a930aa8ab202262,53289f428c2048e69a930aa8ab202262,5.966
c274731e59da4059ae35fd5e543870cd,RADAR_RIGHT_BACK,ff052fe5162a44c28e6e0a14bf41065b,f2c73d43e0994ee8a16f930860856c0e,53289f428c2048e69a930aa8ab202262,53289f428c2048e69a930aa8ab202262,4.37
c274731e59da4059ae35fd5e543870cd,RADAR_RIGHT_FRONT,625dd9ab97ea4020a06bf997e74a5aa9,3126c35b164c459d85e0a0555ccba628,53289f428c2048e69a930aa8ab202262,53289f428c2048e69a930aa8ab202262,5.895
c274731e59da4059ae35fd5e543870cd,RADAR_RIGHT_SIDE,2139aa14673c4f0884341cbb3dc09cb5,8bef64c60da74778a5b9ef975c97edb7,53289f428c2048e69a930aa8ab202262,53289f428c2048e69a930aa8ab202262,4.393
f1c03220990143e19b983bf3da478764,LIDAR_LEFT,796f477ce3b3480b9385be1820102e15,2e6c7b7b7ceb4f69be01f9006cedf58f,034777f7358c4e53a6efb71921314dc7,a842d5d96ab1408e8c76751cb1286c5e,-10.633
f1c03220990143e19b983bf3da478764,LIDAR_REAR,0a47d7f90ef340fb9f09468e4031c468,7198b581279c431bad450deaf7669f87,5161a3cca0724a69be45858673b4cc4e,a842d5d96ab1408e8c76751cb1286c5e,-49.068
f1c03220990143e19b983bf3da478764,LIDAR_RIGHT,934ecd1e9c014b4a9f527ae1c97ce352,aefabf5dd96744beb296b9881d60ff8b,55ddb83d73bb41fd93d59f0a6fdfa394,a842d5d96ab1408e8c76751cb1286c5e,14.196
f1c03220990143e19b983bf3da478764,LIDAR_TOP_FRONT,348f7c3492be4136b16e47d1d3c2157d,f994daad50a14ac49f1468d66eb8db62,a842d5d96ab1408e8c76751cb1286c5e,a842d5d96ab1408e8c76751cb1286c5e,1.497
f1c03220990143e19b983bf3da478764,LIDAR_TOP_LEFT,7c1beb12aa5c470b83a3a2ea9b005085,373fca46a765439794d1ecbb5839a161,f509c0f452854f8f8ea8515ffb9e7c22,a842d5d96ab1408e8c76751cb1286c5e,-23.039
f1c03220990143e19b983bf3da478764,LIDAR_TOP_RIGHT,953c32a6625346849f1a363332d4d00a,f8849496a35c4af599b8e598afda166d,85e207f5c3aa4a77ae319f8ec037781d,a842d5d96ab1408e8c76751cb1286c5e,26.887
f1c03220990143e19b983bf3da478764,RADAR_LEFT_BACK,22067fc0cbd048e9ab80e2537fa46ee2,326989c743c948bf86229f525d0deb2d,a842d5d96ab1408e8c76751cb1286c5e,a842d5d96ab1408e8c76751cb1286c5e,6.151
f1c03220990143e19b983bf3da478764,RADAR_LEFT_FRONT,347f73c65a5e48819e6207b38bc3129b,5e6c5afaa842478db6066e9de8dec1ef,a842d5d96ab1408e8c76751cb1286c5e,a842d5d96ab1408e8c76751cb1286c5e,6.12
f1c03220990143e19b983bf3da478764,RADAR_LEFT_SIDE,0771af5fd5194a1082442dcd57e06158,cbecfab3ced24bbeab0a1b1bdd4375a8,a842d5d96ab1408e8c76751cb1286c5e,a842d5d96ab1408e8c76751cb1286c5e,2.744
f1c03220990143e19b983bf3da478764,RADAR_RIGHT_BACK,8e94074794ef4965955d57de386f31a4,f2c73d43e0994ee8a16f930860856c0e,a842d5d96ab1408e8c76751cb1286c5e,a842d5d96ab1408e8c76751cb1286c5e,6.124
f1c03220990143e19b983bf3da478764,RADAR_RIGHT_FRONT,c41a9185f77d4a8589e774830a2b82f8,3126c35b164c459d85e0a0555ccba628,a842d5d96ab1408e8c76751cb1286c5e,a842d5d96ab1408e8c76751cb1286c5e,2.812
f1c03220990143e19b983bf3da478764,RADAR_RIGHT_SIDE,a2026a44413c43d2a981f6e25893d3cb,8bef64c60da74778a5b9ef975c97edb7,a842d5d96ab1408e8c76751cb1286c5e,a842d5d96ab1408e8c76751cb1286c5e,6.126
8fca58701c884e49b255c3f8eb2846d6,LIDAR_LEFT,77a2e3890e3d4447b3c242d8cbd8f6b3,2e6c7b7b7ceb4f69be01f9006cedf58f,7030905971d54e7d96be8bd86a8d27ac,5efa13d92a044dc68eeefeae993adbd0,-10.63
8fca58701c884e49b255c3f8eb2846d6,LIDAR_REAR,1cac27959f824f5d835bca17b319a50c,7198b581279c431bad450deaf7669f87,315e482bf3324b91b18dc682b55a61df,5efa13d92a044dc68eeefeae993adbd0,-48.34
8fca58701c884e49b255c3f8eb2846d6,LIDAR_RIGHT,9921a92e8783461cab5f8b57f1a1fa8c,aefabf5dd96744beb296b9881d60ff8b,d943e15128a046c08b9029f850da591f,5efa13d92a044dc68eeefeae993adbd0,14.192
8fca58701c884e49b255c3f8eb2846d6,LIDAR_TOP_FRONT,e5075e541682470cb1c525403153361a,f994daad50a14ac49f1468d66eb8db62,5efa13d92a044dc68eeefeae993adbd0,5efa13d92a044dc68eeefeae993adbd0,2.475
8fca58701c884e49b255c3f8eb2846d6,LIDAR_TOP_LEFT,119aebc4e3944ed3804ea4d642377737,373fca46a765439794d1ecbb5839a161,90ec631e804e446a9726e0897251c9e4,5efa13d92a044dc68eeefeae993adbd0,-22.093
8fca58701c884e49b255c3f8eb2846d6,LIDAR_TOP_RIGHT,c6067bddb40249d18876e6d242e34f20,f8849496a35c4af599b8e598afda166d,6c05736102b64dd0a806edfde5d58c5e,5efa13d92a044dc68eeefeae993adbd0,27.736
8fca58701c884e49b255c3f8eb2846d6,RADAR_LEFT_BACK,cd59438387254772aa2fc840685efcc4,326989c743c948bf86229f525d0deb2d,5efa13d92a044dc68eeefeae993adbd0,5efa13d92a044dc68eeefeae993adbd0,3.838
8fca58701c884e49b255c3f8eb2846d6,RADAR_LEFT_FRONT,74d86a52df3248d583be651cdfe50ddd,5e6c5afaa842478db6066e9de8dec1ef,5efa13d92a044dc68eeefeae993adbd0,5efa13d92a044dc68eeefeae993adbd0,3.802
8fca58701c884e49b255c3f8eb2846d6,RADAR_LEFT_SIDE,08e38d21c93848e7a8cb63bfef3ee8a2,cbecfab3ced24bbeab0a1b1bdd4375a8,5efa13d92a044dc68eeefeae993adbd0,5efa13d92a044dc68eeefeae993adbd0,5.543
8fca58701c884e49b255c3f8eb2846d6,RADAR_RIGHT_BACK,65690c2a609f4eb586341b686d1641b4,f2c73d43e0994ee8a16f930860856c0e,5efa13d92a044dc68eeefeae993adbd0,5efa13d92a044dc68eeefeae993adbd0,3.981
8fca58701c884e49b255c3f8eb2846d6,RADAR_RIGHT_FRONT,5c713055a4ca44168b3b7663070b8a73,3126c35b164c459d85e0a0555ccba628,5efa13d92a044dc68eeefeae993adbd0,5efa13d92a044dc68eeefeae993adbd0,5.533
8fca58701c884e49b255c3f8eb2846d6,RADAR_RIGHT_SIDE,e666a1fea7694fa89809952c782de863,8bef64c60da74778a5b9ef975c97edb7,5efa13d92a044dc68eeefeae993adbd0,5efa13d92a044dc68eeefeae993adbd0,3.899
7fd37cf3b62b49a6a1cd62db392c9575,LIDAR_LEFT,318e8175c7d04990a1e271ecb1d56b59,2e6c7b7b7ceb4f69be01f9006cedf58f,ffed9ba731454be99bc9062e681d7a6b,f341f60ca8684120a7abae763eebc387,-10.63
7fd37cf3b62b49a6a1cd62db392c9575,LIDAR_REAR,c21ed3a87386479fa2b94057a2fc20da,7198b581279c431bad450deaf7669f87,2df7f0e4f38b4120934bcba569feac6d,f341f60ca8684120a7abae763eebc387,-47.799
7fd37cf3b62b49a6a1cd62db392c9575,LIDAR_RIGHT,1db599562a164ac6811196cf9d1fd283,aefabf5dd96744beb296b9881d60ff8b,12dc936034d6437eacf56c86efd322a1,f341f60ca8684120a7abae763eebc387,14.481
7fd37cf3b62b49a6a1cd62db392c9575,LIDAR_TOP_FRONT,5cab32e9739a466a9d4397207d9598f6,f994daad50a14ac49f1468d66eb8db62,f341f60ca8684120a7abae763eebc387,f341f60ca8684120a7abae763eebc387,2.895
7fd37cf3b62b49a6a1cd62db392c9575,LIDAR_TOP_LEFT,2f42ab7d7b4f47fdb7d3dc8c8a7da775,373fca46a765439794d1ecbb5839a161,8b07e30fd9754ae0a6eec79391f1f1ca,f341f60ca8684120a7abae763eebc387,-21.52
7fd37cf3b62b49a6a1cd62db392c9575,LIDAR_TOP_RIGHT,4504ef33cc1848c690658452db7c8254,f8849496a35c4af599b8e598afda166d,5224377f34094f6085c3217db05ad708,f341f60ca8684120a7abae763eebc387,28.585
7fd37cf3b62b49a6a1cd62db392c9575,RADAR_LEFT_BACK,9188ca06ab244c078270b1bf8efade10,326989c743c948bf86229f525d0deb2d,f341f60ca8684120a7abae763eebc387,f341f60ca8684120a7abae763eebc387,5.726
7fd37cf3b62b49a6a1cd62db392c9575,RADAR_LEFT_FRONT,544dfefe4c2a4389b51212da26e185c2,5e6c5afaa842478db6066e9de8dec1ef,f341f60ca8684120a7abae763eebc387,f341f60ca8684120a7abae763eebc387,5.806
7fd37cf3b62b49a6a1cd62db392c9575,RADAR_LEFT_SIDE,b791f6676c0e4bdab0f85a9bcd2bc53e,cbecfab3ced24bbeab0a1b1bdd4375a8,f341f60ca8684120a7abae763eebc387,f341f60ca8684120a7abae763eebc387,7.416
7fd37cf3b62b49a6a1cd62db392c9575,RADAR_RIGHT_BACK,13883b707dd74e7eaec4b63417cbe5c3,f2c73d43e0994ee8a16f930860856c0e,f341f60ca8684120a7abae763eebc387,f341f60ca8684120a7abae763eebc387,5.895
7fd37cf3b62b49a6a1cd62db392c9575,RADAR_RIGHT_FRONT,6ae4f426fe784be3817aee3625095682,3126c35b164c459d85e0a0555ccba628,f341f60ca8684120a7abae763eebc387,f341f60ca8684120a7abae763eebc387,7.615
7fd37cf3b62b49a6a1cd62db392c9575,RADAR_RIGHT_SIDE,a8fd38bd977e43f593ab1967c275bbd9,8bef64c60da74778a5b9ef975c97edb7,f341f60ca8684120a7abae763eebc387,f341f60ca8684120a7abae763eebc387,5.758
0113d3fc23954918ab040dd627bb4b0f,LIDAR_LEFT,df4510548af04dbdb6e1a811be231c99,2e6c7b7b7ceb4f69be01f9006cedf58f,4be92bbae32c4c6da8514fcef4857284,261a57346c704ee98d22dd965ded2eee,-10.641
0113d3fc23954918ab040dd627bb4b0f,LIDAR_REAR,94761a4a12f043fea9f2c5e74aba8ebf,7198b581279c431bad450deaf7669f87,2eeae98305184a618c2b5a060add09db,261a57346c704ee98d22dd965ded2eee,-47.019
0113d3fc23954918ab040dd627bb4b0f,LIDAR_RIGHT,fffb34aca30f4aabab427635b20da7fa,aefabf5dd96744beb296b9881d60ff8b,7d983ff6e80b4fffbdc681ca0cd6d46a,261a57346c704ee98d22dd965ded2eee,14.9
0113d3fc23954918ab040dd627bb4b0f,LIDAR_TOP_FRONT,2b141d893b75424181118da1243d7a23,f994daad50a14ac49f1468d66eb8db62,261a57346c704ee98d22dd965ded2eee,261a57346c704ee98d22dd965ded2eee,3.439
0113d3fc23954918ab040dd627bb4b0f,LIDAR_TOP_LEFT,c62d25f7800b42039c128a37c8af941f,373fca46a765439794d1ecbb5839a161,fb010569ea7f448b8c1641523482a583,261a57346c704ee98d22dd965ded2eee,-20.92
0113d3fc23954918ab040dd627bb4b0f,LIDAR_TOP_RIGHT,bb6b30f570bd433bb3980480bf172463,f8849496a35c4af599b8e598afda166d,cceebc42a8fc4f0e8edc5d3a838cdf36,261a57346c704ee98d22dd965ded2eee,29.241
0113d3fc23954918ab040dd627bb4b0f,RADAR_LEFT_BACK,dd4d65d0571c4a6197894bffd688bb0e,326989c743c948bf86229f525d0deb2d,261a57346c704ee98d22dd965ded2eee,261a57346c704ee98d22dd965ded2eee,7.941
0113d3fc23954918ab040dd627bb4b0f,RADAR_LEFT_FRONT,b6795113d33f42cf8f51da190964cced,5e6c5afaa842478db6066e9de8dec1ef,261a57346c704ee98d22dd965ded2eee,261a57346c704ee98d22dd965ded2eee,7.862
0113d3fc23954918ab040dd627bb4b0f,RADAR_LEFT_SIDE,1f24a0484aac4cbbaaa228ab3f69edab,cbecfab3ced24bbeab0a1b1bdd4375a8,261a57346c704ee98d22dd965ded2eee,261a57346c704ee98d22dd965ded2eee,5.065
0113d3fc23954918ab040dd627bb4b0f,RADAR_RIGHT_BACK,46f4415d39ae4ae2806d4d8f77fb63f9,f2c73d43e0994ee8a16f930860856c0e,261a57346c704ee98d22dd965ded2eee,261a57346c704ee98d22dd965ded2eee,8.009
0113d3fc23954918ab040dd627bb4b0f,RADAR_RIGHT_FRONT,e75e21b5637f433b862835cb6da53b41,3126c35b164c459d85e0a0555ccba628,261a57346c704ee98d22dd965ded2eee,261a57346c704ee98d22dd965ded2eee,5.184
0113d3fc23954918ab040dd627bb4b0f,RADAR_RIGHT_SIDE,23683a9d38c04013b29b66133b62f3c9,8bef64c60da74778a5b9ef975c97edb7,261a57346c704ee98d22dd965ded2eee,261a57346c704ee98d22dd965ded2eee,7.938
25b220729c6b4209804da4a588c3c84c,LIDAR_LEFT,4fada8240c8a4b1bb3f04d1f2d229034,2e6c7b7b7ceb4f69be01f9006cedf58f,35fba60907ac420183c795f78caaa5d0,7a51d95537b4406ab099ec92dafb6a02,-10.666
25b220729c6b4209804da4a588c3c84c,LIDAR_REAR,ed002a58b37d46418abf7fdd0aeb25b9,7198b581279c431bad450deaf7669f87,dc93d27545274c049e8159d432eba21d,7a51d95537b4406ab099ec92dafb6a02,-47.392
25b220729c6b4209804da4a588c3c84c,LIDAR_RIGHT,9e425d568a3b42feb3dc245e645bb55a,aefabf5dd96744beb296b9881d60ff8b,9881a5b45b8c4858a25600075d37515b,7a51d95537b4406ab099ec92dafb6a02,14.92
25b220729c6b4209804da4a588c3c84c,LIDAR_TOP_FRONT,23c6093e4cd0489d8cb7beeec1f95a5d,f994daad50a14ac49f1468d66eb8db62,7a51d95537b4406ab099ec92dafb6a02,7a51d95537b4406ab099ec92dafb6a02,3.008
25b220729c6b4209804da4a588c3c84c,LIDAR_TOP_LEFT,1d37c4cf83bb48729710094a91511d13,373fca46a765439794d1ecbb5839a161,01903bdd62c5454c90f9ac2dba526eb2,7a51d95537b4406ab099ec92dafb6a02,-21.349
25b220729c6b4209804da4a588c3c84c,LIDAR_TOP_RIGHT,9ebabf5f37714c32a5f68aa3475d3e95,f8849496a35c4af599b8e598afda166d,862d49f1c70b42db8f7fea9fea6cec72,7a51d95537b4406ab099ec92dafb6a02,28.748
25b220729c6b4209804da4a588c3c84c,RADAR_LEFT_BACK,8f399bb368ab411b938a6a2c2e55b3d0,326989c743c948bf86229f525d0deb2d,7a51d95537b4406ab099ec92dafb6a02,7a51d95537b4406ab099ec92dafb6a02,4.711
25b220729c6b4209804da4a588c3c84c,RADAR_LEFT_FRONT,50026208dc0d4589b346c332da5daf73,5e6c5afaa842478db6066e9de8dec1ef,dc93d27545274c049e8159d432eba21d,7a51d95537b4406ab099ec92dafb6a02,-42.726
25b220729c6b4209804da4a588c3c84c,RADAR_LEFT_SIDE,a0fe063e80764fcc809b510297b26a5f,cbecfab3ced24bbeab0a1b1bdd4375a8,7a51d95537b4406ab099ec92dafb6a02,7a51d95537b4406ab099ec92dafb6a02,5.787
25b220729c6b4209804da4a588c3c84c,RADAR_RIGHT_BACK,f641eedadbc549db950965581227382e,f2c73d43e0994ee8a16f930860856c0e,7a51d95537b4406ab099ec92dafb6a02,7a51d95537b4406ab099ec92dafb6a02,4.871
25b220729c6b4209804da4a588c3c84c,RADAR_RIGHT_FRONT,4f251a6c3daa4b64a36e47b408a22ab9,3126c35b164c459d85e0a0555ccba628,7a51d95537b4406ab099ec92dafb6a02,7a51d95537b4406ab099ec92dafb6a02,5.984
25b220729c6b4209804da4a588c3c84c,RADAR_RIGHT_SIDE,504c7f33991a4f34ab3d429134e8bcb7,8bef64c60da74778a5b9ef975c97edb7,7a51d95537b4406ab099ec92dafb6a02,7a51d95537b4406ab099ec92dafb6a02,4.709
5141a31284164a69ac4307cb2b9ae6df,LIDAR_LEFT,54d8b9c45fd64acbac92ae312b845124,2e6c7b7b7ceb4f69be01f9006cedf58f,5b7c0a4efa9c480bb20005e183049a2a,6c505c035d36452b89ec47087367a3f2,-10.655
5141a31284164a69ac4307cb2b9ae6df,LIDAR_REAR,77a7ef5938954e3fbebf99c5c7acc8e9,7198b581279c431bad450deaf7669f87,69491a1d8a794463b19c09671ea7c6a5,6c505c035d36452b89ec47087367a3f2,-47.893
5141a31284164a69ac4307cb2b9ae6df,LIDAR_RIGHT,fc7da67b58344eadad32b3659f7cb926,aefabf5dd96744beb296b9881d60ff8b,a4327b99bab84aa7bec8ceb6452e4769,6c505c035d36452b89ec47087367a3f2,14.604
5141a31284164a69ac4307cb2b9ae6df,LIDAR_TOP_FRONT,8b6aa41956134276a5daedbdbb973830,f994daad50a14ac49f1468d66eb8db62,6c505c035d36452b89ec47087367a3f2,6c505c035d36452b89ec47087367a3f2,2.721
5141a31284164a69ac4307cb2b9ae6df,LIDAR_TOP_LEFT,c326420e3ce04de6a644f8acced782a7,373fca46a765439794d1ecbb5839a161,67611e2c467d4cb9964253070b2dce90,6c505c035d36452b89ec47087367a3f2,-21.993
5141a31284164a69ac4307cb2b9ae6df,LIDAR_TOP_RIGHT,870fc1b65ea3417ab0e6fa2e74ef2214,f8849496a35c4af599b8e598afda166d,4ef08d96817f420389d414470add6761,6c505c035d36452b89ec47087367a3f2,28.054
5141a31284164a69ac4307cb2b9ae6df,RADAR_LEFT_BACK,ec8b9b32f7d147da968436b7259ec2ad,326989c743c948bf86229f525d0deb2d,6c505c035d36452b89ec47087367a3f2,6c505c035d36452b89ec47087367a3f2,5.196
5141a31284164a69ac4307cb2b9ae6df,RADAR_LEFT_FRONT,877181556231465183c20a353860f07e,5e6c5afaa842478db6066e9de8dec1ef,6c505c035d36452b89ec47087367a3f2,6c505c035d36452b89ec47087367a3f2,5.075
5141a31284164a69ac4307cb2b9ae6df,RADAR_LEFT_SIDE,3e39352681184046baa2910c6341c71c,cbecfab3ced24bbeab0a1b1bdd4375a8,6c505c035d36452b89ec47087367a3f2,6c505c035d36452b89ec47087367a3f2,6.936
5141a31284164a69ac4307cb2b9ae6df,RADAR_RIGHT_BACK,a7d075b82963476fa0d617a7103e7cdd,f2c73d43e0994ee8a16f930860856c0e,6c505c035d36452b89ec47087367a3f2,6c505c035d36452b89ec47087367a3f2,5.089
5141a31284164a69ac4307cb2b9ae6df,RADAR_RIGHT_FRONT,64d68274c92a4cf1ac5836362d85e4bf,3126c35b164c459d85e0a0555ccba628,6c505c035d36452b89ec47087367a3f2,6c505c035d36452b89ec47087367a3f2,7.097
5141a31284164a69ac4307cb2b9ae6df,RADAR_RIGHT_SIDE,3023c07fa08146eaa888bdcd37c09e01,8bef64c60da74778a5b9ef975c97edb7,6c505c035d36452b89ec47087367a3f2,6c505c035d36452b89ec47087367a3f2,5.027
69c7cd93ec6444f799d8f65f16430e17,LIDAR_LEFT,5a9a997c53bf417b815fed25d431d25a,2e6c7b7b7ceb4f69be01f9006cedf58f,b7c5705480fb41f98020bc3fe9725bba,c3c4c33d42a04fe28b254dab7377fe29,-10.651
69c7cd93ec6444f799d8f65f16430e17,LIDAR_REAR,c5f092cf58364b009b860f3b567c2137,7198b581279c431bad450deaf7669f87,703d3591563542a2bfb9213375351eb4,c3c4c33d42a04fe28b254dab7377fe29,-48.411
69c7cd93ec6444f799d8f65f16430e17,LIDAR_RIGHT,a28f7eef53f0440b8e2c3d344e8ad14b,aefabf5dd96744beb296b9881d60ff8b,f9bbe276bdb04189a3d9d7b4ab147b36,c3c4c33d42a04fe28b254dab7377fe29,14.883
69c7cd93ec6444f799d8f65f16430e17,LIDAR_TOP_FRONT,c6380c7844d6448e808b5761256dcc86,f994daad50a14ac49f1468d66eb8db62,c3c4c33d42a04fe28b254dab7377fe29,c3c4c33d42a04fe28b254dab7377fe29,2.384
69c7cd93ec6444f799d8f65f16430e17,LIDAR_TOP_LEFT,b26e6999ccb3486eb1b8fd5ba420eb2d,373fca46a765439794d1ecbb5839a161,dd9d35d39217499dbb26f50adfaa3242,c3c4c33d42a04fe28b254dab7377fe29,-22.559
69c7cd93ec6444f799d8f65f16430e17,LIDAR_TOP_RIGHT,3f42994186ed42f681e51157ae69dcc7,f8849496a35c4af599b8e598afda166d,32b84b0c8e1f4d62ad8958a37513e91c,c3c4c33d42a04fe28b254dab7377fe29,27.708
69c7cd93ec6444f799d8f65f16430e17,RADAR_LEFT_BACK,c41ed8abe0a54c0fbe3e47c9ebef7972,326989c743c948bf86229f525d0deb2d,703d3591563542a2bfb9213375351eb4,c3c4c33d42a04fe28b254dab7377fe29,-44.799
69c7cd93ec6444f799d8f65f16430e17,RADAR_LEFT_FRONT,990e433df4674e40934f1fa0d5b483c4,5e6c5afaa842478db6066e9de8dec1ef,703d3591563542a2bfb9213375351eb4,c3c4c33d42a04fe28b254dab7377fe29,-44.861
69c7cd93ec6444f799d8f65f16430e17,RADAR_LEFT_SIDE,3d22c44c3c2f4d62bb6c5b8891ab669d,cbecfab3ced24bbeab0a1b1bdd4375a8,c3c4c33d42a04fe28b254dab7377fe29,c3c4c33d42a04fe28b254dab7377fe29,3.795
69c7cd93ec6444f799d8f65f16430e17,RADAR_RIGHT_BACK,eb14e07dc4e44dac85448934b0861db8,f2c73d43e0994ee8a16f930860856c0e,c3c4c33d42a04fe28b254dab7377fe29,c3c4c33d42a04fe28b254dab7377fe29,6.42
69c7cd93ec6444f799d8f65f16430e17,RADAR_RIGHT_FRONT,98a32be5465a48fea1658ba0976aa4a9,3126c35b164c459d85e0a0555ccba628,c3c4c33d42a04fe28b254dab7377fe29,c3c4c33d42a04fe28b254dab7377fe29,3.934
69c7cd93ec6444f799d8f65f16430e17,RADAR_RIGHT_SIDE,afe0749200ac455389842540e0d5f6db,8bef64c60da74778a5b9ef975c97edb7,c3c4c33d42a04fe28b254dab7377fe29,c3c4c33d42a04fe28b254dab7377fe29,6.574
4551a79e00f24684b35672591431ec8c,LIDAR_LEFT,e7cc452e0b084054a4126dc3dae5abdc,2e6c7b7b7ceb4f69be01f9006cedf58f,3e6960b855e649758a2b413828aed9c0,ead67fedadc84c838b12f541ef9d4b9a,-10.647
4551a79e00f24684b35672591431ec8c,LIDAR_REAR,432169519b224c61974214031b1c9183,7198b581279c431bad450deaf7669f87,0d51dc5ba4bf41bcb9b64be28599b597,ead67fedadc84c838b12f541ef9d4b9a,-48.841
4551a79e00f24684b35672591431ec8c,LIDAR_RIGHT,5d12ff1a864d4db78d04c3a83be6eb42,aefabf5dd96744beb296b9881d60ff8b,a12816fe8f854576939ea68dddfdb1d5,ead67fedadc84c838b12f541ef9d4b9a,15.285
4551a79e00f24684b35672591431ec8c,LIDAR_TOP_FRONT,20decefe6cee4274bb214612c8cf3989,f994daad50a14ac49f1468d66eb8db62,ead67fedadc84c838b12f541ef9d4b9a,ead67fedadc84c838b12f541ef9d4b9a,2.368
4551a79e00f24684b35672591431ec8c,LIDAR_TOP_LEFT,43be4df5c5ba425eb7e1a4cc0f47476b,373fca46a765439794d1ecbb5839a161,eda6d990917b46e38831cd06d7be9ef1,ead67fedadc84c838b12f541ef9d4b9a,-22.737
4551a79e00f24684b35672591431ec8c,LIDAR_TOP_RIGHT,54cde1896de841f88499df29baa9216a,f8849496a35c4af599b8e598afda166d,4f6eb4b42574434195d450c26ddd2652,ead67fedadc84c838b12f541ef9d4b9a,27.394
4551a79e00f24684b35672591431ec8c,RADAR_LEFT_BACK,4265f27c0dea47d8a071388d423ecbc5,326989c743c948bf86229f525d0deb2d,0d51dc5ba4bf41bcb9b64be28599b597,ead67fedadc84c838b12f541ef9d4b9a,-44.226
4551a79e00f24684b35672591431ec8c,RADAR_LEFT_FRONT,1c1db412564b41b29c8d8449d2dc1234,5e6c5afaa842478db6066e9de8dec1ef,ead67fedadc84c838b12f541ef9d4b9a,ead67fedadc84c838b12f541ef9d4b9a,3.191
4551a79e00f24684b35672591431ec8c,RADAR_LEFT_SIDE,1dd18b9d44d94aa19920afa9e159bb32,cbecfab3ced24bbeab0a1b1bdd4375a8,ead67fedadc84c838b12f541ef9d4b9a,ead67fedadc84c838b12f541ef9d4b9a,4.465
4551a79e00f24684b35672591431ec8c,RADAR_RIGHT_BACK,4a072dec89644bf5b58958ed1d90deeb,f2c73d43e0994ee8a16f930860856c0e,ead67fedadc84c838b12f541ef9d4b9a,ead67fedadc84c838b12f541ef9d4b9a,3.221
4551a79e00f24684b35672591431ec8c,RADAR_RIGHT_FRONT,fb4e924c21fa42d99303e4823414a339,3126c35b164c459d85e0a0555ccba628,ead67fedadc84c838b12f541ef9d4b9a,ead67fedadc84c838b12f541ef9d4b9a,4.541
4551a79e00f24684b35672591431ec8c,RADAR_RIGHT_SIDE,53cf4e5207194ed496ea4a34c15bb9c3,8bef64c60da74778a5b9ef975c97edb7,ead67fedadc84c838b12f541ef9d4b9a,ead67fedadc84c838b12f541ef9d4b9a,3.295
8502c7bf06fc4f319f1847b4a6e179e7,LIDAR_LEFT,ca85a12a1df14ed38250cf338b1d388c,2e6c7b7b7ceb4f69be01f9006cedf58f,0808da8635e346118a520e02844a889a,5865b99ef1924f76bcc5b53d7d0e4226,-10.631
8502c7bf06fc4f319f1847b4a6e179e7,LIDAR_REAR,016bf905f651417497b5ff9c2502fb8b,7198b581279c431bad450deaf7669f87,d726a9390c424652ba929adc756ed023,5865b99ef1924f76bcc5b53d7d0e4226,-48.372
8502c7bf06fc4f319f1847b4a6e179e7,LIDAR_RIGHT,384790db64414ec2ac336a4004dd2b88,aefabf5dd96744beb296b9881d60ff8b,a3c36955c0964eb0baff3ae18ea6e053,5865b99ef1924f76bcc5b53d7d0e4226,15.197
8502c7bf06fc4f319f1847b4a6e179e7,LIDAR_TOP_FRONT,84faeb1507384c7f9a3c5a53f6bf9584,f994daad50a14ac49f1468d66eb8db62,5865b99ef1924f76bcc5b53d7d0e4226,5865b99ef1924f76bcc5b53d7d0e4226,2.743
8502c7bf06fc4f319f1847b4a6e179e7,LIDAR_TOP_LEFT,05ea8ba90c104d05adb418736d85d2ed,373fca46a765439794d1ecbb5839a161,aad70d88338e43c6925b62e0ca96bea1,5865b99ef1924f76bcc5b53d7d0e4226,-22.433
8502c7bf06fc4f319f1847b4a6e179e7,LIDAR_TOP_RIGHT,fdd573cb7df048dfa1329d38dc76acee,f8849496a35c4af599b8e598afda166d,028a9f4d1cea48f0b71bb3433d1693d9,5865b99ef1924f76bcc5b53d7d0e4226,27.797
8502c7bf06fc4f319f1847b4a6e179e7,RADAR_LEFT_BACK,451f571b709f4b59825d6bb8be0340fc,326989c743c948bf86229f525d0deb2d,5865b99ef1924f76bcc5b53d7d0e4226,5865b99ef1924f76bcc5b53d7d0e4226,5.368
8502c7bf06fc4f319f1847b4a6e179e7,RADAR_LEFT_FRONT,2e112ebcfcb244aca76fb7e0988a2b56,5e6c5afaa842478db6066e9de8dec1ef,d726a9390c424652ba929adc756ed023,5865b99ef1924f76bcc5b53d7d0e4226,-45.731
8502c7bf06fc4f319f1847b4a6e179e7,RADAR_LEFT_SIDE,bbe7a5e0852c466bbdee2b63bf7c1624,cbecfab3ced24bbeab0a1b1bdd4375a8,5865b99ef1924f76bcc5b53d7d0e4226,5865b99ef1924f76bcc5b53d7d0e4226,6.735
8502c7bf06fc4f319f1847b4a6e179e7,RADAR_RIGHT_BACK,ecbfbb65daed4bc1aa9a48b8f5c84161,f2c73d43e0994ee8a16f930860856c0e,5865b99ef1924f76bcc5b53d7d0e4226,5865b99ef1924f76bcc5b53d7d0e4226,5.47
8502c7bf06fc4f319f1847b4a6e179e7,RADAR_RIGHT_FRONT,d8c5479de1a64130897d59d00f992631,3126c35b164c459d85e0a0555ccba628,5865b99ef1924f76bcc5b53d7d0e4226,5865b99ef1924f76bcc5b53d7d0e4226,6.673
8502c7bf06fc4f319f1847b4a6e179e7,RADAR_RIGHT_SIDE,c74913eaca5a4d5d97c946e1a77f5382,8bef64c60da74778a5b9ef975c97edb7,5865b99ef1924f76bcc5b53d7d0e4226,5865b99ef1924f76bcc5b53d7d0e4226,5.391
09620b9499344b80a7870dc1b80cb4ed,LIDAR_LEFT,32a76f499a00451ab701dc292405d03e,2e6c7b7b7ceb4f69be01f9006cedf58f,6143147bdbd74817bc3fdccd0e988dc0,47d20a1b57f9412cb3de36ade2145aaf,-10.638
09620b9499344b80a7870dc1b80cb4ed,LIDAR_REAR,6705f4c722db4d2ea9b65d5c653e2bf3,7198b581279c431bad450deaf7669f87,eae42d3556534e078555314946774699,47d20a1b57f9412cb3de36ade2145aaf,-47.936
09620b9499344b80a7870dc1b80cb4ed,LIDAR_RIGHT,5e2434a6ebb8426a92202ad8b2685b0b,aefabf5dd96744beb296b9881d60ff8b,0ce3523b2373437bb8633e1314e420f8,47d20a1b57f9412cb3de36ade2145aaf,14.9
09620b9499344b80a7870dc1b80cb4ed,LIDAR_TOP_FRONT,660c09cedab84e8884b0d81778607364,f994daad50a14ac49f1468d66eb8db62,47d20a1b57f9412cb3de36ade2145aaf,47d20a1b57f9412cb3de36ade2145aaf,3.07
09620b9499344b80a7870dc1b80cb4ed,LIDAR_TOP_LEFT,4e9ec2af655b4cada68d21aaae8a5a02,373fca46a765439794d1ecbb5839a161,17488c138eec47f59e5632eb0396cfa1,47d20a1b57f9412cb3de36ade2145aaf,-22.061
09620b9499344b80a7870dc1b80cb4ed,LIDAR_TOP_RIGHT,2d0cfaefeba743bca8bd841950ae2e4b,f8849496a35c4af599b8e598afda166d,64fe15eeadcd46bda934e379925e01eb,47d20a1b57f9412cb3de36ade2145aaf,28.064
09620b9499344b80a7870dc1b80cb4ed,RADAR_LEFT_BACK,1ce05779e1564accb47017218bb58a8e,326989c743c948bf86229f525d0deb2d,47d20a1b57f9412cb3de36ade2145aaf,47d20a1b57f9412cb3de36ade2145aaf,6.625
09620b9499344b80a7870dc1b80cb4ed,RADAR_LEFT_FRONT,6f2bf1720207403ab7cd3c40d17adc11,5e6c5afaa842478db6066e9de8dec1ef,47d20a1b57f9412cb3de36ade2145aaf,47d20a1b57f9412cb3de36ade2145aaf,6.682
09620b9499344b80a7870dc1b80cb4ed,RADAR_LEFT_SIDE,bca3fbb97281490f82d25b4ef1f86c9a,cbecfab3ced24bbeab0a1b1bdd4375a8,47d20a1b57f9412cb3de36ade2145aaf,47d20a1b57f9412cb3de36ade2145aaf,3.994
09620b9499344b80a7870dc1b80cb4ed,RADAR_RIGHT_BACK,3585808f74844d2b9ddfa53ec901117a,f2c73d43e0994ee8a16f930860856c0e,47d20a1b57f9412cb3de36ade2145aaf,47d20a1b57f9412cb3de36ade2145aaf,6.686
09620b9499344b80a7870dc1b80cb4ed,RADAR_RIGHT_FRONT,0f52a1bc26a7452497fffe354144c5eb,3126c35b164c459d85e0a0555ccba628,47d20a1b57f9412cb3de36ade2145aaf,47d20a1b57f9412cb3de36ade2145aaf,4.213
09620b9499344b80a7870dc1b80cb4ed,RADAR_RIGHT_SIDE,61a1b0c773ba4a9ea840cb7eb1445d1b,8bef64c60da74778a5b9ef975c97edb7,47d20a1b57f9412cb3de36ade2145aaf,47d20a1b57f9412cb3de36ade2145aaf,6.728
36b65dcf8d8d4266bf5802677195cc15,LIDAR_LEFT,d918eb2ffa234a4e92277b43d206e481,2e6c7b7b7ceb4f69be01f9006cedf58f,4acd745d05e643e9aba3262952d91fa4,1af049c854324fe28d288f5ef2a12a6b,-10.638
36b65dcf8d8d4266bf5802677195cc15,LIDAR_REAR,573be043d289434eb97921b6c63e26bb,7198b581279c431bad450deaf7669f87,f1a983830033434dbd1f9b8346e920b4,1af049c854324fe28d288f5ef2a12a6b,-47.62
36b65dcf8d8d4266bf5802677195cc15,LIDAR_RIGHT,600b05433a884fe8a39fcd6cb5e2f08d,aefabf5dd96744beb296b9881d60ff8b,16f29c7bdddc4ff5a0ff82335d520b6f,1af049c854324fe28d288f5ef2a12a6b,14.677
36b65dcf8d8d4266bf5802677195cc15,LIDAR_TOP_FRONT,808cfc2bd2ea40efa636c2943d17b211,f994daad50a14ac49f1468d66eb8db62,1af049c854324fe28d288f5ef2a12a6b,1af049c854324fe28d288f5ef2a12a6b,3.082
36b65dcf8d8d4266bf5802677195cc15,LIDAR_TOP_LEFT,06cf60c9112141e6a75e3b134be38eee,373fca46a765439794d1ecbb5839a161,c6c133255ee64491b6879e2bb12f2abd,1af049c854324fe28d288f5ef2a12a6b,-21.824
36b65dcf8d8d4266bf5802677195cc15,LIDAR_TOP_RIGHT,958e6d702c9a49d8bab91ad90c531d15,f8849496a35c4af599b8e598afda166d,ce448d04686843cfab99504cb8d63447,1af049c854324fe28d288f5ef2a12a6b,28.352
36b65dcf8d8d4266bf5802677195cc15,RADAR_LEFT_BACK,bdf5b6649d104fb1b06607a39ea64e8c,326989c743c948bf86229f525d0deb2d,f1a983830033434dbd1f9b8346e920b4,1af049c854324fe28d288f5ef2a12a6b,-41.822
36b65dcf8d8d4266bf5802677195cc15,RADAR_LEFT_FRONT,0a38ef05994e4da2a705a21cfbecb459,5e6c5afaa842478db6066e9de8dec1ef,1af049c854324fe28d288f5ef2a12a6b,1af049c854324fe28d288f5ef2a12a6b,4.948
36b65dcf8d8d4266bf5802677195cc15,RADAR_LEFT_SIDE,c8ed74b1a6e246dbae25599bba8ad15b,cbecfab3ced24bbeab0a1b1bdd4375a8,f1a983830033434dbd1f9b8346e920b4,1af049c854324fe28d288f5ef2a12a6b,-45.101
36b65dcf8d8d4266bf5802677195cc15,RADAR_RIGHT_BACK,e743cc91f1d44151acbdec90beaee62c,f2c73d43e0994ee8a16f930860856c0e,1af049c854324fe28d288f5ef2a12a6b,1af049c854324fe28d288f5ef2a12a6b,4.948
36b65dcf8d8d4266bf5802677195cc15,RADAR_RIGHT_FRONT,cc30545d6aee4322baebcf0bf264d53a,3126c35b164c459d85e0a0555ccba628,1af049c854324fe28d288f5ef2a12a6b,1af049c854324fe28d288f5ef2a12a6b,6.14
36b65dcf8d8d4266bf5802677195cc15,RADAR_RIGHT_SIDE,60767c0402be4efdbc2400d4b2b36558,8bef64c60da74778a5b9ef975c97edb7,1af049c854324fe28d288f5ef2a12a6b,1af049c854324fe28d288f5ef2a12a6b,4.999
bf5cf015771d44108d314771d3ace51d,LIDAR_LEFT,a3f4f6aebfe3492e9f00e029842ab5d9,2e6c7b7b7ceb4f69be01f9006cedf58f,e8515c7e66144922a09d250b6bd97d3b,ef412fc859e44dd899300c6a4a1945ee,-10.644
bf5cf015771d44108d314771d3ace51d,LIDAR_REAR,4a839eed21aa462d8cc48570117269ec,7198b581279c431bad450deaf7669f87,f0ee06545ab644c481d554dcc0564a07,ef412fc859e44dd899300c6a4a1945ee,-47.293
bf5cf015771d44108d314771d3ace51d,LIDAR_RIGHT,cff4191d900b4dc5aeed07fda4be9d5a,aefabf5dd96744beb296b9881d60ff8b,574bf3fb4b8449929ff795ca2d54210b,ef412fc859e44dd899300c6a4a1945ee,14.616
bf5cf015771d44108d314771d3ace51d,LIDAR_TOP_FRONT,9aeee8238afe45a3b37fe93c20db1195,f994daad50a14ac49f1468d66eb8db62,ef412fc859e44dd899300c6a4a1945ee,ef412fc859e44dd899300c6a4a1945ee,3.448
bf5cf015771d44108d314771d3ace51d,LIDAR_TOP_LEFT,64a31f3428fa417fb964865d79f656b8,373fca46a765439794d1ecbb5839a161,453fe73215f24f209de109e18670b2fd,ef412fc859e44dd899300c6a4a1945ee,-21.39
bf5cf015771d44108d314771d3ace51d,LIDAR_TOP_RIGHT,4e5f1fb653ae42b190a297c406b5fb45,f8849496a35c4af599b8e598afda166d,52c16ccedb9a45019b1fbad26e152682,ef412fc859e44dd899300c6a4a1945ee,28.739
bf5cf015771d44108d314771d3ace51d,RADAR_LEFT_BACK,77c777240829491582600086efc5c7e5,326989c743c948bf86229f525d0deb2d,ef412fc859e44dd899300c6a4a1945ee,ef412fc859e44dd899300c6a4a1945ee,6.042
bf5cf015771d44108d314771d3ace51d,RADAR_LEFT_FRONT,f6359636f65f4b0ca5f7c78d3cd0cc84,5e6c5afaa842478db6066e9de8dec1ef,ef412fc859e44dd899300c6a4a1945ee,ef412fc859e44dd899300c6a4a1945ee,5.971
bf5cf015771d44108d314771d3ace51d,RADAR_LEFT_SIDE,198d0f453a1e44b4821a0cb9fa019279,cbecfab3ced24bbeab0a1b1bdd4375a8,ef412fc859e44dd899300c6a4a1945ee,ef412fc859e44dd899300c6a4a1945ee,7.22
bf5cf015771d44108d314771d3ace51d,RADAR_RIGHT_BACK,905e0d7d3d2b4045949a0c9f929c9fc8,f2c73d43e0994ee8a16f930860856c0e,ef412fc859e44dd899300c6a4a1945ee,ef412fc859e44dd899300c6a4a1945ee,6.02
bf5cf015771d44108d314771d3ace51d,RADAR_RIGHT_FRONT,382b631a9d5a4c81adac89decaa99f19,3126c35b164c459d85e0a0555ccba628,ef412fc859e44dd899300c6a4a1945ee,ef412fc859e44dd899300c6a4a1945ee,7.344
bf5cf015771d44108d314771d3ace51d,RADAR_RIGHT_SIDE,a82ece4cee2647fc9d80c38784e1b9f4,8bef64c60da74778a5b9ef975c97edb7,ef412fc859e44dd899300c6a4a1945ee,ef412fc859e44dd899300c6a4a1945ee,6.082
268efcebbf824f24b960d30a7162183b,LIDAR_LEFT,2c195e8748dd4afaad015af03950dede,2e6c7b7b7ceb4f69be01f9006cedf58f,0d56778eff5048ff818f5d353244ffc9,2b316a681f7d41ffb99c9d0ba9fa8309,-10.665
268efcebbf824f24b960d30a7162183b,LIDAR_REAR,daefae67694940f8983a4969746a43e1,7198b581279c431bad450deaf7669f87,f189aafdcd1e4335a0273165ab8875fd,2b316a681f7d41ffb99c9d0ba9fa8309,-47.775
268efcebbf824f24b960d30a7162183b,LIDAR_RIGHT,1dc95178253d46d88ad595009f5ccc6e,aefabf5dd96744beb296b9881d60ff8b,f410a8357b194812b2ba11359eafccaf,2b316a681f7d41ffb99c9d0ba9fa8309,14.695
268efcebbf824f24b960d30a7162183b,LIDAR_TOP_FRONT,b9886e6796ad4ed99801cf6b94d1a21c,f994daad50a14ac49f1468d66eb8db62,2b316a681f7d41ffb99c9d0ba9fa8309,2b316a681f7d41ffb99c9d0ba9fa8309,2.887
268efcebbf824f24b960d30a7162183b,LIDAR_TOP_LEFT,7bbef62598574666888943849d28ac82,373fca46a765439794d1ecbb5839a161,4425dd4eb0634a55b18c10e3192a9a46,2b316a681f7d41ffb99c9d0ba9fa8309,-21.739
268efcebbf824f24b960d30a7162183b,LIDAR_TOP_RIGHT,1380a8583cc84d0d98410a777152887c,f8849496a35c4af599b8e598afda166d,fddaabb5c1a5423c98a8ea5879719cc4,2b316a681f7d41ffb99c9d0ba9fa8309,28.281
268efcebbf824f24b960d30a7162183b,RADAR_LEFT_BACK,beeb76307a3c4d7dae0d325c0f850877,326989c743c948bf86229f525d0deb2d,2b316a681f7d41ffb99c9d0ba9fa8309,2b316a681f7d41ffb99c9d0ba9fa8309,8.102
268efcebbf824f24b960d30a7162183b,RADAR_LEFT_FRONT,c799de1380d54b888e51545d73f3950b,5e6c5afaa842478db6066e9de8dec1ef,2b316a681f7d41ffb99c9d0ba9fa8309,2b316a681f7d41ffb99c9d0ba9fa8309,8.086
268efcebbf824f24b960d30a7162183b,RADAR_LEFT_SIDE,5e102171fa204661b300226501b74636,cbecfab3ced24bbeab0a1b1bdd4375a8,2b316a681f7d41ffb99c9d0ba9fa8309,2b316a681f7d41ffb99c9d0ba9fa8309,4.933
268efcebbf824f24b960d30a7162183b,RADAR_RIGHT_BACK,4ce6cc3ddfdb47bfb9a75b66c3e08fce,f2c73d43e0994ee8a16f930860856c0e,2b316a681f7d41ffb99c9d0ba9fa8309,2b316a681f7d41ffb99c9d0ba9fa8309,8.098
268efcebbf824f24b960d30a7162183b,RADAR_RIGHT_FRONT,11136d245f9c40db8a772e5ca110ed83,3126c35b164c459d85e0a0555ccba628,2b316a681f7d41ffb99c9d0ba9fa8309,2b316a681f7d41ffb99c9d0ba9fa8309,5.022
268efcebbf824f24b960d30a7162183b,RADAR_RIGHT_SIDE,36d7d4d2e5334959b9d20bec2ecee9b7,8bef64c60da74778a5b9ef975c97edb7,2b316a681f7d41ffb99c9d0ba9fa8309,2b316a681f7d41ffb99c9d0ba9fa8309,8.071
30408918ea7844f589bcb7b3f5b0cb17,LIDAR_LEFT,9b1d79b50fd4492b90b8f0ba3db55089,2e6c7b7b7ceb4f69be01f9006cedf58f,77e08178f2d14c70b0b0842069c1736c,344b9ef73227495fb112800aec28925b,-10.658
30408918ea7844f589bcb7b3f5b0cb17,LIDAR_REAR,a739e06f55104c0885e9d64328aa9f74,7198b581279c431bad450deaf7669f87,151c2faf8d6c4c2eba52253241c481e2,344b9ef73227495fb112800aec28925b,-48.501
30408918ea7844f589bcb7b3f5b0cb17,LIDAR_RIGHT,903eb62bfea34ab99daa0f7124b50fa8,aefabf5dd96744beb296b9881d60ff8b,bc0af5a9d4124db8aeb3ee7f03eb7fa7,344b9ef73227495fb112800aec28925b,14.268
30408918ea7844f589bcb7b3f5b0cb17,LIDAR_TOP_FRONT,8d9bbf53e00945d0b9f89d49c6f002ab,f994daad50a14ac49f1468d66eb8db62,344b9ef73227495fb112800aec28925b,344b9ef73227495fb112800aec28925b,2.027
30408918ea7844f589bcb7b3f5b0cb17,LIDAR_TOP_LEFT,f3f886a00d424fc0a8080e53f5765879,373fca46a765439794d1ecbb5839a161,f387b7dc3aaf4cfb983a452136d27df4,344b9ef73227495fb112800aec28925b,-22.351
30408918ea7844f589bcb7b3f5b0cb17,LIDAR_TOP_RIGHT,2679fbd19052426c907c6425907bd50b,f8849496a35c4af599b8e598afda166d,111973778b934e77a3a4d9069d3e7889,344b9ef73227495fb112800aec28925b,27.812
30408918ea7844f589bcb7b3f5b0cb17,RADAR_LEFT_BACK,01b136bd5fe245d1826a73e0db0d1ae4,326989c743c948bf86229f525d0deb2d,344b9ef73227495fb112800aec28925b,344b9ef73227495fb112800aec28925b,3.835
30408918ea7844f589bcb7b3f5b0cb17,RADAR_LEFT_FRONT,09aafa57d73b4503a5b7d53b29f0dc35,5e6c5afaa842478db6066e9de8dec1ef,151c2faf8d6c4c2eba52253241c481e2,344b9ef73227495fb112800aec28925b,-42.747
30408918ea7844f589bcb7b3f5b0cb17,RADAR_LEFT_SIDE,e86127e291f8490b8b065a74f0ccebc8,cbecfab3ced24bbeab0a1b1bdd4375a8,344b9ef73227495fb112800aec28925b,344b9ef73227495fb112800aec28925b,4.733
30408918ea7844f589bcb7b3f5b0cb17,RADAR_RIGHT_BACK,b38aba48750a4c1c9b8e3971a273671a,f2c73d43e0994ee8a16f930860856c0e,344b9ef73227495fb112800aec28925b,344b9ef73227495fb112800aec28925b,3.915
30408918ea7844f589bcb7b3f5b0cb17,RADAR_RIGHT_FRONT,6d1592972d894c29a3233167a52f3d9a,3126c35b164c459d85e0a0555ccba628,344b9ef73227495fb112800aec28925b,344b9ef73227495fb112800aec28925b,4.922
30408918ea7844f589bcb7b3f5b0cb17,RADAR_RIGHT_SIDE,09cfa2816d1b45c8ad4445e84dcbcbd4,8bef64c60da74778a5b9ef975c97edb7,344b9ef73227495fb112800aec28925b,344b9ef73227495fb112800aec28925b,3.875
66ec211e07194e3798d84dfe70729910,LIDAR_LEFT,0969c1f7f75b48f89f7e375a23b5aa9f,2e6c7b7b7ceb4f69be01f9006cedf58f,728f73229fd54b37a00fa13171fbb9a9,fdeb6ec8edd2476cbefb21e019af3f62,-10.661
66ec211e07194e3798d84dfe70729910,LIDAR_REAR,9cbdddc579ea4155a0f97be4d05669ee,7198b581279c431bad450deaf7669f87,d820fe06ebc449d792f68fd75552e88c,fdeb6ec8edd2476cbefb21e019af3f62,-48.912
66ec211e07194e3798d84dfe70729910,LIDAR_RIGHT,dd15c3fa51204f50a062a60af30303e9,aefabf5dd96744beb296b9881d60ff8b,1b5018fd2f8a4cd6ae735bd67c4db69e,fdeb6ec8edd2476cbefb21e019af3f62,13.682
66ec211e07194e3798d84dfe70729910,LIDAR_TOP_FRONT,a7a7dce6ddd9405b8c2872308356d875,f994daad50a14ac49f1468d66eb8db62,fdeb6ec8edd2476cbefb21e019af3f62,fdeb6ec8edd2476cbefb21e019af3f62,1.596
66ec211e07194e3798d84dfe70729910,LIDAR_TOP_LEFT,699d9472d15141059292958fda1d114a,373fca46a765439794d1ecbb5839a161,9b191887a8d240a9801ec7003979fa15,fdeb6ec8edd2476cbefb21e019af3f62,-22.896
66ec211e07194e3798d84dfe70729910,LIDAR_TOP_RIGHT,061288e03b6f4b1aa24a8ebc75aab6ed,f8849496a35c4af599b8e598afda166d,3f290ab043414e799408de6db4eb6907,fdeb6ec8edd2476cbefb21e019af3f62,27.165
66ec211e07194e3798d84dfe70729910,RADAR_LEFT_BACK,67f31622e25142a69674ca5020658bbb,326989c743c948bf86229f525d0deb2d,fdeb6ec8edd2476cbefb21e019af3f62,fdeb6ec8edd2476cbefb21e019af3f62,5.185
66ec211e07194e3798d84dfe70729910,RADAR_LEFT_FRONT,7d5ceba2a4c5454695ade9dd9cc3b8ea,5e6c5afaa842478db6066e9de8dec1ef,fdeb6ec8edd2476cbefb21e019af3f62,fdeb6ec8edd2476cbefb21e019af3f62,5.176
66ec211e07194e3798d84dfe70729910,RADAR_LEFT_SIDE,3511c34efe6c4a5a8a0569a19c953977,cbecfab3ced24bbeab0a1b1bdd4375a8,fdeb6ec8edd2476cbefb21e019af3f62,fdeb6ec8edd2476cbefb21e019af3f62,6.757
66ec211e07194e3798d84dfe70729910,RADAR_RIGHT_BACK,1821f50beab34a17aeb5c10ffac13f19,f2c73d43e0994ee8a16f930860856c0e,fdeb6ec8edd2476cbefb21e019af3f62,fdeb6ec8edd2476cbefb21e019af3f62,5.226
66ec211e07194e3798d84dfe70729910,RADAR_RIGHT_FRONT,08f7aecd737e4f4cb0715450677e54e9,3126c35b164c459d85e0a0555ccba628,fdeb6ec8edd2476cbefb21e019af3f62,fdeb6ec8edd2476cbefb21e019af3f62,6.887
66ec211e07194e3798d84dfe70729910,RADAR_RIGHT_SIDE,a786885263b24f98afea583f0fd3fdfe,8bef64c60da74778a5b9ef975c97edb7,fdeb6ec8edd2476cbefb21e019af3f62,fdeb6ec8edd2476cbefb21e019af3f62,4.961
d6faf332666e480aa7391cf082b0267c,LIDAR_LEFT,641ccdf7c4d54dd799fa673ce7e16496,2e6c7b7b7ceb4f69be01f9006cedf58f,822a674438cf40ae8fbd6550df361a50,23fe2089c6de48d9997c948cbae08ad9,-10.651
d6faf332666e480aa7391cf082b0267c,LIDAR_REAR,880cff0c04464b17b87c62a997e0888d,7198b581279c431bad450deaf7669f87,cd883b3264264596909ad22b66f61427,23fe2089c6de48d9997c948cbae08ad9,-49.539
d6faf332666e480aa7391cf082b0267c,LIDAR_RIGHT,bfb1604c806e4e9fb2ad99f553233820,aefabf5dd96744beb296b9881d60ff8b,66ed1d5e73fd4ca2b4d0a3efb697902d,23fe2089c6de48d9997c948cbae08ad9,13.177
d6faf332666e480aa7391cf082b0267c,LIDAR_TOP_FRONT,09d7fcc976e64bf28490e15c1737954b,f994daad50a14ac49f1468d66eb8db62,23fe2089c6de48d9997c948cbae08ad9,23fe2089c6de48d9997c948cbae08ad9,1.049
d6faf332666e480aa7391cf082b0267c,LIDAR_TOP_LEFT,2243bca3dc7343d58df1ea9d9aa21d53,373fca46a765439794d1ecbb5839a161,3b13c650bcd64178a05657599371e22b,23fe2089c6de48d9997c948cbae08ad9,-23.258
d6faf332666e480aa7391cf082b0267c,LIDAR_TOP_RIGHT,536b4c052e3d41d3ab8b32d5737adff8,f8849496a35c4af599b8e598afda166d,801910e68a6645f3b18079aade65f105,23fe2089c6de48d9997c948cbae08ad9,26.684
d6faf332666e480aa7391cf082b0267c,RADAR_LEFT_BACK,89d5e8bd4c944bb79c3892052040b819,326989c743c948bf86229f525d0deb2d,23fe2089c6de48d9997c948cbae08ad9,23fe2089c6de48d9997c948cbae08ad9,6.334
d6faf332666e480aa7391cf082b0267c,RADAR_LEFT_FRONT,9c2b2db208d7475f8da4bf1121a1ec08,5e6c5afaa842478db6066e9de8dec1ef,23fe2089c6de48d9997c948cbae08ad9,23fe2089c6de48d9997c948cbae08ad9,6.238
d6faf332666e480aa7391cf082b0267c,RADAR_LEFT_SIDE,42f65affaa3c4b6abb8800e0dd08ad71,cbecfab3ced24bbeab0a1b1bdd4375a8,23fe2089c6de48d9997c948cbae08ad9,23fe2089c6de48d9997c948cbae08ad9,2.663
d6faf332666e480aa7391cf082b0267c,RADAR_RIGHT_BACK,04e0736d7fac49abaf40e3b877eb2c3f,f2c73d43e0994ee8a16f930860856c0e,cd883b3264264596909ad22b66f61427,23fe2089c6de48d9997c948cbae08ad9,-45.362
d6faf332666e480aa7391cf082b0267c,RADAR_RIGHT_FRONT,5c5be4ab16584b26a4f3bf9667130170,3126c35b164c459d85e0a0555ccba628,23fe2089c6de48d9997c948cbae08ad9,23fe2089c6de48d9997c948cbae08ad9,2.745
d6faf332666e480aa7391cf082b0267c,RADAR_RIGHT_SIDE,2a4561dac4f24b51835c9f0f07364193,8bef64c60da74778a5b9ef975c97edb7,23fe2089c6de48d9997c948cbae08ad9,23fe2089c6de48d9997c948cbae08ad9,6.13
966d4b3345e945a8a99fd3b0752f42e0,LIDAR_LEFT,95cb74baab9f4be59d05768a856f07b4,2e6c7b7b7ceb4f69be01f9006cedf58f,151c1b7509d3430c858e41c2d02a181d,b395321a672b48ad8e652da5e2c9ea01,-10.633
966d4b3345e945a8a99fd3b0752f42e0,LIDAR_REAR,ec36669654fb4e3888fb4ab0d59c4562,7198b581279c431bad450deaf7669f87,8d610201c6214b60a48e62c344aec503,b395321a672b48ad8e652da5e2c9ea01,-49.029
966d4b3345e945a8a99fd3b0752f42e0,LIDAR_RIGHT,f0e8075e7e954cf987e9024e0e3df69b,aefabf5dd96744beb296b9881d60ff8b,d7fec76240fb46d4b6586c9a8300c384,b395321a672b48ad8e652da5e2c9ea01,13.327
966d4b3345e945a8a99fd3b0752f42e0,LIDAR_TOP_FRONT,934f83016de64dd19ed5772546914834,f994daad50a14ac49f1468d66eb8db62,b395321a672b48ad8e652da5e2c9ea01,b395321a672b48ad8e652da5e2c9ea01,1.561
966d4b3345e945a8a99fd3b0752f42e0,LIDAR_TOP_LEFT,bf12c5c8a8ac47ba8edae8c7ebb22539,373fca46a765439794d1ecbb5839a161,e235e9f167734817adea68bef6a5ccc4,b395321a672b48ad8e652da5e2c9ea01,-22.853
966d4b3345e945a8a99fd3b0752f42e0,LIDAR_TOP_RIGHT,592bab8141a44f34b954ba4451e0b6d9,f8849496a35c4af599b8e598afda166d,e87c2abf703140b7ab55a17909ae3f9b,b395321a672b48ad8e652da5e2c9ea01,27.212
966d4b3345e945a8a99fd3b0752f42e0,RADAR_LEFT_BACK,21407e0f1c044628a2cd048c0e36c296,326989c743c948bf86229f525d0deb2d,b395321a672b48ad8e652da5e2c9ea01,b395321a672b48ad8e652da5e2c9ea01,4.063
966d4b3345e945a8a99fd3b0752f42e0,RADAR_LEFT_FRONT,b215693de1d240c9baad9effda39e8c0,5e6c5afaa842478db6066e9de8dec1ef,b395321a672b48ad8e652da5e2c9ea01,b395321a672b48ad8e652da5e2c9ea01,3.764
966d4b3345e945a8a99fd3b0752f42e0,RADAR_LEFT_SIDE,a37cc3b2591d4902a0fc837e17fc3c35,cbecfab3ced24bbeab0a1b1bdd4375a8,b395321a672b48ad8e652da5e2c9ea01,b395321a672b48ad8e652da5e2c9ea01,5.211
966d4b3345e945a8a99fd3b0752f42e0,RADAR_RIGHT_BACK,e1c02cd7da3543c3b2a60c97b8c3bca3,f2c73d43e0994ee8a16f930860856c0e,b395321a672b48ad8e652da5e2c9ea01,b395321a672b48ad8e652da5e2c9ea01,3.553
966d4b3345e945a8a99fd3b0752f42e0,RADAR_RIGHT_FRONT,30d60b62482e49c997b69f71349eb19f,3126c35b164c459d85e0a0555ccba628,b395321a672b48ad8e652da5e2c9ea01,b395321a672b48ad8e652da5e2c9ea01,4.993
966d4b3345e945a8a99fd3b0752f42e0,RADAR_RIGHT_SIDE,7c343f86369f4a1f96bb53857f4c9658,8bef64c60da74778a5b9ef975c97edb7,b395321a672b48ad8e652da5e2c9ea01,b395321a672b48ad8e652da5e2c9ea01,3.628
188173f8e91a4090a439f6038577bf1d,LIDAR_LEFT,a248efef39894bf0863cbd6151441e74,2e6c7b7b7ceb4f69be01f9006cedf58f,acbed46e37784ca7bbde18f07911f81e,387a7a94ffd54ce68056b71f5eb651fd,-10.63
188173f8e91a4090a439f6038577bf1d,LIDAR_REAR,3453b8608ace40d48b64f619439d955d,7198b581279c431bad450deaf7669f87,33e8d83f2fd24ae89810578eac9a62de,387a7a94ffd54ce68056b71f5eb651fd,-48.281
188173f8e91a4090a439f6038577bf1d,LIDAR_RIGHT,57adb41e589d41b6b127a3475019a2fa,aefabf5dd96744beb296b9881d60ff8b,73e8ac8a1272498db19e3fa8984cb7c0,387a7a94ffd54ce68056b71f5eb651fd,14.128
188173f8e91a4090a439f6038577bf1d,LIDAR_TOP_FRONT,0cf57c7577914fc782bb0fb411477d28,f994daad50a14ac49f1468d66eb8db62,387a7a94ffd54ce68056b71f5eb651fd,387a7a94ffd54ce68056b71f5eb651fd,2.152
188173f8e91a4090a439f6038577bf1d,LIDAR_TOP_LEFT,811c3bc281f3434e8d863e08a037cb13,373fca46a765439794d1ecbb5839a161,34e15437d9834a229053c8284f593022,387a7a94ffd54ce68056b71f5eb651fd,-22.078
188173f8e91a4090a439f6038577bf1d,LIDAR_TOP_RIGHT,69b1a780757a4c55ae4c6a3a54e19a21,f8849496a35c4af599b8e598afda166d,cd890f6c58f74803b7774cc0266cf72a,387a7a94ffd54ce68056b71f5eb651fd,27.952
188173f8e91a4090a439f6038577bf1d,RADAR_LEFT_BACK,1d547bb4b9c24b09ace542ca0a5f9aac,326989c743c948bf86229f525d0deb2d,387a7a94ffd54ce68056b71f5eb651fd,387a7a94ffd54ce68056b71f5eb651fd,5.845
188173f8e91a4090a439f6038577bf1d,RADAR_LEFT_FRONT,7ad2174de87045ab985f9106c95341b7,5e6c5afaa842478db6066e9de8dec1ef,387a7a94ffd54ce68056b71f5eb651fd,387a7a94ffd54ce68056b71f5eb651fd,5.705
188173f8e91a4090a439f6038577bf1d,RADAR_LEFT_SIDE,925b8dd9a830404f826eb7ab357953c3,cbecfab3ced24bbeab0a1b1bdd4375a8,387a7a94ffd54ce68056b71f5eb651fd,387a7a94ffd54ce68056b71f5eb651fd,7.286
188173f8e91a4090a439f6038577bf1d,RADAR_RIGHT_BACK,45255c175034464f911a7609a47ebd0f,f2c73d43e0994ee8a16f930860856c0e,387a7a94ffd54ce68056b71f5eb651fd,387a7a94ffd54ce68056b71f5eb651fd,5.534
188173f8e91a4090a439f6038577bf1d,RADAR_RIGHT_FRONT,77f4230569a04d1d96b1b4d2b10761bc,3126c35b164c459d85e0a0555ccba628,387a7a94ffd54ce68056b71f5eb651fd,387a7a94ffd54ce68056b71f5eb651fd,7.178
188173f8e91a4090a439f6038577bf1d,RADAR_RIGHT_SIDE,d69e4f4141164c71af779f9df93cedc3,8bef64c60da74778a5b9ef975c97edb7,387a7a94ffd54ce68056b71f5eb651fd,387a7a94ffd54ce68056b71f5eb651fd,5.517
8dbf50814d614cfbb323d8e822654eb1,LIDAR_LEFT,c5ba1762fe464d0ba6394edf1bcb7ee6,2e6c7b7b7ceb4f69be01f9006cedf58f,e1de261e57624422b08548bfa276761b,0c1b09ecb3284a2ca5329fff871926f2,-10.632
8dbf50814d614cfbb323d8e822654eb1,LIDAR_REAR,621e94f0412e49a8bc0e8d7ba3f347c6,7198b581279c431bad450deaf7669f87,3c927f3d87c54db78247b89ef1acfaa4,0c1b09ecb3284a2ca5329fff871926f2,-47.351
8dbf50814d614cfbb323d8e822654eb1,LIDAR_RIGHT,6b1a6e6f4a1d4f02b04b44f32a7cb55d,aefabf5dd96744beb296b9881d60ff8b,7b9c39311ba849f995f56fd6fc010255,0c1b09ecb3284a2ca5329fff871926f2,15.469
8dbf50814d614cfbb323d8e822654eb1,LIDAR_TOP_FRONT,7e6ce002fe354baab9287a92296b054b,f994daad50a14ac49f1468d66eb8db62,0c1b09ecb3284a2ca5329fff871926f2,0c1b09ecb3284a2ca5329fff871926f2,3.003
8dbf50814d614cfbb323d8e822654eb1,LIDAR_TOP_LEFT,4a486312b3e44a12a0d8c1587fd0743f,373fca46a765439794d1ecbb5839a161,50aca359ca0a4c19a16e5a6df7386219,0c1b09ecb3284a2ca5329fff871926f2,-21.368
8dbf50814d614cfbb323d8e822654eb1,LIDAR_TOP_RIGHT,4bf90c08bfbf4d15ba0f388e01bc89e4,f8849496a35c4af599b8e598afda166d,a5b4de6b49084d1b8df0efcce86f926d,0c1b09ecb3284a2ca5329fff871926f2,28.471
8dbf50814d614cfbb323d8e822654eb1,RADAR_LEFT_BACK,a2ae32d471d444ecbc338af7a5c8dea1,326989c743c948bf86229f525d0deb2d,0c1b09ecb3284a2ca5329fff871926f2,0c1b09ecb3284a2ca5329fff871926f2,7.825
8dbf50814d614cfbb323d8e822654eb1,RADAR_LEFT_FRONT,4018dc2b9ca649d89d864fa4954039a3,5e6c5afaa842478db6066e9de8dec1ef,3c927f3d87c54db78247b89ef1acfaa4,0c1b09ecb3284a2ca5329fff871926f2,-43.616
8dbf50814d614cfbb323d8e822654eb1,RADAR_LEFT_SIDE,e018e16cd06b45319ba6d00449d46d1c,cbecfab3ced24bbeab0a1b1bdd4375a8,0c1b09ecb3284a2ca5329fff871926f2,0c1b09ecb3284a2ca5329fff871926f2,5.255
8dbf50814d614cfbb323d8e822654eb1,RADAR_RIGHT_BACK,614d29fe25b049128f6d721a3f17edc4,f2c73d43e0994ee8a16f930860856c0e,0c1b09ecb3284a2ca5329fff871926f2,0c1b09ecb3284a2ca5329fff871926f2,7.689
8dbf50814d614cfbb323d8e822654eb1,RADAR_RIGHT_FRONT,e536d72731e04038a763591e89162a5e,3126c35b164c459d85e0a0555ccba628,0c1b09ecb3284a2ca5329fff871926f2,0c1b09ecb3284a2ca5329fff871926f2,4.997
8dbf50814d614cfbb323d8e822654eb1,RADAR_RIGHT_SIDE,870151b558d94f91971c1e55718b1173,8bef64c60da74778a5b9ef975c97edb7,0c1b09ecb3284a2ca5329fff871926f2,0c1b09ecb3284a2ca5329fff871926f2,7.729
cf37919cc2204541a25798673dc06bdb,LIDAR_LEFT,fb461ff1ed3b4933972173ba7a4a9138,2e6c7b7b7ceb4f69be01f9006cedf58f,e98c1b268ec44d3c96349f05a8996851,34de6241a67840ccab0b6d1a24bdac4f,-10.64
cf37919cc2204541a25798673dc06bdb,LIDAR_REAR,afa4e596f00c47728f9ff1c2ca5cf98d,7198b581279c431bad450deaf7669f87,e445ef04d3234bb38f771a3e018f7e41,34de6241a67840ccab0b6d1a24bdac4f,-46.918
cf37919cc2204541a25798673dc06bdb,LIDAR_RIGHT,9499dd7df606414bb1ef3f00d2b9bb2a,aefabf5dd96744beb296b9881d60ff8b,c8bbc23906e34dedbf7368d66ffaea5d,34de6241a67840ccab0b6d1a24bdac4f,16.637
cf37919cc2204541a25798673dc06bdb,LIDAR_TOP_FRONT,6e19b00cb28b45f28a32c46af0258819,f994daad50a14ac49f1468d66eb8db62,34de6241a67840ccab0b6d1a24bdac4f,34de6241a67840ccab0b6d1a24bdac4f,3.998
cf37919cc2204541a25798673dc06bdb,LIDAR_TOP_LEFT,4f90f25b38d64df9a20d77990b8dc916,373fca46a765439794d1ecbb5839a161,d3200ea9030343468a2fe92eac09d85e,34de6241a67840ccab0b6d1a24bdac4f,-20.905
cf37919cc2204541a25798673dc06bdb,LIDAR_TOP_RIGHT,e38c34323de84364874d8751d2ae7949,f8849496a35c4af599b8e598afda166d,95823661df0a43a1a9d8612c53f60459,34de6241a67840ccab0b6d1a24bdac4f,28.955
cf37919cc2204541a25798673dc06bdb,RADAR_LEFT_BACK,9ee62e0d13224536bb34eb50d8db72f8,326989c743c948bf86229f525d0deb2d,34de6241a67840ccab0b6d1a24bdac4f,34de6241a67840ccab0b6d1a24bdac4f,4.533
cf37919cc2204541a25798673dc06bdb,RADAR_LEFT_FRONT,b5e0f9d215ec49ae992fe06958690def,5e6c5afaa842478db6066e9de8dec1ef,34de6241a67840ccab0b6d1a24bdac4f,34de6241a67840ccab0b6d1a24bdac4f,4.712
cf37919cc2204541a25798673dc06bdb,RADAR_LEFT_SIDE,a95d7d45ef654586adf5a08a77b568fc,cbecfab3ced24bbeab0a1b1bdd4375a8,34de6241a67840ccab0b6d1a24bdac4f,34de6241a67840ccab0b6d1a24bdac4f,7.044
cf37919cc2204541a25798673dc06bdb,RADAR_RIGHT_BACK,93e37ba6f3284925838571174b7c5843,f2c73d43e0994ee8a16f930860856c0e,34de6241a67840ccab0b6d1a24bdac4f,34de6241a67840ccab0b6d1a24bdac4f,4.62
cf37919cc2204541a25798673dc06bdb,RADAR_RIGHT_FRONT,eb996bbebc704110832329a4b58243b2,3126c35b164c459d85e0a0555ccba628,34de6241a67840ccab0b6d1a24bdac4f,34de6241a67840ccab0b6d1a24bdac4f,6.857
cf37919cc2204541a25798673dc06bdb,RADAR_RIGHT_SIDE,d4994d0e52d543c6ad97dc75424cdf44,8bef64c60da74778a5b9ef975c97edb7,34de6241a67840ccab0b6d1a24bdac4f,34de6241a67840ccab0b6d1a24bdac4f,4.689
38f31e131030482e9d3d398811131fc9,LIDAR_LEFT,c0eeefe1e7bf4f58b743f472f03a73b4,2e6c7b7b7ceb4f69be01f9006cedf58f,49b75bb379eb42e192a16b576aa5082d,62f6c8cd71bb444fb3d43329482d52d2,-10.663
38f31e131030482e9d3d398811131fc9,LIDAR_REAR,47f33dbbd30c42329fdc27c180578965,7198b581279c431bad450deaf7669f87,433bfd94774c40219e07cfb94a0512eb,62f6c8cd71bb444fb3d43329482d52d2,-47.368
38f31e131030482e9d3d398811131fc9,LIDAR_RIGHT,554d6fd490a54b92ab7ace572e59a242,aefabf5dd96744beb296b9881d60ff8b,3647c83054374f5781414a45454fe846,62f6c8cd71bb444fb3d43329482d52d2,15.658
38f31e131030482e9d3d398811131fc9,LIDAR_TOP_FRONT,5edcd8f3bee94bc7ba5dcf4379cea40d,f994daad50a14ac49f1468d66eb8db62,62f6c8cd71bb444fb3d43329482d52d2,62f6c8cd71bb444fb3d43329482d52d2,3.225
38f31e131030482e9d3d398811131fc9,LIDAR_TOP_LEFT,39846ee20d7d4a6fac29859fdf38b386,373fca46a765439794d1ecbb5839a161,608e50236537437c9fb10b368f25f6ad,62f6c8cd71bb444fb3d43329482d52d2,-21.608
38f31e131030482e9d3d398811131fc9,LIDAR_TOP_RIGHT,433eee000a37474da925664c8c8210fb,f8849496a35c4af599b8e598afda166d,2130bcd495b64653a060aefcb0a2e035,62f6c8cd71bb444fb3d43329482d52d2,28.459
38f31e131030482e9d3d398811131fc9,RADAR_LEFT_BACK,a33af85c556443568dea9f453f9cf708,326989c743c948bf86229f525d0deb2d,62f6c8cd71bb444fb3d43329482d52d2,62f6c8cd71bb444fb3d43329482d52d2,6.222
38f31e131030482e9d3d398811131fc9,RADAR_LEFT_FRONT,466901f92cf94c57b2ef2ce25cccc5f7,5e6c5afaa842478db6066e9de8dec1ef,62f6c8cd71bb444fb3d43329482d52d2,62f6c8cd71bb444fb3d43329482d52d2,6.379
38f31e131030482e9d3d398811131fc9,RADAR_LEFT_SIDE,f365ff2c7ae148e692752083605f0604,cbecfab3ced24bbeab0a1b1bdd4375a8,62f6c8cd71bb444fb3d43329482d52d2,62f6c8cd71bb444fb3d43329482d52d2,7.967
38f31e131030482e9d3d398811131fc9,RADAR_RIGHT_BACK,7aa962440c414fcb9c21912b34e3808a,f2c73d43e0994ee8a16f930860856c0e,62f6c8cd71bb444fb3d43329482d52d2,62f6c8cd71bb444fb3d43329482d52d2,6.634
38f31e131030482e9d3d398811131fc9,RADAR_RIGHT_FRONT,d3a20ce1f07345e6a2092c1ac14de138,3126c35b164c459d85e0a0555ccba628,62f6c8cd71bb444fb3d43329482d52d2,62f6c8cd71bb444fb3d43329482d52d2,7.87
38f31e131030482e9d3d398811131fc9,RADAR_RIGHT_SIDE,618fb18a13d6475e81503229b63a9b15,8bef64c60da74778a5b9ef975c97edb7,62f6c8cd71bb444fb3d43329482d52d2,62f6c8cd71bb444fb3d43329482d52d2,6.293
7941a96d59d44b35a64d6b5cc2046a2e,LIDAR_LEFT,97cb7cdd7736462b957b7b4a77d86150,2e6c7b7b7ceb4f69be01f9006cedf58f,6f55023d5f454acfb826c7e91f1a6cd1,029ed53abadc4e3ea2ad6b6de5bae613,-10.66
7941a96d59d44b35a64d6b5cc2046a2e,LIDAR_REAR,0be8bd421836409e8f227a4db85f686d,7198b581279c431bad450deaf7669f87,149dc907b91a4cb6a142841434f29590,029ed53abadc4e3ea2ad6b6de5bae613,-48.109
7941a96d59d44b35a64d6b5cc2046a2e,LIDAR_RIGHT,6c42f3a51f22446cb7a4d722a988b9d2,aefabf5dd96744beb296b9881d60ff8b,79d72b48add6467f81aa1d634693af49,029ed53abadc4e3ea2ad6b6de5bae613,14.443
7941a96d59d44b35a64d6b5cc2046a2e,LIDAR_TOP_FRONT,f7d83bf035fb4714aa6307c71861b761,f994daad50a14ac49f1468d66eb8db62,029ed53abadc4e3ea2ad6b6de5bae613,029ed53abadc4e3ea2ad6b6de5bae613,2.475
7941a96d59d44b35a64d6b5cc2046a2e,LIDAR_TOP_LEFT,8d3a9da09193402483c0f8109e9325a0,373fca46a765439794d1ecbb5839a161,fddbe5f5a44e42fdb75f3771df00c54e,029ed53abadc4e3ea2ad6b6de5bae613,-22.345
7941a96d59d44b35a64d6b5cc2046a2e,LIDAR_TOP_RIGHT,cad97412d86d4828b255d85a2351c6a1,f8849496a35c4af599b8e598afda166d,32cc541478484a79b60f8a0e90541680,029ed53abadc4e3ea2ad6b6de5bae613,27.802
7941a96d59d44b35a64d6b5cc2046a2e,RADAR_LEFT_BACK,62dab4dc36bc4e4ba0b29ca539a1507b,326989c743c948bf86229f525d0deb2d,029ed53abadc4e3ea2ad6b6de5bae613,029ed53abadc4e3ea2ad6b6de5bae613,7.029
7941a96d59d44b35a64d6b5cc2046a2e,RADAR_LEFT_FRONT,e43f073254f444bd9795375cb2015f5a,5e6c5afaa842478db6066e9de8dec1ef,029ed53abadc4e3ea2ad6b6de5bae613,029ed53abadc4e3ea2ad6b6de5bae613,7.341
7941a96d59d44b35a64d6b5cc2046a2e,RADAR_LEFT_SIDE,8dcf4d6293994d9384aff88ffc1432c7,cbecfab3ced24bbeab0a1b1bdd4375a8,029ed53abadc4e3ea2ad6b6de5bae613,029ed53abadc4e3ea2ad6b6de5bae613,3.631
7941a96d59d44b35a64d6b5cc2046a2e,RADAR_RIGHT_BACK,699106e1ca9449d5b29754f43c1f5b7e,f2c73d43e0994ee8a16f930860856c0e,029ed53abadc4e3ea2ad6b6de5bae613,029ed53abadc4e3ea2ad6b6de5bae613,7.413
7941a96d59d44b35a64d6b5cc2046a2e,RADAR_RIGHT_FRONT,6ae138e3654c46c2bc5ccd3b930d4aa6,3126c35b164c459d85e0a0555ccba628,029ed53abadc4e3ea2ad6b6de5bae613,029ed53abadc4e3ea2ad6b6de5bae613,3.459
7941a96d59d44b35a64d6b5cc2046a2e,RADAR_RIGHT_SIDE,7063070bfeba4dc1b8386c4b04fd24de,8bef64c60da74778a5b9ef975c97edb7,029ed53abadc4e3ea2ad6b6de5bae613,029ed53abadc4e3ea2ad6b6de5bae613,7.084
b4d713a4172242c2851e8281de40e92e,LIDAR_LEFT,f79f3a2233b54c85b405661303340208,2e6c7b7b7ceb4f69be01f9006cedf58f,4d54669929454d098166e9fc68bced18,2b5b7f5faab84249ad02f6948467d879,-10.66
b4d713a4172242c2851e8281de40e92e,LIDAR_REAR,e5d2459d9894429796a4ed2df12ec28f,7198b581279c431bad450deaf7669f87,c646d7dd74f44b9798f20dabd25f53c8,2b5b7f5faab84249ad02f6948467d879,-48.63
b4d713a4172242c2851e8281de40e92e,LIDAR_RIGHT,5bed72cb59db4bf389666a393d1767af,aefabf5dd96744beb296b9881d60ff8b,94729975ea754d5fa5938bb30d38a906,2b5b7f5faab84249ad02f6948467d879,13.93
b4d713a4172242c2851e8281de40e92e,LIDAR_TOP_FRONT,4664fe65cb7245e3a22f9e32812d0fd7,f994daad50a14ac49f1468d66eb8db62,2b5b7f5faab84249ad02f6948467d879,2b5b7f5faab84249ad02f6948467d879,2.066
b4d713a4172242c2851e8281de40e92e,LIDAR_TOP_LEFT,df6dca46ecdb4694b026db13f81c0de3,373fca46a765439794d1ecbb5839a161,935ed58f0d8e4d7ebde7ff22be1972e1,2b5b7f5faab84249ad02f6948467d879,-22.941
b4d713a4172242c2851e8281de40e92e,LIDAR_TOP_RIGHT,80fe77468eff42039a4eb06b8559c782,f8849496a35c4af599b8e598afda166d,ba134cd48fa6429fa9765f3a1b470696,2b5b7f5faab84249ad02f6948467d879,27.11
b4d713a4172242c2851e8281de40e92e,RADAR_LEFT_BACK,7b2bce8dfef8428b99810e74c1d0e9cb,326989c743c948bf86229f525d0deb2d,2b5b7f5faab84249ad02f6948467d879,2b5b7f5faab84249ad02f6948467d879,3.282
b4d713a4172242c2851e8281de40e92e,RADAR_LEFT_FRONT,90cb92b4aa594ff0ba6d80a56b4722fd,5e6c5afaa842478db6066e9de8dec1ef,2b5b7f5faab84249ad02f6948467d879,2b5b7f5faab84249ad02f6948467d879,3.549
b4d713a4172242c2851e8281de40e92e,RADAR_LEFT_SIDE,31b4d33039514a7585cec6d428e4f39b,cbecfab3ced24bbeab0a1b1bdd4375a8,2b5b7f5faab84249ad02f6948467d879,2b5b7f5faab84249ad02f6948467d879,5.207
b4d713a4172242c2851e8281de40e92e,RADAR_RIGHT_BACK,9e8027349010483d96a3706a0b64a712,f2c73d43e0994ee8a16f930860856c0e,2b5b7f5faab84249ad02f6948467d879,2b5b7f5faab84249ad02f6948467d879,3.363
b4d713a4172242c2851e8281de40e92e,RADAR_RIGHT_FRONT,c51e0f7f9a374440b6807414718d600f,3126c35b164c459d85e0a0555ccba628,2b5b7f5faab84249ad02f6948467d879,2b5b7f5faab84249ad02f6948467d879,5.038
b4d713a4172242c2851e8281de40e92e,RADAR_RIGHT_SIDE,c209ec197fe34d4a9261c350a46d6d33,8bef64c60da74778a5b9ef975c97edb7,2b5b7f5faab84249ad02f6948467d879,2b5b7f5faab84249ad02f6948467d879,3.374
de022c96a11f48ee9a677c4147696a42,LIDAR_LEFT,e8d5214c179f4cd2a02184271c309efe,2e6c7b7b7ceb4f69be01f9006cedf58f,1c63fa06ff174d6c842a82ebe0f9446f,ff2f8a2d87024cff971661ddc91d44e1,-10.648
de022c96a11f48ee9a677c4147696a42,LIDAR_REAR,59d9c1b29cfc4a02937fce7c9ea93792,7198b581279c431bad450deaf7669f87,9c48be77ce734803964b5b085912a4af,ff2f8a2d87024cff971661ddc91d44e1,-49.177
de022c96a11f48ee9a677c4147696a42,LIDAR_RIGHT,8650c08247a34a7e8a479930a7ef2544,aefabf5dd96744beb296b9881d60ff8b,86174532335a45cf807d5e12111f1d39,ff2f8a2d87024cff971661ddc91d44e1,13.484
de022c96a11f48ee9a677c4147696a42,LIDAR_TOP_FRONT,10c5b7686c1143aea73f57d45c161106,f994daad50a14ac49f1468d66eb8db62,ff2f8a2d87024cff971661ddc91d44e1,ff2f8a2d87024cff971661ddc91d44e1,1.5
de022c96a11f48ee9a677c4147696a42,LIDAR_TOP_LEFT,3d8ca28098954fe7b182b6b406cb1b22,373fca46a765439794d1ecbb5839a161,a01962aa39f9485281146e2c53083f88,ff2f8a2d87024cff971661ddc91d44e1,-23.296
de022c96a11f48ee9a677c4147696a42,LIDAR_TOP_RIGHT,ef2a37a5a394419085fbdb360510939d,f8849496a35c4af599b8e598afda166d,8641b4443247474da54abe75bdd622d0,ff2f8a2d87024cff971661ddc91d44e1,26.793
de022c96a11f48ee9a677c4147696a42,RADAR_LEFT_BACK,3e408dd4f65a46a8bf966e40832a0300,326989c743c948bf86229f525d0deb2d,ff2f8a2d87024cff971661ddc91d44e1,ff2f8a2d87024cff971661ddc91d44e1,4.189
de022c96a11f48ee9a677c4147696a42,RADAR_LEFT_FRONT,fa16eeb22bd6409882119eddc02eb2c2,5e6c5afaa842478db6066e9de8dec1ef,ff2f8a2d87024cff971661ddc91d44e1,ff2f8a2d87024cff971661ddc91d44e1,4.375
de022c96a11f48ee9a677c4147696a42,RADAR_LEFT_SIDE,9c02ab4463b143a6a8fb533413847217,cbecfab3ced24bbeab0a1b1bdd4375a8,9c48be77ce734803964b5b085912a4af,ff2f8a2d87024cff971661ddc91d44e1,-45.508
de022c96a11f48ee9a677c4147696a42,RADAR_RIGHT_BACK,0e20e8db6fc1464e8b41868b2d9c0bdc,f2c73d43e0994ee8a16f930860856c0e,ff2f8a2d87024cff971661ddc91d44e1,ff2f8a2d87024cff971661ddc91d44e1,4.175
de022c96a11f48ee9a677c4147696a42,RADAR_RIGHT_FRONT,8faf3080e97b4ac0a529497c5e650681,3126c35b164c459d85e0a0555ccba628,ff2f8a2d87024cff971661ddc91d44e1,ff2f8a2d87024cff971661ddc91d44e1,6.196
de022c96a11f48ee9a677c4147696a42,RADAR_RIGHT_SIDE,9382245167ae48eb9a27e22826830824,8bef64c60da74778a5b9ef975c97edb7,ff2f8a2d87024cff971661ddc91d44e1,ff2f8a2d87024cff971661ddc91d44e1,4.278
9f765fcab1c54fe19aa84192ba6dab76,LIDAR_LEFT,238a9cdc445045439bf9f816d294ef1d,2e6c7b7b7ceb4f69be01f9006cedf58f,77ce5bdfea38496081c7559c688cb413,d45f3e0c162c4a86804b986a149ac110,-10.634
9f765fcab1c54fe19aa84192ba6dab76,LIDAR_REAR,f8038de8ca4f49c2a48b0c93fbce030b,7198b581279c431bad450deaf7669f87,73e48b70f76347758d435e803f3ce68f,d45f3e0c162c4a86804b986a149ac110,-48.862
9f765fcab1c54fe19aa84192ba6dab76,LIDAR_RIGHT,7a15e2e8384e4deb892cb6dd2508be62,aefabf5dd96744beb296b9881d60ff8b,1d77c2f232dc4870b61fc97d4f5188bd,d45f3e0c162c4a86804b986a149ac110,13.615
9f765fcab1c54fe19aa84192ba6dab76,LIDAR_TOP_FRONT,47b6b51991e545778fdfdef8e41a0235,f994daad50a14ac49f1468d66eb8db62,d45f3e0c162c4a86804b986a149ac110,d45f3e0c162c4a86804b986a149ac110,1.757
9f765fcab1c54fe19aa84192ba6dab76,LIDAR_TOP_LEFT,65fcb9b7b2ba4f5f8243c9a28e71bffe,373fca46a765439794d1ecbb5839a161,2a8dae19bc344490adcf2c4e3ca4b16a,d45f3e0c162c4a86804b986a149ac110,-22.757
9f765fcab1c54fe19aa84192ba6dab76,LIDAR_TOP_RIGHT,faa1756cc68b4ca8861c057da3ee4408,f8849496a35c4af599b8e598afda166d,cc64189c65704c0485ff6308b2c21aa7,d45f3e0c162c4a86804b986a149ac110,27.254
9f765fcab1c54fe19aa84192ba6dab76,RADAR_LEFT_BACK,c5a226c3281c4249852a6bd3b362f2ca,326989c743c948bf86229f525d0deb2d,d45f3e0c162c4a86804b986a149ac110,d45f3e0c162c4a86804b986a149ac110,6.188
9f765fcab1c54fe19aa84192ba6dab76,RADAR_LEFT_FRONT,be93b6aea6d9413588b19cf426616f30,5e6c5afaa842478db6066e9de8dec1ef,d45f3e0c162c4a86804b986a149ac110,d45f3e0c162c4a86804b986a149ac110,6.331
9f765fcab1c54fe19aa84192ba6dab76,RADAR_LEFT_SIDE,9cbe2ecf37e04bd68abd05b593604701,cbecfab3ced24bbeab0a1b1bdd4375a8,d45f3e0c162c4a86804b986a149ac110,d45f3e0c162c4a86804b986a149ac110,3.642
9f765fcab1c54fe19aa84192ba6dab76,RADAR_RIGHT_BACK,84e34ed9883649e19ba4342c7ff80edf,f2c73d43e0994ee8a16f930860856c0e,d45f3e0c162c4a86804b986a149ac110,d45f3e0c162c4a86804b986a149ac110,6.194
9f765fcab1c54fe19aa84192ba6dab76,RADAR_RIGHT_FRONT,2ca4a161ee8d4ac7b0f626908999877f,3126c35b164c459d85e0a0555ccba628,d45f3e0c162c4a86804b986a149ac110,d45f3e0c162c4a86804b986a149ac110,3.507
9f765fcab1c54fe19aa84192ba6dab76,RADAR_RIGHT_SIDE,3ff597ea6e12444ba41d4ed4f937172f,8bef64c60da74778a5b9ef975c97edb7,d45f3e0c162c4a86804b986a149ac110,d45f3e0c162c4a86804b986a149ac110,6.211
2575a0787cf74a83ab4e558ba732b8d4,LIDAR_LEFT,179dd7cbeeb746f1862234b4c90439ac,2e6c7b7b7ceb4f69be01f9006cedf58f,57e41889d9ab41da9d18b9804a34209e,4165de43b3fd4ad7b5ec760e3b092e4f,-10.639
2575a0787cf74a83ab4e558ba732b8d4,LIDAR_REAR,d6fd889b7a844a88839b37f2d56bd5e2,7198b581279c431bad450deaf7669f87,994b4c029dc44c06a7a3606106d81234,4165de43b3fd4ad7b5ec760e3b092e4f,-48.29
2575a0787cf74a83ab4e558ba732b8d4,LIDAR_RIGHT,0e4deddc4f194cb6beeaf1502d95dc61,aefabf5dd96744beb296b9881d60ff8b,24aeaf0e353744d18d8caaa04f810043,4165de43b3fd4ad7b5ec760e3b092e4f,14.221
2575a0787cf74a83ab4e558ba732b8d4,LIDAR_TOP_FRONT,e3508ecdfa6a4d1a85289744248a3f06,f994daad50a14ac49f1468d66eb8db62,4165de43b3fd4ad7b5ec760e3b092e4f,4165de43b3fd4ad7b5ec760e3b092e4f,2.599
2575a0787cf74a83ab4e558ba732b8d4,LIDAR_TOP_LEFT,c63a8f111a6540e4834697b73af47158,373fca46a765439794d1ecbb5839a161,0e0844dfaedf43a897bd49544f186d82,4165de43b3fd4ad7b5ec760e3b092e4f,-22.162
2575a0787cf74a83ab4e558ba732b8d4,LIDAR_TOP_RIGHT,0b958ca899b243a99270cf53e0cf7cbd,f8849496a35c4af599b8e598afda166d,1219f18175d841cba02db9f26c3a721f,4165de43b3fd4ad7b5ec760e3b092e4f,27.778
2575a0787cf74a83ab4e558ba732b8d4,RADAR_LEFT_BACK,692d3dadb168417f96426068fb5630b9,326989c743c948bf86229f525d0deb2d,4165de43b3fd4ad7b5ec760e3b092e4f,4165de43b3fd4ad7b5ec760e3b092e4f,4.094
2575a0787cf74a83ab4e558ba732b8d4,RADAR_LEFT_FRONT,05c983c334df46a29f0364bca28d189b,5e6c5afaa842478db6066e9de8dec1ef,4165de43b3fd4ad7b5ec760e3b092e4f,4165de43b3fd4ad7b5ec760e3b092e4f,4.249
2575a0787cf74a83ab4e558ba732b8d4,RADAR_LEFT_SIDE,cfa58dd143314fc089a4903366908e38,cbecfab3ced24bbeab0a1b1bdd4375a8,4165de43b3fd4ad7b5ec760e3b092e4f,4165de43b3fd4ad7b5ec760e3b092e4f,5.513
2575a0787cf74a83ab4e558ba732b8d4,RADAR_RIGHT_BACK,937cb61623bf4f58b21fce16e12f0b7f,f2c73d43e0994ee8a16f930860856c0e,4165de43b3fd4ad7b5ec760e3b092e4f,4165de43b3fd4ad7b5ec760e3b092e4f,4.118
2575a0787cf74a83ab4e558ba732b8d4,RADAR_RIGHT_FRONT,c6bdb74b81714b7696ae0d06fd32296b,3126c35b164c459d85e0a0555ccba628,4165de43b3fd4ad7b5ec760e3b092e4f,4165de43b3fd4ad7b5ec760e3b092e4f,5.34
2575a0787cf74a83ab4e558ba732b8d4,RADAR_RIGHT_SIDE,bb290275c22c4f6daf90d5b54a8bc1b2,8bef64c60da74778a5b9ef975c97edb7,4165de43b3fd4ad7b5ec760e3b092e4f,4165de43b3fd4ad7b5ec760e3b092e4f,4.163
88ad6593a97f46dcaca8401aa7b36d8b,LIDAR_LEFT,c4b79d1eea9946f697c5c74394d3dda6,2e6c7b7b7ceb4f69be01f9006cedf58f,ed2c235244f54aba844cbd9c03db6d80,fa10ecf8219442279c9be93f0f966d1a,-10.638
88ad6593a97f46dcaca8401aa7b36d8b,LIDAR_REAR,67cfd62fb6c0463782ba5252a300d388,7198b581279c431bad450deaf7669f87,286e3aa6521e407385c10cbe24ff62a6,fa10ecf8219442279c9be93f0f966d1a,-47.922
88ad6593a97f46dcaca8401aa7b36d8b,LIDAR_RIGHT,5349ae403acb419d901ce50b0510cba0,aefabf5dd96744beb296b9881d60ff8b,c4b121ddec7d4f4a8edbdc7e8df8df25,fa10ecf8219442279c9be93f0f966d1a,15.174
88ad6593a97f46dcaca8401aa7b36d8b,LIDAR_TOP_FRONT,4794823b436942059c4d37ac4547b739,f994daad50a14ac49f1468d66eb8db62,fa10ecf8219442279c9be93f0f966d1a,fa10ecf8219442279c9be93f0f966d1a,2.773
88ad6593a97f46dcaca8401aa7b36d8b,LIDAR_TOP_LEFT,44a8eee13c8647e69d9dab8fcb54b73d,373fca46a765439794d1ecbb5839a161,7f2f5c4ad38a4be7ac1e0f8fca86f2bc,fa10ecf8219442279c9be93f0f966d1a,-21.622
88ad6593a97f46dcaca8401aa7b36d8b,LIDAR_TOP_RIGHT,8069320a2315421fb26bd5a774e7a74f,f8849496a35c4af599b8e598afda166d,402a2909856b45e18311cf8441e904d6,fa10ecf8219442279c9be93f0f966d1a,28.198
88ad6593a97f46dcaca8401aa7b36d8b,RADAR_LEFT_BACK,1d61a6e6e8d34d97a4512062f24daa58,326989c743c948bf86229f525d0deb2d,fa10ecf8219442279c9be93f0f966d1a,fa10ecf8219442279c9be93f0f966d1a,5.41
88ad6593a97f46dcaca8401aa7b36d8b,RADAR_LEFT_FRONT,76ca264c496540e586291bba3155b49b,5e6c5afaa842478db6066e9de8dec1ef,fa10ecf8219442279c9be93f0f966d1a,fa10ecf8219442279c9be93f0f966d1a,5.622
88ad6593a97f46dcaca8401aa7b36d8b,RADAR_LEFT_SIDE,df908e5028ae427dac1e0006881b9337,cbecfab3ced24bbeab0a1b1bdd4375a8,fa10ecf8219442279c9be93f0f966d1a,fa10ecf8219442279c9be93f0f966d1a,7.386
88ad6593a97f46dcaca8401aa7b36d8b,RADAR_RIGHT_BACK,c31ddf62bf204f088508db7273a1088c,f2c73d43e0994ee8a16f930860856c0e,fa10ecf8219442279c9be93f0f966d1a,fa10ecf8219442279c9be93f0f966d1a,5.438
88ad6593a97f46dcaca8401aa7b36d8b,RADAR_RIGHT_FRONT,2ba0848ca30848beae1ec30f46f4e7de,3126c35b164c459d85e0a0555ccba628,fa10ecf8219442279c9be93f0f966d1a,fa10ecf8219442279c9be93f0f966d1a,7.259
88ad6593a97f46dcaca8401aa7b36d8b,RADAR_RIGHT_SIDE,8e56f6ed841b4de4b776a0f3fd42f16d,8bef64c60da74778a5b9ef975c97edb7,fa10ecf8219442279c9be93f0f966d1a,fa10ecf8219442279c9be93f0f966d1a,5.581
e43ae3c9b670423d89fe92170f0c87e9,LIDAR_LEFT,be1bc2488e174e21be532b5e0df5e283,2e6c7b7b7ceb4f69be01f9006cedf58f,ef4c23096a014dcea4b46755e2c438a4,8cb07c0d65bd475f9a7fbd48cf56bbbc,-10.655
e43ae3c9b670423d89fe92170f0c87e9,LIDAR_REAR,0d381c38996a456fb300f3137e4a6618,7198b581279c431bad450deaf7669f87,36cbedf279234921adddbe591e83b742,8cb07c0d65bd475f9a7fbd48cf56bbbc,-48.387
e43ae3c9b670423d89fe92170f0c87e9,LIDAR_RIGHT,2675afcbc52845e6971be6ac2c6095f5,aefabf5dd96744beb296b9881d60ff8b,95fe2aab2f464c548a65193005688e98,8cb07c0d65bd475f9a7fbd48cf56bbbc,14.193
e43ae3c9b670423d89fe92170f0c87e9,LIDAR_TOP_FRONT,34e5874fe14e4ee19498209bdf4d0872,f994daad50a14ac49f1468d66eb8db62,8cb07c0d65bd475f9a7fbd48cf56bbbc,8cb07c0d65bd475f9a7fbd48cf56bbbc,2.287
e43ae3c9b670423d89fe92170f0c87e9,LIDAR_TOP_LEFT,a4548e6f4f7142ac848d2234d5ada30e,373fca46a765439794d1ecbb5839a161,5668567cfd964cdca1457fafb358d1d1,8cb07c0d65bd475f9a7fbd48cf56bbbc,-22.593
e43ae3c9b670423d89fe92170f0c87e9,LIDAR_TOP_RIGHT,82edeb490f794ca0ae49efa562b4e449,f8849496a35c4af599b8e598afda166d,bfd08c4c21fd49159e70e5716a38fdf5,8cb07c0d65bd475f9a7fbd48cf56bbbc,27.328
e43ae3c9b670423d89fe92170f0c87e9,RADAR_LEFT_BACK,98bb9981131e49b19b75d6b8df84c8a5,326989c743c948bf86229f525d0deb2d,8cb07c0d65bd475f9a7fbd48cf56bbbc,8cb07c0d65bd475f9a7fbd48cf56bbbc,4.863
e43ae3c9b670423d89fe92170f0c87e9,RADAR_LEFT_FRONT,5fe70a63709447c39e5fbb1979ba3fbb,5e6c5afaa842478db6066e9de8dec1ef,8cb07c0d65bd475f9a7fbd48cf56bbbc,8cb07c0d65bd475f9a7fbd48cf56bbbc,4.747
e43ae3c9b670423d89fe92170f0c87e9,RADAR_LEFT_SIDE,f236a52db3794f0888b3eac576f63352,cbecfab3ced24bbeab0a1b1bdd4375a8,8cb07c0d65bd475f9a7fbd48cf56bbbc,8cb07c0d65bd475f9a7fbd48cf56bbbc,4.829
e43ae3c9b670423d89fe92170f0c87e9,RADAR_RIGHT_BACK,aea71cc4911141c3ba7aa4bf081683d1,f2c73d43e0994ee8a16f930860856c0e,8cb07c0d65bd475f9a7fbd48cf56bbbc,8cb07c0d65bd475f9a7fbd48cf56bbbc,6.282
e43ae3c9b670423d89fe92170f0c87e9,RADAR_RIGHT_FRONT,254fe00b70bd4706949737c838a044a7,3126c35b164c459d85e0a0555ccba628,8cb07c0d65bd475f9a7fbd48cf56bbbc,8cb07c0d65bd475f9a7fbd48cf56bbbc,6.32
e43ae3c9b670423d89fe92170f0c87e9,RADAR_RIGHT_SIDE,d58b7c41833743e5b4d717b5f3107846,8bef64c60da74778a5b9ef975c97edb7,8cb07c0d65bd475f9a7fbd48cf56bbbc,8cb07c0d65bd475f9a7fbd48cf56bbbc,4.89
b5e85c3fdd73410bbd64b73e699641ed,LIDAR_LEFT,b9b9d41cdcc24dd2841668ebb32cb82c,2e6c7b7b7ceb4f69be01f9006cedf58f,cf55773e4ae842e2b221bad7df734f60,dae2884145e14c7587afe31b4a50b57b,-10.643
b5e85c3fdd73410bbd64b73e699641ed,LIDAR_REAR,dfaff36efbfc484db264b15b58e5bf1f,7198b581279c431bad450deaf7669f87,ba464c40c1a244af8c0d749e986beab7,dae2884145e14c7587afe31b4a50b57b,-48.377
b5e85c3fdd73410bbd64b73e699641ed,LIDAR_RIGHT,2448e128f8a545519d30dde9e7b47fba,aefabf5dd96744beb296b9881d60ff8b,17b2a51d4b704866b5b0952319aaa0a1,dae2884145e14c7587afe31b4a50b57b,14.4
b5e85c3fdd73410bbd64b73e699641ed,LIDAR_TOP_FRONT,d33c16841c4e42dab2a3dd6f2f0a4be3,f994daad50a14ac49f1468d66eb8db62,dae2884145e14c7587afe31b4a50b57b,dae2884145e14c7587afe31b4a50b57b,2.384
b5e85c3fdd73410bbd64b73e699641ed,LIDAR_TOP_LEFT,dd3fd319376849a58688d2c42af5450e,373fca46a765439794d1ecbb5839a161,5efa435ccc3a4df092e8e1e528fc5642,dae2884145e14c7587afe31b4a50b57b,-22.659
b5e85c3fdd73410bbd64b73e699641ed,LIDAR_TOP_RIGHT,537011bf0ef24615bcc47a2ba700bfb8,f8849496a35c4af599b8e598afda166d,8ee3487199dc478abba67b61883cedb4,dae2884145e14c7587afe31b4a50b57b,27.536
b5e85c3fdd73410bbd64b73e699641ed,RADAR_LEFT_BACK,0fadf5cd1ca64fec85a56eed3098a4e2,326989c743c948bf86229f525d0deb2d,dae2884145e14c7587afe31b4a50b57b,dae2884145e14c7587afe31b4a50b57b,5.686
b5e85c3fdd73410bbd64b73e699641ed,RADAR_LEFT_FRONT,4031294757f84fc0addc5cb73d73a4ab,5e6c5afaa842478db6066e9de8dec1ef,dae2884145e14c7587afe31b4a50b57b,dae2884145e14c7587afe31b4a50b57b,6.178
b5e85c3fdd73410bbd64b73e699641ed,RADAR_LEFT_SIDE,58eadeb557e6403d8b343f783e977459,cbecfab3ced24bbeab0a1b1bdd4375a8,dae2884145e14c7587afe31b4a50b57b,dae2884145e14c7587afe31b4a50b57b,6.236
b5e85c3fdd73410bbd64b73e699641ed,RADAR_RIGHT_BACK,8c8005474c1a4112b7ab9b3598216918,f2c73d43e0994ee8a16f930860856c0e,dae2884145e14c7587afe31b4a50b57b,dae2884145e14c7587afe31b4a50b57b,3.17
b5e85c3fdd73410bbd64b73e699641ed,RADAR_RIGHT_FRONT,f7fa41866358496ab180d3054c9ab5f1,3126c35b164c459d85e0a0555ccba628,dae2884145e14c7587afe31b4a50b57b,dae2884145e14c7587afe31b4a50b57b,3.21
b5e85c3fdd73410bbd64b73e699641ed,RADAR_RIGHT_SIDE,374e0a075fa14fe7b439befcb42a4629,8bef64c60da74778a5b9ef975c97edb7,dae2884145e14c7587afe31b4a50b57b,dae2884145e14c7587afe31b4a50b57b,5.634
00b7a051298345d7a162393e5c0e2764,LIDAR_LEFT,ae1ad2b85a584b7bb5b3867da5f35d95,2e6c7b7b7ceb4f69be01f9006cedf58f,bebb8514684e4aecaed61c3d1a50c7fb,1844676b34f74937adac37c7ef375869,-10.638
00b7a051298345d7a162393e5c0e2764,LIDAR_REAR,e355757fcadf4e04a96b5a5fe0b7ca63,7198b581279c431bad450deaf7669f87,744f556ac343464dabf178cf0ba4a242,1844676b34f74937adac37c7ef375869,-47.952
00b7a051298345d7a162393e5c0e2764,LIDAR_RIGHT,7b6227ebec2149e1b8bda4a8703ac375,aefabf5dd96744beb296b9881d60ff8b,d6b988af01134fbab3317c481e20f725,1844676b34f74937adac37c7ef375869,15.25
00b7a051298345d7a162393e5c0e2764,LIDAR_TOP_FRONT,ccc3273345b94c4aa50ea6f182d282cf,f994daad50a14ac49f1468d66eb8db62,1844676b34f74937adac37c7ef375869,1844676b34f74937adac37c7ef375869,2.486
00b7a051298345d7a162393e5c0e2764,LIDAR_TOP_LEFT,3ecf23d8094e42b1a0dbaa932d74fddc,373fca46a765439794d1ecbb5839a161,df5d7662f8df4ce39a5d476683b58f5a,1844676b34f74937adac37c7ef375869,-22.143
00b7a051298345d7a162393e5c0e2764,LIDAR_TOP_RIGHT,54e52ae30b974740a2bb41828056fa98,f8849496a35c4af599b8e598afda166d,28a69737916943c2bde68053ffdc4e53,1844676b34f74937adac37c7ef375869,28.157
00b7a051298345d7a162393e5c0e2764,RADAR_LEFT_BACK,89f2e65a1073494fa5fba3753339bb6d,326989c743c948bf86229f525d0deb2d,1844676b34f74937adac37c7ef375869,1844676b34f74937adac37c7ef375869,4.297
00b7a051298345d7a162393e5c0e2764,RADAR_LEFT_FRONT,d25e85092152472f9bfcb9184aee2c83,5e6c5afaa842478db6066e9de8dec1ef,1844676b34f74937adac37c7ef375869,1844676b34f74937adac37c7ef375869,4.033
00b7a051298345d7a162393e5c0e2764,RADAR_LEFT_SIDE,01bf47718c6e4d6c87dfd89cbb4fcd32,cbecfab3ced24bbeab0a1b1bdd4375a8,1844676b34f74937adac37c7ef375869,1844676b34f74937adac37c7ef375869,4.133
00b7a051298345d7a162393e5c0e2764,RADAR_RIGHT_BACK,d09b5dec811f477c8fa12da418475d90,f2c73d43e0994ee8a16f930860856c0e,1844676b34f74937adac37c7ef375869,1844676b34f74937adac37c7ef375869,5.399
00b7a051298345d7a162393e5c0e2764,RADAR_RIGHT_FRONT,c315fc769c864e928af6747fb6d394cb,3126c35b164c459d85e0a0555ccba628,1844676b34f74937adac37c7ef375869,1844676b34f74937adac37c7ef375869,5.508
00b7a051298345d7a162393e5c0e2764,RADAR_RIGHT_SIDE,29102035775441dd97a4127a175fcd88,8bef64c60da74778a5b9ef975c97edb7,1844676b34f74937adac37c7ef375869,1844676b34f74937adac37c7ef375869,4.097
1c9adfec38f84c1792e008a8a1771cca,LIDAR_LEFT,2035736fcbac4feaa6ea2afcfcfcf906,2e6c7b7b7ceb4f69be01f9006cedf58f,7c45866e686c4e349344b700764fdfea,b6734ab3edd34214b6c6e64951159802,-10.649
1c9adfec38f84c1792e008a8a1771cca,LIDAR_REAR,082547f5609041a181946fc42f55d3a8,7198b581279c431bad450deaf7669f87,f5fe25bef43548a09ef53de001e428e3,b6734ab3edd34214b6c6e64951159802,-47.799
1c9adfec38f84c1792e008a8a1771cca,LIDAR_RIGHT,349e74f08dbe4a6db58c2908732961ba,aefabf5dd96744beb296b9881d60ff8b,b534c462a55c424993e7ae32fd9fa4e8,b6734ab3edd34214b6c6e64951159802,15.358
1c9adfec38f84c1792e008a8a1771cca,LIDAR_TOP_FRONT,887df61f11664ba0852cb6c43c4205fa,f994daad50a14ac49f1468d66eb8db62,b6734ab3edd34214b6c6e64951159802,b6734ab3edd34214b6c6e64951159802,2.616
1c9adfec38f84c1792e008a8a1771cca,LIDAR_TOP_LEFT,6a79401412de4793b3d092934deddb39,373fca46a765439794d1ecbb5839a161,975a47254fe94d85a0fc7af4a3420f6f,b6734ab3edd34214b6c6e64951159802,-21.881
1c9adfec38f84c1792e008a8a1771cca,LIDAR_TOP_RIGHT,54c6a3b4b6ae412e87166757fe3460b6,f8849496a35c4af599b8e598afda166d,551dddc3072f4443a5d171328479a2df,b6734ab3edd34214b6c6e64951159802,28.325
1c9adfec38f84c1792e008a8a1771cca,RADAR_LEFT_BACK,ff5fb1b2240a42b88b1baabf7d7a81e6,326989c743c948bf86229f525d0deb2d,b6734ab3edd34214b6c6e64951159802,b6734ab3edd34214b6c6e64951159802,4.93
1c9adfec38f84c1792e008a8a1771cca,RADAR_LEFT_FRONT,dab9dfd7bae8429981d5ea6150150c0a,5e6c5afaa842478db6066e9de8dec1ef,b6734ab3edd34214b6c6e64951159802,b6734ab3edd34214b6c6e64951159802,5.07
1c9adfec38f84c1792e008a8a1771cca,RADAR_LEFT_SIDE,ad930fa7a8884eed90368257f41ee0d3,cbecfab3ced24bbeab0a1b1bdd4375a8,b6734ab3edd34214b6c6e64951159802,b6734ab3edd34214b6c6e64951159802,5.135
1c9adfec38f84c1792e008a8a1771cca,RADAR_RIGHT_BACK,1bf76d13f76f4c55bd9f743cb373c6d9,f2c73d43e0994ee8a16f930860856c0e,b6734ab3edd34214b6c6e64951159802,b6734ab3edd34214b6c6e64951159802,6.438
1c9adfec38f84c1792e008a8a1771cca,RADAR_RIGHT_FRONT,58f74b19b1f542249c03b10fbe958b4e,3126c35b164c459d85e0a0555ccba628,b6734ab3edd34214b6c6e64951159802,b6734ab3edd34214b6c6e64951159802,6.485
1c9adfec38f84c1792e008a8a1771cca,RADAR_RIGHT_SIDE,406b650285214204aef95ea53c1e69cc,8bef64c60da74778a5b9ef975c97edb7,b6734ab3edd34214b6c6e64951159802,b6734ab3edd34214b6c6e64951159802,4.91
b1724a8b614640e39cd18857d741d2d3,LIDAR_LEFT,70eaa6808ba14bb4be7eec2e51e34f05,2e6c7b7b7ceb4f69be01f9006cedf58f,7310add8712f47b8a9b68b4b19926b2d,715a47e3cd0742289f69c3d567ec7d38,-10.649
b1724a8b614640e39cd18857d741d2d3,LIDAR_REAR,85473524026946adae5f07246c2df1ee,7198b581279c431bad450deaf7669f87,a66516f6b872482f8c257be52d393a41,715a47e3cd0742289f69c3d567ec7d38,-47.886
b1724a8b614640e39cd18857d741d2d3,LIDAR_RIGHT,9381f2f1718c49dc81b75711b24721dc,aefabf5dd96744beb296b9881d60ff8b,ad23ce2e3f154af0bae1d1160fd165d9,715a47e3cd0742289f69c3d567ec7d38,14.658
b1724a8b614640e39cd18857d741d2d3,LIDAR_TOP_FRONT,cc61cc7be8384f799a25a1a1ab5d53d0,f994daad50a14ac49f1468d66eb8db62,715a47e3cd0742289f69c3d567ec7d38,715a47e3cd0742289f69c3d567ec7d38,2.86
b1724a8b614640e39cd18857d741d2d3,LIDAR_TOP_LEFT,5d0ccc346ed54d7b9243bdd61d783ce6,373fca46a765439794d1ecbb5839a161,3fc33777a1fa4fe3a312e7cf3bcfc891,715a47e3cd0742289f69c3d567ec7d38,-21.773
b1724a8b614640e39cd18857d741d2d3,LIDAR_TOP_RIGHT,dc30d4fb0f5a4977b3c1102124f43fbb,f8849496a35c4af599b8e598afda166d,c1926b5d42ff414687b3bc6788500349,715a47e3cd0742289f69c3d567ec7d38,28.146
b1724a8b614640e39cd18857d741d2d3,RADAR_LEFT_BACK,a156caebcc36443ea9546aa2c0955cda,326989c743c948bf86229f525d0deb2d,715a47e3cd0742289f69c3d567ec7d38,715a47e3cd0742289f69c3d567ec7d38,7.453
b1724a8b614640e39cd18857d741d2d3,RADAR_LEFT_FRONT,6ec0ef4f0b564a3b9cc40b97b9178b88,5e6c5afaa842478db6066e9de8dec1ef,715a47e3cd0742289f69c3d567ec7d38,715a47e3cd0742289f69c3d567ec7d38,6.58
b1724a8b614640e39cd18857d741d2d3,RADAR_LEFT_SIDE,edf7de60bd0b4f52b14b7229d39731f2,cbecfab3ced24bbeab0a1b1bdd4375a8,715a47e3cd0742289f69c3d567ec7d38,715a47e3cd0742289f69c3d567ec7d38,6.626
b1724a8b614640e39cd18857d741d2d3,RADAR_RIGHT_BACK,40c4f2cdb71f475e89892b0d03d60cfe,f2c73d43e0994ee8a16f930860856c0e,715a47e3cd0742289f69c3d567ec7d38,715a47e3cd0742289f69c3d567ec7d38,4.416
b1724a8b614640e39cd18857d741d2d3,RADAR_RIGHT_FRONT,fef43dcaac8045ca8e047752678de5f4,3126c35b164c459d85e0a0555ccba628,715a47e3cd0742289f69c3d567ec7d38,715a47e3cd0742289f69c3d567ec7d38,4.421
b1724a8b614640e39cd18857d741d2d3,RADAR_RIGHT_SIDE,e5f3f264a5cf4d4cbcf428798018a9bc,8bef64c60da74778a5b9ef975c97edb7,715a47e3cd0742289f69c3d567ec7d38,715a47e3cd0742289f69c3d567ec7d38,7.312
a24b8e21a49746d196ba067b09e21a4f,LIDAR_LEFT,016436b3b6484234a5738578f0da60c4,2e6c7b7b7ceb4f69be01f9006cedf58f,6251ab53e0d74ff986afc780c5de7e42,5e65bcc96fb54bf2b5f582465a129696,-10.655
a24b8e21a49746d196ba067b09e21a4f,LIDAR_REAR,0f4831e7a74b4726ac65882cc03b4de9,7198b581279c431bad450deaf7669f87,0abb8f6b13054fe1ab588c07b8b1f39e,5e65bcc96fb54bf2b5f582465a129696,-48.032
a24b8e21a49746d196ba067b09e21a4f,LIDAR_RIGHT,c906365d36ea4bfcb04a0f4b5a7bfc20,aefabf5dd96744beb296b9881d60ff8b,6d2ef8e9d43e431fbde2412ec8175c64,5e65bcc96fb54bf2b5f582465a129696,14.46
a24b8e21a49746d196ba067b09e21a4f,LIDAR_TOP_FRONT,9bdf89089b334f8abec285eb62ded486,f994daad50a14ac49f1468d66eb8db62,5e65bcc96fb54bf2b5f582465a129696,5e65bcc96fb54bf2b5f582465a129696,2.598
a24b8e21a49746d196ba067b09e21a4f,LIDAR_TOP_LEFT,1b7d335577d54d4dbf0a45c706220dd4,373fca46a765439794d1ecbb5839a161,b53fb7fafe96480ea948245bd200391b,5e65bcc96fb54bf2b5f582465a129696,-21.895
a24b8e21a49746d196ba067b09e21a4f,LIDAR_TOP_RIGHT,8e39c81d2bf444fcb456b18588fae439,f8849496a35c4af599b8e598afda166d,a605787d20bc4d6998524361fcc96ce6,5e65bcc96fb54bf2b5f582465a129696,27.784
a24b8e21a49746d196ba067b09e21a4f,RADAR_LEFT_BACK,ef9dbe9521b2485c82ae311c2afafe9a,326989c743c948bf86229f525d0deb2d,5e65bcc96fb54bf2b5f582465a129696,5e65bcc96fb54bf2b5f582465a129696,3.606
a24b8e21a49746d196ba067b09e21a4f,RADAR_LEFT_FRONT,36224ff7564a4dabb262bd3439ac8a20,5e6c5afaa842478db6066e9de8dec1ef,5e65bcc96fb54bf2b5f582465a129696,5e65bcc96fb54bf2b5f582465a129696,3.363
a24b8e21a49746d196ba067b09e21a4f,RADAR_LEFT_SIDE,dbdc1555f95b44e18d25ed748d0c0e78,cbecfab3ced24bbeab0a1b1bdd4375a8,5e65bcc96fb54bf2b5f582465a129696,5e65bcc96fb54bf2b5f582465a129696,3.53
a24b8e21a49746d196ba067b09e21a4f,RADAR_RIGHT_BACK,52b26cb9a8eb4186b18846452a829231,f2c73d43e0994ee8a16f930860856c0e,5e65bcc96fb54bf2b5f582465a129696,5e65bcc96fb54bf2b5f582465a129696,4.765
a24b8e21a49746d196ba067b09e21a4f,RADAR_RIGHT_FRONT,706b317fca954d259b8b11e0e3b497f5,3126c35b164c459d85e0a0555ccba628,5e65bcc96fb54bf2b5f582465a129696,5e65bcc96fb54bf2b5f582465a129696,4.842
a24b8e21a49746d196ba067b09e21a4f,RADAR_RIGHT_SIDE,bc090eb861bd4a2e999004df646cc9cf,8bef64c60da74778a5b9ef975c97edb7,5e65bcc96fb54bf2b5f582465a129696,5e65bcc96fb54bf2b5f582465a129696,3.595
75f794a6f0dd4e2c9910b2f8f1192b04,LIDAR_LEFT,fca894ad61cd445a9d5ee021a9cb49f8,2e6c7b7b7ceb4f69be01f9006cedf58f,00b83bf307844a61a94bef7ccf955fe1,fb206b3940f840b0bbc87a14ab973ae9,-10.644
75f794a6f0dd4e2c9910b2f8f1192b04,LIDAR_REAR,05009b2f3f654e0fb130ba46fca935a0,7198b581279c431bad450deaf7669f87,a214834d120446768f1b1c1c320492ac,fb206b3940f840b0bbc87a14ab973ae9,-48.12
75f794a6f0dd4e2c9910b2f8f1192b04,LIDAR_RIGHT,058849d998074586a5a21824938b453d,aefabf5dd96744beb296b9881d60ff8b,83e7eefe905f4836895968347491f7ff,fb206b3940f840b0bbc87a14ab973ae9,14.412
75f794a6f0dd4e2c9910b2f8f1192b04,LIDAR_TOP_FRONT,ee94f09aae534f59ba4d2f297604b21d,f994daad50a14ac49f1468d66eb8db62,fb206b3940f840b0bbc87a14ab973ae9,fb206b3940f840b0bbc87a14ab973ae9,2.536
75f794a6f0dd4e2c9910b2f8f1192b04,LIDAR_TOP_LEFT,6461e1fa12e9497eb55af309a66dc9fa,373fca46a765439794d1ecbb5839a161,3d78a9c6dd644218a77d86e675b2ff1f,fb206b3940f840b0bbc87a14ab973ae9,-22.216
75f794a6f0dd4e2c9910b2f8f1192b04,LIDAR_TOP_RIGHT,73ed20cc794947ed9f7b4afcd0b80fbb,f8849496a35c4af599b8e598afda166d,95aca655881b4c4b88c6fb991e079f13,fb206b3940f840b0bbc87a14ab973ae9,27.524
75f794a6f0dd4e2c9910b2f8f1192b04,RADAR_LEFT_BACK,2448d82a0b314e949e1b4e8bb7679936,326989c743c948bf86229f525d0deb2d,fb206b3940f840b0bbc87a14ab973ae9,fb206b3940f840b0bbc87a14ab973ae9,5.511
75f794a6f0dd4e2c9910b2f8f1192b04,RADAR_LEFT_FRONT,7b977b7534cf4a8f90bfa8125f895a5f,5e6c5afaa842478db6066e9de8dec1ef,fb206b3940f840b0bbc87a14ab973ae9,fb206b3940f840b0bbc87a14ab973ae9,5.005
75f794a6f0dd4e2c9910b2f8f1192b04,RADAR_LEFT_SIDE,8759d3b428794cce8ef9ea4f2bb3a688,cbecfab3ced24bbeab0a1b1bdd4375a8,fb206b3940f840b0bbc87a14ab973ae9,fb206b3940f840b0bbc87a14ab973ae9,5.256
75f794a6f0dd4e2c9910b2f8f1192b04,RADAR_RIGHT_BACK,8ea056b9d7d9458180572feca0055efc,f2c73d43e0994ee8a16f930860856c0e,fb206b3940f840b0bbc87a14ab973ae9,fb206b3940f840b0bbc87a14ab973ae9,7.16
75f794a6f0dd4e2c9910b2f8f1192b04,RADAR_RIGHT_FRONT,850d73e5498b4dc68f1ebc4dcd4e084e,3126c35b164c459d85e0a0555ccba628,a214834d120446768f1b1c1c320492ac,fb206b3940f840b0bbc87a14ab973ae9,-44.324
75f794a6f0dd4e2c9910b2f8f1192b04,RADAR_RIGHT_SIDE,4bc6fc519f134925b6452b00e5fc8b17,8bef64c60da74778a5b9ef975c97edb7,fb206b3940f840b0bbc87a14ab973ae9,fb206b3940f840b0bbc87a14ab973ae9,5.449
fd46341537f34c16b8f37389b25b5eff,LIDAR_LEFT,979403ed80724a0fbd9a359ec9a00d3d,2e6c7b7b7ceb4f69be01f9006cedf58f,8a577ae22db845889bd21172d1e6b6df,44bca0a4630f41fc9fd528d9e8c22a96,-10.635
fd46341537f34c16b8f37389b25b5eff,LIDAR_REAR,2c9d59aa5101415bbe89cfd5d29670ea,7198b581279c431bad450deaf7669f87,a13778b56e96428bb428e82162ad9ef3,44bca0a4630f41fc9fd528d9e8c22a96,-47.78
fd46341537f34c16b8f37389b25b5eff,LIDAR_RIGHT,8dfb714be2f843259c6ff12ac4f71298,aefabf5dd96744beb296b9881d60ff8b,26f03f235c084247ab55783a7067bbbf,44bca0a4630f41fc9fd528d9e8c22a96,14.663
fd46341537f34c16b8f37389b25b5eff,LIDAR_TOP_FRONT,41a30e5e955444a5852093d9a8913c12,f994daad50a14ac49f1468d66eb8db62,44bca0a4630f41fc9fd528d9e8c22a96,44bca0a4630f41fc9fd528d9e8c22a96,2.775
fd46341537f34c16b8f37389b25b5eff,LIDAR_TOP_LEFT,d89b3d36cf3c4525a7842428aecfd18a,373fca46a765439794d1ecbb5839a161,9d8b3bc0ec8343ba8c1740dcfdf17f82,44bca0a4630f41fc9fd528d9e8c22a96,-21.86
fd46341537f34c16b8f37389b25b5eff,LIDAR_TOP_RIGHT,922a56e4e3a94a15914a3ed2520311a1,f8849496a35c4af599b8e598afda166d,b1d8592bbd19411987cdd46abdbffd4c,44bca0a4630f41fc9fd528d9e8c22a96,27.981
fd46341537f34c16b8f37389b25b5eff,RADAR_LEFT_BACK,b66ab66d38744654abfc182437d61b1d,326989c743c948bf86229f525d0deb2d,44bca0a4630f41fc9fd528d9e8c22a96,44bca0a4630f41fc9fd528d9e8c22a96,7.396
fd46341537f34c16b8f37389b25b5eff,RADAR_LEFT_FRONT,8fcc5bd965884beeadf9a33eb7568132,5e6c5afaa842478db6066e9de8dec1ef,44bca0a4630f41fc9fd528d9e8c22a96,44bca0a4630f41fc9fd528d9e8c22a96,6.253
fd46341537f34c16b8f37389b25b5eff,RADAR_LEFT_SIDE,5a8a0fa75dfe41048e3f814f9e066bdd,cbecfab3ced24bbeab0a1b1bdd4375a8,44bca0a4630f41fc9fd528d9e8c22a96,44bca0a4630f41fc9fd528d9e8c22a96,6.337
fd46341537f34c16b8f37389b25b5eff,RADAR_RIGHT_BACK,65d4b3d3cb374fea817a7b45b1ad2e31,f2c73d43e0994ee8a16f930860856c0e,44bca0a4630f41fc9fd528d9e8c22a96,44bca0a4630f41fc9fd528d9e8c22a96,3.926
fd46341537f34c16b8f37389b25b5eff,RADAR_RIGHT_FRONT,5cf592245a474b85928856d9b2a64cf8,3126c35b164c459d85e0a0555ccba628,44bca0a4630f41fc9fd528d9e8c22a96,44bca0a4630f41fc9fd528d9e8c22a96,4.046
fd46341537f34c16b8f37389b25b5eff,RADAR_RIGHT_SIDE,e873a3ae3be24bc88626c0f5e9cd45b4,8bef64c60da74778a5b9ef975c97edb7,44bca0a4630f41fc9fd528d9e8c22a96,44bca0a4630f41fc9fd528d9e8c22a96,7.361
70ea4677eb1f4126a217de41eb5119ee,LIDAR_LEFT,c8db2e8115dd44d9b24a542e1baa2029,2e6c7b7b7ceb4f69be01f9006cedf58f,cca9223c4d914384aadaa62150938565,ea33c8152f7244f492f0548b07f6ed0d,-10.633
70ea4677eb1f4126a217de41eb5119ee,LIDAR_REAR,2d35e6300ed44859b1dad15f79ebffbe,7198b581279c431bad450deaf7669f87,11c3202065d142bb83da7e6cf91dabc8,ea33c8152f7244f492f0548b07f6ed0d,-47.309
70ea4677eb1f4126a217de41eb5119ee,LIDAR_RIGHT,6007632e056e4967b047d0f7c7a93f13,aefabf5dd96744beb296b9881d60ff8b,8216fb09c65745f68995cbfb6dbbe233,ea33c8152f7244f492f0548b07f6ed0d,14.949
70ea4677eb1f4126a217de41eb5119ee,LIDAR_TOP_FRONT,4822aa76ff734b86901538292ac786ea,f994daad50a14ac49f1468d66eb8db62,ea33c8152f7244f492f0548b07f6ed0d,ea33c8152f7244f492f0548b07f6ed0d,3.219
70ea4677eb1f4126a217de41eb5119ee,LIDAR_TOP_LEFT,d5e0e16414b74e939682afe073e1b26f,373fca46a765439794d1ecbb5839a161,5eb572eebcc1471dad0cf1f5eee8b4f6,ea33c8152f7244f492f0548b07f6ed0d,-21.314
70ea4677eb1f4126a217de41eb5119ee,LIDAR_TOP_RIGHT,a4425de67fcc40089b4c3ee32636d30b,f8849496a35c4af599b8e598afda166d,fe273587526a41798b4c3b74c983561a,ea33c8152f7244f492f0548b07f6ed0d,28.705
70ea4677eb1f4126a217de41eb5119ee,RADAR_LEFT_BACK,f244faff5f7f4025996413de93ee897d,326989c743c948bf86229f525d0deb2d,ea33c8152f7244f492f0548b07f6ed0d,ea33c8152f7244f492f0548b07f6ed0d,5.08
70ea4677eb1f4126a217de41eb5119ee,RADAR_LEFT_FRONT,a5e43eab5791447f8af51cbdbf2938d9,5e6c5afaa842478db6066e9de8dec1ef,ea33c8152f7244f492f0548b07f6ed0d,ea33c8152f7244f492f0548b07f6ed0d,4.773
70ea4677eb1f4126a217de41eb5119ee,RADAR_LEFT_SIDE,6954b14606b041bf9ccfde5306964f54,cbecfab3ced24bbeab0a1b1bdd4375a8,ea33c8152f7244f492f0548b07f6ed0d,ea33c8152f7244f492f0548b07f6ed0d,4.985
70ea4677eb1f4126a217de41eb5119ee,RADAR_RIGHT_BACK,6f1d2e80bf7848978a732d664d82e344,f2c73d43e0994ee8a16f930860856c0e,ea33c8152f7244f492f0548b07f6ed0d,ea33c8152f7244f492f0548b07f6ed0d,6.524
70ea4677eb1f4126a217de41eb5119ee,RADAR_RIGHT_FRONT,183de9e8e477452586c0f5027dc1f731,3126c35b164c459d85e0a0555ccba628,ea33c8152f7244f492f0548b07f6ed0d,ea33c8152f7244f492f0548b07f6ed0d,6.663
70ea4677eb1f4126a217de41eb5119ee,RADAR_RIGHT_SIDE,295f0fb1c7ce40cfbe26a10419f28b88,8bef64c60da74778a5b9ef975c97edb7,ea33c8152f7244f492f0548b07f6ed0d,ea33c8152f7244f492f0548b07f6ed0d,4.967
fb586e9af9bc4ded87c306e7964345e6,LIDAR_LEFT,26e156299aed42f590ca97efb5c4ea4b,2e6c7b7b7ceb4f69be01f9006cedf58f,ae14bbb0865642aab46bc75bd71028e8,3ed042a1bbbe4f0ea71d31f07507c452,-10.654
fb586e9af9bc4ded87c306e7964345e6,LIDAR_REAR,0c6281d39e0f45e1834be030b8eabd43,7198b581279c431bad450deaf7669f87,15324fdafe4f41b883b634aad4b25c64,3ed042a1bbbe4f0ea71d31f07507c452,-47.172
fb586e9af9bc4ded87c306e7964345e6,LIDAR_RIGHT,32fddd7460294a15b2fb9175589f9065,aefabf5dd96744beb296b9881d60ff8b,1e7c27c939124e518be04c52cc508eaa,3ed042a1bbbe4f0ea71d31f07507c452,15.482
fb586e9af9bc4ded87c306e7964345e6,LIDAR_TOP_FRONT,d03951271af54372991df8cf3647d571,f994daad50a14ac49f1468d66eb8db62,3ed042a1bbbe4f0ea71d31f07507c452,3ed042a1bbbe4f0ea71d31f07507c452,3.494
fb586e9af9bc4ded87c306e7964345e6,LIDAR_TOP_LEFT,9723df0840a047cb9742b82e442799db,373fca46a765439794d1ecbb5839a161,0a0ebfd2f15e489a884b797fa1aa8f1e,3ed042a1bbbe4f0ea71d31f07507c452,-21.151
fb586e9af9bc4ded87c306e7964345e6,LIDAR_TOP_RIGHT,8301612bbf254a5398ec83c78e505f6c,f8849496a35c4af599b8e598afda166d,bbefafdbf817444d9d9ae708a8eb77a6,3ed042a1bbbe4f0ea71d31f07507c452,29.022
fb586e9af9bc4ded87c306e7964345e6,RADAR_LEFT_BACK,a6ddcce1697a489d8cf29351e3e19be5,326989c743c948bf86229f525d0deb2d,3ed042a1bbbe4f0ea71d31f07507c452,3ed042a1bbbe4f0ea71d31f07507c452,6.615
fb586e9af9bc4ded87c306e7964345e6,RADAR_LEFT_FRONT,597ba947ef1d42a09bec3dede071a1eb,5e6c5afaa842478db6066e9de8dec1ef,3ed042a1bbbe4f0ea71d31f07507c452,3ed042a1bbbe4f0ea71d31f07507c452,5.709
fb586e9af9bc4ded87c306e7964345e6,RADAR_LEFT_SIDE,21c03b9da3174c07b2c1ac205699ca06,cbecfab3ced24bbeab0a1b1bdd4375a8,3ed042a1bbbe4f0ea71d31f07507c452,3ed042a1bbbe4f0ea71d31f07507c452,5.778
fb586e9af9bc4ded87c306e7964345e6,RADAR_RIGHT_BACK,a108f0132b284d2483fcd3944b749db3,f2c73d43e0994ee8a16f930860856c0e,3ed042a1bbbe4f0ea71d31f07507c452,3ed042a1bbbe4f0ea71d31f07507c452,8.369
fb586e9af9bc4ded87c306e7964345e6,RADAR_RIGHT_FRONT,998dd272571b46da960eef7edc41ee64,3126c35b164c459d85e0a0555ccba628,3ed042a1bbbe4f0ea71d31f07507c452,3ed042a1bbbe4f0ea71d31f07507c452,8.443
fb586e9af9bc4ded87c306e7964345e6,RADAR_RIGHT_SIDE,a5e197a58b0d43c1945fd9ebba89a831,8bef64c60da74778a5b9ef975c97edb7,3ed042a1bbbe4f0ea71d31f07507c452,3ed042a1bbbe4f0ea71d31f07507c452,6.616
7f551a9ca9144a289797b1de66b1bfa3,LIDAR_LEFT,d225337d736042259b14d0a2ed691b6a,2e6c7b7b7ceb4f69be01f9006cedf58f,53a362da125a49489a9a4caa7e12a8a2,11acb0dbff914391ad247fe220cc0089,-10.664
7f551a9ca9144a289797b1de66b1bfa3,LIDAR_REAR,a71b69e5a21f4daaba9d72dc86a06202,7198b581279c431bad450deaf7669f87,9fdf6234a7a849aabf12a23392f5115e,11acb0dbff914391ad247fe220cc0089,-47.978
7f551a9ca9144a289797b1de66b1bfa3,LIDAR_RIGHT,35bf8e4b58a440a38dd0c0a669e32b1d,aefabf5dd96744beb296b9881d60ff8b,92b517c0db4a4b08b145b0ed0674306c,11acb0dbff914391ad247fe220cc0089,15.149
7f551a9ca9144a289797b1de66b1bfa3,LIDAR_TOP_FRONT,f8bc88ddd2e24485ae1e5e7fa8f90dc5,f994daad50a14ac49f1468d66eb8db62,11acb0dbff914391ad247fe220cc0089,11acb0dbff914391ad247fe220cc0089,2.767
7f551a9ca9144a289797b1de66b1bfa3,LIDAR_TOP_LEFT,39059f4544cc40368fee48a3da9b91ce,373fca46a765439794d1ecbb5839a161,da8683470bcd498081a161890cc6cb21,11acb0dbff914391ad247fe220cc0089,-22.022
7f551a9ca9144a289797b1de66b1bfa3,LIDAR_TOP_RIGHT,118c8b18d5734e8b80fd8c79dc6c11cf,f8849496a35c4af599b8e598afda166d,16eb1501b5394da590dbf36c39a0d429,11acb0dbff914391ad247fe220cc0089,28.35
7f551a9ca9144a289797b1de66b1bfa3,RADAR_LEFT_BACK,9a976b053aad4413a4ae7b9ea8b9e0c0,326989c743c948bf86229f525d0deb2d,11acb0dbff914391ad247fe220cc0089,11acb0dbff914391ad247fe220cc0089,7.191
7f551a9ca9144a289797b1de66b1bfa3,RADAR_LEFT_FRONT,8ca46aa8aa614ea29b4f3f1f93326069,5e6c5afaa842478db6066e9de8dec1ef,11acb0dbff914391ad247fe220cc0089,11acb0dbff914391ad247fe220cc0089,7.526
7f551a9ca9144a289797b1de66b1bfa3,RADAR_LEFT_SIDE,61de15cfc4a14c95a3eed311b389018a,cbecfab3ced24bbeab0a1b1bdd4375a8,11acb0dbff914391ad247fe220cc0089,11acb0dbff914391ad247fe220cc0089,7.69
7f551a9ca9144a289797b1de66b1bfa3,RADAR_RIGHT_BACK,0d520ab3361a4f6a85affbb93784c1cb,f2c73d43e0994ee8a16f930860856c0e,11acb0dbff914391ad247fe220cc0089,11acb0dbff914391ad247fe220cc0089,4.676
7f551a9ca9144a289797b1de66b1bfa3,RADAR_RIGHT_FRONT,aaf33e8955ce412bb8cbc23fd650c02b,3126c35b164c459d85e0a0555ccba628,11acb0dbff914391ad247fe220cc0089,11acb0dbff914391ad247fe220cc0089,4.783
7f551a9ca9144a289797b1de66b1bfa3,RADAR_RIGHT_SIDE,a0a549f1797a410da304c7fca1ae9cd0,8bef64c60da74778a5b9ef975c97edb7,11acb0dbff914391ad247fe220cc0089,11acb0dbff914391ad247fe220cc0089,7.198
c689aeff0cd344188c9272316a7d57c0,LIDAR_LEFT,93b7cad3614d4ecb9460c7f1faeb08ba,2e6c7b7b7ceb4f69be01f9006cedf58f,e2a68141ed7240cca6b37ce0c48a4bd7,461ca225ed9b463abd7d5e53bd987952,-10.655
c689aeff0cd344188c9272316a7d57c0,LIDAR_REAR,d1e226ba05384d77956eaff86de91080,7198b581279c431bad450deaf7669f87,1418480f16bb4d82a540e4458e741e2e,461ca225ed9b463abd7d5e53bd987952,-48.444
c689aeff0cd344188c9272316a7d57c0,LIDAR_RIGHT,0bfe092fe583421e94cfcb404ee4ba9f,aefabf5dd96744beb296b9881d60ff8b,6de98261cd0349648023ba989bda61b5,461ca225ed9b463abd7d5e53bd987952,14.728
c689aeff0cd344188c9272316a7d57c0,LIDAR_TOP_FRONT,9b2f7018c0934655878fdd5bf6323621,f994daad50a14ac49f1468d66eb8db62,461ca225ed9b463abd7d5e53bd987952,461ca225ed9b463abd7d5e53bd987952,2.209
c689aeff0cd344188c9272316a7d57c0,LIDAR_TOP_LEFT,6813facaa2a440d48d5cfaebb43d15f4,373fca46a765439794d1ecbb5839a161,5ed3a2ce545744a690a8f2046f3307df,461ca225ed9b463abd7d5e53bd987952,-22.516
c689aeff0cd344188c9272316a7d57c0,LIDAR_TOP_RIGHT,bdb3fa429e9a4a87930ed1bac5331080,f8849496a35c4af599b8e598afda166d,62bc8e559581409492c6dfc210811bf0,461ca225ed9b463abd7d5e53bd987952,27.956
c689aeff0cd344188c9272316a7d57c0,RADAR_LEFT_BACK,7788be4befcf45b4a362f45f55aac6e8,326989c743c948bf86229f525d0deb2d,461ca225ed9b463abd7d5e53bd987952,461ca225ed9b463abd7d5e53bd987952,3.446
c689aeff0cd344188c9272316a7d57c0,RADAR_LEFT_FRONT,1dfa6c1df24d46468ff30bafca5bceb4,5e6c5afaa842478db6066e9de8dec1ef,461ca225ed9b463abd7d5e53bd987952,461ca225ed9b463abd7d5e53bd987952,3.475
c689aeff0cd344188c9272316a7d57c0,RADAR_LEFT_SIDE,621fd4e6fff84763b026f2ab867c599d,cbecfab3ced24bbeab0a1b1bdd4375a8,461ca225ed9b463abd7d5e53bd987952,461ca225ed9b463abd7d5e53bd987952,3.669
c689aeff0cd344188c9272316a7d57c0,RADAR_RIGHT_BACK,e0618ab451984e22b91ffb844f8ccfb1,f2c73d43e0994ee8a16f930860856c0e,461ca225ed9b463abd7d5e53bd987952,461ca225ed9b463abd7d5e53bd987952,5.395
c689aeff0cd344188c9272316a7d57c0,RADAR_RIGHT_FRONT,028eb751d7eb4758870c457674e761d8,3126c35b164c459d85e0a0555ccba628,461ca225ed9b463abd7d5e53bd987952,461ca225ed9b463abd7d5e53bd987952,5.389
c689aeff0cd344188c9272316a7d57c0,RADAR_RIGHT_SIDE,5d03648e275f46f18ef33831f6c54796,8bef64c60da74778a5b9ef975c97edb7,461ca225ed9b463abd7d5e53bd987952,461ca225ed9b463abd7d5e53bd987952,3.109
885bbe9d84d94c9f925437acf6e31921,LIDAR_LEFT,84b0b42bb5414ac29115826ac3a0e496,2e6c7b7b7ceb4f69be01f9006cedf58f,880d801687e0483384ecfa09a8f81308,02269127c5c147f2ba27de7a08160867,-10.652
885bbe9d84d94c9f925437acf6e31921,LIDAR_REAR,d65f229d3c464b558e1f2202e12db607,7198b581279c431bad450deaf7669f87,99f9732b48c642ea8e220bf5326a6c9d,02269127c5c147f2ba27de7a08160867,-48.726
885bbe9d84d94c9f925437acf6e31921,LIDAR_RIGHT,4ff85b0269b64a9b9c6d2da89234d687,aefabf5dd96744beb296b9881d60ff8b,6251087de92e4a46b258f13465342dfd,02269127c5c147f2ba27de7a08160867,13.891
885bbe9d84d94c9f925437acf6e31921,LIDAR_TOP_FRONT,170865a5b67b459b9010591e52204c3a,f994daad50a14ac49f1468d66eb8db62,02269127c5c147f2ba27de7a08160867,02269127c5c147f2ba27de7a08160867,1.478
885bbe9d84d94c9f925437acf6e31921,LIDAR_TOP_LEFT,dbb7cf7a0e0b4390914c0d688d9d0d50,373fca46a765439794d1ecbb5839a161,c28183d9ac774c6eb9ee0e4be3cb6a79,02269127c5c147f2ba27de7a08160867,-22.775
885bbe9d84d94c9f925437acf6e31921,LIDAR_TOP_RIGHT,ed48c8d461d64b7e8e174a69869c946b,f8849496a35c4af599b8e598afda166d,34a4605b82824934b2e3ebe5ad10ac81,02269127c5c147f2ba27de7a08160867,27.779
885bbe9d84d94c9f925437acf6e31921,RADAR_LEFT_BACK,c8d79553205f43e58d269ff5f90ccb1f,326989c743c948bf86229f525d0deb2d,02269127c5c147f2ba27de7a08160867,02269127c5c147f2ba27de7a08160867,5.177
885bbe9d84d94c9f925437acf6e31921,RADAR_LEFT_FRONT,8f9a0a08ddb04762a00a4b08ba4ee201,5e6c5afaa842478db6066e9de8dec1ef,02269127c5c147f2ba27de7a08160867,02269127c5c147f2ba27de7a08160867,5.215
885bbe9d84d94c9f925437acf6e31921,RADAR_LEFT_SIDE,905338d135d44e1697bc6defbb75773b,cbecfab3ced24bbeab0a1b1bdd4375a8,02269127c5c147f2ba27de7a08160867,02269127c5c147f2ba27de7a08160867,5.304
885bbe9d84d94c9f925437acf6e31921,RADAR_RIGHT_BACK,7acfb975df074b2c9d609ec55aef2356,f2c73d43e0994ee8a16f930860856c0e,02269127c5c147f2ba27de7a08160867,02269127c5c147f2ba27de7a08160867,6.591
885bbe9d84d94c9f925437acf6e31921,RADAR_RIGHT_FRONT,c5fe2c37054a490293723efb333b3b33,3126c35b164c459d85e0a0555ccba628,02269127c5c147f2ba27de7a08160867,02269127c5c147f2ba27de7a08160867,6.633
885bbe9d84d94c9f925437acf6e31921,RADAR_RIGHT_SIDE,9d3836c6299547a48bd14bb4ba8d81c4,8bef64c60da74778a5b9ef975c97edb7,02269127c5c147f2ba27de7a08160867,02269127c5c147f2ba27de7a08160867,4.89
b0c7aef37dee49a6ac2236b212af059c,LIDAR_LEFT,beec30af11724af9aeb673368f0fc671,2e6c7b7b7ceb4f69be01f9006cedf58f,6ac31ded73524621b9a09451504467ac,130d945163bb44c6a763da976503fcf0,-10.64
b0c7aef37dee49a6ac2236b212af059c,LIDAR_REAR,25b9d23645364672a19c743ded75e49a,7198b581279c431bad450deaf7669f87,b3bd50e08c8d410495aadddedf5c34d5,130d945163bb44c6a763da976503fcf0,-48.603
b0c7aef37dee49a6ac2236b212af059c,LIDAR_RIGHT,fe478f3f7ae045db91faa7e3283f3899,aefabf5dd96744beb296b9881d60ff8b,f308adae30354dd18afa42f7da87dfdf,130d945163bb44c6a763da976503fcf0,13.958
b0c7aef37dee49a6ac2236b212af059c,LIDAR_TOP_FRONT,4296d02ce81248b48082eb13d9cc5a4f,f994daad50a14ac49f1468d66eb8db62,130d945163bb44c6a763da976503fcf0,130d945163bb44c6a763da976503fcf0,2.162
b0c7aef37dee49a6ac2236b212af059c,LIDAR_TOP_LEFT,b266d6a9ec3b4205b4f90406944d5746,373fca46a765439794d1ecbb5839a161,345471f403514d4f979eeaee21e224ab,130d945163bb44c6a763da976503fcf0,-22.749
b0c7aef37dee49a6ac2236b212af059c,LIDAR_TOP_RIGHT,dc04ca113f5f40ec9ab1c87edca3f324,f8849496a35c4af599b8e598afda166d,fd0442d9690241e1ac74682098e5d66f,130d945163bb44c6a763da976503fcf0,27.71
b0c7aef37dee49a6ac2236b212af059c,RADAR_LEFT_BACK,f621e06cf8a54a3e95a4dae90424480c,326989c743c948bf86229f525d0deb2d,130d945163bb44c6a763da976503fcf0,130d945163bb44c6a763da976503fcf0,6.62
b0c7aef37dee49a6ac2236b212af059c,RADAR_LEFT_FRONT,1419a8af406047fc8f600dd03dc0f4cf,5e6c5afaa842478db6066e9de8dec1ef,130d945163bb44c6a763da976503fcf0,130d945163bb44c6a763da976503fcf0,6.754
b0c7aef37dee49a6ac2236b212af059c,RADAR_LEFT_SIDE,c8f24d7cc1af4ef087f4f45ed9a26c45,cbecfab3ced24bbeab0a1b1bdd4375a8,130d945163bb44c6a763da976503fcf0,130d945163bb44c6a763da976503fcf0,6.805
b0c7aef37dee49a6ac2236b212af059c,RADAR_RIGHT_BACK,914fe7a4a513475a91bacbfc3c6c5a53,f2c73d43e0994ee8a16f930860856c0e,130d945163bb44c6a763da976503fcf0,130d945163bb44c6a763da976503fcf0,3.009
b0c7aef37dee49a6ac2236b212af059c,RADAR_RIGHT_FRONT,89dff3ebb60345819f2590d600fc96a9,3126c35b164c459d85e0a0555ccba628,130d945163bb44c6a763da976503fcf0,130d945163bb44c6a763da976503fcf0,3.045
b0c7aef37dee49a6ac2236b212af059c,RADAR_RIGHT_SIDE,d70a556743744964878b8d680ecf9364,8bef64c60da74778a5b9ef975c97edb7,130d945163bb44c6a763da976503fcf0,130d945163bb44c6a763da976503fcf0,6.322
2c61cb7566c948d8be146eb265fde451,LIDAR_LEFT,e6ecf54fcdb14590b06b2132a15aa16e,2e6c7b7b7ceb4f69be01f9006cedf58f,3d7a538e785645f9870c0acee69d8fe9,bcec93e9204941b0987fae9430e36ccc,-10.637
2c61cb7566c948d8be146eb265fde451,LIDAR_REAR,494a09a63b034d3d91f6edfabf9fb761,7198b581279c431bad450deaf7669f87,151258a1a03942ed9b87acedfec8235c,bcec93e9204941b0987fae9430e36ccc,-47.916
2c61cb7566c948d8be146eb265fde451,LIDAR_RIGHT,7fc654ffaf784f6bbdb83d5e5066939b,aefabf5dd96744beb296b9881d60ff8b,0c45ecd3401543bdb21441f3aea4a21a,bcec93e9204941b0987fae9430e36ccc,14.573
2c61cb7566c948d8be146eb265fde451,LIDAR_TOP_FRONT,e7b62d3305ed404a992d4e695dd8ceaf,f994daad50a14ac49f1468d66eb8db62,bcec93e9204941b0987fae9430e36ccc,bcec93e9204941b0987fae9430e36ccc,2.671
2c61cb7566c948d8be146eb265fde451,LIDAR_TOP_LEFT,a48606b9b77b4d2d84a2ae2fb7a1f961,373fca46a765439794d1ecbb5839a161,cd5a291cd1d044509b8ebc0a6952b530,bcec93e9204941b0987fae9430e36ccc,-22.215
2c61cb7566c948d8be146eb265fde451,LIDAR_TOP_RIGHT,d481508586354f7b87792094a38dc21a,f8849496a35c4af599b8e598afda166d,7d8620fdc9e84ff19b46a6aad252de7c,bcec93e9204941b0987fae9430e36ccc,28.152
2c61cb7566c948d8be146eb265fde451,RADAR_LEFT_BACK,0c6308d4bcca4c188b7d9264904255b9,326989c743c948bf86229f525d0deb2d,bcec93e9204941b0987fae9430e36ccc,bcec93e9204941b0987fae9430e36ccc,4.131
2c61cb7566c948d8be146eb265fde451,RADAR_LEFT_FRONT,4e8e6d9ba213421aa7abdbf2148c73c7,5e6c5afaa842478db6066e9de8dec1ef,bcec93e9204941b0987fae9430e36ccc,bcec93e9204941b0987fae9430e36ccc,4.375
2c61cb7566c948d8be146eb265fde451,RADAR_LEFT_SIDE,65bd75f177324f689d507a06609cc4a8,cbecfab3ced24bbeab0a1b1bdd4375a8,bcec93e9204941b0987fae9430e36ccc,bcec93e9204941b0987fae9430e36ccc,4.481
2c61cb7566c948d8be146eb265fde451,RADAR_RIGHT_BACK,f8c56589abba4478b4e13a0841cbd70b,f2c73d43e0994ee8a16f930860856c0e,bcec93e9204941b0987fae9430e36ccc,bcec93e9204941b0987fae9430e36ccc,5.637
2c61cb7566c948d8be146eb265fde451,RADAR_RIGHT_FRONT,6e657fc70864426d9f54ce3cd0702c6e,3126c35b164c459d85e0a0555ccba628,bcec93e9204941b0987fae9430e36ccc,bcec93e9204941b0987fae9430e36ccc,5.665
2c61cb7566c948d8be146eb265fde451,RADAR_RIGHT_SIDE,58a9bf2caf52493faddf4ea53488eea4,8bef64c60da74778a5b9ef975c97edb7,bcec93e9204941b0987fae9430e36ccc,bcec93e9204941b0987fae9430e36ccc,3.791
853e1e0907f14966be0c22eab0f4f05c,LIDAR_LEFT,45e35f79eff146b5b17b00c3193d052f,2e6c7b7b7ceb4f69be01f9006cedf58f,574b25d96506447aa9dc0398738fff98,8e7520d98bad42a1bf75a84773e45dae,-10.646
853e1e0907f14966be0c22eab0f4f05c,LIDAR_REAR,7ef19eba92304c0b9e65be414c097ec5,7198b581279c431bad450deaf7669f87,f651df8e2f2240dc9ee053644c527bfb,8e7520d98bad42a1bf75a84773e45dae,-47.69
853e1e0907f14966be0c22eab0f4f05c,LIDAR_RIGHT,46cf58bc38d942e9a8c573530860190f,aefabf5dd96744beb296b9881d60ff8b,f48e72125ca54412b5bee0097d55dc8f,8e7520d98bad42a1bf75a84773e45dae,14.59
853e1e0907f14966be0c22eab0f4f05c,LIDAR_TOP_FRONT,44c78a384f5d4bb4814a44e203de882b,f994daad50a14ac49f1468d66eb8db62,8e7520d98bad42a1bf75a84773e45dae,8e7520d98bad42a1bf75a84773e45dae,2.825
853e1e0907f14966be0c22eab0f4f05c,LIDAR_TOP_LEFT,5f08609174c449679a84efae0e8536ef,373fca46a765439794d1ecbb5839a161,1020c8bf9e2a478d866615f25dd51e8d,8e7520d98bad42a1bf75a84773e45dae,-21.803
853e1e0907f14966be0c22eab0f4f05c,LIDAR_TOP_RIGHT,00e237a4d68a43899bf6f55c2ca7106f,f8849496a35c4af599b8e598afda166d,f24d2bfca248475795c576b41af129fc,8e7520d98bad42a1bf75a84773e45dae,28.394
853e1e0907f14966be0c22eab0f4f05c,RADAR_LEFT_BACK,627b7395024c4d1c827cc3cdcbd2f283,326989c743c948bf86229f525d0deb2d,8e7520d98bad42a1bf75a84773e45dae,8e7520d98bad42a1bf75a84773e45dae,5.563
853e1e0907f14966be0c22eab0f4f05c,RADAR_LEFT_FRONT,3329222f09224969bfd0636473ef2c35,5e6c5afaa842478db6066e9de8dec1ef,8e7520d98bad42a1bf75a84773e45dae,8e7520d98bad42a1bf75a84773e45dae,5.875
853e1e0907f14966be0c22eab0f4f05c,RADAR_LEFT_SIDE,8f01edf77880449fa193ca579c1d5a6f,cbecfab3ced24bbeab0a1b1bdd4375a8,8e7520d98bad42a1bf75a84773e45dae,8e7520d98bad42a1bf75a84773e45dae,6.02
853e1e0907f14966be0c22eab0f4f05c,RADAR_RIGHT_BACK,6b55931f00de40679dc588d7b7641432,f2c73d43e0994ee8a16f930860856c0e,8e7520d98bad42a1bf75a84773e45dae,8e7520d98bad42a1bf75a84773e45dae,7.239
853e1e0907f14966be0c22eab0f4f05c,RADAR_RIGHT_FRONT,8577dae01c7a4614b83a866830074bd0,3126c35b164c459d85e0a0555ccba628,8e7520d98bad42a1bf75a84773e45dae,8e7520d98bad42a1bf75a84773e45dae,7.395
853e1e0907f14966be0c22eab0f4f05c,RADAR_RIGHT_SIDE,c306fecef55e4b9e85d2a683e94a22de,8bef64c60da74778a5b9ef975c97edb7,8e7520d98bad42a1bf75a84773e45dae,8e7520d98bad42a1bf75a84773e45dae,5.261
840bbca5b29741d29de0fc1a00d81cd4,LIDAR_LEFT,23dc1ad073324d638c4bcef53a85ce55,2e6c7b7b7ceb4f69be01f9006cedf58f,f1cfecbf1cf745c2ae7180c248ee094b,86e0e27c9759408885fa5b2c23c066ce,-10.647
840bbca5b29741d29de0fc1a00d81cd4,LIDAR_REAR,d30ffd303fec4d0b824a2b9b1880e5e7,7198b581279c431bad450deaf7669f87,8991d5187bec4f07bfe615fb8998e7a9,86e0e27c9759408885fa5b2c23c066ce,-47.687
840bbca5b29741d29de0fc1a00d81cd4,LIDAR_RIGHT,74d07728dbd844e4b052c1bca4fa6930,aefabf5dd96744beb296b9881d60ff8b,633c06ed24274a1ab53fc2f42bee52a5,86e0e27c9759408885fa5b2c23c066ce,14.689
840bbca5b29741d29de0fc1a00d81cd4,LIDAR_TOP_FRONT,1aea1e80aa224f5b8a3af716bd8a4831,f994daad50a14ac49f1468d66eb8db62,86e0e27c9759408885fa5b2c23c066ce,86e0e27c9759408885fa5b2c23c066ce,3.066
840bbca5b29741d29de0fc1a00d81cd4,LIDAR_TOP_LEFT,4b94d4a96e5245ee9d9c32320409f12e,373fca46a765439794d1ecbb5839a161,1a5b046f1b1340b498f7301b27a73b1f,86e0e27c9759408885fa5b2c23c066ce,-21.54
840bbca5b29741d29de0fc1a00d81cd4,LIDAR_TOP_RIGHT,f527e1cbed164daa8d594a9f65c21108,f8849496a35c4af599b8e598afda166d,488647679f6a4760b338d302a9522e3a,86e0e27c9759408885fa5b2c23c066ce,28.266
840bbca5b29741d29de0fc1a00d81cd4,RADAR_LEFT_BACK,268f91ef5768413188fb629c31c09cd7,326989c743c948bf86229f525d0deb2d,86e0e27c9759408885fa5b2c23c066ce,86e0e27c9759408885fa5b2c23c066ce,7.121
840bbca5b29741d29de0fc1a00d81cd4,RADAR_LEFT_FRONT,b047dfd3619a4e779f07fb3cd5952bbe,5e6c5afaa842478db6066e9de8dec1ef,86e0e27c9759408885fa5b2c23c066ce,86e0e27c9759408885fa5b2c23c066ce,7.317
840bbca5b29741d29de0fc1a00d81cd4,RADAR_LEFT_SIDE,da4911182bbe4286b66ef814cfe9cf17,cbecfab3ced24bbeab0a1b1bdd4375a8,86e0e27c9759408885fa5b2c23c066ce,86e0e27c9759408885fa5b2c23c066ce,7.376
840bbca5b29741d29de0fc1a00d81cd4,RADAR_RIGHT_BACK,529eb77b5a584cd8a40cc01233ccac65,f2c73d43e0994ee8a16f930860856c0e,86e0e27c9759408885fa5b2c23c066ce,86e0e27c9759408885fa5b2c23c066ce,4.196
840bbca5b29741d29de0fc1a00d81cd4,RADAR_RIGHT_FRONT,e5becf607e5346adb9f5f7a33abd2467,3126c35b164c459d85e0a0555ccba628,86e0e27c9759408885fa5b2c23c066ce,86e0e27c9759408885fa5b2c23c066ce,4.238
840bbca5b29741d29de0fc1a00d81cd4,RADAR_RIGHT_SIDE,8c1cba4e947f408787a976195e62d287,8bef64c60da74778a5b9ef975c97edb7,86e0e27c9759408885fa5b2c23c066ce,86e0e27c9759408885fa5b2c23c066ce,6.89
97366e0a4e504322aaae6e8b07884f2f,LIDAR_LEFT,39da89223451400c91f0baac77add629,2e6c7b7b7ceb4f69be01f9006cedf58f,ba6e53b628c44aa8b248c0e38eaf3c5c,d1cd1ff881034457ad1afd54694e5fa4,-10.654
97366e0a4e504322aaae6e8b07884f2f,LIDAR_REAR,28f4c6e1bf824299a679578882bc0cf7,7198b581279c431bad450deaf7669f87,baa947b609104d4b8c899cb447d48d2d,d1cd1ff881034457ad1afd54694e5fa4,-47.797
97366e0a4e504322aaae6e8b07884f2f,LIDAR_RIGHT,cfff584fae774fc197da05bb738fd866,aefabf5dd96744beb296b9881d60ff8b,4c87b7dcfa5b4eedabc3e16e67c6f32d,d1cd1ff881034457ad1afd54694e5fa4,15.125
97366e0a4e504322aaae6e8b07884f2f,LIDAR_TOP_FRONT,9bc33d88ff494fdc92b6e6523d58b0da,f994daad50a14ac49f1468d66eb8db62,d1cd1ff881034457ad1afd54694e5fa4,d1cd1ff881034457ad1afd54694e5fa4,2.678
97366e0a4e504322aaae6e8b07884f2f,LIDAR_TOP_LEFT,f8b9c1f8f6e047f38d227e5d19ab4a09,373fca46a765439794d1ecbb5839a161,c32a0cbf8e3d4c409aec74b17ebb1222,d1cd1ff881034457ad1afd54694e5fa4,-21.731
97366e0a4e504322aaae6e8b07884f2f,LIDAR_TOP_RIGHT,733c4debf8b94a8ea013c81d6d43e94c,f8849496a35c4af599b8e598afda166d,aac2ba8d35ab473f8fd8ddbbf54dd9af,d1cd1ff881034457ad1afd54694e5fa4,28.056
97366e0a4e504322aaae6e8b07884f2f,RADAR_LEFT_BACK,600bc91496744af79fda1b1fec0759c5,326989c743c948bf86229f525d0deb2d,d1cd1ff881034457ad1afd54694e5fa4,d1cd1ff881034457ad1afd54694e5fa4,4.257
97366e0a4e504322aaae6e8b07884f2f,RADAR_LEFT_FRONT,11adbe258e5d46a4bd3efd764ed61283,5e6c5afaa842478db6066e9de8dec1ef,d1cd1ff881034457ad1afd54694e5fa4,d1cd1ff881034457ad1afd54694e5fa4,3.664
97366e0a4e504322aaae6e8b07884f2f,RADAR_LEFT_SIDE,b8219ca5d555462ca3622ff9e214588b,cbecfab3ced24bbeab0a1b1bdd4375a8,d1cd1ff881034457ad1afd54694e5fa4,d1cd1ff881034457ad1afd54694e5fa4,3.733
97366e0a4e504322aaae6e8b07884f2f,RADAR_RIGHT_BACK,214c32b877d14c9aaf85016d052e3c30,f2c73d43e0994ee8a16f930860856c0e,d1cd1ff881034457ad1afd54694e5fa4,d1cd1ff881034457ad1afd54694e5fa4,5.37
97366e0a4e504322aaae6e8b07884f2f,RADAR_RIGHT_FRONT,cbcf63a6a72d411c81ea324ae40b1aa7,3126c35b164c459d85e0a0555ccba628,d1cd1ff881034457ad1afd54694e5fa4,d1cd1ff881034457ad1afd54694e5fa4,5.515
97366e0a4e504322aaae6e8b07884f2f,RADAR_RIGHT_SIDE,7deaf191dbef44e1b6a238087ed46263,8bef64c60da74778a5b9ef975c97edb7,d1cd1ff881034457ad1afd54694e5fa4,d1cd1ff881034457ad1afd54694e5fa4,4.099
5d019ee18c50449591f26cf683e09898,LIDAR_LEFT,9083275627194f36bd06c4e3f1012eab,2e6c7b7b7ceb4f69be01f9006cedf58f,d3a6facaadec4c6a9cca190a3f3024d1,7f429e51f3a343e0af849673683221ed,-10.656
5d019ee18c50449591f26cf683e09898,LIDAR_REAR,6be0f6e8834640dab7670fce734e5c16,7198b581279c431bad450deaf7669f87,0812c57451a543b9b6a185e0d996d73a,7f429e51f3a343e0af849673683221ed,-48.132
5d019ee18c50449591f26cf683e09898,LIDAR_RIGHT,3381b0d6ba954a4b89c57ee2b919822f,aefabf5dd96744beb296b9881d60ff8b,07a9964747f2418a96c7b4099a64a34a,7f429e51f3a343e0af849673683221ed,15.144
5d019ee18c50449591f26cf683e09898,LIDAR_TOP_FRONT,4729f0fbf5a94fc8ad56e6c41c2ad6d7,f994daad50a14ac49f1468d66eb8db62,7f429e51f3a343e0af849673683221ed,7f429e51f3a343e0af849673683221ed,2.249
5d019ee18c50449591f26cf683e09898,LIDAR_TOP_LEFT,e76a745ae3664386aaae568cd701c056,373fca46a765439794d1ecbb5839a161,ca1ec1a1623d4e78979572ee41358fc0,7f429e51f3a343e0af849673683221ed,-22.19
5d019ee18c50449591f26cf683e09898,LIDAR_TOP_RIGHT,101f548fc9414b13a33dd6b521a87687,f8849496a35c4af599b8e598afda166d,6fda66573c204540869192e5400b0c69,7f429e51f3a343e0af849673683221ed,27.913
5d019ee18c50449591f26cf683e09898,RADAR_LEFT_BACK,f12e8b5108e54e00b4277de6c0cc37ae,326989c743c948bf86229f525d0deb2d,7f429e51f3a343e0af849673683221ed,7f429e51f3a343e0af849673683221ed,4.763
5d019ee18c50449591f26cf683e09898,RADAR_LEFT_FRONT,14546705a00d44f8af0c31369af52239,5e6c5afaa842478db6066e9de8dec1ef,7f429e51f3a343e0af849673683221ed,7f429e51f3a343e0af849673683221ed,5.24
5d019ee18c50449591f26cf683e09898,RADAR_LEFT_SIDE,f5c8e63c301b481da1104b5db92ff696,cbecfab3ced24bbeab0a1b1bdd4375a8,7f429e51f3a343e0af849673683221ed,7f429e51f3a343e0af849673683221ed,5.432
5d019ee18c50449591f26cf683e09898,RADAR_RIGHT_BACK,185f7c3cf3c04d69a114791294941854,f2c73d43e0994ee8a16f930860856c0e,7f429e51f3a343e0af849673683221ed,7f429e51f3a343e0af849673683221ed,6.478
5d019ee18c50449591f26cf683e09898,RADAR_RIGHT_FRONT,7ec5d611a6fe423cadc3cadd8cae2c5a,3126c35b164c459d85e0a0555ccba628,7f429e51f3a343e0af849673683221ed,7f429e51f3a343e0af849673683221ed,6.612
5d019ee18c50449591f26cf683e09898,RADAR_RIGHT_SIDE,f9ed502206d743e7914ce853c232eda7,8bef64c60da74778a5b9ef975c97edb7,7f429e51f3a343e0af849673683221ed,7f429e51f3a343e0af849673683221ed,4.526
7aab37b38b4344b2a5f9b4d56bdc8cf9,LIDAR_LEFT,b6692ad388f44e2db4706846fb9603a0,2e6c7b7b7ceb4f69be01f9006cedf58f,73cc4f8496874203af7c99fa4fdab057,285f4103cc37416b848b3781ac513f67,-10.648
7aab37b38b4344b2a5f9b4d56bdc8cf9,LIDAR_REAR,d2d5924c369f46d0b2200c4035a5c15b,7198b581279c431bad450deaf7669f87,71e3c02fbb0d44ce9ae4e7fec790fcdc,285f4103cc37416b848b3781ac513f67,-48.324
7aab37b38b4344b2a5f9b4d56bdc8cf9,LIDAR_RIGHT,b965239be593497da59f918b36ae0c2f,aefabf5dd96744beb296b9881d60ff8b,db5e353105c443cfbe7e587490c7070b,285f4103cc37416b848b3781ac513f67,14.993
7aab37b38b4344b2a5f9b4d56bdc8cf9,LIDAR_TOP_FRONT,a9dc08df339b44779b9fb41185aee95b,f994daad50a14ac49f1468d66eb8db62,285f4103cc37416b848b3781ac513f67,285f4103cc37416b848b3781ac513f67,2.251
7aab37b38b4344b2a5f9b4d56bdc8cf9,LIDAR_TOP_LEFT,39a22bba1a2347d48b2c083db1646d78,373fca46a765439794d1ecbb5839a161,5224ac323f6e49a9ba4bb9e2154c5f6a,285f4103cc37416b848b3781ac513f67,-22.108
7aab37b38b4344b2a5f9b4d56bdc8cf9,LIDAR_TOP_RIGHT,2a2e440c08474ab6bd7e3e8971287ae4,f8849496a35c4af599b8e598afda166d,72dc19fb2f084715a31e952f9f26acbb,285f4103cc37416b848b3781ac513f67,27.728
7aab37b38b4344b2a5f9b4d56bdc8cf9,RADAR_LEFT_BACK,ce41c25fa6014b9d922251e5b8a20e57,326989c743c948bf86229f525d0deb2d,285f4103cc37416b848b3781ac513f67,285f4103cc37416b848b3781ac513f67,6.286
7aab37b38b4344b2a5f9b4d56bdc8cf9,RADAR_LEFT_FRONT,6b7797015e564e358612a99e7b5fea1a,5e6c5afaa842478db6066e9de8dec1ef,285f4103cc37416b848b3781ac513f67,285f4103cc37416b848b3781ac513f67,6.524
7aab37b38b4344b2a5f9b4d56bdc8cf9,RADAR_LEFT_SIDE,04d5637d4fc04c308b3328cb0f7333c9,cbecfab3ced24bbeab0a1b1bdd4375a8,285f4103cc37416b848b3781ac513f67,285f4103cc37416b848b3781ac513f67,6.565
7aab37b38b4344b2a5f9b4d56bdc8cf9,RADAR_RIGHT_BACK,d841e96a6ac44e6e93a4bcf81e4388d5,f2c73d43e0994ee8a16f930860856c0e,285f4103cc37416b848b3781ac513f67,285f4103cc37416b848b3781ac513f67,3.631
7aab37b38b4344b2a5f9b4d56bdc8cf9,RADAR_RIGHT_FRONT,60d0e567f462485296993475cb90b855,3126c35b164c459d85e0a0555ccba628,285f4103cc37416b848b3781ac513f67,285f4103cc37416b848b3781ac513f67,3.819
7aab37b38b4344b2a5f9b4d56bdc8cf9,RADAR_RIGHT_SIDE,a6099eaacf4b48b38f5aaa96a68ac85c,8bef64c60da74778a5b9ef975c97edb7,285f4103cc37416b848b3781ac513f67,285f4103cc37416b848b3781ac513f67,6.093
b193a929462d4b28b559eda6d21dba5d,LIDAR_LEFT,dc663378313a431baadbe68004f94c45,2e6c7b7b7ceb4f69be01f9006cedf58f,669e2d092e564f4aa9b48f0382bd9e9d,d478a607066b415a82989f5e77d46b04,-10.646
b193a929462d4b28b559eda6d21dba5d,LIDAR_REAR,c9a253b6515d4cc3862b439d13e9f7f6,7198b581279c431bad450deaf7669f87,4d7c95646b4b404a8fbf0fc80ab1e605,d478a607066b415a82989f5e77d46b04,-48.326
b193a929462d4b28b559eda6d21dba5d,LIDAR_RIGHT,d77a560642b84aba854410e6c7bad453,aefabf5dd96744beb296b9881d60ff8b,65642db940a3460ebff5cda6514c9b2e,d478a607066b415a82989f5e77d46b04,14.323
b193a929462d4b28b559eda6d21dba5d,LIDAR_TOP_FRONT,2e41ef33aa7d4b8184f6653bdd86b8c1,f994daad50a14ac49f1468d66eb8db62,d478a607066b415a82989f5e77d46b04,d478a607066b415a82989f5e77d46b04,2.183
b193a929462d4b28b559eda6d21dba5d,LIDAR_TOP_LEFT,09acc6249aeb43faa4a9ec3f6a1c464f,373fca46a765439794d1ecbb5839a161,83fe7f79753145dd9af9ecc44094d1f9,d478a607066b415a82989f5e77d46b04,-22.359
b193a929462d4b28b559eda6d21dba5d,LIDAR_TOP_RIGHT,4b0ed97ee8d9483883cd9125d616274b,f8849496a35c4af599b8e598afda166d,20e7528d1e584a109cb96ee600e6bbb4,d478a607066b415a82989f5e77d46b04,27.555
b193a929462d4b28b559eda6d21dba5d,RADAR_LEFT_BACK,22207605d07f48859760737bb112af59,326989c743c948bf86229f525d0deb2d,d478a607066b415a82989f5e77d46b04,d478a607066b415a82989f5e77d46b04,3.299
b193a929462d4b28b559eda6d21dba5d,RADAR_LEFT_FRONT,412426898471496e96afca3c78c38b1f,5e6c5afaa842478db6066e9de8dec1ef,d478a607066b415a82989f5e77d46b04,d478a607066b415a82989f5e77d46b04,3.407
b193a929462d4b28b559eda6d21dba5d,RADAR_LEFT_SIDE,d72ecd57d6f146c282e82ef11825e285,cbecfab3ced24bbeab0a1b1bdd4375a8,d478a607066b415a82989f5e77d46b04,d478a607066b415a82989f5e77d46b04,3.464
b193a929462d4b28b559eda6d21dba5d,RADAR_RIGHT_BACK,efe8e2c8b0564717891b9e00b42f78e8,f2c73d43e0994ee8a16f930860856c0e,d478a607066b415a82989f5e77d46b04,d478a607066b415a82989f5e77d46b04,4.496
b193a929462d4b28b559eda6d21dba5d,RADAR_RIGHT_FRONT,b6fd52c7d0df4cfd97a91dc1071c39f2,3126c35b164c459d85e0a0555ccba628,d478a607066b415a82989f5e77d46b04,d478a607066b415a82989f5e77d46b04,4.756
b193a929462d4b28b559eda6d21dba5d,RADAR_RIGHT_SIDE,7c61a44ab53848989e099dae1b727f53,8bef64c60da74778a5b9ef975c97edb7,d478a607066b415a82989f5e77d46b04,d478a607066b415a82989f5e77d46b04,3.065
b6a30d50fb9f41eea4cce04d65fbadd1,LIDAR_LEFT,c9474471f37f43c392c309abbd7a69f9,2e6c7b7b7ceb4f69be01f9006cedf58f,96c4a8e8695745eb8bc995dc7c8a150c,04b85e9b6cd6433bb3e1820412e51eeb,-10.639
b6a30d50fb9f41eea4cce04d65fbadd1,LIDAR_REAR,6e86f764cbee4d22b75c2d60c65a9361,7198b581279c431bad450deaf7669f87,94ea3a9173c04e70a2b7a806f9fdf1cf,04b85e9b6cd6433bb3e1820412e51eeb,-48.141
b6a30d50fb9f41eea4cce04d65fbadd1,LIDAR_RIGHT,cb33a84b5d0d4f2c87b1baaaa05d093d,aefabf5dd96744beb296b9881d60ff8b,5946e0fec33a48d7b7760f0c7218fa00,04b85e9b6cd6433bb3e1820412e51eeb,14.334
b6a30d50fb9f41eea4cce04d65fbadd1,LIDAR_TOP_FRONT,ec6a0930424b4179abb1169a44505833,f994daad50a14ac49f1468d66eb8db62,04b85e9b6cd6433bb3e1820412e51eeb,04b85e9b6cd6433bb3e1820412e51eeb,2.595
b6a30d50fb9f41eea4cce04d65fbadd1,LIDAR_TOP_LEFT,584ed20a1d8343d78318b79dbc4d2868,373fca46a765439794d1ecbb5839a161,be9b91e9e7e149d086b1e3d0f12b112c,04b85e9b6cd6433bb3e1820412e51eeb,-22.35
b6a30d50fb9f41eea4cce04d65fbadd1,LIDAR_TOP_RIGHT,0d93688694b64105902ec6666a720d3f,f8849496a35c4af599b8e598afda166d,7510512d7f664332b12a9f0b05969852,04b85e9b6cd6433bb3e1820412e51eeb,27.683
b6a30d50fb9f41eea4cce04d65fbadd1,RADAR_LEFT_BACK,3c1bc544a2fa4a02a5005e508b159b9b,326989c743c948bf86229f525d0deb2d,04b85e9b6cd6433bb3e1820412e51eeb,04b85e9b6cd6433bb3e1820412e51eeb,5.115
b6a30d50fb9f41eea4cce04d65fbadd1,RADAR_LEFT_FRONT,79b03992b0874ee5b29425217779079f,5e6c5afaa842478db6066e9de8dec1ef,04b85e9b6cd6433bb3e1820412e51eeb,04b85e9b6cd6433bb3e1820412e51eeb,4.772
b6a30d50fb9f41eea4cce04d65fbadd1,RADAR_LEFT_SIDE,90aede15d6bd43b0bfb93f4c18b1f584,cbecfab3ced24bbeab0a1b1bdd4375a8,04b85e9b6cd6433bb3e1820412e51eeb,04b85e9b6cd6433bb3e1820412e51eeb,4.836
b6a30d50fb9f41eea4cce04d65fbadd1,RADAR_RIGHT_BACK,9d23f82f18d44cddacaeaa4ef8be50f2,f2c73d43e0994ee8a16f930860856c0e,04b85e9b6cd6433bb3e1820412e51eeb,04b85e9b6cd6433bb3e1820412e51eeb,6.234
b6a30d50fb9f41eea4cce04d65fbadd1,RADAR_RIGHT_FRONT,63db8f9f3972454ca57aacfbac9210ae,3126c35b164c459d85e0a0555ccba628,04b85e9b6cd6433bb3e1820412e51eeb,04b85e9b6cd6433bb3e1820412e51eeb,6.338
b6a30d50fb9f41eea4cce04d65fbadd1,RADAR_RIGHT_SIDE,3f1b6e7e575146668dc0ea3e2f06fef9,8bef64c60da74778a5b9ef975c97edb7,04b85e9b6cd6433bb3e1820412e51eeb,04b85e9b6cd6433bb3e1820412e51eeb,4.847
37e26c60741142d7811e41f7a35448c9,LIDAR_LEFT,2a5f714cee2c45d88837462b5ac30f32,2e6c7b7b7ceb4f69be01f9006cedf58f,88767e54a6df4dcd8924379a6235f6c3,c0cf4ae09e834792918108652edb5e2e,-10.639
37e26c60741142d7811e41f7a35448c9,LIDAR_REAR,b279be73b90c494cbfa298cfa8cdc28d,7198b581279c431bad450deaf7669f87,f2edca2a1757402a924f0a8e160f0c0d,c0cf4ae09e834792918108652edb5e2e,-47.753
37e26c60741142d7811e41f7a35448c9,LIDAR_RIGHT,daf202b17fdb45b5b9403313a817bcad,aefabf5dd96744beb296b9881d60ff8b,918dbbcd537a4d1a9e958fa80b3688e4,c0cf4ae09e834792918108652edb5e2e,14.777
37e26c60741142d7811e41f7a35448c9,LIDAR_TOP_FRONT,afd853a0bacf4873ac2b3dcd75f9579e,f994daad50a14ac49f1468d66eb8db62,c0cf4ae09e834792918108652edb5e2e,c0cf4ae09e834792918108652edb5e2e,3.053
37e26c60741142d7811e41f7a35448c9,LIDAR_TOP_LEFT,65551f6b25274babb9d3b12b0a7eaa4f,373fca46a765439794d1ecbb5839a161,6a996f153e2448b3853d00147b3f3e68,c0cf4ae09e834792918108652edb5e2e,-22.096
37e26c60741142d7811e41f7a35448c9,LIDAR_TOP_RIGHT,c3c86797308c4d879d6b314109e62cc6,f8849496a35c4af599b8e598afda166d,105a2fbe66d7455887a7f90a134ce3d0,c0cf4ae09e834792918108652edb5e2e,28.013
37e26c60741142d7811e41f7a35448c9,RADAR_LEFT_BACK,53d1f6ba4fff45a09e1d761b14c8e476,326989c743c948bf86229f525d0deb2d,c0cf4ae09e834792918108652edb5e2e,c0cf4ae09e834792918108652edb5e2e,6.37
37e26c60741142d7811e41f7a35448c9,RADAR_LEFT_FRONT,38be11107c3d4186b4b2c890193fdafc,5e6c5afaa842478db6066e9de8dec1ef,c0cf4ae09e834792918108652edb5e2e,c0cf4ae09e834792918108652edb5e2e,6.78
37e26c60741142d7811e41f7a35448c9,RADAR_LEFT_SIDE,b7e985d00f744a35accb92f5404f6c9b,cbecfab3ced24bbeab0a1b1bdd4375a8,c0cf4ae09e834792918108652edb5e2e,c0cf4ae09e834792918108652edb5e2e,6.765
37e26c60741142d7811e41f7a35448c9,RADAR_RIGHT_BACK,97a2b624c5c94294bfe8ae9ee88714db,f2c73d43e0994ee8a16f930860856c0e,c0cf4ae09e834792918108652edb5e2e,c0cf4ae09e834792918108652edb5e2e,3.686
37e26c60741142d7811e41f7a35448c9,RADAR_RIGHT_FRONT,548655502d18411fa3393dca1664593e,3126c35b164c459d85e0a0555ccba628,c0cf4ae09e834792918108652edb5e2e,c0cf4ae09e834792918108652edb5e2e,3.724
37e26c60741142d7811e41f7a35448c9,RADAR_RIGHT_SIDE,aad411fc8a804b4e927b299693175ccc,8bef64c60da74778a5b9ef975c97edb7,c0cf4ae09e834792918108652edb5e2e,c0cf4ae09e834792918108652edb5e2e,6.155
fd6f19fe58c1488f9c45ccd70f25561c,LIDAR_LEFT,d88394308aaf46e79e5ed06e7080e3b0,2e6c7b7b7ceb4f69be01f9006cedf58f,04a3fb134c8d4845b4a732c72a38c208,311f8ba54bb44f1789edef94381b74d1,-10.639
fd6f19fe58c1488f9c45ccd70f25561c,LIDAR_REAR,cb8b65b530744def877b1b35801b7daa,7198b581279c431bad450deaf7669f87,6c4b1f35b6b54b53ae7ea05835f2637c,311f8ba54bb44f1789edef94381b74d1,-47.211
fd6f19fe58c1488f9c45ccd70f25561c,LIDAR_RIGHT,6bd4458aade14fab8a9f49295afe600c,aefabf5dd96744beb296b9881d60ff8b,163fd1135dde417a95d16b880edc7e1a,311f8ba54bb44f1789edef94381b74d1,15.13
fd6f19fe58c1488f9c45ccd70f25561c,LIDAR_TOP_FRONT,39addd3bef2143e9ac292c0c73bca0c9,f994daad50a14ac49f1468d66eb8db62,311f8ba54bb44f1789edef94381b74d1,311f8ba54bb44f1789edef94381b74d1,3.1
fd6f19fe58c1488f9c45ccd70f25561c,LIDAR_TOP_LEFT,ab21fd6202bb4970b18e9cc90bf7320c,373fca46a765439794d1ecbb5839a161,c3e40e12d63846f281796f043b0115e8,311f8ba54bb44f1789edef94381b74d1,-21.678
fd6f19fe58c1488f9c45ccd70f25561c,LIDAR_TOP_RIGHT,b45402b51de0443ead656a6440549830,f8849496a35c4af599b8e598afda166d,70eab566d7f949e5b70b7b78a7f9eb97,311f8ba54bb44f1789edef94381b74d1,28.569
fd6f19fe58c1488f9c45ccd70f25561c,RADAR_LEFT_BACK,708694f75d1e4a3f8aca383104d8fcd9,326989c743c948bf86229f525d0deb2d,311f8ba54bb44f1789edef94381b74d1,311f8ba54bb44f1789edef94381b74d1,4.874
fd6f19fe58c1488f9c45ccd70f25561c,RADAR_LEFT_FRONT,5f6a40df6a4e4bdcb02431ea2dee4ca9,5e6c5afaa842478db6066e9de8dec1ef,311f8ba54bb44f1789edef94381b74d1,311f8ba54bb44f1789edef94381b74d1,4.461
fd6f19fe58c1488f9c45ccd70f25561c,RADAR_LEFT_SIDE,ce700a13646d4dafaa94304a95025c6e,cbecfab3ced24bbeab0a1b1bdd4375a8,311f8ba54bb44f1789edef94381b74d1,311f8ba54bb44f1789edef94381b74d1,4.542
fd6f19fe58c1488f9c45ccd70f25561c,RADAR_RIGHT_BACK,ece9a1cfcdfc421cbbddad8cfb45bd3f,f2c73d43e0994ee8a16f930860856c0e,311f8ba54bb44f1789edef94381b74d1,311f8ba54bb44f1789edef94381b74d1,5.867
fd6f19fe58c1488f9c45ccd70f25561c,RADAR_RIGHT_FRONT,e3c2bd4e345e4c5aa5405dc5d7299783,3126c35b164c459d85e0a0555ccba628,311f8ba54bb44f1789edef94381b74d1,311f8ba54bb44f1789edef94381b74d1,5.921
fd6f19fe58c1488f9c45ccd70f25561c,RADAR_RIGHT_SIDE,f2cdcaf4b8164dc38d0dbedb00ee22da,8bef64c60da74778a5b9ef975c97edb7,311f8ba54bb44f1789edef94381b74d1,311f8ba54bb44f1789edef94381b74d1,4.671
d088162159534984bbe9c0e4ca87de81,LIDAR_LEFT,20d95885bde04341b9a0d6652c381bfe,2e6c7b7b7ceb4f69be01f9006cedf58f,e3d39165f4f5426488e50f0beb27dd0e,aca8c322c3f04612853fb62ec8084553,-10.64
d088162159534984bbe9c0e4ca87de81,LIDAR_REAR,796780d05b85499a9747128a69c2f710,7198b581279c431bad450deaf7669f87,131901fee66e4637affc3ee35c01d179,aca8c322c3f04612853fb62ec8084553,-46.674
d088162159534984bbe9c0e4ca87de81,LIDAR_RIGHT,0e366ac153624c92acd98a6a48f27b80,aefabf5dd96744beb296b9881d60ff8b,d67acf51b1ca430585e96b34cf2ea6e0,aca8c322c3f04612853fb62ec8084553,15.229
d088162159534984bbe9c0e4ca87de81,LIDAR_TOP_FRONT,a29420cb9a4a4f3ca2b15bd2aced22e1,f994daad50a14ac49f1468d66eb8db62,aca8c322c3f04612853fb62ec8084553,aca8c322c3f04612853fb62ec8084553,3.66
d088162159534984bbe9c0e4ca87de81,LIDAR_TOP_LEFT,8f8229401c4a4b1ebb2b50b6c8eda11b,373fca46a765439794d1ecbb5839a161,c7f6a4cc89d64f6cb51040a81c2b6ec9,aca8c322c3f04612853fb62ec8084553,-21.292
d088162159534984bbe9c0e4ca87de81,LIDAR_TOP_RIGHT,91d67d85e2254975be2d7dbf06bc8eed,f8849496a35c4af599b8e598afda166d,597f2806cedf44528176f304edabcfc2,aca8c322c3f04612853fb62ec8084553,28.803
d088162159534984bbe9c0e4ca87de81,RADAR_LEFT_BACK,f9a356fa5f1d4ab0a3ba62eb83aa71a0,326989c743c948bf86229f525d0deb2d,aca8c322c3f04612853fb62ec8084553,aca8c322c3f04612853fb62ec8084553,5.789
d088162159534984bbe9c0e4ca87de81,RADAR_LEFT_FRONT,19fbc67a924f47e7aab50c716b122e57,5e6c5afaa842478db6066e9de8dec1ef,aca8c322c3f04612853fb62ec8084553,aca8c322c3f04612853fb62ec8084553,5.858
d088162159534984bbe9c0e4ca87de81,RADAR_LEFT_SIDE,4cc8f7bfbdc7442ca8981f8e2dd02da9,cbecfab3ced24bbeab0a1b1bdd4375a8,aca8c322c3f04612853fb62ec8084553,aca8c322c3f04612853fb62ec8084553,5.856
d088162159534984bbe9c0e4ca87de81,RADAR_RIGHT_BACK,d6b0d647d4674719997abbe150e7f5dc,f2c73d43e0994ee8a16f930860856c0e,aca8c322c3f04612853fb62ec8084553,aca8c322c3f04612853fb62ec8084553,7.044
d088162159534984bbe9c0e4ca87de81,RADAR_RIGHT_FRONT,a34950277b9a41848114bd3066fda6d7,3126c35b164c459d85e0a0555ccba628,aca8c322c3f04612853fb62ec8084553,aca8c322c3f04612853fb62ec8084553,7.128
d088162159534984bbe9c0e4ca87de81,RADAR_RIGHT_SIDE,e037a35d219348fa967f18419e322c4c,8bef64c60da74778a5b9ef975c97edb7,aca8c322c3f04612853fb62ec8084553,aca8c322c3f04612853fb62ec8084553,5.621
1c2acee839b34c158452d570f1ebf203,LIDAR_LEFT,209f21c7dd864ea48ba57cf6aa0ac1c1,2e6c7b7b7ceb4f69be01f9006cedf58f,d79089bcb99a435f87caf6fda77a77db,ac48849817c749d3800c21d5077acb43,-10.658
1c2acee839b34c158452d570f1ebf203,LIDAR_REAR,79a15a9dac8a4b34b8d41e13cd736fdf,7198b581279c431bad450deaf7669f87,395792eec6cc4410a7e0e8550e73e64e,ac48849817c749d3800c21d5077acb43,-46.973
1c2acee839b34c158452d570f1ebf203,LIDAR_RIGHT,eeea1ffd9258409fb8f0a97fb0db3b34,aefabf5dd96744beb296b9881d60ff8b,0f645c9d748846c48f5571098a8fb6db,ac48849817c749d3800c21d5077acb43,15.562
1c2acee839b34c158452d570f1ebf203,LIDAR_TOP_FRONT,71cf67f8e54b49279174d350fe2715ca,f994daad50a14ac49f1468d66eb8db62,ac48849817c749d3800c21d5077acb43,ac48849817c749d3800c21d5077acb43,3.662
1c2acee839b34c158452d570f1ebf203,LIDAR_TOP_LEFT,c3be83394c01470cbfc81573526a9e37,373fca46a765439794d1ecbb5839a161,aaf86a5b267a4c94964368e7182fe47b,ac48849817c749d3800c21d5077acb43,-21.367
1c2acee839b34c158452d570f1ebf203,LIDAR_TOP_RIGHT,df683d4c85634acda424013f78e7ea72,f8849496a35c4af599b8e598afda166d,2815c81396f34bd394282a66d4f59366,ac48849817c749d3800c21d5077acb43,28.762
1c2acee839b34c158452d570f1ebf203,RADAR_LEFT_BACK,62dd948f9dca4d3fba62c55938dd94b9,326989c743c948bf86229f525d0deb2d,ac48849817c749d3800c21d5077acb43,ac48849817c749d3800c21d5077acb43,8.399
1c2acee839b34c158452d570f1ebf203,RADAR_LEFT_FRONT,ae4bd5720be941acbf528c8b0b937620,5e6c5afaa842478db6066e9de8dec1ef,ac48849817c749d3800c21d5077acb43,ac48849817c749d3800c21d5077acb43,7.36
1c2acee839b34c158452d570f1ebf203,RADAR_LEFT_SIDE,7e72c4b29fce4ea2a5028385440d2d8f,cbecfab3ced24bbeab0a1b1bdd4375a8,ac48849817c749d3800c21d5077acb43,ac48849817c749d3800c21d5077acb43,7.389
1c2acee839b34c158452d570f1ebf203,RADAR_RIGHT_BACK,f080a65d9f004fff8a99d019b1f28908,f2c73d43e0994ee8a16f930860856c0e,ac48849817c749d3800c21d5077acb43,ac48849817c749d3800c21d5077acb43,5.182
1c2acee839b34c158452d570f1ebf203,RADAR_RIGHT_FRONT,34e735b6ae904c4abbca1dea3945870e,3126c35b164c459d85e0a0555ccba628,ac48849817c749d3800c21d5077acb43,ac48849817c749d3800c21d5077acb43,5.116
1c2acee839b34c158452d570f1ebf203,RADAR_RIGHT_SIDE,e0e7e2843ae8454aa1f101743015ed6d,8bef64c60da74778a5b9ef975c97edb7,ac48849817c749d3800c21d5077acb43,ac48849817c749d3800c21d5077acb43,8.507
c5dc48287d064c87939d630ff4c21065,LIDAR_LEFT,14dbd8a7dbf84bf6997f00c58263017a,2e6c7b7b7ceb4f69be01f9006cedf58f,2d50151e09aa4544bc4f59630dcc852e,dd5936d2ef514fe2aac90b5048495318,-10.664
c5dc48287d064c87939d630ff4c21065,LIDAR_REAR,16aed3593e544d04a8415a205cae5d9f,7198b581279c431bad450deaf7669f87,8e11ce34639b44918098fd2e2887941f,dd5936d2ef514fe2aac90b5048495318,-47.796
c5dc48287d064c87939d630ff4c21065,LIDAR_RIGHT,7cb888f12b75483c95f92ce54be03a42,aefabf5dd96744beb296b9881d60ff8b,1301de73d0e94bf2ab4054c69869a66c,dd5936d2ef514fe2aac90b5048495318,14.446
c5dc48287d064c87939d630ff4c21065,LIDAR_TOP_FRONT,53beca96a2aa4749a6cd5c4b0f8042fe,f994daad50a14ac49f1468d66eb8db62,dd5936d2ef514fe2aac90b5048495318,dd5936d2ef514fe2aac90b5048495318,2.544
c5dc48287d064c87939d630ff4c21065,LIDAR_TOP_LEFT,672b53df201f4ba08cd34c28c783c5f5,373fca46a765439794d1ecbb5839a161,d71f577f16c74475a1194031bbceaf5f,dd5936d2ef514fe2aac90b5048495318,-22.065
c5dc48287d064c87939d630ff4c21065,LIDAR_TOP_RIGHT,36ced3d651974676ac834843cf73f26d,f8849496a35c4af599b8e598afda166d,63762bd03884495581a93ea85de100c5,dd5936d2ef514fe2aac90b5048495318,27.949
c5dc48287d064c87939d630ff4c21065,RADAR_LEFT_BACK,f825492d23354000a8cd0f3f51103af0,326989c743c948bf86229f525d0deb2d,dd5936d2ef514fe2aac90b5048495318,dd5936d2ef514fe2aac90b5048495318,4.068
c5dc48287d064c87939d630ff4c21065,RADAR_LEFT_FRONT,6d03cc1e41594fa8a97493a63288bd57,5e6c5afaa842478db6066e9de8dec1ef,dd5936d2ef514fe2aac90b5048495318,dd5936d2ef514fe2aac90b5048495318,3.605
c5dc48287d064c87939d630ff4c21065,RADAR_LEFT_SIDE,a964e44afe9a42be82e28129a57f1dba,cbecfab3ced24bbeab0a1b1bdd4375a8,dd5936d2ef514fe2aac90b5048495318,dd5936d2ef514fe2aac90b5048495318,3.626
c5dc48287d064c87939d630ff4c21065,RADAR_RIGHT_BACK,a5fcf675c52b417c95325bb94e1a2415,f2c73d43e0994ee8a16f930860856c0e,dd5936d2ef514fe2aac90b5048495318,dd5936d2ef514fe2aac90b5048495318,5.041
c5dc48287d064c87939d630ff4c21065,RADAR_RIGHT_FRONT,83cc3d880d95488c9109d36d29ec739a,3126c35b164c459d85e0a0555ccba628,dd5936d2ef514fe2aac90b5048495318,dd5936d2ef514fe2aac90b5048495318,5.067
c5dc48287d064c87939d630ff4c21065,RADAR_RIGHT_SIDE,5ff1fb0153a8478bbc6b8c8fe4086273,8bef64c60da74778a5b9ef975c97edb7,dd5936d2ef514fe2aac90b5048495318,dd5936d2ef514fe2aac90b5048495318,4.134
bf562ad191424bd7b701bb1dfddf068f,LIDAR_LEFT,236399952c284433a8741db24b3ed3d2,2e6c7b7b7ceb4f69be01f9006cedf58f,e7d13bb4495948779d9a1961a15e2086,5c7214a6bb844362a894092a556e3b52,-10.647
bf562ad191424bd7b701bb1dfddf068f,LIDAR_REAR,259d173c09904c4d9c53b06ca52ae1ab,7198b581279c431bad450deaf7669f87,d6972d94cba143cf85db6ae513433059,5c7214a6bb844362a894092a556e3b52,-48.167
bf562ad191424bd7b701bb1dfddf068f,LIDAR_RIGHT,41545c464ac84f2f8cd8c66f2b81a0ce,aefabf5dd96744beb296b9881d60ff8b,e63f472437d54617a9f50673d2c55384,5c7214a6bb844362a894092a556e3b52,14.371
bf562ad191424bd7b701bb1dfddf068f,LIDAR_TOP_FRONT,4a605b4419754d058f84200ae1c0d78e,f994daad50a14ac49f1468d66eb8db62,5c7214a6bb844362a894092a556e3b52,5c7214a6bb844362a894092a556e3b52,2.134
bf562ad191424bd7b701bb1dfddf068f,LIDAR_TOP_LEFT,43ed83f8523d416192ea84cf83606a51,373fca46a765439794d1ecbb5839a161,b5ee551a19974fcf9b8f15b488179ffc,5c7214a6bb844362a894092a556e3b52,-22.522
bf562ad191424bd7b701bb1dfddf068f,LIDAR_TOP_RIGHT,cbc0582c2f5f460baa1bf394502f9b02,f8849496a35c4af599b8e598afda166d,07c1b596be0048d3a30900dab55b8ad6,5c7214a6bb844362a894092a556e3b52,27.624
bf562ad191424bd7b701bb1dfddf068f,RADAR_LEFT_BACK,1b320b9efcc8494f86b2140dea7cf5fc,326989c743c948bf86229f525d0deb2d,5c7214a6bb844362a894092a556e3b52,5c7214a6bb844362a894092a556e3b52,5.583
bf562ad191424bd7b701bb1dfddf068f,RADAR_LEFT_FRONT,cbd00e51d1404ab8b858acf8724c7e9b,5e6c5afaa842478db6066e9de8dec1ef,5c7214a6bb844362a894092a556e3b52,5c7214a6bb844362a894092a556e3b52,4.953
bf562ad191424bd7b701bb1dfddf068f,RADAR_LEFT_SIDE,de7eede3a6554dbb9ea0a2a2dd116464,cbecfab3ced24bbeab0a1b1bdd4375a8,5c7214a6bb844362a894092a556e3b52,5c7214a6bb844362a894092a556e3b52,4.959
bf562ad191424bd7b701bb1dfddf068f,RADAR_RIGHT_BACK,b7899d22b26f41ec9f1239966986825a,f2c73d43e0994ee8a16f930860856c0e,5c7214a6bb844362a894092a556e3b52,5c7214a6bb844362a894092a556e3b52,7.126
bf562ad191424bd7b701bb1dfddf068f,RADAR_RIGHT_FRONT,aa02d8d179ec43089ea038af816f7d38,3126c35b164c459d85e0a0555ccba628,5c7214a6bb844362a894092a556e3b52,5c7214a6bb844362a894092a556e3b52,7.175
bf562ad191424bd7b701bb1dfddf068f,RADAR_RIGHT_SIDE,0d698fcd8e794f9eb705e3d444d80bb6,8bef64c60da74778a5b9ef975c97edb7,5c7214a6bb844362a894092a556e3b52,5c7214a6bb844362a894092a556e3b52,5.622
876fc60ede7d47aa8eb3d1c396aa8ee1,LIDAR_LEFT,a512bf3d97234f41899be9244f81dd9b,2e6c7b7b7ceb4f69be01f9006cedf58f,d2dda187486c4fc5a00fcae3973344cb,70e459f37d2046fc97016b7232d41037,-10.639
876fc60ede7d47aa8eb3d1c396aa8ee1,LIDAR_REAR,80ebac3d3ba84a8b87e4b0da40bbefb5,7198b581279c431bad450deaf7669f87,68736ad88cda4823aee893a12fedaf1a,70e459f37d2046fc97016b7232d41037,-47.939
876fc60ede7d47aa8eb3d1c396aa8ee1,LIDAR_RIGHT,c3bf90c0920a4049974a5fe97076e39e,aefabf5dd96744beb296b9881d60ff8b,39b0a7fdc7ea4ddd8eeca346a31c94be,70e459f37d2046fc97016b7232d41037,14.52
876fc60ede7d47aa8eb3d1c396aa8ee1,LIDAR_TOP_FRONT,6171205b3d3145488411c7a07a883da5,f994daad50a14ac49f1468d66eb8db62,70e459f37d2046fc97016b7232d41037,70e459f37d2046fc97016b7232d41037,2.564
876fc60ede7d47aa8eb3d1c396aa8ee1,LIDAR_TOP_LEFT,66ad9da6eaa14362b6a29e4e9bb63cce,373fca46a765439794d1ecbb5839a161,2f21b86fc9f54aba96705aafd1b4f367,70e459f37d2046fc97016b7232d41037,-22.307
876fc60ede7d47aa8eb3d1c396aa8ee1,LIDAR_TOP_RIGHT,2a294df4a22c4545a7883659530c5a5b,f8849496a35c4af599b8e598afda166d,737aa82a0ccb4b3b9cd2bff04348999c,70e459f37d2046fc97016b7232d41037,27.829
876fc60ede7d47aa8eb3d1c396aa8ee1,RADAR_LEFT_BACK,3467f82798f444dbbd713289574bdead,326989c743c948bf86229f525d0deb2d,70e459f37d2046fc97016b7232d41037,70e459f37d2046fc97016b7232d41037,7.367
876fc60ede7d47aa8eb3d1c396aa8ee1,RADAR_LEFT_FRONT,9c43d25ff90e4abe8b4dcbdf5af5a5c4,5e6c5afaa842478db6066e9de8dec1ef,68736ad88cda4823aee893a12fedaf1a,70e459f37d2046fc97016b7232d41037,-45.387
876fc60ede7d47aa8eb3d1c396aa8ee1,RADAR_LEFT_SIDE,28f82cd9106c47f2941f643415a698af,cbecfab3ced24bbeab0a1b1bdd4375a8,70e459f37d2046fc97016b7232d41037,70e459f37d2046fc97016b7232d41037,6.008
876fc60ede7d47aa8eb3d1c396aa8ee1,RADAR_RIGHT_BACK,a24bc97df24143edb31fa40c6e4b4852,f2c73d43e0994ee8a16f930860856c0e,70e459f37d2046fc97016b7232d41037,70e459f37d2046fc97016b7232d41037,3.772
876fc60ede7d47aa8eb3d1c396aa8ee1,RADAR_RIGHT_FRONT,23af7f6e58594abe8b358cbe40b72aa6,3126c35b164c459d85e0a0555ccba628,70e459f37d2046fc97016b7232d41037,70e459f37d2046fc97016b7232d41037,3.822
876fc60ede7d47aa8eb3d1c396aa8ee1,RADAR_RIGHT_SIDE,7c893b06ef804a66a495099b30be16c7,8bef64c60da74778a5b9ef975c97edb7,70e459f37d2046fc97016b7232d41037,70e459f37d2046fc97016b7232d41037,7.473
b213083c83b74031b2a23040e38861aa,LIDAR_LEFT,695f95a1deb24e78990cd52b7db8b3e4,2e6c7b7b7ceb4f69be01f9006cedf58f,59f0515ffe534333b408340bc0c38477,9781845a66f1440ea0e641237e3de512,-10.642
b213083c83b74031b2a23040e38861aa,LIDAR_REAR,17e8cea9bec24c74b8aeb6a763b83a1b,7198b581279c431bad450deaf7669f87,eac5dbc75232458e99ac29ffb8f2c9a1,9781845a66f1440ea0e641237e3de512,-47.671
b213083c83b74031b2a23040e38861aa,LIDAR_RIGHT,27a9fa25a39645e493e1fd2d90bab412,aefabf5dd96744beb296b9881d60ff8b,2f1d559327774a94841877e123c5da2e,9781845a66f1440ea0e641237e3de512,14.496
b213083c83b74031b2a23040e38861aa,LIDAR_TOP_FRONT,37b08e4b39714c52870feb547a685501,f994daad50a14ac49f1468d66eb8db62,9781845a66f1440ea0e641237e3de512,9781845a66f1440ea0e641237e3de512,2.687
b213083c83b74031b2a23040e38861aa,LIDAR_TOP_LEFT,203c72a1bc714900abc124460bac75b5,373fca46a765439794d1ecbb5839a161,33f5a8459f4b4c6f8c9ea90de3d83332,9781845a66f1440ea0e641237e3de512,-22.016
b213083c83b74031b2a23040e38861aa,LIDAR_TOP_RIGHT,7916055c7d844b02a0a4226c3d215e42,f8849496a35c4af599b8e598afda166d,35d8d654a1ba4c8989b3ef9f0b94bf3b,9781845a66f1440ea0e641237e3de512,27.992
b213083c83b74031b2a23040e38861aa,RADAR_LEFT_BACK,7238a5ec3171408ea6f8a17ad821f7be,326989c743c948bf86229f525d0deb2d,9781845a66f1440ea0e641237e3de512,9781845a66f1440ea0e641237e3de512,4.705
b213083c83b74031b2a23040e38861aa,RADAR_LEFT_FRONT,322663d2bf794b53bab5b56a027821cb,5e6c5afaa842478db6066e9de8dec1ef,9781845a66f1440ea0e641237e3de512,9781845a66f1440ea0e641237e3de512,4.302
b213083c83b74031b2a23040e38861aa,RADAR_LEFT_SIDE,d2f879b8f282468889ef8cc5de736d26,cbecfab3ced24bbeab0a1b1bdd4375a8,9781845a66f1440ea0e641237e3de512,9781845a66f1440ea0e641237e3de512,4.362
b213083c83b74031b2a23040e38861aa,RADAR_RIGHT_BACK,e90ea0a4e0234cc7a0d631c51db7e409,f2c73d43e0994ee8a16f930860856c0e,eac5dbc75232458e99ac29ffb8f2c9a1,9781845a66f1440ea0e641237e3de512,-45.237
b213083c83b74031b2a23040e38861aa,RADAR_RIGHT_FRONT,f87293e6fdb14336b7112a40ce6a866e,3126c35b164c459d85e0a0555ccba628,9781845a66f1440ea0e641237e3de512,9781845a66f1440ea0e641237e3de512,6.095
b213083c83b74031b2a23040e38861aa,RADAR_RIGHT_SIDE,ef08d5137b5e4d948f9a10480e5fbd97,8bef64c60da74778a5b9ef975c97edb7,9781845a66f1440ea0e641237e3de512,9781845a66f1440ea0e641237e3de512,4.876
b7aef90fff4146c5b2fbd5938dbe2317,LIDAR_LEFT,d9970ac2fa1c4d58a788b6d05312a911,2e6c7b7b7ceb4f69be01f9006cedf58f,a58f4a9fee93470f8e0516d9bb81a82b,3db28cf477eb4ed084ec03aaa7d66e83,-10.656
b7aef90fff4146c5b2fbd5938dbe2317,LIDAR_REAR,04263d16af3d49d595e2cf8bb7bb5996,7198b581279c431bad450deaf7669f87,c35eeaadb0aa48c4bb1435431f41619a,3db28cf477eb4ed084ec03aaa7d66e83,-47.91
b7aef90fff4146c5b2fbd5938dbe2317,LIDAR_RIGHT,8956db7610e44047912f3001ef9407fe,aefabf5dd96744beb296b9881d60ff8b,728b77329dbb420eb07acaf500ff4304,3db28cf477eb4ed084ec03aaa7d66e83,14.308
b7aef90fff4146c5b2fbd5938dbe2317,LIDAR_TOP_FRONT,c54fefbafcdc45a8bfb9ef55453df3cc,f994daad50a14ac49f1468d66eb8db62,3db28cf477eb4ed084ec03aaa7d66e83,3db28cf477eb4ed084ec03aaa7d66e83,2.324
b7aef90fff4146c5b2fbd5938dbe2317,LIDAR_TOP_LEFT,70388200e7b4463d915f339c663e4173,373fca46a765439794d1ecbb5839a161,58040780935f4ce88b32bfd3d50934dd,3db28cf477eb4ed084ec03aaa7d66e83,-22.162
b7aef90fff4146c5b2fbd5938dbe2317,LIDAR_TOP_RIGHT,338c852d6fa4416492419c2aa57b15d7,f8849496a35c4af599b8e598afda166d,4844ca11dedb41eb946c39cce026e3f3,3db28cf477eb4ed084ec03aaa7d66e83,27.81
b7aef90fff4146c5b2fbd5938dbe2317,RADAR_LEFT_BACK,8f110496896e4620aae36ae13eca64ce,326989c743c948bf86229f525d0deb2d,3db28cf477eb4ed084ec03aaa7d66e83,3db28cf477eb4ed084ec03aaa7d66e83,5.8
b7aef90fff4146c5b2fbd5938dbe2317,RADAR_LEFT_FRONT,3994f00ca480463db4ea76c7b37f6bf2,5e6c5afaa842478db6066e9de8dec1ef,3db28cf477eb4ed084ec03aaa7d66e83,3db28cf477eb4ed084ec03aaa7d66e83,4.779
b7aef90fff4146c5b2fbd5938dbe2317,RADAR_LEFT_SIDE,de3b44d10c7749d49f1e1c93fa06be09,cbecfab3ced24bbeab0a1b1bdd4375a8,3db28cf477eb4ed084ec03aaa7d66e83,3db28cf477eb4ed084ec03aaa7d66e83,4.931
b7aef90fff4146c5b2fbd5938dbe2317,RADAR_RIGHT_BACK,dc973ba17a05451d8be2c8f59a866aa2,f2c73d43e0994ee8a16f930860856c0e,3db28cf477eb4ed084ec03aaa7d66e83,3db28cf477eb4ed084ec03aaa7d66e83,7.559
b7aef90fff4146c5b2fbd5938dbe2317,RADAR_RIGHT_FRONT,ab92cf772fd8409ba3c375dc5405af31,3126c35b164c459d85e0a0555ccba628,3db28cf477eb4ed084ec03aaa7d66e83,3db28cf477eb4ed084ec03aaa7d66e83,7.501
b7aef90fff4146c5b2fbd5938dbe2317,RADAR_RIGHT_SIDE,daf784d0d15a414ba2b402e3006f3f96,8bef64c60da74778a5b9ef975c97edb7,3db28cf477eb4ed084ec03aaa7d66e83,3db28cf477eb4ed084ec03aaa7d66e83,5.889
7225b605df0940e88cdc695c21771415,LIDAR_LEFT,a855687f4998413087db6bf3662e32bf,2e6c7b7b7ceb4f69be01f9006cedf58f,2ae395c9851049bda1e7535a52441611,5f28450619834370a633b54e91d138e3,-10.648
7225b605df0940e88cdc695c21771415,LIDAR_REAR,0aaf02b455f042339e0c8d01822ac3cb,7198b581279c431bad450deaf7669f87,e1f5ec1d9ab24d929b375b8a2105fce6,5f28450619834370a633b54e91d138e3,-48.469
7225b605df0940e88cdc695c21771415,LIDAR_RIGHT,94439d5d09d245989cc9c3ec6bd24bd2,aefabf5dd96744beb296b9881d60ff8b,5a0a83622ca146ce8c24225c6d056d32,5f28450619834370a633b54e91d138e3,14.266
7225b605df0940e88cdc695c21771415,LIDAR_TOP_FRONT,d61b003769434de79b27f6ca315bea11,f994daad50a14ac49f1468d66eb8db62,5f28450619834370a633b54e91d138e3,5f28450619834370a633b54e91d138e3,2.319
7225b605df0940e88cdc695c21771415,LIDAR_TOP_LEFT,3cbc79f427544493a22dbed4740c0c2b,373fca46a765439794d1ecbb5839a161,aa576f0ddfb14da1aadfd181bfad7e4e,5f28450619834370a633b54e91d138e3,-22.496
7225b605df0940e88cdc695c21771415,LIDAR_TOP_RIGHT,5d1d56b89b604707989b3ecbce8e9485,f8849496a35c4af599b8e598afda166d,0287cbfdefd942be872ad48d5719417e,5f28450619834370a633b54e91d138e3,27.367
7225b605df0940e88cdc695c21771415,RADAR_LEFT_BACK,3dc2a573000e429e9f83b3231437ca55,326989c743c948bf86229f525d0deb2d,5f28450619834370a633b54e91d138e3,5f28450619834370a633b54e91d138e3,6.742
7225b605df0940e88cdc695c21771415,RADAR_LEFT_FRONT,b0b1e73dd5c849d298df401edbb2bb47,5e6c5afaa842478db6066e9de8dec1ef,e1f5ec1d9ab24d929b375b8a2105fce6,5f28450619834370a633b54e91d138e3,-44.662
7225b605df0940e88cdc695c21771415,RADAR_LEFT_SIDE,3030951f330a4598968d5c8285277b73,cbecfab3ced24bbeab0a1b1bdd4375a8,5f28450619834370a633b54e91d138e3,5f28450619834370a633b54e91d138e3,6.992
7225b605df0940e88cdc695c21771415,RADAR_RIGHT_BACK,2f8dad9c976b408c90a72e58dde8389c,f2c73d43e0994ee8a16f930860856c0e,5f28450619834370a633b54e91d138e3,5f28450619834370a633b54e91d138e3,4.074
7225b605df0940e88cdc695c21771415,RADAR_RIGHT_FRONT,c230a4904b7040a0bc359cb1ddc08889,3126c35b164c459d85e0a0555ccba628,5f28450619834370a633b54e91d138e3,5f28450619834370a633b54e91d138e3,4.142
7225b605df0940e88cdc695c21771415,RADAR_RIGHT_SIDE,5d2f7ba5bcbc430dba4c7d9cae21acfb,8bef64c60da74778a5b9ef975c97edb7,5f28450619834370a633b54e91d138e3,5f28450619834370a633b54e91d138e3,6.823
f78fc07d7ea847ceb289a9a695a9a01b,LIDAR_LEFT,87f833f1ccf74272adaa64af1dbf8731,2e6c7b7b7ceb4f69be01f9006cedf58f,4abc67b7e51f4e868da9fe9c9e4f8fe3,6eb4436e03044e9baa7cd4330d447e2c,-10.632
f78fc07d7ea847ceb289a9a695a9a01b,LIDAR_REAR,fb141a56c2fd4d998df3e62b007bca2d,7198b581279c431bad450deaf7669f87,c398acfbbfa449a2aa9c748f161cfc43,6eb4436e03044e9baa7cd4330d447e2c,-48.052
f78fc07d7ea847ceb289a9a695a9a01b,LIDAR_RIGHT,4fce8d5f7ac74bb583c2a080e0ea9ad7,aefabf5dd96744beb296b9881d60ff8b,470df2e1b62e4caa8aa5a74d10117df3,6eb4436e03044e9baa7cd4330d447e2c,14.218
f78fc07d7ea847ceb289a9a695a9a01b,LIDAR_TOP_FRONT,99fc3f7baa5e4b0e88cc88d735fe6c90,f994daad50a14ac49f1468d66eb8db62,6eb4436e03044e9baa7cd4330d447e2c,6eb4436e03044e9baa7cd4330d447e2c,2.705
f78fc07d7ea847ceb289a9a695a9a01b,LIDAR_TOP_LEFT,c58a334255d149728aa20f9c32cdea77,373fca46a765439794d1ecbb5839a161,c14c75fe9fa84aabaa45c1a8d4192356,6eb4436e03044e9baa7cd4330d447e2c,-21.992
f78fc07d7ea847ceb289a9a695a9a01b,LIDAR_TOP_RIGHT,fdbb38ab19b645229267e4a6ecdb600d,f8849496a35c4af599b8e598afda166d,16e774a0657a498fb037f85228648ed0,6eb4436e03044e9baa7cd4330d447e2c,27.801
f78fc07d7ea847ceb289a9a695a9a01b,RADAR_LEFT_BACK,338a6846aca548c890f14b5748004b13,326989c743c948bf86229f525d0deb2d,6eb4436e03044e9baa7cd4330d447e2c,6eb4436e03044e9baa7cd4330d447e2c,3.545
f78fc07d7ea847ceb289a9a695a9a01b,RADAR_LEFT_FRONT,fc63891bc6624b5f9ff78903f5b4a63c,5e6c5afaa842478db6066e9de8dec1ef,6eb4436e03044e9baa7cd4330d447e2c,6eb4436e03044e9baa7cd4330d447e2c,3.755
f78fc07d7ea847ceb289a9a695a9a01b,RADAR_LEFT_SIDE,40849a56162c43f7865c5953e3416fd3,cbecfab3ced24bbeab0a1b1bdd4375a8,6eb4436e03044e9baa7cd4330d447e2c,6eb4436e03044e9baa7cd4330d447e2c,3.806
f78fc07d7ea847ceb289a9a695a9a01b,RADAR_RIGHT_BACK,5e96091e33c7489a8399e756d5edda47,f2c73d43e0994ee8a16f930860856c0e,6eb4436e03044e9baa7cd4330d447e2c,6eb4436e03044e9baa7cd4330d447e2c,5.788
f78fc07d7ea847ceb289a9a695a9a01b,RADAR_RIGHT_FRONT,821d514c1596422cbd8d9c1f914a77a9,3126c35b164c459d85e0a0555ccba628,6eb4436e03044e9baa7cd4330d447e2c,6eb4436e03044e9baa7cd4330d447e2c,5.784
f78fc07d7ea847ceb289a9a695a9a01b,RADAR_RIGHT_SIDE,25bf1f4bfc23456da637c70834d4394b,8bef64c60da74778a5b9ef975c97edb7,6eb4436e03044e9baa7cd4330d447e2c,6eb4436e03044e9baa7cd4330d447e2c,3.754
f82496cfbd55402eb388ca3b2de1ff00,LIDAR_LEFT,5514fe32e04346bca7a6307dae4dc5e1,2e6c7b7b7ceb4f69be01f9006cedf58f,fe36a9a510964f5ab4bbdbfefff63f83,3e3be4d736fa4b1998bef252e15e29ac,-10.655
f82496cfbd55402eb388ca3b2de1ff00,LIDAR_REAR,1d7231c13ab04d15a22a91e393076fcf,7198b581279c431bad450deaf7669f87,9941b61818d14ecf8650e19b1a1c77ed,3e3be4d736fa4b1998bef252e15e29ac,-47.824
f82496cfbd55402eb388ca3b2de1ff00,LIDAR_RIGHT,fb78fa6fc0784113a92ac4c90c57cc07,aefabf5dd96744beb296b9881d60ff8b,7bea31f3e8f349619dd48f4115f307cc,3e3be4d736fa4b1998bef252e15e29ac,14.817
f82496cfbd55402eb388ca3b2de1ff00,LIDAR_TOP_FRONT,2027b9f44fec4880b37f712f3e3f8fe8,f994daad50a14ac49f1468d66eb8db62,3e3be4d736fa4b1998bef252e15e29ac,3e3be4d736fa4b1998bef252e15e29ac,3.07
f82496cfbd55402eb388ca3b2de1ff00,LIDAR_TOP_LEFT,d3487baaa21248d79591be3a1ee9b038,373fca46a765439794d1ecbb5839a161,35086094a6c64465bbd7cfeff7f0412e,3e3be4d736fa4b1998bef252e15e29ac,-21.79
f82496cfbd55402eb388ca3b2de1ff00,LIDAR_TOP_RIGHT,7c776cc50caa4261ab655046040a0769,f8849496a35c4af599b8e598afda166d,27b2206b167d48bd8b8e18b771fc7ecf,3e3be4d736fa4b1998bef252e15e29ac,28.163
f82496cfbd55402eb388ca3b2de1ff00,RADAR_LEFT_BACK,4abb06ad13834197b3793ed1c26f79a4,326989c743c948bf86229f525d0deb2d,3e3be4d736fa4b1998bef252e15e29ac,3e3be4d736fa4b1998bef252e15e29ac,5.842
f82496cfbd55402eb388ca3b2de1ff00,RADAR_LEFT_FRONT,e2e4f1d5146a45dfad3144c9ce235f98,5e6c5afaa842478db6066e9de8dec1ef,3e3be4d736fa4b1998bef252e15e29ac,3e3be4d736fa4b1998bef252e15e29ac,6.075
f82496cfbd55402eb388ca3b2de1ff00,RADAR_LEFT_SIDE,4b27ca49f3b94436b392d71ffc5cf29b,cbecfab3ced24bbeab0a1b1bdd4375a8,3e3be4d736fa4b1998bef252e15e29ac,3e3be4d736fa4b1998bef252e15e29ac,6.117
f82496cfbd55402eb388ca3b2de1ff00,RADAR_RIGHT_BACK,7464c7e649f74b1296ae7e25e9b23c9c,f2c73d43e0994ee8a16f930860856c0e,3e3be4d736fa4b1998bef252e15e29ac,3e3be4d736fa4b1998bef252e15e29ac,7.321
f82496cfbd55402eb388ca3b2de1ff00,RADAR_RIGHT_FRONT,4c94aa48224149949f206772635abee9,3126c35b164c459d85e0a0555ccba628,3e3be4d736fa4b1998bef252e15e29ac,3e3be4d736fa4b1998bef252e15e29ac,7.355
f82496cfbd55402eb388ca3b2de1ff00,RADAR_RIGHT_SIDE,462d83ba9361410484e34f0308be9f85,8bef64c60da74778a5b9ef975c97edb7,3e3be4d736fa4b1998bef252e15e29ac,3e3be4d736fa4b1998bef252e15e29ac,5.904
2e2ac9d98ef0429b8be1a17bb9ef0074,LIDAR_LEFT,3f7e53b67b29429c8aadd7d125792bb3,2e6c7b7b7ceb4f69be01f9006cedf58f,3875f4d65e6742cb94aa87afe1621f16,06db1b96acb4443a933bd3061e44b920,-10.657
2e2ac9d98ef0429b8be1a17bb9ef0074,LIDAR_REAR,111b0bc3451343f292dc4fcbc2d61afe,7198b581279c431bad450deaf7669f87,e23feafaf779440eab5a643b68951afe,06db1b96acb4443a933bd3061e44b920,-48.248
2e2ac9d98ef0429b8be1a17bb9ef0074,LIDAR_RIGHT,1fb698bf1e59444aa833f55b58b2f4ee,aefabf5dd96744beb296b9881d60ff8b,00f7869b4df342a3aadaaf7b56fab9ac,06db1b96acb4443a933bd3061e44b920,14.322
2e2ac9d98ef0429b8be1a17bb9ef0074,LIDAR_TOP_FRONT,10c9fb06281049a781f8819be2b5faac,f994daad50a14ac49f1468d66eb8db62,06db1b96acb4443a933bd3061e44b920,06db1b96acb4443a933bd3061e44b920,2.416
2e2ac9d98ef0429b8be1a17bb9ef0074,LIDAR_TOP_LEFT,ba54b325a0244fbab1342679a84f2c74,373fca46a765439794d1ecbb5839a161,22d70ee5868447d4af5578e81384e279,06db1b96acb4443a933bd3061e44b920,-22.052
2e2ac9d98ef0429b8be1a17bb9ef0074,LIDAR_TOP_RIGHT,32080c226abe4c539ad710cf46f7c40d,f8849496a35c4af599b8e598afda166d,8b6fe34e907c4a17a056ff37c88a1ec6,06db1b96acb4443a933bd3061e44b920,27.853
2e2ac9d98ef0429b8be1a17bb9ef0074,RADAR_LEFT_BACK,37a0d1bb065d4a4298dd4aa1b01303f5,326989c743c948bf86229f525d0deb2d,06db1b96acb4443a933bd3061e44b920,06db1b96acb4443a933bd3061e44b920,6.862
2e2ac9d98ef0429b8be1a17bb9ef0074,RADAR_LEFT_FRONT,3429a42997ad40648bbc44f0abee11f2,5e6c5afaa842478db6066e9de8dec1ef,e23feafaf779440eab5a643b68951afe,06db1b96acb4443a933bd3061e44b920,-44.586
2e2ac9d98ef0429b8be1a17bb9ef0074,RADAR_LEFT_SIDE,b64a6f34062c4a48bbd2e788824018ae,cbecfab3ced24bbeab0a1b1bdd4375a8,e23feafaf779440eab5a643b68951afe,06db1b96acb4443a933bd3061e44b920,-44.362
2e2ac9d98ef0429b8be1a17bb9ef0074,RADAR_RIGHT_BACK,bd292ecde15a4f488f65c6bb5ebe7bce,f2c73d43e0994ee8a16f930860856c0e,06db1b96acb4443a933bd3061e44b920,06db1b96acb4443a933bd3061e44b920,3.426
2e2ac9d98ef0429b8be1a17bb9ef0074,RADAR_RIGHT_FRONT,768fa44fbc7a466582ff079b8016bbf4,3126c35b164c459d85e0a0555ccba628,06db1b96acb4443a933bd3061e44b920,06db1b96acb4443a933bd3061e44b920,3.427
2e2ac9d98ef0429b8be1a17bb9ef0074,RADAR_RIGHT_SIDE,dc057eef7e1c47bdb0f7d13424cbb8b4,8bef64c60da74778a5b9ef975c97edb7,06db1b96acb4443a933bd3061e44b920,06db1b96acb4443a933bd3061e44b920,7.0
43f5fe636d6e459a8c858e6f82ba835c,LIDAR_LEFT,c1d1c8eb62dd4ca389bc8109eeadaeb8,2e6c7b7b7ceb4f69be01f9006cedf58f,21f62683f4684a2abc76e2106836d2fc,841ee83c9d604d23a24248315c862481,-10.641
43f5fe636d6e459a8c858e6f82ba835c,LIDAR_REAR,0676195927de44a685a2f688dfdb9688,7198b581279c431bad450deaf7669f87,85fb6643132b4158ac07ce8a6e5daccd,841ee83c9d604d23a24248315c862481,-48.199
43f5fe636d6e459a8c858e6f82ba835c,LIDAR_RIGHT,c072de0b2e634930a4fb40f56f85e330,aefabf5dd96744beb296b9881d60ff8b,9acd238d64c04549a894df2d7c82b013,841ee83c9d604d23a24248315c862481,13.989
43f5fe636d6e459a8c858e6f82ba835c,LIDAR_TOP_FRONT,3fcaadf411254e8b928ec1fcb2f6170e,f994daad50a14ac49f1468d66eb8db62,841ee83c9d604d23a24248315c862481,841ee83c9d604d23a24248315c862481,2.615
43f5fe636d6e459a8c858e6f82ba835c,LIDAR_TOP_LEFT,15cb1481a6f04b95b9460f23f449e9b0,373fca46a765439794d1ecbb5839a161,e19adaaa06154d46b9a820b7c2826235,841ee83c9d604d23a24248315c862481,-22.086
43f5fe636d6e459a8c858e6f82ba835c,LIDAR_TOP_RIGHT,fed373a7d61144dcbbb408fb6ac42dd2,f8849496a35c4af599b8e598afda166d,d73a469c823f45e9be0ee1188497bd89,841ee83c9d604d23a24248315c862481,27.969
43f5fe636d6e459a8c858e6f82ba835c,RADAR_LEFT_BACK,82f6baf9abc14498aaa40c66deeabce9,326989c743c948bf86229f525d0deb2d,841ee83c9d604d23a24248315c862481,841ee83c9d604d23a24248315c862481,3.679
43f5fe636d6e459a8c858e6f82ba835c,RADAR_LEFT_FRONT,1be0bd8ec7ef4645bb9b17f6270eac16,5e6c5afaa842478db6066e9de8dec1ef,841ee83c9d604d23a24248315c862481,841ee83c9d604d23a24248315c862481,4.034
43f5fe636d6e459a8c858e6f82ba835c,RADAR_LEFT_SIDE,c5148df0463a4bf0a47b3aa066fadc93,cbecfab3ced24bbeab0a1b1bdd4375a8,841ee83c9d604d23a24248315c862481,841ee83c9d604d23a24248315c862481,4.228
43f5fe636d6e459a8c858e6f82ba835c,RADAR_RIGHT_BACK,5cdac2a3be2940a29546f9186ec60314,f2c73d43e0994ee8a16f930860856c0e,841ee83c9d604d23a24248315c862481,841ee83c9d604d23a24248315c862481,5.238
43f5fe636d6e459a8c858e6f82ba835c,RADAR_RIGHT_FRONT,11105ffeb447463eac912771d326543f,3126c35b164c459d85e0a0555ccba628,841ee83c9d604d23a24248315c862481,841ee83c9d604d23a24248315c862481,5.377
43f5fe636d6e459a8c858e6f82ba835c,RADAR_RIGHT_SIDE,58d556aa336e4c4b9926f3c76e87bcba,8bef64c60da74778a5b9ef975c97edb7,841ee83c9d604d23a24248315c862481,841ee83c9d604d23a24248315c862481,3.792
7ebdaf01abe2419bbc2f437149052f7e,LIDAR_LEFT,ebf34287a2824e0f9d58e67f3ffea11a,2e6c7b7b7ceb4f69be01f9006cedf58f,e80f9fd511204a55a52ba44099ee9a65,ab053eadb7aa45299d9a07b0b61f9bfe,-10.645
7ebdaf01abe2419bbc2f437149052f7e,LIDAR_REAR,b3eb4735c0994b0794f3bde8f96fe101,7198b581279c431bad450deaf7669f87,df3d82d9926b4af5b50d9015ecf6fa10,ab053eadb7aa45299d9a07b0b61f9bfe,-48.089
7ebdaf01abe2419bbc2f437149052f7e,LIDAR_RIGHT,0218e7a057434a288ec4b608aa23907e,aefabf5dd96744beb296b9881d60ff8b,1a19043809f34a3bae60394b7ea512f7,ab053eadb7aa45299d9a07b0b61f9bfe,14.64
7ebdaf01abe2419bbc2f437149052f7e,LIDAR_TOP_FRONT,1da165883edb4ac5be8ebdfb5095f95e,f994daad50a14ac49f1468d66eb8db62,ab053eadb7aa45299d9a07b0b61f9bfe,ab053eadb7aa45299d9a07b0b61f9bfe,2.842
7ebdaf01abe2419bbc2f437149052f7e,LIDAR_TOP_LEFT,1712c9ff10ab46ddabf331690c8adcea,373fca46a765439794d1ecbb5839a161,3bad85b1a7d14a19b1d3d7a7f91baf49,ab053eadb7aa45299d9a07b0b61f9bfe,-21.869
7ebdaf01abe2419bbc2f437149052f7e,LIDAR_TOP_RIGHT,6f6576db0bef474d891b7b8b6b70f8d5,f8849496a35c4af599b8e598afda166d,5cda597aadd1423fb37f52dcb17f5da0,ab053eadb7aa45299d9a07b0b61f9bfe,28.111
7ebdaf01abe2419bbc2f437149052f7e,RADAR_LEFT_BACK,89df2af466994e84880a8b27052b134d,326989c743c948bf86229f525d0deb2d,ab053eadb7aa45299d9a07b0b61f9bfe,ab053eadb7aa45299d9a07b0b61f9bfe,5.184
7ebdaf01abe2419bbc2f437149052f7e,RADAR_LEFT_FRONT,0bb22e38872546508e7ccb8514e75f07,5e6c5afaa842478db6066e9de8dec1ef,ab053eadb7aa45299d9a07b0b61f9bfe,ab053eadb7aa45299d9a07b0b61f9bfe,5.504
7ebdaf01abe2419bbc2f437149052f7e,RADAR_LEFT_SIDE,44df341375174b1e9f1364a8d3fc29ac,cbecfab3ced24bbeab0a1b1bdd4375a8,ab053eadb7aa45299d9a07b0b61f9bfe,ab053eadb7aa45299d9a07b0b61f9bfe,5.619
7ebdaf01abe2419bbc2f437149052f7e,RADAR_RIGHT_BACK,5e3068f4968b4af196629573ebc22984,f2c73d43e0994ee8a16f930860856c0e,ab053eadb7aa45299d9a07b0b61f9bfe,ab053eadb7aa45299d9a07b0b61f9bfe,7.001
7ebdaf01abe2419bbc2f437149052f7e,RADAR_RIGHT_FRONT,18e3792c39914b52bc232643a9e82dda,3126c35b164c459d85e0a0555ccba628,ab053eadb7aa45299d9a07b0b61f9bfe,ab053eadb7aa45299d9a07b0b61f9bfe,7.058
7ebdaf01abe2419bbc2f437149052f7e,RADAR_RIGHT_SIDE,8572be0b63844bd5b695a5deb6cd26bf,8bef64c60da74778a5b9ef975c97edb7,ab053eadb7aa45299d9a07b0b61f9bfe,ab053eadb7aa45299d9a07b0b61f9bfe,5.26
f31befb82f864a368e6164a75a1733f9,LIDAR_LEFT,4c955c66f8464002815d9be9f5cbad07,2e6c7b7b7ceb4f69be01f9006cedf58f,064ff4ff326c461d9241c466640ed05d,d1b9e0e278114a9d998a84019ddf9a0a,-10.636
f31befb82f864a368e6164a75a1733f9,LIDAR_REAR,cd928155048c4064a086b84fdf2e566b,7198b581279c431bad450deaf7669f87,96a3d4765afc496fa8eaf95186566f13,d1b9e0e278114a9d998a84019ddf9a0a,-47.781
f31befb82f864a368e6164a75a1733f9,LIDAR_RIGHT,895c2f88fbb84c5fb83db470362d9bb4,aefabf5dd96744beb296b9881d60ff8b,ed632d2618724e12bddd5de94083e1bd,d1b9e0e278114a9d998a84019ddf9a0a,14.898
f31befb82f864a368e6164a75a1733f9,LIDAR_TOP_FRONT,ba58b47e9e0441c496e533833bf7475e,f994daad50a14ac49f1468d66eb8db62,d1b9e0e278114a9d998a84019ddf9a0a,d1b9e0e278114a9d998a84019ddf9a0a,2.963
f31befb82f864a368e6164a75a1733f9,LIDAR_TOP_LEFT,5b794fe427ab402c8b881554a806bee8,373fca46a765439794d1ecbb5839a161,b99c45fbec114f489f8803efc8e894c6,d1b9e0e278114a9d998a84019ddf9a0a,-21.506
f31befb82f864a368e6164a75a1733f9,LIDAR_TOP_RIGHT,f6288f6a4a8f4eb9bfd8db2513478a43,f8849496a35c4af599b8e598afda166d,1d10efe9d27b41549dda6c5b05833326,d1b9e0e278114a9d998a84019ddf9a0a,28.255
f31befb82f864a368e6164a75a1733f9,RADAR_LEFT_BACK,166042d56b284f6a98a6df0a084ddd79,326989c743c948bf86229f525d0deb2d,d1b9e0e278114a9d998a84019ddf9a0a,d1b9e0e278114a9d998a84019ddf9a0a,7.09
f31befb82f864a368e6164a75a1733f9,RADAR_LEFT_FRONT,60f39ddd7f8b4e0a920c65de671bc143,5e6c5afaa842478db6066e9de8dec1ef,96a3d4765afc496fa8eaf95186566f13,d1b9e0e278114a9d998a84019ddf9a0a,-44.137
f31befb82f864a368e6164a75a1733f9,RADAR_LEFT_SIDE,0bb8e787d28b44bebc8759d51daa836c,cbecfab3ced24bbeab0a1b1bdd4375a8,d1b9e0e278114a9d998a84019ddf9a0a,d1b9e0e278114a9d998a84019ddf9a0a,7.42
f31befb82f864a368e6164a75a1733f9,RADAR_RIGHT_BACK,bf87219d95414977832aacdb9cb7bf92,f2c73d43e0994ee8a16f930860856c0e,d1b9e0e278114a9d998a84019ddf9a0a,d1b9e0e278114a9d998a84019ddf9a0a,4.437
f31befb82f864a368e6164a75a1733f9,RADAR_RIGHT_FRONT,3924bf32721541f4adcb8e04228c0303,3126c35b164c459d85e0a0555ccba628,d1b9e0e278114a9d998a84019ddf9a0a,d1b9e0e278114a9d998a84019ddf9a0a,4.251
f31befb82f864a368e6164a75a1733f9,RADAR_RIGHT_SIDE,eb87521009f741afaa933168d34bef41,8bef64c60da74778a5b9ef975c97edb7,d1b9e0e278114a9d998a84019ddf9a0a,d1b9e0e278114a9d998a84019ddf9a0a,7.182
f2aa8afaba7249398e32f59a538ec5bf,LIDAR_LEFT,e0375529939a47cdaf81970321222ad7,2e6c7b7b7ceb4f69be01f9006cedf58f,66401af64a3047efa7b50fd24907d781,47623eafed314fcf9afb47e5ab96e867,-10.638
f2aa8afaba7249398e32f59a538ec5bf,LIDAR_REAR,5a47afbb4c5242d390483b276ac1a9a3,7198b581279c431bad450deaf7669f87,f58bf2fa0b634dbf92638a5f61b00a50,47623eafed314fcf9afb47e5ab96e867,-47.378
f2aa8afaba7249398e32f59a538ec5bf,LIDAR_RIGHT,7de04b4c27234949924806b5d2a90276,aefabf5dd96744beb296b9881d60ff8b,9213ab4975f04f3bbcfd12993c1765fa,47623eafed314fcf9afb47e5ab96e867,15.012
f2aa8afaba7249398e32f59a538ec5bf,LIDAR_TOP_FRONT,d89cd85e58ed43089127daf2f2036877,f994daad50a14ac49f1468d66eb8db62,47623eafed314fcf9afb47e5ab96e867,47623eafed314fcf9afb47e5ab96e867,3.435
f2aa8afaba7249398e32f59a538ec5bf,LIDAR_TOP_LEFT,8306dace436046998ff651ba3fcb5824,373fca46a765439794d1ecbb5839a161,6bf1adb4f7204bf58296d2b003ecc469,47623eafed314fcf9afb47e5ab96e867,-20.946
f2aa8afaba7249398e32f59a538ec5bf,LIDAR_TOP_RIGHT,5a56c70826c34fbebd1461f329c8f841,f8849496a35c4af599b8e598afda166d,78b2601f83cc4d9f8e56ca6e3ce0d885,47623eafed314fcf9afb47e5ab96e867,28.679
f2aa8afaba7249398e32f59a538ec5bf,RADAR_LEFT_BACK,0ba341dbce044dd2b64f28610986d46a,326989c743c948bf86229f525d0deb2d,47623eafed314fcf9afb47e5ab96e867,47623eafed314fcf9afb47e5ab96e867,4.977
f2aa8afaba7249398e32f59a538ec5bf,RADAR_LEFT_FRONT,e2ea2b24232046748bc8b5667221434e,5e6c5afaa842478db6066e9de8dec1ef,47623eafed314fcf9afb47e5ab96e867,47623eafed314fcf9afb47e5ab96e867,4.177
f2aa8afaba7249398e32f59a538ec5bf,RADAR_LEFT_SIDE,9cea3e63dd9a4edd8de45ee832118e9a,cbecfab3ced24bbeab0a1b1bdd4375a8,47623eafed314fcf9afb47e5ab96e867,47623eafed314fcf9afb47e5ab96e867,4.304
f2aa8afaba7249398e32f59a538ec5bf,RADAR_RIGHT_BACK,e885793f49f240fbb948a2b0d19bf80d,f2c73d43e0994ee8a16f930860856c0e,47623eafed314fcf9afb47e5ab96e867,47623eafed314fcf9afb47e5ab96e867,6.001
f2aa8afaba7249398e32f59a538ec5bf,RADAR_RIGHT_FRONT,79131f60dc4e4ab88222157a23aa3d11,3126c35b164c459d85e0a0555ccba628,47623eafed314fcf9afb47e5ab96e867,47623eafed314fcf9afb47e5ab96e867,5.976
f2aa8afaba7249398e32f59a538ec5bf,RADAR_RIGHT_SIDE,2204e29304324b2f881cb5f106ceb4f6,8bef64c60da74778a5b9ef975c97edb7,47623eafed314fcf9afb47e5ab96e867,47623eafed314fcf9afb47e5ab96e867,4.959
80ad351eb99e4b28bfbec1105b6ac8eb,LIDAR_LEFT,69c572fc797c44d394d0c8fe329020c8,2e6c7b7b7ceb4f69be01f9006cedf58f,118a00c164c246099050d48f0ac3b226,ed58f26a89ab4a2099a63f9991d1aacb,-10.656
80ad351eb99e4b28bfbec1105b6ac8eb,LIDAR_REAR,bcefe4b3a0f14ade8cd84d397dcd8a2e,7198b581279c431bad450deaf7669f87,e12288da6c15469b9934b3e1ab4a26ec,ed58f26a89ab4a2099a63f9991d1aacb,-47.573
80ad351eb99e4b28bfbec1105b6ac8eb,LIDAR_RIGHT,fc0be24d9550494eacf769966db1be52,aefabf5dd96744beb296b9881d60ff8b,8c3c280a81344bc7ab5089c124163316,ed58f26a89ab4a2099a63f9991d1aacb,14.633
80ad351eb99e4b28bfbec1105b6ac8eb,LIDAR_TOP_FRONT,5b37cf65c3b244dabcaaaf3047ff3346,f994daad50a14ac49f1468d66eb8db62,ed58f26a89ab4a2099a63f9991d1aacb,ed58f26a89ab4a2099a63f9991d1aacb,3.618
80ad351eb99e4b28bfbec1105b6ac8eb,LIDAR_TOP_LEFT,5ea941a53f0d488b9e1ffefccc05ef1b,373fca46a765439794d1ecbb5839a161,fea2ac0762544962ba7ed642f7229f14,ed58f26a89ab4a2099a63f9991d1aacb,-21.702
80ad351eb99e4b28bfbec1105b6ac8eb,LIDAR_TOP_RIGHT,ef7faca109e44ae3936ce3cd7359e13c,f8849496a35c4af599b8e598afda166d,50519be7ad004e5cb0330b56d6c62df8,ed58f26a89ab4a2099a63f9991d1aacb,28.746
80ad351eb99e4b28bfbec1105b6ac8eb,RADAR_LEFT_BACK,8f0a806870904e56a3b538a9c067f413,326989c743c948bf86229f525d0deb2d,ed58f26a89ab4a2099a63f9991d1aacb,ed58f26a89ab4a2099a63f9991d1aacb,6.484
80ad351eb99e4b28bfbec1105b6ac8eb,RADAR_LEFT_FRONT,21395ca433e2425786350d6c186d60a5,5e6c5afaa842478db6066e9de8dec1ef,ed58f26a89ab4a2099a63f9991d1aacb,ed58f26a89ab4a2099a63f9991d1aacb,4.675
80ad351eb99e4b28bfbec1105b6ac8eb,RADAR_LEFT_SIDE,9562c896150144e09e108ce4cba9e0e3,cbecfab3ced24bbeab0a1b1bdd4375a8,ed58f26a89ab4a2099a63f9991d1aacb,ed58f26a89ab4a2099a63f9991d1aacb,8.174
80ad351eb99e4b28bfbec1105b6ac8eb,RADAR_RIGHT_BACK,b3114604928642508660e925360b0c6c,f2c73d43e0994ee8a16f930860856c0e,ed58f26a89ab4a2099a63f9991d1aacb,ed58f26a89ab4a2099a63f9991d1aacb,6.619
80ad351eb99e4b28bfbec1105b6ac8eb,RADAR_RIGHT_FRONT,a3826eeae326433ab2916ddc37e1361f,3126c35b164c459d85e0a0555ccba628,ed58f26a89ab4a2099a63f9991d1aacb,ed58f26a89ab4a2099a63f9991d1aacb,6.536
80ad351eb99e4b28bfbec1105b6ac8eb,RADAR_RIGHT_SIDE,edd05bfd235a406b93fca08c6ec6aee5,8bef64c60da74778a5b9ef975c97edb7,ed58f26a89ab4a2099a63f9991d1aacb,ed58f26a89ab4a2099a63f9991d1aacb,6.504
85c5ca01cfb34d3e92d1c0c265235d04,LIDAR_LEFT,a92195841f9e44408f5f45ae35dde96b,2e6c7b7b7ceb4f69be01f9006cedf58f,6cd28cff45b34b45b7a98297e4dda790,707556baddb649cb83d18972465f9814,-10.659
85c5ca01cfb34d3e92d1c0c265235d04,LIDAR_REAR,f7f0ef52a51d4d26832bb648582649f1,7198b581279c431bad450deaf7669f87,d29a1e717d4a4cbb8a3c6c154bfac260,707556baddb649cb83d18972465f9814,-48.277
85c5ca01cfb34d3e92d1c0c265235d04,LIDAR_RIGHT,d0b81a0d193447b38b3935964af6cf78,aefabf5dd96744beb296b9881d60ff8b,94e473022a564428910e0b011e782730,707556baddb649cb83d18972465f9814,14.47
85c5ca01cfb34d3e92d1c0c265235d04,LIDAR_TOP_FRONT,a6e558bda4484b399d61fa2cbb19ce03,f994daad50a14ac49f1468d66eb8db62,707556baddb649cb83d18972465f9814,707556baddb649cb83d18972465f9814,2.879
85c5ca01cfb34d3e92d1c0c265235d04,LIDAR_TOP_LEFT,45fd70e762294d4ca3be5159b8be7ea5,373fca46a765439794d1ecbb5839a161,6af3b4e0dab8437c8d194db53357f3c8,707556baddb649cb83d18972465f9814,-22.229
85c5ca01cfb34d3e92d1c0c265235d04,LIDAR_TOP_RIGHT,a94097a524e64ff69401de8bc3f342d2,f8849496a35c4af599b8e598afda166d,a050ed89bec0493aae51580c34b0f4f2,707556baddb649cb83d18972465f9814,28.069
85c5ca01cfb34d3e92d1c0c265235d04,RADAR_LEFT_BACK,fa1da948450b4597adb16b475dcf7029,326989c743c948bf86229f525d0deb2d,707556baddb649cb83d18972465f9814,707556baddb649cb83d18972465f9814,7.214
85c5ca01cfb34d3e92d1c0c265235d04,RADAR_LEFT_FRONT,b77d5b43700440169935bbcb20607016,5e6c5afaa842478db6066e9de8dec1ef,707556baddb649cb83d18972465f9814,707556baddb649cb83d18972465f9814,5.868
85c5ca01cfb34d3e92d1c0c265235d04,RADAR_LEFT_SIDE,03e06008ee3f435da119082ae8d4b5c4,cbecfab3ced24bbeab0a1b1bdd4375a8,707556baddb649cb83d18972465f9814,707556baddb649cb83d18972465f9814,4.575
85c5ca01cfb34d3e92d1c0c265235d04,RADAR_RIGHT_BACK,ea0bd5cee64c4e849aa682dfd7cc4fcf,f2c73d43e0994ee8a16f930860856c0e,707556baddb649cb83d18972465f9814,707556baddb649cb83d18972465f9814,7.255
85c5ca01cfb34d3e92d1c0c265235d04,RADAR_RIGHT_FRONT,264c798f92964f3a951aec4c758bb9f1,3126c35b164c459d85e0a0555ccba628,707556baddb649cb83d18972465f9814,707556baddb649cb83d18972465f9814,7.245
85c5ca01cfb34d3e92d1c0c265235d04,RADAR_RIGHT_SIDE,a3c9a05db7af4871859f8775804e3266,8bef64c60da74778a5b9ef975c97edb7,707556baddb649cb83d18972465f9814,707556baddb649cb83d18972465f9814,7.224
68d8f0410d4342a1a6d2687b0deeb24c,LIDAR_LEFT,c8e089a30ed646df910b707604cc7c74,2e6c7b7b7ceb4f69be01f9006cedf58f,aa9f85fa30724a578fb901f6d78482a7,143b6d76cfa5410db9ff6d57916590a8,-10.65
68d8f0410d4342a1a6d2687b0deeb24c,LIDAR_REAR,f20997f693d84f62a9575983416c31d6,7198b581279c431bad450deaf7669f87,6e1d7103a3864d6a98cdc488c3ba66fa,143b6d76cfa5410db9ff6d57916590a8,-48.511
68d8f0410d4342a1a6d2687b0deeb24c,LIDAR_RIGHT,718b523a401d48aeb5cc3c472d069ade,aefabf5dd96744beb296b9881d60ff8b,c018d3b9144d4b4da1acd93f04a8e2ce,143b6d76cfa5410db9ff6d57916590a8,14.306
68d8f0410d4342a1a6d2687b0deeb24c,LIDAR_TOP_FRONT,576a7266e7644cbda0c2928c2f827b5a,f994daad50a14ac49f1468d66eb8db62,143b6d76cfa5410db9ff6d57916590a8,143b6d76cfa5410db9ff6d57916590a8,2.367
68d8f0410d4342a1a6d2687b0deeb24c,LIDAR_TOP_LEFT,64e250b1eb8d4ae3af08c2b94c2f1d88,373fca46a765439794d1ecbb5839a161,c1e734b0806649e1a7eccbc27d56b055,143b6d76cfa5410db9ff6d57916590a8,-22.276
68d8f0410d4342a1a6d2687b0deeb24c,LIDAR_TOP_RIGHT,8a52a5251d33447688f63e06b8a21399,f8849496a35c4af599b8e598afda166d,71f93a8e29ba4328b8c3445ed7cb6a0a,143b6d76cfa5410db9ff6d57916590a8,27.646
68d8f0410d4342a1a6d2687b0deeb24c,RADAR_LEFT_BACK,43f1a743d54b4225832ded48b0280512,326989c743c948bf86229f525d0deb2d,143b6d76cfa5410db9ff6d57916590a8,143b6d76cfa5410db9ff6d57916590a8,3.387
68d8f0410d4342a1a6d2687b0deeb24c,RADAR_LEFT_FRONT,f5cd5a73a4ba4d6e9cd84335d27ee32e,5e6c5afaa842478db6066e9de8dec1ef,143b6d76cfa5410db9ff6d57916590a8,143b6d76cfa5410db9ff6d57916590a8,7.139
68d8f0410d4342a1a6d2687b0deeb24c,RADAR_LEFT_SIDE,ec7a19b394be4e67ac25c57185e38f51,cbecfab3ced24bbeab0a1b1bdd4375a8,143b6d76cfa5410db9ff6d57916590a8,143b6d76cfa5410db9ff6d57916590a8,5.435
68d8f0410d4342a1a6d2687b0deeb24c,RADAR_RIGHT_BACK,c0b2f5e4d56e49fa884b8753649e9f65,f2c73d43e0994ee8a16f930860856c0e,143b6d76cfa5410db9ff6d57916590a8,143b6d76cfa5410db9ff6d57916590a8,3.366
68d8f0410d4342a1a6d2687b0deeb24c,RADAR_RIGHT_FRONT,54cda2e6c23a444c9a58788d56574673,3126c35b164c459d85e0a0555ccba628,143b6d76cfa5410db9ff6d57916590a8,143b6d76cfa5410db9ff6d57916590a8,3.356
68d8f0410d4342a1a6d2687b0deeb24c,RADAR_RIGHT_SIDE,50de075f9b27463ebf61277171e35dc0,8bef64c60da74778a5b9ef975c97edb7,143b6d76cfa5410db9ff6d57916590a8,143b6d76cfa5410db9ff6d57916590a8,3.302
3c15136415cb4333964d4cc2936356dd,LIDAR_LEFT,6b9a36a1aa5b4b76b3be035f7259b735,2e6c7b7b7ceb4f69be01f9006cedf58f,29afdfc16bec473887fcd949be84e225,65fbaa84b9fd4598aac600499fb6f338,-10.647
3c15136415cb4333964d4cc2936356dd,LIDAR_REAR,496cc2211520447196073cb0dd9fe7e9,7198b581279c431bad450deaf7669f87,c3f05236854f443a912dc9d340f299dd,65fbaa84b9fd4598aac600499fb6f338,-48.719
3c15136415cb4333964d4cc2936356dd,LIDAR_RIGHT,9c38473e94274eeb902ec630cf73dad9,aefabf5dd96744beb296b9881d60ff8b,5c14916b970e4197b38f6a01790c05bd,65fbaa84b9fd4598aac600499fb6f338,14.328
3c15136415cb4333964d4cc2936356dd,LIDAR_TOP_FRONT,c21ac56b7e9443bdb43f8d28f0c0be14,f994daad50a14ac49f1468d66eb8db62,65fbaa84b9fd4598aac600499fb6f338,65fbaa84b9fd4598aac600499fb6f338,2.357
3c15136415cb4333964d4cc2936356dd,LIDAR_TOP_LEFT,dc6eaea898864cad8b4327e2b095c653,373fca46a765439794d1ecbb5839a161,b2249089e0b04338890d4ad4c2992d0c,65fbaa84b9fd4598aac600499fb6f338,-22.365
3c15136415cb4333964d4cc2936356dd,LIDAR_TOP_RIGHT,c547bba0f1a6417281d321024424d540,f8849496a35c4af599b8e598afda166d,14b75b0c90f24195a8df7cadd883cc99,65fbaa84b9fd4598aac600499fb6f338,27.422
3c15136415cb4333964d4cc2936356dd,RADAR_LEFT_BACK,e49f3335d13e4f7f8c7947deaeaeefbc,326989c743c948bf86229f525d0deb2d,65fbaa84b9fd4598aac600499fb6f338,65fbaa84b9fd4598aac600499fb6f338,5.223
3c15136415cb4333964d4cc2936356dd,RADAR_LEFT_FRONT,c6cf32d22ff24b87a0f2985946f4e2c2,5e6c5afaa842478db6066e9de8dec1ef,65fbaa84b9fd4598aac600499fb6f338,65fbaa84b9fd4598aac600499fb6f338,4.12
3c15136415cb4333964d4cc2936356dd,RADAR_LEFT_SIDE,ebd6802643f54739bb51234361ded68d,cbecfab3ced24bbeab0a1b1bdd4375a8,65fbaa84b9fd4598aac600499fb6f338,65fbaa84b9fd4598aac600499fb6f338,6.815
3c15136415cb4333964d4cc2936356dd,RADAR_RIGHT_BACK,a3048ce852ac41a2bd6e34dec586cf4f,f2c73d43e0994ee8a16f930860856c0e,65fbaa84b9fd4598aac600499fb6f338,65fbaa84b9fd4598aac600499fb6f338,5.256
3c15136415cb4333964d4cc2936356dd,RADAR_RIGHT_FRONT,d5b40ce0cb62463b93061dcda0df8c2e,3126c35b164c459d85e0a0555ccba628,65fbaa84b9fd4598aac600499fb6f338,65fbaa84b9fd4598aac600499fb6f338,5.263
3c15136415cb4333964d4cc2936356dd,RADAR_RIGHT_SIDE,deb1efbf40444ff893c14168cbf45e9d,8bef64c60da74778a5b9ef975c97edb7,65fbaa84b9fd4598aac600499fb6f338,65fbaa84b9fd4598aac600499fb6f338,5.167
39dae22600564a6b9c130435f3475a77,LIDAR_LEFT,b918aeaae4124850bba0b5f384050d85,2e6c7b7b7ceb4f69be01f9006cedf58f,f9c13cf023a64a10a205deb946ae848c,0199401c35904fb0ad29edd63ee95b99,-10.635
39dae22600564a6b9c130435f3475a77,LIDAR_REAR,fa37f1f3a3f2418ab936315bbe9f3a64,7198b581279c431bad450deaf7669f87,070a7dde1d8c4655a87ce6d776015bef,0199401c35904fb0ad29edd63ee95b99,-48.588
39dae22600564a6b9c130435f3475a77,LIDAR_RIGHT,e1c8eeb0d0d84b36870817ae89276e1b,aefabf5dd96744beb296b9881d60ff8b,b9e57646637a4cf39356376ed32c06b8,0199401c35904fb0ad29edd63ee95b99,14.195
39dae22600564a6b9c130435f3475a77,LIDAR_TOP_FRONT,c3dda3bf69254369b816b24b8bc62802,f994daad50a14ac49f1468d66eb8db62,0199401c35904fb0ad29edd63ee95b99,0199401c35904fb0ad29edd63ee95b99,2.592
39dae22600564a6b9c130435f3475a77,LIDAR_TOP_LEFT,9b3704fd36e640a2bad22fce963022f4,373fca46a765439794d1ecbb5839a161,6983f248aaad46b7825fad81ab82b8b3,0199401c35904fb0ad29edd63ee95b99,-22.248
39dae22600564a6b9c130435f3475a77,LIDAR_TOP_RIGHT,fadab36f35a14cefae3f3bc658a2bafe,f8849496a35c4af599b8e598afda166d,bca50547344a44598a652ffe487d1934,0199401c35904fb0ad29edd63ee95b99,27.519
39dae22600564a6b9c130435f3475a77,RADAR_LEFT_BACK,1d32674741674e9f934a33b6952babfa,326989c743c948bf86229f525d0deb2d,0199401c35904fb0ad29edd63ee95b99,0199401c35904fb0ad29edd63ee95b99,6.794
39dae22600564a6b9c130435f3475a77,RADAR_LEFT_FRONT,50f6cdbef09c4718b2facfbe808beacd,5e6c5afaa842478db6066e9de8dec1ef,0199401c35904fb0ad29edd63ee95b99,0199401c35904fb0ad29edd63ee95b99,5.459
39dae22600564a6b9c130435f3475a77,RADAR_LEFT_SIDE,03327158eef54414b955705c6589c445,cbecfab3ced24bbeab0a1b1bdd4375a8,0199401c35904fb0ad29edd63ee95b99,0199401c35904fb0ad29edd63ee95b99,3.307
39dae22600564a6b9c130435f3475a77,RADAR_RIGHT_BACK,27b43d9c7ed64bff9f96cf5db08fa4fe,f2c73d43e0994ee8a16f930860856c0e,0199401c35904fb0ad29edd63ee95b99,0199401c35904fb0ad29edd63ee95b99,7.24
39dae22600564a6b9c130435f3475a77,RADAR_RIGHT_FRONT,6001d6f2fae4421ca2b89873e6357299,3126c35b164c459d85e0a0555ccba628,0199401c35904fb0ad29edd63ee95b99,0199401c35904fb0ad29edd63ee95b99,6.791
39dae22600564a6b9c130435f3475a77,RADAR_RIGHT_SIDE,7f884436e98344138a64538e62750b1c,8bef64c60da74778a5b9ef975c97edb7,0199401c35904fb0ad29edd63ee95b99,0199401c35904fb0ad29edd63ee95b99,6.754
a9b293108091418c9170311735a14d38,LIDAR_LEFT,02e931e26874446aadc51f96b9ae4381,2e6c7b7b7ceb4f69be01f9006cedf58f,dde817ba4f3b4a08bce7fc471838734a,e67ac9499fd041f8a3a9bf54d2b1c086,-10.642
a9b293108091418c9170311735a14d38,LIDAR_REAR,2f2b743661014713ad7218d786875bf9,7198b581279c431bad450deaf7669f87,33c92abf6b1547e48ae47cc0f26cdea8,e67ac9499fd041f8a3a9bf54d2b1c086,-47.993
a9b293108091418c9170311735a14d38,LIDAR_RIGHT,12b9f3a5ede3402780ed0b49d187660f,aefabf5dd96744beb296b9881d60ff8b,f49f58b6c1044d8ca67fce8fc03f7a20,e67ac9499fd041f8a3a9bf54d2b1c086,14.456
a9b293108091418c9170311735a14d38,LIDAR_TOP_FRONT,c35d3c917c134a3f9d10ab9a1220d32b,f994daad50a14ac49f1468d66eb8db62,e67ac9499fd041f8a3a9bf54d2b1c086,e67ac9499fd041f8a3a9bf54d2b1c086,3.163
a9b293108091418c9170311735a14d38,LIDAR_TOP_LEFT,f1d6f1bb4d1b40bf9d79898de90e85a8,373fca46a765439794d1ecbb5839a161,7647635a45214c40ab48423be88e0867,e67ac9499fd041f8a3a9bf54d2b1c086,-21.759
a9b293108091418c9170311735a14d38,LIDAR_TOP_RIGHT,d1db8121637944e7a0d6d9ceaab71840,f8849496a35c4af599b8e598afda166d,18f83a1fc88443a7a59112d57f62bc9c,e67ac9499fd041f8a3a9bf54d2b1c086,28.194
a9b293108091418c9170311735a14d38,RADAR_LEFT_BACK,81530aecebdf4dc59ab29a51eca28d53,326989c743c948bf86229f525d0deb2d,e67ac9499fd041f8a3a9bf54d2b1c086,e67ac9499fd041f8a3a9bf54d2b1c086,4.312
a9b293108091418c9170311735a14d38,RADAR_LEFT_FRONT,c2a7370cae32493f88b27a1dc15eb963,5e6c5afaa842478db6066e9de8dec1ef,e67ac9499fd041f8a3a9bf54d2b1c086,e67ac9499fd041f8a3a9bf54d2b1c086,7.372
a9b293108091418c9170311735a14d38,RADAR_LEFT_SIDE,c98544c355cf4d7e924ed516e14ea6a6,cbecfab3ced24bbeab0a1b1bdd4375a8,e67ac9499fd041f8a3a9bf54d2b1c086,e67ac9499fd041f8a3a9bf54d2b1c086,5.802
a9b293108091418c9170311735a14d38,RADAR_RIGHT_BACK,d734ea2c3f6d4d2eb44ca0e8bf931827,f2c73d43e0994ee8a16f930860856c0e,e67ac9499fd041f8a3a9bf54d2b1c086,e67ac9499fd041f8a3a9bf54d2b1c086,4.389
a9b293108091418c9170311735a14d38,RADAR_RIGHT_FRONT,fbc9f72c9aed4761ada954785e36c30e,3126c35b164c459d85e0a0555ccba628,e67ac9499fd041f8a3a9bf54d2b1c086,e67ac9499fd041f8a3a9bf54d2b1c086,4.37
a9b293108091418c9170311735a14d38,RADAR_RIGHT_SIDE,70e544ab1f1d45bbac78a5657151d476,8bef64c60da74778a5b9ef975c97edb7,e67ac9499fd041f8a3a9bf54d2b1c086,e67ac9499fd041f8a3a9bf54d2b1c086,4.273
6f6b53e9b5144d3eb5efa6759877586e,LIDAR_LEFT,172234ec7b4445e4b3cf103b77419cce,2e6c7b7b7ceb4f69be01f9006cedf58f,4f037e42a3094e349cea4d750a73e64a,29561d6ba5ba49c89fb7cd7a211a38e3,-10.648
6f6b53e9b5144d3eb5efa6759877586e,LIDAR_REAR,28b2d94507224443a2f86dad5f66e539,7198b581279c431bad450deaf7669f87,2465300ab995420d9fec84e88ad5f9cc,29561d6ba5ba49c89fb7cd7a211a38e3,-47.895
6f6b53e9b5144d3eb5efa6759877586e,LIDAR_RIGHT,62ceb08812ef406dad47bfec8c21e937,aefabf5dd96744beb296b9881d60ff8b,ad3231ec415f42feba91816bf3539554,29561d6ba5ba49c89fb7cd7a211a38e3,14.062
6f6b53e9b5144d3eb5efa6759877586e,LIDAR_TOP_FRONT,5af32e9251794a138b2964b1585f4aed,f994daad50a14ac49f1468d66eb8db62,29561d6ba5ba49c89fb7cd7a211a38e3,29561d6ba5ba49c89fb7cd7a211a38e3,2.962
6f6b53e9b5144d3eb5efa6759877586e,LIDAR_TOP_LEFT,bcef1fe7f44b413cb53f1540f31cdde4,373fca46a765439794d1ecbb5839a161,9de92db0dede4b88a9bbc7bb914fcdbb,29561d6ba5ba49c89fb7cd7a211a38e3,-21.854
6f6b53e9b5144d3eb5efa6759877586e,LIDAR_TOP_RIGHT,c6605038c3d84ab89c89a5430094be68,f8849496a35c4af599b8e598afda166d,190a5487f51648338aaa9bf84549d578,29561d6ba5ba49c89fb7cd7a211a38e3,28.455
6f6b53e9b5144d3eb5efa6759877586e,RADAR_LEFT_BACK,ff0d28652fcf4ea1a30bda4e9f305144,326989c743c948bf86229f525d0deb2d,29561d6ba5ba49c89fb7cd7a211a38e3,29561d6ba5ba49c89fb7cd7a211a38e3,5.619
6f6b53e9b5144d3eb5efa6759877586e,RADAR_LEFT_FRONT,4840ad488c904aeeb5698e56eeb39ad0,5e6c5afaa842478db6066e9de8dec1ef,29561d6ba5ba49c89fb7cd7a211a38e3,29561d6ba5ba49c89fb7cd7a211a38e3,3.92
6f6b53e9b5144d3eb5efa6759877586e,RADAR_LEFT_SIDE,5f447835e60d41e18d02e19c316308a0,cbecfab3ced24bbeab0a1b1bdd4375a8,29561d6ba5ba49c89fb7cd7a211a38e3,29561d6ba5ba49c89fb7cd7a211a38e3,7.417
6f6b53e9b5144d3eb5efa6759877586e,RADAR_RIGHT_BACK,3cbef928dd19475c899ffb8cc6560cdd,f2c73d43e0994ee8a16f930860856c0e,29561d6ba5ba49c89fb7cd7a211a38e3,29561d6ba5ba49c89fb7cd7a211a38e3,5.628
6f6b53e9b5144d3eb5efa6759877586e,RADAR_RIGHT_FRONT,cb4ceee68c9b4a45a46aea2de84c9d3a,3126c35b164c459d85e0a0555ccba628,29561d6ba5ba49c89fb7cd7a211a38e3,29561d6ba5ba49c89fb7cd7a211a38e3,5.701
6f6b53e9b5144d3eb5efa6759877586e,RADAR_RIGHT_SIDE,d7400a75f4bc48e4accec2c2b3f54c4c,8bef64c60da74778a5b9ef975c97edb7,29561d6ba5ba49c89fb7cd7a211a38e3,29561d6ba5ba49c89fb7cd7a211a38e3,5.562
c83bd7f9373d4dbda92199888bb50db2,LIDAR_LEFT,fe7fe611afb346ea93d919dcff766030,2e6c7b7b7ceb4f69be01f9006cedf58f,f6e4ed23f5374978be492276c7fde511,a55634cf52ce49d8a5fb110834e00c1d,-10.645
c83bd7f9373d4dbda92199888bb50db2,LIDAR_REAR,3096dccb5d304968b189fac8afdfbda0,7198b581279c431bad450deaf7669f87,e0ef1f71da5c4a60a36a3b5578de397a,a55634cf52ce49d8a5fb110834e00c1d,-47.814
c83bd7f9373d4dbda92199888bb50db2,LIDAR_RIGHT,fffd8a6cdcd84ff69bcecec4188f2f5c,aefabf5dd96744beb296b9881d60ff8b,a1f46b70478044ad9be29d51748280ab,a55634cf52ce49d8a5fb110834e00c1d,13.402
c83bd7f9373d4dbda92199888bb50db2,LIDAR_TOP_FRONT,d2e413ba62644601a2608e156492cbf4,f994daad50a14ac49f1468d66eb8db62,a55634cf52ce49d8a5fb110834e00c1d,a55634cf52ce49d8a5fb110834e00c1d,2.798
c83bd7f9373d4dbda92199888bb50db2,LIDAR_TOP_LEFT,a9343aef245840afa749b39e082d1605,373fca46a765439794d1ecbb5839a161,d221cf60b8134b24aab31e6d165ac3bb,a55634cf52ce49d8a5fb110834e00c1d,-21.936
c83bd7f9373d4dbda92199888bb50db2,LIDAR_TOP_RIGHT,03740a30370841f0b8f12381eb159a11,f8849496a35c4af599b8e598afda166d,34da80c3b4ce46eb92afbf85fd0d0d8c,a55634cf52ce49d8a5fb110834e00c1d,28.601
c83bd7f9373d4dbda92199888bb50db2,RADAR_LEFT_BACK,ed4dfd6427ba4d658380b9a366e66408,326989c743c948bf86229f525d0deb2d,a55634cf52ce49d8a5fb110834e00c1d,a55634cf52ce49d8a5fb110834e00c1d,7.07
c83bd7f9373d4dbda92199888bb50db2,RADAR_LEFT_FRONT,ac0165dd2a1e4e00b1356decbd8d7f56,5e6c5afaa842478db6066e9de8dec1ef,a55634cf52ce49d8a5fb110834e00c1d,a55634cf52ce49d8a5fb110834e00c1d,5.851
c83bd7f9373d4dbda92199888bb50db2,RADAR_LEFT_SIDE,c22fac59af884dcb8363fe7185e09b1e,cbecfab3ced24bbeab0a1b1bdd4375a8,a55634cf52ce49d8a5fb110834e00c1d,a55634cf52ce49d8a5fb110834e00c1d,4.34
c83bd7f9373d4dbda92199888bb50db2,RADAR_RIGHT_BACK,2a2a75b06f684b34aa84b2e99032198e,f2c73d43e0994ee8a16f930860856c0e,a55634cf52ce49d8a5fb110834e00c1d,a55634cf52ce49d8a5fb110834e00c1d,7.107
c83bd7f9373d4dbda92199888bb50db2,RADAR_RIGHT_FRONT,b73f93f058294ce098423235327ff879,3126c35b164c459d85e0a0555ccba628,a55634cf52ce49d8a5fb110834e00c1d,a55634cf52ce49d8a5fb110834e00c1d,7.232
c83bd7f9373d4dbda92199888bb50db2,RADAR_RIGHT_SIDE,945b3ffedf1d49e2a32e2d15aac7b722,8bef64c60da74778a5b9ef975c97edb7,a55634cf52ce49d8a5fb110834e00c1d,a55634cf52ce49d8a5fb110834e00c1d,7.027
c483d412789d4b13991fc1f36cdd06a8,LIDAR_LEFT,b3963ac5d56e41cf98e1082ed30a0513,2e6c7b7b7ceb4f69be01f9006cedf58f,3c2edeab239b4899851d9edbab608c29,d6c0899750564ef19fb53463bc11f217,-10.65
c483d412789d4b13991fc1f36cdd06a8,LIDAR_REAR,d370b0024f82460fa3e7ef1a708ea8ad,7198b581279c431bad450deaf7669f87,14643306baa340ad8b0c0a277f743a01,d6c0899750564ef19fb53463bc11f217,-48.02
c483d412789d4b13991fc1f36cdd06a8,LIDAR_RIGHT,2b7cad15e5844c2bb8422d550c943cac,aefabf5dd96744beb296b9881d60ff8b,60b7ebd7f85f4050b5c199c86acac4db,d6c0899750564ef19fb53463bc11f217,13.363
c483d412789d4b13991fc1f36cdd06a8,LIDAR_TOP_FRONT,4efa2566479a4abc81624363f4ebffd0,f994daad50a14ac49f1468d66eb8db62,d6c0899750564ef19fb53463bc11f217,d6c0899750564ef19fb53463bc11f217,2.456
c483d412789d4b13991fc1f36cdd06a8,LIDAR_TOP_LEFT,05a65f4a1c4b4920bd06d40d313366ef,373fca46a765439794d1ecbb5839a161,983778d348604339af41097c452414de,d6c0899750564ef19fb53463bc11f217,-22.216
c483d412789d4b13991fc1f36cdd06a8,LIDAR_TOP_RIGHT,030845acade24e5095822031ffd2294c,f8849496a35c4af599b8e598afda166d,f8fc5afa0eac47c6b24c017af77a4121,d6c0899750564ef19fb53463bc11f217,28.341
c483d412789d4b13991fc1f36cdd06a8,RADAR_LEFT_BACK,b0e5b7a634b34f16b138cfb4a09c244b,326989c743c948bf86229f525d0deb2d,d6c0899750564ef19fb53463bc11f217,d6c0899750564ef19fb53463bc11f217,4.206
c483d412789d4b13991fc1f36cdd06a8,RADAR_LEFT_FRONT,c11f68862ab0486a8d6140a3cb344c89,5e6c5afaa842478db6066e9de8dec1ef,d6c0899750564ef19fb53463bc11f217,d6c0899750564ef19fb53463bc11f217,7.255
c483d412789d4b13991fc1f36cdd06a8,RADAR_LEFT_SIDE,904bb58caa9d4c168265adcb5dc2ad5d,cbecfab3ced24bbeab0a1b1bdd4375a8,d6c0899750564ef19fb53463bc11f217,d6c0899750564ef19fb53463bc11f217,5.47
c483d412789d4b13991fc1f36cdd06a8,RADAR_RIGHT_BACK,ed7d92694974448ca100f6fd9e4ad114,f2c73d43e0994ee8a16f930860856c0e,d6c0899750564ef19fb53463bc11f217,d6c0899750564ef19fb53463bc11f217,4.294
c483d412789d4b13991fc1f36cdd06a8,RADAR_RIGHT_FRONT,da9754cb18f44f57a5f8b76fdea3dd13,3126c35b164c459d85e0a0555ccba628,d6c0899750564ef19fb53463bc11f217,d6c0899750564ef19fb53463bc11f217,4.311
c483d412789d4b13991fc1f36cdd06a8,RADAR_RIGHT_SIDE,66df70a7bb9d4975aff502824920aa95,8bef64c60da74778a5b9ef975c97edb7,d6c0899750564ef19fb53463bc11f217,d6c0899750564ef19fb53463bc11f217,4.268
e12831dd0e5040abaced46ee13f3c414,LIDAR_LEFT,05ffd94827644752931641510c766ff3,2e6c7b7b7ceb4f69be01f9006cedf58f,4bc2e8df6f7642d8a8f3c463726c00bf,ce86a0d53776449293aa9260c7984efb,-10.652
e12831dd0e5040abaced46ee13f3c414,LIDAR_REAR,79121328840845beb50de2a477222c0d,7198b581279c431bad450deaf7669f87,b752d5343fc44eb1a2a02f83b3475d63,ce86a0d53776449293aa9260c7984efb,-48.249
e12831dd0e5040abaced46ee13f3c414,LIDAR_RIGHT,9945d1c5affa4e71951e3333d83c9896,aefabf5dd96744beb296b9881d60ff8b,f2211e8792304c8fa92ba3a315ebc6a8,ce86a0d53776449293aa9260c7984efb,13.886
e12831dd0e5040abaced46ee13f3c414,LIDAR_TOP_FRONT,e1a9e72410644feeb99d0d57cd4be42a,f994daad50a14ac49f1468d66eb8db62,ce86a0d53776449293aa9260c7984efb,ce86a0d53776449293aa9260c7984efb,2.38
e12831dd0e5040abaced46ee13f3c414,LIDAR_TOP_LEFT,05d1c49389f74d4f842b23a95b8541aa,373fca46a765439794d1ecbb5839a161,78afda8ece844a0e8e7ce87b117cd1e1,ce86a0d53776449293aa9260c7984efb,-22.475
e12831dd0e5040abaced46ee13f3c414,LIDAR_TOP_RIGHT,face88edca824154be96607018f76c7d,f8849496a35c4af599b8e598afda166d,44dda1d0698d4045a856840bb9d9427e,ce86a0d53776449293aa9260c7984efb,27.948
e12831dd0e5040abaced46ee13f3c414,RADAR_LEFT_BACK,31338ccfe6e34472ab591e72acf37085,326989c743c948bf86229f525d0deb2d,ce86a0d53776449293aa9260c7984efb,ce86a0d53776449293aa9260c7984efb,4.959
e12831dd0e5040abaced46ee13f3c414,RADAR_LEFT_FRONT,b84547e40828411c84ca14c967879dfb,5e6c5afaa842478db6066e9de8dec1ef,ce86a0d53776449293aa9260c7984efb,ce86a0d53776449293aa9260c7984efb,3.809
e12831dd0e5040abaced46ee13f3c414,RADAR_LEFT_SIDE,604507b485ab46c1821d52d51e203989,cbecfab3ced24bbeab0a1b1bdd4375a8,ce86a0d53776449293aa9260c7984efb,ce86a0d53776449293aa9260c7984efb,6.657
e12831dd0e5040abaced46ee13f3c414,RADAR_RIGHT_BACK,dfeff62a7bfe4cb4854f7fa6dc925928,f2c73d43e0994ee8a16f930860856c0e,ce86a0d53776449293aa9260c7984efb,ce86a0d53776449293aa9260c7984efb,4.97
e12831dd0e5040abaced46ee13f3c414,RADAR_RIGHT_FRONT,ea8eaef4af8d4a07be0908e97dea4749,3126c35b164c459d85e0a0555ccba628,ce86a0d53776449293aa9260c7984efb,ce86a0d53776449293aa9260c7984efb,5.006
e12831dd0e5040abaced46ee13f3c414,RADAR_RIGHT_SIDE,7c8b44344f03471e8bdbb3c809d173b2,8bef64c60da74778a5b9ef975c97edb7,ce86a0d53776449293aa9260c7984efb,ce86a0d53776449293aa9260c7984efb,4.944
db2c0e4d75654d4db21937c518e75957,LIDAR_LEFT,f50bde3a14374a0c9e044eb26a1fe31b,2e6c7b7b7ceb4f69be01f9006cedf58f,a1bdbfa49df24562b0071bd335a68b63,6efc20541e33446da2f7a473a4c6af0b,-10.654
db2c0e4d75654d4db21937c518e75957,LIDAR_REAR,5cdae3f621d748bbb6ea2679635a6729,7198b581279c431bad450deaf7669f87,d546922215314f4a9793549663d11e44,6efc20541e33446da2f7a473a4c6af0b,-48.789
db2c0e4d75654d4db21937c518e75957,LIDAR_RIGHT,e1df6776d1b64b04a82d51218f0241f7,aefabf5dd96744beb296b9881d60ff8b,fdbc02f691ca44a89ac45cf8f044e1ba,6efc20541e33446da2f7a473a4c6af0b,14.285
db2c0e4d75654d4db21937c518e75957,LIDAR_TOP_FRONT,a58c1a29e0fe4729a80920961111e807,f994daad50a14ac49f1468d66eb8db62,6efc20541e33446da2f7a473a4c6af0b,6efc20541e33446da2f7a473a4c6af0b,1.961
db2c0e4d75654d4db21937c518e75957,LIDAR_TOP_LEFT,58071907170449be9d08a27231ab4f98,373fca46a765439794d1ecbb5839a161,246b3be71cc54dd6a31eb5347dfe1c27,6efc20541e33446da2f7a473a4c6af0b,-22.596
db2c0e4d75654d4db21937c518e75957,LIDAR_TOP_RIGHT,d80c2073430a4c3e95b2e91da7cd3152,f8849496a35c4af599b8e598afda166d,3edf2346b3ae4d3f9fb753f82d2717fa,6efc20541e33446da2f7a473a4c6af0b,27.541
db2c0e4d75654d4db21937c518e75957,RADAR_LEFT_BACK,7941b0d20afb496f88289bc6ddcdcf2c,326989c743c948bf86229f525d0deb2d,6efc20541e33446da2f7a473a4c6af0b,6efc20541e33446da2f7a473a4c6af0b,6.083
db2c0e4d75654d4db21937c518e75957,RADAR_LEFT_FRONT,5ef561502b684d9fa74bbe1862b31d47,5e6c5afaa842478db6066e9de8dec1ef,6efc20541e33446da2f7a473a4c6af0b,6efc20541e33446da2f7a473a4c6af0b,4.748
db2c0e4d75654d4db21937c518e75957,RADAR_LEFT_SIDE,5d840c5b06ca4ad094bbae6c29733a2d,cbecfab3ced24bbeab0a1b1bdd4375a8,6efc20541e33446da2f7a473a4c6af0b,6efc20541e33446da2f7a473a4c6af0b,3.729
db2c0e4d75654d4db21937c518e75957,RADAR_RIGHT_BACK,31c16d8cb5304ffead651e8f1bffa576,f2c73d43e0994ee8a16f930860856c0e,6efc20541e33446da2f7a473a4c6af0b,6efc20541e33446da2f7a473a4c6af0b,6.168
db2c0e4d75654d4db21937c518e75957,RADAR_RIGHT_FRONT,2462af00e78b4d7384db0ffd9ca139fb,3126c35b164c459d85e0a0555ccba628,6efc20541e33446da2f7a473a4c6af0b,6efc20541e33446da2f7a473a4c6af0b,6.203
db2c0e4d75654d4db21937c518e75957,RADAR_RIGHT_SIDE,9de429240b3848868eff28d0622f026a,8bef64c60da74778a5b9ef975c97edb7,6efc20541e33446da2f7a473a4c6af0b,6efc20541e33446da2f7a473a4c6af0b,6.107
7097d2353e914bcf834c196a6a21be63,LIDAR_LEFT,f3641d297b224568961a16d18d3b0b2c,2e6c7b7b7ceb4f69be01f9006cedf58f,9e52aaf4fb9344bda36071f26867f798,dc752f4a17e34160a70a43a173899bf3,-10.656
7097d2353e914bcf834c196a6a21be63,LIDAR_REAR,6f7bc46266144915b3e8b6f02242321b,7198b581279c431bad450deaf7669f87,7cb8553f9b5a42968646194681424d6f,dc752f4a17e34160a70a43a173899bf3,-49.054
7097d2353e914bcf834c196a6a21be63,LIDAR_RIGHT,81af575c0ee8430d972aab243343f0f1,aefabf5dd96744beb296b9881d60ff8b,3fc61f60d6c9423fbc2d079114f3ad94,dc752f4a17e34160a70a43a173899bf3,14.686
7097d2353e914bcf834c196a6a21be63,LIDAR_TOP_FRONT,27626c3f0b39433bb216b7a8c097d019,f994daad50a14ac49f1468d66eb8db62,dc752f4a17e34160a70a43a173899bf3,dc752f4a17e34160a70a43a173899bf3,1.443
7097d2353e914bcf834c196a6a21be63,LIDAR_TOP_LEFT,38a8404844544bd48b0de3e9209bb4a0,373fca46a765439794d1ecbb5839a161,f05ec5df57ea483295984deecbccab45,dc752f4a17e34160a70a43a173899bf3,-22.942
7097d2353e914bcf834c196a6a21be63,LIDAR_TOP_RIGHT,194b22594901445e8dc4db9632a77996,f8849496a35c4af599b8e598afda166d,e6ed6c3771f64f78aabdfb4b9cdea437,dc752f4a17e34160a70a43a173899bf3,27.19
7097d2353e914bcf834c196a6a21be63,RADAR_LEFT_BACK,48d50a9ab1c6454ea3d6c68ad73dd8b9,326989c743c948bf86229f525d0deb2d,dc752f4a17e34160a70a43a173899bf3,dc752f4a17e34160a70a43a173899bf3,2.748
7097d2353e914bcf834c196a6a21be63,RADAR_LEFT_FRONT,4318a26a61a54aa3a16b551d90625688,5e6c5afaa842478db6066e9de8dec1ef,dc752f4a17e34160a70a43a173899bf3,dc752f4a17e34160a70a43a173899bf3,5.851
7097d2353e914bcf834c196a6a21be63,RADAR_LEFT_SIDE,f3972696cd4c4d00ac309aa9a28c4f8d,cbecfab3ced24bbeab0a1b1bdd4375a8,7cb8553f9b5a42968646194681424d6f,dc752f4a17e34160a70a43a173899bf3,-47.201
7097d2353e914bcf834c196a6a21be63,RADAR_RIGHT_BACK,068f02b3bd874d14b2dab03c4dbce4e3,f2c73d43e0994ee8a16f930860856c0e,dc752f4a17e34160a70a43a173899bf3,dc752f4a17e34160a70a43a173899bf3,2.737
7097d2353e914bcf834c196a6a21be63,RADAR_RIGHT_FRONT,28220528ab8b4bce9165922e8831169b,3126c35b164c459d85e0a0555ccba628,dc752f4a17e34160a70a43a173899bf3,dc752f4a17e34160a70a43a173899bf3,2.709
7097d2353e914bcf834c196a6a21be63,RADAR_RIGHT_SIDE,ff38ccfd6db84725b1cc8bc0cd598c50,8bef64c60da74778a5b9ef975c97edb7,dc752f4a17e34160a70a43a173899bf3,dc752f4a17e34160a70a43a173899bf3,2.705
b7db9773713a454e8148f86a84ab6a53,LIDAR_LEFT,e4ab5ebf4f364a858da14e855295a5b0,2e6c7b7b7ceb4f69be01f9006cedf58f,f1c6a2da57d64c4ab332e3870117dacf,810890489f98497d974533719137c024,-10.634
b7db9773713a454e8148f86a84ab6a53,LIDAR_REAR,36ad3a9d20a043a1bc0ea99e5162bfde,7198b581279c431bad450deaf7669f87,75155660bdd941f39693d966113b1ffd,810890489f98497d974533719137c024,-49.097
b7db9773713a454e8148f86a84ab6a53,LIDAR_RIGHT,608e1eba466742129a913d9f09018485,aefabf5dd96744beb296b9881d60ff8b,4efbe3be958a4270b68654f4704ee914,810890489f98497d974533719137c024,14.687
b7db9773713a454e8148f86a84ab6a53,LIDAR_TOP_FRONT,be97d578ef9b46758d99c4bea289e07a,f994daad50a14ac49f1468d66eb8db62,810890489f98497d974533719137c024,810890489f98497d974533719137c024,1.529
b7db9773713a454e8148f86a84ab6a53,LIDAR_TOP_LEFT,78a51f3c352f4be7bf37d7da105d335e,373fca46a765439794d1ecbb5839a161,7d7faa169a8246a79f5c922782faa178,810890489f98497d974533719137c024,-22.766
b7db9773713a454e8148f86a84ab6a53,LIDAR_TOP_RIGHT,1704d2f670ac4c538e27e194faccdf00,f8849496a35c4af599b8e598afda166d,8621019ceb744af3bdff0e4259a3ffd4,810890489f98497d974533719137c024,27.156
b7db9773713a454e8148f86a84ab6a53,RADAR_LEFT_BACK,9179cdfe74724a339c29e633a5b27a17,326989c743c948bf86229f525d0deb2d,810890489f98497d974533719137c024,810890489f98497d974533719137c024,4.53
b7db9773713a454e8148f86a84ab6a53,RADAR_LEFT_FRONT,23a51d5d111f4712b0f7aa169deb046e,5e6c5afaa842478db6066e9de8dec1ef,810890489f98497d974533719137c024,810890489f98497d974533719137c024,3.182
b7db9773713a454e8148f86a84ab6a53,RADAR_LEFT_SIDE,4cb353c062874f6db93f0ea20a4430fd,cbecfab3ced24bbeab0a1b1bdd4375a8,810890489f98497d974533719137c024,810890489f98497d974533719137c024,5.878
b7db9773713a454e8148f86a84ab6a53,RADAR_RIGHT_BACK,91f493384250422aa061da48fa1aa6f5,f2c73d43e0994ee8a16f930860856c0e,810890489f98497d974533719137c024,810890489f98497d974533719137c024,4.632
b7db9773713a454e8148f86a84ab6a53,RADAR_RIGHT_FRONT,6e1cca380d3b4580aeb3849cc977c4e6,3126c35b164c459d85e0a0555ccba628,810890489f98497d974533719137c024,810890489f98497d974533719137c024,4.507
b7db9773713a454e8148f86a84ab6a53,RADAR_RIGHT_SIDE,a03fa3c6d7a54b068586e2979c5fb66f,8bef64c60da74778a5b9ef975c97edb7,810890489f98497d974533719137c024,810890489f98497d974533719137c024,4.525
8a1ee4d450f94cfe8b07030adcaddf6b,LIDAR_LEFT,c7bb1b47064a4cb5a4072ed154c47235,2e6c7b7b7ceb4f69be01f9006cedf58f,d87d0001d45641be86d443d7868f0fcf,cdc997c69d0c461ba3d33b861dfb1316,-10.635
8a1ee4d450f94cfe8b07030adcaddf6b,LIDAR_REAR,f9a5a967eaf0429bae01ca68c0859eac,7198b581279c431bad450deaf7669f87,32579fe0716247a998f17eafdc7c08fe,cdc997c69d0c461ba3d33b861dfb1316,-48.22
8a1ee4d450f94cfe8b07030adcaddf6b,LIDAR_RIGHT,b64b33eb61314658977a2333df1d41ac,aefabf5dd96744beb296b9881d60ff8b,8450e8e6ba994a18844e69e58380354a,cdc997c69d0c461ba3d33b861dfb1316,14.631
8a1ee4d450f94cfe8b07030adcaddf6b,LIDAR_TOP_FRONT,8cc910e842fc4b75a325153866be510e,f994daad50a14ac49f1468d66eb8db62,cdc997c69d0c461ba3d33b861dfb1316,cdc997c69d0c461ba3d33b861dfb1316,2.488
8a1ee4d450f94cfe8b07030adcaddf6b,LIDAR_TOP_LEFT,cc5d4cc07f4143bbaa93e4ef412a02fd,373fca46a765439794d1ecbb5839a161,d43dc4852e464b828a8e0a73e20f75e8,cdc997c69d0c461ba3d33b861dfb1316,-22.166
8a1ee4d450f94cfe8b07030adcaddf6b,LIDAR_TOP_RIGHT,621f73fac93448ada31d66a2fad775e1,f8849496a35c4af599b8e598afda166d,b15e413f9ffe4f98ba9631697033ec28,cdc997c69d0c461ba3d33b861dfb1316,27.625
8a1ee4d450f94cfe8b07030adcaddf6b,RADAR_LEFT_BACK,2f18f6c67d2d419cb179642225765f9e,326989c743c948bf86229f525d0deb2d,cdc997c69d0c461ba3d33b861dfb1316,cdc997c69d0c461ba3d33b861dfb1316,6.037
8a1ee4d450f94cfe8b07030adcaddf6b,RADAR_LEFT_FRONT,b607359e3fde46a1916528fc324e63bc,5e6c5afaa842478db6066e9de8dec1ef,cdc997c69d0c461ba3d33b861dfb1316,cdc997c69d0c461ba3d33b861dfb1316,4.84
8a1ee4d450f94cfe8b07030adcaddf6b,RADAR_LEFT_SIDE,8f9af5b03acc428e8ce067abed353099,cbecfab3ced24bbeab0a1b1bdd4375a8,cdc997c69d0c461ba3d33b861dfb1316,cdc997c69d0c461ba3d33b861dfb1316,3.485
8a1ee4d450f94cfe8b07030adcaddf6b,RADAR_RIGHT_BACK,9cadf6516b4c494792342a00a3ecbaa0,f2c73d43e0994ee8a16f930860856c0e,cdc997c69d0c461ba3d33b861dfb1316,cdc997c69d0c461ba3d33b861dfb1316,6.178
8a1ee4d450f94cfe8b07030adcaddf6b,RADAR_RIGHT_FRONT,d279a7d26acf477380b27f02b5e28c16,3126c35b164c459d85e0a0555ccba628,cdc997c69d0c461ba3d33b861dfb1316,cdc997c69d0c461ba3d33b861dfb1316,6.382
8a1ee4d450f94cfe8b07030adcaddf6b,RADAR_RIGHT_SIDE,01507b46a7b542f69155f802a0ef2250,8bef64c60da74778a5b9ef975c97edb7,cdc997c69d0c461ba3d33b861dfb1316,cdc997c69d0c461ba3d33b861dfb1316,6.095
b18f83cbe8b44e8c80dcac5b4bdf1de5,LIDAR_LEFT,dc6016557aa049f4963e38084202b72c,2e6c7b7b7ceb4f69be01f9006cedf58f,d0d9a6c47a004582a5d5da5ea399065b,9bc7c9479bcc413184e5070aa9157211,-10.637
b18f83cbe8b44e8c80dcac5b4bdf1de5,LIDAR_REAR,ad87792b8a054840aebdaa02e4e62c7d,7198b581279c431bad450deaf7669f87,f362b69b4f42460e8bbb94b5af9f477c,9bc7c9479bcc413184e5070aa9157211,-47.691
b18f83cbe8b44e8c80dcac5b4bdf1de5,LIDAR_RIGHT,6f8de1bcbdd246abab580f980244cdc2,aefabf5dd96744beb296b9881d60ff8b,2fdeef9b44314b569170e84de53184d7,9bc7c9479bcc413184e5070aa9157211,14.453
b18f83cbe8b44e8c80dcac5b4bdf1de5,LIDAR_TOP_FRONT,9c538230e85b4defbd1f74290f375a16,f994daad50a14ac49f1468d66eb8db62,9bc7c9479bcc413184e5070aa9157211,9bc7c9479bcc413184e5070aa9157211,3.081
b18f83cbe8b44e8c80dcac5b4bdf1de5,LIDAR_TOP_LEFT,fb6dcf3fbe4245e99fb8d40cabebc49e,373fca46a765439794d1ecbb5839a161,1a008434dd2a41dcada2db2d276fdef5,9bc7c9479bcc413184e5070aa9157211,-21.602
b18f83cbe8b44e8c80dcac5b4bdf1de5,LIDAR_TOP_RIGHT,df1c7754c3f746cc92e8e7cb69e2ca1f,f8849496a35c4af599b8e598afda166d,2eb74203571842e7a5100a5ff8be467a,9bc7c9479bcc413184e5070aa9157211,28.174
b18f83cbe8b44e8c80dcac5b4bdf1de5,RADAR_LEFT_BACK,839cb51158004d598ffd87bdbb332a21,326989c743c948bf86229f525d0deb2d,9bc7c9479bcc413184e5070aa9157211,9bc7c9479bcc413184e5070aa9157211,4.546
b18f83cbe8b44e8c80dcac5b4bdf1de5,RADAR_LEFT_FRONT,0685542bd9fc4ae1b64aae22db9bba8c,5e6c5afaa842478db6066e9de8dec1ef,f362b69b4f42460e8bbb94b5af9f477c,9bc7c9479bcc413184e5070aa9157211,-44.28
b18f83cbe8b44e8c80dcac5b4bdf1de5,RADAR_LEFT_SIDE,1b44368d65d5490bbfce9ec1d4f465bd,cbecfab3ced24bbeab0a1b1bdd4375a8,9bc7c9479bcc413184e5070aa9157211,9bc7c9479bcc413184e5070aa9157211,5.749
b18f83cbe8b44e8c80dcac5b4bdf1de5,RADAR_RIGHT_BACK,89bad0dfe2664816b3253bbae720c20d,f2c73d43e0994ee8a16f930860856c0e,9bc7c9479bcc413184e5070aa9157211,9bc7c9479bcc413184e5070aa9157211,4.756
b18f83cbe8b44e8c80dcac5b4bdf1de5,RADAR_RIGHT_FRONT,92f8f4fd2c7549ada36d273f51df2657,3126c35b164c459d85e0a0555ccba628,9bc7c9479bcc413184e5070aa9157211,9bc7c9479bcc413184e5070aa9157211,4.669
b18f83cbe8b44e8c80dcac5b4bdf1de5,RADAR_RIGHT_SIDE,a813536189ac4eb4a2f149a67bc0bac1,8bef64c60da74778a5b9ef975c97edb7,9bc7c9479bcc413184e5070aa9157211,9bc7c9479bcc413184e5070aa9157211,4.575
db8f3abb2d1440889ce9d8a759ce855e,LIDAR_LEFT,4f0468059e1843b186fc24c42da8572e,2e6c7b7b7ceb4f69be01f9006cedf58f,d162326663e446d99a5c7680130c580b,6dcecc7402714f71a110c521c90892dd,-10.64
db8f3abb2d1440889ce9d8a759ce855e,LIDAR_REAR,999484e671364de7872838208e203e20,7198b581279c431bad450deaf7669f87,7c4aa8f6d55645358a85efcb44990703,6dcecc7402714f71a110c521c90892dd,-47.269
db8f3abb2d1440889ce9d8a759ce855e,LIDAR_RIGHT,a19abfa590fd4f5099974714a5a61303,aefabf5dd96744beb296b9881d60ff8b,322b67d7e2be4afc91a99d56de138765,6dcecc7402714f71a110c521c90892dd,14.245
db8f3abb2d1440889ce9d8a759ce855e,LIDAR_TOP_FRONT,ccf38c86eb094bd0b975c5995ecc6651,f994daad50a14ac49f1468d66eb8db62,6dcecc7402714f71a110c521c90892dd,6dcecc7402714f71a110c521c90892dd,3.194
db8f3abb2d1440889ce9d8a759ce855e,LIDAR_TOP_LEFT,bebd7bde8cd8459f95686d9c4b1ef15a,373fca46a765439794d1ecbb5839a161,725514c5e442411a98c060f8c43c12de,6dcecc7402714f71a110c521c90892dd,-21.398
db8f3abb2d1440889ce9d8a759ce855e,LIDAR_TOP_RIGHT,9ea5be24f88b4a51af2c7c7a13fd369c,f8849496a35c4af599b8e598afda166d,d81e46d7a5c04fd69f5550ce1501301a,6dcecc7402714f71a110c521c90892dd,28.535
db8f3abb2d1440889ce9d8a759ce855e,RADAR_LEFT_BACK,09337010f11d4353a7b13f7aa8eb358e,326989c743c948bf86229f525d0deb2d,7c4aa8f6d55645358a85efcb44990703,6dcecc7402714f71a110c521c90892dd,-45.5
db8f3abb2d1440889ce9d8a759ce855e,RADAR_LEFT_FRONT,e7e890e05c1a4c3ead78628f49b4ca54,5e6c5afaa842478db6066e9de8dec1ef,6dcecc7402714f71a110c521c90892dd,6dcecc7402714f71a110c521c90892dd,4.235
db8f3abb2d1440889ce9d8a759ce855e,RADAR_LEFT_SIDE,4075551d1dfa45168c0dc09b119ba255,cbecfab3ced24bbeab0a1b1bdd4375a8,6dcecc7402714f71a110c521c90892dd,6dcecc7402714f71a110c521c90892dd,7.097
db8f3abb2d1440889ce9d8a759ce855e,RADAR_RIGHT_BACK,9d9c38e7149b4e8d97a6715dd06ab2b0,f2c73d43e0994ee8a16f930860856c0e,6dcecc7402714f71a110c521c90892dd,6dcecc7402714f71a110c521c90892dd,5.701
db8f3abb2d1440889ce9d8a759ce855e,RADAR_RIGHT_FRONT,fb6487d8d5f94b34a81309433f2ee899,3126c35b164c459d85e0a0555ccba628,6dcecc7402714f71a110c521c90892dd,6dcecc7402714f71a110c521c90892dd,5.587
db8f3abb2d1440889ce9d8a759ce855e,RADAR_RIGHT_SIDE,c2f9da2bb8fe4d048ccf2b7d36541164,8bef64c60da74778a5b9ef975c97edb7,6dcecc7402714f71a110c521c90892dd,6dcecc7402714f71a110c521c90892dd,5.63
9b3984d9e3094104a34f06910c521a08,LIDAR_LEFT,231c12d1b0584fc0bdc05dd888612909,2e6c7b7b7ceb4f69be01f9006cedf58f,b162f17fe4fc4067a1f364a28fb5577a,0c9a394389e74a6ba523b468483e6597,-10.659
9b3984d9e3094104a34f06910c521a08,LIDAR_REAR,c354ad30a72342028abd829b9ef66b03,7198b581279c431bad450deaf7669f87,ac534dc0551e4cbd9554d001e48bb810,0c9a394389e74a6ba523b468483e6597,-47.631
9b3984d9e3094104a34f06910c521a08,LIDAR_RIGHT,ffbb8f165160480dafcbc8b9906b5c9c,aefabf5dd96744beb296b9881d60ff8b,ca0ad81e3f1e4238b4ed876999ccae4e,0c9a394389e74a6ba523b468483e6597,14.23
9b3984d9e3094104a34f06910c521a08,LIDAR_TOP_FRONT,5c56faf19c294f8f82d9f8b2f7d5f893,f994daad50a14ac49f1468d66eb8db62,0c9a394389e74a6ba523b468483e6597,0c9a394389e74a6ba523b468483e6597,3.349
9b3984d9e3094104a34f06910c521a08,LIDAR_TOP_LEFT,53471ca98af747949d5a0567f4dd195e,373fca46a765439794d1ecbb5839a161,230c56aceae241e79c0deb356b23b7f7,0c9a394389e74a6ba523b468483e6597,-21.722
9b3984d9e3094104a34f06910c521a08,LIDAR_TOP_RIGHT,28edbd9993ed40aab6aac3b1b7a4674a,f8849496a35c4af599b8e598afda166d,c9ea5f9312f14a9492ef85ee53c812e2,0c9a394389e74a6ba523b468483e6597,28.196
9b3984d9e3094104a34f06910c521a08,RADAR_LEFT_BACK,b635d48b2e184316bab1eb42221d571c,326989c743c948bf86229f525d0deb2d,ca0ad81e3f1e4238b4ed876999ccae4e,0c9a394389e74a6ba523b468483e6597,8.072
9b3984d9e3094104a34f06910c521a08,RADAR_LEFT_FRONT,d7484a5b2d284fd0b8fe027e720a46a9,5e6c5afaa842478db6066e9de8dec1ef,0c9a394389e74a6ba523b468483e6597,0c9a394389e74a6ba523b468483e6597,5.911
9b3984d9e3094104a34f06910c521a08,RADAR_LEFT_SIDE,839ab81f0b9d4a99a327d87b00faa107,cbecfab3ced24bbeab0a1b1bdd4375a8,0c9a394389e74a6ba523b468483e6597,0c9a394389e74a6ba523b468483e6597,4.772
9b3984d9e3094104a34f06910c521a08,RADAR_RIGHT_BACK,55bb9879829045a2ac8acaa4f52d5643,f2c73d43e0994ee8a16f930860856c0e,ca0ad81e3f1e4238b4ed876999ccae4e,0c9a394389e74a6ba523b468483e6597,8.067
9b3984d9e3094104a34f06910c521a08,RADAR_RIGHT_FRONT,d3c7bfde4be34c019862e7db234b7e1d,3126c35b164c459d85e0a0555ccba628,ca0ad81e3f1e4238b4ed876999ccae4e,0c9a394389e74a6ba523b468483e6597,8.096
9b3984d9e3094104a34f06910c521a08,RADAR_RIGHT_SIDE,563a3ed1818c42618c98af2075608658,8bef64c60da74778a5b9ef975c97edb7,ca0ad81e3f1e4238b4ed876999ccae4e,0c9a394389e74a6ba523b468483e6597,8.057
930001ae599e48d6aabc373742c462a5,LIDAR_LEFT,2ec65cb0735e41e391b212850185b6a1,2e6c7b7b7ceb4f69be01f9006cedf58f,60948c8705bb41cea4360989fa4c446f,9db99eab9d72407e8075a7e1ec750511,-10.655
930001ae599e48d6aabc373742c462a5,LIDAR_REAR,a66629a7c2a94f03ab9c9d37a5894b42,7198b581279c431bad450deaf7669f87,2190d7f886c04ef6b6ee00ec56fb9957,9db99eab9d72407e8075a7e1ec750511,-48.214
930001ae599e48d6aabc373742c462a5,LIDAR_RIGHT,eb1c28f55525405e88f5d15d86375cd5,aefabf5dd96744beb296b9881d60ff8b,359923d0dc0b426d9a1b888db205d9b6,9db99eab9d72407e8075a7e1ec750511,14.32
930001ae599e48d6aabc373742c462a5,LIDAR_TOP_FRONT,2683f82ad5944fc8bd30f40b853a9eff,f994daad50a14ac49f1468d66eb8db62,9db99eab9d72407e8075a7e1ec750511,9db99eab9d72407e8075a7e1ec750511,2.742
930001ae599e48d6aabc373742c462a5,LIDAR_TOP_LEFT,ec46ca5e87654026a50bdbf0fff7650b,373fca46a765439794d1ecbb5839a161,a0b5541ee5b3420db4be3138c84b8ddc,9db99eab9d72407e8075a7e1ec750511,-22.466
930001ae599e48d6aabc373742c462a5,LIDAR_TOP_RIGHT,119b486d890243d88a6c5e7dd4fb9da0,f8849496a35c4af599b8e598afda166d,92f43201f9ff4e158522ff7e60c22908,9db99eab9d72407e8075a7e1ec750511,27.673
930001ae599e48d6aabc373742c462a5,RADAR_LEFT_BACK,b638031635cd41dab8d45ffdeb502e95,326989c743c948bf86229f525d0deb2d,9db99eab9d72407e8075a7e1ec750511,9db99eab9d72407e8075a7e1ec750511,3.809
930001ae599e48d6aabc373742c462a5,RADAR_LEFT_FRONT,d7970a03068d4832a7c6ee8340650a40,5e6c5afaa842478db6066e9de8dec1ef,9db99eab9d72407e8075a7e1ec750511,9db99eab9d72407e8075a7e1ec750511,6.536
930001ae599e48d6aabc373742c462a5,RADAR_LEFT_SIDE,99c558e54ddc4aec9df4427c4e9d64bc,cbecfab3ced24bbeab0a1b1bdd4375a8,9db99eab9d72407e8075a7e1ec750511,9db99eab9d72407e8075a7e1ec750511,4.908
930001ae599e48d6aabc373742c462a5,RADAR_RIGHT_BACK,369410782c1b45cc84c901efd620699e,f2c73d43e0994ee8a16f930860856c0e,9db99eab9d72407e8075a7e1ec750511,9db99eab9d72407e8075a7e1ec750511,3.924
930001ae599e48d6aabc373742c462a5,RADAR_RIGHT_FRONT,89dbeba2688f4b2ea95fe6fbad12bc44,3126c35b164c459d85e0a0555ccba628,9db99eab9d72407e8075a7e1ec750511,9db99eab9d72407e8075a7e1ec750511,3.895
930001ae599e48d6aabc373742c462a5,RADAR_RIGHT_SIDE,3af1285d94454a66b81c5f1ff15149d8,8bef64c60da74778a5b9ef975c97edb7,9db99eab9d72407e8075a7e1ec750511,9db99eab9d72407e8075a7e1ec750511,3.772
2e9658149ff64abe863691ca1ab21659,LIDAR_LEFT,4c7231049fa44de9a91397a8cfb4a13a,2e6c7b7b7ceb4f69be01f9006cedf58f,fce8576cb9224be5ba0339732c4b69e4,e229ef7487ac4a9db0612e2f38648d15,-10.647
2e9658149ff64abe863691ca1ab21659,LIDAR_REAR,dcfaf6b717a54f348b31342f0d6a322c,7198b581279c431bad450deaf7669f87,31ad7247f65a4a65a7d01a0a170a0bf6,e229ef7487ac4a9db0612e2f38648d15,-48.25
2e9658149ff64abe863691ca1ab21659,LIDAR_RIGHT,8bb55d8dce764fba8fc27500a0945aed,aefabf5dd96744beb296b9881d60ff8b,56949b2174944a0fa0290b069377661e,e229ef7487ac4a9db0612e2f38648d15,14.26
2e9658149ff64abe863691ca1ab21659,LIDAR_TOP_FRONT,6c5ade5271034009b2c75f460dbadaae,f994daad50a14ac49f1468d66eb8db62,e229ef7487ac4a9db0612e2f38648d15,e229ef7487ac4a9db0612e2f38648d15,2.581
2e9658149ff64abe863691ca1ab21659,LIDAR_TOP_LEFT,ee54a074e135440ab686f3d4109cd39c,373fca46a765439794d1ecbb5839a161,0d29139a343043a685dbe81a4d0fcd4c,e229ef7487ac4a9db0612e2f38648d15,-22.576
2e9658149ff64abe863691ca1ab21659,LIDAR_TOP_RIGHT,6b047434154c4255b768d9374ade5faf,f8849496a35c4af599b8e598afda166d,bcaaf8f993a04ae29efe16169290dd2d,e229ef7487ac4a9db0612e2f38648d15,27.543
2e9658149ff64abe863691ca1ab21659,RADAR_LEFT_BACK,f903d1f6ec7b4e76ae33eeb3282a4b3b,326989c743c948bf86229f525d0deb2d,e229ef7487ac4a9db0612e2f38648d15,e229ef7487ac4a9db0612e2f38648d15,5.792
2e9658149ff64abe863691ca1ab21659,RADAR_LEFT_FRONT,96748b34ee1c4f3f8da9779f183f0db6,5e6c5afaa842478db6066e9de8dec1ef,e229ef7487ac4a9db0612e2f38648d15,e229ef7487ac4a9db0612e2f38648d15,4.198
2e9658149ff64abe863691ca1ab21659,RADAR_LEFT_SIDE,94b858b539c04402826c5bf4fa9700dc,cbecfab3ced24bbeab0a1b1bdd4375a8,56949b2174944a0fa0290b069377661e,e229ef7487ac4a9db0612e2f38648d15,7.436
2e9658149ff64abe863691ca1ab21659,RADAR_RIGHT_BACK,381503677b6e47a6921b2a785315851b,f2c73d43e0994ee8a16f930860856c0e,e229ef7487ac4a9db0612e2f38648d15,e229ef7487ac4a9db0612e2f38648d15,5.767
2e9658149ff64abe863691ca1ab21659,RADAR_RIGHT_FRONT,aefd7fbf813145a68b5cca3638bf01c6,3126c35b164c459d85e0a0555ccba628,e229ef7487ac4a9db0612e2f38648d15,e229ef7487ac4a9db0612e2f38648d15,5.997
2e9658149ff64abe863691ca1ab21659,RADAR_RIGHT_SIDE,07037277f09c416a89497ba393f83214,8bef64c60da74778a5b9ef975c97edb7,e229ef7487ac4a9db0612e2f38648d15,e229ef7487ac4a9db0612e2f38648d15,5.764
25d2fdbc5fab4e93b80c4064eb60fa38,LIDAR_LEFT,398c9a988fb341a6bc43f8854d3ba3c8,2e6c7b7b7ceb4f69be01f9006cedf58f,1760b3dbcebb47369b4a6ee28f290efb,7c5d40f39c974f5c8ebceedc095fa8d8,-10.647
25d2fdbc5fab4e93b80c4064eb60fa38,LIDAR_REAR,d1dc9cec1b644d118df87a36617041a7,7198b581279c431bad450deaf7669f87,9b173c6a29664c0ea16bbc31ab892679,7c5d40f39c974f5c8ebceedc095fa8d8,-48.295
25d2fdbc5fab4e93b80c4064eb60fa38,LIDAR_RIGHT,6c7e5531fdee4c67be015f5d0bf03215,aefabf5dd96744beb296b9881d60ff8b,8457f6b288cb40daa805ed2126b66f30,7c5d40f39c974f5c8ebceedc095fa8d8,14.254
25d2fdbc5fab4e93b80c4064eb60fa38,LIDAR_TOP_FRONT,d6f4a03a20634769b06a25062f2f7cd3,f994daad50a14ac49f1468d66eb8db62,7c5d40f39c974f5c8ebceedc095fa8d8,7c5d40f39c974f5c8ebceedc095fa8d8,2.617
25d2fdbc5fab4e93b80c4064eb60fa38,LIDAR_TOP_LEFT,20446b493e4844f58fae699096818042,373fca46a765439794d1ecbb5839a161,90780b441793404eab667b3001986d48,7c5d40f39c974f5c8ebceedc095fa8d8,-22.512
25d2fdbc5fab4e93b80c4064eb60fa38,LIDAR_TOP_RIGHT,62c3e8487ebb4ac1becff829d5258757,f8849496a35c4af599b8e598afda166d,b761f350dcad41e794ee2393ea9f46e2,7c5d40f39c974f5c8ebceedc095fa8d8,27.449
25d2fdbc5fab4e93b80c4064eb60fa38,RADAR_LEFT_BACK,1ce771f77bca40efbd6be5c44d423695,326989c743c948bf86229f525d0deb2d,9b173c6a29664c0ea16bbc31ab892679,7c5d40f39c974f5c8ebceedc095fa8d8,-44.384
25d2fdbc5fab4e93b80c4064eb60fa38,RADAR_LEFT_FRONT,17dc01a4b57a45e8b32a41ce0430f9f9,5e6c5afaa842478db6066e9de8dec1ef,7c5d40f39c974f5c8ebceedc095fa8d8,7c5d40f39c974f5c8ebceedc095fa8d8,4.644
25d2fdbc5fab4e93b80c4064eb60fa38,RADAR_LEFT_SIDE,dc213334a3b046a9a90eff30af99ace1,cbecfab3ced24bbeab0a1b1bdd4375a8,7c5d40f39c974f5c8ebceedc095fa8d8,7c5d40f39c974f5c8ebceedc095fa8d8,3.675
25d2fdbc5fab4e93b80c4064eb60fa38,RADAR_RIGHT_BACK,8a2b13f2889c400aadce9ffa01b22c42,f2c73d43e0994ee8a16f930860856c0e,8457f6b288cb40daa805ed2126b66f30,7c5d40f39c974f5c8ebceedc095fa8d8,7.28
25d2fdbc5fab4e93b80c4064eb60fa38,RADAR_RIGHT_FRONT,5dff94118a7d4025b285a5520d3e3f71,3126c35b164c459d85e0a0555ccba628,7c5d40f39c974f5c8ebceedc095fa8d8,7c5d40f39c974f5c8ebceedc095fa8d8,7.211
25d2fdbc5fab4e93b80c4064eb60fa38,RADAR_RIGHT_SIDE,73a4e0b82ed2411ebf2d53e6c980369a,8bef64c60da74778a5b9ef975c97edb7,7c5d40f39c974f5c8ebceedc095fa8d8,7c5d40f39c974f5c8ebceedc095fa8d8,7.09
a3c36b28774345169f106bf634cbe1ae,LIDAR_LEFT,f39c30e651a24875b874555c3f9bb213,2e6c7b7b7ceb4f69be01f9006cedf58f,a2562a2ced88431d9135535d7cef95a6,d5c96c8733f8413a9f575ded8abca489,-10.643
a3c36b28774345169f106bf634cbe1ae,LIDAR_REAR,6734dfc3b33e4e3bac306d3dbf9e47d1,7198b581279c431bad450deaf7669f87,c46576c3f1d94aed81f0ca9444f04be6,d5c96c8733f8413a9f575ded8abca489,-48.19
a3c36b28774345169f106bf634cbe1ae,LIDAR_RIGHT,41345a7e8f294d65a86735f769b01574,aefabf5dd96744beb296b9881d60ff8b,e37a3a329cfc4669aa4d28e4a64596ad,d5c96c8733f8413a9f575ded8abca489,14.305
a3c36b28774345169f106bf634cbe1ae,LIDAR_TOP_FRONT,fcf75843b04c42629124c08ed77eccab,f994daad50a14ac49f1468d66eb8db62,d5c96c8733f8413a9f575ded8abca489,d5c96c8733f8413a9f575ded8abca489,2.958
a3c36b28774345169f106bf634cbe1ae,LIDAR_TOP_LEFT,eb3d69feefe347e99d215092f07bd558,373fca46a765439794d1ecbb5839a161,f53ea258718546279236f4e999458bb1,d5c96c8733f8413a9f575ded8abca489,-21.837
a3c36b28774345169f106bf634cbe1ae,LIDAR_TOP_RIGHT,6c0e00bb45324abda3505ab7350ea13d,f8849496a35c4af599b8e598afda166d,c374d8ef96c443a3ab909b587b3346eb,d5c96c8733f8413a9f575ded8abca489,27.903
a3c36b28774345169f106bf634cbe1ae,RADAR_LEFT_BACK,6b7db2dc1d2f4a3ba3236ddc60a33d26,326989c743c948bf86229f525d0deb2d,d5c96c8733f8413a9f575ded8abca489,d5c96c8733f8413a9f575ded8abca489,5.941
a3c36b28774345169f106bf634cbe1ae,RADAR_LEFT_FRONT,941e40539ffa4da6b460968851e3bc6f,5e6c5afaa842478db6066e9de8dec1ef,d5c96c8733f8413a9f575ded8abca489,d5c96c8733f8413a9f575ded8abca489,3.986
a3c36b28774345169f106bf634cbe1ae,RADAR_LEFT_SIDE,3eff89721c4a4ad29cbfa44ceb87a5a6,cbecfab3ced24bbeab0a1b1bdd4375a8,d5c96c8733f8413a9f575ded8abca489,d5c96c8733f8413a9f575ded8abca489,7.588
a3c36b28774345169f106bf634cbe1ae,RADAR_RIGHT_BACK,0c514857091445308af579d95b3eb3b9,f2c73d43e0994ee8a16f930860856c0e,d5c96c8733f8413a9f575ded8abca489,d5c96c8733f8413a9f575ded8abca489,5.989
a3c36b28774345169f106bf634cbe1ae,RADAR_RIGHT_FRONT,0c66ebab779c4adc88b1c1326feff045,3126c35b164c459d85e0a0555ccba628,d5c96c8733f8413a9f575ded8abca489,d5c96c8733f8413a9f575ded8abca489,5.977
a3c36b28774345169f106bf634cbe1ae,RADAR_RIGHT_SIDE,fe09204b7ef64689b3b47006f443244f,8bef64c60da74778a5b9ef975c97edb7,d5c96c8733f8413a9f575ded8abca489,d5c96c8733f8413a9f575ded8abca489,5.923
500f2b2e4f264f54913ffef41af3e3f3,LIDAR_LEFT,fa1a3697ebaa4628b62afebb11cf3468,2e6c7b7b7ceb4f69be01f9006cedf58f,7493f3efb2eb427c9ee737dfc4feebbf,add1c46a821e458ebeb7b4e812ee3a62,-10.64
500f2b2e4f264f54913ffef41af3e3f3,LIDAR_REAR,a36f071f37e746448268651abe837499,7198b581279c431bad450deaf7669f87,c202364624674598a8d8fae0a7dfeaa6,add1c46a821e458ebeb7b4e812ee3a62,-48.015
500f2b2e4f264f54913ffef41af3e3f3,LIDAR_RIGHT,4ffcdb9a602f435caff559074e0f3fca,aefabf5dd96744beb296b9881d60ff8b,527a5e9c68134d9d82bd39d37aa1ca0e,add1c46a821e458ebeb7b4e812ee3a62,14.738
500f2b2e4f264f54913ffef41af3e3f3,LIDAR_TOP_FRONT,0ceb6a50bd68401ea8418fbf156ee07b,f994daad50a14ac49f1468d66eb8db62,add1c46a821e458ebeb7b4e812ee3a62,add1c46a821e458ebeb7b4e812ee3a62,3.034
500f2b2e4f264f54913ffef41af3e3f3,LIDAR_TOP_LEFT,d8766eedfa384930b90db37b38aab6ab,373fca46a765439794d1ecbb5839a161,7107def5de5a475ca3416abf7b2c923e,add1c46a821e458ebeb7b4e812ee3a62,-21.606
500f2b2e4f264f54913ffef41af3e3f3,LIDAR_TOP_RIGHT,d98d079be2f54fb09db4ac233a30986b,f8849496a35c4af599b8e598afda166d,73663298467f473fb574e1b00dce6776,add1c46a821e458ebeb7b4e812ee3a62,28.145
500f2b2e4f264f54913ffef41af3e3f3,RADAR_LEFT_BACK,009a87f4f00f4c7491a4faab1fb3f950,326989c743c948bf86229f525d0deb2d,add1c46a821e458ebeb7b4e812ee3a62,add1c46a821e458ebeb7b4e812ee3a62,7.58
500f2b2e4f264f54913ffef41af3e3f3,RADAR_LEFT_FRONT,67a9fd8b4efe4596a94057660f8c2515,5e6c5afaa842478db6066e9de8dec1ef,add1c46a821e458ebeb7b4e812ee3a62,add1c46a821e458ebeb7b4e812ee3a62,6.228
500f2b2e4f264f54913ffef41af3e3f3,RADAR_LEFT_SIDE,9b817f85314b4e398cae936f4801cca0,cbecfab3ced24bbeab0a1b1bdd4375a8,add1c46a821e458ebeb7b4e812ee3a62,add1c46a821e458ebeb7b4e812ee3a62,4.888
500f2b2e4f264f54913ffef41af3e3f3,RADAR_RIGHT_BACK,f2330e8a8b774b9c91cc8569a7ebcf1f,f2c73d43e0994ee8a16f930860856c0e,add1c46a821e458ebeb7b4e812ee3a62,add1c46a821e458ebeb7b4e812ee3a62,7.65
500f2b2e4f264f54913ffef41af3e3f3,RADAR_RIGHT_FRONT,e1f251dac1d949b88fddecdfc6db3c28,3126c35b164c459d85e0a0555ccba628,add1c46a821e458ebeb7b4e812ee3a62,add1c46a821e458ebeb7b4e812ee3a62,7.6
500f2b2e4f264f54913ffef41af3e3f3,RADAR_RIGHT_SIDE,09f51d926c7742669d934f606338f341,8bef64c60da74778a5b9ef975c97edb7,add1c46a821e458ebeb7b4e812ee3a62,add1c46a821e458ebeb7b4e812ee3a62,7.525
65f73fc2d0c343fc8e5018c4f42219c6,LIDAR_LEFT,1bef90b4c1734d4886845f8668d9c4e8,2e6c7b7b7ceb4f69be01f9006cedf58f,9f7d17d51d8141ac974e9064d7e22422,39bb7093d23f4e10a18493cd4b7a99c6,-10.637
65f73fc2d0c343fc8e5018c4f42219c6,LIDAR_REAR,e8d574d10c7044859b0d17c987e713bc,7198b581279c431bad450deaf7669f87,7a76bbf13dce4bea97d5aecfd57a7736,39bb7093d23f4e10a18493cd4b7a99c6,-47.556
65f73fc2d0c343fc8e5018c4f42219c6,LIDAR_RIGHT,c134703079d9496e9ac59676baf271cc,aefabf5dd96744beb296b9881d60ff8b,f0073fd1ab7b45f1bd1fc4df13032488,39bb7093d23f4e10a18493cd4b7a99c6,15.252
65f73fc2d0c343fc8e5018c4f42219c6,LIDAR_TOP_FRONT,835835c820414e1f835d6e158d6870ba,f994daad50a14ac49f1468d66eb8db62,39bb7093d23f4e10a18493cd4b7a99c6,39bb7093d23f4e10a18493cd4b7a99c6,3.595
65f73fc2d0c343fc8e5018c4f42219c6,LIDAR_TOP_LEFT,c1d4a9b6ca764a56993aa8aa8f13aff9,373fca46a765439794d1ecbb5839a161,f9f4bda8b44f4adaac7fc294935b9c34,39bb7093d23f4e10a18493cd4b7a99c6,-21.43
65f73fc2d0c343fc8e5018c4f42219c6,LIDAR_TOP_RIGHT,741dbaa6963d40cda467f24a95725d59,f8849496a35c4af599b8e598afda166d,dd8b22b8fc8e40ee9abef44976a81db9,39bb7093d23f4e10a18493cd4b7a99c6,28.385
65f73fc2d0c343fc8e5018c4f42219c6,RADAR_LEFT_BACK,bf620d471c7446b3aa6368a84c702a8b,326989c743c948bf86229f525d0deb2d,39bb7093d23f4e10a18493cd4b7a99c6,39bb7093d23f4e10a18493cd4b7a99c6,4.246
65f73fc2d0c343fc8e5018c4f42219c6,RADAR_LEFT_FRONT,4e5a2e9e8bc145c6a85b3f5fa1072bce,5e6c5afaa842478db6066e9de8dec1ef,7a76bbf13dce4bea97d5aecfd57a7736,39bb7093d23f4e10a18493cd4b7a99c6,-43.591
65f73fc2d0c343fc8e5018c4f42219c6,RADAR_LEFT_SIDE,ebbb1330978a42258db6475e22a86575,cbecfab3ced24bbeab0a1b1bdd4375a8,39bb7093d23f4e10a18493cd4b7a99c6,39bb7093d23f4e10a18493cd4b7a99c6,6.469
65f73fc2d0c343fc8e5018c4f42219c6,RADAR_RIGHT_BACK,129ffc485d0143bb96c14c0664cbbfbe,f2c73d43e0994ee8a16f930860856c0e,39bb7093d23f4e10a18493cd4b7a99c6,39bb7093d23f4e10a18493cd4b7a99c6,4.393
65f73fc2d0c343fc8e5018c4f42219c6,RADAR_RIGHT_FRONT,e330429b978d45c9b99e64a929169705,3126c35b164c459d85e0a0555ccba628,39bb7093d23f4e10a18493cd4b7a99c6,39bb7093d23f4e10a18493cd4b7a99c6,4.296
65f73fc2d0c343fc8e5018c4f42219c6,RADAR_RIGHT_SIDE,cf848dff5e284d62b5b176aebae7107a,8bef64c60da74778a5b9ef975c97edb7,39bb7093d23f4e10a18493cd4b7a99c6,39bb7093d23f4e10a18493cd4b7a99c6,4.255
6f61d7af183f4094919330d51465c1aa,LIDAR_LEFT,6d71cb6be9bc4de2b18e4adb295fdd5e,2e6c7b7b7ceb4f69be01f9006cedf58f,cc68909154934bd58af32818a951057e,9bd1712ca7df445dbcd269ba4e147e82,-10.66
6f61d7af183f4094919330d51465c1aa,LIDAR_REAR,3669ebd70bfc450dba4edd3b60ab3f44,7198b581279c431bad450deaf7669f87,a7256b6a6181419ebc84d8576875ff7b,9bd1712ca7df445dbcd269ba4e147e82,-47.505
6f61d7af183f4094919330d51465c1aa,LIDAR_RIGHT,f83ad97790af4a689b5f36d7412203c3,aefabf5dd96744beb296b9881d60ff8b,41d925e861854cf9996eb529d51a34df,9bd1712ca7df445dbcd269ba4e147e82,15.02
6f61d7af183f4094919330d51465c1aa,LIDAR_TOP_FRONT,9f5a2e1028a84627b5fdbcb0eb35483d,f994daad50a14ac49f1468d66eb8db62,9bd1712ca7df445dbcd269ba4e147e82,9bd1712ca7df445dbcd269ba4e147e82,3.684
6f61d7af183f4094919330d51465c1aa,LIDAR_TOP_LEFT,e79e2610533444a9a17ca4b6b26be052,373fca46a765439794d1ecbb5839a161,4d7d72d230f5469199a2ea6281b56777,9bd1712ca7df445dbcd269ba4e147e82,-21.567
6f61d7af183f4094919330d51465c1aa,LIDAR_TOP_RIGHT,a34187726d7d4a0aa4d615595bc6ccc2,f8849496a35c4af599b8e598afda166d,1e4c898242d44397be247951305b2b5f,9bd1712ca7df445dbcd269ba4e147e82,28.319
6f61d7af183f4094919330d51465c1aa,RADAR_LEFT_BACK,71279909aa484e52ad1cafc505b7cd00,326989c743c948bf86229f525d0deb2d,9bd1712ca7df445dbcd269ba4e147e82,9bd1712ca7df445dbcd269ba4e147e82,6.08
6f61d7af183f4094919330d51465c1aa,RADAR_LEFT_FRONT,2424aedfc3494a8696f47d204e3b2500,5e6c5afaa842478db6066e9de8dec1ef,9bd1712ca7df445dbcd269ba4e147e82,9bd1712ca7df445dbcd269ba4e147e82,4.965
6f61d7af183f4094919330d51465c1aa,RADAR_LEFT_SIDE,b90599d2717f49bfba6ba16525ce3f9b,cbecfab3ced24bbeab0a1b1bdd4375a8,9bd1712ca7df445dbcd269ba4e147e82,9bd1712ca7df445dbcd269ba4e147e82,7.768
6f61d7af183f4094919330d51465c1aa,RADAR_RIGHT_BACK,87855041dffb412eb5e2fa69cbeee2ec,f2c73d43e0994ee8a16f930860856c0e,9bd1712ca7df445dbcd269ba4e147e82,9bd1712ca7df445dbcd269ba4e147e82,6.189
6f61d7af183f4094919330d51465c1aa,RADAR_RIGHT_FRONT,c6b8b296c18846f481ed77e09406343c,3126c35b164c459d85e0a0555ccba628,9bd1712ca7df445dbcd269ba4e147e82,9bd1712ca7df445dbcd269ba4e147e82,6.189
6f61d7af183f4094919330d51465c1aa,RADAR_RIGHT_SIDE,e86169d1fa7f43ca9f6a8fd20ad2d20e,8bef64c60da74778a5b9ef975c97edb7,9bd1712ca7df445dbcd269ba4e147e82,9bd1712ca7df445dbcd269ba4e147e82,6.105
51c116a371d645668dac1af0a02ee674,LIDAR_LEFT,8e946d42d3c743ad9bc49bd049ecc860,2e6c7b7b7ceb4f69be01f9006cedf58f,b1d875546d0b48a4bbfa26e98c8215ba,938bf2bfb7164e5897ff76126b90b40b,-10.657
51c116a371d645668dac1af0a02ee674,LIDAR_REAR,17d77b3a5015499680c5dc7be92c497b,7198b581279c431bad450deaf7669f87,86e57d40ed7e499c97491c6a3d4ca81d,938bf2bfb7164e5897ff76126b90b40b,-47.828
51c116a371d645668dac1af0a02ee674,LIDAR_RIGHT,87b90d93611543d6bffedbdfad132426,aefabf5dd96744beb296b9881d60ff8b,e5f115ffc4244a2b9c2f2168eb7bbb67,938bf2bfb7164e5897ff76126b90b40b,14.048
51c116a371d645668dac1af0a02ee674,LIDAR_TOP_FRONT,7dde6a66da6b408e8fa96c832accc268,f994daad50a14ac49f1468d66eb8db62,938bf2bfb7164e5897ff76126b90b40b,938bf2bfb7164e5897ff76126b90b40b,2.744
51c116a371d645668dac1af0a02ee674,LIDAR_TOP_LEFT,b3aa0613312f4081b29d5beae2acb07d,373fca46a765439794d1ecbb5839a161,77fcf46d1d5b41a8a727b6bfebf2a6c2,938bf2bfb7164e5897ff76126b90b40b,-22.149
51c116a371d645668dac1af0a02ee674,LIDAR_TOP_RIGHT,52f9e701243d4de99f3c0bbab32dc1a8,f8849496a35c4af599b8e598afda166d,04df3c85364040ca98eac08869771061,938bf2bfb7164e5897ff76126b90b40b,27.964
51c116a371d645668dac1af0a02ee674,RADAR_LEFT_BACK,54fdec4e13b34babaf5f5c13d49788ca,326989c743c948bf86229f525d0deb2d,938bf2bfb7164e5897ff76126b90b40b,938bf2bfb7164e5897ff76126b90b40b,6.885
51c116a371d645668dac1af0a02ee674,RADAR_LEFT_FRONT,e8b581872654448abb7ea242c628b54f,5e6c5afaa842478db6066e9de8dec1ef,938bf2bfb7164e5897ff76126b90b40b,938bf2bfb7164e5897ff76126b90b40b,5.604
51c116a371d645668dac1af0a02ee674,RADAR_LEFT_SIDE,39365c5b8e694cffa1fd69b2e83de16b,cbecfab3ced24bbeab0a1b1bdd4375a8,938bf2bfb7164e5897ff76126b90b40b,938bf2bfb7164e5897ff76126b90b40b,3.501
51c116a371d645668dac1af0a02ee674,RADAR_RIGHT_BACK,0291483d653b499595c203bee32a2102,f2c73d43e0994ee8a16f930860856c0e,938bf2bfb7164e5897ff76126b90b40b,938bf2bfb7164e5897ff76126b90b40b,7.022
51c116a371d645668dac1af0a02ee674,RADAR_RIGHT_FRONT,831c10b5a92f4f4b830b1da461960851,3126c35b164c459d85e0a0555ccba628,938bf2bfb7164e5897ff76126b90b40b,938bf2bfb7164e5897ff76126b90b40b,7.039
51c116a371d645668dac1af0a02ee674,RADAR_RIGHT_SIDE,b8581a43badf4bfcb8c38779e01c3507,8bef64c60da74778a5b9ef975c97edb7,938bf2bfb7164e5897ff76126b90b40b,938bf2bfb7164e5897ff76126b90b40b,6.918
7a7c5575a7c342619ce96378e04038a1,LIDAR_LEFT,fadcdbb03ebc42ff9077d217ea7c8926,2e6c7b7b7ceb4f69be01f9006cedf58f,dc86414cf4be4522af691f426521dd87,951d6d50b35b415a9b5ca3797d238207,-10.652
7a7c5575a7c342619ce96378e04038a1,LIDAR_REAR,eb65c40d29a44361a4fe6e5ee9f25eb5,7198b581279c431bad450deaf7669f87,fe4fff246d224035912b0fd3eabf7f27,951d6d50b35b415a9b5ca3797d238207,-48.533
7a7c5575a7c342619ce96378e04038a1,LIDAR_RIGHT,20f6bd9a8feb4e19851ebb854aadeab2,aefabf5dd96744beb296b9881d60ff8b,eaacc991355a4479a00fd07f64d0ef28,951d6d50b35b415a9b5ca3797d238207,14.128
7a7c5575a7c342619ce96378e04038a1,LIDAR_TOP_FRONT,a58962acdd4c45ff8e994a0ed3e89fbf,f994daad50a14ac49f1468d66eb8db62,951d6d50b35b415a9b5ca3797d238207,951d6d50b35b415a9b5ca3797d238207,2.226
7a7c5575a7c342619ce96378e04038a1,LIDAR_TOP_LEFT,bf19d3433f8849149e32a0af2b831916,373fca46a765439794d1ecbb5839a161,6352c4923c8a4f0d8a134fcf1ffeb9ed,951d6d50b35b415a9b5ca3797d238207,-22.546
7a7c5575a7c342619ce96378e04038a1,LIDAR_TOP_RIGHT,b29df97266ca4b4f87b197536a2271e0,f8849496a35c4af599b8e598afda166d,8b085e75fbbb4eb28078060ae1d951d4,951d6d50b35b415a9b5ca3797d238207,27.678
7a7c5575a7c342619ce96378e04038a1,RADAR_LEFT_BACK,be236d2c43cd434f8cb311c47377b059,326989c743c948bf86229f525d0deb2d,951d6d50b35b415a9b5ca3797d238207,951d6d50b35b415a9b5ca3797d238207,3.563
7a7c5575a7c342619ce96378e04038a1,RADAR_LEFT_FRONT,35b217bad97341c781854ddc2ad37c52,5e6c5afaa842478db6066e9de8dec1ef,951d6d50b35b415a9b5ca3797d238207,951d6d50b35b415a9b5ca3797d238207,6.796
7a7c5575a7c342619ce96378e04038a1,RADAR_LEFT_SIDE,7f300814db7e4c6888b4562cf1efe614,cbecfab3ced24bbeab0a1b1bdd4375a8,951d6d50b35b415a9b5ca3797d238207,951d6d50b35b415a9b5ca3797d238207,5.231
7a7c5575a7c342619ce96378e04038a1,RADAR_RIGHT_BACK,07c7d070768d45c5ab3192825285358f,f2c73d43e0994ee8a16f930860856c0e,951d6d50b35b415a9b5ca3797d238207,951d6d50b35b415a9b5ca3797d238207,3.657
7a7c5575a7c342619ce96378e04038a1,RADAR_RIGHT_FRONT,9cb1733fd1e94242ba63d085f81fe0a4,3126c35b164c459d85e0a0555ccba628,fe4fff246d224035912b0fd3eabf7f27,951d6d50b35b415a9b5ca3797d238207,-43.526
7a7c5575a7c342619ce96378e04038a1,RADAR_RIGHT_SIDE,3d3849f6abc84d47b81a094302617b0f,8bef64c60da74778a5b9ef975c97edb7,951d6d50b35b415a9b5ca3797d238207,951d6d50b35b415a9b5ca3797d238207,3.522
a83f7b2127814ba5a0ded665a015e769,LIDAR_LEFT,110c520bccbf40f9b70e6684f6140dc4,2e6c7b7b7ceb4f69be01f9006cedf58f,7240274d6f4148c8859dfcec9d1769e8,2b7c66a188b44013805b75202841c4ac,-10.651
a83f7b2127814ba5a0ded665a015e769,LIDAR_REAR,e1e0bb354ae0404ba4e49a58d1ec16ae,7198b581279c431bad450deaf7669f87,4dd44aaad30b4e3cb5754563b93b267c,2b7c66a188b44013805b75202841c4ac,-48.789
a83f7b2127814ba5a0ded665a015e769,LIDAR_RIGHT,0a63d70b3efa4ef79e66d9b0dfe56e6f,aefabf5dd96744beb296b9881d60ff8b,e818d5dd7d6349bb913d05119c59a5c9,2b7c66a188b44013805b75202841c4ac,14.577
a83f7b2127814ba5a0ded665a015e769,LIDAR_TOP_FRONT,4dcdbd1566fb47f6897402d291c840b4,f994daad50a14ac49f1468d66eb8db62,2b7c66a188b44013805b75202841c4ac,2b7c66a188b44013805b75202841c4ac,1.822
a83f7b2127814ba5a0ded665a015e769,LIDAR_TOP_LEFT,c705c217dc0a41ee9c647f872b94635e,373fca46a765439794d1ecbb5839a161,d384af906c8d48a09606599b9cf6c98b,2b7c66a188b44013805b75202841c4ac,-22.866
a83f7b2127814ba5a0ded665a015e769,LIDAR_TOP_RIGHT,9e1000a3a81d46b2b0fa9da2ad1e72c4,f8849496a35c4af599b8e598afda166d,726b3b1314a4421e892896f67af9fa87,2b7c66a188b44013805b75202841c4ac,27.429
a83f7b2127814ba5a0ded665a015e769,RADAR_LEFT_BACK,d263d2fcff7149f3a9cf66c935df4f72,326989c743c948bf86229f525d0deb2d,2b7c66a188b44013805b75202841c4ac,2b7c66a188b44013805b75202841c4ac,4.604
a83f7b2127814ba5a0ded665a015e769,RADAR_LEFT_FRONT,fb9d1dd950e04aa0a78c730fe624bd9e,5e6c5afaa842478db6066e9de8dec1ef,2b7c66a188b44013805b75202841c4ac,2b7c66a188b44013805b75202841c4ac,2.903
a83f7b2127814ba5a0ded665a015e769,RADAR_LEFT_SIDE,bde526fb911c4629bdc73061cebb877a,cbecfab3ced24bbeab0a1b1bdd4375a8,2b7c66a188b44013805b75202841c4ac,2b7c66a188b44013805b75202841c4ac,6.473
a83f7b2127814ba5a0ded665a015e769,RADAR_RIGHT_BACK,d14f10fe1352497aa937d2eccbfe5295,f2c73d43e0994ee8a16f930860856c0e,2b7c66a188b44013805b75202841c4ac,2b7c66a188b44013805b75202841c4ac,4.649
a83f7b2127814ba5a0ded665a015e769,RADAR_RIGHT_FRONT,851a436ec4af4e2c9cf6d74166cbf163,3126c35b164c459d85e0a0555ccba628,2b7c66a188b44013805b75202841c4ac,2b7c66a188b44013805b75202841c4ac,4.595
a83f7b2127814ba5a0ded665a015e769,RADAR_RIGHT_SIDE,8d9283e8def7421895544db289ef9432,8bef64c60da74778a5b9ef975c97edb7,2b7c66a188b44013805b75202841c4ac,2b7c66a188b44013805b75202841c4ac,4.522
8853f77c7306460e8a319a0e56f1b3fd,LIDAR_LEFT,4b7cc35a8fea4574aa43523988aa7035,2e6c7b7b7ceb4f69be01f9006cedf58f,ee03980a61734ac38d7458f55dab071b,a980ffef3ca14b14b722415f0bc68c19,-10.621
8853f77c7306460e8a319a0e56f1b3fd,LIDAR_REAR,6e0c90b9b51e4b67bf287531c7100e6d,7198b581279c431bad450deaf7669f87,cc9a0ef33d6844faa9e2864c0cfad488,a980ffef3ca14b14b722415f0bc68c19,-48.795
8853f77c7306460e8a319a0e56f1b3fd,LIDAR_RIGHT,ab965748996648d989aa38294c03d3d6,aefabf5dd96744beb296b9881d60ff8b,122e842125ff4b119228fe1cf4d7b52f,a980ffef3ca14b14b722415f0bc68c19,14.609
8853f77c7306460e8a319a0e56f1b3fd,LIDAR_TOP_FRONT,d124c0c078314e1aaa6e3b4f8ffd1345,f994daad50a14ac49f1468d66eb8db62,a980ffef3ca14b14b722415f0bc68c19,a980ffef3ca14b14b722415f0bc68c19,2.321
8853f77c7306460e8a319a0e56f1b3fd,LIDAR_TOP_LEFT,0004dcc978f64d6aa68883dabd8a878d,373fca46a765439794d1ecbb5839a161,8f4952751fee4c668ed1b7f6032e50ea,a980ffef3ca14b14b722415f0bc68c19,-22.901
8853f77c7306460e8a319a0e56f1b3fd,LIDAR_TOP_RIGHT,b3622e0e67ea4cd7af511cff288acf55,f8849496a35c4af599b8e598afda166d,6eb55267cd7f48e780a5fac4f7496f88,a980ffef3ca14b14b722415f0bc68c19,27.497
8853f77c7306460e8a319a0e56f1b3fd,RADAR_LEFT_BACK,7705eec1f2a24960843330cc6c685cf5,326989c743c948bf86229f525d0deb2d,a980ffef3ca14b14b722415f0bc68c19,a980ffef3ca14b14b722415f0bc68c19,6.188
8853f77c7306460e8a319a0e56f1b3fd,RADAR_LEFT_FRONT,5b55ef239fba489bb4d5ebf5333f76df,5e6c5afaa842478db6066e9de8dec1ef,a980ffef3ca14b14b722415f0bc68c19,a980ffef3ca14b14b722415f0bc68c19,5.061
8853f77c7306460e8a319a0e56f1b3fd,RADAR_LEFT_SIDE,428c4f742673471b91b7fa2c4bb3164b,cbecfab3ced24bbeab0a1b1bdd4375a8,a980ffef3ca14b14b722415f0bc68c19,a980ffef3ca14b14b722415f0bc68c19,3.398
8853f77c7306460e8a319a0e56f1b3fd,RADAR_RIGHT_BACK,5989674039d344638a996fcfad262f9a,f2c73d43e0994ee8a16f930860856c0e,a980ffef3ca14b14b722415f0bc68c19,a980ffef3ca14b14b722415f0bc68c19,6.247
8853f77c7306460e8a319a0e56f1b3fd,RADAR_RIGHT_FRONT,3efc5fe986c848d1bc88438038b340b9,3126c35b164c459d85e0a0555ccba628,a980ffef3ca14b14b722415f0bc68c19,a980ffef3ca14b14b722415f0bc68c19,6.281
8853f77c7306460e8a319a0e56f1b3fd,RADAR_RIGHT_SIDE,423754b4f4a84464b876d76a1b333cff,8bef64c60da74778a5b9ef975c97edb7,a980ffef3ca14b14b722415f0bc68c19,a980ffef3ca14b14b722415f0bc68c19,6.204
4752b1aca7c741f9b932631474a5a1f4,LIDAR_LEFT,0c38290272b74bee84302348f10474ea,2e6c7b7b7ceb4f69be01f9006cedf58f,ed2324acb3124102b4c1eeb6c295228a,bd8a3b2d45234f94a0db0c8c8fdb0197,-10.621
4752b1aca7c741f9b932631474a5a1f4,LIDAR_REAR,ef71c2df4bf54a80840504b2d2687e24,7198b581279c431bad450deaf7669f87,baff8e135ab849e98f731320e449c3e9,bd8a3b2d45234f94a0db0c8c8fdb0197,-48.154
4752b1aca7c741f9b932631474a5a1f4,LIDAR_RIGHT,5fca16236fac4beeb13896ca3c4549b6,aefabf5dd96744beb296b9881d60ff8b,31aedd86843a479abc1d6d3efe5d8f1e,bd8a3b2d45234f94a0db0c8c8fdb0197,14.567
4752b1aca7c741f9b932631474a5a1f4,LIDAR_TOP_FRONT,f56bc75bc8f3485fae3b061d33a0a9df,f994daad50a14ac49f1468d66eb8db62,bd8a3b2d45234f94a0db0c8c8fdb0197,bd8a3b2d45234f94a0db0c8c8fdb0197,3.05
4752b1aca7c741f9b932631474a5a1f4,LIDAR_TOP_LEFT,2f35636babc943298c95736f78dd318c,373fca46a765439794d1ecbb5839a161,e9aa30e270964f5e9357feb6258ef020,bd8a3b2d45234f94a0db0c8c8fdb0197,-22.333
4752b1aca7c741f9b932631474a5a1f4,LIDAR_TOP_RIGHT,f2146c2fea9b4775a38de00c841862f5,f8849496a35c4af599b8e598afda166d,f16d577f64074a7aadb321ecc023a330,bd8a3b2d45234f94a0db0c8c8fdb0197,27.92
4752b1aca7c741f9b932631474a5a1f4,RADAR_LEFT_BACK,bb887ae85acd420aa1b6eddce6a7c4cc,326989c743c948bf86229f525d0deb2d,bd8a3b2d45234f94a0db0c8c8fdb0197,bd8a3b2d45234f94a0db0c8c8fdb0197,4.137
4752b1aca7c741f9b932631474a5a1f4,RADAR_LEFT_FRONT,bd8c001c1e4e40d1bceadaac664735d3,5e6c5afaa842478db6066e9de8dec1ef,baff8e135ab849e98f731320e449c3e9,bd8a3b2d45234f94a0db0c8c8fdb0197,-44.602
4752b1aca7c741f9b932631474a5a1f4,RADAR_LEFT_SIDE,707020897d4d4c32979e15cd393c605f,cbecfab3ced24bbeab0a1b1bdd4375a8,bd8a3b2d45234f94a0db0c8c8fdb0197,bd8a3b2d45234f94a0db0c8c8fdb0197,5.442
4752b1aca7c741f9b932631474a5a1f4,RADAR_RIGHT_BACK,6aa1f195a65d459fbd90c2a238e32d2e,f2c73d43e0994ee8a16f930860856c0e,bd8a3b2d45234f94a0db0c8c8fdb0197,bd8a3b2d45234f94a0db0c8c8fdb0197,4.221
4752b1aca7c741f9b932631474a5a1f4,RADAR_RIGHT_FRONT,6cd9523955184fd09b575ee297499788,3126c35b164c459d85e0a0555ccba628,bd8a3b2d45234f94a0db0c8c8fdb0197,bd8a3b2d45234f94a0db0c8c8fdb0197,4.25
4752b1aca7c741f9b932631474a5a1f4,RADAR_RIGHT_SIDE,ceaaa66658dc487da5d56d04adaf7ede,8bef64c60da74778a5b9ef975c97edb7,bd8a3b2d45234f94a0db0c8c8fdb0197,bd8a3b2d45234f94a0db0c8c8fdb0197,4.173
7e342d779b5d446981801c5dfae2990e,LIDAR_LEFT,e9006789580a439aae3eab15120d45a3,2e6c7b7b7ceb4f69be01f9006cedf58f,14e54763599b43adae9ea51c1c96916b,fd0f362dc6704671956c30bfc2dad841,-10.64
7e342d779b5d446981801c5dfae2990e,LIDAR_REAR,c2b2b4bd67a9466cb813170dc9bb325d,7198b581279c431bad450deaf7669f87,ec0bf4d1676047d388c8af04f83374be,fd0f362dc6704671956c30bfc2dad841,-47.992
7e342d779b5d446981801c5dfae2990e,LIDAR_RIGHT,33d5dce045dc4813afd2cd38f38322b9,aefabf5dd96744beb296b9881d60ff8b,61d582828a874e6daa682e57c8f59d0d,fd0f362dc6704671956c30bfc2dad841,14.877
7e342d779b5d446981801c5dfae2990e,LIDAR_TOP_FRONT,df9efbbcfca64c6b988ed68b30f215a9,f994daad50a14ac49f1468d66eb8db62,fd0f362dc6704671956c30bfc2dad841,fd0f362dc6704671956c30bfc2dad841,3.418
7e342d779b5d446981801c5dfae2990e,LIDAR_TOP_LEFT,200fd4fad8f04b67b00f5d8a106ccdbe,373fca46a765439794d1ecbb5839a161,4cead65e4a3e409089f40e9fcc1f5b15,fd0f362dc6704671956c30bfc2dad841,-21.92
7e342d779b5d446981801c5dfae2990e,LIDAR_TOP_RIGHT,21bb4680f8a242c2b6ea233a0d4e313d,f8849496a35c4af599b8e598afda166d,6fbf6c9297384ff2887f6287a0f1a8fe,fd0f362dc6704671956c30bfc2dad841,28.344
7e342d779b5d446981801c5dfae2990e,RADAR_LEFT_BACK,b0a821c4a7d944d0a60f9227803f80fc,326989c743c948bf86229f525d0deb2d,fd0f362dc6704671956c30bfc2dad841,fd0f362dc6704671956c30bfc2dad841,5.411
7e342d779b5d446981801c5dfae2990e,RADAR_LEFT_FRONT,c7fb12b54cd347cb9c4a3752bf64687a,5e6c5afaa842478db6066e9de8dec1ef,fd0f362dc6704671956c30bfc2dad841,fd0f362dc6704671956c30bfc2dad841,4.374
7e342d779b5d446981801c5dfae2990e,RADAR_LEFT_SIDE,ec4fa9f135f146efb31db904b62b69fe,cbecfab3ced24bbeab0a1b1bdd4375a8,fd0f362dc6704671956c30bfc2dad841,fd0f362dc6704671956c30bfc2dad841,7.26
7e342d779b5d446981801c5dfae2990e,RADAR_RIGHT_BACK,5f715d0986254094b3e70c1d543a43a5,f2c73d43e0994ee8a16f930860856c0e,fd0f362dc6704671956c30bfc2dad841,fd0f362dc6704671956c30bfc2dad841,5.444
7e342d779b5d446981801c5dfae2990e,RADAR_RIGHT_FRONT,46f7521a7fd84c55aba6af34d4218545,3126c35b164c459d85e0a0555ccba628,fd0f362dc6704671956c30bfc2dad841,fd0f362dc6704671956c30bfc2dad841,5.465
7e342d779b5d446981801c5dfae2990e,RADAR_RIGHT_SIDE,048dd378cb0a408fbfeb9cf73a3e8885,8bef64c60da74778a5b9ef975c97edb7,fd0f362dc6704671956c30bfc2dad841,fd0f362dc6704671956c30bfc2dad841,5.38
9bd4a2d0f3ae4c5fbc8f9b25c3a5fc05,LIDAR_LEFT,c48241f2990845f4937707ae2d3f6124,2e6c7b7b7ceb4f69be01f9006cedf58f,30a518c530194b38a2dc9b89fa9dbd08,b63e0fb3edf64d7fa1a63e41290a4f6b,-10.637
9bd4a2d0f3ae4c5fbc8f9b25c3a5fc05,LIDAR_REAR,105c422312074f3ca49f8b87ecadc67b,7198b581279c431bad450deaf7669f87,116ad341a318492cb70b6851e336cb71,b63e0fb3edf64d7fa1a63e41290a4f6b,-47.665
9bd4a2d0f3ae4c5fbc8f9b25c3a5fc05,LIDAR_RIGHT,d3fadcb49d984f41805e9cbe072f5c19,aefabf5dd96744beb296b9881d60ff8b,da75d04cf792461fb32baf072c09e823,b63e0fb3edf64d7fa1a63e41290a4f6b,15.181
9bd4a2d0f3ae4c5fbc8f9b25c3a5fc05,LIDAR_TOP_FRONT,8f2796a1564343d58a76a4ec16b18ea1,f994daad50a14ac49f1468d66eb8db62,b63e0fb3edf64d7fa1a63e41290a4f6b,b63e0fb3edf64d7fa1a63e41290a4f6b,3.379
9bd4a2d0f3ae4c5fbc8f9b25c3a5fc05,LIDAR_TOP_LEFT,994d535ecfbe4918a6310c9716cce428,373fca46a765439794d1ecbb5839a161,d6734a2e67cc46d38298c101d23d4c1f,b63e0fb3edf64d7fa1a63e41290a4f6b,-21.533
9bd4a2d0f3ae4c5fbc8f9b25c3a5fc05,LIDAR_TOP_RIGHT,59fcb797cfa44da4bd2ebfd2a54edbd7,f8849496a35c4af599b8e598afda166d,b74e29605b9042afbf2d7330b8c207d5,b63e0fb3edf64d7fa1a63e41290a4f6b,28.533
9bd4a2d0f3ae4c5fbc8f9b25c3a5fc05,RADAR_LEFT_BACK,1ea46b5a5fda4a948fe44329fb8471e2,326989c743c948bf86229f525d0deb2d,b63e0fb3edf64d7fa1a63e41290a4f6b,b63e0fb3edf64d7fa1a63e41290a4f6b,7.256
9bd4a2d0f3ae4c5fbc8f9b25c3a5fc05,RADAR_LEFT_FRONT,8cb01b98bf1245af8df25551da3d4e2b,5e6c5afaa842478db6066e9de8dec1ef,b63e0fb3edf64d7fa1a63e41290a4f6b,b63e0fb3edf64d7fa1a63e41290a4f6b,6.016
9bd4a2d0f3ae4c5fbc8f9b25c3a5fc05,RADAR_LEFT_SIDE,4177236bb373485b92d2e4d8b3ffce23,cbecfab3ced24bbeab0a1b1bdd4375a8,b63e0fb3edf64d7fa1a63e41290a4f6b,b63e0fb3edf64d7fa1a63e41290a4f6b,4.744
9bd4a2d0f3ae4c5fbc8f9b25c3a5fc05,RADAR_RIGHT_BACK,61a046f52f684ae7a9667c6f4005a069,f2c73d43e0994ee8a16f930860856c0e,b63e0fb3edf64d7fa1a63e41290a4f6b,b63e0fb3edf64d7fa1a63e41290a4f6b,7.389
9bd4a2d0f3ae4c5fbc8f9b25c3a5fc05,RADAR_RIGHT_FRONT,d7d0f65907784347877b84c3fbfa857f,3126c35b164c459d85e0a0555ccba628,b63e0fb3edf64d7fa1a63e41290a4f6b,b63e0fb3edf64d7fa1a63e41290a4f6b,7.381
9bd4a2d0f3ae4c5fbc8f9b25c3a5fc05,RADAR_RIGHT_SIDE,f9e2e8681cb4401c8f6b4ff8b3648fee,8bef64c60da74778a5b9ef975c97edb7,b63e0fb3edf64d7fa1a63e41290a4f6b,b63e0fb3edf64d7fa1a63e41290a4f6b,7.279
0556486618ae429895ef8caa898ee953,LIDAR_LEFT,f3814cecb60248f5bba1ac79a5e0e456,2e6c7b7b7ceb4f69be01f9006cedf58f,373f21ae14724f9caf46bc71ebc73bb7,4d3415c8859f4f93a009b5db26467612,-10.645
0556486618ae429895ef8caa898ee953,LIDAR_REAR,2f1ab72dfc6c41a090b1a69136f55272,7198b581279c431bad450deaf7669f87,abba3ab771ae49f5ace799f1e64c3cca,4d3415c8859f4f93a009b5db26467612,-47.703
0556486618ae429895ef8caa898ee953,LIDAR_RIGHT,bdd4eb1aad564cc5a164c1ad659e7976,aefabf5dd96744beb296b9881d60ff8b,9332f9d2ea5a4279887f61c790d6ffcf,4d3415c8859f4f93a009b5db26467612,14.804
0556486618ae429895ef8caa898ee953,LIDAR_TOP_FRONT,a6d3b951e2c94223a1bd6fe5752a8e82,f994daad50a14ac49f1468d66eb8db62,4d3415c8859f4f93a009b5db26467612,4d3415c8859f4f93a009b5db26467612,3.287
0556486618ae429895ef8caa898ee953,LIDAR_TOP_LEFT,146b900203a44cf796d74e9bbe947479,373fca46a765439794d1ecbb5839a161,275ba98eea0c4039991d69b569ccaa5a,4d3415c8859f4f93a009b5db26467612,-21.389
0556486618ae429895ef8caa898ee953,LIDAR_TOP_RIGHT,b262348ee21e4357a314605663c4dcee,f8849496a35c4af599b8e598afda166d,97e9ef428b534c548c6c4ab2a9f9faf0,4d3415c8859f4f93a009b5db26467612,28.402
0556486618ae429895ef8caa898ee953,RADAR_LEFT_BACK,c1016e72c3dd4ea89537ad133a640d40,326989c743c948bf86229f525d0deb2d,4d3415c8859f4f93a009b5db26467612,4d3415c8859f4f93a009b5db26467612,4.091
0556486618ae429895ef8caa898ee953,RADAR_LEFT_FRONT,b926e120c0f045959c11e3d7a91bf67b,5e6c5afaa842478db6066e9de8dec1ef,abba3ab771ae49f5ace799f1e64c3cca,4d3415c8859f4f93a009b5db26467612,-44.477
0556486618ae429895ef8caa898ee953,RADAR_LEFT_SIDE,35e9e303df0b45f5b88931bf7f1372a9,cbecfab3ced24bbeab0a1b1bdd4375a8,4d3415c8859f4f93a009b5db26467612,4d3415c8859f4f93a009b5db26467612,5.591
0556486618ae429895ef8caa898ee953,RADAR_RIGHT_BACK,7ceeea73b7fd42dd8e7084d7d3442a81,f2c73d43e0994ee8a16f930860856c0e,4d3415c8859f4f93a009b5db26467612,4d3415c8859f4f93a009b5db26467612,4.199
0556486618ae429895ef8caa898ee953,RADAR_RIGHT_FRONT,e9f64f1e25844e7384b6e8865d16be15,3126c35b164c459d85e0a0555ccba628,4d3415c8859f4f93a009b5db26467612,4d3415c8859f4f93a009b5db26467612,4.281
0556486618ae429895ef8caa898ee953,RADAR_RIGHT_SIDE,9b684ec51a5e4b15bf1ce5587d0fca12,8bef64c60da74778a5b9ef975c97edb7,4d3415c8859f4f93a009b5db26467612,4d3415c8859f4f93a009b5db26467612,4.146
896fee4da88548658064bbe791974249,LIDAR_LEFT,cbe2c603b3f640a58fcf217d418d1a51,2e6c7b7b7ceb4f69be01f9006cedf58f,b1d36b617ec1420b969b052c9f67a3d8,619c348af9ca4e03857238a665f7d434,-10.658
896fee4da88548658064bbe791974249,LIDAR_REAR,10823bc075b84a78a2bbcdd1ed277c9c,7198b581279c431bad450deaf7669f87,50e8c09f8ad8438cbda3c97460bb4954,619c348af9ca4e03857238a665f7d434,-48.013
896fee4da88548658064bbe791974249,LIDAR_RIGHT,2c6bd191d76749d28850664be0961585,aefabf5dd96744beb296b9881d60ff8b,8c3fa5a73d1140b298a979c46c1fe7bf,619c348af9ca4e03857238a665f7d434,14.032
896fee4da88548658064bbe791974249,LIDAR_TOP_FRONT,9a5d4708225f4178bd36014ab30ba9cf,f994daad50a14ac49f1468d66eb8db62,619c348af9ca4e03857238a665f7d434,619c348af9ca4e03857238a665f7d434,2.286
896fee4da88548658064bbe791974249,LIDAR_TOP_LEFT,d8f174af3ec04f0c9155c867cea5295f,373fca46a765439794d1ecbb5839a161,8bd0c3df404a45a49b57d7d1abd5e42a,619c348af9ca4e03857238a665f7d434,-22.339
896fee4da88548658064bbe791974249,LIDAR_TOP_RIGHT,e2870d3c82b44bb3b8a6c30c7b3bec9a,f8849496a35c4af599b8e598afda166d,7e40343365384e82bcff2b417e5c492f,619c348af9ca4e03857238a665f7d434,27.556
896fee4da88548658064bbe791974249,RADAR_LEFT_BACK,482bd8847634408b89dd37ab6e287aec,326989c743c948bf86229f525d0deb2d,619c348af9ca4e03857238a665f7d434,619c348af9ca4e03857238a665f7d434,5.277
896fee4da88548658064bbe791974249,RADAR_LEFT_FRONT,716ac097d8a44f41913d7420fc251984,5e6c5afaa842478db6066e9de8dec1ef,619c348af9ca4e03857238a665f7d434,619c348af9ca4e03857238a665f7d434,3.971
896fee4da88548658064bbe791974249,RADAR_LEFT_SIDE,126589f7bb3447cba1b8dea893123649,cbecfab3ced24bbeab0a1b1bdd4375a8,619c348af9ca4e03857238a665f7d434,619c348af9ca4e03857238a665f7d434,6.542
896fee4da88548658064bbe791974249,RADAR_RIGHT_BACK,54cef882fcb549489594f13621c520c9,f2c73d43e0994ee8a16f930860856c0e,619c348af9ca4e03857238a665f7d434,619c348af9ca4e03857238a665f7d434,5.38
896fee4da88548658064bbe791974249,RADAR_RIGHT_FRONT,b82b1e9762b1475b84e511369d830045,3126c35b164c459d85e0a0555ccba628,619c348af9ca4e03857238a665f7d434,619c348af9ca4e03857238a665f7d434,5.513
896fee4da88548658064bbe791974249,RADAR_RIGHT_SIDE,c6931bf3014643afb4eaeb59fdd74e16,8bef64c60da74778a5b9ef975c97edb7,619c348af9ca4e03857238a665f7d434,619c348af9ca4e03857238a665f7d434,5.322
34d0b00f1801498c803ec07dce543b72,LIDAR_LEFT,035bd2e2694b42ad90f4b9198872f028,2e6c7b7b7ceb4f69be01f9006cedf58f,16f00d28c15047ddb512ca079bd0f149,65d97937568a4ddf8ae325ec3c4a4d50,-10.654
34d0b00f1801498c803ec07dce543b72,LIDAR_REAR,faf2be6531cb47a1943214e9adeb938f,7198b581279c431bad450deaf7669f87,84ae68424efe42d2a3bbaa369c8600c7,65d97937568a4ddf8ae325ec3c4a4d50,-48.302
34d0b00f1801498c803ec07dce543b72,LIDAR_RIGHT,96d9fbf7ce96498893658eb71d29ca8a,aefabf5dd96744beb296b9881d60ff8b,1b2aca32f69b455395f36f5b124846df,65d97937568a4ddf8ae325ec3c4a4d50,13.816
34d0b00f1801498c803ec07dce543b72,LIDAR_TOP_FRONT,8b158a795f544e17a04a4f385977446e,f994daad50a14ac49f1468d66eb8db62,65d97937568a4ddf8ae325ec3c4a4d50,65d97937568a4ddf8ae325ec3c4a4d50,2.31
34d0b00f1801498c803ec07dce543b72,LIDAR_TOP_LEFT,efb6ad8ae1fd425c961ac63fb69ce21d,373fca46a765439794d1ecbb5839a161,22effc86a0d441579598c231aadf77e2,65d97937568a4ddf8ae325ec3c4a4d50,-22.484
34d0b00f1801498c803ec07dce543b72,LIDAR_TOP_RIGHT,fe8e49d7ec8e41689d5646a112d17eb8,f8849496a35c4af599b8e598afda166d,a1cd937c9acf4171bab8833737fb56a1,65d97937568a4ddf8ae325ec3c4a4d50,27.358
34d0b00f1801498c803ec07dce543b72,RADAR_LEFT_BACK,ceab03b0a18a4b47badeb51e36e2afc4,326989c743c948bf86229f525d0deb2d,65d97937568a4ddf8ae325ec3c4a4d50,65d97937568a4ddf8ae325ec3c4a4d50,5.937
34d0b00f1801498c803ec07dce543b72,RADAR_LEFT_FRONT,4b3b23a503e843958175e7b92bb50ec1,5e6c5afaa842478db6066e9de8dec1ef,65d97937568a4ddf8ae325ec3c4a4d50,65d97937568a4ddf8ae325ec3c4a4d50,4.902
34d0b00f1801498c803ec07dce543b72,RADAR_LEFT_SIDE,6a5ba3112b87418795e4a30823c0a00e,cbecfab3ced24bbeab0a1b1bdd4375a8,65d97937568a4ddf8ae325ec3c4a4d50,65d97937568a4ddf8ae325ec3c4a4d50,3.153
34d0b00f1801498c803ec07dce543b72,RADAR_RIGHT_BACK,b550616d85554ecfad49680d1af7c1c2,f2c73d43e0994ee8a16f930860856c0e,65d97937568a4ddf8ae325ec3c4a4d50,65d97937568a4ddf8ae325ec3c4a4d50,5.889
34d0b00f1801498c803ec07dce543b72,RADAR_RIGHT_FRONT,f8042737d67f4d8da25c4fb868e2ab97,3126c35b164c459d85e0a0555ccba628,65d97937568a4ddf8ae325ec3c4a4d50,65d97937568a4ddf8ae325ec3c4a4d50,5.88
34d0b00f1801498c803ec07dce543b72,RADAR_RIGHT_SIDE,74f27355e7064f39a0aaf104b02d95f8,8bef64c60da74778a5b9ef975c97edb7,65d97937568a4ddf8ae325ec3c4a4d50,65d97937568a4ddf8ae325ec3c4a4d50,5.859
8087e38a235948e1a12fc698a2fbd73d,LIDAR_LEFT,c61f51b24c914c61a3196aba59fe9381,2e6c7b7b7ceb4f69be01f9006cedf58f,72f60247fd2e452284a6aca84a366077,53a38646c322486a9ce526f896f34231,-10.649
8087e38a235948e1a12fc698a2fbd73d,LIDAR_REAR,f236a0501f464097bcb0ab401d78299f,7198b581279c431bad450deaf7669f87,2d29619bed6e4820b35318cf400c0b84,53a38646c322486a9ce526f896f34231,-48.633
8087e38a235948e1a12fc698a2fbd73d,LIDAR_RIGHT,8563cefd5f3b4ce699711d769f3a33af,aefabf5dd96744beb296b9881d60ff8b,256773f3ca484d27a11013a921d6af03,53a38646c322486a9ce526f896f34231,13.708
8087e38a235948e1a12fc698a2fbd73d,LIDAR_TOP_FRONT,dee90906bdff4313ab28acb0a5e41757,f994daad50a14ac49f1468d66eb8db62,53a38646c322486a9ce526f896f34231,53a38646c322486a9ce526f896f34231,1.714
8087e38a235948e1a12fc698a2fbd73d,LIDAR_TOP_LEFT,a4310994c4284cbf9aa5f524abcc0b30,373fca46a765439794d1ecbb5839a161,2c175f1431ee4c8680a37ec00403c7e0,53a38646c322486a9ce526f896f34231,-22.66
8087e38a235948e1a12fc698a2fbd73d,LIDAR_TOP_RIGHT,37caca0c3d4b4295a942834343c05dae,f8849496a35c4af599b8e598afda166d,eb7cbd66db0844b493714df66ff5d7c0,53a38646c322486a9ce526f896f34231,27.071
8087e38a235948e1a12fc698a2fbd73d,RADAR_LEFT_BACK,39ba5d2dca764d7abad4cb67a8a4afdb,326989c743c948bf86229f525d0deb2d,53a38646c322486a9ce526f896f34231,53a38646c322486a9ce526f896f34231,3.577
8087e38a235948e1a12fc698a2fbd73d,RADAR_LEFT_FRONT,49f8907b25044396a5dd33f45f8aec8e,5e6c5afaa842478db6066e9de8dec1ef,53a38646c322486a9ce526f896f34231,53a38646c322486a9ce526f896f34231,5.855
8087e38a235948e1a12fc698a2fbd73d,RADAR_LEFT_SIDE,2889aa4f80a54ec790252574988d1bfb,cbecfab3ced24bbeab0a1b1bdd4375a8,53a38646c322486a9ce526f896f34231,53a38646c322486a9ce526f896f34231,4.655
8087e38a235948e1a12fc698a2fbd73d,RADAR_RIGHT_BACK,953a8b01195d4b628bc7c76471101f01,f2c73d43e0994ee8a16f930860856c0e,53a38646c322486a9ce526f896f34231,53a38646c322486a9ce526f896f34231,3.659
8087e38a235948e1a12fc698a2fbd73d,RADAR_RIGHT_FRONT,1a0089e11eb548c6bef93b9e015c46dc,3126c35b164c459d85e0a0555ccba628,53a38646c322486a9ce526f896f34231,53a38646c322486a9ce526f896f34231,3.645
8087e38a235948e1a12fc698a2fbd73d,RADAR_RIGHT_SIDE,a125d7a63b814b5f8e0f98e70a82a0e4,8bef64c60da74778a5b9ef975c97edb7,53a38646c322486a9ce526f896f34231,53a38646c322486a9ce526f896f34231,3.599
4a2da2b50d9749bc82bd567c13c6dc79,LIDAR_LEFT,ca807c2583c04cf7838676e0d0be217c,2e6c7b7b7ceb4f69be01f9006cedf58f,b3738088273043a6a60744e36cc6f8f2,beb1a5f9c78e4e439c0c3534b5fb6408,-10.636
4a2da2b50d9749bc82bd567c13c6dc79,LIDAR_REAR,c76e7f16ead4496f99af4782ce52f7c2,7198b581279c431bad450deaf7669f87,10452f0544d44627bc22b9342281b472,beb1a5f9c78e4e439c0c3534b5fb6408,-48.819
4a2da2b50d9749bc82bd567c13c6dc79,LIDAR_RIGHT,3173bee5b2b7495ab0d6784705a47eb9,aefabf5dd96744beb296b9881d60ff8b,30a9b80028f747a9be4819fed143a826,beb1a5f9c78e4e439c0c3534b5fb6408,13.674
4a2da2b50d9749bc82bd567c13c6dc79,LIDAR_TOP_FRONT,539d18c3199b4ba483010f7eb09fcbd6,f994daad50a14ac49f1468d66eb8db62,beb1a5f9c78e4e439c0c3534b5fb6408,beb1a5f9c78e4e439c0c3534b5fb6408,1.77
4a2da2b50d9749bc82bd567c13c6dc79,LIDAR_TOP_LEFT,522f7e01963d43e08bbfa0a66e17d627,373fca46a765439794d1ecbb5839a161,8aec11e51ce64f90aca52548daeea8cb,beb1a5f9c78e4e439c0c3534b5fb6408,-22.582
4a2da2b50d9749bc82bd567c13c6dc79,LIDAR_TOP_RIGHT,22d764a6141242c180afb554d45057ed,f8849496a35c4af599b8e598afda166d,e6cab531550044129bf31216f484bf25,beb1a5f9c78e4e439c0c3534b5fb6408,27.069
4a2da2b50d9749bc82bd567c13c6dc79,RADAR_LEFT_BACK,9775e4e66c974af79852c08009957490,326989c743c948bf86229f525d0deb2d,beb1a5f9c78e4e439c0c3534b5fb6408,beb1a5f9c78e4e439c0c3534b5fb6408,4.47
4a2da2b50d9749bc82bd567c13c6dc79,RADAR_LEFT_FRONT,ecaea1f3306a41c5a8c798ddea9b7bc1,5e6c5afaa842478db6066e9de8dec1ef,beb1a5f9c78e4e439c0c3534b5fb6408,beb1a5f9c78e4e439c0c3534b5fb6408,3.145
4a2da2b50d9749bc82bd567c13c6dc79,RADAR_LEFT_SIDE,95c26aa80a6046afa18fa18777719f49,cbecfab3ced24bbeab0a1b1bdd4375a8,beb1a5f9c78e4e439c0c3534b5fb6408,beb1a5f9c78e4e439c0c3534b5fb6408,5.67
4a2da2b50d9749bc82bd567c13c6dc79,RADAR_RIGHT_BACK,c3f922300c5640bb8768ca9650f0ba02,f2c73d43e0994ee8a16f930860856c0e,beb1a5f9c78e4e439c0c3534b5fb6408,beb1a5f9c78e4e439c0c3534b5fb6408,4.412
4a2da2b50d9749bc82bd567c13c6dc79,RADAR_RIGHT_FRONT,5e48c23f652c45588569dbc5ffbf3c31,3126c35b164c459d85e0a0555ccba628,beb1a5f9c78e4e439c0c3534b5fb6408,beb1a5f9c78e4e439c0c3534b5fb6408,4.309
4a2da2b50d9749bc82bd567c13c6dc79,RADAR_RIGHT_SIDE,2066e8af2c98458e80779f1dccdd3ac9,8bef64c60da74778a5b9ef975c97edb7,beb1a5f9c78e4e439c0c3534b5fb6408,beb1a5f9c78e4e439c0c3534b5fb6408,4.257
f52dde90d62b4d3a9024e9280cb73179,LIDAR_LEFT,33fec2f551f8460793dcc2312445471a,2e6c7b7b7ceb4f69be01f9006cedf58f,188f43acb0a54acfb137aceb563e88d6,901cdfdda40b4bc8ae1fa9edcda61d54,-10.631
f52dde90d62b4d3a9024e9280cb73179,LIDAR_REAR,8030a053d3f64d28893c90205ee73b8a,7198b581279c431bad450deaf7669f87,9b6e83afd6e7469ca2408862930c87fe,901cdfdda40b4bc8ae1fa9edcda61d54,-48.255
f52dde90d62b4d3a9024e9280cb73179,LIDAR_RIGHT,7ba59f0d20694d98a78ddf307c0d554a,aefabf5dd96744beb296b9881d60ff8b,a6bf641088f5457bb43d9cfa0c26a55e,901cdfdda40b4bc8ae1fa9edcda61d54,14.153
f52dde90d62b4d3a9024e9280cb73179,LIDAR_TOP_FRONT,28407d2420d54da295fa35e2eca6c0e5,f994daad50a14ac49f1468d66eb8db62,901cdfdda40b4bc8ae1fa9edcda61d54,901cdfdda40b4bc8ae1fa9edcda61d54,2.414
f52dde90d62b4d3a9024e9280cb73179,LIDAR_TOP_LEFT,77809dc71afb493a8f1b803d2db61d6b,373fca46a765439794d1ecbb5839a161,b148d54fc66449519aafdd36381a7c59,901cdfdda40b4bc8ae1fa9edcda61d54,-22.021
f52dde90d62b4d3a9024e9280cb73179,LIDAR_TOP_RIGHT,7e9dd22dc9334758b7f2da482c3e49c4,f8849496a35c4af599b8e598afda166d,f2e06b16954d4bedb7274a13518f0bcb,901cdfdda40b4bc8ae1fa9edcda61d54,27.773
f52dde90d62b4d3a9024e9280cb73179,RADAR_LEFT_BACK,add7992365b0480aa289c80ac276a524,326989c743c948bf86229f525d0deb2d,901cdfdda40b4bc8ae1fa9edcda61d54,901cdfdda40b4bc8ae1fa9edcda61d54,7.542
f52dde90d62b4d3a9024e9280cb73179,RADAR_LEFT_FRONT,81839f8c8c35413c93af400413f9116d,5e6c5afaa842478db6066e9de8dec1ef,901cdfdda40b4bc8ae1fa9edcda61d54,901cdfdda40b4bc8ae1fa9edcda61d54,5.458
f52dde90d62b4d3a9024e9280cb73179,RADAR_LEFT_SIDE,97fc3abafa774c4bb24b47ac3af6ab8f,cbecfab3ced24bbeab0a1b1bdd4375a8,901cdfdda40b4bc8ae1fa9edcda61d54,901cdfdda40b4bc8ae1fa9edcda61d54,4.299
f52dde90d62b4d3a9024e9280cb73179,RADAR_RIGHT_BACK,1af5d112db7843b0b2d9ab345fddc6b5,f2c73d43e0994ee8a16f930860856c0e,9b6e83afd6e7469ca2408862930c87fe,901cdfdda40b4bc8ae1fa9edcda61d54,-43.883
f52dde90d62b4d3a9024e9280cb73179,RADAR_RIGHT_FRONT,ec7106d961d84edabe4cfc0b0859c700,3126c35b164c459d85e0a0555ccba628,a6bf641088f5457bb43d9cfa0c26a55e,901cdfdda40b4bc8ae1fa9edcda61d54,7.623
f52dde90d62b4d3a9024e9280cb73179,RADAR_RIGHT_SIDE,c02cc5e59741421c85010d4c8010fcb2,8bef64c60da74778a5b9ef975c97edb7,901cdfdda40b4bc8ae1fa9edcda61d54,901cdfdda40b4bc8ae1fa9edcda61d54,7.538
31a1c724a02d46a1bbe2b8685fb871a2,LIDAR_LEFT,ad046af6f13b4e89a9fbffc097386690,2e6c7b7b7ceb4f69be01f9006cedf58f,c465eac40759482a9b3bf4f8f225bdb4,26b7db5613a34e17a35e9a963e855b2f,-10.64
31a1c724a02d46a1bbe2b8685fb871a2,LIDAR_REAR,496a6bab21e3499baf110765ee04c421,7198b581279c431bad450deaf7669f87,84d4a953d57b4fe38b3fe1308ceee99b,26b7db5613a34e17a35e9a963e855b2f,-47.766
31a1c724a02d46a1bbe2b8685fb871a2,LIDAR_RIGHT,5b07ad2cfc2a441aaf514e742821b775,aefabf5dd96744beb296b9881d60ff8b,1cf330176af5459bad09209ef4850e8a,26b7db5613a34e17a35e9a963e855b2f,14.987
31a1c724a02d46a1bbe2b8685fb871a2,LIDAR_TOP_FRONT,ab2f823f68424eb3bcbe26af8244de0c,f994daad50a14ac49f1468d66eb8db62,26b7db5613a34e17a35e9a963e855b2f,26b7db5613a34e17a35e9a963e855b2f,3.0
31a1c724a02d46a1bbe2b8685fb871a2,LIDAR_TOP_LEFT,04c1daa92ab2410ba12232411347d39c,373fca46a765439794d1ecbb5839a161,8709104450f0434cbd37cec2f8238819,26b7db5613a34e17a35e9a963e855b2f,-21.791
31a1c724a02d46a1bbe2b8685fb871a2,LIDAR_TOP_RIGHT,c6129052617f47b8a1326adc85ca74bf,f8849496a35c4af599b8e598afda166d,99635606bd0a40f1a4b0b11c831aa9b0,26b7db5613a34e17a35e9a963e855b2f,28.205
31a1c724a02d46a1bbe2b8685fb871a2,RADAR_LEFT_BACK,a6794081bdea4754a9afffbfd6673078,326989c743c948bf86229f525d0deb2d,26b7db5613a34e17a35e9a963e855b2f,26b7db5613a34e17a35e9a963e855b2f,4.353
31a1c724a02d46a1bbe2b8685fb871a2,RADAR_LEFT_FRONT,b6b957f1e8744f4c85d93eca3825194d,5e6c5afaa842478db6066e9de8dec1ef,26b7db5613a34e17a35e9a963e855b2f,26b7db5613a34e17a35e9a963e855b2f,6.754
31a1c724a02d46a1bbe2b8685fb871a2,RADAR_LEFT_SIDE,435196392a5649c891a4f07e26c452d5,cbecfab3ced24bbeab0a1b1bdd4375a8,26b7db5613a34e17a35e9a963e855b2f,26b7db5613a34e17a35e9a963e855b2f,5.451
31a1c724a02d46a1bbe2b8685fb871a2,RADAR_RIGHT_BACK,604834d6e5474d6baf45d4a9b4de8046,f2c73d43e0994ee8a16f930860856c0e,26b7db5613a34e17a35e9a963e855b2f,26b7db5613a34e17a35e9a963e855b2f,4.384
31a1c724a02d46a1bbe2b8685fb871a2,RADAR_RIGHT_FRONT,902a61f2d22247e98d025026d5693161,3126c35b164c459d85e0a0555ccba628,26b7db5613a34e17a35e9a963e855b2f,26b7db5613a34e17a35e9a963e855b2f,4.369
31a1c724a02d46a1bbe2b8685fb871a2,RADAR_RIGHT_SIDE,61e13afeb8f84f5392c8623e839e86dd,8bef64c60da74778a5b9ef975c97edb7,26b7db5613a34e17a35e9a963e855b2f,26b7db5613a34e17a35e9a963e855b2f,4.271
fa2acde00fe3439786ccd631c78fd641,LIDAR_LEFT,4be156bd51f148e8b576f15a9b147b00,2e6c7b7b7ceb4f69be01f9006cedf58f,263dd93d0c2e43e58d64d69271e3f8b3,2dee9c3c5ffc4ec68be4d3657c5753c8,-10.658
fa2acde00fe3439786ccd631c78fd641,LIDAR_REAR,c51bfb813a0b4b2e89262a79656d98cb,7198b581279c431bad450deaf7669f87,ebaf9462fced4aed9afd8ab7252dbab3,2dee9c3c5ffc4ec68be4d3657c5753c8,-48.163
fa2acde00fe3439786ccd631c78fd641,LIDAR_RIGHT,a654b27b3f004b15ae4e3c67e4ce5325,aefabf5dd96744beb296b9881d60ff8b,b2309d35cbc24e2cb3f0cd40a488a2bc,2dee9c3c5ffc4ec68be4d3657c5753c8,14.601
fa2acde00fe3439786ccd631c78fd641,LIDAR_TOP_FRONT,70cec521b5624bc7ad381af2ead0279a,f994daad50a14ac49f1468d66eb8db62,2dee9c3c5ffc4ec68be4d3657c5753c8,2dee9c3c5ffc4ec68be4d3657c5753c8,3.125
fa2acde00fe3439786ccd631c78fd641,LIDAR_TOP_LEFT,f1ed9a5bd9fb4aba92dcdee137638031,373fca46a765439794d1ecbb5839a161,1991cb2d8b7d4dcbbd843e2f78305825,2dee9c3c5ffc4ec68be4d3657c5753c8,-21.932
fa2acde00fe3439786ccd631c78fd641,LIDAR_TOP_RIGHT,a095e3882da74a8a84835d1522551e69,f8849496a35c4af599b8e598afda166d,2fbe947a5f394e65aca5fdea2f600776,2dee9c3c5ffc4ec68be4d3657c5753c8,27.727
fa2acde00fe3439786ccd631c78fd641,RADAR_LEFT_BACK,e3bc58a1f1b843e2bf765fe846f3d02f,326989c743c948bf86229f525d0deb2d,2dee9c3c5ffc4ec68be4d3657c5753c8,2dee9c3c5ffc4ec68be4d3657c5753c8,3.95
fa2acde00fe3439786ccd631c78fd641,RADAR_LEFT_FRONT,b9bb4e5ba7b3474ca344c2a04bcbbc3c,5e6c5afaa842478db6066e9de8dec1ef,2dee9c3c5ffc4ec68be4d3657c5753c8,2dee9c3c5ffc4ec68be4d3657c5753c8,4.262
fa2acde00fe3439786ccd631c78fd641,RADAR_LEFT_SIDE,87ee73ffb0e041e9be0483a64dc05dc7,cbecfab3ced24bbeab0a1b1bdd4375a8,2dee9c3c5ffc4ec68be4d3657c5753c8,2dee9c3c5ffc4ec68be4d3657c5753c8,4.314
fa2acde00fe3439786ccd631c78fd641,RADAR_RIGHT_BACK,00ed0f5581c344c4903c62401eea1114,f2c73d43e0994ee8a16f930860856c0e,2dee9c3c5ffc4ec68be4d3657c5753c8,2dee9c3c5ffc4ec68be4d3657c5753c8,5.558
fa2acde00fe3439786ccd631c78fd641,RADAR_RIGHT_FRONT,6dc20675cba5454a90c2d90bca1f8696,3126c35b164c459d85e0a0555ccba628,2dee9c3c5ffc4ec68be4d3657c5753c8,2dee9c3c5ffc4ec68be4d3657c5753c8,5.486
fa2acde00fe3439786ccd631c78fd641,RADAR_RIGHT_SIDE,e9c05164e6264fec86e64e521cbc0b11,8bef64c60da74778a5b9ef975c97edb7,2dee9c3c5ffc4ec68be4d3657c5753c8,2dee9c3c5ffc4ec68be4d3657c5753c8,3.893
6576cf45096c4d6f8a4f4d976e0e83b9,LIDAR_LEFT,70db15f8cb01441594370e5f293491b2,2e6c7b7b7ceb4f69be01f9006cedf58f,ff48a203e57a44669f00daebe49fa24a,db4e4b0bc3f346f2b2f57380e823caba,-10.654
6576cf45096c4d6f8a4f4d976e0e83b9,LIDAR_REAR,38488c72c5d64e5e99daea6378ba8792,7198b581279c431bad450deaf7669f87,ba5b3e32100141dc9da2614adab51996,db4e4b0bc3f346f2b2f57380e823caba,-48.558
6576cf45096c4d6f8a4f4d976e0e83b9,LIDAR_RIGHT,52c9ada4192b45e0b801c38496f94919,aefabf5dd96744beb296b9881d60ff8b,05be46ec0aa34fcdacba225a1e240b36,db4e4b0bc3f346f2b2f57380e823caba,14.175
6576cf45096c4d6f8a4f4d976e0e83b9,LIDAR_TOP_FRONT,6e5394f40f9a4baaaa6d0bf33f47670b,f994daad50a14ac49f1468d66eb8db62,db4e4b0bc3f346f2b2f57380e823caba,db4e4b0bc3f346f2b2f57380e823caba,1.818
6576cf45096c4d6f8a4f4d976e0e83b9,LIDAR_TOP_LEFT,e8859d762af14e8883b36dde5b685929,373fca46a765439794d1ecbb5839a161,aadb1df7e3654522b056291b72a6b41b,db4e4b0bc3f346f2b2f57380e823caba,-22.609
6576cf45096c4d6f8a4f4d976e0e83b9,LIDAR_TOP_RIGHT,3d127fd88fca400aaf82341886508337,f8849496a35c4af599b8e598afda166d,57d8bd39364d45f689cc8cd318d227c7,db4e4b0bc3f346f2b2f57380e823caba,27.353
6576cf45096c4d6f8a4f4d976e0e83b9,RADAR_LEFT_BACK,a915c0335c0d454296ac1e293fec80ab,326989c743c948bf86229f525d0deb2d,db4e4b0bc3f346f2b2f57380e823caba,db4e4b0bc3f346f2b2f57380e823caba,4.764
6576cf45096c4d6f8a4f4d976e0e83b9,RADAR_LEFT_FRONT,e3afc513bd2d49cf80ee98237b53da3d,5e6c5afaa842478db6066e9de8dec1ef,db4e4b0bc3f346f2b2f57380e823caba,db4e4b0bc3f346f2b2f57380e823caba,5.227
6576cf45096c4d6f8a4f4d976e0e83b9,RADAR_LEFT_SIDE,2719e722fb0148d2ad1caa5590c659b7,cbecfab3ced24bbeab0a1b1bdd4375a8,db4e4b0bc3f346f2b2f57380e823caba,db4e4b0bc3f346f2b2f57380e823caba,5.305
6576cf45096c4d6f8a4f4d976e0e83b9,RADAR_RIGHT_BACK,d6a428cf02ea40bb8907d9381bb39745,f2c73d43e0994ee8a16f930860856c0e,db4e4b0bc3f346f2b2f57380e823caba,db4e4b0bc3f346f2b2f57380e823caba,6.579
6576cf45096c4d6f8a4f4d976e0e83b9,RADAR_RIGHT_FRONT,2856681904a94eb9a703aff0d4136ab9,3126c35b164c459d85e0a0555ccba628,db4e4b0bc3f346f2b2f57380e823caba,db4e4b0bc3f346f2b2f57380e823caba,6.724
6576cf45096c4d6f8a4f4d976e0e83b9,RADAR_RIGHT_SIDE,73ece09d6b0c43bc9af6d608b7b8e753,8bef64c60da74778a5b9ef975c97edb7,db4e4b0bc3f346f2b2f57380e823caba,db4e4b0bc3f346f2b2f57380e823caba,4.735
717a5295dd944f6f9b9edef6562b48e9,LIDAR_LEFT,adec6fb6e6464e42a83a402784c81565,2e6c7b7b7ceb4f69be01f9006cedf58f,ed9bb6b9277c425cb4b7b8404f564bd5,0ff1d7572036465fbf4b81e5e23c8dbb,-10.654
717a5295dd944f6f9b9edef6562b48e9,LIDAR_REAR,a02db8a7c85d430a81f0dd796fe3bf7f,7198b581279c431bad450deaf7669f87,ffcac67d58ef4d7db8f09bef4fd181e0,0ff1d7572036465fbf4b81e5e23c8dbb,-48.92
717a5295dd944f6f9b9edef6562b48e9,LIDAR_RIGHT,2a5e5069744747eea55b37505f07b35c,aefabf5dd96744beb296b9881d60ff8b,3df2797ad9204617ae7cace4ec3f2ffd,0ff1d7572036465fbf4b81e5e23c8dbb,13.486
717a5295dd944f6f9b9edef6562b48e9,LIDAR_TOP_FRONT,2c9c06c779ac497a9a84a3f87a5fb26d,f994daad50a14ac49f1468d66eb8db62,0ff1d7572036465fbf4b81e5e23c8dbb,0ff1d7572036465fbf4b81e5e23c8dbb,1.854
717a5295dd944f6f9b9edef6562b48e9,LIDAR_TOP_LEFT,8ec1b4e3ff5b4a0098691008e38cf033,373fca46a765439794d1ecbb5839a161,7a454ea4f0dc415eae262e9c7d6017ba,0ff1d7572036465fbf4b81e5e23c8dbb,-22.99
717a5295dd944f6f9b9edef6562b48e9,LIDAR_TOP_RIGHT,51fa72f0efd34ea1b749a8b96b717ffc,f8849496a35c4af599b8e598afda166d,b11e8929ba3d49ca9071461f0e3cc5a7,0ff1d7572036465fbf4b81e5e23c8dbb,27.269
717a5295dd944f6f9b9edef6562b48e9,RADAR_LEFT_BACK,78abc9bee81e42f09e362c2d7dfb40a9,326989c743c948bf86229f525d0deb2d,0ff1d7572036465fbf4b81e5e23c8dbb,0ff1d7572036465fbf4b81e5e23c8dbb,5.99
717a5295dd944f6f9b9edef6562b48e9,RADAR_LEFT_FRONT,842e8873d7364744b04c1f672a1d8684,5e6c5afaa842478db6066e9de8dec1ef,ffcac67d58ef4d7db8f09bef4fd181e0,0ff1d7572036465fbf4b81e5e23c8dbb,-45.238
717a5295dd944f6f9b9edef6562b48e9,RADAR_LEFT_SIDE,1ba91ed4fb6a434e83d9f550069e7089,cbecfab3ced24bbeab0a1b1bdd4375a8,0ff1d7572036465fbf4b81e5e23c8dbb,0ff1d7572036465fbf4b81e5e23c8dbb,6.384
717a5295dd944f6f9b9edef6562b48e9,RADAR_RIGHT_BACK,148c5e75ef81448ea9d7e26970ab467c,f2c73d43e0994ee8a16f930860856c0e,0ff1d7572036465fbf4b81e5e23c8dbb,0ff1d7572036465fbf4b81e5e23c8dbb,3.113
717a5295dd944f6f9b9edef6562b48e9,RADAR_RIGHT_FRONT,04c8c074af7c4dd083d095208d92f0fe,3126c35b164c459d85e0a0555ccba628,ffcac67d58ef4d7db8f09bef4fd181e0,0ff1d7572036465fbf4b81e5e23c8dbb,-43.987
717a5295dd944f6f9b9edef6562b48e9,RADAR_RIGHT_SIDE,e432b158072c487383d968a7055362d4,8bef64c60da74778a5b9ef975c97edb7,0ff1d7572036465fbf4b81e5e23c8dbb,0ff1d7572036465fbf4b81e5e23c8dbb,5.965
1b5208835de344f3b2e9a3d138c0f164,LIDAR_LEFT,863438beeb3341598bb9d794b7026d9a,2e6c7b7b7ceb4f69be01f9006cedf58f,4a0404b952034469a2c0d7af6b104110,d7a8819ad2e44f41af27af0cb3e1f944,-10.642
1b5208835de344f3b2e9a3d138c0f164,LIDAR_REAR,b0ac77a96b7c42aabf76acaf57ff2251,7198b581279c431bad450deaf7669f87,0dc52ca886374b3f970ce169c4a8f331,d7a8819ad2e44f41af27af0cb3e1f944,-49.08
1b5208835de344f3b2e9a3d138c0f164,LIDAR_RIGHT,13cd2583dd4a4d40ae9552c716ad8081,aefabf5dd96744beb296b9881d60ff8b,02f39502220043c094d5cfe57c14064e,d7a8819ad2e44f41af27af0cb3e1f944,13.724
1b5208835de344f3b2e9a3d138c0f164,LIDAR_TOP_FRONT,cd73dd56763c4fe9bde4b4387832f228,f994daad50a14ac49f1468d66eb8db62,d7a8819ad2e44f41af27af0cb3e1f944,d7a8819ad2e44f41af27af0cb3e1f944,1.989
1b5208835de344f3b2e9a3d138c0f164,LIDAR_TOP_LEFT,79affa65521d4c24b870acad68216ba8,373fca46a765439794d1ecbb5839a161,bb285d04ecc641698d17881dfbd41e16,d7a8819ad2e44f41af27af0cb3e1f944,-23.216
1b5208835de344f3b2e9a3d138c0f164,LIDAR_TOP_RIGHT,de4f8c836e8946aea345fe6ff808be89,f8849496a35c4af599b8e598afda166d,1310bfbf841d407db38ecc04d3995e65,d7a8819ad2e44f41af27af0cb3e1f944,27.114
1b5208835de344f3b2e9a3d138c0f164,RADAR_LEFT_BACK,4aea476f50654e399f8e216953a11b2e,326989c743c948bf86229f525d0deb2d,d7a8819ad2e44f41af27af0cb3e1f944,d7a8819ad2e44f41af27af0cb3e1f944,3.162
1b5208835de344f3b2e9a3d138c0f164,RADAR_LEFT_FRONT,e2c87c475d6a4c9886ed3261cd572459,5e6c5afaa842478db6066e9de8dec1ef,d7a8819ad2e44f41af27af0cb3e1f944,d7a8819ad2e44f41af27af0cb3e1f944,2.496
1b5208835de344f3b2e9a3d138c0f164,RADAR_LEFT_SIDE,9220f7c3c9c44deab038cee1890eada9,cbecfab3ced24bbeab0a1b1bdd4375a8,d7a8819ad2e44f41af27af0cb3e1f944,d7a8819ad2e44f41af27af0cb3e1f944,2.512
1b5208835de344f3b2e9a3d138c0f164,RADAR_RIGHT_BACK,24b32bfcd99042aab08dd57e96db97a7,f2c73d43e0994ee8a16f930860856c0e,d7a8819ad2e44f41af27af0cb3e1f944,d7a8819ad2e44f41af27af0cb3e1f944,4.294
1b5208835de344f3b2e9a3d138c0f164,RADAR_RIGHT_FRONT,a9a4420d497d474496e809603523215a,3126c35b164c459d85e0a0555ccba628,d7a8819ad2e44f41af27af0cb3e1f944,d7a8819ad2e44f41af27af0cb3e1f944,4.622
1b5208835de344f3b2e9a3d138c0f164,RADAR_RIGHT_SIDE,fa4c24d76abb49c89bb9935a2351f6ca,8bef64c60da74778a5b9ef975c97edb7,d7a8819ad2e44f41af27af0cb3e1f944,d7a8819ad2e44f41af27af0cb3e1f944,3.191
3452bee1bda54634bf9e197ca371bf97,LIDAR_LEFT,afaa39fe9bef4bbe93caad6bef554804,2e6c7b7b7ceb4f69be01f9006cedf58f,99cc4b71e0fb4372af7cb55456b6a499,e1feb300dd6949ee8d8faaaf4251ed0a,-10.631
3452bee1bda54634bf9e197ca371bf97,LIDAR_REAR,f901f00357c24785b961b17ff4dab00a,7198b581279c431bad450deaf7669f87,5a88c00661c14719ad68be89a548c9d4,e1feb300dd6949ee8d8faaaf4251ed0a,-48.48
3452bee1bda54634bf9e197ca371bf97,LIDAR_RIGHT,35cefdea821f4fbd95a01b1c3e21a8b5,aefabf5dd96744beb296b9881d60ff8b,765bd47a235e4c3bba7cb13027a3f790,e1feb300dd6949ee8d8faaaf4251ed0a,15.114
3452bee1bda54634bf9e197ca371bf97,LIDAR_TOP_FRONT,8a84af121b8d4feea851d710f01c767c,f994daad50a14ac49f1468d66eb8db62,e1feb300dd6949ee8d8faaaf4251ed0a,e1feb300dd6949ee8d8faaaf4251ed0a,2.977
3452bee1bda54634bf9e197ca371bf97,LIDAR_TOP_LEFT,60d447e62df646d39494616936f5b11b,373fca46a765439794d1ecbb5839a161,b56c2dc332b9445e812618233eb9891a,e1feb300dd6949ee8d8faaaf4251ed0a,-22.67
3452bee1bda54634bf9e197ca371bf97,LIDAR_TOP_RIGHT,3ac23b5738f440d0becec1ad1669711c,f8849496a35c4af599b8e598afda166d,777359b1458842858f56b943ea9bee2e,e1feb300dd6949ee8d8faaaf4251ed0a,27.516
3452bee1bda54634bf9e197ca371bf97,RADAR_LEFT_BACK,7b9cc4e9f3f24ab8946fd60f45d117ff,326989c743c948bf86229f525d0deb2d,e1feb300dd6949ee8d8faaaf4251ed0a,e1feb300dd6949ee8d8faaaf4251ed0a,4.702
3452bee1bda54634bf9e197ca371bf97,RADAR_LEFT_FRONT,31760aa55be647918a5a3286d8d345f0,5e6c5afaa842478db6066e9de8dec1ef,e1feb300dd6949ee8d8faaaf4251ed0a,e1feb300dd6949ee8d8faaaf4251ed0a,5.13
3452bee1bda54634bf9e197ca371bf97,RADAR_LEFT_SIDE,2b722318701e4a3d8edfc71adbf0ff26,cbecfab3ced24bbeab0a1b1bdd4375a8,e1feb300dd6949ee8d8faaaf4251ed0a,e1feb300dd6949ee8d8faaaf4251ed0a,5.353
3452bee1bda54634bf9e197ca371bf97,RADAR_RIGHT_BACK,5183cfbb1ee0492da38a2a5cc770a2c5,f2c73d43e0994ee8a16f930860856c0e,e1feb300dd6949ee8d8faaaf4251ed0a,e1feb300dd6949ee8d8faaaf4251ed0a,6.422
3452bee1bda54634bf9e197ca371bf97,RADAR_RIGHT_FRONT,ae0f3c3dc75a4c2aa281c17de0eec642,3126c35b164c459d85e0a0555ccba628,e1feb300dd6949ee8d8faaaf4251ed0a,e1feb300dd6949ee8d8faaaf4251ed0a,6.362
3452bee1bda54634bf9e197ca371bf97,RADAR_RIGHT_SIDE,8dab160c2b0a4249a046fa48e787803c,8bef64c60da74778a5b9ef975c97edb7,e1feb300dd6949ee8d8faaaf4251ed0a,e1feb300dd6949ee8d8faaaf4251ed0a,4.65
ad06fdbd34fd4dd4b0f0ef8f8bd7ac68,LIDAR_LEFT,a0e1f7ee7bf74b3493f1ec537cd1143c,2e6c7b7b7ceb4f69be01f9006cedf58f,5a5c5d6396b54537abede6526bd0f00a,fd0481e6a5004664b237707c230b8191,-10.639
ad06fdbd34fd4dd4b0f0ef8f8bd7ac68,LIDAR_REAR,96b2402c47bb4e86a2d315bb4f8a4184,7198b581279c431bad450deaf7669f87,d837d045a4214d65a5a8ce947f6dea49,fd0481e6a5004664b237707c230b8191,-47.972
ad06fdbd34fd4dd4b0f0ef8f8bd7ac68,LIDAR_RIGHT,c291fea801bd4a8fa47580f25d46b1db,aefabf5dd96744beb296b9881d60ff8b,de53cac196ce426abf0adeafb0068927,fd0481e6a5004664b237707c230b8191,16.151
ad06fdbd34fd4dd4b0f0ef8f8bd7ac68,LIDAR_TOP_FRONT,e5e2a1d4318744c689e0c84b97e0054b,f994daad50a14ac49f1468d66eb8db62,fd0481e6a5004664b237707c230b8191,fd0481e6a5004664b237707c230b8191,2.972
ad06fdbd34fd4dd4b0f0ef8f8bd7ac68,LIDAR_TOP_LEFT,c8d1bc5339c34b11b32a53fb880116f4,373fca46a765439794d1ecbb5839a161,0a7e74dd12d549c6beac93b1b71d8476,fd0481e6a5004664b237707c230b8191,-22.052
ad06fdbd34fd4dd4b0f0ef8f8bd7ac68,LIDAR_TOP_RIGHT,95dec2cda9d749289b55e0b135837dc1,f8849496a35c4af599b8e598afda166d,ce6019564aa64b5ea47c7df830626d84,fd0481e6a5004664b237707c230b8191,28.3
ad06fdbd34fd4dd4b0f0ef8f8bd7ac68,RADAR_LEFT_BACK,6e31b40395b2462eae7652de2bdedf89,326989c743c948bf86229f525d0deb2d,fd0481e6a5004664b237707c230b8191,fd0481e6a5004664b237707c230b8191,6.752
ad06fdbd34fd4dd4b0f0ef8f8bd7ac68,RADAR_LEFT_FRONT,7b0080fcde3544c2aac93f7251adcd09,5e6c5afaa842478db6066e9de8dec1ef,fd0481e6a5004664b237707c230b8191,fd0481e6a5004664b237707c230b8191,7.004
ad06fdbd34fd4dd4b0f0ef8f8bd7ac68,RADAR_LEFT_SIDE,7421c3f37cdd4ef2817b1c0d72fcc04d,cbecfab3ced24bbeab0a1b1bdd4375a8,fd0481e6a5004664b237707c230b8191,fd0481e6a5004664b237707c230b8191,7.06
ad06fdbd34fd4dd4b0f0ef8f8bd7ac68,RADAR_RIGHT_BACK,8af64f307bf347cf8ee4f92cc0ac0f43,f2c73d43e0994ee8a16f930860856c0e,fd0481e6a5004664b237707c230b8191,fd0481e6a5004664b237707c230b8191,4.093
ad06fdbd34fd4dd4b0f0ef8f8bd7ac68,RADAR_RIGHT_FRONT,2c393672750440129269a91840460580,3126c35b164c459d85e0a0555ccba628,fd0481e6a5004664b237707c230b8191,fd0481e6a5004664b237707c230b8191,4.047
ad06fdbd34fd4dd4b0f0ef8f8bd7ac68,RADAR_RIGHT_SIDE,b0f68eaaf0484b2b8621b9c0dfbd98bb,8bef64c60da74778a5b9ef975c97edb7,fd0481e6a5004664b237707c230b8191,fd0481e6a5004664b237707c230b8191,6.734
30f771e62a3a44f4975189ece9b83c26,LIDAR_LEFT,9cce95d39520418cb0320bd94b7d9329,2e6c7b7b7ceb4f69be01f9006cedf58f,77f12cf3b45840cbbfa05cc9eea38a8a,7f07e3447b684b228317a634f8d31ae3,-10.636
30f771e62a3a44f4975189ece9b83c26,LIDAR_REAR,f5e3e3dbc65945668c7de0baa6f4dc9d,7198b581279c431bad450deaf7669f87,232f8a7bf2de453a935bd209e1edf030,7f07e3447b684b228317a634f8d31ae3,-47.676
30f771e62a3a44f4975189ece9b83c26,LIDAR_RIGHT,7252ea9da9c24eecb9f72beea5d6f7e1,aefabf5dd96744beb296b9881d60ff8b,bcc4d4e616184306a3d92c62f6b1b1f0,7f07e3447b684b228317a634f8d31ae3,15.874
30f771e62a3a44f4975189ece9b83c26,LIDAR_TOP_FRONT,6b3f6f07ad714caeaeadd9b23d77ebe3,f994daad50a14ac49f1468d66eb8db62,7f07e3447b684b228317a634f8d31ae3,7f07e3447b684b228317a634f8d31ae3,3.212
30f771e62a3a44f4975189ece9b83c26,LIDAR_TOP_LEFT,9344b1102e6643c5a96dc0db69cdd3e7,373fca46a765439794d1ecbb5839a161,b9133712ed644d8d9f2a2a9d217e6aad,7f07e3447b684b228317a634f8d31ae3,-21.493
30f771e62a3a44f4975189ece9b83c26,LIDAR_TOP_RIGHT,136ba7a64e3147169d4c8c401a6e1b77,f8849496a35c4af599b8e598afda166d,32d1b5e58559404f98c5646d692ec05d,7f07e3447b684b228317a634f8d31ae3,28.809
30f771e62a3a44f4975189ece9b83c26,RADAR_LEFT_BACK,3eca6243bd6542a6af0d666ada8a05e4,326989c743c948bf86229f525d0deb2d,7f07e3447b684b228317a634f8d31ae3,7f07e3447b684b228317a634f8d31ae3,4.117
30f771e62a3a44f4975189ece9b83c26,RADAR_LEFT_FRONT,6877deff2b9f4b398ca08e8f4a9e0eae,5e6c5afaa842478db6066e9de8dec1ef,7f07e3447b684b228317a634f8d31ae3,7f07e3447b684b228317a634f8d31ae3,4.282
30f771e62a3a44f4975189ece9b83c26,RADAR_LEFT_SIDE,da65b38f6ba54b11a236989b2b6e72bf,cbecfab3ced24bbeab0a1b1bdd4375a8,7f07e3447b684b228317a634f8d31ae3,7f07e3447b684b228317a634f8d31ae3,4.299
30f771e62a3a44f4975189ece9b83c26,RADAR_RIGHT_BACK,7fa45dd26ae6437d9d57bb139474991f,f2c73d43e0994ee8a16f930860856c0e,7f07e3447b684b228317a634f8d31ae3,7f07e3447b684b228317a634f8d31ae3,5.527
30f771e62a3a44f4975189ece9b83c26,RADAR_RIGHT_FRONT,18a487a5f8a14bf383acca03a9070aa6,3126c35b164c459d85e0a0555ccba628,7f07e3447b684b228317a634f8d31ae3,7f07e3447b684b228317a634f8d31ae3,5.39
30f771e62a3a44f4975189ece9b83c26,RADAR_RIGHT_SIDE,6ea78f3370e5493d851b7447876ec6c5,8bef64c60da74778a5b9ef975c97edb7,7f07e3447b684b228317a634f8d31ae3,7f07e3447b684b228317a634f8d31ae3,4.11
5319f3d4f415475a82018472f7055951,LIDAR_LEFT,8264fcdb235c47d9a6378d1cbada3f7a,2e6c7b7b7ceb4f69be01f9006cedf58f,9dc64a760a624337a5bdc800560c2bf6,45918e1ba4a149dca190dce83133bf46,-10.651
5319f3d4f415475a82018472f7055951,LIDAR_REAR,23d0abefcf86402f938348e2577b4d5f,7198b581279c431bad450deaf7669f87,ad269322e9764e619d5b80db969e6afa,45918e1ba4a149dca190dce83133bf46,-47.46
5319f3d4f415475a82018472f7055951,LIDAR_RIGHT,494691d0db494d2a98e917d8da6c667a,aefabf5dd96744beb296b9881d60ff8b,275e01182e0a4f48958589f7f85a980c,45918e1ba4a149dca190dce83133bf46,15.496
5319f3d4f415475a82018472f7055951,LIDAR_TOP_FRONT,afddbb5584f6475f868c695b684dd156,f994daad50a14ac49f1468d66eb8db62,45918e1ba4a149dca190dce83133bf46,45918e1ba4a149dca190dce83133bf46,3.442
5319f3d4f415475a82018472f7055951,LIDAR_TOP_LEFT,70a0d3eff5dd47b1a1a6a521adcddb0b,373fca46a765439794d1ecbb5839a161,51000222617a42718770edf30507a422,45918e1ba4a149dca190dce83133bf46,-21.175
5319f3d4f415475a82018472f7055951,LIDAR_TOP_RIGHT,2be9be57baf34eb8b2c4d662a4c8e1ca,f8849496a35c4af599b8e598afda166d,9fc6990489944b9eb5634b6fd9f21953,45918e1ba4a149dca190dce83133bf46,28.741
5319f3d4f415475a82018472f7055951,RADAR_LEFT_BACK,2a1a3c71170f478690e17daf9c37d8dd,326989c743c948bf86229f525d0deb2d,45918e1ba4a149dca190dce83133bf46,45918e1ba4a149dca190dce83133bf46,6.12
5319f3d4f415475a82018472f7055951,RADAR_LEFT_FRONT,cdfdaf4d04c14ad0afe23b8716e79dbd,5e6c5afaa842478db6066e9de8dec1ef,45918e1ba4a149dca190dce83133bf46,45918e1ba4a149dca190dce83133bf46,5.714
5319f3d4f415475a82018472f7055951,RADAR_LEFT_SIDE,b20f243b0417453692b06af182ba14a8,cbecfab3ced24bbeab0a1b1bdd4375a8,45918e1ba4a149dca190dce83133bf46,45918e1ba4a149dca190dce83133bf46,5.891
5319f3d4f415475a82018472f7055951,RADAR_RIGHT_BACK,67ee5e19398a484bb7064e0b196890e0,f2c73d43e0994ee8a16f930860856c0e,45918e1ba4a149dca190dce83133bf46,45918e1ba4a149dca190dce83133bf46,7.334
5319f3d4f415475a82018472f7055951,RADAR_RIGHT_FRONT,f8931339f3fe429ea646f3ee479c5512,3126c35b164c459d85e0a0555ccba628,45918e1ba4a149dca190dce83133bf46,45918e1ba4a149dca190dce83133bf46,7.265
5319f3d4f415475a82018472f7055951,RADAR_RIGHT_SIDE,e77e8cd048bb47fa85160c9e493b363a,8bef64c60da74778a5b9ef975c97edb7,45918e1ba4a149dca190dce83133bf46,45918e1ba4a149dca190dce83133bf46,6.094
de5890acd09f4e34801b92e9e73369db,LIDAR_LEFT,704e3398f2ad4e94a2bf5819132f67a6,2e6c7b7b7ceb4f69be01f9006cedf58f,77e8729916d8403f93b3da9977072ba7,7394164ba2194254a47c87d57675a95f,-10.661
de5890acd09f4e34801b92e9e73369db,LIDAR_REAR,6c90b523fa81469ab737affa58eb48d8,7198b581279c431bad450deaf7669f87,3f5461a96e434cbd8e9b34c6cb4c09c5,7394164ba2194254a47c87d57675a95f,-47.966
de5890acd09f4e34801b92e9e73369db,LIDAR_RIGHT,9fa262b0a3884bf781bd2700552a9c92,aefabf5dd96744beb296b9881d60ff8b,541f8b5d8a034a0d8d7d0166f1867f13,7394164ba2194254a47c87d57675a95f,14.252
de5890acd09f4e34801b92e9e73369db,LIDAR_TOP_FRONT,f9aefc23e03b44aaabe360d0e478b228,f994daad50a14ac49f1468d66eb8db62,7394164ba2194254a47c87d57675a95f,7394164ba2194254a47c87d57675a95f,2.796
de5890acd09f4e34801b92e9e73369db,LIDAR_TOP_LEFT,0efea1c31ffb4b75930e31a515cfc5db,373fca46a765439794d1ecbb5839a161,3c0330855c35440a976d6badad25c926,7394164ba2194254a47c87d57675a95f,-21.766
de5890acd09f4e34801b92e9e73369db,LIDAR_TOP_RIGHT,f2d0052c44ff4cc787a7756f6467ca30,f8849496a35c4af599b8e598afda166d,e43dddca4a4f489b9f191e0b07f7b46e,7394164ba2194254a47c87d57675a95f,28.197
de5890acd09f4e34801b92e9e73369db,RADAR_LEFT_BACK,34338ff2e67849e49fc474efafb1e46c,326989c743c948bf86229f525d0deb2d,7394164ba2194254a47c87d57675a95f,7394164ba2194254a47c87d57675a95f,6.434
de5890acd09f4e34801b92e9e73369db,RADAR_LEFT_FRONT,d4b57dbf0cbf423bb90c680fe60e85b7,5e6c5afaa842478db6066e9de8dec1ef,7394164ba2194254a47c87d57675a95f,7394164ba2194254a47c87d57675a95f,6.811
de5890acd09f4e34801b92e9e73369db,RADAR_LEFT_SIDE,080483c832e04c3aa516d1db458a4f6d,cbecfab3ced24bbeab0a1b1bdd4375a8,7394164ba2194254a47c87d57675a95f,7394164ba2194254a47c87d57675a95f,6.901
de5890acd09f4e34801b92e9e73369db,RADAR_RIGHT_BACK,1cdcb888b2b54997a60b32814b6f76ef,f2c73d43e0994ee8a16f930860856c0e,7394164ba2194254a47c87d57675a95f,7394164ba2194254a47c87d57675a95f,3.726
de5890acd09f4e34801b92e9e73369db,RADAR_RIGHT_FRONT,65679f84552745e5beb0dbd222cfcfe3,3126c35b164c459d85e0a0555ccba628,7394164ba2194254a47c87d57675a95f,7394164ba2194254a47c87d57675a95f,3.703
de5890acd09f4e34801b92e9e73369db,RADAR_RIGHT_SIDE,4d5eb60d68d74ff6ad1bb853f200e69f,8bef64c60da74778a5b9ef975c97edb7,7394164ba2194254a47c87d57675a95f,7394164ba2194254a47c87d57675a95f,6.325
fc1d4a5b3ab94addad4ee0e5ae6cc62f,LIDAR_LEFT,a2b9c4ede4d5402c93aba4d3bf009bc4,2e6c7b7b7ceb4f69be01f9006cedf58f,8e416c0889e244c39c105e1aebb41e66,ac27ca149a354e988165653e5d9a1e0f,-10.655
fc1d4a5b3ab94addad4ee0e5ae6cc62f,LIDAR_REAR,a1c23cf221754a5d8154a6875aa271d8,7198b581279c431bad450deaf7669f87,49c7465d9e3a4761ae687a43b68691b0,ac27ca149a354e988165653e5d9a1e0f,-48.493
fc1d4a5b3ab94addad4ee0e5ae6cc62f,LIDAR_RIGHT,4856907662b44dafa7d5086b57a4e62a,aefabf5dd96744beb296b9881d60ff8b,f2a538fbf82f424e80ac7f65a9c5c41d,ac27ca149a354e988165653e5d9a1e0f,13.359
fc1d4a5b3ab94addad4ee0e5ae6cc62f,LIDAR_TOP_FRONT,6b63d3ff25d041a69962c551b3c068cf,f994daad50a14ac49f1468d66eb8db62,ac27ca149a354e988165653e5d9a1e0f,ac27ca149a354e988165653e5d9a1e0f,2.338
fc1d4a5b3ab94addad4ee0e5ae6cc62f,LIDAR_TOP_LEFT,935b0803ea3d40d59afb09863f8f2bb8,373fca46a765439794d1ecbb5839a161,767fe2ad262a457f8ee5560e64e45feb,ac27ca149a354e988165653e5d9a1e0f,-22.354
fc1d4a5b3ab94addad4ee0e5ae6cc62f,LIDAR_TOP_RIGHT,1ddddd9a7cbe4922896ae652490f179d,f8849496a35c4af599b8e598afda166d,ce2a287b0d914fc5a87a9136e8b8ad3c,ac27ca149a354e988165653e5d9a1e0f,27.554
fc1d4a5b3ab94addad4ee0e5ae6cc62f,RADAR_LEFT_BACK,4d657b0820da400bbf6de6947bc4e4b8,326989c743c948bf86229f525d0deb2d,ac27ca149a354e988165653e5d9a1e0f,ac27ca149a354e988165653e5d9a1e0f,3.831
fc1d4a5b3ab94addad4ee0e5ae6cc62f,RADAR_LEFT_FRONT,d87654aef8fd4e57b9487fcabeb5a289,5e6c5afaa842478db6066e9de8dec1ef,ac27ca149a354e988165653e5d9a1e0f,ac27ca149a354e988165653e5d9a1e0f,3.561
fc1d4a5b3ab94addad4ee0e5ae6cc62f,RADAR_LEFT_SIDE,355cbe41470241b18123d4e5facb6356,cbecfab3ced24bbeab0a1b1bdd4375a8,ac27ca149a354e988165653e5d9a1e0f,ac27ca149a354e988165653e5d9a1e0f,3.631
fc1d4a5b3ab94addad4ee0e5ae6cc62f,RADAR_RIGHT_BACK,a999320bfdb44f2f92ff5dd5866d84e2,f2c73d43e0994ee8a16f930860856c0e,ac27ca149a354e988165653e5d9a1e0f,ac27ca149a354e988165653e5d9a1e0f,5.002
fc1d4a5b3ab94addad4ee0e5ae6cc62f,RADAR_RIGHT_FRONT,c3c2b7fc7dde43b999293b6404e1788a,3126c35b164c459d85e0a0555ccba628,ac27ca149a354e988165653e5d9a1e0f,ac27ca149a354e988165653e5d9a1e0f,5.042
fc1d4a5b3ab94addad4ee0e5ae6cc62f,RADAR_RIGHT_SIDE,4796ee357cce45e48bcb4d2f4e71fac3,8bef64c60da74778a5b9ef975c97edb7,ac27ca149a354e988165653e5d9a1e0f,ac27ca149a354e988165653e5d9a1e0f,3.911
0531b8003c4941c481d29ed1caa924f7,LIDAR_LEFT,0c2abf5bc5c34c01b21d0ae2f4b08a02,2e6c7b7b7ceb4f69be01f9006cedf58f,1371fa6036eb465fbe483224b25186f0,8bc9827e7b3346fea52dfb0a1de5886d,-10.653
0531b8003c4941c481d29ed1caa924f7,LIDAR_REAR,0bfdeb2c9b6b484f86ae6e0affcdd8cb,7198b581279c431bad450deaf7669f87,13b57bb3fcfb4febaa7becc415f67fcb,8bc9827e7b3346fea52dfb0a1de5886d,-48.741
0531b8003c4941c481d29ed1caa924f7,LIDAR_RIGHT,9d601932925346fc8744414e552dfd27,aefabf5dd96744beb296b9881d60ff8b,1d861cbb23a941d78ba0bc91c6e86fba,8bc9827e7b3346fea52dfb0a1de5886d,13.742
0531b8003c4941c481d29ed1caa924f7,LIDAR_TOP_FRONT,3b026f9612454d9e98709f1f9dbafeaa,f994daad50a14ac49f1468d66eb8db62,8bc9827e7b3346fea52dfb0a1de5886d,8bc9827e7b3346fea52dfb0a1de5886d,2.017
0531b8003c4941c481d29ed1caa924f7,LIDAR_TOP_LEFT,ee60712d208945c9b132af2151e2c53b,373fca46a765439794d1ecbb5839a161,b26f95bb86e9479eb946a8a0c31a0c98,8bc9827e7b3346fea52dfb0a1de5886d,-22.9
0531b8003c4941c481d29ed1caa924f7,LIDAR_TOP_RIGHT,79e140d1e49c4fdc97f77cfd233b0db9,f8849496a35c4af599b8e598afda166d,27001cfee46048869c71d4b3c130d15e,8bc9827e7b3346fea52dfb0a1de5886d,27.029
0531b8003c4941c481d29ed1caa924f7,RADAR_LEFT_BACK,b532d63538b34b759a8683caff4b1dbf,326989c743c948bf86229f525d0deb2d,8bc9827e7b3346fea52dfb0a1de5886d,8bc9827e7b3346fea52dfb0a1de5886d,4.311
0531b8003c4941c481d29ed1caa924f7,RADAR_LEFT_FRONT,dba045b8e1984c8fb187eda16061cd62,5e6c5afaa842478db6066e9de8dec1ef,8bc9827e7b3346fea52dfb0a1de5886d,8bc9827e7b3346fea52dfb0a1de5886d,4.119
0531b8003c4941c481d29ed1caa924f7,RADAR_LEFT_SIDE,0b7fb0bfed4c440ba122e20005ed22f1,cbecfab3ced24bbeab0a1b1bdd4375a8,8bc9827e7b3346fea52dfb0a1de5886d,8bc9827e7b3346fea52dfb0a1de5886d,4.314
0531b8003c4941c481d29ed1caa924f7,RADAR_RIGHT_BACK,20107b6ab574427c8ce0de7b21de82e3,f2c73d43e0994ee8a16f930860856c0e,8bc9827e7b3346fea52dfb0a1de5886d,8bc9827e7b3346fea52dfb0a1de5886d,5.543
0531b8003c4941c481d29ed1caa924f7,RADAR_RIGHT_FRONT,cd2ce35b1fe748f183a60d9aadf31888,3126c35b164c459d85e0a0555ccba628,8bc9827e7b3346fea52dfb0a1de5886d,8bc9827e7b3346fea52dfb0a1de5886d,5.511
0531b8003c4941c481d29ed1caa924f7,RADAR_RIGHT_SIDE,90bff73ef2154437ab285c6e16d1e4b5,8bef64c60da74778a5b9ef975c97edb7,8bc9827e7b3346fea52dfb0a1de5886d,8bc9827e7b3346fea52dfb0a1de5886d,4.19
69ed8f84bcd94a91b68a82957b623904,LIDAR_LEFT,819e23480b55462aa63cb8cc79e72f57,2e6c7b7b7ceb4f69be01f9006cedf58f,4182eb6965744fa4b16c9f22110dacca,27deb4a84bf04738a80fb715ee3581c1,-10.642
69ed8f84bcd94a91b68a82957b623904,LIDAR_REAR,3908411fa49147d0a3462a5587585170,7198b581279c431bad450deaf7669f87,4538dd8b8b1b47faaa71a0ee2f14a37b,27deb4a84bf04738a80fb715ee3581c1,-48.498
69ed8f84bcd94a91b68a82957b623904,LIDAR_RIGHT,40c51f74330145cca9bf0a3f86645ce6,aefabf5dd96744beb296b9881d60ff8b,a3d242d9065e496a911cf5f4e3d8016b,27deb4a84bf04738a80fb715ee3581c1,13.762
69ed8f84bcd94a91b68a82957b623904,LIDAR_TOP_FRONT,0f0ff88b2a4147b993a17720881f57a2,f994daad50a14ac49f1468d66eb8db62,27deb4a84bf04738a80fb715ee3581c1,27deb4a84bf04738a80fb715ee3581c1,1.714
69ed8f84bcd94a91b68a82957b623904,LIDAR_TOP_LEFT,6c7a5f5c2a984d06827ef0aa02d89c77,373fca46a765439794d1ecbb5839a161,5703c8beab324c37bf4c02995b59cc53,27deb4a84bf04738a80fb715ee3581c1,-23.152
69ed8f84bcd94a91b68a82957b623904,LIDAR_TOP_RIGHT,e2c98e77bcf74aa6bbc60e9a1d114255,f8849496a35c4af599b8e598afda166d,ca54735e523541b6a880f03dac3d8130,27deb4a84bf04738a80fb715ee3581c1,27.004
69ed8f84bcd94a91b68a82957b623904,RADAR_LEFT_BACK,2d47461f76694b78b9d113ae55a2f163,326989c743c948bf86229f525d0deb2d,27deb4a84bf04738a80fb715ee3581c1,27deb4a84bf04738a80fb715ee3581c1,6.647
69ed8f84bcd94a91b68a82957b623904,RADAR_LEFT_FRONT,61ba395040184e76acdeaddce04839cb,5e6c5afaa842478db6066e9de8dec1ef,27deb4a84bf04738a80fb715ee3581c1,27deb4a84bf04738a80fb715ee3581c1,5.591
69ed8f84bcd94a91b68a82957b623904,RADAR_LEFT_SIDE,befcf99480444c1297a424bff569a364,cbecfab3ced24bbeab0a1b1bdd4375a8,27deb4a84bf04738a80fb715ee3581c1,27deb4a84bf04738a80fb715ee3581c1,5.657
69ed8f84bcd94a91b68a82957b623904,RADAR_RIGHT_BACK,37d37f4442d84807b022eb93c8ee6e64,f2c73d43e0994ee8a16f930860856c0e,27deb4a84bf04738a80fb715ee3581c1,27deb4a84bf04738a80fb715ee3581c1,3.469
69ed8f84bcd94a91b68a82957b623904,RADAR_RIGHT_FRONT,4c32b6b2320b4f7498303f117860c805,3126c35b164c459d85e0a0555ccba628,27deb4a84bf04738a80fb715ee3581c1,27deb4a84bf04738a80fb715ee3581c1,3.333
69ed8f84bcd94a91b68a82957b623904,RADAR_RIGHT_SIDE,10c60292be6c481195e6d171c05ee105,8bef64c60da74778a5b9ef975c97edb7,27deb4a84bf04738a80fb715ee3581c1,27deb4a84bf04738a80fb715ee3581c1,6.591
fc33e12c049840889efde7b2218b5c51,LIDAR_LEFT,99022c3ec0244f768c2dccf6a7a5d537,2e6c7b7b7ceb4f69be01f9006cedf58f,9cd442e67cba42d0baff1fb2b0d436da,7aad0b5776434cc8943c6aafa0e3e5c2,-10.63
fc33e12c049840889efde7b2218b5c51,LIDAR_REAR,912794ede59341dcaa460ef1ae9f91ae,7198b581279c431bad450deaf7669f87,bd8b6df52ca844188883e2192b8a6d79,7aad0b5776434cc8943c6aafa0e3e5c2,-47.997
fc33e12c049840889efde7b2218b5c51,LIDAR_RIGHT,2be9fc0f18d34fba93f664a7002b48fa,aefabf5dd96744beb296b9881d60ff8b,82639af32a594711945103f72fb4fb5c,7aad0b5776434cc8943c6aafa0e3e5c2,14.539
fc33e12c049840889efde7b2218b5c51,LIDAR_TOP_FRONT,db18625948684704ad68e843e87d5448,f994daad50a14ac49f1468d66eb8db62,7aad0b5776434cc8943c6aafa0e3e5c2,7aad0b5776434cc8943c6aafa0e3e5c2,2.421
fc33e12c049840889efde7b2218b5c51,LIDAR_TOP_LEFT,cf6bbf8a627a40a38c8362729a7412b6,373fca46a765439794d1ecbb5839a161,36cb12ed80bc412a87dd34c6b96aa716,7aad0b5776434cc8943c6aafa0e3e5c2,-22.673
fc33e12c049840889efde7b2218b5c51,LIDAR_TOP_RIGHT,76a61c1c2152410e973addaca7e0047d,f8849496a35c4af599b8e598afda166d,51d386c55ced4c4096d2e9779c60d546,7aad0b5776434cc8943c6aafa0e3e5c2,27.459
fc33e12c049840889efde7b2218b5c51,RADAR_LEFT_BACK,e90d883e6eed495ba6825112e109975a,326989c743c948bf86229f525d0deb2d,7aad0b5776434cc8943c6aafa0e3e5c2,7aad0b5776434cc8943c6aafa0e3e5c2,3.564
fc33e12c049840889efde7b2218b5c51,RADAR_LEFT_FRONT,54851321ca2e4cd3a61752292d2d1965,5e6c5afaa842478db6066e9de8dec1ef,7aad0b5776434cc8943c6aafa0e3e5c2,7aad0b5776434cc8943c6aafa0e3e5c2,3.231
fc33e12c049840889efde7b2218b5c51,RADAR_LEFT_SIDE,60473f2d4619474784025fb30ec5ece5,cbecfab3ced24bbeab0a1b1bdd4375a8,7aad0b5776434cc8943c6aafa0e3e5c2,7aad0b5776434cc8943c6aafa0e3e5c2,3.242
fc33e12c049840889efde7b2218b5c51,RADAR_RIGHT_BACK,7f02f79db39f4bd6b7ca639e6e537727,f2c73d43e0994ee8a16f930860856c0e,7aad0b5776434cc8943c6aafa0e3e5c2,7aad0b5776434cc8943c6aafa0e3e5c2,4.535
fc33e12c049840889efde7b2218b5c51,RADAR_RIGHT_FRONT,ce92a980e34c4075ad6c930a92141c48,3126c35b164c459d85e0a0555ccba628,7aad0b5776434cc8943c6aafa0e3e5c2,7aad0b5776434cc8943c6aafa0e3e5c2,4.4
fc33e12c049840889efde7b2218b5c51,RADAR_RIGHT_SIDE,eaebd3ee3dc44abbaa17c718e63723db,8bef64c60da74778a5b9ef975c97edb7,7aad0b5776434cc8943c6aafa0e3e5c2,7aad0b5776434cc8943c6aafa0e3e5c2,3.52
be75e2cea76844e0ac64bdf7ab68721b,LIDAR_LEFT,85539cee2b50479caebe0ee3d310896a,2e6c7b7b7ceb4f69be01f9006cedf58f,ca2a785ba0c84a52ba789a2a80c0cd46,771f89b4ffe443c8b0bb8c66e9d777a8,-10.638
be75e2cea76844e0ac64bdf7ab68721b,LIDAR_REAR,e80dc3f7a302420d963f6cdd86fad4ef,7198b581279c431bad450deaf7669f87,7b41803873a64e87b3a3dc748f007992,771f89b4ffe443c8b0bb8c66e9d777a8,-47.646
be75e2cea76844e0ac64bdf7ab68721b,LIDAR_RIGHT,230f74f658834614b1cba72a67320169,aefabf5dd96744beb296b9881d60ff8b,13e5ea3df5d94259b470f0644cf6cc8d,771f89b4ffe443c8b0bb8c66e9d777a8,15.087
be75e2cea76844e0ac64bdf7ab68721b,LIDAR_TOP_FRONT,2d95d0d6620d4240afad68d119a3e8bf,f994daad50a14ac49f1468d66eb8db62,771f89b4ffe443c8b0bb8c66e9d777a8,771f89b4ffe443c8b0bb8c66e9d777a8,3.246
be75e2cea76844e0ac64bdf7ab68721b,LIDAR_TOP_LEFT,9bf1a68d7c324597baacfb344ed9705a,373fca46a765439794d1ecbb5839a161,dc6f79575ac742babeeb68b634f1fccb,771f89b4ffe443c8b0bb8c66e9d777a8,-22.177
be75e2cea76844e0ac64bdf7ab68721b,LIDAR_TOP_RIGHT,f49a4f60aae541188a94ab7da3c07568,f8849496a35c4af599b8e598afda166d,eb43beee7f354afca5567574952ba252,771f89b4ffe443c8b0bb8c66e9d777a8,28.354
be75e2cea76844e0ac64bdf7ab68721b,RADAR_LEFT_BACK,061ccc9c946145baaf14c2a8cb869ed7,326989c743c948bf86229f525d0deb2d,771f89b4ffe443c8b0bb8c66e9d777a8,771f89b4ffe443c8b0bb8c66e9d777a8,5.993
be75e2cea76844e0ac64bdf7ab68721b,RADAR_LEFT_FRONT,a2536edaa4c3404ca12ea423a69d4a54,5e6c5afaa842478db6066e9de8dec1ef,771f89b4ffe443c8b0bb8c66e9d777a8,771f89b4ffe443c8b0bb8c66e9d777a8,5.314
be75e2cea76844e0ac64bdf7ab68721b,RADAR_LEFT_SIDE,b14f9ef177f24f5fa97a0b5bfbfd1260,cbecfab3ced24bbeab0a1b1bdd4375a8,771f89b4ffe443c8b0bb8c66e9d777a8,771f89b4ffe443c8b0bb8c66e9d777a8,5.459
be75e2cea76844e0ac64bdf7ab68721b,RADAR_RIGHT_BACK,9e2a6a0fcfe84119b60204a98f4ef8b5,f2c73d43e0994ee8a16f930860856c0e,771f89b4ffe443c8b0bb8c66e9d777a8,771f89b4ffe443c8b0bb8c66e9d777a8,7.643
be75e2cea76844e0ac64bdf7ab68721b,RADAR_RIGHT_FRONT,048d10ec0781460fb60688c8a57f9b62,3126c35b164c459d85e0a0555ccba628,771f89b4ffe443c8b0bb8c66e9d777a8,771f89b4ffe443c8b0bb8c66e9d777a8,7.558
be75e2cea76844e0ac64bdf7ab68721b,RADAR_RIGHT_SIDE,a82f974306ac4318b245a9ab80b99391,8bef64c60da74778a5b9ef975c97edb7,771f89b4ffe443c8b0bb8c66e9d777a8,771f89b4ffe443c8b0bb8c66e9d777a8,5.957
4e85946701964f37bb8990ffa14b1c4e,LIDAR_LEFT,10671341b1bb4c9aba4bbd1c55a5f4f1,2e6c7b7b7ceb4f69be01f9006cedf58f,ab465b0bca934b539909f054ff4aacff,cf61c28c9e00483e89326db5f9ae5c8f,-10.64
4e85946701964f37bb8990ffa14b1c4e,LIDAR_REAR,3699cacfe2f74362b7eb3655effc0683,7198b581279c431bad450deaf7669f87,b67c75e8fc5a48a691c2b774ad2d3813,cf61c28c9e00483e89326db5f9ae5c8f,-47.514
4e85946701964f37bb8990ffa14b1c4e,LIDAR_RIGHT,36b28e63c7c34eca8e3e47d9db836b09,aefabf5dd96744beb296b9881d60ff8b,adb384fe74e046ccabf8b88eddbc32c1,cf61c28c9e00483e89326db5f9ae5c8f,14.933
4e85946701964f37bb8990ffa14b1c4e,LIDAR_TOP_FRONT,95c4d2c5f9ce438caa3651d6de6b5cf0,f994daad50a14ac49f1468d66eb8db62,cf61c28c9e00483e89326db5f9ae5c8f,cf61c28c9e00483e89326db5f9ae5c8f,3.398
4e85946701964f37bb8990ffa14b1c4e,LIDAR_TOP_LEFT,6ae3fa8ca7be48f68376f91de4fabd04,373fca46a765439794d1ecbb5839a161,b2392f6d8ee742b1a65dc2cecfcea703,cf61c28c9e00483e89326db5f9ae5c8f,-21.768
4e85946701964f37bb8990ffa14b1c4e,LIDAR_TOP_RIGHT,a108922f098d471ea4065abd0d3037dd,f8849496a35c4af599b8e598afda166d,c2a31c3da863453590d45af81722b0fd,cf61c28c9e00483e89326db5f9ae5c8f,28.701
4e85946701964f37bb8990ffa14b1c4e,RADAR_LEFT_BACK,efcbcb01fe7d4ad5b2e78c0341d9d6fc,326989c743c948bf86229f525d0deb2d,cf61c28c9e00483e89326db5f9ae5c8f,cf61c28c9e00483e89326db5f9ae5c8f,7.822
4e85946701964f37bb8990ffa14b1c4e,RADAR_LEFT_FRONT,87ebc048e8c14630b934c081d4ae34b8,5e6c5afaa842478db6066e9de8dec1ef,cf61c28c9e00483e89326db5f9ae5c8f,cf61c28c9e00483e89326db5f9ae5c8f,6.487
4e85946701964f37bb8990ffa14b1c4e,RADAR_LEFT_SIDE,80777a3f13bc4506b7d4431c78caf29f,cbecfab3ced24bbeab0a1b1bdd4375a8,cf61c28c9e00483e89326db5f9ae5c8f,cf61c28c9e00483e89326db5f9ae5c8f,6.589
4e85946701964f37bb8990ffa14b1c4e,RADAR_RIGHT_BACK,fa6462d6062f4e7687b5539c078d014c,f2c73d43e0994ee8a16f930860856c0e,cf61c28c9e00483e89326db5f9ae5c8f,cf61c28c9e00483e89326db5f9ae5c8f,4.375
4e85946701964f37bb8990ffa14b1c4e,RADAR_RIGHT_FRONT,0f3d454e3a13468bb5bb98bf2bca4416,3126c35b164c459d85e0a0555ccba628,cf61c28c9e00483e89326db5f9ae5c8f,cf61c28c9e00483e89326db5f9ae5c8f,4.292
4e85946701964f37bb8990ffa14b1c4e,RADAR_RIGHT_SIDE,65cec8f500fe4076a071bca1533331f3,8bef64c60da74778a5b9ef975c97edb7,cf61c28c9e00483e89326db5f9ae5c8f,cf61c28c9e00483e89326db5f9ae5c8f,7.843
1de6a44eff4749f494dd0b6cb5c48e84,LIDAR_LEFT,10df213064314660a4cb7bbc7d4f747f,2e6c7b7b7ceb4f69be01f9006cedf58f,c494af2cfd6543d393f5ec40559341a6,8761588e2cbb4a3e87ea426fdcf77615,-10.65
1de6a44eff4749f494dd0b6cb5c48e84,LIDAR_REAR,53450998964b49ba98d1c3db0146b835,7198b581279c431bad450deaf7669f87,df4cc7b922ff485da7fb26e6ea0b267c,8761588e2cbb4a3e87ea426fdcf77615,-47.23
1de6a44eff4749f494dd0b6cb5c48e84,LIDAR_RIGHT,3c870e8abb094bb38f9b3260ea92d0fa,aefabf5dd96744beb296b9881d60ff8b,604c8f2a04584532aebad6498e752c71,8761588e2cbb4a3e87ea426fdcf77615,14.932
1de6a44eff4749f494dd0b6cb5c48e84,LIDAR_TOP_FRONT,f6968a5c4eff48ceb294f2d4689194e3,f994daad50a14ac49f1468d66eb8db62,8761588e2cbb4a3e87ea426fdcf77615,8761588e2cbb4a3e87ea426fdcf77615,3.748
1de6a44eff4749f494dd0b6cb5c48e84,LIDAR_TOP_LEFT,885db2ff0111455c9c7b4f0a7a6da1c9,373fca46a765439794d1ecbb5839a161,6baea536038a4c98b8d04d55b641ea0b,8761588e2cbb4a3e87ea426fdcf77615,-21.495
1de6a44eff4749f494dd0b6cb5c48e84,LIDAR_TOP_RIGHT,635d7f984d5e4c9db6d35f486a097231,f8849496a35c4af599b8e598afda166d,54751e75b398465282323dc36eb652ea,8761588e2cbb4a3e87ea426fdcf77615,28.93
1de6a44eff4749f494dd0b6cb5c48e84,RADAR_LEFT_BACK,541318840c8f4e8a8aa2e7b20f8abf22,326989c743c948bf86229f525d0deb2d,8761588e2cbb4a3e87ea426fdcf77615,8761588e2cbb4a3e87ea426fdcf77615,5.101
1de6a44eff4749f494dd0b6cb5c48e84,RADAR_LEFT_FRONT,80096cdc9e6745d2a341d4308ee48632,5e6c5afaa842478db6066e9de8dec1ef,df4cc7b922ff485da7fb26e6ea0b267c,8761588e2cbb4a3e87ea426fdcf77615,-42.026
1de6a44eff4749f494dd0b6cb5c48e84,RADAR_LEFT_SIDE,4848505cc4354f848d69cbf50c3af131,cbecfab3ced24bbeab0a1b1bdd4375a8,8761588e2cbb4a3e87ea426fdcf77615,8761588e2cbb4a3e87ea426fdcf77615,4.856
1de6a44eff4749f494dd0b6cb5c48e84,RADAR_RIGHT_BACK,1921f8fb360042a8bee947ceea469125,f2c73d43e0994ee8a16f930860856c0e,8761588e2cbb4a3e87ea426fdcf77615,8761588e2cbb4a3e87ea426fdcf77615,6.512
1de6a44eff4749f494dd0b6cb5c48e84,RADAR_RIGHT_FRONT,2cbc8e727637488ba22eec983c33d622,3126c35b164c459d85e0a0555ccba628,8761588e2cbb4a3e87ea426fdcf77615,8761588e2cbb4a3e87ea426fdcf77615,6.469
1de6a44eff4749f494dd0b6cb5c48e84,RADAR_RIGHT_SIDE,d41363c3436046f6bcb17082ca8a3560,8bef64c60da74778a5b9ef975c97edb7,8761588e2cbb4a3e87ea426fdcf77615,8761588e2cbb4a3e87ea426fdcf77615,5.072
9c55592e36884436880465b77c75a2de,LIDAR_LEFT,b5b37ad9ceb64e78bbb48e14b93a8139,2e6c7b7b7ceb4f69be01f9006cedf58f,b3219a2364ce4a57afd692ca6bc34775,60ee5b6ecaff4161ac8516c236edbd9f,-10.661
9c55592e36884436880465b77c75a2de,LIDAR_REAR,ddf83a8be3084033bbeeede75f150097,7198b581279c431bad450deaf7669f87,152de626d6c44319b4c4d901635ca3f3,60ee5b6ecaff4161ac8516c236edbd9f,-47.751
9c55592e36884436880465b77c75a2de,LIDAR_RIGHT,a4b8f42171d44457b8ee6e327bc4849d,aefabf5dd96744beb296b9881d60ff8b,2653049782044fca972dbebf0e5db464,60ee5b6ecaff4161ac8516c236edbd9f,13.827
9c55592e36884436880465b77c75a2de,LIDAR_TOP_FRONT,7b0f2cb2d85c41d1890bb923d06e5a01,f994daad50a14ac49f1468d66eb8db62,60ee5b6ecaff4161ac8516c236edbd9f,60ee5b6ecaff4161ac8516c236edbd9f,3.268
9c55592e36884436880465b77c75a2de,LIDAR_TOP_LEFT,8e57eca1e2e24e7ab7d658c350adb936,373fca46a765439794d1ecbb5839a161,e2b7e4e925bd4bb9a16ec74bc79b0df4,60ee5b6ecaff4161ac8516c236edbd9f,-21.987
9c55592e36884436880465b77c75a2de,LIDAR_TOP_RIGHT,cec48f5c96e546bb98c84b91150a8cd0,f8849496a35c4af599b8e598afda166d,2332f150309a48e586b88b061ff805da,60ee5b6ecaff4161ac8516c236edbd9f,28.431
9c55592e36884436880465b77c75a2de,RADAR_LEFT_BACK,53daf0f74f954f0191f147f541f46f79,326989c743c948bf86229f525d0deb2d,60ee5b6ecaff4161ac8516c236edbd9f,60ee5b6ecaff4161ac8516c236edbd9f,5.761
9c55592e36884436880465b77c75a2de,RADAR_LEFT_FRONT,ee4cc6d9deb04e1fb9544a8c27b5de7c,5e6c5afaa842478db6066e9de8dec1ef,60ee5b6ecaff4161ac8516c236edbd9f,60ee5b6ecaff4161ac8516c236edbd9f,4.837
9c55592e36884436880465b77c75a2de,RADAR_LEFT_SIDE,06a6ef4e88d54b07a2570d03819ef4fd,cbecfab3ced24bbeab0a1b1bdd4375a8,60ee5b6ecaff4161ac8516c236edbd9f,60ee5b6ecaff4161ac8516c236edbd9f,4.867
9c55592e36884436880465b77c75a2de,RADAR_RIGHT_BACK,ac7bcff5ed4e467297597d2a8ce415fb,f2c73d43e0994ee8a16f930860856c0e,60ee5b6ecaff4161ac8516c236edbd9f,60ee5b6ecaff4161ac8516c236edbd9f,7.472
9c55592e36884436880465b77c75a2de,RADAR_RIGHT_FRONT,69a9ee84f96d43b88bbd43a9aeb1da96,3126c35b164c459d85e0a0555ccba628,60ee5b6ecaff4161ac8516c236edbd9f,60ee5b6ecaff4161ac8516c236edbd9f,7.364
9c55592e36884436880465b77c75a2de,RADAR_RIGHT_SIDE,3148e8db097f4033982dbe2b180c7c71,8bef64c60da74778a5b9ef975c97edb7,60ee5b6ecaff4161ac8516c236edbd9f,60ee5b6ecaff4161ac8516c236edbd9f,5.73
77f8596f82c948efa5231a656b64a313,LIDAR_LEFT,9baa26a2bad6416395a3c57719d967a5,2e6c7b7b7ceb4f69be01f9006cedf58f,2d94d5d02db24f2dbe499684c40feab0,a5d402d3a8344173a348e6ccd862cc1b,-10.657
77f8596f82c948efa5231a656b64a313,LIDAR_REAR,dbf3a1eebf4c44d0a6b641e27c295e78,7198b581279c431bad450deaf7669f87,524398f9ac924579a1480552982baae3,a5d402d3a8344173a348e6ccd862cc1b,-48.284
77f8596f82c948efa5231a656b64a313,LIDAR_RIGHT,2ff8ea537ba14a18974675f08fbc1e58,aefabf5dd96744beb296b9881d60ff8b,32498bc1bc344b0fbaf1e8319ee74ff0,a5d402d3a8344173a348e6ccd862cc1b,13.014
77f8596f82c948efa5231a656b64a313,LIDAR_TOP_FRONT,1a9931f9750746919e87a75dadd78e46,f994daad50a14ac49f1468d66eb8db62,a5d402d3a8344173a348e6ccd862cc1b,a5d402d3a8344173a348e6ccd862cc1b,2.73
77f8596f82c948efa5231a656b64a313,LIDAR_TOP_LEFT,3f9304115e7844acb9caa0f8f578858e,373fca46a765439794d1ecbb5839a161,b43574b1264c4e1d95984119cdc06cc9,a5d402d3a8344173a348e6ccd862cc1b,-22.219
77f8596f82c948efa5231a656b64a313,LIDAR_TOP_RIGHT,18103f8c179f4a03a450624cefef1839,f8849496a35c4af599b8e598afda166d,483a17b88e4240238da6b979f58c78e5,a5d402d3a8344173a348e6ccd862cc1b,27.834
77f8596f82c948efa5231a656b64a313,RADAR_LEFT_BACK,31b43cf3014543c781af11909a8074c1,326989c743c948bf86229f525d0deb2d,a5d402d3a8344173a348e6ccd862cc1b,a5d402d3a8344173a348e6ccd862cc1b,6.81
77f8596f82c948efa5231a656b64a313,RADAR_LEFT_FRONT,817bf89cef614f4da3c3944d7b9664ca,5e6c5afaa842478db6066e9de8dec1ef,a5d402d3a8344173a348e6ccd862cc1b,a5d402d3a8344173a348e6ccd862cc1b,6.897
77f8596f82c948efa5231a656b64a313,RADAR_LEFT_SIDE,ffd22b427557418bbb4c4bd655a2eced,cbecfab3ced24bbeab0a1b1bdd4375a8,a5d402d3a8344173a348e6ccd862cc1b,a5d402d3a8344173a348e6ccd862cc1b,6.976
77f8596f82c948efa5231a656b64a313,RADAR_RIGHT_BACK,b10e7d93280f4cefa4173b4f393ccda2,f2c73d43e0994ee8a16f930860856c0e,a5d402d3a8344173a348e6ccd862cc1b,a5d402d3a8344173a348e6ccd862cc1b,4.118
77f8596f82c948efa5231a656b64a313,RADAR_RIGHT_FRONT,ebcc682f9ec941cea1ac36aded8b51bf,3126c35b164c459d85e0a0555ccba628,a5d402d3a8344173a348e6ccd862cc1b,a5d402d3a8344173a348e6ccd862cc1b,4.016
77f8596f82c948efa5231a656b64a313,RADAR_RIGHT_SIDE,aac5eb84f36641b6bb970e557bd1a510,8bef64c60da74778a5b9ef975c97edb7,a5d402d3a8344173a348e6ccd862cc1b,a5d402d3a8344173a348e6ccd862cc1b,6.795
9eefc874f88a490cba62967ad2ea68be,LIDAR_LEFT,be6bccc22d8b4d969e17343efab8935a,2e6c7b7b7ceb4f69be01f9006cedf58f,184828de93a7464d8be87a16360f0c0b,13e83a2c4ac5425daf96b233ae6feff2,-10.654
9eefc874f88a490cba62967ad2ea68be,LIDAR_REAR,13ef1c8d493c464bb879c2d5aae6b616,7198b581279c431bad450deaf7669f87,c6f2ffd7f0e1434390e3164cdd43163a,13e83a2c4ac5425daf96b233ae6feff2,-48.709
9eefc874f88a490cba62967ad2ea68be,LIDAR_RIGHT,e3059bfb64e24537ad25ad88d4a28371,aefabf5dd96744beb296b9881d60ff8b,b95ab7e8a4fe47d3a7e896ab24dc0679,13e83a2c4ac5425daf96b233ae6feff2,13.411
9eefc874f88a490cba62967ad2ea68be,LIDAR_TOP_FRONT,54831f725b314f1dad6256efda14b8ea,f994daad50a14ac49f1468d66eb8db62,13e83a2c4ac5425daf96b233ae6feff2,13e83a2c4ac5425daf96b233ae6feff2,2.422
9eefc874f88a490cba62967ad2ea68be,LIDAR_TOP_LEFT,18fcc7f382eb4939b9e28741f5344514,373fca46a765439794d1ecbb5839a161,fdc1520dcfdd4ec19cb9877d0b8eec5f,13e83a2c4ac5425daf96b233ae6feff2,-22.56
9eefc874f88a490cba62967ad2ea68be,LIDAR_TOP_RIGHT,2cf72ea42d6b4e99ba445f676a15f610,f8849496a35c4af599b8e598afda166d,507a9923cdb048fdbeef6979cc60f7a2,13e83a2c4ac5425daf96b233ae6feff2,27.431
9eefc874f88a490cba62967ad2ea68be,RADAR_LEFT_BACK,5dbd852b7cf247479b0c7c36a9e89d29,326989c743c948bf86229f525d0deb2d,13e83a2c4ac5425daf96b233ae6feff2,13e83a2c4ac5425daf96b233ae6feff2,2.891
9eefc874f88a490cba62967ad2ea68be,RADAR_LEFT_FRONT,c2a9784783ae4558b337da9a57638803,5e6c5afaa842478db6066e9de8dec1ef,13e83a2c4ac5425daf96b233ae6feff2,13e83a2c4ac5425daf96b233ae6feff2,3.092
9eefc874f88a490cba62967ad2ea68be,RADAR_LEFT_SIDE,96de1c891d0c4985beb8dd050c9104e9,cbecfab3ced24bbeab0a1b1bdd4375a8,13e83a2c4ac5425daf96b233ae6feff2,13e83a2c4ac5425daf96b233ae6feff2,3.082
9eefc874f88a490cba62967ad2ea68be,RADAR_RIGHT_BACK,c0b47ec2dbeb443a9c20d74a4e15a64b,f2c73d43e0994ee8a16f930860856c0e,13e83a2c4ac5425daf96b233ae6feff2,13e83a2c4ac5425daf96b233ae6feff2,5.113
9eefc874f88a490cba62967ad2ea68be,RADAR_RIGHT_FRONT,8f46d397ed104ab095dee97ae61ca19b,3126c35b164c459d85e0a0555ccba628,13e83a2c4ac5425daf96b233ae6feff2,13e83a2c4ac5425daf96b233ae6feff2,5.038
9eefc874f88a490cba62967ad2ea68be,RADAR_RIGHT_SIDE,72d70190c61141d8b886aee14389330a,8bef64c60da74778a5b9ef975c97edb7,13e83a2c4ac5425daf96b233ae6feff2,13e83a2c4ac5425daf96b233ae6feff2,2.878
4403795d081d4150ab7174f19e8a2f0b,LIDAR_LEFT,4392f87629aa4f39b41b9dba34039310,2e6c7b7b7ceb4f69be01f9006cedf58f,ed7ee575ac6d49dfaf7516104d0fe0cc,2bc4f737a3cf45ea8d6f69f37a020423,-10.642
4403795d081d4150ab7174f19e8a2f0b,LIDAR_REAR,12d555948dec482caee1d6bf78114741,7198b581279c431bad450deaf7669f87,2097c17ccfb04d949fa6884a54ef6ffe,2bc4f737a3cf45ea8d6f69f37a020423,-48.868
4403795d081d4150ab7174f19e8a2f0b,LIDAR_RIGHT,e6997ef18b6a466f861b14927cc4b75b,aefabf5dd96744beb296b9881d60ff8b,3fbea83390f44738aa5b412ed90a0511,2bc4f737a3cf45ea8d6f69f37a020423,13.636
4403795d081d4150ab7174f19e8a2f0b,LIDAR_TOP_FRONT,f2cca577dd40449b8aa0baff0a0511dc,f994daad50a14ac49f1468d66eb8db62,2bc4f737a3cf45ea8d6f69f37a020423,2bc4f737a3cf45ea8d6f69f37a020423,2.251
4403795d081d4150ab7174f19e8a2f0b,LIDAR_TOP_LEFT,1a5157adc1c14cd2a77010ca549781f1,373fca46a765439794d1ecbb5839a161,e5b4be3733d84bac95c908debaa8256e,2bc4f737a3cf45ea8d6f69f37a020423,-22.786
4403795d081d4150ab7174f19e8a2f0b,LIDAR_TOP_RIGHT,8665926e1e724533ae0ac2bc51ba7739,f8849496a35c4af599b8e598afda166d,e37881c2ab2a4519b8677867fbefe377,2bc4f737a3cf45ea8d6f69f37a020423,27.253
4403795d081d4150ab7174f19e8a2f0b,RADAR_LEFT_BACK,e67528a24a1f419d8f3ddd09e640fd20,326989c743c948bf86229f525d0deb2d,2bc4f737a3cf45ea8d6f69f37a020423,2bc4f737a3cf45ea8d6f69f37a020423,4.804
4403795d081d4150ab7174f19e8a2f0b,RADAR_LEFT_FRONT,4437a568b605434a9be6d8df99cc2811,5e6c5afaa842478db6066e9de8dec1ef,2bc4f737a3cf45ea8d6f69f37a020423,2bc4f737a3cf45ea8d6f69f37a020423,4.804
4403795d081d4150ab7174f19e8a2f0b,RADAR_LEFT_SIDE,074b8bddf6b64636909d72b7f4bc4abc,cbecfab3ced24bbeab0a1b1bdd4375a8,2bc4f737a3cf45ea8d6f69f37a020423,2bc4f737a3cf45ea8d6f69f37a020423,4.909
4403795d081d4150ab7174f19e8a2f0b,RADAR_RIGHT_BACK,478a7fea3b9344b0bc1f1dd44516ab7d,f2c73d43e0994ee8a16f930860856c0e,2bc4f737a3cf45ea8d6f69f37a020423,2bc4f737a3cf45ea8d6f69f37a020423,6.294
4403795d081d4150ab7174f19e8a2f0b,RADAR_RIGHT_FRONT,09fc83f7ebbc424da3fe8e005b11ca13,3126c35b164c459d85e0a0555ccba628,2bc4f737a3cf45ea8d6f69f37a020423,2bc4f737a3cf45ea8d6f69f37a020423,6.298
4403795d081d4150ab7174f19e8a2f0b,RADAR_RIGHT_SIDE,75d61295b4eb44c9bc756f8ef3d596fd,8bef64c60da74778a5b9ef975c97edb7,2bc4f737a3cf45ea8d6f69f37a020423,2bc4f737a3cf45ea8d6f69f37a020423,4.822
856048bc4191462888a39dde92751b25,LIDAR_LEFT,67b54ab82a4d4d919a01231d51d550fc,2e6c7b7b7ceb4f69be01f9006cedf58f,b1f6d066f0e343c0bf97c95706d7b6c2,f3fa3589fa6b4719b98e8d7e7f8891b5,-10.634
856048bc4191462888a39dde92751b25,LIDAR_REAR,7cba3a58d29c4f06ace8bad550198a52,7198b581279c431bad450deaf7669f87,15deae04e66b4fc7b1e5c08b8a3ea974,f3fa3589fa6b4719b98e8d7e7f8891b5,-48.4
856048bc4191462888a39dde92751b25,LIDAR_RIGHT,9a87bf1e94b7404f9d980eb65b37afec,aefabf5dd96744beb296b9881d60ff8b,fb8b99709a3043b08b420572229c81f5,f3fa3589fa6b4719b98e8d7e7f8891b5,14.258
856048bc4191462888a39dde92751b25,LIDAR_TOP_FRONT,c1f30302b0e14aeebf99d38cbd18d8d1,f994daad50a14ac49f1468d66eb8db62,f3fa3589fa6b4719b98e8d7e7f8891b5,f3fa3589fa6b4719b98e8d7e7f8891b5,2.797
856048bc4191462888a39dde92751b25,LIDAR_TOP_LEFT,19e72a367a4a4379a19421b1d254cd22,373fca46a765439794d1ecbb5839a161,82862862cf864c329003f7e0479aa548,f3fa3589fa6b4719b98e8d7e7f8891b5,-22.293
856048bc4191462888a39dde92751b25,LIDAR_TOP_RIGHT,de5c3202a15d4d749a7bb6a46709a924,f8849496a35c4af599b8e598afda166d,055fedcbcb084507978173086f3eaa79,f3fa3589fa6b4719b98e8d7e7f8891b5,27.817
856048bc4191462888a39dde92751b25,RADAR_LEFT_BACK,ec4709a8b3f543f9be85b1c3dc4e716b,326989c743c948bf86229f525d0deb2d,f3fa3589fa6b4719b98e8d7e7f8891b5,f3fa3589fa6b4719b98e8d7e7f8891b5,6.971
856048bc4191462888a39dde92751b25,RADAR_LEFT_FRONT,b6a9ef87d23849cd904822c55456d786,5e6c5afaa842478db6066e9de8dec1ef,f3fa3589fa6b4719b98e8d7e7f8891b5,f3fa3589fa6b4719b98e8d7e7f8891b5,6.977
856048bc4191462888a39dde92751b25,RADAR_LEFT_SIDE,67dc4a6704714aea981d9c81b97e3fa3,cbecfab3ced24bbeab0a1b1bdd4375a8,f3fa3589fa6b4719b98e8d7e7f8891b5,f3fa3589fa6b4719b98e8d7e7f8891b5,7.053
856048bc4191462888a39dde92751b25,RADAR_RIGHT_BACK,dd3eb669f42a439eaa9862a3379d0e62,f2c73d43e0994ee8a16f930860856c0e,f3fa3589fa6b4719b98e8d7e7f8891b5,f3fa3589fa6b4719b98e8d7e7f8891b5,3.484
856048bc4191462888a39dde92751b25,RADAR_RIGHT_FRONT,fa0458eef5b84a31b3193e5de5f3ad69,3126c35b164c459d85e0a0555ccba628,f3fa3589fa6b4719b98e8d7e7f8891b5,f3fa3589fa6b4719b98e8d7e7f8891b5,3.205
856048bc4191462888a39dde92751b25,RADAR_RIGHT_SIDE,7319c8c5538e4946b9b3b520c9ff7db7,8bef64c60da74778a5b9ef975c97edb7,f3fa3589fa6b4719b98e8d7e7f8891b5,f3fa3589fa6b4719b98e8d7e7f8891b5,6.905
d9d945f2ecff47eaa09f9c2dd283a89d,LIDAR_LEFT,e7bfd64cdcff444cad9dbf65ab850eb6,2e6c7b7b7ceb4f69be01f9006cedf58f,925a0eec0d12497b9994bf015e2db34f,4c8bed6380a34e22927fe9a9fa81fe7a,-10.646
d9d945f2ecff47eaa09f9c2dd283a89d,LIDAR_REAR,67ecd4fca6cb4947a98d064572195e2b,7198b581279c431bad450deaf7669f87,a86fe18d9ddd4e5f85b75d0c21927558,4c8bed6380a34e22927fe9a9fa81fe7a,-48.048
d9d945f2ecff47eaa09f9c2dd283a89d,LIDAR_RIGHT,e1b5e491ae2544ae9b380aa3f7c2e315,aefabf5dd96744beb296b9881d60ff8b,b88a55dd0a59455c98f8226621f7c544,4c8bed6380a34e22927fe9a9fa81fe7a,14.687
d9d945f2ecff47eaa09f9c2dd283a89d,LIDAR_TOP_FRONT,00f5e3f60ee1446fb42833fc3823900a,f994daad50a14ac49f1468d66eb8db62,4c8bed6380a34e22927fe9a9fa81fe7a,4c8bed6380a34e22927fe9a9fa81fe7a,3.419
d9d945f2ecff47eaa09f9c2dd283a89d,LIDAR_TOP_LEFT,3c14464c26a84c10a6ff4c84ce103c1a,373fca46a765439794d1ecbb5839a161,6505272f00a341aea3d22f7b1638fc17,4c8bed6380a34e22927fe9a9fa81fe7a,-22.166
d9d945f2ecff47eaa09f9c2dd283a89d,LIDAR_TOP_RIGHT,8c216695522647768c20763127268616,f8849496a35c4af599b8e598afda166d,adaf70a09483487bb8be99af36975c39,4c8bed6380a34e22927fe9a9fa81fe7a,27.95
d9d945f2ecff47eaa09f9c2dd283a89d,RADAR_LEFT_BACK,42a0053d224f40588d15e375cb2780d9,326989c743c948bf86229f525d0deb2d,4c8bed6380a34e22927fe9a9fa81fe7a,4c8bed6380a34e22927fe9a9fa81fe7a,4.069
d9d945f2ecff47eaa09f9c2dd283a89d,RADAR_LEFT_FRONT,54bd75b58724488ab18abdb37f584778,5e6c5afaa842478db6066e9de8dec1ef,4c8bed6380a34e22927fe9a9fa81fe7a,4c8bed6380a34e22927fe9a9fa81fe7a,4.325
d9d945f2ecff47eaa09f9c2dd283a89d,RADAR_LEFT_SIDE,fd32f510159349ce9915c01ff9230f78,cbecfab3ced24bbeab0a1b1bdd4375a8,4c8bed6380a34e22927fe9a9fa81fe7a,4c8bed6380a34e22927fe9a9fa81fe7a,4.416
d9d945f2ecff47eaa09f9c2dd283a89d,RADAR_RIGHT_BACK,e61a14d4d77644bda229e0f9dcc7c1ee,f2c73d43e0994ee8a16f930860856c0e,4c8bed6380a34e22927fe9a9fa81fe7a,4c8bed6380a34e22927fe9a9fa81fe7a,5.637
d9d945f2ecff47eaa09f9c2dd283a89d,RADAR_RIGHT_FRONT,b8b58fe8031b4e838c3d9906aa3369b9,3126c35b164c459d85e0a0555ccba628,4c8bed6380a34e22927fe9a9fa81fe7a,4c8bed6380a34e22927fe9a9fa81fe7a,5.627
d9d945f2ecff47eaa09f9c2dd283a89d,RADAR_RIGHT_SIDE,f7d19ce98bee47a9af439ea06510b22d,8bef64c60da74778a5b9ef975c97edb7,4c8bed6380a34e22927fe9a9fa81fe7a,4c8bed6380a34e22927fe9a9fa81fe7a,4.108
107022cffcc148f299350a9344f26f84,LIDAR_LEFT,6066db1f6e5442c9bc885ca17bffde5a,2e6c7b7b7ceb4f69be01f9006cedf58f,79ee9beea70f4516a0eef6e03a240852,7a96f4591c31428ea78c0cecd9f35188,-10.654
107022cffcc148f299350a9344f26f84,LIDAR_REAR,21591fc8533f4c18bf6f70312b23f8e5,7198b581279c431bad450deaf7669f87,20b24cab65074e619fbf4f9ddd5ec27a,7a96f4591c31428ea78c0cecd9f35188,-48.16
107022cffcc148f299350a9344f26f84,LIDAR_RIGHT,6a4fca1478ba47b2a6f61c14b3cbb1b9,aefabf5dd96744beb296b9881d60ff8b,6f72e7d112534ace94674e809e69f078,7a96f4591c31428ea78c0cecd9f35188,14.606
107022cffcc148f299350a9344f26f84,LIDAR_TOP_FRONT,7e8e1776575d44cb8939737e707fa947,f994daad50a14ac49f1468d66eb8db62,7a96f4591c31428ea78c0cecd9f35188,7a96f4591c31428ea78c0cecd9f35188,3.498
107022cffcc148f299350a9344f26f84,LIDAR_TOP_LEFT,f1a44e0fc32d45b19e02083d0dff8e13,373fca46a765439794d1ecbb5839a161,6da9158673204474a958cf6b4510e277,7a96f4591c31428ea78c0cecd9f35188,-22.228
107022cffcc148f299350a9344f26f84,LIDAR_TOP_RIGHT,c3ed3cb7b23248d8b26ff6f1d5980f0c,f8849496a35c4af599b8e598afda166d,48db52e623dd489eb599320edb102a4a,7a96f4591c31428ea78c0cecd9f35188,27.756
107022cffcc148f299350a9344f26f84,RADAR_LEFT_BACK,045f50eb62e043fe978ec98777887e96,326989c743c948bf86229f525d0deb2d,7a96f4591c31428ea78c0cecd9f35188,7a96f4591c31428ea78c0cecd9f35188,5.235
107022cffcc148f299350a9344f26f84,RADAR_LEFT_FRONT,6aa4b586e3304c75b2fecea9c5889544,5e6c5afaa842478db6066e9de8dec1ef,7a96f4591c31428ea78c0cecd9f35188,7a96f4591c31428ea78c0cecd9f35188,5.791
107022cffcc148f299350a9344f26f84,RADAR_LEFT_SIDE,6a9e5a6a47e044159f3fe7be182bc20a,cbecfab3ced24bbeab0a1b1bdd4375a8,7a96f4591c31428ea78c0cecd9f35188,7a96f4591c31428ea78c0cecd9f35188,5.643
107022cffcc148f299350a9344f26f84,RADAR_RIGHT_BACK,e73ddeb76bd841d08cdab5ead0a9c957,f2c73d43e0994ee8a16f930860856c0e,7a96f4591c31428ea78c0cecd9f35188,7a96f4591c31428ea78c0cecd9f35188,7.077
107022cffcc148f299350a9344f26f84,RADAR_RIGHT_FRONT,6aa67ba8fdd44113bd9166e8e02cab71,3126c35b164c459d85e0a0555ccba628,7a96f4591c31428ea78c0cecd9f35188,7a96f4591c31428ea78c0cecd9f35188,6.997
107022cffcc148f299350a9344f26f84,RADAR_RIGHT_SIDE,0a4fbc23181843f0ae9ccaa7df23ad67,8bef64c60da74778a5b9ef975c97edb7,7a96f4591c31428ea78c0cecd9f35188,7a96f4591c31428ea78c0cecd9f35188,5.2
200accc64ca644669f74bdc5749a52c2,LIDAR_LEFT,4a1adef02086438c89dc87ec011495c2,2e6c7b7b7ceb4f69be01f9006cedf58f,5dd36870061d477390d37ba661fd3fc0,b51404122a584e1d99467cb7d27bfab6,-10.649
200accc64ca644669f74bdc5749a52c2,LIDAR_REAR,f4db92698c4a4bb5b5623295aae134dd,7198b581279c431bad450deaf7669f87,3118c7ad1be849d490dbe00d2a3c7996,b51404122a584e1d99467cb7d27bfab6,-48.379
200accc64ca644669f74bdc5749a52c2,LIDAR_RIGHT,4b42641bfd40418f8f36687ca329564d,aefabf5dd96744beb296b9881d60ff8b,67ed862d4db949c4b4deb052d48dcc93,b51404122a584e1d99467cb7d27bfab6,14.013
200accc64ca644669f74bdc5749a52c2,LIDAR_TOP_FRONT,d16e00b9a4714640a29c2dd0622e2ec4,f994daad50a14ac49f1468d66eb8db62,b51404122a584e1d99467cb7d27bfab6,b51404122a584e1d99467cb7d27bfab6,2.778
200accc64ca644669f74bdc5749a52c2,LIDAR_TOP_LEFT,9ab2d0f72b6f440eb94c5838481ef5b9,373fca46a765439794d1ecbb5839a161,2dd3c5e7b5e948408fe7b182d3097547,b51404122a584e1d99467cb7d27bfab6,-22.52
200accc64ca644669f74bdc5749a52c2,LIDAR_TOP_RIGHT,4376e7ca97054e908702893dd1aa86c3,f8849496a35c4af599b8e598afda166d,efa6fac5d5074d30ad7bf4e24c2e89ac,b51404122a584e1d99467cb7d27bfab6,27.374
200accc64ca644669f74bdc5749a52c2,RADAR_LEFT_BACK,2d443960975e4ec8941d5a3e3cac735a,326989c743c948bf86229f525d0deb2d,b51404122a584e1d99467cb7d27bfab6,b51404122a584e1d99467cb7d27bfab6,6.538
200accc64ca644669f74bdc5749a52c2,RADAR_LEFT_FRONT,52c30da1c13d4fd3ad82ce837c7152fd,5e6c5afaa842478db6066e9de8dec1ef,b51404122a584e1d99467cb7d27bfab6,b51404122a584e1d99467cb7d27bfab6,7.014
200accc64ca644669f74bdc5749a52c2,RADAR_LEFT_SIDE,8abbc6939cb84f1cad658aa6002961b9,cbecfab3ced24bbeab0a1b1bdd4375a8,b51404122a584e1d99467cb7d27bfab6,b51404122a584e1d99467cb7d27bfab6,6.833
200accc64ca644669f74bdc5749a52c2,RADAR_RIGHT_BACK,0b8c39a1d84d4effa6218254e27ba12d,f2c73d43e0994ee8a16f930860856c0e,b51404122a584e1d99467cb7d27bfab6,b51404122a584e1d99467cb7d27bfab6,3.754
200accc64ca644669f74bdc5749a52c2,RADAR_RIGHT_FRONT,0af6aae2f6c744cab12364b8a01d9459,3126c35b164c459d85e0a0555ccba628,b51404122a584e1d99467cb7d27bfab6,b51404122a584e1d99467cb7d27bfab6,3.689
200accc64ca644669f74bdc5749a52c2,RADAR_RIGHT_SIDE,c93f8f72832244cb81f2fb8f8a776856,8bef64c60da74778a5b9ef975c97edb7,b51404122a584e1d99467cb7d27bfab6,b51404122a584e1d99467cb7d27bfab6,6.565
5dd62b98623c4212947265c15294f822,LIDAR_LEFT,4d2ac5a48f694a43ac0b902840673e0a,2e6c7b7b7ceb4f69be01f9006cedf58f,0cf1d2e8a600409696fc39c48666b10f,2eb9fb017971418ea718657ef0986b11,-10.638
5dd62b98623c4212947265c15294f822,LIDAR_REAR,b70929d8445d4d11aa1033b1d637f84e,7198b581279c431bad450deaf7669f87,ab307bb836eb47e89bc68f552314443d,2eb9fb017971418ea718657ef0986b11,-48.086
5dd62b98623c4212947265c15294f822,LIDAR_RIGHT,31f608f955cb46c1a36fa93f66387e76,aefabf5dd96744beb296b9881d60ff8b,75dcb68d89e244218b95bffd050846eb,2eb9fb017971418ea718657ef0986b11,14.597
5dd62b98623c4212947265c15294f822,LIDAR_TOP_FRONT,1b457ccf415f4a0f80054e94ed195c5c,f994daad50a14ac49f1468d66eb8db62,2eb9fb017971418ea718657ef0986b11,2eb9fb017971418ea718657ef0986b11,2.738
5dd62b98623c4212947265c15294f822,LIDAR_TOP_LEFT,8f2082747444405f96bef182b03b345f,373fca46a765439794d1ecbb5839a161,b7d48bef0c454793bcfe8e953b4b3299,2eb9fb017971418ea718657ef0986b11,-22.046
5dd62b98623c4212947265c15294f822,LIDAR_TOP_RIGHT,ca87913add4340b88ac33418c53c75a3,f8849496a35c4af599b8e598afda166d,424cd3a15ec343bf80d142b72e04e67b,2eb9fb017971418ea718657ef0986b11,27.846
5dd62b98623c4212947265c15294f822,RADAR_LEFT_BACK,b34f0b6faadd4f7db156388b293daec4,326989c743c948bf86229f525d0deb2d,2eb9fb017971418ea718657ef0986b11,2eb9fb017971418ea718657ef0986b11,3.992
5dd62b98623c4212947265c15294f822,RADAR_LEFT_FRONT,40c540dfc763461796f3c8574e161d6c,5e6c5afaa842478db6066e9de8dec1ef,2eb9fb017971418ea718657ef0986b11,2eb9fb017971418ea718657ef0986b11,3.64
5dd62b98623c4212947265c15294f822,RADAR_LEFT_SIDE,b9189953df124f29951ea77238f6608a,cbecfab3ced24bbeab0a1b1bdd4375a8,2eb9fb017971418ea718657ef0986b11,2eb9fb017971418ea718657ef0986b11,3.446
5dd62b98623c4212947265c15294f822,RADAR_RIGHT_BACK,184b285ba5464dd699dac2615fb95b65,f2c73d43e0994ee8a16f930860856c0e,2eb9fb017971418ea718657ef0986b11,2eb9fb017971418ea718657ef0986b11,5.256
5dd62b98623c4212947265c15294f822,RADAR_RIGHT_FRONT,ecf410477822463e83d03477b9548dd9,3126c35b164c459d85e0a0555ccba628,2eb9fb017971418ea718657ef0986b11,2eb9fb017971418ea718657ef0986b11,5.176
5dd62b98623c4212947265c15294f822,RADAR_RIGHT_SIDE,f52b412742e34288aca57bf0b8a076cd,8bef64c60da74778a5b9ef975c97edb7,2eb9fb017971418ea718657ef0986b11,2eb9fb017971418ea718657ef0986b11,3.983
67ea7a1a866d4942b2f389567d11272f,LIDAR_LEFT,46ed978f5bd6428ca15a6d97555a7a82,2e6c7b7b7ceb4f69be01f9006cedf58f,db89df22cc714f959e8b6b6c4c87c3c3,78d09069cfaf492b99ae18baabf51746,-10.648
67ea7a1a866d4942b2f389567d11272f,LIDAR_REAR,767ca5572a454eb495c515e322f3a69f,7198b581279c431bad450deaf7669f87,ca90e45b67574ba6a72d43d6c7f76258,78d09069cfaf492b99ae18baabf51746,-47.804
67ea7a1a866d4942b2f389567d11272f,LIDAR_RIGHT,132d453cca4a485ea5feb10ccc403ffc,aefabf5dd96744beb296b9881d60ff8b,65febf9feb20470685dead6159942c68,78d09069cfaf492b99ae18baabf51746,14.864
67ea7a1a866d4942b2f389567d11272f,LIDAR_TOP_FRONT,03b2a3aba85d41f4b6592110c8ff752d,f994daad50a14ac49f1468d66eb8db62,78d09069cfaf492b99ae18baabf51746,78d09069cfaf492b99ae18baabf51746,2.819
67ea7a1a866d4942b2f389567d11272f,LIDAR_TOP_LEFT,f1b78d6a0a924bc5808b8ee596a87bb3,373fca46a765439794d1ecbb5839a161,0d201df37dcb43a49b0a4c8ca1688e08,78d09069cfaf492b99ae18baabf51746,-21.65
67ea7a1a866d4942b2f389567d11272f,LIDAR_TOP_RIGHT,9ae1027d3327439496b58dbe72ced64e,f8849496a35c4af599b8e598afda166d,6ce338c9d558470982e2caa2453d0b90,78d09069cfaf492b99ae18baabf51746,28.338
67ea7a1a866d4942b2f389567d11272f,RADAR_LEFT_BACK,547e3c061c6540849db44e3ebe973cb9,326989c743c948bf86229f525d0deb2d,78d09069cfaf492b99ae18baabf51746,78d09069cfaf492b99ae18baabf51746,5.163
67ea7a1a866d4942b2f389567d11272f,RADAR_LEFT_FRONT,07488a1a64ec47fc86037eae1ae96046,5e6c5afaa842478db6066e9de8dec1ef,78d09069cfaf492b99ae18baabf51746,78d09069cfaf492b99ae18baabf51746,5.817
67ea7a1a866d4942b2f389567d11272f,RADAR_LEFT_SIDE,a30ecebd687645fc95f4a74a3f4bc27a,cbecfab3ced24bbeab0a1b1bdd4375a8,78d09069cfaf492b99ae18baabf51746,78d09069cfaf492b99ae18baabf51746,5.669
67ea7a1a866d4942b2f389567d11272f,RADAR_RIGHT_BACK,799dcc3e322a433bac333a919305fa86,f2c73d43e0994ee8a16f930860856c0e,78d09069cfaf492b99ae18baabf51746,78d09069cfaf492b99ae18baabf51746,6.987
67ea7a1a866d4942b2f389567d11272f,RADAR_RIGHT_FRONT,1f4e2733a4da4170ae7f079f9bf27b67,3126c35b164c459d85e0a0555ccba628,78d09069cfaf492b99ae18baabf51746,78d09069cfaf492b99ae18baabf51746,6.928
67ea7a1a866d4942b2f389567d11272f,RADAR_RIGHT_SIDE,a46f5d12fac74bb8b0f1f524f2a06bfc,8bef64c60da74778a5b9ef975c97edb7,78d09069cfaf492b99ae18baabf51746,78d09069cfaf492b99ae18baabf51746,5.165
34031c02dc804642aa6520be28ce39c0,LIDAR_LEFT,68522de3595347468d36df49019508a4,2e6c7b7b7ceb4f69be01f9006cedf58f,fd9909cc93f2434791440d7c2fc6dbe8,5f3e8c7fc5d64d2fb19d054d5b7b4826,-10.658
34031c02dc804642aa6520be28ce39c0,LIDAR_REAR,de6c46345faa4adbaa7532ba2645a18f,7198b581279c431bad450deaf7669f87,bb5f38596d974122a679bc6fb7a8b0db,5f3e8c7fc5d64d2fb19d054d5b7b4826,-48.128
34031c02dc804642aa6520be28ce39c0,LIDAR_RIGHT,3aa5097c99b449d0a1a6e9ca14ee7016,aefabf5dd96744beb296b9881d60ff8b,d0c1cc68c84b4211b88383f1adce2db1,5f3e8c7fc5d64d2fb19d054d5b7b4826,14.013
34031c02dc804642aa6520be28ce39c0,LIDAR_TOP_FRONT,ff1dad7f83cb4d118746a7caf8a4a9a6,f994daad50a14ac49f1468d66eb8db62,5f3e8c7fc5d64d2fb19d054d5b7b4826,5f3e8c7fc5d64d2fb19d054d5b7b4826,2.39
34031c02dc804642aa6520be28ce39c0,LIDAR_TOP_LEFT,ec74195148e147c493a097dbe09b2a63,373fca46a765439794d1ecbb5839a161,842c81c7ed7242b1adff0101444692ee,5f3e8c7fc5d64d2fb19d054d5b7b4826,-22.098
34031c02dc804642aa6520be28ce39c0,LIDAR_TOP_RIGHT,d104b2c463674403b2e429acc7ccc168,f8849496a35c4af599b8e598afda166d,a98da3eff1fe4f2580dbf6447a72301f,5f3e8c7fc5d64d2fb19d054d5b7b4826,27.671
34031c02dc804642aa6520be28ce39c0,RADAR_LEFT_BACK,111d47a4b7e345f8a328cb67feb16c56,326989c743c948bf86229f525d0deb2d,5f3e8c7fc5d64d2fb19d054d5b7b4826,5f3e8c7fc5d64d2fb19d054d5b7b4826,6.395
34031c02dc804642aa6520be28ce39c0,RADAR_LEFT_FRONT,281bc71a891041109031b3e0d6fc54a2,5e6c5afaa842478db6066e9de8dec1ef,5f3e8c7fc5d64d2fb19d054d5b7b4826,5f3e8c7fc5d64d2fb19d054d5b7b4826,6.837
34031c02dc804642aa6520be28ce39c0,RADAR_LEFT_SIDE,026f289a1675492ea9e4dfc9ab8eb82f,cbecfab3ced24bbeab0a1b1bdd4375a8,5f3e8c7fc5d64d2fb19d054d5b7b4826,5f3e8c7fc5d64d2fb19d054d5b7b4826,6.688
34031c02dc804642aa6520be28ce39c0,RADAR_RIGHT_BACK,fa9a06324298437689504d7aab419ad3,f2c73d43e0994ee8a16f930860856c0e,5f3e8c7fc5d64d2fb19d054d5b7b4826,5f3e8c7fc5d64d2fb19d054d5b7b4826,3.9
34031c02dc804642aa6520be28ce39c0,RADAR_RIGHT_FRONT,7f2672decb21418abfc366311caec2f9,3126c35b164c459d85e0a0555ccba628,5f3e8c7fc5d64d2fb19d054d5b7b4826,5f3e8c7fc5d64d2fb19d054d5b7b4826,3.779
34031c02dc804642aa6520be28ce39c0,RADAR_RIGHT_SIDE,9fa19e873215425ba6f51de71478b31f,8bef64c60da74778a5b9ef975c97edb7,5f3e8c7fc5d64d2fb19d054d5b7b4826,5f3e8c7fc5d64d2fb19d054d5b7b4826,6.328
ca174280df424acfacaab13a606faf99,LIDAR_LEFT,634c9cb5738d4c5e9c1c38741219b5c3,2e6c7b7b7ceb4f69be01f9006cedf58f,6bdb1cd78fc24b6d9668f69f03a3b506,cf7cd245747c4830b01b7db18c3f30dc,-10.643
ca174280df424acfacaab13a606faf99,LIDAR_REAR,ec170e74e3cb48fea9cf4a7a91ef66d5,7198b581279c431bad450deaf7669f87,1b7ca45a1b0643d5b925717ced1d656f,cf7cd245747c4830b01b7db18c3f30dc,-48.349
ca174280df424acfacaab13a606faf99,LIDAR_RIGHT,6660d36d5f244658a7d57bec70c43db4,aefabf5dd96744beb296b9881d60ff8b,886e955f505b424ea9648c3a864841f7,cf7cd245747c4830b01b7db18c3f30dc,13.539
ca174280df424acfacaab13a606faf99,LIDAR_TOP_FRONT,51a65b8392d04af583be6a662a82cf2b,f994daad50a14ac49f1468d66eb8db62,cf7cd245747c4830b01b7db18c3f30dc,cf7cd245747c4830b01b7db18c3f30dc,2.22
ca174280df424acfacaab13a606faf99,LIDAR_TOP_LEFT,871b851dd2524dac84fbdda72a185ef8,373fca46a765439794d1ecbb5839a161,0c9b1a3372d34783bda832e61daf83dd,cf7cd245747c4830b01b7db18c3f30dc,-22.243
ca174280df424acfacaab13a606faf99,LIDAR_TOP_RIGHT,b1cbbaa8baf24d88bec1fdbf04622572,f8849496a35c4af599b8e598afda166d,2d492ba56ccb44b6b4ae368bcb26daad,cf7cd245747c4830b01b7db18c3f30dc,27.419
ca174280df424acfacaab13a606faf99,RADAR_LEFT_BACK,ee8572aeb1cd490f8dd9c3f1ebdb8760,326989c743c948bf86229f525d0deb2d,cf7cd245747c4830b01b7db18c3f30dc,cf7cd245747c4830b01b7db18c3f30dc,3.184
ca174280df424acfacaab13a606faf99,RADAR_LEFT_FRONT,d6ed3f71a4d24a30b0f9bb2b0befdea6,5e6c5afaa842478db6066e9de8dec1ef,cf7cd245747c4830b01b7db18c3f30dc,cf7cd245747c4830b01b7db18c3f30dc,3.688
ca174280df424acfacaab13a606faf99,RADAR_LEFT_SIDE,3480659b0bd54a9d8ced9334012746ad,cbecfab3ced24bbeab0a1b1bdd4375a8,cf7cd245747c4830b01b7db18c3f30dc,cf7cd245747c4830b01b7db18c3f30dc,3.463
ca174280df424acfacaab13a606faf99,RADAR_RIGHT_BACK,6cb56fc007164ad1b65b677da96f47e2,f2c73d43e0994ee8a16f930860856c0e,cf7cd245747c4830b01b7db18c3f30dc,cf7cd245747c4830b01b7db18c3f30dc,4.571
ca174280df424acfacaab13a606faf99,RADAR_RIGHT_FRONT,a6f0350ed2c24df294fcdee1e56ca38c,3126c35b164c459d85e0a0555ccba628,cf7cd245747c4830b01b7db18c3f30dc,cf7cd245747c4830b01b7db18c3f30dc,4.547
ca174280df424acfacaab13a606faf99,RADAR_RIGHT_SIDE,2812d744a3c34ed5ad2863f0367931a6,8bef64c60da74778a5b9ef975c97edb7,cf7cd245747c4830b01b7db18c3f30dc,cf7cd245747c4830b01b7db18c3f30dc,3.224
d90d09439b8049c2967999fc4a8fd2a4,LIDAR_LEFT,78c0132014d04b569257e4f2b775d83e,2e6c7b7b7ceb4f69be01f9006cedf58f,da4c3260579843d29560511b3f208a2f,4a469e9d6f7c4709971353f7053a1d11,-10.64
d90d09439b8049c2967999fc4a8fd2a4,LIDAR_REAR,7afd75bc5149479b9b2277a65f3a499f,7198b581279c431bad450deaf7669f87,ad9b3148836d4a839c4a8c45e67235ac,4a469e9d6f7c4709971353f7053a1d11,-48.041
d90d09439b8049c2967999fc4a8fd2a4,LIDAR_RIGHT,5a6536e2de1c45609f52a5cc82508dd6,aefabf5dd96744beb296b9881d60ff8b,39c27a9ec3c4425dbb272f8548de8f7c,4a469e9d6f7c4709971353f7053a1d11,14.347
d90d09439b8049c2967999fc4a8fd2a4,LIDAR_TOP_FRONT,7803e708573d46bda2b88257acf89b52,f994daad50a14ac49f1468d66eb8db62,4a469e9d6f7c4709971353f7053a1d11,4a469e9d6f7c4709971353f7053a1d11,2.808
d90d09439b8049c2967999fc4a8fd2a4,LIDAR_TOP_LEFT,936647bf1a2c4df68b1bd25e7bc67999,373fca46a765439794d1ecbb5839a161,af1513163e4f41a8acd33d99d71aad21,4a469e9d6f7c4709971353f7053a1d11,-22.115
d90d09439b8049c2967999fc4a8fd2a4,LIDAR_TOP_RIGHT,bbbad1a88a774fbaadc6dda3151797a9,f8849496a35c4af599b8e598afda166d,b53e14b500c144049af29d0e7d103a5b,4a469e9d6f7c4709971353f7053a1d11,27.697
d90d09439b8049c2967999fc4a8fd2a4,RADAR_LEFT_BACK,650ab500bf694966abf6c12c0974aeba,326989c743c948bf86229f525d0deb2d,4a469e9d6f7c4709971353f7053a1d11,4a469e9d6f7c4709971353f7053a1d11,5.198
d90d09439b8049c2967999fc4a8fd2a4,RADAR_LEFT_FRONT,b61c6dc1749046158e6db577ba8d9108,5e6c5afaa842478db6066e9de8dec1ef,4a469e9d6f7c4709971353f7053a1d11,4a469e9d6f7c4709971353f7053a1d11,5.162
d90d09439b8049c2967999fc4a8fd2a4,RADAR_LEFT_SIDE,f55e06601a034af4938c516ad636ceba,cbecfab3ced24bbeab0a1b1bdd4375a8,4a469e9d6f7c4709971353f7053a1d11,4a469e9d6f7c4709971353f7053a1d11,4.983
d90d09439b8049c2967999fc4a8fd2a4,RADAR_RIGHT_BACK,b4aadd0e4c224440bd5dc3269c505fc6,f2c73d43e0994ee8a16f930860856c0e,4a469e9d6f7c4709971353f7053a1d11,4a469e9d6f7c4709971353f7053a1d11,6.536
d90d09439b8049c2967999fc4a8fd2a4,RADAR_RIGHT_FRONT,e999dd54e6314d678385097c63e83cdb,3126c35b164c459d85e0a0555ccba628,4a469e9d6f7c4709971353f7053a1d11,4a469e9d6f7c4709971353f7053a1d11,6.323
d90d09439b8049c2967999fc4a8fd2a4,RADAR_RIGHT_SIDE,c304efd7b2114aaeb83051d806f541e8,8bef64c60da74778a5b9ef975c97edb7,4a469e9d6f7c4709971353f7053a1d11,4a469e9d6f7c4709971353f7053a1d11,5.174
f7ad54940a674f25be6c22317b0e3815,LIDAR_LEFT,bcac00df34d3482fa23407d89518b599,2e6c7b7b7ceb4f69be01f9006cedf58f,2435aa80ebb34b8fbae01529cf8c2aec,95aaf567dc2540a49766771c66ad0937,-10.641
f7ad54940a674f25be6c22317b0e3815,LIDAR_REAR,7b54c152a8b84265be32539ffe3700d0,7198b581279c431bad450deaf7669f87,5d0abc5a39d843d28ff68cd0535db9e4,95aaf567dc2540a49766771c66ad0937,-47.954
f7ad54940a674f25be6c22317b0e3815,LIDAR_RIGHT,2421435cb891455097a118f8bcafce99,aefabf5dd96744beb296b9881d60ff8b,8d725af9b559433292421ab72af856ee,95aaf567dc2540a49766771c66ad0937,14.69
f7ad54940a674f25be6c22317b0e3815,LIDAR_TOP_FRONT,d6c2bc7edb5743b390d59264dabb601d,f994daad50a14ac49f1468d66eb8db62,95aaf567dc2540a49766771c66ad0937,95aaf567dc2540a49766771c66ad0937,2.814
f7ad54940a674f25be6c22317b0e3815,LIDAR_TOP_LEFT,b7918471a8e64aa69bba6a125baff74b,373fca46a765439794d1ecbb5839a161,505f267417cc4d29a7598e33c4ccb9d6,95aaf567dc2540a49766771c66ad0937,-22.082
f7ad54940a674f25be6c22317b0e3815,LIDAR_TOP_RIGHT,826d41325de94de1bc09a73775eb53ec,f8849496a35c4af599b8e598afda166d,2dcc47a8769340f0bcee4a97b6898d60,95aaf567dc2540a49766771c66ad0937,28.188
f7ad54940a674f25be6c22317b0e3815,RADAR_LEFT_BACK,1f9f58a0d5e049abbb72edcf447eb768,326989c743c948bf86229f525d0deb2d,95aaf567dc2540a49766771c66ad0937,95aaf567dc2540a49766771c66ad0937,6.194
f7ad54940a674f25be6c22317b0e3815,RADAR_LEFT_FRONT,57e5a557e51644a7bf7dcf9eb7b8a66a,5e6c5afaa842478db6066e9de8dec1ef,95aaf567dc2540a49766771c66ad0937,95aaf567dc2540a49766771c66ad0937,6.86
f7ad54940a674f25be6c22317b0e3815,RADAR_LEFT_SIDE,807f74fce10c468eafe15dcd4dc4bbc7,cbecfab3ced24bbeab0a1b1bdd4375a8,95aaf567dc2540a49766771c66ad0937,95aaf567dc2540a49766771c66ad0937,6.72
f7ad54940a674f25be6c22317b0e3815,RADAR_RIGHT_BACK,cb8515c05dae48dfb49a6553c66be354,f2c73d43e0994ee8a16f930860856c0e,95aaf567dc2540a49766771c66ad0937,95aaf567dc2540a49766771c66ad0937,3.588
f7ad54940a674f25be6c22317b0e3815,RADAR_RIGHT_FRONT,a6ec179237904971b457b2fbb3d23370,3126c35b164c459d85e0a0555ccba628,95aaf567dc2540a49766771c66ad0937,95aaf567dc2540a49766771c66ad0937,3.689
f7ad54940a674f25be6c22317b0e3815,RADAR_RIGHT_SIDE,86b44788afe4418e872ffc0c961ac070,8bef64c60da74778a5b9ef975c97edb7,95aaf567dc2540a49766771c66ad0937,95aaf567dc2540a49766771c66ad0937,6.255
ecfeab9c4ce14cc0a2f94a111172f157,LIDAR_LEFT,2a4c820d92a6443199ddc5c4506cc2a2,2e6c7b7b7ceb4f69be01f9006cedf58f,82aea7688d4a40e1a94562063e931971,d72d79ae91b5410abfde325d7d012230,-10.642
ecfeab9c4ce14cc0a2f94a111172f157,LIDAR_REAR,c930317fe39346fea8059f965d3dff8a,7198b581279c431bad450deaf7669f87,816f68fa65094857873282587e9f69a4,d72d79ae91b5410abfde325d7d012230,-47.884
ecfeab9c4ce14cc0a2f94a111172f157,LIDAR_RIGHT,c262dacfb6204f059b58dc58a83c6d4c,aefabf5dd96744beb296b9881d60ff8b,f27e118755574780a6533e2a0f69a625,d72d79ae91b5410abfde325d7d012230,14.501
ecfeab9c4ce14cc0a2f94a111172f157,LIDAR_TOP_FRONT,5fbe145f1dfc48a685d2f99311755660,f994daad50a14ac49f1468d66eb8db62,d72d79ae91b5410abfde325d7d012230,d72d79ae91b5410abfde325d7d012230,3.162
ecfeab9c4ce14cc0a2f94a111172f157,LIDAR_TOP_LEFT,610d0242797742a0b34869fbd9c2067b,373fca46a765439794d1ecbb5839a161,348947b7684449d588e572a991de9115,d72d79ae91b5410abfde325d7d012230,-22.012
ecfeab9c4ce14cc0a2f94a111172f157,LIDAR_TOP_RIGHT,c2734f68813a43bcbdb2ecb48f648aae,f8849496a35c4af599b8e598afda166d,7e7f9a70283b4a8ab309442e21ef8a19,d72d79ae91b5410abfde325d7d012230,28.24
ecfeab9c4ce14cc0a2f94a111172f157,RADAR_LEFT_BACK,eb1bb137861c435cae6cf1ae3988395a,326989c743c948bf86229f525d0deb2d,d72d79ae91b5410abfde325d7d012230,d72d79ae91b5410abfde325d7d012230,4.345
ecfeab9c4ce14cc0a2f94a111172f157,RADAR_LEFT_FRONT,b019dfb185b44774bf5787154519f79b,5e6c5afaa842478db6066e9de8dec1ef,d72d79ae91b5410abfde325d7d012230,d72d79ae91b5410abfde325d7d012230,4.292
ecfeab9c4ce14cc0a2f94a111172f157,RADAR_LEFT_SIDE,034e967d5fb34aa6a7a82196d764c1d5,cbecfab3ced24bbeab0a1b1bdd4375a8,d72d79ae91b5410abfde325d7d012230,d72d79ae91b5410abfde325d7d012230,4.09
ecfeab9c4ce14cc0a2f94a111172f157,RADAR_RIGHT_BACK,b0b3f255853945d68ded9251e31c73f2,f2c73d43e0994ee8a16f930860856c0e,d72d79ae91b5410abfde325d7d012230,d72d79ae91b5410abfde325d7d012230,5.558
ecfeab9c4ce14cc0a2f94a111172f157,RADAR_RIGHT_FRONT,d1610b90ca9e4ae2b90795f47dc4c393,3126c35b164c459d85e0a0555ccba628,d72d79ae91b5410abfde325d7d012230,d72d79ae91b5410abfde325d7d012230,5.51
ecfeab9c4ce14cc0a2f94a111172f157,RADAR_RIGHT_SIDE,2932bfe91df648a4b37e5a500000b2ea,8bef64c60da74778a5b9ef975c97edb7,d72d79ae91b5410abfde325d7d012230,d72d79ae91b5410abfde325d7d012230,4.357
4ada9cbed75249478210480ecae22937,LIDAR_LEFT,1817793b55dc45d78c7f2c2971478448,2e6c7b7b7ceb4f69be01f9006cedf58f,323d1b4178734d028df7e5c3b56cba8d,1b8876d728ed4e3b8c61bdb7ab374dab,-10.656
4ada9cbed75249478210480ecae22937,LIDAR_REAR,428ad7fe3a05427092a05ff48a14a8af,7198b581279c431bad450deaf7669f87,9a1e9468eb074dbd95c1d7b7c891ab73,1b8876d728ed4e3b8c61bdb7ab374dab,-48.165
4ada9cbed75249478210480ecae22937,LIDAR_RIGHT,775445ada92f4612b32435f71260cc87,aefabf5dd96744beb296b9881d60ff8b,fc5bb64fa5104caebe46779be37e5aaa,1b8876d728ed4e3b8c61bdb7ab374dab,14.588
4ada9cbed75249478210480ecae22937,LIDAR_TOP_FRONT,39ad703f617a48d58323e7158a99b09b,f994daad50a14ac49f1468d66eb8db62,1b8876d728ed4e3b8c61bdb7ab374dab,1b8876d728ed4e3b8c61bdb7ab374dab,2.633
4ada9cbed75249478210480ecae22937,LIDAR_TOP_LEFT,4f83d5a1830d405eb176a46ec8e5de7a,373fca46a765439794d1ecbb5839a161,0a282ee952d34f9c9a491b77df925361,1b8876d728ed4e3b8c61bdb7ab374dab,-22.247
4ada9cbed75249478210480ecae22937,LIDAR_TOP_RIGHT,5f6efece4d874fc6a945300057564b6a,f8849496a35c4af599b8e598afda166d,44d8648b45d94efb9c3c04c54ba623a7,1b8876d728ed4e3b8c61bdb7ab374dab,28.195
4ada9cbed75249478210480ecae22937,RADAR_LEFT_BACK,0b6a2b392d774ffa9df0c40d3829c83f,326989c743c948bf86229f525d0deb2d,1b8876d728ed4e3b8c61bdb7ab374dab,1b8876d728ed4e3b8c61bdb7ab374dab,4.933
4ada9cbed75249478210480ecae22937,RADAR_LEFT_FRONT,a3b8956db54f4bd5961759ffeab1ca79,5e6c5afaa842478db6066e9de8dec1ef,1b8876d728ed4e3b8c61bdb7ab374dab,1b8876d728ed4e3b8c61bdb7ab374dab,5.135
4ada9cbed75249478210480ecae22937,RADAR_LEFT_SIDE,fa36a7d64b2842458e42cccbdcfe3670,cbecfab3ced24bbeab0a1b1bdd4375a8,1b8876d728ed4e3b8c61bdb7ab374dab,1b8876d728ed4e3b8c61bdb7ab374dab,4.96
4ada9cbed75249478210480ecae22937,RADAR_RIGHT_BACK,4ed6c1abcbee43ab99340cea236a1ed0,f2c73d43e0994ee8a16f930860856c0e,1b8876d728ed4e3b8c61bdb7ab374dab,1b8876d728ed4e3b8c61bdb7ab374dab,6.256
4ada9cbed75249478210480ecae22937,RADAR_RIGHT_FRONT,c00c1e7b032142369beaaace4724d98b,3126c35b164c459d85e0a0555ccba628,1b8876d728ed4e3b8c61bdb7ab374dab,1b8876d728ed4e3b8c61bdb7ab374dab,6.237
4ada9cbed75249478210480ecae22937,RADAR_RIGHT_SIDE,5ad13890786e478e80795955e25eff5b,8bef64c60da74778a5b9ef975c97edb7,1b8876d728ed4e3b8c61bdb7ab374dab,1b8876d728ed4e3b8c61bdb7ab374dab,4.87
d9a0ffc7dc7a4932af41044c29c0c558,LIDAR_LEFT,b92c4f3ca5da47f7b6234cac82ce9b0b,2e6c7b7b7ceb4f69be01f9006cedf58f,dc27008f37ba4f56ba737ac43923d6ff,cf16b3f5d7de405ea2a4f15e11ce87c9,-10.647
d9a0ffc7dc7a4932af41044c29c0c558,LIDAR_REAR,12594268d5c14366ae1b4cbe23648361,7198b581279c431bad450deaf7669f87,4596532f55e74a8b8fafc5b9121fed62,cf16b3f5d7de405ea2a4f15e11ce87c9,-48.439
d9a0ffc7dc7a4932af41044c29c0c558,LIDAR_RIGHT,99ed381754ba45f5a93a9c38f09d7675,aefabf5dd96744beb296b9881d60ff8b,ad25111052974b54bc2945a9cd97dbb1,cf16b3f5d7de405ea2a4f15e11ce87c9,14.306
d9a0ffc7dc7a4932af41044c29c0c558,LIDAR_TOP_FRONT,4bb3e5a4c5124a7c92ae33cbe4e5e1be,f994daad50a14ac49f1468d66eb8db62,cf16b3f5d7de405ea2a4f15e11ce87c9,cf16b3f5d7de405ea2a4f15e11ce87c9,2.315
d9a0ffc7dc7a4932af41044c29c0c558,LIDAR_TOP_LEFT,67cb88048345473ebca2600e5c4d1eb3,373fca46a765439794d1ecbb5839a161,c835e24584de4fdf870e2556a9f26a27,cf16b3f5d7de405ea2a4f15e11ce87c9,-22.584
d9a0ffc7dc7a4932af41044c29c0c558,LIDAR_TOP_RIGHT,7151460f5678490f8fd190ec9c665eac,f8849496a35c4af599b8e598afda166d,4cb3e9055b8b4e0291759340122e4c83,cf16b3f5d7de405ea2a4f15e11ce87c9,27.8
d9a0ffc7dc7a4932af41044c29c0c558,RADAR_LEFT_BACK,3e1c90f2ce2348cbbcf77ba1c9e0020a,326989c743c948bf86229f525d0deb2d,cf16b3f5d7de405ea2a4f15e11ce87c9,cf16b3f5d7de405ea2a4f15e11ce87c9,7.176
d9a0ffc7dc7a4932af41044c29c0c558,RADAR_LEFT_FRONT,2fd50825c0d5450fb60670c2e4814b67,5e6c5afaa842478db6066e9de8dec1ef,cf16b3f5d7de405ea2a4f15e11ce87c9,cf16b3f5d7de405ea2a4f15e11ce87c9,6.404
d9a0ffc7dc7a4932af41044c29c0c558,RADAR_LEFT_SIDE,1e0e76047cdf4140ab1e9a85e7e4139a,cbecfab3ced24bbeab0a1b1bdd4375a8,cf16b3f5d7de405ea2a4f15e11ce87c9,cf16b3f5d7de405ea2a4f15e11ce87c9,6.29
d9a0ffc7dc7a4932af41044c29c0c558,RADAR_RIGHT_BACK,28dcdac1677d4b1097070f9aecdce4e3,f2c73d43e0994ee8a16f930860856c0e,cf16b3f5d7de405ea2a4f15e11ce87c9,cf16b3f5d7de405ea2a4f15e11ce87c9,4.116
d9a0ffc7dc7a4932af41044c29c0c558,RADAR_RIGHT_FRONT,6e6029aa72f047858ce735ab09dbecdb,3126c35b164c459d85e0a0555ccba628,cf16b3f5d7de405ea2a4f15e11ce87c9,cf16b3f5d7de405ea2a4f15e11ce87c9,3.908
d9a0ffc7dc7a4932af41044c29c0c558,RADAR_RIGHT_SIDE,e7ec2d3330834c4e8ef326b48a3048f4,8bef64c60da74778a5b9ef975c97edb7,cf16b3f5d7de405ea2a4f15e11ce87c9,cf16b3f5d7de405ea2a4f15e11ce87c9,7.255
2bb86f1a816c41d6ac274402246a24fc,LIDAR_LEFT,a8e382c8057348bca9fc67c7ecaae431,2e6c7b7b7ceb4f69be01f9006cedf58f,6d689927344d481a9ba5ec759affe10f,991f36373e7e43d4bd809cce13ab2d41,-10.64
2bb86f1a816c41d6ac274402246a24fc,LIDAR_REAR,3f82a40bba5b42b298f22d8cc6a31f1d,7198b581279c431bad450deaf7669f87,5dd9091935084b91a4465659e68659f2,991f36373e7e43d4bd809cce13ab2d41,-48.035
2bb86f1a816c41d6ac274402246a24fc,LIDAR_RIGHT,b26c0e9d9d464652af7db0ca0cbcb093,aefabf5dd96744beb296b9881d60ff8b,876c07f463364b5ea40f389dcd8a247d,991f36373e7e43d4bd809cce13ab2d41,14.226
2bb86f1a816c41d6ac274402246a24fc,LIDAR_TOP_FRONT,644f8fe5a7144afa8eecbb34a881f24c,f994daad50a14ac49f1468d66eb8db62,991f36373e7e43d4bd809cce13ab2d41,991f36373e7e43d4bd809cce13ab2d41,2.934
2bb86f1a816c41d6ac274402246a24fc,LIDAR_TOP_LEFT,0ecbaadf507347ab98ab84dd1bb5b191,373fca46a765439794d1ecbb5839a161,f015e2c3c12549e2a04c4aff4b291ba6,991f36373e7e43d4bd809cce13ab2d41,-22.251
2bb86f1a816c41d6ac274402246a24fc,LIDAR_TOP_RIGHT,5268cd82f1f64b7d9d5f5f7415a9ce26,f8849496a35c4af599b8e598afda166d,36439d377a1e4bdeb7db10b2a1c75054,991f36373e7e43d4bd809cce13ab2d41,28.028
2bb86f1a816c41d6ac274402246a24fc,RADAR_LEFT_BACK,1222e4c2d868486dad37bd1497c11db0,326989c743c948bf86229f525d0deb2d,991f36373e7e43d4bd809cce13ab2d41,991f36373e7e43d4bd809cce13ab2d41,3.722
2bb86f1a816c41d6ac274402246a24fc,RADAR_LEFT_FRONT,429801f51a2a4ca5aca4ea1a1c43c888,5e6c5afaa842478db6066e9de8dec1ef,991f36373e7e43d4bd809cce13ab2d41,991f36373e7e43d4bd809cce13ab2d41,3.629
2bb86f1a816c41d6ac274402246a24fc,RADAR_LEFT_SIDE,2757ee232d1b4172833a9c271e461f27,cbecfab3ced24bbeab0a1b1bdd4375a8,991f36373e7e43d4bd809cce13ab2d41,991f36373e7e43d4bd809cce13ab2d41,3.496
2bb86f1a816c41d6ac274402246a24fc,RADAR_RIGHT_BACK,9a013c677b5a4ead96efcc1e15152fda,f2c73d43e0994ee8a16f930860856c0e,991f36373e7e43d4bd809cce13ab2d41,991f36373e7e43d4bd809cce13ab2d41,4.859
2bb86f1a816c41d6ac274402246a24fc,RADAR_RIGHT_FRONT,57c0e4bed5c44ebab1f82305dd73b87f,3126c35b164c459d85e0a0555ccba628,991f36373e7e43d4bd809cce13ab2d41,991f36373e7e43d4bd809cce13ab2d41,4.836
2bb86f1a816c41d6ac274402246a24fc,RADAR_RIGHT_SIDE,4f80b4eee5cf4422b620b7e43b93e97d,8bef64c60da74778a5b9ef975c97edb7,991f36373e7e43d4bd809cce13ab2d41,991f36373e7e43d4bd809cce13ab2d41,3.734
d1a194be3c4d4ab3946f088897e0f578,LIDAR_LEFT,80df5695f58847088f98589bb4e78fb5,2e6c7b7b7ceb4f69be01f9006cedf58f,4a3eb7461caa4786928931bc068dc5a8,1a572d27a76c4e2caf36487ea1cd1d1d,-10.653
d1a194be3c4d4ab3946f088897e0f578,LIDAR_REAR,5897f1890d3b435ba92c5587804587ee,7198b581279c431bad450deaf7669f87,ddc6f058afb441ce8461995a58ee0cc2,1a572d27a76c4e2caf36487ea1cd1d1d,-47.786
d1a194be3c4d4ab3946f088897e0f578,LIDAR_RIGHT,90f2123abaff4f429723576128f1f73d,aefabf5dd96744beb296b9881d60ff8b,fd7362b0168d4286a614c387785f4cfe,1a572d27a76c4e2caf36487ea1cd1d1d,14.749
d1a194be3c4d4ab3946f088897e0f578,LIDAR_TOP_FRONT,aced5e99082b4b5bb4d0615f2542f463,f994daad50a14ac49f1468d66eb8db62,1a572d27a76c4e2caf36487ea1cd1d1d,1a572d27a76c4e2caf36487ea1cd1d1d,3.202
d1a194be3c4d4ab3946f088897e0f578,LIDAR_TOP_LEFT,64e8659bf44e47f5b84d419456bb066f,373fca46a765439794d1ecbb5839a161,9e5e3c114acf4d88b579ee1b800b9732,1a572d27a76c4e2caf36487ea1cd1d1d,-21.912
d1a194be3c4d4ab3946f088897e0f578,LIDAR_TOP_RIGHT,3ec5fae07f5a4eaf815e06fecf74ddb8,f8849496a35c4af599b8e598afda166d,087316d08939410d96d5feebdc1268d6,1a572d27a76c4e2caf36487ea1cd1d1d,27.791
d1a194be3c4d4ab3946f088897e0f578,RADAR_LEFT_BACK,d490c2a230b64308b7c59a353c168a7e,326989c743c948bf86229f525d0deb2d,1a572d27a76c4e2caf36487ea1cd1d1d,1a572d27a76c4e2caf36487ea1cd1d1d,5.895
d1a194be3c4d4ab3946f088897e0f578,RADAR_LEFT_FRONT,e1ae2e3cccf249f886ca83c3e317271a,5e6c5afaa842478db6066e9de8dec1ef,1a572d27a76c4e2caf36487ea1cd1d1d,1a572d27a76c4e2caf36487ea1cd1d1d,5.633
d1a194be3c4d4ab3946f088897e0f578,RADAR_LEFT_SIDE,d80b3b1a6c554b28993f6181a260c78c,cbecfab3ced24bbeab0a1b1bdd4375a8,1a572d27a76c4e2caf36487ea1cd1d1d,1a572d27a76c4e2caf36487ea1cd1d1d,5.416
d1a194be3c4d4ab3946f088897e0f578,RADAR_RIGHT_BACK,22320841d8264302bd0067c31b4e785e,f2c73d43e0994ee8a16f930860856c0e,1a572d27a76c4e2caf36487ea1cd1d1d,1a572d27a76c4e2caf36487ea1cd1d1d,7.602
d1a194be3c4d4ab3946f088897e0f578,RADAR_RIGHT_FRONT,528f2d55ae7a481b89686e0431d21cfa,3126c35b164c459d85e0a0555ccba628,1a572d27a76c4e2caf36487ea1cd1d1d,1a572d27a76c4e2caf36487ea1cd1d1d,7.56
d1a194be3c4d4ab3946f088897e0f578,RADAR_RIGHT_SIDE,28b7688dd3bb4514a47a057c514d9248,8bef64c60da74778a5b9ef975c97edb7,1a572d27a76c4e2caf36487ea1cd1d1d,1a572d27a76c4e2caf36487ea1cd1d1d,5.916
dfb9c2cee4824b6ea827e2cfac0dda0c,LIDAR_LEFT,78c0bb37be5f4e8a9be3da674ee186ba,2e6c7b7b7ceb4f69be01f9006cedf58f,9ff6a98440b84f95ba76e73af5cca597,b440cc560a864d98a5c77b0a04b5a866,-10.657
dfb9c2cee4824b6ea827e2cfac0dda0c,LIDAR_REAR,0b8c0350eed24343aa152122cb3176b2,7198b581279c431bad450deaf7669f87,d0cdac1cbb0b49fbb1327eeb1bf067cf,b440cc560a864d98a5c77b0a04b5a866,-48.074
dfb9c2cee4824b6ea827e2cfac0dda0c,LIDAR_RIGHT,7d88a2f3e73c492fae7e5ea3242ed9f5,aefabf5dd96744beb296b9881d60ff8b,e2d8cc59adbc47ad9e2e796bd14015e7,b440cc560a864d98a5c77b0a04b5a866,14.452
dfb9c2cee4824b6ea827e2cfac0dda0c,LIDAR_TOP_FRONT,9aa4d3342405461ebf43b41ce0f44f80,f994daad50a14ac49f1468d66eb8db62,b440cc560a864d98a5c77b0a04b5a866,b440cc560a864d98a5c77b0a04b5a866,2.555
dfb9c2cee4824b6ea827e2cfac0dda0c,LIDAR_TOP_LEFT,3bfec76b18f948ceaeb4ce5053a0f6e5,373fca46a765439794d1ecbb5839a161,2a1ac7c8a2654795b5d20218e6a42d6b,b440cc560a864d98a5c77b0a04b5a866,-21.975
dfb9c2cee4824b6ea827e2cfac0dda0c,LIDAR_TOP_RIGHT,b66a1aa985d1400da9421933c16f2e3a,f8849496a35c4af599b8e598afda166d,95f1f8de6409479185c24ed7eaed7c30,b440cc560a864d98a5c77b0a04b5a866,27.581
dfb9c2cee4824b6ea827e2cfac0dda0c,RADAR_LEFT_BACK,d45d60043ef846c2a32f403eef4d88f4,326989c743c948bf86229f525d0deb2d,b440cc560a864d98a5c77b0a04b5a866,b440cc560a864d98a5c77b0a04b5a866,7.138
dfb9c2cee4824b6ea827e2cfac0dda0c,RADAR_LEFT_FRONT,6fc0ad77261c43f785410d7c9e6bdf59,5e6c5afaa842478db6066e9de8dec1ef,b440cc560a864d98a5c77b0a04b5a866,b440cc560a864d98a5c77b0a04b5a866,6.132
dfb9c2cee4824b6ea827e2cfac0dda0c,RADAR_LEFT_SIDE,3d8b1050d6934752b42b7c95838eb22c,cbecfab3ced24bbeab0a1b1bdd4375a8,b440cc560a864d98a5c77b0a04b5a866,b440cc560a864d98a5c77b0a04b5a866,5.97
dfb9c2cee4824b6ea827e2cfac0dda0c,RADAR_RIGHT_BACK,add3166e4e814e1b8c29f66cec962820,f2c73d43e0994ee8a16f930860856c0e,b440cc560a864d98a5c77b0a04b5a866,b440cc560a864d98a5c77b0a04b5a866,3.675
dfb9c2cee4824b6ea827e2cfac0dda0c,RADAR_RIGHT_FRONT,3579cbbd16e444e6b864a63cb8309a5d,3126c35b164c459d85e0a0555ccba628,b440cc560a864d98a5c77b0a04b5a866,b440cc560a864d98a5c77b0a04b5a866,3.615
dfb9c2cee4824b6ea827e2cfac0dda0c,RADAR_RIGHT_SIDE,c56297e541db46fabb9c6d636a185562,8bef64c60da74778a5b9ef975c97edb7,b440cc560a864d98a5c77b0a04b5a866,b440cc560a864d98a5c77b0a04b5a866,7.196
d6749e370cac44b5af7a04924435ff6b,LIDAR_LEFT,041d5b22cad546ad8683930eccf191a7,2e6c7b7b7ceb4f69be01f9006cedf58f,5649e5a1365e48eb976e1e3e65698672,5739c95276e94af0b6a30ad0dafda09b,-10.643
d6749e370cac44b5af7a04924435ff6b,LIDAR_REAR,9aa90b4e46d441bb83c03641836d40e4,7198b581279c431bad450deaf7669f87,b88f4cd31b284ff3a3ef1343270d9fec,5739c95276e94af0b6a30ad0dafda09b,-48.176
d6749e370cac44b5af7a04924435ff6b,LIDAR_RIGHT,46ea8a7d8043497d84b8d071cba40d27,aefabf5dd96744beb296b9881d60ff8b,79c067b92cf1486788b75bad666589a8,5739c95276e94af0b6a30ad0dafda09b,13.867
d6749e370cac44b5af7a04924435ff6b,LIDAR_TOP_FRONT,43d5bbb0d6e24ef599bd705c79dd955c,f994daad50a14ac49f1468d66eb8db62,5739c95276e94af0b6a30ad0dafda09b,5739c95276e94af0b6a30ad0dafda09b,1.462
d6749e370cac44b5af7a04924435ff6b,LIDAR_TOP_LEFT,70ba64c3503c47d49e83aa31b0df50d2,373fca46a765439794d1ecbb5839a161,46928eb67b9a40bbb2368c755e416445,5739c95276e94af0b6a30ad0dafda09b,-22.181
d6749e370cac44b5af7a04924435ff6b,LIDAR_TOP_RIGHT,a117d438f6894a48b98fbb7f10b996a6,f8849496a35c4af599b8e598afda166d,ab017c6ee4224cdab47b3d107a1c7b43,5739c95276e94af0b6a30ad0dafda09b,27.731
d6749e370cac44b5af7a04924435ff6b,RADAR_LEFT_BACK,cfd82fa6c87e400fa9937d9d93cecda5,326989c743c948bf86229f525d0deb2d,5739c95276e94af0b6a30ad0dafda09b,5739c95276e94af0b6a30ad0dafda09b,4.17
d6749e370cac44b5af7a04924435ff6b,RADAR_LEFT_FRONT,f0e711ca27e94cce8214016fe3bf9853,5e6c5afaa842478db6066e9de8dec1ef,5739c95276e94af0b6a30ad0dafda09b,5739c95276e94af0b6a30ad0dafda09b,4.127
d6749e370cac44b5af7a04924435ff6b,RADAR_LEFT_SIDE,0510f59f9d4849fab1d5b0cfd16d636f,cbecfab3ced24bbeab0a1b1bdd4375a8,5739c95276e94af0b6a30ad0dafda09b,5739c95276e94af0b6a30ad0dafda09b,3.933
d6749e370cac44b5af7a04924435ff6b,RADAR_RIGHT_BACK,91b269214f3649a2b4c08f543b647c40,f2c73d43e0994ee8a16f930860856c0e,5739c95276e94af0b6a30ad0dafda09b,5739c95276e94af0b6a30ad0dafda09b,5.632
d6749e370cac44b5af7a04924435ff6b,RADAR_RIGHT_FRONT,4073d567d2c246329364f6c16ae9e5eb,3126c35b164c459d85e0a0555ccba628,5739c95276e94af0b6a30ad0dafda09b,5739c95276e94af0b6a30ad0dafda09b,5.51
d6749e370cac44b5af7a04924435ff6b,RADAR_RIGHT_SIDE,d5d66e4aa7d7456481454eec3d9536bc,8bef64c60da74778a5b9ef975c97edb7,5739c95276e94af0b6a30ad0dafda09b,5739c95276e94af0b6a30ad0dafda09b,4.154
08a1174ca5f54446bf5e560929f47307,LIDAR_LEFT,f96b474b2c8f44e6a8894d23929d0879,2e6c7b7b7ceb4f69be01f9006cedf58f,2e72f5d95d0146579c2673aba4994420,7a76893dad2a421cbcb1c399249ae529,-10.641
08a1174ca5f54446bf5e560929f47307,LIDAR_REAR,6e9e64351fcf4b22a4f0cd2644350bbc,7198b581279c431bad450deaf7669f87,f770d823ca494f73b91ef28b56a8db9a,7a76893dad2a421cbcb1c399249ae529,-47.995
08a1174ca5f54446bf5e560929f47307,LIDAR_RIGHT,86d413a193bc4c4493fb68887fc78142,aefabf5dd96744beb296b9881d60ff8b,af90db1295e14e478defe86942eda2d5,7a76893dad2a421cbcb1c399249ae529,13.797
08a1174ca5f54446bf5e560929f47307,LIDAR_TOP_FRONT,a84f1edfb9694bcca63b2feb13366589,f994daad50a14ac49f1468d66eb8db62,7a76893dad2a421cbcb1c399249ae529,7a76893dad2a421cbcb1c399249ae529,2.969
08a1174ca5f54446bf5e560929f47307,LIDAR_TOP_LEFT,46089fcbe17d474290f80316544d5814,373fca46a765439794d1ecbb5839a161,68c817ddac384f41b686a99c70d8f47a,7a76893dad2a421cbcb1c399249ae529,-21.886
08a1174ca5f54446bf5e560929f47307,LIDAR_TOP_RIGHT,c20310dd0dcc4f5ba5ac9a6f03294b07,f8849496a35c4af599b8e598afda166d,6225140cd2ba4d4bb26fb2810970012b,7a76893dad2a421cbcb1c399249ae529,28.07
08a1174ca5f54446bf5e560929f47307,RADAR_LEFT_BACK,cc4619c405d747f0aa3fbd4171bf758d,326989c743c948bf86229f525d0deb2d,7a76893dad2a421cbcb1c399249ae529,7a76893dad2a421cbcb1c399249ae529,5.626
08a1174ca5f54446bf5e560929f47307,RADAR_LEFT_FRONT,e8bb48df9fb34a70a7e7498121a43a6a,5e6c5afaa842478db6066e9de8dec1ef,7a76893dad2a421cbcb1c399249ae529,7a76893dad2a421cbcb1c399249ae529,4.909
08a1174ca5f54446bf5e560929f47307,RADAR_LEFT_SIDE,3a0731f2bab341e1bb8d6b7bef564738,cbecfab3ced24bbeab0a1b1bdd4375a8,7a76893dad2a421cbcb1c399249ae529,7a76893dad2a421cbcb1c399249ae529,4.704
08a1174ca5f54446bf5e560929f47307,RADAR_RIGHT_BACK,1822afd2ab1447088cbe4ca8be1fb629,f2c73d43e0994ee8a16f930860856c0e,7a76893dad2a421cbcb1c399249ae529,7a76893dad2a421cbcb1c399249ae529,7.379
08a1174ca5f54446bf5e560929f47307,RADAR_RIGHT_FRONT,aeb41b3ab7814f0590099419f021b621,3126c35b164c459d85e0a0555ccba628,7a76893dad2a421cbcb1c399249ae529,7a76893dad2a421cbcb1c399249ae529,7.297
08a1174ca5f54446bf5e560929f47307,RADAR_RIGHT_SIDE,f251c3ad891a4cecb7a3ea9299d855cc,8bef64c60da74778a5b9ef975c97edb7,7a76893dad2a421cbcb1c399249ae529,7a76893dad2a421cbcb1c399249ae529,5.626
bab11f9d759141a1a62ff8bedf2f5815,LIDAR_LEFT,a2f4f2a0a11f42988ad0fafd4981adb8,2e6c7b7b7ceb4f69be01f9006cedf58f,fa89db985ca44aab8578b1ca6943137f,d858d56208584ebb8003a08506510d76,-10.642
bab11f9d759141a1a62ff8bedf2f5815,LIDAR_REAR,ddb4824adf114eaf9284760ab348bdd3,7198b581279c431bad450deaf7669f87,b3908e9888ca4f13bb8dac8eb0642ec8,d858d56208584ebb8003a08506510d76,-47.748
bab11f9d759141a1a62ff8bedf2f5815,LIDAR_RIGHT,ea7a60d035a84110a024fa9d8404d422,aefabf5dd96744beb296b9881d60ff8b,90a1e1d32a554c40a4fcbe24af6a5abb,d858d56208584ebb8003a08506510d76,14.743
bab11f9d759141a1a62ff8bedf2f5815,LIDAR_TOP_FRONT,4561b03b4074458b9fada583c3c632c1,f994daad50a14ac49f1468d66eb8db62,d858d56208584ebb8003a08506510d76,d858d56208584ebb8003a08506510d76,3.202
bab11f9d759141a1a62ff8bedf2f5815,LIDAR_TOP_LEFT,a6bfbc0c0f514087850397656f4c0b1c,373fca46a765439794d1ecbb5839a161,5802bc9a1e1e4d7caa1e9ab5b5f2eacc,d858d56208584ebb8003a08506510d76,-21.671
bab11f9d759141a1a62ff8bedf2f5815,LIDAR_TOP_RIGHT,56184803eae04cdd9baa05ee2afa6098,f8849496a35c4af599b8e598afda166d,9ec6113c412143e391ea1d4f70bdacfe,d858d56208584ebb8003a08506510d76,28.461
bab11f9d759141a1a62ff8bedf2f5815,RADAR_LEFT_BACK,1b86aae4050b44cdb9daacee673b293e,326989c743c948bf86229f525d0deb2d,d858d56208584ebb8003a08506510d76,d858d56208584ebb8003a08506510d76,7.371
bab11f9d759141a1a62ff8bedf2f5815,RADAR_LEFT_FRONT,5224040e7b964eef8fdcda304453ca91,5e6c5afaa842478db6066e9de8dec1ef,d858d56208584ebb8003a08506510d76,d858d56208584ebb8003a08506510d76,7.84
bab11f9d759141a1a62ff8bedf2f5815,RADAR_LEFT_SIDE,f9b0b119ce30443397e5223fdb4958e9,cbecfab3ced24bbeab0a1b1bdd4375a8,d858d56208584ebb8003a08506510d76,d858d56208584ebb8003a08506510d76,7.617
bab11f9d759141a1a62ff8bedf2f5815,RADAR_RIGHT_BACK,04b2a4bc2dcd4cbaa457d4f995a47f9c,f2c73d43e0994ee8a16f930860856c0e,d858d56208584ebb8003a08506510d76,d858d56208584ebb8003a08506510d76,4.81
bab11f9d759141a1a62ff8bedf2f5815,RADAR_RIGHT_FRONT,5de214ae763649519928a3b8e18b2327,3126c35b164c459d85e0a0555ccba628,d858d56208584ebb8003a08506510d76,d858d56208584ebb8003a08506510d76,4.82
bab11f9d759141a1a62ff8bedf2f5815,RADAR_RIGHT_SIDE,0bc683b50fce432abf6e506af38e8d43,8bef64c60da74778a5b9ef975c97edb7,d858d56208584ebb8003a08506510d76,d858d56208584ebb8003a08506510d76,7.37
1eb6c0c7adad4cf29e8da13dcf8ef16b,LIDAR_LEFT,e5967c13eaa64bcdabf53d3191aca38f,2e6c7b7b7ceb4f69be01f9006cedf58f,225229b9cc694d93a8e818783353899f,6a49effc3fc24354a387e81deb6cd18c,-10.637
1eb6c0c7adad4cf29e8da13dcf8ef16b,LIDAR_REAR,9284e9d39d5a430d88d18023a0e67c1b,7198b581279c431bad450deaf7669f87,0b5f429195794ceb926b8a671624cb2f,6a49effc3fc24354a387e81deb6cd18c,-48.116
1eb6c0c7adad4cf29e8da13dcf8ef16b,LIDAR_RIGHT,8318e877d4714cf6874bfa3d74a25b12,aefabf5dd96744beb296b9881d60ff8b,f643dc86f4374dfdb347a2201aa91be8,6a49effc3fc24354a387e81deb6cd18c,14.873
1eb6c0c7adad4cf29e8da13dcf8ef16b,LIDAR_TOP_FRONT,377b02d2d28d47f69e867bc651d0b784,f994daad50a14ac49f1468d66eb8db62,6a49effc3fc24354a387e81deb6cd18c,6a49effc3fc24354a387e81deb6cd18c,2.602
1eb6c0c7adad4cf29e8da13dcf8ef16b,LIDAR_TOP_LEFT,1c2ee0fb52954c4d8442b1c7b20e5328,373fca46a765439794d1ecbb5839a161,cb152d454cf0489aa86e4af10508d8a5,6a49effc3fc24354a387e81deb6cd18c,-21.921
1eb6c0c7adad4cf29e8da13dcf8ef16b,LIDAR_TOP_RIGHT,2bd20bfa14cf43e8b3bddc4176cceb97,f8849496a35c4af599b8e598afda166d,b18071f3f4834eaaa37ab0a7c0b59fa0,6a49effc3fc24354a387e81deb6cd18c,28.001
1eb6c0c7adad4cf29e8da13dcf8ef16b,RADAR_LEFT_BACK,6271295b1d624820b06e2b227403d822,326989c743c948bf86229f525d0deb2d,6a49effc3fc24354a387e81deb6cd18c,6a49effc3fc24354a387e81deb6cd18c,3.532
1eb6c0c7adad4cf29e8da13dcf8ef16b,RADAR_LEFT_FRONT,9339504773c14bc3a6840b0db587ccf1,5e6c5afaa842478db6066e9de8dec1ef,6a49effc3fc24354a387e81deb6cd18c,6a49effc3fc24354a387e81deb6cd18c,3.808
1eb6c0c7adad4cf29e8da13dcf8ef16b,RADAR_LEFT_SIDE,8fccb57257fd46eb9e5e183bb6b381cd,cbecfab3ced24bbeab0a1b1bdd4375a8,6a49effc3fc24354a387e81deb6cd18c,6a49effc3fc24354a387e81deb6cd18c,3.785
1eb6c0c7adad4cf29e8da13dcf8ef16b,RADAR_RIGHT_BACK,4e8c580dea6b4d2cbfde7f64fe7396d0,f2c73d43e0994ee8a16f930860856c0e,6a49effc3fc24354a387e81deb6cd18c,6a49effc3fc24354a387e81deb6cd18c,7.38
1eb6c0c7adad4cf29e8da13dcf8ef16b,RADAR_RIGHT_FRONT,0150a21ffb3c425497ab09f3bff71e10,3126c35b164c459d85e0a0555ccba628,6a49effc3fc24354a387e81deb6cd18c,6a49effc3fc24354a387e81deb6cd18c,3.58
1eb6c0c7adad4cf29e8da13dcf8ef16b,RADAR_RIGHT_SIDE,ab99ea34342f48a1a3c5302338352e99,8bef64c60da74778a5b9ef975c97edb7,6a49effc3fc24354a387e81deb6cd18c,6a49effc3fc24354a387e81deb6cd18c,5.329
c47d261c32ec405b836f0b832b776438,LIDAR_LEFT,b6e2d8e6aa994b2dad729b8c6161d489,2e6c7b7b7ceb4f69be01f9006cedf58f,b4c615bb0030466383f1d878ab3c9eb8,a2f8325ebb10487dbdf3c0c143f0dae3,-10.644
c47d261c32ec405b836f0b832b776438,LIDAR_REAR,9040bc818e924e9bb9751e29988bf934,7198b581279c431bad450deaf7669f87,7b868c75d9344b90901f12de27c816bd,a2f8325ebb10487dbdf3c0c143f0dae3,-47.802
c47d261c32ec405b836f0b832b776438,LIDAR_RIGHT,00e5a91dfa054f648870dfcc50b68e77,aefabf5dd96744beb296b9881d60ff8b,033e5c6afd2f492f9416efe9e6adcca8,a2f8325ebb10487dbdf3c0c143f0dae3,14.475
c47d261c32ec405b836f0b832b776438,LIDAR_TOP_FRONT,4538389feca442e69c7e7f87a8ed8050,f994daad50a14ac49f1468d66eb8db62,a2f8325ebb10487dbdf3c0c143f0dae3,a2f8325ebb10487dbdf3c0c143f0dae3,3.138
c47d261c32ec405b836f0b832b776438,LIDAR_TOP_LEFT,98325014cae54206bd93b28edc40fde1,373fca46a765439794d1ecbb5839a161,95b4c67b795544a6968c705dbfdb1184,a2f8325ebb10487dbdf3c0c143f0dae3,-21.713
c47d261c32ec405b836f0b832b776438,LIDAR_TOP_RIGHT,b77585c2b7c341d6a4306233d5e2ced3,f8849496a35c4af599b8e598afda166d,754537919e8e4880b9b101049084c819,a2f8325ebb10487dbdf3c0c143f0dae3,28.46
c47d261c32ec405b836f0b832b776438,RADAR_LEFT_BACK,703d5c737dce4a569597af808b03d793,326989c743c948bf86229f525d0deb2d,a2f8325ebb10487dbdf3c0c143f0dae3,a2f8325ebb10487dbdf3c0c143f0dae3,5.806
c47d261c32ec405b836f0b832b776438,RADAR_LEFT_FRONT,f48fe22e603f4ef19d2ccfb3b073ee52,5e6c5afaa842478db6066e9de8dec1ef,a2f8325ebb10487dbdf3c0c143f0dae3,a2f8325ebb10487dbdf3c0c143f0dae3,6.079
c47d261c32ec405b836f0b832b776438,RADAR_LEFT_SIDE,728722aa66ce4b3bb5bd789687c3f0e0,cbecfab3ced24bbeab0a1b1bdd4375a8,a2f8325ebb10487dbdf3c0c143f0dae3,a2f8325ebb10487dbdf3c0c143f0dae3,6.085
c47d261c32ec405b836f0b832b776438,RADAR_RIGHT_BACK,156caf25a80f449b9a394f5584d32d74,f2c73d43e0994ee8a16f930860856c0e,a2f8325ebb10487dbdf3c0c143f0dae3,a2f8325ebb10487dbdf3c0c143f0dae3,4.647
c47d261c32ec405b836f0b832b776438,RADAR_RIGHT_FRONT,3a7ea028a34145f198b8d985cfd18d66,3126c35b164c459d85e0a0555ccba628,a2f8325ebb10487dbdf3c0c143f0dae3,a2f8325ebb10487dbdf3c0c143f0dae3,5.915
c47d261c32ec405b836f0b832b776438,RADAR_RIGHT_SIDE,cb1e7b5dee384334a9d0b80c9a9f1abe,8bef64c60da74778a5b9ef975c97edb7,a2f8325ebb10487dbdf3c0c143f0dae3,a2f8325ebb10487dbdf3c0c143f0dae3,6.425
7e82125df00b40aaaa57a34ba7907771,LIDAR_LEFT,efa4b50dae31472dbe4b8768423fa0cf,2e6c7b7b7ceb4f69be01f9006cedf58f,bc772fe230334cb7a20a4fa9b6ce8a92,e46f6bfdc22b464991d04615d356c9d6,-10.653
7e82125df00b40aaaa57a34ba7907771,LIDAR_REAR,0780ef7d777d4a5089aa38e0dd89e3eb,7198b581279c431bad450deaf7669f87,16ecefb989e2443bbacfd9ac1eb6dbc1,e46f6bfdc22b464991d04615d356c9d6,-48.038
7e82125df00b40aaaa57a34ba7907771,LIDAR_RIGHT,9740070b323841b881e384c9d43d6796,aefabf5dd96744beb296b9881d60ff8b,b8d4b379cdcc40c090eb85ec469096c9,e46f6bfdc22b464991d04615d356c9d6,13.754
7e82125df00b40aaaa57a34ba7907771,LIDAR_TOP_FRONT,897ad88e9e6e4adf964498851b52bf5f,f994daad50a14ac49f1468d66eb8db62,e46f6bfdc22b464991d04615d356c9d6,e46f6bfdc22b464991d04615d356c9d6,2.995
7e82125df00b40aaaa57a34ba7907771,LIDAR_TOP_LEFT,e0a31c745a7b452297a6d8881ef8d0fe,373fca46a765439794d1ecbb5839a161,0f89e785a7ac40218185210d55f5299d,e46f6bfdc22b464991d04615d356c9d6,-21.751
7e82125df00b40aaaa57a34ba7907771,LIDAR_TOP_RIGHT,f30fb7b63d4947658b6a2cff47b16029,f8849496a35c4af599b8e598afda166d,ec9ef2446bd14cfc87c6b8f569ff95ce,e46f6bfdc22b464991d04615d356c9d6,28.318
7e82125df00b40aaaa57a34ba7907771,RADAR_LEFT_BACK,dc2fef9c41044f29930c02403bf6035e,326989c743c948bf86229f525d0deb2d,e46f6bfdc22b464991d04615d356c9d6,e46f6bfdc22b464991d04615d356c9d6,7.562
7e82125df00b40aaaa57a34ba7907771,RADAR_LEFT_FRONT,a46f6730c6ae478eb73623b0daab3512,5e6c5afaa842478db6066e9de8dec1ef,e46f6bfdc22b464991d04615d356c9d6,e46f6bfdc22b464991d04615d356c9d6,7.564
7e82125df00b40aaaa57a34ba7907771,RADAR_LEFT_SIDE,cb1254a65187419da48f1d499648d144,cbecfab3ced24bbeab0a1b1bdd4375a8,e46f6bfdc22b464991d04615d356c9d6,e46f6bfdc22b464991d04615d356c9d6,7.648
7e82125df00b40aaaa57a34ba7907771,RADAR_RIGHT_BACK,74cd9646e461413bb6cb5b50aa5358d2,f2c73d43e0994ee8a16f930860856c0e,e46f6bfdc22b464991d04615d356c9d6,e46f6bfdc22b464991d04615d356c9d6,5.818
7e82125df00b40aaaa57a34ba7907771,RADAR_RIGHT_FRONT,dd0f59b9a9ea48ca891f203ac9af45f6,3126c35b164c459d85e0a0555ccba628,e46f6bfdc22b464991d04615d356c9d6,e46f6bfdc22b464991d04615d356c9d6,7.41
7e82125df00b40aaaa57a34ba7907771,RADAR_RIGHT_SIDE,b5fcd7a11a094b818baefc2e3e401be2,8bef64c60da74778a5b9ef975c97edb7,e46f6bfdc22b464991d04615d356c9d6,e46f6bfdc22b464991d04615d356c9d6,4.308
8645dd1e937d48dfb703be785dee3145,LIDAR_LEFT,e6cf0be3bbb54875b26bcf1aaf17849a,2e6c7b7b7ceb4f69be01f9006cedf58f,167ca106e6aa404798d631dce3fd0652,9bb4b4ddb5564e0f99b3299b3ebdddd7,-10.651
8645dd1e937d48dfb703be785dee3145,LIDAR_REAR,8a09af2a5c024551ab7a409eeb72646e,7198b581279c431bad450deaf7669f87,052ff263446549c3a88886e73be5bf6c,9bb4b4ddb5564e0f99b3299b3ebdddd7,-48.379
8645dd1e937d48dfb703be785dee3145,LIDAR_RIGHT,d6edc0142d0048688dc322a069fb6a45,aefabf5dd96744beb296b9881d60ff8b,10da5e828cb34af2a10d63a660792b93,9bb4b4ddb5564e0f99b3299b3ebdddd7,13.533
8645dd1e937d48dfb703be785dee3145,LIDAR_TOP_FRONT,08727a99d4b44d998c657e620c82e635,f994daad50a14ac49f1468d66eb8db62,9bb4b4ddb5564e0f99b3299b3ebdddd7,9bb4b4ddb5564e0f99b3299b3ebdddd7,2.916
8645dd1e937d48dfb703be785dee3145,LIDAR_TOP_LEFT,3fa045f4458c4bf5a80bcfdbb221bfe5,373fca46a765439794d1ecbb5839a161,ea1fc656b459490693cc3e9e8677df35,9bb4b4ddb5564e0f99b3299b3ebdddd7,-22.198
8645dd1e937d48dfb703be785dee3145,LIDAR_TOP_RIGHT,bb20a33e4b1f4294ba84e338fb21f837,f8849496a35c4af599b8e598afda166d,62ca149ef6c742b28ecd153f143e1dec,9bb4b4ddb5564e0f99b3299b3ebdddd7,27.711
8645dd1e937d48dfb703be785dee3145,RADAR_LEFT_BACK,f7bdfa2c9ce14552bdea30a7062a9ab1,326989c743c948bf86229f525d0deb2d,9bb4b4ddb5564e0f99b3299b3ebdddd7,9bb4b4ddb5564e0f99b3299b3ebdddd7,4.251
8645dd1e937d48dfb703be785dee3145,RADAR_LEFT_FRONT,52b0cb761cc14017a48d9c45fc9e4c5d,5e6c5afaa842478db6066e9de8dec1ef,9bb4b4ddb5564e0f99b3299b3ebdddd7,9bb4b4ddb5564e0f99b3299b3ebdddd7,4.275
8645dd1e937d48dfb703be785dee3145,RADAR_LEFT_SIDE,3c725d6b5d304b098241a6da2fe9d15d,cbecfab3ced24bbeab0a1b1bdd4375a8,9bb4b4ddb5564e0f99b3299b3ebdddd7,9bb4b4ddb5564e0f99b3299b3ebdddd7,4.288
8645dd1e937d48dfb703be785dee3145,RADAR_RIGHT_BACK,d55ca8bec04048f19c5437aae796e1e8,f2c73d43e0994ee8a16f930860856c0e,9bb4b4ddb5564e0f99b3299b3ebdddd7,9bb4b4ddb5564e0f99b3299b3ebdddd7,7.073
8645dd1e937d48dfb703be785dee3145,RADAR_RIGHT_FRONT,0e385b347d6442ff9734574130a5b7db,3126c35b164c459d85e0a0555ccba628,9bb4b4ddb5564e0f99b3299b3ebdddd7,9bb4b4ddb5564e0f99b3299b3ebdddd7,4.072
8645dd1e937d48dfb703be785dee3145,RADAR_RIGHT_SIDE,604dd26c634d4f48a9da981715343d76,8bef64c60da74778a5b9ef975c97edb7,9bb4b4ddb5564e0f99b3299b3ebdddd7,9bb4b4ddb5564e0f99b3299b3ebdddd7,4.577
2c8a57a97fd140919df0708d479a972b,LIDAR_LEFT,99827c53b1ef4c019a67d28b8dd0d443,2e6c7b7b7ceb4f69be01f9006cedf58f,0566366f32cf4dafba3d06c3276db15d,69bdf922fd8947ea82eca99301fe2779,-10.637
2c8a57a97fd140919df0708d479a972b,LIDAR_REAR,6434015372ee46a59ee285ade52cebc7,7198b581279c431bad450deaf7669f87,fe27400bdbec4e89841dd1447a160941,69bdf922fd8947ea82eca99301fe2779,-48.25
2c8a57a97fd140919df0708d479a972b,LIDAR_RIGHT,fc0e24623d4242d48168a00e5c62b103,aefabf5dd96744beb296b9881d60ff8b,aff35c1d00664494a1976b527aa98709,69bdf922fd8947ea82eca99301fe2779,14.427
2c8a57a97fd140919df0708d479a972b,LIDAR_TOP_FRONT,c2e29d8efec34b90b55b47c3c3dbfeb5,f994daad50a14ac49f1468d66eb8db62,69bdf922fd8947ea82eca99301fe2779,69bdf922fd8947ea82eca99301fe2779,2.946
2c8a57a97fd140919df0708d479a972b,LIDAR_TOP_LEFT,1e029636923048238fd82177c63b88b7,373fca46a765439794d1ecbb5839a161,20c3501be8dd46c49582aef8dfe97e37,69bdf922fd8947ea82eca99301fe2779,-22.325
2c8a57a97fd140919df0708d479a972b,LIDAR_TOP_RIGHT,e3a1c6564d76439492c8f2f4c833b883,f8849496a35c4af599b8e598afda166d,7f8f5ead7a7446a292f239e8df96bc7f,69bdf922fd8947ea82eca99301fe2779,27.71
2c8a57a97fd140919df0708d479a972b,RADAR_LEFT_BACK,1410198564594a6994b0bf0faf4b9b23,326989c743c948bf86229f525d0deb2d,69bdf922fd8947ea82eca99301fe2779,69bdf922fd8947ea82eca99301fe2779,5.764
2c8a57a97fd140919df0708d479a972b,RADAR_LEFT_FRONT,08af127b403c454d97324449b95ea33c,5e6c5afaa842478db6066e9de8dec1ef,69bdf922fd8947ea82eca99301fe2779,69bdf922fd8947ea82eca99301fe2779,5.804
2c8a57a97fd140919df0708d479a972b,RADAR_LEFT_SIDE,227481e275e44446af5eece2edef5292,cbecfab3ced24bbeab0a1b1bdd4375a8,69bdf922fd8947ea82eca99301fe2779,69bdf922fd8947ea82eca99301fe2779,5.851
2c8a57a97fd140919df0708d479a972b,RADAR_RIGHT_BACK,56660623c8d04590bad9bac4ff54143a,f2c73d43e0994ee8a16f930860856c0e,69bdf922fd8947ea82eca99301fe2779,69bdf922fd8947ea82eca99301fe2779,3.646
2c8a57a97fd140919df0708d479a972b,RADAR_RIGHT_FRONT,7319fd0bab85405783552e9efb0af3b0,3126c35b164c459d85e0a0555ccba628,69bdf922fd8947ea82eca99301fe2779,69bdf922fd8947ea82eca99301fe2779,5.602
2c8a57a97fd140919df0708d479a972b,RADAR_RIGHT_SIDE,08fcdbdd37f647b8b47c90142da29819,8bef64c60da74778a5b9ef975c97edb7,69bdf922fd8947ea82eca99301fe2779,69bdf922fd8947ea82eca99301fe2779,7.465
2137f8fd8f78489fb089b818d8215c34,LIDAR_LEFT,b8e79cb31acd4e20adf17cda2a66c1f4,2e6c7b7b7ceb4f69be01f9006cedf58f,00314560b8be4dd3a4355d43cdd2b394,66d61eda5349423f8ca4cf94992926d7,-10.642
2137f8fd8f78489fb089b818d8215c34,LIDAR_REAR,4e1bb1ef8cfe4cf3af1d59eeb5e8330e,7198b581279c431bad450deaf7669f87,d3ed45e230b447f288d7a908abc53453,66d61eda5349423f8ca4cf94992926d7,-47.944
2137f8fd8f78489fb089b818d8215c34,LIDAR_RIGHT,4c169b0a74e24e7d9a9b95da4ae9df3a,aefabf5dd96744beb296b9881d60ff8b,a2e0cd552d6748a7a3ecc60235e29201,66d61eda5349423f8ca4cf94992926d7,14.858
2137f8fd8f78489fb089b818d8215c34,LIDAR_TOP_FRONT,ac38e71c749745b592af1adc282f0b44,f994daad50a14ac49f1468d66eb8db62,66d61eda5349423f8ca4cf94992926d7,66d61eda5349423f8ca4cf94992926d7,3.194
2137f8fd8f78489fb089b818d8215c34,LIDAR_TOP_LEFT,5a770e090cc34b85ad31b4695d513cc6,373fca46a765439794d1ecbb5839a161,cd1d3c9958034c829dc6946ff6fca393,66d61eda5349423f8ca4cf94992926d7,-22.089
2137f8fd8f78489fb089b818d8215c34,LIDAR_TOP_RIGHT,e9c6d0ab0d8b48da83339d65bc228b7e,f8849496a35c4af599b8e598afda166d,33106a1893aa448bbb4f43c315f484ed,66d61eda5349423f8ca4cf94992926d7,27.898
2137f8fd8f78489fb089b818d8215c34,RADAR_LEFT_BACK,1f9f3f5e5d3340f499ba9755d8f63746,326989c743c948bf86229f525d0deb2d,66d61eda5349423f8ca4cf94992926d7,66d61eda5349423f8ca4cf94992926d7,7.384
2137f8fd8f78489fb089b818d8215c34,RADAR_LEFT_FRONT,0caa6ecd71d0486e8507c84955ad4ade,5e6c5afaa842478db6066e9de8dec1ef,66d61eda5349423f8ca4cf94992926d7,66d61eda5349423f8ca4cf94992926d7,7.378
2137f8fd8f78489fb089b818d8215c34,RADAR_LEFT_SIDE,f4b53fec4ed9400c905817ce6bd6a0c9,cbecfab3ced24bbeab0a1b1bdd4375a8,66d61eda5349423f8ca4cf94992926d7,66d61eda5349423f8ca4cf94992926d7,7.41
2137f8fd8f78489fb089b818d8215c34,RADAR_RIGHT_BACK,39ce641638254f338388d5d796406de1,f2c73d43e0994ee8a16f930860856c0e,66d61eda5349423f8ca4cf94992926d7,66d61eda5349423f8ca4cf94992926d7,5.93
2137f8fd8f78489fb089b818d8215c34,RADAR_RIGHT_FRONT,c4d8e37111fd4011bf16e7f5c2271dd8,3126c35b164c459d85e0a0555ccba628,66d61eda5349423f8ca4cf94992926d7,66d61eda5349423f8ca4cf94992926d7,7.226
2137f8fd8f78489fb089b818d8215c34,RADAR_RIGHT_SIDE,0619339a76004cff9152884588a6feb7,8bef64c60da74778a5b9ef975c97edb7,66d61eda5349423f8ca4cf94992926d7,66d61eda5349423f8ca4cf94992926d7,4.133
40b040ffc4934d349184dfe3e8bf9e0c,LIDAR_LEFT,34470b925e134a87bdc610bdbce82a0d,2e6c7b7b7ceb4f69be01f9006cedf58f,ededb2b8d4eb4654beac733b12d30498,4c14980a4bc049348437bb68510e4566,-10.652
40b040ffc4934d349184dfe3e8bf9e0c,LIDAR_REAR,006e447c185240e4833e1b348a44da45,7198b581279c431bad450deaf7669f87,f06913ddffb34c25b757fc2a7b74edec,4c14980a4bc049348437bb68510e4566,-48.055
40b040ffc4934d349184dfe3e8bf9e0c,LIDAR_RIGHT,e5706a4fc22f4a498a497189b8c5b6c5,aefabf5dd96744beb296b9881d60ff8b,a28428d05d7249a4a9f32891cdb189cc,4c14980a4bc049348437bb68510e4566,14.366
40b040ffc4934d349184dfe3e8bf9e0c,LIDAR_TOP_FRONT,d9af70e1b0b44aca839f137a4296946c,f994daad50a14ac49f1468d66eb8db62,4c14980a4bc049348437bb68510e4566,4c14980a4bc049348437bb68510e4566,2.382
40b040ffc4934d349184dfe3e8bf9e0c,LIDAR_TOP_LEFT,c617b5406a684a2494539a6f0fb6829c,373fca46a765439794d1ecbb5839a161,7a5e7945e8684d98ba6a84d14fe53e85,4c14980a4bc049348437bb68510e4566,-22.204
40b040ffc4934d349184dfe3e8bf9e0c,LIDAR_TOP_RIGHT,f08fbc8ff23740f382dd39f96f4ee39d,f8849496a35c4af599b8e598afda166d,68dbdf1acffc4f66afdb0ce72320e2d5,4c14980a4bc049348437bb68510e4566,28.181
40b040ffc4934d349184dfe3e8bf9e0c,RADAR_LEFT_BACK,3a205cbd20b6436c82199491fc8ec1e0,326989c743c948bf86229f525d0deb2d,4c14980a4bc049348437bb68510e4566,4c14980a4bc049348437bb68510e4566,3.662
40b040ffc4934d349184dfe3e8bf9e0c,RADAR_LEFT_FRONT,2885eb97715b446d8fc0333c0f08527e,5e6c5afaa842478db6066e9de8dec1ef,4c14980a4bc049348437bb68510e4566,4c14980a4bc049348437bb68510e4566,3.742
40b040ffc4934d349184dfe3e8bf9e0c,RADAR_LEFT_SIDE,fae01a09f305421c80a2e7bdedf64f47,cbecfab3ced24bbeab0a1b1bdd4375a8,4c14980a4bc049348437bb68510e4566,4c14980a4bc049348437bb68510e4566,3.949
40b040ffc4934d349184dfe3e8bf9e0c,RADAR_RIGHT_BACK,0c8934f33d6a4d75b83e6f6c2d3a8dc2,f2c73d43e0994ee8a16f930860856c0e,f06913ddffb34c25b757fc2a7b74edec,4c14980a4bc049348437bb68510e4566,-44.599
40b040ffc4934d349184dfe3e8bf9e0c,RADAR_RIGHT_FRONT,de749ece47564551a33cfd886d0571f3,3126c35b164c459d85e0a0555ccba628,4c14980a4bc049348437bb68510e4566,4c14980a4bc049348437bb68510e4566,3.493
40b040ffc4934d349184dfe3e8bf9e0c,RADAR_RIGHT_SIDE,7e1e4172d62b40778f492a514e1e8426,8bef64c60da74778a5b9ef975c97edb7,4c14980a4bc049348437bb68510e4566,4c14980a4bc049348437bb68510e4566,5.882
c65dea1742af45629519f0f94af9f031,LIDAR_LEFT,edb5cb91b0d24b96abfe5cfe89c5de78,2e6c7b7b7ceb4f69be01f9006cedf58f,d7af875f004941ab9d93731d6b8885ce,a1021dea273d41a38450a55d830f2b35,-10.653
c65dea1742af45629519f0f94af9f031,LIDAR_REAR,0cf9aaf0d5f14199ae234caa3eb74992,7198b581279c431bad450deaf7669f87,df0b9798b8dc4c22b7f8620532d6bc14,a1021dea273d41a38450a55d830f2b35,-48.398
c65dea1742af45629519f0f94af9f031,LIDAR_RIGHT,5483e149608640a5ad7f79237b14e2a8,aefabf5dd96744beb296b9881d60ff8b,069d7fbee62b4063ad366fa34047c601,a1021dea273d41a38450a55d830f2b35,13.963
c65dea1742af45629519f0f94af9f031,LIDAR_TOP_FRONT,4c48912a5ab346c4a00e6ad62ed80904,f994daad50a14ac49f1468d66eb8db62,a1021dea273d41a38450a55d830f2b35,a1021dea273d41a38450a55d830f2b35,2.596
c65dea1742af45629519f0f94af9f031,LIDAR_TOP_LEFT,ef3f52d59a684a41ba5974938604afab,373fca46a765439794d1ecbb5839a161,06ac406eb29848e6ba33e2348b7d84a2,a1021dea273d41a38450a55d830f2b35,-22.22
c65dea1742af45629519f0f94af9f031,LIDAR_TOP_RIGHT,a5bdd133a52c4b2080d005aefb74fc3a,f8849496a35c4af599b8e598afda166d,48de00ef19b8465a9eca7add778037e5,a1021dea273d41a38450a55d830f2b35,27.936
c65dea1742af45629519f0f94af9f031,RADAR_LEFT_BACK,adbb1b35bddd4edda097a11b39532035,326989c743c948bf86229f525d0deb2d,a1021dea273d41a38450a55d830f2b35,a1021dea273d41a38450a55d830f2b35,5.498
c65dea1742af45629519f0f94af9f031,RADAR_LEFT_FRONT,846dfe4ac3814710ad87a606eb2831fd,5e6c5afaa842478db6066e9de8dec1ef,a1021dea273d41a38450a55d830f2b35,a1021dea273d41a38450a55d830f2b35,5.435
c65dea1742af45629519f0f94af9f031,RADAR_LEFT_SIDE,889c405d4db24d4c90dcbd3ae9ee9335,cbecfab3ced24bbeab0a1b1bdd4375a8,a1021dea273d41a38450a55d830f2b35,a1021dea273d41a38450a55d830f2b35,5.539
c65dea1742af45629519f0f94af9f031,RADAR_RIGHT_BACK,90b2a1f330ca451088daf07249f1e84e,f2c73d43e0994ee8a16f930860856c0e,a1021dea273d41a38450a55d830f2b35,a1021dea273d41a38450a55d830f2b35,3.862
c65dea1742af45629519f0f94af9f031,RADAR_RIGHT_FRONT,cc14faef77704fd2854fd03c9567694e,3126c35b164c459d85e0a0555ccba628,a1021dea273d41a38450a55d830f2b35,a1021dea273d41a38450a55d830f2b35,5.316
c65dea1742af45629519f0f94af9f031,RADAR_RIGHT_SIDE,fe70a64250d04d9eb160995c545dd42f,8bef64c60da74778a5b9ef975c97edb7,a1021dea273d41a38450a55d830f2b35,a1021dea273d41a38450a55d830f2b35,7.203
31c077270b154d97aa6e93489fd55140,LIDAR_LEFT,2c2ef837c05e4b16b74e2a136e7001ef,2e6c7b7b7ceb4f69be01f9006cedf58f,d7a8dd71d254432694a5c80640bb1adf,b3ad4738cacf4f98b92fcc1090c75e98,-10.64
31c077270b154d97aa6e93489fd55140,LIDAR_REAR,8ded7d27a0864de8bbf29d9ffa240d8f,7198b581279c431bad450deaf7669f87,bb62875f62fb4aa187c1ed9e9179916c,b3ad4738cacf4f98b92fcc1090c75e98,-48.097
31c077270b154d97aa6e93489fd55140,LIDAR_RIGHT,bec988efd9ae4dba9ea988a5a8ed3a62,aefabf5dd96744beb296b9881d60ff8b,d228998786ce4aa3a20a3b20e742c9b5,b3ad4738cacf4f98b92fcc1090c75e98,14.035
31c077270b154d97aa6e93489fd55140,LIDAR_TOP_FRONT,40707c1339c54c3cba3e138a555e77d9,f994daad50a14ac49f1468d66eb8db62,b3ad4738cacf4f98b92fcc1090c75e98,b3ad4738cacf4f98b92fcc1090c75e98,2.83
31c077270b154d97aa6e93489fd55140,LIDAR_TOP_LEFT,24a808e84d6e48fc8dd6e35caf4cd7ae,373fca46a765439794d1ecbb5839a161,65aa3f7b6b6d49019c90a186f6395e1e,b3ad4738cacf4f98b92fcc1090c75e98,-21.983
31c077270b154d97aa6e93489fd55140,LIDAR_TOP_RIGHT,85022fde89f44886bfdf82fe41d9f3c2,f8849496a35c4af599b8e598afda166d,594227e2650a4cc8b2f9616ad6742f05,b3ad4738cacf4f98b92fcc1090c75e98,28.175
31c077270b154d97aa6e93489fd55140,RADAR_LEFT_BACK,6d2d51bb1b214233a3973cdbb3ee023d,326989c743c948bf86229f525d0deb2d,bb62875f62fb4aa187c1ed9e9179916c,b3ad4738cacf4f98b92fcc1090c75e98,-44.567
31c077270b154d97aa6e93489fd55140,RADAR_LEFT_FRONT,011572621c514bcdb3d153ba418b4a28,5e6c5afaa842478db6066e9de8dec1ef,b3ad4738cacf4f98b92fcc1090c75e98,b3ad4738cacf4f98b92fcc1090c75e98,7.005
31c077270b154d97aa6e93489fd55140,RADAR_LEFT_SIDE,26f6dcc1e9924bb596edb683d8695f13,cbecfab3ced24bbeab0a1b1bdd4375a8,b3ad4738cacf4f98b92fcc1090c75e98,b3ad4738cacf4f98b92fcc1090c75e98,7.042
31c077270b154d97aa6e93489fd55140,RADAR_RIGHT_BACK,4a360adf4c6c49e585f4e0c696069f01,f2c73d43e0994ee8a16f930860856c0e,b3ad4738cacf4f98b92fcc1090c75e98,b3ad4738cacf4f98b92fcc1090c75e98,5.314
31c077270b154d97aa6e93489fd55140,RADAR_RIGHT_FRONT,78452f00ff22419db1c665060c5819ff,3126c35b164c459d85e0a0555ccba628,b3ad4738cacf4f98b92fcc1090c75e98,b3ad4738cacf4f98b92fcc1090c75e98,6.853
31c077270b154d97aa6e93489fd55140,RADAR_RIGHT_SIDE,9d38a99ea0a441d1bbb502bcbd0f2595,8bef64c60da74778a5b9ef975c97edb7,b3ad4738cacf4f98b92fcc1090c75e98,b3ad4738cacf4f98b92fcc1090c75e98,4.424
047569d8cae6404c97d074a86f30e636,LIDAR_LEFT,4387361fc07a4cd7898c726a263b7299,2e6c7b7b7ceb4f69be01f9006cedf58f,3af37a1fc55d457da2250c1e0fd71823,ebcbc7ac9a1941ad8b1b3ca05afef835,-10.637
047569d8cae6404c97d074a86f30e636,LIDAR_REAR,47a3104584174cd5ad83d0e7c49f62fa,7198b581279c431bad450deaf7669f87,11da22d1abc74441a63f6e0ce177cad2,ebcbc7ac9a1941ad8b1b3ca05afef835,-47.504
047569d8cae6404c97d074a86f30e636,LIDAR_RIGHT,955788a6d49a41199b714b9190ea77d5,aefabf5dd96744beb296b9881d60ff8b,7f06f23eb06a41b5a30ed04f2e3640ea,ebcbc7ac9a1941ad8b1b3ca05afef835,14.661
047569d8cae6404c97d074a86f30e636,LIDAR_TOP_FRONT,787901a03c6e409d87d2039fdbd2edd3,f994daad50a14ac49f1468d66eb8db62,ebcbc7ac9a1941ad8b1b3ca05afef835,ebcbc7ac9a1941ad8b1b3ca05afef835,3.142
047569d8cae6404c97d074a86f30e636,LIDAR_TOP_LEFT,13b39ef8f30f46c680d11dd4823c3013,373fca46a765439794d1ecbb5839a161,992685fe99b74796a8a931f5658fc7a1,ebcbc7ac9a1941ad8b1b3ca05afef835,-21.518
047569d8cae6404c97d074a86f30e636,LIDAR_TOP_RIGHT,4a6c4af61ed8498d8505a92d2837eefd,f8849496a35c4af599b8e598afda166d,2b062ecf035349409d7c8e79e5ae3253,ebcbc7ac9a1941ad8b1b3ca05afef835,28.439
047569d8cae6404c97d074a86f30e636,RADAR_LEFT_BACK,25b6cce559774837875fa598a33cda81,326989c743c948bf86229f525d0deb2d,ebcbc7ac9a1941ad8b1b3ca05afef835,ebcbc7ac9a1941ad8b1b3ca05afef835,4.353
047569d8cae6404c97d074a86f30e636,RADAR_LEFT_FRONT,999715a8d6be442b8467ffd65fd912f6,5e6c5afaa842478db6066e9de8dec1ef,ebcbc7ac9a1941ad8b1b3ca05afef835,ebcbc7ac9a1941ad8b1b3ca05afef835,4.318
047569d8cae6404c97d074a86f30e636,RADAR_LEFT_SIDE,ecdaefbad18d4686a2544463e12099d4,cbecfab3ced24bbeab0a1b1bdd4375a8,ebcbc7ac9a1941ad8b1b3ca05afef835,ebcbc7ac9a1941ad8b1b3ca05afef835,4.326
047569d8cae6404c97d074a86f30e636,RADAR_RIGHT_BACK,21603da2766f4e65a2149bc98db6d717,f2c73d43e0994ee8a16f930860856c0e,ebcbc7ac9a1941ad8b1b3ca05afef835,ebcbc7ac9a1941ad8b1b3ca05afef835,7.162
047569d8cae6404c97d074a86f30e636,RADAR_RIGHT_FRONT,89e4c3ade3e2427786c78fc3bdbc0ba7,3126c35b164c459d85e0a0555ccba628,ebcbc7ac9a1941ad8b1b3ca05afef835,ebcbc7ac9a1941ad8b1b3ca05afef835,4.115
047569d8cae6404c97d074a86f30e636,RADAR_RIGHT_SIDE,ffb5463d97624898ac3a8daee42ea65b,8bef64c60da74778a5b9ef975c97edb7,ebcbc7ac9a1941ad8b1b3ca05afef835,ebcbc7ac9a1941ad8b1b3ca05afef835,6.041
66a01830f80f4eed9d8f405334842f78,LIDAR_LEFT,c53d48f526024be9b3615c9c4680e6b1,2e6c7b7b7ceb4f69be01f9006cedf58f,62235b5d8383447f938242d22ec52d50,44e0996ee48147dd851989c9f524f6af,-10.637
66a01830f80f4eed9d8f405334842f78,LIDAR_REAR,a9321f70b8644a85913d50af09cf0af8,7198b581279c431bad450deaf7669f87,a979a662949a4f5a9723364955ce438b,44e0996ee48147dd851989c9f524f6af,-47.046
66a01830f80f4eed9d8f405334842f78,LIDAR_RIGHT,54ccd4a8ad5c4d4bb2486883be342013,aefabf5dd96744beb296b9881d60ff8b,c1b2ebd7ea5b465594f9248aadf6fbe0,44e0996ee48147dd851989c9f524f6af,15.295
66a01830f80f4eed9d8f405334842f78,LIDAR_TOP_FRONT,960372b55c79476d9d6446f4c5919960,f994daad50a14ac49f1468d66eb8db62,44e0996ee48147dd851989c9f524f6af,44e0996ee48147dd851989c9f524f6af,3.38
66a01830f80f4eed9d8f405334842f78,LIDAR_TOP_LEFT,f834634845dc4e218f917919e14cefdb,373fca46a765439794d1ecbb5839a161,4883433a70354cc5b1e126fd5fa197cd,44e0996ee48147dd851989c9f524f6af,-21.21
66a01830f80f4eed9d8f405334842f78,LIDAR_TOP_RIGHT,352ef7f7a8274d1f9b5323ffe336e429,f8849496a35c4af599b8e598afda166d,f57fe99237974078b3b670068f51ffa2,44e0996ee48147dd851989c9f524f6af,28.847
66a01830f80f4eed9d8f405334842f78,RADAR_LEFT_BACK,605122cfcd154f00b1c8d5d469345190,326989c743c948bf86229f525d0deb2d,44e0996ee48147dd851989c9f524f6af,44e0996ee48147dd851989c9f524f6af,5.961
66a01830f80f4eed9d8f405334842f78,RADAR_LEFT_FRONT,1e795592ffd8472587cfe48d6f2ca1b5,5e6c5afaa842478db6066e9de8dec1ef,44e0996ee48147dd851989c9f524f6af,44e0996ee48147dd851989c9f524f6af,5.94
66a01830f80f4eed9d8f405334842f78,RADAR_LEFT_SIDE,f1c17b306e9e48ac8456f14ce6e2a7c4,cbecfab3ced24bbeab0a1b1bdd4375a8,44e0996ee48147dd851989c9f524f6af,44e0996ee48147dd851989c9f524f6af,5.984
66a01830f80f4eed9d8f405334842f78,RADAR_RIGHT_BACK,99172d83f2004e2797ebe43f2db27c0a,f2c73d43e0994ee8a16f930860856c0e,44e0996ee48147dd851989c9f524f6af,44e0996ee48147dd851989c9f524f6af,5.024
66a01830f80f4eed9d8f405334842f78,RADAR_RIGHT_FRONT,b6fb7eeba5254cf08785aa9e1d20d801,3126c35b164c459d85e0a0555ccba628,44e0996ee48147dd851989c9f524f6af,44e0996ee48147dd851989c9f524f6af,5.746
66a01830f80f4eed9d8f405334842f78,RADAR_RIGHT_SIDE,41723ef123a3430a911bc7dbd6df0d10,8bef64c60da74778a5b9ef975c97edb7,44e0996ee48147dd851989c9f524f6af,44e0996ee48147dd851989c9f524f6af,7.985
16aa20e30fe94de9b51a9dac5cb919c4,LIDAR_LEFT,7eb2f5991e744802b9157dc98d15fd93,2e6c7b7b7ceb4f69be01f9006cedf58f,b88b332ef011483eb89a15073c30d3d7,5fea02452aca4ce88c20eb0622bd7587,-10.657
16aa20e30fe94de9b51a9dac5cb919c4,LIDAR_REAR,be948be86df54a36a672b2d43a773edf,7198b581279c431bad450deaf7669f87,7eaa9013262c4edebaff4578d958128c,5fea02452aca4ce88c20eb0622bd7587,-47.037
16aa20e30fe94de9b51a9dac5cb919c4,LIDAR_RIGHT,421ca7f5a159434e8d56040555809b41,aefabf5dd96744beb296b9881d60ff8b,500a5bf979bb4718942742368245f4a7,5fea02452aca4ce88c20eb0622bd7587,14.669
16aa20e30fe94de9b51a9dac5cb919c4,LIDAR_TOP_FRONT,ffeebc555b574b469d6a8c98e187e6e0,f994daad50a14ac49f1468d66eb8db62,5fea02452aca4ce88c20eb0622bd7587,5fea02452aca4ce88c20eb0622bd7587,3.5
16aa20e30fe94de9b51a9dac5cb919c4,LIDAR_TOP_LEFT,4f190c720b8746b5ba6b3afbe2b500d5,373fca46a765439794d1ecbb5839a161,8c8a3be735214f30aadb064202717533,5fea02452aca4ce88c20eb0622bd7587,-21.374
16aa20e30fe94de9b51a9dac5cb919c4,LIDAR_TOP_RIGHT,7ae20dea744e4f368c77376cf0ede4c6,f8849496a35c4af599b8e598afda166d,716ac0b240db49969b93ae1880b4c4db,5fea02452aca4ce88c20eb0622bd7587,28.621
16aa20e30fe94de9b51a9dac5cb919c4,RADAR_LEFT_BACK,1ac507bccc874b5bbddaacc89cd62910,326989c743c948bf86229f525d0deb2d,5fea02452aca4ce88c20eb0622bd7587,5fea02452aca4ce88c20eb0622bd7587,7.598
16aa20e30fe94de9b51a9dac5cb919c4,RADAR_LEFT_FRONT,21bf556fd7144bf4b00511a0bea8a90b,5e6c5afaa842478db6066e9de8dec1ef,5fea02452aca4ce88c20eb0622bd7587,5fea02452aca4ce88c20eb0622bd7587,7.478
16aa20e30fe94de9b51a9dac5cb919c4,RADAR_LEFT_SIDE,d30595e81a0a437aa861fa6d18aff19c,cbecfab3ced24bbeab0a1b1bdd4375a8,5fea02452aca4ce88c20eb0622bd7587,5fea02452aca4ce88c20eb0622bd7587,7.57
16aa20e30fe94de9b51a9dac5cb919c4,RADAR_RIGHT_BACK,cd1d8d80fad041a985fc66154267b69e,f2c73d43e0994ee8a16f930860856c0e,5fea02452aca4ce88c20eb0622bd7587,5fea02452aca4ce88c20eb0622bd7587,5.821
16aa20e30fe94de9b51a9dac5cb919c4,RADAR_RIGHT_FRONT,3a15c30ef523401fb1cf251d0dc424b0,3126c35b164c459d85e0a0555ccba628,5fea02452aca4ce88c20eb0622bd7587,5fea02452aca4ce88c20eb0622bd7587,7.28
16aa20e30fe94de9b51a9dac5cb919c4,RADAR_RIGHT_SIDE,8ab78f2827194a48a17de283c3a825db,8bef64c60da74778a5b9ef975c97edb7,5fea02452aca4ce88c20eb0622bd7587,5fea02452aca4ce88c20eb0622bd7587,4.292
85badd1a12cc4ba18d56fb12eab19d5d,LIDAR_LEFT,dc346192369a48d19df2f1f0f03d503b,2e6c7b7b7ceb4f69be01f9006cedf58f,fd4eabe15c214cb9af71fafe8be6207f,e6656044f4ce4c76bc7b9c989c0c8df1,-10.66
85badd1a12cc4ba18d56fb12eab19d5d,LIDAR_REAR,9c454bb63a274cfbb7cf33065239df90,7198b581279c431bad450deaf7669f87,7c1fc711611944eba20a9f1a8715e243,e6656044f4ce4c76bc7b9c989c0c8df1,-47.877
85badd1a12cc4ba18d56fb12eab19d5d,LIDAR_RIGHT,34a404af46ee47d497729dc53ab98a2a,aefabf5dd96744beb296b9881d60ff8b,343c427d8507487d8c07d45e9f75085a,e6656044f4ce4c76bc7b9c989c0c8df1,13.244
85badd1a12cc4ba18d56fb12eab19d5d,LIDAR_TOP_FRONT,fee4419a81434bdeba2f675b7c49db8d,f994daad50a14ac49f1468d66eb8db62,e6656044f4ce4c76bc7b9c989c0c8df1,e6656044f4ce4c76bc7b9c989c0c8df1,2.755
85badd1a12cc4ba18d56fb12eab19d5d,LIDAR_TOP_LEFT,d5e3211165be4eb5864f8054c950fd2a,373fca46a765439794d1ecbb5839a161,dc84bf56a1cc41109a7bed43f1cdefaa,e6656044f4ce4c76bc7b9c989c0c8df1,-21.984
85badd1a12cc4ba18d56fb12eab19d5d,LIDAR_TOP_RIGHT,7a062ebb35f744858e3fbc5c94e2dc3d,f8849496a35c4af599b8e598afda166d,1c2774c6a3ae45bcb8850989ae7dbd93,e6656044f4ce4c76bc7b9c989c0c8df1,27.852
85badd1a12cc4ba18d56fb12eab19d5d,RADAR_LEFT_BACK,c885a0fec7c04b5db9be1ea4d2af961c,326989c743c948bf86229f525d0deb2d,e6656044f4ce4c76bc7b9c989c0c8df1,e6656044f4ce4c76bc7b9c989c0c8df1,4.048
85badd1a12cc4ba18d56fb12eab19d5d,RADAR_LEFT_FRONT,9cd10e1195e54c4d8c8688526db7d171,5e6c5afaa842478db6066e9de8dec1ef,e6656044f4ce4c76bc7b9c989c0c8df1,e6656044f4ce4c76bc7b9c989c0c8df1,4.05
85badd1a12cc4ba18d56fb12eab19d5d,RADAR_LEFT_SIDE,4be4d4e4de9941289a0df0b7045c713a,cbecfab3ced24bbeab0a1b1bdd4375a8,e6656044f4ce4c76bc7b9c989c0c8df1,e6656044f4ce4c76bc7b9c989c0c8df1,4.035
85badd1a12cc4ba18d56fb12eab19d5d,RADAR_RIGHT_BACK,b0b1381e5ad0488185a873734d8e859c,f2c73d43e0994ee8a16f930860856c0e,e6656044f4ce4c76bc7b9c989c0c8df1,e6656044f4ce4c76bc7b9c989c0c8df1,6.693
85badd1a12cc4ba18d56fb12eab19d5d,RADAR_RIGHT_FRONT,d4d34ba93ed54474a12e3763b6be51f1,3126c35b164c459d85e0a0555ccba628,e6656044f4ce4c76bc7b9c989c0c8df1,e6656044f4ce4c76bc7b9c989c0c8df1,3.948
85badd1a12cc4ba18d56fb12eab19d5d,RADAR_RIGHT_SIDE,582ddc6ab6e545a2a6c3e03b80fc422f,8bef64c60da74778a5b9ef975c97edb7,e6656044f4ce4c76bc7b9c989c0c8df1,e6656044f4ce4c76bc7b9c989c0c8df1,5.713
e36adaf2da754ffdb49216769a94fd5e,LIDAR_LEFT,129e4ec39cf24c44a1d3ab14ebfdd723,2e6c7b7b7ceb4f69be01f9006cedf58f,9ea58471ab6b484a9536af3cc2c55c39,b334562127f7461e97d681fa35065e25,-10.655
e36adaf2da754ffdb49216769a94fd5e,LIDAR_REAR,6b1654dc48d7490aacd4033d9ecc5ea6,7198b581279c431bad450deaf7669f87,50d18d10f3b7470fb0937d1ddf99e0bb,b334562127f7461e97d681fa35065e25,-48.459
e36adaf2da754ffdb49216769a94fd5e,LIDAR_RIGHT,65453430b8f4419a85181a0cc0316823,aefabf5dd96744beb296b9881d60ff8b,2c8052a1d4b84c3a89ecd4a27ae12399,b334562127f7461e97d681fa35065e25,12.731
e36adaf2da754ffdb49216769a94fd5e,LIDAR_TOP_FRONT,97044909295e44e0bea0085ec678a0c5,f994daad50a14ac49f1468d66eb8db62,b334562127f7461e97d681fa35065e25,b334562127f7461e97d681fa35065e25,2.216
e36adaf2da754ffdb49216769a94fd5e,LIDAR_TOP_LEFT,82e2c21d1b6c42bc9fd7ae2ae70b6ecd,373fca46a765439794d1ecbb5839a161,31594704f3664997812eae2cb7316413,b334562127f7461e97d681fa35065e25,-22.618
e36adaf2da754ffdb49216769a94fd5e,LIDAR_TOP_RIGHT,410d29b109ac4cdd96302611ceecb954,f8849496a35c4af599b8e598afda166d,deb64133f3ad4aa8a5b89aaf335932ca,b334562127f7461e97d681fa35065e25,27.2
e36adaf2da754ffdb49216769a94fd5e,RADAR_LEFT_BACK,a2263bd7f5654559920697d2f2a98a01,326989c743c948bf86229f525d0deb2d,b334562127f7461e97d681fa35065e25,b334562127f7461e97d681fa35065e25,4.427
e36adaf2da754ffdb49216769a94fd5e,RADAR_LEFT_FRONT,f30635f490e64571afec40f50887dd63,5e6c5afaa842478db6066e9de8dec1ef,b334562127f7461e97d681fa35065e25,b334562127f7461e97d681fa35065e25,4.386
e36adaf2da754ffdb49216769a94fd5e,RADAR_LEFT_SIDE,b3a22c30eb704374818d856c43f9cf10,cbecfab3ced24bbeab0a1b1bdd4375a8,b334562127f7461e97d681fa35065e25,b334562127f7461e97d681fa35065e25,4.387
e36adaf2da754ffdb49216769a94fd5e,RADAR_RIGHT_BACK,b75bcf3f7f7e4dec97919909756d7a40,f2c73d43e0994ee8a16f930860856c0e,b334562127f7461e97d681fa35065e25,b334562127f7461e97d681fa35065e25,3.124
e36adaf2da754ffdb49216769a94fd5e,RADAR_RIGHT_FRONT,728abc337bcd4cf58c70065390ddbcf4,3126c35b164c459d85e0a0555ccba628,b334562127f7461e97d681fa35065e25,b334562127f7461e97d681fa35065e25,4.283
e36adaf2da754ffdb49216769a94fd5e,RADAR_RIGHT_SIDE,21751e73c68a4b2db04b57c380a01fa3,8bef64c60da74778a5b9ef975c97edb7,b334562127f7461e97d681fa35065e25,b334562127f7461e97d681fa35065e25,6.786
ceb501e033a5449fa766450a05e0ba4a,LIDAR_LEFT,ed8fb230156145aea863b8f101ca18a1,2e6c7b7b7ceb4f69be01f9006cedf58f,486e409349ae4bec81584461dc5308ea,7d2c1307eac649b4aa4742fbcbc97a4e,-10.656
ceb501e033a5449fa766450a05e0ba4a,LIDAR_REAR,4f7175a1a54845b68042ffb1dd1a7bdb,7198b581279c431bad450deaf7669f87,9bf65fdfc2c94184886985811139c9b5,7d2c1307eac649b4aa4742fbcbc97a4e,-48.917
ceb501e033a5449fa766450a05e0ba4a,LIDAR_RIGHT,a035b76defdd4124b039f0eb1b039cba,aefabf5dd96744beb296b9881d60ff8b,d14e731e28d54ce48137a99fbb9f2800,7d2c1307eac649b4aa4742fbcbc97a4e,13.108
ceb501e033a5449fa766450a05e0ba4a,LIDAR_TOP_FRONT,73a8134368204789b818f986278497c6,f994daad50a14ac49f1468d66eb8db62,7d2c1307eac649b4aa4742fbcbc97a4e,7d2c1307eac649b4aa4742fbcbc97a4e,1.791
ceb501e033a5449fa766450a05e0ba4a,LIDAR_TOP_LEFT,911e0036b1a641bcb409e0d4f0a7b4ed,373fca46a765439794d1ecbb5839a161,1d3e8a70e2a14c80957f3e057931e22c,7d2c1307eac649b4aa4742fbcbc97a4e,-23.276
ceb501e033a5449fa766450a05e0ba4a,LIDAR_TOP_RIGHT,bc9154826bc0451abc9c989c1f49743e,f8849496a35c4af599b8e598afda166d,dbba90e5c16e4f10b7dd053fa82cbf9d,7d2c1307eac649b4aa4742fbcbc97a4e,26.963
ceb501e033a5449fa766450a05e0ba4a,RADAR_LEFT_BACK,3e75bab972094753a271c5beede04fd1,326989c743c948bf86229f525d0deb2d,7d2c1307eac649b4aa4742fbcbc97a4e,7d2c1307eac649b4aa4742fbcbc97a4e,5.733
ceb501e033a5449fa766450a05e0ba4a,RADAR_LEFT_FRONT,3680f8f96c464267918d992b385630cf,5e6c5afaa842478db6066e9de8dec1ef,7d2c1307eac649b4aa4742fbcbc97a4e,7d2c1307eac649b4aa4742fbcbc97a4e,5.72
ceb501e033a5449fa766450a05e0ba4a,RADAR_LEFT_SIDE,3e21808f478b48538409cc94165fbd2c,cbecfab3ced24bbeab0a1b1bdd4375a8,7d2c1307eac649b4aa4742fbcbc97a4e,7d2c1307eac649b4aa4742fbcbc97a4e,5.701
ceb501e033a5449fa766450a05e0ba4a,RADAR_RIGHT_BACK,e93941b498f249b8b353d37e71a67846,f2c73d43e0994ee8a16f930860856c0e,7d2c1307eac649b4aa4742fbcbc97a4e,7d2c1307eac649b4aa4742fbcbc97a4e,4.473
ceb501e033a5449fa766450a05e0ba4a,RADAR_RIGHT_FRONT,fbfbc9b512a345a2abdc819e54d706e9,3126c35b164c459d85e0a0555ccba628,7d2c1307eac649b4aa4742fbcbc97a4e,7d2c1307eac649b4aa4742fbcbc97a4e,5.516
ceb501e033a5449fa766450a05e0ba4a,RADAR_RIGHT_SIDE,8e43f55dbfa34fc5bb9cfd1a03c29ff0,8bef64c60da74778a5b9ef975c97edb7,7d2c1307eac649b4aa4742fbcbc97a4e,7d2c1307eac649b4aa4742fbcbc97a4e,2.904
724d874e90e446e2af1871a702dc8dd7,LIDAR_LEFT,e12f2b04c7564835807a42267c85b1bf,2e6c7b7b7ceb4f69be01f9006cedf58f,3140d07f07154b0dbde80e7bfd419722,00fb618906c8478a931c8b6a20a54af0,-10.633
724d874e90e446e2af1871a702dc8dd7,LIDAR_REAR,033a8a168d054ec8908a225e7017b19c,7198b581279c431bad450deaf7669f87,8bdc1b93938649adb5daf25c8d3acb70,00fb618906c8478a931c8b6a20a54af0,-48.667
724d874e90e446e2af1871a702dc8dd7,LIDAR_RIGHT,05310439aa0849c6904d74925526377c,aefabf5dd96744beb296b9881d60ff8b,22cab5e8eead47fda3f053abf91dac82,00fb618906c8478a931c8b6a20a54af0,13.888
724d874e90e446e2af1871a702dc8dd7,LIDAR_TOP_FRONT,1551fa57743f46309b3f02e17180cfcf,f994daad50a14ac49f1468d66eb8db62,00fb618906c8478a931c8b6a20a54af0,00fb618906c8478a931c8b6a20a54af0,2.104
724d874e90e446e2af1871a702dc8dd7,LIDAR_TOP_LEFT,1eb42b8eaf6a4907881fc5eb7275bc42,373fca46a765439794d1ecbb5839a161,f5b26dc197434e1cabfc4aee8aecb2b5,00fb618906c8478a931c8b6a20a54af0,-23.248
724d874e90e446e2af1871a702dc8dd7,LIDAR_TOP_RIGHT,bfa01eb358ac42d188ef9b5fb00a6453,f8849496a35c4af599b8e598afda166d,24249e9f77ae4ce98562fe5b3a6f7804,00fb618906c8478a931c8b6a20a54af0,27.162
724d874e90e446e2af1871a702dc8dd7,RADAR_LEFT_BACK,547a5411ee804bd3973d829f57e9b373,326989c743c948bf86229f525d0deb2d,00fb618906c8478a931c8b6a20a54af0,00fb618906c8478a931c8b6a20a54af0,2.75
724d874e90e446e2af1871a702dc8dd7,RADAR_LEFT_FRONT,423dea92613a4fa1bbf7a4fbabc0767b,5e6c5afaa842478db6066e9de8dec1ef,00fb618906c8478a931c8b6a20a54af0,00fb618906c8478a931c8b6a20a54af0,2.728
724d874e90e446e2af1871a702dc8dd7,RADAR_LEFT_SIDE,5620c222d5c647ab981d14df230c85f7,cbecfab3ced24bbeab0a1b1bdd4375a8,00fb618906c8478a931c8b6a20a54af0,00fb618906c8478a931c8b6a20a54af0,2.741
724d874e90e446e2af1871a702dc8dd7,RADAR_RIGHT_BACK,f5506065235941aeabd25d6e99deb76d,f2c73d43e0994ee8a16f930860856c0e,00fb618906c8478a931c8b6a20a54af0,00fb618906c8478a931c8b6a20a54af0,5.822
724d874e90e446e2af1871a702dc8dd7,RADAR_RIGHT_FRONT,e6f35dbee05342268b535eae42cd2dd8,3126c35b164c459d85e0a0555ccba628,00fb618906c8478a931c8b6a20a54af0,00fb618906c8478a931c8b6a20a54af0,2.561
724d874e90e446e2af1871a702dc8dd7,RADAR_RIGHT_SIDE,7a76f6ba932d41fab1df633605e0e3f6,8bef64c60da74778a5b9ef975c97edb7,00fb618906c8478a931c8b6a20a54af0,00fb618906c8478a931c8b6a20a54af0,4.347
23c0fc0644ba458781ecb6d10976ba8f,LIDAR_LEFT,44fc14ed227048058c56ce38ec14a441,2e6c7b7b7ceb4f69be01f9006cedf58f,c1e69b74255946c797965831c2c43acb,34238b8bcc774fe9b04dd82b66a242dc,-10.631
23c0fc0644ba458781ecb6d10976ba8f,LIDAR_REAR,ccb691ad034a4cfd9d8d8c953753f6cf,7198b581279c431bad450deaf7669f87,29fb62ce3db447d5a36f5abdd2ac3646,34238b8bcc774fe9b04dd82b66a242dc,-47.993
23c0fc0644ba458781ecb6d10976ba8f,LIDAR_RIGHT,e4a3c8c83eed4dbd9a46fcac91022bec,aefabf5dd96744beb296b9881d60ff8b,5d99ec0a0b6e4432a13236c04bcf5054,34238b8bcc774fe9b04dd82b66a242dc,15.259
23c0fc0644ba458781ecb6d10976ba8f,LIDAR_TOP_FRONT,968b453be7484befb1f7a107bf5a1b03,f994daad50a14ac49f1468d66eb8db62,34238b8bcc774fe9b04dd82b66a242dc,34238b8bcc774fe9b04dd82b66a242dc,2.862
23c0fc0644ba458781ecb6d10976ba8f,LIDAR_TOP_LEFT,e2329a2a8163480e85b7f3b4427c12bb,373fca46a765439794d1ecbb5839a161,c82f29ca18304d539f7baed9bc9e43c1,34238b8bcc774fe9b04dd82b66a242dc,-22.338
23c0fc0644ba458781ecb6d10976ba8f,LIDAR_TOP_RIGHT,9cb2a90334e44ea699ae582c42d02ef2,f8849496a35c4af599b8e598afda166d,5c6603253d0a421db7cb7d93a5faad52,34238b8bcc774fe9b04dd82b66a242dc,28.112
23c0fc0644ba458781ecb6d10976ba8f,RADAR_LEFT_BACK,0f28dd3ed99b4a3d918bb17d6bd7b540,326989c743c948bf86229f525d0deb2d,34238b8bcc774fe9b04dd82b66a242dc,34238b8bcc774fe9b04dd82b66a242dc,5.195
23c0fc0644ba458781ecb6d10976ba8f,RADAR_LEFT_FRONT,9ffeeb9d27be46b79ed1368a039b674d,5e6c5afaa842478db6066e9de8dec1ef,34238b8bcc774fe9b04dd82b66a242dc,34238b8bcc774fe9b04dd82b66a242dc,5.138
23c0fc0644ba458781ecb6d10976ba8f,RADAR_LEFT_SIDE,51faef86623d4878969c9593f1878a7f,cbecfab3ced24bbeab0a1b1bdd4375a8,34238b8bcc774fe9b04dd82b66a242dc,34238b8bcc774fe9b04dd82b66a242dc,5.289
23c0fc0644ba458781ecb6d10976ba8f,RADAR_RIGHT_BACK,ed3d3a399a1c4bf0bbeb27c45e97c764,f2c73d43e0994ee8a16f930860856c0e,34238b8bcc774fe9b04dd82b66a242dc,34238b8bcc774fe9b04dd82b66a242dc,4.015
23c0fc0644ba458781ecb6d10976ba8f,RADAR_RIGHT_FRONT,fc60bf8b03d5465da9a608acee07042d,3126c35b164c459d85e0a0555ccba628,34238b8bcc774fe9b04dd82b66a242dc,34238b8bcc774fe9b04dd82b66a242dc,5.048
23c0fc0644ba458781ecb6d10976ba8f,RADAR_RIGHT_SIDE,0e5a2842ce3c4f0d9a089525b0b273d8,8bef64c60da74778a5b9ef975c97edb7,34238b8bcc774fe9b04dd82b66a242dc,34238b8bcc774fe9b04dd82b66a242dc,6.549
121b9bbeb7e249ff80f308a6967413d7,LIDAR_LEFT,460a99d2b93c4013ab10d75f7cdbf4c6,2e6c7b7b7ceb4f69be01f9006cedf58f,3d1c6543c76d4435b94ddd0d86347aa0,9509617ee13946e787846631238633a7,-10.64
121b9bbeb7e249ff80f308a6967413d7,LIDAR_REAR,d3d7e5de70f24abe80335f6b62a8e36c,7198b581279c431bad450deaf7669f87,e63e22244fb949f2b32e4383e3c9d5a7,9509617ee13946e787846631238633a7,-47.784
121b9bbeb7e249ff80f308a6967413d7,LIDAR_RIGHT,c156a4ea1f3b48b38f25941c9fe62ff4,aefabf5dd96744beb296b9881d60ff8b,54316916b08a4192a47b17b1fe6a2828,9509617ee13946e787846631238633a7,15.553
121b9bbeb7e249ff80f308a6967413d7,LIDAR_TOP_FRONT,fe807b78ceb24662942626ac4304c5b1,f994daad50a14ac49f1468d66eb8db62,9509617ee13946e787846631238633a7,9509617ee13946e787846631238633a7,2.687
121b9bbeb7e249ff80f308a6967413d7,LIDAR_TOP_LEFT,76dc154992c74f47a496275a078c6544,373fca46a765439794d1ecbb5839a161,c0f49e1f57464c51a2e1f3407c91a6be,9509617ee13946e787846631238633a7,-21.8
121b9bbeb7e249ff80f308a6967413d7,LIDAR_TOP_RIGHT,163ada1dd68d4efaad5b8be459e02f58,f8849496a35c4af599b8e598afda166d,491ad89b1c2d4dd18d95d354a2d2648e,9509617ee13946e787846631238633a7,28.166
121b9bbeb7e249ff80f308a6967413d7,RADAR_LEFT_BACK,21583a1594d64b499e5ef8f9b399db9c,326989c743c948bf86229f525d0deb2d,9509617ee13946e787846631238633a7,9509617ee13946e787846631238633a7,6.475
121b9bbeb7e249ff80f308a6967413d7,RADAR_LEFT_FRONT,8735ab9c77bb499fbf5a77d612131e74,5e6c5afaa842478db6066e9de8dec1ef,9509617ee13946e787846631238633a7,9509617ee13946e787846631238633a7,6.437
121b9bbeb7e249ff80f308a6967413d7,RADAR_LEFT_SIDE,722eafd24213475fb32cb969cdef8932,cbecfab3ced24bbeab0a1b1bdd4375a8,9509617ee13946e787846631238633a7,9509617ee13946e787846631238633a7,6.557
121b9bbeb7e249ff80f308a6967413d7,RADAR_RIGHT_BACK,467f0d93a76c41ceac6313ed8b8cb315,f2c73d43e0994ee8a16f930860856c0e,9509617ee13946e787846631238633a7,9509617ee13946e787846631238633a7,5.276
121b9bbeb7e249ff80f308a6967413d7,RADAR_RIGHT_FRONT,b2660531e4a341469546467a9c38b5b5,3126c35b164c459d85e0a0555ccba628,e63e22244fb949f2b32e4383e3c9d5a7,9509617ee13946e787846631238633a7,-44.871
121b9bbeb7e249ff80f308a6967413d7,RADAR_RIGHT_SIDE,28d3b814c383431daf0294fd609e9f59,8bef64c60da74778a5b9ef975c97edb7,9509617ee13946e787846631238633a7,9509617ee13946e787846631238633a7,4.312
c103c5de42ae4cef9bbbb29bbd240528,LIDAR_LEFT,6a5e913b612a45b580322a6508c5a1af,2e6c7b7b7ceb4f69be01f9006cedf58f,72c0a870c3804ce1928c2ff7b6fae959,734e2bca97ea48cd945f494e478ddc02,-10.64
c103c5de42ae4cef9bbbb29bbd240528,LIDAR_REAR,030eedd59ada496e8af1a058b48e2aba,7198b581279c431bad450deaf7669f87,7b604ccb3ee84dda92c9ff712400fbcd,734e2bca97ea48cd945f494e478ddc02,-47.319
c103c5de42ae4cef9bbbb29bbd240528,LIDAR_RIGHT,41ceb39c52d74944a47c6be6979937ad,aefabf5dd96744beb296b9881d60ff8b,e55b28208e374e2b91b47de144cbe956,734e2bca97ea48cd945f494e478ddc02,15.199
c103c5de42ae4cef9bbbb29bbd240528,LIDAR_TOP_FRONT,e44c3ea599e14be1be9c755c7312bc69,f994daad50a14ac49f1468d66eb8db62,734e2bca97ea48cd945f494e478ddc02,734e2bca97ea48cd945f494e478ddc02,3.133
c103c5de42ae4cef9bbbb29bbd240528,LIDAR_TOP_LEFT,bfc93c267cf54655b05f660a3c5b379b,373fca46a765439794d1ecbb5839a161,26f1ccd41fa64e6d8241fed61f186d35,734e2bca97ea48cd945f494e478ddc02,-21.217
c103c5de42ae4cef9bbbb29bbd240528,LIDAR_TOP_RIGHT,dcf20cdab6264d8991d449d608604fbc,f8849496a35c4af599b8e598afda166d,8c35644132134b829034a5b7f6866c48,734e2bca97ea48cd945f494e478ddc02,28.374
c103c5de42ae4cef9bbbb29bbd240528,RADAR_LEFT_BACK,0ffe87f204bc46f088ffee2151fd3d0f,326989c743c948bf86229f525d0deb2d,734e2bca97ea48cd945f494e478ddc02,734e2bca97ea48cd945f494e478ddc02,4.988
c103c5de42ae4cef9bbbb29bbd240528,RADAR_LEFT_FRONT,41cb5f31a19148449163886fb8eac415,5e6c5afaa842478db6066e9de8dec1ef,7b604ccb3ee84dda92c9ff712400fbcd,734e2bca97ea48cd945f494e478ddc02,-41.94
c103c5de42ae4cef9bbbb29bbd240528,RADAR_LEFT_SIDE,76e298934809437b826922e49ebf6997,cbecfab3ced24bbeab0a1b1bdd4375a8,734e2bca97ea48cd945f494e478ddc02,734e2bca97ea48cd945f494e478ddc02,4.772
c103c5de42ae4cef9bbbb29bbd240528,RADAR_RIGHT_BACK,b605ef5011974a04a108615273737b9e,f2c73d43e0994ee8a16f930860856c0e,734e2bca97ea48cd945f494e478ddc02,734e2bca97ea48cd945f494e478ddc02,8.157
c103c5de42ae4cef9bbbb29bbd240528,RADAR_RIGHT_FRONT,cb4b7aeb835c4585802735dc9ca0e742,3126c35b164c459d85e0a0555ccba628,734e2bca97ea48cd945f494e478ddc02,734e2bca97ea48cd945f494e478ddc02,4.638
c103c5de42ae4cef9bbbb29bbd240528,RADAR_RIGHT_SIDE,2bbb482c36fb48baa72bb2342ee37c39,8bef64c60da74778a5b9ef975c97edb7,734e2bca97ea48cd945f494e478ddc02,734e2bca97ea48cd945f494e478ddc02,5.554
d6d99b8b342f4683b8d98bb6d9d27c2f,LIDAR_LEFT,59d89ead6e5a4931bff72d396745d9bc,2e6c7b7b7ceb4f69be01f9006cedf58f,e9d2b8f779074dc4b01107279379b0bf,0a6fa5fe7fcd4603a40de729056f3fa3,-10.66
d6d99b8b342f4683b8d98bb6d9d27c2f,LIDAR_REAR,d1b30881f81c4b1fbb5965e169ce6664,7198b581279c431bad450deaf7669f87,c23ce3f2a0854be8aea5773b6745ba6c,0a6fa5fe7fcd4603a40de729056f3fa3,-47.334
d6d99b8b342f4683b8d98bb6d9d27c2f,LIDAR_RIGHT,39b5588b0c8b49bb85a0b305afab71c7,aefabf5dd96744beb296b9881d60ff8b,43853af669c04a69848e06f7e559abf5,0a6fa5fe7fcd4603a40de729056f3fa3,15.052
d6d99b8b342f4683b8d98bb6d9d27c2f,LIDAR_TOP_FRONT,43db09cd89b04b9b99788d5a484ad17f,f994daad50a14ac49f1468d66eb8db62,0a6fa5fe7fcd4603a40de729056f3fa3,0a6fa5fe7fcd4603a40de729056f3fa3,3.31
d6d99b8b342f4683b8d98bb6d9d27c2f,LIDAR_TOP_LEFT,dfbfc6e42a3d43e9aa82e22452479349,373fca46a765439794d1ecbb5839a161,64608336bde24da792f85d84651e54d3,0a6fa5fe7fcd4603a40de729056f3fa3,-21.437
d6d99b8b342f4683b8d98bb6d9d27c2f,LIDAR_TOP_RIGHT,de797a5fb7454ba3a32188071628e117,f8849496a35c4af599b8e598afda166d,fbbe30777670444d95260016ba93e5c2,0a6fa5fe7fcd4603a40de729056f3fa3,28.161
d6d99b8b342f4683b8d98bb6d9d27c2f,RADAR_LEFT_BACK,3c276c2dba9246a0b8e6f7b4c70fb9bc,326989c743c948bf86229f525d0deb2d,0a6fa5fe7fcd4603a40de729056f3fa3,0a6fa5fe7fcd4603a40de729056f3fa3,5.36
d6d99b8b342f4683b8d98bb6d9d27c2f,RADAR_LEFT_FRONT,00e828f7b9714db7af051f20b1f1411d,5e6c5afaa842478db6066e9de8dec1ef,0a6fa5fe7fcd4603a40de729056f3fa3,0a6fa5fe7fcd4603a40de729056f3fa3,5.312
d6d99b8b342f4683b8d98bb6d9d27c2f,RADAR_LEFT_SIDE,9cf5386a3cc74959a07c9bee63a806e2,cbecfab3ced24bbeab0a1b1bdd4375a8,0a6fa5fe7fcd4603a40de729056f3fa3,0a6fa5fe7fcd4603a40de729056f3fa3,5.281
d6d99b8b342f4683b8d98bb6d9d27c2f,RADAR_RIGHT_BACK,9fdec219c9504d8f98cc06d419c379d6,f2c73d43e0994ee8a16f930860856c0e,0a6fa5fe7fcd4603a40de729056f3fa3,0a6fa5fe7fcd4603a40de729056f3fa3,4.337
d6d99b8b342f4683b8d98bb6d9d27c2f,RADAR_RIGHT_FRONT,98fd6e6abb234e2db2d0974a9947fae6,3126c35b164c459d85e0a0555ccba628,0a6fa5fe7fcd4603a40de729056f3fa3,0a6fa5fe7fcd4603a40de729056f3fa3,5.317
d6d99b8b342f4683b8d98bb6d9d27c2f,RADAR_RIGHT_SIDE,b24639d05e8444ef98df88138843ddfa,8bef64c60da74778a5b9ef975c97edb7,0a6fa5fe7fcd4603a40de729056f3fa3,0a6fa5fe7fcd4603a40de729056f3fa3,7.033
6c9019c9a675472299004ca44e4af1ae,LIDAR_LEFT,a3592d38f28f4390bcc6d971a0355259,2e6c7b7b7ceb4f69be01f9006cedf58f,25da6f9efc0446ce8c38985f5c55d6cc,fde842d6e8614f649320d8ab17b406e4,-10.652
6c9019c9a675472299004ca44e4af1ae,LIDAR_REAR,c445a25ae6b14f78b632e6b93a2ab39b,7198b581279c431bad450deaf7669f87,f59f10c39f1e4f32bb8e7d3875baa149,fde842d6e8614f649320d8ab17b406e4,-48.158
6c9019c9a675472299004ca44e4af1ae,LIDAR_RIGHT,37671ddf8bca4cf39a87395e41e83571,aefabf5dd96744beb296b9881d60ff8b,95c111dabbe04aa38b3e617f60536b67,fde842d6e8614f649320d8ab17b406e4,14.579
6c9019c9a675472299004ca44e4af1ae,LIDAR_TOP_FRONT,9135fd8263d94827a03506cf141dd3e3,f994daad50a14ac49f1468d66eb8db62,fde842d6e8614f649320d8ab17b406e4,fde842d6e8614f649320d8ab17b406e4,2.63
6c9019c9a675472299004ca44e4af1ae,LIDAR_TOP_LEFT,fd9a9cb935e8490aaa89f9a2078289ca,373fca46a765439794d1ecbb5839a161,b677e698cac94bc3a2a6459dc942ed79,fde842d6e8614f649320d8ab17b406e4,-22.136
6c9019c9a675472299004ca44e4af1ae,LIDAR_TOP_RIGHT,09f1ee9566fb4707a2e9d2fc4d1c5572,f8849496a35c4af599b8e598afda166d,86558f3fa00a40a89c3fbd1464578c04,fde842d6e8614f649320d8ab17b406e4,27.681
6c9019c9a675472299004ca44e4af1ae,RADAR_LEFT_BACK,8dc8d1023aa445d396b965cd4160534d,326989c743c948bf86229f525d0deb2d,fde842d6e8614f649320d8ab17b406e4,fde842d6e8614f649320d8ab17b406e4,7.405
6c9019c9a675472299004ca44e4af1ae,RADAR_LEFT_FRONT,2fbd1be6526a4967b4c5b3018873a874,5e6c5afaa842478db6066e9de8dec1ef,fde842d6e8614f649320d8ab17b406e4,fde842d6e8614f649320d8ab17b406e4,7.335
6c9019c9a675472299004ca44e4af1ae,RADAR_LEFT_SIDE,554316dfab7c46fca220ddae45e7300b,cbecfab3ced24bbeab0a1b1bdd4375a8,fde842d6e8614f649320d8ab17b406e4,fde842d6e8614f649320d8ab17b406e4,7.366
6c9019c9a675472299004ca44e4af1ae,RADAR_RIGHT_BACK,611d8027f8094e27aae94bd2486459a6,f2c73d43e0994ee8a16f930860856c0e,fde842d6e8614f649320d8ab17b406e4,fde842d6e8614f649320d8ab17b406e4,5.895
6c9019c9a675472299004ca44e4af1ae,RADAR_RIGHT_FRONT,6d0e771bbe9e4d0dae3ad274c3ae5bf7,3126c35b164c459d85e0a0555ccba628,fde842d6e8614f649320d8ab17b406e4,fde842d6e8614f649320d8ab17b406e4,7.167
6c9019c9a675472299004ca44e4af1ae,RADAR_RIGHT_SIDE,141d3bde46ce4676a0e65573f025fca5,8bef64c60da74778a5b9ef975c97edb7,fde842d6e8614f649320d8ab17b406e4,fde842d6e8614f649320d8ab17b406e4,3.649
9091d1c8f6f94b2cb32e0d4774429988,LIDAR_LEFT,ca1a7f6a6e6c44ecab963f050b8fd5db,2e6c7b7b7ceb4f69be01f9006cedf58f,7e5a832e65a142f4b8ad241e2cf4f41d,9b6db1b5735a4f9987f138a5ff7f311b,-10.648
9091d1c8f6f94b2cb32e0d4774429988,LIDAR_REAR,8dec18e6f55b4bb483e18ca0b62c1bc7,7198b581279c431bad450deaf7669f87,a24a62d37bc24a969a6ca00b154e2113,9b6db1b5735a4f9987f138a5ff7f311b,-48.355
9091d1c8f6f94b2cb32e0d4774429988,LIDAR_RIGHT,49de507ed459444f97ca961e8bd37053,aefabf5dd96744beb296b9881d60ff8b,2cd62dd0d78a4a9b9c85d68d3306f866,9b6db1b5735a4f9987f138a5ff7f311b,14.188
9091d1c8f6f94b2cb32e0d4774429988,LIDAR_TOP_FRONT,4804622c459049f4b4d8ff9029269e1b,f994daad50a14ac49f1468d66eb8db62,9b6db1b5735a4f9987f138a5ff7f311b,9b6db1b5735a4f9987f138a5ff7f311b,1.948
9091d1c8f6f94b2cb32e0d4774429988,LIDAR_TOP_LEFT,910cdfd0416d4cf4b75f9ab91193cbf7,373fca46a765439794d1ecbb5839a161,61e0b9107ac94e5998451d458bfe5da8,9b6db1b5735a4f9987f138a5ff7f311b,-22.274
9091d1c8f6f94b2cb32e0d4774429988,LIDAR_TOP_RIGHT,230f38f7c102472688cd1d6a5a236555,f8849496a35c4af599b8e598afda166d,58cae8258cee43ed8d3f85d83038b158,9b6db1b5735a4f9987f138a5ff7f311b,27.755
9091d1c8f6f94b2cb32e0d4774429988,RADAR_LEFT_BACK,d368d482c71e4dfa961bf5216409a24a,326989c743c948bf86229f525d0deb2d,a24a62d37bc24a969a6ca00b154e2113,9b6db1b5735a4f9987f138a5ff7f311b,-42.877
9091d1c8f6f94b2cb32e0d4774429988,RADAR_LEFT_FRONT,ce96a4cc5b9c4a10b336fad4a017be7e,5e6c5afaa842478db6066e9de8dec1ef,9b6db1b5735a4f9987f138a5ff7f311b,9b6db1b5735a4f9987f138a5ff7f311b,3.617
9091d1c8f6f94b2cb32e0d4774429988,RADAR_LEFT_SIDE,50e417220e224b148ddb60e0fec0747a,cbecfab3ced24bbeab0a1b1bdd4375a8,9b6db1b5735a4f9987f138a5ff7f311b,9b6db1b5735a4f9987f138a5ff7f311b,3.655
9091d1c8f6f94b2cb32e0d4774429988,RADAR_RIGHT_BACK,a246d29a4c8644e9b5b517dacd0c54b7,f2c73d43e0994ee8a16f930860856c0e,9b6db1b5735a4f9987f138a5ff7f311b,9b6db1b5735a4f9987f138a5ff7f311b,7.212
9091d1c8f6f94b2cb32e0d4774429988,RADAR_RIGHT_FRONT,096fe55908bc4439887c749fdc64f596,3126c35b164c459d85e0a0555ccba628,9b6db1b5735a4f9987f138a5ff7f311b,9b6db1b5735a4f9987f138a5ff7f311b,3.412
9091d1c8f6f94b2cb32e0d4774429988,RADAR_RIGHT_SIDE,d83789a51fa743b3bbef7a3dbe77d25e,8bef64c60da74778a5b9ef975c97edb7,9b6db1b5735a4f9987f138a5ff7f311b,9b6db1b5735a4f9987f138a5ff7f311b,5.157
1156d73df84547b1a9e2c81cd67dbbce,LIDAR_LEFT,5a56c2f34e0548aea0a40cd3c1978d23,2e6c7b7b7ceb4f69be01f9006cedf58f,d03b49349abe4ffaad2bd6400f367df3,6d43b17856ae4369ba0dd05ae37d8ed1,-10.647
1156d73df84547b1a9e2c81cd67dbbce,LIDAR_REAR,5c6e900e442e4ef893c96b31ddde0d92,7198b581279c431bad450deaf7669f87,7c709747f96c447abeddb8366a599d4a,6d43b17856ae4369ba0dd05ae37d8ed1,-48.318
1156d73df84547b1a9e2c81cd67dbbce,LIDAR_RIGHT,97a32fca0c8240c1b20ef3804e433c2e,aefabf5dd96744beb296b9881d60ff8b,f1ff5942d24e4095adf9ef54e9b115ae,6d43b17856ae4369ba0dd05ae37d8ed1,13.921
1156d73df84547b1a9e2c81cd67dbbce,LIDAR_TOP_FRONT,f44505baea5b4db9a85f23b6275a89d2,f994daad50a14ac49f1468d66eb8db62,6d43b17856ae4369ba0dd05ae37d8ed1,6d43b17856ae4369ba0dd05ae37d8ed1,0.938
1156d73df84547b1a9e2c81cd67dbbce,LIDAR_TOP_LEFT,979aab7167494e0cb3d7ab6c07e406be,373fca46a765439794d1ecbb5839a161,506580f292104dc09de7ee6cf42dd9cc,6d43b17856ae4369ba0dd05ae37d8ed1,-22.53
1156d73df84547b1a9e2c81cd67dbbce,LIDAR_TOP_RIGHT,e31e88a73040488597ad3ceb64f2b76e,f8849496a35c4af599b8e598afda166d,7501b6d642034a69be1576a408738618,6d43b17856ae4369ba0dd05ae37d8ed1,27.732
1156d73df84547b1a9e2c81cd67dbbce,RADAR_LEFT_BACK,553b8d3ab9134285b5ca3dbeac7a9aca,326989c743c948bf86229f525d0deb2d,6d43b17856ae4369ba0dd05ae37d8ed1,6d43b17856ae4369ba0dd05ae37d8ed1,5.811
1156d73df84547b1a9e2c81cd67dbbce,RADAR_LEFT_FRONT,455225f29c9d4753997eb95bec418208,5e6c5afaa842478db6066e9de8dec1ef,6d43b17856ae4369ba0dd05ae37d8ed1,6d43b17856ae4369ba0dd05ae37d8ed1,5.601
1156d73df84547b1a9e2c81cd67dbbce,RADAR_LEFT_SIDE,c51ae2dbc744403d8eaabb33d2d87cba,cbecfab3ced24bbeab0a1b1bdd4375a8,6d43b17856ae4369ba0dd05ae37d8ed1,6d43b17856ae4369ba0dd05ae37d8ed1,5.57
1156d73df84547b1a9e2c81cd67dbbce,RADAR_RIGHT_BACK,9019d63d944741d48c95eaac16c54cc8,f2c73d43e0994ee8a16f930860856c0e,6d43b17856ae4369ba0dd05ae37d8ed1,6d43b17856ae4369ba0dd05ae37d8ed1,4.249
1156d73df84547b1a9e2c81cd67dbbce,RADAR_RIGHT_FRONT,f6f1476dd99349dda25a1437e9df9220,3126c35b164c459d85e0a0555ccba628,6d43b17856ae4369ba0dd05ae37d8ed1,6d43b17856ae4369ba0dd05ae37d8ed1,5.442
1156d73df84547b1a9e2c81cd67dbbce,RADAR_RIGHT_SIDE,40e0e759c14a45608f728950b597bbe7,8bef64c60da74778a5b9ef975c97edb7,6d43b17856ae4369ba0dd05ae37d8ed1,6d43b17856ae4369ba0dd05ae37d8ed1,5.904
092cd0954cc7490e8432fd9eb6358ad7,LIDAR_LEFT,dc2a26b2272e4105bb310391858dc078,2e6c7b7b7ceb4f69be01f9006cedf58f,44466daeff05467faddeb8efe4b76a7c,728feb334e974554a0804e0836577ec2,-10.641
092cd0954cc7490e8432fd9eb6358ad7,LIDAR_REAR,d6718caed2f2415c90ca492022b66447,7198b581279c431bad450deaf7669f87,948aa8483a0a4dcfaa6fef4966fc2e48,728feb334e974554a0804e0836577ec2,-48.259
092cd0954cc7490e8432fd9eb6358ad7,LIDAR_RIGHT,27700a47fdc04e5787e290e0fd6de0e9,aefabf5dd96744beb296b9881d60ff8b,c53960dd4fec41f590c0213eb420bb0a,728feb334e974554a0804e0836577ec2,13.894
092cd0954cc7490e8432fd9eb6358ad7,LIDAR_TOP_FRONT,774d9497319141e0ba2ec71ef45abb5e,f994daad50a14ac49f1468d66eb8db62,728feb334e974554a0804e0836577ec2,728feb334e974554a0804e0836577ec2,2.133
092cd0954cc7490e8432fd9eb6358ad7,LIDAR_TOP_LEFT,7cfa901c7d3f4438af4b77dc720083b1,373fca46a765439794d1ecbb5839a161,aebd8bd721b04dc899246c57049106a7,728feb334e974554a0804e0836577ec2,-22.486
092cd0954cc7490e8432fd9eb6358ad7,LIDAR_TOP_RIGHT,100a558df040432cb2e40bdea8fde52a,f8849496a35c4af599b8e598afda166d,a6c968add20d409bbf6a5236935c6414,728feb334e974554a0804e0836577ec2,27.923
092cd0954cc7490e8432fd9eb6358ad7,RADAR_LEFT_BACK,a30c7680c4014d70ad982fc5a30ad519,326989c743c948bf86229f525d0deb2d,728feb334e974554a0804e0836577ec2,728feb334e974554a0804e0836577ec2,7.174
092cd0954cc7490e8432fd9eb6358ad7,RADAR_LEFT_FRONT,4a011539c08946039980085a42735b40,5e6c5afaa842478db6066e9de8dec1ef,728feb334e974554a0804e0836577ec2,728feb334e974554a0804e0836577ec2,7.179
092cd0954cc7490e8432fd9eb6358ad7,RADAR_LEFT_SIDE,901bd25d70ba48a1828b2c6c0b00f9b0,cbecfab3ced24bbeab0a1b1bdd4375a8,728feb334e974554a0804e0836577ec2,728feb334e974554a0804e0836577ec2,7.199
092cd0954cc7490e8432fd9eb6358ad7,RADAR_RIGHT_BACK,f8c3dc5a589442e99256286dcdb9ad40,f2c73d43e0994ee8a16f930860856c0e,728feb334e974554a0804e0836577ec2,728feb334e974554a0804e0836577ec2,5.52
092cd0954cc7490e8432fd9eb6358ad7,RADAR_RIGHT_FRONT,b9aa16365ec844abb4eb996c0b5b1cc4,3126c35b164c459d85e0a0555ccba628,728feb334e974554a0804e0836577ec2,728feb334e974554a0804e0836577ec2,6.975
092cd0954cc7490e8432fd9eb6358ad7,RADAR_RIGHT_SIDE,71b18ae7191148059587cf60211e76e5,8bef64c60da74778a5b9ef975c97edb7,728feb334e974554a0804e0836577ec2,728feb334e974554a0804e0836577ec2,3.942
a6ede53ff2014741a2924a3dc6735aee,LIDAR_LEFT,a03570b5ae824cc0a4f0ce21b77cf3b7,2e6c7b7b7ceb4f69be01f9006cedf58f,dde307cb33c147b28e5201c9300a706c,6bd0727b06e044eeb533dee28f47afad,-10.639
a6ede53ff2014741a2924a3dc6735aee,LIDAR_REAR,0de2eabe41944e42be0f5b65d4a49509,7198b581279c431bad450deaf7669f87,9af0ecf7a40e4e4599041e2911bdc099,6bd0727b06e044eeb533dee28f47afad,-48.057
a6ede53ff2014741a2924a3dc6735aee,LIDAR_RIGHT,be4a10c5bc144bb8aebb72e0c4f506de,aefabf5dd96744beb296b9881d60ff8b,868f3a72e989458ebaf8c7f2f99cf61b,6bd0727b06e044eeb533dee28f47afad,14.238
a6ede53ff2014741a2924a3dc6735aee,LIDAR_TOP_FRONT,bafd65fef348490c9c0e95c7b724ce49,f994daad50a14ac49f1468d66eb8db62,6bd0727b06e044eeb533dee28f47afad,6bd0727b06e044eeb533dee28f47afad,2.887
a6ede53ff2014741a2924a3dc6735aee,LIDAR_TOP_LEFT,a8f07ec9a33d4753ab0ad72a3f77a4cf,373fca46a765439794d1ecbb5839a161,a94dd0ae067e4a84b5edb1f776cbdbef,6bd0727b06e044eeb533dee28f47afad,-22.241
a6ede53ff2014741a2924a3dc6735aee,LIDAR_TOP_RIGHT,9c86b832a536468d8df280bf3b1a7843,f8849496a35c4af599b8e598afda166d,33f92f43b884459ea9341be7c04b46ed,6bd0727b06e044eeb533dee28f47afad,28.29
a6ede53ff2014741a2924a3dc6735aee,RADAR_LEFT_BACK,2122426f2c7b40ac9035ff52bfc03321,326989c743c948bf86229f525d0deb2d,6bd0727b06e044eeb533dee28f47afad,6bd0727b06e044eeb533dee28f47afad,4.615
a6ede53ff2014741a2924a3dc6735aee,RADAR_LEFT_FRONT,dcfa599cfb9b4688b5297d6ef2a08236,5e6c5afaa842478db6066e9de8dec1ef,6bd0727b06e044eeb533dee28f47afad,6bd0727b06e044eeb533dee28f47afad,4.503
a6ede53ff2014741a2924a3dc6735aee,RADAR_LEFT_SIDE,b999e96afd69475a8257e926516f3476,cbecfab3ced24bbeab0a1b1bdd4375a8,6bd0727b06e044eeb533dee28f47afad,6bd0727b06e044eeb533dee28f47afad,4.511
a6ede53ff2014741a2924a3dc6735aee,RADAR_RIGHT_BACK,085b644cc5db4e44a0ded2ddb5cd9adb,f2c73d43e0994ee8a16f930860856c0e,9af0ecf7a40e4e4599041e2911bdc099,6bd0727b06e044eeb533dee28f47afad,-44.259
a6ede53ff2014741a2924a3dc6735aee,RADAR_RIGHT_FRONT,6e3464effb38459091d7d06e8c3787f9,3126c35b164c459d85e0a0555ccba628,6bd0727b06e044eeb533dee28f47afad,6bd0727b06e044eeb533dee28f47afad,4.387
a6ede53ff2014741a2924a3dc6735aee,RADAR_RIGHT_SIDE,e0d2771bcffd4a25b98721fb744dc951,8bef64c60da74778a5b9ef975c97edb7,6bd0727b06e044eeb533dee28f47afad,6bd0727b06e044eeb533dee28f47afad,4.909
7eb7840ac6e1479da2bd15325e0569a0,LIDAR_LEFT,971d7acd63ea46c2b6ce83a3363742e6,2e6c7b7b7ceb4f69be01f9006cedf58f,1d90e3cfe1f74274872121a8e11a5a9e,0459252a422d48db89316b0fea4fb4d5,-10.638
7eb7840ac6e1479da2bd15325e0569a0,LIDAR_REAR,7f8258e318ab4d3289f747001487dfcd,7198b581279c431bad450deaf7669f87,be270d132ff9460288d4f2fa0b3ce608,0459252a422d48db89316b0fea4fb4d5,-47.631
7eb7840ac6e1479da2bd15325e0569a0,LIDAR_RIGHT,8229022d22e94cda9f6cbdea61980bd8,aefabf5dd96744beb296b9881d60ff8b,bb696e9e2e84475d890460cdf10dd027,0459252a422d48db89316b0fea4fb4d5,14.919
7eb7840ac6e1479da2bd15325e0569a0,LIDAR_TOP_FRONT,3f318d8de8e94490b4354f99c3c6c317,f994daad50a14ac49f1468d66eb8db62,0459252a422d48db89316b0fea4fb4d5,0459252a422d48db89316b0fea4fb4d5,3.302
7eb7840ac6e1479da2bd15325e0569a0,LIDAR_TOP_LEFT,1b46d977463647438699b8020da41bf8,373fca46a765439794d1ecbb5839a161,254f2994b1074ddcb5dfda8fc2ae61c8,0459252a422d48db89316b0fea4fb4d5,-21.832
7eb7840ac6e1479da2bd15325e0569a0,LIDAR_TOP_RIGHT,1bc44f8de6944db8bda2377ac0a4a33c,f8849496a35c4af599b8e598afda166d,6e7d1be037284f97911a2302e9d166c2,0459252a422d48db89316b0fea4fb4d5,28.53
7eb7840ac6e1479da2bd15325e0569a0,RADAR_LEFT_BACK,1886de76b76f46fc828e5f06107f4bc7,326989c743c948bf86229f525d0deb2d,0459252a422d48db89316b0fea4fb4d5,0459252a422d48db89316b0fea4fb4d5,6.102
7eb7840ac6e1479da2bd15325e0569a0,RADAR_LEFT_FRONT,c028c759dda843c1bebce79a479f0901,5e6c5afaa842478db6066e9de8dec1ef,0459252a422d48db89316b0fea4fb4d5,0459252a422d48db89316b0fea4fb4d5,6.122
7eb7840ac6e1479da2bd15325e0569a0,RADAR_LEFT_SIDE,14e38f20d9a4410ead82f57e8e9883dc,cbecfab3ced24bbeab0a1b1bdd4375a8,0459252a422d48db89316b0fea4fb4d5,0459252a422d48db89316b0fea4fb4d5,6.195
7eb7840ac6e1479da2bd15325e0569a0,RADAR_RIGHT_BACK,1c74e4c4a3164debb8e02edc4168e413,f2c73d43e0994ee8a16f930860856c0e,0459252a422d48db89316b0fea4fb4d5,0459252a422d48db89316b0fea4fb4d5,4.113
7eb7840ac6e1479da2bd15325e0569a0,RADAR_RIGHT_FRONT,630712b168174a5c823dd67357c49397,3126c35b164c459d85e0a0555ccba628,0459252a422d48db89316b0fea4fb4d5,0459252a422d48db89316b0fea4fb4d5,6.033
7eb7840ac6e1479da2bd15325e0569a0,RADAR_RIGHT_SIDE,5edea5e659f045e4bc5381ca5d0a25be,8bef64c60da74778a5b9ef975c97edb7,0459252a422d48db89316b0fea4fb4d5,0459252a422d48db89316b0fea4fb4d5,7.935
9bb4c0e43cf34d73bf44859d4880e87b,LIDAR_LEFT,32151b2ee56a4d5ea740b0c73d9a8aa8,2e6c7b7b7ceb4f69be01f9006cedf58f,024c7cbaa0d2427cba1bfc67946c924c,d108a0e4c899425bb9e43470da0bd5c0,-10.633
9bb4c0e43cf34d73bf44859d4880e87b,LIDAR_REAR,a53bcd4d04054fc59630798266f5af1a,7198b581279c431bad450deaf7669f87,d720215d3aee437cab1cfdb885c64ed4,d108a0e4c899425bb9e43470da0bd5c0,-47.29
9bb4c0e43cf34d73bf44859d4880e87b,LIDAR_RIGHT,2de15b13280541e389cce181dbcd77a9,aefabf5dd96744beb296b9881d60ff8b,55af3395580b4a64ba484564c8acb664,d108a0e4c899425bb9e43470da0bd5c0,15.391
9bb4c0e43cf34d73bf44859d4880e87b,LIDAR_TOP_FRONT,2ca802bbb90b436f8f98707fe525dabc,f994daad50a14ac49f1468d66eb8db62,d108a0e4c899425bb9e43470da0bd5c0,d108a0e4c899425bb9e43470da0bd5c0,3.956
9bb4c0e43cf34d73bf44859d4880e87b,LIDAR_TOP_LEFT,25fe14b8634e40ea9f86e6a184fccc92,373fca46a765439794d1ecbb5839a161,2e03dbb52cbe429a84fc1aa6a0d6560b,d108a0e4c899425bb9e43470da0bd5c0,-21.432
9bb4c0e43cf34d73bf44859d4880e87b,LIDAR_TOP_RIGHT,dbdc155975e64119b6805c49a2a7f64c,f8849496a35c4af599b8e598afda166d,43a8cb26c3a24cd08e294665e64ff153,d108a0e4c899425bb9e43470da0bd5c0,29.069
9bb4c0e43cf34d73bf44859d4880e87b,RADAR_LEFT_BACK,6990aefd538c463188373d2db7d7ee02,326989c743c948bf86229f525d0deb2d,d108a0e4c899425bb9e43470da0bd5c0,d108a0e4c899425bb9e43470da0bd5c0,8.159
9bb4c0e43cf34d73bf44859d4880e87b,RADAR_LEFT_FRONT,b84f23ebbf9546cbab0a2d7b59e5c8f2,5e6c5afaa842478db6066e9de8dec1ef,d108a0e4c899425bb9e43470da0bd5c0,d108a0e4c899425bb9e43470da0bd5c0,8.037
9bb4c0e43cf34d73bf44859d4880e87b,RADAR_LEFT_SIDE,a9a2638a094c40529e36133f58b28bee,cbecfab3ced24bbeab0a1b1bdd4375a8,d108a0e4c899425bb9e43470da0bd5c0,d108a0e4c899425bb9e43470da0bd5c0,8.077
9bb4c0e43cf34d73bf44859d4880e87b,RADAR_RIGHT_BACK,9290694b76834c31b416f61963cb64c3,f2c73d43e0994ee8a16f930860856c0e,d720215d3aee437cab1cfdb885c64ed4,d108a0e4c899425bb9e43470da0bd5c0,-45.054
9bb4c0e43cf34d73bf44859d4880e87b,RADAR_RIGHT_FRONT,47eeed6078ac4218bdf2736adce4d788,3126c35b164c459d85e0a0555ccba628,d108a0e4c899425bb9e43470da0bd5c0,d108a0e4c899425bb9e43470da0bd5c0,7.996
9bb4c0e43cf34d73bf44859d4880e87b,RADAR_RIGHT_SIDE,1d23b7bfe2e74c0bb9087d3588dabff3,8bef64c60da74778a5b9ef975c97edb7,d108a0e4c899425bb9e43470da0bd5c0,d108a0e4c899425bb9e43470da0bd5c0,4.639
ff8de0a92fcd4c80bd500c8559a13c4a,LIDAR_LEFT,50c71833835746b28a6e263e15763be6,2e6c7b7b7ceb4f69be01f9006cedf58f,8919028914a641eeb54a9803b0164082,d93eddc1d2634ef7908cea1116c61c24,-10.658
ff8de0a92fcd4c80bd500c8559a13c4a,LIDAR_REAR,c3adbd3139e547428f68c9c354881153,7198b581279c431bad450deaf7669f87,56d1f3468d964fa98e96503508d91d20,d93eddc1d2634ef7908cea1116c61c24,-47.322
ff8de0a92fcd4c80bd500c8559a13c4a,LIDAR_RIGHT,8f624067c862413cb266576fc3c8ae47,aefabf5dd96744beb296b9881d60ff8b,8c751daa6d5240e29f41fc6d0e8295d0,d93eddc1d2634ef7908cea1116c61c24,14.677
ff8de0a92fcd4c80bd500c8559a13c4a,LIDAR_TOP_FRONT,d77c79ee78194ec49fa77b2a7506669e,f994daad50a14ac49f1468d66eb8db62,d93eddc1d2634ef7908cea1116c61c24,d93eddc1d2634ef7908cea1116c61c24,3.591
ff8de0a92fcd4c80bd500c8559a13c4a,LIDAR_TOP_LEFT,a0d9e8ad83f942df9dd396fbe3c066a7,373fca46a765439794d1ecbb5839a161,abba03ceae804a66a51cc1607cb2a2a8,d93eddc1d2634ef7908cea1116c61c24,-21.294
ff8de0a92fcd4c80bd500c8559a13c4a,LIDAR_TOP_RIGHT,512dc2467f60408f8d734684510b3246,f8849496a35c4af599b8e598afda166d,971681b6ad2d4605a284725cf0938359,d93eddc1d2634ef7908cea1116c61c24,28.796
ff8de0a92fcd4c80bd500c8559a13c4a,RADAR_LEFT_BACK,c060b8683b0f430c91c6835451dc651b,326989c743c948bf86229f525d0deb2d,d93eddc1d2634ef7908cea1116c61c24,d93eddc1d2634ef7908cea1116c61c24,4.41
ff8de0a92fcd4c80bd500c8559a13c4a,RADAR_LEFT_FRONT,25ae19bf31de4fdf8cd8c4634594de92,5e6c5afaa842478db6066e9de8dec1ef,d93eddc1d2634ef7908cea1116c61c24,d93eddc1d2634ef7908cea1116c61c24,4.482
ff8de0a92fcd4c80bd500c8559a13c4a,RADAR_LEFT_SIDE,0d97c60ab619434c83ffa6f79ed66837,cbecfab3ced24bbeab0a1b1bdd4375a8,d93eddc1d2634ef7908cea1116c61c24,d93eddc1d2634ef7908cea1116c61c24,4.428
ff8de0a92fcd4c80bd500c8559a13c4a,RADAR_RIGHT_BACK,9221f318832749f68570f800f0bdde84,f2c73d43e0994ee8a16f930860856c0e,d93eddc1d2634ef7908cea1116c61c24,d93eddc1d2634ef7908cea1116c61c24,8.106
ff8de0a92fcd4c80bd500c8559a13c4a,RADAR_RIGHT_FRONT,4d8b1dc47e5c4cf2b3f596717928547d,3126c35b164c459d85e0a0555ccba628,d93eddc1d2634ef7908cea1116c61c24,d93eddc1d2634ef7908cea1116c61c24,4.298
ff8de0a92fcd4c80bd500c8559a13c4a,RADAR_RIGHT_SIDE,b2a06581064143adb2db68abc128684a,8bef64c60da74778a5b9ef975c97edb7,d93eddc1d2634ef7908cea1116c61c24,d93eddc1d2634ef7908cea1116c61c24,6.761
1c5c51644f6146768f20095390d245f1,LIDAR_LEFT,adac427a9ebd497daf058426f4d3caa3,2e6c7b7b7ceb4f69be01f9006cedf58f,b12a7a38a23d40f69583019872dbf5cf,71f2e319ca794a85b1e106e689d40fbc,-10.663
1c5c51644f6146768f20095390d245f1,LIDAR_REAR,5a01be87e5da43598396e980146c7e30,7198b581279c431bad450deaf7669f87,b8d0051b4c654fdd9a04b9e4f0ef65ad,71f2e319ca794a85b1e106e689d40fbc,-48.109
1c5c51644f6146768f20095390d245f1,LIDAR_RIGHT,801cb16e407d4b5faaefaf1afabc9b0e,aefabf5dd96744beb296b9881d60ff8b,816ec53926e54892994701f015e25a48,71f2e319ca794a85b1e106e689d40fbc,13.184
1c5c51644f6146768f20095390d245f1,LIDAR_TOP_FRONT,23becfbc7bbd457e9b4fe881b425e5dc,f994daad50a14ac49f1468d66eb8db62,71f2e319ca794a85b1e106e689d40fbc,71f2e319ca794a85b1e106e689d40fbc,2.79
1c5c51644f6146768f20095390d245f1,LIDAR_TOP_LEFT,3e6729d2db4d4f5fb24929fe87b9b7b6,373fca46a765439794d1ecbb5839a161,2cb7f86c1ac64c8e89b47c75110dc711,71f2e319ca794a85b1e106e689d40fbc,-21.782
1c5c51644f6146768f20095390d245f1,LIDAR_TOP_RIGHT,554459cf4dab45b5bba535e73ba4a472,f8849496a35c4af599b8e598afda166d,f6e3d2820c4b459f91bf8689966c805c,71f2e319ca794a85b1e106e689d40fbc,28.081
1c5c51644f6146768f20095390d245f1,RADAR_LEFT_BACK,f78a3c16d7e14bdbac61744533f76ec2,326989c743c948bf86229f525d0deb2d,71f2e319ca794a85b1e106e689d40fbc,71f2e319ca794a85b1e106e689d40fbc,5.8
1c5c51644f6146768f20095390d245f1,RADAR_LEFT_FRONT,6fad7744827341f9892cec8463b2af1a,5e6c5afaa842478db6066e9de8dec1ef,71f2e319ca794a85b1e106e689d40fbc,71f2e319ca794a85b1e106e689d40fbc,5.705
1c5c51644f6146768f20095390d245f1,RADAR_LEFT_SIDE,b80c8c6494964009b60e316a62deb361,cbecfab3ced24bbeab0a1b1bdd4375a8,71f2e319ca794a85b1e106e689d40fbc,71f2e319ca794a85b1e106e689d40fbc,5.694
1c5c51644f6146768f20095390d245f1,RADAR_RIGHT_BACK,23031176f33444e9bbaed9170badfc80,f2c73d43e0994ee8a16f930860856c0e,b8d0051b4c654fdd9a04b9e4f0ef65ad,71f2e319ca794a85b1e106e689d40fbc,-43.025
1c5c51644f6146768f20095390d245f1,RADAR_RIGHT_FRONT,509c74f36fb0498387a78fe173fe34d0,3126c35b164c459d85e0a0555ccba628,71f2e319ca794a85b1e106e689d40fbc,71f2e319ca794a85b1e106e689d40fbc,5.568
1c5c51644f6146768f20095390d245f1,RADAR_RIGHT_SIDE,b5ba510ca371422480c4b3b2f33951cd,8bef64c60da74778a5b9ef975c97edb7,71f2e319ca794a85b1e106e689d40fbc,71f2e319ca794a85b1e106e689d40fbc,7.521
7794802fda86401d8d0a7935731f18a8,LIDAR_LEFT,f1c438bb139e42cb973d55a234a9c5b4,2e6c7b7b7ceb4f69be01f9006cedf58f,9a2434f6da854fe88f4029e3bf088803,69916a1d7d2c4a6aa68c4b01d9d0753e,-10.658
7794802fda86401d8d0a7935731f18a8,LIDAR_REAR,e99f0d778eb941e3aafce6771d947663,7198b581279c431bad450deaf7669f87,e2a51b6a4fe143b1b0dfb2148f390ea7,69916a1d7d2c4a6aa68c4b01d9d0753e,-48.802
7794802fda86401d8d0a7935731f18a8,LIDAR_RIGHT,49b393b1baf441048ece488922e7a870,aefabf5dd96744beb296b9881d60ff8b,9f6942c8cb9142ff8d86e1f999b450bb,69916a1d7d2c4a6aa68c4b01d9d0753e,12.478
7794802fda86401d8d0a7935731f18a8,LIDAR_TOP_FRONT,3abc1584a0d0408bbbc206964f305cf1,f994daad50a14ac49f1468d66eb8db62,69916a1d7d2c4a6aa68c4b01d9d0753e,69916a1d7d2c4a6aa68c4b01d9d0753e,1.805
7794802fda86401d8d0a7935731f18a8,LIDAR_TOP_LEFT,0b7835228a2f4840a6b99401271ff810,373fca46a765439794d1ecbb5839a161,6e62ae2246ae42bda8db7e32388ac3f8,69916a1d7d2c4a6aa68c4b01d9d0753e,-22.497
7794802fda86401d8d0a7935731f18a8,LIDAR_TOP_RIGHT,dc447c22bb75418c8e141153d38f5b6c,f8849496a35c4af599b8e598afda166d,de109e6b752e4ba5bfc76acd2365e641,69916a1d7d2c4a6aa68c4b01d9d0753e,27.316
7794802fda86401d8d0a7935731f18a8,RADAR_LEFT_BACK,3769e5a73aed4366833d9bc06341d420,326989c743c948bf86229f525d0deb2d,e2a51b6a4fe143b1b0dfb2148f390ea7,69916a1d7d2c4a6aa68c4b01d9d0753e,-45.13
7794802fda86401d8d0a7935731f18a8,RADAR_LEFT_FRONT,e1d54eb637a743e4ba4174603ed467ee,5e6c5afaa842478db6066e9de8dec1ef,69916a1d7d2c4a6aa68c4b01d9d0753e,69916a1d7d2c4a6aa68c4b01d9d0753e,6.474
7794802fda86401d8d0a7935731f18a8,RADAR_LEFT_SIDE,685fe27a97eb4c8b80c4665534a34631,cbecfab3ced24bbeab0a1b1bdd4375a8,69916a1d7d2c4a6aa68c4b01d9d0753e,69916a1d7d2c4a6aa68c4b01d9d0753e,6.52
7794802fda86401d8d0a7935731f18a8,RADAR_RIGHT_BACK,ad2f822318314992ac73985f03d2f77d,f2c73d43e0994ee8a16f930860856c0e,69916a1d7d2c4a6aa68c4b01d9d0753e,69916a1d7d2c4a6aa68c4b01d9d0753e,4.77
7794802fda86401d8d0a7935731f18a8,RADAR_RIGHT_FRONT,b10af266a9eb4268a0f38632717407cc,3126c35b164c459d85e0a0555ccba628,69916a1d7d2c4a6aa68c4b01d9d0753e,69916a1d7d2c4a6aa68c4b01d9d0753e,6.303
7794802fda86401d8d0a7935731f18a8,RADAR_RIGHT_SIDE,425de5d26dde497bb5b62430b8292b8e,8bef64c60da74778a5b9ef975c97edb7,69916a1d7d2c4a6aa68c4b01d9d0753e,69916a1d7d2c4a6aa68c4b01d9d0753e,3.951
5bfc3e2a975245f99dbdea34259ddd3c,LIDAR_LEFT,1148f99399d4452f8dd285720e2f8fdc,2e6c7b7b7ceb4f69be01f9006cedf58f,3aae464594544eb8aa1154ee64f1c38c,c11e6638ef8c44d7a0fb6e87c5f77ace,-10.659
5bfc3e2a975245f99dbdea34259ddd3c,LIDAR_REAR,3cbe84573c5f43b29ff8c0138c56cc52,7198b581279c431bad450deaf7669f87,1690093565ee4afdac9fa81c049b2348,c11e6638ef8c44d7a0fb6e87c5f77ace,-49.321
5bfc3e2a975245f99dbdea34259ddd3c,LIDAR_RIGHT,b9f694794d94430fa9af6f92a692105d,aefabf5dd96744beb296b9881d60ff8b,3d4cd953c6bc46d8a257d76d869f8a98,c11e6638ef8c44d7a0fb6e87c5f77ace,12.683
5bfc3e2a975245f99dbdea34259ddd3c,LIDAR_TOP_FRONT,4bf7d215d4e84b599314f7ae7b5342a3,f994daad50a14ac49f1468d66eb8db62,c11e6638ef8c44d7a0fb6e87c5f77ace,c11e6638ef8c44d7a0fb6e87c5f77ace,0.976
5bfc3e2a975245f99dbdea34259ddd3c,LIDAR_TOP_LEFT,3fad2bd184a946f49de732a45017e753,373fca46a765439794d1ecbb5839a161,5deb49fdd2e24b5b95e60a5cf784c5f3,c11e6638ef8c44d7a0fb6e87c5f77ace,-23.121
5bfc3e2a975245f99dbdea34259ddd3c,LIDAR_TOP_RIGHT,98237bb35a844becb08836bcc8ff2167,f8849496a35c4af599b8e598afda166d,2dda431f7bed4dd68116205dd63fbb93,c11e6638ef8c44d7a0fb6e87c5f77ace,26.516
5bfc3e2a975245f99dbdea34259ddd3c,RADAR_LEFT_BACK,a312824dbee54598ae488ffeed156ee2,326989c743c948bf86229f525d0deb2d,c11e6638ef8c44d7a0fb6e87c5f77ace,c11e6638ef8c44d7a0fb6e87c5f77ace,2.838
5bfc3e2a975245f99dbdea34259ddd3c,RADAR_LEFT_FRONT,3511374a20634f6fbabc0745c378d9b7,5e6c5afaa842478db6066e9de8dec1ef,c11e6638ef8c44d7a0fb6e87c5f77ace,c11e6638ef8c44d7a0fb6e87c5f77ace,2.821
5bfc3e2a975245f99dbdea34259ddd3c,RADAR_LEFT_SIDE,36bc39c295e9494f878a094005a87bc2,cbecfab3ced24bbeab0a1b1bdd4375a8,c11e6638ef8c44d7a0fb6e87c5f77ace,c11e6638ef8c44d7a0fb6e87c5f77ace,2.784
5bfc3e2a975245f99dbdea34259ddd3c,RADAR_RIGHT_BACK,e0ca89312eff4c96ba2cebacb63ed4de,f2c73d43e0994ee8a16f930860856c0e,c11e6638ef8c44d7a0fb6e87c5f77ace,c11e6638ef8c44d7a0fb6e87c5f77ace,5.724
5bfc3e2a975245f99dbdea34259ddd3c,RADAR_RIGHT_FRONT,0dfa6c550e804519b7868a202c853b53,3126c35b164c459d85e0a0555ccba628,c11e6638ef8c44d7a0fb6e87c5f77ace,c11e6638ef8c44d7a0fb6e87c5f77ace,2.578
5bfc3e2a975245f99dbdea34259ddd3c,RADAR_RIGHT_SIDE,c4b39efbd06d45ff9797b0d9087504b9,8bef64c60da74778a5b9ef975c97edb7,c11e6638ef8c44d7a0fb6e87c5f77ace,c11e6638ef8c44d7a0fb6e87c5f77ace,4.528
750d50a1a10d48efb33ccaa7280fa010,LIDAR_LEFT,1556096abbb242ef9706c15480a97192,2e6c7b7b7ceb4f69be01f9006cedf58f,9a28f38c196c473ab2537962e6fa8c52,bfebc80183cb439285e4ada291748f5a,-10.632
750d50a1a10d48efb33ccaa7280fa010,LIDAR_REAR,96e58155815b4ea6af6423ffb088c159,7198b581279c431bad450deaf7669f87,5718ddd5c6dc401e90702bc728c4af40,bfebc80183cb439285e4ada291748f5a,-49.357
750d50a1a10d48efb33ccaa7280fa010,LIDAR_RIGHT,ae16ed6286214ca29fd1df1be86da060,aefabf5dd96744beb296b9881d60ff8b,b349252a1cea4b4f9cfa72d4f0a12305,bfebc80183cb439285e4ada291748f5a,13.393
750d50a1a10d48efb33ccaa7280fa010,LIDAR_TOP_FRONT,d620e05979964723bb603ad9794b1a38,f994daad50a14ac49f1468d66eb8db62,bfebc80183cb439285e4ada291748f5a,bfebc80183cb439285e4ada291748f5a,1.131
750d50a1a10d48efb33ccaa7280fa010,LIDAR_TOP_LEFT,459598e94ff14b43b40aaedc2a9add21,373fca46a765439794d1ecbb5839a161,91ffc33a6acb4a5daac2e987888ffb2a,bfebc80183cb439285e4ada291748f5a,-23.334
750d50a1a10d48efb33ccaa7280fa010,LIDAR_TOP_RIGHT,e6027a78b85844e48858dc7f45f83375,f8849496a35c4af599b8e598afda166d,04702b0244264188a023293a6f48e0de,bfebc80183cb439285e4ada291748f5a,26.586
750d50a1a10d48efb33ccaa7280fa010,RADAR_LEFT_BACK,7db31666796e42119abc35f82fb7b3b5,326989c743c948bf86229f525d0deb2d,bfebc80183cb439285e4ada291748f5a,bfebc80183cb439285e4ada291748f5a,4.033
750d50a1a10d48efb33ccaa7280fa010,RADAR_LEFT_FRONT,8ccdb4f722e64dba9285eacafdc45bce,5e6c5afaa842478db6066e9de8dec1ef,bfebc80183cb439285e4ada291748f5a,bfebc80183cb439285e4ada291748f5a,3.987
750d50a1a10d48efb33ccaa7280fa010,RADAR_LEFT_SIDE,9e46d7a519e44aa8826709e9367a72e2,cbecfab3ced24bbeab0a1b1bdd4375a8,bfebc80183cb439285e4ada291748f5a,bfebc80183cb439285e4ada291748f5a,3.928
750d50a1a10d48efb33ccaa7280fa010,RADAR_RIGHT_BACK,270b8e49b3234a0fbde16a41a67285f2,f2c73d43e0994ee8a16f930860856c0e,5718ddd5c6dc401e90702bc728c4af40,bfebc80183cb439285e4ada291748f5a,-44.475
750d50a1a10d48efb33ccaa7280fa010,RADAR_RIGHT_FRONT,83c171b0172d48c28c38b8416b59f013,3126c35b164c459d85e0a0555ccba628,bfebc80183cb439285e4ada291748f5a,bfebc80183cb439285e4ada291748f5a,3.772
750d50a1a10d48efb33ccaa7280fa010,RADAR_RIGHT_SIDE,0e3fde15ef7c4e339f70e8930a749606,8bef64c60da74778a5b9ef975c97edb7,bfebc80183cb439285e4ada291748f5a,bfebc80183cb439285e4ada291748f5a,6.008
3cddaef43c124e2aa3814cd251fcb131,LIDAR_LEFT,c63f0905e1b54099906f80eb0f9bb917,2e6c7b7b7ceb4f69be01f9006cedf58f,2547ec97b8884aa28c4bf9f43af13bcb,d0aba6108a0f4127af1bf9d48122f411,-10.633
3cddaef43c124e2aa3814cd251fcb131,LIDAR_REAR,acb447c52a6a49a8a32e512ac03a53bc,7198b581279c431bad450deaf7669f87,3f0bc0f65f2e4cb2bb5b90eb4fcd8b71,d0aba6108a0f4127af1bf9d48122f411,-48.689
3cddaef43c124e2aa3814cd251fcb131,LIDAR_RIGHT,88c9f25ad68f45d7a146076dbd19c501,aefabf5dd96744beb296b9881d60ff8b,79d686413dc44417b3eb17c8ce7f8da9,d0aba6108a0f4127af1bf9d48122f411,14.808
3cddaef43c124e2aa3814cd251fcb131,LIDAR_TOP_FRONT,942428f237454af7875ba466426ff27d,f994daad50a14ac49f1468d66eb8db62,d0aba6108a0f4127af1bf9d48122f411,d0aba6108a0f4127af1bf9d48122f411,1.484
3cddaef43c124e2aa3814cd251fcb131,LIDAR_TOP_LEFT,ca9a39df227b405fadd76481498e2858,373fca46a765439794d1ecbb5839a161,b4646a24c7014001898393e08129c571,d0aba6108a0f4127af1bf9d48122f411,-22.742
3cddaef43c124e2aa3814cd251fcb131,LIDAR_TOP_RIGHT,46b347ce204544608f6156528ff2fa87,f8849496a35c4af599b8e598afda166d,9575d1afae4041ce803c45a16d46cb1c,d0aba6108a0f4127af1bf9d48122f411,27.296
3cddaef43c124e2aa3814cd251fcb131,RADAR_LEFT_BACK,c404c3134ed24df48a064f6e971a8727,326989c743c948bf86229f525d0deb2d,d0aba6108a0f4127af1bf9d48122f411,d0aba6108a0f4127af1bf9d48122f411,6.419
3cddaef43c124e2aa3814cd251fcb131,RADAR_LEFT_FRONT,c8b11695d57241639208e54158a45282,5e6c5afaa842478db6066e9de8dec1ef,d0aba6108a0f4127af1bf9d48122f411,d0aba6108a0f4127af1bf9d48122f411,6.296
3cddaef43c124e2aa3814cd251fcb131,RADAR_LEFT_SIDE,3a97513e9213454282b1dc94be4ba798,cbecfab3ced24bbeab0a1b1bdd4375a8,d0aba6108a0f4127af1bf9d48122f411,d0aba6108a0f4127af1bf9d48122f411,6.37
3cddaef43c124e2aa3814cd251fcb131,RADAR_RIGHT_BACK,66796ab1afbf419782729eafb944348e,f2c73d43e0994ee8a16f930860856c0e,d0aba6108a0f4127af1bf9d48122f411,d0aba6108a0f4127af1bf9d48122f411,4.574
3cddaef43c124e2aa3814cd251fcb131,RADAR_RIGHT_FRONT,8b05ad9c33634fc5b3e12bec1970d6c3,3126c35b164c459d85e0a0555ccba628,d0aba6108a0f4127af1bf9d48122f411,d0aba6108a0f4127af1bf9d48122f411,6.07
3cddaef43c124e2aa3814cd251fcb131,RADAR_RIGHT_SIDE,b9601d80cfbc41c38af040b7d021c634,8bef64c60da74778a5b9ef975c97edb7,d0aba6108a0f4127af1bf9d48122f411,d0aba6108a0f4127af1bf9d48122f411,3.038
bfa3a0b5782c4aa59d27134daa9a314f,LIDAR_LEFT,2e62f595e001414bb4fe41252cbb7e42,2e6c7b7b7ceb4f69be01f9006cedf58f,3852518c880a4711a1810fa27935f1b1,21e4b90a68944202aca45b71fc818e40,-10.635
bfa3a0b5782c4aa59d27134daa9a314f,LIDAR_REAR,69e1cee6ed98442e853c78d17d74630d,7198b581279c431bad450deaf7669f87,200e67b0ce574f70b974cdac7995a52d,21e4b90a68944202aca45b71fc818e40,-48.102
bfa3a0b5782c4aa59d27134daa9a314f,LIDAR_RIGHT,680cfebb026e4316bebb213a600f7e81,aefabf5dd96744beb296b9881d60ff8b,db15f32e88a345e895ba49b628723cd7,21e4b90a68944202aca45b71fc818e40,15.272
bfa3a0b5782c4aa59d27134daa9a314f,LIDAR_TOP_FRONT,7588950c9bc448c5abe3f02cc5979b89,f994daad50a14ac49f1468d66eb8db62,21e4b90a68944202aca45b71fc818e40,21e4b90a68944202aca45b71fc818e40,2.708
bfa3a0b5782c4aa59d27134daa9a314f,LIDAR_TOP_LEFT,801e38061ee24c7ea2ecc351580e62ff,373fca46a765439794d1ecbb5839a161,dc9ed057acaf4c82ac7ff4adeb7f3a3a,21e4b90a68944202aca45b71fc818e40,-22.28
bfa3a0b5782c4aa59d27134daa9a314f,LIDAR_TOP_RIGHT,72675c7d154f4d6c8be16e709f6ea31b,f8849496a35c4af599b8e598afda166d,6f89c4d2304b49dcb94161a1da20cd20,21e4b90a68944202aca45b71fc818e40,27.922
bfa3a0b5782c4aa59d27134daa9a314f,RADAR_LEFT_BACK,f1eecdf934d54981a0f354ba165ea45a,326989c743c948bf86229f525d0deb2d,21e4b90a68944202aca45b71fc818e40,21e4b90a68944202aca45b71fc818e40,4.248
bfa3a0b5782c4aa59d27134daa9a314f,RADAR_LEFT_FRONT,f007dce59aa54a9d8eea3e3b220f2991,5e6c5afaa842478db6066e9de8dec1ef,21e4b90a68944202aca45b71fc818e40,21e4b90a68944202aca45b71fc818e40,4.068
bfa3a0b5782c4aa59d27134daa9a314f,RADAR_LEFT_SIDE,beaeda6c302e431da62620ccaf55fa92,cbecfab3ced24bbeab0a1b1bdd4375a8,21e4b90a68944202aca45b71fc818e40,21e4b90a68944202aca45b71fc818e40,4.058
bfa3a0b5782c4aa59d27134daa9a314f,RADAR_RIGHT_BACK,f8e05a336d034bde872f6cd3b5d19044,f2c73d43e0994ee8a16f930860856c0e,200e67b0ce574f70b974cdac7995a52d,21e4b90a68944202aca45b71fc818e40,-44.556
bfa3a0b5782c4aa59d27134daa9a314f,RADAR_RIGHT_FRONT,7afeb67d83ab44aa8620d4d98352664b,3126c35b164c459d85e0a0555ccba628,21e4b90a68944202aca45b71fc818e40,21e4b90a68944202aca45b71fc818e40,4.045
bfa3a0b5782c4aa59d27134daa9a314f,RADAR_RIGHT_SIDE,bc92a3fe94904006ab83690222c9a8f1,8bef64c60da74778a5b9ef975c97edb7,21e4b90a68944202aca45b71fc818e40,21e4b90a68944202aca45b71fc818e40,5.689
49f482b35bec43b393b9593fdc313248,LIDAR_LEFT,edeb442f591545f3b744f010893bef72,2e6c7b7b7ceb4f69be01f9006cedf58f,b6f1959e01a441db914475031a2b241a,911435ddd9e84ec5b7c3614e37a3ed0b,-10.634
49f482b35bec43b393b9593fdc313248,LIDAR_REAR,67824312a8d948399a085cd4fc0f4470,7198b581279c431bad450deaf7669f87,906ba937396247a38ba7685d1f1aea81,911435ddd9e84ec5b7c3614e37a3ed0b,-47.387
49f482b35bec43b393b9593fdc313248,LIDAR_RIGHT,983c0d76460c433790bb6ffcf68a81eb,aefabf5dd96744beb296b9881d60ff8b,c091cd21e8024b33adf59d289b76dbaf,911435ddd9e84ec5b7c3614e37a3ed0b,15.163
49f482b35bec43b393b9593fdc313248,LIDAR_TOP_FRONT,2b86a357c7974f2d875f770dc344fda3,f994daad50a14ac49f1468d66eb8db62,911435ddd9e84ec5b7c3614e37a3ed0b,911435ddd9e84ec5b7c3614e37a3ed0b,3.071
49f482b35bec43b393b9593fdc313248,LIDAR_TOP_LEFT,17b6ff5977fa4da88d67c0717724c338,373fca46a765439794d1ecbb5839a161,313e17c76c184d70b7c7424e01691855,911435ddd9e84ec5b7c3614e37a3ed0b,-21.785
49f482b35bec43b393b9593fdc313248,LIDAR_TOP_RIGHT,c2335e8694e34e698bdb44c0fcf96e95,f8849496a35c4af599b8e598afda166d,4b852354f5914f4597f4bb879855bf04,911435ddd9e84ec5b7c3614e37a3ed0b,28.322
49f482b35bec43b393b9593fdc313248,RADAR_LEFT_BACK,39768161ab694ff39e032588ea57775c,326989c743c948bf86229f525d0deb2d,911435ddd9e84ec5b7c3614e37a3ed0b,911435ddd9e84ec5b7c3614e37a3ed0b,5.671
49f482b35bec43b393b9593fdc313248,RADAR_LEFT_FRONT,60a716746e264a609ab0274183390f89,5e6c5afaa842478db6066e9de8dec1ef,911435ddd9e84ec5b7c3614e37a3ed0b,911435ddd9e84ec5b7c3614e37a3ed0b,5.563
49f482b35bec43b393b9593fdc313248,RADAR_LEFT_SIDE,c5d85759fbea4115a22800514ebd1fbd,cbecfab3ced24bbeab0a1b1bdd4375a8,911435ddd9e84ec5b7c3614e37a3ed0b,911435ddd9e84ec5b7c3614e37a3ed0b,5.709
49f482b35bec43b393b9593fdc313248,RADAR_RIGHT_BACK,ca2cc186697d40bb8a6786e3b4cac2eb,f2c73d43e0994ee8a16f930860856c0e,911435ddd9e84ec5b7c3614e37a3ed0b,911435ddd9e84ec5b7c3614e37a3ed0b,4.248
49f482b35bec43b393b9593fdc313248,RADAR_RIGHT_FRONT,987ed922b3a745dea109a48f5a4fc865,3126c35b164c459d85e0a0555ccba628,911435ddd9e84ec5b7c3614e37a3ed0b,911435ddd9e84ec5b7c3614e37a3ed0b,5.425
49f482b35bec43b393b9593fdc313248,RADAR_RIGHT_SIDE,f2b3ef4ee9c345d4967f65ac0fc8814a,8bef64c60da74778a5b9ef975c97edb7,911435ddd9e84ec5b7c3614e37a3ed0b,911435ddd9e84ec5b7c3614e37a3ed0b,7.681
c436471660d04308a31787eaac3325ba,LIDAR_LEFT,334c5a2b5526487382d72eb6f6837669,2e6c7b7b7ceb4f69be01f9006cedf58f,1f12172086bc407f813bf9b2acc79049,b08a255b96514f3dad533a8d4fc4f75f,-10.657
c436471660d04308a31787eaac3325ba,LIDAR_REAR,0987432481e246138daf70774884aa2e,7198b581279c431bad450deaf7669f87,1874d96390a7450b940e8df7ee40a044,b08a255b96514f3dad533a8d4fc4f75f,-47.395
c436471660d04308a31787eaac3325ba,LIDAR_RIGHT,c7e3dcbbfb104865b1c7fadb1143cab7,aefabf5dd96744beb296b9881d60ff8b,d1ffbfabe19d4b05b0f4726d2ef5eedd,b08a255b96514f3dad533a8d4fc4f75f,15.108
c436471660d04308a31787eaac3325ba,LIDAR_TOP_FRONT,6cd0afc7d87c4f6b83bf64de799b4fe9,f994daad50a14ac49f1468d66eb8db62,b08a255b96514f3dad533a8d4fc4f75f,b08a255b96514f3dad533a8d4fc4f75f,3.216
c436471660d04308a31787eaac3325ba,LIDAR_TOP_LEFT,d97a5167093945679e661dff9768232f,373fca46a765439794d1ecbb5839a161,02782fea443c46bc8d4f48dd5d8da062,b08a255b96514f3dad533a8d4fc4f75f,-21.648
c436471660d04308a31787eaac3325ba,LIDAR_TOP_RIGHT,769f85d18fb44599b69c72dc76750a6d,f8849496a35c4af599b8e598afda166d,b7f92985e9644feeaffafd174cd00385,b08a255b96514f3dad533a8d4fc4f75f,28.373
c436471660d04308a31787eaac3325ba,RADAR_LEFT_BACK,c20ce4fafb2a4905bd69cc6dfe1dd578,326989c743c948bf86229f525d0deb2d,b08a255b96514f3dad533a8d4fc4f75f,b08a255b96514f3dad533a8d4fc4f75f,7.319
c436471660d04308a31787eaac3325ba,RADAR_LEFT_FRONT,51930da0a5ff447884caaed2e6b543b6,5e6c5afaa842478db6066e9de8dec1ef,b08a255b96514f3dad533a8d4fc4f75f,b08a255b96514f3dad533a8d4fc4f75f,7.263
c436471660d04308a31787eaac3325ba,RADAR_LEFT_SIDE,ad6e07dc08f444c4b39882a6db81f46e,cbecfab3ced24bbeab0a1b1bdd4375a8,b08a255b96514f3dad533a8d4fc4f75f,b08a255b96514f3dad533a8d4fc4f75f,7.17
c436471660d04308a31787eaac3325ba,RADAR_RIGHT_BACK,3517e5ef7fdb4305b1224b60f8830070,f2c73d43e0994ee8a16f930860856c0e,b08a255b96514f3dad533a8d4fc4f75f,b08a255b96514f3dad533a8d4fc4f75f,6.09
c436471660d04308a31787eaac3325ba,RADAR_RIGHT_FRONT,c994fdd5e8394bb783e78477f2a81b1f,3126c35b164c459d85e0a0555ccba628,b08a255b96514f3dad533a8d4fc4f75f,b08a255b96514f3dad533a8d4fc4f75f,7.21
c436471660d04308a31787eaac3325ba,RADAR_RIGHT_SIDE,c05b8d44a58148c58bd88eeaf8cd938d,8bef64c60da74778a5b9ef975c97edb7,b08a255b96514f3dad533a8d4fc4f75f,b08a255b96514f3dad533a8d4fc4f75f,4.669
58fbc3f0113b492796494ca3ed721221,LIDAR_LEFT,a69558c9b6b14592ba21bc5f1f16be08,2e6c7b7b7ceb4f69be01f9006cedf58f,d00370748cb84e66b0e3859df364b8dc,35c493b4e4ab4a44800d57fbcf4ad146,-10.659
58fbc3f0113b492796494ca3ed721221,LIDAR_REAR,f01e25bdb8134126bcea6666460e2e20,7198b581279c431bad450deaf7669f87,54597f57ac934d1aadca3f7f3518ce8e,35c493b4e4ab4a44800d57fbcf4ad146,-48.166
58fbc3f0113b492796494ca3ed721221,LIDAR_RIGHT,61a8e3b7abe645edb2fa546f90023d47,aefabf5dd96744beb296b9881d60ff8b,35428bc460144948a826e345f0917da5,35c493b4e4ab4a44800d57fbcf4ad146,14.326
58fbc3f0113b492796494ca3ed721221,LIDAR_TOP_FRONT,ed61f16177e84bc5ba8b89f56568f382,f994daad50a14ac49f1468d66eb8db62,35c493b4e4ab4a44800d57fbcf4ad146,35c493b4e4ab4a44800d57fbcf4ad146,2.599
58fbc3f0113b492796494ca3ed721221,LIDAR_TOP_LEFT,89cde3283e844f30af1e49defdbdbbac,373fca46a765439794d1ecbb5839a161,77e547e853204fb8a3d8f6f43bf7966f,35c493b4e4ab4a44800d57fbcf4ad146,-22.447
58fbc3f0113b492796494ca3ed721221,LIDAR_TOP_RIGHT,b1e1c7e58f374765aa86385e9e1ec1ce,f8849496a35c4af599b8e598afda166d,6ae54625165042f2a02bec941ca9718e,35c493b4e4ab4a44800d57fbcf4ad146,27.715
58fbc3f0113b492796494ca3ed721221,RADAR_LEFT_BACK,22cbba0a90d44f75b0d21b836767c4ab,326989c743c948bf86229f525d0deb2d,35c493b4e4ab4a44800d57fbcf4ad146,35c493b4e4ab4a44800d57fbcf4ad146,3.483
58fbc3f0113b492796494ca3ed721221,RADAR_LEFT_FRONT,c91af49f383745fb9b0d17b8780b33de,5e6c5afaa842478db6066e9de8dec1ef,35c493b4e4ab4a44800d57fbcf4ad146,35c493b4e4ab4a44800d57fbcf4ad146,3.511
58fbc3f0113b492796494ca3ed721221,RADAR_LEFT_SIDE,90833916a21b44f9a991aa76c7a10a8d,cbecfab3ced24bbeab0a1b1bdd4375a8,35c493b4e4ab4a44800d57fbcf4ad146,35c493b4e4ab4a44800d57fbcf4ad146,3.464
58fbc3f0113b492796494ca3ed721221,RADAR_RIGHT_BACK,19c4013b71ae4e188ac39b2d2e982298,f2c73d43e0994ee8a16f930860856c0e,35c493b4e4ab4a44800d57fbcf4ad146,35c493b4e4ab4a44800d57fbcf4ad146,6.222
58fbc3f0113b492796494ca3ed721221,RADAR_RIGHT_FRONT,219755422ed24406b7998a5f74154b76,3126c35b164c459d85e0a0555ccba628,35c493b4e4ab4a44800d57fbcf4ad146,35c493b4e4ab4a44800d57fbcf4ad146,3.355
58fbc3f0113b492796494ca3ed721221,RADAR_RIGHT_SIDE,0c6998978dc842d99891ab13f58543c8,8bef64c60da74778a5b9ef975c97edb7,35c493b4e4ab4a44800d57fbcf4ad146,35c493b4e4ab4a44800d57fbcf4ad146,5.113
efdf43b811f84e0c90b8615a9bb45c95,LIDAR_LEFT,9ca1535a556b4bdbaf9c33d886868baf,2e6c7b7b7ceb4f69be01f9006cedf58f,5533c33130824d10bae91fb236bd372f,8e0f2350cca34052b0b555f9a5363887,-10.656
efdf43b811f84e0c90b8615a9bb45c95,LIDAR_REAR,627d339efff645778827105ec8e99843,7198b581279c431bad450deaf7669f87,de2a81715a04447ba1bcb21946ef3669,8e0f2350cca34052b0b555f9a5363887,-48.399
efdf43b811f84e0c90b8615a9bb45c95,LIDAR_RIGHT,e385ac9dfea84d118b5cbc65ebe815ea,aefabf5dd96744beb296b9881d60ff8b,b71a50a5ac964d858a749d7b24c1efb4,8e0f2350cca34052b0b555f9a5363887,13.75
efdf43b811f84e0c90b8615a9bb45c95,LIDAR_TOP_FRONT,a8b9e3a074564ccba3a61ffc7ff096e6,f994daad50a14ac49f1468d66eb8db62,8e0f2350cca34052b0b555f9a5363887,8e0f2350cca34052b0b555f9a5363887,1.962
efdf43b811f84e0c90b8615a9bb45c95,LIDAR_TOP_LEFT,890706cdd63d4f9bb9fc07d8eec18c28,373fca46a765439794d1ecbb5839a161,c11be17f1d6b4214a9b669b41628bc8f,8e0f2350cca34052b0b555f9a5363887,-22.793
efdf43b811f84e0c90b8615a9bb45c95,LIDAR_TOP_RIGHT,09723d73b23d468aae3d895cc25082fa,f8849496a35c4af599b8e598afda166d,b456906961a44cf0bc27d157f43439ec,8e0f2350cca34052b0b555f9a5363887,27.544
efdf43b811f84e0c90b8615a9bb45c95,RADAR_LEFT_BACK,396d67eacc8449d99886bcce8bca61a6,326989c743c948bf86229f525d0deb2d,8e0f2350cca34052b0b555f9a5363887,8e0f2350cca34052b0b555f9a5363887,4.97
efdf43b811f84e0c90b8615a9bb45c95,RADAR_LEFT_FRONT,b0f7657c35c1466da9f9b0b791034539,5e6c5afaa842478db6066e9de8dec1ef,8e0f2350cca34052b0b555f9a5363887,8e0f2350cca34052b0b555f9a5363887,4.995
efdf43b811f84e0c90b8615a9bb45c95,RADAR_LEFT_SIDE,a3ab7d65700c440a8ffb5c20e306d7f1,cbecfab3ced24bbeab0a1b1bdd4375a8,8e0f2350cca34052b0b555f9a5363887,8e0f2350cca34052b0b555f9a5363887,4.918
efdf43b811f84e0c90b8615a9bb45c95,RADAR_RIGHT_BACK,3583c084ed7642b4a6de0b9b6cb0c1e7,f2c73d43e0994ee8a16f930860856c0e,8e0f2350cca34052b0b555f9a5363887,8e0f2350cca34052b0b555f9a5363887,3.889
efdf43b811f84e0c90b8615a9bb45c95,RADAR_RIGHT_FRONT,1aaaa6e1eee84cfabc14dcd7b1712fbd,3126c35b164c459d85e0a0555ccba628,8e0f2350cca34052b0b555f9a5363887,8e0f2350cca34052b0b555f9a5363887,4.833
efdf43b811f84e0c90b8615a9bb45c95,RADAR_RIGHT_SIDE,2a419f1557814a27a9a569ee29591411,8bef64c60da74778a5b9ef975c97edb7,8e0f2350cca34052b0b555f9a5363887,8e0f2350cca34052b0b555f9a5363887,6.256
2cc0eeeeb89f4626b3455f3851b01034,LIDAR_LEFT,85d0cfe2204142a69f68fea061425387,2e6c7b7b7ceb4f69be01f9006cedf58f,c1862d1f644c4f3eb05fcc58f0de9a06,345966a8caa34862aaae0b4dac958943,-10.655
2cc0eeeeb89f4626b3455f3851b01034,LIDAR_REAR,0f89411df0074d0b867e2d757e990263,7198b581279c431bad450deaf7669f87,8a67806d6c7742f787308e0cfc31503b,345966a8caa34862aaae0b4dac958943,-48.853
2cc0eeeeb89f4626b3455f3851b01034,LIDAR_RIGHT,48a950308e1846b6a774442f86ea1775,aefabf5dd96744beb296b9881d60ff8b,8f59f27548014e7f89f43a0b62b917bf,345966a8caa34862aaae0b4dac958943,13.64
2cc0eeeeb89f4626b3455f3851b01034,LIDAR_TOP_FRONT,fcf8473858ca41bda1d1e99e30a3aa6f,f994daad50a14ac49f1468d66eb8db62,345966a8caa34862aaae0b4dac958943,345966a8caa34862aaae0b4dac958943,2.078
2cc0eeeeb89f4626b3455f3851b01034,LIDAR_TOP_LEFT,d2ea90c6beaf417396e3ed910e08e8a4,373fca46a765439794d1ecbb5839a161,6ee78745b180446a9fd9176a15a25cdf,345966a8caa34862aaae0b4dac958943,-23.101
2cc0eeeeb89f4626b3455f3851b01034,LIDAR_TOP_RIGHT,470fb8cf0d5f49a7aa40bb380b096247,f8849496a35c4af599b8e598afda166d,4890b2a98e4049738cb05a2982a93591,345966a8caa34862aaae0b4dac958943,27.399
2cc0eeeeb89f4626b3455f3851b01034,RADAR_LEFT_BACK,919525b47ea04bc79dd716c75fe7c1c4,326989c743c948bf86229f525d0deb2d,345966a8caa34862aaae0b4dac958943,345966a8caa34862aaae0b4dac958943,5.45
2cc0eeeeb89f4626b3455f3851b01034,RADAR_LEFT_FRONT,0ef09c8d66a84114b4ff8ea008494c15,5e6c5afaa842478db6066e9de8dec1ef,345966a8caa34862aaae0b4dac958943,345966a8caa34862aaae0b4dac958943,5.521
2cc0eeeeb89f4626b3455f3851b01034,RADAR_LEFT_SIDE,1b1acab839514556850ec3be54f02010,cbecfab3ced24bbeab0a1b1bdd4375a8,345966a8caa34862aaae0b4dac958943,345966a8caa34862aaae0b4dac958943,5.464
2cc0eeeeb89f4626b3455f3851b01034,RADAR_RIGHT_BACK,78b080ed13ce4fc0861b6fa657a35cf4,f2c73d43e0994ee8a16f930860856c0e,345966a8caa34862aaae0b4dac958943,345966a8caa34862aaae0b4dac958943,4.291
2cc0eeeeb89f4626b3455f3851b01034,RADAR_RIGHT_FRONT,ccc570a2928b44859d521260b913be7a,3126c35b164c459d85e0a0555ccba628,345966a8caa34862aaae0b4dac958943,345966a8caa34862aaae0b4dac958943,5.441
2cc0eeeeb89f4626b3455f3851b01034,RADAR_RIGHT_SIDE,f9b611c7bc2b436693a59b8015b3556c,8bef64c60da74778a5b9ef975c97edb7,345966a8caa34862aaae0b4dac958943,345966a8caa34862aaae0b4dac958943,3.24
a5d7d3dc07d345cfb5649e4fac1cdd87,LIDAR_LEFT,6292fcc90ca84fb18d2d30c937d2fcf4,2e6c7b7b7ceb4f69be01f9006cedf58f,e2d5d7b33b924dcab95b7685118e72cc,36f2cd176da0455f88868d6acedd550a,-10.636
a5d7d3dc07d345cfb5649e4fac1cdd87,LIDAR_REAR,a85b3a3903b942efad915a67cda5680b,7198b581279c431bad450deaf7669f87,741c774b4b5546e5abe17c932e5a61c3,36f2cd176da0455f88868d6acedd550a,-47.166
a5d7d3dc07d345cfb5649e4fac1cdd87,LIDAR_RIGHT,7bbb6f6bc37e4335bd406199499f4120,aefabf5dd96744beb296b9881d60ff8b,413486f32e62451a868a7ede698ce368,36f2cd176da0455f88868d6acedd550a,15.181
a5d7d3dc07d345cfb5649e4fac1cdd87,LIDAR_TOP_FRONT,f012f948abb54deaa90337b1d3ecd325,f994daad50a14ac49f1468d66eb8db62,36f2cd176da0455f88868d6acedd550a,36f2cd176da0455f88868d6acedd550a,3.661
a5d7d3dc07d345cfb5649e4fac1cdd87,LIDAR_TOP_LEFT,92afb34c452f4b44855c777e651dce5b,373fca46a765439794d1ecbb5839a161,151b314ec6f04ec39fd80e07850c9a02,36f2cd176da0455f88868d6acedd550a,-20.859
a5d7d3dc07d345cfb5649e4fac1cdd87,LIDAR_TOP_RIGHT,78d0c3f17fdd41d5a33775e6c4785348,f8849496a35c4af599b8e598afda166d,f9d09363dd3047a698196408e541d3d7,36f2cd176da0455f88868d6acedd550a,28.843
a5d7d3dc07d345cfb5649e4fac1cdd87,RADAR_LEFT_BACK,d25067044a68403c841f66787652612a,326989c743c948bf86229f525d0deb2d,36f2cd176da0455f88868d6acedd550a,36f2cd176da0455f88868d6acedd550a,5.222
a5d7d3dc07d345cfb5649e4fac1cdd87,RADAR_LEFT_FRONT,00ab2f29f509434e8b51225f5975e914,5e6c5afaa842478db6066e9de8dec1ef,36f2cd176da0455f88868d6acedd550a,36f2cd176da0455f88868d6acedd550a,5.885
a5d7d3dc07d345cfb5649e4fac1cdd87,RADAR_LEFT_SIDE,17969e8649f64acabccfa68b02f4ff1e,cbecfab3ced24bbeab0a1b1bdd4375a8,36f2cd176da0455f88868d6acedd550a,36f2cd176da0455f88868d6acedd550a,6.0
a5d7d3dc07d345cfb5649e4fac1cdd87,RADAR_RIGHT_BACK,bfdced1f887a41ac98007fd27dbc9d0e,f2c73d43e0994ee8a16f930860856c0e,36f2cd176da0455f88868d6acedd550a,36f2cd176da0455f88868d6acedd550a,5.215
a5d7d3dc07d345cfb5649e4fac1cdd87,RADAR_RIGHT_FRONT,fd3608e4c2c840cda96337aa0c810210,3126c35b164c459d85e0a0555ccba628,36f2cd176da0455f88868d6acedd550a,36f2cd176da0455f88868d6acedd550a,7.054
a5d7d3dc07d345cfb5649e4fac1cdd87,RADAR_RIGHT_SIDE,986e701b5b0643cfb87537c7abac5279,8bef64c60da74778a5b9ef975c97edb7,36f2cd176da0455f88868d6acedd550a,36f2cd176da0455f88868d6acedd550a,6.795
19980a921db84f85aa54ef0ea75c3a8c,LIDAR_LEFT,edb94c8aa2ff4e94bad526c333f3f970,2e6c7b7b7ceb4f69be01f9006cedf58f,408c2b0feab64c918dc517a4057180e8,241bc9f55a844d438b9989155ddbbd54,-10.66
19980a921db84f85aa54ef0ea75c3a8c,LIDAR_REAR,1c09f96aba71415fa96792c2bcb3c700,7198b581279c431bad450deaf7669f87,acbefef2d4334302907b6f36a2114a67,241bc9f55a844d438b9989155ddbbd54,-47.21
19980a921db84f85aa54ef0ea75c3a8c,LIDAR_RIGHT,7676878ee00b4d629e9e97b55fac3b76,aefabf5dd96744beb296b9881d60ff8b,d49c78241bb448cbb9d023fbea2e982d,241bc9f55a844d438b9989155ddbbd54,14.976
19980a921db84f85aa54ef0ea75c3a8c,LIDAR_TOP_FRONT,0bedd01d5a9142c6891f290ef4de0367,f994daad50a14ac49f1468d66eb8db62,241bc9f55a844d438b9989155ddbbd54,241bc9f55a844d438b9989155ddbbd54,3.61
19980a921db84f85aa54ef0ea75c3a8c,LIDAR_TOP_LEFT,b2d398301b534bb98aa613fa3a95cea9,373fca46a765439794d1ecbb5839a161,fbaf35ca5c9a47f79d23fa5df70fe24d,241bc9f55a844d438b9989155ddbbd54,-20.924
19980a921db84f85aa54ef0ea75c3a8c,LIDAR_TOP_RIGHT,e19b329924c74c9b83045335255efe3b,f8849496a35c4af599b8e598afda166d,2e9c7d8b6d804dbf9da69ee04ff9ef94,241bc9f55a844d438b9989155ddbbd54,28.832
19980a921db84f85aa54ef0ea75c3a8c,RADAR_LEFT_BACK,c31005ba0a4e42188dc372ac6ace9c30,326989c743c948bf86229f525d0deb2d,241bc9f55a844d438b9989155ddbbd54,241bc9f55a844d438b9989155ddbbd54,6.021
19980a921db84f85aa54ef0ea75c3a8c,RADAR_LEFT_FRONT,733939687b244bab8a357f7c9ca0ac69,5e6c5afaa842478db6066e9de8dec1ef,241bc9f55a844d438b9989155ddbbd54,241bc9f55a844d438b9989155ddbbd54,8.402
19980a921db84f85aa54ef0ea75c3a8c,RADAR_LEFT_SIDE,ea09a87632c84ac3b82462e94bc6ca6d,cbecfab3ced24bbeab0a1b1bdd4375a8,d49c78241bb448cbb9d023fbea2e982d,241bc9f55a844d438b9989155ddbbd54,8.53
19980a921db84f85aa54ef0ea75c3a8c,RADAR_RIGHT_BACK,69fb8e768068456bb2f9aed477bb3f69,f2c73d43e0994ee8a16f930860856c0e,241bc9f55a844d438b9989155ddbbd54,241bc9f55a844d438b9989155ddbbd54,6.028
19980a921db84f85aa54ef0ea75c3a8c,RADAR_RIGHT_FRONT,a155bffc275d4eb697aa7086535fd083,3126c35b164c459d85e0a0555ccba628,241bc9f55a844d438b9989155ddbbd54,241bc9f55a844d438b9989155ddbbd54,8.518
19980a921db84f85aa54ef0ea75c3a8c,RADAR_RIGHT_SIDE,ae54138c4c7d4cad81eea70d815b43f7,8bef64c60da74778a5b9ef975c97edb7,241bc9f55a844d438b9989155ddbbd54,241bc9f55a844d438b9989155ddbbd54,8.329
a98bbe5b6e394642a61d40b80e282bd2,LIDAR_LEFT,eff687e6a6544dfdace174aec2dfd0d6,2e6c7b7b7ceb4f69be01f9006cedf58f,d92e1a64939245e5acf169aaef1bccb6,a48da0125c754f93a59179595bc78241,-10.661
a98bbe5b6e394642a61d40b80e282bd2,LIDAR_REAR,1df704dfacf74c41b0fb671f75210792,7198b581279c431bad450deaf7669f87,9da74955e7f5437a86cf179d15eb2a57,a48da0125c754f93a59179595bc78241,-47.959
a98bbe5b6e394642a61d40b80e282bd2,LIDAR_RIGHT,83fead8ced4a4936850562378cfe2b0a,aefabf5dd96744beb296b9881d60ff8b,32bc869710dc4a28a1f0ac6e7394bd83,a48da0125c754f93a59179595bc78241,14.071
a98bbe5b6e394642a61d40b80e282bd2,LIDAR_TOP_FRONT,c492ad26496b431781b6bcf06aa608b8,f994daad50a14ac49f1468d66eb8db62,a48da0125c754f93a59179595bc78241,a48da0125c754f93a59179595bc78241,2.719
a98bbe5b6e394642a61d40b80e282bd2,LIDAR_TOP_LEFT,0a64b63346984a68935c7bb64677f19d,373fca46a765439794d1ecbb5839a161,42caa75779f7474b89ed0bd0e9b5ead3,a48da0125c754f93a59179595bc78241,-21.726
a98bbe5b6e394642a61d40b80e282bd2,LIDAR_TOP_RIGHT,72de04155e994670b8b40b637af79429,f8849496a35c4af599b8e598afda166d,5a7fb96c209a465db3cee7f2eb9bece6,a48da0125c754f93a59179595bc78241,28.08
a98bbe5b6e394642a61d40b80e282bd2,RADAR_LEFT_BACK,dfa203b9b97c4f7589265a59d145a94c,326989c743c948bf86229f525d0deb2d,a48da0125c754f93a59179595bc78241,a48da0125c754f93a59179595bc78241,6.84
a98bbe5b6e394642a61d40b80e282bd2,RADAR_LEFT_FRONT,f23e2bcfe7264876815b4e45135a98f2,5e6c5afaa842478db6066e9de8dec1ef,a48da0125c754f93a59179595bc78241,a48da0125c754f93a59179595bc78241,3.938
a98bbe5b6e394642a61d40b80e282bd2,RADAR_LEFT_SIDE,99167693642b43f58ba21f7d484e6428,cbecfab3ced24bbeab0a1b1bdd4375a8,a48da0125c754f93a59179595bc78241,a48da0125c754f93a59179595bc78241,4.096
a98bbe5b6e394642a61d40b80e282bd2,RADAR_RIGHT_BACK,eba2b6ec1f4e45539786fdcdf0cdea9c,f2c73d43e0994ee8a16f930860856c0e,a48da0125c754f93a59179595bc78241,a48da0125c754f93a59179595bc78241,6.865
a98bbe5b6e394642a61d40b80e282bd2,RADAR_RIGHT_FRONT,acf357d924a547e9830442d0562cf9de,3126c35b164c459d85e0a0555ccba628,a48da0125c754f93a59179595bc78241,a48da0125c754f93a59179595bc78241,4.761
a98bbe5b6e394642a61d40b80e282bd2,RADAR_RIGHT_SIDE,34d428b211a44a4e8b3b86c13691f47a,8bef64c60da74778a5b9ef975c97edb7,a48da0125c754f93a59179595bc78241,a48da0125c754f93a59179595bc78241,4.582
0a159eaf8c1e42b4b94186d43230a214,LIDAR_LEFT,23a7b6cd3c1445b0893a4caead012a36,2e6c7b7b7ceb4f69be01f9006cedf58f,9c7954c2b3bd4d2da8d695a6a0ce18a2,1ed0db9c75a6400fa768e05142bdff6d,-10.654
0a159eaf8c1e42b4b94186d43230a214,LIDAR_REAR,d26982a44c174da7ac489fffd57a740f,7198b581279c431bad450deaf7669f87,f2606d1e03824c0fa756b36ad12d1190,1ed0db9c75a6400fa768e05142bdff6d,-48.351
0a159eaf8c1e42b4b94186d43230a214,LIDAR_RIGHT,2be8112e3ccc440eab2533fb471cf909,aefabf5dd96744beb296b9881d60ff8b,f61325c8b4a64a1985d321b1532f05b9,1ed0db9c75a6400fa768e05142bdff6d,14.004
0a159eaf8c1e42b4b94186d43230a214,LIDAR_TOP_FRONT,579029536505407394ba1e229dda4dc4,f994daad50a14ac49f1468d66eb8db62,1ed0db9c75a6400fa768e05142bdff6d,1ed0db9c75a6400fa768e05142bdff6d,2.112
0a159eaf8c1e42b4b94186d43230a214,LIDAR_TOP_LEFT,9c7d609f6aa64c43af0f503eb5788d74,373fca46a765439794d1ecbb5839a161,5a357172d80f4987bb06acc6be572a02,1ed0db9c75a6400fa768e05142bdff6d,-22.301
0a159eaf8c1e42b4b94186d43230a214,LIDAR_TOP_RIGHT,b5516bbe1cde464c92ef0d6044852b85,f8849496a35c4af599b8e598afda166d,b57a317da8ae4a9b9990db6c570eb7ef,1ed0db9c75a6400fa768e05142bdff6d,27.886
0a159eaf8c1e42b4b94186d43230a214,RADAR_LEFT_BACK,d83d76f33eb442baadc019cd202e944a,326989c743c948bf86229f525d0deb2d,1ed0db9c75a6400fa768e05142bdff6d,1ed0db9c75a6400fa768e05142bdff6d,3.525
0a159eaf8c1e42b4b94186d43230a214,RADAR_LEFT_FRONT,01e03d11d3f64a9cb0368d602bb4eb31,5e6c5afaa842478db6066e9de8dec1ef,1ed0db9c75a6400fa768e05142bdff6d,1ed0db9c75a6400fa768e05142bdff6d,5.564
0a159eaf8c1e42b4b94186d43230a214,RADAR_LEFT_SIDE,fd73485cf47643de9278d6c2aad10164,cbecfab3ced24bbeab0a1b1bdd4375a8,1ed0db9c75a6400fa768e05142bdff6d,1ed0db9c75a6400fa768e05142bdff6d,5.761
0a159eaf8c1e42b4b94186d43230a214,RADAR_RIGHT_BACK,7f921d7de4884dae8301dd0f5eb7ba83,f2c73d43e0994ee8a16f930860856c0e,1ed0db9c75a6400fa768e05142bdff6d,1ed0db9c75a6400fa768e05142bdff6d,3.52
0a159eaf8c1e42b4b94186d43230a214,RADAR_RIGHT_FRONT,326aeae4a6b8402e875d15ac73209ffb,3126c35b164c459d85e0a0555ccba628,1ed0db9c75a6400fa768e05142bdff6d,1ed0db9c75a6400fa768e05142bdff6d,5.651
0a159eaf8c1e42b4b94186d43230a214,RADAR_RIGHT_SIDE,a323da27de9245f4950419205072ba3d,8bef64c60da74778a5b9ef975c97edb7,1ed0db9c75a6400fa768e05142bdff6d,1ed0db9c75a6400fa768e05142bdff6d,5.483
6e169e7d226d47ba88c32424fc414937,LIDAR_LEFT,fb10dcbb5c35492f83900b9c988514d3,2e6c7b7b7ceb4f69be01f9006cedf58f,322ccb7c477d4d8d9d88639640afc9fa,f0f16e1012bd46aba4475037ff8e8c24,-10.653
6e169e7d226d47ba88c32424fc414937,LIDAR_REAR,4a0a438004164905a4237dd41020d5e9,7198b581279c431bad450deaf7669f87,aea5b10d67c344c9a0142fda4fd84525,f0f16e1012bd46aba4475037ff8e8c24,-48.386
6e169e7d226d47ba88c32424fc414937,LIDAR_RIGHT,96ecc06856e94b1ab987e78df769b9fd,aefabf5dd96744beb296b9881d60ff8b,22eecd4d65084c32b8c8b78425a251e3,f0f16e1012bd46aba4475037ff8e8c24,14.109
6e169e7d226d47ba88c32424fc414937,LIDAR_TOP_FRONT,261d1f6706b54a0f875adcce9dd48019,f994daad50a14ac49f1468d66eb8db62,f0f16e1012bd46aba4475037ff8e8c24,f0f16e1012bd46aba4475037ff8e8c24,1.765
6e169e7d226d47ba88c32424fc414937,LIDAR_TOP_LEFT,ab9b8d7eea5e46a8b4c8f366e7053267,373fca46a765439794d1ecbb5839a161,f8a86f1690a1496caf890c9af6c70ab6,f0f16e1012bd46aba4475037ff8e8c24,-22.736
6e169e7d226d47ba88c32424fc414937,LIDAR_TOP_RIGHT,2e79d71327ce4ccaa5936831ea8e0da4,f8849496a35c4af599b8e598afda166d,75f8b38d62cc4513b66d134c4e5cd383,f0f16e1012bd46aba4475037ff8e8c24,27.756
6e169e7d226d47ba88c32424fc414937,RADAR_LEFT_BACK,c502f98a22614daf828b0b882dfd969d,326989c743c948bf86229f525d0deb2d,f0f16e1012bd46aba4475037ff8e8c24,f0f16e1012bd46aba4475037ff8e8c24,5.194
6e169e7d226d47ba88c32424fc414937,RADAR_LEFT_FRONT,ef06ffa4e83b4a848ded7690eb57bf0f,5e6c5afaa842478db6066e9de8dec1ef,f0f16e1012bd46aba4475037ff8e8c24,f0f16e1012bd46aba4475037ff8e8c24,6.952
6e169e7d226d47ba88c32424fc414937,RADAR_LEFT_SIDE,6c9b98a66f6d42b8a34b0189b522ea34,cbecfab3ced24bbeab0a1b1bdd4375a8,f0f16e1012bd46aba4475037ff8e8c24,f0f16e1012bd46aba4475037ff8e8c24,7.055
6e169e7d226d47ba88c32424fc414937,RADAR_RIGHT_BACK,8c41e58bd2424bb09884aaefadc8efd4,f2c73d43e0994ee8a16f930860856c0e,aea5b10d67c344c9a0142fda4fd84525,f0f16e1012bd46aba4475037ff8e8c24,-46.115
6e169e7d226d47ba88c32424fc414937,RADAR_RIGHT_FRONT,bc093ddc5f0b4f1e9b21e27ae3c9786c,3126c35b164c459d85e0a0555ccba628,f0f16e1012bd46aba4475037ff8e8c24,f0f16e1012bd46aba4475037ff8e8c24,6.945
6e169e7d226d47ba88c32424fc414937,RADAR_RIGHT_SIDE,85a518ffc1194195a9b476ef2ce8a769,8bef64c60da74778a5b9ef975c97edb7,f0f16e1012bd46aba4475037ff8e8c24,f0f16e1012bd46aba4475037ff8e8c24,6.815
e4081856fd5349b5a7b89b944a5b543f,LIDAR_LEFT,39096ce321c041ffbc37b33cacb268b8,2e6c7b7b7ceb4f69be01f9006cedf58f,9c2039896a004cf5a6ba4eea7dbe75e4,7a0add566ba445aebef8e1b8e2b29289,-10.635
e4081856fd5349b5a7b89b944a5b543f,LIDAR_REAR,27e2a4d7ada749f7ac45025015a39a37,7198b581279c431bad450deaf7669f87,261d30b8651c4b658d3e367aa577d02d,7a0add566ba445aebef8e1b8e2b29289,-48.303
e4081856fd5349b5a7b89b944a5b543f,LIDAR_RIGHT,c722514517e642c3950be074741e5a32,aefabf5dd96744beb296b9881d60ff8b,c83d7683880244b4b0cbe33b80c6c146,7a0add566ba445aebef8e1b8e2b29289,14.735
e4081856fd5349b5a7b89b944a5b543f,LIDAR_TOP_FRONT,212708957575437dbeb3469301bb9e80,f994daad50a14ac49f1468d66eb8db62,7a0add566ba445aebef8e1b8e2b29289,7a0add566ba445aebef8e1b8e2b29289,1.851
e4081856fd5349b5a7b89b944a5b543f,LIDAR_TOP_LEFT,09778c1a30524480a3552db9e5c0a8a8,373fca46a765439794d1ecbb5839a161,b3bcf1bcb4c24f14b006a13a22cafc28,7a0add566ba445aebef8e1b8e2b29289,-22.521
e4081856fd5349b5a7b89b944a5b543f,LIDAR_TOP_RIGHT,c2febe67188a4c0991e702d30de8b06e,f8849496a35c4af599b8e598afda166d,65b8fe53c54242fcae6aac01fb5fcb3d,7a0add566ba445aebef8e1b8e2b29289,27.754
e4081856fd5349b5a7b89b944a5b543f,RADAR_LEFT_BACK,f6096f0329884ec1a50d903fe65503ee,326989c743c948bf86229f525d0deb2d,7a0add566ba445aebef8e1b8e2b29289,7a0add566ba445aebef8e1b8e2b29289,5.958
e4081856fd5349b5a7b89b944a5b543f,RADAR_LEFT_FRONT,8da7afa314084f058cfe5788248204a7,5e6c5afaa842478db6066e9de8dec1ef,7a0add566ba445aebef8e1b8e2b29289,7a0add566ba445aebef8e1b8e2b29289,4.068
e4081856fd5349b5a7b89b944a5b543f,RADAR_LEFT_SIDE,68b4d5456f8e4c81883e2fc43a4ee122,cbecfab3ced24bbeab0a1b1bdd4375a8,7a0add566ba445aebef8e1b8e2b29289,7a0add566ba445aebef8e1b8e2b29289,4.293
e4081856fd5349b5a7b89b944a5b543f,RADAR_RIGHT_BACK,32f246a06b5442e3b7b386aad644461a,f2c73d43e0994ee8a16f930860856c0e,7a0add566ba445aebef8e1b8e2b29289,7a0add566ba445aebef8e1b8e2b29289,6.025
e4081856fd5349b5a7b89b944a5b543f,RADAR_RIGHT_FRONT,a45ebb9a56b54d89acef8f4e15f61d00,3126c35b164c459d85e0a0555ccba628,7a0add566ba445aebef8e1b8e2b29289,7a0add566ba445aebef8e1b8e2b29289,3.348
e4081856fd5349b5a7b89b944a5b543f,RADAR_RIGHT_SIDE,c806470771b840d6a499e3539612ef59,8bef64c60da74778a5b9ef975c97edb7,7a0add566ba445aebef8e1b8e2b29289,7a0add566ba445aebef8e1b8e2b29289,3.177
30b294a43eae4f00a0856cee1c22502a,LIDAR_LEFT,c389c13a8bd64057b00916b28218130a,2e6c7b7b7ceb4f69be01f9006cedf58f,dccf5e6b361d419d90af429b4d0871fd,d412754ca35f40528c1e35a3444b0bf2,-10.639
30b294a43eae4f00a0856cee1c22502a,LIDAR_REAR,ed593fba140b4014b6ac0ca1e1ae32a5,7198b581279c431bad450deaf7669f87,28c5f5e364564f078147ddf57fbc3d1b,d412754ca35f40528c1e35a3444b0bf2,-47.971
30b294a43eae4f00a0856cee1c22502a,LIDAR_RIGHT,70cb200d19e24409aee0dd00f917bbfd,aefabf5dd96744beb296b9881d60ff8b,3effae2ef1184832b3ec1ac679aa5d4a,d412754ca35f40528c1e35a3444b0bf2,15.901
30b294a43eae4f00a0856cee1c22502a,LIDAR_TOP_FRONT,e06f31982caf4f188a2acf858e71ba9f,f994daad50a14ac49f1468d66eb8db62,d412754ca35f40528c1e35a3444b0bf2,d412754ca35f40528c1e35a3444b0bf2,2.735
30b294a43eae4f00a0856cee1c22502a,LIDAR_TOP_LEFT,3bbace2975624705baceec211a6233ef,373fca46a765439794d1ecbb5839a161,34ff8056114343b780d95df7ff3ffcf0,d412754ca35f40528c1e35a3444b0bf2,-22.031
30b294a43eae4f00a0856cee1c22502a,LIDAR_TOP_RIGHT,def11a0498b94eb996814e4f9016e604,f8849496a35c4af599b8e598afda166d,2955325c2587411aac7c7fb5d18f8f71,d412754ca35f40528c1e35a3444b0bf2,28.275
30b294a43eae4f00a0856cee1c22502a,RADAR_LEFT_BACK,ca37d82aae3546de995a66baa64d9bbf,326989c743c948bf86229f525d0deb2d,d412754ca35f40528c1e35a3444b0bf2,d412754ca35f40528c1e35a3444b0bf2,4.606
30b294a43eae4f00a0856cee1c22502a,RADAR_LEFT_FRONT,384851a238954bcbb9d83ade71220cfc,5e6c5afaa842478db6066e9de8dec1ef,d412754ca35f40528c1e35a3444b0bf2,d412754ca35f40528c1e35a3444b0bf2,5.876
30b294a43eae4f00a0856cee1c22502a,RADAR_LEFT_SIDE,960a5ee8b1f24f7fa5c6a5f3d9aa14de,cbecfab3ced24bbeab0a1b1bdd4375a8,d412754ca35f40528c1e35a3444b0bf2,d412754ca35f40528c1e35a3444b0bf2,6.037
30b294a43eae4f00a0856cee1c22502a,RADAR_RIGHT_BACK,09391e37f72b480b840bed341f24696d,f2c73d43e0994ee8a16f930860856c0e,d412754ca35f40528c1e35a3444b0bf2,d412754ca35f40528c1e35a3444b0bf2,4.617
30b294a43eae4f00a0856cee1c22502a,RADAR_RIGHT_FRONT,933e828775cf435ca80a798c4aff7d4a,3126c35b164c459d85e0a0555ccba628,d412754ca35f40528c1e35a3444b0bf2,d412754ca35f40528c1e35a3444b0bf2,5.974
30b294a43eae4f00a0856cee1c22502a,RADAR_RIGHT_SIDE,642f624768174dbd80211bcaa04747b5,8bef64c60da74778a5b9ef975c97edb7,d412754ca35f40528c1e35a3444b0bf2,d412754ca35f40528c1e35a3444b0bf2,5.813
67256e243cb14abeaa96f0be03dd3e9a,LIDAR_LEFT,21c722cdfa284d519a35d0e1a8db5fcb,2e6c7b7b7ceb4f69be01f9006cedf58f,24ad841e611848428ce577ba24169a5a,df2609b32b0d41b49b618a3b39cb257b,-10.647
67256e243cb14abeaa96f0be03dd3e9a,LIDAR_REAR,b1efeef759604ce18ab66acc9e19f3de,7198b581279c431bad450deaf7669f87,474d49297acb4ed994ae4aee22564dc9,df2609b32b0d41b49b618a3b39cb257b,-47.969
67256e243cb14abeaa96f0be03dd3e9a,LIDAR_RIGHT,3a88b0c24d5247e7af8e5a157a5fce43,aefabf5dd96744beb296b9881d60ff8b,fa45d86591cc42b49d1f74b24ce19ee1,df2609b32b0d41b49b618a3b39cb257b,15.866
67256e243cb14abeaa96f0be03dd3e9a,LIDAR_TOP_FRONT,85b616e8d0eb4332bfa0d05ab44c246b,f994daad50a14ac49f1468d66eb8db62,df2609b32b0d41b49b618a3b39cb257b,df2609b32b0d41b49b618a3b39cb257b,3.058
67256e243cb14abeaa96f0be03dd3e9a,LIDAR_TOP_LEFT,9e361c14b0c74d6080c407f764b762bc,373fca46a765439794d1ecbb5839a161,80719c079bca43a48a9db6195cbf4d35,df2609b32b0d41b49b618a3b39cb257b,-22.021
67256e243cb14abeaa96f0be03dd3e9a,LIDAR_TOP_RIGHT,ce90a1355df8427587d2e22928738702,f8849496a35c4af599b8e598afda166d,691eff2525594c32bd7b8b729665a1d7,df2609b32b0d41b49b618a3b39cb257b,28.281
67256e243cb14abeaa96f0be03dd3e9a,RADAR_LEFT_BACK,8cbaf58fc44540038b1ee6b03f41ee53,326989c743c948bf86229f525d0deb2d,df2609b32b0d41b49b618a3b39cb257b,df2609b32b0d41b49b618a3b39cb257b,5.369
67256e243cb14abeaa96f0be03dd3e9a,RADAR_LEFT_FRONT,3329e3ce683f4502814bda85b33f5c40,5e6c5afaa842478db6066e9de8dec1ef,df2609b32b0d41b49b618a3b39cb257b,df2609b32b0d41b49b618a3b39cb257b,7.438
67256e243cb14abeaa96f0be03dd3e9a,RADAR_LEFT_SIDE,3bd819cf28b640d59d0734208728d91f,cbecfab3ced24bbeab0a1b1bdd4375a8,df2609b32b0d41b49b618a3b39cb257b,df2609b32b0d41b49b618a3b39cb257b,7.635
67256e243cb14abeaa96f0be03dd3e9a,RADAR_RIGHT_BACK,e4e3cb1871f9459e80e404f6ba2740a7,f2c73d43e0994ee8a16f930860856c0e,df2609b32b0d41b49b618a3b39cb257b,df2609b32b0d41b49b618a3b39cb257b,5.333
67256e243cb14abeaa96f0be03dd3e9a,RADAR_RIGHT_FRONT,1c10a493ce7c4d13a5b8b0c2824419ef,3126c35b164c459d85e0a0555ccba628,df2609b32b0d41b49b618a3b39cb257b,df2609b32b0d41b49b618a3b39cb257b,7.532
67256e243cb14abeaa96f0be03dd3e9a,RADAR_RIGHT_SIDE,145497919d7f4b7e99d90bf730a7a954,8bef64c60da74778a5b9ef975c97edb7,df2609b32b0d41b49b618a3b39cb257b,df2609b32b0d41b49b618a3b39cb257b,7.368
0c69f9d5815d4907a8438044c04201ef,LIDAR_LEFT,d12189cf90f54da4b49aea4daad6de12,2e6c7b7b7ceb4f69be01f9006cedf58f,d172dbdccbf54784843415ede8fddb56,f120ddbad6254ca6a2af272c8e0d8894,-10.648
0c69f9d5815d4907a8438044c04201ef,LIDAR_REAR,f2eaee7a16f04d1daf1b6af9e6fd9b5f,7198b581279c431bad450deaf7669f87,bda5f9257f51485396f25bb6817854b2,f120ddbad6254ca6a2af272c8e0d8894,-48.03
0c69f9d5815d4907a8438044c04201ef,LIDAR_RIGHT,efad9bc5d90642e8bfbcf519dbfd5e71,aefabf5dd96744beb296b9881d60ff8b,528a0bb5398445e8b1950e4cd9645b77,f120ddbad6254ca6a2af272c8e0d8894,15.014
0c69f9d5815d4907a8438044c04201ef,LIDAR_TOP_FRONT,c80831714fbc4023be576fa9cea7fd36,f994daad50a14ac49f1468d66eb8db62,f120ddbad6254ca6a2af272c8e0d8894,f120ddbad6254ca6a2af272c8e0d8894,2.953
0c69f9d5815d4907a8438044c04201ef,LIDAR_TOP_LEFT,cfa7d1c42c754c6185dd83ce2f27f9ca,373fca46a765439794d1ecbb5839a161,cc9de9d2a6344724ad783be0700483e1,f120ddbad6254ca6a2af272c8e0d8894,-22.138
0c69f9d5815d4907a8438044c04201ef,LIDAR_TOP_RIGHT,d4142b48fc5a47e098336867c5fba4d6,f8849496a35c4af599b8e598afda166d,1394947481b94188812fcbbbcccb0f10,f120ddbad6254ca6a2af272c8e0d8894,28.086
0c69f9d5815d4907a8438044c04201ef,RADAR_LEFT_BACK,74f6573ae8d84a8b8aa05a63c058acec,326989c743c948bf86229f525d0deb2d,528a0bb5398445e8b1950e4cd9645b77,f120ddbad6254ca6a2af272c8e0d8894,7.853
0c69f9d5815d4907a8438044c04201ef,RADAR_LEFT_FRONT,0ce43b8410b2421c80a96c22652dc60f,5e6c5afaa842478db6066e9de8dec1ef,f120ddbad6254ca6a2af272c8e0d8894,f120ddbad6254ca6a2af272c8e0d8894,3.684
0c69f9d5815d4907a8438044c04201ef,RADAR_LEFT_SIDE,3ca76bab10b24c80839412e03d2ecfd1,cbecfab3ced24bbeab0a1b1bdd4375a8,f120ddbad6254ca6a2af272c8e0d8894,f120ddbad6254ca6a2af272c8e0d8894,3.863
0c69f9d5815d4907a8438044c04201ef,RADAR_RIGHT_BACK,67f1150624f246aa9de1e9d88d8ae41d,f2c73d43e0994ee8a16f930860856c0e,528a0bb5398445e8b1950e4cd9645b77,f120ddbad6254ca6a2af272c8e0d8894,7.851
0c69f9d5815d4907a8438044c04201ef,RADAR_RIGHT_FRONT,b32d0ed9ed124fe4bf3a7ec4f2109e6c,3126c35b164c459d85e0a0555ccba628,f120ddbad6254ca6a2af272c8e0d8894,f120ddbad6254ca6a2af272c8e0d8894,4.329
0c69f9d5815d4907a8438044c04201ef,RADAR_RIGHT_SIDE,5710ee98c3864c1ebbe0c5fad5ed1063,8bef64c60da74778a5b9ef975c97edb7,f120ddbad6254ca6a2af272c8e0d8894,f120ddbad6254ca6a2af272c8e0d8894,4.137
5ba8f82a2e3a4160b9e1243aafb78712,LIDAR_LEFT,bb36564e83a643b193795cad47be4712,2e6c7b7b7ceb4f69be01f9006cedf58f,4fb1781aff4e42e3becbb54f14f46001,54ff8bf853c046e38dfff6a5265b75b9,-10.652
5ba8f82a2e3a4160b9e1243aafb78712,LIDAR_REAR,e2b0291278ab46b485b5131700305b2a,7198b581279c431bad450deaf7669f87,b53e35355df1498c83a064f2dd90ef1b,54ff8bf853c046e38dfff6a5265b75b9,-48.286
5ba8f82a2e3a4160b9e1243aafb78712,LIDAR_RIGHT,20965c8ebe294c75816ec8a23e6529fe,aefabf5dd96744beb296b9881d60ff8b,bf6d15e4239f4b63bb4abd62698a01df,54ff8bf853c046e38dfff6a5265b75b9,14.376
5ba8f82a2e3a4160b9e1243aafb78712,LIDAR_TOP_FRONT,84ad6861dd6546568228c763fde53166,f994daad50a14ac49f1468d66eb8db62,54ff8bf853c046e38dfff6a5265b75b9,54ff8bf853c046e38dfff6a5265b75b9,2.762
5ba8f82a2e3a4160b9e1243aafb78712,LIDAR_TOP_LEFT,cc63253e25554b5395e9d745bfe1cc5d,373fca46a765439794d1ecbb5839a161,a2d0516ada0f4e6496f5f6c49fcf5fdd,54ff8bf853c046e38dfff6a5265b75b9,-22.371
5ba8f82a2e3a4160b9e1243aafb78712,LIDAR_TOP_RIGHT,bc5fa9554ee34beebec8b62644690d8c,f8849496a35c4af599b8e598afda166d,08596681bf9b45c58f43a5ce1d71e61f,54ff8bf853c046e38dfff6a5265b75b9,27.788
5ba8f82a2e3a4160b9e1243aafb78712,RADAR_LEFT_BACK,727da2cfb53c4a14b4bb963f8306aa85,326989c743c948bf86229f525d0deb2d,54ff8bf853c046e38dfff6a5265b75b9,54ff8bf853c046e38dfff6a5265b75b9,3.902
5ba8f82a2e3a4160b9e1243aafb78712,RADAR_LEFT_FRONT,8484acc2929f4d799c885d6f7e284a96,5e6c5afaa842478db6066e9de8dec1ef,54ff8bf853c046e38dfff6a5265b75b9,54ff8bf853c046e38dfff6a5265b75b9,5.607
5ba8f82a2e3a4160b9e1243aafb78712,RADAR_LEFT_SIDE,2fc4feffba3b40efb885bafa66e31ca0,cbecfab3ced24bbeab0a1b1bdd4375a8,54ff8bf853c046e38dfff6a5265b75b9,54ff8bf853c046e38dfff6a5265b75b9,5.75
5ba8f82a2e3a4160b9e1243aafb78712,RADAR_RIGHT_BACK,6e907ae22a0f42ee94e81e5b33c724c7,f2c73d43e0994ee8a16f930860856c0e,54ff8bf853c046e38dfff6a5265b75b9,54ff8bf853c046e38dfff6a5265b75b9,3.923
5ba8f82a2e3a4160b9e1243aafb78712,RADAR_RIGHT_FRONT,84b21cd37925462794f8ad51b2cdf6e5,3126c35b164c459d85e0a0555ccba628,54ff8bf853c046e38dfff6a5265b75b9,54ff8bf853c046e38dfff6a5265b75b9,5.383
5ba8f82a2e3a4160b9e1243aafb78712,RADAR_RIGHT_SIDE,13381e26568d4713b0c9a56700b0d9fc,8bef64c60da74778a5b9ef975c97edb7,54ff8bf853c046e38dfff6a5265b75b9,54ff8bf853c046e38dfff6a5265b75b9,5.221
618a863a1fcf4eb794fc783c366aa20f,LIDAR_LEFT,e1b726cf83444dd091d95b4aea890be3,2e6c7b7b7ceb4f69be01f9006cedf58f,fa972e1c2bd6475e83de4165aa929b00,35e9406e3e3f40a39d90ace9b68f9130,-10.649
618a863a1fcf4eb794fc783c366aa20f,LIDAR_REAR,5e9c46048cce40d2aa6686c9d2cdf559,7198b581279c431bad450deaf7669f87,5c4692391c7243339358ff4f32cdd13e,35e9406e3e3f40a39d90ace9b68f9130,-48.536
618a863a1fcf4eb794fc783c366aa20f,LIDAR_RIGHT,9551736d16864f82b05c500c34b42594,aefabf5dd96744beb296b9881d60ff8b,d047f7009b634024b034b35cf9007cc4,35e9406e3e3f40a39d90ace9b68f9130,13.825
618a863a1fcf4eb794fc783c366aa20f,LIDAR_TOP_FRONT,cc7b2df6ef6e42a1852a10001e8f3b6a,f994daad50a14ac49f1468d66eb8db62,35e9406e3e3f40a39d90ace9b68f9130,35e9406e3e3f40a39d90ace9b68f9130,2.381
618a863a1fcf4eb794fc783c366aa20f,LIDAR_TOP_LEFT,8466c90d93d0469aab30ae5bf58361eb,373fca46a765439794d1ecbb5839a161,8425d237f57940c98c6cdb0011ee01b3,35e9406e3e3f40a39d90ace9b68f9130,-22.542
618a863a1fcf4eb794fc783c366aa20f,LIDAR_TOP_RIGHT,22342d0864784b929efa4c09c1d49324,f8849496a35c4af599b8e598afda166d,74fc51714672488288d921224986227e,35e9406e3e3f40a39d90ace9b68f9130,27.685
618a863a1fcf4eb794fc783c366aa20f,RADAR_LEFT_BACK,23497394a1e74ff59332d00dfe49bf82,326989c743c948bf86229f525d0deb2d,5c4692391c7243339358ff4f32cdd13e,35e9406e3e3f40a39d90ace9b68f9130,-45.68
618a863a1fcf4eb794fc783c366aa20f,RADAR_LEFT_FRONT,b8a838b1ac164cdcbd0f762215e3e736,5e6c5afaa842478db6066e9de8dec1ef,35e9406e3e3f40a39d90ace9b68f9130,35e9406e3e3f40a39d90ace9b68f9130,6.767
618a863a1fcf4eb794fc783c366aa20f,RADAR_LEFT_SIDE,99e9dfdc242443f99a8c0961c3ae9c52,cbecfab3ced24bbeab0a1b1bdd4375a8,35e9406e3e3f40a39d90ace9b68f9130,35e9406e3e3f40a39d90ace9b68f9130,6.961
618a863a1fcf4eb794fc783c366aa20f,RADAR_RIGHT_BACK,802d7a251aa548d78f3f03fb35d7e341,f2c73d43e0994ee8a16f930860856c0e,35e9406e3e3f40a39d90ace9b68f9130,35e9406e3e3f40a39d90ace9b68f9130,5.769
618a863a1fcf4eb794fc783c366aa20f,RADAR_RIGHT_FRONT,28f719d1ea3a425ca0b48bdfa821b616,3126c35b164c459d85e0a0555ccba628,35e9406e3e3f40a39d90ace9b68f9130,35e9406e3e3f40a39d90ace9b68f9130,6.68
618a863a1fcf4eb794fc783c366aa20f,RADAR_RIGHT_SIDE,932cf9fb41a348c282e096bf72cbf3ec,8bef64c60da74778a5b9ef975c97edb7,35e9406e3e3f40a39d90ace9b68f9130,35e9406e3e3f40a39d90ace9b68f9130,6.559
6ae89c7a1da948eb9e935bcc5f7b09e0,LIDAR_LEFT,ddeaf0bf269a41b7a2a62dfa9e590edc,2e6c7b7b7ceb4f69be01f9006cedf58f,dbf4651102014f9e8713ade4021aa692,cd0bb4d691754ccd8e6a933f9f2b3ce5,-10.642
6ae89c7a1da948eb9e935bcc5f7b09e0,LIDAR_REAR,0f4ec75eae434ec089685c91818cc487,7198b581279c431bad450deaf7669f87,ff6790201b3e4d6a812ea66403b4bcd0,cd0bb4d691754ccd8e6a933f9f2b3ce5,-48.393
6ae89c7a1da948eb9e935bcc5f7b09e0,LIDAR_RIGHT,71e871b922294ae2b4d5bbbab27defd6,aefabf5dd96744beb296b9881d60ff8b,7fb88a67cbb445df8bcbe632b9edcde4,cd0bb4d691754ccd8e6a933f9f2b3ce5,14.156
6ae89c7a1da948eb9e935bcc5f7b09e0,LIDAR_TOP_FRONT,e6ea596f62d64db693a893216b6733f1,f994daad50a14ac49f1468d66eb8db62,cd0bb4d691754ccd8e6a933f9f2b3ce5,cd0bb4d691754ccd8e6a933f9f2b3ce5,2.165
6ae89c7a1da948eb9e935bcc5f7b09e0,LIDAR_TOP_LEFT,a83113384c28443db3b42c7c822ddbcc,373fca46a765439794d1ecbb5839a161,e942d60ce9654e79b5a80459997718f7,cd0bb4d691754ccd8e6a933f9f2b3ce5,-22.217
6ae89c7a1da948eb9e935bcc5f7b09e0,LIDAR_TOP_RIGHT,d1c8c5c3ec084961b8a5ce07d48bfcfd,f8849496a35c4af599b8e598afda166d,c69b270116a6493f9648ab05913b094e,cd0bb4d691754ccd8e6a933f9f2b3ce5,27.678
6ae89c7a1da948eb9e935bcc5f7b09e0,RADAR_LEFT_BACK,d6186ca5609c4019ae07f684eacae23a,326989c743c948bf86229f525d0deb2d,cd0bb4d691754ccd8e6a933f9f2b3ce5,cd0bb4d691754ccd8e6a933f9f2b3ce5,7.318
6ae89c7a1da948eb9e935bcc5f7b09e0,RADAR_LEFT_FRONT,0451d6d0752f4abea9b195ab1dd328a8,5e6c5afaa842478db6066e9de8dec1ef,cd0bb4d691754ccd8e6a933f9f2b3ce5,cd0bb4d691754ccd8e6a933f9f2b3ce5,3.723
6ae89c7a1da948eb9e935bcc5f7b09e0,RADAR_LEFT_SIDE,a9471d2efd154824b46e7127f3bac574,cbecfab3ced24bbeab0a1b1bdd4375a8,cd0bb4d691754ccd8e6a933f9f2b3ce5,cd0bb4d691754ccd8e6a933f9f2b3ce5,3.89
6ae89c7a1da948eb9e935bcc5f7b09e0,RADAR_RIGHT_BACK,e23cbeb10e8e4bca9c60f8fa0afcd118,f2c73d43e0994ee8a16f930860856c0e,cd0bb4d691754ccd8e6a933f9f2b3ce5,cd0bb4d691754ccd8e6a933f9f2b3ce5,7.349
6ae89c7a1da948eb9e935bcc5f7b09e0,RADAR_RIGHT_FRONT,9a9511f38ca94e4f94070192c67ad03f,3126c35b164c459d85e0a0555ccba628,cd0bb4d691754ccd8e6a933f9f2b3ce5,cd0bb4d691754ccd8e6a933f9f2b3ce5,4.149
6ae89c7a1da948eb9e935bcc5f7b09e0,RADAR_RIGHT_SIDE,0ea529e2032d45f7a646fcca1c3ff36b,8bef64c60da74778a5b9ef975c97edb7,cd0bb4d691754ccd8e6a933f9f2b3ce5,cd0bb4d691754ccd8e6a933f9f2b3ce5,3.856
32473bdc06a342d4b42c978227abfe55,LIDAR_LEFT,dd4dbc74c51442b3b4aeb43c38d9d75a,2e6c7b7b7ceb4f69be01f9006cedf58f,4e5461659d9348d29e6488f08dae38fb,036573613cb74bc3b8cf8e403423bdd1,-10.641
32473bdc06a342d4b42c978227abfe55,LIDAR_REAR,bb9e12719cc04cbc9432e95d81f388ff,7198b581279c431bad450deaf7669f87,104fb1e31e73483198b6d9a0cbe47a81,036573613cb74bc3b8cf8e403423bdd1,-48.141
32473bdc06a342d4b42c978227abfe55,LIDAR_RIGHT,d9e83667aaab44ea96a66e82fec79c8e,aefabf5dd96744beb296b9881d60ff8b,fa9a849bb8974482bae60de000164cf9,036573613cb74bc3b8cf8e403423bdd1,14.581
32473bdc06a342d4b42c978227abfe55,LIDAR_TOP_FRONT,5711c8a7dad3462f9cfd7ec7ab6cd6d2,f994daad50a14ac49f1468d66eb8db62,036573613cb74bc3b8cf8e403423bdd1,036573613cb74bc3b8cf8e403423bdd1,2.855
32473bdc06a342d4b42c978227abfe55,LIDAR_TOP_LEFT,8f4e4ee123984f42990fde4afd982882,373fca46a765439794d1ecbb5839a161,7918689a7ebc49edb9347bf57451b292,036573613cb74bc3b8cf8e403423bdd1,-21.883
32473bdc06a342d4b42c978227abfe55,LIDAR_TOP_RIGHT,9cb570b0281b4d4ea380360cb39788d3,f8849496a35c4af599b8e598afda166d,9edd74bc0e1c4b1dace109b04ba75c4b,036573613cb74bc3b8cf8e403423bdd1,27.803
32473bdc06a342d4b42c978227abfe55,RADAR_LEFT_BACK,7d439eeac9184a6fbb6c9eb2c59051b1,326989c743c948bf86229f525d0deb2d,036573613cb74bc3b8cf8e403423bdd1,036573613cb74bc3b8cf8e403423bdd1,4.677
32473bdc06a342d4b42c978227abfe55,RADAR_LEFT_FRONT,276508a5ee9a40038d4a4977377f877d,5e6c5afaa842478db6066e9de8dec1ef,036573613cb74bc3b8cf8e403423bdd1,036573613cb74bc3b8cf8e403423bdd1,5.312
32473bdc06a342d4b42c978227abfe55,RADAR_LEFT_SIDE,96d6cb6460a04b9d9f4bd7def4caa008,cbecfab3ced24bbeab0a1b1bdd4375a8,036573613cb74bc3b8cf8e403423bdd1,036573613cb74bc3b8cf8e403423bdd1,5.443
32473bdc06a342d4b42c978227abfe55,RADAR_RIGHT_BACK,0299047232ae4b64bed074c65a8e20ea,f2c73d43e0994ee8a16f930860856c0e,036573613cb74bc3b8cf8e403423bdd1,036573613cb74bc3b8cf8e403423bdd1,4.723
32473bdc06a342d4b42c978227abfe55,RADAR_RIGHT_FRONT,be7284026e3a4e1b885853d67839c5ca,3126c35b164c459d85e0a0555ccba628,036573613cb74bc3b8cf8e403423bdd1,036573613cb74bc3b8cf8e403423bdd1,5.29
32473bdc06a342d4b42c978227abfe55,RADAR_RIGHT_SIDE,236651554b8645139d760427184e9686,8bef64c60da74778a5b9ef975c97edb7,036573613cb74bc3b8cf8e403423bdd1,036573613cb74bc3b8cf8e403423bdd1,5.101
67a6f2f5662d4035984509589c50c6b9,LIDAR_LEFT,b5a2fc53a7554573b881dbe359696d5b,2e6c7b7b7ceb4f69be01f9006cedf58f,a1afe3effa9e442f8914ac65929c6148,5357b1eb32d44f4397ef2162dc425c55,-10.642
67a6f2f5662d4035984509589c50c6b9,LIDAR_REAR,b382a802064d44df9cd7c74463aa8a96,7198b581279c431bad450deaf7669f87,5d43cb09ceb646dab1614b819a5fb7dd,5357b1eb32d44f4397ef2162dc425c55,-48.057
67a6f2f5662d4035984509589c50c6b9,LIDAR_RIGHT,36dd45c8e0e84277aec0a6b85fc0dbc7,aefabf5dd96744beb296b9881d60ff8b,44631d2f93a14bd7b32e6ced024295fe,5357b1eb32d44f4397ef2162dc425c55,14.029
67a6f2f5662d4035984509589c50c6b9,LIDAR_TOP_FRONT,847f3faff97948b5a71e6aad016e56a6,f994daad50a14ac49f1468d66eb8db62,5357b1eb32d44f4397ef2162dc425c55,5357b1eb32d44f4397ef2162dc425c55,3.043
67a6f2f5662d4035984509589c50c6b9,LIDAR_TOP_LEFT,01af66f6b8e2490b97c0500819cefac4,373fca46a765439794d1ecbb5839a161,3a56bff599aa45289ed0fa562837763e,5357b1eb32d44f4397ef2162dc425c55,-21.721
67a6f2f5662d4035984509589c50c6b9,LIDAR_TOP_RIGHT,2e0e2e265a134529811db8f029483b9c,f8849496a35c4af599b8e598afda166d,a3ab3992edf04f2b8fba9fec9a558b58,5357b1eb32d44f4397ef2162dc425c55,27.953
67a6f2f5662d4035984509589c50c6b9,RADAR_LEFT_BACK,89d93eec4e99446db4d80b9fc701021e,326989c743c948bf86229f525d0deb2d,5357b1eb32d44f4397ef2162dc425c55,5357b1eb32d44f4397ef2162dc425c55,6.139
67a6f2f5662d4035984509589c50c6b9,RADAR_LEFT_FRONT,f0fb830653aa41cb939a0fc5215e8169,5e6c5afaa842478db6066e9de8dec1ef,5357b1eb32d44f4397ef2162dc425c55,5357b1eb32d44f4397ef2162dc425c55,6.97
67a6f2f5662d4035984509589c50c6b9,RADAR_LEFT_SIDE,6596053af4d34c499a3987a1195ac61c,cbecfab3ced24bbeab0a1b1bdd4375a8,5357b1eb32d44f4397ef2162dc425c55,5357b1eb32d44f4397ef2162dc425c55,6.872
67a6f2f5662d4035984509589c50c6b9,RADAR_RIGHT_BACK,a3494d8a18e84ce4b1ce25cdf4de0871,f2c73d43e0994ee8a16f930860856c0e,5357b1eb32d44f4397ef2162dc425c55,5357b1eb32d44f4397ef2162dc425c55,5.9
67a6f2f5662d4035984509589c50c6b9,RADAR_RIGHT_FRONT,bac76093650b481c93361c5f97195d4c,3126c35b164c459d85e0a0555ccba628,5357b1eb32d44f4397ef2162dc425c55,5357b1eb32d44f4397ef2162dc425c55,6.778
67a6f2f5662d4035984509589c50c6b9,RADAR_RIGHT_SIDE,dc006865985e402eafeb51a7c0a41b9e,8bef64c60da74778a5b9ef975c97edb7,5357b1eb32d44f4397ef2162dc425c55,5357b1eb32d44f4397ef2162dc425c55,6.905
ed4081026261436197a9c66f1939d830,LIDAR_LEFT,a90eee9d11aa4d5b8fff1dfa189dad4f,2e6c7b7b7ceb4f69be01f9006cedf58f,ebe9031a648641a8af3b209c2b3aad4d,968e6bd064bb45718370d5388377cbdb,-10.65
ed4081026261436197a9c66f1939d830,LIDAR_REAR,fab0797e50f04f5dbfe0b8a788ef8404,7198b581279c431bad450deaf7669f87,1b46f46546534811b1b332230ec2be5d,968e6bd064bb45718370d5388377cbdb,-47.954
ed4081026261436197a9c66f1939d830,LIDAR_RIGHT,59a00e8303d546719ad650e5f3ef3583,aefabf5dd96744beb296b9881d60ff8b,2245ef6e08034eb380df1bf10bc467c7,968e6bd064bb45718370d5388377cbdb,13.279
ed4081026261436197a9c66f1939d830,LIDAR_TOP_FRONT,3635de94ea044c6191c59d5379685f98,f994daad50a14ac49f1468d66eb8db62,968e6bd064bb45718370d5388377cbdb,968e6bd064bb45718370d5388377cbdb,3.139
ed4081026261436197a9c66f1939d830,LIDAR_TOP_LEFT,8e80470ee2f642c7985f4b396ea61969,373fca46a765439794d1ecbb5839a161,7b3be736c311444bad6765c413000185,968e6bd064bb45718370d5388377cbdb,-21.73
ed4081026261436197a9c66f1939d830,LIDAR_TOP_RIGHT,48ddbd277c694d24a164ad3325f091d7,f8849496a35c4af599b8e598afda166d,643cba30ae2f483a898b456879c4ff0d,968e6bd064bb45718370d5388377cbdb,27.934
ed4081026261436197a9c66f1939d830,RADAR_LEFT_BACK,671b962ccb664722897930489fe5393b,326989c743c948bf86229f525d0deb2d,968e6bd064bb45718370d5388377cbdb,968e6bd064bb45718370d5388377cbdb,7.531
ed4081026261436197a9c66f1939d830,RADAR_LEFT_FRONT,0850e0c0b8a04599adc97c3b682e4ce9,5e6c5afaa842478db6066e9de8dec1ef,968e6bd064bb45718370d5388377cbdb,968e6bd064bb45718370d5388377cbdb,4.276
ed4081026261436197a9c66f1939d830,RADAR_LEFT_SIDE,08028e66ec4e4554bddd099e7d375d9b,cbecfab3ced24bbeab0a1b1bdd4375a8,968e6bd064bb45718370d5388377cbdb,968e6bd064bb45718370d5388377cbdb,4.187
ed4081026261436197a9c66f1939d830,RADAR_RIGHT_BACK,d01ac4b6dab540689a98ea8d2c358259,f2c73d43e0994ee8a16f930860856c0e,968e6bd064bb45718370d5388377cbdb,968e6bd064bb45718370d5388377cbdb,7.331
ed4081026261436197a9c66f1939d830,RADAR_RIGHT_FRONT,56921317a8c7493bb31c0f7daad43086,3126c35b164c459d85e0a0555ccba628,968e6bd064bb45718370d5388377cbdb,968e6bd064bb45718370d5388377cbdb,3.76
ed4081026261436197a9c66f1939d830,RADAR_RIGHT_SIDE,fc653bc969e24f59963aa9103990b3be,8bef64c60da74778a5b9ef975c97edb7,968e6bd064bb45718370d5388377cbdb,968e6bd064bb45718370d5388377cbdb,3.796
6d6cd02cde33436197a7820145262674,LIDAR_LEFT,a79b87f86ea14fd5961ccbffc4689941,2e6c7b7b7ceb4f69be01f9006cedf58f,5ef17e704c514733841fea2a7a845dbd,fb4f0cadf73a4fd785f3fe777f1743e0,-10.655
6d6cd02cde33436197a7820145262674,LIDAR_REAR,883d219ab2bf43fb82b291d7da323dde,7198b581279c431bad450deaf7669f87,d2fa2bab94cd4687b39f9649a8a61acc,fb4f0cadf73a4fd785f3fe777f1743e0,-48.232
6d6cd02cde33436197a7820145262674,LIDAR_RIGHT,9dc3df3c92b54023be959cfad6cb1a94,aefabf5dd96744beb296b9881d60ff8b,e357894afd6543bb8e6853e54d88ce18,fb4f0cadf73a4fd785f3fe777f1743e0,13.038
6d6cd02cde33436197a7820145262674,LIDAR_TOP_FRONT,bbba101c7808464d9ea6bdf538920072,f994daad50a14ac49f1468d66eb8db62,fb4f0cadf73a4fd785f3fe777f1743e0,fb4f0cadf73a4fd785f3fe777f1743e0,2.749
6d6cd02cde33436197a7820145262674,LIDAR_TOP_LEFT,3844c87f40a74fd9b0f5c20cf36e83a7,373fca46a765439794d1ecbb5839a161,06c771f4e1bc41d8ae7ab070c8d54931,fb4f0cadf73a4fd785f3fe777f1743e0,-22.216
6d6cd02cde33436197a7820145262674,LIDAR_TOP_RIGHT,03d913108fee42efb9fa9700a6e95541,f8849496a35c4af599b8e598afda166d,d196197a97eb4a58b2c950520f2a3b17,fb4f0cadf73a4fd785f3fe777f1743e0,27.844
6d6cd02cde33436197a7820145262674,RADAR_LEFT_BACK,772bac2d2b0940c6ad157decbe70bad3,326989c743c948bf86229f525d0deb2d,fb4f0cadf73a4fd785f3fe777f1743e0,fb4f0cadf73a4fd785f3fe777f1743e0,3.667
6d6cd02cde33436197a7820145262674,RADAR_LEFT_FRONT,bd1594ff6b43482db8ff5d4244a7373d,5e6c5afaa842478db6066e9de8dec1ef,fb4f0cadf73a4fd785f3fe777f1743e0,fb4f0cadf73a4fd785f3fe777f1743e0,5.0
6d6cd02cde33436197a7820145262674,RADAR_LEFT_SIDE,8b3b658e641a48f8a975f61c0e25432f,cbecfab3ced24bbeab0a1b1bdd4375a8,fb4f0cadf73a4fd785f3fe777f1743e0,fb4f0cadf73a4fd785f3fe777f1743e0,4.918
6d6cd02cde33436197a7820145262674,RADAR_RIGHT_BACK,06c2c1eaa8a146d68a4c655b240ecdd3,f2c73d43e0994ee8a16f930860856c0e,fb4f0cadf73a4fd785f3fe777f1743e0,fb4f0cadf73a4fd785f3fe777f1743e0,3.414
6d6cd02cde33436197a7820145262674,RADAR_RIGHT_FRONT,58c77ad7d07149eca3e829d3d650db64,3126c35b164c459d85e0a0555ccba628,fb4f0cadf73a4fd785f3fe777f1743e0,fb4f0cadf73a4fd785f3fe777f1743e0,5.359
6d6cd02cde33436197a7820145262674,RADAR_RIGHT_SIDE,50269b5272324381babb2f9309146b7c,8bef64c60da74778a5b9ef975c97edb7,fb4f0cadf73a4fd785f3fe777f1743e0,fb4f0cadf73a4fd785f3fe777f1743e0,5.48
7d86c0bd95b449658921145955fea4e0,LIDAR_LEFT,c09a7aa2f796459cb8e23e210a067391,2e6c7b7b7ceb4f69be01f9006cedf58f,9518bfc84c5f408d801e08414cc8cf65,2f308dd2d54f4622889485962fbd7a3e,-10.654
7d86c0bd95b449658921145955fea4e0,LIDAR_REAR,a95c308c3c554199b8ada43425027861,7198b581279c431bad450deaf7669f87,d7edd642a54e4047bda658d597178ca8,2f308dd2d54f4622889485962fbd7a3e,-48.539
7d86c0bd95b449658921145955fea4e0,LIDAR_RIGHT,bde22a7b7ec8415e917b938020e5184c,aefabf5dd96744beb296b9881d60ff8b,a353439d69884d8e8d96e1bcfb72e79f,2f308dd2d54f4622889485962fbd7a3e,13.52
7d86c0bd95b449658921145955fea4e0,LIDAR_TOP_FRONT,084e94fab051408d8b4fd0a8f540c8a1,f994daad50a14ac49f1468d66eb8db62,2f308dd2d54f4622889485962fbd7a3e,2f308dd2d54f4622889485962fbd7a3e,2.439
7d86c0bd95b449658921145955fea4e0,LIDAR_TOP_LEFT,326d19c68e5242aabebf432005ef9b92,373fca46a765439794d1ecbb5839a161,b465214b8f844d988f1e0e30b0f25dd2,2f308dd2d54f4622889485962fbd7a3e,-22.6
7d86c0bd95b449658921145955fea4e0,LIDAR_TOP_RIGHT,42679e1dbaf24d9eaa84fe111bce223c,f8849496a35c4af599b8e598afda166d,309ee11f9f554cbc8ac2f4f31e05a993,2f308dd2d54f4622889485962fbd7a3e,27.608
7d86c0bd95b449658921145955fea4e0,RADAR_LEFT_BACK,b7d893e2ca09498b885b8435b8269ce4,326989c743c948bf86229f525d0deb2d,2f308dd2d54f4622889485962fbd7a3e,2f308dd2d54f4622889485962fbd7a3e,5.418
7d86c0bd95b449658921145955fea4e0,RADAR_LEFT_FRONT,afb1ef31062c4f6c905c92e12c4fd528,5e6c5afaa842478db6066e9de8dec1ef,2f308dd2d54f4622889485962fbd7a3e,2f308dd2d54f4622889485962fbd7a3e,6.265
7d86c0bd95b449658921145955fea4e0,RADAR_LEFT_SIDE,4ed6708061b44a66a675b931b3a66d20,cbecfab3ced24bbeab0a1b1bdd4375a8,2f308dd2d54f4622889485962fbd7a3e,2f308dd2d54f4622889485962fbd7a3e,6.178
7d86c0bd95b449658921145955fea4e0,RADAR_RIGHT_BACK,5196f8d1d7a64c649a8e582cbc171568,f2c73d43e0994ee8a16f930860856c0e,2f308dd2d54f4622889485962fbd7a3e,2f308dd2d54f4622889485962fbd7a3e,5.184
7d86c0bd95b449658921145955fea4e0,RADAR_RIGHT_FRONT,3a3c8d23986144b9ae61ed60708e44ad,3126c35b164c459d85e0a0555ccba628,2f308dd2d54f4622889485962fbd7a3e,2f308dd2d54f4622889485962fbd7a3e,5.754
7d86c0bd95b449658921145955fea4e0,RADAR_RIGHT_SIDE,11157eb5589b47869fc1c9331894298a,8bef64c60da74778a5b9ef975c97edb7,2f308dd2d54f4622889485962fbd7a3e,2f308dd2d54f4622889485962fbd7a3e,5.899
6eae67dc76ff47b5af097b413c2447a5,LIDAR_LEFT,836adbce7cd34265921aba72845c0d4d,2e6c7b7b7ceb4f69be01f9006cedf58f,a7f9a0fe2d0443bfa919204bf1214048,8a42f6ae45b3416486d1e9a5bf07c79a,-10.636
6eae67dc76ff47b5af097b413c2447a5,LIDAR_REAR,e6a8ac58a8bf49fcb800d9b2bb549ebc,7198b581279c431bad450deaf7669f87,e1c786d9c242407a861ea97d3430311b,8a42f6ae45b3416486d1e9a5bf07c79a,-48.244
6eae67dc76ff47b5af097b413c2447a5,LIDAR_RIGHT,a953e026a6a14a17b8c198d0332ea5c9,aefabf5dd96744beb296b9881d60ff8b,7889b66e178749b68ca6ca87927bce27,8a42f6ae45b3416486d1e9a5bf07c79a,14.328
6eae67dc76ff47b5af097b413c2447a5,LIDAR_TOP_FRONT,22c20f36f9bf427b9c4ed1c25eb5b5d1,f994daad50a14ac49f1468d66eb8db62,8a42f6ae45b3416486d1e9a5bf07c79a,8a42f6ae45b3416486d1e9a5bf07c79a,2.666
6eae67dc76ff47b5af097b413c2447a5,LIDAR_TOP_LEFT,4eaf4e9ce5be4482a277a70c3514992f,373fca46a765439794d1ecbb5839a161,b410a8b6b7dc491b8183c62254a2aa20,8a42f6ae45b3416486d1e9a5bf07c79a,-22.711
6eae67dc76ff47b5af097b413c2447a5,LIDAR_TOP_RIGHT,c214b47357d9436e98cff38e6d7588e8,f8849496a35c4af599b8e598afda166d,cf113e7750624d9ebc3dbf25f76a3de5,8a42f6ae45b3416486d1e9a5bf07c79a,27.863
6eae67dc76ff47b5af097b413c2447a5,RADAR_LEFT_BACK,fde0c8bca5174c6682e13baefd7d0d35,326989c743c948bf86229f525d0deb2d,8a42f6ae45b3416486d1e9a5bf07c79a,8a42f6ae45b3416486d1e9a5bf07c79a,6.967
6eae67dc76ff47b5af097b413c2447a5,RADAR_LEFT_FRONT,b92d0bca1dec4c6a8c5a1929c1c20c28,5e6c5afaa842478db6066e9de8dec1ef,8a42f6ae45b3416486d1e9a5bf07c79a,8a42f6ae45b3416486d1e9a5bf07c79a,3.216
6eae67dc76ff47b5af097b413c2447a5,RADAR_LEFT_SIDE,034f5e91eee4401eb6583be5e461e2f2,cbecfab3ced24bbeab0a1b1bdd4375a8,8a42f6ae45b3416486d1e9a5bf07c79a,8a42f6ae45b3416486d1e9a5bf07c79a,3.144
6eae67dc76ff47b5af097b413c2447a5,RADAR_RIGHT_BACK,012f5282bb2a41759f4cda6092d44d33,f2c73d43e0994ee8a16f930860856c0e,8a42f6ae45b3416486d1e9a5bf07c79a,8a42f6ae45b3416486d1e9a5bf07c79a,6.737
6eae67dc76ff47b5af097b413c2447a5,RADAR_RIGHT_FRONT,b24f1ea1c9d246649165c9d065868f0d,3126c35b164c459d85e0a0555ccba628,8a42f6ae45b3416486d1e9a5bf07c79a,8a42f6ae45b3416486d1e9a5bf07c79a,3.939
6eae67dc76ff47b5af097b413c2447a5,RADAR_RIGHT_SIDE,bd41150517ff4fdd90c92af55f62ff4b,8bef64c60da74778a5b9ef975c97edb7,8a42f6ae45b3416486d1e9a5bf07c79a,8a42f6ae45b3416486d1e9a5bf07c79a,3.97
db875de1c58748c0a4f273f4200b0841,LIDAR_LEFT,f84a81266e934ac79614f1b368cf9246,2e6c7b7b7ceb4f69be01f9006cedf58f,99145bac1d3d47b8ae1d76c96df55096,e3f12cb0b3e3471499a86bf2c826cdb4,-10.636
db875de1c58748c0a4f273f4200b0841,LIDAR_REAR,89e6bc79828c4c3b9832ed687fca0f82,7198b581279c431bad450deaf7669f87,de9ddde6174e44e49d342ff8495e1f35,e3f12cb0b3e3471499a86bf2c826cdb4,-47.633
db875de1c58748c0a4f273f4200b0841,LIDAR_RIGHT,59d887ea564d4a42a2e662d85e31b4b0,aefabf5dd96744beb296b9881d60ff8b,0dd68d886e3c4bafb18dcd21c99ed145,e3f12cb0b3e3471499a86bf2c826cdb4,15.626
db875de1c58748c0a4f273f4200b0841,LIDAR_TOP_FRONT,4517809281ac414793133949e283cc25,f994daad50a14ac49f1468d66eb8db62,e3f12cb0b3e3471499a86bf2c826cdb4,e3f12cb0b3e3471499a86bf2c826cdb4,3.021
db875de1c58748c0a4f273f4200b0841,LIDAR_TOP_LEFT,ce0b2687d79c44e8bf0ad1341365c577,373fca46a765439794d1ecbb5839a161,f68e65bf1ef540a0808a43f9799e3516,e3f12cb0b3e3471499a86bf2c826cdb4,-22.101
db875de1c58748c0a4f273f4200b0841,LIDAR_TOP_RIGHT,824c28016a7c4aa88e31ca339cd55a4b,f8849496a35c4af599b8e598afda166d,255f43f6c9ab4f1bac2ea595590a21b1,e3f12cb0b3e3471499a86bf2c826cdb4,28.41
db875de1c58748c0a4f273f4200b0841,RADAR_LEFT_BACK,c908ce51a0234190ab6bbe485a44bdb1,326989c743c948bf86229f525d0deb2d,e3f12cb0b3e3471499a86bf2c826cdb4,e3f12cb0b3e3471499a86bf2c826cdb4,4.357
db875de1c58748c0a4f273f4200b0841,RADAR_LEFT_FRONT,312db085a6d440ef971025c18518386b,5e6c5afaa842478db6066e9de8dec1ef,e3f12cb0b3e3471499a86bf2c826cdb4,e3f12cb0b3e3471499a86bf2c826cdb4,5.742
db875de1c58748c0a4f273f4200b0841,RADAR_LEFT_SIDE,780133402e374359b203ade9f0598e4c,cbecfab3ced24bbeab0a1b1bdd4375a8,e3f12cb0b3e3471499a86bf2c826cdb4,e3f12cb0b3e3471499a86bf2c826cdb4,5.603
db875de1c58748c0a4f273f4200b0841,RADAR_RIGHT_BACK,b3958a26d6184577b32bdd99ab26c604,f2c73d43e0994ee8a16f930860856c0e,e3f12cb0b3e3471499a86bf2c826cdb4,e3f12cb0b3e3471499a86bf2c826cdb4,4.091
db875de1c58748c0a4f273f4200b0841,RADAR_RIGHT_FRONT,051a10fb516a4b4992a18715b208f0f7,3126c35b164c459d85e0a0555ccba628,e3f12cb0b3e3471499a86bf2c826cdb4,e3f12cb0b3e3471499a86bf2c826cdb4,5.091
db875de1c58748c0a4f273f4200b0841,RADAR_RIGHT_SIDE,4320dea361d64e7885bb70169256ddab,8bef64c60da74778a5b9ef975c97edb7,e3f12cb0b3e3471499a86bf2c826cdb4,e3f12cb0b3e3471499a86bf2c826cdb4,5.206
6fc67d6877724bbea6efa6d09a5f97d6,LIDAR_LEFT,8fb6f58328d2486baf048038c912ccf4,2e6c7b7b7ceb4f69be01f9006cedf58f,a7314a5310af41219e36059f1601f511,7ffec10da7194ff59aa7bab71ebb4ef3,-10.644
6fc67d6877724bbea6efa6d09a5f97d6,LIDAR_REAR,5b1f7fc6945d4da89d8a18a53dd39efd,7198b581279c431bad450deaf7669f87,4145511727bf4f6c972ba8d5fdd46dfd,7ffec10da7194ff59aa7bab71ebb4ef3,-47.343
6fc67d6877724bbea6efa6d09a5f97d6,LIDAR_RIGHT,5970ceb438c745b28c4f90ae95bed152,aefabf5dd96744beb296b9881d60ff8b,26484333815d46b687eff33a56bfcf91,7ffec10da7194ff59aa7bab71ebb4ef3,15.868
6fc67d6877724bbea6efa6d09a5f97d6,LIDAR_TOP_FRONT,72cfb8dd09584288a414f044ae0f4b72,f994daad50a14ac49f1468d66eb8db62,7ffec10da7194ff59aa7bab71ebb4ef3,7ffec10da7194ff59aa7bab71ebb4ef3,3.262
6fc67d6877724bbea6efa6d09a5f97d6,LIDAR_TOP_LEFT,3a1dcc297cd941cd8ac0cef61ea54bef,373fca46a765439794d1ecbb5839a161,92bd9187c94e42fbb31d8aa894efc051,7ffec10da7194ff59aa7bab71ebb4ef3,-21.698
6fc67d6877724bbea6efa6d09a5f97d6,LIDAR_TOP_RIGHT,caa2a9b09d314f6988c837cbe96d3d29,f8849496a35c4af599b8e598afda166d,8a64e09e7e184ba3ba7695c208ed575a,7ffec10da7194ff59aa7bab71ebb4ef3,28.659
6fc67d6877724bbea6efa6d09a5f97d6,RADAR_LEFT_BACK,8858e683e6bb44ff97f363126b384cec,326989c743c948bf86229f525d0deb2d,7ffec10da7194ff59aa7bab71ebb4ef3,7ffec10da7194ff59aa7bab71ebb4ef3,5.857
6fc67d6877724bbea6efa6d09a5f97d6,RADAR_LEFT_FRONT,d17583638a4e4cba8a9d3423905b111e,5e6c5afaa842478db6066e9de8dec1ef,7ffec10da7194ff59aa7bab71ebb4ef3,7ffec10da7194ff59aa7bab71ebb4ef3,6.707
6fc67d6877724bbea6efa6d09a5f97d6,RADAR_LEFT_SIDE,40191d3c15854534a8436ccc865921f7,cbecfab3ced24bbeab0a1b1bdd4375a8,7ffec10da7194ff59aa7bab71ebb4ef3,7ffec10da7194ff59aa7bab71ebb4ef3,6.537
6fc67d6877724bbea6efa6d09a5f97d6,RADAR_RIGHT_BACK,a73e4eef00b14227ae0cce61761acfec,f2c73d43e0994ee8a16f930860856c0e,7ffec10da7194ff59aa7bab71ebb4ef3,7ffec10da7194ff59aa7bab71ebb4ef3,5.652
6fc67d6877724bbea6efa6d09a5f97d6,RADAR_RIGHT_FRONT,80804d2e8c46443aaa8d961debae76d6,3126c35b164c459d85e0a0555ccba628,7ffec10da7194ff59aa7bab71ebb4ef3,7ffec10da7194ff59aa7bab71ebb4ef3,7.968
6fc67d6877724bbea6efa6d09a5f97d6,RADAR_RIGHT_SIDE,26b7d4ea13b847f49e6974bc5dd345f2,8bef64c60da74778a5b9ef975c97edb7,7ffec10da7194ff59aa7bab71ebb4ef3,7ffec10da7194ff59aa7bab71ebb4ef3,7.998
a0eaf36b2f7a4598bb0ae21a3e6d44cd,LIDAR_LEFT,7191efc151f94f14b8f4fab028371c92,2e6c7b7b7ceb4f69be01f9006cedf58f,363f99f713f44d759e23a5ba69b0488e,97eb907bfb7e4789954d8793b9cc34ad,-10.646
a0eaf36b2f7a4598bb0ae21a3e6d44cd,LIDAR_REAR,41215bb561dd4b63a2c474ee41387d14,7198b581279c431bad450deaf7669f87,1f9782df994741c99209b11331016e56,97eb907bfb7e4789954d8793b9cc34ad,-47.248
a0eaf36b2f7a4598bb0ae21a3e6d44cd,LIDAR_RIGHT,5fe6fc67e2104129874f7a442f2f53ba,aefabf5dd96744beb296b9881d60ff8b,4a5c89ad38a540669d919edcfd681e78,97eb907bfb7e4789954d8793b9cc34ad,15.162
a0eaf36b2f7a4598bb0ae21a3e6d44cd,LIDAR_TOP_FRONT,9706cecc18724740af9b91d2c82bf9c6,f994daad50a14ac49f1468d66eb8db62,97eb907bfb7e4789954d8793b9cc34ad,97eb907bfb7e4789954d8793b9cc34ad,3.057
a0eaf36b2f7a4598bb0ae21a3e6d44cd,LIDAR_TOP_LEFT,8be750d3cd2f42c2855c249dd2744083,373fca46a765439794d1ecbb5839a161,97039255b0b547babc6fe85a7c1c68a0,97eb907bfb7e4789954d8793b9cc34ad,-21.416
a0eaf36b2f7a4598bb0ae21a3e6d44cd,LIDAR_TOP_RIGHT,d11e700450cc45929b0bddc95a0a6b76,f8849496a35c4af599b8e598afda166d,40031499d17941da8c7398d99083ca87,97eb907bfb7e4789954d8793b9cc34ad,28.769
a0eaf36b2f7a4598bb0ae21a3e6d44cd,RADAR_LEFT_BACK,f606fcac02514d0baa652b844a000e7f,326989c743c948bf86229f525d0deb2d,97eb907bfb7e4789954d8793b9cc34ad,97eb907bfb7e4789954d8793b9cc34ad,7.489
a0eaf36b2f7a4598bb0ae21a3e6d44cd,RADAR_LEFT_FRONT,4f6c39ee55cc4f8f918279c09d8097de,5e6c5afaa842478db6066e9de8dec1ef,97eb907bfb7e4789954d8793b9cc34ad,97eb907bfb7e4789954d8793b9cc34ad,4.826
a0eaf36b2f7a4598bb0ae21a3e6d44cd,RADAR_LEFT_SIDE,8bead63f33784aae8f62d887ac5f7b38,cbecfab3ced24bbeab0a1b1bdd4375a8,97eb907bfb7e4789954d8793b9cc34ad,97eb907bfb7e4789954d8793b9cc34ad,4.716
a0eaf36b2f7a4598bb0ae21a3e6d44cd,RADAR_RIGHT_BACK,73b19b55b206492b828a76f6cd7cb15c,f2c73d43e0994ee8a16f930860856c0e,97eb907bfb7e4789954d8793b9cc34ad,97eb907bfb7e4789954d8793b9cc34ad,7.329
a0eaf36b2f7a4598bb0ae21a3e6d44cd,RADAR_RIGHT_FRONT,4c011a6b435d455c8542916d8dd9fa32,3126c35b164c459d85e0a0555ccba628,97eb907bfb7e4789954d8793b9cc34ad,97eb907bfb7e4789954d8793b9cc34ad,4.439
a0eaf36b2f7a4598bb0ae21a3e6d44cd,RADAR_RIGHT_SIDE,d24c28f27f5c41b386cb07dba973de8f,8bef64c60da74778a5b9ef975c97edb7,97eb907bfb7e4789954d8793b9cc34ad,97eb907bfb7e4789954d8793b9cc34ad,4.474
e9dab1896acf4c0fa04f85f5c3b047fa,LIDAR_LEFT,ba5821f239a04c94bc44febc09e7f48f,2e6c7b7b7ceb4f69be01f9006cedf58f,12e2c2d665954b1c892960614d9aee53,c5916835810341f0aae41f8dc8395b22,-10.66
e9dab1896acf4c0fa04f85f5c3b047fa,LIDAR_REAR,f4623fe0e29c4d309b677a26caa1738e,7198b581279c431bad450deaf7669f87,9be2e9317874459787a3d16491933070,c5916835810341f0aae41f8dc8395b22,-47.6
e9dab1896acf4c0fa04f85f5c3b047fa,LIDAR_RIGHT,63606a9897404a8f9f6714fc82c4faf5,aefabf5dd96744beb296b9881d60ff8b,8f7549e3e4424a0ea2d434d6e56ca333,c5916835810341f0aae41f8dc8395b22,14.724
e9dab1896acf4c0fa04f85f5c3b047fa,LIDAR_TOP_FRONT,9621c2a5bfa7450fa14610ae458cc6ab,f994daad50a14ac49f1468d66eb8db62,c5916835810341f0aae41f8dc8395b22,c5916835810341f0aae41f8dc8395b22,3.108
e9dab1896acf4c0fa04f85f5c3b047fa,LIDAR_TOP_LEFT,73c93439b053493aa8148b5318d5d705,373fca46a765439794d1ecbb5839a161,1da5bd0c26f14f179479e365b1ca2f11,c5916835810341f0aae41f8dc8395b22,-21.677
e9dab1896acf4c0fa04f85f5c3b047fa,LIDAR_TOP_RIGHT,80724af31d07499082e55e695deed5b4,f8849496a35c4af599b8e598afda166d,4d0e6e9e80f34255b74bfdd514c55172,c5916835810341f0aae41f8dc8395b22,28.427
e9dab1896acf4c0fa04f85f5c3b047fa,RADAR_LEFT_BACK,75f5d44a452749a1be4ecc43832c7f18,326989c743c948bf86229f525d0deb2d,c5916835810341f0aae41f8dc8395b22,c5916835810341f0aae41f8dc8395b22,4.495
e9dab1896acf4c0fa04f85f5c3b047fa,RADAR_LEFT_FRONT,8d5bd280ce0441249d0ad44aff1cacae,5e6c5afaa842478db6066e9de8dec1ef,c5916835810341f0aae41f8dc8395b22,c5916835810341f0aae41f8dc8395b22,5.208
e9dab1896acf4c0fa04f85f5c3b047fa,RADAR_LEFT_SIDE,4110cf6265184898bcc2e3846df0f544,cbecfab3ced24bbeab0a1b1bdd4375a8,c5916835810341f0aae41f8dc8395b22,c5916835810341f0aae41f8dc8395b22,5.109
e9dab1896acf4c0fa04f85f5c3b047fa,RADAR_RIGHT_BACK,87026d183fe940bbbab99c1e1c55b2ee,f2c73d43e0994ee8a16f930860856c0e,c5916835810341f0aae41f8dc8395b22,c5916835810341f0aae41f8dc8395b22,4.243
e9dab1896acf4c0fa04f85f5c3b047fa,RADAR_RIGHT_FRONT,c50712461ded467b98d5792ebaf6a133,3126c35b164c459d85e0a0555ccba628,c5916835810341f0aae41f8dc8395b22,c5916835810341f0aae41f8dc8395b22,6.1
e9dab1896acf4c0fa04f85f5c3b047fa,RADAR_RIGHT_SIDE,1e1c30e82ac0478fa6e91d14110a74b5,8bef64c60da74778a5b9ef975c97edb7,c5916835810341f0aae41f8dc8395b22,c5916835810341f0aae41f8dc8395b22,6.205
4d113d0314e041d990d2e6448b87de40,LIDAR_LEFT,5e2683fb4d3f4ad8a7908bb29184ad5a,2e6c7b7b7ceb4f69be01f9006cedf58f,ac0169c5972848cead15301f7cf1a66f,f84915590f444346a16b4038ee0a9533,-10.654
4d113d0314e041d990d2e6448b87de40,LIDAR_REAR,edd126e88cf9462597241392b09423cb,7198b581279c431bad450deaf7669f87,9f7d498424da4b15a1194abbe1cdbc29,f84915590f444346a16b4038ee0a9533,-48.049
4d113d0314e041d990d2e6448b87de40,LIDAR_RIGHT,cd26f00b0f1149b9860c2b87ae3d234b,aefabf5dd96744beb296b9881d60ff8b,26f3aa68e6c84c18ae3635a80b4558d7,f84915590f444346a16b4038ee0a9533,14.15
4d113d0314e041d990d2e6448b87de40,LIDAR_TOP_FRONT,5eae9db0a9b54e2e8d75b182ed249ae5,f994daad50a14ac49f1468d66eb8db62,f84915590f444346a16b4038ee0a9533,f84915590f444346a16b4038ee0a9533,2.526
4d113d0314e041d990d2e6448b87de40,LIDAR_TOP_LEFT,a0cd3715c1d84f04bbfe52da92220460,373fca46a765439794d1ecbb5839a161,1643549009df4b3dbc80cc1ed53855c7,f84915590f444346a16b4038ee0a9533,-22.116
4d113d0314e041d990d2e6448b87de40,LIDAR_TOP_RIGHT,a2b1175eda314e2391bb9dea0a9ed0a8,f8849496a35c4af599b8e598afda166d,cd50d1a2b0d9450ca55c9a0206893f2b,f84915590f444346a16b4038ee0a9533,27.934
4d113d0314e041d990d2e6448b87de40,RADAR_LEFT_BACK,1b7266ae12b14cf1bf7245b940dec550,326989c743c948bf86229f525d0deb2d,f84915590f444346a16b4038ee0a9533,f84915590f444346a16b4038ee0a9533,4.95
4d113d0314e041d990d2e6448b87de40,RADAR_LEFT_FRONT,63b5bdf010f14dafbf28c3edf7d8b74f,5e6c5afaa842478db6066e9de8dec1ef,f84915590f444346a16b4038ee0a9533,f84915590f444346a16b4038ee0a9533,7.262
4d113d0314e041d990d2e6448b87de40,RADAR_LEFT_SIDE,e83cd500368e4120b3594846b949bbed,cbecfab3ced24bbeab0a1b1bdd4375a8,f84915590f444346a16b4038ee0a9533,f84915590f444346a16b4038ee0a9533,7.158
4d113d0314e041d990d2e6448b87de40,RADAR_RIGHT_BACK,092a18f0b1af4fec980ac6b30ff0afcc,f2c73d43e0994ee8a16f930860856c0e,f84915590f444346a16b4038ee0a9533,f84915590f444346a16b4038ee0a9533,4.724
4d113d0314e041d990d2e6448b87de40,RADAR_RIGHT_FRONT,0671b42e611943968f184c4964aa3c06,3126c35b164c459d85e0a0555ccba628,f84915590f444346a16b4038ee0a9533,f84915590f444346a16b4038ee0a9533,7.184
4d113d0314e041d990d2e6448b87de40,RADAR_RIGHT_SIDE,d0392d9ae57c4a289deba1f132a7870f,8bef64c60da74778a5b9ef975c97edb7,f84915590f444346a16b4038ee0a9533,f84915590f444346a16b4038ee0a9533,7.297
446ab39c270845e3871ec28d5c13fb2c,LIDAR_LEFT,2fec7169cca547f9a166a61865a9630a,2e6c7b7b7ceb4f69be01f9006cedf58f,2f17b319259e46d3981abbcf468197c8,6e58a6c708614f0b858b51ad0b5b8a26,-10.648
446ab39c270845e3871ec28d5c13fb2c,LIDAR_REAR,3bd47b740d1047e5a71bee9576b32ad5,7198b581279c431bad450deaf7669f87,15a6d388201f4cb388820e4beca115cb,6e58a6c708614f0b858b51ad0b5b8a26,-48.254
446ab39c270845e3871ec28d5c13fb2c,LIDAR_RIGHT,f0a46345d7b64ea0a871ed881697026b,aefabf5dd96744beb296b9881d60ff8b,732d14eea3324db083b520c558087f21,6e58a6c708614f0b858b51ad0b5b8a26,13.802
446ab39c270845e3871ec28d5c13fb2c,LIDAR_TOP_FRONT,3dfc3936c8734efcb5fcd44dc0b4dcf0,f994daad50a14ac49f1468d66eb8db62,6e58a6c708614f0b858b51ad0b5b8a26,6e58a6c708614f0b858b51ad0b5b8a26,2.499
446ab39c270845e3871ec28d5c13fb2c,LIDAR_TOP_LEFT,0cecb2f776c04503add9d316e04bec1a,373fca46a765439794d1ecbb5839a161,703755de3a2445c29536e0c75841fab2,6e58a6c708614f0b858b51ad0b5b8a26,-22.501
446ab39c270845e3871ec28d5c13fb2c,LIDAR_TOP_RIGHT,fadf7cf764fb4388983a698e85db4ba0,f8849496a35c4af599b8e598afda166d,c3ebef34223940e9a94a1d49b6ed2f4e,6e58a6c708614f0b858b51ad0b5b8a26,27.715
446ab39c270845e3871ec28d5c13fb2c,RADAR_LEFT_BACK,8fab4708c3b24288b805685c5fbf398f,326989c743c948bf86229f525d0deb2d,6e58a6c708614f0b858b51ad0b5b8a26,6e58a6c708614f0b858b51ad0b5b8a26,6.447
446ab39c270845e3871ec28d5c13fb2c,RADAR_LEFT_FRONT,96e8bf22096043e4ac7b8d591547b64f,5e6c5afaa842478db6066e9de8dec1ef,6e58a6c708614f0b858b51ad0b5b8a26,6e58a6c708614f0b858b51ad0b5b8a26,3.61
446ab39c270845e3871ec28d5c13fb2c,RADAR_LEFT_SIDE,304407e114ab449e997408efd15b9435,cbecfab3ced24bbeab0a1b1bdd4375a8,6e58a6c708614f0b858b51ad0b5b8a26,6e58a6c708614f0b858b51ad0b5b8a26,3.44
446ab39c270845e3871ec28d5c13fb2c,RADAR_RIGHT_BACK,066e5dfacac347aab708a889d6c2a809,f2c73d43e0994ee8a16f930860856c0e,6e58a6c708614f0b858b51ad0b5b8a26,6e58a6c708614f0b858b51ad0b5b8a26,6.233
446ab39c270845e3871ec28d5c13fb2c,RADAR_RIGHT_FRONT,7651209f2abd4ded9a1196d6f445c547,3126c35b164c459d85e0a0555ccba628,6e58a6c708614f0b858b51ad0b5b8a26,6e58a6c708614f0b858b51ad0b5b8a26,4.143
446ab39c270845e3871ec28d5c13fb2c,RADAR_RIGHT_SIDE,86225989ddab47a0bcf8e92a6b35d444,8bef64c60da74778a5b9ef975c97edb7,6e58a6c708614f0b858b51ad0b5b8a26,6e58a6c708614f0b858b51ad0b5b8a26,4.153
198a52743df64f89b4f6b639c49712f8,LIDAR_LEFT,4a0c1ca7579743f282f4c9ab9e8b3499,2e6c7b7b7ceb4f69be01f9006cedf58f,222500f512964491b4e474832217fd94,15c8f2309ffe426189a9187e1db2f038,-10.648
198a52743df64f89b4f6b639c49712f8,LIDAR_REAR,35af09330ad740cca49077c388314b88,7198b581279c431bad450deaf7669f87,0d6d034461c54ef48ef322674dd74ed4,15c8f2309ffe426189a9187e1db2f038,-48.249
198a52743df64f89b4f6b639c49712f8,LIDAR_RIGHT,6afcb4f9737744b09fc0a4dc7c3c1650,aefabf5dd96744beb296b9881d60ff8b,80afdf08042845e89ef5f24381426279,15c8f2309ffe426189a9187e1db2f038,13.934
198a52743df64f89b4f6b639c49712f8,LIDAR_TOP_FRONT,3118287a766147168f1145148ee1c009,f994daad50a14ac49f1468d66eb8db62,15c8f2309ffe426189a9187e1db2f038,15c8f2309ffe426189a9187e1db2f038,2.386
198a52743df64f89b4f6b639c49712f8,LIDAR_TOP_LEFT,4a7f81134ae44b8cb61f56d6c9e251ca,373fca46a765439794d1ecbb5839a161,8b771b3e7b35475f99bb0c0748888502,15c8f2309ffe426189a9187e1db2f038,-22.689
198a52743df64f89b4f6b639c49712f8,LIDAR_TOP_RIGHT,a4bf7391049b4eaebd3ab431ea34b4e8,f8849496a35c4af599b8e598afda166d,5f1f5a724bd046fe9c4e8ae7dfbe4a16,15c8f2309ffe426189a9187e1db2f038,27.432
198a52743df64f89b4f6b639c49712f8,RADAR_LEFT_BACK,f9330a0c092e41da945ced3cff6e9f6a,326989c743c948bf86229f525d0deb2d,15c8f2309ffe426189a9187e1db2f038,15c8f2309ffe426189a9187e1db2f038,3.235
198a52743df64f89b4f6b639c49712f8,RADAR_LEFT_FRONT,888e5452386e43a9a4c8a7656cde0753,5e6c5afaa842478db6066e9de8dec1ef,15c8f2309ffe426189a9187e1db2f038,15c8f2309ffe426189a9187e1db2f038,5.428
198a52743df64f89b4f6b639c49712f8,RADAR_LEFT_SIDE,8aa359d3d0e5437f882ed410582c76a3,cbecfab3ced24bbeab0a1b1bdd4375a8,15c8f2309ffe426189a9187e1db2f038,15c8f2309ffe426189a9187e1db2f038,5.343
198a52743df64f89b4f6b639c49712f8,RADAR_RIGHT_BACK,6a9b3141a5eb454c9db4e2f9050645f5,f2c73d43e0994ee8a16f930860856c0e,15c8f2309ffe426189a9187e1db2f038,15c8f2309ffe426189a9187e1db2f038,3.015
198a52743df64f89b4f6b639c49712f8,RADAR_RIGHT_FRONT,1b8da9183a534bec9b17911597fffb84,3126c35b164c459d85e0a0555ccba628,15c8f2309ffe426189a9187e1db2f038,15c8f2309ffe426189a9187e1db2f038,5.262
198a52743df64f89b4f6b639c49712f8,RADAR_RIGHT_SIDE,bb58321f80a948b68dec674fb408b313,8bef64c60da74778a5b9ef975c97edb7,15c8f2309ffe426189a9187e1db2f038,15c8f2309ffe426189a9187e1db2f038,5.341
403389bcbf164b2db48c73b913662b48,LIDAR_LEFT,9e78eec1b81f4aa78d38a8ef87a538f8,2e6c7b7b7ceb4f69be01f9006cedf58f,76bd7dfb8e764b0d9deeaa9ec962fea1,2412002fe4d14c82a6f50a1846df1387,-10.635
403389bcbf164b2db48c73b913662b48,LIDAR_REAR,c07357f89e87416b8c6825e6c19b7d7c,7198b581279c431bad450deaf7669f87,ae912d9180a1494baa09adcf92235581,2412002fe4d14c82a6f50a1846df1387,-48.078
403389bcbf164b2db48c73b913662b48,LIDAR_RIGHT,379be6ea936b4235ba4c73971ab0a074,aefabf5dd96744beb296b9881d60ff8b,87a7030a2d754dbc954ea88d4a1b71fa,2412002fe4d14c82a6f50a1846df1387,14.812
403389bcbf164b2db48c73b913662b48,LIDAR_TOP_FRONT,0aabd7851da841e7931b3e557fac4f72,f994daad50a14ac49f1468d66eb8db62,2412002fe4d14c82a6f50a1846df1387,2412002fe4d14c82a6f50a1846df1387,2.386
403389bcbf164b2db48c73b913662b48,LIDAR_TOP_LEFT,4d119b3750da485c859144442424de6d,373fca46a765439794d1ecbb5839a161,3229bed3543b4a03bce54c4aed7c5d83,2412002fe4d14c82a6f50a1846df1387,-22.456
403389bcbf164b2db48c73b913662b48,LIDAR_TOP_RIGHT,bdd6395b24364cabb193bbdad57b0358,f8849496a35c4af599b8e598afda166d,f1df7eafcca9446b89eeae899923e6f0,2412002fe4d14c82a6f50a1846df1387,27.493
403389bcbf164b2db48c73b913662b48,RADAR_LEFT_BACK,26701432cae54d28abe91e88a57aad4c,326989c743c948bf86229f525d0deb2d,2412002fe4d14c82a6f50a1846df1387,2412002fe4d14c82a6f50a1846df1387,5.318
403389bcbf164b2db48c73b913662b48,RADAR_LEFT_FRONT,3f37ac7232b446d1a7519f36fbc0dcc1,5e6c5afaa842478db6066e9de8dec1ef,2412002fe4d14c82a6f50a1846df1387,2412002fe4d14c82a6f50a1846df1387,7.255
403389bcbf164b2db48c73b913662b48,RADAR_LEFT_SIDE,ea8edbf6884d48f1bec98366a14abd2f,cbecfab3ced24bbeab0a1b1bdd4375a8,2412002fe4d14c82a6f50a1846df1387,2412002fe4d14c82a6f50a1846df1387,7.141
403389bcbf164b2db48c73b913662b48,RADAR_RIGHT_BACK,c7eff1abd57b463ea7200609d9fac191,f2c73d43e0994ee8a16f930860856c0e,2412002fe4d14c82a6f50a1846df1387,2412002fe4d14c82a6f50a1846df1387,5.1
403389bcbf164b2db48c73b913662b48,RADAR_RIGHT_FRONT,d5acb562f8dd45909cde459228980604,3126c35b164c459d85e0a0555ccba628,2412002fe4d14c82a6f50a1846df1387,2412002fe4d14c82a6f50a1846df1387,6.903
403389bcbf164b2db48c73b913662b48,RADAR_RIGHT_SIDE,fb2192376a174cd596ebee2308c18658,8bef64c60da74778a5b9ef975c97edb7,2412002fe4d14c82a6f50a1846df1387,2412002fe4d14c82a6f50a1846df1387,7.063
73cd609690224547b69224dad987f4f3,LIDAR_LEFT,ddaf58a1a0954bd784692804edaf813e,2e6c7b7b7ceb4f69be01f9006cedf58f,1857598adec04d05a4779993ee0f80a4,3a45668b518c40c68a1b4448a3f08d63,-10.642
73cd609690224547b69224dad987f4f3,LIDAR_REAR,3ce1e0373c7e4b908ff9d1c222ff59d3,7198b581279c431bad450deaf7669f87,a85038a81d0b4139b2b7976367706591,3a45668b518c40c68a1b4448a3f08d63,-47.828
73cd609690224547b69224dad987f4f3,LIDAR_RIGHT,aa5cba43e7244bb6bd91521aaf4bee79,aefabf5dd96744beb296b9881d60ff8b,fc64eebf68fd48b493e8202e2a019b6c,3a45668b518c40c68a1b4448a3f08d63,15.809
73cd609690224547b69224dad987f4f3,LIDAR_TOP_FRONT,0dd6a5a33dfd4bdb9d3cf251b3a69bb6,f994daad50a14ac49f1468d66eb8db62,3a45668b518c40c68a1b4448a3f08d63,3a45668b518c40c68a1b4448a3f08d63,2.849
73cd609690224547b69224dad987f4f3,LIDAR_TOP_LEFT,228cf80dfe8d45c3bbb46ccc4a5d806e,373fca46a765439794d1ecbb5839a161,8ba9896e71ef4d13a89c5b713db10f09,3a45668b518c40c68a1b4448a3f08d63,-22.093
73cd609690224547b69224dad987f4f3,LIDAR_TOP_RIGHT,363a9c9c59c54db596cbdfb86e0f2328,f8849496a35c4af599b8e598afda166d,b51624c2410c421dbe2a9befeeaa8cc4,3a45668b518c40c68a1b4448a3f08d63,27.973
73cd609690224547b69224dad987f4f3,RADAR_LEFT_BACK,f46ba9d68a2c4fd2b997894cdd5bb9d7,326989c743c948bf86229f525d0deb2d,3a45668b518c40c68a1b4448a3f08d63,3a45668b518c40c68a1b4448a3f08d63,6.557
73cd609690224547b69224dad987f4f3,RADAR_LEFT_FRONT,40a5faf0354e42719102f0d6eea3d289,5e6c5afaa842478db6066e9de8dec1ef,3a45668b518c40c68a1b4448a3f08d63,3a45668b518c40c68a1b4448a3f08d63,4.671
73cd609690224547b69224dad987f4f3,RADAR_LEFT_SIDE,2d49b64e5e5244d4922d952f4839f4cd,cbecfab3ced24bbeab0a1b1bdd4375a8,3a45668b518c40c68a1b4448a3f08d63,3a45668b518c40c68a1b4448a3f08d63,4.546
73cd609690224547b69224dad987f4f3,RADAR_RIGHT_BACK,e901ec7dfbcd4252b23c3659383222cf,f2c73d43e0994ee8a16f930860856c0e,3a45668b518c40c68a1b4448a3f08d63,3a45668b518c40c68a1b4448a3f08d63,6.382
73cd609690224547b69224dad987f4f3,RADAR_RIGHT_FRONT,8342ae87388f403e8e760501f8138f64,3126c35b164c459d85e0a0555ccba628,3a45668b518c40c68a1b4448a3f08d63,3a45668b518c40c68a1b4448a3f08d63,3.699
73cd609690224547b69224dad987f4f3,RADAR_RIGHT_SIDE,43f7ed63ecf34598be7ed05f727c0045,8bef64c60da74778a5b9ef975c97edb7,3a45668b518c40c68a1b4448a3f08d63,3a45668b518c40c68a1b4448a3f08d63,3.842
755ac2cd4ee1493785ccc9de7b96c907,LIDAR_LEFT,f07bf412b83d45dca1c8ecb0608e535f,2e6c7b7b7ceb4f69be01f9006cedf58f,3e02762985d9489c80493e55a279520b,2ac987b2ff7d4a029139c5f15ca00907,-10.647
755ac2cd4ee1493785ccc9de7b96c907,LIDAR_REAR,b947ede5375d49a793d6675939fb6d28,7198b581279c431bad450deaf7669f87,cad78a7c7b194f0b9013980846c6c641,2ac987b2ff7d4a029139c5f15ca00907,-47.771
755ac2cd4ee1493785ccc9de7b96c907,LIDAR_RIGHT,7c5b2b7ad02849ff8e0e7cac64e00c6a,aefabf5dd96744beb296b9881d60ff8b,cf11e9926a0d409ca58bc0bad05e49f2,2ac987b2ff7d4a029139c5f15ca00907,15.703
755ac2cd4ee1493785ccc9de7b96c907,LIDAR_TOP_FRONT,9c9845cc17fb46cb8f8a9b02fb3359d7,f994daad50a14ac49f1468d66eb8db62,2ac987b2ff7d4a029139c5f15ca00907,2ac987b2ff7d4a029139c5f15ca00907,2.806
755ac2cd4ee1493785ccc9de7b96c907,LIDAR_TOP_LEFT,0e31afa0972a464fb42094b19c571ae1,373fca46a765439794d1ecbb5839a161,e9f5a7d9087a4d9c8ed92016d9746d9b,2ac987b2ff7d4a029139c5f15ca00907,-22.09
755ac2cd4ee1493785ccc9de7b96c907,LIDAR_TOP_RIGHT,500f40c652954ad89f9fec8385dfac46,f8849496a35c4af599b8e598afda166d,7be07789d367494cb52d30fcf8a654ce,2ac987b2ff7d4a029139c5f15ca00907,28.153
755ac2cd4ee1493785ccc9de7b96c907,RADAR_LEFT_BACK,7e477be083ae491b80127d007673dfa8,326989c743c948bf86229f525d0deb2d,2ac987b2ff7d4a029139c5f15ca00907,2ac987b2ff7d4a029139c5f15ca00907,4.663
755ac2cd4ee1493785ccc9de7b96c907,RADAR_LEFT_FRONT,b7db9f91ed9c4988ac2ebf314fc583c8,5e6c5afaa842478db6066e9de8dec1ef,2ac987b2ff7d4a029139c5f15ca00907,2ac987b2ff7d4a029139c5f15ca00907,5.968
755ac2cd4ee1493785ccc9de7b96c907,RADAR_LEFT_SIDE,5430d0792c84410b92318f6208bb929a,cbecfab3ced24bbeab0a1b1bdd4375a8,2ac987b2ff7d4a029139c5f15ca00907,2ac987b2ff7d4a029139c5f15ca00907,5.864
755ac2cd4ee1493785ccc9de7b96c907,RADAR_RIGHT_BACK,750f1c1d10184671a63364590aa15e18,f2c73d43e0994ee8a16f930860856c0e,2ac987b2ff7d4a029139c5f15ca00907,2ac987b2ff7d4a029139c5f15ca00907,4.441
755ac2cd4ee1493785ccc9de7b96c907,RADAR_RIGHT_FRONT,adba9c3e3af9484c8bcef60f9b3e9e23,3126c35b164c459d85e0a0555ccba628,2ac987b2ff7d4a029139c5f15ca00907,2ac987b2ff7d4a029139c5f15ca00907,5.774
755ac2cd4ee1493785ccc9de7b96c907,RADAR_RIGHT_SIDE,e793b924c45b4dc7808f9d5af03487ec,8bef64c60da74778a5b9ef975c97edb7,2ac987b2ff7d4a029139c5f15ca00907,2ac987b2ff7d4a029139c5f15ca00907,5.899
2034f1707ec7419b9c3479fbef98c9b3,LIDAR_LEFT,19718533ff9649c0a4c79af75381fd77,2e6c7b7b7ceb4f69be01f9006cedf58f,6e48e49a3d534e23b0a23505019f3006,3cf43031ad2f4816a99fb0314ba5ff47,-10.649
2034f1707ec7419b9c3479fbef98c9b3,LIDAR_REAR,41f95032b59748658e5c38b437c53b87,7198b581279c431bad450deaf7669f87,137b09405bd7419a8420d93589ce555b,3cf43031ad2f4816a99fb0314ba5ff47,-47.812
2034f1707ec7419b9c3479fbef98c9b3,LIDAR_RIGHT,0a6c4c85ec554146b049787ff7c83234,aefabf5dd96744beb296b9881d60ff8b,0798b496f4824a4fabf23acfec4afee5,3cf43031ad2f4816a99fb0314ba5ff47,14.897
2034f1707ec7419b9c3479fbef98c9b3,LIDAR_TOP_FRONT,b591f27661a54357ab8d2e9092ea58d6,f994daad50a14ac49f1468d66eb8db62,3cf43031ad2f4816a99fb0314ba5ff47,3cf43031ad2f4816a99fb0314ba5ff47,2.784
2034f1707ec7419b9c3479fbef98c9b3,LIDAR_TOP_LEFT,7e4409a3083a4279aab965a7bd31d541,373fca46a765439794d1ecbb5839a161,393713ebd7e44cce86bb4b62ebe34721,3cf43031ad2f4816a99fb0314ba5ff47,-22.037
2034f1707ec7419b9c3479fbef98c9b3,LIDAR_TOP_RIGHT,fa1074d2bdd541448c655954b739865f,f8849496a35c4af599b8e598afda166d,14bbf8a6f1cd4be8a06da7c3969f6d6b,3cf43031ad2f4816a99fb0314ba5ff47,28.237
2034f1707ec7419b9c3479fbef98c9b3,RADAR_LEFT_BACK,457a18e48fbf43bda7f3bb169e67d9b9,326989c743c948bf86229f525d0deb2d,3cf43031ad2f4816a99fb0314ba5ff47,3cf43031ad2f4816a99fb0314ba5ff47,5.156
2034f1707ec7419b9c3479fbef98c9b3,RADAR_LEFT_FRONT,14796c63fc2f45189c4bda85467ffc3e,5e6c5afaa842478db6066e9de8dec1ef,3cf43031ad2f4816a99fb0314ba5ff47,3cf43031ad2f4816a99fb0314ba5ff47,7.476
2034f1707ec7419b9c3479fbef98c9b3,RADAR_LEFT_SIDE,2931aa86b6624e0ca1ae10e7f1c401bf,cbecfab3ced24bbeab0a1b1bdd4375a8,3cf43031ad2f4816a99fb0314ba5ff47,3cf43031ad2f4816a99fb0314ba5ff47,7.362
2034f1707ec7419b9c3479fbef98c9b3,RADAR_RIGHT_BACK,d8691be61f614366bdca64f9e3a6c5e0,f2c73d43e0994ee8a16f930860856c0e,3cf43031ad2f4816a99fb0314ba5ff47,3cf43031ad2f4816a99fb0314ba5ff47,4.996
2034f1707ec7419b9c3479fbef98c9b3,RADAR_RIGHT_FRONT,57bb5d1f2d214601a2e3ae839e66c759,3126c35b164c459d85e0a0555ccba628,3cf43031ad2f4816a99fb0314ba5ff47,3cf43031ad2f4816a99fb0314ba5ff47,7.205
2034f1707ec7419b9c3479fbef98c9b3,RADAR_RIGHT_SIDE,51e44cc15e79499f8583ec5335d15180,8bef64c60da74778a5b9ef975c97edb7,3cf43031ad2f4816a99fb0314ba5ff47,3cf43031ad2f4816a99fb0314ba5ff47,7.377
9aaeea7462be41baacf3ceb9126136e7,LIDAR_LEFT,0dde7aebcd844f1db28439b46e76bb2b,2e6c7b7b7ceb4f69be01f9006cedf58f,41b5daf39cf64b8894b4598fc4b6facd,e38b2227b74f410f896f73438d8884a1,-10.654
9aaeea7462be41baacf3ceb9126136e7,LIDAR_REAR,908984f48a5e47e3a840ceab119297d9,7198b581279c431bad450deaf7669f87,e4d51657f30c41bc94e763d29e2b8a95,e38b2227b74f410f896f73438d8884a1,-48.055
9aaeea7462be41baacf3ceb9126136e7,LIDAR_RIGHT,ea685dd02fbd45d78270697696595830,aefabf5dd96744beb296b9881d60ff8b,da07ddd1a4de43f5b260708591c26e1c,e38b2227b74f410f896f73438d8884a1,14.49
9aaeea7462be41baacf3ceb9126136e7,LIDAR_TOP_FRONT,29d7e89b7ffc4009900222a5494e469c,f994daad50a14ac49f1468d66eb8db62,e38b2227b74f410f896f73438d8884a1,e38b2227b74f410f896f73438d8884a1,2.548
9aaeea7462be41baacf3ceb9126136e7,LIDAR_TOP_LEFT,8ccf109856ab44cbbfd11a5466f5688e,373fca46a765439794d1ecbb5839a161,c6837e79b7754cb280477861cf472633,e38b2227b74f410f896f73438d8884a1,-21.947
9aaeea7462be41baacf3ceb9126136e7,LIDAR_TOP_RIGHT,d8f4e0ac24114a6eaf561acdc4bf3df8,f8849496a35c4af599b8e598afda166d,50dd4de0066446f4879d8c3c72ace681,e38b2227b74f410f896f73438d8884a1,28.226
9aaeea7462be41baacf3ceb9126136e7,RADAR_LEFT_BACK,1845bbf93c1d4c99b65bf2ef83a1b627,326989c743c948bf86229f525d0deb2d,e38b2227b74f410f896f73438d8884a1,e38b2227b74f410f896f73438d8884a1,7.417
9aaeea7462be41baacf3ceb9126136e7,RADAR_LEFT_FRONT,2744787aefdd41198b6252edc3cdcace,5e6c5afaa842478db6066e9de8dec1ef,e38b2227b74f410f896f73438d8884a1,e38b2227b74f410f896f73438d8884a1,3.628
9aaeea7462be41baacf3ceb9126136e7,RADAR_LEFT_SIDE,84a72f22edf943deb5dc3da8527c1e11,cbecfab3ced24bbeab0a1b1bdd4375a8,e38b2227b74f410f896f73438d8884a1,e38b2227b74f410f896f73438d8884a1,3.528
9aaeea7462be41baacf3ceb9126136e7,RADAR_RIGHT_BACK,a53b0aabf3a847e4b33c2b7a21867768,f2c73d43e0994ee8a16f930860856c0e,e38b2227b74f410f896f73438d8884a1,e38b2227b74f410f896f73438d8884a1,7.463
9aaeea7462be41baacf3ceb9126136e7,RADAR_RIGHT_FRONT,f963ca1186ab407c9f7867ace6ac80a3,3126c35b164c459d85e0a0555ccba628,e38b2227b74f410f896f73438d8884a1,e38b2227b74f410f896f73438d8884a1,3.902
9aaeea7462be41baacf3ceb9126136e7,RADAR_RIGHT_SIDE,8db843db9de24bdea6a2d6e608e9a4cf,8bef64c60da74778a5b9ef975c97edb7,e38b2227b74f410f896f73438d8884a1,e38b2227b74f410f896f73438d8884a1,4.069
bd1b98fca97642d596c968d4df826df0,LIDAR_LEFT,28a061ae57e84a7ea44042b4c896134a,2e6c7b7b7ceb4f69be01f9006cedf58f,4638129ba81b45e0abcd6a60ed2f90de,40075ea891764daa8bcaa3175ff4e54e,-10.647
bd1b98fca97642d596c968d4df826df0,LIDAR_REAR,ce0cf5fc6a95409c96da6587d6cf909a,7198b581279c431bad450deaf7669f87,a9cfe600f3764c22b898c7e267d2d10c,40075ea891764daa8bcaa3175ff4e54e,-48.349
bd1b98fca97642d596c968d4df826df0,LIDAR_RIGHT,669d2a6447cd4fc2b5be0583ec894780,aefabf5dd96744beb296b9881d60ff8b,9153969b67244be3811a5ca4e05f27d7,40075ea891764daa8bcaa3175ff4e54e,14.093
bd1b98fca97642d596c968d4df826df0,LIDAR_TOP_FRONT,c9e4d1f29f4049bf8a6ce00869ad4f91,f994daad50a14ac49f1468d66eb8db62,40075ea891764daa8bcaa3175ff4e54e,40075ea891764daa8bcaa3175ff4e54e,2.12
bd1b98fca97642d596c968d4df826df0,LIDAR_TOP_LEFT,98e945c76a034d8cb570137f0fb8535e,373fca46a765439794d1ecbb5839a161,6690482344ab476d893d1b3bb1776e0d,40075ea891764daa8bcaa3175ff4e54e,-22.085
bd1b98fca97642d596c968d4df826df0,LIDAR_TOP_RIGHT,a1a31623f0aa44969733cccaf3f71238,f8849496a35c4af599b8e598afda166d,adfc334a1a5b46de9853c493b9d8ce89,40075ea891764daa8bcaa3175ff4e54e,27.984
bd1b98fca97642d596c968d4df826df0,RADAR_LEFT_BACK,c4bed58de5ae48519401f6eea3ea74ea,326989c743c948bf86229f525d0deb2d,40075ea891764daa8bcaa3175ff4e54e,40075ea891764daa8bcaa3175ff4e54e,3.554
bd1b98fca97642d596c968d4df826df0,RADAR_LEFT_FRONT,aa164a70a45646ce9af88e59bc8d272a,5e6c5afaa842478db6066e9de8dec1ef,40075ea891764daa8bcaa3175ff4e54e,40075ea891764daa8bcaa3175ff4e54e,5.421
bd1b98fca97642d596c968d4df826df0,RADAR_LEFT_SIDE,930b7205f1ef47679cb32906aa8b0bae,cbecfab3ced24bbeab0a1b1bdd4375a8,40075ea891764daa8bcaa3175ff4e54e,40075ea891764daa8bcaa3175ff4e54e,5.319
bd1b98fca97642d596c968d4df826df0,RADAR_RIGHT_BACK,f901aa9e6df443e19fc3dd158a9737d4,f2c73d43e0994ee8a16f930860856c0e,40075ea891764daa8bcaa3175ff4e54e,40075ea891764daa8bcaa3175ff4e54e,3.612
bd1b98fca97642d596c968d4df826df0,RADAR_RIGHT_FRONT,ea235fe93fe04f978b210945a8363236,3126c35b164c459d85e0a0555ccba628,40075ea891764daa8bcaa3175ff4e54e,40075ea891764daa8bcaa3175ff4e54e,4.994
bd1b98fca97642d596c968d4df826df0,RADAR_RIGHT_SIDE,5c5e16556a6f44b8bf46872eb554a0c3,8bef64c60da74778a5b9ef975c97edb7,40075ea891764daa8bcaa3175ff4e54e,40075ea891764daa8bcaa3175ff4e54e,5.068
30dbdc20e13249cd8117d7215071b4c8,LIDAR_LEFT,be4602ea5d614c78bb2867b1612580b1,2e6c7b7b7ceb4f69be01f9006cedf58f,398009b83fec4132981b97d51fd5bdd0,012f954477da4fc6a7d3db1172359786,-10.638
30dbdc20e13249cd8117d7215071b4c8,LIDAR_REAR,3281f40b8aca47cdbc8bf90288de0dcc,7198b581279c431bad450deaf7669f87,bba5ac40388746119d3baaa672a583f4,012f954477da4fc6a7d3db1172359786,-48.019
30dbdc20e13249cd8117d7215071b4c8,LIDAR_RIGHT,18c07cac0bff4a8cb53b3e3aea49388f,aefabf5dd96744beb296b9881d60ff8b,df634e2c721f4add97fd37c0d488082d,012f954477da4fc6a7d3db1172359786,14.167
30dbdc20e13249cd8117d7215071b4c8,LIDAR_TOP_FRONT,4703c8f5833b4a77bdea2c491992723c,f994daad50a14ac49f1468d66eb8db62,012f954477da4fc6a7d3db1172359786,012f954477da4fc6a7d3db1172359786,2.614
30dbdc20e13249cd8117d7215071b4c8,LIDAR_TOP_LEFT,c1d65dc5d6b84417942db675cc46699c,373fca46a765439794d1ecbb5839a161,d7359818ab4f4bf7bfa71e4cf41ae3d3,012f954477da4fc6a7d3db1172359786,-21.826
30dbdc20e13249cd8117d7215071b4c8,LIDAR_TOP_RIGHT,4d62e3e865df4b4293aa66443bfb90ab,f8849496a35c4af599b8e598afda166d,6d823fa28e99453d902e61893cd95361,012f954477da4fc6a7d3db1172359786,28.317
30dbdc20e13249cd8117d7215071b4c8,RADAR_LEFT_BACK,5ccba0e2596e45f8b9d2a02b4f80e44d,326989c743c948bf86229f525d0deb2d,012f954477da4fc6a7d3db1172359786,012f954477da4fc6a7d3db1172359786,5.916
30dbdc20e13249cd8117d7215071b4c8,RADAR_LEFT_FRONT,bc26815664a849edadd94e1a0dfec1d9,5e6c5afaa842478db6066e9de8dec1ef,012f954477da4fc6a7d3db1172359786,012f954477da4fc6a7d3db1172359786,7.224
30dbdc20e13249cd8117d7215071b4c8,RADAR_LEFT_SIDE,487f696bd108404bbc6337aa8c6d6a72,cbecfab3ced24bbeab0a1b1bdd4375a8,012f954477da4fc6a7d3db1172359786,012f954477da4fc6a7d3db1172359786,7.094
30dbdc20e13249cd8117d7215071b4c8,RADAR_RIGHT_BACK,1b968ec115944adfad652339be0fe765,f2c73d43e0994ee8a16f930860856c0e,012f954477da4fc6a7d3db1172359786,012f954477da4fc6a7d3db1172359786,5.91
30dbdc20e13249cd8117d7215071b4c8,RADAR_RIGHT_FRONT,57d3e06571364c8aa950e2900ccc9bcd,3126c35b164c459d85e0a0555ccba628,012f954477da4fc6a7d3db1172359786,012f954477da4fc6a7d3db1172359786,6.77
30dbdc20e13249cd8117d7215071b4c8,RADAR_RIGHT_SIDE,bf6df826edf548d5b8ec7ec05d64eb44,8bef64c60da74778a5b9ef975c97edb7,012f954477da4fc6a7d3db1172359786,012f954477da4fc6a7d3db1172359786,6.9
d5c1c80145214282b058cf815792baa9,LIDAR_LEFT,e23a82be07304700919812d0acf36514,2e6c7b7b7ceb4f69be01f9006cedf58f,86ccfdc4a9d7471e8ea37e994dca44e7,3a65390b7b9249eca2b918b0fd20913f,-10.641
d5c1c80145214282b058cf815792baa9,LIDAR_REAR,e1bc3c2300ec41dda251825cdcc8909a,7198b581279c431bad450deaf7669f87,0507e5426772418196f7a50e965acca3,3a65390b7b9249eca2b918b0fd20913f,-47.657
d5c1c80145214282b058cf815792baa9,LIDAR_RIGHT,81215834cb774d2bafb9b2f5743d3aa4,aefabf5dd96744beb296b9881d60ff8b,18bbaf022c3244019edbd5d26a69347d,3a65390b7b9249eca2b918b0fd20913f,14.974
d5c1c80145214282b058cf815792baa9,LIDAR_TOP_FRONT,4ecf3f822add44429c8a4fc76ab4f862,f994daad50a14ac49f1468d66eb8db62,3a65390b7b9249eca2b918b0fd20913f,3a65390b7b9249eca2b918b0fd20913f,2.998
d5c1c80145214282b058cf815792baa9,LIDAR_TOP_LEFT,115e15fdbaa74cc897b432ac5a6340fc,373fca46a765439794d1ecbb5839a161,7166d6892af0489cac2d7e007c077de9,3a65390b7b9249eca2b918b0fd20913f,-21.617
d5c1c80145214282b058cf815792baa9,LIDAR_TOP_RIGHT,dd0ce6aa446b49eeadf95123990135d2,f8849496a35c4af599b8e598afda166d,07a026e20ab6438eb3c3a2e7db838ae4,3a65390b7b9249eca2b918b0fd20913f,28.683
d5c1c80145214282b058cf815792baa9,RADAR_LEFT_BACK,4fc15769080447bd8f27f3c35bd01d27,326989c743c948bf86229f525d0deb2d,3a65390b7b9249eca2b918b0fd20913f,3a65390b7b9249eca2b918b0fd20913f,7.77
d5c1c80145214282b058cf815792baa9,RADAR_LEFT_FRONT,a651108c1ddd4cd89d8fa9ae9eaf0a0c,5e6c5afaa842478db6066e9de8dec1ef,3a65390b7b9249eca2b918b0fd20913f,3a65390b7b9249eca2b918b0fd20913f,4.44
d5c1c80145214282b058cf815792baa9,RADAR_LEFT_SIDE,6d36655a7ce44ad0b67ce2888013f1a1,cbecfab3ced24bbeab0a1b1bdd4375a8,3a65390b7b9249eca2b918b0fd20913f,3a65390b7b9249eca2b918b0fd20913f,4.348
d5c1c80145214282b058cf815792baa9,RADAR_RIGHT_BACK,6cd5fb5f2c5142429a790c370a1185cf,f2c73d43e0994ee8a16f930860856c0e,3a65390b7b9249eca2b918b0fd20913f,3a65390b7b9249eca2b918b0fd20913f,7.93
d5c1c80145214282b058cf815792baa9,RADAR_RIGHT_FRONT,bf09091539ea4bbf9b51fb2b9790c5be,3126c35b164c459d85e0a0555ccba628,3a65390b7b9249eca2b918b0fd20913f,3a65390b7b9249eca2b918b0fd20913f,4.481
d5c1c80145214282b058cf815792baa9,RADAR_RIGHT_SIDE,7947330922114f63a6b1ba71f20bdbe9,8bef64c60da74778a5b9ef975c97edb7,3a65390b7b9249eca2b918b0fd20913f,3a65390b7b9249eca2b918b0fd20913f,4.571
87ba8b5a4c294644890ddfad19209e7a,LIDAR_LEFT,894bae6a845a4e2ba6a8ec3c6bc0a4ac,2e6c7b7b7ceb4f69be01f9006cedf58f,3b93f22d0b20469997ee0b7de2a338ee,59685dc44c144c828cdca77a23ed0b2a,-10.658
87ba8b5a4c294644890ddfad19209e7a,LIDAR_REAR,a456453b683a4d78a9454686ca06e020,7198b581279c431bad450deaf7669f87,fda1196156ca4cddb96dc7289535f289,59685dc44c144c828cdca77a23ed0b2a,-47.853
87ba8b5a4c294644890ddfad19209e7a,LIDAR_RIGHT,f471d127ecdd4e4cbb8a6d0b882b8d73,aefabf5dd96744beb296b9881d60ff8b,32ce793468a64b848e0198a71306e379,59685dc44c144c828cdca77a23ed0b2a,14.712
87ba8b5a4c294644890ddfad19209e7a,LIDAR_TOP_FRONT,bff36afef1394a96ba73bdb602278874,f994daad50a14ac49f1468d66eb8db62,59685dc44c144c828cdca77a23ed0b2a,59685dc44c144c828cdca77a23ed0b2a,3.115
87ba8b5a4c294644890ddfad19209e7a,LIDAR_TOP_LEFT,4d00110e68cc425ebe7c099c82df2a6d,373fca46a765439794d1ecbb5839a161,69cbef6e952c44fc896cdca68e31bc60,59685dc44c144c828cdca77a23ed0b2a,-21.836
87ba8b5a4c294644890ddfad19209e7a,LIDAR_TOP_RIGHT,35bbfe91dc564e9ab94f66a0982caee4,f8849496a35c4af599b8e598afda166d,6dcbe6c10eb74ac681c0a96a7f51441f,59685dc44c144c828cdca77a23ed0b2a,28.469
87ba8b5a4c294644890ddfad19209e7a,RADAR_LEFT_BACK,0e24f96508ed4d978746005512ea9191,326989c743c948bf86229f525d0deb2d,59685dc44c144c828cdca77a23ed0b2a,59685dc44c144c828cdca77a23ed0b2a,4.694
87ba8b5a4c294644890ddfad19209e7a,RADAR_LEFT_FRONT,a03ebefbcbdb4f5683d9ab162a1a4786,5e6c5afaa842478db6066e9de8dec1ef,59685dc44c144c828cdca77a23ed0b2a,59685dc44c144c828cdca77a23ed0b2a,5.615
87ba8b5a4c294644890ddfad19209e7a,RADAR_LEFT_SIDE,9ff45f0ed4b744638a99dff8186a0a11,cbecfab3ced24bbeab0a1b1bdd4375a8,59685dc44c144c828cdca77a23ed0b2a,59685dc44c144c828cdca77a23ed0b2a,5.494
87ba8b5a4c294644890ddfad19209e7a,RADAR_RIGHT_BACK,6a6f643feb8143b58172eaf8c3f16771,f2c73d43e0994ee8a16f930860856c0e,59685dc44c144c828cdca77a23ed0b2a,59685dc44c144c828cdca77a23ed0b2a,4.709
87ba8b5a4c294644890ddfad19209e7a,RADAR_RIGHT_FRONT,e3caaf480e3248d294916ee560a8d9b9,3126c35b164c459d85e0a0555ccba628,59685dc44c144c828cdca77a23ed0b2a,59685dc44c144c828cdca77a23ed0b2a,5.321
87ba8b5a4c294644890ddfad19209e7a,RADAR_RIGHT_SIDE,dd5b252100d641b8b2048d015613d004,8bef64c60da74778a5b9ef975c97edb7,59685dc44c144c828cdca77a23ed0b2a,59685dc44c144c828cdca77a23ed0b2a,5.518
51a6e5b5fe5f4f5a99c05a1540d6d92a,LIDAR_LEFT,78918c2980a145dbb2fa26f63f58ab79,2e6c7b7b7ceb4f69be01f9006cedf58f,e71698456aa14a3c806a8abd61af38ba,87b7685c411a4afe96b44f882324d9f7,-10.655
51a6e5b5fe5f4f5a99c05a1540d6d92a,LIDAR_REAR,efe79dd1974c449f85ded88e01cf2c97,7198b581279c431bad450deaf7669f87,e071505633434e5cb7f4610c4e366734,87b7685c411a4afe96b44f882324d9f7,-48.4
51a6e5b5fe5f4f5a99c05a1540d6d92a,LIDAR_RIGHT,53e382e72cb844f895398402a8e60310,aefabf5dd96744beb296b9881d60ff8b,08a65bd78f4f44098d9f25e1663db133,87b7685c411a4afe96b44f882324d9f7,14.01
51a6e5b5fe5f4f5a99c05a1540d6d92a,LIDAR_TOP_FRONT,47a0da7db60b4364b028d82f79259ece,f994daad50a14ac49f1468d66eb8db62,87b7685c411a4afe96b44f882324d9f7,87b7685c411a4afe96b44f882324d9f7,2.604
51a6e5b5fe5f4f5a99c05a1540d6d92a,LIDAR_TOP_LEFT,29b7e93eb26e4de095170a5c006895da,373fca46a765439794d1ecbb5839a161,12dfce816d144b9ca1130c084f7c31f6,87b7685c411a4afe96b44f882324d9f7,-22.489
51a6e5b5fe5f4f5a99c05a1540d6d92a,LIDAR_TOP_RIGHT,f057a4259f6245dab072872bc4e5e45d,f8849496a35c4af599b8e598afda166d,9bc1bcecd3c1422ab3462da1d3d03cc8,87b7685c411a4afe96b44f882324d9f7,27.709
51a6e5b5fe5f4f5a99c05a1540d6d92a,RADAR_LEFT_BACK,9cdb0494bec544dda0a3f84ceb5dc262,326989c743c948bf86229f525d0deb2d,87b7685c411a4afe96b44f882324d9f7,87b7685c411a4afe96b44f882324d9f7,5.546
51a6e5b5fe5f4f5a99c05a1540d6d92a,RADAR_LEFT_FRONT,c3d779cae4b4446497405d775b7a4c1f,5e6c5afaa842478db6066e9de8dec1ef,87b7685c411a4afe96b44f882324d9f7,87b7685c411a4afe96b44f882324d9f7,6.632
51a6e5b5fe5f4f5a99c05a1540d6d92a,RADAR_LEFT_SIDE,e7a86cb618aa442a93253d16e6c0d519,cbecfab3ced24bbeab0a1b1bdd4375a8,87b7685c411a4afe96b44f882324d9f7,87b7685c411a4afe96b44f882324d9f7,6.53
51a6e5b5fe5f4f5a99c05a1540d6d92a,RADAR_RIGHT_BACK,32e3f2b9efc7433ebce9907a8afa932e,f2c73d43e0994ee8a16f930860856c0e,87b7685c411a4afe96b44f882324d9f7,87b7685c411a4afe96b44f882324d9f7,5.615
51a6e5b5fe5f4f5a99c05a1540d6d92a,RADAR_RIGHT_FRONT,a3e6c9beca8c496498c68ed9a8c7bb79,3126c35b164c459d85e0a0555ccba628,87b7685c411a4afe96b44f882324d9f7,87b7685c411a4afe96b44f882324d9f7,6.473
51a6e5b5fe5f4f5a99c05a1540d6d92a,RADAR_RIGHT_SIDE,740212cd0745420381de9819ab034771,8bef64c60da74778a5b9ef975c97edb7,87b7685c411a4afe96b44f882324d9f7,87b7685c411a4afe96b44f882324d9f7,6.583
1d111bf7b99d4a6cb886c4cc8525c855,LIDAR_LEFT,bce562f57aa44d238b2d05f6918e8cb0,2e6c7b7b7ceb4f69be01f9006cedf58f,d747fbf5ff314fdbbc40c140b0e0da36,6f2f3a36e4da4f40980ca881adf568d3,-10.643
1d111bf7b99d4a6cb886c4cc8525c855,LIDAR_REAR,88db5b68d1f74b50848ccc8a95faf851,7198b581279c431bad450deaf7669f87,f606609f024744e2ba5db4478ace1aec,6f2f3a36e4da4f40980ca881adf568d3,-48.587
1d111bf7b99d4a6cb886c4cc8525c855,LIDAR_RIGHT,743092e816e54f419eb9c732e56c00d5,aefabf5dd96744beb296b9881d60ff8b,3558f89fb6614487828f7bf89885820b,6f2f3a36e4da4f40980ca881adf568d3,14.349
1d111bf7b99d4a6cb886c4cc8525c855,LIDAR_TOP_FRONT,25044f8ba56f49ca8dd4dec2366360ba,f994daad50a14ac49f1468d66eb8db62,6f2f3a36e4da4f40980ca881adf568d3,6f2f3a36e4da4f40980ca881adf568d3,2.513
1d111bf7b99d4a6cb886c4cc8525c855,LIDAR_TOP_LEFT,8baee21254fb49b1874d37f7a8e36f0b,373fca46a765439794d1ecbb5839a161,efd8d7f1bd5547409693d058547e2696,6f2f3a36e4da4f40980ca881adf568d3,-22.613
1d111bf7b99d4a6cb886c4cc8525c855,LIDAR_TOP_RIGHT,f5c5d809e0c64915aa9185018ed8c755,f8849496a35c4af599b8e598afda166d,9e5775cdf3ed4ea6b981204b55f6ac18,6f2f3a36e4da4f40980ca881adf568d3,27.429
1d111bf7b99d4a6cb886c4cc8525c855,RADAR_LEFT_BACK,b4226c00ccd94151ac7c4325ed9c352b,326989c743c948bf86229f525d0deb2d,6f2f3a36e4da4f40980ca881adf568d3,6f2f3a36e4da4f40980ca881adf568d3,6.799
1d111bf7b99d4a6cb886c4cc8525c855,RADAR_LEFT_FRONT,34210c4640024cb488796419dccc3ee8,5e6c5afaa842478db6066e9de8dec1ef,6f2f3a36e4da4f40980ca881adf568d3,6f2f3a36e4da4f40980ca881adf568d3,3.838
1d111bf7b99d4a6cb886c4cc8525c855,RADAR_LEFT_SIDE,fc0446af2c5d4416b5353ca7ceddce13,cbecfab3ced24bbeab0a1b1bdd4375a8,6f2f3a36e4da4f40980ca881adf568d3,6f2f3a36e4da4f40980ca881adf568d3,3.686
1d111bf7b99d4a6cb886c4cc8525c855,RADAR_RIGHT_BACK,ad97e3515a2b4a718b484eae3794d075,f2c73d43e0994ee8a16f930860856c0e,6f2f3a36e4da4f40980ca881adf568d3,6f2f3a36e4da4f40980ca881adf568d3,6.875
1d111bf7b99d4a6cb886c4cc8525c855,RADAR_RIGHT_FRONT,f10df9e1ac2a4f9b8fbe99b9d401ab55,3126c35b164c459d85e0a0555ccba628,6f2f3a36e4da4f40980ca881adf568d3,6f2f3a36e4da4f40980ca881adf568d3,3.243
1d111bf7b99d4a6cb886c4cc8525c855,RADAR_RIGHT_SIDE,55f232f178594a7ebfb9fb272721f247,8bef64c60da74778a5b9ef975c97edb7,6f2f3a36e4da4f40980ca881adf568d3,6f2f3a36e4da4f40980ca881adf568d3,3.393
9bd153ce54554cc9a028e6456d2751d2,LIDAR_LEFT,411310ad0b2f463598af8b6678689474,2e6c7b7b7ceb4f69be01f9006cedf58f,8295ddb31b234e2c830fa8dadf77d400,de74bae678b045ad98dc4f359c880741,-10.645
9bd153ce54554cc9a028e6456d2751d2,LIDAR_REAR,1a73f1c57cfd4117969c383593778dd0,7198b581279c431bad450deaf7669f87,cb1d080f851b454e8d6b45a9bbc5cffe,de74bae678b045ad98dc4f359c880741,-48.22
9bd153ce54554cc9a028e6456d2751d2,LIDAR_RIGHT,286dcda3a48b43899daf0d3d710ba2f9,aefabf5dd96744beb296b9881d60ff8b,ba9375edb9634d6eba565e375900da54,de74bae678b045ad98dc4f359c880741,14.335
9bd153ce54554cc9a028e6456d2751d2,LIDAR_TOP_FRONT,3a9c40d13d3144ac91c9552816de61a5,f994daad50a14ac49f1468d66eb8db62,de74bae678b045ad98dc4f359c880741,de74bae678b045ad98dc4f359c880741,2.741
9bd153ce54554cc9a028e6456d2751d2,LIDAR_TOP_LEFT,897fc589f5c0424fa7ccfd3f218f2ed9,373fca46a765439794d1ecbb5839a161,9764281233a34f3a8a48746f3c120503,de74bae678b045ad98dc4f359c880741,-22.267
9bd153ce54554cc9a028e6456d2751d2,LIDAR_TOP_RIGHT,b59e6ffe763a458882b39251fc64b059,f8849496a35c4af599b8e598afda166d,d3e2c125644c4f18bfcc9e1602a674ca,de74bae678b045ad98dc4f359c880741,27.767
9bd153ce54554cc9a028e6456d2751d2,RADAR_LEFT_BACK,0c5d58b3d06742dd8b4437d5e14447e6,326989c743c948bf86229f525d0deb2d,de74bae678b045ad98dc4f359c880741,de74bae678b045ad98dc4f359c880741,3.463
9bd153ce54554cc9a028e6456d2751d2,RADAR_LEFT_FRONT,edab5eb473d848048a32f007204146b6,5e6c5afaa842478db6066e9de8dec1ef,de74bae678b045ad98dc4f359c880741,de74bae678b045ad98dc4f359c880741,5.101
9bd153ce54554cc9a028e6456d2751d2,RADAR_LEFT_SIDE,15360ff89e724ec1a18ced058113a3fd,cbecfab3ced24bbeab0a1b1bdd4375a8,de74bae678b045ad98dc4f359c880741,de74bae678b045ad98dc4f359c880741,5.017
9bd153ce54554cc9a028e6456d2751d2,RADAR_RIGHT_BACK,2a690991c35344ae99de204b121063d1,f2c73d43e0994ee8a16f930860856c0e,de74bae678b045ad98dc4f359c880741,de74bae678b045ad98dc4f359c880741,3.518
9bd153ce54554cc9a028e6456d2751d2,RADAR_RIGHT_FRONT,646f549bba4f4b24af9a23a61843242d,3126c35b164c459d85e0a0555ccba628,de74bae678b045ad98dc4f359c880741,de74bae678b045ad98dc4f359c880741,5.437
9bd153ce54554cc9a028e6456d2751d2,RADAR_RIGHT_SIDE,dd74d7d6a00748808e0e742c92c28364,8bef64c60da74778a5b9ef975c97edb7,de74bae678b045ad98dc4f359c880741,de74bae678b045ad98dc4f359c880741,5.479
ac66e06eade741ea8e18d7ed4ce20120,LIDAR_LEFT,66078003fcb84a9098517b7c2bfe7f10,2e6c7b7b7ceb4f69be01f9006cedf58f,028b7c2e0e5d449490c2b77381b1d011,2294aa5cfd3746cb9c874d269ef42084,-10.641
ac66e06eade741ea8e18d7ed4ce20120,LIDAR_REAR,0fa296750e4b48d8ad33629e46b43157,7198b581279c431bad450deaf7669f87,0e4b195d883a408395e58c6e53ecb506,2294aa5cfd3746cb9c874d269ef42084,-47.84
ac66e06eade741ea8e18d7ed4ce20120,LIDAR_RIGHT,a9d5a618b71443deb1d35e4311109a08,aefabf5dd96744beb296b9881d60ff8b,a11ba824db114ff69308a0dacc328c03,2294aa5cfd3746cb9c874d269ef42084,14.328
ac66e06eade741ea8e18d7ed4ce20120,LIDAR_TOP_FRONT,3eb1f8b0078042a993c140df167608f8,f994daad50a14ac49f1468d66eb8db62,2294aa5cfd3746cb9c874d269ef42084,2294aa5cfd3746cb9c874d269ef42084,2.8
ac66e06eade741ea8e18d7ed4ce20120,LIDAR_TOP_LEFT,12547268d5cc4d58ad501e756fdadd05,373fca46a765439794d1ecbb5839a161,fb168dd35d2248db96c7266eb7d7a6cd,2294aa5cfd3746cb9c874d269ef42084,-22.075
ac66e06eade741ea8e18d7ed4ce20120,LIDAR_TOP_RIGHT,f649a8e2886a47729dd4329a2f2b5f66,f8849496a35c4af599b8e598afda166d,cea6294fdb8c461980195ddab6178d9b,2294aa5cfd3746cb9c874d269ef42084,27.93
ac66e06eade741ea8e18d7ed4ce20120,RADAR_LEFT_BACK,4aac89ea859940b7a4fbd3493000115b,326989c743c948bf86229f525d0deb2d,2294aa5cfd3746cb9c874d269ef42084,2294aa5cfd3746cb9c874d269ef42084,5.707
ac66e06eade741ea8e18d7ed4ce20120,RADAR_LEFT_FRONT,7033db01f5b442f78cb0412905fb08d6,5e6c5afaa842478db6066e9de8dec1ef,2294aa5cfd3746cb9c874d269ef42084,2294aa5cfd3746cb9c874d269ef42084,6.889
ac66e06eade741ea8e18d7ed4ce20120,RADAR_LEFT_SIDE,b8625b9a68fa4253b519e203fba043dd,cbecfab3ced24bbeab0a1b1bdd4375a8,2294aa5cfd3746cb9c874d269ef42084,2294aa5cfd3746cb9c874d269ef42084,6.811
ac66e06eade741ea8e18d7ed4ce20120,RADAR_RIGHT_BACK,016bf3d3c2a5422ebddd30a4c5331a0d,f2c73d43e0994ee8a16f930860856c0e,2294aa5cfd3746cb9c874d269ef42084,2294aa5cfd3746cb9c874d269ef42084,5.755
ac66e06eade741ea8e18d7ed4ce20120,RADAR_RIGHT_FRONT,9cf7bee5bdc04af7b943a8da5b02db7e,3126c35b164c459d85e0a0555ccba628,2294aa5cfd3746cb9c874d269ef42084,2294aa5cfd3746cb9c874d269ef42084,6.445
ac66e06eade741ea8e18d7ed4ce20120,RADAR_RIGHT_SIDE,e97c6a2111bc47469b37b58ff08a0427,8bef64c60da74778a5b9ef975c97edb7,2294aa5cfd3746cb9c874d269ef42084,2294aa5cfd3746cb9c874d269ef42084,6.52
1d22c6a108994cc9862094c5b3f454fd,LIDAR_LEFT,81b293ec918b419ca147b3632966f93e,2e6c7b7b7ceb4f69be01f9006cedf58f,d2db9f3ff8d54edfaaa386f1494f42f9,66196fdf5ea94a7d94d1fda2181e1e53,-10.657
1d22c6a108994cc9862094c5b3f454fd,LIDAR_REAR,4cf41c377c9e446683b35af1503da4f5,7198b581279c431bad450deaf7669f87,32da4805f6b246499ac467af5b417d58,66196fdf5ea94a7d94d1fda2181e1e53,-47.9
1d22c6a108994cc9862094c5b3f454fd,LIDAR_RIGHT,5b581f62cb3b43f2859075caaf9e2196,aefabf5dd96744beb296b9881d60ff8b,3ba36402ee1c480caf99ddbc014e0b52,66196fdf5ea94a7d94d1fda2181e1e53,14.505
1d22c6a108994cc9862094c5b3f454fd,LIDAR_TOP_FRONT,ddc6853e2db14b37a1709ef25d004302,f994daad50a14ac49f1468d66eb8db62,66196fdf5ea94a7d94d1fda2181e1e53,66196fdf5ea94a7d94d1fda2181e1e53,2.72
1d22c6a108994cc9862094c5b3f454fd,LIDAR_TOP_LEFT,24d4ccc51e34464595a376bb9d042ca1,373fca46a765439794d1ecbb5839a161,278c166ae7fc4cd894084a4c0053acf4,66196fdf5ea94a7d94d1fda2181e1e53,-21.97
1d22c6a108994cc9862094c5b3f454fd,LIDAR_TOP_RIGHT,9fb27b87d1934c8eb958a729d240dc9b,f8849496a35c4af599b8e598afda166d,3ad755e1dc874d1cbac1c951a4994716,66196fdf5ea94a7d94d1fda2181e1e53,28.048
1d22c6a108994cc9862094c5b3f454fd,RADAR_LEFT_BACK,156d8d8848f84c7d948aa38bc867f800,326989c743c948bf86229f525d0deb2d,66196fdf5ea94a7d94d1fda2181e1e53,66196fdf5ea94a7d94d1fda2181e1e53,7.145
1d22c6a108994cc9862094c5b3f454fd,RADAR_LEFT_FRONT,bf220672272c44d39f12fcaac72461c0,5e6c5afaa842478db6066e9de8dec1ef,66196fdf5ea94a7d94d1fda2181e1e53,66196fdf5ea94a7d94d1fda2181e1e53,3.788
1d22c6a108994cc9862094c5b3f454fd,RADAR_LEFT_SIDE,28311df961ba4afc91ec5fdb07a6faa5,cbecfab3ced24bbeab0a1b1bdd4375a8,66196fdf5ea94a7d94d1fda2181e1e53,66196fdf5ea94a7d94d1fda2181e1e53,3.688
1d22c6a108994cc9862094c5b3f454fd,RADAR_RIGHT_BACK,6312488d8836473aac525a30ab3be01c,f2c73d43e0994ee8a16f930860856c0e,66196fdf5ea94a7d94d1fda2181e1e53,66196fdf5ea94a7d94d1fda2181e1e53,7.204
1d22c6a108994cc9862094c5b3f454fd,RADAR_RIGHT_FRONT,250b608ee5584c52a36809e6e20688ca,3126c35b164c459d85e0a0555ccba628,66196fdf5ea94a7d94d1fda2181e1e53,66196fdf5ea94a7d94d1fda2181e1e53,4.535
1d22c6a108994cc9862094c5b3f454fd,RADAR_RIGHT_SIDE,bf4535aa2fa7450bb59cecb01b0715f2,8bef64c60da74778a5b9ef975c97edb7,66196fdf5ea94a7d94d1fda2181e1e53,66196fdf5ea94a7d94d1fda2181e1e53,4.488
e9f4a50a1b0a41a492edf7a4870f594c,LIDAR_LEFT,0c93cdabc71b4cff9e19bbf239c2c64b,2e6c7b7b7ceb4f69be01f9006cedf58f,4acf1d33253c48ff87edacc9c8bff5ab,43e3fd50423a405da9dab3c5b646568f,-10.658
e9f4a50a1b0a41a492edf7a4870f594c,LIDAR_REAR,0c1e58bd29b349ecb8202f125ac02cd5,7198b581279c431bad450deaf7669f87,3be8ed343d7a44449f5fb110c68c32e3,43e3fd50423a405da9dab3c5b646568f,-48.047
e9f4a50a1b0a41a492edf7a4870f594c,LIDAR_RIGHT,c72b4ed356ce4785890d54a68bf6648d,aefabf5dd96744beb296b9881d60ff8b,78aa9143107a42d38200c0e8af9920cf,43e3fd50423a405da9dab3c5b646568f,14.636
e9f4a50a1b0a41a492edf7a4870f594c,LIDAR_TOP_FRONT,4c2c93c7057441d78ac6d2e442b06424,f994daad50a14ac49f1468d66eb8db62,43e3fd50423a405da9dab3c5b646568f,43e3fd50423a405da9dab3c5b646568f,3.116
e9f4a50a1b0a41a492edf7a4870f594c,LIDAR_TOP_LEFT,6906776b913148ffb2087868af372316,373fca46a765439794d1ecbb5839a161,3f81814564974cf18bb74a1ecb09367c,43e3fd50423a405da9dab3c5b646568f,-21.765
e9f4a50a1b0a41a492edf7a4870f594c,LIDAR_TOP_RIGHT,49efa069157b45388bd6961b0763e220,f8849496a35c4af599b8e598afda166d,5fef4949d5694d22a66bd886d894303b,43e3fd50423a405da9dab3c5b646568f,28.229
e9f4a50a1b0a41a492edf7a4870f594c,RADAR_LEFT_BACK,2cf9fa21109748a392e686e31ecc2c9a,326989c743c948bf86229f525d0deb2d,43e3fd50423a405da9dab3c5b646568f,43e3fd50423a405da9dab3c5b646568f,7.267
e9f4a50a1b0a41a492edf7a4870f594c,RADAR_LEFT_FRONT,f80ed32ae3b7488d8a140ef4b2e6d509,5e6c5afaa842478db6066e9de8dec1ef,43e3fd50423a405da9dab3c5b646568f,43e3fd50423a405da9dab3c5b646568f,3.777
e9f4a50a1b0a41a492edf7a4870f594c,RADAR_LEFT_SIDE,d481f4f2bf294f66bae850d092100a10,cbecfab3ced24bbeab0a1b1bdd4375a8,43e3fd50423a405da9dab3c5b646568f,43e3fd50423a405da9dab3c5b646568f,6.695
e9f4a50a1b0a41a492edf7a4870f594c,RADAR_RIGHT_BACK,9a0c7d688d304a9799a07ddf6a97512d,f2c73d43e0994ee8a16f930860856c0e,43e3fd50423a405da9dab3c5b646568f,43e3fd50423a405da9dab3c5b646568f,7.347
e9f4a50a1b0a41a492edf7a4870f594c,RADAR_RIGHT_FRONT,3700357eb7cd4cba99fbfc4dbd38f47b,3126c35b164c459d85e0a0555ccba628,43e3fd50423a405da9dab3c5b646568f,43e3fd50423a405da9dab3c5b646568f,3.835
e9f4a50a1b0a41a492edf7a4870f594c,RADAR_RIGHT_SIDE,c7d4a5f48f5c42d0a0ef9ead118b05d2,8bef64c60da74778a5b9ef975c97edb7,43e3fd50423a405da9dab3c5b646568f,43e3fd50423a405da9dab3c5b646568f,6.588
80587e2bcbc24524967ae3d9ebb2517a,LIDAR_LEFT,a9db5afedf1046c1a62935d1ee64a7c6,2e6c7b7b7ceb4f69be01f9006cedf58f,57757fcb248949ab954d11971201b7ee,287d6e6274e540ee97076cf4088cfa66,-10.646
80587e2bcbc24524967ae3d9ebb2517a,LIDAR_REAR,817aedf62884420db9dd624927207512,7198b581279c431bad450deaf7669f87,f717f78db9ca401d96be61a399cff282,287d6e6274e540ee97076cf4088cfa66,-48.476
80587e2bcbc24524967ae3d9ebb2517a,LIDAR_RIGHT,40dfbb3aa72442f5934c4b44ac4657ca,aefabf5dd96744beb296b9881d60ff8b,9833f09781584c5bb4d82695fd2eaf08,287d6e6274e540ee97076cf4088cfa66,14.312
80587e2bcbc24524967ae3d9ebb2517a,LIDAR_TOP_FRONT,419da36ef64e40d780c0d655c140b222,f994daad50a14ac49f1468d66eb8db62,287d6e6274e540ee97076cf4088cfa66,287d6e6274e540ee97076cf4088cfa66,2.451
80587e2bcbc24524967ae3d9ebb2517a,LIDAR_TOP_LEFT,58c3d1d7c2404d1ebc0c657c88a23ac4,373fca46a765439794d1ecbb5839a161,203ea20667ee411c89837f8f45271900,287d6e6274e540ee97076cf4088cfa66,-22.212
80587e2bcbc24524967ae3d9ebb2517a,LIDAR_TOP_RIGHT,9e3b40195daa46c7a47c2d455c8bed66,f8849496a35c4af599b8e598afda166d,8a158b2923dc40d58e888741bd696c07,287d6e6274e540ee97076cf4088cfa66,27.689
80587e2bcbc24524967ae3d9ebb2517a,RADAR_LEFT_BACK,acf373826a7645069f1a885ffaaff91c,326989c743c948bf86229f525d0deb2d,287d6e6274e540ee97076cf4088cfa66,287d6e6274e540ee97076cf4088cfa66,3.253
80587e2bcbc24524967ae3d9ebb2517a,RADAR_LEFT_FRONT,6ce684fcd37f448e9ba84d1cdce37d32,5e6c5afaa842478db6066e9de8dec1ef,287d6e6274e540ee97076cf4088cfa66,287d6e6274e540ee97076cf4088cfa66,5.445
80587e2bcbc24524967ae3d9ebb2517a,RADAR_LEFT_SIDE,5c03cbd35d5a49c792205edf32841013,cbecfab3ced24bbeab0a1b1bdd4375a8,287d6e6274e540ee97076cf4088cfa66,287d6e6274e540ee97076cf4088cfa66,3.347
80587e2bcbc24524967ae3d9ebb2517a,RADAR_RIGHT_BACK,68675ae5200a41848714436f094a8784,f2c73d43e0994ee8a16f930860856c0e,287d6e6274e540ee97076cf4088cfa66,287d6e6274e540ee97076cf4088cfa66,4.045
80587e2bcbc24524967ae3d9ebb2517a,RADAR_RIGHT_FRONT,818c71d65e364af2b09c0ac7285fbd56,3126c35b164c459d85e0a0555ccba628,287d6e6274e540ee97076cf4088cfa66,287d6e6274e540ee97076cf4088cfa66,5.595
80587e2bcbc24524967ae3d9ebb2517a,RADAR_RIGHT_SIDE,af99974dc29e40e493f284afc846ccb0,8bef64c60da74778a5b9ef975c97edb7,287d6e6274e540ee97076cf4088cfa66,287d6e6274e540ee97076cf4088cfa66,3.216
ce95e0afbb7245018e8645c3fd8a1bc6,LIDAR_LEFT,2d9b8e86d5ab4bf3b473925361f04d48,2e6c7b7b7ceb4f69be01f9006cedf58f,a61b64609831463db799385cfac80b01,8eacebf964bf4250b766a6078da6a48f,-10.638
ce95e0afbb7245018e8645c3fd8a1bc6,LIDAR_REAR,6c2924c50bab43cc8dbc21df15471ded,7198b581279c431bad450deaf7669f87,a87cc024873844cf8d03e2d523955f41,8eacebf964bf4250b766a6078da6a48f,-48.176
ce95e0afbb7245018e8645c3fd8a1bc6,LIDAR_RIGHT,52a9ae665ddd485e9a64d76bc9b967ea,aefabf5dd96744beb296b9881d60ff8b,87b1754eefdf405a9200aebc9d45b208,8eacebf964bf4250b766a6078da6a48f,14.272
ce95e0afbb7245018e8645c3fd8a1bc6,LIDAR_TOP_FRONT,00d3802b084b4a0ca0207fce83f8417a,f994daad50a14ac49f1468d66eb8db62,8eacebf964bf4250b766a6078da6a48f,8eacebf964bf4250b766a6078da6a48f,2.833
ce95e0afbb7245018e8645c3fd8a1bc6,LIDAR_TOP_LEFT,f403ad7818de45b1ae8ed56e15b84ba4,373fca46a765439794d1ecbb5839a161,56e44f9fcc4e4b6198c692ef6a034348,8eacebf964bf4250b766a6078da6a48f,-22.059
ce95e0afbb7245018e8645c3fd8a1bc6,LIDAR_TOP_RIGHT,1b1950526df141c394bb3edb7c07cda9,f8849496a35c4af599b8e598afda166d,c839ae76682c4e4e8a0c145af7a02357,8eacebf964bf4250b766a6078da6a48f,28.051
ce95e0afbb7245018e8645c3fd8a1bc6,RADAR_LEFT_BACK,f038a82d19774585a3db382276cad353,326989c743c948bf86229f525d0deb2d,8eacebf964bf4250b766a6078da6a48f,8eacebf964bf4250b766a6078da6a48f,5.424
ce95e0afbb7245018e8645c3fd8a1bc6,RADAR_LEFT_FRONT,b0b3af8a83e94cfe88a3cd3ce73c6716,5e6c5afaa842478db6066e9de8dec1ef,8eacebf964bf4250b766a6078da6a48f,8eacebf964bf4250b766a6078da6a48f,7.253
ce95e0afbb7245018e8645c3fd8a1bc6,RADAR_LEFT_SIDE,3771b1e658b94e0796812a26fb43daf7,cbecfab3ced24bbeab0a1b1bdd4375a8,8eacebf964bf4250b766a6078da6a48f,8eacebf964bf4250b766a6078da6a48f,5.441
ce95e0afbb7245018e8645c3fd8a1bc6,RADAR_RIGHT_BACK,30fd0fcba68447c7b614a633cdbed519,f2c73d43e0994ee8a16f930860856c0e,8eacebf964bf4250b766a6078da6a48f,8eacebf964bf4250b766a6078da6a48f,5.55
ce95e0afbb7245018e8645c3fd8a1bc6,RADAR_RIGHT_FRONT,7884f14a7f834fe68425a07464998505,3126c35b164c459d85e0a0555ccba628,8eacebf964bf4250b766a6078da6a48f,8eacebf964bf4250b766a6078da6a48f,7.385
ce95e0afbb7245018e8645c3fd8a1bc6,RADAR_RIGHT_SIDE,164ff35ca04846a899fdbccce59535bb,8bef64c60da74778a5b9ef975c97edb7,8eacebf964bf4250b766a6078da6a48f,8eacebf964bf4250b766a6078da6a48f,5.283
3d64d76d8a914f1dad6e09956d6443b7,LIDAR_LEFT,55a28063f5c24440bf2124cac389efeb,2e6c7b7b7ceb4f69be01f9006cedf58f,14d129b35ec647c398b5337606891db9,7dc52574b20e46dd81eddc4ca100cf02,-10.639
3d64d76d8a914f1dad6e09956d6443b7,LIDAR_REAR,e61a87ffa55f41039ef2c6e426937652,7198b581279c431bad450deaf7669f87,9db26ea062c84ae5ab9569adc759a72c,7dc52574b20e46dd81eddc4ca100cf02,-47.806
3d64d76d8a914f1dad6e09956d6443b7,LIDAR_RIGHT,4dfe4126550e4e61979a6785e01be1ee,aefabf5dd96744beb296b9881d60ff8b,64461a081df84a5195462d2c83f356ea,7dc52574b20e46dd81eddc4ca100cf02,14.88
3d64d76d8a914f1dad6e09956d6443b7,LIDAR_TOP_FRONT,495991136f4c49ae908914bbc897372f,f994daad50a14ac49f1468d66eb8db62,7dc52574b20e46dd81eddc4ca100cf02,7dc52574b20e46dd81eddc4ca100cf02,3.356
3d64d76d8a914f1dad6e09956d6443b7,LIDAR_TOP_LEFT,52e3f4aa27fe4ede925127ba38b8ba57,373fca46a765439794d1ecbb5839a161,22eedf2f104b4857aa167ce532288f7e,7dc52574b20e46dd81eddc4ca100cf02,-21.769
3d64d76d8a914f1dad6e09956d6443b7,LIDAR_TOP_RIGHT,fadcf07e75d345c28e97e1ced19ec742,f8849496a35c4af599b8e598afda166d,307dadafec0b4963bf13784c8380905f,7dc52574b20e46dd81eddc4ca100cf02,28.547
3d64d76d8a914f1dad6e09956d6443b7,RADAR_LEFT_BACK,b879d387f3fc43cd929bc70d2076a79e,326989c743c948bf86229f525d0deb2d,7dc52574b20e46dd81eddc4ca100cf02,7dc52574b20e46dd81eddc4ca100cf02,7.29
3d64d76d8a914f1dad6e09956d6443b7,RADAR_LEFT_FRONT,4143c7b43fb74d7aa7228184969f3ce2,5e6c5afaa842478db6066e9de8dec1ef,7dc52574b20e46dd81eddc4ca100cf02,7dc52574b20e46dd81eddc4ca100cf02,4.662
3d64d76d8a914f1dad6e09956d6443b7,RADAR_LEFT_SIDE,0657824a2e344e979ce2f01ce2afb2a1,cbecfab3ced24bbeab0a1b1bdd4375a8,7dc52574b20e46dd81eddc4ca100cf02,7dc52574b20e46dd81eddc4ca100cf02,6.555
3d64d76d8a914f1dad6e09956d6443b7,RADAR_RIGHT_BACK,16e3a7b0cda24dccbdec2b38c276d03e,f2c73d43e0994ee8a16f930860856c0e,7dc52574b20e46dd81eddc4ca100cf02,7dc52574b20e46dd81eddc4ca100cf02,7.374
3d64d76d8a914f1dad6e09956d6443b7,RADAR_RIGHT_FRONT,8ce3f2466490403aa9dfe48e06441666,3126c35b164c459d85e0a0555ccba628,7dc52574b20e46dd81eddc4ca100cf02,7dc52574b20e46dd81eddc4ca100cf02,4.874
3d64d76d8a914f1dad6e09956d6443b7,RADAR_RIGHT_SIDE,20ded1da903d494fa400c01784880a88,8bef64c60da74778a5b9ef975c97edb7,7dc52574b20e46dd81eddc4ca100cf02,7dc52574b20e46dd81eddc4ca100cf02,6.505
db3eb0f710004882b55e2dd1e7b9f606,LIDAR_LEFT,51e6e397bb404b47a718a95a877fec90,2e6c7b7b7ceb4f69be01f9006cedf58f,2b95939355b242fda4dce86bf45baa54,e4a47380398f47888d2df1d68dbf2dc1,-10.638
db3eb0f710004882b55e2dd1e7b9f606,LIDAR_REAR,04b4225ab55546de922cf463c522eec8,7198b581279c431bad450deaf7669f87,30f6700158bd48d8bc8b3eee803624ee,e4a47380398f47888d2df1d68dbf2dc1,-47.351
db3eb0f710004882b55e2dd1e7b9f606,LIDAR_RIGHT,ad516c2e19144542884a69d671beea64,aefabf5dd96744beb296b9881d60ff8b,7745ea67817d4eec96db539b2d14ffa3,e4a47380398f47888d2df1d68dbf2dc1,15.839
db3eb0f710004882b55e2dd1e7b9f606,LIDAR_TOP_FRONT,705f0154887b4a57a38a19e5194f7da4,f994daad50a14ac49f1468d66eb8db62,e4a47380398f47888d2df1d68dbf2dc1,e4a47380398f47888d2df1d68dbf2dc1,3.781
db3eb0f710004882b55e2dd1e7b9f606,LIDAR_TOP_LEFT,17fcdcb1118f42fe96ec7efa73dcebec,373fca46a765439794d1ecbb5839a161,ba61e1b42ee1455db5b1617ea1db6e61,e4a47380398f47888d2df1d68dbf2dc1,-21.363
db3eb0f710004882b55e2dd1e7b9f606,LIDAR_TOP_RIGHT,b9e95dc690bd46bf934b820e8c42aa03,f8849496a35c4af599b8e598afda166d,5bd1242fca574dc6953555cde57833a5,e4a47380398f47888d2df1d68dbf2dc1,28.879
db3eb0f710004882b55e2dd1e7b9f606,RADAR_LEFT_BACK,3ce4b2918cb54a08ab7a2ff5ebaac399,326989c743c948bf86229f525d0deb2d,e4a47380398f47888d2df1d68dbf2dc1,e4a47380398f47888d2df1d68dbf2dc1,4.711
db3eb0f710004882b55e2dd1e7b9f606,RADAR_LEFT_FRONT,23ef0d38d4734784a2707e1a55ef8775,5e6c5afaa842478db6066e9de8dec1ef,e4a47380398f47888d2df1d68dbf2dc1,e4a47380398f47888d2df1d68dbf2dc1,6.264
db3eb0f710004882b55e2dd1e7b9f606,RADAR_LEFT_SIDE,9a9bc6ad5f89446d85fb3dc51ab71ace,cbecfab3ced24bbeab0a1b1bdd4375a8,e4a47380398f47888d2df1d68dbf2dc1,e4a47380398f47888d2df1d68dbf2dc1,4.962
db3eb0f710004882b55e2dd1e7b9f606,RADAR_RIGHT_BACK,71a3f98f88494e709298e2d442da31ce,f2c73d43e0994ee8a16f930860856c0e,e4a47380398f47888d2df1d68dbf2dc1,e4a47380398f47888d2df1d68dbf2dc1,4.122
db3eb0f710004882b55e2dd1e7b9f606,RADAR_RIGHT_FRONT,d2f00581e7934184a87a6bb6ac1e8ee2,3126c35b164c459d85e0a0555ccba628,e4a47380398f47888d2df1d68dbf2dc1,e4a47380398f47888d2df1d68dbf2dc1,6.461
db3eb0f710004882b55e2dd1e7b9f606,RADAR_RIGHT_SIDE,00da4102079b4a40aedf18ffd543d647,8bef64c60da74778a5b9ef975c97edb7,e4a47380398f47888d2df1d68dbf2dc1,e4a47380398f47888d2df1d68dbf2dc1,4.907
fc4f2122f1d44b22bf8ad29854af135f,LIDAR_LEFT,ca95fa50a732402b93e310eb4344b79e,2e6c7b7b7ceb4f69be01f9006cedf58f,510d0684f767425dbd0c8333cdc80c56,479be4e6a8ec419f8ac43f8a0811b505,-10.654
fc4f2122f1d44b22bf8ad29854af135f,LIDAR_REAR,1f2ac29181e9479ab8568ea6815ce90b,7198b581279c431bad450deaf7669f87,d16c962fa1f844aba1d573d195eed7b9,479be4e6a8ec419f8ac43f8a0811b505,-47.202
fc4f2122f1d44b22bf8ad29854af135f,LIDAR_RIGHT,fd9f4537754644a4a35b07c366d7db3f,aefabf5dd96744beb296b9881d60ff8b,90d6bd547a3947679191adf037ad5525,479be4e6a8ec419f8ac43f8a0811b505,16.071
fc4f2122f1d44b22bf8ad29854af135f,LIDAR_TOP_FRONT,6f07d9fbabf346f785469ac3d26a08bc,f994daad50a14ac49f1468d66eb8db62,479be4e6a8ec419f8ac43f8a0811b505,479be4e6a8ec419f8ac43f8a0811b505,3.703
fc4f2122f1d44b22bf8ad29854af135f,LIDAR_TOP_LEFT,679771226ba844b298a68abc7fb2a4f7,373fca46a765439794d1ecbb5839a161,07137c3943a04ed0afa12eb49d68cd48,479be4e6a8ec419f8ac43f8a0811b505,-21.417
fc4f2122f1d44b22bf8ad29854af135f,LIDAR_TOP_RIGHT,18797853e29749109f4051b00da69d58,f8849496a35c4af599b8e598afda166d,60db8988a03b412aac85dd5f590635e5,479be4e6a8ec419f8ac43f8a0811b505,29.09
fc4f2122f1d44b22bf8ad29854af135f,RADAR_LEFT_BACK,2bc75ee46a5e4091ba20f1e790ee50a9,326989c743c948bf86229f525d0deb2d,479be4e6a8ec419f8ac43f8a0811b505,479be4e6a8ec419f8ac43f8a0811b505,6.056
fc4f2122f1d44b22bf8ad29854af135f,RADAR_LEFT_FRONT,f63b7815b19f4b648d21c6245420f003,5e6c5afaa842478db6066e9de8dec1ef,479be4e6a8ec419f8ac43f8a0811b505,479be4e6a8ec419f8ac43f8a0811b505,7.881
fc4f2122f1d44b22bf8ad29854af135f,RADAR_LEFT_SIDE,215a54bb957c468c8427df3b638768e6,cbecfab3ced24bbeab0a1b1bdd4375a8,479be4e6a8ec419f8ac43f8a0811b505,479be4e6a8ec419f8ac43f8a0811b505,5.775
fc4f2122f1d44b22bf8ad29854af135f,RADAR_RIGHT_BACK,8ea84bed33a7418481ef21439cfcb3d1,f2c73d43e0994ee8a16f930860856c0e,479be4e6a8ec419f8ac43f8a0811b505,479be4e6a8ec419f8ac43f8a0811b505,6.277
fc4f2122f1d44b22bf8ad29854af135f,RADAR_RIGHT_FRONT,ecc2aefee2954b5c8fbe3faf988a609e,3126c35b164c459d85e0a0555ccba628,479be4e6a8ec419f8ac43f8a0811b505,479be4e6a8ec419f8ac43f8a0811b505,7.986
fc4f2122f1d44b22bf8ad29854af135f,RADAR_RIGHT_SIDE,d480de71c12649ba9cbd58ca91d690f7,8bef64c60da74778a5b9ef975c97edb7,479be4e6a8ec419f8ac43f8a0811b505,479be4e6a8ec419f8ac43f8a0811b505,5.735
c0b2ee117e004da190dcfd033a30f641,LIDAR_LEFT,fc2af5ef80514ec5973cea267e0f2f44,2e6c7b7b7ceb4f69be01f9006cedf58f,703e6318349c4666802975143271d8e7,244e49bbcc6c407383940dd009f70ab0,-10.662
c0b2ee117e004da190dcfd033a30f641,LIDAR_REAR,2f1b45dc50f24e8f927a5df27e2327c8,7198b581279c431bad450deaf7669f87,5a0500ac87c4423f9a004d416edae222,244e49bbcc6c407383940dd009f70ab0,-47.744
c0b2ee117e004da190dcfd033a30f641,LIDAR_RIGHT,45eab8597edc4108a6a7234577cbf82f,aefabf5dd96744beb296b9881d60ff8b,d274bdace68a483292ec642ccdee22bd,244e49bbcc6c407383940dd009f70ab0,14.688
c0b2ee117e004da190dcfd033a30f641,LIDAR_TOP_FRONT,d42fa4f29aac4cd4ba57553810547805,f994daad50a14ac49f1468d66eb8db62,244e49bbcc6c407383940dd009f70ab0,244e49bbcc6c407383940dd009f70ab0,3.083
c0b2ee117e004da190dcfd033a30f641,LIDAR_TOP_LEFT,6e12cbfe3d414202841dfcd6f2c8a1e4,373fca46a765439794d1ecbb5839a161,ef33630bde42473ca8e0c9e15aa6bd9d,244e49bbcc6c407383940dd009f70ab0,-22.09
c0b2ee117e004da190dcfd033a30f641,LIDAR_TOP_RIGHT,6adeda4ec2e947d69a477635f2321c1e,f8849496a35c4af599b8e598afda166d,8f5c8c4d824d4f8193dd40f9dd875f08,244e49bbcc6c407383940dd009f70ab0,28.25
c0b2ee117e004da190dcfd033a30f641,RADAR_LEFT_BACK,9131df431d7f41feb5c1c289b81bccf0,326989c743c948bf86229f525d0deb2d,244e49bbcc6c407383940dd009f70ab0,244e49bbcc6c407383940dd009f70ab0,6.892
c0b2ee117e004da190dcfd033a30f641,RADAR_LEFT_FRONT,368b1255128a471ebfb799825918c88c,5e6c5afaa842478db6066e9de8dec1ef,244e49bbcc6c407383940dd009f70ab0,244e49bbcc6c407383940dd009f70ab0,3.493
c0b2ee117e004da190dcfd033a30f641,RADAR_LEFT_SIDE,d1a2478c9e28480e904216be81df8ec0,cbecfab3ced24bbeab0a1b1bdd4375a8,244e49bbcc6c407383940dd009f70ab0,244e49bbcc6c407383940dd009f70ab0,7.589
c0b2ee117e004da190dcfd033a30f641,RADAR_RIGHT_BACK,b9819c54142f4de1918f2bc159f4b0c0,f2c73d43e0994ee8a16f930860856c0e,244e49bbcc6c407383940dd009f70ab0,244e49bbcc6c407383940dd009f70ab0,7.066
c0b2ee117e004da190dcfd033a30f641,RADAR_RIGHT_FRONT,0662c2dc6a78418b8d7dca7823415581,3126c35b164c459d85e0a0555ccba628,244e49bbcc6c407383940dd009f70ab0,244e49bbcc6c407383940dd009f70ab0,3.676
c0b2ee117e004da190dcfd033a30f641,RADAR_RIGHT_SIDE,649d270d99da40d2a11d4881fb9b30d9,8bef64c60da74778a5b9ef975c97edb7,244e49bbcc6c407383940dd009f70ab0,244e49bbcc6c407383940dd009f70ab0,7.527
4fdb484979df426c9c795f52552887e7,LIDAR_LEFT,47735f82384e4b8787bb67a3aab45bb9,2e6c7b7b7ceb4f69be01f9006cedf58f,ddb8155c63484e93a47d4222824cfaf7,72f72a9d7e924cb489bef1b74bb7cb18,-10.656
4fdb484979df426c9c795f52552887e7,LIDAR_REAR,12e8a0ef68dc480f93f37f7d47db0018,7198b581279c431bad450deaf7669f87,4e0abfdb9110451291dbe4889cfcd418,72f72a9d7e924cb489bef1b74bb7cb18,-48.034
4fdb484979df426c9c795f52552887e7,LIDAR_RIGHT,fa66382988d546ea9a9e24a4eb911480,aefabf5dd96744beb296b9881d60ff8b,e17e0df7a4654aec85fc23bb94cadf5f,72f72a9d7e924cb489bef1b74bb7cb18,14.156
4fdb484979df426c9c795f52552887e7,LIDAR_TOP_FRONT,582930f66f1f4fed87130f46cd64ba35,f994daad50a14ac49f1468d66eb8db62,72f72a9d7e924cb489bef1b74bb7cb18,72f72a9d7e924cb489bef1b74bb7cb18,2.547
4fdb484979df426c9c795f52552887e7,LIDAR_TOP_LEFT,b68914192aaa40d899862d9feaed5b8e,373fca46a765439794d1ecbb5839a161,bbd239af93f54945a662b5d3feb7f886,72f72a9d7e924cb489bef1b74bb7cb18,-22.606
4fdb484979df426c9c795f52552887e7,LIDAR_TOP_RIGHT,fe88fc362fcc45f1b81cd2879e2516d5,f8849496a35c4af599b8e598afda166d,b7df21c0ec974b3990c8dc21c92641c3,72f72a9d7e924cb489bef1b74bb7cb18,27.564
4fdb484979df426c9c795f52552887e7,RADAR_LEFT_BACK,e20c77cd16da4c9884a3306709c8ed41,326989c743c948bf86229f525d0deb2d,72f72a9d7e924cb489bef1b74bb7cb18,72f72a9d7e924cb489bef1b74bb7cb18,3.739
4fdb484979df426c9c795f52552887e7,RADAR_LEFT_FRONT,eab6c8c6cc15407eb30ceb3785c1c400,5e6c5afaa842478db6066e9de8dec1ef,72f72a9d7e924cb489bef1b74bb7cb18,72f72a9d7e924cb489bef1b74bb7cb18,5.097
4fdb484979df426c9c795f52552887e7,RADAR_LEFT_SIDE,c29838090d874d4f8c9197118565f6a8,cbecfab3ced24bbeab0a1b1bdd4375a8,72f72a9d7e924cb489bef1b74bb7cb18,72f72a9d7e924cb489bef1b74bb7cb18,3.542
4fdb484979df426c9c795f52552887e7,RADAR_RIGHT_BACK,5780f8d59460410bb1d1fb2207065f11,f2c73d43e0994ee8a16f930860856c0e,72f72a9d7e924cb489bef1b74bb7cb18,72f72a9d7e924cb489bef1b74bb7cb18,3.573
4fdb484979df426c9c795f52552887e7,RADAR_RIGHT_FRONT,b0b9701f3f664105b0c32e2ea998cc27,3126c35b164c459d85e0a0555ccba628,72f72a9d7e924cb489bef1b74bb7cb18,72f72a9d7e924cb489bef1b74bb7cb18,5.295
4fdb484979df426c9c795f52552887e7,RADAR_RIGHT_SIDE,2f4d1fc58ac144d2b2966068a9056b02,8bef64c60da74778a5b9ef975c97edb7,72f72a9d7e924cb489bef1b74bb7cb18,72f72a9d7e924cb489bef1b74bb7cb18,3.459
0ffd727ee4d04207843493199bf12fe9,LIDAR_LEFT,1ff1729756df43e7a95000a77dff477f,2e6c7b7b7ceb4f69be01f9006cedf58f,39af2efd82fb4b8cb844d8796a33c21b,3cbabb0c0c564c54b72641bda3eb5940,-10.657
0ffd727ee4d04207843493199bf12fe9,LIDAR_REAR,eca8b7ffbfee49759e54b915582e3e9e,7198b581279c431bad450deaf7669f87,39228c0bf2304456b5468088d830384d,3cbabb0c0c564c54b72641bda3eb5940,-48.529
0ffd727ee4d04207843493199bf12fe9,LIDAR_RIGHT,a1b84f4ee3d84630a98bb3d3c5b9ac05,aefabf5dd96744beb296b9881d60ff8b,84e73248f2d64e3fbefa6ddc341d50c3,3cbabb0c0c564c54b72641bda3eb5940,13.794
0ffd727ee4d04207843493199bf12fe9,LIDAR_TOP_FRONT,c1895f5da85040e9b8ba43cf7ecc491b,f994daad50a14ac49f1468d66eb8db62,3cbabb0c0c564c54b72641bda3eb5940,3cbabb0c0c564c54b72641bda3eb5940,2.151
0ffd727ee4d04207843493199bf12fe9,LIDAR_TOP_LEFT,ff37df8cb493497da964fdb1a1de8687,373fca46a765439794d1ecbb5839a161,61f837c598af42a69ee48d3469aebf32,3cbabb0c0c564c54b72641bda3eb5940,-22.9
0ffd727ee4d04207843493199bf12fe9,LIDAR_TOP_RIGHT,25323c891ac04f4db1cb9c4d55597518,f8849496a35c4af599b8e598afda166d,2c00efbf0a0f4a7a9fc3a616230ce815,3cbabb0c0c564c54b72641bda3eb5940,27.131
0ffd727ee4d04207843493199bf12fe9,RADAR_LEFT_BACK,6c856af4096e4a9787be0c21b3ba4c21,326989c743c948bf86229f525d0deb2d,3cbabb0c0c564c54b72641bda3eb5940,3cbabb0c0c564c54b72641bda3eb5940,4.339
0ffd727ee4d04207843493199bf12fe9,RADAR_LEFT_FRONT,5d464d7f9d7c487f9d5db6d1a43eb54c,5e6c5afaa842478db6066e9de8dec1ef,3cbabb0c0c564c54b72641bda3eb5940,3cbabb0c0c564c54b72641bda3eb5940,6.225
0ffd727ee4d04207843493199bf12fe9,RADAR_LEFT_SIDE,b7092db9556945f6976ac0292913b216,cbecfab3ced24bbeab0a1b1bdd4375a8,3cbabb0c0c564c54b72641bda3eb5940,3cbabb0c0c564c54b72641bda3eb5940,5.167
0ffd727ee4d04207843493199bf12fe9,RADAR_RIGHT_BACK,9753d16cb6c44e98a2f13755ebe49180,f2c73d43e0994ee8a16f930860856c0e,3cbabb0c0c564c54b72641bda3eb5940,3cbabb0c0c564c54b72641bda3eb5940,4.364
0ffd727ee4d04207843493199bf12fe9,RADAR_RIGHT_FRONT,cf9cc2458edb4dcda13a6c5d9544d312,3126c35b164c459d85e0a0555ccba628,3cbabb0c0c564c54b72641bda3eb5940,3cbabb0c0c564c54b72641bda3eb5940,6.366
0ffd727ee4d04207843493199bf12fe9,RADAR_RIGHT_SIDE,f69f455705ce4f6b92d13234209783d2,8bef64c60da74778a5b9ef975c97edb7,3cbabb0c0c564c54b72641bda3eb5940,3cbabb0c0c564c54b72641bda3eb5940,5.172
728fb789245746ae9c5979f49181de0a,LIDAR_LEFT,001f586ea9e44b4789578ef288bc5171,2e6c7b7b7ceb4f69be01f9006cedf58f,d696b3d78f1c4795b28d1ecfa3a28258,5dd5497996cb4d11b1034c7c8b8d042d,-10.639
728fb789245746ae9c5979f49181de0a,LIDAR_REAR,53d27f8b041146c491c0b0aa32c98d6a,7198b581279c431bad450deaf7669f87,deaa305fe8ba4545b6c276fa449680ae,5dd5497996cb4d11b1034c7c8b8d042d,-48.654
728fb789245746ae9c5979f49181de0a,LIDAR_RIGHT,cf4e294784774fc3ba73a986d387d5b6,aefabf5dd96744beb296b9881d60ff8b,aafc7c1e6a14424288159cfe306cbf77,5dd5497996cb4d11b1034c7c8b8d042d,13.664
728fb789245746ae9c5979f49181de0a,LIDAR_TOP_FRONT,ce65f6ab31dc4e5fafc43e0bfa9d00d2,f994daad50a14ac49f1468d66eb8db62,5dd5497996cb4d11b1034c7c8b8d042d,5dd5497996cb4d11b1034c7c8b8d042d,1.997
728fb789245746ae9c5979f49181de0a,LIDAR_TOP_LEFT,74be5a7be9b54769b6aa140cd421aaf7,373fca46a765439794d1ecbb5839a161,f612b45d8aaa411ca64ee4adbbc66515,5dd5497996cb4d11b1034c7c8b8d042d,-22.789
728fb789245746ae9c5979f49181de0a,LIDAR_TOP_RIGHT,a0caaf1cd7fe49faa0f46179672bcd60,f8849496a35c4af599b8e598afda166d,5d42343634534353b19bc65990411dd4,5dd5497996cb4d11b1034c7c8b8d042d,27.062
728fb789245746ae9c5979f49181de0a,RADAR_LEFT_BACK,643e959e28ab4c7fb80513a308e56d88,326989c743c948bf86229f525d0deb2d,5dd5497996cb4d11b1034c7c8b8d042d,5dd5497996cb4d11b1034c7c8b8d042d,5.929
728fb789245746ae9c5979f49181de0a,RADAR_LEFT_FRONT,923f198d6e15434197cb3daf7a227f2f,5e6c5afaa842478db6066e9de8dec1ef,5dd5497996cb4d11b1034c7c8b8d042d,5dd5497996cb4d11b1034c7c8b8d042d,3.163
728fb789245746ae9c5979f49181de0a,RADAR_LEFT_SIDE,bfb9446edac0473894d0926da0f36fe4,cbecfab3ced24bbeab0a1b1bdd4375a8,5dd5497996cb4d11b1034c7c8b8d042d,5dd5497996cb4d11b1034c7c8b8d042d,6.753
728fb789245746ae9c5979f49181de0a,RADAR_RIGHT_BACK,66f7f3d645af4edbbca828bc7504d038,f2c73d43e0994ee8a16f930860856c0e,5dd5497996cb4d11b1034c7c8b8d042d,5dd5497996cb4d11b1034c7c8b8d042d,5.998
728fb789245746ae9c5979f49181de0a,RADAR_RIGHT_FRONT,eeb00dbc49eb4f02bbf1305577a65a29,3126c35b164c459d85e0a0555ccba628,5dd5497996cb4d11b1034c7c8b8d042d,5dd5497996cb4d11b1034c7c8b8d042d,3.372
728fb789245746ae9c5979f49181de0a,RADAR_RIGHT_SIDE,0e25282f0ae94c2b8489e97ce6c7adfc,8bef64c60da74778a5b9ef975c97edb7,5dd5497996cb4d11b1034c7c8b8d042d,5dd5497996cb4d11b1034c7c8b8d042d,6.567
301cc77681c94addbbafd10011477b45,LIDAR_LEFT,a5b57df2435644abb773ee22624b240c,2e6c7b7b7ceb4f69be01f9006cedf58f,75a1615bb5ff4584a8d406a9126efff9,14b486d1c3594c21b7a59998f6a6e71f,-10.635
301cc77681c94addbbafd10011477b45,LIDAR_REAR,b9a49606b977446b9befcf62a48c2183,7198b581279c431bad450deaf7669f87,bcd9ef4790c54d36ac342041f9a5565c,14b486d1c3594c21b7a59998f6a6e71f,-48.094
301cc77681c94addbbafd10011477b45,LIDAR_RIGHT,939eb10159e540dc8c2b06f8d7e91ad5,aefabf5dd96744beb296b9881d60ff8b,d169ca64466f48bc90ecbd49f2552f46,14b486d1c3594c21b7a59998f6a6e71f,14.201
301cc77681c94addbbafd10011477b45,LIDAR_TOP_FRONT,2e51c3247782413ca5572581b13c91d2,f994daad50a14ac49f1468d66eb8db62,14b486d1c3594c21b7a59998f6a6e71f,14b486d1c3594c21b7a59998f6a6e71f,2.828
301cc77681c94addbbafd10011477b45,LIDAR_TOP_LEFT,8da02f77527941579a6d0f6084ed6c02,373fca46a765439794d1ecbb5839a161,c6abbc1a98de4bdd9dc083fdab807ac7,14b486d1c3594c21b7a59998f6a6e71f,-22.042
301cc77681c94addbbafd10011477b45,LIDAR_TOP_RIGHT,703756e9754a441387aee2f3cf4618cd,f8849496a35c4af599b8e598afda166d,7450a9bbc1ad46988df5c82bd25d9ebf,14b486d1c3594c21b7a59998f6a6e71f,27.716
301cc77681c94addbbafd10011477b45,RADAR_LEFT_BACK,0f2ea5acc44145d8bfc4d512deb68019,326989c743c948bf86229f525d0deb2d,14b486d1c3594c21b7a59998f6a6e71f,14b486d1c3594c21b7a59998f6a6e71f,3.454
301cc77681c94addbbafd10011477b45,RADAR_LEFT_FRONT,17dd70391c214be5a26831ac5682ac02,5e6c5afaa842478db6066e9de8dec1ef,14b486d1c3594c21b7a59998f6a6e71f,14b486d1c3594c21b7a59998f6a6e71f,5.028
301cc77681c94addbbafd10011477b45,RADAR_LEFT_SIDE,2751fc15966148b5a461e67cf5d2d2ac,cbecfab3ced24bbeab0a1b1bdd4375a8,14b486d1c3594c21b7a59998f6a6e71f,14b486d1c3594c21b7a59998f6a6e71f,4.355
301cc77681c94addbbafd10011477b45,RADAR_RIGHT_BACK,d0f41cb53ba74c5e8e27af43a61e8f23,f2c73d43e0994ee8a16f930860856c0e,14b486d1c3594c21b7a59998f6a6e71f,14b486d1c3594c21b7a59998f6a6e71f,3.871
301cc77681c94addbbafd10011477b45,RADAR_RIGHT_FRONT,c519a47f33e5492e957d1ae68f2ad24b,3126c35b164c459d85e0a0555ccba628,14b486d1c3594c21b7a59998f6a6e71f,14b486d1c3594c21b7a59998f6a6e71f,5.123
301cc77681c94addbbafd10011477b45,RADAR_RIGHT_SIDE,fc75c390374a42f69d32beefc187845b,8bef64c60da74778a5b9ef975c97edb7,14b486d1c3594c21b7a59998f6a6e71f,14b486d1c3594c21b7a59998f6a6e71f,4.345
0a7844ac9902454292fe37c39d7e27ba,LIDAR_LEFT,4f54d9215b2c48cf924c34015534cc31,2e6c7b7b7ceb4f69be01f9006cedf58f,007c408ed2b949bdb150102f333cfa98,83e9c9c9a14048c9b67180f968de5ca1,-10.647
0a7844ac9902454292fe37c39d7e27ba,LIDAR_REAR,d207b729601e45268f5aff7ff7a5fe28,7198b581279c431bad450deaf7669f87,43bc6a7456b44b9ab489c1e188b36d8b,83e9c9c9a14048c9b67180f968de5ca1,-47.566
0a7844ac9902454292fe37c39d7e27ba,LIDAR_RIGHT,a87f5bcaf7a24972b78cc478e0f20855,aefabf5dd96744beb296b9881d60ff8b,2d1dbee8bfa5473aa0aa16bb5dddb441,83e9c9c9a14048c9b67180f968de5ca1,14.807
0a7844ac9902454292fe37c39d7e27ba,LIDAR_TOP_FRONT,660e359635f34666a2e958b51aae3917,f994daad50a14ac49f1468d66eb8db62,83e9c9c9a14048c9b67180f968de5ca1,83e9c9c9a14048c9b67180f968de5ca1,2.855
0a7844ac9902454292fe37c39d7e27ba,LIDAR_TOP_LEFT,d4cd3c47c9464638978053f0696b289b,373fca46a765439794d1ecbb5839a161,e738f22e16dc47b5b00510571e267d68,83e9c9c9a14048c9b67180f968de5ca1,-21.655
0a7844ac9902454292fe37c39d7e27ba,LIDAR_TOP_RIGHT,2819c0941d674b759b66d51f9d5c6e9f,f8849496a35c4af599b8e598afda166d,0d50c3cd620b4300aa83670e90088670,83e9c9c9a14048c9b67180f968de5ca1,28.062
0a7844ac9902454292fe37c39d7e27ba,RADAR_LEFT_BACK,f4c077e1092d432abcb60ffb96d81e74,326989c743c948bf86229f525d0deb2d,83e9c9c9a14048c9b67180f968de5ca1,83e9c9c9a14048c9b67180f968de5ca1,5.597
0a7844ac9902454292fe37c39d7e27ba,RADAR_LEFT_FRONT,1afa0ddbc1fb4f74a4f7328fbfbd6a4a,5e6c5afaa842478db6066e9de8dec1ef,83e9c9c9a14048c9b67180f968de5ca1,83e9c9c9a14048c9b67180f968de5ca1,6.778
0a7844ac9902454292fe37c39d7e27ba,RADAR_LEFT_SIDE,c7654ee9e93e4f4a90d5868cf9f8fa50,cbecfab3ced24bbeab0a1b1bdd4375a8,83e9c9c9a14048c9b67180f968de5ca1,83e9c9c9a14048c9b67180f968de5ca1,5.825
0a7844ac9902454292fe37c39d7e27ba,RADAR_RIGHT_BACK,9a114b9097d04fc2841a5dc011d52ab1,f2c73d43e0994ee8a16f930860856c0e,83e9c9c9a14048c9b67180f968de5ca1,83e9c9c9a14048c9b67180f968de5ca1,5.0
0a7844ac9902454292fe37c39d7e27ba,RADAR_RIGHT_FRONT,51236012509a4ac48b2b9a425edde415,3126c35b164c459d85e0a0555ccba628,83e9c9c9a14048c9b67180f968de5ca1,83e9c9c9a14048c9b67180f968de5ca1,7.081
0a7844ac9902454292fe37c39d7e27ba,RADAR_RIGHT_SIDE,56eb153212054030828637722aee4c06,8bef64c60da74778a5b9ef975c97edb7,83e9c9c9a14048c9b67180f968de5ca1,83e9c9c9a14048c9b67180f968de5ca1,5.816
69a9e258759e4c43931a00be16410656,LIDAR_LEFT,4a968c406fe940ae9fa3e462b773d151,2e6c7b7b7ceb4f69be01f9006cedf58f,0234e6b3039f44798eef5d5e975d9c83,03b7a3efd67d477ea55d789f3cceee2d,-10.656
69a9e258759e4c43931a00be16410656,LIDAR_REAR,21e860a9f51d45abaed4c023b0bf7ef4,7198b581279c431bad450deaf7669f87,79215043372e4bd78d25f841895ae076,03b7a3efd67d477ea55d789f3cceee2d,-47.782
69a9e258759e4c43931a00be16410656,LIDAR_RIGHT,d617a159032a4cdf8522d2017767b8c9,aefabf5dd96744beb296b9881d60ff8b,fb5b50e6feef47b0aee5c588a9f655d8,03b7a3efd67d477ea55d789f3cceee2d,14.209
69a9e258759e4c43931a00be16410656,LIDAR_TOP_FRONT,f81851fae5274fbb90213b0f0423b00e,f994daad50a14ac49f1468d66eb8db62,03b7a3efd67d477ea55d789f3cceee2d,03b7a3efd67d477ea55d789f3cceee2d,2.457
69a9e258759e4c43931a00be16410656,LIDAR_TOP_LEFT,4a06639f31114b8ab8cf9f7460c18f1e,373fca46a765439794d1ecbb5839a161,da99b72fed824634a25572006b6230e0,03b7a3efd67d477ea55d789f3cceee2d,-21.847
69a9e258759e4c43931a00be16410656,LIDAR_TOP_RIGHT,a90978eaa23047f08b08c1522a9de209,f8849496a35c4af599b8e598afda166d,cbf2c60d494e4205a6625de5fb8d3b82,03b7a3efd67d477ea55d789f3cceee2d,27.91
69a9e258759e4c43931a00be16410656,RADAR_LEFT_BACK,a600160cccda4b299e14267684c3c524,326989c743c948bf86229f525d0deb2d,03b7a3efd67d477ea55d789f3cceee2d,03b7a3efd67d477ea55d789f3cceee2d,6.136
69a9e258759e4c43931a00be16410656,RADAR_LEFT_FRONT,54b65bbec0414dfe9b4b043cf8fa2c37,5e6c5afaa842478db6066e9de8dec1ef,03b7a3efd67d477ea55d789f3cceee2d,03b7a3efd67d477ea55d789f3cceee2d,3.819
69a9e258759e4c43931a00be16410656,RADAR_LEFT_SIDE,2ffbcf4103c544e0b1c1a1c685dc9c24,cbecfab3ced24bbeab0a1b1bdd4375a8,03b7a3efd67d477ea55d789f3cceee2d,03b7a3efd67d477ea55d789f3cceee2d,7.047
69a9e258759e4c43931a00be16410656,RADAR_RIGHT_BACK,34ee16cfda614202ab7c1d3b95b0f8a3,f2c73d43e0994ee8a16f930860856c0e,03b7a3efd67d477ea55d789f3cceee2d,03b7a3efd67d477ea55d789f3cceee2d,6.421
69a9e258759e4c43931a00be16410656,RADAR_RIGHT_FRONT,a2d07751b4c74b2f832b87c9374cf6f4,3126c35b164c459d85e0a0555ccba628,03b7a3efd67d477ea55d789f3cceee2d,03b7a3efd67d477ea55d789f3cceee2d,4.006
69a9e258759e4c43931a00be16410656,RADAR_RIGHT_SIDE,380cd2c2f7e143c0a5488fed3a470087,8bef64c60da74778a5b9ef975c97edb7,03b7a3efd67d477ea55d789f3cceee2d,03b7a3efd67d477ea55d789f3cceee2d,7.022
0efe8fc67f014c2ebaf8b12581ae2b6d,LIDAR_LEFT,723a3f49042d4b78898eb2f2b9a89088,2e6c7b7b7ceb4f69be01f9006cedf58f,70e0173892fe49a7b01df1ee0130386e,874d68c65577474bbba7f05aa8f114d6,-10.643
0efe8fc67f014c2ebaf8b12581ae2b6d,LIDAR_REAR,518249f1da344a90baad76b7662c5e73,7198b581279c431bad450deaf7669f87,0f4123207b7f44e585e1f578a43fc7ab,874d68c65577474bbba7f05aa8f114d6,-48.079
0efe8fc67f014c2ebaf8b12581ae2b6d,LIDAR_RIGHT,d815cb1b5df64c97beabf262ad784fbd,aefabf5dd96744beb296b9881d60ff8b,528b91708baa4b15b55bd544f40fa425,874d68c65577474bbba7f05aa8f114d6,14.199
0efe8fc67f014c2ebaf8b12581ae2b6d,LIDAR_TOP_FRONT,fbab78fc47b64a60857c6c5b14b2904b,f994daad50a14ac49f1468d66eb8db62,874d68c65577474bbba7f05aa8f114d6,874d68c65577474bbba7f05aa8f114d6,2.274
0efe8fc67f014c2ebaf8b12581ae2b6d,LIDAR_TOP_LEFT,4074ee8d629f49c88385115c83dadbad,373fca46a765439794d1ecbb5839a161,14a0c995c0cf4e39a63f6c93701988f8,874d68c65577474bbba7f05aa8f114d6,-22.077
0efe8fc67f014c2ebaf8b12581ae2b6d,LIDAR_TOP_RIGHT,dc9a515f2fb64fa5a0f01b6d080d70d9,f8849496a35c4af599b8e598afda166d,9479aaeac81e40939cc97d64bf4d8019,874d68c65577474bbba7f05aa8f114d6,27.889
0efe8fc67f014c2ebaf8b12581ae2b6d,RADAR_LEFT_BACK,fdf235a17d264a87ba3b8300ec022cc9,326989c743c948bf86229f525d0deb2d,874d68c65577474bbba7f05aa8f114d6,874d68c65577474bbba7f05aa8f114d6,4.091
0efe8fc67f014c2ebaf8b12581ae2b6d,RADAR_LEFT_FRONT,5350f9c204be4427860950a971abddab,5e6c5afaa842478db6066e9de8dec1ef,874d68c65577474bbba7f05aa8f114d6,874d68c65577474bbba7f05aa8f114d6,4.576
0efe8fc67f014c2ebaf8b12581ae2b6d,RADAR_LEFT_SIDE,f291f0fad713468189329550d539e719,cbecfab3ced24bbeab0a1b1bdd4375a8,874d68c65577474bbba7f05aa8f114d6,874d68c65577474bbba7f05aa8f114d6,3.29
0efe8fc67f014c2ebaf8b12581ae2b6d,RADAR_RIGHT_BACK,8a9ae3c713da432393d5260c10204e74,f2c73d43e0994ee8a16f930860856c0e,874d68c65577474bbba7f05aa8f114d6,874d68c65577474bbba7f05aa8f114d6,3.208
0efe8fc67f014c2ebaf8b12581ae2b6d,RADAR_RIGHT_FRONT,e3700870cbbe4686861c1b9dd2c52ae9,3126c35b164c459d85e0a0555ccba628,874d68c65577474bbba7f05aa8f114d6,874d68c65577474bbba7f05aa8f114d6,4.649
0efe8fc67f014c2ebaf8b12581ae2b6d,RADAR_RIGHT_SIDE,1389800dc84242df85b9dfb37dd41f36,8bef64c60da74778a5b9ef975c97edb7,874d68c65577474bbba7f05aa8f114d6,874d68c65577474bbba7f05aa8f114d6,3.225
bd668ece51fe418db7990a8539513299,LIDAR_LEFT,5f7e5324493d49f08ef7357cad71ac9c,2e6c7b7b7ceb4f69be01f9006cedf58f,e08cf2cea11949ce9b848e39ac26f8ea,3abd5ff3c81a453d8228a716008f0e69,-10.64
bd668ece51fe418db7990a8539513299,LIDAR_REAR,b5d2d26727204867ad8edfa070c4529a,7198b581279c431bad450deaf7669f87,e49654387e9f459a8d704328f8a3dbf9,3abd5ff3c81a453d8228a716008f0e69,-47.923
bd668ece51fe418db7990a8539513299,LIDAR_RIGHT,a77c78a88c8f4d4d8db8497bd92a13b8,aefabf5dd96744beb296b9881d60ff8b,c8bd3069acf641ffb7e8b3305aa80416,3abd5ff3c81a453d8228a716008f0e69,14.615
bd668ece51fe418db7990a8539513299,LIDAR_TOP_FRONT,9a4aa5ed08104d9f94ad9e0c52e13ae0,f994daad50a14ac49f1468d66eb8db62,3abd5ff3c81a453d8228a716008f0e69,3abd5ff3c81a453d8228a716008f0e69,2.365
bd668ece51fe418db7990a8539513299,LIDAR_TOP_LEFT,77157dffe186408fa5581fbafd577d7f,373fca46a765439794d1ecbb5839a161,6590d5609d6c429c8b22715eb869ef3d,3abd5ff3c81a453d8228a716008f0e69,-21.801
bd668ece51fe418db7990a8539513299,LIDAR_TOP_RIGHT,afd0748e94dd41db8632a09091f62d29,f8849496a35c4af599b8e598afda166d,a0abfb9c34fe4cb5a9f2cfdc8a559a45,3abd5ff3c81a453d8228a716008f0e69,28.144
bd668ece51fe418db7990a8539513299,RADAR_LEFT_BACK,48e7bdb820a045da819cdfe8f18ed206,326989c743c948bf86229f525d0deb2d,3abd5ff3c81a453d8228a716008f0e69,3abd5ff3c81a453d8228a716008f0e69,4.772
bd668ece51fe418db7990a8539513299,RADAR_LEFT_FRONT,485fd6b282394dc690e2fd25c0456af9,5e6c5afaa842478db6066e9de8dec1ef,3abd5ff3c81a453d8228a716008f0e69,3abd5ff3c81a453d8228a716008f0e69,6.551
bd668ece51fe418db7990a8539513299,RADAR_LEFT_SIDE,61c90bd444ee42f3ab21fa352e557a8e,cbecfab3ced24bbeab0a1b1bdd4375a8,3abd5ff3c81a453d8228a716008f0e69,3abd5ff3c81a453d8228a716008f0e69,5.549
bd668ece51fe418db7990a8539513299,RADAR_RIGHT_BACK,a19772bd78814b3da8d9c905b4bc521d,f2c73d43e0994ee8a16f930860856c0e,3abd5ff3c81a453d8228a716008f0e69,3abd5ff3c81a453d8228a716008f0e69,5.182
bd668ece51fe418db7990a8539513299,RADAR_RIGHT_FRONT,a503aa691b864e248861bcd4f414c6eb,3126c35b164c459d85e0a0555ccba628,3abd5ff3c81a453d8228a716008f0e69,3abd5ff3c81a453d8228a716008f0e69,6.693
bd668ece51fe418db7990a8539513299,RADAR_RIGHT_SIDE,9d5c5c71b19244cda799b26417ffccc9,8bef64c60da74778a5b9ef975c97edb7,3abd5ff3c81a453d8228a716008f0e69,3abd5ff3c81a453d8228a716008f0e69,5.475
848b9e73fd014bf0a78da8c453978822,LIDAR_LEFT,d1393c80443b498c81b2f9aac7df7d00,2e6c7b7b7ceb4f69be01f9006cedf58f,1a8c6fbb20b546f6bcbf1deb9ea00372,062f66b7a36a49f2b93f75c672d14af7,-10.652
848b9e73fd014bf0a78da8c453978822,LIDAR_REAR,13e1c8ca94ea41a8af6a5483e3dc0abf,7198b581279c431bad450deaf7669f87,bab6134bfed64a84a6e4e243ccffb707,062f66b7a36a49f2b93f75c672d14af7,-47.606
848b9e73fd014bf0a78da8c453978822,LIDAR_RIGHT,c8c22657085c4b70be3aeafd63c81b4e,aefabf5dd96744beb296b9881d60ff8b,576a5d6e05c64fabb4e430c979d1303f,062f66b7a36a49f2b93f75c672d14af7,14.432
848b9e73fd014bf0a78da8c453978822,LIDAR_TOP_FRONT,93fe973f3a7e46b9bfb477df8a02238e,f994daad50a14ac49f1468d66eb8db62,062f66b7a36a49f2b93f75c672d14af7,062f66b7a36a49f2b93f75c672d14af7,2.716
848b9e73fd014bf0a78da8c453978822,LIDAR_TOP_LEFT,98c876cfb35342bd95456bb5cfc911df,373fca46a765439794d1ecbb5839a161,6dcbe324c6fb43659cbad1b02422f8c8,062f66b7a36a49f2b93f75c672d14af7,-21.605
848b9e73fd014bf0a78da8c453978822,LIDAR_TOP_RIGHT,1f588d8634e84b4a9e2de21aacb0e056,f8849496a35c4af599b8e598afda166d,f18f2cd11a124e9994cc7b8785ee8e0f,062f66b7a36a49f2b93f75c672d14af7,28.432
848b9e73fd014bf0a78da8c453978822,RADAR_LEFT_BACK,a1102df15221483d9f37cf5568889b2e,326989c743c948bf86229f525d0deb2d,062f66b7a36a49f2b93f75c672d14af7,062f66b7a36a49f2b93f75c672d14af7,7.621
848b9e73fd014bf0a78da8c453978822,RADAR_LEFT_FRONT,1ed2b683e28a487391b641af24b2dde6,5e6c5afaa842478db6066e9de8dec1ef,062f66b7a36a49f2b93f75c672d14af7,062f66b7a36a49f2b93f75c672d14af7,3.628
848b9e73fd014bf0a78da8c453978822,RADAR_LEFT_SIDE,81f66ab8c27f4609bf3a03d12dc81a6c,cbecfab3ced24bbeab0a1b1bdd4375a8,062f66b7a36a49f2b93f75c672d14af7,062f66b7a36a49f2b93f75c672d14af7,7.18
848b9e73fd014bf0a78da8c453978822,RADAR_RIGHT_BACK,6389c3d409744e8f98bd032258669639,f2c73d43e0994ee8a16f930860856c0e,bab6134bfed64a84a6e4e243ccffb707,062f66b7a36a49f2b93f75c672d14af7,-45.109
848b9e73fd014bf0a78da8c453978822,RADAR_RIGHT_FRONT,aacf088e30d24a649e69cf4b36c3fc4a,3126c35b164c459d85e0a0555ccba628,062f66b7a36a49f2b93f75c672d14af7,062f66b7a36a49f2b93f75c672d14af7,3.804
848b9e73fd014bf0a78da8c453978822,RADAR_RIGHT_SIDE,8a0f2ca5b4ea4268a6893bbadf6a27b5,8bef64c60da74778a5b9ef975c97edb7,062f66b7a36a49f2b93f75c672d14af7,062f66b7a36a49f2b93f75c672d14af7,7.165
f7266f0631c84eac82c76a41a661eda1,LIDAR_LEFT,37cdbb7ae6d54d18aba9cc7996c88e41,2e6c7b7b7ceb4f69be01f9006cedf58f,1a463a2290704b1da66faaedfe0e96f0,0acb718591a747989f16f1954f0842b8,-10.655
f7266f0631c84eac82c76a41a661eda1,LIDAR_REAR,63c1ec33e5424ccc8b05a16492f453a2,7198b581279c431bad450deaf7669f87,63d76f0d83db44c6b7398d616397d982,0acb718591a747989f16f1954f0842b8,-48.081
f7266f0631c84eac82c76a41a661eda1,LIDAR_RIGHT,fa6925f14e7e4b6db5863a64e6e494cc,aefabf5dd96744beb296b9881d60ff8b,3a041c7b8f0845488df27331eeb94c45,0acb718591a747989f16f1954f0842b8,14.298
f7266f0631c84eac82c76a41a661eda1,LIDAR_TOP_FRONT,6404c21935544aad925fc5d889bb23a8,f994daad50a14ac49f1468d66eb8db62,0acb718591a747989f16f1954f0842b8,0acb718591a747989f16f1954f0842b8,2.459
f7266f0631c84eac82c76a41a661eda1,LIDAR_TOP_LEFT,2f03879afc3b442ab2b05dd0d89f384f,373fca46a765439794d1ecbb5839a161,c06bb50a24f046fe9fe5c82bd513d02e,0acb718591a747989f16f1954f0842b8,-22.145
f7266f0631c84eac82c76a41a661eda1,LIDAR_TOP_RIGHT,5731f8df8d31407783a2adc15b97eb12,f8849496a35c4af599b8e598afda166d,ba85632a01b64f67914c145a724ac57c,0acb718591a747989f16f1954f0842b8,28.013
f7266f0631c84eac82c76a41a661eda1,RADAR_LEFT_BACK,0b82abb933d94bda81da4a1d1a6f794e,326989c743c948bf86229f525d0deb2d,0acb718591a747989f16f1954f0842b8,0acb718591a747989f16f1954f0842b8,3.684
f7266f0631c84eac82c76a41a661eda1,RADAR_LEFT_FRONT,1bb9c967917847cb9a6bbe88e74fd1a3,5e6c5afaa842478db6066e9de8dec1ef,0acb718591a747989f16f1954f0842b8,0acb718591a747989f16f1954f0842b8,5.139
f7266f0631c84eac82c76a41a661eda1,RADAR_LEFT_SIDE,e2529f0fb46c42e6a377a66e5e09729b,cbecfab3ced24bbeab0a1b1bdd4375a8,0acb718591a747989f16f1954f0842b8,0acb718591a747989f16f1954f0842b8,3.825
f7266f0631c84eac82c76a41a661eda1,RADAR_RIGHT_BACK,817e2cf2e96f4eddb9b8a0dc7590b976,f2c73d43e0994ee8a16f930860856c0e,0acb718591a747989f16f1954f0842b8,0acb718591a747989f16f1954f0842b8,3.999
f7266f0631c84eac82c76a41a661eda1,RADAR_RIGHT_FRONT,647282b6e63a45a1a3db60a7c5d54cca,3126c35b164c459d85e0a0555ccba628,63d76f0d83db44c6b7398d616397d982,0acb718591a747989f16f1954f0842b8,-45.821
f7266f0631c84eac82c76a41a661eda1,RADAR_RIGHT_SIDE,9760b292c603401b8ba7fda2e8fb4d78,8bef64c60da74778a5b9ef975c97edb7,0acb718591a747989f16f1954f0842b8,0acb718591a747989f16f1954f0842b8,3.802
3f58555db3e348fd911d4a6df37d83d0,LIDAR_LEFT,67deaf0848bf4990aa491a4b83274791,2e6c7b7b7ceb4f69be01f9006cedf58f,30e7ed5e953444ca9333e9474fedf0bb,31bd26f59bc44b939f9299eda36362d9,-10.644
3f58555db3e348fd911d4a6df37d83d0,LIDAR_REAR,55e51d8584a5460c80993c7913a9ee1a,7198b581279c431bad450deaf7669f87,9f840713c71642dc87e082c306b247ed,31bd26f59bc44b939f9299eda36362d9,-48.227
3f58555db3e348fd911d4a6df37d83d0,LIDAR_RIGHT,33e7a9971a974d8bbd471b25b7233670,aefabf5dd96744beb296b9881d60ff8b,a1c9493703964927aba17636510d79d2,31bd26f59bc44b939f9299eda36362d9,14.323
3f58555db3e348fd911d4a6df37d83d0,LIDAR_TOP_FRONT,388c6a3bb68749939cc2226d15c74b0f,f994daad50a14ac49f1468d66eb8db62,31bd26f59bc44b939f9299eda36362d9,31bd26f59bc44b939f9299eda36362d9,2.601
3f58555db3e348fd911d4a6df37d83d0,LIDAR_TOP_LEFT,21f24c38abe84c389604de860d8a2625,373fca46a765439794d1ecbb5839a161,4795f10c80ea4fbba1464196965c13bb,31bd26f59bc44b939f9299eda36362d9,-22.427
3f58555db3e348fd911d4a6df37d83d0,LIDAR_TOP_RIGHT,2f78f7da546d4ba4b2aea461d9ea2448,f8849496a35c4af599b8e598afda166d,48703bb1a1c34f3a9caa0fa3d03d0e49,31bd26f59bc44b939f9299eda36362d9,27.606
3f58555db3e348fd911d4a6df37d83d0,RADAR_LEFT_BACK,9785c5a008fe4291b05c0e9c4b9d5954,326989c743c948bf86229f525d0deb2d,31bd26f59bc44b939f9299eda36362d9,31bd26f59bc44b939f9299eda36362d9,5.525
3f58555db3e348fd911d4a6df37d83d0,RADAR_LEFT_FRONT,f1987bc72b4b4dcbbc1db01a3433a4a4,5e6c5afaa842478db6066e9de8dec1ef,31bd26f59bc44b939f9299eda36362d9,31bd26f59bc44b939f9299eda36362d9,5.839
3f58555db3e348fd911d4a6df37d83d0,RADAR_LEFT_SIDE,f453f9e009004bd8b0d48db75b665fb6,cbecfab3ced24bbeab0a1b1bdd4375a8,31bd26f59bc44b939f9299eda36362d9,31bd26f59bc44b939f9299eda36362d9,4.911
3f58555db3e348fd911d4a6df37d83d0,RADAR_RIGHT_BACK,31e52c25249e46a7a4e9796a6fe74d70,f2c73d43e0994ee8a16f930860856c0e,31bd26f59bc44b939f9299eda36362d9,31bd26f59bc44b939f9299eda36362d9,4.426
3f58555db3e348fd911d4a6df37d83d0,RADAR_RIGHT_FRONT,f992666143f04b45a9872cea3518208b,3126c35b164c459d85e0a0555ccba628,31bd26f59bc44b939f9299eda36362d9,31bd26f59bc44b939f9299eda36362d9,6.002
3f58555db3e348fd911d4a6df37d83d0,RADAR_RIGHT_SIDE,55f9fec85daa4ea5a7096a3208a6341e,8bef64c60da74778a5b9ef975c97edb7,31bd26f59bc44b939f9299eda36362d9,31bd26f59bc44b939f9299eda36362d9,4.916
233456c1dd114acab949de6a6bb8c704,LIDAR_LEFT,b30793cb6c4d4436a1521b00be382c05,2e6c7b7b7ceb4f69be01f9006cedf58f,0048038e8c5246b6882c51da7396fa20,c2a1398d15e749938c6812bcbd57acfa,-10.642
233456c1dd114acab949de6a6bb8c704,LIDAR_REAR,0a4f8cbe623c4fcd8f2c107d9189fd6d,7198b581279c431bad450deaf7669f87,4b4cd3456ae74517b925ce4af9fa86ba,c2a1398d15e749938c6812bcbd57acfa,-48.01
233456c1dd114acab949de6a6bb8c704,LIDAR_RIGHT,7c91308596964908944df58e00fe900a,aefabf5dd96744beb296b9881d60ff8b,76e2c09de12f4ee0a99e166b3bf2649f,c2a1398d15e749938c6812bcbd57acfa,14.345
233456c1dd114acab949de6a6bb8c704,LIDAR_TOP_FRONT,efa8bc52afad4cee93b3ed99e14ead74,f994daad50a14ac49f1468d66eb8db62,c2a1398d15e749938c6812bcbd57acfa,c2a1398d15e749938c6812bcbd57acfa,3.08
233456c1dd114acab949de6a6bb8c704,LIDAR_TOP_LEFT,76f865d46bb54e509ecc2c06daffb9e7,373fca46a765439794d1ecbb5839a161,a4836149a75c41dba543830b2ee692a4,c2a1398d15e749938c6812bcbd57acfa,-22.175
233456c1dd114acab949de6a6bb8c704,LIDAR_TOP_RIGHT,3f5ec27b350f406db33e14ed64fd6766,f8849496a35c4af599b8e598afda166d,adf27f75557344528ad05a975977c1c2,c2a1398d15e749938c6812bcbd57acfa,27.854
233456c1dd114acab949de6a6bb8c704,RADAR_LEFT_BACK,b824b45a2b0947e0899d6d1b40472dc2,326989c743c948bf86229f525d0deb2d,c2a1398d15e749938c6812bcbd57acfa,c2a1398d15e749938c6812bcbd57acfa,7.342
233456c1dd114acab949de6a6bb8c704,RADAR_LEFT_FRONT,a371d6e18b7945578871665f91272ab0,5e6c5afaa842478db6066e9de8dec1ef,c2a1398d15e749938c6812bcbd57acfa,c2a1398d15e749938c6812bcbd57acfa,4.15
233456c1dd114acab949de6a6bb8c704,RADAR_LEFT_SIDE,4c39574cab984648b66482051e5e2bb8,cbecfab3ced24bbeab0a1b1bdd4375a8,c2a1398d15e749938c6812bcbd57acfa,c2a1398d15e749938c6812bcbd57acfa,6.89
233456c1dd114acab949de6a6bb8c704,RADAR_RIGHT_BACK,bc50dba4266a48058ca79e2ea60acb55,f2c73d43e0994ee8a16f930860856c0e,c2a1398d15e749938c6812bcbd57acfa,c2a1398d15e749938c6812bcbd57acfa,7.481
233456c1dd114acab949de6a6bb8c704,RADAR_RIGHT_FRONT,206112a7f768406eba1c8bf1213eca58,3126c35b164c459d85e0a0555ccba628,c2a1398d15e749938c6812bcbd57acfa,c2a1398d15e749938c6812bcbd57acfa,4.265
233456c1dd114acab949de6a6bb8c704,RADAR_RIGHT_SIDE,16c6527778464d7b8acf8acc9894c70b,8bef64c60da74778a5b9ef975c97edb7,c2a1398d15e749938c6812bcbd57acfa,c2a1398d15e749938c6812bcbd57acfa,6.745
1cfd4f53ec5b4d5fa4ced38e29274968,LIDAR_LEFT,ab1b077128d24b649963000f555f77a0,2e6c7b7b7ceb4f69be01f9006cedf58f,93485090af914c20acc16a4b8fc3f2d2,f848138efcfa45d49eba33bc51b47236,-10.646
1cfd4f53ec5b4d5fa4ced38e29274968,LIDAR_REAR,099da5f09d9b446cb913c9fa1be6a8c7,7198b581279c431bad450deaf7669f87,59e8858053f04fb08f2572c18123ae90,f848138efcfa45d49eba33bc51b47236,-47.866
1cfd4f53ec5b4d5fa4ced38e29274968,LIDAR_RIGHT,69a9c456e3ea4ebf9207d8ed8f492447,aefabf5dd96744beb296b9881d60ff8b,f38b524ded4c4888afbc38627b18b03d,f848138efcfa45d49eba33bc51b47236,14.609
1cfd4f53ec5b4d5fa4ced38e29274968,LIDAR_TOP_FRONT,6053fd9244704344ada108d4a2c01789,f994daad50a14ac49f1468d66eb8db62,f848138efcfa45d49eba33bc51b47236,f848138efcfa45d49eba33bc51b47236,3.055
1cfd4f53ec5b4d5fa4ced38e29274968,LIDAR_TOP_LEFT,96e191c04a144063add577808295319a,373fca46a765439794d1ecbb5839a161,bfe19053153e4df0aaaac124bae3a760,f848138efcfa45d49eba33bc51b47236,-22.012
1cfd4f53ec5b4d5fa4ced38e29274968,LIDAR_TOP_RIGHT,866e2beffce647419cef12563224b8c7,f8849496a35c4af599b8e598afda166d,19b9713c43a648dc9ff0ea05a124f11a,f848138efcfa45d49eba33bc51b47236,27.988
1cfd4f53ec5b4d5fa4ced38e29274968,RADAR_LEFT_BACK,6fd7a0fb8850473eb231c8830ec0c81f,326989c743c948bf86229f525d0deb2d,f848138efcfa45d49eba33bc51b47236,f848138efcfa45d49eba33bc51b47236,4.631
1cfd4f53ec5b4d5fa4ced38e29274968,RADAR_LEFT_FRONT,e11ff026cfa9492aafbd94c9ea4d049a,5e6c5afaa842478db6066e9de8dec1ef,f848138efcfa45d49eba33bc51b47236,f848138efcfa45d49eba33bc51b47236,4.945
1cfd4f53ec5b4d5fa4ced38e29274968,RADAR_LEFT_SIDE,55ea5501dfdd4b77bbdc68714d7d21f2,cbecfab3ced24bbeab0a1b1bdd4375a8,f848138efcfa45d49eba33bc51b47236,f848138efcfa45d49eba33bc51b47236,4.196
1cfd4f53ec5b4d5fa4ced38e29274968,RADAR_RIGHT_BACK,c94bf1082e7942078f24b97dccca98d8,f2c73d43e0994ee8a16f930860856c0e,f848138efcfa45d49eba33bc51b47236,f848138efcfa45d49eba33bc51b47236,3.864
1cfd4f53ec5b4d5fa4ced38e29274968,RADAR_RIGHT_FRONT,e33c275729f74ddba949383f50cba24f,3126c35b164c459d85e0a0555ccba628,f848138efcfa45d49eba33bc51b47236,f848138efcfa45d49eba33bc51b47236,4.933
1cfd4f53ec5b4d5fa4ced38e29274968,RADAR_RIGHT_SIDE,d06f754d352d46b9856733708bba9724,8bef64c60da74778a5b9ef975c97edb7,f848138efcfa45d49eba33bc51b47236,f848138efcfa45d49eba33bc51b47236,4.104
0085b50c1d064bbba1c214e4d712d514,LIDAR_LEFT,52c67c80ce3e4408bb32ed7788441590,2e6c7b7b7ceb4f69be01f9006cedf58f,6e53dd9212ce4fd6b476833ded9fcd9a,f0d9cedfffb249d3b481428486912e5d,-10.645
0085b50c1d064bbba1c214e4d712d514,LIDAR_REAR,39c8aa466b324d0098e06deff9e8c0dc,7198b581279c431bad450deaf7669f87,7501dc542c684969825a4bc58650b0d8,f0d9cedfffb249d3b481428486912e5d,-47.852
0085b50c1d064bbba1c214e4d712d514,LIDAR_RIGHT,962d675a9d0a48829ef221c15d6e7a64,aefabf5dd96744beb296b9881d60ff8b,32f7ee1882dc4f99a0bfc6e9111f8194,f0d9cedfffb249d3b481428486912e5d,15.237
0085b50c1d064bbba1c214e4d712d514,LIDAR_TOP_FRONT,cdb1800a0c094bb8afca20fd8f66f1f2,f994daad50a14ac49f1468d66eb8db62,f0d9cedfffb249d3b481428486912e5d,f0d9cedfffb249d3b481428486912e5d,2.893
0085b50c1d064bbba1c214e4d712d514,LIDAR_TOP_LEFT,7b982d9ccc33417a8349f1dd3f28b5e2,373fca46a765439794d1ecbb5839a161,8dcc46e743164c3aa1004cd15bd81560,f0d9cedfffb249d3b481428486912e5d,-21.721
0085b50c1d064bbba1c214e4d712d514,LIDAR_TOP_RIGHT,5c57ef6964f44d0194e69bbac4e9649f,f8849496a35c4af599b8e598afda166d,b9ee0579293f4ab7b03e4d1ee0974984,f0d9cedfffb249d3b481428486912e5d,28.121
0085b50c1d064bbba1c214e4d712d514,RADAR_LEFT_BACK,d05845f9442b4b868f4bf02514ba8089,326989c743c948bf86229f525d0deb2d,f0d9cedfffb249d3b481428486912e5d,f0d9cedfffb249d3b481428486912e5d,5.965
0085b50c1d064bbba1c214e4d712d514,RADAR_LEFT_FRONT,14c154ffa5d34d539becb828a92b048d,5e6c5afaa842478db6066e9de8dec1ef,f0d9cedfffb249d3b481428486912e5d,f0d9cedfffb249d3b481428486912e5d,7.588
0085b50c1d064bbba1c214e4d712d514,RADAR_LEFT_SIDE,66679275e19a47b6ba2343a43aeb6f12,cbecfab3ced24bbeab0a1b1bdd4375a8,f0d9cedfffb249d3b481428486912e5d,f0d9cedfffb249d3b481428486912e5d,5.262
0085b50c1d064bbba1c214e4d712d514,RADAR_RIGHT_BACK,a36a64a6e8e14cb49c8dd569b08f63d9,f2c73d43e0994ee8a16f930860856c0e,f0d9cedfffb249d3b481428486912e5d,f0d9cedfffb249d3b481428486912e5d,6.023
0085b50c1d064bbba1c214e4d712d514,RADAR_RIGHT_FRONT,8ce58044edab410d89ad34f786cbb0f8,3126c35b164c459d85e0a0555ccba628,f0d9cedfffb249d3b481428486912e5d,f0d9cedfffb249d3b481428486912e5d,7.686
0085b50c1d064bbba1c214e4d712d514,RADAR_RIGHT_SIDE,acd4ffe701704bb48dd387ea1a7404eb,8bef64c60da74778a5b9ef975c97edb7,f0d9cedfffb249d3b481428486912e5d,f0d9cedfffb249d3b481428486912e5d,5.292
4235fb5749094aeca76c365d88d2e901,LIDAR_LEFT,229f4fd9a0e548b9a68de3b129c62490,2e6c7b7b7ceb4f69be01f9006cedf58f,9e99fd89266f4acc9d06720c9caf65a9,3708fadf801c424f92d46e5586bdf0fe,-10.653
4235fb5749094aeca76c365d88d2e901,LIDAR_REAR,4ad8f768930348aaa7affd95579ecc7a,7198b581279c431bad450deaf7669f87,6663b9c2d0d4417090516b7756aa4b4c,3708fadf801c424f92d46e5586bdf0fe,-47.921
4235fb5749094aeca76c365d88d2e901,LIDAR_RIGHT,ecdacf26dbe04979a122bf4371d897c1,aefabf5dd96744beb296b9881d60ff8b,fbfa713453524c1d8e5c28e35f55026b,3708fadf801c424f92d46e5586bdf0fe,15.316
4235fb5749094aeca76c365d88d2e901,LIDAR_TOP_FRONT,646da43aab9a40ecbd709fe6074bcad8,f994daad50a14ac49f1468d66eb8db62,3708fadf801c424f92d46e5586bdf0fe,3708fadf801c424f92d46e5586bdf0fe,2.891
4235fb5749094aeca76c365d88d2e901,LIDAR_TOP_LEFT,06bdf44e6e5140679cfa476a060a3805,373fca46a765439794d1ecbb5839a161,56ad8d1cd8fe4ddbb986e05f9a188173,3708fadf801c424f92d46e5586bdf0fe,-21.848
4235fb5749094aeca76c365d88d2e901,LIDAR_TOP_RIGHT,a6e2b0284d2e484c961a05cdab8dd2c9,f8849496a35c4af599b8e598afda166d,23b8be896281476fb7d664a5febcfb8d,3708fadf801c424f92d46e5586bdf0fe,28.083
4235fb5749094aeca76c365d88d2e901,RADAR_LEFT_BACK,e4a7165836a848ada51a42588390108a,326989c743c948bf86229f525d0deb2d,3708fadf801c424f92d46e5586bdf0fe,3708fadf801c424f92d46e5586bdf0fe,7.275
4235fb5749094aeca76c365d88d2e901,RADAR_LEFT_FRONT,0239e67fb3b2437983828e4b992fed43,5e6c5afaa842478db6066e9de8dec1ef,3708fadf801c424f92d46e5586bdf0fe,3708fadf801c424f92d46e5586bdf0fe,3.854
4235fb5749094aeca76c365d88d2e901,RADAR_LEFT_SIDE,49e4667625be4cceab1ede34229c2761,cbecfab3ced24bbeab0a1b1bdd4375a8,3708fadf801c424f92d46e5586bdf0fe,3708fadf801c424f92d46e5586bdf0fe,6.81
4235fb5749094aeca76c365d88d2e901,RADAR_RIGHT_BACK,ac8830614c7c400ab9f61d6eb23eded8,f2c73d43e0994ee8a16f930860856c0e,3708fadf801c424f92d46e5586bdf0fe,3708fadf801c424f92d46e5586bdf0fe,7.462
4235fb5749094aeca76c365d88d2e901,RADAR_RIGHT_FRONT,383c85e6bd09411bbb66704be00cd58a,3126c35b164c459d85e0a0555ccba628,3708fadf801c424f92d46e5586bdf0fe,3708fadf801c424f92d46e5586bdf0fe,3.966
4235fb5749094aeca76c365d88d2e901,RADAR_RIGHT_SIDE,3e8f93aa120640cdaf7c84b2eb954217,8bef64c60da74778a5b9ef975c97edb7,3708fadf801c424f92d46e5586bdf0fe,3708fadf801c424f92d46e5586bdf0fe,6.708
9e7a04dbb9dd4f41a103ef7280d51b19,LIDAR_LEFT,59cf31c379984194b30a1667ea22938d,2e6c7b7b7ceb4f69be01f9006cedf58f,bfbe0ef708d042dfa834b84e87f7a9ea,223256d9599a452c94b34547b1b09505,-10.655
9e7a04dbb9dd4f41a103ef7280d51b19,LIDAR_REAR,c11cbf9f37c140b488d3a0cc932b0218,7198b581279c431bad450deaf7669f87,f4ae1cbd42824a6e9ae9e8caad2e1a19,223256d9599a452c94b34547b1b09505,-48.26
9e7a04dbb9dd4f41a103ef7280d51b19,LIDAR_RIGHT,eaca6e64cb4f42be991122cf565316bc,aefabf5dd96744beb296b9881d60ff8b,1c6601ba6dad48b9977188295a1aff61,223256d9599a452c94b34547b1b09505,14.358
9e7a04dbb9dd4f41a103ef7280d51b19,LIDAR_TOP_FRONT,6d6651d3f855458e9f5ecd2c5ba8b62d,f994daad50a14ac49f1468d66eb8db62,223256d9599a452c94b34547b1b09505,223256d9599a452c94b34547b1b09505,2.679
9e7a04dbb9dd4f41a103ef7280d51b19,LIDAR_TOP_LEFT,77bce45a554b4e9e8c87ae4ca2ced2f8,373fca46a765439794d1ecbb5839a161,c8f8f8d4c7c04350a590d113b29be013,223256d9599a452c94b34547b1b09505,-21.87
9e7a04dbb9dd4f41a103ef7280d51b19,LIDAR_TOP_RIGHT,ec2335fa953b422fa4c4d53e0b054bbf,f8849496a35c4af599b8e598afda166d,5c40fdcd0cdd4cdeacd638fe6dae78db,223256d9599a452c94b34547b1b09505,27.818
9e7a04dbb9dd4f41a103ef7280d51b19,RADAR_LEFT_BACK,ba9452ec9f1240cebcf1bc50beef6c6b,326989c743c948bf86229f525d0deb2d,223256d9599a452c94b34547b1b09505,223256d9599a452c94b34547b1b09505,3.481
9e7a04dbb9dd4f41a103ef7280d51b19,RADAR_LEFT_FRONT,2e8b97725b404116ac6d17371bae8ec1,5e6c5afaa842478db6066e9de8dec1ef,223256d9599a452c94b34547b1b09505,223256d9599a452c94b34547b1b09505,5.611
9e7a04dbb9dd4f41a103ef7280d51b19,RADAR_LEFT_SIDE,9dfe2c921e7f4f6685bf149e2cd6410c,cbecfab3ced24bbeab0a1b1bdd4375a8,223256d9599a452c94b34547b1b09505,223256d9599a452c94b34547b1b09505,3.436
9e7a04dbb9dd4f41a103ef7280d51b19,RADAR_RIGHT_BACK,1647fcf214c6477db3be7f3d81510add,f2c73d43e0994ee8a16f930860856c0e,223256d9599a452c94b34547b1b09505,223256d9599a452c94b34547b1b09505,4.255
9e7a04dbb9dd4f41a103ef7280d51b19,RADAR_RIGHT_FRONT,e64fc9ad6b0f449dbb190e1fe604f40c,3126c35b164c459d85e0a0555ccba628,223256d9599a452c94b34547b1b09505,223256d9599a452c94b34547b1b09505,5.777
9e7a04dbb9dd4f41a103ef7280d51b19,RADAR_RIGHT_SIDE,d030ebf3535244f1ac034ba817b70f79,8bef64c60da74778a5b9ef975c97edb7,223256d9599a452c94b34547b1b09505,223256d9599a452c94b34547b1b09505,3.422
4658e0b5cf6446b19273607532f1d7a8,LIDAR_LEFT,190854cee63948bcb93aa5d71b58509b,2e6c7b7b7ceb4f69be01f9006cedf58f,8331624f80d34da18ac858a756e9eaec,72277a9f3f5e4567b6033fa7dec613ce,-10.649
4658e0b5cf6446b19273607532f1d7a8,LIDAR_REAR,f03fdef6f8d945d0a919725b967b9404,7198b581279c431bad450deaf7669f87,07ebeababa29412c9bf80841d1c6944e,72277a9f3f5e4567b6033fa7dec613ce,-48.477
4658e0b5cf6446b19273607532f1d7a8,LIDAR_RIGHT,6938686e18914758b43222a73045b472,aefabf5dd96744beb296b9881d60ff8b,b5cfd5d4d44b44d090d4cb02c7567158,72277a9f3f5e4567b6033fa7dec613ce,14.079
4658e0b5cf6446b19273607532f1d7a8,LIDAR_TOP_FRONT,104f17031132440a8fd3f8d2d3f0c06a,f994daad50a14ac49f1468d66eb8db62,72277a9f3f5e4567b6033fa7dec613ce,72277a9f3f5e4567b6033fa7dec613ce,2.122
4658e0b5cf6446b19273607532f1d7a8,LIDAR_TOP_LEFT,e398112cad79446287c47d547ed7c986,373fca46a765439794d1ecbb5839a161,625164da73b04b848a324b5d9df884bc,72277a9f3f5e4567b6033fa7dec613ce,-22.183
4658e0b5cf6446b19273607532f1d7a8,LIDAR_TOP_RIGHT,ee996887d5d245ceb070fc2d0338420f,f8849496a35c4af599b8e598afda166d,3e237c6dad954b9d94355f4301d35305,72277a9f3f5e4567b6033fa7dec613ce,27.782
4658e0b5cf6446b19273607532f1d7a8,RADAR_LEFT_BACK,dffb4afbf3d1429980f9267e9de9387f,326989c743c948bf86229f525d0deb2d,72277a9f3f5e4567b6033fa7dec613ce,72277a9f3f5e4567b6033fa7dec613ce,5.228
4658e0b5cf6446b19273607532f1d7a8,RADAR_LEFT_FRONT,1686a199af6e48fc9b04e2f8e89ab2c4,5e6c5afaa842478db6066e9de8dec1ef,72277a9f3f5e4567b6033fa7dec613ce,72277a9f3f5e4567b6033fa7dec613ce,6.923
4658e0b5cf6446b19273607532f1d7a8,RADAR_LEFT_SIDE,491a815a5f0b44079402cfbe01e77374,cbecfab3ced24bbeab0a1b1bdd4375a8,72277a9f3f5e4567b6033fa7dec613ce,72277a9f3f5e4567b6033fa7dec613ce,4.981
4658e0b5cf6446b19273607532f1d7a8,RADAR_RIGHT_BACK,6e96d5ee27984877b80ca46b0a4c499a,f2c73d43e0994ee8a16f930860856c0e,72277a9f3f5e4567b6033fa7dec613ce,72277a9f3f5e4567b6033fa7dec613ce,5.251
4658e0b5cf6446b19273607532f1d7a8,RADAR_RIGHT_FRONT,a6cc6d3aea024996992c126018a68f4d,3126c35b164c459d85e0a0555ccba628,72277a9f3f5e4567b6033fa7dec613ce,72277a9f3f5e4567b6033fa7dec613ce,7.051
4658e0b5cf6446b19273607532f1d7a8,RADAR_RIGHT_SIDE,3cc4b0664b43414f95a1e88a5ae1e6e1,8bef64c60da74778a5b9ef975c97edb7,72277a9f3f5e4567b6033fa7dec613ce,72277a9f3f5e4567b6033fa7dec613ce,4.997
ab1028c0aef4497481ce6ead95eae8b4,LIDAR_LEFT,71b98774cd794c05b139dccb107aa7ba,2e6c7b7b7ceb4f69be01f9006cedf58f,abe7c2e80a8e42c0b3e9e566415cf3a4,caf1b223471d4109b989073e0056ab5d,-10.648
ab1028c0aef4497481ce6ead95eae8b4,LIDAR_REAR,e69d4b08316343d6908df1f7e86cfff7,7198b581279c431bad450deaf7669f87,3ce961b4180b44f59ddb437febe16ca5,caf1b223471d4109b989073e0056ab5d,-48.578
ab1028c0aef4497481ce6ead95eae8b4,LIDAR_RIGHT,555ab2824d6d4a149a1d2ddb087f4bad,aefabf5dd96744beb296b9881d60ff8b,a7874781c4f948a68a891b73a140032d,caf1b223471d4109b989073e0056ab5d,13.925
ab1028c0aef4497481ce6ead95eae8b4,LIDAR_TOP_FRONT,7fd26f439b4c445d962f2d714c370b89,f994daad50a14ac49f1468d66eb8db62,caf1b223471d4109b989073e0056ab5d,caf1b223471d4109b989073e0056ab5d,2.215
ab1028c0aef4497481ce6ead95eae8b4,LIDAR_TOP_LEFT,da2fe35b186d4712bb9f998abb2c3082,373fca46a765439794d1ecbb5839a161,70f38d7c2b3249bfb975a5eb2bdbee83,caf1b223471d4109b989073e0056ab5d,-22.222
ab1028c0aef4497481ce6ead95eae8b4,LIDAR_TOP_RIGHT,20ef34719d734c07a587f5db03e1b7a6,f8849496a35c4af599b8e598afda166d,303416b7d4c1443bafc5c329cd66b831,caf1b223471d4109b989073e0056ab5d,27.829
ab1028c0aef4497481ce6ead95eae8b4,RADAR_LEFT_BACK,783d9eb377a94c45afddf18441c9de95,326989c743c948bf86229f525d0deb2d,caf1b223471d4109b989073e0056ab5d,caf1b223471d4109b989073e0056ab5d,6.623
ab1028c0aef4497481ce6ead95eae8b4,RADAR_LEFT_FRONT,b8e86cefb7aa4638a59d794443c0c84d,5e6c5afaa842478db6066e9de8dec1ef,caf1b223471d4109b989073e0056ab5d,caf1b223471d4109b989073e0056ab5d,3.95
ab1028c0aef4497481ce6ead95eae8b4,RADAR_LEFT_SIDE,538fce14a2ea459ca5a5a2b30e65dffc,cbecfab3ced24bbeab0a1b1bdd4375a8,caf1b223471d4109b989073e0056ab5d,caf1b223471d4109b989073e0056ab5d,5.754
ab1028c0aef4497481ce6ead95eae8b4,RADAR_RIGHT_BACK,bb287b2791ff47fbbeef96666367a383,f2c73d43e0994ee8a16f930860856c0e,caf1b223471d4109b989073e0056ab5d,caf1b223471d4109b989073e0056ab5d,6.553
ab1028c0aef4497481ce6ead95eae8b4,RADAR_RIGHT_FRONT,1e4593fe93584ed184deef46a2ca930f,3126c35b164c459d85e0a0555ccba628,caf1b223471d4109b989073e0056ab5d,caf1b223471d4109b989073e0056ab5d,3.966
ab1028c0aef4497481ce6ead95eae8b4,RADAR_RIGHT_SIDE,5dbd03c2ac254efabf2b11c1bafec23d,8bef64c60da74778a5b9ef975c97edb7,caf1b223471d4109b989073e0056ab5d,caf1b223471d4109b989073e0056ab5d,5.769
9698580f407f42b3a66fa06c3d67fc7b,LIDAR_LEFT,ad38faf88bb24c3f9ef27f043ff12489,2e6c7b7b7ceb4f69be01f9006cedf58f,f930b0f87a4d4884a636c1f9e5dd9d5d,237806f86cf840cba7c45d2e81fc2bb4,-10.64
9698580f407f42b3a66fa06c3d67fc7b,LIDAR_REAR,3adca9e52a3f40b6b41b7968c9407c1f,7198b581279c431bad450deaf7669f87,cfb1d5fccd9948df8705de2b205b8c71,237806f86cf840cba7c45d2e81fc2bb4,-48.473
9698580f407f42b3a66fa06c3d67fc7b,LIDAR_RIGHT,067950bc451d496aa809992a5063c33a,aefabf5dd96744beb296b9881d60ff8b,b7038b54fbd948d28e99b36ce373c4c0,237806f86cf840cba7c45d2e81fc2bb4,13.86
9698580f407f42b3a66fa06c3d67fc7b,LIDAR_TOP_FRONT,73b09e0c152740eea28109d4f43b3989,f994daad50a14ac49f1468d66eb8db62,237806f86cf840cba7c45d2e81fc2bb4,237806f86cf840cba7c45d2e81fc2bb4,2.246
9698580f407f42b3a66fa06c3d67fc7b,LIDAR_TOP_LEFT,0ade06ab469846c4bab2c5cc323370a8,373fca46a765439794d1ecbb5839a161,ed29414b48954a9eb1d9b831caea5536,237806f86cf840cba7c45d2e81fc2bb4,-22.16
9698580f407f42b3a66fa06c3d67fc7b,LIDAR_TOP_RIGHT,e0a35c938e534ae982a1fffcc4d27b73,f8849496a35c4af599b8e598afda166d,28283ebccef44e26bc2de69ba0bfea78,237806f86cf840cba7c45d2e81fc2bb4,27.692
9698580f407f42b3a66fa06c3d67fc7b,RADAR_LEFT_BACK,588efe3ec02b4f79be9c8339435b4dd6,326989c743c948bf86229f525d0deb2d,237806f86cf840cba7c45d2e81fc2bb4,237806f86cf840cba7c45d2e81fc2bb4,3.542
9698580f407f42b3a66fa06c3d67fc7b,RADAR_LEFT_FRONT,93b16ba367f74bdd81ea20cb91754c6b,5e6c5afaa842478db6066e9de8dec1ef,237806f86cf840cba7c45d2e81fc2bb4,237806f86cf840cba7c45d2e81fc2bb4,5.268
9698580f407f42b3a66fa06c3d67fc7b,RADAR_LEFT_SIDE,fe9c87587798492f838718cd6fb5e92b,cbecfab3ced24bbeab0a1b1bdd4375a8,237806f86cf840cba7c45d2e81fc2bb4,237806f86cf840cba7c45d2e81fc2bb4,3.819
9698580f407f42b3a66fa06c3d67fc7b,RADAR_RIGHT_BACK,322855e5b51d404aabde9194b8529e6c,f2c73d43e0994ee8a16f930860856c0e,237806f86cf840cba7c45d2e81fc2bb4,237806f86cf840cba7c45d2e81fc2bb4,3.108
9698580f407f42b3a66fa06c3d67fc7b,RADAR_RIGHT_FRONT,05e25192ab5240289b7e492f545a6abb,3126c35b164c459d85e0a0555ccba628,237806f86cf840cba7c45d2e81fc2bb4,237806f86cf840cba7c45d2e81fc2bb4,5.429
9698580f407f42b3a66fa06c3d67fc7b,RADAR_RIGHT_SIDE,14b97b9dda0b486199c659440b6126dc,8bef64c60da74778a5b9ef975c97edb7,237806f86cf840cba7c45d2e81fc2bb4,237806f86cf840cba7c45d2e81fc2bb4,3.79
3513b52c0aff4b35b81bea8dc55ede6b,LIDAR_LEFT,f449508850cc49edb218ff78d101e43e,2e6c7b7b7ceb4f69be01f9006cedf58f,39bf36e234e14233bc6adb13a85c287f,6d873832167749188ae41899c93607d0,-10.64
3513b52c0aff4b35b81bea8dc55ede6b,LIDAR_REAR,6c2bf2df16f940a9a5328e29d64244b6,7198b581279c431bad450deaf7669f87,7cbf382d971d47d6aa8c5f79870c1731,6d873832167749188ae41899c93607d0,-47.966
3513b52c0aff4b35b81bea8dc55ede6b,LIDAR_RIGHT,9d44e0e47383453db89f688ac1cfd4d5,aefabf5dd96744beb296b9881d60ff8b,8dfce944f8624b77b71983a3993d07de,6d873832167749188ae41899c93607d0,14.496
3513b52c0aff4b35b81bea8dc55ede6b,LIDAR_TOP_FRONT,25fbd272de1c48288c6cd2ebc3f51d7b,f994daad50a14ac49f1468d66eb8db62,6d873832167749188ae41899c93607d0,6d873832167749188ae41899c93607d0,2.683
3513b52c0aff4b35b81bea8dc55ede6b,LIDAR_TOP_LEFT,d99b26ba06d743a391c210ba1b63ac1b,373fca46a765439794d1ecbb5839a161,6913eb3b77f74e2aaa13dc8b0fb1dd86,6d873832167749188ae41899c93607d0,-21.955
3513b52c0aff4b35b81bea8dc55ede6b,LIDAR_TOP_RIGHT,e5e77cb4be3b46bfae67bcf9939efee7,f8849496a35c4af599b8e598afda166d,5936837370344572a3fae6c0eacbd9c9,6d873832167749188ae41899c93607d0,28.056
3513b52c0aff4b35b81bea8dc55ede6b,RADAR_LEFT_BACK,27e18cbcddf84fc3a11a543008b319f4,326989c743c948bf86229f525d0deb2d,6d873832167749188ae41899c93607d0,6d873832167749188ae41899c93607d0,5.207
3513b52c0aff4b35b81bea8dc55ede6b,RADAR_LEFT_FRONT,05d76aca0d2e419fb2e46921bd9b9d5c,5e6c5afaa842478db6066e9de8dec1ef,6d873832167749188ae41899c93607d0,6d873832167749188ae41899c93607d0,7.029
3513b52c0aff4b35b81bea8dc55ede6b,RADAR_LEFT_SIDE,50795f72e5764f0781cc04ed95439df3,cbecfab3ced24bbeab0a1b1bdd4375a8,6d873832167749188ae41899c93607d0,6d873832167749188ae41899c93607d0,4.904
3513b52c0aff4b35b81bea8dc55ede6b,RADAR_RIGHT_BACK,8f76131273d1416db7a8226603d69f6a,f2c73d43e0994ee8a16f930860856c0e,6d873832167749188ae41899c93607d0,6d873832167749188ae41899c93607d0,5.615
3513b52c0aff4b35b81bea8dc55ede6b,RADAR_RIGHT_FRONT,4a33ac78d1014a0abf5e820efcfb8e69,3126c35b164c459d85e0a0555ccba628,6d873832167749188ae41899c93607d0,6d873832167749188ae41899c93607d0,7.159
3513b52c0aff4b35b81bea8dc55ede6b,RADAR_RIGHT_SIDE,a0b5a5494c574c11b486542a9e9be5f9,8bef64c60da74778a5b9ef975c97edb7,6d873832167749188ae41899c93607d0,6d873832167749188ae41899c93607d0,5.006
9d872a2768df4239af24b78af494435f,LIDAR_LEFT,e6518b82d2554f4c8a2c3cf08503af89,2e6c7b7b7ceb4f69be01f9006cedf58f,a001bb7651434833bf61fb3d1f307e65,4f0bd638e07f434fbf148a0bf2a68c0a,-10.642
9d872a2768df4239af24b78af494435f,LIDAR_REAR,b6973e6554314d7083e851844844ee70,7198b581279c431bad450deaf7669f87,2d963efe913a443aa793f3205273e9d2,4f0bd638e07f434fbf148a0bf2a68c0a,-47.677
9d872a2768df4239af24b78af494435f,LIDAR_RIGHT,694febeec2a64c798d5559260fe7785a,aefabf5dd96744beb296b9881d60ff8b,b8416a35eed741249e4750e8b3d53aef,4f0bd638e07f434fbf148a0bf2a68c0a,15.366
9d872a2768df4239af24b78af494435f,LIDAR_TOP_FRONT,0db32698583d4450a8381721354f9d96,f994daad50a14ac49f1468d66eb8db62,4f0bd638e07f434fbf148a0bf2a68c0a,4f0bd638e07f434fbf148a0bf2a68c0a,2.968
9d872a2768df4239af24b78af494435f,LIDAR_TOP_LEFT,eff6d36aeef44849ac95244994392802,373fca46a765439794d1ecbb5839a161,7157540087ac43f084883f6187d0f2c3,4f0bd638e07f434fbf148a0bf2a68c0a,-21.751
9d872a2768df4239af24b78af494435f,LIDAR_TOP_RIGHT,1d180781e8904424a78b687bad857c45,f8849496a35c4af599b8e598afda166d,c0c40b7a621f4fcfb42829fdbd887f4c,4f0bd638e07f434fbf148a0bf2a68c0a,28.191
9d872a2768df4239af24b78af494435f,RADAR_LEFT_BACK,4bac4c67caa544a3bffbf5166fb2ec9b,326989c743c948bf86229f525d0deb2d,4f0bd638e07f434fbf148a0bf2a68c0a,4f0bd638e07f434fbf148a0bf2a68c0a,7.196
9d872a2768df4239af24b78af494435f,RADAR_LEFT_FRONT,2a7bcd64a7e447329dde0e4c7516934d,5e6c5afaa842478db6066e9de8dec1ef,4f0bd638e07f434fbf148a0bf2a68c0a,4f0bd638e07f434fbf148a0bf2a68c0a,3.757
9d872a2768df4239af24b78af494435f,RADAR_LEFT_SIDE,4005c430e495483fa0d0fb1d2b3b0316,cbecfab3ced24bbeab0a1b1bdd4375a8,4f0bd638e07f434fbf148a0bf2a68c0a,4f0bd638e07f434fbf148a0bf2a68c0a,7.815
9d872a2768df4239af24b78af494435f,RADAR_RIGHT_BACK,c0c41de9faa24eb7aa6a72ee7cbb3c76,f2c73d43e0994ee8a16f930860856c0e,4f0bd638e07f434fbf148a0bf2a68c0a,4f0bd638e07f434fbf148a0bf2a68c0a,7.299
9d872a2768df4239af24b78af494435f,RADAR_RIGHT_FRONT,07617b91d3ad46d4b70a3ef273f84b5f,3126c35b164c459d85e0a0555ccba628,4f0bd638e07f434fbf148a0bf2a68c0a,4f0bd638e07f434fbf148a0bf2a68c0a,3.892
9d872a2768df4239af24b78af494435f,RADAR_RIGHT_SIDE,2a7a1a7c6e784b24b4d1a4839d29a386,8bef64c60da74778a5b9ef975c97edb7,4f0bd638e07f434fbf148a0bf2a68c0a,4f0bd638e07f434fbf148a0bf2a68c0a,7.724
9f4cd7e6a69444c7afa7208021183235,LIDAR_LEFT,f1552eeb752e494c81d026c34f9e341a,2e6c7b7b7ceb4f69be01f9006cedf58f,ae7516073991403d80f6b2df9dddc169,84fb08220cfc4d60a1bdaeb4a92bfe2d,-10.644
9f4cd7e6a69444c7afa7208021183235,LIDAR_REAR,b9fae2a27cef457aa5e0243e4feca154,7198b581279c431bad450deaf7669f87,6592b802c2f74e11886b3510d480c900,84fb08220cfc4d60a1bdaeb4a92bfe2d,-47.356
9f4cd7e6a69444c7afa7208021183235,LIDAR_RIGHT,25bb2839231b4bcc9050876381dc8e27,aefabf5dd96744beb296b9881d60ff8b,28dfff309cf3434fad4b59ed4f21254b,84fb08220cfc4d60a1bdaeb4a92bfe2d,16.096
9f4cd7e6a69444c7afa7208021183235,LIDAR_TOP_FRONT,4885a0ce77984a4389e0b249be810a0f,f994daad50a14ac49f1468d66eb8db62,84fb08220cfc4d60a1bdaeb4a92bfe2d,84fb08220cfc4d60a1bdaeb4a92bfe2d,3.467
9f4cd7e6a69444c7afa7208021183235,LIDAR_TOP_LEFT,440ecd04135c4763a23a78ab538fe8d7,373fca46a765439794d1ecbb5839a161,7354d98a56b547c4ac023f73bc6f58be,84fb08220cfc4d60a1bdaeb4a92bfe2d,-21.658
9f4cd7e6a69444c7afa7208021183235,LIDAR_TOP_RIGHT,36c8a85af2864483aa447b65a5a872b7,f8849496a35c4af599b8e598afda166d,1d94c50b0f6343a18bb850feb4626bf9,84fb08220cfc4d60a1bdaeb4a92bfe2d,28.323
9f4cd7e6a69444c7afa7208021183235,RADAR_LEFT_BACK,167f446f145e487daf8019bf10fa40a6,326989c743c948bf86229f525d0deb2d,84fb08220cfc4d60a1bdaeb4a92bfe2d,84fb08220cfc4d60a1bdaeb4a92bfe2d,4.564
9f4cd7e6a69444c7afa7208021183235,RADAR_LEFT_FRONT,bf7f4905c53f4ec09e2e450a62bff133,5e6c5afaa842478db6066e9de8dec1ef,84fb08220cfc4d60a1bdaeb4a92bfe2d,84fb08220cfc4d60a1bdaeb4a92bfe2d,5.912
9f4cd7e6a69444c7afa7208021183235,RADAR_LEFT_SIDE,dcbfa69b637c45148d360215d78e3966,cbecfab3ced24bbeab0a1b1bdd4375a8,84fb08220cfc4d60a1bdaeb4a92bfe2d,84fb08220cfc4d60a1bdaeb4a92bfe2d,4.341
9f4cd7e6a69444c7afa7208021183235,RADAR_RIGHT_BACK,367b127dd0c144e7991c141ae00630b0,f2c73d43e0994ee8a16f930860856c0e,84fb08220cfc4d60a1bdaeb4a92bfe2d,84fb08220cfc4d60a1bdaeb4a92bfe2d,4.506
9f4cd7e6a69444c7afa7208021183235,RADAR_RIGHT_FRONT,9bf35e02c9fb488b94c48107eb6aac69,3126c35b164c459d85e0a0555ccba628,84fb08220cfc4d60a1bdaeb4a92bfe2d,84fb08220cfc4d60a1bdaeb4a92bfe2d,6.088
9f4cd7e6a69444c7afa7208021183235,RADAR_RIGHT_SIDE,b4228c631bf94374a912022aa965d8cd,8bef64c60da74778a5b9ef975c97edb7,84fb08220cfc4d60a1bdaeb4a92bfe2d,84fb08220cfc4d60a1bdaeb4a92bfe2d,4.326
01ac03ac6766489fb3bcd9ecf5700ce5,LIDAR_LEFT,d2f01c3d35334618835798a6d42eadde,2e6c7b7b7ceb4f69be01f9006cedf58f,654af28fa914467c898e6c31dfc9ac7b,85d20566ca474c268c9bb570f8cca4d0,-10.658
01ac03ac6766489fb3bcd9ecf5700ce5,LIDAR_REAR,b0835c0fc51b481a93a71e8c93aa020d,7198b581279c431bad450deaf7669f87,d940b8385e8f4ca994d3e4e757c3411f,85d20566ca474c268c9bb570f8cca4d0,-47.443
01ac03ac6766489fb3bcd9ecf5700ce5,LIDAR_RIGHT,d2cca3c8fd8f4de1947c8e7632198a1b,aefabf5dd96744beb296b9881d60ff8b,4f66bdbcb30946c58e91e6d4067c1c48,85d20566ca474c268c9bb570f8cca4d0,16.103
01ac03ac6766489fb3bcd9ecf5700ce5,LIDAR_TOP_FRONT,bb74ee23bb6f4f40a57e6129a8106717,f994daad50a14ac49f1468d66eb8db62,85d20566ca474c268c9bb570f8cca4d0,85d20566ca474c268c9bb570f8cca4d0,3.408
01ac03ac6766489fb3bcd9ecf5700ce5,LIDAR_TOP_LEFT,fe6be0a83a1841b0a9c5f55f2196acb5,373fca46a765439794d1ecbb5839a161,e1281b07795a4bb4b7551950b2996e6a,85d20566ca474c268c9bb570f8cca4d0,-21.807
01ac03ac6766489fb3bcd9ecf5700ce5,LIDAR_TOP_RIGHT,379a6313da784e61bed790d1922586f4,f8849496a35c4af599b8e598afda166d,20dcc62dbd9a465983d0751763e4d925,85d20566ca474c268c9bb570f8cca4d0,28.235
01ac03ac6766489fb3bcd9ecf5700ce5,RADAR_LEFT_BACK,f6d5ac6316db4f2ab9483bc1c30ae018,326989c743c948bf86229f525d0deb2d,85d20566ca474c268c9bb570f8cca4d0,85d20566ca474c268c9bb570f8cca4d0,5.346
01ac03ac6766489fb3bcd9ecf5700ce5,RADAR_LEFT_FRONT,656a38938507407c9b794aad7d1a4443,5e6c5afaa842478db6066e9de8dec1ef,85d20566ca474c268c9bb570f8cca4d0,85d20566ca474c268c9bb570f8cca4d0,7.315
01ac03ac6766489fb3bcd9ecf5700ce5,RADAR_LEFT_SIDE,1a1e110327344456a19506ad670135bc,cbecfab3ced24bbeab0a1b1bdd4375a8,85d20566ca474c268c9bb570f8cca4d0,85d20566ca474c268c9bb570f8cca4d0,6.256
01ac03ac6766489fb3bcd9ecf5700ce5,RADAR_RIGHT_BACK,e24c8b92f1f74736b9b0789ee6f00943,f2c73d43e0994ee8a16f930860856c0e,85d20566ca474c268c9bb570f8cca4d0,85d20566ca474c268c9bb570f8cca4d0,5.453
01ac03ac6766489fb3bcd9ecf5700ce5,RADAR_RIGHT_FRONT,079d523c70af461f9d95edef1de4ce87,3126c35b164c459d85e0a0555ccba628,85d20566ca474c268c9bb570f8cca4d0,85d20566ca474c268c9bb570f8cca4d0,7.444
01ac03ac6766489fb3bcd9ecf5700ce5,RADAR_RIGHT_SIDE,53b53e76c9f4403995e2c0a7c7fc347f,8bef64c60da74778a5b9ef975c97edb7,85d20566ca474c268c9bb570f8cca4d0,85d20566ca474c268c9bb570f8cca4d0,6.239
5ecba197ec55474fbb2a146cd1ca2594,LIDAR_LEFT,09d9d88933c648749f05a5f49ca3b80f,2e6c7b7b7ceb4f69be01f9006cedf58f,46808d8ba88047d99fa8d93a75ad597d,2598fb2bafb9445aa7f91ec9eb9862c6,-10.657
5ecba197ec55474fbb2a146cd1ca2594,LIDAR_REAR,91d435d26d314ad38705e2ecfd6642ca,7198b581279c431bad450deaf7669f87,6d679db226c64b81ac4a3bdc1f4b8011,2598fb2bafb9445aa7f91ec9eb9862c6,-48.222
5ecba197ec55474fbb2a146cd1ca2594,LIDAR_RIGHT,0bba880524594d23ac0dd4eacd8013f2,aefabf5dd96744beb296b9881d60ff8b,e7a2c813cdd944c885f1a599495ad307,2598fb2bafb9445aa7f91ec9eb9862c6,14.631
5ecba197ec55474fbb2a146cd1ca2594,LIDAR_TOP_FRONT,7f684fdf14384e36a4a6b0f1f3bdecb1,f994daad50a14ac49f1468d66eb8db62,2598fb2bafb9445aa7f91ec9eb9862c6,2598fb2bafb9445aa7f91ec9eb9862c6,2.767
5ecba197ec55474fbb2a146cd1ca2594,LIDAR_TOP_LEFT,2d10ba9c93b3413faa54a3f75cf903ed,373fca46a765439794d1ecbb5839a161,e491001a58154596abb3a845a9cea270,2598fb2bafb9445aa7f91ec9eb9862c6,-22.4
5ecba197ec55474fbb2a146cd1ca2594,LIDAR_TOP_RIGHT,dbae4cd24e6244b38ff0e49ddf0fdb90,f8849496a35c4af599b8e598afda166d,5fc7f415fe004cb3b22094e43f65aaa5,2598fb2bafb9445aa7f91ec9eb9862c6,27.61
5ecba197ec55474fbb2a146cd1ca2594,RADAR_LEFT_BACK,64dfcba65e324aa491ffd6ecf6ecadf9,326989c743c948bf86229f525d0deb2d,2598fb2bafb9445aa7f91ec9eb9862c6,2598fb2bafb9445aa7f91ec9eb9862c6,6.356
5ecba197ec55474fbb2a146cd1ca2594,RADAR_LEFT_FRONT,9ac99028cefb47c39fcc12466b20b988,5e6c5afaa842478db6066e9de8dec1ef,2598fb2bafb9445aa7f91ec9eb9862c6,2598fb2bafb9445aa7f91ec9eb9862c6,3.627
5ecba197ec55474fbb2a146cd1ca2594,RADAR_LEFT_SIDE,0071427255e04976b2212d92a1342256,cbecfab3ced24bbeab0a1b1bdd4375a8,2598fb2bafb9445aa7f91ec9eb9862c6,2598fb2bafb9445aa7f91ec9eb9862c6,7.165
5ecba197ec55474fbb2a146cd1ca2594,RADAR_RIGHT_BACK,65a6e20d192f4338a561e41820c30146,f2c73d43e0994ee8a16f930860856c0e,2598fb2bafb9445aa7f91ec9eb9862c6,2598fb2bafb9445aa7f91ec9eb9862c6,6.431
5ecba197ec55474fbb2a146cd1ca2594,RADAR_RIGHT_FRONT,f783d0b5fca446c0a5645964bb27fe76,3126c35b164c459d85e0a0555ccba628,2598fb2bafb9445aa7f91ec9eb9862c6,2598fb2bafb9445aa7f91ec9eb9862c6,3.665
5ecba197ec55474fbb2a146cd1ca2594,RADAR_RIGHT_SIDE,bfb76f4f34c8440fb42318e9cf80ecb6,8bef64c60da74778a5b9ef975c97edb7,2598fb2bafb9445aa7f91ec9eb9862c6,2598fb2bafb9445aa7f91ec9eb9862c6,7.141
30c09473abfb4055ade3017dd7875cb6,LIDAR_LEFT,80634a4935f84b09b32c50caca1ed5ec,2e6c7b7b7ceb4f69be01f9006cedf58f,bd4e8d2d146240e3ba48fa0001b02826,ba74d1743fbd4a30a2ea90cbb1cef8c1,-10.644
30c09473abfb4055ade3017dd7875cb6,LIDAR_REAR,32bd97b550c04882bbb923b4c38485a5,7198b581279c431bad450deaf7669f87,b033118b494946448315a1ee272501e2,ba74d1743fbd4a30a2ea90cbb1cef8c1,-48.175
30c09473abfb4055ade3017dd7875cb6,LIDAR_RIGHT,8fa5e522df8b4cd5bf24bc005358fbdb,aefabf5dd96744beb296b9881d60ff8b,f12f3662aace4ef9a79a667472218330,ba74d1743fbd4a30a2ea90cbb1cef8c1,14.338
30c09473abfb4055ade3017dd7875cb6,LIDAR_TOP_FRONT,a9c6ca0a278d4071a2f61b0dd218483b,f994daad50a14ac49f1468d66eb8db62,ba74d1743fbd4a30a2ea90cbb1cef8c1,ba74d1743fbd4a30a2ea90cbb1cef8c1,2.215
30c09473abfb4055ade3017dd7875cb6,LIDAR_TOP_LEFT,1b8b5c3b3adb45b5b506a4fcd03dcc82,373fca46a765439794d1ecbb5839a161,b440e1bc6530408c863de93b5d6f054c,ba74d1743fbd4a30a2ea90cbb1cef8c1,-22.528
30c09473abfb4055ade3017dd7875cb6,LIDAR_TOP_RIGHT,8c76ee6b61af48769ea01e6dacc3948b,f8849496a35c4af599b8e598afda166d,2532628a328d4e81a27038e59e06c62c,ba74d1743fbd4a30a2ea90cbb1cef8c1,27.573
30c09473abfb4055ade3017dd7875cb6,RADAR_LEFT_BACK,f84e87bb423a499ca55b3b9ddb7a2f48,326989c743c948bf86229f525d0deb2d,ba74d1743fbd4a30a2ea90cbb1cef8c1,ba74d1743fbd4a30a2ea90cbb1cef8c1,3.204
30c09473abfb4055ade3017dd7875cb6,RADAR_LEFT_FRONT,476ae59addc1454a9d4a1506093e623c,5e6c5afaa842478db6066e9de8dec1ef,ba74d1743fbd4a30a2ea90cbb1cef8c1,ba74d1743fbd4a30a2ea90cbb1cef8c1,4.829
30c09473abfb4055ade3017dd7875cb6,RADAR_LEFT_SIDE,c7c07881e2844dd7a1f991eaa1eccb8d,cbecfab3ced24bbeab0a1b1bdd4375a8,ba74d1743fbd4a30a2ea90cbb1cef8c1,ba74d1743fbd4a30a2ea90cbb1cef8c1,4.139
30c09473abfb4055ade3017dd7875cb6,RADAR_RIGHT_BACK,fce3aa33a59247b3a76bffc1c06a46e8,f2c73d43e0994ee8a16f930860856c0e,ba74d1743fbd4a30a2ea90cbb1cef8c1,ba74d1743fbd4a30a2ea90cbb1cef8c1,3.617
30c09473abfb4055ade3017dd7875cb6,RADAR_RIGHT_FRONT,ab1acdd983974a54846fdcdfe56711ab,3126c35b164c459d85e0a0555ccba628,ba74d1743fbd4a30a2ea90cbb1cef8c1,ba74d1743fbd4a30a2ea90cbb1cef8c1,4.778
30c09473abfb4055ade3017dd7875cb6,RADAR_RIGHT_SIDE,5028e1ba58074c11bd9b31bb8e420047,8bef64c60da74778a5b9ef975c97edb7,ba74d1743fbd4a30a2ea90cbb1cef8c1,ba74d1743fbd4a30a2ea90cbb1cef8c1,4.073
57f8607a62fd4faa8b7a0bb5458c6a1d,LIDAR_LEFT,9efeda52c7d145d780a633fac5ba4fcb,2e6c7b7b7ceb4f69be01f9006cedf58f,68f816366fe24a61aef39d85dc94b1df,990622052d294fa6aa9079631c2b6f4e,-10.643
57f8607a62fd4faa8b7a0bb5458c6a1d,LIDAR_REAR,b32fce395a084416a754a2a74fa81cdb,7198b581279c431bad450deaf7669f87,ce5c00db23a24b57809feddfbd62b950,990622052d294fa6aa9079631c2b6f4e,-47.999
57f8607a62fd4faa8b7a0bb5458c6a1d,LIDAR_RIGHT,dfd661a29a29443f8f6a24da39e94ce8,aefabf5dd96744beb296b9881d60ff8b,2ce8b6a322af4147bceb9ce44803e277,990622052d294fa6aa9079631c2b6f4e,14.411
57f8607a62fd4faa8b7a0bb5458c6a1d,LIDAR_TOP_FRONT,4dff1430dc4844899b73411e9085d6d9,f994daad50a14ac49f1468d66eb8db62,990622052d294fa6aa9079631c2b6f4e,990622052d294fa6aa9079631c2b6f4e,2.441
57f8607a62fd4faa8b7a0bb5458c6a1d,LIDAR_TOP_LEFT,6c079c7d86754fad965758880d88251b,373fca46a765439794d1ecbb5839a161,31f3355934574badb90f14b32a19d8d3,990622052d294fa6aa9079631c2b6f4e,-22.343
57f8607a62fd4faa8b7a0bb5458c6a1d,LIDAR_TOP_RIGHT,46f4731b92de4122b8412a68b7b41d34,f8849496a35c4af599b8e598afda166d,d1503c8078eb4c56947469642536de8c,990622052d294fa6aa9079631c2b6f4e,27.701
57f8607a62fd4faa8b7a0bb5458c6a1d,RADAR_LEFT_BACK,ad72f4770810412f9872c90058895c8d,326989c743c948bf86229f525d0deb2d,990622052d294fa6aa9079631c2b6f4e,990622052d294fa6aa9079631c2b6f4e,5.216
57f8607a62fd4faa8b7a0bb5458c6a1d,RADAR_LEFT_FRONT,224c34ffa1414cec943eae54784fc7cb,5e6c5afaa842478db6066e9de8dec1ef,990622052d294fa6aa9079631c2b6f4e,990622052d294fa6aa9079631c2b6f4e,6.435
57f8607a62fd4faa8b7a0bb5458c6a1d,RADAR_LEFT_SIDE,aae677606f15487db3ca893894a8a5e1,cbecfab3ced24bbeab0a1b1bdd4375a8,990622052d294fa6aa9079631c2b6f4e,990622052d294fa6aa9079631c2b6f4e,5.477
57f8607a62fd4faa8b7a0bb5458c6a1d,RADAR_RIGHT_BACK,96be16bcac7c479fabb28c342e766e59,f2c73d43e0994ee8a16f930860856c0e,990622052d294fa6aa9079631c2b6f4e,990622052d294fa6aa9079631c2b6f4e,4.659
57f8607a62fd4faa8b7a0bb5458c6a1d,RADAR_RIGHT_FRONT,ba33dd5eb82545f5ad8526b666b73743,3126c35b164c459d85e0a0555ccba628,990622052d294fa6aa9079631c2b6f4e,990622052d294fa6aa9079631c2b6f4e,6.492
57f8607a62fd4faa8b7a0bb5458c6a1d,RADAR_RIGHT_SIDE,5efec24addb046e1a4467ebf555d80ea,8bef64c60da74778a5b9ef975c97edb7,990622052d294fa6aa9079631c2b6f4e,990622052d294fa6aa9079631c2b6f4e,5.458
6971d80d24be4b029be0e143233f4261,LIDAR_LEFT,30802f1d855b4294b83cc19713f11193,2e6c7b7b7ceb4f69be01f9006cedf58f,a2c0829d1d30466a8be1cf82056f01d9,022a81c07d6348d2b9cb3920df479e8a,-10.642
6971d80d24be4b029be0e143233f4261,LIDAR_REAR,427f296de5b0474f9d1732f65d446c49,7198b581279c431bad450deaf7669f87,b18ec24965384814b487c5c25af32330,022a81c07d6348d2b9cb3920df479e8a,-47.99
6971d80d24be4b029be0e143233f4261,LIDAR_RIGHT,cfafe581cc544fdfa79ba7ed089a2af7,aefabf5dd96744beb296b9881d60ff8b,9c90c57dd5604d389edecf917e58a978,022a81c07d6348d2b9cb3920df479e8a,14.363
6971d80d24be4b029be0e143233f4261,LIDAR_TOP_FRONT,f2cfdfc0da204130a4ff6aa3e6d08cac,f994daad50a14ac49f1468d66eb8db62,022a81c07d6348d2b9cb3920df479e8a,022a81c07d6348d2b9cb3920df479e8a,2.404
6971d80d24be4b029be0e143233f4261,LIDAR_TOP_LEFT,96fe155f9ada430db7e3bf7d4ed8b937,373fca46a765439794d1ecbb5839a161,db2c7cd48c324e5ebe5166d9e54a359d,022a81c07d6348d2b9cb3920df479e8a,-22.273
6971d80d24be4b029be0e143233f4261,LIDAR_TOP_RIGHT,0c8436fdef364ee0b1673d061479a0df,f8849496a35c4af599b8e598afda166d,53d30bf28b7049fe84230124fef3cab2,022a81c07d6348d2b9cb3920df479e8a,27.682
6971d80d24be4b029be0e143233f4261,RADAR_LEFT_BACK,3da69ce4355e4867ac7ab02c039144bb,326989c743c948bf86229f525d0deb2d,022a81c07d6348d2b9cb3920df479e8a,022a81c07d6348d2b9cb3920df479e8a,6.026
6971d80d24be4b029be0e143233f4261,RADAR_LEFT_FRONT,7e22a48a176441698ff638d2ed8b446e,5e6c5afaa842478db6066e9de8dec1ef,022a81c07d6348d2b9cb3920df479e8a,022a81c07d6348d2b9cb3920df479e8a,3.856
6971d80d24be4b029be0e143233f4261,RADAR_LEFT_SIDE,3e94df985f384a64aa9e657c1542e8c6,cbecfab3ced24bbeab0a1b1bdd4375a8,022a81c07d6348d2b9cb3920df479e8a,022a81c07d6348d2b9cb3920df479e8a,7.115
6971d80d24be4b029be0e143233f4261,RADAR_RIGHT_BACK,54c2501332034709b5197fcc3e697ad0,f2c73d43e0994ee8a16f930860856c0e,022a81c07d6348d2b9cb3920df479e8a,022a81c07d6348d2b9cb3920df479e8a,6.423
6971d80d24be4b029be0e143233f4261,RADAR_RIGHT_FRONT,d6991caa8e1b4c0c8fd6844e3b68a2fd,3126c35b164c459d85e0a0555ccba628,022a81c07d6348d2b9cb3920df479e8a,022a81c07d6348d2b9cb3920df479e8a,3.967
6971d80d24be4b029be0e143233f4261,RADAR_RIGHT_SIDE,a917ea7e6d0248318197f3e56565a450,8bef64c60da74778a5b9ef975c97edb7,022a81c07d6348d2b9cb3920df479e8a,022a81c07d6348d2b9cb3920df479e8a,7.038
63ca8d3dcbb0491a9a77079626a73c0d,LIDAR_LEFT,6666a2e7cecb4c31bf9725d5811a08f2,2e6c7b7b7ceb4f69be01f9006cedf58f,66b47aab6afb4587baf9c1c7d51a16c7,4af38b98556d438380dab8e6460b0215,-10.646
63ca8d3dcbb0491a9a77079626a73c0d,LIDAR_REAR,0d91dd2e3fe8428d8432c2987fe344eb,7198b581279c431bad450deaf7669f87,379ea4b78e994483b8bd55c658fe0e5e,4af38b98556d438380dab8e6460b0215,-47.84
63ca8d3dcbb0491a9a77079626a73c0d,LIDAR_RIGHT,5773b974cc3f4b7d92e0d56898dd4294,aefabf5dd96744beb296b9881d60ff8b,9e91e3d44eb64ddf89ab722304bf6b2b,4af38b98556d438380dab8e6460b0215,14.341
63ca8d3dcbb0491a9a77079626a73c0d,LIDAR_TOP_FRONT,50abc08c3bcc4fe6a78576cba9a2fe1a,f994daad50a14ac49f1468d66eb8db62,4af38b98556d438380dab8e6460b0215,4af38b98556d438380dab8e6460b0215,2.723
63ca8d3dcbb0491a9a77079626a73c0d,LIDAR_TOP_LEFT,002097e040df471bbb195217dbed8791,373fca46a765439794d1ecbb5839a161,27bab135794442dda2a96b63529e11c7,4af38b98556d438380dab8e6460b0215,-22.054
63ca8d3dcbb0491a9a77079626a73c0d,LIDAR_TOP_RIGHT,5f80c3162413431e932d8dee44de2a93,f8849496a35c4af599b8e598afda166d,33306cc714a9422981cd6b9c37f67a50,4af38b98556d438380dab8e6460b0215,28.109
63ca8d3dcbb0491a9a77079626a73c0d,RADAR_LEFT_BACK,dae38d546ada4389aa7a625499c0b235,326989c743c948bf86229f525d0deb2d,4af38b98556d438380dab8e6460b0215,4af38b98556d438380dab8e6460b0215,4.45
63ca8d3dcbb0491a9a77079626a73c0d,RADAR_LEFT_FRONT,82f469bef4df4ffaa8f1f87a35e4b03e,5e6c5afaa842478db6066e9de8dec1ef,4af38b98556d438380dab8e6460b0215,4af38b98556d438380dab8e6460b0215,5.107
63ca8d3dcbb0491a9a77079626a73c0d,RADAR_LEFT_SIDE,e41673f7ab2d47f7ba58b131b6202af4,cbecfab3ced24bbeab0a1b1bdd4375a8,4af38b98556d438380dab8e6460b0215,4af38b98556d438380dab8e6460b0215,3.624
63ca8d3dcbb0491a9a77079626a73c0d,RADAR_RIGHT_BACK,8d7a3f65caf249589dcacb850372fa1e,f2c73d43e0994ee8a16f930860856c0e,4af38b98556d438380dab8e6460b0215,4af38b98556d438380dab8e6460b0215,3.642
63ca8d3dcbb0491a9a77079626a73c0d,RADAR_RIGHT_FRONT,c075ba272ff54a60858ea31a78492b89,3126c35b164c459d85e0a0555ccba628,4af38b98556d438380dab8e6460b0215,4af38b98556d438380dab8e6460b0215,5.134
63ca8d3dcbb0491a9a77079626a73c0d,RADAR_RIGHT_SIDE,78d6b08db8864f00ae858c160a5586a1,8bef64c60da74778a5b9ef975c97edb7,4af38b98556d438380dab8e6460b0215,4af38b98556d438380dab8e6460b0215,3.635
cdcb5969e1824bc4bd262ff795fbeae1,LIDAR_LEFT,b70cf2ede58645c49cc2cabc57b9391e,2e6c7b7b7ceb4f69be01f9006cedf58f,02b08478e4364a149f6860282441be50,d36a038d365e4a209f00cfac0be4e17d,-10.656
cdcb5969e1824bc4bd262ff795fbeae1,LIDAR_REAR,b5e5b4a3da64440787b8d0aa476e519f,7198b581279c431bad450deaf7669f87,3a6ceee701e1493e8a84cb2d86ac9ccb,d36a038d365e4a209f00cfac0be4e17d,-48.205
cdcb5969e1824bc4bd262ff795fbeae1,LIDAR_RIGHT,59452bcfb9dc4b8b8760d9f3ba69602c,aefabf5dd96744beb296b9881d60ff8b,d362752673184728919bff7b4897668a,d36a038d365e4a209f00cfac0be4e17d,14.439
cdcb5969e1824bc4bd262ff795fbeae1,LIDAR_TOP_FRONT,a151d0df2f96421f810a638b9853d116,f994daad50a14ac49f1468d66eb8db62,d36a038d365e4a209f00cfac0be4e17d,d36a038d365e4a209f00cfac0be4e17d,2.477
cdcb5969e1824bc4bd262ff795fbeae1,LIDAR_TOP_LEFT,3f097862c28143a5badef25d5440c7b4,373fca46a765439794d1ecbb5839a161,2866096552224dd6aa841307065dec3e,d36a038d365e4a209f00cfac0be4e17d,-22.272
cdcb5969e1824bc4bd262ff795fbeae1,LIDAR_TOP_RIGHT,7848852992f14b0ba24f5dd927ebbda8,f8849496a35c4af599b8e598afda166d,13926c1f7b04411e88946dcc3d644d21,d36a038d365e4a209f00cfac0be4e17d,27.805
cdcb5969e1824bc4bd262ff795fbeae1,RADAR_LEFT_BACK,69dcb5b023044bbbb66755746892e343,326989c743c948bf86229f525d0deb2d,d36a038d365e4a209f00cfac0be4e17d,d36a038d365e4a209f00cfac0be4e17d,4.672
cdcb5969e1824bc4bd262ff795fbeae1,RADAR_LEFT_FRONT,cc5efc07e32d41e4bd3b03fc502a4fe1,5e6c5afaa842478db6066e9de8dec1ef,d36a038d365e4a209f00cfac0be4e17d,d36a038d365e4a209f00cfac0be4e17d,6.412
cdcb5969e1824bc4bd262ff795fbeae1,RADAR_LEFT_SIDE,3ce25ff6a78c43d9b7c76010d01fa577,cbecfab3ced24bbeab0a1b1bdd4375a8,d36a038d365e4a209f00cfac0be4e17d,d36a038d365e4a209f00cfac0be4e17d,5.503
cdcb5969e1824bc4bd262ff795fbeae1,RADAR_RIGHT_BACK,6164d49f91c34dcd90927d533533b6b3,f2c73d43e0994ee8a16f930860856c0e,d36a038d365e4a209f00cfac0be4e17d,d36a038d365e4a209f00cfac0be4e17d,5.207
cdcb5969e1824bc4bd262ff795fbeae1,RADAR_RIGHT_FRONT,316aadeda4904bb080f54a36ee416ee6,3126c35b164c459d85e0a0555ccba628,d36a038d365e4a209f00cfac0be4e17d,d36a038d365e4a209f00cfac0be4e17d,6.513
cdcb5969e1824bc4bd262ff795fbeae1,RADAR_RIGHT_SIDE,0962ddb905574763af682f248f7ce277,8bef64c60da74778a5b9ef975c97edb7,d36a038d365e4a209f00cfac0be4e17d,d36a038d365e4a209f00cfac0be4e17d,5.445
843eca25e8c742deb381c7ed8642fb40,LIDAR_LEFT,b880213d99984b5a9eefc5220606b41a,2e6c7b7b7ceb4f69be01f9006cedf58f,a7bc67529986434a9ab20e20dc205e65,d76933632d55425f81ce09862dc10ee8,-10.655
843eca25e8c742deb381c7ed8642fb40,LIDAR_REAR,4a90c808663e40dfb22bbfb3b3f0ebaa,7198b581279c431bad450deaf7669f87,30f94858665d4b0284e12915da626062,d76933632d55425f81ce09862dc10ee8,-48.546
843eca25e8c742deb381c7ed8642fb40,LIDAR_RIGHT,58213022af23473090bdf8e53e4c9717,aefabf5dd96744beb296b9881d60ff8b,ae84b3da0d634a28b37bd4357cc269a3,d76933632d55425f81ce09862dc10ee8,14.709
843eca25e8c742deb381c7ed8642fb40,LIDAR_TOP_FRONT,021630300c2a4866801f09f11ce7c040,f994daad50a14ac49f1468d66eb8db62,d76933632d55425f81ce09862dc10ee8,d76933632d55425f81ce09862dc10ee8,2.042
843eca25e8c742deb381c7ed8642fb40,LIDAR_TOP_LEFT,1c0f2155adde4dc08b403c5fa1d7d98c,373fca46a765439794d1ecbb5839a161,f00a014836264020a5b21119d3781873,d76933632d55425f81ce09862dc10ee8,-22.592
843eca25e8c742deb381c7ed8642fb40,LIDAR_TOP_RIGHT,8a2bd77d47ab4030b59695b858832f0b,f8849496a35c4af599b8e598afda166d,6c16a76c1f3f4233a1f52dee5930a02a,d76933632d55425f81ce09862dc10ee8,27.738
843eca25e8c742deb381c7ed8642fb40,RADAR_LEFT_BACK,a187f2a4b7394b8b97c817f77cb247fc,326989c743c948bf86229f525d0deb2d,d76933632d55425f81ce09862dc10ee8,d76933632d55425f81ce09862dc10ee8,7.013
843eca25e8c742deb381c7ed8642fb40,RADAR_LEFT_FRONT,60359a5717f64ca48e4ffc67608d9afd,5e6c5afaa842478db6066e9de8dec1ef,d76933632d55425f81ce09862dc10ee8,d76933632d55425f81ce09862dc10ee8,3.0
843eca25e8c742deb381c7ed8642fb40,RADAR_LEFT_SIDE,c54792aa89d845c182df46e779cc1ee8,cbecfab3ced24bbeab0a1b1bdd4375a8,d76933632d55425f81ce09862dc10ee8,d76933632d55425f81ce09862dc10ee8,6.652
843eca25e8c742deb381c7ed8642fb40,RADAR_RIGHT_BACK,5f546d49dbe4489da95df2cdb9bc8f8d,f2c73d43e0994ee8a16f930860856c0e,d76933632d55425f81ce09862dc10ee8,d76933632d55425f81ce09862dc10ee8,5.657
843eca25e8c742deb381c7ed8642fb40,RADAR_RIGHT_FRONT,74051402458c4972aec9ff3806043f4b,3126c35b164c459d85e0a0555ccba628,d76933632d55425f81ce09862dc10ee8,d76933632d55425f81ce09862dc10ee8,3.187
843eca25e8c742deb381c7ed8642fb40,RADAR_RIGHT_SIDE,dc38ec1cccdc48f8a0db880e70eec2c2,8bef64c60da74778a5b9ef975c97edb7,d76933632d55425f81ce09862dc10ee8,d76933632d55425f81ce09862dc10ee8,6.615
053bc5e0decd465aa6fc47606f82b17f,LIDAR_LEFT,2574f98479194ca7a472bcd09a5ff115,2e6c7b7b7ceb4f69be01f9006cedf58f,0bb622ac364c4d8393d52a725bca2e10,e67f10130af24bab94950a9fddf4ae3e,-10.64
053bc5e0decd465aa6fc47606f82b17f,LIDAR_REAR,944cb83dc9424a89b655946178c26fac,7198b581279c431bad450deaf7669f87,fe80b8f8a41d4a58b28ef3ea1a20f16d,e67f10130af24bab94950a9fddf4ae3e,-48.701
053bc5e0decd465aa6fc47606f82b17f,LIDAR_RIGHT,fc5bf4fc64754e3683f3db73aca06e61,aefabf5dd96744beb296b9881d60ff8b,2a59a4112fbe486a934fb98223febc10,e67f10130af24bab94950a9fddf4ae3e,14.821
053bc5e0decd465aa6fc47606f82b17f,LIDAR_TOP_FRONT,5c45f684fc02486396bfe08a456f379e,f994daad50a14ac49f1468d66eb8db62,e67f10130af24bab94950a9fddf4ae3e,e67f10130af24bab94950a9fddf4ae3e,2.116
053bc5e0decd465aa6fc47606f82b17f,LIDAR_TOP_LEFT,dd0f7a85de2a42c88122708208c9f0c9,373fca46a765439794d1ecbb5839a161,7b929ee4a700424cad8ffb6e96d14fd5,e67f10130af24bab94950a9fddf4ae3e,-22.62
053bc5e0decd465aa6fc47606f82b17f,LIDAR_TOP_RIGHT,d439a0f8a2ce452b983072e2b151050f,f8849496a35c4af599b8e598afda166d,032fd4b4841b4eddbae6687f3632d2a4,e67f10130af24bab94950a9fddf4ae3e,27.554
053bc5e0decd465aa6fc47606f82b17f,RADAR_LEFT_BACK,1f60c7801b7e4ffbb45e3da4687fb508,326989c743c948bf86229f525d0deb2d,e67f10130af24bab94950a9fddf4ae3e,e67f10130af24bab94950a9fddf4ae3e,3.229
053bc5e0decd465aa6fc47606f82b17f,RADAR_LEFT_FRONT,6b0296f97a8441a499d5c2c006b3d991,5e6c5afaa842478db6066e9de8dec1ef,e67f10130af24bab94950a9fddf4ae3e,e67f10130af24bab94950a9fddf4ae3e,4.803
053bc5e0decd465aa6fc47606f82b17f,RADAR_LEFT_SIDE,f12cc181357b4ca2815a6210ca6e9c8e,cbecfab3ced24bbeab0a1b1bdd4375a8,e67f10130af24bab94950a9fddf4ae3e,e67f10130af24bab94950a9fddf4ae3e,3.454
053bc5e0decd465aa6fc47606f82b17f,RADAR_RIGHT_BACK,f925421827044bfbb801672fb075a663,f2c73d43e0994ee8a16f930860856c0e,e67f10130af24bab94950a9fddf4ae3e,e67f10130af24bab94950a9fddf4ae3e,3.605
053bc5e0decd465aa6fc47606f82b17f,RADAR_RIGHT_FRONT,13ace908cb0f41719cbf4805613d0bf6,3126c35b164c459d85e0a0555ccba628,e67f10130af24bab94950a9fddf4ae3e,e67f10130af24bab94950a9fddf4ae3e,4.859
053bc5e0decd465aa6fc47606f82b17f,RADAR_RIGHT_SIDE,a7ea48e566f44b6e989c5cb7b5739316,8bef64c60da74778a5b9ef975c97edb7,e67f10130af24bab94950a9fddf4ae3e,e67f10130af24bab94950a9fddf4ae3e,3.445
709d08c09f2c4c0e81dd3ecf76e57168,LIDAR_LEFT,f3b38186f57d43798bdc4336f5fc016d,2e6c7b7b7ceb4f69be01f9006cedf58f,2842b2f9a0264c8d9a68f8713dd44938,0592d528b2d749baad9f42fa47ec90de,-10.636
709d08c09f2c4c0e81dd3ecf76e57168,LIDAR_REAR,876ec8793589408cbfb1b75568b36e50,7198b581279c431bad450deaf7669f87,dd9ffaf2311b445f91a185397fe7be90,0592d528b2d749baad9f42fa47ec90de,-48.089
709d08c09f2c4c0e81dd3ecf76e57168,LIDAR_RIGHT,73271917e8764987821564c91bda2c70,aefabf5dd96744beb296b9881d60ff8b,67c0e3ff58864ee9bd594158181b0a75,0592d528b2d749baad9f42fa47ec90de,14.636
709d08c09f2c4c0e81dd3ecf76e57168,LIDAR_TOP_FRONT,40e586edf06645d787040dc065684f42,f994daad50a14ac49f1468d66eb8db62,0592d528b2d749baad9f42fa47ec90de,0592d528b2d749baad9f42fa47ec90de,2.751
709d08c09f2c4c0e81dd3ecf76e57168,LIDAR_TOP_LEFT,3d097086d81f43edbce213d22ba54147,373fca46a765439794d1ecbb5839a161,41d7f35241834b6cb7f8dae025918cc5,0592d528b2d749baad9f42fa47ec90de,-21.896
709d08c09f2c4c0e81dd3ecf76e57168,LIDAR_TOP_RIGHT,0136ecc8dab0472a8f207a80ea6d1360,f8849496a35c4af599b8e598afda166d,ae2415c465d64a7eb935892f2f9e0748,0592d528b2d749baad9f42fa47ec90de,28.135
709d08c09f2c4c0e81dd3ecf76e57168,RADAR_LEFT_BACK,bcba5692ef1442bd83fb0a9142060d0a,326989c743c948bf86229f525d0deb2d,0592d528b2d749baad9f42fa47ec90de,0592d528b2d749baad9f42fa47ec90de,5.841
709d08c09f2c4c0e81dd3ecf76e57168,RADAR_LEFT_FRONT,78ae237f5e2e491191016b112a7fb3cd,5e6c5afaa842478db6066e9de8dec1ef,0592d528b2d749baad9f42fa47ec90de,0592d528b2d749baad9f42fa47ec90de,6.343
709d08c09f2c4c0e81dd3ecf76e57168,RADAR_LEFT_SIDE,d97771fdec65461184765758ea8cc1fa,cbecfab3ced24bbeab0a1b1bdd4375a8,0592d528b2d749baad9f42fa47ec90de,0592d528b2d749baad9f42fa47ec90de,5.211
709d08c09f2c4c0e81dd3ecf76e57168,RADAR_RIGHT_BACK,99d3d615b93546f5a941d930c7c4f617,f2c73d43e0994ee8a16f930860856c0e,0592d528b2d749baad9f42fa47ec90de,0592d528b2d749baad9f42fa47ec90de,4.794
709d08c09f2c4c0e81dd3ecf76e57168,RADAR_RIGHT_FRONT,d04824615fc84b83bdda0e5a2a812c6d,3126c35b164c459d85e0a0555ccba628,0592d528b2d749baad9f42fa47ec90de,0592d528b2d749baad9f42fa47ec90de,6.176
709d08c09f2c4c0e81dd3ecf76e57168,RADAR_RIGHT_SIDE,c85ae0024d8d4c4d9446329ec5e194ef,8bef64c60da74778a5b9ef975c97edb7,0592d528b2d749baad9f42fa47ec90de,0592d528b2d749baad9f42fa47ec90de,5.222
454fa18d64d94009914137ce901c8e7c,LIDAR_LEFT,a7ab3bd2c12547d8aa4c3c78fa5248fa,2e6c7b7b7ceb4f69be01f9006cedf58f,2f6707c7869f46a78a8f66db7c57820e,697812df941846469bf152e310d41e06,-10.632
454fa18d64d94009914137ce901c8e7c,LIDAR_REAR,0c9251c33ae1484780224a52a9f8fcb5,7198b581279c431bad450deaf7669f87,34df46d227624240a7f0c9f2a51abca5,697812df941846469bf152e310d41e06,-48.718
454fa18d64d94009914137ce901c8e7c,LIDAR_RIGHT,fe3b896c0cd544d79813051a7f50e447,aefabf5dd96744beb296b9881d60ff8b,0fbb70e98d844f34a6e16d5765dc2abd,697812df941846469bf152e310d41e06,13.731
454fa18d64d94009914137ce901c8e7c,LIDAR_TOP_FRONT,27c9863d704d4842b2231bb60d8e38a5,f994daad50a14ac49f1468d66eb8db62,697812df941846469bf152e310d41e06,697812df941846469bf152e310d41e06,2.203
454fa18d64d94009914137ce901c8e7c,LIDAR_TOP_LEFT,48077f69842b43de975160581581ecb4,373fca46a765439794d1ecbb5839a161,498f7eb479a14f67b69903ba0c932ad4,697812df941846469bf152e310d41e06,-22.73
454fa18d64d94009914137ce901c8e7c,LIDAR_TOP_RIGHT,89d6a21c23654fa39a1aae5b202d1e6e,f8849496a35c4af599b8e598afda166d,298f02c3ca5343269fc2008c59af284e,697812df941846469bf152e310d41e06,27.601
454fa18d64d94009914137ce901c8e7c,RADAR_LEFT_BACK,56cad485ac8b4877825383faf2d3c5d9,326989c743c948bf86229f525d0deb2d,697812df941846469bf152e310d41e06,697812df941846469bf152e310d41e06,5.148
454fa18d64d94009914137ce901c8e7c,RADAR_LEFT_FRONT,7938cff40b3d4c0b84fa682c3ee82564,5e6c5afaa842478db6066e9de8dec1ef,697812df941846469bf152e310d41e06,697812df941846469bf152e310d41e06,5.219
454fa18d64d94009914137ce901c8e7c,RADAR_LEFT_SIDE,923ad2870579450595bcb1b46406ad95,cbecfab3ced24bbeab0a1b1bdd4375a8,697812df941846469bf152e310d41e06,697812df941846469bf152e310d41e06,4.924
454fa18d64d94009914137ce901c8e7c,RADAR_RIGHT_BACK,788443d384c84a8fa0d1807b26febc7d,f2c73d43e0994ee8a16f930860856c0e,697812df941846469bf152e310d41e06,697812df941846469bf152e310d41e06,3.11
454fa18d64d94009914137ce901c8e7c,RADAR_RIGHT_FRONT,cbf56d3c75d0498f81ee3f4d6d148410,3126c35b164c459d85e0a0555ccba628,697812df941846469bf152e310d41e06,697812df941846469bf152e310d41e06,6.812
454fa18d64d94009914137ce901c8e7c,RADAR_RIGHT_SIDE,e960d64bc2694fdc8e9346b296580761,8bef64c60da74778a5b9ef975c97edb7,697812df941846469bf152e310d41e06,697812df941846469bf152e310d41e06,6.42
da505831bbb84ffc8e5ce6cf794037be,LIDAR_LEFT,36a51d784e714e22a1e522b9f501aaeb,2e6c7b7b7ceb4f69be01f9006cedf58f,c5ccff3b2a2340ecb53dd10bb0ca9ae9,32983bac318247bcb9392985796a3be7,-10.638
da505831bbb84ffc8e5ce6cf794037be,LIDAR_REAR,637a8f3e14f14d33ba9c7fb8b8a5e3b7,7198b581279c431bad450deaf7669f87,0ad2832f76e54b048f05b72bfec7dd11,32983bac318247bcb9392985796a3be7,-48.224
da505831bbb84ffc8e5ce6cf794037be,LIDAR_RIGHT,7ccafd7ad4754e1b99385cd4ab82ab7d,aefabf5dd96744beb296b9881d60ff8b,7482055e349548118f046cf7d443c51f,32983bac318247bcb9392985796a3be7,14.587
da505831bbb84ffc8e5ce6cf794037be,LIDAR_TOP_FRONT,ced408594a5d41d3b8886dceb7a99ae6,f994daad50a14ac49f1468d66eb8db62,32983bac318247bcb9392985796a3be7,32983bac318247bcb9392985796a3be7,2.467
da505831bbb84ffc8e5ce6cf794037be,LIDAR_TOP_LEFT,f0920fe527ac440780920dc8fc2c5166,373fca46a765439794d1ecbb5839a161,2c3aa9eb04af47d79efe2a1dc84bfe31,32983bac318247bcb9392985796a3be7,-21.9
da505831bbb84ffc8e5ce6cf794037be,LIDAR_TOP_RIGHT,54a52120de4d4e02959499a14ab2b08c,f8849496a35c4af599b8e598afda166d,70d8ebef6c3340aaa9d9004a67965b5a,32983bac318247bcb9392985796a3be7,27.932
da505831bbb84ffc8e5ce6cf794037be,RADAR_LEFT_BACK,5b929abc6dd843828b9e2e9a2e5a3d81,326989c743c948bf86229f525d0deb2d,32983bac318247bcb9392985796a3be7,32983bac318247bcb9392985796a3be7,7.056
da505831bbb84ffc8e5ce6cf794037be,RADAR_LEFT_FRONT,c6f2c4b38d834e35b798e7731d9496b6,5e6c5afaa842478db6066e9de8dec1ef,32983bac318247bcb9392985796a3be7,32983bac318247bcb9392985796a3be7,7.117
da505831bbb84ffc8e5ce6cf794037be,RADAR_LEFT_SIDE,2340da7e5f9b4eaa8aa06cfbe0f396d7,cbecfab3ced24bbeab0a1b1bdd4375a8,32983bac318247bcb9392985796a3be7,32983bac318247bcb9392985796a3be7,6.936
da505831bbb84ffc8e5ce6cf794037be,RADAR_RIGHT_BACK,295c0789723d453fb889b67025e18772,f2c73d43e0994ee8a16f930860856c0e,32983bac318247bcb9392985796a3be7,32983bac318247bcb9392985796a3be7,5.774
da505831bbb84ffc8e5ce6cf794037be,RADAR_RIGHT_FRONT,6c8547f598c5483abcc833013c120ed5,3126c35b164c459d85e0a0555ccba628,32983bac318247bcb9392985796a3be7,32983bac318247bcb9392985796a3be7,3.912
da505831bbb84ffc8e5ce6cf794037be,RADAR_RIGHT_SIDE,9939d30134854527b1e44fbe5c7813fa,8bef64c60da74778a5b9ef975c97edb7,32983bac318247bcb9392985796a3be7,32983bac318247bcb9392985796a3be7,3.941
8def0cf89dd94f1483002d209d33a00e,LIDAR_LEFT,b648ba8f9f834b41ab5884d9cae9c432,2e6c7b7b7ceb4f69be01f9006cedf58f,afa8f90f8f5f4158ad60a5000ed66ba3,ca30f5c1382a41ce9dbfc8da53f2c310,-10.636
8def0cf89dd94f1483002d209d33a00e,LIDAR_REAR,5ba684a6b2eb4ac59e998b4f3438201a,7198b581279c431bad450deaf7669f87,5c48c8989d83407faae9988beacf5c0f,ca30f5c1382a41ce9dbfc8da53f2c310,-47.768
8def0cf89dd94f1483002d209d33a00e,LIDAR_RIGHT,e262443e846241ac85daaa54a74570c7,aefabf5dd96744beb296b9881d60ff8b,b7af7688d4d74c95bff11b017b4cade4,ca30f5c1382a41ce9dbfc8da53f2c310,15.336
8def0cf89dd94f1483002d209d33a00e,LIDAR_TOP_FRONT,c7da0869448b4ceabdffe4820abd38be,f994daad50a14ac49f1468d66eb8db62,ca30f5c1382a41ce9dbfc8da53f2c310,ca30f5c1382a41ce9dbfc8da53f2c310,2.95
8def0cf89dd94f1483002d209d33a00e,LIDAR_TOP_LEFT,a145c334dbc84394b2ec63a6609eceac,373fca46a765439794d1ecbb5839a161,fca8aa980cc24d249338c00f551cd5a8,ca30f5c1382a41ce9dbfc8da53f2c310,-21.413
8def0cf89dd94f1483002d209d33a00e,LIDAR_TOP_RIGHT,dff5f15c77a7427c8b8764372ed0154e,f8849496a35c4af599b8e598afda166d,3dce8ac7ed0f4ffdb0f68b728d99ea42,ca30f5c1382a41ce9dbfc8da53f2c310,28.14
8def0cf89dd94f1483002d209d33a00e,RADAR_LEFT_BACK,5fc70f7f34494bbaa4e0d31a6a71d66e,326989c743c948bf86229f525d0deb2d,ca30f5c1382a41ce9dbfc8da53f2c310,ca30f5c1382a41ce9dbfc8da53f2c310,4.021
8def0cf89dd94f1483002d209d33a00e,RADAR_LEFT_FRONT,374efc04c5cf4da8989b2e8aa0924404,5e6c5afaa842478db6066e9de8dec1ef,ca30f5c1382a41ce9dbfc8da53f2c310,ca30f5c1382a41ce9dbfc8da53f2c310,4.099
8def0cf89dd94f1483002d209d33a00e,RADAR_LEFT_SIDE,b2b32523fa0b46e290f80cb0ed82ec26,cbecfab3ced24bbeab0a1b1bdd4375a8,ca30f5c1382a41ce9dbfc8da53f2c310,ca30f5c1382a41ce9dbfc8da53f2c310,3.837
8def0cf89dd94f1483002d209d33a00e,RADAR_RIGHT_BACK,f08cb489cf324986aca8abd4a5087d65,f2c73d43e0994ee8a16f930860856c0e,ca30f5c1382a41ce9dbfc8da53f2c310,ca30f5c1382a41ce9dbfc8da53f2c310,7.708
8def0cf89dd94f1483002d209d33a00e,RADAR_RIGHT_FRONT,cee5a547e0514714827ed8facfe0c226,3126c35b164c459d85e0a0555ccba628,ca30f5c1382a41ce9dbfc8da53f2c310,ca30f5c1382a41ce9dbfc8da53f2c310,6.36
8def0cf89dd94f1483002d209d33a00e,RADAR_RIGHT_SIDE,3484fb188a844fbab43c7b054d8fe35d,8bef64c60da74778a5b9ef975c97edb7,ca30f5c1382a41ce9dbfc8da53f2c310,ca30f5c1382a41ce9dbfc8da53f2c310,5.566
aad3fc22cae6450ba76ce8c10ceb5862,LIDAR_LEFT,ca36302928d243e9bc6476984676122d,2e6c7b7b7ceb4f69be01f9006cedf58f,59a20560775d4068a3ff762fbb1c2d3d,f424407c45744c838e465205183c3991,-10.643
aad3fc22cae6450ba76ce8c10ceb5862,LIDAR_REAR,ec7e593ae5554186b2bf3fb498140174,7198b581279c431bad450deaf7669f87,b604060da3254c1cadfe8ee915b1d6e4,f424407c45744c838e465205183c3991,-47.308
aad3fc22cae6450ba76ce8c10ceb5862,LIDAR_RIGHT,75e7a4e7d6ab486989bfd0d92af4dda2,aefabf5dd96744beb296b9881d60ff8b,778583e8d097430bba43972a53527bfc,f424407c45744c838e465205183c3991,15.955
aad3fc22cae6450ba76ce8c10ceb5862,LIDAR_TOP_FRONT,de1197570aee4042a6bd7483035fddd6,f994daad50a14ac49f1468d66eb8db62,f424407c45744c838e465205183c3991,f424407c45744c838e465205183c3991,3.412
aad3fc22cae6450ba76ce8c10ceb5862,LIDAR_TOP_LEFT,ffb0bc5f77e043cfbc0d45d774a0ac5d,373fca46a765439794d1ecbb5839a161,fab1d3a59419447e9faae1be39331096,f424407c45744c838e465205183c3991,-21.281
aad3fc22cae6450ba76ce8c10ceb5862,LIDAR_TOP_RIGHT,1946ef529520487bae9c54df9eb0572f,f8849496a35c4af599b8e598afda166d,d566f28fa8ac4fd4a579ce240a8e2d86,f424407c45744c838e465205183c3991,28.806
aad3fc22cae6450ba76ce8c10ceb5862,RADAR_LEFT_BACK,e14b50e422814d008a9fcf09b446d1f7,326989c743c948bf86229f525d0deb2d,f424407c45744c838e465205183c3991,f424407c45744c838e465205183c3991,6.365
aad3fc22cae6450ba76ce8c10ceb5862,RADAR_LEFT_FRONT,96e067f52c6247cc80661f64449d258b,5e6c5afaa842478db6066e9de8dec1ef,f424407c45744c838e465205183c3991,f424407c45744c838e465205183c3991,6.537
aad3fc22cae6450ba76ce8c10ceb5862,RADAR_LEFT_SIDE,9adbcfb65f2e41e1abc53fb4c0f5fe45,cbecfab3ced24bbeab0a1b1bdd4375a8,f424407c45744c838e465205183c3991,f424407c45744c838e465205183c3991,6.202
aad3fc22cae6450ba76ce8c10ceb5862,RADAR_RIGHT_BACK,420845a1db574a7ea11350e4dc13d939,f2c73d43e0994ee8a16f930860856c0e,f424407c45744c838e465205183c3991,f424407c45744c838e465205183c3991,4.926
aad3fc22cae6450ba76ce8c10ceb5862,RADAR_RIGHT_FRONT,3dfc392997a7471099e28a533609cbd5,3126c35b164c459d85e0a0555ccba628,f424407c45744c838e465205183c3991,f424407c45744c838e465205183c3991,8.176
aad3fc22cae6450ba76ce8c10ceb5862,RADAR_RIGHT_SIDE,8d8db00f23d146c783955cc8065bfb5c,8bef64c60da74778a5b9ef975c97edb7,f424407c45744c838e465205183c3991,f424407c45744c838e465205183c3991,7.603
b758c76a38de4c96a259024c2603f725,LIDAR_LEFT,1bea1bd7ed8c4ff88be4446ab9ac7987,2e6c7b7b7ceb4f69be01f9006cedf58f,bf6eaeffea0e4d4780b5aabb1a6390a3,519921d15e884fc5a2a5f96dd60ebec4,-10.665
b758c76a38de4c96a259024c2603f725,LIDAR_REAR,28767ccf20a942fc84cf2a100b39a360,7198b581279c431bad450deaf7669f87,12375684ffd440329d91902547321f37,519921d15e884fc5a2a5f96dd60ebec4,-47.786
b758c76a38de4c96a259024c2603f725,LIDAR_RIGHT,c8093b8858f941b297efdb5f47c49fa9,aefabf5dd96744beb296b9881d60ff8b,f003ebdbd59440d5ae780ffe2df5fe6c,519921d15e884fc5a2a5f96dd60ebec4,14.915
b758c76a38de4c96a259024c2603f725,LIDAR_TOP_FRONT,645acc3a274845ae8427327ced103b20,f994daad50a14ac49f1468d66eb8db62,519921d15e884fc5a2a5f96dd60ebec4,519921d15e884fc5a2a5f96dd60ebec4,3.063
b758c76a38de4c96a259024c2603f725,LIDAR_TOP_LEFT,3c1d9837970a4306b24fe9ccec8165b4,373fca46a765439794d1ecbb5839a161,88b3808f03784954ac47034e2b2232e9,519921d15e884fc5a2a5f96dd60ebec4,-21.544
b758c76a38de4c96a259024c2603f725,LIDAR_TOP_RIGHT,f1bdce9d5a954f5fa1daa5a8a11902e5,f8849496a35c4af599b8e598afda166d,b5aa1101ddce432a9952b4ce0a16974e,519921d15e884fc5a2a5f96dd60ebec4,28.368
b758c76a38de4c96a259024c2603f725,RADAR_LEFT_BACK,d7a513db8f0140aba8697c17eaa410ec,326989c743c948bf86229f525d0deb2d,519921d15e884fc5a2a5f96dd60ebec4,519921d15e884fc5a2a5f96dd60ebec4,7.45
b758c76a38de4c96a259024c2603f725,RADAR_LEFT_FRONT,8457ce9302b94e5ab92ccfaf3ac924c2,5e6c5afaa842478db6066e9de8dec1ef,519921d15e884fc5a2a5f96dd60ebec4,519921d15e884fc5a2a5f96dd60ebec4,7.504
b758c76a38de4c96a259024c2603f725,RADAR_LEFT_SIDE,c144a97ebc18469f86a4748a9bb32b5d,cbecfab3ced24bbeab0a1b1bdd4375a8,519921d15e884fc5a2a5f96dd60ebec4,519921d15e884fc5a2a5f96dd60ebec4,7.243
b758c76a38de4c96a259024c2603f725,RADAR_RIGHT_BACK,5fbc3281b6544f329cf6ce9eff02e7ed,f2c73d43e0994ee8a16f930860856c0e,519921d15e884fc5a2a5f96dd60ebec4,519921d15e884fc5a2a5f96dd60ebec4,5.756
b758c76a38de4c96a259024c2603f725,RADAR_RIGHT_FRONT,8717af71130e4a3e8075018e67e2d247,3126c35b164c459d85e0a0555ccba628,519921d15e884fc5a2a5f96dd60ebec4,519921d15e884fc5a2a5f96dd60ebec4,4.85
b758c76a38de4c96a259024c2603f725,RADAR_RIGHT_SIDE,9bf5c0ea812f4a039b76c83b93eabfeb,8bef64c60da74778a5b9ef975c97edb7,519921d15e884fc5a2a5f96dd60ebec4,519921d15e884fc5a2a5f96dd60ebec4,4.396
a253c803a4244cb9aa2a2b1963eeeea3,LIDAR_LEFT,c00fa7303629458db7b2a2707ac33071,2e6c7b7b7ceb4f69be01f9006cedf58f,d057d10fe54640f9a8dc3421acb256ef,018bc90a5920487abc0ad96147f17861,-10.658
a253c803a4244cb9aa2a2b1963eeeea3,LIDAR_REAR,9b4d805aa3584e3082d3a6bed2dec726,7198b581279c431bad450deaf7669f87,4d29bde4e9514506b89aebb6f8452be8,018bc90a5920487abc0ad96147f17861,-48.23
a253c803a4244cb9aa2a2b1963eeeea3,LIDAR_RIGHT,1f46be8f77b54afaaff40f8bda5e5e2f,aefabf5dd96744beb296b9881d60ff8b,4376bfe6aa3e4259af9b397c5bcf20c1,018bc90a5920487abc0ad96147f17861,14.094
a253c803a4244cb9aa2a2b1963eeeea3,LIDAR_TOP_FRONT,21d10a630804419da161fc3d63f62144,f994daad50a14ac49f1468d66eb8db62,018bc90a5920487abc0ad96147f17861,018bc90a5920487abc0ad96147f17861,2.557
a253c803a4244cb9aa2a2b1963eeeea3,LIDAR_TOP_LEFT,6f0a30640f9e485b950f27c6d5b7be43,373fca46a765439794d1ecbb5839a161,19686eed051948edb61ebe1ef9451358,018bc90a5920487abc0ad96147f17861,-22.193
a253c803a4244cb9aa2a2b1963eeeea3,LIDAR_TOP_RIGHT,c01385fb19fd4c5dba367cbe7478ac71,f8849496a35c4af599b8e598afda166d,13736ab8cf9d43a4b0b368c2f2d43f6a,018bc90a5920487abc0ad96147f17861,27.932
a253c803a4244cb9aa2a2b1963eeeea3,RADAR_LEFT_BACK,42c30e8d08894d49b14b3e7fa104769f,326989c743c948bf86229f525d0deb2d,018bc90a5920487abc0ad96147f17861,018bc90a5920487abc0ad96147f17861,3.669
a253c803a4244cb9aa2a2b1963eeeea3,RADAR_LEFT_FRONT,6004a87e65aa411cb72cda0c3a1c097b,5e6c5afaa842478db6066e9de8dec1ef,018bc90a5920487abc0ad96147f17861,018bc90a5920487abc0ad96147f17861,3.839
a253c803a4244cb9aa2a2b1963eeeea3,RADAR_LEFT_SIDE,66bbcdcedb7a4da9aa3292199ea7874e,cbecfab3ced24bbeab0a1b1bdd4375a8,018bc90a5920487abc0ad96147f17861,018bc90a5920487abc0ad96147f17861,3.474
a253c803a4244cb9aa2a2b1963eeeea3,RADAR_RIGHT_BACK,03894e7ce827407dbf90efd50a72aab7,f2c73d43e0994ee8a16f930860856c0e,018bc90a5920487abc0ad96147f17861,018bc90a5920487abc0ad96147f17861,6.646
a253c803a4244cb9aa2a2b1963eeeea3,RADAR_RIGHT_FRONT,1bebbc8f15cf4f8091ddb508f036a43d,3126c35b164c459d85e0a0555ccba628,018bc90a5920487abc0ad96147f17861,018bc90a5920487abc0ad96147f17861,5.502
a253c803a4244cb9aa2a2b1963eeeea3,RADAR_RIGHT_SIDE,51a4485490db4094bfb4166743cba439,8bef64c60da74778a5b9ef975c97edb7,018bc90a5920487abc0ad96147f17861,018bc90a5920487abc0ad96147f17861,4.611
364e9aeabf004d098c42b93bd3f73344,LIDAR_LEFT,6860f9fd57a94b499ff430e1a265b099,2e6c7b7b7ceb4f69be01f9006cedf58f,25ab3d5349c144878e5ddb369e63bbea,21c09cd2dede4d088d38b5b774b62f4e,-10.653
364e9aeabf004d098c42b93bd3f73344,LIDAR_REAR,688f8e8b119e4938ae7152e84740a398,7198b581279c431bad450deaf7669f87,7f1540f07cbd49c79250f61b2a5278e3,21c09cd2dede4d088d38b5b774b62f4e,-48.417
364e9aeabf004d098c42b93bd3f73344,LIDAR_RIGHT,084af5ea934343769592a11731e538d6,aefabf5dd96744beb296b9881d60ff8b,c03b60bc8cae4b11a3dc7acb4767bbf5,21c09cd2dede4d088d38b5b774b62f4e,13.735
364e9aeabf004d098c42b93bd3f73344,LIDAR_TOP_FRONT,db6a3ee6fc9843619d2602afdf91a0f2,f994daad50a14ac49f1468d66eb8db62,21c09cd2dede4d088d38b5b774b62f4e,21c09cd2dede4d088d38b5b774b62f4e,2.276
364e9aeabf004d098c42b93bd3f73344,LIDAR_TOP_LEFT,bf96d16307384252bc17a2247aa26d98,373fca46a765439794d1ecbb5839a161,425ff3d89ec84f4e98fc6830bd264b34,21c09cd2dede4d088d38b5b774b62f4e,-22.676
364e9aeabf004d098c42b93bd3f73344,LIDAR_TOP_RIGHT,238b1a45da31463a9760924a99b39342,f8849496a35c4af599b8e598afda166d,0db107ebab204421987f35eae99c85e6,21c09cd2dede4d088d38b5b774b62f4e,27.742
364e9aeabf004d098c42b93bd3f73344,RADAR_LEFT_BACK,15b4198a20404887a105ea8158090e10,326989c743c948bf86229f525d0deb2d,21c09cd2dede4d088d38b5b774b62f4e,21c09cd2dede4d088d38b5b774b62f4e,4.652
364e9aeabf004d098c42b93bd3f73344,RADAR_LEFT_FRONT,2054b89b683c4b06bb4251944340e486,5e6c5afaa842478db6066e9de8dec1ef,21c09cd2dede4d088d38b5b774b62f4e,21c09cd2dede4d088d38b5b774b62f4e,4.743
364e9aeabf004d098c42b93bd3f73344,RADAR_LEFT_SIDE,5fcd022c86a145d988d94887815b81d8,cbecfab3ced24bbeab0a1b1bdd4375a8,21c09cd2dede4d088d38b5b774b62f4e,21c09cd2dede4d088d38b5b774b62f4e,4.414
364e9aeabf004d098c42b93bd3f73344,RADAR_RIGHT_BACK,21e1214d3c2c45b58a9378aceeba18cc,f2c73d43e0994ee8a16f930860856c0e,21c09cd2dede4d088d38b5b774b62f4e,21c09cd2dede4d088d38b5b774b62f4e,3.639
364e9aeabf004d098c42b93bd3f73344,RADAR_RIGHT_FRONT,4442b1224a3b4f3fad80d72a47b62e8e,3126c35b164c459d85e0a0555ccba628,21c09cd2dede4d088d38b5b774b62f4e,21c09cd2dede4d088d38b5b774b62f4e,6.599
364e9aeabf004d098c42b93bd3f73344,RADAR_RIGHT_SIDE,4ca16cc4808c4b6493d3efb6890ee504,8bef64c60da74778a5b9ef975c97edb7,21c09cd2dede4d088d38b5b774b62f4e,21c09cd2dede4d088d38b5b774b62f4e,5.969
e99ad15689f74cc1a7f2e92052fddbac,LIDAR_LEFT,d58e7513b1b346a7ab9901bdd3fc3c10,2e6c7b7b7ceb4f69be01f9006cedf58f,c18e8c2e25c341139fe326ea6de902ef,91f837ba524b45ac846ba12c32ee131d,-10.648
e99ad15689f74cc1a7f2e92052fddbac,LIDAR_REAR,debd9b49128b46438a888a0cca6f6f85,7198b581279c431bad450deaf7669f87,025d67ffd6f0486eb5aa557a853c8e94,91f837ba524b45ac846ba12c32ee131d,-48.866
e99ad15689f74cc1a7f2e92052fddbac,LIDAR_RIGHT,1789270a303a42298aded8019a10b35b,aefabf5dd96744beb296b9881d60ff8b,815113e2dd7e46098db224006a5722fc,91f837ba524b45ac846ba12c32ee131d,13.379
e99ad15689f74cc1a7f2e92052fddbac,LIDAR_TOP_FRONT,240a6c9bfec149acab76b249275c3f14,f994daad50a14ac49f1468d66eb8db62,91f837ba524b45ac846ba12c32ee131d,91f837ba524b45ac846ba12c32ee131d,2.068
e99ad15689f74cc1a7f2e92052fddbac,LIDAR_TOP_LEFT,46f84304dd8542e8a81fc17b02a7726b,373fca46a765439794d1ecbb5839a161,7c5af8cf34bd4f57a2efaa8055be5af8,91f837ba524b45ac846ba12c32ee131d,-23.094
e99ad15689f74cc1a7f2e92052fddbac,LIDAR_TOP_RIGHT,706f7f247b8f4355b2ff193cc23da1cb,f8849496a35c4af599b8e598afda166d,dcea5c3cedaa4fc3a09c75721ddf8793,91f837ba524b45ac846ba12c32ee131d,27.465
e99ad15689f74cc1a7f2e92052fddbac,RADAR_LEFT_BACK,22dd6ec74d674e7086cebea6850d9595,326989c743c948bf86229f525d0deb2d,91f837ba524b45ac846ba12c32ee131d,91f837ba524b45ac846ba12c32ee131d,5.919
e99ad15689f74cc1a7f2e92052fddbac,RADAR_LEFT_FRONT,1a226a32cd034acabf08e6340bde2a4d,5e6c5afaa842478db6066e9de8dec1ef,91f837ba524b45ac846ba12c32ee131d,91f837ba524b45ac846ba12c32ee131d,5.969
e99ad15689f74cc1a7f2e92052fddbac,RADAR_LEFT_SIDE,ecaa7e15201c4855881328a50fc7573a,cbecfab3ced24bbeab0a1b1bdd4375a8,91f837ba524b45ac846ba12c32ee131d,91f837ba524b45ac846ba12c32ee131d,5.736
e99ad15689f74cc1a7f2e92052fddbac,RADAR_RIGHT_BACK,93198a2e2f4a4d1caf30bc35df09de30,f2c73d43e0994ee8a16f930860856c0e,91f837ba524b45ac846ba12c32ee131d,91f837ba524b45ac846ba12c32ee131d,4.365
e99ad15689f74cc1a7f2e92052fddbac,RADAR_RIGHT_FRONT,501e57f7cc064a1d902adea59eb949db,3126c35b164c459d85e0a0555ccba628,91f837ba524b45ac846ba12c32ee131d,91f837ba524b45ac846ba12c32ee131d,2.744
e99ad15689f74cc1a7f2e92052fddbac,RADAR_RIGHT_SIDE,956acc4985424cbc947c481e165d095c,8bef64c60da74778a5b9ef975c97edb7,91f837ba524b45ac846ba12c32ee131d,91f837ba524b45ac846ba12c32ee131d,2.652
11ec72961e774527ac42ae08e165c7da,LIDAR_LEFT,ab72303dd82f442298c3f7b3c061b6f3,2e6c7b7b7ceb4f69be01f9006cedf58f,4a954243e68b432cac41a6411cb8eba7,ddf1ef41de394797b45045127a8d0b3b,-10.633
11ec72961e774527ac42ae08e165c7da,LIDAR_REAR,b504917010654f7a920e34ff20fef30f,7198b581279c431bad450deaf7669f87,d131ae8a7fb34527bef50284161bd7a0,ddf1ef41de394797b45045127a8d0b3b,-48.484
11ec72961e774527ac42ae08e165c7da,LIDAR_RIGHT,6daefdb1207c491c9187611037f57da5,aefabf5dd96744beb296b9881d60ff8b,db25654c3c774a4682d4d7df4321ab6b,ddf1ef41de394797b45045127a8d0b3b,13.834
11ec72961e774527ac42ae08e165c7da,LIDAR_TOP_FRONT,7725d57374eb4b6ca3e67b8fdf6ca6c8,f994daad50a14ac49f1468d66eb8db62,ddf1ef41de394797b45045127a8d0b3b,ddf1ef41de394797b45045127a8d0b3b,2.548
11ec72961e774527ac42ae08e165c7da,LIDAR_TOP_LEFT,0c7b5d4208cd4fba97fa946338ef1f74,373fca46a765439794d1ecbb5839a161,810b9c484996408ea62612a83224cf19,ddf1ef41de394797b45045127a8d0b3b,-22.789
11ec72961e774527ac42ae08e165c7da,LIDAR_TOP_RIGHT,e341db5ae7004533a509026c8b5989b7,f8849496a35c4af599b8e598afda166d,4ccaaf7d5c28437688c8be46e6cd01a1,ddf1ef41de394797b45045127a8d0b3b,27.947
11ec72961e774527ac42ae08e165c7da,RADAR_LEFT_BACK,2a0494a97cbe4258a8d361e5227cdc05,326989c743c948bf86229f525d0deb2d,ddf1ef41de394797b45045127a8d0b3b,ddf1ef41de394797b45045127a8d0b3b,3.655
11ec72961e774527ac42ae08e165c7da,RADAR_LEFT_FRONT,460bb982488a465eab609cbdad71cb86,5e6c5afaa842478db6066e9de8dec1ef,ddf1ef41de394797b45045127a8d0b3b,ddf1ef41de394797b45045127a8d0b3b,3.727
11ec72961e774527ac42ae08e165c7da,RADAR_LEFT_SIDE,3e128719689a4bc98543fc587fc253da,cbecfab3ced24bbeab0a1b1bdd4375a8,ddf1ef41de394797b45045127a8d0b3b,ddf1ef41de394797b45045127a8d0b3b,3.376
11ec72961e774527ac42ae08e165c7da,RADAR_RIGHT_BACK,2e8659bcec06485d808a5e47fc564bee,f2c73d43e0994ee8a16f930860856c0e,ddf1ef41de394797b45045127a8d0b3b,ddf1ef41de394797b45045127a8d0b3b,6.355
11ec72961e774527ac42ae08e165c7da,RADAR_RIGHT_FRONT,b710dd364f61427996f628ef219a008e,3126c35b164c459d85e0a0555ccba628,ddf1ef41de394797b45045127a8d0b3b,ddf1ef41de394797b45045127a8d0b3b,5.17
11ec72961e774527ac42ae08e165c7da,RADAR_RIGHT_SIDE,dec9301181bd451fa25149a0242bf285,8bef64c60da74778a5b9ef975c97edb7,ddf1ef41de394797b45045127a8d0b3b,ddf1ef41de394797b45045127a8d0b3b,4.961
41c3b9f01b734b9cb4328ae85a868bf8,LIDAR_LEFT,670c21ae3c6648f0a6dd7fcc41b2d640,2e6c7b7b7ceb4f69be01f9006cedf58f,62111bc4b60249b4aad80752c838ebca,4c8fc5e692f1448bac7ad907ee057add,-10.637
41c3b9f01b734b9cb4328ae85a868bf8,LIDAR_REAR,b0919dd1b5e54115a938b487fb283f95,7198b581279c431bad450deaf7669f87,2565760ba7a84797a0f18fa8d9791556,4c8fc5e692f1448bac7ad907ee057add,-47.969
41c3b9f01b734b9cb4328ae85a868bf8,LIDAR_RIGHT,b02c377a809f4c068f10fc6838eed311,aefabf5dd96744beb296b9881d60ff8b,0573520f94f048a4afb09d641be8eb57,4c8fc5e692f1448bac7ad907ee057add,14.85
41c3b9f01b734b9cb4328ae85a868bf8,LIDAR_TOP_FRONT,fc7e166b56704791bd9e12ce32cf8a4b,f994daad50a14ac49f1468d66eb8db62,4c8fc5e692f1448bac7ad907ee057add,4c8fc5e692f1448bac7ad907ee057add,3.189
41c3b9f01b734b9cb4328ae85a868bf8,LIDAR_TOP_LEFT,aa4eec9e23cd4690888997a739f60d2c,373fca46a765439794d1ecbb5839a161,7b9181bf4c574099b27995f5cc3e896e,4c8fc5e692f1448bac7ad907ee057add,-22.077
41c3b9f01b734b9cb4328ae85a868bf8,LIDAR_TOP_RIGHT,d33d9300ef574d059036492653a6eb65,f8849496a35c4af599b8e598afda166d,c020bb8995b946a1ba0fc91564108c80,4c8fc5e692f1448bac7ad907ee057add,28.553
41c3b9f01b734b9cb4328ae85a868bf8,RADAR_LEFT_BACK,9bcafcb69d4d441995d3a6b0fb745126,326989c743c948bf86229f525d0deb2d,4c8fc5e692f1448bac7ad907ee057add,4c8fc5e692f1448bac7ad907ee057add,5.104
41c3b9f01b734b9cb4328ae85a868bf8,RADAR_LEFT_FRONT,cedccdd4dfe945e99cb5bd4fff4109b0,5e6c5afaa842478db6066e9de8dec1ef,4c8fc5e692f1448bac7ad907ee057add,4c8fc5e692f1448bac7ad907ee057add,5.34
41c3b9f01b734b9cb4328ae85a868bf8,RADAR_LEFT_SIDE,ff81908376a649e7bb2448679f37c6ca,cbecfab3ced24bbeab0a1b1bdd4375a8,4c8fc5e692f1448bac7ad907ee057add,4c8fc5e692f1448bac7ad907ee057add,4.911
41c3b9f01b734b9cb4328ae85a868bf8,RADAR_RIGHT_BACK,125ec8bf2e5643759244cf8ac4d39ae5,f2c73d43e0994ee8a16f930860856c0e,4c8fc5e692f1448bac7ad907ee057add,4c8fc5e692f1448bac7ad907ee057add,3.923
41c3b9f01b734b9cb4328ae85a868bf8,RADAR_RIGHT_FRONT,990dae04eaa74a83b8a9e6d8cf5255fa,3126c35b164c459d85e0a0555ccba628,4c8fc5e692f1448bac7ad907ee057add,4c8fc5e692f1448bac7ad907ee057add,7.235
41c3b9f01b734b9cb4328ae85a868bf8,RADAR_RIGHT_SIDE,2e045f83a6f34c4cad0dbdbc7fd7c8c7,8bef64c60da74778a5b9ef975c97edb7,4c8fc5e692f1448bac7ad907ee057add,4c8fc5e692f1448bac7ad907ee057add,6.35
2c8d8a964ecd48c3ace81f8fdf2050c9,LIDAR_LEFT,3549171d127a4def806206f1df15ceb6,2e6c7b7b7ceb4f69be01f9006cedf58f,8b87131a614f4bc799c72412b4ea90d4,e7defe183ba34687a226c3a73d0d0ab5,-10.639
2c8d8a964ecd48c3ace81f8fdf2050c9,LIDAR_REAR,0121372d625a4dae83729cf675f09dc6,7198b581279c431bad450deaf7669f87,e3f13693f30743fa8a142aa186dff0f0,e7defe183ba34687a226c3a73d0d0ab5,-47.485
2c8d8a964ecd48c3ace81f8fdf2050c9,LIDAR_RIGHT,8548f5006d74470991b89861d199f839,aefabf5dd96744beb296b9881d60ff8b,a8e5c5aab014405d8b3f582c87f6790e,e7defe183ba34687a226c3a73d0d0ab5,15.384
2c8d8a964ecd48c3ace81f8fdf2050c9,LIDAR_TOP_FRONT,a8e34fd308f74a939e97aba7eebfc2e3,f994daad50a14ac49f1468d66eb8db62,e7defe183ba34687a226c3a73d0d0ab5,e7defe183ba34687a226c3a73d0d0ab5,3.644
2c8d8a964ecd48c3ace81f8fdf2050c9,LIDAR_TOP_LEFT,4468fa113ca74f36b93294bbf6a148f1,373fca46a765439794d1ecbb5839a161,0c222cceef08461e84bc416454f66a5b,e7defe183ba34687a226c3a73d0d0ab5,-21.525
2c8d8a964ecd48c3ace81f8fdf2050c9,LIDAR_TOP_RIGHT,b7af978c71a247abb941ff6a38de04f0,f8849496a35c4af599b8e598afda166d,ee75966416f647b8af1a975111cf3f30,e7defe183ba34687a226c3a73d0d0ab5,28.914
2c8d8a964ecd48c3ace81f8fdf2050c9,RADAR_LEFT_BACK,b8459f5187e740eeaf5e383b56c99db8,326989c743c948bf86229f525d0deb2d,e7defe183ba34687a226c3a73d0d0ab5,e7defe183ba34687a226c3a73d0d0ab5,7.175
2c8d8a964ecd48c3ace81f8fdf2050c9,RADAR_LEFT_FRONT,a8f023e936424e2e9a874cc4df1b1390,5e6c5afaa842478db6066e9de8dec1ef,e7defe183ba34687a226c3a73d0d0ab5,e7defe183ba34687a226c3a73d0d0ab5,7.222
2c8d8a964ecd48c3ace81f8fdf2050c9,RADAR_LEFT_SIDE,b5daaed221cf4c6a84e54d838d7743fa,cbecfab3ced24bbeab0a1b1bdd4375a8,e7defe183ba34687a226c3a73d0d0ab5,e7defe183ba34687a226c3a73d0d0ab5,7.081
2c8d8a964ecd48c3ace81f8fdf2050c9,RADAR_RIGHT_BACK,f634ecf7dccb49c9a175727c0070081f,f2c73d43e0994ee8a16f930860856c0e,e7defe183ba34687a226c3a73d0d0ab5,e7defe183ba34687a226c3a73d0d0ab5,6.193
2c8d8a964ecd48c3ace81f8fdf2050c9,RADAR_RIGHT_FRONT,24a9207614a14520b4f2186383e4388d,3126c35b164c459d85e0a0555ccba628,e7defe183ba34687a226c3a73d0d0ab5,e7defe183ba34687a226c3a73d0d0ab5,4.517
2c8d8a964ecd48c3ace81f8fdf2050c9,RADAR_RIGHT_SIDE,d9cf27513a1f4d03aa6f594a112d9417,8bef64c60da74778a5b9ef975c97edb7,e7defe183ba34687a226c3a73d0d0ab5,e7defe183ba34687a226c3a73d0d0ab5,4.821
454cf93d8f564ed4b6850fd594a7c089,LIDAR_LEFT,b4221157ed77442bb62d422634cf5714,2e6c7b7b7ceb4f69be01f9006cedf58f,12f93d7cc8564a03861c0cab58120f2a,2b6e3778cae84445be5553b85edf77d4,-10.645
454cf93d8f564ed4b6850fd594a7c089,LIDAR_REAR,5093dddc5a9e4bdaadeb378ba1fb4369,7198b581279c431bad450deaf7669f87,48a0a47e83a44ddd8c85cbeda2e2b26b,2b6e3778cae84445be5553b85edf77d4,-47.084
454cf93d8f564ed4b6850fd594a7c089,LIDAR_RIGHT,02fd254fd15a4136a609dab2d1cee723,aefabf5dd96744beb296b9881d60ff8b,7496515baab849af82c89ccf8d0c086d,2b6e3778cae84445be5553b85edf77d4,15.796
454cf93d8f564ed4b6850fd594a7c089,LIDAR_TOP_FRONT,989af114a7f946eba744ce587b9e75c6,f994daad50a14ac49f1468d66eb8db62,b909c9f8aaab4a0eb621fe140030c001,2b6e3778cae84445be5553b85edf77d4,3.922
454cf93d8f564ed4b6850fd594a7c089,LIDAR_TOP_LEFT,4adc277774cb44f087445ce742508256,373fca46a765439794d1ecbb5839a161,42dfa30b692c414aad72fe11df6ca547,2b6e3778cae84445be5553b85edf77d4,-20.852
454cf93d8f564ed4b6850fd594a7c089,LIDAR_TOP_RIGHT,bcc2630b96df498e96600a4d582d1e76,f8849496a35c4af599b8e598afda166d,035d4697dfe540e99e5ab7df8e12186a,2b6e3778cae84445be5553b85edf77d4,29.356
454cf93d8f564ed4b6850fd594a7c089,RADAR_LEFT_BACK,7d2d928523084d5abaaf42d10af76a3d,326989c743c948bf86229f525d0deb2d,b909c9f8aaab4a0eb621fe140030c001,2b6e3778cae84445be5553b85edf77d4,4.545
454cf93d8f564ed4b6850fd594a7c089,RADAR_LEFT_FRONT,03e10ad64692440aa9725502ee32cc48,5e6c5afaa842478db6066e9de8dec1ef,b909c9f8aaab4a0eb621fe140030c001,2b6e3778cae84445be5553b85edf77d4,4.684
454cf93d8f564ed4b6850fd594a7c089,RADAR_LEFT_SIDE,a9b2fe6f12b24716b4ba283f4827ad59,cbecfab3ced24bbeab0a1b1bdd4375a8,b909c9f8aaab4a0eb621fe140030c001,2b6e3778cae84445be5553b85edf77d4,4.391
454cf93d8f564ed4b6850fd594a7c089,RADAR_RIGHT_BACK,49458313d61141448c5f1a80a4c234f2,f2c73d43e0994ee8a16f930860856c0e,b909c9f8aaab4a0eb621fe140030c001,2b6e3778cae84445be5553b85edf77d4,7.458
454cf93d8f564ed4b6850fd594a7c089,RADAR_RIGHT_FRONT,452bae6f12374bec8564f639672f644b,3126c35b164c459d85e0a0555ccba628,b909c9f8aaab4a0eb621fe140030c001,2b6e3778cae84445be5553b85edf77d4,6.247
454cf93d8f564ed4b6850fd594a7c089,RADAR_RIGHT_SIDE,30e906977904423d96f712edbe4202ef,8bef64c60da74778a5b9ef975c97edb7,b909c9f8aaab4a0eb621fe140030c001,2b6e3778cae84445be5553b85edf77d4,5.834
655c93866d21488d8b14981be5ddfd36,LIDAR_LEFT,fcc0082cfd0d4bc5a6d36e353e1fc49c,2e6c7b7b7ceb4f69be01f9006cedf58f,6d587a540c1b4d4d8e1c552c11684be3,522766c388e045eb91728a2b5f0d6ae2,-10.667
655c93866d21488d8b14981be5ddfd36,LIDAR_REAR,4331e07afef84769bd02a90d87a6e936,7198b581279c431bad450deaf7669f87,912849757e4049a1bbff8dc144ba673d,522766c388e045eb91728a2b5f0d6ae2,-47.633
655c93866d21488d8b14981be5ddfd36,LIDAR_RIGHT,85263cd5a850433dbcc174a2d453baf2,aefabf5dd96744beb296b9881d60ff8b,4888ef576e8747f39f0a9174389e28c3,522766c388e045eb91728a2b5f0d6ae2,14.977
655c93866d21488d8b14981be5ddfd36,LIDAR_TOP_FRONT,c07f405b0a764a69a2033cacbda404ef,f994daad50a14ac49f1468d66eb8db62,522766c388e045eb91728a2b5f0d6ae2,522766c388e045eb91728a2b5f0d6ae2,3.527
655c93866d21488d8b14981be5ddfd36,LIDAR_TOP_LEFT,ae52c6fe297349f8a5a6e2169c0125df,373fca46a765439794d1ecbb5839a161,bbf1c9e9f1e14f039083c81ae8a59dc5,522766c388e045eb91728a2b5f0d6ae2,-21.179
655c93866d21488d8b14981be5ddfd36,LIDAR_TOP_RIGHT,a824d2d309b844b8bbed7f81af08717d,f8849496a35c4af599b8e598afda166d,1e10b30e3ed8455a88b0debf72964644,522766c388e045eb91728a2b5f0d6ae2,28.783
655c93866d21488d8b14981be5ddfd36,RADAR_LEFT_BACK,fc71a0f5c98d408d8646adea43196486,326989c743c948bf86229f525d0deb2d,522766c388e045eb91728a2b5f0d6ae2,522766c388e045eb91728a2b5f0d6ae2,5.917
655c93866d21488d8b14981be5ddfd36,RADAR_LEFT_FRONT,943b55c2fcfd4885ba3f842f71d567c1,5e6c5afaa842478db6066e9de8dec1ef,522766c388e045eb91728a2b5f0d6ae2,522766c388e045eb91728a2b5f0d6ae2,6.004
655c93866d21488d8b14981be5ddfd36,RADAR_LEFT_SIDE,9c26cd1cbef84becadad1e0ad7be61f3,cbecfab3ced24bbeab0a1b1bdd4375a8,522766c388e045eb91728a2b5f0d6ae2,522766c388e045eb91728a2b5f0d6ae2,5.722
655c93866d21488d8b14981be5ddfd36,RADAR_RIGHT_BACK,b253246b6f3c41fb8c8347ad7fdc0174,f2c73d43e0994ee8a16f930860856c0e,522766c388e045eb91728a2b5f0d6ae2,522766c388e045eb91728a2b5f0d6ae2,4.929
655c93866d21488d8b14981be5ddfd36,RADAR_RIGHT_FRONT,2d4c02e1eb51400ca62300a125d45534,3126c35b164c459d85e0a0555ccba628,522766c388e045eb91728a2b5f0d6ae2,522766c388e045eb91728a2b5f0d6ae2,7.337
655c93866d21488d8b14981be5ddfd36,RADAR_RIGHT_SIDE,a399e73fd24c43f08fe5afe2578e2a79,8bef64c60da74778a5b9ef975c97edb7,522766c388e045eb91728a2b5f0d6ae2,522766c388e045eb91728a2b5f0d6ae2,7.943
961dd8adb97f43b190a8d038db47cccb,LIDAR_LEFT,339854b19e774f8db8c70af72a93fbda,2e6c7b7b7ceb4f69be01f9006cedf58f,6d271b7cc35646ee89d69fff4bd08729,36a8a58c8de448af954382267c0d812a,-10.656
961dd8adb97f43b190a8d038db47cccb,LIDAR_REAR,3ee0ad0682dc4871966f1302c4d9d333,7198b581279c431bad450deaf7669f87,9eb7e58446f7461482495a680a133b9f,36a8a58c8de448af954382267c0d812a,-48.155
961dd8adb97f43b190a8d038db47cccb,LIDAR_RIGHT,b41bc619800d442bbe0841b4589029f7,aefabf5dd96744beb296b9881d60ff8b,0fb3d11a81324a2ca4062984de70a4c3,36a8a58c8de448af954382267c0d812a,14.15
961dd8adb97f43b190a8d038db47cccb,LIDAR_TOP_FRONT,bf4497ba7aba40b388cc8058d6fbce63,f994daad50a14ac49f1468d66eb8db62,36a8a58c8de448af954382267c0d812a,36a8a58c8de448af954382267c0d812a,2.755
961dd8adb97f43b190a8d038db47cccb,LIDAR_TOP_LEFT,bfa8423a2bad45a0abaaec3821abfe58,373fca46a765439794d1ecbb5839a161,d27370e64ae1440b9d210eee12be11b5,36a8a58c8de448af954382267c0d812a,-21.806
961dd8adb97f43b190a8d038db47cccb,LIDAR_TOP_RIGHT,95933c6b40db425bb5fcba473c3761c2,f8849496a35c4af599b8e598afda166d,f5ca4ef2507e428d911df81945367493,36a8a58c8de448af954382267c0d812a,28.059
961dd8adb97f43b190a8d038db47cccb,RADAR_LEFT_BACK,487006d675e9495997e026d1ebf11cc3,326989c743c948bf86229f525d0deb2d,36a8a58c8de448af954382267c0d812a,36a8a58c8de448af954382267c0d812a,6.148
961dd8adb97f43b190a8d038db47cccb,RADAR_LEFT_FRONT,898df06ee154424e9aa3b90c8b4b279f,5e6c5afaa842478db6066e9de8dec1ef,36a8a58c8de448af954382267c0d812a,36a8a58c8de448af954382267c0d812a,6.203
961dd8adb97f43b190a8d038db47cccb,RADAR_LEFT_SIDE,bc9b0c3bc289494ba68f79bc4af253d4,cbecfab3ced24bbeab0a1b1bdd4375a8,36a8a58c8de448af954382267c0d812a,36a8a58c8de448af954382267c0d812a,5.969
961dd8adb97f43b190a8d038db47cccb,RADAR_RIGHT_BACK,128fb35dfe884f96926e6273d9fceffe,f2c73d43e0994ee8a16f930860856c0e,36a8a58c8de448af954382267c0d812a,36a8a58c8de448af954382267c0d812a,5.091
961dd8adb97f43b190a8d038db47cccb,RADAR_RIGHT_FRONT,d7a1bcabfc924c3da93f91e24073bb3d,3126c35b164c459d85e0a0555ccba628,36a8a58c8de448af954382267c0d812a,36a8a58c8de448af954382267c0d812a,4.028
961dd8adb97f43b190a8d038db47cccb,RADAR_RIGHT_SIDE,9a86c5ff2e9848ba9531700ba688eab8,8bef64c60da74778a5b9ef975c97edb7,36a8a58c8de448af954382267c0d812a,36a8a58c8de448af954382267c0d812a,3.744
2e32e4f5865b472a9a5fbe25fbe36c64,LIDAR_LEFT,788da697c6d9465fac230635e503744b,2e6c7b7b7ceb4f69be01f9006cedf58f,48c4e57896ab4fa09425c0938c62aa96,21dc1fe7b0a14e63830c4df59b5e7231,-10.654
2e32e4f5865b472a9a5fbe25fbe36c64,LIDAR_REAR,6a4320d2736c4e7796d5a38abc31b9cc,7198b581279c431bad450deaf7669f87,bb7930d8727d4b3a9954360a8c34b3c2,21dc1fe7b0a14e63830c4df59b5e7231,-48.417
2e32e4f5865b472a9a5fbe25fbe36c64,LIDAR_RIGHT,d66aec16670942b495e555f3117d9042,aefabf5dd96744beb296b9881d60ff8b,28c48e7913654f2abbfc1f0a24406aba,21dc1fe7b0a14e63830c4df59b5e7231,13.385
2e32e4f5865b472a9a5fbe25fbe36c64,LIDAR_TOP_FRONT,8a617bb234eb47f7974ff8aad4938a2d,f994daad50a14ac49f1468d66eb8db62,21dc1fe7b0a14e63830c4df59b5e7231,21dc1fe7b0a14e63830c4df59b5e7231,2.464
2e32e4f5865b472a9a5fbe25fbe36c64,LIDAR_TOP_LEFT,a59097b67ab642d0ae480cca8613b6ca,373fca46a765439794d1ecbb5839a161,d7810d90bd944b9cb5dcc8dcae51b998,21dc1fe7b0a14e63830c4df59b5e7231,-22.259
2e32e4f5865b472a9a5fbe25fbe36c64,LIDAR_TOP_RIGHT,85b4dc524a8e48d1be4885e408abaa20,f8849496a35c4af599b8e598afda166d,c561ac82b95d4d11a19b4f5911b4f24f,21dc1fe7b0a14e63830c4df59b5e7231,27.655
2e32e4f5865b472a9a5fbe25fbe36c64,RADAR_LEFT_BACK,01ac0f26fe4841c7aa9367252052061b,326989c743c948bf86229f525d0deb2d,21dc1fe7b0a14e63830c4df59b5e7231,21dc1fe7b0a14e63830c4df59b5e7231,3.893
2e32e4f5865b472a9a5fbe25fbe36c64,RADAR_LEFT_FRONT,aa0784da6f5742d4bcb0b75c6341ae41,5e6c5afaa842478db6066e9de8dec1ef,21dc1fe7b0a14e63830c4df59b5e7231,21dc1fe7b0a14e63830c4df59b5e7231,3.911
2e32e4f5865b472a9a5fbe25fbe36c64,RADAR_LEFT_SIDE,86e21076552540a2932e82f9db9f241b,cbecfab3ced24bbeab0a1b1bdd4375a8,21dc1fe7b0a14e63830c4df59b5e7231,21dc1fe7b0a14e63830c4df59b5e7231,3.671
2e32e4f5865b472a9a5fbe25fbe36c64,RADAR_RIGHT_BACK,e850420129ea4642a6865450aeb45637,f2c73d43e0994ee8a16f930860856c0e,21dc1fe7b0a14e63830c4df59b5e7231,21dc1fe7b0a14e63830c4df59b5e7231,7.21
2e32e4f5865b472a9a5fbe25fbe36c64,RADAR_RIGHT_FRONT,09c2926fe7af4c1aa9cacab1cd0532eb,3126c35b164c459d85e0a0555ccba628,21dc1fe7b0a14e63830c4df59b5e7231,21dc1fe7b0a14e63830c4df59b5e7231,4.584
2e32e4f5865b472a9a5fbe25fbe36c64,RADAR_RIGHT_SIDE,6bb3526ff35b4739b33dd93643a66771,8bef64c60da74778a5b9ef975c97edb7,21dc1fe7b0a14e63830c4df59b5e7231,21dc1fe7b0a14e63830c4df59b5e7231,5.396
23846abe608f4f79bc6d05d5ccc0ace7,LIDAR_LEFT,6b8ebb1cbc174ccdad2b156f66ffe2df,2e6c7b7b7ceb4f69be01f9006cedf58f,b15366f12e9141ce88d4d10c3958670a,041e7866139b48b0bc35f929ffdd08cf,-10.648
23846abe608f4f79bc6d05d5ccc0ace7,LIDAR_REAR,ad12d561592a4010b5e504fbb0e5102f,7198b581279c431bad450deaf7669f87,35e7ec70dde2409ba45d60501179e7f7,041e7866139b48b0bc35f929ffdd08cf,-48.466
23846abe608f4f79bc6d05d5ccc0ace7,LIDAR_RIGHT,832d034ec50c4a7398f22dbeb7a6c579,aefabf5dd96744beb296b9881d60ff8b,260ea7ea50ef4f5f89d501dc55234a08,041e7866139b48b0bc35f929ffdd08cf,12.629
23846abe608f4f79bc6d05d5ccc0ace7,LIDAR_TOP_FRONT,3deffeeaeb854aa78123e78273628ac0,f994daad50a14ac49f1468d66eb8db62,041e7866139b48b0bc35f929ffdd08cf,041e7866139b48b0bc35f929ffdd08cf,1.978
23846abe608f4f79bc6d05d5ccc0ace7,LIDAR_TOP_LEFT,5e105f63dbff4376994eaa5b25e13a17,373fca46a765439794d1ecbb5839a161,3603961c201143d9be5bd757bd2bf2cc,041e7866139b48b0bc35f929ffdd08cf,-22.481
23846abe608f4f79bc6d05d5ccc0ace7,LIDAR_TOP_RIGHT,efa7f2098a044612bd839831fedcfd94,f8849496a35c4af599b8e598afda166d,10ea5c9ed72a46628c1f65eddb308798,041e7866139b48b0bc35f929ffdd08cf,27.307
23846abe608f4f79bc6d05d5ccc0ace7,RADAR_LEFT_BACK,05e61260dada47b29cf87178789e39bc,326989c743c948bf86229f525d0deb2d,041e7866139b48b0bc35f929ffdd08cf,041e7866139b48b0bc35f929ffdd08cf,4.203
23846abe608f4f79bc6d05d5ccc0ace7,RADAR_LEFT_FRONT,5f82e28ad72c47108265ea2db4cfc476,5e6c5afaa842478db6066e9de8dec1ef,041e7866139b48b0bc35f929ffdd08cf,041e7866139b48b0bc35f929ffdd08cf,4.313
23846abe608f4f79bc6d05d5ccc0ace7,RADAR_LEFT_SIDE,43d600d58310416c8a7fe6500a6d904f,cbecfab3ced24bbeab0a1b1bdd4375a8,041e7866139b48b0bc35f929ffdd08cf,041e7866139b48b0bc35f929ffdd08cf,4.035
23846abe608f4f79bc6d05d5ccc0ace7,RADAR_RIGHT_BACK,56eca54c353b44bc9541021ccc288da0,f2c73d43e0994ee8a16f930860856c0e,041e7866139b48b0bc35f929ffdd08cf,041e7866139b48b0bc35f929ffdd08cf,3.439
23846abe608f4f79bc6d05d5ccc0ace7,RADAR_RIGHT_FRONT,d0473406175a404d8e19b726de558dbb,3126c35b164c459d85e0a0555ccba628,041e7866139b48b0bc35f929ffdd08cf,041e7866139b48b0bc35f929ffdd08cf,5.91
23846abe608f4f79bc6d05d5ccc0ace7,RADAR_RIGHT_SIDE,b142eb5c154243e1b770802475123d27,8bef64c60da74778a5b9ef975c97edb7,041e7866139b48b0bc35f929ffdd08cf,041e7866139b48b0bc35f929ffdd08cf,6.679
dbc47884027c46d3863f5bd9d34521a3,LIDAR_LEFT,ba1771c19b1f471a91e5022a51daca26,2e6c7b7b7ceb4f69be01f9006cedf58f,f7c137a4bfaf4bf4ad5d83bee5741fe3,b55e5d5331f141d58eef4ae089817f56,-10.635
dbc47884027c46d3863f5bd9d34521a3,LIDAR_REAR,9d0f34011ad14fb695207fcade88b086,7198b581279c431bad450deaf7669f87,3770f133eab74badbeebb92b1c3910fc,b55e5d5331f141d58eef4ae089817f56,-48.021
dbc47884027c46d3863f5bd9d34521a3,LIDAR_RIGHT,0508cbaef87b46eaade237dfce61e1cc,aefabf5dd96744beb296b9881d60ff8b,8e7cf9dfa9db4e38a029fbec9661292f,b55e5d5331f141d58eef4ae089817f56,13.556
dbc47884027c46d3863f5bd9d34521a3,LIDAR_TOP_FRONT,cf6227fbf8154a4db3bdbf2cd33169f6,f994daad50a14ac49f1468d66eb8db62,b55e5d5331f141d58eef4ae089817f56,b55e5d5331f141d58eef4ae089817f56,2.151
dbc47884027c46d3863f5bd9d34521a3,LIDAR_TOP_LEFT,4e60b4f629624bcc805ecda52e8b0c61,373fca46a765439794d1ecbb5839a161,370959bb6ed64182912feb5e8a4d1e9c,b55e5d5331f141d58eef4ae089817f56,-22.127
dbc47884027c46d3863f5bd9d34521a3,LIDAR_TOP_RIGHT,08a49f468d66455c8cbfde90ff7991d9,f8849496a35c4af599b8e598afda166d,828d50b7374643c3b681e797adb8b49e,b55e5d5331f141d58eef4ae089817f56,27.549
dbc47884027c46d3863f5bd9d34521a3,RADAR_LEFT_BACK,2f23e3bf51ff49bfac3108786cac39e4,326989c743c948bf86229f525d0deb2d,b55e5d5331f141d58eef4ae089817f56,b55e5d5331f141d58eef4ae089817f56,7.105
dbc47884027c46d3863f5bd9d34521a3,RADAR_LEFT_FRONT,7380bcfa8d9b4e43aa7dea84b1f033a0,5e6c5afaa842478db6066e9de8dec1ef,b55e5d5331f141d58eef4ae089817f56,b55e5d5331f141d58eef4ae089817f56,7.215
dbc47884027c46d3863f5bd9d34521a3,RADAR_LEFT_SIDE,ac03ca5538ff4aae96c3d95ce9fdc3ee,cbecfab3ced24bbeab0a1b1bdd4375a8,b55e5d5331f141d58eef4ae089817f56,b55e5d5331f141d58eef4ae089817f56,6.996
dbc47884027c46d3863f5bd9d34521a3,RADAR_RIGHT_BACK,4f8e9ec915ca4242b412693fcc436c6d,f2c73d43e0994ee8a16f930860856c0e,b55e5d5331f141d58eef4ae089817f56,b55e5d5331f141d58eef4ae089817f56,5.72
dbc47884027c46d3863f5bd9d34521a3,RADAR_RIGHT_FRONT,90d1ec25c3ca4ecdaec93a36250779c4,3126c35b164c459d85e0a0555ccba628,b55e5d5331f141d58eef4ae089817f56,b55e5d5331f141d58eef4ae089817f56,3.364
dbc47884027c46d3863f5bd9d34521a3,RADAR_RIGHT_SIDE,c3aa1b020e894ef3815ed5aa586375fd,8bef64c60da74778a5b9ef975c97edb7,b55e5d5331f141d58eef4ae089817f56,b55e5d5331f141d58eef4ae089817f56,4.128
685bef7dd155486cbb378a6ee743b1d9,LIDAR_LEFT,53f9017fcd4847ff9222575dbd629fe3,2e6c7b7b7ceb4f69be01f9006cedf58f,78553be1da384c6bb7d71a98ed78f273,46f0cf417d7044a99ea240b261226904,-10.637
685bef7dd155486cbb378a6ee743b1d9,LIDAR_REAR,8e5a57e544364c92bb515a69108b1635,7198b581279c431bad450deaf7669f87,ae4793fb8e1748f187dff21c72d8b66c,46f0cf417d7044a99ea240b261226904,-47.618
685bef7dd155486cbb378a6ee743b1d9,LIDAR_RIGHT,fa3a617e1f97417ba835eadbf4d162b1,aefabf5dd96744beb296b9881d60ff8b,b1dc002c5a9d4235b5ced773ef521b57,46f0cf417d7044a99ea240b261226904,14.656
685bef7dd155486cbb378a6ee743b1d9,LIDAR_TOP_FRONT,5735e1bc087d4c78a05d222c15206ba4,f994daad50a14ac49f1468d66eb8db62,46f0cf417d7044a99ea240b261226904,46f0cf417d7044a99ea240b261226904,2.813
685bef7dd155486cbb378a6ee743b1d9,LIDAR_TOP_LEFT,07e4d2bd911e4703b0ff5577dc1c6e39,373fca46a765439794d1ecbb5839a161,f0a42770d1164aad9cac4d45d60cf425,46f0cf417d7044a99ea240b261226904,-21.946
685bef7dd155486cbb378a6ee743b1d9,LIDAR_TOP_RIGHT,7dc84ed6b4094adfade5f249b100270b,f8849496a35c4af599b8e598afda166d,04a7acb1c78e4e2cbf517b8d9a094317,46f0cf417d7044a99ea240b261226904,28.092
685bef7dd155486cbb378a6ee743b1d9,RADAR_LEFT_BACK,3a7813894e9a43d99eb5d4acc384dfb8,326989c743c948bf86229f525d0deb2d,46f0cf417d7044a99ea240b261226904,46f0cf417d7044a99ea240b261226904,3.975
685bef7dd155486cbb378a6ee743b1d9,RADAR_LEFT_FRONT,a01be517ad884fb9bb54583544968969,5e6c5afaa842478db6066e9de8dec1ef,46f0cf417d7044a99ea240b261226904,46f0cf417d7044a99ea240b261226904,4.121
685bef7dd155486cbb378a6ee743b1d9,RADAR_LEFT_SIDE,0ef13786542543aeb27b525430f91b16,cbecfab3ced24bbeab0a1b1bdd4375a8,46f0cf417d7044a99ea240b261226904,46f0cf417d7044a99ea240b261226904,3.822
685bef7dd155486cbb378a6ee743b1d9,RADAR_RIGHT_BACK,c0aafc095727439c84a38daf1b5f83a5,f2c73d43e0994ee8a16f930860856c0e,46f0cf417d7044a99ea240b261226904,46f0cf417d7044a99ea240b261226904,7.775
685bef7dd155486cbb378a6ee743b1d9,RADAR_RIGHT_FRONT,7d574eacc9b248a989c9bf1592a32678,3126c35b164c459d85e0a0555ccba628,46f0cf417d7044a99ea240b261226904,46f0cf417d7044a99ea240b261226904,5.726
685bef7dd155486cbb378a6ee743b1d9,RADAR_RIGHT_SIDE,0b4aa68669064c6e8caf6a1f6a7b7528,8bef64c60da74778a5b9ef975c97edb7,46f0cf417d7044a99ea240b261226904,46f0cf417d7044a99ea240b261226904,5.861
690c33ea05ed4616a30b2fee826bb639,LIDAR_LEFT,48698c6a95b84c3e88782c44138131dd,2e6c7b7b7ceb4f69be01f9006cedf58f,d3963716abf9442b9251811eee4d3750,b29420b04f4f4d10ab7c4c4e0c7d1068,-10.639
690c33ea05ed4616a30b2fee826bb639,LIDAR_REAR,e8feb13eba3c483fa365d028aedd3070,7198b581279c431bad450deaf7669f87,e2b4c2cfe9d34dba89fa2d4e88741073,b29420b04f4f4d10ab7c4c4e0c7d1068,-47.18
690c33ea05ed4616a30b2fee826bb639,LIDAR_RIGHT,6735ea46d64f494eb49349619d7ffe67,aefabf5dd96744beb296b9881d60ff8b,1057913b0fbe4e3e9f59ac59b69fb9da,b29420b04f4f4d10ab7c4c4e0c7d1068,15.271
690c33ea05ed4616a30b2fee826bb639,LIDAR_TOP_FRONT,aab6ed66368e4014a7c1654717c044d2,f994daad50a14ac49f1468d66eb8db62,b29420b04f4f4d10ab7c4c4e0c7d1068,b29420b04f4f4d10ab7c4c4e0c7d1068,3.132
690c33ea05ed4616a30b2fee826bb639,LIDAR_TOP_LEFT,d39c7309b4b74ff89a27876fbc996619,373fca46a765439794d1ecbb5839a161,a68869555e7c495591618e0fff57f494,b29420b04f4f4d10ab7c4c4e0c7d1068,-21.629
690c33ea05ed4616a30b2fee826bb639,LIDAR_TOP_RIGHT,e09ca6d00a0c47b5bd34c2c562000e7b,f8849496a35c4af599b8e598afda166d,83eea8f0b85449a7bb71b6257a554ffe,b29420b04f4f4d10ab7c4c4e0c7d1068,28.567
690c33ea05ed4616a30b2fee826bb639,RADAR_LEFT_BACK,0033f0d2176c4e4490462a9cfcea9805,326989c743c948bf86229f525d0deb2d,b29420b04f4f4d10ab7c4c4e0c7d1068,b29420b04f4f4d10ab7c4c4e0c7d1068,6.524
690c33ea05ed4616a30b2fee826bb639,RADAR_LEFT_FRONT,e6f5fa79787b44f5a1c93a610066df15,5e6c5afaa842478db6066e9de8dec1ef,b29420b04f4f4d10ab7c4c4e0c7d1068,b29420b04f4f4d10ab7c4c4e0c7d1068,6.572
690c33ea05ed4616a30b2fee826bb639,RADAR_LEFT_SIDE,33a8a6b683f64fcbbd010f28fc246812,cbecfab3ced24bbeab0a1b1bdd4375a8,b29420b04f4f4d10ab7c4c4e0c7d1068,b29420b04f4f4d10ab7c4c4e0c7d1068,6.227
690c33ea05ed4616a30b2fee826bb639,RADAR_RIGHT_BACK,2a4cc234480c48ebac65f8471a006dda,f2c73d43e0994ee8a16f930860856c0e,b29420b04f4f4d10ab7c4c4e0c7d1068,b29420b04f4f4d10ab7c4c4e0c7d1068,5.219
690c33ea05ed4616a30b2fee826bb639,RADAR_RIGHT_FRONT,90468e6577174573aad2987ab95e7fd6,3126c35b164c459d85e0a0555ccba628,b29420b04f4f4d10ab7c4c4e0c7d1068,b29420b04f4f4d10ab7c4c4e0c7d1068,6.73
690c33ea05ed4616a30b2fee826bb639,RADAR_RIGHT_SIDE,aa623160d1c7432dbd16c52318e83c9f,8bef64c60da74778a5b9ef975c97edb7,b29420b04f4f4d10ab7c4c4e0c7d1068,b29420b04f4f4d10ab7c4c4e0c7d1068,7.711
03a5d7bd3d0043998d6a760637d9aa50,LIDAR_LEFT,d15ccf3b05fc4931bbbd21d614a46459,2e6c7b7b7ceb4f69be01f9006cedf58f,5e8b37ed87f4436d83b088b4e3f23a2a,a6416fc6e67340d5806270a061efc60e,-10.647
03a5d7bd3d0043998d6a760637d9aa50,LIDAR_REAR,d9ed9dbda7b74d03a04592c19b061569,7198b581279c431bad450deaf7669f87,3a9ce6dbdcb94bb5a56b6c2cdffac060,a6416fc6e67340d5806270a061efc60e,-46.848
03a5d7bd3d0043998d6a760637d9aa50,LIDAR_RIGHT,cf20a03bea954b619a012c15aa37f973,aefabf5dd96744beb296b9881d60ff8b,bff95b54d1c04267b678ebed90053396,a6416fc6e67340d5806270a061efc60e,15.641
03a5d7bd3d0043998d6a760637d9aa50,LIDAR_TOP_FRONT,08cc5d5cd2db40d3ac4d0b0cd837b8a0,f994daad50a14ac49f1468d66eb8db62,a6416fc6e67340d5806270a061efc60e,a6416fc6e67340d5806270a061efc60e,3.483
03a5d7bd3d0043998d6a760637d9aa50,LIDAR_TOP_LEFT,1b5e40414a444633a0d102e6dde69e72,373fca46a765439794d1ecbb5839a161,65bf2e1cafb6430fb1eb24774d6f26dc,a6416fc6e67340d5806270a061efc60e,-21.476
03a5d7bd3d0043998d6a760637d9aa50,LIDAR_TOP_RIGHT,1e3d876e40be4bc192d1b087ef76d761,f8849496a35c4af599b8e598afda166d,b550f8a0e36943b1a8ab55457ea88958,a6416fc6e67340d5806270a061efc60e,28.939
03a5d7bd3d0043998d6a760637d9aa50,RADAR_LEFT_BACK,40af8e29818241cdb8e6f345760c196e,326989c743c948bf86229f525d0deb2d,3a9ce6dbdcb94bb5a56b6c2cdffac060,a6416fc6e67340d5806270a061efc60e,-43.36
03a5d7bd3d0043998d6a760637d9aa50,RADAR_LEFT_FRONT,2b100bfd592c4a529406ed6f03469ddd,5e6c5afaa842478db6066e9de8dec1ef,a6416fc6e67340d5806270a061efc60e,a6416fc6e67340d5806270a061efc60e,8.412
03a5d7bd3d0043998d6a760637d9aa50,RADAR_LEFT_SIDE,2de1044fb2e147faaa373a4971ae6bee,cbecfab3ced24bbeab0a1b1bdd4375a8,a6416fc6e67340d5806270a061efc60e,a6416fc6e67340d5806270a061efc60e,8.091
03a5d7bd3d0043998d6a760637d9aa50,RADAR_RIGHT_BACK,27c0a1807c8f44eeb477a0d498892c0b,f2c73d43e0994ee8a16f930860856c0e,a6416fc6e67340d5806270a061efc60e,a6416fc6e67340d5806270a061efc60e,6.822
03a5d7bd3d0043998d6a760637d9aa50,RADAR_RIGHT_FRONT,2941f2a319a941beaab2caade6382879,3126c35b164c459d85e0a0555ccba628,a6416fc6e67340d5806270a061efc60e,a6416fc6e67340d5806270a061efc60e,5.16
03a5d7bd3d0043998d6a760637d9aa50,RADAR_RIGHT_SIDE,ffc3c78ce7054130b7b1e62ecfed4db8,8bef64c60da74778a5b9ef975c97edb7,a6416fc6e67340d5806270a061efc60e,a6416fc6e67340d5806270a061efc60e,4.426
6fb7001af5df4b89bc914daebf9b8b9c,LIDAR_LEFT,9d5b8bab07b6473a95d69b88c2b30e51,2e6c7b7b7ceb4f69be01f9006cedf58f,797e4ebe9e4d4e318558ea1451c1d4bf,43c4bf0086aa43fd922ecf64fe111ccd,-10.663
6fb7001af5df4b89bc914daebf9b8b9c,LIDAR_REAR,4d747f9f2f3d44adafa84fdf75dfe22d,7198b581279c431bad450deaf7669f87,ae207de6ef7a49838b3def24bd10cd1b,43c4bf0086aa43fd922ecf64fe111ccd,-47.485
6fb7001af5df4b89bc914daebf9b8b9c,LIDAR_RIGHT,3f153446fe254be2ac1ad33d6dc4b602,aefabf5dd96744beb296b9881d60ff8b,4a06abfdd2544aa6965fa1159e8f9682,43c4bf0086aa43fd922ecf64fe111ccd,14.811
6fb7001af5df4b89bc914daebf9b8b9c,LIDAR_TOP_FRONT,c4181dbf52d84110b45c940b47c1cf24,f994daad50a14ac49f1468d66eb8db62,43c4bf0086aa43fd922ecf64fe111ccd,43c4bf0086aa43fd922ecf64fe111ccd,2.894
6fb7001af5df4b89bc914daebf9b8b9c,LIDAR_TOP_LEFT,d46da3bc545e45c7bb0ba9ab190f95e5,373fca46a765439794d1ecbb5839a161,f11130e4f6d54d59ad3d47949071ba94,43c4bf0086aa43fd922ecf64fe111ccd,-21.816
6fb7001af5df4b89bc914daebf9b8b9c,LIDAR_TOP_RIGHT,16416554999d4a4ea2610ad6eef51a87,f8849496a35c4af599b8e598afda166d,aa18fd77c5974d6cb8e6845c6957ce5a,43c4bf0086aa43fd922ecf64fe111ccd,28.566
6fb7001af5df4b89bc914daebf9b8b9c,RADAR_LEFT_BACK,6b9ab9c1ade84424a7e5ad4da8df643e,326989c743c948bf86229f525d0deb2d,43c4bf0086aa43fd922ecf64fe111ccd,43c4bf0086aa43fd922ecf64fe111ccd,5.026
6fb7001af5df4b89bc914daebf9b8b9c,RADAR_LEFT_FRONT,188edb9a2a24464ebb9390182b394b9b,5e6c5afaa842478db6066e9de8dec1ef,43c4bf0086aa43fd922ecf64fe111ccd,43c4bf0086aa43fd922ecf64fe111ccd,5.148
6fb7001af5df4b89bc914daebf9b8b9c,RADAR_LEFT_SIDE,04ec4acd5a5c46dc8848594481f6b3a6,cbecfab3ced24bbeab0a1b1bdd4375a8,43c4bf0086aa43fd922ecf64fe111ccd,43c4bf0086aa43fd922ecf64fe111ccd,4.679
6fb7001af5df4b89bc914daebf9b8b9c,RADAR_RIGHT_BACK,ba96d79b78cf4562a9809b15f8457551,f2c73d43e0994ee8a16f930860856c0e,43c4bf0086aa43fd922ecf64fe111ccd,43c4bf0086aa43fd922ecf64fe111ccd,7.773
6fb7001af5df4b89bc914daebf9b8b9c,RADAR_RIGHT_FRONT,be37032afaf44f18a5d30051adbaf6d1,3126c35b164c459d85e0a0555ccba628,43c4bf0086aa43fd922ecf64fe111ccd,43c4bf0086aa43fd922ecf64fe111ccd,5.368
6fb7001af5df4b89bc914daebf9b8b9c,RADAR_RIGHT_SIDE,d211518d1d4845b59b629f382ee1ba15,8bef64c60da74778a5b9ef975c97edb7,43c4bf0086aa43fd922ecf64fe111ccd,43c4bf0086aa43fd922ecf64fe111ccd,5.911
be06e5f9e4414f1e9b9280620e8059cc,LIDAR_LEFT,c96c6d0ee8f94caab58c11ff78235ca0,2e6c7b7b7ceb4f69be01f9006cedf58f,d782ffae406349dfa85573ade8f75f88,43877379d58c4413b19e144d7e199eb5,-10.656
be06e5f9e4414f1e9b9280620e8059cc,LIDAR_REAR,f2ac5da3ce84424f85d44957719db35c,7198b581279c431bad450deaf7669f87,c4af50cd32f64ec28d6d332f7a254f2a,43877379d58c4413b19e144d7e199eb5,-48.069
be06e5f9e4414f1e9b9280620e8059cc,LIDAR_RIGHT,5c5907c221ed465982e0d9c870909a78,aefabf5dd96744beb296b9881d60ff8b,989a856dd2074162bd41160de3df1446,43877379d58c4413b19e144d7e199eb5,13.992
be06e5f9e4414f1e9b9280620e8059cc,LIDAR_TOP_FRONT,7d58b756f99a4e2fb2ffd7442de89521,f994daad50a14ac49f1468d66eb8db62,43877379d58c4413b19e144d7e199eb5,43877379d58c4413b19e144d7e199eb5,2.487
be06e5f9e4414f1e9b9280620e8059cc,LIDAR_TOP_LEFT,e5c4366bc2734f68832ae9dbe29cc61a,373fca46a765439794d1ecbb5839a161,b70e9324db0342be8140e2b7c7071d3b,43877379d58c4413b19e144d7e199eb5,-22.218
be06e5f9e4414f1e9b9280620e8059cc,LIDAR_TOP_RIGHT,ceec9035d7d4423cb366f70a8e757128,f8849496a35c4af599b8e598afda166d,23c6e9f5ebd2478381d82782f579dedc,43877379d58c4413b19e144d7e199eb5,28.0
be06e5f9e4414f1e9b9280620e8059cc,RADAR_LEFT_BACK,7139174b23934caf9b41e30ab5631e02,326989c743c948bf86229f525d0deb2d,43877379d58c4413b19e144d7e199eb5,43877379d58c4413b19e144d7e199eb5,5.387
be06e5f9e4414f1e9b9280620e8059cc,RADAR_LEFT_FRONT,7f2c3251846340e2a765934183f6b7c8,5e6c5afaa842478db6066e9de8dec1ef,43877379d58c4413b19e144d7e199eb5,43877379d58c4413b19e144d7e199eb5,5.538
be06e5f9e4414f1e9b9280620e8059cc,RADAR_LEFT_SIDE,34c7cbe8665b474eba676e6bb32b121f,cbecfab3ced24bbeab0a1b1bdd4375a8,43877379d58c4413b19e144d7e199eb5,43877379d58c4413b19e144d7e199eb5,5.249
be06e5f9e4414f1e9b9280620e8059cc,RADAR_RIGHT_BACK,80fde1618f1a4e5dbfc831eca1bc5707,f2c73d43e0994ee8a16f930860856c0e,43877379d58c4413b19e144d7e199eb5,43877379d58c4413b19e144d7e199eb5,3.55
be06e5f9e4414f1e9b9280620e8059cc,RADAR_RIGHT_FRONT,af48d135f14f40fab513849d149ebc22,3126c35b164c459d85e0a0555ccba628,43877379d58c4413b19e144d7e199eb5,43877379d58c4413b19e144d7e199eb5,7.382
be06e5f9e4414f1e9b9280620e8059cc,RADAR_RIGHT_SIDE,1250e0174c4d488bbfa22dd40abe1ff7,8bef64c60da74778a5b9ef975c97edb7,43877379d58c4413b19e144d7e199eb5,43877379d58c4413b19e144d7e199eb5,6.777
9e8d42cc2ec2408ba1ae5cb948b5615f,LIDAR_LEFT,a4001748a2a14b08ac1fdc31d917f218,2e6c7b7b7ceb4f69be01f9006cedf58f,eaa45de9945a4cdea77511c02fe3c49a,d31560c4f24947fa84ddca82e63c6c07,-10.658
9e8d42cc2ec2408ba1ae5cb948b5615f,LIDAR_REAR,b20628c7fe994ce1b6d859625e5c5283,7198b581279c431bad450deaf7669f87,f3e1e7ed8fc64fac996827917270ff5d,d31560c4f24947fa84ddca82e63c6c07,-48.501
9e8d42cc2ec2408ba1ae5cb948b5615f,LIDAR_RIGHT,a16ffb00ba3f4126987de645d58b95fe,aefabf5dd96744beb296b9881d60ff8b,fe7511f48ba743b0b53117cf4cc30513,d31560c4f24947fa84ddca82e63c6c07,13.466
9e8d42cc2ec2408ba1ae5cb948b5615f,LIDAR_TOP_FRONT,74287e09293b47789ca005ed2e6ba11e,f994daad50a14ac49f1468d66eb8db62,d31560c4f24947fa84ddca82e63c6c07,d31560c4f24947fa84ddca82e63c6c07,2.272
9e8d42cc2ec2408ba1ae5cb948b5615f,LIDAR_TOP_LEFT,26964002e6ca417095975ca5bf6112c3,373fca46a765439794d1ecbb5839a161,4e8bc3fb5fdd486ab4c268d0507542f6,d31560c4f24947fa84ddca82e63c6c07,-22.314
9e8d42cc2ec2408ba1ae5cb948b5615f,LIDAR_TOP_RIGHT,2c3da7f0338b403587696ecbb7debc71,f8849496a35c4af599b8e598afda166d,56442b2c7ead4fb49e0893937bd2fd65,d31560c4f24947fa84ddca82e63c6c07,27.642
9e8d42cc2ec2408ba1ae5cb948b5615f,RADAR_LEFT_BACK,0c6e932dec4b4a2ebbbb2a5155fa3e43,326989c743c948bf86229f525d0deb2d,d31560c4f24947fa84ddca82e63c6c07,d31560c4f24947fa84ddca82e63c6c07,6.517
9e8d42cc2ec2408ba1ae5cb948b5615f,RADAR_LEFT_FRONT,0b8147e2c83e4e34bd882722219347ac,5e6c5afaa842478db6066e9de8dec1ef,d31560c4f24947fa84ddca82e63c6c07,d31560c4f24947fa84ddca82e63c6c07,6.772
9e8d42cc2ec2408ba1ae5cb948b5615f,RADAR_LEFT_SIDE,4c1df5be556d42c68df64c7101a2bd94,cbecfab3ced24bbeab0a1b1bdd4375a8,d31560c4f24947fa84ddca82e63c6c07,d31560c4f24947fa84ddca82e63c6c07,6.633
9e8d42cc2ec2408ba1ae5cb948b5615f,RADAR_RIGHT_BACK,3276ad67f11a4e038fc25749fd43a475,f2c73d43e0994ee8a16f930860856c0e,d31560c4f24947fa84ddca82e63c6c07,d31560c4f24947fa84ddca82e63c6c07,5.286
9e8d42cc2ec2408ba1ae5cb948b5615f,RADAR_RIGHT_FRONT,0d7b41ef8e2f45c0bd4369974a45a39c,3126c35b164c459d85e0a0555ccba628,d31560c4f24947fa84ddca82e63c6c07,d31560c4f24947fa84ddca82e63c6c07,3.375
9e8d42cc2ec2408ba1ae5cb948b5615f,RADAR_RIGHT_SIDE,ac20d0a9b6a54db1b5ce20cd1c989b60,8bef64c60da74778a5b9ef975c97edb7,d31560c4f24947fa84ddca82e63c6c07,d31560c4f24947fa84ddca82e63c6c07,3.343
d7e011704a8042ccb7957f46d4ca1071,LIDAR_LEFT,f0d2ba92f9044389b770b57918bf2e42,2e6c7b7b7ceb4f69be01f9006cedf58f,a56dd0b79a114adc8e12e6a8d8db388b,6ea28409aa5e4c0b8b23904af40b94a2,-10.645
d7e011704a8042ccb7957f46d4ca1071,LIDAR_REAR,4e3da306cad444cead48fd6c998fa224,7198b581279c431bad450deaf7669f87,e8b1f7ef00b64de58e96f739632da98f,6ea28409aa5e4c0b8b23904af40b94a2,-48.687
d7e011704a8042ccb7957f46d4ca1071,LIDAR_RIGHT,acb21210975340e0ab12cedb2255442c,aefabf5dd96744beb296b9881d60ff8b,a14a06fc5ed24fbfab1191c29c728eeb,6ea28409aa5e4c0b8b23904af40b94a2,13.042
d7e011704a8042ccb7957f46d4ca1071,LIDAR_TOP_FRONT,3eff8fccbb5349549227dc1f6b06e87e,f994daad50a14ac49f1468d66eb8db62,6ea28409aa5e4c0b8b23904af40b94a2,6ea28409aa5e4c0b8b23904af40b94a2,1.819
d7e011704a8042ccb7957f46d4ca1071,LIDAR_TOP_LEFT,3cff301263304138a2809deeed330378,373fca46a765439794d1ecbb5839a161,3e2a34c6a2ad46e696b2077fbdb88e36,6ea28409aa5e4c0b8b23904af40b94a2,-22.568
d7e011704a8042ccb7957f46d4ca1071,LIDAR_TOP_RIGHT,a3d2640bafb3429b9092cff86b21d137,f8849496a35c4af599b8e598afda166d,fe02e45cdf24484faf190191435b4e9e,6ea28409aa5e4c0b8b23904af40b94a2,27.215
d7e011704a8042ccb7957f46d4ca1071,RADAR_LEFT_BACK,d49a774022844d1c9a34e45c1c855af4,326989c743c948bf86229f525d0deb2d,6ea28409aa5e4c0b8b23904af40b94a2,6ea28409aa5e4c0b8b23904af40b94a2,2.739
d7e011704a8042ccb7957f46d4ca1071,RADAR_LEFT_FRONT,3d685b06491344deb187856251b53d53,5e6c5afaa842478db6066e9de8dec1ef,e8b1f7ef00b64de58e96f739632da98f,6ea28409aa5e4c0b8b23904af40b94a2,-43.58
d7e011704a8042ccb7957f46d4ca1071,RADAR_LEFT_SIDE,14acc7e37bb44dbfab981ccb8e81ccb7,cbecfab3ced24bbeab0a1b1bdd4375a8,6ea28409aa5e4c0b8b23904af40b94a2,6ea28409aa5e4c0b8b23904af40b94a2,2.769
d7e011704a8042ccb7957f46d4ca1071,RADAR_RIGHT_BACK,c154d57400934ae5a9ac726263019894,f2c73d43e0994ee8a16f930860856c0e,6ea28409aa5e4c0b8b23904af40b94a2,6ea28409aa5e4c0b8b23904af40b94a2,6.576
d7e011704a8042ccb7957f46d4ca1071,RADAR_RIGHT_FRONT,e23477aae3b44610b9bdfe5600a156ca,3126c35b164c459d85e0a0555ccba628,6ea28409aa5e4c0b8b23904af40b94a2,6ea28409aa5e4c0b8b23904af40b94a2,5.134
d7e011704a8042ccb7957f46d4ca1071,RADAR_RIGHT_SIDE,e7b6a6ee01e54cdd9518997415b9ab35,8bef64c60da74778a5b9ef975c97edb7,6ea28409aa5e4c0b8b23904af40b94a2,6ea28409aa5e4c0b8b23904af40b94a2,4.341
2f4fede395ca4289b5163cffe58d0501,LIDAR_LEFT,abc8f5ab01c64a869c2815821834b771,2e6c7b7b7ceb4f69be01f9006cedf58f,26bc4b5d7d6c4a64a326e772ec14fa9d,4811e046589845a2a0e3c83c3a3da022,-10.632
2f4fede395ca4289b5163cffe58d0501,LIDAR_REAR,688a59ccaa4a4af3853eb0d657c4eb8a,7198b581279c431bad450deaf7669f87,82e9d0206ab1408b9ca818cc6ab17e8c,4811e046589845a2a0e3c83c3a3da022,-48.355
2f4fede395ca4289b5163cffe58d0501,LIDAR_RIGHT,0a8be14b0a67430a8a40f1a6adf86abb,aefabf5dd96744beb296b9881d60ff8b,ce37f97741fb443fa1080a506e42f198,4811e046589845a2a0e3c83c3a3da022,14.054
2f4fede395ca4289b5163cffe58d0501,LIDAR_TOP_FRONT,53afa08cb16a4741a5cb975863277bc4,f994daad50a14ac49f1468d66eb8db62,4811e046589845a2a0e3c83c3a3da022,4811e046589845a2a0e3c83c3a3da022,2.454
2f4fede395ca4289b5163cffe58d0501,LIDAR_TOP_LEFT,177dad6b43e24bbf8d847cc41701f94d,373fca46a765439794d1ecbb5839a161,25e2d11c51fe4479ba4a0683cba1000b,4811e046589845a2a0e3c83c3a3da022,-22.272
2f4fede395ca4289b5163cffe58d0501,LIDAR_TOP_RIGHT,f86e5c36742d4c32b889d65529c04920,f8849496a35c4af599b8e598afda166d,2c1aa4005cad436fbe1daf979fd09f9f,4811e046589845a2a0e3c83c3a3da022,27.566
2f4fede395ca4289b5163cffe58d0501,RADAR_LEFT_BACK,82f8ea3f0bb949b9ae3c957603928358,326989c743c948bf86229f525d0deb2d,4811e046589845a2a0e3c83c3a3da022,4811e046589845a2a0e3c83c3a3da022,5.208
2f4fede395ca4289b5163cffe58d0501,RADAR_LEFT_FRONT,2404fda249e141ff932cd75533f7e36a,5e6c5afaa842478db6066e9de8dec1ef,4811e046589845a2a0e3c83c3a3da022,4811e046589845a2a0e3c83c3a3da022,5.237
2f4fede395ca4289b5163cffe58d0501,RADAR_LEFT_SIDE,6c34717056134b35a6bb14eb146731a5,cbecfab3ced24bbeab0a1b1bdd4375a8,4811e046589845a2a0e3c83c3a3da022,4811e046589845a2a0e3c83c3a3da022,5.185
2f4fede395ca4289b5163cffe58d0501,RADAR_RIGHT_BACK,9b5dfb1595d042a0953da8cde677fe90,f2c73d43e0994ee8a16f930860856c0e,4811e046589845a2a0e3c83c3a3da022,4811e046589845a2a0e3c83c3a3da022,3.842
2f4fede395ca4289b5163cffe58d0501,RADAR_RIGHT_FRONT,2d2aa85f7cbb4544afb68bace8e5dd28,3126c35b164c459d85e0a0555ccba628,4811e046589845a2a0e3c83c3a3da022,4811e046589845a2a0e3c83c3a3da022,7.08
2f4fede395ca4289b5163cffe58d0501,RADAR_RIGHT_SIDE,1de39cc3174d42f7ac85c2ca98f09b4e,8bef64c60da74778a5b9ef975c97edb7,4811e046589845a2a0e3c83c3a3da022,4811e046589845a2a0e3c83c3a3da022,6.384
d71e2bb51e3246e0a8e9546b8f99ae00,LIDAR_LEFT,1c96b09a09c64cb1a4acf4bddeff5c31,2e6c7b7b7ceb4f69be01f9006cedf58f,e2ba0f6650dc4d77962fd98aaefa23fc,9d5d9303f7da4032ab6be2e7061e8a48,-10.639
d71e2bb51e3246e0a8e9546b8f99ae00,LIDAR_REAR,d5dee98f96fb4c809bfe5dc98302ec4d,7198b581279c431bad450deaf7669f87,622226ba23934e4e8dc5ebd5a0f9b6dc,9d5d9303f7da4032ab6be2e7061e8a48,-47.873
d71e2bb51e3246e0a8e9546b8f99ae00,LIDAR_RIGHT,488c2bd47ff3438181643714d4d80378,aefabf5dd96744beb296b9881d60ff8b,fa4d799e40ec4b80b12af287192a2842,9d5d9303f7da4032ab6be2e7061e8a48,14.821
d71e2bb51e3246e0a8e9546b8f99ae00,LIDAR_TOP_FRONT,5f075b4cef6748888557796300dbcc8d,f994daad50a14ac49f1468d66eb8db62,9d5d9303f7da4032ab6be2e7061e8a48,9d5d9303f7da4032ab6be2e7061e8a48,2.848
d71e2bb51e3246e0a8e9546b8f99ae00,LIDAR_TOP_LEFT,3a36f5d20e7d48f982c5b87e29df9d4e,373fca46a765439794d1ecbb5839a161,2469a72590384ceb88653b47177a8651,9d5d9303f7da4032ab6be2e7061e8a48,-21.893
d71e2bb51e3246e0a8e9546b8f99ae00,LIDAR_TOP_RIGHT,863d9fc01ea442079faf84f1a4e291ba,f8849496a35c4af599b8e598afda166d,6664dde1195a4e4d914755454c3bf504,9d5d9303f7da4032ab6be2e7061e8a48,28.162
d71e2bb51e3246e0a8e9546b8f99ae00,RADAR_LEFT_BACK,85528141e2734925beefefdc43226825,326989c743c948bf86229f525d0deb2d,9d5d9303f7da4032ab6be2e7061e8a48,9d5d9303f7da4032ab6be2e7061e8a48,7.224
d71e2bb51e3246e0a8e9546b8f99ae00,RADAR_LEFT_FRONT,1c9b2d45b90e43b7bd6811b500461d29,5e6c5afaa842478db6066e9de8dec1ef,9d5d9303f7da4032ab6be2e7061e8a48,9d5d9303f7da4032ab6be2e7061e8a48,7.43
d71e2bb51e3246e0a8e9546b8f99ae00,RADAR_LEFT_SIDE,5b11046fdfed4d13a8c37dd6ca7d252e,cbecfab3ced24bbeab0a1b1bdd4375a8,9d5d9303f7da4032ab6be2e7061e8a48,9d5d9303f7da4032ab6be2e7061e8a48,7.308
d71e2bb51e3246e0a8e9546b8f99ae00,RADAR_RIGHT_BACK,574c8d9ecb8b4a7cb6af72a28824e3eb,f2c73d43e0994ee8a16f930860856c0e,9d5d9303f7da4032ab6be2e7061e8a48,9d5d9303f7da4032ab6be2e7061e8a48,5.647
d71e2bb51e3246e0a8e9546b8f99ae00,RADAR_RIGHT_FRONT,fb349668d18e4133aeecc3a09ad9fb4b,3126c35b164c459d85e0a0555ccba628,9d5d9303f7da4032ab6be2e7061e8a48,9d5d9303f7da4032ab6be2e7061e8a48,4.575
d71e2bb51e3246e0a8e9546b8f99ae00,RADAR_RIGHT_SIDE,92d9fad23782410d895fbf8148c53fa8,8bef64c60da74778a5b9ef975c97edb7,9d5d9303f7da4032ab6be2e7061e8a48,9d5d9303f7da4032ab6be2e7061e8a48,4.14
25196b4ce7f3453aacba1b878527a664,LIDAR_LEFT,a7f9c488dd854f2b865375bd007bd0e4,2e6c7b7b7ceb4f69be01f9006cedf58f,960495887e2744afb3a8822c8c0d7b06,028792b575d64e378bd16411727b84fe,-10.64
25196b4ce7f3453aacba1b878527a664,LIDAR_REAR,c040e8e29a6148409e0b902d2bade5b8,7198b581279c431bad450deaf7669f87,6c27d86898174150aa91419439fd7d0b,028792b575d64e378bd16411727b84fe,-47.505
25196b4ce7f3453aacba1b878527a664,LIDAR_RIGHT,493705a412cd4b328763712ad8f35c37,aefabf5dd96744beb296b9881d60ff8b,225fb510a169441c8ce8c85b001b652a,028792b575d64e378bd16411727b84fe,15.695
25196b4ce7f3453aacba1b878527a664,LIDAR_TOP_FRONT,52482e77127a4a5eb8b3a001c5d9edaa,f994daad50a14ac49f1468d66eb8db62,028792b575d64e378bd16411727b84fe,028792b575d64e378bd16411727b84fe,3.272
25196b4ce7f3453aacba1b878527a664,LIDAR_TOP_LEFT,c963b602c5f8411980346082cd2e2208,373fca46a765439794d1ecbb5839a161,7a51dec1c5114485b91b165e6fa1c956,028792b575d64e378bd16411727b84fe,-21.509
25196b4ce7f3453aacba1b878527a664,LIDAR_TOP_RIGHT,e4f945ca4cbf43d5b64997541a81ac37,f8849496a35c4af599b8e598afda166d,876dc11c475c4784b45fd967c51545fa,028792b575d64e378bd16411727b84fe,28.469
25196b4ce7f3453aacba1b878527a664,RADAR_LEFT_BACK,a50b625d625343708688cac27deb43c7,326989c743c948bf86229f525d0deb2d,028792b575d64e378bd16411727b84fe,028792b575d64e378bd16411727b84fe,4.508
25196b4ce7f3453aacba1b878527a664,RADAR_LEFT_FRONT,a6c1dfeace544cc7be73ec7b2205593c,5e6c5afaa842478db6066e9de8dec1ef,028792b575d64e378bd16411727b84fe,028792b575d64e378bd16411727b84fe,4.596
25196b4ce7f3453aacba1b878527a664,RADAR_LEFT_SIDE,80513912fb764a68a674976adf33379b,cbecfab3ced24bbeab0a1b1bdd4375a8,028792b575d64e378bd16411727b84fe,028792b575d64e378bd16411727b84fe,4.591
25196b4ce7f3453aacba1b878527a664,RADAR_RIGHT_BACK,da296e1186fc4e82a5f759bf442feff8,f2c73d43e0994ee8a16f930860856c0e,028792b575d64e378bd16411727b84fe,028792b575d64e378bd16411727b84fe,7.566
25196b4ce7f3453aacba1b878527a664,RADAR_RIGHT_FRONT,1beb8f430349482387093e830eb4901f,3126c35b164c459d85e0a0555ccba628,028792b575d64e378bd16411727b84fe,028792b575d64e378bd16411727b84fe,6.337
25196b4ce7f3453aacba1b878527a664,RADAR_RIGHT_SIDE,99161e022316467fbc59d03e6731968c,8bef64c60da74778a5b9ef975c97edb7,028792b575d64e378bd16411727b84fe,028792b575d64e378bd16411727b84fe,5.494
fe0fd4d7662043a1801a7b179bbca83e,LIDAR_LEFT,4b6ce8d1eabc40e98032f3b2292b30c9,2e6c7b7b7ceb4f69be01f9006cedf58f,50ce1f76701d48c5991e3e4e50a729e4,b3fa42e0930c4c849aa8643c48e3d0a2,-10.647
fe0fd4d7662043a1801a7b179bbca83e,LIDAR_REAR,9823b183f15c468d94d919dfe18c9cfa,7198b581279c431bad450deaf7669f87,eeb58efa2f2a47afaff260f14b73930a,b3fa42e0930c4c849aa8643c48e3d0a2,-47.301
fe0fd4d7662043a1801a7b179bbca83e,LIDAR_RIGHT,761b5dda402a4a728fe998a1da4b9af5,aefabf5dd96744beb296b9881d60ff8b,2512f16feaff43f9b01de68ec546d2a7,b3fa42e0930c4c849aa8643c48e3d0a2,16.463
fe0fd4d7662043a1801a7b179bbca83e,LIDAR_TOP_FRONT,500f131aa3ca44bab58b5f3ccc9b5e29,f994daad50a14ac49f1468d66eb8db62,b3fa42e0930c4c849aa8643c48e3d0a2,b3fa42e0930c4c849aa8643c48e3d0a2,3.58
fe0fd4d7662043a1801a7b179bbca83e,LIDAR_TOP_LEFT,e7ea3998c8c54573b2d4c1c9f9f759a8,373fca46a765439794d1ecbb5839a161,72473e9cbc27481dbf0b4722196a3a65,b3fa42e0930c4c849aa8643c48e3d0a2,-21.317
fe0fd4d7662043a1801a7b179bbca83e,LIDAR_TOP_RIGHT,9f3fbe6f8f9144109418fc5242ee3ea3,f8849496a35c4af599b8e598afda166d,10fe66b36294432baba7fc874401559c,b3fa42e0930c4c849aa8643c48e3d0a2,28.758
fe0fd4d7662043a1801a7b179bbca83e,RADAR_LEFT_BACK,374344d458c94b75b83b3a9599953d5a,326989c743c948bf86229f525d0deb2d,b3fa42e0930c4c849aa8643c48e3d0a2,b3fa42e0930c4c849aa8643c48e3d0a2,6.042
fe0fd4d7662043a1801a7b179bbca83e,RADAR_LEFT_FRONT,18f4c821b0224328966971b145b13869,5e6c5afaa842478db6066e9de8dec1ef,b3fa42e0930c4c849aa8643c48e3d0a2,b3fa42e0930c4c849aa8643c48e3d0a2,6.113
fe0fd4d7662043a1801a7b179bbca83e,RADAR_LEFT_SIDE,b4f34e8909d9453f896b3c3ee7c9dff2,cbecfab3ced24bbeab0a1b1bdd4375a8,b3fa42e0930c4c849aa8643c48e3d0a2,b3fa42e0930c4c849aa8643c48e3d0a2,6.115
fe0fd4d7662043a1801a7b179bbca83e,RADAR_RIGHT_BACK,eec896cd4b3947ec8b584afb9518a6f6,f2c73d43e0994ee8a16f930860856c0e,b3fa42e0930c4c849aa8643c48e3d0a2,b3fa42e0930c4c849aa8643c48e3d0a2,5.162
fe0fd4d7662043a1801a7b179bbca83e,RADAR_RIGHT_FRONT,71a111489e2243bf97976d37e5097960,3126c35b164c459d85e0a0555ccba628,b3fa42e0930c4c849aa8643c48e3d0a2,b3fa42e0930c4c849aa8643c48e3d0a2,8.092
fe0fd4d7662043a1801a7b179bbca83e,RADAR_RIGHT_SIDE,fd68759759694ae992922bec37ab46db,8bef64c60da74778a5b9ef975c97edb7,b3fa42e0930c4c849aa8643c48e3d0a2,b3fa42e0930c4c849aa8643c48e3d0a2,7.409
bdba889f16cc459ea62e9510edae53ad,LIDAR_LEFT,df6d7c810bda403ab8ae3fa83802bc23,2e6c7b7b7ceb4f69be01f9006cedf58f,cb933be588ea41cba36242fdc1184063,e7fa5812f8db4801be543173c4ef20a9,-10.664
bdba889f16cc459ea62e9510edae53ad,LIDAR_REAR,b46714c0eb784fe1a9314af97e9ac4e4,7198b581279c431bad450deaf7669f87,578b5368c9324fbd943763aa9a4ea764,e7fa5812f8db4801be543173c4ef20a9,-47.846
bdba889f16cc459ea62e9510edae53ad,LIDAR_RIGHT,b92506b06bb54e9ca409896a09ee0ba2,aefabf5dd96744beb296b9881d60ff8b,6686a8f752a447dea2977355d943e673,e7fa5812f8db4801be543173c4ef20a9,15.351
bdba889f16cc459ea62e9510edae53ad,LIDAR_TOP_FRONT,f579a57e025f412c8d9b85c4c995c251,f994daad50a14ac49f1468d66eb8db62,e7fa5812f8db4801be543173c4ef20a9,e7fa5812f8db4801be543173c4ef20a9,2.923
bdba889f16cc459ea62e9510edae53ad,LIDAR_TOP_LEFT,6ae3347089f24970a1d7a4e48334cd14,373fca46a765439794d1ecbb5839a161,f55ea89226dc43fa8d5158e5d25756de,e7fa5812f8db4801be543173c4ef20a9,-21.907
bdba889f16cc459ea62e9510edae53ad,LIDAR_TOP_RIGHT,14fff0caeae04b31a1eed88de52aceb2,f8849496a35c4af599b8e598afda166d,b01e6e0063584a0890cd1bf36b92348e,e7fa5812f8db4801be543173c4ef20a9,28.192
bdba889f16cc459ea62e9510edae53ad,RADAR_LEFT_BACK,005303814484455ba1b0a756f3e4f90a,326989c743c948bf86229f525d0deb2d,e7fa5812f8db4801be543173c4ef20a9,e7fa5812f8db4801be543173c4ef20a9,7.042
bdba889f16cc459ea62e9510edae53ad,RADAR_LEFT_FRONT,a1fffef181fc48989f409592da8b2d85,5e6c5afaa842478db6066e9de8dec1ef,e7fa5812f8db4801be543173c4ef20a9,e7fa5812f8db4801be543173c4ef20a9,7.115
bdba889f16cc459ea62e9510edae53ad,RADAR_LEFT_SIDE,33a0d4b980a246e5a2e5b843880fee6e,cbecfab3ced24bbeab0a1b1bdd4375a8,e7fa5812f8db4801be543173c4ef20a9,e7fa5812f8db4801be543173c4ef20a9,7.168
bdba889f16cc459ea62e9510edae53ad,RADAR_RIGHT_BACK,2a813af7bf55483fa3c29aa53d996966,f2c73d43e0994ee8a16f930860856c0e,e7fa5812f8db4801be543173c4ef20a9,e7fa5812f8db4801be543173c4ef20a9,5.508
bdba889f16cc459ea62e9510edae53ad,RADAR_RIGHT_FRONT,cfa47817486f4f44b283f137e01cc55f,3126c35b164c459d85e0a0555ccba628,e7fa5812f8db4801be543173c4ef20a9,e7fa5812f8db4801be543173c4ef20a9,3.861
bdba889f16cc459ea62e9510edae53ad,RADAR_RIGHT_SIDE,8a53e9c4fab242199c15231a5a0acf38,8bef64c60da74778a5b9ef975c97edb7,e7fa5812f8db4801be543173c4ef20a9,e7fa5812f8db4801be543173c4ef20a9,3.83
de4ed400cbab46b88194dc982bfb35a7,LIDAR_LEFT,8702e3ec35b74b96b452bc9af8e1b4d5,2e6c7b7b7ceb4f69be01f9006cedf58f,3832060ccb504f13a0f02ebe52b347ee,4497cfef73824ca48121da38800a0082,-10.657
de4ed400cbab46b88194dc982bfb35a7,LIDAR_REAR,a8fe7129e9d84cc8a9ddb12bb32bb34a,7198b581279c431bad450deaf7669f87,1e05eb9d79fb4f85ad28b7a98c22b7ee,4497cfef73824ca48121da38800a0082,-48.333
de4ed400cbab46b88194dc982bfb35a7,LIDAR_RIGHT,18d8629e1b274fd89bef4a0e61a0d55e,aefabf5dd96744beb296b9881d60ff8b,38cfd6272758406ea95d11b7b36fcd70,4497cfef73824ca48121da38800a0082,14.292
de4ed400cbab46b88194dc982bfb35a7,LIDAR_TOP_FRONT,2ec8c047422a4a0f8d503927e7c56aad,f994daad50a14ac49f1468d66eb8db62,4497cfef73824ca48121da38800a0082,4497cfef73824ca48121da38800a0082,2.288
de4ed400cbab46b88194dc982bfb35a7,LIDAR_TOP_LEFT,29bfa04a41304fd3803c84a66ac04549,373fca46a765439794d1ecbb5839a161,4f17c8deceaa4c4891f178c0f95abce5,4497cfef73824ca48121da38800a0082,-22.531
de4ed400cbab46b88194dc982bfb35a7,LIDAR_TOP_RIGHT,f7262e85c1054b22af79729eaf3ea42d,f8849496a35c4af599b8e598afda166d,a9ffac1a63024211900e11356b1be8a2,4497cfef73824ca48121da38800a0082,27.639
de4ed400cbab46b88194dc982bfb35a7,RADAR_LEFT_BACK,7ddaa09c9a0a4a2295e07473926c77ed,326989c743c948bf86229f525d0deb2d,4497cfef73824ca48121da38800a0082,4497cfef73824ca48121da38800a0082,3.724
de4ed400cbab46b88194dc982bfb35a7,RADAR_LEFT_FRONT,d089c9ad5f8243a0aeea80207e9dcc56,5e6c5afaa842478db6066e9de8dec1ef,1e05eb9d79fb4f85ad28b7a98c22b7ee,4497cfef73824ca48121da38800a0082,-43.511
de4ed400cbab46b88194dc982bfb35a7,RADAR_LEFT_SIDE,c2919c8a5e444fda8b9c298816333931,cbecfab3ced24bbeab0a1b1bdd4375a8,4497cfef73824ca48121da38800a0082,4497cfef73824ca48121da38800a0082,3.764
de4ed400cbab46b88194dc982bfb35a7,RADAR_RIGHT_BACK,1d367937f1084af493e6971d3b2f562a,f2c73d43e0994ee8a16f930860856c0e,4497cfef73824ca48121da38800a0082,4497cfef73824ca48121da38800a0082,6.586
de4ed400cbab46b88194dc982bfb35a7,RADAR_RIGHT_FRONT,aaf6165120844928a694366d05856926,3126c35b164c459d85e0a0555ccba628,4497cfef73824ca48121da38800a0082,4497cfef73824ca48121da38800a0082,5.326
de4ed400cbab46b88194dc982bfb35a7,RADAR_RIGHT_SIDE,2fc3917454fb4b98ab399dbcbc42e019,8bef64c60da74778a5b9ef975c97edb7,4497cfef73824ca48121da38800a0082,4497cfef73824ca48121da38800a0082,5.074
18636993a6aa40fa8d5ac8a038d9d050,LIDAR_LEFT,5daa89e8316742349810f857b3445e55,2e6c7b7b7ceb4f69be01f9006cedf58f,5fc083da581d4fbea09fd49d71cb74e2,35725c157dc842608f9ffce1d82763c7,-10.653
18636993a6aa40fa8d5ac8a038d9d050,LIDAR_REAR,223ff645e0574bad97ad5cb3702b556d,7198b581279c431bad450deaf7669f87,6b8f3d6898614af5883c42ec99c33125,35725c157dc842608f9ffce1d82763c7,-48.439
18636993a6aa40fa8d5ac8a038d9d050,LIDAR_RIGHT,cd98e0cfcfe4440ca790b8908cb395d6,aefabf5dd96744beb296b9881d60ff8b,79773a0e31684976983c8216468f73a6,35725c157dc842608f9ffce1d82763c7,13.924
18636993a6aa40fa8d5ac8a038d9d050,LIDAR_TOP_FRONT,bbe6c0afbce647ec9592eb651ea42ea2,f994daad50a14ac49f1468d66eb8db62,35725c157dc842608f9ffce1d82763c7,35725c157dc842608f9ffce1d82763c7,1.885
18636993a6aa40fa8d5ac8a038d9d050,LIDAR_TOP_LEFT,352efa8b75dd43dea71309c11db39e48,373fca46a765439794d1ecbb5839a161,7e03245b552c4c6eb43da632644213d3,35725c157dc842608f9ffce1d82763c7,-22.782
18636993a6aa40fa8d5ac8a038d9d050,LIDAR_TOP_RIGHT,d9851b055e354dfc92a3bfc6c00a5e40,f8849496a35c4af599b8e598afda166d,d3a4c2dcbe6e472fab0a885a2b7b56b7,35725c157dc842608f9ffce1d82763c7,27.502
18636993a6aa40fa8d5ac8a038d9d050,RADAR_LEFT_BACK,ebd1399670414060becee619497022eb,326989c743c948bf86229f525d0deb2d,35725c157dc842608f9ffce1d82763c7,35725c157dc842608f9ffce1d82763c7,4.368
18636993a6aa40fa8d5ac8a038d9d050,RADAR_LEFT_FRONT,ce5dbc1ab08541dd96d3136d222c46a3,5e6c5afaa842478db6066e9de8dec1ef,35725c157dc842608f9ffce1d82763c7,35725c157dc842608f9ffce1d82763c7,4.444
18636993a6aa40fa8d5ac8a038d9d050,RADAR_LEFT_SIDE,a4f67896bfb243e89a20272df79a3176,cbecfab3ced24bbeab0a1b1bdd4375a8,35725c157dc842608f9ffce1d82763c7,35725c157dc842608f9ffce1d82763c7,4.432
18636993a6aa40fa8d5ac8a038d9d050,RADAR_RIGHT_BACK,befcb59818fe47dd8aa9f0e940a46ba9,f2c73d43e0994ee8a16f930860856c0e,35725c157dc842608f9ffce1d82763c7,35725c157dc842608f9ffce1d82763c7,3.211
18636993a6aa40fa8d5ac8a038d9d050,RADAR_RIGHT_FRONT,aff1160af0dd4dc6b846154d12280133,3126c35b164c459d85e0a0555ccba628,35725c157dc842608f9ffce1d82763c7,35725c157dc842608f9ffce1d82763c7,6.44
18636993a6aa40fa8d5ac8a038d9d050,RADAR_RIGHT_SIDE,5a500ac441e2482bb6ddc7241825c4d6,8bef64c60da74778a5b9ef975c97edb7,35725c157dc842608f9ffce1d82763c7,35725c157dc842608f9ffce1d82763c7,5.547
4c0504969c67482cbdced0f9b049f6b8,LIDAR_LEFT,4093d866dd574ecd977406ae46d37909,2e6c7b7b7ceb4f69be01f9006cedf58f,a0e09bf0ddc645e4939d94d16d0d72cf,21ac863c53b64dd797ecb74dd00c9c6a,-10.645
4c0504969c67482cbdced0f9b049f6b8,LIDAR_REAR,433f8ea78bd940f28de080921ace1c25,7198b581279c431bad450deaf7669f87,96ce262724734b09b7db360a34d213b3,21ac863c53b64dd797ecb74dd00c9c6a,-48.732
4c0504969c67482cbdced0f9b049f6b8,LIDAR_RIGHT,b4cd64d269ac4973bae2b87d1cc59a5e,aefabf5dd96744beb296b9881d60ff8b,ccac3153b60e4836b5572694631da010,21ac863c53b64dd797ecb74dd00c9c6a,13.65
4c0504969c67482cbdced0f9b049f6b8,LIDAR_TOP_FRONT,ac0309709c3c45648088a4e3f8026064,f994daad50a14ac49f1468d66eb8db62,21ac863c53b64dd797ecb74dd00c9c6a,21ac863c53b64dd797ecb74dd00c9c6a,1.742
4c0504969c67482cbdced0f9b049f6b8,LIDAR_TOP_LEFT,59fe0327128245ba87509d3b1f1c18b4,373fca46a765439794d1ecbb5839a161,8cad6d449f5c4cab8599da27aeb3e377,21ac863c53b64dd797ecb74dd00c9c6a,-22.727
4c0504969c67482cbdced0f9b049f6b8,LIDAR_TOP_RIGHT,f782f8c2fef14cc6af491c422605f9e8,f8849496a35c4af599b8e598afda166d,b2c2c633074a4c859def9e27d8c39d5b,21ac863c53b64dd797ecb74dd00c9c6a,27.239
4c0504969c67482cbdced0f9b049f6b8,RADAR_LEFT_BACK,47ff7e6310934d169d25130c5b0464d3,326989c743c948bf86229f525d0deb2d,21ac863c53b64dd797ecb74dd00c9c6a,21ac863c53b64dd797ecb74dd00c9c6a,5.829
4c0504969c67482cbdced0f9b049f6b8,RADAR_LEFT_FRONT,a597cafd432644a78b8ff54cbe981668,5e6c5afaa842478db6066e9de8dec1ef,21ac863c53b64dd797ecb74dd00c9c6a,21ac863c53b64dd797ecb74dd00c9c6a,5.872
4c0504969c67482cbdced0f9b049f6b8,RADAR_LEFT_SIDE,786645196a7d4f75ab46331d8cf92d7f,cbecfab3ced24bbeab0a1b1bdd4375a8,21ac863c53b64dd797ecb74dd00c9c6a,21ac863c53b64dd797ecb74dd00c9c6a,5.91
4c0504969c67482cbdced0f9b049f6b8,RADAR_RIGHT_BACK,b48ad7c09b5644c0a8c04f2952a8f3f5,f2c73d43e0994ee8a16f930860856c0e,21ac863c53b64dd797ecb74dd00c9c6a,21ac863c53b64dd797ecb74dd00c9c6a,4.834
4c0504969c67482cbdced0f9b049f6b8,RADAR_RIGHT_FRONT,28ae5ffbd3c54d69af98039511da74c0,3126c35b164c459d85e0a0555ccba628,21ac863c53b64dd797ecb74dd00c9c6a,21ac863c53b64dd797ecb74dd00c9c6a,3.177
4c0504969c67482cbdced0f9b049f6b8,RADAR_RIGHT_SIDE,aa5e2283c018480e84ad1ecb324a3b92,8bef64c60da74778a5b9ef975c97edb7,21ac863c53b64dd797ecb74dd00c9c6a,21ac863c53b64dd797ecb74dd00c9c6a,3.356
e527f6f066f143d68f20aadb009db2a7,LIDAR_LEFT,a92aabca2fbb4a669e7055055b369e9b,2e6c7b7b7ceb4f69be01f9006cedf58f,7ad56c57aced4b87b12edae425662400,cdae6d0d82b048e5b9d9df538ae85f71,-10.636
e527f6f066f143d68f20aadb009db2a7,LIDAR_REAR,283957862dd5421392920bf023ecde89,7198b581279c431bad450deaf7669f87,de25fc1101a2414985bdd8cf223a1359,cdae6d0d82b048e5b9d9df538ae85f71,-48.092
e527f6f066f143d68f20aadb009db2a7,LIDAR_RIGHT,d431828ce51940099d97326c6ed03464,aefabf5dd96744beb296b9881d60ff8b,09d64532f93045cc8a017cea74c4e74a,cdae6d0d82b048e5b9d9df538ae85f71,13.797
e527f6f066f143d68f20aadb009db2a7,LIDAR_TOP_FRONT,fa467560daf9407aa0c95508e85c881a,f994daad50a14ac49f1468d66eb8db62,cdae6d0d82b048e5b9d9df538ae85f71,cdae6d0d82b048e5b9d9df538ae85f71,2.288
e527f6f066f143d68f20aadb009db2a7,LIDAR_TOP_LEFT,97275187a68e413d902ccd631305b16f,373fca46a765439794d1ecbb5839a161,2266cfc97b9f42538c4857e6eb82f8ff,cdae6d0d82b048e5b9d9df538ae85f71,-22.167
e527f6f066f143d68f20aadb009db2a7,LIDAR_TOP_RIGHT,f01eb1f33f3f4b9cb45eaec9901efa0c,f8849496a35c4af599b8e598afda166d,51ea793977e4423c858353175427fbf3,cdae6d0d82b048e5b9d9df538ae85f71,27.865
e527f6f066f143d68f20aadb009db2a7,RADAR_LEFT_BACK,00719dc788cd489a9f5bd87cd1e95f2c,326989c743c948bf86229f525d0deb2d,cdae6d0d82b048e5b9d9df538ae85f71,cdae6d0d82b048e5b9d9df538ae85f71,3.086
e527f6f066f143d68f20aadb009db2a7,RADAR_LEFT_FRONT,fecb2cc65e884c90bdf85baf810dad70,5e6c5afaa842478db6066e9de8dec1ef,de25fc1101a2414985bdd8cf223a1359,cdae6d0d82b048e5b9d9df538ae85f71,-44.138
e527f6f066f143d68f20aadb009db2a7,RADAR_LEFT_SIDE,4c5b6a64a9344f73a0ac77e5a04862b4,cbecfab3ced24bbeab0a1b1bdd4375a8,cdae6d0d82b048e5b9d9df538ae85f71,cdae6d0d82b048e5b9d9df538ae85f71,3.2
e527f6f066f143d68f20aadb009db2a7,RADAR_RIGHT_BACK,4fc3ca20e6f84d51b747a164ce2ad563,f2c73d43e0994ee8a16f930860856c0e,cdae6d0d82b048e5b9d9df538ae85f71,cdae6d0d82b048e5b9d9df538ae85f71,6.085
e527f6f066f143d68f20aadb009db2a7,RADAR_RIGHT_FRONT,a2166149633f4968a7f221fbf99f65bb,3126c35b164c459d85e0a0555ccba628,cdae6d0d82b048e5b9d9df538ae85f71,cdae6d0d82b048e5b9d9df538ae85f71,4.962
e527f6f066f143d68f20aadb009db2a7,RADAR_RIGHT_SIDE,ec8fe7be10434f7b9d0e3a256a882349,8bef64c60da74778a5b9ef975c97edb7,cdae6d0d82b048e5b9d9df538ae85f71,cdae6d0d82b048e5b9d9df538ae85f71,4.412
ad8c44a11384426e915df188732b1a80,LIDAR_LEFT,e77b38355830466685186a4417f105c3,2e6c7b7b7ceb4f69be01f9006cedf58f,c79a762407f240bca60c1a16690cf593,1bc553706d5f4ba2a5f5a359d896223c,-10.636
ad8c44a11384426e915df188732b1a80,LIDAR_REAR,443aa3ee54184fe98a6bc2bef33a8ab7,7198b581279c431bad450deaf7669f87,31aa8ac091ba40fd8d069e7d32861445,1bc553706d5f4ba2a5f5a359d896223c,-47.724
ad8c44a11384426e915df188732b1a80,LIDAR_RIGHT,bd451d75e4b447d1b42f4a052e22e3cc,aefabf5dd96744beb296b9881d60ff8b,ac059a8425624b4c8fd46c47e732b9ef,1bc553706d5f4ba2a5f5a359d896223c,14.842
ad8c44a11384426e915df188732b1a80,LIDAR_TOP_FRONT,d87ad999b226442c858ccce340ce3dbf,f994daad50a14ac49f1468d66eb8db62,1bc553706d5f4ba2a5f5a359d896223c,1bc553706d5f4ba2a5f5a359d896223c,3.084
ad8c44a11384426e915df188732b1a80,LIDAR_TOP_LEFT,31b820c9033e4919b698bfcd498a15ba,373fca46a765439794d1ecbb5839a161,996bce8204154156bd8d546804cb6fcc,1bc553706d5f4ba2a5f5a359d896223c,-21.68
ad8c44a11384426e915df188732b1a80,LIDAR_TOP_RIGHT,3c34cc90a44542aa93fddbc6e74e9bc3,f8849496a35c4af599b8e598afda166d,d198e1aa28594059bacd1adb78546d0e,1bc553706d5f4ba2a5f5a359d896223c,28.253
ad8c44a11384426e915df188732b1a80,RADAR_LEFT_BACK,9cfa6eeaad004f5c8350b25d458c3c59,326989c743c948bf86229f525d0deb2d,1bc553706d5f4ba2a5f5a359d896223c,1bc553706d5f4ba2a5f5a359d896223c,5.514
ad8c44a11384426e915df188732b1a80,RADAR_LEFT_FRONT,fc7c6eb0bee84af09ceb5f7a360fe159,5e6c5afaa842478db6066e9de8dec1ef,1bc553706d5f4ba2a5f5a359d896223c,1bc553706d5f4ba2a5f5a359d896223c,5.607
ad8c44a11384426e915df188732b1a80,RADAR_LEFT_SIDE,ed3126802d3743aa9b70243f9dd115b2,cbecfab3ced24bbeab0a1b1bdd4375a8,1bc553706d5f4ba2a5f5a359d896223c,1bc553706d5f4ba2a5f5a359d896223c,5.647
ad8c44a11384426e915df188732b1a80,RADAR_RIGHT_BACK,7b6f2ca228054ab6836ac277a8e00394,f2c73d43e0994ee8a16f930860856c0e,1bc553706d5f4ba2a5f5a359d896223c,1bc553706d5f4ba2a5f5a359d896223c,4.667
ad8c44a11384426e915df188732b1a80,RADAR_RIGHT_FRONT,2ae43db1df0c4045845280a4d8c57ddc,3126c35b164c459d85e0a0555ccba628,1bc553706d5f4ba2a5f5a359d896223c,1bc553706d5f4ba2a5f5a359d896223c,6.986
ad8c44a11384426e915df188732b1a80,RADAR_RIGHT_SIDE,1c4d1c15e08c4b9b88437d49a0d4021f,8bef64c60da74778a5b9ef975c97edb7,1bc553706d5f4ba2a5f5a359d896223c,1bc553706d5f4ba2a5f5a359d896223c,7.703
c0c731e2934f4f61a21f188dbfafd519,LIDAR_LEFT,51484c9aca2c4a14bbadd0f5febcaa79,2e6c7b7b7ceb4f69be01f9006cedf58f,c5d8a97253e74d928e2d60b87189abb3,9bf24a02606c42b2a34ba9fe71af9b71,-10.637
c0c731e2934f4f61a21f188dbfafd519,LIDAR_REAR,eb5b6add965447219675c7cc6f97c1fd,7198b581279c431bad450deaf7669f87,c61f3f610bfe4c8280d33979907a1bf7,9bf24a02606c42b2a34ba9fe71af9b71,-47.209
c0c731e2934f4f61a21f188dbfafd519,LIDAR_RIGHT,0a7ee1ebf03c4407afdf32e8eb02b461,aefabf5dd96744beb296b9881d60ff8b,0bad3c4c16c94380852db9669cc350f4,9bf24a02606c42b2a34ba9fe71af9b71,16.053
c0c731e2934f4f61a21f188dbfafd519,LIDAR_TOP_FRONT,afa5d8feb5ff4929847d5feb2d239f89,f994daad50a14ac49f1468d66eb8db62,9bf24a02606c42b2a34ba9fe71af9b71,9bf24a02606c42b2a34ba9fe71af9b71,3.642
c0c731e2934f4f61a21f188dbfafd519,LIDAR_TOP_LEFT,5ed388d5e09c47688f322e4a0d7fb4dd,373fca46a765439794d1ecbb5839a161,2f21d2ff33e7449caa01e85ebcf18ef6,9bf24a02606c42b2a34ba9fe71af9b71,-21.205
c0c731e2934f4f61a21f188dbfafd519,LIDAR_TOP_RIGHT,5ae8c3d066c644618dd5ee71f7ce0bea,f8849496a35c4af599b8e598afda166d,1b098862de584a69ba7ddecf116eaeb0,9bf24a02606c42b2a34ba9fe71af9b71,29.034
c0c731e2934f4f61a21f188dbfafd519,RADAR_LEFT_BACK,095c601d525d4bc4a44090ebe7d5145d,326989c743c948bf86229f525d0deb2d,9bf24a02606c42b2a34ba9fe71af9b71,9bf24a02606c42b2a34ba9fe71af9b71,6.902
c0c731e2934f4f61a21f188dbfafd519,RADAR_LEFT_FRONT,27e62e4ddeba4b3e8c35c87ed36c3d6b,5e6c5afaa842478db6066e9de8dec1ef,9bf24a02606c42b2a34ba9fe71af9b71,9bf24a02606c42b2a34ba9fe71af9b71,6.926
c0c731e2934f4f61a21f188dbfafd519,RADAR_LEFT_SIDE,35a1b6abd6c743bda62d461d9ee64a11,cbecfab3ced24bbeab0a1b1bdd4375a8,9bf24a02606c42b2a34ba9fe71af9b71,9bf24a02606c42b2a34ba9fe71af9b71,6.849
c0c731e2934f4f61a21f188dbfafd519,RADAR_RIGHT_BACK,d5ad77442ef947fb84369dba7dd28d24,f2c73d43e0994ee8a16f930860856c0e,9bf24a02606c42b2a34ba9fe71af9b71,9bf24a02606c42b2a34ba9fe71af9b71,5.844
c0c731e2934f4f61a21f188dbfafd519,RADAR_RIGHT_FRONT,185e5a69dd05471dad032e58b1703f73,3126c35b164c459d85e0a0555ccba628,9bf24a02606c42b2a34ba9fe71af9b71,9bf24a02606c42b2a34ba9fe71af9b71,4.826
c0c731e2934f4f61a21f188dbfafd519,RADAR_RIGHT_SIDE,ef50c307ba6344a1b7e6417e94af32e1,8bef64c60da74778a5b9ef975c97edb7,9bf24a02606c42b2a34ba9fe71af9b71,9bf24a02606c42b2a34ba9fe71af9b71,4.498
b9a7ec7fce4a4a4f96f5314c1c686fcf,LIDAR_LEFT,bd7393d1d1e0491b98ac5c42848d0b9c,2e6c7b7b7ceb4f69be01f9006cedf58f,53c1543bbb804afd96caefa0cb646e96,b0ddf0625a944d41872b4e42615794af,-10.645
b9a7ec7fce4a4a4f96f5314c1c686fcf,LIDAR_REAR,f0d620b4e5ca422e88bbab21178bb184,7198b581279c431bad450deaf7669f87,9bedccccd58b44a2a691eb4d5654fbd9,b0ddf0625a944d41872b4e42615794af,-46.826
b9a7ec7fce4a4a4f96f5314c1c686fcf,LIDAR_RIGHT,4d4b5c9034d148bb9496139af888cc7f,aefabf5dd96744beb296b9881d60ff8b,37654854285e41b2b96239ce61feba75,b0ddf0625a944d41872b4e42615794af,17.065
b9a7ec7fce4a4a4f96f5314c1c686fcf,LIDAR_TOP_FRONT,e72484eb50fb4fd99d18bd4974eaee31,f994daad50a14ac49f1468d66eb8db62,e829aa0957d04f18b018ee8ed4f99d3f,b0ddf0625a944d41872b4e42615794af,4.0
b9a7ec7fce4a4a4f96f5314c1c686fcf,LIDAR_TOP_LEFT,4b5b74af14e4429f958b1f10493c5af8,373fca46a765439794d1ecbb5839a161,787f2ed89d3b4e379dc01efa2301f46f,b0ddf0625a944d41872b4e42615794af,-21.062
b9a7ec7fce4a4a4f96f5314c1c686fcf,LIDAR_TOP_RIGHT,2f2c43b1106f47bc8589937079be9f04,f8849496a35c4af599b8e598afda166d,8972c4f794e547698eae0bcd5123e03f,b0ddf0625a944d41872b4e42615794af,29.293
b9a7ec7fce4a4a4f96f5314c1c686fcf,RADAR_LEFT_BACK,748a9726a02243c1a95855f785e9f0cb,326989c743c948bf86229f525d0deb2d,e829aa0957d04f18b018ee8ed4f99d3f,b0ddf0625a944d41872b4e42615794af,5.263
b9a7ec7fce4a4a4f96f5314c1c686fcf,RADAR_LEFT_FRONT,8ad29998378b4f8f8990207f3bf30af1,5e6c5afaa842478db6066e9de8dec1ef,e829aa0957d04f18b018ee8ed4f99d3f,b0ddf0625a944d41872b4e42615794af,5.338
b9a7ec7fce4a4a4f96f5314c1c686fcf,RADAR_LEFT_SIDE,02e0ef84cf5e42be83e7e916ea561d43,cbecfab3ced24bbeab0a1b1bdd4375a8,e829aa0957d04f18b018ee8ed4f99d3f,b0ddf0625a944d41872b4e42615794af,5.34
b9a7ec7fce4a4a4f96f5314c1c686fcf,RADAR_RIGHT_BACK,703b1b4c8a9548dda5b63d07404067b0,f2c73d43e0994ee8a16f930860856c0e,e829aa0957d04f18b018ee8ed4f99d3f,b0ddf0625a944d41872b4e42615794af,8.737
b9a7ec7fce4a4a4f96f5314c1c686fcf,RADAR_RIGHT_FRONT,8112f9aa75ea4dbd9b495e47aad121b9,3126c35b164c459d85e0a0555ccba628,e829aa0957d04f18b018ee8ed4f99d3f,b0ddf0625a944d41872b4e42615794af,6.07
b9a7ec7fce4a4a4f96f5314c1c686fcf,RADAR_RIGHT_SIDE,05e9424919ff49eaa889e58d2cba9964,8bef64c60da74778a5b9ef975c97edb7,e829aa0957d04f18b018ee8ed4f99d3f,b0ddf0625a944d41872b4e42615794af,6.872
90b359f78a9a4ef0bc84ff7b47b5f95e,LIDAR_LEFT,7102d139c6234fe0b20279ba0325b15b,2e6c7b7b7ceb4f69be01f9006cedf58f,50b8bdd7cb32478091ef7e56c986cfc3,0d52fd459f0d45829819ef5c1444f5ca,-10.666
90b359f78a9a4ef0bc84ff7b47b5f95e,LIDAR_REAR,02db01756dbd4ec5a1290650b67615e5,7198b581279c431bad450deaf7669f87,9d8ba80c0e084793929a8e795e3323d5,0d52fd459f0d45829819ef5c1444f5ca,-47.422
90b359f78a9a4ef0bc84ff7b47b5f95e,LIDAR_RIGHT,a3c500d5e1c84db183163ddd802b6f9d,aefabf5dd96744beb296b9881d60ff8b,56a9654e968b433a92471731b1ce72fa,0d52fd459f0d45829819ef5c1444f5ca,16.015
90b359f78a9a4ef0bc84ff7b47b5f95e,LIDAR_TOP_FRONT,02e0e4546c7a498fae8662cb2107e06f,f994daad50a14ac49f1468d66eb8db62,0d52fd459f0d45829819ef5c1444f5ca,0d52fd459f0d45829819ef5c1444f5ca,3.539
90b359f78a9a4ef0bc84ff7b47b5f95e,LIDAR_TOP_LEFT,ce78ca4d04f748fc85f3b5dc8ef80fe3,373fca46a765439794d1ecbb5839a161,6621de9e022944e8909e3e9a1add9234,0d52fd459f0d45829819ef5c1444f5ca,-21.697
90b359f78a9a4ef0bc84ff7b47b5f95e,LIDAR_TOP_RIGHT,64f43ff80c8040f1a4481b9e51f5d5e7,f8849496a35c4af599b8e598afda166d,144d88bcd9e943c084509222d0ed2ca5,0d52fd459f0d45829819ef5c1444f5ca,28.746
90b359f78a9a4ef0bc84ff7b47b5f95e,RADAR_LEFT_BACK,e553b817b3074715af6545c7d8ef9543,326989c743c948bf86229f525d0deb2d,0d52fd459f0d45829819ef5c1444f5ca,0d52fd459f0d45829819ef5c1444f5ca,5.4
90b359f78a9a4ef0bc84ff7b47b5f95e,RADAR_LEFT_FRONT,0361bccc07f544eba4b90708a8661c6d,5e6c5afaa842478db6066e9de8dec1ef,0d52fd459f0d45829819ef5c1444f5ca,0d52fd459f0d45829819ef5c1444f5ca,5.557
90b359f78a9a4ef0bc84ff7b47b5f95e,RADAR_LEFT_SIDE,d80e1b3b11164f57a28fb1d2c90fb725,cbecfab3ced24bbeab0a1b1bdd4375a8,0d52fd459f0d45829819ef5c1444f5ca,0d52fd459f0d45829819ef5c1444f5ca,5.493
90b359f78a9a4ef0bc84ff7b47b5f95e,RADAR_RIGHT_BACK,4276c469abc84e739e809dca8e990fd0,f2c73d43e0994ee8a16f930860856c0e,0d52fd459f0d45829819ef5c1444f5ca,0d52fd459f0d45829819ef5c1444f5ca,4.685
90b359f78a9a4ef0bc84ff7b47b5f95e,RADAR_RIGHT_FRONT,8bcefa7b996f4765867517f40f9739ea,3126c35b164c459d85e0a0555ccba628,9d8ba80c0e084793929a8e795e3323d5,0d52fd459f0d45829819ef5c1444f5ca,-43.977
90b359f78a9a4ef0bc84ff7b47b5f95e,RADAR_RIGHT_SIDE,a2e6586ffbf042388c1b80d8efd57741,8bef64c60da74778a5b9ef975c97edb7,0d52fd459f0d45829819ef5c1444f5ca,0d52fd459f0d45829819ef5c1444f5ca,7.926
af7b2ad4a2604df3886477c19c351ceb,LIDAR_LEFT,95d531d7d2b84d60ac6fb675718149e2,2e6c7b7b7ceb4f69be01f9006cedf58f,db5ab2cdb0f447409e1db4cf50a24b2b,c02e5f6bee954be99d99799bee019615,-10.66
af7b2ad4a2604df3886477c19c351ceb,LIDAR_REAR,9df9fb280b25456d99d2abe6f44fc894,7198b581279c431bad450deaf7669f87,8a021f17a6014cf6808e5e08c5c66666,c02e5f6bee954be99d99799bee019615,-48.29
af7b2ad4a2604df3886477c19c351ceb,LIDAR_RIGHT,d08f518d5f0e43a0be274c6b16429237,aefabf5dd96744beb296b9881d60ff8b,b7b7e51f80bd4d0cba8fd57e9774fc1e,c02e5f6bee954be99d99799bee019615,14.653
af7b2ad4a2604df3886477c19c351ceb,LIDAR_TOP_FRONT,d136be47ae684f5291b48480588e4cff,f994daad50a14ac49f1468d66eb8db62,c02e5f6bee954be99d99799bee019615,c02e5f6bee954be99d99799bee019615,2.938
af7b2ad4a2604df3886477c19c351ceb,LIDAR_TOP_LEFT,062dcdb7771f4fceb2bfb83cc0c97a41,373fca46a765439794d1ecbb5839a161,fd34ed4b6a1f47f3b95799f0baf0cd17,c02e5f6bee954be99d99799bee019615,-22.384
af7b2ad4a2604df3886477c19c351ceb,LIDAR_TOP_RIGHT,7b159504a4634b16b190715f56ed23af,f8849496a35c4af599b8e598afda166d,853a7cf5162e4b7f829254d7914db21b,c02e5f6bee954be99d99799bee019615,27.982
af7b2ad4a2604df3886477c19c351ceb,RADAR_LEFT_BACK,22115684be574174a96983bf3aa8001d,326989c743c948bf86229f525d0deb2d,c02e5f6bee954be99d99799bee019615,c02e5f6bee954be99d99799bee019615,7.264
af7b2ad4a2604df3886477c19c351ceb,RADAR_LEFT_FRONT,62856b8dd48f4e478ea5c8091ce29dc5,5e6c5afaa842478db6066e9de8dec1ef,c02e5f6bee954be99d99799bee019615,c02e5f6bee954be99d99799bee019615,7.473
af7b2ad4a2604df3886477c19c351ceb,RADAR_LEFT_SIDE,4ccd89ee9c374e7291c54e0a5f53b335,cbecfab3ced24bbeab0a1b1bdd4375a8,c02e5f6bee954be99d99799bee019615,c02e5f6bee954be99d99799bee019615,7.322
af7b2ad4a2604df3886477c19c351ceb,RADAR_RIGHT_BACK,ead6d65ce66b4ab1bedc4cd8e6409434,f2c73d43e0994ee8a16f930860856c0e,c02e5f6bee954be99d99799bee019615,c02e5f6bee954be99d99799bee019615,5.92
af7b2ad4a2604df3886477c19c351ceb,RADAR_RIGHT_FRONT,ffbf4c2763034fe5a70dfe0a179f0325,3126c35b164c459d85e0a0555ccba628,c02e5f6bee954be99d99799bee019615,c02e5f6bee954be99d99799bee019615,3.535
af7b2ad4a2604df3886477c19c351ceb,RADAR_RIGHT_SIDE,2a123fa8fd254f5a881a0190c9ba4f9b,8bef64c60da74778a5b9ef975c97edb7,c02e5f6bee954be99d99799bee019615,c02e5f6bee954be99d99799bee019615,4.369
3df88bfb6b784a84849fee4c12bd6821,LIDAR_LEFT,ddbb5c69730540e9b1543d2eb4efee86,2e6c7b7b7ceb4f69be01f9006cedf58f,ac410c534e934439960f9f35024b7cc7,0ece345b8e7e42c5a683c3f653b4bf2f,-10.656
3df88bfb6b784a84849fee4c12bd6821,LIDAR_REAR,bd95727e519643aebea813f5c9f12e81,7198b581279c431bad450deaf7669f87,4168470c42d14a128c7964b92308819c,0ece345b8e7e42c5a683c3f653b4bf2f,-48.634
3df88bfb6b784a84849fee4c12bd6821,LIDAR_RIGHT,04c29425a90c4aac8297c188e66c0982,aefabf5dd96744beb296b9881d60ff8b,65c6c83579d5424f8701d4aef7c48d24,0ece345b8e7e42c5a683c3f653b4bf2f,13.614
3df88bfb6b784a84849fee4c12bd6821,LIDAR_TOP_FRONT,9dc43147780a4a3980cb1a97cfd144ac,f994daad50a14ac49f1468d66eb8db62,0ece345b8e7e42c5a683c3f653b4bf2f,0ece345b8e7e42c5a683c3f653b4bf2f,2.538
3df88bfb6b784a84849fee4c12bd6821,LIDAR_TOP_LEFT,8c1e35f8c70f4a9db8fbbc86c72f8a4f,373fca46a765439794d1ecbb5839a161,d9af176708b24f44a165e9d70e5722d7,0ece345b8e7e42c5a683c3f653b4bf2f,-22.654
3df88bfb6b784a84849fee4c12bd6821,LIDAR_TOP_RIGHT,f1265378102b426ea3ee7eeccbabfa2c,f8849496a35c4af599b8e598afda166d,9dd337f20669453ea7c78156ce153d7c,0ece345b8e7e42c5a683c3f653b4bf2f,27.622
3df88bfb6b784a84849fee4c12bd6821,RADAR_LEFT_BACK,d664fd29032140bd85073db1fa70d990,326989c743c948bf86229f525d0deb2d,0ece345b8e7e42c5a683c3f653b4bf2f,0ece345b8e7e42c5a683c3f653b4bf2f,3.317
3df88bfb6b784a84849fee4c12bd6821,RADAR_LEFT_FRONT,5550ec41a30e416797d395a274a343d6,5e6c5afaa842478db6066e9de8dec1ef,0ece345b8e7e42c5a683c3f653b4bf2f,0ece345b8e7e42c5a683c3f653b4bf2f,3.369
3df88bfb6b784a84849fee4c12bd6821,RADAR_LEFT_SIDE,7b0850f066d84d9381dca9503256f803,cbecfab3ced24bbeab0a1b1bdd4375a8,0ece345b8e7e42c5a683c3f653b4bf2f,0ece345b8e7e42c5a683c3f653b4bf2f,3.294
3df88bfb6b784a84849fee4c12bd6821,RADAR_RIGHT_BACK,9847661ced87428dacbd4a4641b5e724,f2c73d43e0994ee8a16f930860856c0e,4168470c42d14a128c7964b92308819c,0ece345b8e7e42c5a683c3f653b4bf2f,-44.623
3df88bfb6b784a84849fee4c12bd6821,RADAR_RIGHT_FRONT,c387eb0810cb4f6ba343aae1b5b5e024,3126c35b164c459d85e0a0555ccba628,0ece345b8e7e42c5a683c3f653b4bf2f,0ece345b8e7e42c5a683c3f653b4bf2f,4.912
3df88bfb6b784a84849fee4c12bd6821,RADAR_RIGHT_SIDE,9e6bf2d381994c74a12222290e11f40f,8bef64c60da74778a5b9ef975c97edb7,0ece345b8e7e42c5a683c3f653b4bf2f,0ece345b8e7e42c5a683c3f653b4bf2f,5.095
9d75f3c77f384353b5477c981fb46011,LIDAR_LEFT,7c86570656434ac0ba81d672b4084927,2e6c7b7b7ceb4f69be01f9006cedf58f,c71db37095ef46d9b130640d752d8205,3730af70adb64dff976147467e3628a8,-10.641
9d75f3c77f384353b5477c981fb46011,LIDAR_REAR,a065cb5a726c45329baf9a4b1eaaa1a9,7198b581279c431bad450deaf7669f87,39cf33e79afb44feb61d95ca7d533439,3730af70adb64dff976147467e3628a8,-48.021
9d75f3c77f384353b5477c981fb46011,LIDAR_RIGHT,3731fe99f3b84b66bb5eeca57149b624,aefabf5dd96744beb296b9881d60ff8b,f57eb991fc0e42038abfa280495a9787,3730af70adb64dff976147467e3628a8,14.541
9d75f3c77f384353b5477c981fb46011,LIDAR_TOP_FRONT,46217ffe33f44894bfb0a98ce82ae83f,f994daad50a14ac49f1468d66eb8db62,3730af70adb64dff976147467e3628a8,3730af70adb64dff976147467e3628a8,2.826
9d75f3c77f384353b5477c981fb46011,LIDAR_TOP_LEFT,b9981dc2421b497d81b76feb68716a13,373fca46a765439794d1ecbb5839a161,9bda54501bb440f9ac359ca4630503e5,3730af70adb64dff976147467e3628a8,-22.21
9d75f3c77f384353b5477c981fb46011,LIDAR_TOP_RIGHT,a4e2348d4d8f40af968194fb8bdcad8c,f8849496a35c4af599b8e598afda166d,1f998c87b79b4481a6730d970d4b1739,3730af70adb64dff976147467e3628a8,28.074
9d75f3c77f384353b5477c981fb46011,RADAR_LEFT_BACK,9d3dd44a73904425b5b8a148dded4662,326989c743c948bf86229f525d0deb2d,3730af70adb64dff976147467e3628a8,3730af70adb64dff976147467e3628a8,7.234
9d75f3c77f384353b5477c981fb46011,RADAR_LEFT_FRONT,f8ce7213518f4c6bb10e53a98967e8e0,5e6c5afaa842478db6066e9de8dec1ef,3730af70adb64dff976147467e3628a8,3730af70adb64dff976147467e3628a8,5.756
9d75f3c77f384353b5477c981fb46011,RADAR_LEFT_SIDE,c4d23ad2923a4926881413a64a1feb92,cbecfab3ced24bbeab0a1b1bdd4375a8,3730af70adb64dff976147467e3628a8,3730af70adb64dff976147467e3628a8,6.078
9d75f3c77f384353b5477c981fb46011,RADAR_RIGHT_BACK,0218a67503c94bb7a9bb48e250809de8,f2c73d43e0994ee8a16f930860856c0e,3730af70adb64dff976147467e3628a8,3730af70adb64dff976147467e3628a8,7.506
9d75f3c77f384353b5477c981fb46011,RADAR_RIGHT_FRONT,187995f0b09a431db9905515c6498abe,3126c35b164c459d85e0a0555ccba628,3730af70adb64dff976147467e3628a8,3730af70adb64dff976147467e3628a8,7.41
9d75f3c77f384353b5477c981fb46011,RADAR_RIGHT_SIDE,4d02d8c459b94f468dd37c2c7d834339,8bef64c60da74778a5b9ef975c97edb7,3730af70adb64dff976147467e3628a8,3730af70adb64dff976147467e3628a8,7.326
d61070d1f0eb4ebdbf6a3082758cfd57,LIDAR_LEFT,c5e4a928494e40cfab643aba493f8900,2e6c7b7b7ceb4f69be01f9006cedf58f,664277b246754335b34b26460b87a8bc,90d33b1ad4c94295848a4b4bf0ea6fa5,-10.65
d61070d1f0eb4ebdbf6a3082758cfd57,LIDAR_REAR,7b2c2532ae1540ceb1be6a6644ff3055,7198b581279c431bad450deaf7669f87,b7ee4806ba434919b1725ff3c8379d38,90d33b1ad4c94295848a4b4bf0ea6fa5,-47.725
d61070d1f0eb4ebdbf6a3082758cfd57,LIDAR_RIGHT,f102262c41d64ee6bea567dd157de8d2,aefabf5dd96744beb296b9881d60ff8b,9f895307b1774ad8bad1983d12abbfe6,90d33b1ad4c94295848a4b4bf0ea6fa5,14.677
d61070d1f0eb4ebdbf6a3082758cfd57,LIDAR_TOP_FRONT,e2941db915d14c6d9b7e439baa18c9fc,f994daad50a14ac49f1468d66eb8db62,90d33b1ad4c94295848a4b4bf0ea6fa5,90d33b1ad4c94295848a4b4bf0ea6fa5,3.075
d61070d1f0eb4ebdbf6a3082758cfd57,LIDAR_TOP_LEFT,4cd29c7d5266420ba7d1e7b79f75cdbb,373fca46a765439794d1ecbb5839a161,a1465095629c47cb99a403ac935cd748,90d33b1ad4c94295848a4b4bf0ea6fa5,-22.171
d61070d1f0eb4ebdbf6a3082758cfd57,LIDAR_TOP_RIGHT,a63d9343d0f34edf9807132ea9267d26,f8849496a35c4af599b8e598afda166d,cd3a7481444747d38ae696efaae352cf,90d33b1ad4c94295848a4b4bf0ea6fa5,28.39
d61070d1f0eb4ebdbf6a3082758cfd57,RADAR_LEFT_BACK,17ed01fd09b149deb19ca9eec311c4b2,326989c743c948bf86229f525d0deb2d,90d33b1ad4c94295848a4b4bf0ea6fa5,90d33b1ad4c94295848a4b4bf0ea6fa5,4.529
d61070d1f0eb4ebdbf6a3082758cfd57,RADAR_LEFT_FRONT,ebdaafe1a8ea4f8e9a2209964008100f,5e6c5afaa842478db6066e9de8dec1ef,b7ee4806ba434919b1725ff3c8379d38,90d33b1ad4c94295848a4b4bf0ea6fa5,-44.25
d61070d1f0eb4ebdbf6a3082758cfd57,RADAR_LEFT_SIDE,d6e88bb4e8a5437a838ccd539e94847a,cbecfab3ced24bbeab0a1b1bdd4375a8,b7ee4806ba434919b1725ff3c8379d38,90d33b1ad4c94295848a4b4bf0ea6fa5,-44.137
d61070d1f0eb4ebdbf6a3082758cfd57,RADAR_RIGHT_BACK,2f3a71f8767046829a964b503b62e99b,f2c73d43e0994ee8a16f930860856c0e,90d33b1ad4c94295848a4b4bf0ea6fa5,90d33b1ad4c94295848a4b4bf0ea6fa5,4.678
d61070d1f0eb4ebdbf6a3082758cfd57,RADAR_RIGHT_FRONT,1930e7fd580748aa980c25874ed477c9,3126c35b164c459d85e0a0555ccba628,90d33b1ad4c94295848a4b4bf0ea6fa5,90d33b1ad4c94295848a4b4bf0ea6fa5,4.7
d61070d1f0eb4ebdbf6a3082758cfd57,RADAR_RIGHT_SIDE,a3194d3a622742aab8e05d27a9934944,8bef64c60da74778a5b9ef975c97edb7,90d33b1ad4c94295848a4b4bf0ea6fa5,90d33b1ad4c94295848a4b4bf0ea6fa5,4.635
74315069a83c4013bcacf251d9928fe1,LIDAR_LEFT,d79e15be7a8f420c96afac95bfcb90a3,2e6c7b7b7ceb4f69be01f9006cedf58f,d56ed06c580740b4a5cf92c8a5183d0d,3f6b9c0775074c2796d6ddb21bbddaab,-10.657
74315069a83c4013bcacf251d9928fe1,LIDAR_REAR,61edc8267204431dbb4c096e1f822b94,7198b581279c431bad450deaf7669f87,176c5b922f484ceca8a0d9e32369f355,3f6b9c0775074c2796d6ddb21bbddaab,-47.969
74315069a83c4013bcacf251d9928fe1,LIDAR_RIGHT,446ad3a4ffc845e4bdb58223719187d2,aefabf5dd96744beb296b9881d60ff8b,7a1efda23b2d49e6b90d5fffbfb84d3d,3f6b9c0775074c2796d6ddb21bbddaab,13.958
74315069a83c4013bcacf251d9928fe1,LIDAR_TOP_FRONT,3fdb7dd3a134489d895f1b2ade9a165e,f994daad50a14ac49f1468d66eb8db62,3f6b9c0775074c2796d6ddb21bbddaab,3f6b9c0775074c2796d6ddb21bbddaab,2.467
74315069a83c4013bcacf251d9928fe1,LIDAR_TOP_LEFT,11ed9742be3d48cbadd2bea99d767eb8,373fca46a765439794d1ecbb5839a161,021a4c61479e4550a518ef98729dd7b9,3f6b9c0775074c2796d6ddb21bbddaab,-22.447
74315069a83c4013bcacf251d9928fe1,LIDAR_TOP_RIGHT,ff5fb16afb3a49bdb72447d444899ed9,f8849496a35c4af599b8e598afda166d,341a4d7115bc41b090f6c80ec6512a44,3f6b9c0775074c2796d6ddb21bbddaab,27.717
74315069a83c4013bcacf251d9928fe1,RADAR_LEFT_BACK,0661cbd4c8b6404caedbc2ed9d48f24c,326989c743c948bf86229f525d0deb2d,3f6b9c0775074c2796d6ddb21bbddaab,3f6b9c0775074c2796d6ddb21bbddaab,5.36
74315069a83c4013bcacf251d9928fe1,RADAR_LEFT_FRONT,ecd66085ec3f4fcfb97a3be38d4ebde7,5e6c5afaa842478db6066e9de8dec1ef,3f6b9c0775074c2796d6ddb21bbddaab,3f6b9c0775074c2796d6ddb21bbddaab,3.38
74315069a83c4013bcacf251d9928fe1,RADAR_LEFT_SIDE,033314c6b47e41f78818e1af56f32c64,cbecfab3ced24bbeab0a1b1bdd4375a8,3f6b9c0775074c2796d6ddb21bbddaab,3f6b9c0775074c2796d6ddb21bbddaab,3.464
74315069a83c4013bcacf251d9928fe1,RADAR_RIGHT_BACK,4fa8ad2daf734a288dc46ec78f493b73,f2c73d43e0994ee8a16f930860856c0e,3f6b9c0775074c2796d6ddb21bbddaab,3f6b9c0775074c2796d6ddb21bbddaab,5.519
74315069a83c4013bcacf251d9928fe1,RADAR_RIGHT_FRONT,34b805dc9ec84f95a83719e113aad1b2,3126c35b164c459d85e0a0555ccba628,3f6b9c0775074c2796d6ddb21bbddaab,3f6b9c0775074c2796d6ddb21bbddaab,5.512
74315069a83c4013bcacf251d9928fe1,RADAR_RIGHT_SIDE,fd8fbf6da3fb48a29cbaf49e7ff8f2f6,8bef64c60da74778a5b9ef975c97edb7,3f6b9c0775074c2796d6ddb21bbddaab,3f6b9c0775074c2796d6ddb21bbddaab,5.481
46e9fde57b0845da94c549c832796659,LIDAR_LEFT,0c1ab6a740584713a7c16cdaf4b518a1,2e6c7b7b7ceb4f69be01f9006cedf58f,6d99b5bb3f9846289a08513219c734af,b8747f4b4e2141fd9c30c4e825115303,-10.64
46e9fde57b0845da94c549c832796659,LIDAR_REAR,df7e5bd7ae9540e79566f1fc46793537,7198b581279c431bad450deaf7669f87,6a70acf26c7a4c84a8b1af726a64108a,b8747f4b4e2141fd9c30c4e825115303,-47.941
46e9fde57b0845da94c549c832796659,LIDAR_RIGHT,ff007661288843adbc0e88676a828edb,aefabf5dd96744beb296b9881d60ff8b,9d34085bd9fa4a9684cb00d5a3022cb7,b8747f4b4e2141fd9c30c4e825115303,14.345
46e9fde57b0845da94c549c832796659,LIDAR_TOP_FRONT,193cfb51f44241e69a159037a60e87da,f994daad50a14ac49f1468d66eb8db62,b8747f4b4e2141fd9c30c4e825115303,b8747f4b4e2141fd9c30c4e825115303,2.752
46e9fde57b0845da94c549c832796659,LIDAR_TOP_LEFT,b92ddcee333c4a9dae5cd2756787b95c,373fca46a765439794d1ecbb5839a161,1e204099b7b840d691da850fcc4fe357,b8747f4b4e2141fd9c30c4e825115303,-22.327
46e9fde57b0845da94c549c832796659,LIDAR_TOP_RIGHT,b99a9b4947064c0e856afab12b806863,f8849496a35c4af599b8e598afda166d,20d7a5cb584f4992ab4fb8083d00cd87,b8747f4b4e2141fd9c30c4e825115303,28.151
46e9fde57b0845da94c549c832796659,RADAR_LEFT_BACK,35f023f0fa8f46669abfad0c8765bada,326989c743c948bf86229f525d0deb2d,b8747f4b4e2141fd9c30c4e825115303,b8747f4b4e2141fd9c30c4e825115303,6.824
46e9fde57b0845da94c549c832796659,RADAR_LEFT_FRONT,9856112a80574aa497f7aae0c67cca5d,5e6c5afaa842478db6066e9de8dec1ef,b8747f4b4e2141fd9c30c4e825115303,b8747f4b4e2141fd9c30c4e825115303,5.407
46e9fde57b0845da94c549c832796659,RADAR_LEFT_SIDE,20bdaa40842a4ee1b6ca1f5af3babbdc,cbecfab3ced24bbeab0a1b1bdd4375a8,b8747f4b4e2141fd9c30c4e825115303,b8747f4b4e2141fd9c30c4e825115303,5.526
46e9fde57b0845da94c549c832796659,RADAR_RIGHT_BACK,af7226f9ad2e452c95a207380b5c69d9,f2c73d43e0994ee8a16f930860856c0e,b8747f4b4e2141fd9c30c4e825115303,b8747f4b4e2141fd9c30c4e825115303,7.004
46e9fde57b0845da94c549c832796659,RADAR_RIGHT_FRONT,697dbeae78d64f15ac30683555583a2c,3126c35b164c459d85e0a0555ccba628,b8747f4b4e2141fd9c30c4e825115303,b8747f4b4e2141fd9c30c4e825115303,7.011
46e9fde57b0845da94c549c832796659,RADAR_RIGHT_SIDE,2aed8dfb989d45bcb94143c5ccada258,8bef64c60da74778a5b9ef975c97edb7,b8747f4b4e2141fd9c30c4e825115303,b8747f4b4e2141fd9c30c4e825115303,6.908
5e7ef242185a4143814462c9fcf614c0,LIDAR_LEFT,550d3d2fc5ff4f55b118b2d2eb505396,2e6c7b7b7ceb4f69be01f9006cedf58f,32d3fa54481b4d42b82c489f87fc1d65,a93a409d587b47368fb92d6c9e6eee7b,-10.639
5e7ef242185a4143814462c9fcf614c0,LIDAR_REAR,3c9f1560822940ec80cda5b3954bbce8,7198b581279c431bad450deaf7669f87,d548c894608b4e9cbbeb6d006e04b23d,a93a409d587b47368fb92d6c9e6eee7b,-47.572
5e7ef242185a4143814462c9fcf614c0,LIDAR_RIGHT,a0422d35ef7a409ab138203713b02f7d,aefabf5dd96744beb296b9881d60ff8b,aea3d8fbbf8547f0994e753ee8d80e40,a93a409d587b47368fb92d6c9e6eee7b,14.676
5e7ef242185a4143814462c9fcf614c0,LIDAR_TOP_FRONT,3b8f0e36dc0d452695e0b6abac87763c,f994daad50a14ac49f1468d66eb8db62,a93a409d587b47368fb92d6c9e6eee7b,a93a409d587b47368fb92d6c9e6eee7b,3.018
5e7ef242185a4143814462c9fcf614c0,LIDAR_TOP_LEFT,be00ec32b1a4447d86857ad9ef5ac48f,373fca46a765439794d1ecbb5839a161,cef59c28f659492ea2b3d6860609b800,a93a409d587b47368fb92d6c9e6eee7b,-21.823
5e7ef242185a4143814462c9fcf614c0,LIDAR_TOP_RIGHT,2ac5850972e14b09bca7f4dcc5864c51,f8849496a35c4af599b8e598afda166d,6846fd4adda34048b3db1bf87d592090,a93a409d587b47368fb92d6c9e6eee7b,28.278
5e7ef242185a4143814462c9fcf614c0,RADAR_LEFT_BACK,0795d1af80c8484896dbd0ce019724dd,326989c743c948bf86229f525d0deb2d,a93a409d587b47368fb92d6c9e6eee7b,a93a409d587b47368fb92d6c9e6eee7b,3.654
5e7ef242185a4143814462c9fcf614c0,RADAR_LEFT_FRONT,068124e7997d422f93bad465f597aa66,5e6c5afaa842478db6066e9de8dec1ef,a93a409d587b47368fb92d6c9e6eee7b,a93a409d587b47368fb92d6c9e6eee7b,7.322
5e7ef242185a4143814462c9fcf614c0,RADAR_LEFT_SIDE,790ba026116d4562a8d48823cfd4447f,cbecfab3ced24bbeab0a1b1bdd4375a8,a93a409d587b47368fb92d6c9e6eee7b,a93a409d587b47368fb92d6c9e6eee7b,7.439
5e7ef242185a4143814462c9fcf614c0,RADAR_RIGHT_BACK,d32a0c75ca524b54ab5e7cc3bd7d5c29,f2c73d43e0994ee8a16f930860856c0e,a93a409d587b47368fb92d6c9e6eee7b,a93a409d587b47368fb92d6c9e6eee7b,3.86
5e7ef242185a4143814462c9fcf614c0,RADAR_RIGHT_FRONT,9bcd5f04b51f4fdeb7af93e2f4a0623b,3126c35b164c459d85e0a0555ccba628,a93a409d587b47368fb92d6c9e6eee7b,a93a409d587b47368fb92d6c9e6eee7b,3.756
5e7ef242185a4143814462c9fcf614c0,RADAR_RIGHT_SIDE,d7ab5ace2a0e41e9a45801655e09a306,8bef64c60da74778a5b9ef975c97edb7,a93a409d587b47368fb92d6c9e6eee7b,a93a409d587b47368fb92d6c9e6eee7b,3.653
58813f71db1447779ee3edc3fced1b68,LIDAR_LEFT,56d08d5d1795488d897d272330836df2,2e6c7b7b7ceb4f69be01f9006cedf58f,5d4bcf2e8817411ea6326749c884ff13,d9597eb65a534d79ade208ee606138ad,-10.653
58813f71db1447779ee3edc3fced1b68,LIDAR_REAR,679cf18dde684516b726c4593df69ac5,7198b581279c431bad450deaf7669f87,7180f540086044b583109000dab3b455,d9597eb65a534d79ade208ee606138ad,-47.737
58813f71db1447779ee3edc3fced1b68,LIDAR_RIGHT,4a0c2d5ebfe04e3c8a6b92a02cce5999,aefabf5dd96744beb296b9881d60ff8b,4161b54e1719459a999652d67ca26200,d9597eb65a534d79ade208ee606138ad,14.421
58813f71db1447779ee3edc3fced1b68,LIDAR_TOP_FRONT,07591a4b3e6049fa852fc8ce49fc16bf,f994daad50a14ac49f1468d66eb8db62,d9597eb65a534d79ade208ee606138ad,d9597eb65a534d79ade208ee606138ad,2.958
58813f71db1447779ee3edc3fced1b68,LIDAR_TOP_LEFT,ff55a0a2097741d4bb0e096af8d10ac8,373fca46a765439794d1ecbb5839a161,cfb2fe2faeca467a864ad054bab924c8,d9597eb65a534d79ade208ee606138ad,-21.786
58813f71db1447779ee3edc3fced1b68,LIDAR_TOP_RIGHT,7a75325f90b34c389071f61b6326d2fd,f8849496a35c4af599b8e598afda166d,c5c5c2aba84a410291742ff5c5e662cd,d9597eb65a534d79ade208ee606138ad,28.197
58813f71db1447779ee3edc3fced1b68,RADAR_LEFT_BACK,490bcfeab1914eb5a576642e48e03623,326989c743c948bf86229f525d0deb2d,d9597eb65a534d79ade208ee606138ad,d9597eb65a534d79ade208ee606138ad,5.554
58813f71db1447779ee3edc3fced1b68,RADAR_LEFT_FRONT,7642b54da5a7438b954e73749cf0cb6a,5e6c5afaa842478db6066e9de8dec1ef,d9597eb65a534d79ade208ee606138ad,d9597eb65a534d79ade208ee606138ad,4.126
58813f71db1447779ee3edc3fced1b68,RADAR_LEFT_SIDE,cc8de2a2ca284de281bc322aa12ccb5a,cbecfab3ced24bbeab0a1b1bdd4375a8,d9597eb65a534d79ade208ee606138ad,d9597eb65a534d79ade208ee606138ad,4.25
58813f71db1447779ee3edc3fced1b68,RADAR_RIGHT_BACK,96473bcfd02746b49cfdb8d6c9454ed6,f2c73d43e0994ee8a16f930860856c0e,d9597eb65a534d79ade208ee606138ad,d9597eb65a534d79ade208ee606138ad,5.802
58813f71db1447779ee3edc3fced1b68,RADAR_RIGHT_FRONT,61b36aa6c3904900b0a00df1a155ecce,3126c35b164c459d85e0a0555ccba628,d9597eb65a534d79ade208ee606138ad,d9597eb65a534d79ade208ee606138ad,5.748
58813f71db1447779ee3edc3fced1b68,RADAR_RIGHT_SIDE,451eeb40b8da43cba106cf2eafe99ff7,8bef64c60da74778a5b9ef975c97edb7,d9597eb65a534d79ade208ee606138ad,d9597eb65a534d79ade208ee606138ad,5.639
8fead37877da4451b2cb3fc28c0a2df9,LIDAR_LEFT,a8be3a69b7de4fbaabc71bfd2104017e,2e6c7b7b7ceb4f69be01f9006cedf58f,d89cdb4084e64a7fbfd2dccf5efe2bce,62990f72503a4d6bb15a9a4d251a335d,-10.653
8fead37877da4451b2cb3fc28c0a2df9,LIDAR_REAR,3dfdac366abc4dc2ac4374e9fbf7cdeb,7198b581279c431bad450deaf7669f87,1e1138e0b5554469bfb1f51acede6b9e,62990f72503a4d6bb15a9a4d251a335d,-48.214
8fead37877da4451b2cb3fc28c0a2df9,LIDAR_RIGHT,a42bc3fff8f04ebcbbe31cbec34bd914,aefabf5dd96744beb296b9881d60ff8b,978e221e87f44aa498f0d4a3e677c4e7,62990f72503a4d6bb15a9a4d251a335d,14.482
8fead37877da4451b2cb3fc28c0a2df9,LIDAR_TOP_FRONT,e353455967694b51b62149ab2932c62e,f994daad50a14ac49f1468d66eb8db62,62990f72503a4d6bb15a9a4d251a335d,62990f72503a4d6bb15a9a4d251a335d,2.642
8fead37877da4451b2cb3fc28c0a2df9,LIDAR_TOP_LEFT,45d2e6c1ab5f4f9baf2af9ac8f448596,373fca46a765439794d1ecbb5839a161,fec33caf28744ad89845f29459b3e239,62990f72503a4d6bb15a9a4d251a335d,-22.06
8fead37877da4451b2cb3fc28c0a2df9,LIDAR_TOP_RIGHT,2e4c132637d14c02bd01f84f373d19ed,f8849496a35c4af599b8e598afda166d,628877dda941481abde3459dfaffa52c,62990f72503a4d6bb15a9a4d251a335d,27.854
8fead37877da4451b2cb3fc28c0a2df9,RADAR_LEFT_BACK,0259e922c8ec43c68676ad50e9ec7fea,326989c743c948bf86229f525d0deb2d,62990f72503a4d6bb15a9a4d251a335d,62990f72503a4d6bb15a9a4d251a335d,6.771
8fead37877da4451b2cb3fc28c0a2df9,RADAR_LEFT_FRONT,32b37a8fb1b7472eb81ffe99f235e174,5e6c5afaa842478db6066e9de8dec1ef,62990f72503a4d6bb15a9a4d251a335d,62990f72503a4d6bb15a9a4d251a335d,5.003
8fead37877da4451b2cb3fc28c0a2df9,RADAR_LEFT_SIDE,29430c691ab240c6889f22c063baff53,cbecfab3ced24bbeab0a1b1bdd4375a8,62990f72503a4d6bb15a9a4d251a335d,62990f72503a4d6bb15a9a4d251a335d,5.125
8fead37877da4451b2cb3fc28c0a2df9,RADAR_RIGHT_BACK,18b7d530c7c24dab809a7c5090351230,f2c73d43e0994ee8a16f930860856c0e,62990f72503a4d6bb15a9a4d251a335d,62990f72503a4d6bb15a9a4d251a335d,7.052
8fead37877da4451b2cb3fc28c0a2df9,RADAR_RIGHT_FRONT,5d39fc4816404ecb876e74c6847578e9,3126c35b164c459d85e0a0555ccba628,62990f72503a4d6bb15a9a4d251a335d,62990f72503a4d6bb15a9a4d251a335d,6.943
8fead37877da4451b2cb3fc28c0a2df9,RADAR_RIGHT_SIDE,b10170e01b2d4abba153e15c7f649fa5,8bef64c60da74778a5b9ef975c97edb7,62990f72503a4d6bb15a9a4d251a335d,62990f72503a4d6bb15a9a4d251a335d,6.849
6eaa78ca11614526ae026ae75686c69e,LIDAR_LEFT,fcebda65a9fd4ef3b6b85127659d52ff,2e6c7b7b7ceb4f69be01f9006cedf58f,698f135b676840379de0a5aad86a2223,db93d2bd07a040b6b6882e7382f0abb9,-10.641
6eaa78ca11614526ae026ae75686c69e,LIDAR_REAR,1e340881f6d4456c8fcccfc327deebf0,7198b581279c431bad450deaf7669f87,e3cd69c8d41f4bdabdf90e9e34fd33b1,db93d2bd07a040b6b6882e7382f0abb9,-47.979
6eaa78ca11614526ae026ae75686c69e,LIDAR_RIGHT,59df9947fcbf4ac29c5fded7f1b7bfed,aefabf5dd96744beb296b9881d60ff8b,b28ad207d8d74d8a9af63425121d537e,db93d2bd07a040b6b6882e7382f0abb9,14.146
6eaa78ca11614526ae026ae75686c69e,LIDAR_TOP_FRONT,50db9e5212f74b35ae149aae4c5dea21,f994daad50a14ac49f1468d66eb8db62,db93d2bd07a040b6b6882e7382f0abb9,db93d2bd07a040b6b6882e7382f0abb9,2.601
6eaa78ca11614526ae026ae75686c69e,LIDAR_TOP_LEFT,902716c7a65f4db69283107ce295e9b3,373fca46a765439794d1ecbb5839a161,f3995d86483a4a6998594ca924a4b960,db93d2bd07a040b6b6882e7382f0abb9,-22.473
6eaa78ca11614526ae026ae75686c69e,LIDAR_TOP_RIGHT,0ab640b5e47544f08fbd1c4b627f34c4,f8849496a35c4af599b8e598afda166d,f61f402ace6446a0b1ce2519856e8fc4,db93d2bd07a040b6b6882e7382f0abb9,27.924
6eaa78ca11614526ae026ae75686c69e,RADAR_LEFT_BACK,f0f25c9d394c4e36b621b5005d1817f5,326989c743c948bf86229f525d0deb2d,db93d2bd07a040b6b6882e7382f0abb9,db93d2bd07a040b6b6882e7382f0abb9,3.574
6eaa78ca11614526ae026ae75686c69e,RADAR_LEFT_FRONT,2c0ae2ebd6c1406f9c49dfb4c0c66022,5e6c5afaa842478db6066e9de8dec1ef,db93d2bd07a040b6b6882e7382f0abb9,db93d2bd07a040b6b6882e7382f0abb9,6.626
6eaa78ca11614526ae026ae75686c69e,RADAR_LEFT_SIDE,ec4e8494571f47c99753bd1b9a200dc5,cbecfab3ced24bbeab0a1b1bdd4375a8,db93d2bd07a040b6b6882e7382f0abb9,db93d2bd07a040b6b6882e7382f0abb9,6.697
6eaa78ca11614526ae026ae75686c69e,RADAR_RIGHT_BACK,67d5c1760e474eda810384785f73ae44,f2c73d43e0994ee8a16f930860856c0e,db93d2bd07a040b6b6882e7382f0abb9,db93d2bd07a040b6b6882e7382f0abb9,3.802
6eaa78ca11614526ae026ae75686c69e,RADAR_RIGHT_FRONT,b3ea3636e6374f73bc54880a25845abf,3126c35b164c459d85e0a0555ccba628,e3cd69c8d41f4bdabdf90e9e34fd33b1,db93d2bd07a040b6b6882e7382f0abb9,-43.393
6eaa78ca11614526ae026ae75686c69e,RADAR_RIGHT_SIDE,a744887bf07846e19d68f9fdfe6073b2,8bef64c60da74778a5b9ef975c97edb7,db93d2bd07a040b6b6882e7382f0abb9,db93d2bd07a040b6b6882e7382f0abb9,3.632
dc80f86d4864439d98edf0612e4892dc,LIDAR_LEFT,d0084040e23845f89513b14bd1f7fbd1,2e6c7b7b7ceb4f69be01f9006cedf58f,59cafbc3ab34473b9504516fe448cbf8,a625c9e2ca8543728ae7b7fbc678cc76,-10.64
dc80f86d4864439d98edf0612e4892dc,LIDAR_REAR,5f46c68aa1214c638927f13857b57316,7198b581279c431bad450deaf7669f87,d856a032e99544569f49f190ef5d3b40,a625c9e2ca8543728ae7b7fbc678cc76,-47.718
dc80f86d4864439d98edf0612e4892dc,LIDAR_RIGHT,2a1b85684e99444790ca57370eee2471,aefabf5dd96744beb296b9881d60ff8b,fcff3e8b3a514498b67e63e1a8802771,a625c9e2ca8543728ae7b7fbc678cc76,14.414
dc80f86d4864439d98edf0612e4892dc,LIDAR_TOP_FRONT,a19ebb3fb5a8438c8595e21c13a85ad2,f994daad50a14ac49f1468d66eb8db62,a625c9e2ca8543728ae7b7fbc678cc76,a625c9e2ca8543728ae7b7fbc678cc76,2.795
dc80f86d4864439d98edf0612e4892dc,LIDAR_TOP_LEFT,8d2ac8d5cda64284860b19d64c7d3334,373fca46a765439794d1ecbb5839a161,a1351bfb46eb4acaa56ad2b2dfa666a7,a625c9e2ca8543728ae7b7fbc678cc76,-22.109
dc80f86d4864439d98edf0612e4892dc,LIDAR_TOP_RIGHT,ac1707136ec54bc58039fd0b18ffc11d,f8849496a35c4af599b8e598afda166d,ad96e1d995b549cfa57bb595339eecc9,a625c9e2ca8543728ae7b7fbc678cc76,28.315
dc80f86d4864439d98edf0612e4892dc,RADAR_LEFT_BACK,64c818addd5a400b9215dfeb3d36b187,326989c743c948bf86229f525d0deb2d,a625c9e2ca8543728ae7b7fbc678cc76,a625c9e2ca8543728ae7b7fbc678cc76,5.222
dc80f86d4864439d98edf0612e4892dc,RADAR_LEFT_FRONT,fe7b01598c37417eaf6e4458fd0dc7a9,5e6c5afaa842478db6066e9de8dec1ef,a625c9e2ca8543728ae7b7fbc678cc76,a625c9e2ca8543728ae7b7fbc678cc76,4.209
dc80f86d4864439d98edf0612e4892dc,RADAR_LEFT_SIDE,6362ab18593f49bbb71e66f2a5730901,cbecfab3ced24bbeab0a1b1bdd4375a8,a625c9e2ca8543728ae7b7fbc678cc76,a625c9e2ca8543728ae7b7fbc678cc76,4.281
dc80f86d4864439d98edf0612e4892dc,RADAR_RIGHT_BACK,2752eec5f73e4484b70e61623edb8b99,f2c73d43e0994ee8a16f930860856c0e,a625c9e2ca8543728ae7b7fbc678cc76,a625c9e2ca8543728ae7b7fbc678cc76,5.438
dc80f86d4864439d98edf0612e4892dc,RADAR_RIGHT_FRONT,e494448ce7fa4d7bb84d0b49e77a6bb6,3126c35b164c459d85e0a0555ccba628,a625c9e2ca8543728ae7b7fbc678cc76,a625c9e2ca8543728ae7b7fbc678cc76,5.331
dc80f86d4864439d98edf0612e4892dc,RADAR_RIGHT_SIDE,dee75912781346efa798f89fc630313e,8bef64c60da74778a5b9ef975c97edb7,a625c9e2ca8543728ae7b7fbc678cc76,a625c9e2ca8543728ae7b7fbc678cc76,5.274
4d89463ec72c4a1a81f6d023b979b265,LIDAR_LEFT,c3d6365009d3453baed9732f8a50dfa8,2e6c7b7b7ceb4f69be01f9006cedf58f,480e146288784d6c82d035c54bcc87db,d314092e01624fb4ade8fc470ff66e78,-10.655
4d89463ec72c4a1a81f6d023b979b265,LIDAR_REAR,3b6ddd21cdb64e058e0cc455310d597b,7198b581279c431bad450deaf7669f87,267404194486442b92c09b221a679838,d314092e01624fb4ade8fc470ff66e78,-47.83
4d89463ec72c4a1a81f6d023b979b265,LIDAR_RIGHT,a6edc11cbe564ab4be637174b290e63d,aefabf5dd96744beb296b9881d60ff8b,1b9b6a43c8324dd58f219c85cdd8e7be,d314092e01624fb4ade8fc470ff66e78,14.773
4d89463ec72c4a1a81f6d023b979b265,LIDAR_TOP_FRONT,18314a5d4b78414c8ebe0b05d3a6937b,f994daad50a14ac49f1468d66eb8db62,d314092e01624fb4ade8fc470ff66e78,d314092e01624fb4ade8fc470ff66e78,2.858
4d89463ec72c4a1a81f6d023b979b265,LIDAR_TOP_LEFT,325b1e141dc943e59c7933d0f2d92374,373fca46a765439794d1ecbb5839a161,3088d876eacd402694a51a16079f7056,d314092e01624fb4ade8fc470ff66e78,-22.221
4d89463ec72c4a1a81f6d023b979b265,LIDAR_TOP_RIGHT,ef8a484f7b634591a5f7c3c8fc1f849c,f8849496a35c4af599b8e598afda166d,606709aedfd7421191807195624552ea,d314092e01624fb4ade8fc470ff66e78,28.431
4d89463ec72c4a1a81f6d023b979b265,RADAR_LEFT_BACK,1b016655656149d799d547a2eeafaa51,326989c743c948bf86229f525d0deb2d,d314092e01624fb4ade8fc470ff66e78,d314092e01624fb4ade8fc470ff66e78,6.762
4d89463ec72c4a1a81f6d023b979b265,RADAR_LEFT_FRONT,d365287cc0fa4f77b3f778f4ce23b0a6,5e6c5afaa842478db6066e9de8dec1ef,d314092e01624fb4ade8fc470ff66e78,d314092e01624fb4ade8fc470ff66e78,5.13
4d89463ec72c4a1a81f6d023b979b265,RADAR_LEFT_SIDE,7a6ab2f630214be5898f0dcdace5070b,cbecfab3ced24bbeab0a1b1bdd4375a8,d314092e01624fb4ade8fc470ff66e78,d314092e01624fb4ade8fc470ff66e78,5.26
4d89463ec72c4a1a81f6d023b979b265,RADAR_RIGHT_BACK,88912bd9586c4d5aba5e1cf83c394a1c,f2c73d43e0994ee8a16f930860856c0e,d314092e01624fb4ade8fc470ff66e78,d314092e01624fb4ade8fc470ff66e78,6.968
4d89463ec72c4a1a81f6d023b979b265,RADAR_RIGHT_FRONT,80e89f5185504723b79ad3bec1882369,3126c35b164c459d85e0a0555ccba628,d314092e01624fb4ade8fc470ff66e78,d314092e01624fb4ade8fc470ff66e78,6.936
4d89463ec72c4a1a81f6d023b979b265,RADAR_RIGHT_SIDE,1a794f28430e4a1bab9b4c99503b6864,8bef64c60da74778a5b9ef975c97edb7,d314092e01624fb4ade8fc470ff66e78,d314092e01624fb4ade8fc470ff66e78,6.814
5491f8939d344ac58185f2a7c73d86d7,LIDAR_LEFT,0612a938c5e04d0b902ea03ef169b5ab,2e6c7b7b7ceb4f69be01f9006cedf58f,ee1d06b8595c4129940c5ab248cb86dc,ea30268b36f94f979d5eaf840075f674,-10.655
5491f8939d344ac58185f2a7c73d86d7,LIDAR_REAR,28a1ef2cd7a447788e527774d7e837b7,7198b581279c431bad450deaf7669f87,12203057046d4840b3764354051dd6c0,ea30268b36f94f979d5eaf840075f674,-48.312
5491f8939d344ac58185f2a7c73d86d7,LIDAR_RIGHT,c3e88471bbd94ffc871fc6658d4a9421,aefabf5dd96744beb296b9881d60ff8b,18292daa116f4854bc586f06aee296e4,ea30268b36f94f979d5eaf840075f674,14.17
5491f8939d344ac58185f2a7c73d86d7,LIDAR_TOP_FRONT,2ec3f2f5d5d649bcb98c18673bbea617,f994daad50a14ac49f1468d66eb8db62,ea30268b36f94f979d5eaf840075f674,ea30268b36f94f979d5eaf840075f674,2.288
5491f8939d344ac58185f2a7c73d86d7,LIDAR_TOP_LEFT,6e69704c48744e5db317b9f6ea6de420,373fca46a765439794d1ecbb5839a161,6ba95a515e4249c2be86ca073eaf5e64,ea30268b36f94f979d5eaf840075f674,-22.488
5491f8939d344ac58185f2a7c73d86d7,LIDAR_TOP_RIGHT,ca3b60f32e0943c98b47e3ca1ba2efc1,f8849496a35c4af599b8e598afda166d,5b7e2670aa324068a5ae91cb499d487a,ea30268b36f94f979d5eaf840075f674,27.869
5491f8939d344ac58185f2a7c73d86d7,RADAR_LEFT_BACK,465fe81c83d440fea5c722bf53505abd,326989c743c948bf86229f525d0deb2d,ea30268b36f94f979d5eaf840075f674,ea30268b36f94f979d5eaf840075f674,3.619
5491f8939d344ac58185f2a7c73d86d7,RADAR_LEFT_FRONT,5b99632666bd44cebe23110c98d9212a,5e6c5afaa842478db6066e9de8dec1ef,ea30268b36f94f979d5eaf840075f674,ea30268b36f94f979d5eaf840075f674,6.364
5491f8939d344ac58185f2a7c73d86d7,RADAR_LEFT_SIDE,88bd6e49cbf64c3285090f4784360b31,cbecfab3ced24bbeab0a1b1bdd4375a8,ea30268b36f94f979d5eaf840075f674,ea30268b36f94f979d5eaf840075f674,6.448
5491f8939d344ac58185f2a7c73d86d7,RADAR_RIGHT_BACK,9b2c81ee7cde418f82733676a9f64c06,f2c73d43e0994ee8a16f930860856c0e,ea30268b36f94f979d5eaf840075f674,ea30268b36f94f979d5eaf840075f674,3.817
5491f8939d344ac58185f2a7c73d86d7,RADAR_RIGHT_FRONT,d9da6d04d82d454aacff50f7c846509c,3126c35b164c459d85e0a0555ccba628,ea30268b36f94f979d5eaf840075f674,ea30268b36f94f979d5eaf840075f674,3.731
5491f8939d344ac58185f2a7c73d86d7,RADAR_RIGHT_SIDE,673f4e858a8f4b999c84c47b214e766a,8bef64c60da74778a5b9ef975c97edb7,ea30268b36f94f979d5eaf840075f674,ea30268b36f94f979d5eaf840075f674,3.69
a87217a4529f494e9da56915badf6a85,LIDAR_LEFT,9f0f5e92077b4570b4112b0eca83b291,2e6c7b7b7ceb4f69be01f9006cedf58f,3b82d3321f9d43a59b306b96d4f2076c,d08b39b8844447b08cba9649f33b6bb7,-10.639
a87217a4529f494e9da56915badf6a85,LIDAR_REAR,0dbe31ddf8244db484a111ce2e0daf4d,7198b581279c431bad450deaf7669f87,43850e499d2c437588d9432a01670922,d08b39b8844447b08cba9649f33b6bb7,-48.244
a87217a4529f494e9da56915badf6a85,LIDAR_RIGHT,e76530b76035497d94bacd30803e685a,aefabf5dd96744beb296b9881d60ff8b,366e72f792ff4f8abe2ccc006fc33ce1,d08b39b8844447b08cba9649f33b6bb7,13.943
a87217a4529f494e9da56915badf6a85,LIDAR_TOP_FRONT,9d12d555c30c48108e446e6787c0f2cd,f994daad50a14ac49f1468d66eb8db62,d08b39b8844447b08cba9649f33b6bb7,d08b39b8844447b08cba9649f33b6bb7,2.616
a87217a4529f494e9da56915badf6a85,LIDAR_TOP_LEFT,f5cc1c4f9a7d46a88c0c6da7d348595d,373fca46a765439794d1ecbb5839a161,ea7ec4f3419f4623b5ee99e5ad748201,d08b39b8844447b08cba9649f33b6bb7,-22.351
a87217a4529f494e9da56915badf6a85,LIDAR_TOP_RIGHT,13e73bad031246f0ae5f2fee6f16a123,f8849496a35c4af599b8e598afda166d,5b4a797dbec1494b91f267850c9174b3,d08b39b8844447b08cba9649f33b6bb7,28.051
a87217a4529f494e9da56915badf6a85,RADAR_LEFT_BACK,ea3ec8ae316041f2acff930537348df0,326989c743c948bf86229f525d0deb2d,d08b39b8844447b08cba9649f33b6bb7,d08b39b8844447b08cba9649f33b6bb7,4.596
a87217a4529f494e9da56915badf6a85,RADAR_LEFT_FRONT,9d92c189a9024207a15763a26da13159,5e6c5afaa842478db6066e9de8dec1ef,d08b39b8844447b08cba9649f33b6bb7,d08b39b8844447b08cba9649f33b6bb7,3.408
a87217a4529f494e9da56915badf6a85,RADAR_LEFT_SIDE,b5da4b0051b344d99c36150bf66221e5,cbecfab3ced24bbeab0a1b1bdd4375a8,d08b39b8844447b08cba9649f33b6bb7,d08b39b8844447b08cba9649f33b6bb7,3.513
a87217a4529f494e9da56915badf6a85,RADAR_RIGHT_BACK,3a2164ec835c4c75844cf2d81a7ffd36,f2c73d43e0994ee8a16f930860856c0e,d08b39b8844447b08cba9649f33b6bb7,d08b39b8844447b08cba9649f33b6bb7,4.832
a87217a4529f494e9da56915badf6a85,RADAR_RIGHT_FRONT,fc4f592157a64f90b7c4b0e4ab23fd61,3126c35b164c459d85e0a0555ccba628,d08b39b8844447b08cba9649f33b6bb7,d08b39b8844447b08cba9649f33b6bb7,4.687
a87217a4529f494e9da56915badf6a85,RADAR_RIGHT_SIDE,0e6c2d0a01784b3593b382a6cd2ac256,8bef64c60da74778a5b9ef975c97edb7,d08b39b8844447b08cba9649f33b6bb7,d08b39b8844447b08cba9649f33b6bb7,4.671
18049a9e579045b0bffd3fd107fc7ee7,LIDAR_LEFT,4184699ad60342f5ab078f6664fa20bf,2e6c7b7b7ceb4f69be01f9006cedf58f,f1b9691cb53d4922956e6586581774e1,65aa05ed12064f1dadc7383b480ddb08,-10.635
18049a9e579045b0bffd3fd107fc7ee7,LIDAR_REAR,56829998ffc64be49323aad30eb84c90,7198b581279c431bad450deaf7669f87,f8eb4ef163754cecba0800bbb9d76ff3,65aa05ed12064f1dadc7383b480ddb08,-47.856
18049a9e579045b0bffd3fd107fc7ee7,LIDAR_RIGHT,84345dbd2dfc4ba78e2d242f0f853653,aefabf5dd96744beb296b9881d60ff8b,a977152fe7f54cd1a89bf19981b6cebd,65aa05ed12064f1dadc7383b480ddb08,14.521
18049a9e579045b0bffd3fd107fc7ee7,LIDAR_TOP_FRONT,2fa98906f5a746f0bb3db5d5d079a870,f994daad50a14ac49f1468d66eb8db62,65aa05ed12064f1dadc7383b480ddb08,65aa05ed12064f1dadc7383b480ddb08,3.049
18049a9e579045b0bffd3fd107fc7ee7,LIDAR_TOP_LEFT,6f52b8f410404a91a447e827e193d8d8,373fca46a765439794d1ecbb5839a161,393055c9813a4f00b784a7ee35b64b8b,65aa05ed12064f1dadc7383b480ddb08,-21.858
18049a9e579045b0bffd3fd107fc7ee7,LIDAR_TOP_RIGHT,d0a8a07fcd2a47f2b1a01640d4cd3bd5,f8849496a35c4af599b8e598afda166d,b251c1ca6a894a3494202ed48df69b90,65aa05ed12064f1dadc7383b480ddb08,28.468
18049a9e579045b0bffd3fd107fc7ee7,RADAR_LEFT_BACK,4f69b5e7336745788e4f9bad13c8402d,326989c743c948bf86229f525d0deb2d,65aa05ed12064f1dadc7383b480ddb08,65aa05ed12064f1dadc7383b480ddb08,6.633
18049a9e579045b0bffd3fd107fc7ee7,RADAR_LEFT_FRONT,e201eedf27b54fb682a69e8e5ef6dacf,5e6c5afaa842478db6066e9de8dec1ef,65aa05ed12064f1dadc7383b480ddb08,65aa05ed12064f1dadc7383b480ddb08,5.61
18049a9e579045b0bffd3fd107fc7ee7,RADAR_LEFT_SIDE,47c16f1e9c4a4eebb039a70f2a3b0c66,cbecfab3ced24bbeab0a1b1bdd4375a8,65aa05ed12064f1dadc7383b480ddb08,65aa05ed12064f1dadc7383b480ddb08,5.773
18049a9e579045b0bffd3fd107fc7ee7,RADAR_RIGHT_BACK,35c0a1d4a96a4b9b9930c012484d3c3a,f2c73d43e0994ee8a16f930860856c0e,65aa05ed12064f1dadc7383b480ddb08,65aa05ed12064f1dadc7383b480ddb08,6.883
18049a9e579045b0bffd3fd107fc7ee7,RADAR_RIGHT_FRONT,8a29cfc13b404caeb5f48b0843df541b,3126c35b164c459d85e0a0555ccba628,65aa05ed12064f1dadc7383b480ddb08,65aa05ed12064f1dadc7383b480ddb08,6.835
18049a9e579045b0bffd3fd107fc7ee7,RADAR_RIGHT_SIDE,72220498cb9f4c40abb32fe54070e298,8bef64c60da74778a5b9ef975c97edb7,65aa05ed12064f1dadc7383b480ddb08,65aa05ed12064f1dadc7383b480ddb08,6.742
eb1934dd31474c05868325b6c31fc2df,LIDAR_LEFT,98542a5b11bf475bac0f0ac11def77c7,2e6c7b7b7ceb4f69be01f9006cedf58f,cfae6851a0ba4b21aad94ff54181447b,aad1c2039d2d4e0c89a0c564968f382b,-10.636
eb1934dd31474c05868325b6c31fc2df,LIDAR_REAR,b9e51490d44a45a0b2807623d8fca1db,7198b581279c431bad450deaf7669f87,f825d0ad5932481a98dd21f4926226bd,aad1c2039d2d4e0c89a0c564968f382b,-47.359
eb1934dd31474c05868325b6c31fc2df,LIDAR_RIGHT,3efde678795346bba0cbf19593f1ab73,aefabf5dd96744beb296b9881d60ff8b,723c18f394fc476db4363392aaab84e7,aad1c2039d2d4e0c89a0c564968f382b,15.369
eb1934dd31474c05868325b6c31fc2df,LIDAR_TOP_FRONT,57588d93e78049eab7f1e8f3e589c12f,f994daad50a14ac49f1468d66eb8db62,aad1c2039d2d4e0c89a0c564968f382b,aad1c2039d2d4e0c89a0c564968f382b,3.534
eb1934dd31474c05868325b6c31fc2df,LIDAR_TOP_LEFT,5575903969db43e2be67fbf801e1474f,373fca46a765439794d1ecbb5839a161,674e12806ba44029976fbd64c35c9f05,aad1c2039d2d4e0c89a0c564968f382b,-21.087
eb1934dd31474c05868325b6c31fc2df,LIDAR_TOP_RIGHT,3e2c5003e67848f080d766787f405192,f8849496a35c4af599b8e598afda166d,889afa3ff86f440a859fe5a6dd4d6765,aad1c2039d2d4e0c89a0c564968f382b,28.632
eb1934dd31474c05868325b6c31fc2df,RADAR_LEFT_BACK,01ee499cb6a149368766980fe65d45cc,326989c743c948bf86229f525d0deb2d,aad1c2039d2d4e0c89a0c564968f382b,aad1c2039d2d4e0c89a0c564968f382b,4.174
eb1934dd31474c05868325b6c31fc2df,RADAR_LEFT_FRONT,7cdcb33b903c47afa1076df42dbbc2e3,5e6c5afaa842478db6066e9de8dec1ef,aad1c2039d2d4e0c89a0c564968f382b,aad1c2039d2d4e0c89a0c564968f382b,6.97
eb1934dd31474c05868325b6c31fc2df,RADAR_LEFT_SIDE,892cb193a8f6413d9e5b0b81d2b1c147,cbecfab3ced24bbeab0a1b1bdd4375a8,aad1c2039d2d4e0c89a0c564968f382b,aad1c2039d2d4e0c89a0c564968f382b,7.055
eb1934dd31474c05868325b6c31fc2df,RADAR_RIGHT_BACK,7f798a9d5d614bf7be02a0c121db2553,f2c73d43e0994ee8a16f930860856c0e,aad1c2039d2d4e0c89a0c564968f382b,aad1c2039d2d4e0c89a0c564968f382b,4.407
eb1934dd31474c05868325b6c31fc2df,RADAR_RIGHT_FRONT,8cf819dd4c9d493dbe9364766ed288a6,3126c35b164c459d85e0a0555ccba628,aad1c2039d2d4e0c89a0c564968f382b,aad1c2039d2d4e0c89a0c564968f382b,4.312
eb1934dd31474c05868325b6c31fc2df,RADAR_RIGHT_SIDE,d7ea7ea8596744579f0e8cece0bdc65f,8bef64c60da74778a5b9ef975c97edb7,aad1c2039d2d4e0c89a0c564968f382b,aad1c2039d2d4e0c89a0c564968f382b,4.296
1e4312d50f3f432e95142cfe773af936,LIDAR_LEFT,4ef9aad588334b678e2a9d2bb7e8314f,2e6c7b7b7ceb4f69be01f9006cedf58f,63c263426c754db491997bb6e792a0ac,af56f407e0294160b9bf5611f1bb82e9,-10.662
1e4312d50f3f432e95142cfe773af936,LIDAR_REAR,7691b3cc77474215a4a654bde68677e1,7198b581279c431bad450deaf7669f87,f07e59cd95114153857c443cfc68c521,af56f407e0294160b9bf5611f1bb82e9,-47.448
1e4312d50f3f432e95142cfe773af936,LIDAR_RIGHT,2e17e5dfc79145a3ad26c5429bb79a4d,aefabf5dd96744beb296b9881d60ff8b,1086960910c642f788d99ee5982d552f,af56f407e0294160b9bf5611f1bb82e9,14.751
1e4312d50f3f432e95142cfe773af936,LIDAR_TOP_FRONT,568ccdc86ed04f959966b6941efc05f1,f994daad50a14ac49f1468d66eb8db62,af56f407e0294160b9bf5611f1bb82e9,af56f407e0294160b9bf5611f1bb82e9,3.459
1e4312d50f3f432e95142cfe773af936,LIDAR_TOP_LEFT,1fbc2bd95f0c4e8dbe000c80106fcda1,373fca46a765439794d1ecbb5839a161,dac5b82593674f31934c72dd438af230,af56f407e0294160b9bf5611f1bb82e9,-21.142
1e4312d50f3f432e95142cfe773af936,LIDAR_TOP_RIGHT,57efcd02fabd4ae1a28ee3c364ca8f51,f8849496a35c4af599b8e598afda166d,df7db7b5fe8344fa8a365f7eaf804546,af56f407e0294160b9bf5611f1bb82e9,28.435
1e4312d50f3f432e95142cfe773af936,RADAR_LEFT_BACK,e45df09d9d494ed3a2438d05592858a5,326989c743c948bf86229f525d0deb2d,af56f407e0294160b9bf5611f1bb82e9,af56f407e0294160b9bf5611f1bb82e9,5.849
1e4312d50f3f432e95142cfe773af936,RADAR_LEFT_FRONT,3870bd512bad4a10a0e112deea20d6ca,5e6c5afaa842478db6066e9de8dec1ef,af56f407e0294160b9bf5611f1bb82e9,af56f407e0294160b9bf5611f1bb82e9,4.923
1e4312d50f3f432e95142cfe773af936,RADAR_LEFT_SIDE,c1d605fd38ac4e368ad89166d471ea33,cbecfab3ced24bbeab0a1b1bdd4375a8,af56f407e0294160b9bf5611f1bb82e9,af56f407e0294160b9bf5611f1bb82e9,4.988
1e4312d50f3f432e95142cfe773af936,RADAR_RIGHT_BACK,2e1cbead74f243ad8e0c01fa7eae718d,f2c73d43e0994ee8a16f930860856c0e,af56f407e0294160b9bf5611f1bb82e9,af56f407e0294160b9bf5611f1bb82e9,6.013
1e4312d50f3f432e95142cfe773af936,RADAR_RIGHT_FRONT,ee113c21d5f54d26a3926daa2aa0271e,3126c35b164c459d85e0a0555ccba628,af56f407e0294160b9bf5611f1bb82e9,af56f407e0294160b9bf5611f1bb82e9,5.984
1e4312d50f3f432e95142cfe773af936,RADAR_RIGHT_SIDE,3d1e818bc31f451c93458c0a0018e3d2,8bef64c60da74778a5b9ef975c97edb7,af56f407e0294160b9bf5611f1bb82e9,af56f407e0294160b9bf5611f1bb82e9,5.87
890b47ea4045423a9b0ca56f584c1aee,LIDAR_LEFT,d2fa0ca4b13d446f87f4d01395d06918,2e6c7b7b7ceb4f69be01f9006cedf58f,f7bcd746dd68479dba496b2352b7659e,fcfd973be0604101beb700ebc157a2dd,-10.661
890b47ea4045423a9b0ca56f584c1aee,LIDAR_REAR,416ae2a6cde84ff8ac8d58399f410452,7198b581279c431bad450deaf7669f87,765af27d491247a687cf75543afe5f30,fcfd973be0604101beb700ebc157a2dd,-48.225
890b47ea4045423a9b0ca56f584c1aee,LIDAR_RIGHT,e94b9a7324f542259a352f2026d83f3c,aefabf5dd96744beb296b9881d60ff8b,4f8d3044debd4a01986432868c00b25c,fcfd973be0604101beb700ebc157a2dd,13.182
890b47ea4045423a9b0ca56f584c1aee,LIDAR_TOP_FRONT,91161294cdc14fd7937673e2eb86070b,f994daad50a14ac49f1468d66eb8db62,fcfd973be0604101beb700ebc157a2dd,fcfd973be0604101beb700ebc157a2dd,2.81
890b47ea4045423a9b0ca56f584c1aee,LIDAR_TOP_LEFT,af081422b0ed4b22aacd2595ccfe53ce,373fca46a765439794d1ecbb5839a161,1e917372902e49d68dabcc68d2b43376,fcfd973be0604101beb700ebc157a2dd,-21.938
890b47ea4045423a9b0ca56f584c1aee,LIDAR_TOP_RIGHT,24ad8f27d3824cbf83b3d2bf6a849ad1,f8849496a35c4af599b8e598afda166d,f18526f75ffc4a5ab8334a17f8f0c7d1,fcfd973be0604101beb700ebc157a2dd,27.599
890b47ea4045423a9b0ca56f584c1aee,RADAR_LEFT_BACK,6294fba4dca64fb7923b77ee9a8b3754,326989c743c948bf86229f525d0deb2d,fcfd973be0604101beb700ebc157a2dd,fcfd973be0604101beb700ebc157a2dd,5.87
890b47ea4045423a9b0ca56f584c1aee,RADAR_LEFT_FRONT,3d70312092ee498482eeb76f387c4e5c,5e6c5afaa842478db6066e9de8dec1ef,fcfd973be0604101beb700ebc157a2dd,fcfd973be0604101beb700ebc157a2dd,4.751
890b47ea4045423a9b0ca56f584c1aee,RADAR_LEFT_SIDE,1e9520f0297946cb9caf60806b0e60f6,cbecfab3ced24bbeab0a1b1bdd4375a8,fcfd973be0604101beb700ebc157a2dd,fcfd973be0604101beb700ebc157a2dd,4.834
890b47ea4045423a9b0ca56f584c1aee,RADAR_RIGHT_BACK,74bb835a56644fc198b8d6159af2de19,f2c73d43e0994ee8a16f930860856c0e,fcfd973be0604101beb700ebc157a2dd,fcfd973be0604101beb700ebc157a2dd,6.118
890b47ea4045423a9b0ca56f584c1aee,RADAR_RIGHT_FRONT,41570497bcde456fa93d38fe0ec4fef2,3126c35b164c459d85e0a0555ccba628,fcfd973be0604101beb700ebc157a2dd,fcfd973be0604101beb700ebc157a2dd,6.062
890b47ea4045423a9b0ca56f584c1aee,RADAR_RIGHT_SIDE,91c3b536d616482583ffa199e1ed4d5f,8bef64c60da74778a5b9ef975c97edb7,fcfd973be0604101beb700ebc157a2dd,fcfd973be0604101beb700ebc157a2dd,5.976
960323dc7d534ab5aa9280808a29f280,LIDAR_LEFT,b4a2f34a1e834585831912d4752f2d98,2e6c7b7b7ceb4f69be01f9006cedf58f,8239f5eb9676420cbc6200ec3d986ea4,bdb7066be30c48dbb13e78204fefe41a,-10.652
960323dc7d534ab5aa9280808a29f280,LIDAR_REAR,e7944222bd51489aab7d317d32ad56bd,7198b581279c431bad450deaf7669f87,a2e58998f8e64774818dbcd8c036a054,bdb7066be30c48dbb13e78204fefe41a,-48.713
960323dc7d534ab5aa9280808a29f280,LIDAR_RIGHT,d40a28fd5c044bb28b5c4fc275998eba,aefabf5dd96744beb296b9881d60ff8b,8c82a1a96ae94d4581765105dc09c328,bdb7066be30c48dbb13e78204fefe41a,12.868
960323dc7d534ab5aa9280808a29f280,LIDAR_TOP_FRONT,02a636726c144d878ba08c4d09969d5e,f994daad50a14ac49f1468d66eb8db62,bdb7066be30c48dbb13e78204fefe41a,bdb7066be30c48dbb13e78204fefe41a,2.557
960323dc7d534ab5aa9280808a29f280,LIDAR_TOP_LEFT,c71b13f0cedb4f1391ef7db698818dee,373fca46a765439794d1ecbb5839a161,f919054d07334b1389e85e185a343660,bdb7066be30c48dbb13e78204fefe41a,-22.28
960323dc7d534ab5aa9280808a29f280,LIDAR_TOP_RIGHT,f32ffacc25b54052a71476cd4e7e55db,f8849496a35c4af599b8e598afda166d,ce07aaec1de2426bb21ee264ad336626,bdb7066be30c48dbb13e78204fefe41a,27.916
960323dc7d534ab5aa9280808a29f280,RADAR_LEFT_BACK,f70c4aad942d4719b68b3f74e2fe7a6d,326989c743c948bf86229f525d0deb2d,bdb7066be30c48dbb13e78204fefe41a,bdb7066be30c48dbb13e78204fefe41a,3.699
960323dc7d534ab5aa9280808a29f280,RADAR_LEFT_FRONT,353d3ab11c514d0ea7908c62b69336d0,5e6c5afaa842478db6066e9de8dec1ef,bdb7066be30c48dbb13e78204fefe41a,bdb7066be30c48dbb13e78204fefe41a,7.026
960323dc7d534ab5aa9280808a29f280,RADAR_LEFT_SIDE,e7267f5485934c519cbdf522bd315635,cbecfab3ced24bbeab0a1b1bdd4375a8,bdb7066be30c48dbb13e78204fefe41a,bdb7066be30c48dbb13e78204fefe41a,7.091
960323dc7d534ab5aa9280808a29f280,RADAR_RIGHT_BACK,b3d7e6694c594d41b589e149a8d69a56,f2c73d43e0994ee8a16f930860856c0e,bdb7066be30c48dbb13e78204fefe41a,bdb7066be30c48dbb13e78204fefe41a,3.885
960323dc7d534ab5aa9280808a29f280,RADAR_RIGHT_FRONT,4a253ac0ae78429e8f3e0be31f873456,3126c35b164c459d85e0a0555ccba628,bdb7066be30c48dbb13e78204fefe41a,bdb7066be30c48dbb13e78204fefe41a,3.795
960323dc7d534ab5aa9280808a29f280,RADAR_RIGHT_SIDE,4267d5053bb74be28567069fad491792,8bef64c60da74778a5b9ef975c97edb7,bdb7066be30c48dbb13e78204fefe41a,bdb7066be30c48dbb13e78204fefe41a,3.701
e4615d6d7e5b4d8989a3bed70a3f8aba,LIDAR_LEFT,8e59ea2877614c439cc7a793bcc85bbc,2e6c7b7b7ceb4f69be01f9006cedf58f,ce352f299dde403d9ac17fdcbdb510af,553dc51f89b54736b8b25c722533ee42,-10.651
e4615d6d7e5b4d8989a3bed70a3f8aba,LIDAR_REAR,20966ffa591641639f64bc5d8d357aad,7198b581279c431bad450deaf7669f87,fa2f50f6b5384bdcbb3044f44e79c1ce,553dc51f89b54736b8b25c722533ee42,-48.826
e4615d6d7e5b4d8989a3bed70a3f8aba,LIDAR_RIGHT,4a4bd474a5f947be8325568672c39fa7,aefabf5dd96744beb296b9881d60ff8b,8c52847f1fb148a5b32583e511bb96e1,553dc51f89b54736b8b25c722533ee42,13.404
e4615d6d7e5b4d8989a3bed70a3f8aba,LIDAR_TOP_FRONT,f8a6a9cf27a541cc9d13b10d5cf421a6,f994daad50a14ac49f1468d66eb8db62,553dc51f89b54736b8b25c722533ee42,553dc51f89b54736b8b25c722533ee42,2.077
e4615d6d7e5b4d8989a3bed70a3f8aba,LIDAR_TOP_LEFT,78503ee8fd0843319f1e16d16bf6ecd1,373fca46a765439794d1ecbb5839a161,1360ecba74b946f8a7640355f577fca7,553dc51f89b54736b8b25c722533ee42,-22.7
e4615d6d7e5b4d8989a3bed70a3f8aba,LIDAR_TOP_RIGHT,bc027a6970e14611981204d8a5c834f3,f8849496a35c4af599b8e598afda166d,a36238d5a3004b7baae3498869e51c97,553dc51f89b54736b8b25c722533ee42,27.284
e4615d6d7e5b4d8989a3bed70a3f8aba,RADAR_LEFT_BACK,ffad29b1271e4173b94a733c2b1c9fd3,326989c743c948bf86229f525d0deb2d,553dc51f89b54736b8b25c722533ee42,553dc51f89b54736b8b25c722533ee42,3.99
e4615d6d7e5b4d8989a3bed70a3f8aba,RADAR_LEFT_FRONT,1a5f1d988d7341848c0959e2c5fc13e3,5e6c5afaa842478db6066e9de8dec1ef,553dc51f89b54736b8b25c722533ee42,553dc51f89b54736b8b25c722533ee42,3.148
e4615d6d7e5b4d8989a3bed70a3f8aba,RADAR_LEFT_SIDE,668935dd42a644bd8db82b6f9eaaf99f,cbecfab3ced24bbeab0a1b1bdd4375a8,553dc51f89b54736b8b25c722533ee42,553dc51f89b54736b8b25c722533ee42,3.671
e4615d6d7e5b4d8989a3bed70a3f8aba,RADAR_RIGHT_BACK,fcfa2a464bcd46609439b58f170a77cf,f2c73d43e0994ee8a16f930860856c0e,553dc51f89b54736b8b25c722533ee42,553dc51f89b54736b8b25c722533ee42,4.167
e4615d6d7e5b4d8989a3bed70a3f8aba,RADAR_RIGHT_FRONT,60659c1b35094e098d4a96c871ab7abe,3126c35b164c459d85e0a0555ccba628,553dc51f89b54736b8b25c722533ee42,553dc51f89b54736b8b25c722533ee42,4.122
e4615d6d7e5b4d8989a3bed70a3f8aba,RADAR_RIGHT_SIDE,eed92c1c0578410bbf63d7afe31e45ac,8bef64c60da74778a5b9ef975c97edb7,553dc51f89b54736b8b25c722533ee42,553dc51f89b54736b8b25c722533ee42,4.027
b512ae4bb98c4adcb570163a783ba1b1,LIDAR_LEFT,aa9985b7e08749edaa3ff5043f993396,2e6c7b7b7ceb4f69be01f9006cedf58f,e88441d2c1f5404a8edce4cdf8ca036b,983875cf711f4dbdb81cc139edcf9ee8,-10.636
b512ae4bb98c4adcb570163a783ba1b1,LIDAR_REAR,92d2448c722b4142b1ae51a75c549be8,7198b581279c431bad450deaf7669f87,bc1c8a1e7bc34a159cb577d4c35b36cc,983875cf711f4dbdb81cc139edcf9ee8,-48.651
b512ae4bb98c4adcb570163a783ba1b1,LIDAR_RIGHT,2d4a1376f61246aebbf3ee50061c430d,aefabf5dd96744beb296b9881d60ff8b,95397663277f42c19362d134f509d59e,983875cf711f4dbdb81cc139edcf9ee8,14.309
b512ae4bb98c4adcb570163a783ba1b1,LIDAR_TOP_FRONT,9d2cbcc6a0624091a65bdc401294b2e7,f994daad50a14ac49f1468d66eb8db62,983875cf711f4dbdb81cc139edcf9ee8,983875cf711f4dbdb81cc139edcf9ee8,2.105
b512ae4bb98c4adcb570163a783ba1b1,LIDAR_TOP_LEFT,1b6cf8eddc5043e38506303c0b6ca7db,373fca46a765439794d1ecbb5839a161,e35ed44060c2492ab23daab0012e0186,983875cf711f4dbdb81cc139edcf9ee8,-22.733
b512ae4bb98c4adcb570163a783ba1b1,LIDAR_TOP_RIGHT,8ba80f9d728646f39195974e8af3c76a,f8849496a35c4af599b8e598afda166d,e4a1a7d3d1a9436c83c425b79b837e55,983875cf711f4dbdb81cc139edcf9ee8,27.436
b512ae4bb98c4adcb570163a783ba1b1,RADAR_LEFT_BACK,3df20495dc794edea2fad12aa8ef9af4,326989c743c948bf86229f525d0deb2d,983875cf711f4dbdb81cc139edcf9ee8,983875cf711f4dbdb81cc139edcf9ee8,6.775
b512ae4bb98c4adcb570163a783ba1b1,RADAR_LEFT_FRONT,27aea99d62cb4664b9dc7b218283cb63,5e6c5afaa842478db6066e9de8dec1ef,983875cf711f4dbdb81cc139edcf9ee8,983875cf711f4dbdb81cc139edcf9ee8,5.338
b512ae4bb98c4adcb570163a783ba1b1,RADAR_LEFT_SIDE,4a688bd680244482b74913880b3b0b18,cbecfab3ced24bbeab0a1b1bdd4375a8,983875cf711f4dbdb81cc139edcf9ee8,983875cf711f4dbdb81cc139edcf9ee8,5.544
b512ae4bb98c4adcb570163a783ba1b1,RADAR_RIGHT_BACK,834e02a03e184db28edfbb6ddf36960b,f2c73d43e0994ee8a16f930860856c0e,983875cf711f4dbdb81cc139edcf9ee8,983875cf711f4dbdb81cc139edcf9ee8,7.025
b512ae4bb98c4adcb570163a783ba1b1,RADAR_RIGHT_FRONT,c8ed07e2b51c46a2bb2ac939636add2d,3126c35b164c459d85e0a0555ccba628,983875cf711f4dbdb81cc139edcf9ee8,983875cf711f4dbdb81cc139edcf9ee8,6.891
b512ae4bb98c4adcb570163a783ba1b1,RADAR_RIGHT_SIDE,aade148300c24994aaba067588918651,8bef64c60da74778a5b9ef975c97edb7,983875cf711f4dbdb81cc139edcf9ee8,983875cf711f4dbdb81cc139edcf9ee8,6.821
5506016eb8744666a78cdf74299839bb,LIDAR_LEFT,b01b7b9761f44418a7a8d2986ffa6108,2e6c7b7b7ceb4f69be01f9006cedf58f,e69c5c2f81b54f9f8c0e4aa5d52cd834,c57cc57a596b4eb09dfe814b4028dbad,-10.641
5506016eb8744666a78cdf74299839bb,LIDAR_REAR,1fb7bb8968aa4f939b6b03ea91b41bfc,7198b581279c431bad450deaf7669f87,9a97357d56d241e2aa30c35d4e96a6e1,c57cc57a596b4eb09dfe814b4028dbad,-48.127
5506016eb8744666a78cdf74299839bb,LIDAR_RIGHT,bf9e68f9791c48e3a9ff0c8b2ac8da2c,aefabf5dd96744beb296b9881d60ff8b,743d8d3191c34bf6b798fefe08a96903,c57cc57a596b4eb09dfe814b4028dbad,15.67
5506016eb8744666a78cdf74299839bb,LIDAR_TOP_FRONT,1d08950e40ff4dd1a21f824c4bafe604,f994daad50a14ac49f1468d66eb8db62,c57cc57a596b4eb09dfe814b4028dbad,c57cc57a596b4eb09dfe814b4028dbad,2.669
5506016eb8744666a78cdf74299839bb,LIDAR_TOP_LEFT,d8e31a5df5cc49e19fa4b84de2f39136,373fca46a765439794d1ecbb5839a161,54138b15b46044509bb0cbdf9961d429,c57cc57a596b4eb09dfe814b4028dbad,-22.196
5506016eb8744666a78cdf74299839bb,LIDAR_TOP_RIGHT,bfa152a61bc6467c84f5c7735142674b,f8849496a35c4af599b8e598afda166d,8f582d95059043e5809f38831c764d13,c57cc57a596b4eb09dfe814b4028dbad,28.347
5506016eb8744666a78cdf74299839bb,RADAR_LEFT_BACK,bf293589124949298151e20d3920eb27,326989c743c948bf86229f525d0deb2d,c57cc57a596b4eb09dfe814b4028dbad,c57cc57a596b4eb09dfe814b4028dbad,3.703
5506016eb8744666a78cdf74299839bb,RADAR_LEFT_FRONT,5c352a8da5b0472abf47a52e21ee9579,5e6c5afaa842478db6066e9de8dec1ef,c57cc57a596b4eb09dfe814b4028dbad,c57cc57a596b4eb09dfe814b4028dbad,7.52
5506016eb8744666a78cdf74299839bb,RADAR_LEFT_SIDE,b62cb27dcd5a4aefbbc204f790fe1d5a,cbecfab3ced24bbeab0a1b1bdd4375a8,c57cc57a596b4eb09dfe814b4028dbad,c57cc57a596b4eb09dfe814b4028dbad,7.55
5506016eb8744666a78cdf74299839bb,RADAR_RIGHT_BACK,9431526b87c84c48a42a2e3148080196,f2c73d43e0994ee8a16f930860856c0e,c57cc57a596b4eb09dfe814b4028dbad,c57cc57a596b4eb09dfe814b4028dbad,4.006
5506016eb8744666a78cdf74299839bb,RADAR_RIGHT_FRONT,df8f37138ec7442db2ed0019f626eb5a,3126c35b164c459d85e0a0555ccba628,c57cc57a596b4eb09dfe814b4028dbad,c57cc57a596b4eb09dfe814b4028dbad,3.867
5506016eb8744666a78cdf74299839bb,RADAR_RIGHT_SIDE,46fefa759f5e41a3b827746f25a46e07,8bef64c60da74778a5b9ef975c97edb7,c57cc57a596b4eb09dfe814b4028dbad,c57cc57a596b4eb09dfe814b4028dbad,3.817
05dd1b152df640e5bb7b915f5758b739,LIDAR_LEFT,d51b55d8ea6d4c69bf377cb13b3a2849,2e6c7b7b7ceb4f69be01f9006cedf58f,1c67a1aabdbb4e909dbbfaefcab2856f,902ab3fcd7aa4d809b72e4fe3cc4e8d6,-10.641
05dd1b152df640e5bb7b915f5758b739,LIDAR_REAR,56f57eba2323467bbea1bd253e9087dc,7198b581279c431bad450deaf7669f87,b3ab5f6879c04f9fac857ef51249a87d,902ab3fcd7aa4d809b72e4fe3cc4e8d6,-47.87
05dd1b152df640e5bb7b915f5758b739,LIDAR_RIGHT,ef9883863b444b7c9f364e1fbd4b5f54,aefabf5dd96744beb296b9881d60ff8b,57ca112117184fe6b5bc025b4af6ceca,902ab3fcd7aa4d809b72e4fe3cc4e8d6,16.028
05dd1b152df640e5bb7b915f5758b739,LIDAR_TOP_FRONT,763a277aa492468b8a698aeaaf876ad9,f994daad50a14ac49f1468d66eb8db62,902ab3fcd7aa4d809b72e4fe3cc4e8d6,902ab3fcd7aa4d809b72e4fe3cc4e8d6,2.9
05dd1b152df640e5bb7b915f5758b739,LIDAR_TOP_LEFT,b7cdf1ee950f412db96f61e6f291fc08,373fca46a765439794d1ecbb5839a161,7ea714af14584a8b85b3110892592102,902ab3fcd7aa4d809b72e4fe3cc4e8d6,-21.92
05dd1b152df640e5bb7b915f5758b739,LIDAR_TOP_RIGHT,0efb3e0970554b62aebaf22ea75d55f1,f8849496a35c4af599b8e598afda166d,430d57b47365423fab5458975e592584,902ab3fcd7aa4d809b72e4fe3cc4e8d6,28.707
05dd1b152df640e5bb7b915f5758b739,RADAR_LEFT_BACK,66d97394779f4efd81a8ae1c6e87eb32,326989c743c948bf86229f525d0deb2d,902ab3fcd7aa4d809b72e4fe3cc4e8d6,902ab3fcd7aa4d809b72e4fe3cc4e8d6,6.032
05dd1b152df640e5bb7b915f5758b739,RADAR_LEFT_FRONT,1fc838afdb6643daa60c5f0932b364ac,5e6c5afaa842478db6066e9de8dec1ef,902ab3fcd7aa4d809b72e4fe3cc4e8d6,902ab3fcd7aa4d809b72e4fe3cc4e8d6,4.8
05dd1b152df640e5bb7b915f5758b739,RADAR_LEFT_SIDE,80700241e864490f8afff4ffefc1176c,cbecfab3ced24bbeab0a1b1bdd4375a8,902ab3fcd7aa4d809b72e4fe3cc4e8d6,902ab3fcd7aa4d809b72e4fe3cc4e8d6,4.866
05dd1b152df640e5bb7b915f5758b739,RADAR_RIGHT_BACK,ada32ae775b640deb820a6461d44abd5,f2c73d43e0994ee8a16f930860856c0e,902ab3fcd7aa4d809b72e4fe3cc4e8d6,902ab3fcd7aa4d809b72e4fe3cc4e8d6,6.212
05dd1b152df640e5bb7b915f5758b739,RADAR_RIGHT_FRONT,86be90e2916d44fc8c41db857ee97a5c,3126c35b164c459d85e0a0555ccba628,902ab3fcd7aa4d809b72e4fe3cc4e8d6,902ab3fcd7aa4d809b72e4fe3cc4e8d6,6.156
05dd1b152df640e5bb7b915f5758b739,RADAR_RIGHT_SIDE,1905ca1c3fe64ee9855c21820d65f259,8bef64c60da74778a5b9ef975c97edb7,902ab3fcd7aa4d809b72e4fe3cc4e8d6,902ab3fcd7aa4d809b72e4fe3cc4e8d6,6.063
42d984d09e10442096c330abcaaa16b8,LIDAR_LEFT,192333e63a914fe6a4b77f97cc514768,2e6c7b7b7ceb4f69be01f9006cedf58f,d0978d419e7b479a83c85c16b343f7a7,3e374e5288b54e0baab75ec5a472d1fe,-10.643
42d984d09e10442096c330abcaaa16b8,LIDAR_REAR,0a531ae418654113821115faeb192c07,7198b581279c431bad450deaf7669f87,edf52112efc0426e8d91f3489ac00f23,3e374e5288b54e0baab75ec5a472d1fe,-47.609
42d984d09e10442096c330abcaaa16b8,LIDAR_RIGHT,8ef0265c88334177a42bd5cb444f526a,aefabf5dd96744beb296b9881d60ff8b,be853e16179a4943b667a3ff7e8276af,3e374e5288b54e0baab75ec5a472d1fe,15.543
42d984d09e10442096c330abcaaa16b8,LIDAR_TOP_FRONT,1d5c0bdd8f9644bb80d6c0d3792f2aee,f994daad50a14ac49f1468d66eb8db62,3e374e5288b54e0baab75ec5a472d1fe,3e374e5288b54e0baab75ec5a472d1fe,3.279
42d984d09e10442096c330abcaaa16b8,LIDAR_TOP_LEFT,be595fa157af410bb4b60d618f7acef0,373fca46a765439794d1ecbb5839a161,205e179a278b4ec79102870ad54e8657,3e374e5288b54e0baab75ec5a472d1fe,-21.591
42d984d09e10442096c330abcaaa16b8,LIDAR_TOP_RIGHT,ce4d98d5b5de4d07924014709d82a4da,f8849496a35c4af599b8e598afda166d,2e2782e43f5144e8bfd75d82c94cb8b7,3e374e5288b54e0baab75ec5a472d1fe,28.778
42d984d09e10442096c330abcaaa16b8,RADAR_LEFT_BACK,6921897bdd1a487eae205f28a477279b,326989c743c948bf86229f525d0deb2d,3e374e5288b54e0baab75ec5a472d1fe,3e374e5288b54e0baab75ec5a472d1fe,7.819
42d984d09e10442096c330abcaaa16b8,RADAR_LEFT_FRONT,c26127456fdc49258554031762d704f1,5e6c5afaa842478db6066e9de8dec1ef,3e374e5288b54e0baab75ec5a472d1fe,3e374e5288b54e0baab75ec5a472d1fe,6.403
42d984d09e10442096c330abcaaa16b8,RADAR_LEFT_SIDE,da406a2690b44229b93e2b243dad4dcc,cbecfab3ced24bbeab0a1b1bdd4375a8,3e374e5288b54e0baab75ec5a472d1fe,3e374e5288b54e0baab75ec5a472d1fe,6.485
42d984d09e10442096c330abcaaa16b8,RADAR_RIGHT_BACK,b035ac340b414e4c8d1b11a1df153b40,f2c73d43e0994ee8a16f930860856c0e,3e374e5288b54e0baab75ec5a472d1fe,3e374e5288b54e0baab75ec5a472d1fe,8.007
42d984d09e10442096c330abcaaa16b8,RADAR_RIGHT_FRONT,3632dc7c14244f22bd32b167ed35cef9,3126c35b164c459d85e0a0555ccba628,3e374e5288b54e0baab75ec5a472d1fe,3e374e5288b54e0baab75ec5a472d1fe,7.922
42d984d09e10442096c330abcaaa16b8,RADAR_RIGHT_SIDE,f977061c1cea4e4a97b5bdc9289892b9,8bef64c60da74778a5b9ef975c97edb7,3e374e5288b54e0baab75ec5a472d1fe,3e374e5288b54e0baab75ec5a472d1fe,7.846
820da4bfc83143079d6444793dea903a,LIDAR_LEFT,829ff1884db4446691c8893b9a36c4a2,2e6c7b7b7ceb4f69be01f9006cedf58f,54b9fd7e656e47dc9ecdd687ac183812,15dc785fa2874e05910132725e28dad6,-10.661
820da4bfc83143079d6444793dea903a,LIDAR_REAR,1d72284637fc4934948e604cdd0fdfa0,7198b581279c431bad450deaf7669f87,21b29295673749a5b9d1f7e7c648e9ca,15dc785fa2874e05910132725e28dad6,-47.65
820da4bfc83143079d6444793dea903a,LIDAR_RIGHT,6c9b6cdf6f154ba4a0ccfe7d267fc8eb,aefabf5dd96744beb296b9881d60ff8b,10a88e81cf22475e8531f41f62f22e62,15dc785fa2874e05910132725e28dad6,15.031
820da4bfc83143079d6444793dea903a,LIDAR_TOP_FRONT,fd2cec2ce8354dfa9586f1ea18e90a77,f994daad50a14ac49f1468d66eb8db62,15dc785fa2874e05910132725e28dad6,15dc785fa2874e05910132725e28dad6,3.068
820da4bfc83143079d6444793dea903a,LIDAR_TOP_LEFT,d536abbc6d494725a5b836b8bd2d747d,373fca46a765439794d1ecbb5839a161,18ed8610a7db434e8e90e4ea52e0e58e,15dc785fa2874e05910132725e28dad6,-21.655
820da4bfc83143079d6444793dea903a,LIDAR_TOP_RIGHT,7e80de7650c54214b70be02ea94a56a6,f8849496a35c4af599b8e598afda166d,940e0d04d2954617aaba525d4a1c0909,15dc785fa2874e05910132725e28dad6,28.624
820da4bfc83143079d6444793dea903a,RADAR_LEFT_BACK,2bf26a0d2ec14dd4be0a142f1eb62d58,326989c743c948bf86229f525d0deb2d,15dc785fa2874e05910132725e28dad6,15dc785fa2874e05910132725e28dad6,4.814
820da4bfc83143079d6444793dea903a,RADAR_LEFT_FRONT,068e3944d860453bb0de054c886ddde1,5e6c5afaa842478db6066e9de8dec1ef,15dc785fa2874e05910132725e28dad6,15dc785fa2874e05910132725e28dad6,7.621
820da4bfc83143079d6444793dea903a,RADAR_LEFT_SIDE,c2ea8cc342e94bf298c99bcc2ff1faf2,cbecfab3ced24bbeab0a1b1bdd4375a8,15dc785fa2874e05910132725e28dad6,15dc785fa2874e05910132725e28dad6,7.963
820da4bfc83143079d6444793dea903a,RADAR_RIGHT_BACK,bc8513741c064d0b87fe175385e9a707,f2c73d43e0994ee8a16f930860856c0e,15dc785fa2874e05910132725e28dad6,15dc785fa2874e05910132725e28dad6,4.95
820da4bfc83143079d6444793dea903a,RADAR_RIGHT_FRONT,e4c7824042874f0c8ba6d484ef63b94f,3126c35b164c459d85e0a0555ccba628,15dc785fa2874e05910132725e28dad6,15dc785fa2874e05910132725e28dad6,4.899
820da4bfc83143079d6444793dea903a,RADAR_RIGHT_SIDE,714ef4bb764e48fd9d3894736800689e,8bef64c60da74778a5b9ef975c97edb7,15dc785fa2874e05910132725e28dad6,15dc785fa2874e05910132725e28dad6,4.856
e261df7d29c84cde8d408c5571ae44a5,LIDAR_LEFT,433f5a0d34324e0885d1636a3d389471,2e6c7b7b7ceb4f69be01f9006cedf58f,4a32c1e187104a08aae88352ba8aac15,11c5add8dd164701964c9cb6eb0c710e,-10.658
e261df7d29c84cde8d408c5571ae44a5,LIDAR_REAR,3e5ebbf5eafb4bd7b2be2dd0b47b7652,7198b581279c431bad450deaf7669f87,df20bcdd359040cc8787afdb54078f88,11c5add8dd164701964c9cb6eb0c710e,-48.227
e261df7d29c84cde8d408c5571ae44a5,LIDAR_RIGHT,825e642512634eaf8fd6c8f0e7a3b974,aefabf5dd96744beb296b9881d60ff8b,3967ba02b62b4eae8e2e95708efbb070,11c5add8dd164701964c9cb6eb0c710e,14.124
e261df7d29c84cde8d408c5571ae44a5,LIDAR_TOP_FRONT,252e1702006645efbf1745f66b89bd39,f994daad50a14ac49f1468d66eb8db62,11c5add8dd164701964c9cb6eb0c710e,11c5add8dd164701964c9cb6eb0c710e,2.599
e261df7d29c84cde8d408c5571ae44a5,LIDAR_TOP_LEFT,a25e1e2a42634db68f1af62aa7ed3787,373fca46a765439794d1ecbb5839a161,f832a883cc6b4344a7579038b8061d56,11c5add8dd164701964c9cb6eb0c710e,-22.291
e261df7d29c84cde8d408c5571ae44a5,LIDAR_TOP_RIGHT,82d0026d78ce400f8ee79abd0e062ff5,f8849496a35c4af599b8e598afda166d,ad09c9f32db64890b82cc4fc673ab685,11c5add8dd164701964c9cb6eb0c710e,27.857
e261df7d29c84cde8d408c5571ae44a5,RADAR_LEFT_BACK,36dfa78bfd3f417594b9e63d01db6352,326989c743c948bf86229f525d0deb2d,11c5add8dd164701964c9cb6eb0c710e,11c5add8dd164701964c9cb6eb0c710e,5.661
e261df7d29c84cde8d408c5571ae44a5,RADAR_LEFT_FRONT,aa1836e08f724e459a6d58763c9bcdb5,5e6c5afaa842478db6066e9de8dec1ef,11c5add8dd164701964c9cb6eb0c710e,11c5add8dd164701964c9cb6eb0c710e,3.403
e261df7d29c84cde8d408c5571ae44a5,RADAR_LEFT_SIDE,e0fda89467f542f6a5bed79b5c9e9d85,cbecfab3ced24bbeab0a1b1bdd4375a8,11c5add8dd164701964c9cb6eb0c710e,11c5add8dd164701964c9cb6eb0c710e,3.494
e261df7d29c84cde8d408c5571ae44a5,RADAR_RIGHT_BACK,4e953ae54afb4467ad8838f53307ebe8,f2c73d43e0994ee8a16f930860856c0e,11c5add8dd164701964c9cb6eb0c710e,11c5add8dd164701964c9cb6eb0c710e,5.685
e261df7d29c84cde8d408c5571ae44a5,RADAR_RIGHT_FRONT,1d72c58521ec490cb120b82a2703a515,3126c35b164c459d85e0a0555ccba628,11c5add8dd164701964c9cb6eb0c710e,11c5add8dd164701964c9cb6eb0c710e,5.602
e261df7d29c84cde8d408c5571ae44a5,RADAR_RIGHT_SIDE,9b3f1742b618436492f6454987d57405,8bef64c60da74778a5b9ef975c97edb7,11c5add8dd164701964c9cb6eb0c710e,11c5add8dd164701964c9cb6eb0c710e,5.454
cf11812a2090490bb96be72aa701cd97,LIDAR_LEFT,d6c68634e6dd48f69c8ed9596976db38,2e6c7b7b7ceb4f69be01f9006cedf58f,d7a042def0964eea8221cf82d03a377b,54fb744f71bc4535b306d9bbf00292a0,-10.641
cf11812a2090490bb96be72aa701cd97,LIDAR_REAR,c7ce277435724f8195295ad07257929f,7198b581279c431bad450deaf7669f87,5e6b8e72878547e29171768c70cff068,54fb744f71bc4535b306d9bbf00292a0,-48.12
cf11812a2090490bb96be72aa701cd97,LIDAR_RIGHT,e6419bd6888c42a799a4af821ac4fa7e,aefabf5dd96744beb296b9881d60ff8b,51d2a3bf296c45b093a08ac651c997c0,54fb744f71bc4535b306d9bbf00292a0,14.051
cf11812a2090490bb96be72aa701cd97,LIDAR_TOP_FRONT,9ee051f0aa2e4f9e8786b2803c4ef982,f994daad50a14ac49f1468d66eb8db62,54fb744f71bc4535b306d9bbf00292a0,54fb744f71bc4535b306d9bbf00292a0,2.519
cf11812a2090490bb96be72aa701cd97,LIDAR_TOP_LEFT,0b5ab6799b284553b4d128ffbdd731d9,373fca46a765439794d1ecbb5839a161,8f0e8ebf57fd4b03a2fd986f5617212f,54fb744f71bc4535b306d9bbf00292a0,-22.232
cf11812a2090490bb96be72aa701cd97,LIDAR_TOP_RIGHT,12428c4fb9694cb4a88e7186c449f551,f8849496a35c4af599b8e598afda166d,54994025c86d4c6abf493c29c9d45952,54fb744f71bc4535b306d9bbf00292a0,27.813
cf11812a2090490bb96be72aa701cd97,RADAR_LEFT_BACK,458c7cd5399d4321b3cf53d344f45d1d,326989c743c948bf86229f525d0deb2d,54fb744f71bc4535b306d9bbf00292a0,54fb744f71bc4535b306d9bbf00292a0,7.075
cf11812a2090490bb96be72aa701cd97,RADAR_LEFT_FRONT,f1675f3363bd4046b0566b4313247e84,5e6c5afaa842478db6066e9de8dec1ef,54fb744f71bc4535b306d9bbf00292a0,54fb744f71bc4535b306d9bbf00292a0,5.297
cf11812a2090490bb96be72aa701cd97,RADAR_LEFT_SIDE,a2e94c672b4444949bc949c31712ab41,cbecfab3ced24bbeab0a1b1bdd4375a8,54fb744f71bc4535b306d9bbf00292a0,54fb744f71bc4535b306d9bbf00292a0,5.382
cf11812a2090490bb96be72aa701cd97,RADAR_RIGHT_BACK,db411e0ef3f445a8a28f742188ad6b82,f2c73d43e0994ee8a16f930860856c0e,54fb744f71bc4535b306d9bbf00292a0,54fb744f71bc4535b306d9bbf00292a0,7.013
cf11812a2090490bb96be72aa701cd97,RADAR_RIGHT_FRONT,979c7bc44d0243d3a9db59c5666a34ae,3126c35b164c459d85e0a0555ccba628,54fb744f71bc4535b306d9bbf00292a0,54fb744f71bc4535b306d9bbf00292a0,6.981
cf11812a2090490bb96be72aa701cd97,RADAR_RIGHT_SIDE,a1c3e7ac9bcb4beda861cb6872c624a7,8bef64c60da74778a5b9ef975c97edb7,54fb744f71bc4535b306d9bbf00292a0,54fb744f71bc4535b306d9bbf00292a0,6.862
8632c70a010c410ea60e0e03c605659a,LIDAR_LEFT,a3f56b68b2c345088778a5f7582aba65,2e6c7b7b7ceb4f69be01f9006cedf58f,12493a25753b48cc819f8522ff5e93af,f6593d8298394f299442c80f85caca3a,-10.643
8632c70a010c410ea60e0e03c605659a,LIDAR_REAR,f5aa21c220b84ab7a92b88d7c5855ffb,7198b581279c431bad450deaf7669f87,337b18cbe9b84e6aaacfa1a1f9b68618,f6593d8298394f299442c80f85caca3a,-47.63
8632c70a010c410ea60e0e03c605659a,LIDAR_RIGHT,640b1cee08614ee08c9d068ad386613e,aefabf5dd96744beb296b9881d60ff8b,39037a49ca0e4b69b3da723dcf825e3a,f6593d8298394f299442c80f85caca3a,14.855
8632c70a010c410ea60e0e03c605659a,LIDAR_TOP_FRONT,7620d92e21a044e495e8aa04c84bd386,f994daad50a14ac49f1468d66eb8db62,f6593d8298394f299442c80f85caca3a,f6593d8298394f299442c80f85caca3a,3.067
8632c70a010c410ea60e0e03c605659a,LIDAR_TOP_LEFT,201327c5c4354062b57b6d7630ecd813,373fca46a765439794d1ecbb5839a161,f2e66f762e784571a26ef6f3388d10a8,f6593d8298394f299442c80f85caca3a,-21.738
8632c70a010c410ea60e0e03c605659a,LIDAR_TOP_RIGHT,2c1991a4925d4c8a86e99e8f562277d1,f8849496a35c4af599b8e598afda166d,ce0c06282dd6430d8c5ec1e203f47bbf,f6593d8298394f299442c80f85caca3a,28.078
8632c70a010c410ea60e0e03c605659a,RADAR_LEFT_BACK,91e2644e422e44ef945072dd2d4a5e2e,326989c743c948bf86229f525d0deb2d,f6593d8298394f299442c80f85caca3a,f6593d8298394f299442c80f85caca3a,3.809
8632c70a010c410ea60e0e03c605659a,RADAR_LEFT_FRONT,c66bb6b503864e2a9799434928aa4e0a,5e6c5afaa842478db6066e9de8dec1ef,f6593d8298394f299442c80f85caca3a,f6593d8298394f299442c80f85caca3a,7.165
8632c70a010c410ea60e0e03c605659a,RADAR_LEFT_SIDE,50f2a60c019246f4834fe59c301eef94,cbecfab3ced24bbeab0a1b1bdd4375a8,f6593d8298394f299442c80f85caca3a,f6593d8298394f299442c80f85caca3a,7.325
8632c70a010c410ea60e0e03c605659a,RADAR_RIGHT_BACK,4cb271501f364069ad033d3fd58872d6,f2c73d43e0994ee8a16f930860856c0e,f6593d8298394f299442c80f85caca3a,f6593d8298394f299442c80f85caca3a,3.803
8632c70a010c410ea60e0e03c605659a,RADAR_RIGHT_FRONT,badc3536f80840259409e427811e2c96,3126c35b164c459d85e0a0555ccba628,f6593d8298394f299442c80f85caca3a,f6593d8298394f299442c80f85caca3a,3.669
8632c70a010c410ea60e0e03c605659a,RADAR_RIGHT_SIDE,1e364331857f4017a504592119416003,8bef64c60da74778a5b9ef975c97edb7,f6593d8298394f299442c80f85caca3a,f6593d8298394f299442c80f85caca3a,3.606
2a75e8b11a3b4e64bbea3de7c0886379,LIDAR_LEFT,4655f1d39cd7487686f57ed6c1d30832,2e6c7b7b7ceb4f69be01f9006cedf58f,0d715a74d0e34c9185633f213aced965,efd2eae709104c5a834d5abd46ad07b6,-10.655
2a75e8b11a3b4e64bbea3de7c0886379,LIDAR_REAR,5e072e1f0feb40b4a50d14f28ead3341,7198b581279c431bad450deaf7669f87,df82c2ac7d92449ba1bcbf3b12ac74c0,efd2eae709104c5a834d5abd46ad07b6,-47.774
2a75e8b11a3b4e64bbea3de7c0886379,LIDAR_RIGHT,81780cc5f9f5408aababb6179523cd69,aefabf5dd96744beb296b9881d60ff8b,22da8ce19da846c58c15fc3fcfd2c249,efd2eae709104c5a834d5abd46ad07b6,14.398
2a75e8b11a3b4e64bbea3de7c0886379,LIDAR_TOP_FRONT,5378ebeabeea4d038c8caf2ffaaec758,f994daad50a14ac49f1468d66eb8db62,efd2eae709104c5a834d5abd46ad07b6,efd2eae709104c5a834d5abd46ad07b6,2.867
2a75e8b11a3b4e64bbea3de7c0886379,LIDAR_TOP_LEFT,057e07aa49f44f54a7dc20e8e28f41c9,373fca46a765439794d1ecbb5839a161,e7c1c8ccca134cd181b803634d510e48,efd2eae709104c5a834d5abd46ad07b6,-21.824
2a75e8b11a3b4e64bbea3de7c0886379,LIDAR_TOP_RIGHT,fe5f087d2a7547758c785d3e18d2f75c,f8849496a35c4af599b8e598afda166d,f101ff66a32e4af0a2b16cab317bd100,efd2eae709104c5a834d5abd46ad07b6,27.864
2a75e8b11a3b4e64bbea3de7c0886379,RADAR_LEFT_BACK,aa09eab5d128439eb1d4f2cf02abcb5a,326989c743c948bf86229f525d0deb2d,efd2eae709104c5a834d5abd46ad07b6,efd2eae709104c5a834d5abd46ad07b6,5.666
2a75e8b11a3b4e64bbea3de7c0886379,RADAR_LEFT_FRONT,b3e3b80c36bb426bbc5e52de8388870e,5e6c5afaa842478db6066e9de8dec1ef,efd2eae709104c5a834d5abd46ad07b6,efd2eae709104c5a834d5abd46ad07b6,3.953
2a75e8b11a3b4e64bbea3de7c0886379,RADAR_LEFT_SIDE,5a5dccaf86d04d659d62f3205fc97a9c,cbecfab3ced24bbeab0a1b1bdd4375a8,efd2eae709104c5a834d5abd46ad07b6,efd2eae709104c5a834d5abd46ad07b6,3.981
2a75e8b11a3b4e64bbea3de7c0886379,RADAR_RIGHT_BACK,6f681e1957bc455694bbe4add1b6d31d,f2c73d43e0994ee8a16f930860856c0e,efd2eae709104c5a834d5abd46ad07b6,efd2eae709104c5a834d5abd46ad07b6,5.645
2a75e8b11a3b4e64bbea3de7c0886379,RADAR_RIGHT_FRONT,a31848af7c644b51a2b8dcc3290fdc99,3126c35b164c459d85e0a0555ccba628,efd2eae709104c5a834d5abd46ad07b6,efd2eae709104c5a834d5abd46ad07b6,5.541
2a75e8b11a3b4e64bbea3de7c0886379,RADAR_RIGHT_SIDE,1e2885ddb6224186a189b033371ca1fa,8bef64c60da74778a5b9ef975c97edb7,efd2eae709104c5a834d5abd46ad07b6,efd2eae709104c5a834d5abd46ad07b6,5.473
2f54f880546c4537b1562888bef4a710,LIDAR_LEFT,378bab4c6e6744b198297607f9595824,2e6c7b7b7ceb4f69be01f9006cedf58f,90403173e8b2489db9fe791ddbd7530f,6cdcb38a730b44e9afd5c162d5e9c301,-10.654
2f54f880546c4537b1562888bef4a710,LIDAR_REAR,8e160df32ee749feb3138a9fe7ed61d3,7198b581279c431bad450deaf7669f87,9dcd5908290b4e8f9e7d19b47b77fa0c,6cdcb38a730b44e9afd5c162d5e9c301,-48.182
2f54f880546c4537b1562888bef4a710,LIDAR_RIGHT,46eaf6fc12674f0eb3efbaa9de616f44,aefabf5dd96744beb296b9881d60ff8b,1df9e959e8114e94af90751de50aeb5c,6cdcb38a730b44e9afd5c162d5e9c301,13.948
2f54f880546c4537b1562888bef4a710,LIDAR_TOP_FRONT,f9a30c14dae843e9ba2bd9bb012526bc,f994daad50a14ac49f1468d66eb8db62,6cdcb38a730b44e9afd5c162d5e9c301,6cdcb38a730b44e9afd5c162d5e9c301,2.576
2f54f880546c4537b1562888bef4a710,LIDAR_TOP_LEFT,634e33fe80cc4a47a2adfd983443fd89,373fca46a765439794d1ecbb5839a161,07a5ec98120446c69e3330579079f5b6,6cdcb38a730b44e9afd5c162d5e9c301,-22.343
2f54f880546c4537b1562888bef4a710,LIDAR_TOP_RIGHT,360307cbab594c159c92139a062a04fa,f8849496a35c4af599b8e598afda166d,5218b425600f43cda74892ab3d46db52,6cdcb38a730b44e9afd5c162d5e9c301,27.761
2f54f880546c4537b1562888bef4a710,RADAR_LEFT_BACK,7e9e7944c0014cdeb31572e7e960fd05,326989c743c948bf86229f525d0deb2d,6cdcb38a730b44e9afd5c162d5e9c301,6cdcb38a730b44e9afd5c162d5e9c301,6.781
2f54f880546c4537b1562888bef4a710,RADAR_LEFT_FRONT,60b18a7a823743ec8a6c51c8091a4144,5e6c5afaa842478db6066e9de8dec1ef,6cdcb38a730b44e9afd5c162d5e9c301,6cdcb38a730b44e9afd5c162d5e9c301,4.805
2f54f880546c4537b1562888bef4a710,RADAR_LEFT_SIDE,90349bb5652047a5817b0b9a6f4ca381,cbecfab3ced24bbeab0a1b1bdd4375a8,6cdcb38a730b44e9afd5c162d5e9c301,6cdcb38a730b44e9afd5c162d5e9c301,4.925
2f54f880546c4537b1562888bef4a710,RADAR_RIGHT_BACK,afbd3f7f2d5647e0aa22e4cd785f761b,f2c73d43e0994ee8a16f930860856c0e,6cdcb38a730b44e9afd5c162d5e9c301,6cdcb38a730b44e9afd5c162d5e9c301,6.797
2f54f880546c4537b1562888bef4a710,RADAR_RIGHT_FRONT,b0feeeff72524c7b8bde4553576f6562,3126c35b164c459d85e0a0555ccba628,6cdcb38a730b44e9afd5c162d5e9c301,6cdcb38a730b44e9afd5c162d5e9c301,6.684
2f54f880546c4537b1562888bef4a710,RADAR_RIGHT_SIDE,12e673be9b4b412db208bbcbd93fd2fa,8bef64c60da74778a5b9ef975c97edb7,6cdcb38a730b44e9afd5c162d5e9c301,6cdcb38a730b44e9afd5c162d5e9c301,6.586
e59952ad704f4cb58c01f74e21c6251c,LIDAR_LEFT,374c3fa8d9d5423eb51cd3d102ae5c81,2e6c7b7b7ceb4f69be01f9006cedf58f,3480954842ee4ec0a87a931d4e0a4a01,d9b897b261e5409aa1602e5b037e9a83,-10.638
e59952ad704f4cb58c01f74e21c6251c,LIDAR_REAR,3127923dceeb466494ac1890463fe33d,7198b581279c431bad450deaf7669f87,c3cf89a418584585a68fb97a820cfb41,d9b897b261e5409aa1602e5b037e9a83,-48.206
e59952ad704f4cb58c01f74e21c6251c,LIDAR_RIGHT,95f64e7331a946929c8687d687297428,aefabf5dd96744beb296b9881d60ff8b,93cc218d6aa7478c9561306287414505,d9b897b261e5409aa1602e5b037e9a83,14.549
e59952ad704f4cb58c01f74e21c6251c,LIDAR_TOP_FRONT,7c598c5625384dbc832f4be0ba225726,f994daad50a14ac49f1468d66eb8db62,d9b897b261e5409aa1602e5b037e9a83,d9b897b261e5409aa1602e5b037e9a83,2.182
e59952ad704f4cb58c01f74e21c6251c,LIDAR_TOP_LEFT,e10b1bc3e76d48a992e15893f8756b66,373fca46a765439794d1ecbb5839a161,345048a9c15440588bc67879e1d825f1,d9b897b261e5409aa1602e5b037e9a83,-22.227
e59952ad704f4cb58c01f74e21c6251c,LIDAR_TOP_RIGHT,b49ae866821848bca38f8a3bf5ca388c,f8849496a35c4af599b8e598afda166d,fc4da39e31fb4c3d98c14d1ed3edf65d,d9b897b261e5409aa1602e5b037e9a83,28.076
e59952ad704f4cb58c01f74e21c6251c,RADAR_LEFT_BACK,26d0a6305414403496b02c92ca244a7d,326989c743c948bf86229f525d0deb2d,d9b897b261e5409aa1602e5b037e9a83,d9b897b261e5409aa1602e5b037e9a83,3.857
e59952ad704f4cb58c01f74e21c6251c,RADAR_LEFT_FRONT,9a516827f1fc499a9fbe9b7d4a9c1782,5e6c5afaa842478db6066e9de8dec1ef,d9b897b261e5409aa1602e5b037e9a83,d9b897b261e5409aa1602e5b037e9a83,6.538
e59952ad704f4cb58c01f74e21c6251c,RADAR_LEFT_SIDE,53a6fff6738e404a99b5009a8a15deb4,cbecfab3ced24bbeab0a1b1bdd4375a8,d9b897b261e5409aa1602e5b037e9a83,d9b897b261e5409aa1602e5b037e9a83,6.643
e59952ad704f4cb58c01f74e21c6251c,RADAR_RIGHT_BACK,cdb32d07be4e4a1bb7fc2ef45400c088,f2c73d43e0994ee8a16f930860856c0e,d9b897b261e5409aa1602e5b037e9a83,d9b897b261e5409aa1602e5b037e9a83,3.934
e59952ad704f4cb58c01f74e21c6251c,RADAR_RIGHT_FRONT,0c75c6a3f605428892e1ddcc33a2d6d3,3126c35b164c459d85e0a0555ccba628,d9b897b261e5409aa1602e5b037e9a83,d9b897b261e5409aa1602e5b037e9a83,3.704
e59952ad704f4cb58c01f74e21c6251c,RADAR_RIGHT_SIDE,254323852de940f9b65732b5a62218cb,8bef64c60da74778a5b9ef975c97edb7,d9b897b261e5409aa1602e5b037e9a83,d9b897b261e5409aa1602e5b037e9a83,3.657
ecac575c0ef94854bd31474102fc7bdd,LIDAR_LEFT,746f0124d7a14827927b61083ae395b1,2e6c7b7b7ceb4f69be01f9006cedf58f,0d2cd1dc51724119a08c7fcd34999db8,4907d963c96041a3a57ddb51572b154b,-10.644
ecac575c0ef94854bd31474102fc7bdd,LIDAR_REAR,89c1f5f3145540fead412f510cabe124,7198b581279c431bad450deaf7669f87,1aa90845fb0b44a480f889cb35a9aaba,4907d963c96041a3a57ddb51572b154b,-47.806
ecac575c0ef94854bd31474102fc7bdd,LIDAR_RIGHT,cee6aac63aec45e093b3322ee884fb0d,aefabf5dd96744beb296b9881d60ff8b,97219e9601044be68a6f057c967980e6,4907d963c96041a3a57ddb51572b154b,14.536
ecac575c0ef94854bd31474102fc7bdd,LIDAR_TOP_FRONT,989ebbe1b4cb48edaebcf8e2df450dd3,f994daad50a14ac49f1468d66eb8db62,4907d963c96041a3a57ddb51572b154b,4907d963c96041a3a57ddb51572b154b,2.502
ecac575c0ef94854bd31474102fc7bdd,LIDAR_TOP_LEFT,ef205571d0964d15bc83a33acddf9685,373fca46a765439794d1ecbb5839a161,3ebb79faef5e4c2e819afc55cf376115,4907d963c96041a3a57ddb51572b154b,-22.04
ecac575c0ef94854bd31474102fc7bdd,LIDAR_TOP_RIGHT,77719e465ccd4baaa6f33db8087c34e1,f8849496a35c4af599b8e598afda166d,8c44ed56d756437fa562bc2a98ede493,4907d963c96041a3a57ddb51572b154b,28.405
ecac575c0ef94854bd31474102fc7bdd,RADAR_LEFT_BACK,7de363917e2c48edaccccd1bd8877e7d,326989c743c948bf86229f525d0deb2d,4907d963c96041a3a57ddb51572b154b,4907d963c96041a3a57ddb51572b154b,5.447
ecac575c0ef94854bd31474102fc7bdd,RADAR_LEFT_FRONT,542a858f355d461691211321a1d08364,5e6c5afaa842478db6066e9de8dec1ef,4907d963c96041a3a57ddb51572b154b,4907d963c96041a3a57ddb51572b154b,4.186
ecac575c0ef94854bd31474102fc7bdd,RADAR_LEFT_SIDE,a3cba231be0847019a4583b51ccf5456,cbecfab3ced24bbeab0a1b1bdd4375a8,4907d963c96041a3a57ddb51572b154b,4907d963c96041a3a57ddb51572b154b,4.321
ecac575c0ef94854bd31474102fc7bdd,RADAR_RIGHT_BACK,6a5612e412ca464da6e1265db81f9858,f2c73d43e0994ee8a16f930860856c0e,4907d963c96041a3a57ddb51572b154b,4907d963c96041a3a57ddb51572b154b,5.367
ecac575c0ef94854bd31474102fc7bdd,RADAR_RIGHT_FRONT,501189342840451c879cddd21b9b1d4d,3126c35b164c459d85e0a0555ccba628,4907d963c96041a3a57ddb51572b154b,4907d963c96041a3a57ddb51572b154b,5.246
ecac575c0ef94854bd31474102fc7bdd,RADAR_RIGHT_SIDE,495bad28272248cdbc368946045889b2,8bef64c60da74778a5b9ef975c97edb7,4907d963c96041a3a57ddb51572b154b,4907d963c96041a3a57ddb51572b154b,5.182
ae92726ca1c7497b8d312122603399ec,LIDAR_LEFT,bf23926c879b4255ab763b4890f9f69a,2e6c7b7b7ceb4f69be01f9006cedf58f,1ef0804a767f4e6580f90bfd52792bae,39cda4d122644cdba0295f60baebb975,-10.657
ae92726ca1c7497b8d312122603399ec,LIDAR_REAR,d0494cc3a7f748a9ad06507b442f6009,7198b581279c431bad450deaf7669f87,99f767d187974070a3db9f12f4b47823,39cda4d122644cdba0295f60baebb975,-47.857
ae92726ca1c7497b8d312122603399ec,LIDAR_RIGHT,458f9dc8db0243cbbc448465273e3ea4,aefabf5dd96744beb296b9881d60ff8b,f9e31a203104465bbaccc46d4f2bccb2,39cda4d122644cdba0295f60baebb975,14.104
ae92726ca1c7497b8d312122603399ec,LIDAR_TOP_FRONT,a166dff643f6494eab03675d290c472d,f994daad50a14ac49f1468d66eb8db62,39cda4d122644cdba0295f60baebb975,39cda4d122644cdba0295f60baebb975,2.403
ae92726ca1c7497b8d312122603399ec,LIDAR_TOP_LEFT,2cdf2ed57dae4b0cbb26eda6689efb61,373fca46a765439794d1ecbb5839a161,407d09d482144ad2962a17b5c2400cec,39cda4d122644cdba0295f60baebb975,-22.397
ae92726ca1c7497b8d312122603399ec,LIDAR_TOP_RIGHT,821bc8c454bc401197cac541b5dc2627,f8849496a35c4af599b8e598afda166d,44494d859d7047929c6b597ba7965e8e,39cda4d122644cdba0295f60baebb975,28.412
ae92726ca1c7497b8d312122603399ec,RADAR_LEFT_BACK,b30f3650d05c4ad4862be60f6870965b,326989c743c948bf86229f525d0deb2d,39cda4d122644cdba0295f60baebb975,39cda4d122644cdba0295f60baebb975,6.764
ae92726ca1c7497b8d312122603399ec,RADAR_LEFT_FRONT,a5f5c96ac7664c55915136a320888796,5e6c5afaa842478db6066e9de8dec1ef,39cda4d122644cdba0295f60baebb975,39cda4d122644cdba0295f60baebb975,4.826
ae92726ca1c7497b8d312122603399ec,RADAR_LEFT_SIDE,6f90d49fce2048cbbc6c3aa1df7d7b09,cbecfab3ced24bbeab0a1b1bdd4375a8,39cda4d122644cdba0295f60baebb975,39cda4d122644cdba0295f60baebb975,4.93
ae92726ca1c7497b8d312122603399ec,RADAR_RIGHT_BACK,9053304ea1444b8e84673b562d9af772,f2c73d43e0994ee8a16f930860856c0e,39cda4d122644cdba0295f60baebb975,39cda4d122644cdba0295f60baebb975,6.721
ae92726ca1c7497b8d312122603399ec,RADAR_RIGHT_FRONT,d6ddd3e9b1f44a2c8f5bed524860cc81,3126c35b164c459d85e0a0555ccba628,39cda4d122644cdba0295f60baebb975,39cda4d122644cdba0295f60baebb975,6.674
ae92726ca1c7497b8d312122603399ec,RADAR_RIGHT_SIDE,a9203da9843d4e598268913e5d55a664,8bef64c60da74778a5b9ef975c97edb7,39cda4d122644cdba0295f60baebb975,39cda4d122644cdba0295f60baebb975,6.625
22f971faaa804e60a46de1b33b76167c,LIDAR_LEFT,41d7b4eedd76480aa98a045b34cd6780,2e6c7b7b7ceb4f69be01f9006cedf58f,ef06da8d31b64b5395fa8910c870e122,a2c4d6cc3463449ab189cb1c291721f0,-10.648
22f971faaa804e60a46de1b33b76167c,LIDAR_REAR,8db58a13b3a44745b641b05794f18f09,7198b581279c431bad450deaf7669f87,a24e51fb2194427ba2766f722a8e7257,a2c4d6cc3463449ab189cb1c291721f0,-48.138
22f971faaa804e60a46de1b33b76167c,LIDAR_RIGHT,907eb82c9284401990d272778dfeb3ca,aefabf5dd96744beb296b9881d60ff8b,2d6bcb30d9cd462aadf3f1bae80a337c,a2c4d6cc3463449ab189cb1c291721f0,14.321
22f971faaa804e60a46de1b33b76167c,LIDAR_TOP_FRONT,0966789ed1f34746ade637b611abed34,f994daad50a14ac49f1468d66eb8db62,a2c4d6cc3463449ab189cb1c291721f0,a2c4d6cc3463449ab189cb1c291721f0,2.045
22f971faaa804e60a46de1b33b76167c,LIDAR_TOP_LEFT,b5544a4e7fd1406fb6389dc7a86494df,373fca46a765439794d1ecbb5839a161,02d6db9add4f47358a50df888fe72a6e,a2c4d6cc3463449ab189cb1c291721f0,-22.565
22f971faaa804e60a46de1b33b76167c,LIDAR_TOP_RIGHT,cd80ada25e9046d7be936b8d0a4c314f,f8849496a35c4af599b8e598afda166d,0ab2c20893364fcaa750f5cda537d078,a2c4d6cc3463449ab189cb1c291721f0,28.099
22f971faaa804e60a46de1b33b76167c,RADAR_LEFT_BACK,30d918911f46474dbff02de15bb6525a,326989c743c948bf86229f525d0deb2d,a2c4d6cc3463449ab189cb1c291721f0,a2c4d6cc3463449ab189cb1c291721f0,3.816
22f971faaa804e60a46de1b33b76167c,RADAR_LEFT_FRONT,11b6b45f2edf4399b9ecee6e03404981,5e6c5afaa842478db6066e9de8dec1ef,a2c4d6cc3463449ab189cb1c291721f0,a2c4d6cc3463449ab189cb1c291721f0,6.225
22f971faaa804e60a46de1b33b76167c,RADAR_LEFT_SIDE,86f01d17003d4eb1ba02ffe595d98d59,cbecfab3ced24bbeab0a1b1bdd4375a8,a2c4d6cc3463449ab189cb1c291721f0,a2c4d6cc3463449ab189cb1c291721f0,6.325
22f971faaa804e60a46de1b33b76167c,RADAR_RIGHT_BACK,b5a5b8375bd941c4af480a0a0c63e75a,f2c73d43e0994ee8a16f930860856c0e,a2c4d6cc3463449ab189cb1c291721f0,a2c4d6cc3463449ab189cb1c291721f0,3.793
22f971faaa804e60a46de1b33b76167c,RADAR_RIGHT_FRONT,b14d5eb8b50044bcaa5710b24a449cfc,3126c35b164c459d85e0a0555ccba628,a2c4d6cc3463449ab189cb1c291721f0,a2c4d6cc3463449ab189cb1c291721f0,3.73
22f971faaa804e60a46de1b33b76167c,RADAR_RIGHT_SIDE,60f5e6d3f93d4a819c35be390f01996c,8bef64c60da74778a5b9ef975c97edb7,a2c4d6cc3463449ab189cb1c291721f0,a2c4d6cc3463449ab189cb1c291721f0,3.693
31f10293e9214bcda362d7d968b80297,LIDAR_LEFT,0eaee39d8a3b46d78b3c73bd5291451e,2e6c7b7b7ceb4f69be01f9006cedf58f,79d182d7f2964397af81332451a8ab27,b5c1641c0d1843c889e29d4ec42581da,-10.638
31f10293e9214bcda362d7d968b80297,LIDAR_REAR,041072804b564d8f98d59ec59b6a95e1,7198b581279c431bad450deaf7669f87,2c07ec2a769c47ce909fafdae180e79f,b5c1641c0d1843c889e29d4ec42581da,-47.874
31f10293e9214bcda362d7d968b80297,LIDAR_RIGHT,ec608a767d6940dabdb42b5c8e0a2aa1,aefabf5dd96744beb296b9881d60ff8b,035916f437194a8291e765d5614b8ce9,b5c1641c0d1843c889e29d4ec42581da,14.723
31f10293e9214bcda362d7d968b80297,LIDAR_TOP_FRONT,9980d1c133eb48209544dd9474f92b04,f994daad50a14ac49f1468d66eb8db62,b5c1641c0d1843c889e29d4ec42581da,b5c1641c0d1843c889e29d4ec42581da,2.717
31f10293e9214bcda362d7d968b80297,LIDAR_TOP_LEFT,3032090326ad46b88b77bc82eb7e69a6,373fca46a765439794d1ecbb5839a161,05b39975a9a4483aa17627e76088d115,b5c1641c0d1843c889e29d4ec42581da,-22.319
31f10293e9214bcda362d7d968b80297,LIDAR_TOP_RIGHT,fd8a69619a2242398cfb02efab716aa2,f8849496a35c4af599b8e598afda166d,bf57166449ca4421abbf88ae8ca46309,b5c1641c0d1843c889e29d4ec42581da,27.932
31f10293e9214bcda362d7d968b80297,RADAR_LEFT_BACK,033a0bd0e9724581884f7e539f2d27d6,326989c743c948bf86229f525d0deb2d,b5c1641c0d1843c889e29d4ec42581da,b5c1641c0d1843c889e29d4ec42581da,5.016
31f10293e9214bcda362d7d968b80297,RADAR_LEFT_FRONT,538279434cdc48f5927963f93344f77d,5e6c5afaa842478db6066e9de8dec1ef,b5c1641c0d1843c889e29d4ec42581da,b5c1641c0d1843c889e29d4ec42581da,3.474
31f10293e9214bcda362d7d968b80297,RADAR_LEFT_SIDE,7ff8035d0a664592876d78884c2b32d1,cbecfab3ced24bbeab0a1b1bdd4375a8,b5c1641c0d1843c889e29d4ec42581da,b5c1641c0d1843c889e29d4ec42581da,3.588
31f10293e9214bcda362d7d968b80297,RADAR_RIGHT_BACK,a1f1be4f787b4c7ea96157ccacd1df1c,f2c73d43e0994ee8a16f930860856c0e,b5c1641c0d1843c889e29d4ec42581da,b5c1641c0d1843c889e29d4ec42581da,4.975
31f10293e9214bcda362d7d968b80297,RADAR_RIGHT_FRONT,2a99882e7c384d49a0c355e04e92594c,3126c35b164c459d85e0a0555ccba628,b5c1641c0d1843c889e29d4ec42581da,b5c1641c0d1843c889e29d4ec42581da,4.857
31f10293e9214bcda362d7d968b80297,RADAR_RIGHT_SIDE,7cbb838e56b04d16a99d092da825dba5,8bef64c60da74778a5b9ef975c97edb7,b5c1641c0d1843c889e29d4ec42581da,b5c1641c0d1843c889e29d4ec42581da,4.859
f5db1031dd334e8c8eb03bedf91c5bba,LIDAR_LEFT,89af6d688f254bc3a735c96f66db3b1b,2e6c7b7b7ceb4f69be01f9006cedf58f,07d39ffc8c9a4ca7843ad6701467be35,ebc7acfc0a4c4d34bbc158c440061b40,-10.65
f5db1031dd334e8c8eb03bedf91c5bba,LIDAR_REAR,019fc920121045569cd8e22c45159ac5,7198b581279c431bad450deaf7669f87,31037c92d02e4690a7eb0b4f6c993c4f,ebc7acfc0a4c4d34bbc158c440061b40,-47.689
f5db1031dd334e8c8eb03bedf91c5bba,LIDAR_RIGHT,64597e40ba6249fb945ae342cb7567e2,aefabf5dd96744beb296b9881d60ff8b,aeb7d9c58b4d40c0bb7fea443610aedc,ebc7acfc0a4c4d34bbc158c440061b40,14.847
f5db1031dd334e8c8eb03bedf91c5bba,LIDAR_TOP_FRONT,d90c2bc7d5214a70808abbe57f1aa5cc,f994daad50a14ac49f1468d66eb8db62,ebc7acfc0a4c4d34bbc158c440061b40,ebc7acfc0a4c4d34bbc158c440061b40,3.078
f5db1031dd334e8c8eb03bedf91c5bba,LIDAR_TOP_LEFT,248562b360dd41b4814d5e1d97972a56,373fca46a765439794d1ecbb5839a161,66a74179fa5e434aa639f6f5e8b59290,ebc7acfc0a4c4d34bbc158c440061b40,-22.129
f5db1031dd334e8c8eb03bedf91c5bba,LIDAR_TOP_RIGHT,bdcf098364f0422bb60f4b8ff08c27e6,f8849496a35c4af599b8e598afda166d,f49e48ba94ff41f989b6461bf502ab04,ebc7acfc0a4c4d34bbc158c440061b40,28.217
f5db1031dd334e8c8eb03bedf91c5bba,RADAR_LEFT_BACK,8e1f50a26ad44550b9a13f26a7428afe,326989c743c948bf86229f525d0deb2d,ebc7acfc0a4c4d34bbc158c440061b40,ebc7acfc0a4c4d34bbc158c440061b40,6.813
f5db1031dd334e8c8eb03bedf91c5bba,RADAR_LEFT_FRONT,bf16f81163674161a5cca2fe8b487f31,5e6c5afaa842478db6066e9de8dec1ef,ebc7acfc0a4c4d34bbc158c440061b40,ebc7acfc0a4c4d34bbc158c440061b40,5.466
f5db1031dd334e8c8eb03bedf91c5bba,RADAR_LEFT_SIDE,5b40a05bb0844b7887758947631aeafd,cbecfab3ced24bbeab0a1b1bdd4375a8,ebc7acfc0a4c4d34bbc158c440061b40,ebc7acfc0a4c4d34bbc158c440061b40,5.594
f5db1031dd334e8c8eb03bedf91c5bba,RADAR_RIGHT_BACK,5ed371cfea85471c813e4b9d73dc3b38,f2c73d43e0994ee8a16f930860856c0e,ebc7acfc0a4c4d34bbc158c440061b40,ebc7acfc0a4c4d34bbc158c440061b40,6.839
f5db1031dd334e8c8eb03bedf91c5bba,RADAR_RIGHT_FRONT,453d4a89849548b7994435176748ee8d,3126c35b164c459d85e0a0555ccba628,ebc7acfc0a4c4d34bbc158c440061b40,ebc7acfc0a4c4d34bbc158c440061b40,6.752
f5db1031dd334e8c8eb03bedf91c5bba,RADAR_RIGHT_SIDE,ff03948ef2b848d388b6394db9664fa3,8bef64c60da74778a5b9ef975c97edb7,ebc7acfc0a4c4d34bbc158c440061b40,ebc7acfc0a4c4d34bbc158c440061b40,6.674
f30cc75a84fd4777b255f7d540c150d6,LIDAR_LEFT,e632516316af420e8edb2f7b37064269,2e6c7b7b7ceb4f69be01f9006cedf58f,23d505a5369248b1ac72629c1498ebad,74e5c5a0765b46d4bbd0a566f0850ee6,-10.656
f30cc75a84fd4777b255f7d540c150d6,LIDAR_REAR,7b0517101da945fe950e36682b84811c,7198b581279c431bad450deaf7669f87,46f1a5ca196f40ee866cf2dcd2f1e107,74e5c5a0765b46d4bbd0a566f0850ee6,-48.158
f30cc75a84fd4777b255f7d540c150d6,LIDAR_RIGHT,cb16b661f6714412a4f8c22712f762b6,aefabf5dd96744beb296b9881d60ff8b,f0d5853b29a84725aff4b41fd2b772bf,74e5c5a0765b46d4bbd0a566f0850ee6,14.332
f30cc75a84fd4777b255f7d540c150d6,LIDAR_TOP_FRONT,f9c55415cd674645a076309550573c04,f994daad50a14ac49f1468d66eb8db62,74e5c5a0765b46d4bbd0a566f0850ee6,74e5c5a0765b46d4bbd0a566f0850ee6,2.672
f30cc75a84fd4777b255f7d540c150d6,LIDAR_TOP_LEFT,bb611e24893f403199ad9458cbbca15d,373fca46a765439794d1ecbb5839a161,ddf442fa8b7e42dfa935047ed5d31d4a,74e5c5a0765b46d4bbd0a566f0850ee6,-22.486
f30cc75a84fd4777b255f7d540c150d6,LIDAR_TOP_RIGHT,df34cd34fdb64463a4017c434425eb74,f8849496a35c4af599b8e598afda166d,a45ce9d1ed21459e99ef6a8523501d0b,74e5c5a0765b46d4bbd0a566f0850ee6,27.771
f30cc75a84fd4777b255f7d540c150d6,RADAR_LEFT_BACK,2fd48335a41649138e7b5f9dee5f9473,326989c743c948bf86229f525d0deb2d,74e5c5a0765b46d4bbd0a566f0850ee6,74e5c5a0765b46d4bbd0a566f0850ee6,3.366
f30cc75a84fd4777b255f7d540c150d6,RADAR_LEFT_FRONT,b892c9b471c5426f9f0e92f21e2a6e7f,5e6c5afaa842478db6066e9de8dec1ef,74e5c5a0765b46d4bbd0a566f0850ee6,74e5c5a0765b46d4bbd0a566f0850ee6,5.973
f30cc75a84fd4777b255f7d540c150d6,RADAR_LEFT_SIDE,3a3a5f30e1384add9fb0262ece083845,cbecfab3ced24bbeab0a1b1bdd4375a8,74e5c5a0765b46d4bbd0a566f0850ee6,74e5c5a0765b46d4bbd0a566f0850ee6,6.114
f30cc75a84fd4777b255f7d540c150d6,RADAR_RIGHT_BACK,01caa8cdc1d749528e778e840f5a6ce9,f2c73d43e0994ee8a16f930860856c0e,74e5c5a0765b46d4bbd0a566f0850ee6,74e5c5a0765b46d4bbd0a566f0850ee6,3.37
f30cc75a84fd4777b255f7d540c150d6,RADAR_RIGHT_FRONT,75d456e09ac740e0b0ee0672020d6e3f,3126c35b164c459d85e0a0555ccba628,74e5c5a0765b46d4bbd0a566f0850ee6,74e5c5a0765b46d4bbd0a566f0850ee6,3.353
f30cc75a84fd4777b255f7d540c150d6,RADAR_RIGHT_SIDE,3d6e842b087e493789a4bc78f7231fad,8bef64c60da74778a5b9ef975c97edb7,74e5c5a0765b46d4bbd0a566f0850ee6,74e5c5a0765b46d4bbd0a566f0850ee6,3.26
ac4e4e1e38fc42f69e1a1b91086ce77a,LIDAR_LEFT,a0a340e02a384772b34062cd0b698037,2e6c7b7b7ceb4f69be01f9006cedf58f,86cc8eb27d4e4fc9afc00e197f1bee74,97edf788c3934fc4a39681ff1d32e35e,-10.643
ac4e4e1e38fc42f69e1a1b91086ce77a,LIDAR_REAR,de33021b224746b4b035f73a67549ad1,7198b581279c431bad450deaf7669f87,5fcf185ba6aa4760b0867d2b3a74eb81,97edf788c3934fc4a39681ff1d32e35e,-48.182
ac4e4e1e38fc42f69e1a1b91086ce77a,LIDAR_RIGHT,3f37c1c169fb46d28e5de479df1e9e2f,aefabf5dd96744beb296b9881d60ff8b,f7ffd724ebba4eb48efe426a3fdbe547,97edf788c3934fc4a39681ff1d32e35e,13.996
ac4e4e1e38fc42f69e1a1b91086ce77a,LIDAR_TOP_FRONT,a08027c5a6b64c918673a15bf4f7e808,f994daad50a14ac49f1468d66eb8db62,97edf788c3934fc4a39681ff1d32e35e,97edf788c3934fc4a39681ff1d32e35e,2.454
ac4e4e1e38fc42f69e1a1b91086ce77a,LIDAR_TOP_LEFT,d2f6ada325a24a348b5d690568295df9,373fca46a765439794d1ecbb5839a161,d18de7c3dd3047619d4537f695ef86f7,97edf788c3934fc4a39681ff1d32e35e,-22.451
ac4e4e1e38fc42f69e1a1b91086ce77a,LIDAR_TOP_RIGHT,104a3248e4ff44cb825bad41abb2be7d,f8849496a35c4af599b8e598afda166d,6f5a37509f2b42a3ab9f9f350429f9c5,97edf788c3934fc4a39681ff1d32e35e,27.596
ac4e4e1e38fc42f69e1a1b91086ce77a,RADAR_LEFT_BACK,a0df68a335a94809ad2ef76c23aa0263,326989c743c948bf86229f525d0deb2d,97edf788c3934fc4a39681ff1d32e35e,97edf788c3934fc4a39681ff1d32e35e,5.188
ac4e4e1e38fc42f69e1a1b91086ce77a,RADAR_LEFT_FRONT,81ae3fa2c98d4ba1bda571f20a2b2b48,5e6c5afaa842478db6066e9de8dec1ef,97edf788c3934fc4a39681ff1d32e35e,97edf788c3934fc4a39681ff1d32e35e,3.926
ac4e4e1e38fc42f69e1a1b91086ce77a,RADAR_LEFT_SIDE,12493b8d836a437db87ad7723f23cc69,cbecfab3ced24bbeab0a1b1bdd4375a8,97edf788c3934fc4a39681ff1d32e35e,97edf788c3934fc4a39681ff1d32e35e,4.033
ac4e4e1e38fc42f69e1a1b91086ce77a,RADAR_RIGHT_BACK,837e50708599407c8fc48d44d664ae54,f2c73d43e0994ee8a16f930860856c0e,97edf788c3934fc4a39681ff1d32e35e,97edf788c3934fc4a39681ff1d32e35e,5.106
ac4e4e1e38fc42f69e1a1b91086ce77a,RADAR_RIGHT_FRONT,d94d0a66c5f34b819d1b685bf0c10332,3126c35b164c459d85e0a0555ccba628,97edf788c3934fc4a39681ff1d32e35e,97edf788c3934fc4a39681ff1d32e35e,5.076
ac4e4e1e38fc42f69e1a1b91086ce77a,RADAR_RIGHT_SIDE,5d6707ca154f4832aa229dcc983dccb6,8bef64c60da74778a5b9ef975c97edb7,97edf788c3934fc4a39681ff1d32e35e,97edf788c3934fc4a39681ff1d32e35e,4.945
5ab589390a0f4fc9a6e5acd152aea650,LIDAR_LEFT,ce4908df66d5487bb56b94481bbb1231,2e6c7b7b7ceb4f69be01f9006cedf58f,29cc425251ab4fbb9e4f857ecca118a5,c9d8cce56bc240b58cf2b13a41b30de3,-10.638
5ab589390a0f4fc9a6e5acd152aea650,LIDAR_REAR,f74c41434bf74d868d07dd25947de02b,7198b581279c431bad450deaf7669f87,067cfc85558b473b84333be29e931db7,c9d8cce56bc240b58cf2b13a41b30de3,-47.874
5ab589390a0f4fc9a6e5acd152aea650,LIDAR_RIGHT,096321bd9fb946119d4a7c7f25a1fb9e,aefabf5dd96744beb296b9881d60ff8b,2e14b0ddc1f34e0596cee30a7377fa04,c9d8cce56bc240b58cf2b13a41b30de3,14.34
5ab589390a0f4fc9a6e5acd152aea650,LIDAR_TOP_FRONT,d12cc1acd33a43eb91ba13692192d0f1,f994daad50a14ac49f1468d66eb8db62,c9d8cce56bc240b58cf2b13a41b30de3,c9d8cce56bc240b58cf2b13a41b30de3,2.783
5ab589390a0f4fc9a6e5acd152aea650,LIDAR_TOP_LEFT,928609c0a9234364a7423e87cbf63d1d,373fca46a765439794d1ecbb5839a161,493fde4b48e64cbca65cacbbcaf5fb5f,c9d8cce56bc240b58cf2b13a41b30de3,-21.846
5ab589390a0f4fc9a6e5acd152aea650,LIDAR_TOP_RIGHT,63e40514a63c4cbeaea37317efe04285,f8849496a35c4af599b8e598afda166d,3d0015b1446f4f59bfcdfd744a65f0e2,c9d8cce56bc240b58cf2b13a41b30de3,27.93
5ab589390a0f4fc9a6e5acd152aea650,RADAR_LEFT_BACK,caef9c6fa08a465e9f08919dd9c5f857,326989c743c948bf86229f525d0deb2d,c9d8cce56bc240b58cf2b13a41b30de3,c9d8cce56bc240b58cf2b13a41b30de3,6.351
5ab589390a0f4fc9a6e5acd152aea650,RADAR_LEFT_FRONT,5335825cde044489b32722bda849533b,5e6c5afaa842478db6066e9de8dec1ef,c9d8cce56bc240b58cf2b13a41b30de3,c9d8cce56bc240b58cf2b13a41b30de3,4.885
5ab589390a0f4fc9a6e5acd152aea650,RADAR_LEFT_SIDE,72329d61abcf4b18b457f291ab17f1f5,cbecfab3ced24bbeab0a1b1bdd4375a8,c9d8cce56bc240b58cf2b13a41b30de3,c9d8cce56bc240b58cf2b13a41b30de3,5.028
5ab589390a0f4fc9a6e5acd152aea650,RADAR_RIGHT_BACK,2526e17f10f2428a8d2e38bf8e1cf29f,f2c73d43e0994ee8a16f930860856c0e,c9d8cce56bc240b58cf2b13a41b30de3,c9d8cce56bc240b58cf2b13a41b30de3,6.365
5ab589390a0f4fc9a6e5acd152aea650,RADAR_RIGHT_FRONT,af89fcdeb7814b48b84dcd298ada0178,3126c35b164c459d85e0a0555ccba628,c9d8cce56bc240b58cf2b13a41b30de3,c9d8cce56bc240b58cf2b13a41b30de3,6.276
5ab589390a0f4fc9a6e5acd152aea650,RADAR_RIGHT_SIDE,98c30f5fbb8e476ca499a9ee7477ce18,8bef64c60da74778a5b9ef975c97edb7,c9d8cce56bc240b58cf2b13a41b30de3,c9d8cce56bc240b58cf2b13a41b30de3,6.165
f03439e032294f6989ef7d6d91b32101,LIDAR_LEFT,be1aaa2fa7ce4ef589580c063c3547fa,2e6c7b7b7ceb4f69be01f9006cedf58f,5b996ab017a542bd9d6797133ad2ffc7,d4421e69e79143e2842d54fba8928767,-10.655
f03439e032294f6989ef7d6d91b32101,LIDAR_REAR,1b9301d7d2be4eb49ec9083ad3961037,7198b581279c431bad450deaf7669f87,e417d47d715f455fa149ce4a3cfa8b5b,d4421e69e79143e2842d54fba8928767,-47.718
f03439e032294f6989ef7d6d91b32101,LIDAR_RIGHT,e253cb4c89d54c2abfbb95e541196a39,aefabf5dd96744beb296b9881d60ff8b,0fa48741317447f8aa4f793189f36473,d4421e69e79143e2842d54fba8928767,14.368
f03439e032294f6989ef7d6d91b32101,LIDAR_TOP_FRONT,b8e487b4539b4b69af6feae61733be0b,f994daad50a14ac49f1468d66eb8db62,d4421e69e79143e2842d54fba8928767,d4421e69e79143e2842d54fba8928767,2.924
f03439e032294f6989ef7d6d91b32101,LIDAR_TOP_LEFT,7ce7ec692f824d289b810b5a5f5552ca,373fca46a765439794d1ecbb5839a161,4e8e147bd1b64376ae74b340cb0aaf78,d4421e69e79143e2842d54fba8928767,-21.587
f03439e032294f6989ef7d6d91b32101,LIDAR_TOP_RIGHT,423a9b8795b54420a52f61197b6b093c,f8849496a35c4af599b8e598afda166d,271cdfa6cb7e4a0caf7aeba5a22021d5,d4421e69e79143e2842d54fba8928767,28.286
f03439e032294f6989ef7d6d91b32101,RADAR_LEFT_BACK,c39146d3dcf340e08f0c69a00d7539a2,326989c743c948bf86229f525d0deb2d,d4421e69e79143e2842d54fba8928767,d4421e69e79143e2842d54fba8928767,4.458
f03439e032294f6989ef7d6d91b32101,RADAR_LEFT_FRONT,4f40969224d043a6b3948ba63d4d6280,5e6c5afaa842478db6066e9de8dec1ef,d4421e69e79143e2842d54fba8928767,d4421e69e79143e2842d54fba8928767,7.541
f03439e032294f6989ef7d6d91b32101,RADAR_LEFT_SIDE,161c9d5af185450ebf5b0f093637c7c8,cbecfab3ced24bbeab0a1b1bdd4375a8,d4421e69e79143e2842d54fba8928767,d4421e69e79143e2842d54fba8928767,7.629
f03439e032294f6989ef7d6d91b32101,RADAR_RIGHT_BACK,f9247fcfb39a4e9a903eb38185950780,f2c73d43e0994ee8a16f930860856c0e,d4421e69e79143e2842d54fba8928767,d4421e69e79143e2842d54fba8928767,4.396
f03439e032294f6989ef7d6d91b32101,RADAR_RIGHT_FRONT,d1e9445f41f543b29faeb8e62231f125,3126c35b164c459d85e0a0555ccba628,d4421e69e79143e2842d54fba8928767,d4421e69e79143e2842d54fba8928767,4.271
f03439e032294f6989ef7d6d91b32101,RADAR_RIGHT_SIDE,47758213b65f4ae2932e40c888349da6,8bef64c60da74778a5b9ef975c97edb7,d4421e69e79143e2842d54fba8928767,d4421e69e79143e2842d54fba8928767,4.472
80bf2114c8b94da1b824ade14128ea7a,LIDAR_LEFT,5a8a5b89f7744cbcb1d8550b1bea45f3,2e6c7b7b7ceb4f69be01f9006cedf58f,4e2c578f0f4b4e10880193c6221a2610,336dfa67c1374a9f866ade6e22b44531,-10.656
80bf2114c8b94da1b824ade14128ea7a,LIDAR_REAR,5ed652c791394d08815245978977d9ad,7198b581279c431bad450deaf7669f87,df09451c8a234a288c58453ee88e07b9,336dfa67c1374a9f866ade6e22b44531,-48.192
80bf2114c8b94da1b824ade14128ea7a,LIDAR_RIGHT,98cf07bed1424e478f46a434d7c96622,aefabf5dd96744beb296b9881d60ff8b,27680b52326444f883558813594e7ee6,336dfa67c1374a9f866ade6e22b44531,14.318
80bf2114c8b94da1b824ade14128ea7a,LIDAR_TOP_FRONT,85967a3519d244f9b40d2890156c261e,f994daad50a14ac49f1468d66eb8db62,336dfa67c1374a9f866ade6e22b44531,336dfa67c1374a9f866ade6e22b44531,2.57
80bf2114c8b94da1b824ade14128ea7a,LIDAR_TOP_LEFT,01e66fd2e1164d3096c174c89ee56c7b,373fca46a765439794d1ecbb5839a161,ba80a490f5c34327b81a56b62a7bcd53,336dfa67c1374a9f866ade6e22b44531,-22.059
80bf2114c8b94da1b824ade14128ea7a,LIDAR_TOP_RIGHT,db16802fe8004440b92e24bb2db7bc0d,f8849496a35c4af599b8e598afda166d,fd464e9864f5459b95b4e54fc6cbc00e,336dfa67c1374a9f866ade6e22b44531,27.696
80bf2114c8b94da1b824ade14128ea7a,RADAR_LEFT_BACK,0cbc79f35b2f40aaba827f817da5b135,326989c743c948bf86229f525d0deb2d,336dfa67c1374a9f866ade6e22b44531,336dfa67c1374a9f866ade6e22b44531,4.697
80bf2114c8b94da1b824ade14128ea7a,RADAR_LEFT_FRONT,c9231e74ee8e4f6a8013de0eb9354241,5e6c5afaa842478db6066e9de8dec1ef,336dfa67c1374a9f866ade6e22b44531,336dfa67c1374a9f866ade6e22b44531,3.474
80bf2114c8b94da1b824ade14128ea7a,RADAR_LEFT_SIDE,bef615755d59418daba4b218b3a6df6f,cbecfab3ced24bbeab0a1b1bdd4375a8,336dfa67c1374a9f866ade6e22b44531,336dfa67c1374a9f866ade6e22b44531,3.641
80bf2114c8b94da1b824ade14128ea7a,RADAR_RIGHT_BACK,a8b64186a15f4246a206204a1c69fc5a,f2c73d43e0994ee8a16f930860856c0e,336dfa67c1374a9f866ade6e22b44531,336dfa67c1374a9f866ade6e22b44531,4.576
80bf2114c8b94da1b824ade14128ea7a,RADAR_RIGHT_FRONT,76891eae395c4637b7f359565222ae16,3126c35b164c459d85e0a0555ccba628,336dfa67c1374a9f866ade6e22b44531,336dfa67c1374a9f866ade6e22b44531,4.46
80bf2114c8b94da1b824ade14128ea7a,RADAR_RIGHT_SIDE,4fabb9bff2614227be6a4680cc2f2719,8bef64c60da74778a5b9ef975c97edb7,336dfa67c1374a9f866ade6e22b44531,336dfa67c1374a9f866ade6e22b44531,4.67
c697554e47f54d808bc04430ee0c096a,LIDAR_LEFT,e3227a4520d6446ca0d249ea907153c3,2e6c7b7b7ceb4f69be01f9006cedf58f,c6d027f0aff44212ad24bb9254acb6c9,34dafb4af1bf4bd58a75ba1fbbfae174,-10.642
c697554e47f54d808bc04430ee0c096a,LIDAR_REAR,06e00fbdc6484d1a961506710126db3d,7198b581279c431bad450deaf7669f87,68c54571bdee4cbbb1ea779c954f6028,34dafb4af1bf4bd58a75ba1fbbfae174,-47.959
c697554e47f54d808bc04430ee0c096a,LIDAR_RIGHT,d4c6b73331b24c90bbec52a6dc181499,aefabf5dd96744beb296b9881d60ff8b,a6ed1c1a5cb7470286b83a93066eccd5,34dafb4af1bf4bd58a75ba1fbbfae174,14.633
c697554e47f54d808bc04430ee0c096a,LIDAR_TOP_FRONT,b97069c9a1384affa2179a3f62841800,f994daad50a14ac49f1468d66eb8db62,34dafb4af1bf4bd58a75ba1fbbfae174,34dafb4af1bf4bd58a75ba1fbbfae174,2.373
c697554e47f54d808bc04430ee0c096a,LIDAR_TOP_LEFT,cf981c5284c54a4fbc9eca473dfb9c31,373fca46a765439794d1ecbb5839a161,c70cffb7ddd843d58387cd73856597cf,34dafb4af1bf4bd58a75ba1fbbfae174,-21.885
c697554e47f54d808bc04430ee0c096a,LIDAR_TOP_RIGHT,808b3963200c429fbab557ebcfdf6864,f8849496a35c4af599b8e598afda166d,31ee9aee075c4fdeb79cfb4caad02b86,34dafb4af1bf4bd58a75ba1fbbfae174,27.963
c697554e47f54d808bc04430ee0c096a,RADAR_LEFT_BACK,9d2e0e7977f2441d8d0594e445a31266,326989c743c948bf86229f525d0deb2d,34dafb4af1bf4bd58a75ba1fbbfae174,34dafb4af1bf4bd58a75ba1fbbfae174,3.51
c697554e47f54d808bc04430ee0c096a,RADAR_LEFT_FRONT,ed5966fff1f14aa3ad4c51db88724205,5e6c5afaa842478db6066e9de8dec1ef,34dafb4af1bf4bd58a75ba1fbbfae174,34dafb4af1bf4bd58a75ba1fbbfae174,3.67
c697554e47f54d808bc04430ee0c096a,RADAR_LEFT_SIDE,b71c642c70f04a87a83c8abd840bed4e,cbecfab3ced24bbeab0a1b1bdd4375a8,34dafb4af1bf4bd58a75ba1fbbfae174,34dafb4af1bf4bd58a75ba1fbbfae174,3.686
c697554e47f54d808bc04430ee0c096a,RADAR_RIGHT_BACK,db9176808eb648d2ace82dc2a88cd508,f2c73d43e0994ee8a16f930860856c0e,34dafb4af1bf4bd58a75ba1fbbfae174,34dafb4af1bf4bd58a75ba1fbbfae174,6.614
c697554e47f54d808bc04430ee0c096a,RADAR_RIGHT_FRONT,fd735968181a422db5e6476601d011f5,3126c35b164c459d85e0a0555ccba628,34dafb4af1bf4bd58a75ba1fbbfae174,34dafb4af1bf4bd58a75ba1fbbfae174,5.293
c697554e47f54d808bc04430ee0c096a,RADAR_RIGHT_SIDE,f57fdf01f04048d986dec8ebac49cd5f,8bef64c60da74778a5b9ef975c97edb7,34dafb4af1bf4bd58a75ba1fbbfae174,34dafb4af1bf4bd58a75ba1fbbfae174,4.995
c1fa7ae3e9e841669977535cab99f9e5,LIDAR_LEFT,40bf8929b70a465fa57530fecab59be0,2e6c7b7b7ceb4f69be01f9006cedf58f,3ee65af9818e401aba9c37b74cec2664,6b203d23e69d4ee4af69250fdaafe6f7,-10.654
c1fa7ae3e9e841669977535cab99f9e5,LIDAR_REAR,abcdfecff02049c6940b6b17eecc54c1,7198b581279c431bad450deaf7669f87,a46923f9e8ee42cd8e84494f6ac80ad2,6b203d23e69d4ee4af69250fdaafe6f7,-48.075
c1fa7ae3e9e841669977535cab99f9e5,LIDAR_RIGHT,791e3fe2fb604faca8a352be33b3f8a8,aefabf5dd96744beb296b9881d60ff8b,b633b3121dc9436aaeecfadab3530bd8,6b203d23e69d4ee4af69250fdaafe6f7,14.782
c1fa7ae3e9e841669977535cab99f9e5,LIDAR_TOP_FRONT,6e2b3828ae3b4638b45e092b1b230216,f994daad50a14ac49f1468d66eb8db62,6b203d23e69d4ee4af69250fdaafe6f7,6b203d23e69d4ee4af69250fdaafe6f7,2.607
c1fa7ae3e9e841669977535cab99f9e5,LIDAR_TOP_LEFT,4451d1cc3feb44269c946da70183ef50,373fca46a765439794d1ecbb5839a161,7fd5c1a3753e4b39a3ec2a31628e2c31,6b203d23e69d4ee4af69250fdaafe6f7,-22.045
c1fa7ae3e9e841669977535cab99f9e5,LIDAR_TOP_RIGHT,a2b8d22f9f2b4c7a9df608c1137e2c40,f8849496a35c4af599b8e598afda166d,063a175370044f3da058c985aaf17b3d,6b203d23e69d4ee4af69250fdaafe6f7,27.946
c1fa7ae3e9e841669977535cab99f9e5,RADAR_LEFT_BACK,0692146cd35840dcab6e9d846aa966e0,326989c743c948bf86229f525d0deb2d,6b203d23e69d4ee4af69250fdaafe6f7,6b203d23e69d4ee4af69250fdaafe6f7,5.184
c1fa7ae3e9e841669977535cab99f9e5,RADAR_LEFT_FRONT,963c4d0574684da9bd55b66ce78808d1,5e6c5afaa842478db6066e9de8dec1ef,6b203d23e69d4ee4af69250fdaafe6f7,6b203d23e69d4ee4af69250fdaafe6f7,5.389
c1fa7ae3e9e841669977535cab99f9e5,RADAR_LEFT_SIDE,4f7b033e2d2c429fb7720ff6d43f7b41,cbecfab3ced24bbeab0a1b1bdd4375a8,6b203d23e69d4ee4af69250fdaafe6f7,6b203d23e69d4ee4af69250fdaafe6f7,5.343
c1fa7ae3e9e841669977535cab99f9e5,RADAR_RIGHT_BACK,f2085b64ee044723894bc6085707266a,f2c73d43e0994ee8a16f930860856c0e,6b203d23e69d4ee4af69250fdaafe6f7,6b203d23e69d4ee4af69250fdaafe6f7,4.627
c1fa7ae3e9e841669977535cab99f9e5,RADAR_RIGHT_FRONT,92173bf59f0645e68d294997ee75afdd,3126c35b164c459d85e0a0555ccba628,a46923f9e8ee42cd8e84494f6ac80ad2,6b203d23e69d4ee4af69250fdaafe6f7,-44.976
c1fa7ae3e9e841669977535cab99f9e5,RADAR_RIGHT_SIDE,9c75a0391e894c6797c4a3bfba1460b7,8bef64c60da74778a5b9ef975c97edb7,6b203d23e69d4ee4af69250fdaafe6f7,6b203d23e69d4ee4af69250fdaafe6f7,7.566
88f45c2252de4a4ab521c379295691b8,LIDAR_LEFT,827d9271146b433fb9ddcfef31cc166c,2e6c7b7b7ceb4f69be01f9006cedf58f,a618a532358143cda79010fc72b4a313,e66166adf36e4aa998b694d81e8533b7,-10.655
88f45c2252de4a4ab521c379295691b8,LIDAR_REAR,83830ff34d164cdc93bb6b2827ccf268,7198b581279c431bad450deaf7669f87,89ae5c98a58b47faa38e152089301723,e66166adf36e4aa998b694d81e8533b7,-48.337
88f45c2252de4a4ab521c379295691b8,LIDAR_RIGHT,cc908ffc0a464e819665ce3f1b83a890,aefabf5dd96744beb296b9881d60ff8b,00aa5ae2b29c43b390c805ecd707fdc2,e66166adf36e4aa998b694d81e8533b7,14.483
88f45c2252de4a4ab521c379295691b8,LIDAR_TOP_FRONT,e84e41d8ed1f455c882771f8c7058cd5,f994daad50a14ac49f1468d66eb8db62,e66166adf36e4aa998b694d81e8533b7,e66166adf36e4aa998b694d81e8533b7,2.436
88f45c2252de4a4ab521c379295691b8,LIDAR_TOP_LEFT,597232e78b3447358cc7fda0645a3ab2,373fca46a765439794d1ecbb5839a161,8d34cad4ea2248cd94340712297a485d,e66166adf36e4aa998b694d81e8533b7,-22.426
88f45c2252de4a4ab521c379295691b8,LIDAR_TOP_RIGHT,d2ee487cd6fc469b8e504bc87bed0225,f8849496a35c4af599b8e598afda166d,9395cc6764754c68a5832c8b6a76d22d,e66166adf36e4aa998b694d81e8533b7,27.665
88f45c2252de4a4ab521c379295691b8,RADAR_LEFT_BACK,170ed8bc46fc4a7980caf539dabe3f08,326989c743c948bf86229f525d0deb2d,e66166adf36e4aa998b694d81e8533b7,e66166adf36e4aa998b694d81e8533b7,5.732
88f45c2252de4a4ab521c379295691b8,RADAR_LEFT_FRONT,2f16e572dce4464a981612f94516b11a,5e6c5afaa842478db6066e9de8dec1ef,e66166adf36e4aa998b694d81e8533b7,e66166adf36e4aa998b694d81e8533b7,5.879
88f45c2252de4a4ab521c379295691b8,RADAR_LEFT_SIDE,3d57aeb4749846ea9b52e0c102b05f73,cbecfab3ced24bbeab0a1b1bdd4375a8,e66166adf36e4aa998b694d81e8533b7,e66166adf36e4aa998b694d81e8533b7,5.864
88f45c2252de4a4ab521c379295691b8,RADAR_RIGHT_BACK,c0e2020133b144ea9d184fbe4e82fc68,f2c73d43e0994ee8a16f930860856c0e,e66166adf36e4aa998b694d81e8533b7,e66166adf36e4aa998b694d81e8533b7,4.85
88f45c2252de4a4ab521c379295691b8,RADAR_RIGHT_FRONT,938f4b53ca704d0697a81d90594d59bb,3126c35b164c459d85e0a0555ccba628,e66166adf36e4aa998b694d81e8533b7,e66166adf36e4aa998b694d81e8533b7,3.805
88f45c2252de4a4ab521c379295691b8,RADAR_RIGHT_SIDE,e5dce155eb414f0ba7c70499c147d6b1,8bef64c60da74778a5b9ef975c97edb7,e66166adf36e4aa998b694d81e8533b7,e66166adf36e4aa998b694d81e8533b7,3.53
edda21af0d3746509b92cd66626f3c22,LIDAR_LEFT,333f565156c346c9aeee856513f7f3be,2e6c7b7b7ceb4f69be01f9006cedf58f,3c3da9810aa44483ae97f7bd6233cbbd,d83a1086258646a08ca439a265576bc4,-10.643
edda21af0d3746509b92cd66626f3c22,LIDAR_REAR,17af0569a72b4b15a5843c8713922ba9,7198b581279c431bad450deaf7669f87,395bc94130174ca194798aa7f07a1b3b,d83a1086258646a08ca439a265576bc4,-48.605
edda21af0d3746509b92cd66626f3c22,LIDAR_RIGHT,67b1beaaad0f4be68e6cb5721cd75ac6,aefabf5dd96744beb296b9881d60ff8b,a7bb140146e84d998b339fff0914bc34,d83a1086258646a08ca439a265576bc4,14.168
edda21af0d3746509b92cd66626f3c22,LIDAR_TOP_FRONT,db4f240d2f5646aa8d0595525b0ce75d,f994daad50a14ac49f1468d66eb8db62,d83a1086258646a08ca439a265576bc4,d83a1086258646a08ca439a265576bc4,2.591
edda21af0d3746509b92cd66626f3c22,LIDAR_TOP_LEFT,e0741db1d9274560b55e986d3d5fddee,373fca46a765439794d1ecbb5839a161,0ce43158ce8341d08c913fa688340ffa,d83a1086258646a08ca439a265576bc4,-22.679
edda21af0d3746509b92cd66626f3c22,LIDAR_TOP_RIGHT,7329d76ec1ab4f25bc4ca39d9bc0605b,f8849496a35c4af599b8e598afda166d,b1e82773baee4cd08e07ec9ca86e92fc,d83a1086258646a08ca439a265576bc4,27.384
edda21af0d3746509b92cd66626f3c22,RADAR_LEFT_BACK,b280662f80de4c24a1c3f2558a4f3f6b,326989c743c948bf86229f525d0deb2d,d83a1086258646a08ca439a265576bc4,d83a1086258646a08ca439a265576bc4,3.615
edda21af0d3746509b92cd66626f3c22,RADAR_LEFT_FRONT,368e9a7ea2a14b9aa6f44701c2cce931,5e6c5afaa842478db6066e9de8dec1ef,d83a1086258646a08ca439a265576bc4,d83a1086258646a08ca439a265576bc4,3.741
edda21af0d3746509b92cd66626f3c22,RADAR_LEFT_SIDE,2dc5f0d0ab1546b3b052eebd37e51ba4,cbecfab3ced24bbeab0a1b1bdd4375a8,d83a1086258646a08ca439a265576bc4,d83a1086258646a08ca439a265576bc4,3.679
edda21af0d3746509b92cd66626f3c22,RADAR_RIGHT_BACK,cb24d83275f645818172f72d7f64644d,f2c73d43e0994ee8a16f930860856c0e,395bc94130174ca194798aa7f07a1b3b,d83a1086258646a08ca439a265576bc4,-44.508
edda21af0d3746509b92cd66626f3c22,RADAR_RIGHT_FRONT,2aee997eac354495bc0ec240e9d98f05,3126c35b164c459d85e0a0555ccba628,d83a1086258646a08ca439a265576bc4,d83a1086258646a08ca439a265576bc4,4.411
edda21af0d3746509b92cd66626f3c22,RADAR_RIGHT_SIDE,73105c52aff74fb0a845eef0ff15f744,8bef64c60da74778a5b9ef975c97edb7,d83a1086258646a08ca439a265576bc4,d83a1086258646a08ca439a265576bc4,5.38
be9fd92af46f405a81143c4ebc2ec6e8,LIDAR_LEFT,f6726c2958084a18b08ef1e98684cae8,2e6c7b7b7ceb4f69be01f9006cedf58f,b98470207a064b8ab568621f2f4b2449,37cdcfbc538f445cb468f0583afe28e0,-10.636
be9fd92af46f405a81143c4ebc2ec6e8,LIDAR_REAR,23cee32681ad4caaaf724087c0f0f8f6,7198b581279c431bad450deaf7669f87,39f4552de7954d379b8f2e8afe8f8f6e,37cdcfbc538f445cb468f0583afe28e0,-48.066
be9fd92af46f405a81143c4ebc2ec6e8,LIDAR_RIGHT,6859412d45c64ede873034530eedd1ce,aefabf5dd96744beb296b9881d60ff8b,7521ccc03b034a3b9fa956fcf018326b,37cdcfbc538f445cb468f0583afe28e0,14.321
be9fd92af46f405a81143c4ebc2ec6e8,LIDAR_TOP_FRONT,1210fbea3b4b49c6ab5a547725f18747,f994daad50a14ac49f1468d66eb8db62,37cdcfbc538f445cb468f0583afe28e0,37cdcfbc538f445cb468f0583afe28e0,3.03
be9fd92af46f405a81143c4ebc2ec6e8,LIDAR_TOP_LEFT,92890cfc040345a4a482aa01e74d276d,373fca46a765439794d1ecbb5839a161,e2e1d71f26314f0b8a4cc71919fbfc5c,37cdcfbc538f445cb468f0583afe28e0,-21.989
be9fd92af46f405a81143c4ebc2ec6e8,LIDAR_TOP_RIGHT,9d7b95e0987245b39142681f02949c6b,f8849496a35c4af599b8e598afda166d,3c5710e3eb6642db9cd5fdba449fe5b4,37cdcfbc538f445cb468f0583afe28e0,28.021
be9fd92af46f405a81143c4ebc2ec6e8,RADAR_LEFT_BACK,7cc51b69adbb4cc3b14734d379bd2bda,326989c743c948bf86229f525d0deb2d,37cdcfbc538f445cb468f0583afe28e0,37cdcfbc538f445cb468f0583afe28e0,4.754
be9fd92af46f405a81143c4ebc2ec6e8,RADAR_LEFT_FRONT,4ee34ee258e040a39c562213b2146817,5e6c5afaa842478db6066e9de8dec1ef,37cdcfbc538f445cb468f0583afe28e0,37cdcfbc538f445cb468f0583afe28e0,4.834
be9fd92af46f405a81143c4ebc2ec6e8,RADAR_LEFT_SIDE,256397aba9b84d83b19d008c85e5e871,cbecfab3ced24bbeab0a1b1bdd4375a8,37cdcfbc538f445cb468f0583afe28e0,37cdcfbc538f445cb468f0583afe28e0,4.887
be9fd92af46f405a81143c4ebc2ec6e8,RADAR_RIGHT_BACK,0fa854596b124a538106d8f1462b1bd2,f2c73d43e0994ee8a16f930860856c0e,39f4552de7954d379b8f2e8afe8f8f6e,37cdcfbc538f445cb468f0583afe28e0,-42.445
be9fd92af46f405a81143c4ebc2ec6e8,RADAR_RIGHT_FRONT,127e0d0eb7f84caabff371519f389f17,3126c35b164c459d85e0a0555ccba628,37cdcfbc538f445cb468f0583afe28e0,37cdcfbc538f445cb468f0583afe28e0,6.653
be9fd92af46f405a81143c4ebc2ec6e8,RADAR_RIGHT_SIDE,02e798b0715449eca4cd6a52c70a0afc,8bef64c60da74778a5b9ef975c97edb7,37cdcfbc538f445cb468f0583afe28e0,37cdcfbc538f445cb468f0583afe28e0,7.433
bb645fdd377641b0bf0cc0e237c8f921,LIDAR_LEFT,a798042e37d345f1a22161b88830e75c,2e6c7b7b7ceb4f69be01f9006cedf58f,2b66a7f1efdd4c4699d7b6cbf0c55b31,40d513b67c904c64a82dab5b7fef97a3,-10.648
bb645fdd377641b0bf0cc0e237c8f921,LIDAR_REAR,0cb920ebd4ae4e6791e377f4432a2fd6,7198b581279c431bad450deaf7669f87,1349fcbf87e140ccb8aead3c55bb252d,40d513b67c904c64a82dab5b7fef97a3,-47.859
bb645fdd377641b0bf0cc0e237c8f921,LIDAR_RIGHT,978800db9ee4499a828e095da91506a3,aefabf5dd96744beb296b9881d60ff8b,e0e663fe48334d81a64d84588b2b34d3,40d513b67c904c64a82dab5b7fef97a3,14.668
bb645fdd377641b0bf0cc0e237c8f921,LIDAR_TOP_FRONT,f6e3996a890e44a18e60fd7ecf04a049,f994daad50a14ac49f1468d66eb8db62,40d513b67c904c64a82dab5b7fef97a3,40d513b67c904c64a82dab5b7fef97a3,3.306
bb645fdd377641b0bf0cc0e237c8f921,LIDAR_TOP_LEFT,b6f6c3e09b2644fb8c33c95fd5c3b700,373fca46a765439794d1ecbb5839a161,aeca57f6d1b6450bab2c05df1fb4adbe,40d513b67c904c64a82dab5b7fef97a3,-21.728
bb645fdd377641b0bf0cc0e237c8f921,LIDAR_TOP_RIGHT,551dee813c154dfeb71b3f56a2db5f2b,f8849496a35c4af599b8e598afda166d,5e0ec47aa6b84ced848e9f25370b27ff,40d513b67c904c64a82dab5b7fef97a3,28.487
bb645fdd377641b0bf0cc0e237c8f921,RADAR_LEFT_BACK,699dc9ef74f44ec596eb762b0bfac801,326989c743c948bf86229f525d0deb2d,40d513b67c904c64a82dab5b7fef97a3,40d513b67c904c64a82dab5b7fef97a3,7.522
bb645fdd377641b0bf0cc0e237c8f921,RADAR_LEFT_FRONT,08909fc45d2f459582efa0cb09dde04a,5e6c5afaa842478db6066e9de8dec1ef,40d513b67c904c64a82dab5b7fef97a3,40d513b67c904c64a82dab5b7fef97a3,7.73
bb645fdd377641b0bf0cc0e237c8f921,RADAR_LEFT_SIDE,2cc06c6de65543ce814cb36b2a7e067d,cbecfab3ced24bbeab0a1b1bdd4375a8,40d513b67c904c64a82dab5b7fef97a3,40d513b67c904c64a82dab5b7fef97a3,7.6
bb645fdd377641b0bf0cc0e237c8f921,RADAR_RIGHT_BACK,a0107b013ab249149209222118a80cd9,f2c73d43e0994ee8a16f930860856c0e,40d513b67c904c64a82dab5b7fef97a3,40d513b67c904c64a82dab5b7fef97a3,6.294
bb645fdd377641b0bf0cc0e237c8f921,RADAR_RIGHT_FRONT,5fe72c6f7ca743cb98d1a969e3e7e3aa,3126c35b164c459d85e0a0555ccba628,40d513b67c904c64a82dab5b7fef97a3,40d513b67c904c64a82dab5b7fef97a3,3.795
bb645fdd377641b0bf0cc0e237c8f921,RADAR_RIGHT_SIDE,9f8a1f4731e84ac8b0fbe9726d0b9886,8bef64c60da74778a5b9ef975c97edb7,40d513b67c904c64a82dab5b7fef97a3,40d513b67c904c64a82dab5b7fef97a3,4.857
b47fb153d525405b9a0969ed13866d47,LIDAR_LEFT,0562b7d53e944606bb84ac769459deaf,2e6c7b7b7ceb4f69be01f9006cedf58f,0d3f707d59264195a27d5e87c55a92cd,32a5171ca485467fa2844d5ade4c6571,-10.648
b47fb153d525405b9a0969ed13866d47,LIDAR_REAR,61281b2de9b44900ab17b68060416007,7198b581279c431bad450deaf7669f87,4f50c7c6e0ad404c91db7959630d5424,32a5171ca485467fa2844d5ade4c6571,-48.009
b47fb153d525405b9a0969ed13866d47,LIDAR_RIGHT,373f3aacfb3c4777add770abb2c5aaef,aefabf5dd96744beb296b9881d60ff8b,d60b08a18f294e0a83d26ab89dc6739c,32a5171ca485467fa2844d5ade4c6571,15.097
b47fb153d525405b9a0969ed13866d47,LIDAR_TOP_FRONT,f4363cc6a6484209a087b3ce06bd1404,f994daad50a14ac49f1468d66eb8db62,32a5171ca485467fa2844d5ade4c6571,32a5171ca485467fa2844d5ade4c6571,3.282
b47fb153d525405b9a0969ed13866d47,LIDAR_TOP_LEFT,e7eaaa6f4f0341e8bfafb6822b9ca776,373fca46a765439794d1ecbb5839a161,f663c4f03b2b48198b5e3cd04157a414,32a5171ca485467fa2844d5ade4c6571,-21.682
b47fb153d525405b9a0969ed13866d47,LIDAR_TOP_RIGHT,add8ff988bc640628f759e487e481430,f8849496a35c4af599b8e598afda166d,d56558eab6f04630ba505dfc7f200dcf,32a5171ca485467fa2844d5ade4c6571,28.447
b47fb153d525405b9a0969ed13866d47,RADAR_LEFT_BACK,28bcc1823f7146a494aae07f14d7f64c,326989c743c948bf86229f525d0deb2d,32a5171ca485467fa2844d5ade4c6571,32a5171ca485467fa2844d5ade4c6571,3.945
b47fb153d525405b9a0969ed13866d47,RADAR_LEFT_FRONT,b538cd5573c348f6953ae7444128e66f,5e6c5afaa842478db6066e9de8dec1ef,32a5171ca485467fa2844d5ade4c6571,32a5171ca485467fa2844d5ade4c6571,3.932
b47fb153d525405b9a0969ed13866d47,RADAR_LEFT_SIDE,89ec2269cede4b67a7f4d34a1dbeb388,cbecfab3ced24bbeab0a1b1bdd4375a8,32a5171ca485467fa2844d5ade4c6571,32a5171ca485467fa2844d5ade4c6571,3.957
b47fb153d525405b9a0969ed13866d47,RADAR_RIGHT_BACK,e4d59405077d4a03a15d2298930a06c0,f2c73d43e0994ee8a16f930860856c0e,32a5171ca485467fa2844d5ade4c6571,32a5171ca485467fa2844d5ade4c6571,7.721
b47fb153d525405b9a0969ed13866d47,RADAR_RIGHT_FRONT,8e4c74f0afe242988cf28f6ba5379303,3126c35b164c459d85e0a0555ccba628,32a5171ca485467fa2844d5ade4c6571,32a5171ca485467fa2844d5ade4c6571,5.482
b47fb153d525405b9a0969ed13866d47,RADAR_RIGHT_SIDE,c978845ac83c4f90ae8a52636cd62cb0,8bef64c60da74778a5b9ef975c97edb7,32a5171ca485467fa2844d5ade4c6571,32a5171ca485467fa2844d5ade4c6571,5.983
22a144007355442b88302e98c8bdfcc3,LIDAR_LEFT,88b67ba7872b4c139ecf1d27580bf0a7,2e6c7b7b7ceb4f69be01f9006cedf58f,c1c96891f1b64c61b4652bfa4016eda1,7070536a60e24a319b625b5fa11363a8,-10.651
22a144007355442b88302e98c8bdfcc3,LIDAR_REAR,a291f0247013483aab19975067dd9f3b,7198b581279c431bad450deaf7669f87,2d629fafc4924ce6b40286f3f7ec9d0a,7070536a60e24a319b625b5fa11363a8,-48.015
22a144007355442b88302e98c8bdfcc3,LIDAR_RIGHT,7edf19e29d4b4b8fb1589fe590da8c70,aefabf5dd96744beb296b9881d60ff8b,7cd7ae999fe44a9aaa98cf34c45ac393,7070536a60e24a319b625b5fa11363a8,15.466
22a144007355442b88302e98c8bdfcc3,LIDAR_TOP_FRONT,f16a7952439447d283087da9191a6389,f994daad50a14ac49f1468d66eb8db62,7070536a60e24a319b625b5fa11363a8,7070536a60e24a319b625b5fa11363a8,3.062
22a144007355442b88302e98c8bdfcc3,LIDAR_TOP_LEFT,2d71d940d97843359c658be1a5ffcdd8,373fca46a765439794d1ecbb5839a161,4dcbbd687f6643ada8a43f0196dc24ca,7070536a60e24a319b625b5fa11363a8,-21.744
22a144007355442b88302e98c8bdfcc3,LIDAR_TOP_RIGHT,0c19fabbac9040c3bedb176ed47f30ad,f8849496a35c4af599b8e598afda166d,8f7775eae9fe4b6c9fdb8e20407cdd4b,7070536a60e24a319b625b5fa11363a8,27.997
22a144007355442b88302e98c8bdfcc3,RADAR_LEFT_BACK,ef1089446b9e4f549e411447e54b340b,326989c743c948bf86229f525d0deb2d,7070536a60e24a319b625b5fa11363a8,7070536a60e24a319b625b5fa11363a8,5.66
22a144007355442b88302e98c8bdfcc3,RADAR_LEFT_FRONT,400bf35e76eb434f88329270512b4c54,5e6c5afaa842478db6066e9de8dec1ef,7070536a60e24a319b625b5fa11363a8,7070536a60e24a319b625b5fa11363a8,5.78
22a144007355442b88302e98c8bdfcc3,RADAR_LEFT_SIDE,fab39c3328ba4304a7ac44629ca289aa,cbecfab3ced24bbeab0a1b1bdd4375a8,7070536a60e24a319b625b5fa11363a8,7070536a60e24a319b625b5fa11363a8,5.7
22a144007355442b88302e98c8bdfcc3,RADAR_RIGHT_BACK,0447f1d492bf4ea69048f86275daf7b3,f2c73d43e0994ee8a16f930860856c0e,7070536a60e24a319b625b5fa11363a8,7070536a60e24a319b625b5fa11363a8,4.627
22a144007355442b88302e98c8bdfcc3,RADAR_RIGHT_FRONT,59bebb809ff748df927b7502e54a8647,3126c35b164c459d85e0a0555ccba628,7070536a60e24a319b625b5fa11363a8,7070536a60e24a319b625b5fa11363a8,6.118
22a144007355442b88302e98c8bdfcc3,RADAR_RIGHT_SIDE,b9d2113aafbc4e7d9e37fb4779fbfbcb,8bef64c60da74778a5b9ef975c97edb7,7070536a60e24a319b625b5fa11363a8,7070536a60e24a319b625b5fa11363a8,7.181
65e601eefa2c4897aa403b73eb732f4b,LIDAR_LEFT,d8f8a4194a4a4cad992e31fc9684d245,2e6c7b7b7ceb4f69be01f9006cedf58f,e06bc024e23442328093af0dc64de1b2,bea3753a094548aaa33a63b177d6312b,-10.646
65e601eefa2c4897aa403b73eb732f4b,LIDAR_REAR,f8d83dd8a61845538bd391475e2404d4,7198b581279c431bad450deaf7669f87,40a1ad2cc9b44a30a7a2d4ce3b01507b,bea3753a094548aaa33a63b177d6312b,-48.222
65e601eefa2c4897aa403b73eb732f4b,LIDAR_RIGHT,5907e6780b3a49e4919addf3f46d3c02,aefabf5dd96744beb296b9881d60ff8b,d534f4578a7e4282894e947f1b12a4ba,bea3753a094548aaa33a63b177d6312b,14.597
65e601eefa2c4897aa403b73eb732f4b,LIDAR_TOP_FRONT,fc1ff32215dc4e06ad750d2e33537d8f,f994daad50a14ac49f1468d66eb8db62,bea3753a094548aaa33a63b177d6312b,bea3753a094548aaa33a63b177d6312b,2.831
65e601eefa2c4897aa403b73eb732f4b,LIDAR_TOP_LEFT,e5bbbbf7e9e24d88befd5e59315d2f11,373fca46a765439794d1ecbb5839a161,8d3c53f9aafc4fd28880f548239b722b,bea3753a094548aaa33a63b177d6312b,-22.107
65e601eefa2c4897aa403b73eb732f4b,LIDAR_TOP_RIGHT,5dc40b1ca3794a46a9d392daffe2fa84,f8849496a35c4af599b8e598afda166d,9980348c69a249bfaac6572938433588,bea3753a094548aaa33a63b177d6312b,27.478
65e601eefa2c4897aa403b73eb732f4b,RADAR_LEFT_BACK,04f348f45e4d4f4fa0419ab5df553009,326989c743c948bf86229f525d0deb2d,bea3753a094548aaa33a63b177d6312b,bea3753a094548aaa33a63b177d6312b,7.114
65e601eefa2c4897aa403b73eb732f4b,RADAR_LEFT_FRONT,e346befeb03043a2952aa0cf4fc8af47,5e6c5afaa842478db6066e9de8dec1ef,bea3753a094548aaa33a63b177d6312b,bea3753a094548aaa33a63b177d6312b,7.115
65e601eefa2c4897aa403b73eb732f4b,RADAR_LEFT_SIDE,90381bf81706473dbae50ea4c0e324b8,cbecfab3ced24bbeab0a1b1bdd4375a8,bea3753a094548aaa33a63b177d6312b,bea3753a094548aaa33a63b177d6312b,7.041
65e601eefa2c4897aa403b73eb732f4b,RADAR_RIGHT_BACK,a3ac97407e544bf3a937e61b935b8700,f2c73d43e0994ee8a16f930860856c0e,40a1ad2cc9b44a30a7a2d4ce3b01507b,bea3753a094548aaa33a63b177d6312b,-46.546
65e601eefa2c4897aa403b73eb732f4b,RADAR_RIGHT_FRONT,fecc1710e9bc494fa0245c9125987391,3126c35b164c459d85e0a0555ccba628,bea3753a094548aaa33a63b177d6312b,bea3753a094548aaa33a63b177d6312b,3.859
65e601eefa2c4897aa403b73eb732f4b,RADAR_RIGHT_SIDE,a2c5d38dd0c14e909aaa85b2f0807aac,8bef64c60da74778a5b9ef975c97edb7,bea3753a094548aaa33a63b177d6312b,bea3753a094548aaa33a63b177d6312b,3.27
5fa7a0d7ce294937aa6c752ffc289a99,LIDAR_LEFT,285ff7e7f28244439ef486a2b01b5444,2e6c7b7b7ceb4f69be01f9006cedf58f,3bb4028ba7e649f98f90d2b9518e86b6,5ae0718c469b4b669caa3d9e7e63461e,-10.639
5fa7a0d7ce294937aa6c752ffc289a99,LIDAR_REAR,dac4a271887e40a5b3e52dd676edff59,7198b581279c431bad450deaf7669f87,41c112350b234ef980a26bdfa7739758,5ae0718c469b4b669caa3d9e7e63461e,-48.066
5fa7a0d7ce294937aa6c752ffc289a99,LIDAR_RIGHT,448d7a4a79324f7785b8d2ee91308405,aefabf5dd96744beb296b9881d60ff8b,13ddbc6551974600ab901984cc691d7b,5ae0718c469b4b669caa3d9e7e63461e,14.444
5fa7a0d7ce294937aa6c752ffc289a99,LIDAR_TOP_FRONT,e2ddcdbad4dd41b8b98fc7378946c62d,f994daad50a14ac49f1468d66eb8db62,5ae0718c469b4b669caa3d9e7e63461e,5ae0718c469b4b669caa3d9e7e63461e,2.93
5fa7a0d7ce294937aa6c752ffc289a99,LIDAR_TOP_LEFT,12ed57547d0549f2b6ebd7e70db014f0,373fca46a765439794d1ecbb5839a161,9c2493bf6094471ea3189ecf2cfbcdc6,5ae0718c469b4b669caa3d9e7e63461e,-21.941
5fa7a0d7ce294937aa6c752ffc289a99,LIDAR_TOP_RIGHT,e86b03eb06734256ae193725a557d17b,f8849496a35c4af599b8e598afda166d,50ecfcd41bf74e1e8ec02bdf2d318422,5ae0718c469b4b669caa3d9e7e63461e,27.761
5fa7a0d7ce294937aa6c752ffc289a99,RADAR_LEFT_BACK,88974be924554254bfdcd5b178bfd131,326989c743c948bf86229f525d0deb2d,5ae0718c469b4b669caa3d9e7e63461e,5ae0718c469b4b669caa3d9e7e63461e,4.151
5fa7a0d7ce294937aa6c752ffc289a99,RADAR_LEFT_FRONT,db3324cb8ff04e1892d4ad6fd3c510ae,5e6c5afaa842478db6066e9de8dec1ef,5ae0718c469b4b669caa3d9e7e63461e,5ae0718c469b4b669caa3d9e7e63461e,4.303
5fa7a0d7ce294937aa6c752ffc289a99,RADAR_LEFT_SIDE,c942e46e51174f5f911ef59918a5d25e,cbecfab3ced24bbeab0a1b1bdd4375a8,5ae0718c469b4b669caa3d9e7e63461e,5ae0718c469b4b669caa3d9e7e63461e,4.339
5fa7a0d7ce294937aa6c752ffc289a99,RADAR_RIGHT_BACK,7557265c3ecb4a17bbc69ba2741d1a36,f2c73d43e0994ee8a16f930860856c0e,5ae0718c469b4b669caa3d9e7e63461e,5ae0718c469b4b669caa3d9e7e63461e,7.216
5fa7a0d7ce294937aa6c752ffc289a99,RADAR_RIGHT_FRONT,577009e423804969a65ca6023a8215c2,3126c35b164c459d85e0a0555ccba628,5ae0718c469b4b669caa3d9e7e63461e,5ae0718c469b4b669caa3d9e7e63461e,4.726
5fa7a0d7ce294937aa6c752ffc289a99,RADAR_RIGHT_SIDE,3bd5549cc06b42c4b75feba1c00ddf47,8bef64c60da74778a5b9ef975c97edb7,5ae0718c469b4b669caa3d9e7e63461e,5ae0718c469b4b669caa3d9e7e63461e,5.64
56d617998a924daab151906f9f927ce8,LIDAR_LEFT,955ebbce856a41ecb35e82a70a74898a,2e6c7b7b7ceb4f69be01f9006cedf58f,252398a6070d4ae6bd77554746cc0efc,8ed3dd3b08ad4b5a86ace5a653565019,-10.64
56d617998a924daab151906f9f927ce8,LIDAR_REAR,94cd8186fc68477495bd458c831d4579,7198b581279c431bad450deaf7669f87,5d5505b15265485a8eda9ca28d6adc3c,8ed3dd3b08ad4b5a86ace5a653565019,-47.834
56d617998a924daab151906f9f927ce8,LIDAR_RIGHT,7816342533054d90b1b6b6a29c01d48e,aefabf5dd96744beb296b9881d60ff8b,b7c53c43b18841cca6402cb750b1e0c5,8ed3dd3b08ad4b5a86ace5a653565019,14.877
56d617998a924daab151906f9f927ce8,LIDAR_TOP_FRONT,356f2593a06b41cfa2179b0ea83f84cf,f994daad50a14ac49f1468d66eb8db62,8ed3dd3b08ad4b5a86ace5a653565019,8ed3dd3b08ad4b5a86ace5a653565019,3.263
56d617998a924daab151906f9f927ce8,LIDAR_TOP_LEFT,e7eefe0c01124e12a9a0f6930ece3f92,373fca46a765439794d1ecbb5839a161,e91c550f409149948a3c3ca5338b5f93,8ed3dd3b08ad4b5a86ace5a653565019,-21.68
56d617998a924daab151906f9f927ce8,LIDAR_TOP_RIGHT,6ba71a0f339d4bcc81c60199268fe263,f8849496a35c4af599b8e598afda166d,a97f69ba58ef4080a331fd6398aa3f87,8ed3dd3b08ad4b5a86ace5a653565019,28.079
56d617998a924daab151906f9f927ce8,RADAR_LEFT_BACK,7af494051ac441f7a4624980c1b0a02a,326989c743c948bf86229f525d0deb2d,8ed3dd3b08ad4b5a86ace5a653565019,8ed3dd3b08ad4b5a86ace5a653565019,6.34
56d617998a924daab151906f9f927ce8,RADAR_LEFT_FRONT,273a6e1ae7a24f3fa0fdd723d2e4ca6a,5e6c5afaa842478db6066e9de8dec1ef,8ed3dd3b08ad4b5a86ace5a653565019,8ed3dd3b08ad4b5a86ace5a653565019,5.873
56d617998a924daab151906f9f927ce8,RADAR_LEFT_SIDE,1b0cb479ad44472194490f79861c026f,cbecfab3ced24bbeab0a1b1bdd4375a8,8ed3dd3b08ad4b5a86ace5a653565019,8ed3dd3b08ad4b5a86ace5a653565019,5.867
56d617998a924daab151906f9f927ce8,RADAR_RIGHT_BACK,38f15011ea9a4c4f89fbfbf276b9f34d,f2c73d43e0994ee8a16f930860856c0e,8ed3dd3b08ad4b5a86ace5a653565019,8ed3dd3b08ad4b5a86ace5a653565019,3.899
56d617998a924daab151906f9f927ce8,RADAR_RIGHT_FRONT,e6651ac8045a40098bacfac3d462e4e3,3126c35b164c459d85e0a0555ccba628,8ed3dd3b08ad4b5a86ace5a653565019,8ed3dd3b08ad4b5a86ace5a653565019,7.684
56d617998a924daab151906f9f927ce8,RADAR_RIGHT_SIDE,a6c3d7947e60467788da4752a19d19ff,8bef64c60da74778a5b9ef975c97edb7,8ed3dd3b08ad4b5a86ace5a653565019,8ed3dd3b08ad4b5a86ace5a653565019,7.307
bef4f31700da4be6b6d5e00e8d2f069f,LIDAR_LEFT,773d244863b44125b5d5d42d0abc1b34,2e6c7b7b7ceb4f69be01f9006cedf58f,ca5243f122d54c11b18464341c8ff6c6,99c4ab13bdfa48028e5c3777856b86a3,-10.647
bef4f31700da4be6b6d5e00e8d2f069f,LIDAR_REAR,3a4e1fcf958e429caf56755c9518db69,7198b581279c431bad450deaf7669f87,f108e16236d74316afb5df6ddbb29d90,99c4ab13bdfa48028e5c3777856b86a3,-47.657
bef4f31700da4be6b6d5e00e8d2f069f,LIDAR_RIGHT,a4c2d20b77904fa4bf33aaa520996ead,aefabf5dd96744beb296b9881d60ff8b,160cbfdebb1a49498b249d6884b19635,99c4ab13bdfa48028e5c3777856b86a3,15.155
bef4f31700da4be6b6d5e00e8d2f069f,LIDAR_TOP_FRONT,bf778c37e53449079024c1d13a8879c0,f994daad50a14ac49f1468d66eb8db62,99c4ab13bdfa48028e5c3777856b86a3,99c4ab13bdfa48028e5c3777856b86a3,3.483
bef4f31700da4be6b6d5e00e8d2f069f,LIDAR_TOP_LEFT,88f7fd4e63c240d69ac86a73d9d55adc,373fca46a765439794d1ecbb5839a161,a2836c037e2b43bd9c026d8ec84f54c1,99c4ab13bdfa48028e5c3777856b86a3,-21.511
bef4f31700da4be6b6d5e00e8d2f069f,LIDAR_TOP_RIGHT,4be3181bbe3047828bcf4e76a451bf7e,f8849496a35c4af599b8e598afda166d,6fc519d4757f4d149ebac638851e300e,99c4ab13bdfa48028e5c3777856b86a3,28.307
bef4f31700da4be6b6d5e00e8d2f069f,RADAR_LEFT_BACK,a261c515589b4ff9965cf086aef48708,326989c743c948bf86229f525d0deb2d,99c4ab13bdfa48028e5c3777856b86a3,99c4ab13bdfa48028e5c3777856b86a3,7.637
bef4f31700da4be6b6d5e00e8d2f069f,RADAR_LEFT_FRONT,ca11f6ab58b746a880f654c1d4774aba,5e6c5afaa842478db6066e9de8dec1ef,99c4ab13bdfa48028e5c3777856b86a3,99c4ab13bdfa48028e5c3777856b86a3,7.645
bef4f31700da4be6b6d5e00e8d2f069f,RADAR_LEFT_SIDE,2e2560ea883f4fcdb303be211403a693,cbecfab3ced24bbeab0a1b1bdd4375a8,99c4ab13bdfa48028e5c3777856b86a3,99c4ab13bdfa48028e5c3777856b86a3,7.603
bef4f31700da4be6b6d5e00e8d2f069f,RADAR_RIGHT_BACK,6f7f9dc861ef4485906aa0196f22d9a9,f2c73d43e0994ee8a16f930860856c0e,99c4ab13bdfa48028e5c3777856b86a3,99c4ab13bdfa48028e5c3777856b86a3,6.185
bef4f31700da4be6b6d5e00e8d2f069f,RADAR_RIGHT_FRONT,8632d1f728fd4824b69f1e5fc43b18b1,3126c35b164c459d85e0a0555ccba628,99c4ab13bdfa48028e5c3777856b86a3,99c4ab13bdfa48028e5c3777856b86a3,4.36
bef4f31700da4be6b6d5e00e8d2f069f,RADAR_RIGHT_SIDE,21ac67e0f5314b2fb0ed1a13bbb8d342,8bef64c60da74778a5b9ef975c97edb7,99c4ab13bdfa48028e5c3777856b86a3,99c4ab13bdfa48028e5c3777856b86a3,4.57
66b74e3b07944e3093c3ff399906a677,LIDAR_LEFT,72629ea3fd3d459bbbefb983fc588261,2e6c7b7b7ceb4f69be01f9006cedf58f,27516ee012e54c9cb611a0902fb770b0,ee2f01a7bbaf4341b487971a801f8b34,-10.66
66b74e3b07944e3093c3ff399906a677,LIDAR_REAR,68f8828edc7446f182a1226291055a4a,7198b581279c431bad450deaf7669f87,824c520df4c9463a83257ee30cf5cb30,ee2f01a7bbaf4341b487971a801f8b34,-48.085
66b74e3b07944e3093c3ff399906a677,LIDAR_RIGHT,99fab05e607d424881f11afc737c6338,aefabf5dd96744beb296b9881d60ff8b,a8705739a3d84b4aa38719b5aa2b0ad5,ee2f01a7bbaf4341b487971a801f8b34,14.33
66b74e3b07944e3093c3ff399906a677,LIDAR_TOP_FRONT,af184d660dea4a3697207a2e48f1f6df,f994daad50a14ac49f1468d66eb8db62,ee2f01a7bbaf4341b487971a801f8b34,ee2f01a7bbaf4341b487971a801f8b34,2.884
66b74e3b07944e3093c3ff399906a677,LIDAR_TOP_LEFT,48b43b7a8039441dbc4ed8388a01b663,373fca46a765439794d1ecbb5839a161,638258290487474d8e54878592fcb28d,ee2f01a7bbaf4341b487971a801f8b34,-22.124
66b74e3b07944e3093c3ff399906a677,LIDAR_TOP_RIGHT,acac5b568a7c48ba9c83f4bd35e3b94d,f8849496a35c4af599b8e598afda166d,f29286c3985946bd845ee523103b733e,ee2f01a7bbaf4341b487971a801f8b34,27.989
66b74e3b07944e3093c3ff399906a677,RADAR_LEFT_BACK,980a96a3bf314e049727e50f9970d36e,326989c743c948bf86229f525d0deb2d,ee2f01a7bbaf4341b487971a801f8b34,ee2f01a7bbaf4341b487971a801f8b34,3.664
66b74e3b07944e3093c3ff399906a677,RADAR_LEFT_FRONT,6647d0af96ed45ecb15ec4bddfca485d,5e6c5afaa842478db6066e9de8dec1ef,ee2f01a7bbaf4341b487971a801f8b34,ee2f01a7bbaf4341b487971a801f8b34,3.493
66b74e3b07944e3093c3ff399906a677,RADAR_LEFT_SIDE,8b439fec667e4097b91260296bc06f18,cbecfab3ced24bbeab0a1b1bdd4375a8,ee2f01a7bbaf4341b487971a801f8b34,ee2f01a7bbaf4341b487971a801f8b34,3.558
66b74e3b07944e3093c3ff399906a677,RADAR_RIGHT_BACK,e978a5451f24484fa3490561c473744b,f2c73d43e0994ee8a16f930860856c0e,ee2f01a7bbaf4341b487971a801f8b34,ee2f01a7bbaf4341b487971a801f8b34,7.298
66b74e3b07944e3093c3ff399906a677,RADAR_RIGHT_FRONT,51281398fc2a44df8d76f7ec2b5e0476,3126c35b164c459d85e0a0555ccba628,ee2f01a7bbaf4341b487971a801f8b34,ee2f01a7bbaf4341b487971a801f8b34,6.009
66b74e3b07944e3093c3ff399906a677,RADAR_RIGHT_SIDE,63ce21e283734be68d87ab3a4f7bd6a7,8bef64c60da74778a5b9ef975c97edb7,ee2f01a7bbaf4341b487971a801f8b34,ee2f01a7bbaf4341b487971a801f8b34,5.209
6639726833f3487e84af32dcdeb5ca97,LIDAR_LEFT,cb615cfa6530484f92b9785da55183b7,2e6c7b7b7ceb4f69be01f9006cedf58f,fb5f89307e584666a9ecd71ca9528d08,9f20190a75b24ce589fc2c96100effa1,-10.654
6639726833f3487e84af32dcdeb5ca97,LIDAR_REAR,148473980f5b4e26bd2519bb62893be7,7198b581279c431bad450deaf7669f87,ecd36078c46b44599a85b9034054ba29,9f20190a75b24ce589fc2c96100effa1,-48.427
6639726833f3487e84af32dcdeb5ca97,LIDAR_RIGHT,20562c7c405545cea14db79e6f6b9c80,aefabf5dd96744beb296b9881d60ff8b,b1d4551c179346f79b9f83e69bfd03e8,9f20190a75b24ce589fc2c96100effa1,13.99
6639726833f3487e84af32dcdeb5ca97,LIDAR_TOP_FRONT,1d01db889be34b7ca7f14425a5310036,f994daad50a14ac49f1468d66eb8db62,9f20190a75b24ce589fc2c96100effa1,9f20190a75b24ce589fc2c96100effa1,2.187
6639726833f3487e84af32dcdeb5ca97,LIDAR_TOP_LEFT,62d880c08eae4ffa8d2a744eb69baffd,373fca46a765439794d1ecbb5839a161,2d50fe68433449589bea95986e55e7e8,9f20190a75b24ce589fc2c96100effa1,-22.687
6639726833f3487e84af32dcdeb5ca97,LIDAR_TOP_RIGHT,c12f71c6da85470591bf8e5b578297af,f8849496a35c4af599b8e598afda166d,3c9f8ec970d446b080c4481e2048fab3,9f20190a75b24ce589fc2c96100effa1,27.676
6639726833f3487e84af32dcdeb5ca97,RADAR_LEFT_BACK,8df7793e03104205a1b8851d3a025cf5,326989c743c948bf86229f525d0deb2d,9f20190a75b24ce589fc2c96100effa1,9f20190a75b24ce589fc2c96100effa1,5.334
6639726833f3487e84af32dcdeb5ca97,RADAR_LEFT_FRONT,c71391618ffd4902b3d053dca583a7c9,5e6c5afaa842478db6066e9de8dec1ef,9f20190a75b24ce589fc2c96100effa1,9f20190a75b24ce589fc2c96100effa1,5.153
6639726833f3487e84af32dcdeb5ca97,RADAR_LEFT_SIDE,de83f8c2fd254cdab90051196f203ade,cbecfab3ced24bbeab0a1b1bdd4375a8,9f20190a75b24ce589fc2c96100effa1,9f20190a75b24ce589fc2c96100effa1,5.096
6639726833f3487e84af32dcdeb5ca97,RADAR_RIGHT_BACK,1f6a016a62e647b492e2bc0d2786e4ce,f2c73d43e0994ee8a16f930860856c0e,9f20190a75b24ce589fc2c96100effa1,9f20190a75b24ce589fc2c96100effa1,3.758
6639726833f3487e84af32dcdeb5ca97,RADAR_RIGHT_FRONT,8d440d1356fa4464aa3d92421a996b5a,3126c35b164c459d85e0a0555ccba628,9f20190a75b24ce589fc2c96100effa1,9f20190a75b24ce589fc2c96100effa1,7.025
6639726833f3487e84af32dcdeb5ca97,RADAR_RIGHT_SIDE,9bff69940c4b4322a2fd92cc9ae29440,8bef64c60da74778a5b9ef975c97edb7,9f20190a75b24ce589fc2c96100effa1,9f20190a75b24ce589fc2c96100effa1,6.457
1d6eca27a2d846babba94511cdb92ce8,LIDAR_LEFT,8ae40bc1cabe468b91bd4d95feb3e1d3,2e6c7b7b7ceb4f69be01f9006cedf58f,36cbfa4cfbe4435e8e51d287a1b8e71f,9e5cd739ee1048aea4edb5699ee32942,-10.654
1d6eca27a2d846babba94511cdb92ce8,LIDAR_REAR,c0ee7879d57a4afba534f07219d09c44,7198b581279c431bad450deaf7669f87,eff7da5be7d64a809c0492ea2aaa37c7,9e5cd739ee1048aea4edb5699ee32942,-48.739
1d6eca27a2d846babba94511cdb92ce8,LIDAR_RIGHT,868f096979764d3a86ee51aa20a267d6,aefabf5dd96744beb296b9881d60ff8b,8e82eb4e0aa84745ae36e7ca72f61017,9e5cd739ee1048aea4edb5699ee32942,13.772
1d6eca27a2d846babba94511cdb92ce8,LIDAR_TOP_FRONT,23591031447144bfbb18a47544f131cd,f994daad50a14ac49f1468d66eb8db62,9e5cd739ee1048aea4edb5699ee32942,9e5cd739ee1048aea4edb5699ee32942,1.657
1d6eca27a2d846babba94511cdb92ce8,LIDAR_TOP_LEFT,148b5722d7834818aec15099823405e5,373fca46a765439794d1ecbb5839a161,196da5fe0e624f5c8e6e04e5aed90613,9e5cd739ee1048aea4edb5699ee32942,-22.898
1d6eca27a2d846babba94511cdb92ce8,LIDAR_TOP_RIGHT,ee91a1f6572448418ff464267d8e6536,f8849496a35c4af599b8e598afda166d,ba0db5551fc64985a1291ed1b4424eb3,9e5cd739ee1048aea4edb5699ee32942,27.59
1d6eca27a2d846babba94511cdb92ce8,RADAR_LEFT_BACK,6e9dc23e9a0a489eb100aea2e7e19260,326989c743c948bf86229f525d0deb2d,9e5cd739ee1048aea4edb5699ee32942,9e5cd739ee1048aea4edb5699ee32942,6.378
1d6eca27a2d846babba94511cdb92ce8,RADAR_LEFT_FRONT,0c1eeb374dca4cd29376e90d46985224,5e6c5afaa842478db6066e9de8dec1ef,9e5cd739ee1048aea4edb5699ee32942,9e5cd739ee1048aea4edb5699ee32942,6.258
1d6eca27a2d846babba94511cdb92ce8,RADAR_LEFT_SIDE,e015612885534a489f327f2305fd56f3,cbecfab3ced24bbeab0a1b1bdd4375a8,9e5cd739ee1048aea4edb5699ee32942,9e5cd739ee1048aea4edb5699ee32942,6.246
1d6eca27a2d846babba94511cdb92ce8,RADAR_RIGHT_BACK,21e4a20ff9c248f59a3f244925cfb40a,f2c73d43e0994ee8a16f930860856c0e,9e5cd739ee1048aea4edb5699ee32942,9e5cd739ee1048aea4edb5699ee32942,4.698
1d6eca27a2d846babba94511cdb92ce8,RADAR_RIGHT_FRONT,c521a9bb916048d1851e8a3805322f7f,3126c35b164c459d85e0a0555ccba628,9e5cd739ee1048aea4edb5699ee32942,9e5cd739ee1048aea4edb5699ee32942,3.823
1d6eca27a2d846babba94511cdb92ce8,RADAR_RIGHT_SIDE,42f3a549e424496f82e468537fe18c6a,8bef64c60da74778a5b9ef975c97edb7,9e5cd739ee1048aea4edb5699ee32942,9e5cd739ee1048aea4edb5699ee32942,3.432
5246ab26fe1e49679c1feb5a49f2155b,LIDAR_LEFT,b8cbc3cd76004ff2aa2a25c128b5e918,2e6c7b7b7ceb4f69be01f9006cedf58f,037f4f17d882429cae00cdf9b49377bd,0b7faf3bf63940949f3b481e0dd825b9,-10.644
5246ab26fe1e49679c1feb5a49f2155b,LIDAR_REAR,a2be4f796ba94b3a95b3721b96b82788,7198b581279c431bad450deaf7669f87,9dc3bb66eb0046e7a9dff4d5d7f4425a,0b7faf3bf63940949f3b481e0dd825b9,-48.88
5246ab26fe1e49679c1feb5a49f2155b,LIDAR_RIGHT,886b6fcd734c49da9338801e26a281a0,aefabf5dd96744beb296b9881d60ff8b,95be719c588d4309b4beccfcf11b808d,0b7faf3bf63940949f3b481e0dd825b9,13.742
5246ab26fe1e49679c1feb5a49f2155b,LIDAR_TOP_FRONT,a29a4bb4782c4e808c81b7ed41f2de51,f994daad50a14ac49f1468d66eb8db62,0b7faf3bf63940949f3b481e0dd825b9,0b7faf3bf63940949f3b481e0dd825b9,1.73
5246ab26fe1e49679c1feb5a49f2155b,LIDAR_TOP_LEFT,5cae618511b84cd59bcee91a79f18da0,373fca46a765439794d1ecbb5839a161,3987957aa26c41b980f213faf9bbfd37,0b7faf3bf63940949f3b481e0dd825b9,-23.089
5246ab26fe1e49679c1feb5a49f2155b,LIDAR_TOP_RIGHT,4c588c2d56b24c688d243a1a6718929c,f8849496a35c4af599b8e598afda166d,11326943837a422aad041651ca9f502a,0b7faf3bf63940949f3b481e0dd825b9,27.447
5246ab26fe1e49679c1feb5a49f2155b,RADAR_LEFT_BACK,49040705aef8416fb4a385a9a43b58ca,326989c743c948bf86229f525d0deb2d,0b7faf3bf63940949f3b481e0dd825b9,0b7faf3bf63940949f3b481e0dd825b9,3.33
5246ab26fe1e49679c1feb5a49f2155b,RADAR_LEFT_FRONT,232b6830769c4f81915a3dcecef7bf9b,5e6c5afaa842478db6066e9de8dec1ef,0b7faf3bf63940949f3b481e0dd825b9,0b7faf3bf63940949f3b481e0dd825b9,3.092
5246ab26fe1e49679c1feb5a49f2155b,RADAR_LEFT_SIDE,d6eb17adb1c0412e972fbb2d2d253a25,cbecfab3ced24bbeab0a1b1bdd4375a8,0b7faf3bf63940949f3b481e0dd825b9,0b7faf3bf63940949f3b481e0dd825b9,3.079
5246ab26fe1e49679c1feb5a49f2155b,RADAR_RIGHT_BACK,43bd727c19c34a1aad06af1cc72d49e6,f2c73d43e0994ee8a16f930860856c0e,0b7faf3bf63940949f3b481e0dd825b9,0b7faf3bf63940949f3b481e0dd825b9,6.203
5246ab26fe1e49679c1feb5a49f2155b,RADAR_RIGHT_FRONT,1bfde1307259448b9a71a5463f88d0f9,3126c35b164c459d85e0a0555ccba628,0b7faf3bf63940949f3b481e0dd825b9,0b7faf3bf63940949f3b481e0dd825b9,4.983
5246ab26fe1e49679c1feb5a49f2155b,RADAR_RIGHT_SIDE,6643327fc86a419683a299786dc6b39f,8bef64c60da74778a5b9ef975c97edb7,0b7faf3bf63940949f3b481e0dd825b9,0b7faf3bf63940949f3b481e0dd825b9,4.141
c077a9424ba74b41b1f7388437a26db8,LIDAR_LEFT,409406789613473094df4beadc3a0ccf,2e6c7b7b7ceb4f69be01f9006cedf58f,7a56dbf37dba4455b3b0a2f79eb4dd5e,25da1b12d8b4434e8d71d52114084bc0,-10.631
c077a9424ba74b41b1f7388437a26db8,LIDAR_REAR,c40c147ce67745d8a75e5b0bae00b51e,7198b581279c431bad450deaf7669f87,750d91530d06493ba7eb5b81fa827e85,25da1b12d8b4434e8d71d52114084bc0,-48.384
c077a9424ba74b41b1f7388437a26db8,LIDAR_RIGHT,60ec3434ee564f7d8d293191ea526ac9,aefabf5dd96744beb296b9881d60ff8b,a7ee9072dff844a9a9305e930f00f866,25da1b12d8b4434e8d71d52114084bc0,13.943
c077a9424ba74b41b1f7388437a26db8,LIDAR_TOP_FRONT,58c429cbcd6c495b9e60f482e52d3bfa,f994daad50a14ac49f1468d66eb8db62,25da1b12d8b4434e8d71d52114084bc0,25da1b12d8b4434e8d71d52114084bc0,2.41
c077a9424ba74b41b1f7388437a26db8,LIDAR_TOP_LEFT,9dfbb705df2b43bc91dc28de6a13d73e,373fca46a765439794d1ecbb5839a161,bbf02d9747934701836fd106c0df7caf,25da1b12d8b4434e8d71d52114084bc0,-22.36
c077a9424ba74b41b1f7388437a26db8,LIDAR_TOP_RIGHT,466a3e17c517405b8da06f12807da9db,f8849496a35c4af599b8e598afda166d,68e7e341e67446aca469f44c67717472,25da1b12d8b4434e8d71d52114084bc0,27.84
c077a9424ba74b41b1f7388437a26db8,RADAR_LEFT_BACK,c26d6f5612b74fb7b8a8f8875386e1a6,326989c743c948bf86229f525d0deb2d,25da1b12d8b4434e8d71d52114084bc0,25da1b12d8b4434e8d71d52114084bc0,5.104
c077a9424ba74b41b1f7388437a26db8,RADAR_LEFT_FRONT,6c804ac6328944c8a8b2fb982300c3e7,5e6c5afaa842478db6066e9de8dec1ef,25da1b12d8b4434e8d71d52114084bc0,25da1b12d8b4434e8d71d52114084bc0,4.917
c077a9424ba74b41b1f7388437a26db8,RADAR_LEFT_SIDE,39a0937950e94236915f81fa8176114c,cbecfab3ced24bbeab0a1b1bdd4375a8,25da1b12d8b4434e8d71d52114084bc0,25da1b12d8b4434e8d71d52114084bc0,4.868
c077a9424ba74b41b1f7388437a26db8,RADAR_RIGHT_BACK,b233749fbf1148069ad240ccb754fb09,f2c73d43e0994ee8a16f930860856c0e,25da1b12d8b4434e8d71d52114084bc0,25da1b12d8b4434e8d71d52114084bc0,4.096
c077a9424ba74b41b1f7388437a26db8,RADAR_RIGHT_FRONT,b0a5a9a6e5a44878897a4c02da596913,3126c35b164c459d85e0a0555ccba628,25da1b12d8b4434e8d71d52114084bc0,25da1b12d8b4434e8d71d52114084bc0,6.87
c077a9424ba74b41b1f7388437a26db8,RADAR_RIGHT_SIDE,99b8764dfa3f48bea6179e7355b9a45a,8bef64c60da74778a5b9ef975c97edb7,25da1b12d8b4434e8d71d52114084bc0,25da1b12d8b4434e8d71d52114084bc0,6.328
b9d620dd5b0d460c9e6bcbba8869e234,LIDAR_LEFT,1fdbdfa4e5274899a337781f43e18ff7,2e6c7b7b7ceb4f69be01f9006cedf58f,23ed4b4577b74cd78dea6a519ca3596b,ee54056d24164d328cdd3a8622b284b8,-10.641
b9d620dd5b0d460c9e6bcbba8869e234,LIDAR_REAR,f83c8533b07e4342adeee7a836314f09,7198b581279c431bad450deaf7669f87,fd06ea3bfb5644cc905b5fd36e039573,ee54056d24164d328cdd3a8622b284b8,-47.9
b9d620dd5b0d460c9e6bcbba8869e234,LIDAR_RIGHT,fa5d0b96ac084d8c830d43ce5c009b55,aefabf5dd96744beb296b9881d60ff8b,4e312a96268a4737b73d61796cece032,ee54056d24164d328cdd3a8622b284b8,14.709
b9d620dd5b0d460c9e6bcbba8869e234,LIDAR_TOP_FRONT,9ab457c6e5804049b7b4babe343e93e3,f994daad50a14ac49f1468d66eb8db62,ee54056d24164d328cdd3a8622b284b8,ee54056d24164d328cdd3a8622b284b8,2.841
b9d620dd5b0d460c9e6bcbba8869e234,LIDAR_TOP_LEFT,c341a17662164fd397754212cf267672,373fca46a765439794d1ecbb5839a161,d4417fe996074397b6c147394b88a05a,ee54056d24164d328cdd3a8622b284b8,-21.883
b9d620dd5b0d460c9e6bcbba8869e234,LIDAR_TOP_RIGHT,aa36a01b5eb9429da4ae88c30b7240dc,f8849496a35c4af599b8e598afda166d,e4035d7173104599858a34080f9e0df1,ee54056d24164d328cdd3a8622b284b8,28.247
b9d620dd5b0d460c9e6bcbba8869e234,RADAR_LEFT_BACK,34e6fd22afa2482cab328bec07031cc8,326989c743c948bf86229f525d0deb2d,ee54056d24164d328cdd3a8622b284b8,ee54056d24164d328cdd3a8622b284b8,7.011
b9d620dd5b0d460c9e6bcbba8869e234,RADAR_LEFT_FRONT,0aab51f9f1cd439ca6d0a0f0a206ed52,5e6c5afaa842478db6066e9de8dec1ef,ee54056d24164d328cdd3a8622b284b8,ee54056d24164d328cdd3a8622b284b8,6.866
b9d620dd5b0d460c9e6bcbba8869e234,RADAR_LEFT_SIDE,0c189a915e9a484da63fb064abda866c,cbecfab3ced24bbeab0a1b1bdd4375a8,ee54056d24164d328cdd3a8622b284b8,ee54056d24164d328cdd3a8622b284b8,6.836
b9d620dd5b0d460c9e6bcbba8869e234,RADAR_RIGHT_BACK,947ae39bd278434c87cb8ee927974335,f2c73d43e0994ee8a16f930860856c0e,ee54056d24164d328cdd3a8622b284b8,ee54056d24164d328cdd3a8622b284b8,5.348
b9d620dd5b0d460c9e6bcbba8869e234,RADAR_RIGHT_FRONT,5810f403db424ae687fa073f724cd98c,3126c35b164c459d85e0a0555ccba628,ee54056d24164d328cdd3a8622b284b8,ee54056d24164d328cdd3a8622b284b8,3.631
b9d620dd5b0d460c9e6bcbba8869e234,RADAR_RIGHT_SIDE,5141acb69ddc447095096c8258b729d9,8bef64c60da74778a5b9ef975c97edb7,ee54056d24164d328cdd3a8622b284b8,ee54056d24164d328cdd3a8622b284b8,3.759
cd0ad0366409452ba84ed09a88762098,LIDAR_LEFT,eabdac5651da4ff9aba3661b58d1e35c,2e6c7b7b7ceb4f69be01f9006cedf58f,210de57fc85845b68d1cbeba305e19d3,4b3a7a608c6e49b5919671b12dcd93b4,-10.641
cd0ad0366409452ba84ed09a88762098,LIDAR_REAR,211c216337ea41bea1646a5bc3f24248,7198b581279c431bad450deaf7669f87,c77904f6253f4c35b36d241f534cb40d,4b3a7a608c6e49b5919671b12dcd93b4,-47.479
cd0ad0366409452ba84ed09a88762098,LIDAR_RIGHT,53b2de2f61a0433aab748cb09e1f85ef,aefabf5dd96744beb296b9881d60ff8b,d744e28266144aec824470b5c5941949,4b3a7a608c6e49b5919671b12dcd93b4,15.702
cd0ad0366409452ba84ed09a88762098,LIDAR_TOP_FRONT,eb20548ef2a545c4bbce707d459c536f,f994daad50a14ac49f1468d66eb8db62,4b3a7a608c6e49b5919671b12dcd93b4,4b3a7a608c6e49b5919671b12dcd93b4,2.983
cd0ad0366409452ba84ed09a88762098,LIDAR_TOP_LEFT,60427bb920d64353a6f9732e2073de89,373fca46a765439794d1ecbb5839a161,19690017970d489aac3619ab839efa25,4b3a7a608c6e49b5919671b12dcd93b4,-21.691
cd0ad0366409452ba84ed09a88762098,LIDAR_TOP_RIGHT,c7d110aae816424caece3576f873f6c4,f8849496a35c4af599b8e598afda166d,71f7a844cd21429388c360ab8eb7673f,4b3a7a608c6e49b5919671b12dcd93b4,28.454
cd0ad0366409452ba84ed09a88762098,RADAR_LEFT_BACK,dd17d9de658c46e497bba01122ecf7f2,326989c743c948bf86229f525d0deb2d,4b3a7a608c6e49b5919671b12dcd93b4,4b3a7a608c6e49b5919671b12dcd93b4,4.564
cd0ad0366409452ba84ed09a88762098,RADAR_LEFT_FRONT,3e05c8c55e5b4a2ba63d0d3d978561bd,5e6c5afaa842478db6066e9de8dec1ef,4b3a7a608c6e49b5919671b12dcd93b4,4b3a7a608c6e49b5919671b12dcd93b4,4.433
cd0ad0366409452ba84ed09a88762098,RADAR_LEFT_SIDE,bc93985214c747c2aa28b013c6bafe11,cbecfab3ced24bbeab0a1b1bdd4375a8,4b3a7a608c6e49b5919671b12dcd93b4,4b3a7a608c6e49b5919671b12dcd93b4,4.409
cd0ad0366409452ba84ed09a88762098,RADAR_RIGHT_BACK,47d6e810f09444a7af1328336b90674e,f2c73d43e0994ee8a16f930860856c0e,4b3a7a608c6e49b5919671b12dcd93b4,4b3a7a608c6e49b5919671b12dcd93b4,7.089
cd0ad0366409452ba84ed09a88762098,RADAR_RIGHT_FRONT,6faf1c4d92494b2c874b0fdee971aa51,3126c35b164c459d85e0a0555ccba628,4b3a7a608c6e49b5919671b12dcd93b4,4b3a7a608c6e49b5919671b12dcd93b4,5.946
cd0ad0366409452ba84ed09a88762098,RADAR_RIGHT_SIDE,da68faf1225c464ebf65c64fe80a0281,8bef64c60da74778a5b9ef975c97edb7,4b3a7a608c6e49b5919671b12dcd93b4,4b3a7a608c6e49b5919671b12dcd93b4,5.748
dfbf91bd129943158cfe23b97304b5c1,LIDAR_LEFT,dc5f237aa5604b2eb2a47d2d3bdf213c,2e6c7b7b7ceb4f69be01f9006cedf58f,cf88fe234e79465799bf4e082e510b7a,534930a8650c4585b82ac4f6f537e3e4,-10.651
dfbf91bd129943158cfe23b97304b5c1,LIDAR_REAR,27c4200e39fe4e6382cab056cfe13050,7198b581279c431bad450deaf7669f87,2ba17e09cad045b38c4f5ef962116dff,534930a8650c4585b82ac4f6f537e3e4,-47.306
dfbf91bd129943158cfe23b97304b5c1,LIDAR_RIGHT,4a9d9f0af0bb42208c7048ca42554dbf,aefabf5dd96744beb296b9881d60ff8b,4e79e6d1e0b847588f0943d5d38b6289,534930a8650c4585b82ac4f6f537e3e4,16.291
dfbf91bd129943158cfe23b97304b5c1,LIDAR_TOP_FRONT,de07494ad6364782ae428ae453189fa1,f994daad50a14ac49f1468d66eb8db62,534930a8650c4585b82ac4f6f537e3e4,534930a8650c4585b82ac4f6f537e3e4,3.211
dfbf91bd129943158cfe23b97304b5c1,LIDAR_TOP_LEFT,316086c411be459ba1da60d059c4d820,373fca46a765439794d1ecbb5839a161,49fb0055ec914a27b3132a51c9003091,534930a8650c4585b82ac4f6f537e3e4,-21.405
dfbf91bd129943158cfe23b97304b5c1,LIDAR_TOP_RIGHT,34e52c5b064b4f1288b07583fcc03f9a,f8849496a35c4af599b8e598afda166d,3cccd796e03f4ed6b9baca777ca2575d,534930a8650c4585b82ac4f6f537e3e4,28.564
dfbf91bd129943158cfe23b97304b5c1,RADAR_LEFT_BACK,044465c2453b410f91c8be081b0b0166,326989c743c948bf86229f525d0deb2d,534930a8650c4585b82ac4f6f537e3e4,534930a8650c4585b82ac4f6f537e3e4,5.631
dfbf91bd129943158cfe23b97304b5c1,RADAR_LEFT_FRONT,135670180d594a5bba71b6fd7bee68e9,5e6c5afaa842478db6066e9de8dec1ef,534930a8650c4585b82ac4f6f537e3e4,534930a8650c4585b82ac4f6f537e3e4,5.562
dfbf91bd129943158cfe23b97304b5c1,RADAR_LEFT_SIDE,112d1d97bee444d4a12126448341af50,cbecfab3ced24bbeab0a1b1bdd4375a8,534930a8650c4585b82ac4f6f537e3e4,534930a8650c4585b82ac4f6f537e3e4,5.468
dfbf91bd129943158cfe23b97304b5c1,RADAR_RIGHT_BACK,3ee7bdf2543f4d41a00cffc65895ec72,f2c73d43e0994ee8a16f930860856c0e,534930a8650c4585b82ac4f6f537e3e4,534930a8650c4585b82ac4f6f537e3e4,4.335
dfbf91bd129943158cfe23b97304b5c1,RADAR_RIGHT_FRONT,74b13c1ff9fc4cacade10302f1bb2fee,3126c35b164c459d85e0a0555ccba628,534930a8650c4585b82ac4f6f537e3e4,534930a8650c4585b82ac4f6f537e3e4,7.647
dfbf91bd129943158cfe23b97304b5c1,RADAR_RIGHT_SIDE,ffcafab5ccb0467f87f9f99b65f30d7e,8bef64c60da74778a5b9ef975c97edb7,534930a8650c4585b82ac4f6f537e3e4,534930a8650c4585b82ac4f6f537e3e4,6.85
d189106bfea940e6b0645b020a817274,LIDAR_LEFT,a422ba03f1d243ae9e1212a115d9d467,2e6c7b7b7ceb4f69be01f9006cedf58f,932cb161704c48a7bb0f861294588d0e,c815c629944f4b6592e477dbba26d33e,-10.66
d189106bfea940e6b0645b020a817274,LIDAR_REAR,193a054ec68848a082de3b6a1494b046,7198b581279c431bad450deaf7669f87,03c3f8b08ab844faa9aa2f40556243f8,c815c629944f4b6592e477dbba26d33e,-47.757
d189106bfea940e6b0645b020a817274,LIDAR_RIGHT,265cc69ab05d4d9fb68b1a097e8b9687,aefabf5dd96744beb296b9881d60ff8b,16a4e7122c034a58934790184404d442,c815c629944f4b6592e477dbba26d33e,15.071
d189106bfea940e6b0645b020a817274,LIDAR_TOP_FRONT,f50e362082e74f008a8f8cbaf19d77e7,f994daad50a14ac49f1468d66eb8db62,c815c629944f4b6592e477dbba26d33e,c815c629944f4b6592e477dbba26d33e,2.595
d189106bfea940e6b0645b020a817274,LIDAR_TOP_LEFT,0f8f9d6d15274572ba8b44982ca390c1,373fca46a765439794d1ecbb5839a161,967268a16cb347478446496c7c127c2f,c815c629944f4b6592e477dbba26d33e,-21.707
d189106bfea940e6b0645b020a817274,LIDAR_TOP_RIGHT,b9e5b85217af4506a9e25f84dbfc1cee,f8849496a35c4af599b8e598afda166d,9caa4685b472443c840dcbea4ce73bf3,c815c629944f4b6592e477dbba26d33e,27.985
d189106bfea940e6b0645b020a817274,RADAR_LEFT_BACK,ebe06d8b4c5b47c48254a2a8c8589b87,326989c743c948bf86229f525d0deb2d,c815c629944f4b6592e477dbba26d33e,c815c629944f4b6592e477dbba26d33e,6.703
d189106bfea940e6b0645b020a817274,RADAR_LEFT_FRONT,8c60e462ee21477a92b8d991eb4a8bf7,5e6c5afaa842478db6066e9de8dec1ef,c815c629944f4b6592e477dbba26d33e,c815c629944f4b6592e477dbba26d33e,6.74
d189106bfea940e6b0645b020a817274,RADAR_LEFT_SIDE,3c33e4ce073245e6ad9892334fd8fcd4,cbecfab3ced24bbeab0a1b1bdd4375a8,c815c629944f4b6592e477dbba26d33e,c815c629944f4b6592e477dbba26d33e,6.554
d189106bfea940e6b0645b020a817274,RADAR_RIGHT_BACK,19c3bbc2873246d28fbc571e5a9f4c73,f2c73d43e0994ee8a16f930860856c0e,c815c629944f4b6592e477dbba26d33e,c815c629944f4b6592e477dbba26d33e,5.526
d189106bfea940e6b0645b020a817274,RADAR_RIGHT_FRONT,fbff3cd399e2469ab5e3e5c419d5cd2a,3126c35b164c459d85e0a0555ccba628,c815c629944f4b6592e477dbba26d33e,c815c629944f4b6592e477dbba26d33e,3.94
d189106bfea940e6b0645b020a817274,RADAR_RIGHT_SIDE,b79e80a1400f41d695f9a31c557e2473,8bef64c60da74778a5b9ef975c97edb7,c815c629944f4b6592e477dbba26d33e,c815c629944f4b6592e477dbba26d33e,4.334
ecda125ef7114f1e95e3376a422ca987,LIDAR_LEFT,bd43b26c32ed4bd9ac7e84a9d0625078,2e6c7b7b7ceb4f69be01f9006cedf58f,afc4a712bd3e4365a27691c729df058f,d5a66122862f48c8a973558b601393c9,-10.659
ecda125ef7114f1e95e3376a422ca987,LIDAR_REAR,151f9e350e354ee9a6b60b5c1d51090e,7198b581279c431bad450deaf7669f87,932d7eaeb7594b9790c23802416cb6f6,d5a66122862f48c8a973558b601393c9,-48.181
ecda125ef7114f1e95e3376a422ca987,LIDAR_RIGHT,d4ffc54ec11e49bc9192737a3c824a0f,aefabf5dd96744beb296b9881d60ff8b,9fa9060925e04c22becfe41c39dd9b32,d5a66122862f48c8a973558b601393c9,14.045
ecda125ef7114f1e95e3376a422ca987,LIDAR_TOP_FRONT,198a8d17dcfe4c3ead4ce0d6284d8a57,f994daad50a14ac49f1468d66eb8db62,d5a66122862f48c8a973558b601393c9,d5a66122862f48c8a973558b601393c9,2.138
ecda125ef7114f1e95e3376a422ca987,LIDAR_TOP_LEFT,9a955ebeb39c412383eb9f74c48d7303,373fca46a765439794d1ecbb5839a161,4f90d2095e7743ab9f1db42226155dbd,d5a66122862f48c8a973558b601393c9,-22.247
ecda125ef7114f1e95e3376a422ca987,LIDAR_TOP_RIGHT,98a94d9ccf1d4bb1a21dd2a989f75cf6,f8849496a35c4af599b8e598afda166d,b563dbc573d940068b4e3625ebbb2a9e,d5a66122862f48c8a973558b601393c9,27.398
ecda125ef7114f1e95e3376a422ca987,RADAR_LEFT_BACK,e9b8baa402734c639b8b2f630fec1bce,326989c743c948bf86229f525d0deb2d,d5a66122862f48c8a973558b601393c9,d5a66122862f48c8a973558b601393c9,3.302
ecda125ef7114f1e95e3376a422ca987,RADAR_LEFT_FRONT,2287324f299c49c5b8a51978f45f5186,5e6c5afaa842478db6066e9de8dec1ef,d5a66122862f48c8a973558b601393c9,d5a66122862f48c8a973558b601393c9,3.071
ecda125ef7114f1e95e3376a422ca987,RADAR_LEFT_SIDE,aba19e48389e40079f9d244294408542,cbecfab3ced24bbeab0a1b1bdd4375a8,d5a66122862f48c8a973558b601393c9,d5a66122862f48c8a973558b601393c9,3.098
ecda125ef7114f1e95e3376a422ca987,RADAR_RIGHT_BACK,e64a4dc8f44444bba7932c65fedc8575,f2c73d43e0994ee8a16f930860856c0e,932d7eaeb7594b9790c23802416cb6f6,d5a66122862f48c8a973558b601393c9,-45.418
ecda125ef7114f1e95e3376a422ca987,RADAR_RIGHT_FRONT,5e2bcd6cc56a42e7b611db8da0b7445f,3126c35b164c459d85e0a0555ccba628,d5a66122862f48c8a973558b601393c9,d5a66122862f48c8a973558b601393c9,4.679
ecda125ef7114f1e95e3376a422ca987,RADAR_RIGHT_SIDE,f069fe980506469ab5edcf48aac9104e,8bef64c60da74778a5b9ef975c97edb7,d5a66122862f48c8a973558b601393c9,d5a66122862f48c8a973558b601393c9,4.384
662e13a0a54646e2a85061b8fd8b82cf,LIDAR_LEFT,edf28171140b4276a2612d74e1fc9537,2e6c7b7b7ceb4f69be01f9006cedf58f,a452b636e9d7436c84ba0e2ba8a45788,9e9e9c239cb74eb38781588e309863f8,-10.656
662e13a0a54646e2a85061b8fd8b82cf,LIDAR_REAR,610dbf5cbe7a4b66b358407e9eaa31cc,7198b581279c431bad450deaf7669f87,f1c56a453e5d448c94d79e8ece81ab58,9e9e9c239cb74eb38781588e309863f8,-48.682
662e13a0a54646e2a85061b8fd8b82cf,LIDAR_RIGHT,6f71d71083eb443cabdf7178d482f1bd,aefabf5dd96744beb296b9881d60ff8b,963799efcd9f4a2197ba92ca49f4a929,9e9e9c239cb74eb38781588e309863f8,13.316
662e13a0a54646e2a85061b8fd8b82cf,LIDAR_TOP_FRONT,f89ff6222cd84c65827fe453ebab98f9,f994daad50a14ac49f1468d66eb8db62,9e9e9c239cb74eb38781588e309863f8,9e9e9c239cb74eb38781588e309863f8,1.723
662e13a0a54646e2a85061b8fd8b82cf,LIDAR_TOP_LEFT,2f6fa03c7f6943929275744eff87a23e,373fca46a765439794d1ecbb5839a161,6ebb2bb19a5d47af9b07ba2db0f73424,9e9e9c239cb74eb38781588e309863f8,-22.626
662e13a0a54646e2a85061b8fd8b82cf,LIDAR_TOP_RIGHT,d1a17c769dc44c3db80702b3d1b9474b,f8849496a35c4af599b8e598afda166d,7ebce44f746c464f8eb0e3edf7900c9c,9e9e9c239cb74eb38781588e309863f8,26.941
662e13a0a54646e2a85061b8fd8b82cf,RADAR_LEFT_BACK,332ec7d2e53a4ab99220c3074d5ad18a,326989c743c948bf86229f525d0deb2d,9e9e9c239cb74eb38781588e309863f8,9e9e9c239cb74eb38781588e309863f8,4.53
662e13a0a54646e2a85061b8fd8b82cf,RADAR_LEFT_FRONT,129fc48ef04b46eda80ea7c1b28840ee,5e6c5afaa842478db6066e9de8dec1ef,9e9e9c239cb74eb38781588e309863f8,9e9e9c239cb74eb38781588e309863f8,4.479
662e13a0a54646e2a85061b8fd8b82cf,RADAR_LEFT_SIDE,ca2da6ce4ede478fa81499c2c5224f70,cbecfab3ced24bbeab0a1b1bdd4375a8,9e9e9c239cb74eb38781588e309863f8,9e9e9c239cb74eb38781588e309863f8,4.41
662e13a0a54646e2a85061b8fd8b82cf,RADAR_RIGHT_BACK,30f444248819432782446ff30baafc99,f2c73d43e0994ee8a16f930860856c0e,9e9e9c239cb74eb38781588e309863f8,9e9e9c239cb74eb38781588e309863f8,3.674
662e13a0a54646e2a85061b8fd8b82cf,RADAR_RIGHT_FRONT,202ff6cff61c478096fdac93650ae5d9,3126c35b164c459d85e0a0555ccba628,9e9e9c239cb74eb38781588e309863f8,9e9e9c239cb74eb38781588e309863f8,5.861
662e13a0a54646e2a85061b8fd8b82cf,RADAR_RIGHT_SIDE,2ccda06918514a3f9c71c3660aba4120,8bef64c60da74778a5b9ef975c97edb7,9e9e9c239cb74eb38781588e309863f8,9e9e9c239cb74eb38781588e309863f8,6.609
6d95ec0691e34461837902237666da14,LIDAR_LEFT,2bf1aae270524cebbe5ab5da29732ac3,2e6c7b7b7ceb4f69be01f9006cedf58f,ce07547c95ae41b1888486d2980e04bf,abba2138a73c429099f01763cdad3a44,-10.642
6d95ec0691e34461837902237666da14,LIDAR_REAR,4578c0686943487ca9b43a33e4f85f79,7198b581279c431bad450deaf7669f87,73197d448d2f431e9ca6d8a6791d0548,abba2138a73c429099f01763cdad3a44,-49.023
6d95ec0691e34461837902237666da14,LIDAR_RIGHT,da613ce120e04ea1bb40ad82dc973dac,aefabf5dd96744beb296b9881d60ff8b,e4d24cb252734947903cf55550987efc,abba2138a73c429099f01763cdad3a44,12.97
6d95ec0691e34461837902237666da14,LIDAR_TOP_FRONT,9c340286d70c4f6fad1ec36715b9162a,f994daad50a14ac49f1468d66eb8db62,abba2138a73c429099f01763cdad3a44,abba2138a73c429099f01763cdad3a44,1.454
6d95ec0691e34461837902237666da14,LIDAR_TOP_LEFT,4b8ccc77ff7f4311ad3a9e257fb2cf77,373fca46a765439794d1ecbb5839a161,d2d85fb9f9244fca95acb63cc9429b3b,abba2138a73c429099f01763cdad3a44,-22.86
6d95ec0691e34461837902237666da14,LIDAR_TOP_RIGHT,74e2d6f81baa4dfe80675bdf43487e0b,f8849496a35c4af599b8e598afda166d,ed5126b70b9a4b7494ccbe66b7e83341,abba2138a73c429099f01763cdad3a44,26.946
6d95ec0691e34461837902237666da14,RADAR_LEFT_BACK,c2569bea55cb47a78531451911422dee,326989c743c948bf86229f525d0deb2d,73197d448d2f431e9ca6d8a6791d0548,abba2138a73c429099f01763cdad3a44,-46.155
6d95ec0691e34461837902237666da14,RADAR_LEFT_FRONT,5a5a4bc8d7fc4284a9fcef2b7904cc25,5e6c5afaa842478db6066e9de8dec1ef,abba2138a73c429099f01763cdad3a44,abba2138a73c429099f01763cdad3a44,5.11
6d95ec0691e34461837902237666da14,RADAR_LEFT_SIDE,eda69418ac104747bf9babd3e9d895d5,cbecfab3ced24bbeab0a1b1bdd4375a8,abba2138a73c429099f01763cdad3a44,abba2138a73c429099f01763cdad3a44,5.054
6d95ec0691e34461837902237666da14,RADAR_RIGHT_BACK,17cda881a12e4f26ae37a3783249b722,f2c73d43e0994ee8a16f930860856c0e,abba2138a73c429099f01763cdad3a44,abba2138a73c429099f01763cdad3a44,3.969
6d95ec0691e34461837902237666da14,RADAR_RIGHT_FRONT,bfffd4e12eee45c6bebc9456a3987d23,3126c35b164c459d85e0a0555ccba628,abba2138a73c429099f01763cdad3a44,abba2138a73c429099f01763cdad3a44,2.886
6d95ec0691e34461837902237666da14,RADAR_RIGHT_SIDE,4a421a3f0d214a738e5c174fc641902b,8bef64c60da74778a5b9ef975c97edb7,abba2138a73c429099f01763cdad3a44,abba2138a73c429099f01763cdad3a44,2.734
f8a3068c788b4ef385f381a1896324ff,LIDAR_LEFT,c4f08274aa13475d975e81ccba374dc2,2e6c7b7b7ceb4f69be01f9006cedf58f,74af9abcc3784d98b97540d07f7ea530,113cfdaac1b540c187f5abd1f2405814,-10.632
f8a3068c788b4ef385f381a1896324ff,LIDAR_REAR,eca3624891e5444faead2c6e21ec4d9a,7198b581279c431bad450deaf7669f87,f253b7c786a04d75ba1d90da043a4271,113cfdaac1b540c187f5abd1f2405814,-48.363
f8a3068c788b4ef385f381a1896324ff,LIDAR_RIGHT,caf878c109cf4dec8f1223385eccc7cf,aefabf5dd96744beb296b9881d60ff8b,8835b5e211fe4c549de00eb0f3a5f4bd,113cfdaac1b540c187f5abd1f2405814,14.04
f8a3068c788b4ef385f381a1896324ff,LIDAR_TOP_FRONT,bbc1c26a2a6c4bde96668b9f8a7ed684,f994daad50a14ac49f1468d66eb8db62,113cfdaac1b540c187f5abd1f2405814,113cfdaac1b540c187f5abd1f2405814,2.126
f8a3068c788b4ef385f381a1896324ff,LIDAR_TOP_LEFT,fc6df95462764bec9894425874f31c71,373fca46a765439794d1ecbb5839a161,7e724341580c4a6d8c54ddf60acfee38,113cfdaac1b540c187f5abd1f2405814,-22.388
f8a3068c788b4ef385f381a1896324ff,LIDAR_TOP_RIGHT,3e46216b61964bea9ef9a0020c1853d7,f8849496a35c4af599b8e598afda166d,a93d30708b624ebd9ea3b9f60f2d3c72,113cfdaac1b540c187f5abd1f2405814,27.773
f8a3068c788b4ef385f381a1896324ff,RADAR_LEFT_BACK,c555be8835de4260b0aa9f8e5a993043,326989c743c948bf86229f525d0deb2d,113cfdaac1b540c187f5abd1f2405814,113cfdaac1b540c187f5abd1f2405814,3.788
f8a3068c788b4ef385f381a1896324ff,RADAR_LEFT_FRONT,451d854634c6475f86c34d9850d64943,5e6c5afaa842478db6066e9de8dec1ef,113cfdaac1b540c187f5abd1f2405814,113cfdaac1b540c187f5abd1f2405814,3.627
f8a3068c788b4ef385f381a1896324ff,RADAR_LEFT_SIDE,d331cdddf9aa47bdb8d0d445129fd249,cbecfab3ced24bbeab0a1b1bdd4375a8,113cfdaac1b540c187f5abd1f2405814,113cfdaac1b540c187f5abd1f2405814,3.6
f8a3068c788b4ef385f381a1896324ff,RADAR_RIGHT_BACK,cf081e81970349228d4bd30e1bba201f,f2c73d43e0994ee8a16f930860856c0e,113cfdaac1b540c187f5abd1f2405814,113cfdaac1b540c187f5abd1f2405814,7.161
f8a3068c788b4ef385f381a1896324ff,RADAR_RIGHT_FRONT,b80a8889f9864c7eb0e693fa8c525896,3126c35b164c459d85e0a0555ccba628,113cfdaac1b540c187f5abd1f2405814,113cfdaac1b540c187f5abd1f2405814,4.492
f8a3068c788b4ef385f381a1896324ff,RADAR_RIGHT_SIDE,48242daee8be457688a0eefc1140db1e,8bef64c60da74778a5b9ef975c97edb7,113cfdaac1b540c187f5abd1f2405814,113cfdaac1b540c187f5abd1f2405814,5.437
22c8e66994d848fa9e7c5b818a74e929,LIDAR_LEFT,adea2ffab000435a898fc21ab46cc1dc,2e6c7b7b7ceb4f69be01f9006cedf58f,f7402d422fa74029aecafeb2c9492541,0a5eb86e777f4b80a4e15b8c59323d31,-10.64
22c8e66994d848fa9e7c5b818a74e929,LIDAR_REAR,bf1c8824f2d743ab859fdaebf2180d12,7198b581279c431bad450deaf7669f87,a722e92fa66a407c9855cbb2086f51f4,0a5eb86e777f4b80a4e15b8c59323d31,-47.769
22c8e66994d848fa9e7c5b818a74e929,LIDAR_RIGHT,6aac1f2890e64059968da60e6a450c3f,aefabf5dd96744beb296b9881d60ff8b,5f26afa93f87414abe06c3bc2cbb2c68,0a5eb86e777f4b80a4e15b8c59323d31,14.665
22c8e66994d848fa9e7c5b818a74e929,LIDAR_TOP_FRONT,2cdeac1c5b5647cd963dde23e4bf132f,f994daad50a14ac49f1468d66eb8db62,0a5eb86e777f4b80a4e15b8c59323d31,0a5eb86e777f4b80a4e15b8c59323d31,2.772
22c8e66994d848fa9e7c5b818a74e929,LIDAR_TOP_LEFT,3a936b964ab24941825e134e1e205538,373fca46a765439794d1ecbb5839a161,6b500f76abec47db89ab848c72ab9d49,0a5eb86e777f4b80a4e15b8c59323d31,-21.937
22c8e66994d848fa9e7c5b818a74e929,LIDAR_TOP_RIGHT,2ab6ac12959f45109403f6f349a86ab8,f8849496a35c4af599b8e598afda166d,0db6a44184f84860a8a5ffa4bdb9fb97,0a5eb86e777f4b80a4e15b8c59323d31,28.313
22c8e66994d848fa9e7c5b818a74e929,RADAR_LEFT_BACK,766bf281ca3e49aeb1f54c3843dffcb0,326989c743c948bf86229f525d0deb2d,0a5eb86e777f4b80a4e15b8c59323d31,0a5eb86e777f4b80a4e15b8c59323d31,4.951
22c8e66994d848fa9e7c5b818a74e929,RADAR_LEFT_FRONT,8c0f2795fd584d2fb3ab04fb5d3fdd44,5e6c5afaa842478db6066e9de8dec1ef,0a5eb86e777f4b80a4e15b8c59323d31,0a5eb86e777f4b80a4e15b8c59323d31,4.838
22c8e66994d848fa9e7c5b818a74e929,RADAR_LEFT_SIDE,d79d387be75b40bfa7d8d1663415adc0,cbecfab3ced24bbeab0a1b1bdd4375a8,0a5eb86e777f4b80a4e15b8c59323d31,0a5eb86e777f4b80a4e15b8c59323d31,4.801
22c8e66994d848fa9e7c5b818a74e929,RADAR_RIGHT_BACK,17fe55bd24d04d80bd1cf2fa92350dae,f2c73d43e0994ee8a16f930860856c0e,0a5eb86e777f4b80a4e15b8c59323d31,0a5eb86e777f4b80a4e15b8c59323d31,4.276
22c8e66994d848fa9e7c5b818a74e929,RADAR_RIGHT_FRONT,08f75360afeb4b258daee1db356241e3,3126c35b164c459d85e0a0555ccba628,0a5eb86e777f4b80a4e15b8c59323d31,0a5eb86e777f4b80a4e15b8c59323d31,6.608
22c8e66994d848fa9e7c5b818a74e929,RADAR_RIGHT_SIDE,c71dee2a3d334541a00021fc292ae30a,8bef64c60da74778a5b9ef975c97edb7,0a5eb86e777f4b80a4e15b8c59323d31,0a5eb86e777f4b80a4e15b8c59323d31,7.504
2b3dddad1f5c45b88b589d928aabd5c5,LIDAR_LEFT,a795a7cc111241e28bc862bc944e40c8,2e6c7b7b7ceb4f69be01f9006cedf58f,0a799cbcadc44d6e859834dca0533c8b,0f4344f874c448b0be794bc74c710488,-10.649
2b3dddad1f5c45b88b589d928aabd5c5,LIDAR_REAR,0c39514270a445038701e7643a058607,7198b581279c431bad450deaf7669f87,165435ccac5d43989a2869cccb840a3e,0f4344f874c448b0be794bc74c710488,-47.579
2b3dddad1f5c45b88b589d928aabd5c5,LIDAR_RIGHT,90e9951896544eeb9630002607a53588,aefabf5dd96744beb296b9881d60ff8b,2406e7563da147a6b7ef99dc334e0aca,0f4344f874c448b0be794bc74c710488,14.522
2b3dddad1f5c45b88b589d928aabd5c5,LIDAR_TOP_FRONT,ee0fa91241e2424e9b0ea2cecb7c99ae,f994daad50a14ac49f1468d66eb8db62,0f4344f874c448b0be794bc74c710488,0f4344f874c448b0be794bc74c710488,3.15
2b3dddad1f5c45b88b589d928aabd5c5,LIDAR_TOP_LEFT,6776df71834d4589a292d28731c99b29,373fca46a765439794d1ecbb5839a161,c8859ab749a340d1b32b3e2fcb8e6861,0f4344f874c448b0be794bc74c710488,-21.79
2b3dddad1f5c45b88b589d928aabd5c5,LIDAR_TOP_RIGHT,d0d2846f9eab4c6baac8612ee9786de8,f8849496a35c4af599b8e598afda166d,9dac92c41dae4bc78038082360a1e890,0f4344f874c448b0be794bc74c710488,28.52
2b3dddad1f5c45b88b589d928aabd5c5,RADAR_LEFT_BACK,d9265baf12604d34b0173b390ccb9dc3,326989c743c948bf86229f525d0deb2d,165435ccac5d43989a2869cccb840a3e,0f4344f874c448b0be794bc74c710488,-43.815
2b3dddad1f5c45b88b589d928aabd5c5,RADAR_LEFT_FRONT,3d93a46eb08e41f4961fcb71b33f7643,5e6c5afaa842478db6066e9de8dec1ef,0f4344f874c448b0be794bc74c710488,0f4344f874c448b0be794bc74c710488,7.65
2b3dddad1f5c45b88b589d928aabd5c5,RADAR_LEFT_SIDE,763c2c9388f849699402fc69af474543,cbecfab3ced24bbeab0a1b1bdd4375a8,0f4344f874c448b0be794bc74c710488,0f4344f874c448b0be794bc74c710488,7.631
2b3dddad1f5c45b88b589d928aabd5c5,RADAR_RIGHT_BACK,e16512329cc54da1938331b41bc533b2,f2c73d43e0994ee8a16f930860856c0e,0f4344f874c448b0be794bc74c710488,0f4344f874c448b0be794bc74c710488,6.312
2b3dddad1f5c45b88b589d928aabd5c5,RADAR_RIGHT_FRONT,925e98a8100747d3a82404e9c7d980a7,3126c35b164c459d85e0a0555ccba628,0f4344f874c448b0be794bc74c710488,0f4344f874c448b0be794bc74c710488,3.841
2b3dddad1f5c45b88b589d928aabd5c5,RADAR_RIGHT_SIDE,bf9868e06ab7494e989481018c283b69,8bef64c60da74778a5b9ef975c97edb7,0f4344f874c448b0be794bc74c710488,0f4344f874c448b0be794bc74c710488,4.723
2ef9cc68aad54b5dbd7ba1656b162bb6,LIDAR_LEFT,3d683c94bfa74d2d802a7eb53ba17904,2e6c7b7b7ceb4f69be01f9006cedf58f,3cfad28d47c647ae860aa56e34246580,3346852a4dc3494fab5db05a83f9da02,-10.657
2ef9cc68aad54b5dbd7ba1656b162bb6,LIDAR_REAR,055ee05c70034648a5d7105228e0636f,7198b581279c431bad450deaf7669f87,dd360c33a3b1490191f9c139f49216a0,3346852a4dc3494fab5db05a83f9da02,-48.0
2ef9cc68aad54b5dbd7ba1656b162bb6,LIDAR_RIGHT,69273cb8a3c348aabbf8c5ceecdc97fd,aefabf5dd96744beb296b9881d60ff8b,65db3ef069df45cd82fcf18b17d024e5,3346852a4dc3494fab5db05a83f9da02,14.379
2ef9cc68aad54b5dbd7ba1656b162bb6,LIDAR_TOP_FRONT,57de0682f0da44429d4e2904fb3bf256,f994daad50a14ac49f1468d66eb8db62,3346852a4dc3494fab5db05a83f9da02,3346852a4dc3494fab5db05a83f9da02,2.913
2ef9cc68aad54b5dbd7ba1656b162bb6,LIDAR_TOP_LEFT,ca39c4d25db345c2b02b48d05bc38fd4,373fca46a765439794d1ecbb5839a161,96167b388110464999b21c2d180ee202,3346852a4dc3494fab5db05a83f9da02,-22.299
2ef9cc68aad54b5dbd7ba1656b162bb6,LIDAR_TOP_RIGHT,ca9020d40c934a9597e63c56c7b72e89,f8849496a35c4af599b8e598afda166d,c3e6ba181c6245db874cc794e23f1fb0,3346852a4dc3494fab5db05a83f9da02,28.076
2ef9cc68aad54b5dbd7ba1656b162bb6,RADAR_LEFT_BACK,cac04cbff2c0447898e16d08d61d2713,326989c743c948bf86229f525d0deb2d,3346852a4dc3494fab5db05a83f9da02,3346852a4dc3494fab5db05a83f9da02,3.781
2ef9cc68aad54b5dbd7ba1656b162bb6,RADAR_LEFT_FRONT,d53065700fe2467b8b98b1bad7f6a673,5e6c5afaa842478db6066e9de8dec1ef,3346852a4dc3494fab5db05a83f9da02,3346852a4dc3494fab5db05a83f9da02,3.624
2ef9cc68aad54b5dbd7ba1656b162bb6,RADAR_LEFT_SIDE,27c92544ae2f4a998e8fb6d3aae6a1bf,cbecfab3ced24bbeab0a1b1bdd4375a8,3346852a4dc3494fab5db05a83f9da02,3346852a4dc3494fab5db05a83f9da02,3.659
2ef9cc68aad54b5dbd7ba1656b162bb6,RADAR_RIGHT_BACK,24c403cf11714be18589a00054cbbdb8,f2c73d43e0994ee8a16f930860856c0e,dd360c33a3b1490191f9c139f49216a0,3346852a4dc3494fab5db05a83f9da02,-44.038
2ef9cc68aad54b5dbd7ba1656b162bb6,RADAR_RIGHT_FRONT,8833d920cfc24bac91daea7409c40717,3126c35b164c459d85e0a0555ccba628,3346852a4dc3494fab5db05a83f9da02,3346852a4dc3494fab5db05a83f9da02,5.163
2ef9cc68aad54b5dbd7ba1656b162bb6,RADAR_RIGHT_SIDE,cf49f8fea0074f4c9452462291c272cb,8bef64c60da74778a5b9ef975c97edb7,3346852a4dc3494fab5db05a83f9da02,3346852a4dc3494fab5db05a83f9da02,5.61
4629ab4eef614bcc88799f3c2a481464,LIDAR_LEFT,e984c5cbb64847788d7936294c369134,2e6c7b7b7ceb4f69be01f9006cedf58f,9f6110a4114241769db3b8ed72c497eb,0925439783f64bd197f6b113151dae29,-10.643
4629ab4eef614bcc88799f3c2a481464,LIDAR_REAR,725b2fb340f549fb8e826970327cd37c,7198b581279c431bad450deaf7669f87,1c574afefe2a424798ff68c6f0d36ae7,0925439783f64bd197f6b113151dae29,-48.201
4629ab4eef614bcc88799f3c2a481464,LIDAR_RIGHT,9a0e54e5dfef49ffa4a8cb388aacd154,aefabf5dd96744beb296b9881d60ff8b,4c0c9306b1814f7f9626864348180f07,0925439783f64bd197f6b113151dae29,14.34
4629ab4eef614bcc88799f3c2a481464,LIDAR_TOP_FRONT,906f7908ee18405f8ec12bd7c62d08aa,f994daad50a14ac49f1468d66eb8db62,0925439783f64bd197f6b113151dae29,0925439783f64bd197f6b113151dae29,2.879
4629ab4eef614bcc88799f3c2a481464,LIDAR_TOP_LEFT,46d191d4994741fe9e4b701a0257bfd3,373fca46a765439794d1ecbb5839a161,cdc724aa9e8e4b1695adcec6c4c7d45f,0925439783f64bd197f6b113151dae29,-22.544
4629ab4eef614bcc88799f3c2a481464,LIDAR_TOP_RIGHT,967bad3f232542ada6eff2ec37b4f430,f8849496a35c4af599b8e598afda166d,15902b22681f4435b6dee2075e9d36d7,0925439783f64bd197f6b113151dae29,27.783
4629ab4eef614bcc88799f3c2a481464,RADAR_LEFT_BACK,acac5bf20d464a8d8bf25565f5ff3e6f,326989c743c948bf86229f525d0deb2d,0925439783f64bd197f6b113151dae29,0925439783f64bd197f6b113151dae29,5.633
4629ab4eef614bcc88799f3c2a481464,RADAR_LEFT_FRONT,441e33145b59486fa9790092c88a813b,5e6c5afaa842478db6066e9de8dec1ef,0925439783f64bd197f6b113151dae29,0925439783f64bd197f6b113151dae29,5.461
4629ab4eef614bcc88799f3c2a481464,RADAR_LEFT_SIDE,d97843e7b0954636bd891450634d8829,cbecfab3ced24bbeab0a1b1bdd4375a8,0925439783f64bd197f6b113151dae29,0925439783f64bd197f6b113151dae29,5.474
4629ab4eef614bcc88799f3c2a481464,RADAR_RIGHT_BACK,603d9b2ea0064626b10a848efe025543,f2c73d43e0994ee8a16f930860856c0e,1c574afefe2a424798ff68c6f0d36ae7,0925439783f64bd197f6b113151dae29,-42.972
4629ab4eef614bcc88799f3c2a481464,RADAR_RIGHT_FRONT,f526a82c0c1048ab8351415ec05a7a48,3126c35b164c459d85e0a0555ccba628,0925439783f64bd197f6b113151dae29,0925439783f64bd197f6b113151dae29,5.807
4629ab4eef614bcc88799f3c2a481464,RADAR_RIGHT_SIDE,a5aa339eabf94a0fbedf4d0cad18e5c9,8bef64c60da74778a5b9ef975c97edb7,0925439783f64bd197f6b113151dae29,0925439783f64bd197f6b113151dae29,6.78
17f7f55abf7149808ac93fbceb62dc4b,LIDAR_LEFT,7136b83a8a2d4c7499214a7186bb35e9,2e6c7b7b7ceb4f69be01f9006cedf58f,9952f4780e2e4037a2d8309f9ec1cbaf,c64d46a3349d4dcb896799319cee3f36,-10.64
17f7f55abf7149808ac93fbceb62dc4b,LIDAR_REAR,66bd35e471c6407f9227c1ebb2d17041,7198b581279c431bad450deaf7669f87,b437246ec1af497aa16f459a2d53f40a,c64d46a3349d4dcb896799319cee3f36,-48.09
17f7f55abf7149808ac93fbceb62dc4b,LIDAR_RIGHT,978d22704464497eb87f08ff816134f1,aefabf5dd96744beb296b9881d60ff8b,5179f942e4a2429d900e9e945cb122d6,c64d46a3349d4dcb896799319cee3f36,14.269
17f7f55abf7149808ac93fbceb62dc4b,LIDAR_TOP_FRONT,1eb6c0980f7d4bb2bff3d701f6d26113,f994daad50a14ac49f1468d66eb8db62,c64d46a3349d4dcb896799319cee3f36,c64d46a3349d4dcb896799319cee3f36,2.874
17f7f55abf7149808ac93fbceb62dc4b,LIDAR_TOP_LEFT,6cc8cc6d52054c069eb4d714bc2912ea,373fca46a765439794d1ecbb5839a161,a9c7f2fe4521407bb9d8f12a283cc557,c64d46a3349d4dcb896799319cee3f36,-22.38
17f7f55abf7149808ac93fbceb62dc4b,LIDAR_TOP_RIGHT,1a33179e6008416fb418244aa78c0306,f8849496a35c4af599b8e598afda166d,6b6842a65fc44259a4b844f4556d5a2e,c64d46a3349d4dcb896799319cee3f36,27.857
17f7f55abf7149808ac93fbceb62dc4b,RADAR_LEFT_BACK,6e33e590cac448de8c0f70c5b3a7cd43,326989c743c948bf86229f525d0deb2d,c64d46a3349d4dcb896799319cee3f36,c64d46a3349d4dcb896799319cee3f36,7.392
17f7f55abf7149808ac93fbceb62dc4b,RADAR_LEFT_FRONT,e67ff622698348619f4b02d4948f69de,5e6c5afaa842478db6066e9de8dec1ef,c64d46a3349d4dcb896799319cee3f36,c64d46a3349d4dcb896799319cee3f36,7.349
17f7f55abf7149808ac93fbceb62dc4b,RADAR_LEFT_SIDE,737f8149f3f44936a6a7e83cb5051a64,cbecfab3ced24bbeab0a1b1bdd4375a8,c64d46a3349d4dcb896799319cee3f36,c64d46a3349d4dcb896799319cee3f36,7.225
17f7f55abf7149808ac93fbceb62dc4b,RADAR_RIGHT_BACK,ba38690921cf4a99a6199513a8077f7c,f2c73d43e0994ee8a16f930860856c0e,c64d46a3349d4dcb896799319cee3f36,c64d46a3349d4dcb896799319cee3f36,5.833
17f7f55abf7149808ac93fbceb62dc4b,RADAR_RIGHT_FRONT,fc1a21ba44204a9881b1a760348854db,3126c35b164c459d85e0a0555ccba628,c64d46a3349d4dcb896799319cee3f36,c64d46a3349d4dcb896799319cee3f36,4.131
17f7f55abf7149808ac93fbceb62dc4b,RADAR_RIGHT_SIDE,7d91e326a7744323a74df73dec8ad4ba,8bef64c60da74778a5b9ef975c97edb7,c64d46a3349d4dcb896799319cee3f36,c64d46a3349d4dcb896799319cee3f36,3.503
e55da1b1790746d28026543b91d35035,LIDAR_LEFT,671c40a4be47478f8149373aafdba0e9,2e6c7b7b7ceb4f69be01f9006cedf58f,22a456bb4d8d4df5ac6f42eb1af02e95,e40a723ae08a4df9a975cf0f1fe73adf,-10.645
e55da1b1790746d28026543b91d35035,LIDAR_REAR,88dee4ef17014ec497a4279256756ff9,7198b581279c431bad450deaf7669f87,c4866bb628174ffb98e100bf65c3953d,e40a723ae08a4df9a975cf0f1fe73adf,-47.655
e55da1b1790746d28026543b91d35035,LIDAR_RIGHT,78f27ddfb16241019bb2051f7a3ead08,aefabf5dd96744beb296b9881d60ff8b,413487bf696b4508ac6bf96598aad489,e40a723ae08a4df9a975cf0f1fe73adf,14.452
e55da1b1790746d28026543b91d35035,LIDAR_TOP_FRONT,ed2d0cafecdc434fbbf0f650e2d7858c,f994daad50a14ac49f1468d66eb8db62,e40a723ae08a4df9a975cf0f1fe73adf,e40a723ae08a4df9a975cf0f1fe73adf,3.14
e55da1b1790746d28026543b91d35035,LIDAR_TOP_LEFT,ebc25f074b894568b56d58573a75510a,373fca46a765439794d1ecbb5839a161,768eb0a929f14fea93242bd491c69708,e40a723ae08a4df9a975cf0f1fe73adf,-22.004
e55da1b1790746d28026543b91d35035,LIDAR_TOP_RIGHT,269aac09a4104b23a776e54eda15e5ad,f8849496a35c4af599b8e598afda166d,c218acce54a14e5d9cd1390179fef1de,e40a723ae08a4df9a975cf0f1fe73adf,28.217
e55da1b1790746d28026543b91d35035,RADAR_LEFT_BACK,3726931359874bd18621488e4ede102c,326989c743c948bf86229f525d0deb2d,e40a723ae08a4df9a975cf0f1fe73adf,e40a723ae08a4df9a975cf0f1fe73adf,4.846
e55da1b1790746d28026543b91d35035,RADAR_LEFT_FRONT,741975e9043f4a2fb2263deb20f3d714,5e6c5afaa842478db6066e9de8dec1ef,e40a723ae08a4df9a975cf0f1fe73adf,e40a723ae08a4df9a975cf0f1fe73adf,4.559
e55da1b1790746d28026543b91d35035,RADAR_LEFT_SIDE,ad7063a7a05249e6a5f49ae8b1e0a4f8,cbecfab3ced24bbeab0a1b1bdd4375a8,e40a723ae08a4df9a975cf0f1fe73adf,e40a723ae08a4df9a975cf0f1fe73adf,4.615
e55da1b1790746d28026543b91d35035,RADAR_RIGHT_BACK,92fe6dca86974c8fbed1b627d792acf0,f2c73d43e0994ee8a16f930860856c0e,e40a723ae08a4df9a975cf0f1fe73adf,e40a723ae08a4df9a975cf0f1fe73adf,7.501
e55da1b1790746d28026543b91d35035,RADAR_RIGHT_FRONT,367b2a3024134620a45c878f9db7ad17,3126c35b164c459d85e0a0555ccba628,e40a723ae08a4df9a975cf0f1fe73adf,e40a723ae08a4df9a975cf0f1fe73adf,4.994
e55da1b1790746d28026543b91d35035,RADAR_RIGHT_SIDE,dcdad76e618741cb960b08826c066912,8bef64c60da74778a5b9ef975c97edb7,e40a723ae08a4df9a975cf0f1fe73adf,e40a723ae08a4df9a975cf0f1fe73adf,5.764
a5f45502b1624983896e28a213edfc32,LIDAR_LEFT,cec2e8a3bd6d41b2aa560976c160a248,2e6c7b7b7ceb4f69be01f9006cedf58f,f285af2b032345c09fe2be70929f400e,94a9cd39104d4d05a91c14aa4ac0ac9f,-10.659
a5f45502b1624983896e28a213edfc32,LIDAR_REAR,bff6d8edf2c040159ae7bb7f9f028635,7198b581279c431bad450deaf7669f87,a84e98af4f9d4c6c88d28c512eae81c8,94a9cd39104d4d05a91c14aa4ac0ac9f,-47.928
a5f45502b1624983896e28a213edfc32,LIDAR_RIGHT,08d753f55a7949468107b74f62ab1b92,aefabf5dd96744beb296b9881d60ff8b,d299765e796b4048823e8309c34facd5,94a9cd39104d4d05a91c14aa4ac0ac9f,14.756
a5f45502b1624983896e28a213edfc32,LIDAR_TOP_FRONT,49b51a2dec344defb5262bdec41d58e3,f994daad50a14ac49f1468d66eb8db62,94a9cd39104d4d05a91c14aa4ac0ac9f,94a9cd39104d4d05a91c14aa4ac0ac9f,2.861
a5f45502b1624983896e28a213edfc32,LIDAR_TOP_LEFT,488241cb179d436f9f9828abb2d0b4cb,373fca46a765439794d1ecbb5839a161,e09a93ae55fb4dbeb4a40d9d5e085939,94a9cd39104d4d05a91c14aa4ac0ac9f,-22.269
a5f45502b1624983896e28a213edfc32,LIDAR_TOP_RIGHT,5e1775f1bd174e0698a3a5828da33a01,f8849496a35c4af599b8e598afda166d,62119efa3d374303a46771aac97287de,94a9cd39104d4d05a91c14aa4ac0ac9f,27.822
a5f45502b1624983896e28a213edfc32,RADAR_LEFT_BACK,0897ff811e9d4d6e89f96931da8ba81e,326989c743c948bf86229f525d0deb2d,94a9cd39104d4d05a91c14aa4ac0ac9f,94a9cd39104d4d05a91c14aa4ac0ac9f,5.769
a5f45502b1624983896e28a213edfc32,RADAR_LEFT_FRONT,ea6e47ee1fc2443b8aec798575125f9b,5e6c5afaa842478db6066e9de8dec1ef,94a9cd39104d4d05a91c14aa4ac0ac9f,94a9cd39104d4d05a91c14aa4ac0ac9f,5.652
a5f45502b1624983896e28a213edfc32,RADAR_LEFT_SIDE,22b148c122ef4ac690d400908e2bbc5c,cbecfab3ced24bbeab0a1b1bdd4375a8,94a9cd39104d4d05a91c14aa4ac0ac9f,94a9cd39104d4d05a91c14aa4ac0ac9f,5.624
a5f45502b1624983896e28a213edfc32,RADAR_RIGHT_BACK,c15db5439b594d16897e70ce3a7670b5,f2c73d43e0994ee8a16f930860856c0e,94a9cd39104d4d05a91c14aa4ac0ac9f,94a9cd39104d4d05a91c14aa4ac0ac9f,3.678
a5f45502b1624983896e28a213edfc32,RADAR_RIGHT_FRONT,ff9c61f0a07d44c19d6278769628a912,3126c35b164c459d85e0a0555ccba628,94a9cd39104d4d05a91c14aa4ac0ac9f,94a9cd39104d4d05a91c14aa4ac0ac9f,7.411
a5f45502b1624983896e28a213edfc32,RADAR_RIGHT_SIDE,1e7481dce7104c4caa0271988cdb26c0,8bef64c60da74778a5b9ef975c97edb7,94a9cd39104d4d05a91c14aa4ac0ac9f,94a9cd39104d4d05a91c14aa4ac0ac9f,7.036
eb589fd9cd944cf5918b7d02b675c9e0,LIDAR_LEFT,1c337af3826e4186bcb26b4ecae301d4,2e6c7b7b7ceb4f69be01f9006cedf58f,99d38896bed640d88923b27cfed564f8,8b40aa87ea6f4a298f26acfec3126755,-10.657
eb589fd9cd944cf5918b7d02b675c9e0,LIDAR_REAR,55e34dcb9aea4725b5e02c7b52f615b5,7198b581279c431bad450deaf7669f87,3708e8359b454da7aa73d9816f25892b,8b40aa87ea6f4a298f26acfec3126755,-48.481
eb589fd9cd944cf5918b7d02b675c9e0,LIDAR_RIGHT,f6ea5b1d71f74329b20f0cd1b19be8f2,aefabf5dd96744beb296b9881d60ff8b,45fc3942006f49fa96001ca0bb201c37,8b40aa87ea6f4a298f26acfec3126755,14.87
eb589fd9cd944cf5918b7d02b675c9e0,LIDAR_TOP_FRONT,664ff8eb4f1a46eaa21f2c6cf3f07945,f994daad50a14ac49f1468d66eb8db62,8b40aa87ea6f4a298f26acfec3126755,8b40aa87ea6f4a298f26acfec3126755,2.293
eb589fd9cd944cf5918b7d02b675c9e0,LIDAR_TOP_LEFT,efbb1625bc1d47bb9d0c89c7d5139184,373fca46a765439794d1ecbb5839a161,dc8b82f0c7d8440590eebc39eeba8ae4,8b40aa87ea6f4a298f26acfec3126755,-22.647
eb589fd9cd944cf5918b7d02b675c9e0,LIDAR_TOP_RIGHT,e1e8bf587994447e9eb87c1e06be2739,f8849496a35c4af599b8e598afda166d,3ee209ed1e894ef184798ce21f2bd8d7,8b40aa87ea6f4a298f26acfec3126755,27.491
eb589fd9cd944cf5918b7d02b675c9e0,RADAR_LEFT_BACK,6554a4e745314a3f8b036de4a749a58c,326989c743c948bf86229f525d0deb2d,8b40aa87ea6f4a298f26acfec3126755,8b40aa87ea6f4a298f26acfec3126755,6.794
eb589fd9cd944cf5918b7d02b675c9e0,RADAR_LEFT_FRONT,b2dd389748c44e1db46244ec9192a3c1,5e6c5afaa842478db6066e9de8dec1ef,8b40aa87ea6f4a298f26acfec3126755,8b40aa87ea6f4a298f26acfec3126755,6.648
eb589fd9cd944cf5918b7d02b675c9e0,RADAR_LEFT_SIDE,bdb9bfac16bf4033a2eabf0c2ca55ed3,cbecfab3ced24bbeab0a1b1bdd4375a8,8b40aa87ea6f4a298f26acfec3126755,8b40aa87ea6f4a298f26acfec3126755,6.626
eb589fd9cd944cf5918b7d02b675c9e0,RADAR_RIGHT_BACK,1fde3c0be29e4177b7b8b25ad68b7ba0,f2c73d43e0994ee8a16f930860856c0e,8b40aa87ea6f4a298f26acfec3126755,8b40aa87ea6f4a298f26acfec3126755,5.446
eb589fd9cd944cf5918b7d02b675c9e0,RADAR_RIGHT_FRONT,441209d158c146498b27f0b215dd5644,3126c35b164c459d85e0a0555ccba628,8b40aa87ea6f4a298f26acfec3126755,8b40aa87ea6f4a298f26acfec3126755,3.333
eb589fd9cd944cf5918b7d02b675c9e0,RADAR_RIGHT_SIDE,1a41442a5a7d4bdcb2a2b4db21f94dbc,8bef64c60da74778a5b9ef975c97edb7,8b40aa87ea6f4a298f26acfec3126755,8b40aa87ea6f4a298f26acfec3126755,3.576
6e85e65d164646609515e2482f43f9e8,LIDAR_LEFT,58b54e399404431f8c24beb7f61f5907,2e6c7b7b7ceb4f69be01f9006cedf58f,1dcf7f15083f4db58d9bb03cbf91458e,66f01fdf614644c09788e1e864350968,-10.648
6e85e65d164646609515e2482f43f9e8,LIDAR_REAR,56ff73823a2d45929e74422ed8965841,7198b581279c431bad450deaf7669f87,51e438ca021f4e9399afcc45f42b23b5,66f01fdf614644c09788e1e864350968,-48.861
6e85e65d164646609515e2482f43f9e8,LIDAR_RIGHT,18a01a081bb441459feb62fb34930032,aefabf5dd96744beb296b9881d60ff8b,7f845023b2b641ac89524c45eda905dc,66f01fdf614644c09788e1e864350968,14.84
6e85e65d164646609515e2482f43f9e8,LIDAR_TOP_FRONT,4f55ccec4ec64f07813226fca0e76093,f994daad50a14ac49f1468d66eb8db62,66f01fdf614644c09788e1e864350968,66f01fdf614644c09788e1e864350968,2.142
6e85e65d164646609515e2482f43f9e8,LIDAR_TOP_LEFT,a99f09a4b2ac44e3971a514e4aebf94d,373fca46a765439794d1ecbb5839a161,729c2e45b90f4996bbf4b3bca33b1513,66f01fdf614644c09788e1e864350968,-23.019
6e85e65d164646609515e2482f43f9e8,LIDAR_TOP_RIGHT,3a81300bf0bc45cd98def5b6dea71d53,f8849496a35c4af599b8e598afda166d,d071b0bfb283423f8709d81b504e624b,66f01fdf614644c09788e1e864350968,27.334
6e85e65d164646609515e2482f43f9e8,RADAR_LEFT_BACK,12b176b2952f40aab39c70b4312146cd,326989c743c948bf86229f525d0deb2d,66f01fdf614644c09788e1e864350968,66f01fdf614644c09788e1e864350968,2.777
6e85e65d164646609515e2482f43f9e8,RADAR_LEFT_FRONT,cf30f3a3c134453989532e4afb35e4ad,5e6c5afaa842478db6066e9de8dec1ef,66f01fdf614644c09788e1e864350968,66f01fdf614644c09788e1e864350968,2.62
6e85e65d164646609515e2482f43f9e8,RADAR_LEFT_SIDE,8af667a4b6f84543b67042be19c36d45,cbecfab3ced24bbeab0a1b1bdd4375a8,66f01fdf614644c09788e1e864350968,66f01fdf614644c09788e1e864350968,2.646
6e85e65d164646609515e2482f43f9e8,RADAR_RIGHT_BACK,debcd45b387e4fe1b5966db8e2e5f247,f2c73d43e0994ee8a16f930860856c0e,66f01fdf614644c09788e1e864350968,66f01fdf614644c09788e1e864350968,6.378
6e85e65d164646609515e2482f43f9e8,RADAR_RIGHT_FRONT,178866aac90b4e5a87eaa59e8bff2f36,3126c35b164c459d85e0a0555ccba628,66f01fdf614644c09788e1e864350968,66f01fdf614644c09788e1e864350968,4.965
6e85e65d164646609515e2482f43f9e8,RADAR_RIGHT_SIDE,5577097dd829408da7daf38849c4e768,8bef64c60da74778a5b9ef975c97edb7,66f01fdf614644c09788e1e864350968,66f01fdf614644c09788e1e864350968,4.572
6da4714588654dcb98fd4b687c4d84b1,LIDAR_LEFT,b9210a2713ec4f018d57b53e7cb2be5e,2e6c7b7b7ceb4f69be01f9006cedf58f,18c0d10fcdb54864a8d68224af6f7ea7,b62972044a6f4f44a48a51103108bced,-10.636
6da4714588654dcb98fd4b687c4d84b1,LIDAR_REAR,19e0a3b55cb74956bb0b78acfd556965,7198b581279c431bad450deaf7669f87,2b432984825d4897aa466687550b8c69,b62972044a6f4f44a48a51103108bced,-48.281
6da4714588654dcb98fd4b687c4d84b1,LIDAR_RIGHT,39f58001d54342bf902e1c532ca50e49,aefabf5dd96744beb296b9881d60ff8b,0a82b8d334b94a8db8938a5c7b9845e7,b62972044a6f4f44a48a51103108bced,14.702
6da4714588654dcb98fd4b687c4d84b1,LIDAR_TOP_FRONT,4f62b10f0e0f48a282f92fdc4ea69362,f994daad50a14ac49f1468d66eb8db62,b62972044a6f4f44a48a51103108bced,b62972044a6f4f44a48a51103108bced,2.58
6da4714588654dcb98fd4b687c4d84b1,LIDAR_TOP_LEFT,731503dc76aa44f2b0efde8330a05ab8,373fca46a765439794d1ecbb5839a161,f36b58afe9f245c8b0518ae5ba4f2790,b62972044a6f4f44a48a51103108bced,-22.347
6da4714588654dcb98fd4b687c4d84b1,LIDAR_TOP_RIGHT,c59d404852d54e47bacfd5bd1b2006c8,f8849496a35c4af599b8e598afda166d,d4371dd2622a4b5eb8762eb5d3eb0f8d,b62972044a6f4f44a48a51103108bced,27.949
6da4714588654dcb98fd4b687c4d84b1,RADAR_LEFT_BACK,9c5c72be363c4a97998c0dbb72fc0487,326989c743c948bf86229f525d0deb2d,b62972044a6f4f44a48a51103108bced,b62972044a6f4f44a48a51103108bced,5.408
6da4714588654dcb98fd4b687c4d84b1,RADAR_LEFT_FRONT,466795e61e6a450fa0223ffc6f442a4c,5e6c5afaa842478db6066e9de8dec1ef,b62972044a6f4f44a48a51103108bced,b62972044a6f4f44a48a51103108bced,5.19
6da4714588654dcb98fd4b687c4d84b1,RADAR_LEFT_SIDE,66de5c3d39a845b4a66fc88d1f77b02d,cbecfab3ced24bbeab0a1b1bdd4375a8,b62972044a6f4f44a48a51103108bced,b62972044a6f4f44a48a51103108bced,5.194
6da4714588654dcb98fd4b687c4d84b1,RADAR_RIGHT_BACK,d68ea67a3c574d49a155a65c37e9bf75,f2c73d43e0994ee8a16f930860856c0e,b62972044a6f4f44a48a51103108bced,b62972044a6f4f44a48a51103108bced,3.881
6da4714588654dcb98fd4b687c4d84b1,RADAR_RIGHT_FRONT,c3d77156fd1b4521b2c9fa6eab882205,3126c35b164c459d85e0a0555ccba628,b62972044a6f4f44a48a51103108bced,b62972044a6f4f44a48a51103108bced,7.057
6da4714588654dcb98fd4b687c4d84b1,RADAR_RIGHT_SIDE,05756bde77a344ba81e3f71503852936,8bef64c60da74778a5b9ef975c97edb7,b62972044a6f4f44a48a51103108bced,b62972044a6f4f44a48a51103108bced,6.546
88c836e904e34f6cb1cbf68901b2515c,LIDAR_LEFT,5fbab9e01717455e9f67c76e1b31d441,2e6c7b7b7ceb4f69be01f9006cedf58f,5c127653abd94eb8aa2436f837684272,1f391ea0577e43c691c74043f91d8d74,-10.64
88c836e904e34f6cb1cbf68901b2515c,LIDAR_REAR,4896b61b05a24222aff041cdb0499d5f,7198b581279c431bad450deaf7669f87,7572726f3ad64700941b7a473e6d877e,1f391ea0577e43c691c74043f91d8d74,-47.929
88c836e904e34f6cb1cbf68901b2515c,LIDAR_RIGHT,160a5046446d4678810340a03de72bd8,aefabf5dd96744beb296b9881d60ff8b,5f9105a1a5d84ca784f374a4532b0333,1f391ea0577e43c691c74043f91d8d74,14.696
88c836e904e34f6cb1cbf68901b2515c,LIDAR_TOP_FRONT,7d999cd261d34b7ea3305e2a22863a7e,f994daad50a14ac49f1468d66eb8db62,1f391ea0577e43c691c74043f91d8d74,1f391ea0577e43c691c74043f91d8d74,2.879
88c836e904e34f6cb1cbf68901b2515c,LIDAR_TOP_LEFT,b72546ecb4304554b3139a5b7b8d39fa,373fca46a765439794d1ecbb5839a161,9c4d59e315884236ae5eb1a019de00a5,1f391ea0577e43c691c74043f91d8d74,-21.755
88c836e904e34f6cb1cbf68901b2515c,LIDAR_TOP_RIGHT,152f222d51d44efd9ad96133b03c3e1c,f8849496a35c4af599b8e598afda166d,bb15ae2bc2e04cad9831e8766809b163,1f391ea0577e43c691c74043f91d8d74,28.565
88c836e904e34f6cb1cbf68901b2515c,RADAR_LEFT_BACK,3b93bbd30be94f7cbf3c8e385f94a2dc,326989c743c948bf86229f525d0deb2d,1f391ea0577e43c691c74043f91d8d74,1f391ea0577e43c691c74043f91d8d74,7.323
88c836e904e34f6cb1cbf68901b2515c,RADAR_LEFT_FRONT,375f5b4db89d484881d46e0bef20b615,5e6c5afaa842478db6066e9de8dec1ef,1f391ea0577e43c691c74043f91d8d74,1f391ea0577e43c691c74043f91d8d74,7.31
88c836e904e34f6cb1cbf68901b2515c,RADAR_LEFT_SIDE,f2ca61d98bfb447584d57a9a5d5fb8c8,cbecfab3ced24bbeab0a1b1bdd4375a8,1f391ea0577e43c691c74043f91d8d74,1f391ea0577e43c691c74043f91d8d74,7.136
88c836e904e34f6cb1cbf68901b2515c,RADAR_RIGHT_BACK,a2e6b37ef73e4a8ead5e17b7e09507f3,f2c73d43e0994ee8a16f930860856c0e,1f391ea0577e43c691c74043f91d8d74,1f391ea0577e43c691c74043f91d8d74,5.63
88c836e904e34f6cb1cbf68901b2515c,RADAR_RIGHT_FRONT,d8a7c3ab3bd34687ac8b9fadb02d5a48,3126c35b164c459d85e0a0555ccba628,1f391ea0577e43c691c74043f91d8d74,1f391ea0577e43c691c74043f91d8d74,4.551
88c836e904e34f6cb1cbf68901b2515c,RADAR_RIGHT_SIDE,8e5b8ecad73e4a1e9f6d8298f61c57ae,8bef64c60da74778a5b9ef975c97edb7,1f391ea0577e43c691c74043f91d8d74,1f391ea0577e43c691c74043f91d8d74,4.313
03595fbbc36e4b509eec679e8fbfe3b0,LIDAR_LEFT,0e175200ecad46c2bb75a326376a0f1d,2e6c7b7b7ceb4f69be01f9006cedf58f,c283a3156de44f4793b1aac638681458,93ee9f6a37744ef9be2fc7d17c82c189,-10.654
03595fbbc36e4b509eec679e8fbfe3b0,LIDAR_REAR,925224106418414e9a560f7b45b15c33,7198b581279c431bad450deaf7669f87,0ddc3c25c97d47edbb9c0dfde419a7e6,93ee9f6a37744ef9be2fc7d17c82c189,-48.088
03595fbbc36e4b509eec679e8fbfe3b0,LIDAR_RIGHT,8a9cb087838d4d78912cb82fd42d7580,aefabf5dd96744beb296b9881d60ff8b,a17795cf1c804041a60ed3819e04f746,93ee9f6a37744ef9be2fc7d17c82c189,14.347
03595fbbc36e4b509eec679e8fbfe3b0,LIDAR_TOP_FRONT,8e5686a46ad74431b6cd0d3ac5f47c87,f994daad50a14ac49f1468d66eb8db62,93ee9f6a37744ef9be2fc7d17c82c189,93ee9f6a37744ef9be2fc7d17c82c189,2.78
03595fbbc36e4b509eec679e8fbfe3b0,LIDAR_TOP_LEFT,543e33c89f6c4829b94622bdbf1d6e5a,373fca46a765439794d1ecbb5839a161,b46bb4192a054789829939591a18e572,93ee9f6a37744ef9be2fc7d17c82c189,-21.669
03595fbbc36e4b509eec679e8fbfe3b0,LIDAR_TOP_RIGHT,0ae75cf3197f4cc69ce5e0b77fc1b84c,f8849496a35c4af599b8e598afda166d,13b62e6440c347f4b3990b31f575a7a8,93ee9f6a37744ef9be2fc7d17c82c189,28.316
03595fbbc36e4b509eec679e8fbfe3b0,RADAR_LEFT_BACK,d6648bae634e46dda35a366cf9c5748a,326989c743c948bf86229f525d0deb2d,93ee9f6a37744ef9be2fc7d17c82c189,93ee9f6a37744ef9be2fc7d17c82c189,4.144
03595fbbc36e4b509eec679e8fbfe3b0,RADAR_LEFT_FRONT,8646917755d945198608d789063730e4,5e6c5afaa842478db6066e9de8dec1ef,93ee9f6a37744ef9be2fc7d17c82c189,93ee9f6a37744ef9be2fc7d17c82c189,3.958
03595fbbc36e4b509eec679e8fbfe3b0,RADAR_LEFT_SIDE,f005d6aae62741a69957afb252b36504,cbecfab3ced24bbeab0a1b1bdd4375a8,93ee9f6a37744ef9be2fc7d17c82c189,93ee9f6a37744ef9be2fc7d17c82c189,3.967
03595fbbc36e4b509eec679e8fbfe3b0,RADAR_RIGHT_BACK,78b25fe2d34f429db9ef9e5557143b29,f2c73d43e0994ee8a16f930860856c0e,93ee9f6a37744ef9be2fc7d17c82c189,93ee9f6a37744ef9be2fc7d17c82c189,7.166
03595fbbc36e4b509eec679e8fbfe3b0,RADAR_RIGHT_FRONT,b34198b76e0c472386650aae196a5065,3126c35b164c459d85e0a0555ccba628,93ee9f6a37744ef9be2fc7d17c82c189,93ee9f6a37744ef9be2fc7d17c82c189,5.782
03595fbbc36e4b509eec679e8fbfe3b0,RADAR_RIGHT_SIDE,0e990f21bd824ceeb2fe5e54a8d94565,8bef64c60da74778a5b9ef975c97edb7,93ee9f6a37744ef9be2fc7d17c82c189,93ee9f6a37744ef9be2fc7d17c82c189,5.154
27b21c33300842fdb87fcae94c6eef64,LIDAR_LEFT,4c2408c1b6e3428da3be7d070aa531b3,2e6c7b7b7ceb4f69be01f9006cedf58f,5ffa0e2924b847a9a2d96f09a1cb824a,3ea19df736bf48ee8304ff30ca521b23,-10.654
27b21c33300842fdb87fcae94c6eef64,LIDAR_REAR,430852f9a0494fa18dd25b53cc62ebe0,7198b581279c431bad450deaf7669f87,e870b212d88b489d81364cf613f13951,3ea19df736bf48ee8304ff30ca521b23,-48.557
27b21c33300842fdb87fcae94c6eef64,LIDAR_RIGHT,495a174c8ae74118accfaa1e21b43555,aefabf5dd96744beb296b9881d60ff8b,7b96432d245347279a657c0d70114267,3ea19df736bf48ee8304ff30ca521b23,14.21
27b21c33300842fdb87fcae94c6eef64,LIDAR_TOP_FRONT,467abbd4198b473ab7a5c6cea06f37bf,f994daad50a14ac49f1468d66eb8db62,3ea19df736bf48ee8304ff30ca521b23,3ea19df736bf48ee8304ff30ca521b23,2.275
27b21c33300842fdb87fcae94c6eef64,LIDAR_TOP_LEFT,436026eae67342ca843649aa162430aa,373fca46a765439794d1ecbb5839a161,1040b1f9cdc14233abe887ede146525a,3ea19df736bf48ee8304ff30ca521b23,-22.126
27b21c33300842fdb87fcae94c6eef64,LIDAR_TOP_RIGHT,4e4a4bfa70594d738dab5ea3321b9c51,f8849496a35c4af599b8e598afda166d,6f9d44e64209401a8f34def10d592f6b,3ea19df736bf48ee8304ff30ca521b23,27.717
27b21c33300842fdb87fcae94c6eef64,RADAR_LEFT_BACK,12e8baaedaf94aa08936e71796fbfcb8,326989c743c948bf86229f525d0deb2d,3ea19df736bf48ee8304ff30ca521b23,3ea19df736bf48ee8304ff30ca521b23,4.99
27b21c33300842fdb87fcae94c6eef64,RADAR_LEFT_FRONT,64c7c7276701427daff2bbd7bea26026,5e6c5afaa842478db6066e9de8dec1ef,3ea19df736bf48ee8304ff30ca521b23,3ea19df736bf48ee8304ff30ca521b23,4.817
27b21c33300842fdb87fcae94c6eef64,RADAR_LEFT_SIDE,6966daa0d11940898c5d694455c36b08,cbecfab3ced24bbeab0a1b1bdd4375a8,3ea19df736bf48ee8304ff30ca521b23,3ea19df736bf48ee8304ff30ca521b23,4.806
27b21c33300842fdb87fcae94c6eef64,RADAR_RIGHT_BACK,934d923d24814c14b589ce997576a923,f2c73d43e0994ee8a16f930860856c0e,3ea19df736bf48ee8304ff30ca521b23,3ea19df736bf48ee8304ff30ca521b23,3.894
27b21c33300842fdb87fcae94c6eef64,RADAR_RIGHT_FRONT,4cf9ba0f817b4d3585a059302c9932b5,3126c35b164c459d85e0a0555ccba628,3ea19df736bf48ee8304ff30ca521b23,3ea19df736bf48ee8304ff30ca521b23,6.714
27b21c33300842fdb87fcae94c6eef64,RADAR_RIGHT_SIDE,fc8484279d954d3b826674e97f8a7cf0,8bef64c60da74778a5b9ef975c97edb7,3ea19df736bf48ee8304ff30ca521b23,3ea19df736bf48ee8304ff30ca521b23,6.323
03aa237df45142e3a7e743192bdab1a4,LIDAR_LEFT,3af8e105f1a54d43adf4a3e0da0ead75,2e6c7b7b7ceb4f69be01f9006cedf58f,fe442b181ad4453d80ddbc82e4962a66,5e2c9c0d0f334478bad6e1ce5bb33868,-10.639
03aa237df45142e3a7e743192bdab1a4,LIDAR_REAR,560ec143d37a4a23a358f7f37d588b11,7198b581279c431bad450deaf7669f87,53afd1a472624f70b6b5371f06d5a9c5,5e2c9c0d0f334478bad6e1ce5bb33868,-48.36
03aa237df45142e3a7e743192bdab1a4,LIDAR_RIGHT,d0936fd538814f58ac2ea88221a69659,aefabf5dd96744beb296b9881d60ff8b,3f65deb382b8411abf690d1e9c12070f,5e2c9c0d0f334478bad6e1ce5bb33868,14.334
03aa237df45142e3a7e743192bdab1a4,LIDAR_TOP_FRONT,c7dc0b39a51b41fc8a805ededcdad922,f994daad50a14ac49f1468d66eb8db62,5e2c9c0d0f334478bad6e1ce5bb33868,5e2c9c0d0f334478bad6e1ce5bb33868,2.41
03aa237df45142e3a7e743192bdab1a4,LIDAR_TOP_LEFT,57312a47ee7a493585fe160af72577ae,373fca46a765439794d1ecbb5839a161,33b063454a374d0b89f95502362d334e,5e2c9c0d0f334478bad6e1ce5bb33868,-21.901
03aa237df45142e3a7e743192bdab1a4,LIDAR_TOP_RIGHT,bfe23334ea01480f892da4fc1f494f8f,f8849496a35c4af599b8e598afda166d,5ddbe80d462b47df8c75cbe03c236426,5e2c9c0d0f334478bad6e1ce5bb33868,27.838
03aa237df45142e3a7e743192bdab1a4,RADAR_LEFT_BACK,0375ca6e621143a7871d0bb07ef15176,326989c743c948bf86229f525d0deb2d,5e2c9c0d0f334478bad6e1ce5bb33868,5e2c9c0d0f334478bad6e1ce5bb33868,6.716
03aa237df45142e3a7e743192bdab1a4,RADAR_LEFT_FRONT,3b525c844d434d679fe8db4ddb3a3440,5e6c5afaa842478db6066e9de8dec1ef,5e2c9c0d0f334478bad6e1ce5bb33868,5e2c9c0d0f334478bad6e1ce5bb33868,6.5
03aa237df45142e3a7e743192bdab1a4,RADAR_LEFT_SIDE,d1cead3248e8449c80506733e3d476eb,cbecfab3ced24bbeab0a1b1bdd4375a8,5e2c9c0d0f334478bad6e1ce5bb33868,5e2c9c0d0f334478bad6e1ce5bb33868,6.577
03aa237df45142e3a7e743192bdab1a4,RADAR_RIGHT_BACK,0c921e815f1a491a906d4c54993bf930,f2c73d43e0994ee8a16f930860856c0e,5e2c9c0d0f334478bad6e1ce5bb33868,5e2c9c0d0f334478bad6e1ce5bb33868,5.017
03aa237df45142e3a7e743192bdab1a4,RADAR_RIGHT_FRONT,eb82a2db1290478c8f87b7c808a112c8,3126c35b164c459d85e0a0555ccba628,5e2c9c0d0f334478bad6e1ce5bb33868,5e2c9c0d0f334478bad6e1ce5bb33868,3.325
03aa237df45142e3a7e743192bdab1a4,RADAR_RIGHT_SIDE,dbe95eb5200e43d68d93666634fac019,8bef64c60da74778a5b9ef975c97edb7,5e2c9c0d0f334478bad6e1ce5bb33868,5e2c9c0d0f334478bad6e1ce5bb33868,3.501
