frame,scenario,variant,band_m,category,model_truth,points,correct_points,called_ground_points,correct_percent,called_ground_percent
2022-07-22_flight__0155_1658494454445888345_vls128.bin,2022-07-22_flight,p64,0-25,undefined,other,2,2,0,100.0,0.0
2022-07-22_flight__0155_1658494454445888345_vls128.bin,2022-07-22_flight,p64,0-25,obstacle,obstacle,0,0,0,,
2022-07-22_flight__0155_1658494454445888345_vls128.bin,2022-07-22_flight,p64,0-25,ego_vehicle,other,353,320,0,90.65155807365439,0.0
2022-07-22_flight__0155_1658494454445888345_vls128.bin,2022-07-22_flight,p64,0-25,bush,vegetation,338,145,0,42.89940828402367,0.0
2022-07-22_flight__0155_1658494454445888345_vls128.bin,2022-07-22_flight,p64,0-25,asphalt,artificial_ground,1890,0,1890,0.0,100.0
2022-07-22_flight__0155_1658494454445888345_vls128.bin,2022-07-22_flight,p64,0-25,soil,natural_ground,345,345,345,100.0,100.0
2022-07-22_flight__0155_1658494454445888345_vls128.bin,2022-07-22_flight,p64,0-25,building,artificial_structures,0,0,0,,
2022-07-22_flight__0155_1658494454445888345_vls128.bin,2022-07-22_flight,p64,0-25,fence,obstacle,17774,17347,15,97.59761449307977,0.0843929334983684
2022-07-22_flight__0155_1658494454445888345_vls128.bin,2022-07-22_flight,p64,0-25,pole,obstacle,0,0,0,,
2022-07-22_flight__0155_1658494454445888345_vls128.bin,2022-07-22_flight,p64,0-25,misc_sign,obstacle,0,0,0,,
2022-07-22_flight__0155_1658494454445888345_vls128.bin,2022-07-22_flight,p64,0-25,low_grass,natural_ground,68057,57689,57689,84.76571109511146,84.76571109511146
2022-07-22_flight__0155_1658494454445888345_vls128.bin,2022-07-22_flight,p64,0-25,high_grass,vegetation,2496,1373,678,55.00801282051282,27.16346153846154
2022-07-22_flight__0155_1658494454445888345_vls128.bin,2022-07-22_flight,p64,0-25,container,obstacle,0,0,0,,
2022-07-22_flight__0155_1658494454445888345_vls128.bin,2022-07-22_flight,p64,0-25,hedge,vegetation,0,0,0,,
2022-07-22_flight__0155_1658494454445888345_vls128.bin,2022-07-22_flight,p64,25-50,undefined,other,3,0,1,0.0,33.333333333333336
2022-07-22_flight__0155_1658494454445888345_vls128.bin,2022-07-22_flight,p64,25-50,obstacle,obstacle,45,0,0,0.0,0.0
2022-07-22_flight__0155_1658494454445888345_vls128.bin,2022-07-22_flight,p64,25-50,ego_vehicle,other,0,0,0,,
2022-07-22_flight__0155_1658494454445888345_vls128.bin,2022-07-22_flight,p64,25-50,bush,vegetation,338,338,0,100.0,0.0
2022-07-22_flight__0155_1658494454445888345_vls128.bin,2022-07-22_flight,p64,25-50,asphalt,artificial_ground,500,1,500,0.2,100.0
2022-07-22_flight__0155_1658494454445888345_vls128.bin,2022-07-22_flight,p64,25-50,soil,natural_ground,112,112,112,100.0,100.0
2022-07-22_flight__0155_1658494454445888345_vls128.bin,2022-07-22_flight,p64,25-50,building,artificial_structures,0,0,0,,
2022-07-22_flight__0155_1658494454445888345_vls128.bin,2022-07-22_flight,p64,25-50,fence,obstacle,892,808,7,90.5829596412556,0.7847533632286996
2022-07-22_flight__0155_1658494454445888345_vls128.bin,2022-07-22_flight,p64,25-50,pole,obstacle,18,12,0,66.66666666666667,0.0
2022-07-22_flight__0155_1658494454445888345_vls128.bin,2022-07-22_flight,p64,25-50,misc_sign,obstacle,12,12,0,100.0,0.0
2022-07-22_flight__0155_1658494454445888345_vls128.bin,2022-07-22_flight,p64,25-50,low_grass,natural_ground,18692,18522,18522,99.0905200085598,99.0905200085598
2022-07-22_flight__0155_1658494454445888345_vls128.bin,2022-07-22_flight,p64,25-50,high_grass,vegetation,566,365,195,64.48763250883393,34.45229681978799
2022-07-22_flight__0155_1658494454445888345_vls128.bin,2022-07-22_flight,p64,25-50,container,obstacle,757,136,1,17.96565389696169,0.13210039630118892
2022-07-22_flight__0155_1658494454445888345_vls128.bin,2022-07-22_flight,p64,25-50,hedge,vegetation,0,0,0,,
2022-07-22_flight__0155_1658494454445888345_vls128.bin,2022-07-22_flight,p64,50-100,undefined,other,2,0,2,0.0,100.0
2022-07-22_flight__0155_1658494454445888345_vls128.bin,2022-07-22_flight,p64,50-100,obstacle,obstacle,26,0,0,0.0,0.0
2022-07-22_flight__0155_1658494454445888345_vls128.bin,2022-07-22_flight,p64,50-100,ego_vehicle,other,0,0,0,,
2022-07-22_flight__0155_1658494454445888345_vls128.bin,2022-07-22_flight,p64,50-100,bush,vegetation,16,16,0,100.0,0.0
2022-07-22_flight__0155_1658494454445888345_vls128.bin,2022-07-22_flight,p64,50-100,asphalt,artificial_ground,0,0,0,,
2022-07-22_flight__0155_1658494454445888345_vls128.bin,2022-07-22_flight,p64,50-100,soil,natural_ground,41,41,41,100.0,100.0
2022-07-22_flight__0155_1658494454445888345_vls128.bin,2022-07-22_flight,p64,50-100,building,artificial_structures,0,0,0,,
2022-07-22_flight__0155_1658494454445888345_vls128.bin,2022-07-22_flight,p64,50-100,fence,obstacle,102,11,4,10.784313725490197,3.9215686274509802
2022-07-22_flight__0155_1658494454445888345_vls128.bin,2022-07-22_flight,p64,50-100,pole,obstacle,0,0,0,,
2022-07-22_flight__0155_1658494454445888345_vls128.bin,2022-07-22_flight,p64,50-100,misc_sign,obstacle,0,0,0,,
2022-07-22_flight__0155_1658494454445888345_vls128.bin,2022-07-22_flight,p64,50-100,low_grass,natural_ground,6341,6305,6305,99.43226620406875,99.43226620406875
2022-07-22_flight__0155_1658494454445888345_vls128.bin,2022-07-22_flight,p64,50-100,high_grass,vegetation,272,175,97,64.33823529411765,35.661764705882355
2022-07-22_flight__0155_1658494454445888345_vls128.bin,2022-07-22_flight,p64,50-100,container,obstacle,0,0,0,,
2022-07-22_flight__0155_1658494454445888345_vls128.bin,2022-07-22_flight,p64,50-100,hedge,vegetation,0,0,0,,
2022-07-22_flight__0155_1658494454445888345_vls128.bin,2022-07-22_flight,p64,100-150,undefined,other,0,0,0,,
2022-07-22_flight__0155_1658494454445888345_vls128.bin,2022-07-22_flight,p64,100-150,obstacle,obstacle,535,227,33,42.429906542056074,6.168224299065421
2022-07-22_flight__0155_1658494454445888345_vls128.bin,2022-07-22_flight,p64,100-150,ego_vehicle,other,0,0,0,,
2022-07-22_flight__0155_1658494454445888345_vls128.bin,2022-07-22_flight,p64,100-150,bush,vegetation,1123,1113,7,99.10952804986643,0.6233303650934996
2022-07-22_flight__0155_1658494454445888345_vls128.bin,2022-07-22_flight,p64,100-150,asphalt,artificial_ground,11,0,11,0.0,100.0
2022-07-22_flight__0155_1658494454445888345_vls128.bin,2022-07-22_flight,p64,100-150,soil,natural_ground,8,8,8,100.0,100.0
2022-07-22_flight__0155_1658494454445888345_vls128.bin,2022-07-22_flight,p64,100-150,building,artificial_structures,240,54,2,22.5,0.8333333333333334
2022-07-22_flight__0155_1658494454445888345_vls128.bin,2022-07-22_flight,p64,100-150,fence,obstacle,80,36,19,45.0,23.75
2022-07-22_flight__0155_1658494454445888345_vls128.bin,2022-07-22_flight,p64,100-150,pole,obstacle,28,15,0,53.57142857142857,0.0
2022-07-22_flight__0155_1658494454445888345_vls128.bin,2022-07-22_flight,p64,100-150,misc_sign,obstacle,0,0,0,,
2022-07-22_flight__0155_1658494454445888345_vls128.bin,2022-07-22_flight,p64,100-150,low_grass,natural_ground,1035,808,810,78.06763285024155,78.26086956521739
2022-07-22_flight__0155_1658494454445888345_vls128.bin,2022-07-22_flight,p64,100-150,high_grass,vegetation,722,581,94,80.47091412742382,13.01939058171745
2022-07-22_flight__0155_1658494454445888345_vls128.bin,2022-07-22_flight,p64,100-150,container,obstacle,0,0,0,,
2022-07-22_flight__0155_1658494454445888345_vls128.bin,2022-07-22_flight,p64,100-150,hedge,vegetation,0,0,0,,
2022-07-22_flight__0155_1658494454445888345_vls128.bin,2022-07-22_flight,p64,150+,undefined,other,6,1,0,16.666666666666668,0.0
2022-07-22_flight__0155_1658494454445888345_vls128.bin,2022-07-22_flight,p64,150+,obstacle,obstacle,8,0,8,0.0,100.0
2022-07-22_flight__0155_1658494454445888345_vls128.bin,2022-07-22_flight,p64,150+,ego_vehicle,other,0,0,0,,
2022-07-22_flight__0155_1658494454445888345_vls128.bin,2022-07-22_flight,p64,150+,bush,vegetation,1148,1122,0,97.73519163763066,0.0
2022-07-22_flight__0155_1658494454445888345_vls128.bin,2022-07-22_flight,p64,150+,asphalt,artificial_ground,0,0,0,,
2022-07-22_flight__0155_1658494454445888345_vls128.bin,2022-07-22_flight,p64,150+,soil,natural_ground,27,12,12,44.44444444444444,44.44444444444444
2022-07-22_flight__0155_1658494454445888345_vls128.bin,2022-07-22_flight,p64,150+,building,artificial_structures,783,584,3,74.58492975734355,0.3831417624521073
2022-07-22_flight__0155_1658494454445888345_vls128.bin,2022-07-22_flight,p64,150+,fence,obstacle,0,0,0,,
2022-07-22_flight__0155_1658494454445888345_vls128.bin,2022-07-22_flight,p64,150+,pole,obstacle,1,0,0,0.0,0.0
2022-07-22_flight__0155_1658494454445888345_vls128.bin,2022-07-22_flight,p64,150+,misc_sign,obstacle,0,0,0,,
2022-07-22_flight__0155_1658494454445888345_vls128.bin,2022-07-22_flight,p64,150+,low_grass,natural_ground,375,300,300,80.0,80.0
2022-07-22_flight__0155_1658494454445888345_vls128.bin,2022-07-22_flight,p64,150+,high_grass,vegetation,663,419,244,63.197586726998495,36.802413273001505
2022-07-22_flight__0155_1658494454445888345_vls128.bin,2022-07-22_flight,p64,150+,container,obstacle,48,48,0,100.0,0.0
2022-07-22_flight__0155_1658494454445888345_vls128.bin,2022-07-22_flight,p64,150+,hedge,vegetation,1210,1180,30,97.52066115702479,2.479338842975207
2022-07-22_flight__0155_1658494454445888345_vls128.bin,2022-07-22_flight,p64,0+,undefined,other,13,3,3,23.076923076923077,23.076923076923077
2022-07-22_flight__0155_1658494454445888345_vls128.bin,2022-07-22_flight,p64,0+,obstacle,obstacle,614,227,41,36.97068403908795,6.677524429967427
2022-07-22_flight__0155_1658494454445888345_vls128.bin,2022-07-22_flight,p64,0+,ego_vehicle,other,353,320,0,90.65155807365439,0.0
2022-07-22_flight__0155_1658494454445888345_vls128.bin,2022-07-22_flight,p64,0+,bush,vegetation,2963,2734,7,92.27134660816739,0.2362470469119136
2022-07-22_flight__0155_1658494454445888345_vls128.bin,2022-07-22_flight,p64,0+,asphalt,artificial_ground,2401,1,2401,0.04164931278633902,100.0
2022-07-22_flight__0155_1658494454445888345_vls128.bin,2022-07-22_flight,p64,0+,soil,natural_ground,533,518,518,97.18574108818011,97.18574108818011
2022-07-22_flight__0155_1658494454445888345_vls128.bin,2022-07-22_flight,p64,0+,building,artificial_structures,1023,638,5,62.365591397849464,0.4887585532746823
2022-07-22_flight__0155_1658494454445888345_vls128.bin,2022-07-22_flight,p64,0+,fence,obstacle,18848,18202,45,96.5725806451613,0.23875212224108658
2022-07-22_flight__0155_1658494454445888345_vls128.bin,2022-07-22_flight,p64,0+,pole,obstacle,47,27,0,57.4468085106383,0.0
2022-07-22_flight__0155_1658494454445888345_vls128.bin,2022-07-22_flight,p64,0+,misc_sign,obstacle,12,12,0,100.0,0.0
2022-07-22_flight__0155_1658494454445888345_vls128.bin,2022-07-22_flight,p64,0+,low_grass,natural_ground,94500,83624,83626,88.4910052910053,88.4931216931217
2022-07-22_flight__0155_1658494454445888345_vls128.bin,2022-07-22_flight,p64,0+,high_grass,vegetation,4719,2913,1308,61.72917991099809,27.7177368086459
2022-07-22_flight__0155_1658494454445888345_vls128.bin,2022-07-22_flight,p64,0+,container,obstacle,805,184,1,22.857142857142858,0.12422360248447205
2022-07-22_flight__0155_1658494454445888345_vls128.bin,2022-07-22_flight,p64,0+,hedge,vegetation,1210,1180,30,97.52066115702479,2.479338842975207
2022-07-22_flight__0155_1658494454445888345_vls128.bin,2022-07-22_flight,p64repeat,0-25,undefined,other,2,2,0,100.0,0.0
2022-07-22_flight__0155_1658494454445888345_vls128.bin,2022-07-22_flight,p64repeat,0-25,obstacle,obstacle,0,0,0,,
2022-07-22_flight__0155_1658494454445888345_vls128.bin,2022-07-22_flight,p64repeat,0-25,ego_vehicle,other,353,320,0,90.65155807365439,0.0
2022-07-22_flight__0155_1658494454445888345_vls128.bin,2022-07-22_flight,p64repeat,0-25,bush,vegetation,338,145,0,42.89940828402367,0.0
2022-07-22_flight__0155_1658494454445888345_vls128.bin,2022-07-22_flight,p64repeat,0-25,asphalt,artificial_ground,1890,0,1890,0.0,100.0
2022-07-22_flight__0155_1658494454445888345_vls128.bin,2022-07-22_flight,p64repeat,0-25,soil,natural_ground,345,345,345,100.0,100.0
2022-07-22_flight__0155_1658494454445888345_vls128.bin,2022-07-22_flight,p64repeat,0-25,building,artificial_structures,0,0,0,,
2022-07-22_flight__0155_1658494454445888345_vls128.bin,2022-07-22_flight,p64repeat,0-25,fence,obstacle,17774,17347,15,97.59761449307977,0.0843929334983684
2022-07-22_flight__0155_1658494454445888345_vls128.bin,2022-07-22_flight,p64repeat,0-25,pole,obstacle,0,0,0,,
2022-07-22_flight__0155_1658494454445888345_vls128.bin,2022-07-22_flight,p64repeat,0-25,misc_sign,obstacle,0,0,0,,
2022-07-22_flight__0155_1658494454445888345_vls128.bin,2022-07-22_flight,p64repeat,0-25,low_grass,natural_ground,68057,57689,57689,84.76571109511146,84.76571109511146
2022-07-22_flight__0155_1658494454445888345_vls128.bin,2022-07-22_flight,p64repeat,0-25,high_grass,vegetation,2496,1373,678,55.00801282051282,27.16346153846154
2022-07-22_flight__0155_1658494454445888345_vls128.bin,2022-07-22_flight,p64repeat,0-25,container,obstacle,0,0,0,,
2022-07-22_flight__0155_1658494454445888345_vls128.bin,2022-07-22_flight,p64repeat,0-25,hedge,vegetation,0,0,0,,
2022-07-22_flight__0155_1658494454445888345_vls128.bin,2022-07-22_flight,p64repeat,25-50,undefined,other,3,0,1,0.0,33.333333333333336
2022-07-22_flight__0155_1658494454445888345_vls128.bin,2022-07-22_flight,p64repeat,25-50,obstacle,obstacle,45,0,0,0.0,0.0
2022-07-22_flight__0155_1658494454445888345_vls128.bin,2022-07-22_flight,p64repeat,25-50,ego_vehicle,other,0,0,0,,
2022-07-22_flight__0155_1658494454445888345_vls128.bin,2022-07-22_flight,p64repeat,25-50,bush,vegetation,338,338,0,100.0,0.0
2022-07-22_flight__0155_1658494454445888345_vls128.bin,2022-07-22_flight,p64repeat,25-50,asphalt,artificial_ground,500,1,500,0.2,100.0
2022-07-22_flight__0155_1658494454445888345_vls128.bin,2022-07-22_flight,p64repeat,25-50,soil,natural_ground,112,112,112,100.0,100.0
2022-07-22_flight__0155_1658494454445888345_vls128.bin,2022-07-22_flight,p64repeat,25-50,building,artificial_structures,0,0,0,,
2022-07-22_flight__0155_1658494454445888345_vls128.bin,2022-07-22_flight,p64repeat,25-50,fence,obstacle,892,808,7,90.5829596412556,0.7847533632286996
2022-07-22_flight__0155_1658494454445888345_vls128.bin,2022-07-22_flight,p64repeat,25-50,pole,obstacle,18,12,0,66.66666666666667,0.0
2022-07-22_flight__0155_1658494454445888345_vls128.bin,2022-07-22_flight,p64repeat,25-50,misc_sign,obstacle,12,12,0,100.0,0.0
2022-07-22_flight__0155_1658494454445888345_vls128.bin,2022-07-22_flight,p64repeat,25-50,low_grass,natural_ground,18692,18522,18522,99.0905200085598,99.0905200085598
2022-07-22_flight__0155_1658494454445888345_vls128.bin,2022-07-22_flight,p64repeat,25-50,high_grass,vegetation,566,365,195,64.48763250883393,34.45229681978799
2022-07-22_flight__0155_1658494454445888345_vls128.bin,2022-07-22_flight,p64repeat,25-50,container,obstacle,757,136,1,17.96565389696169,0.13210039630118892
2022-07-22_flight__0155_1658494454445888345_vls128.bin,2022-07-22_flight,p64repeat,25-50,hedge,vegetation,0,0,0,,
2022-07-22_flight__0155_1658494454445888345_vls128.bin,2022-07-22_flight,p64repeat,50-100,undefined,other,2,0,2,0.0,100.0
2022-07-22_flight__0155_1658494454445888345_vls128.bin,2022-07-22_flight,p64repeat,50-100,obstacle,obstacle,26,0,0,0.0,0.0
2022-07-22_flight__0155_1658494454445888345_vls128.bin,2022-07-22_flight,p64repeat,50-100,ego_vehicle,other,0,0,0,,
2022-07-22_flight__0155_1658494454445888345_vls128.bin,2022-07-22_flight,p64repeat,50-100,bush,vegetation,16,16,0,100.0,0.0
2022-07-22_flight__0155_1658494454445888345_vls128.bin,2022-07-22_flight,p64repeat,50-100,asphalt,artificial_ground,0,0,0,,
2022-07-22_flight__0155_1658494454445888345_vls128.bin,2022-07-22_flight,p64repeat,50-100,soil,natural_ground,41,41,41,100.0,100.0
2022-07-22_flight__0155_1658494454445888345_vls128.bin,2022-07-22_flight,p64repeat,50-100,building,artificial_structures,0,0,0,,
2022-07-22_flight__0155_1658494454445888345_vls128.bin,2022-07-22_flight,p64repeat,50-100,fence,obstacle,102,11,4,10.784313725490197,3.9215686274509802
2022-07-22_flight__0155_1658494454445888345_vls128.bin,2022-07-22_flight,p64repeat,50-100,pole,obstacle,0,0,0,,
2022-07-22_flight__0155_1658494454445888345_vls128.bin,2022-07-22_flight,p64repeat,50-100,misc_sign,obstacle,0,0,0,,
2022-07-22_flight__0155_1658494454445888345_vls128.bin,2022-07-22_flight,p64repeat,50-100,low_grass,natural_ground,6341,6305,6305,99.43226620406875,99.43226620406875
2022-07-22_flight__0155_1658494454445888345_vls128.bin,2022-07-22_flight,p64repeat,50-100,high_grass,vegetation,272,175,97,64.33823529411765,35.661764705882355
2022-07-22_flight__0155_1658494454445888345_vls128.bin,2022-07-22_flight,p64repeat,50-100,container,obstacle,0,0,0,,
2022-07-22_flight__0155_1658494454445888345_vls128.bin,2022-07-22_flight,p64repeat,50-100,hedge,vegetation,0,0,0,,
2022-07-22_flight__0155_1658494454445888345_vls128.bin,2022-07-22_flight,p64repeat,100-150,undefined,other,0,0,0,,
2022-07-22_flight__0155_1658494454445888345_vls128.bin,2022-07-22_flight,p64repeat,100-150,obstacle,obstacle,535,227,33,42.429906542056074,6.168224299065421
2022-07-22_flight__0155_1658494454445888345_vls128.bin,2022-07-22_flight,p64repeat,100-150,ego_vehicle,other,0,0,0,,
2022-07-22_flight__0155_1658494454445888345_vls128.bin,2022-07-22_flight,p64repeat,100-150,bush,vegetation,1123,1113,7,99.10952804986643,0.6233303650934996
2022-07-22_flight__0155_1658494454445888345_vls128.bin,2022-07-22_flight,p64repeat,100-150,asphalt,artificial_ground,11,0,11,0.0,100.0
2022-07-22_flight__0155_1658494454445888345_vls128.bin,2022-07-22_flight,p64repeat,100-150,soil,natural_ground,8,8,8,100.0,100.0
2022-07-22_flight__0155_1658494454445888345_vls128.bin,2022-07-22_flight,p64repeat,100-150,building,artificial_structures,240,54,2,22.5,0.8333333333333334
2022-07-22_flight__0155_1658494454445888345_vls128.bin,2022-07-22_flight,p64repeat,100-150,fence,obstacle,80,36,19,45.0,23.75
2022-07-22_flight__0155_1658494454445888345_vls128.bin,2022-07-22_flight,p64repeat,100-150,pole,obstacle,28,15,0,53.57142857142857,0.0
2022-07-22_flight__0155_1658494454445888345_vls128.bin,2022-07-22_flight,p64repeat,100-150,misc_sign,obstacle,0,0,0,,
2022-07-22_flight__0155_1658494454445888345_vls128.bin,2022-07-22_flight,p64repeat,100-150,low_grass,natural_ground,1035,808,810,78.06763285024155,78.26086956521739
2022-07-22_flight__0155_1658494454445888345_vls128.bin,2022-07-22_flight,p64repeat,100-150,high_grass,vegetation,722,581,94,80.47091412742382,13.01939058171745
2022-07-22_flight__0155_1658494454445888345_vls128.bin,2022-07-22_flight,p64repeat,100-150,container,obstacle,0,0,0,,
2022-07-22_flight__0155_1658494454445888345_vls128.bin,2022-07-22_flight,p64repeat,100-150,hedge,vegetation,0,0,0,,
2022-07-22_flight__0155_1658494454445888345_vls128.bin,2022-07-22_flight,p64repeat,150+,undefined,other,6,1,0,16.666666666666668,0.0
2022-07-22_flight__0155_1658494454445888345_vls128.bin,2022-07-22_flight,p64repeat,150+,obstacle,obstacle,8,0,8,0.0,100.0
2022-07-22_flight__0155_1658494454445888345_vls128.bin,2022-07-22_flight,p64repeat,150+,ego_vehicle,other,0,0,0,,
2022-07-22_flight__0155_1658494454445888345_vls128.bin,2022-07-22_flight,p64repeat,150+,bush,vegetation,1148,1122,0,97.73519163763066,0.0
2022-07-22_flight__0155_1658494454445888345_vls128.bin,2022-07-22_flight,p64repeat,150+,asphalt,artificial_ground,0,0,0,,
2022-07-22_flight__0155_1658494454445888345_vls128.bin,2022-07-22_flight,p64repeat,150+,soil,natural_ground,27,12,12,44.44444444444444,44.44444444444444
2022-07-22_flight__0155_1658494454445888345_vls128.bin,2022-07-22_flight,p64repeat,150+,building,artificial_structures,783,584,3,74.58492975734355,0.3831417624521073
2022-07-22_flight__0155_1658494454445888345_vls128.bin,2022-07-22_flight,p64repeat,150+,fence,obstacle,0,0,0,,
2022-07-22_flight__0155_1658494454445888345_vls128.bin,2022-07-22_flight,p64repeat,150+,pole,obstacle,1,0,0,0.0,0.0
2022-07-22_flight__0155_1658494454445888345_vls128.bin,2022-07-22_flight,p64repeat,150+,misc_sign,obstacle,0,0,0,,
2022-07-22_flight__0155_1658494454445888345_vls128.bin,2022-07-22_flight,p64repeat,150+,low_grass,natural_ground,375,300,300,80.0,80.0
2022-07-22_flight__0155_1658494454445888345_vls128.bin,2022-07-22_flight,p64repeat,150+,high_grass,vegetation,663,419,244,63.197586726998495,36.802413273001505
2022-07-22_flight__0155_1658494454445888345_vls128.bin,2022-07-22_flight,p64repeat,150+,container,obstacle,48,48,0,100.0,0.0
2022-07-22_flight__0155_1658494454445888345_vls128.bin,2022-07-22_flight,p64repeat,150+,hedge,vegetation,1210,1180,30,97.52066115702479,2.479338842975207
2022-07-22_flight__0155_1658494454445888345_vls128.bin,2022-07-22_flight,p64repeat,0+,undefined,other,13,3,3,23.076923076923077,23.076923076923077
2022-07-22_flight__0155_1658494454445888345_vls128.bin,2022-07-22_flight,p64repeat,0+,obstacle,obstacle,614,227,41,36.97068403908795,6.677524429967427
2022-07-22_flight__0155_1658494454445888345_vls128.bin,2022-07-22_flight,p64repeat,0+,ego_vehicle,other,353,320,0,90.65155807365439,0.0
2022-07-22_flight__0155_1658494454445888345_vls128.bin,2022-07-22_flight,p64repeat,0+,bush,vegetation,2963,2734,7,92.27134660816739,0.2362470469119136
2022-07-22_flight__0155_1658494454445888345_vls128.bin,2022-07-22_flight,p64repeat,0+,asphalt,artificial_ground,2401,1,2401,0.04164931278633902,100.0
2022-07-22_flight__0155_1658494454445888345_vls128.bin,2022-07-22_flight,p64repeat,0+,soil,natural_ground,533,518,518,97.18574108818011,97.18574108818011
2022-07-22_flight__0155_1658494454445888345_vls128.bin,2022-07-22_flight,p64repeat,0+,building,artificial_structures,1023,638,5,62.365591397849464,0.4887585532746823
2022-07-22_flight__0155_1658494454445888345_vls128.bin,2022-07-22_flight,p64repeat,0+,fence,obstacle,18848,18202,45,96.5725806451613,0.23875212224108658
2022-07-22_flight__0155_1658494454445888345_vls128.bin,2022-07-22_flight,p64repeat,0+,pole,obstacle,47,27,0,57.4468085106383,0.0
2022-07-22_flight__0155_1658494454445888345_vls128.bin,2022-07-22_flight,p64repeat,0+,misc_sign,obstacle,12,12,0,100.0,0.0
2022-07-22_flight__0155_1658494454445888345_vls128.bin,2022-07-22_flight,p64repeat,0+,low_grass,natural_ground,94500,83624,83626,88.4910052910053,88.4931216931217
2022-07-22_flight__0155_1658494454445888345_vls128.bin,2022-07-22_flight,p64repeat,0+,high_grass,vegetation,4719,2913,1308,61.72917991099809,27.7177368086459
2022-07-22_flight__0155_1658494454445888345_vls128.bin,2022-07-22_flight,p64repeat,0+,container,obstacle,805,184,1,22.857142857142858,0.12422360248447205
2022-07-22_flight__0155_1658494454445888345_vls128.bin,2022-07-22_flight,p64repeat,0+,hedge,vegetation,1210,1180,30,97.52066115702479,2.479338842975207
2022-07-22_flight__0155_1658494454445888345_vls128.bin,2022-07-22_flight,p128,0-25,undefined,other,2,2,0,100.0,0.0
2022-07-22_flight__0155_1658494454445888345_vls128.bin,2022-07-22_flight,p128,0-25,obstacle,obstacle,0,0,0,,
2022-07-22_flight__0155_1658494454445888345_vls128.bin,2022-07-22_flight,p128,0-25,ego_vehicle,other,353,353,0,100.0,0.0
2022-07-22_flight__0155_1658494454445888345_vls128.bin,2022-07-22_flight,p128,0-25,bush,vegetation,338,130,0,38.46153846153846,0.0
2022-07-22_flight__0155_1658494454445888345_vls128.bin,2022-07-22_flight,p128,0-25,asphalt,artificial_ground,1890,0,1890,0.0,100.0
2022-07-22_flight__0155_1658494454445888345_vls128.bin,2022-07-22_flight,p128,0-25,soil,natural_ground,345,345,345,100.0,100.0
2022-07-22_flight__0155_1658494454445888345_vls128.bin,2022-07-22_flight,p128,0-25,building,artificial_structures,0,0,0,,
2022-07-22_flight__0155_1658494454445888345_vls128.bin,2022-07-22_flight,p128,0-25,fence,obstacle,17774,17333,2,97.51884775514797,0.011252391133115788
2022-07-22_flight__0155_1658494454445888345_vls128.bin,2022-07-22_flight,p128,0-25,pole,obstacle,0,0,0,,
2022-07-22_flight__0155_1658494454445888345_vls128.bin,2022-07-22_flight,p128,0-25,misc_sign,obstacle,0,0,0,,
2022-07-22_flight__0155_1658494454445888345_vls128.bin,2022-07-22_flight,p128,0-25,low_grass,natural_ground,68057,53903,53903,79.20272712579161,79.20272712579161
2022-07-22_flight__0155_1658494454445888345_vls128.bin,2022-07-22_flight,p128,0-25,high_grass,vegetation,2496,1509,494,60.45673076923077,19.791666666666668
2022-07-22_flight__0155_1658494454445888345_vls128.bin,2022-07-22_flight,p128,0-25,container,obstacle,0,0,0,,
2022-07-22_flight__0155_1658494454445888345_vls128.bin,2022-07-22_flight,p128,0-25,hedge,vegetation,0,0,0,,
2022-07-22_flight__0155_1658494454445888345_vls128.bin,2022-07-22_flight,p128,25-50,undefined,other,3,0,1,0.0,33.333333333333336
2022-07-22_flight__0155_1658494454445888345_vls128.bin,2022-07-22_flight,p128,25-50,obstacle,obstacle,45,37,1,82.22222222222223,2.2222222222222223
2022-07-22_flight__0155_1658494454445888345_vls128.bin,2022-07-22_flight,p128,25-50,ego_vehicle,other,0,0,0,,
2022-07-22_flight__0155_1658494454445888345_vls128.bin,2022-07-22_flight,p128,25-50,bush,vegetation,338,338,0,100.0,0.0
2022-07-22_flight__0155_1658494454445888345_vls128.bin,2022-07-22_flight,p128,25-50,asphalt,artificial_ground,500,0,500,0.0,100.0
2022-07-22_flight__0155_1658494454445888345_vls128.bin,2022-07-22_flight,p128,25-50,soil,natural_ground,112,112,112,100.0,100.0
2022-07-22_flight__0155_1658494454445888345_vls128.bin,2022-07-22_flight,p128,25-50,building,artificial_structures,0,0,0,,
2022-07-22_flight__0155_1658494454445888345_vls128.bin,2022-07-22_flight,p128,25-50,fence,obstacle,892,814,1,91.25560538116592,0.11210762331838565
2022-07-22_flight__0155_1658494454445888345_vls128.bin,2022-07-22_flight,p128,25-50,pole,obstacle,18,13,0,72.22222222222223,0.0
2022-07-22_flight__0155_1658494454445888345_vls128.bin,2022-07-22_flight,p128,25-50,misc_sign,obstacle,12,12,0,100.0,0.0
2022-07-22_flight__0155_1658494454445888345_vls128.bin,2022-07-22_flight,p128,25-50,low_grass,natural_ground,18692,18500,18500,98.97282259790285,98.97282259790285
2022-07-22_flight__0155_1658494454445888345_vls128.bin,2022-07-22_flight,p128,25-50,high_grass,vegetation,566,403,145,71.20141342756183,25.618374558303888
2022-07-22_flight__0155_1658494454445888345_vls128.bin,2022-07-22_flight,p128,25-50,container,obstacle,757,297,0,39.233817701453106,0.0
2022-07-22_flight__0155_1658494454445888345_vls128.bin,2022-07-22_flight,p128,25-50,hedge,vegetation,0,0,0,,
2022-07-22_flight__0155_1658494454445888345_vls128.bin,2022-07-22_flight,p128,50-100,undefined,other,2,0,2,0.0,100.0
2022-07-22_flight__0155_1658494454445888345_vls128.bin,2022-07-22_flight,p128,50-100,obstacle,obstacle,26,0,0,0.0,0.0
2022-07-22_flight__0155_1658494454445888345_vls128.bin,2022-07-22_flight,p128,50-100,ego_vehicle,other,0,0,0,,
2022-07-22_flight__0155_1658494454445888345_vls128.bin,2022-07-22_flight,p128,50-100,bush,vegetation,16,16,0,100.0,0.0
2022-07-22_flight__0155_1658494454445888345_vls128.bin,2022-07-22_flight,p128,50-100,asphalt,artificial_ground,0,0,0,,
2022-07-22_flight__0155_1658494454445888345_vls128.bin,2022-07-22_flight,p128,50-100,soil,natural_ground,41,41,41,100.0,100.0
2022-07-22_flight__0155_1658494454445888345_vls128.bin,2022-07-22_flight,p128,50-100,building,artificial_structures,0,0,0,,
2022-07-22_flight__0155_1658494454445888345_vls128.bin,2022-07-22_flight,p128,50-100,fence,obstacle,102,12,5,11.764705882352942,4.901960784313726
2022-07-22_flight__0155_1658494454445888345_vls128.bin,2022-07-22_flight,p128,50-100,pole,obstacle,0,0,0,,
2022-07-22_flight__0155_1658494454445888345_vls128.bin,2022-07-22_flight,p128,50-100,misc_sign,obstacle,0,0,0,,
2022-07-22_flight__0155_1658494454445888345_vls128.bin,2022-07-22_flight,p128,50-100,low_grass,natural_ground,6341,6281,6281,99.05377700678126,99.05377700678126
2022-07-22_flight__0155_1658494454445888345_vls128.bin,2022-07-22_flight,p128,50-100,high_grass,vegetation,272,182,90,66.91176470588235,33.088235294117645
2022-07-22_flight__0155_1658494454445888345_vls128.bin,2022-07-22_flight,p128,50-100,container,obstacle,0,0,0,,
2022-07-22_flight__0155_1658494454445888345_vls128.bin,2022-07-22_flight,p128,50-100,hedge,vegetation,0,0,0,,
2022-07-22_flight__0155_1658494454445888345_vls128.bin,2022-07-22_flight,p128,100-150,undefined,other,0,0,0,,
2022-07-22_flight__0155_1658494454445888345_vls128.bin,2022-07-22_flight,p128,100-150,obstacle,obstacle,535,294,35,54.953271028037385,6.542056074766355
2022-07-22_flight__0155_1658494454445888345_vls128.bin,2022-07-22_flight,p128,100-150,ego_vehicle,other,0,0,0,,
2022-07-22_flight__0155_1658494454445888345_vls128.bin,2022-07-22_flight,p128,100-150,bush,vegetation,1123,1099,0,97.86286731967942,0.0
2022-07-22_flight__0155_1658494454445888345_vls128.bin,2022-07-22_flight,p128,100-150,asphalt,artificial_ground,11,0,11,0.0,100.0
2022-07-22_flight__0155_1658494454445888345_vls128.bin,2022-07-22_flight,p128,100-150,soil,natural_ground,8,8,8,100.0,100.0
2022-07-22_flight__0155_1658494454445888345_vls128.bin,2022-07-22_flight,p128,100-150,building,artificial_structures,240,42,0,17.5,0.0
2022-07-22_flight__0155_1658494454445888345_vls128.bin,2022-07-22_flight,p128,100-150,fence,obstacle,80,39,12,48.75,15.0
2022-07-22_flight__0155_1658494454445888345_vls128.bin,2022-07-22_flight,p128,100-150,pole,obstacle,28,14,0,50.0,0.0
2022-07-22_flight__0155_1658494454445888345_vls128.bin,2022-07-22_flight,p128,100-150,misc_sign,obstacle,0,0,0,,
2022-07-22_flight__0155_1658494454445888345_vls128.bin,2022-07-22_flight,p128,100-150,low_grass,natural_ground,1035,765,765,73.91304347826087,73.91304347826087
2022-07-22_flight__0155_1658494454445888345_vls128.bin,2022-07-22_flight,p128,100-150,high_grass,vegetation,722,614,70,85.0415512465374,9.695290858725762
2022-07-22_flight__0155_1658494454445888345_vls128.bin,2022-07-22_flight,p128,100-150,container,obstacle,0,0,0,,
2022-07-22_flight__0155_1658494454445888345_vls128.bin,2022-07-22_flight,p128,100-150,hedge,vegetation,0,0,0,,
2022-07-22_flight__0155_1658494454445888345_vls128.bin,2022-07-22_flight,p128,150+,undefined,other,6,1,0,16.666666666666668,0.0
2022-07-22_flight__0155_1658494454445888345_vls128.bin,2022-07-22_flight,p128,150+,obstacle,obstacle,8,0,8,0.0,100.0
2022-07-22_flight__0155_1658494454445888345_vls128.bin,2022-07-22_flight,p128,150+,ego_vehicle,other,0,0,0,,
2022-07-22_flight__0155_1658494454445888345_vls128.bin,2022-07-22_flight,p128,150+,bush,vegetation,1148,1122,0,97.73519163763066,0.0
2022-07-22_flight__0155_1658494454445888345_vls128.bin,2022-07-22_flight,p128,150+,asphalt,artificial_ground,0,0,0,,
2022-07-22_flight__0155_1658494454445888345_vls128.bin,2022-07-22_flight,p128,150+,soil,natural_ground,27,9,9,33.333333333333336,33.333333333333336
2022-07-22_flight__0155_1658494454445888345_vls128.bin,2022-07-22_flight,p128,150+,building,artificial_structures,783,578,8,73.81864623243933,1.0217113665389528
2022-07-22_flight__0155_1658494454445888345_vls128.bin,2022-07-22_flight,p128,150+,fence,obstacle,0,0,0,,
2022-07-22_flight__0155_1658494454445888345_vls128.bin,2022-07-22_flight,p128,150+,pole,obstacle,1,0,0,0.0,0.0
2022-07-22_flight__0155_1658494454445888345_vls128.bin,2022-07-22_flight,p128,150+,misc_sign,obstacle,0,0,0,,
2022-07-22_flight__0155_1658494454445888345_vls128.bin,2022-07-22_flight,p128,150+,low_grass,natural_ground,375,270,270,72.0,72.0
2022-07-22_flight__0155_1658494454445888345_vls128.bin,2022-07-22_flight,p128,150+,high_grass,vegetation,663,440,223,66.36500754147814,33.63499245852187
2022-07-22_flight__0155_1658494454445888345_vls128.bin,2022-07-22_flight,p128,150+,container,obstacle,48,48,0,100.0,0.0
2022-07-22_flight__0155_1658494454445888345_vls128.bin,2022-07-22_flight,p128,150+,hedge,vegetation,1210,1179,31,97.43801652892562,2.56198347107438
2022-07-22_flight__0155_1658494454445888345_vls128.bin,2022-07-22_flight,p128,0+,undefined,other,13,3,3,23.076923076923077,23.076923076923077
2022-07-22_flight__0155_1658494454445888345_vls128.bin,2022-07-22_flight,p128,0+,obstacle,obstacle,614,331,44,53.90879478827362,7.166123778501628
2022-07-22_flight__0155_1658494454445888345_vls128.bin,2022-07-22_flight,p128,0+,ego_vehicle,other,353,353,0,100.0,0.0
2022-07-22_flight__0155_1658494454445888345_vls128.bin,2022-07-22_flight,p128,0+,bush,vegetation,2963,2705,0,91.29260884238947,0.0
2022-07-22_flight__0155_1658494454445888345_vls128.bin,2022-07-22_flight,p128,0+,asphalt,artificial_ground,2401,0,2401,0.0,100.0
2022-07-22_flight__0155_1658494454445888345_vls128.bin,2022-07-22_flight,p128,0+,soil,natural_ground,533,515,515,96.62288930581613,96.62288930581613
2022-07-22_flight__0155_1658494454445888345_vls128.bin,2022-07-22_flight,p128,0+,building,artificial_structures,1023,620,8,60.60606060606061,0.7820136852394917
2022-07-22_flight__0155_1658494454445888345_vls128.bin,2022-07-22_flight,p128,0+,fence,obstacle,18848,18198,20,96.55135823429542,0.10611205432937182
2022-07-22_flight__0155_1658494454445888345_vls128.bin,2022-07-22_flight,p128,0+,pole,obstacle,47,27,0,57.4468085106383,0.0
2022-07-22_flight__0155_1658494454445888345_vls128.bin,2022-07-22_flight,p128,0+,misc_sign,obstacle,12,12,0,100.0,0.0
2022-07-22_flight__0155_1658494454445888345_vls128.bin,2022-07-22_flight,p128,0+,low_grass,natural_ground,94500,79719,79719,84.35873015873015,84.35873015873015
2022-07-22_flight__0155_1658494454445888345_vls128.bin,2022-07-22_flight,p128,0+,high_grass,vegetation,4719,3148,1022,66.70904852723035,21.65713074803984
2022-07-22_flight__0155_1658494454445888345_vls128.bin,2022-07-22_flight,p128,0+,container,obstacle,805,345,0,42.857142857142854,0.0
2022-07-22_flight__0155_1658494454445888345_vls128.bin,2022-07-22_flight,p128,0+,hedge,vegetation,1210,1179,31,97.43801652892562,2.56198347107438
2022-08-30_siegertsbrunn_feldwege__0562_1661860753399118949_vls128.bin,2022-08-30_siegertsbrunn_feldwege,p64,0-25,ego_vehicle,other,348,30,32,8.620689655172415,9.195402298850574
2022-08-30_siegertsbrunn_feldwege__0562_1661860753399118949_vls128.bin,2022-08-30_siegertsbrunn_feldwege,p64,0-25,bush,vegetation,0,0,0,,
2022-08-30_siegertsbrunn_feldwege__0562_1661860753399118949_vls128.bin,2022-08-30_siegertsbrunn_feldwege,p64,0-25,gravel,natural_ground,4043,4039,4039,99.90106356665842,99.90106356665842
2022-08-30_siegertsbrunn_feldwege__0562_1661860753399118949_vls128.bin,2022-08-30_siegertsbrunn_feldwege,p64,0-25,crops,vegetation,77707,77662,40,99.94209015918771,0.05147541405536181
2022-08-30_siegertsbrunn_feldwege__0562_1661860753399118949_vls128.bin,2022-08-30_siegertsbrunn_feldwege,p64,0-25,soil,natural_ground,24658,24382,24658,98.88068780923027,100.0
2022-08-30_siegertsbrunn_feldwege__0562_1661860753399118949_vls128.bin,2022-08-30_siegertsbrunn_feldwege,p64,0-25,high_grass,vegetation,2001,590,1411,29.485257371314344,70.51474262868565
2022-08-30_siegertsbrunn_feldwege__0562_1661860753399118949_vls128.bin,2022-08-30_siegertsbrunn_feldwege,p64,25-50,ego_vehicle,other,0,0,0,,
2022-08-30_siegertsbrunn_feldwege__0562_1661860753399118949_vls128.bin,2022-08-30_siegertsbrunn_feldwege,p64,25-50,bush,vegetation,0,0,0,,
2022-08-30_siegertsbrunn_feldwege__0562_1661860753399118949_vls128.bin,2022-08-30_siegertsbrunn_feldwege,p64,25-50,gravel,natural_ground,1562,1556,1556,99.61587708066581,99.61587708066581
2022-08-30_siegertsbrunn_feldwege__0562_1661860753399118949_vls128.bin,2022-08-30_siegertsbrunn_feldwege,p64,25-50,crops,vegetation,10917,10852,23,99.40459833287534,0.21068058990565175
2022-08-30_siegertsbrunn_feldwege__0562_1661860753399118949_vls128.bin,2022-08-30_siegertsbrunn_feldwege,p64,25-50,soil,natural_ground,15445,15445,15445,100.0,100.0
2022-08-30_siegertsbrunn_feldwege__0562_1661860753399118949_vls128.bin,2022-08-30_siegertsbrunn_feldwege,p64,25-50,high_grass,vegetation,2093,762,1327,36.40707118967988,63.40181557572862
2022-08-30_siegertsbrunn_feldwege__0562_1661860753399118949_vls128.bin,2022-08-30_siegertsbrunn_feldwege,p64,50-100,ego_vehicle,other,0,0,0,,
2022-08-30_siegertsbrunn_feldwege__0562_1661860753399118949_vls128.bin,2022-08-30_siegertsbrunn_feldwege,p64,50-100,bush,vegetation,0,0,0,,
2022-08-30_siegertsbrunn_feldwege__0562_1661860753399118949_vls128.bin,2022-08-30_siegertsbrunn_feldwege,p64,50-100,gravel,natural_ground,370,368,368,99.45945945945945,99.45945945945945
2022-08-30_siegertsbrunn_feldwege__0562_1661860753399118949_vls128.bin,2022-08-30_siegertsbrunn_feldwege,p64,50-100,crops,vegetation,1345,1258,17,93.53159851301115,1.2639405204460967
2022-08-30_siegertsbrunn_feldwege__0562_1661860753399118949_vls128.bin,2022-08-30_siegertsbrunn_feldwege,p64,50-100,soil,natural_ground,6908,6907,6907,99.98552403011001,99.98552403011001
2022-08-30_siegertsbrunn_feldwege__0562_1661860753399118949_vls128.bin,2022-08-30_siegertsbrunn_feldwege,p64,50-100,high_grass,vegetation,357,87,266,24.369747899159663,74.50980392156863
2022-08-30_siegertsbrunn_feldwege__0562_1661860753399118949_vls128.bin,2022-08-30_siegertsbrunn_feldwege,p64,100-150,ego_vehicle,other,0,0,0,,
2022-08-30_siegertsbrunn_feldwege__0562_1661860753399118949_vls128.bin,2022-08-30_siegertsbrunn_feldwege,p64,100-150,bush,vegetation,0,0,0,,
2022-08-30_siegertsbrunn_feldwege__0562_1661860753399118949_vls128.bin,2022-08-30_siegertsbrunn_feldwege,p64,100-150,gravel,natural_ground,44,44,44,100.0,100.0
2022-08-30_siegertsbrunn_feldwege__0562_1661860753399118949_vls128.bin,2022-08-30_siegertsbrunn_feldwege,p64,100-150,crops,vegetation,78,53,25,67.94871794871794,32.05128205128205
2022-08-30_siegertsbrunn_feldwege__0562_1661860753399118949_vls128.bin,2022-08-30_siegertsbrunn_feldwege,p64,100-150,soil,natural_ground,2376,2376,2376,100.0,100.0
2022-08-30_siegertsbrunn_feldwege__0562_1661860753399118949_vls128.bin,2022-08-30_siegertsbrunn_feldwege,p64,100-150,high_grass,vegetation,92,24,68,26.08695652173913,73.91304347826087
2022-08-30_siegertsbrunn_feldwege__0562_1661860753399118949_vls128.bin,2022-08-30_siegertsbrunn_feldwege,p64,150+,ego_vehicle,other,0,0,0,,
2022-08-30_siegertsbrunn_feldwege__0562_1661860753399118949_vls128.bin,2022-08-30_siegertsbrunn_feldwege,p64,150+,bush,vegetation,604,599,5,99.17218543046357,0.8278145695364238
2022-08-30_siegertsbrunn_feldwege__0562_1661860753399118949_vls128.bin,2022-08-30_siegertsbrunn_feldwege,p64,150+,gravel,natural_ground,5,5,5,100.0,100.0
2022-08-30_siegertsbrunn_feldwege__0562_1661860753399118949_vls128.bin,2022-08-30_siegertsbrunn_feldwege,p64,150+,crops,vegetation,0,0,0,,
2022-08-30_siegertsbrunn_feldwege__0562_1661860753399118949_vls128.bin,2022-08-30_siegertsbrunn_feldwege,p64,150+,soil,natural_ground,860,860,860,100.0,100.0
2022-08-30_siegertsbrunn_feldwege__0562_1661860753399118949_vls128.bin,2022-08-30_siegertsbrunn_feldwege,p64,150+,high_grass,vegetation,15,0,15,0.0,100.0
2022-08-30_siegertsbrunn_feldwege__0562_1661860753399118949_vls128.bin,2022-08-30_siegertsbrunn_feldwege,p64,0+,ego_vehicle,other,348,30,32,8.620689655172415,9.195402298850574
2022-08-30_siegertsbrunn_feldwege__0562_1661860753399118949_vls128.bin,2022-08-30_siegertsbrunn_feldwege,p64,0+,bush,vegetation,604,599,5,99.17218543046357,0.8278145695364238
2022-08-30_siegertsbrunn_feldwege__0562_1661860753399118949_vls128.bin,2022-08-30_siegertsbrunn_feldwege,p64,0+,gravel,natural_ground,6024,6012,6012,99.800796812749,99.800796812749
2022-08-30_siegertsbrunn_feldwege__0562_1661860753399118949_vls128.bin,2022-08-30_siegertsbrunn_feldwege,p64,0+,crops,vegetation,90047,89825,105,99.7534620809133,0.11660577254100636
2022-08-30_siegertsbrunn_feldwege__0562_1661860753399118949_vls128.bin,2022-08-30_siegertsbrunn_feldwege,p64,0+,soil,natural_ground,50247,49970,50246,99.4487233068641,99.99800983143273
2022-08-30_siegertsbrunn_feldwege__0562_1661860753399118949_vls128.bin,2022-08-30_siegertsbrunn_feldwege,p64,0+,high_grass,vegetation,4558,1463,3087,32.09741114523914,67.7270732777534
2022-08-30_siegertsbrunn_feldwege__0562_1661860753399118949_vls128.bin,2022-08-30_siegertsbrunn_feldwege,p64repeat,0-25,ego_vehicle,other,348,30,32,8.620689655172415,9.195402298850574
2022-08-30_siegertsbrunn_feldwege__0562_1661860753399118949_vls128.bin,2022-08-30_siegertsbrunn_feldwege,p64repeat,0-25,bush,vegetation,0,0,0,,
2022-08-30_siegertsbrunn_feldwege__0562_1661860753399118949_vls128.bin,2022-08-30_siegertsbrunn_feldwege,p64repeat,0-25,gravel,natural_ground,4043,4039,4039,99.90106356665842,99.90106356665842
2022-08-30_siegertsbrunn_feldwege__0562_1661860753399118949_vls128.bin,2022-08-30_siegertsbrunn_feldwege,p64repeat,0-25,crops,vegetation,77707,77662,40,99.94209015918771,0.05147541405536181
2022-08-30_siegertsbrunn_feldwege__0562_1661860753399118949_vls128.bin,2022-08-30_siegertsbrunn_feldwege,p64repeat,0-25,soil,natural_ground,24658,24382,24658,98.88068780923027,100.0
2022-08-30_siegertsbrunn_feldwege__0562_1661860753399118949_vls128.bin,2022-08-30_siegertsbrunn_feldwege,p64repeat,0-25,high_grass,vegetation,2001,590,1411,29.485257371314344,70.51474262868565
2022-08-30_siegertsbrunn_feldwege__0562_1661860753399118949_vls128.bin,2022-08-30_siegertsbrunn_feldwege,p64repeat,25-50,ego_vehicle,other,0,0,0,,
2022-08-30_siegertsbrunn_feldwege__0562_1661860753399118949_vls128.bin,2022-08-30_siegertsbrunn_feldwege,p64repeat,25-50,bush,vegetation,0,0,0,,
2022-08-30_siegertsbrunn_feldwege__0562_1661860753399118949_vls128.bin,2022-08-30_siegertsbrunn_feldwege,p64repeat,25-50,gravel,natural_ground,1562,1556,1556,99.61587708066581,99.61587708066581
2022-08-30_siegertsbrunn_feldwege__0562_1661860753399118949_vls128.bin,2022-08-30_siegertsbrunn_feldwege,p64repeat,25-50,crops,vegetation,10917,10852,23,99.40459833287534,0.21068058990565175
2022-08-30_siegertsbrunn_feldwege__0562_1661860753399118949_vls128.bin,2022-08-30_siegertsbrunn_feldwege,p64repeat,25-50,soil,natural_ground,15445,15445,15445,100.0,100.0
2022-08-30_siegertsbrunn_feldwege__0562_1661860753399118949_vls128.bin,2022-08-30_siegertsbrunn_feldwege,p64repeat,25-50,high_grass,vegetation,2093,762,1327,36.40707118967988,63.40181557572862
2022-08-30_siegertsbrunn_feldwege__0562_1661860753399118949_vls128.bin,2022-08-30_siegertsbrunn_feldwege,p64repeat,50-100,ego_vehicle,other,0,0,0,,
2022-08-30_siegertsbrunn_feldwege__0562_1661860753399118949_vls128.bin,2022-08-30_siegertsbrunn_feldwege,p64repeat,50-100,bush,vegetation,0,0,0,,
2022-08-30_siegertsbrunn_feldwege__0562_1661860753399118949_vls128.bin,2022-08-30_siegertsbrunn_feldwege,p64repeat,50-100,gravel,natural_ground,370,368,368,99.45945945945945,99.45945945945945
2022-08-30_siegertsbrunn_feldwege__0562_1661860753399118949_vls128.bin,2022-08-30_siegertsbrunn_feldwege,p64repeat,50-100,crops,vegetation,1345,1258,17,93.53159851301115,1.2639405204460967
2022-08-30_siegertsbrunn_feldwege__0562_1661860753399118949_vls128.bin,2022-08-30_siegertsbrunn_feldwege,p64repeat,50-100,soil,natural_ground,6908,6907,6907,99.98552403011001,99.98552403011001
2022-08-30_siegertsbrunn_feldwege__0562_1661860753399118949_vls128.bin,2022-08-30_siegertsbrunn_feldwege,p64repeat,50-100,high_grass,vegetation,357,87,266,24.369747899159663,74.50980392156863
2022-08-30_siegertsbrunn_feldwege__0562_1661860753399118949_vls128.bin,2022-08-30_siegertsbrunn_feldwege,p64repeat,100-150,ego_vehicle,other,0,0,0,,
2022-08-30_siegertsbrunn_feldwege__0562_1661860753399118949_vls128.bin,2022-08-30_siegertsbrunn_feldwege,p64repeat,100-150,bush,vegetation,0,0,0,,
2022-08-30_siegertsbrunn_feldwege__0562_1661860753399118949_vls128.bin,2022-08-30_siegertsbrunn_feldwege,p64repeat,100-150,gravel,natural_ground,44,44,44,100.0,100.0
2022-08-30_siegertsbrunn_feldwege__0562_1661860753399118949_vls128.bin,2022-08-30_siegertsbrunn_feldwege,p64repeat,100-150,crops,vegetation,78,53,25,67.94871794871794,32.05128205128205
2022-08-30_siegertsbrunn_feldwege__0562_1661860753399118949_vls128.bin,2022-08-30_siegertsbrunn_feldwege,p64repeat,100-150,soil,natural_ground,2376,2376,2376,100.0,100.0
2022-08-30_siegertsbrunn_feldwege__0562_1661860753399118949_vls128.bin,2022-08-30_siegertsbrunn_feldwege,p64repeat,100-150,high_grass,vegetation,92,24,68,26.08695652173913,73.91304347826087
2022-08-30_siegertsbrunn_feldwege__0562_1661860753399118949_vls128.bin,2022-08-30_siegertsbrunn_feldwege,p64repeat,150+,ego_vehicle,other,0,0,0,,
2022-08-30_siegertsbrunn_feldwege__0562_1661860753399118949_vls128.bin,2022-08-30_siegertsbrunn_feldwege,p64repeat,150+,bush,vegetation,604,599,5,99.17218543046357,0.8278145695364238
2022-08-30_siegertsbrunn_feldwege__0562_1661860753399118949_vls128.bin,2022-08-30_siegertsbrunn_feldwege,p64repeat,150+,gravel,natural_ground,5,5,5,100.0,100.0
2022-08-30_siegertsbrunn_feldwege__0562_1661860753399118949_vls128.bin,2022-08-30_siegertsbrunn_feldwege,p64repeat,150+,crops,vegetation,0,0,0,,
2022-08-30_siegertsbrunn_feldwege__0562_1661860753399118949_vls128.bin,2022-08-30_siegertsbrunn_feldwege,p64repeat,150+,soil,natural_ground,860,860,860,100.0,100.0
2022-08-30_siegertsbrunn_feldwege__0562_1661860753399118949_vls128.bin,2022-08-30_siegertsbrunn_feldwege,p64repeat,150+,high_grass,vegetation,15,0,15,0.0,100.0
2022-08-30_siegertsbrunn_feldwege__0562_1661860753399118949_vls128.bin,2022-08-30_siegertsbrunn_feldwege,p64repeat,0+,ego_vehicle,other,348,30,32,8.620689655172415,9.195402298850574
2022-08-30_siegertsbrunn_feldwege__0562_1661860753399118949_vls128.bin,2022-08-30_siegertsbrunn_feldwege,p64repeat,0+,bush,vegetation,604,599,5,99.17218543046357,0.8278145695364238
2022-08-30_siegertsbrunn_feldwege__0562_1661860753399118949_vls128.bin,2022-08-30_siegertsbrunn_feldwege,p64repeat,0+,gravel,natural_ground,6024,6012,6012,99.800796812749,99.800796812749
2022-08-30_siegertsbrunn_feldwege__0562_1661860753399118949_vls128.bin,2022-08-30_siegertsbrunn_feldwege,p64repeat,0+,crops,vegetation,90047,89825,105,99.7534620809133,0.11660577254100636
2022-08-30_siegertsbrunn_feldwege__0562_1661860753399118949_vls128.bin,2022-08-30_siegertsbrunn_feldwege,p64repeat,0+,soil,natural_ground,50247,49970,50246,99.4487233068641,99.99800983143273
2022-08-30_siegertsbrunn_feldwege__0562_1661860753399118949_vls128.bin,2022-08-30_siegertsbrunn_feldwege,p64repeat,0+,high_grass,vegetation,4558,1463,3087,32.09741114523914,67.7270732777534
2022-08-30_siegertsbrunn_feldwege__0562_1661860753399118949_vls128.bin,2022-08-30_siegertsbrunn_feldwege,p128,0-25,ego_vehicle,other,348,313,0,89.94252873563218,0.0
2022-08-30_siegertsbrunn_feldwege__0562_1661860753399118949_vls128.bin,2022-08-30_siegertsbrunn_feldwege,p128,0-25,bush,vegetation,0,0,0,,
2022-08-30_siegertsbrunn_feldwege__0562_1661860753399118949_vls128.bin,2022-08-30_siegertsbrunn_feldwege,p128,0-25,gravel,natural_ground,4043,4033,4033,99.75265891664606,99.75265891664606
2022-08-30_siegertsbrunn_feldwege__0562_1661860753399118949_vls128.bin,2022-08-30_siegertsbrunn_feldwege,p128,0-25,crops,vegetation,77707,77688,19,99.9755491783237,0.02445082167629686
2022-08-30_siegertsbrunn_feldwege__0562_1661860753399118949_vls128.bin,2022-08-30_siegertsbrunn_feldwege,p128,0-25,soil,natural_ground,24658,24658,24658,100.0,100.0
2022-08-30_siegertsbrunn_feldwege__0562_1661860753399118949_vls128.bin,2022-08-30_siegertsbrunn_feldwege,p128,0-25,high_grass,vegetation,2001,667,1334,33.333333333333336,66.66666666666667
2022-08-30_siegertsbrunn_feldwege__0562_1661860753399118949_vls128.bin,2022-08-30_siegertsbrunn_feldwege,p128,25-50,ego_vehicle,other,0,0,0,,
2022-08-30_siegertsbrunn_feldwege__0562_1661860753399118949_vls128.bin,2022-08-30_siegertsbrunn_feldwege,p128,25-50,bush,vegetation,0,0,0,,
2022-08-30_siegertsbrunn_feldwege__0562_1661860753399118949_vls128.bin,2022-08-30_siegertsbrunn_feldwege,p128,25-50,gravel,natural_ground,1562,1553,1553,99.42381562099872,99.42381562099872
2022-08-30_siegertsbrunn_feldwege__0562_1661860753399118949_vls128.bin,2022-08-30_siegertsbrunn_feldwege,p128,25-50,crops,vegetation,10917,10908,8,99.91755976916735,0.07328020518457452
2022-08-30_siegertsbrunn_feldwege__0562_1661860753399118949_vls128.bin,2022-08-30_siegertsbrunn_feldwege,p128,25-50,soil,natural_ground,15445,15445,15445,100.0,100.0
2022-08-30_siegertsbrunn_feldwege__0562_1661860753399118949_vls128.bin,2022-08-30_siegertsbrunn_feldwege,p128,25-50,high_grass,vegetation,2093,862,1231,41.18490205446727,58.81509794553273
2022-08-30_siegertsbrunn_feldwege__0562_1661860753399118949_vls128.bin,2022-08-30_siegertsbrunn_feldwege,p128,50-100,ego_vehicle,other,0,0,0,,
2022-08-30_siegertsbrunn_feldwege__0562_1661860753399118949_vls128.bin,2022-08-30_siegertsbrunn_feldwege,p128,50-100,bush,vegetation,0,0,0,,
2022-08-30_siegertsbrunn_feldwege__0562_1661860753399118949_vls128.bin,2022-08-30_siegertsbrunn_feldwege,p128,50-100,gravel,natural_ground,370,366,366,98.91891891891892,98.91891891891892
2022-08-30_siegertsbrunn_feldwege__0562_1661860753399118949_vls128.bin,2022-08-30_siegertsbrunn_feldwege,p128,50-100,crops,vegetation,1345,1261,11,93.7546468401487,0.8178438661710037
2022-08-30_siegertsbrunn_feldwege__0562_1661860753399118949_vls128.bin,2022-08-30_siegertsbrunn_feldwege,p128,50-100,soil,natural_ground,6908,6907,6907,99.98552403011001,99.98552403011001
2022-08-30_siegertsbrunn_feldwege__0562_1661860753399118949_vls128.bin,2022-08-30_siegertsbrunn_feldwege,p128,50-100,high_grass,vegetation,357,86,265,24.089635854341736,74.2296918767507
2022-08-30_siegertsbrunn_feldwege__0562_1661860753399118949_vls128.bin,2022-08-30_siegertsbrunn_feldwege,p128,100-150,ego_vehicle,other,0,0,0,,
2022-08-30_siegertsbrunn_feldwege__0562_1661860753399118949_vls128.bin,2022-08-30_siegertsbrunn_feldwege,p128,100-150,bush,vegetation,0,0,0,,
2022-08-30_siegertsbrunn_feldwege__0562_1661860753399118949_vls128.bin,2022-08-30_siegertsbrunn_feldwege,p128,100-150,gravel,natural_ground,44,44,44,100.0,100.0
2022-08-30_siegertsbrunn_feldwege__0562_1661860753399118949_vls128.bin,2022-08-30_siegertsbrunn_feldwege,p128,100-150,crops,vegetation,78,66,12,84.61538461538461,15.384615384615385
2022-08-30_siegertsbrunn_feldwege__0562_1661860753399118949_vls128.bin,2022-08-30_siegertsbrunn_feldwege,p128,100-150,soil,natural_ground,2376,2376,2376,100.0,100.0
2022-08-30_siegertsbrunn_feldwege__0562_1661860753399118949_vls128.bin,2022-08-30_siegertsbrunn_feldwege,p128,100-150,high_grass,vegetation,92,28,64,30.434782608695652,69.56521739130434
2022-08-30_siegertsbrunn_feldwege__0562_1661860753399118949_vls128.bin,2022-08-30_siegertsbrunn_feldwege,p128,150+,ego_vehicle,other,0,0,0,,
2022-08-30_siegertsbrunn_feldwege__0562_1661860753399118949_vls128.bin,2022-08-30_siegertsbrunn_feldwege,p128,150+,bush,vegetation,604,600,4,99.33774834437087,0.6622516556291391
2022-08-30_siegertsbrunn_feldwege__0562_1661860753399118949_vls128.bin,2022-08-30_siegertsbrunn_feldwege,p128,150+,gravel,natural_ground,5,5,5,100.0,100.0
2022-08-30_siegertsbrunn_feldwege__0562_1661860753399118949_vls128.bin,2022-08-30_siegertsbrunn_feldwege,p128,150+,crops,vegetation,0,0,0,,
2022-08-30_siegertsbrunn_feldwege__0562_1661860753399118949_vls128.bin,2022-08-30_siegertsbrunn_feldwege,p128,150+,soil,natural_ground,860,860,860,100.0,100.0
2022-08-30_siegertsbrunn_feldwege__0562_1661860753399118949_vls128.bin,2022-08-30_siegertsbrunn_feldwege,p128,150+,high_grass,vegetation,15,0,15,0.0,100.0
2022-08-30_siegertsbrunn_feldwege__0562_1661860753399118949_vls128.bin,2022-08-30_siegertsbrunn_feldwege,p128,0+,ego_vehicle,other,348,313,0,89.94252873563218,0.0
2022-08-30_siegertsbrunn_feldwege__0562_1661860753399118949_vls128.bin,2022-08-30_siegertsbrunn_feldwege,p128,0+,bush,vegetation,604,600,4,99.33774834437087,0.6622516556291391
2022-08-30_siegertsbrunn_feldwege__0562_1661860753399118949_vls128.bin,2022-08-30_siegertsbrunn_feldwege,p128,0+,gravel,natural_ground,6024,6001,6001,99.61819389110225,99.61819389110225
2022-08-30_siegertsbrunn_feldwege__0562_1661860753399118949_vls128.bin,2022-08-30_siegertsbrunn_feldwege,p128,0+,crops,vegetation,90047,89923,50,99.86229413528491,0.055526558352860175
2022-08-30_siegertsbrunn_feldwege__0562_1661860753399118949_vls128.bin,2022-08-30_siegertsbrunn_feldwege,p128,0+,soil,natural_ground,50247,50246,50246,99.99800983143273,99.99800983143273
2022-08-30_siegertsbrunn_feldwege__0562_1661860753399118949_vls128.bin,2022-08-30_siegertsbrunn_feldwege,p128,0+,high_grass,vegetation,4558,1643,2909,36.04651162790697,63.82185168933743
2022-09-21_garching_uebungsplatz_2__0041_1663755381571228577_vls128.bin,2022-09-21_garching_uebungsplatz_2,p64,0-25,undefined,other,2,1,1,50.0,50.0
2022-09-21_garching_uebungsplatz_2__0041_1663755381571228577_vls128.bin,2022-09-21_garching_uebungsplatz_2,p64,0-25,ego_vehicle,other,347,347,0,100.0,0.0
2022-09-21_garching_uebungsplatz_2__0041_1663755381571228577_vls128.bin,2022-09-21_garching_uebungsplatz_2,p64,0-25,forest,vegetation,48731,48632,99,99.79684389813465,0.2031561018653424
2022-09-21_garching_uebungsplatz_2__0041_1663755381571228577_vls128.bin,2022-09-21_garching_uebungsplatz_2,p64,0-25,bush,vegetation,24195,24104,91,99.62388923331267,0.3761107666873321
2022-09-21_garching_uebungsplatz_2__0041_1663755381571228577_vls128.bin,2022-09-21_garching_uebungsplatz_2,p64,0-25,gravel,natural_ground,0,0,0,,
2022-09-21_garching_uebungsplatz_2__0041_1663755381571228577_vls128.bin,2022-09-21_garching_uebungsplatz_2,p64,0-25,tree_crown,vegetation,1793,1793,0,100.0,0.0
2022-09-21_garching_uebungsplatz_2__0041_1663755381571228577_vls128.bin,2022-09-21_garching_uebungsplatz_2,p64,0-25,tree_trunk,vegetation,4393,4047,0,92.12383337127248,0.0
2022-09-21_garching_uebungsplatz_2__0041_1663755381571228577_vls128.bin,2022-09-21_garching_uebungsplatz_2,p64,0-25,low_grass,natural_ground,42805,42016,42016,98.15675738815558,98.15675738815558
2022-09-21_garching_uebungsplatz_2__0041_1663755381571228577_vls128.bin,2022-09-21_garching_uebungsplatz_2,p64,0-25,high_grass,vegetation,28619,12909,15680,45.10639784758377,54.78877668681645
2022-09-21_garching_uebungsplatz_2__0041_1663755381571228577_vls128.bin,2022-09-21_garching_uebungsplatz_2,p64,25-50,undefined,other,0,0,0,,
2022-09-21_garching_uebungsplatz_2__0041_1663755381571228577_vls128.bin,2022-09-21_garching_uebungsplatz_2,p64,25-50,ego_vehicle,other,0,0,0,,
2022-09-21_garching_uebungsplatz_2__0041_1663755381571228577_vls128.bin,2022-09-21_garching_uebungsplatz_2,p64,25-50,forest,vegetation,14212,13779,433,96.9532789192232,3.046721080776808
2022-09-21_garching_uebungsplatz_2__0041_1663755381571228577_vls128.bin,2022-09-21_garching_uebungsplatz_2,p64,25-50,bush,vegetation,8840,8589,251,97.1606334841629,2.839366515837104
2022-09-21_garching_uebungsplatz_2__0041_1663755381571228577_vls128.bin,2022-09-21_garching_uebungsplatz_2,p64,25-50,gravel,natural_ground,22,22,22,100.0,100.0
2022-09-21_garching_uebungsplatz_2__0041_1663755381571228577_vls128.bin,2022-09-21_garching_uebungsplatz_2,p64,25-50,tree_crown,vegetation,3427,3426,1,99.97081995914795,0.029180040852057193
2022-09-21_garching_uebungsplatz_2__0041_1663755381571228577_vls128.bin,2022-09-21_garching_uebungsplatz_2,p64,25-50,tree_trunk,vegetation,1630,1619,11,99.32515337423312,0.6748466257668712
2022-09-21_garching_uebungsplatz_2__0041_1663755381571228577_vls128.bin,2022-09-21_garching_uebungsplatz_2,p64,25-50,low_grass,natural_ground,12296,12012,12012,97.69030579050097,97.69030579050097
2022-09-21_garching_uebungsplatz_2__0041_1663755381571228577_vls128.bin,2022-09-21_garching_uebungsplatz_2,p64,25-50,high_grass,vegetation,8143,3978,4165,48.8517745302714,51.1482254697286
2022-09-21_garching_uebungsplatz_2__0041_1663755381571228577_vls128.bin,2022-09-21_garching_uebungsplatz_2,p64,50-100,undefined,other,0,0,0,,
2022-09-21_garching_uebungsplatz_2__0041_1663755381571228577_vls128.bin,2022-09-21_garching_uebungsplatz_2,p64,50-100,ego_vehicle,other,0,0,0,,
2022-09-21_garching_uebungsplatz_2__0041_1663755381571228577_vls128.bin,2022-09-21_garching_uebungsplatz_2,p64,50-100,forest,vegetation,8518,8238,207,96.71284339046724,2.430147922047429
2022-09-21_garching_uebungsplatz_2__0041_1663755381571228577_vls128.bin,2022-09-21_garching_uebungsplatz_2,p64,50-100,bush,vegetation,438,438,0,100.0,0.0
2022-09-21_garching_uebungsplatz_2__0041_1663755381571228577_vls128.bin,2022-09-21_garching_uebungsplatz_2,p64,50-100,gravel,natural_ground,0,0,0,,
2022-09-21_garching_uebungsplatz_2__0041_1663755381571228577_vls128.bin,2022-09-21_garching_uebungsplatz_2,p64,50-100,tree_crown,vegetation,210,210,0,100.0,0.0
2022-09-21_garching_uebungsplatz_2__0041_1663755381571228577_vls128.bin,2022-09-21_garching_uebungsplatz_2,p64,50-100,tree_trunk,vegetation,259,256,3,98.84169884169884,1.1583011583011582
2022-09-21_garching_uebungsplatz_2__0041_1663755381571228577_vls128.bin,2022-09-21_garching_uebungsplatz_2,p64,50-100,low_grass,natural_ground,482,456,456,94.60580912863071,94.60580912863071
2022-09-21_garching_uebungsplatz_2__0041_1663755381571228577_vls128.bin,2022-09-21_garching_uebungsplatz_2,p64,50-100,high_grass,vegetation,114,81,33,71.05263157894737,28.94736842105263
2022-09-21_garching_uebungsplatz_2__0041_1663755381571228577_vls128.bin,2022-09-21_garching_uebungsplatz_2,p64,100-150,undefined,other,0,0,0,,
2022-09-21_garching_uebungsplatz_2__0041_1663755381571228577_vls128.bin,2022-09-21_garching_uebungsplatz_2,p64,100-150,ego_vehicle,other,0,0,0,,
2022-09-21_garching_uebungsplatz_2__0041_1663755381571228577_vls128.bin,2022-09-21_garching_uebungsplatz_2,p64,100-150,forest,vegetation,1515,1503,12,99.20792079207921,0.7920792079207921
2022-09-21_garching_uebungsplatz_2__0041_1663755381571228577_vls128.bin,2022-09-21_garching_uebungsplatz_2,p64,100-150,bush,vegetation,0,0,0,,
2022-09-21_garching_uebungsplatz_2__0041_1663755381571228577_vls128.bin,2022-09-21_garching_uebungsplatz_2,p64,100-150,gravel,natural_ground,0,0,0,,
2022-09-21_garching_uebungsplatz_2__0041_1663755381571228577_vls128.bin,2022-09-21_garching_uebungsplatz_2,p64,100-150,tree_crown,vegetation,0,0,0,,
2022-09-21_garching_uebungsplatz_2__0041_1663755381571228577_vls128.bin,2022-09-21_garching_uebungsplatz_2,p64,100-150,tree_trunk,vegetation,0,0,0,,
2022-09-21_garching_uebungsplatz_2__0041_1663755381571228577_vls128.bin,2022-09-21_garching_uebungsplatz_2,p64,100-150,low_grass,natural_ground,172,159,159,92.44186046511628,92.44186046511628
2022-09-21_garching_uebungsplatz_2__0041_1663755381571228577_vls128.bin,2022-09-21_garching_uebungsplatz_2,p64,100-150,high_grass,vegetation,0,0,0,,
2022-09-21_garching_uebungsplatz_2__0041_1663755381571228577_vls128.bin,2022-09-21_garching_uebungsplatz_2,p64,150+,undefined,other,0,0,0,,
2022-09-21_garching_uebungsplatz_2__0041_1663755381571228577_vls128.bin,2022-09-21_garching_uebungsplatz_2,p64,150+,ego_vehicle,other,0,0,0,,
2022-09-21_garching_uebungsplatz_2__0041_1663755381571228577_vls128.bin,2022-09-21_garching_uebungsplatz_2,p64,150+,forest,vegetation,61,61,0,100.0,0.0
2022-09-21_garching_uebungsplatz_2__0041_1663755381571228577_vls128.bin,2022-09-21_garching_uebungsplatz_2,p64,150+,bush,vegetation,0,0,0,,
2022-09-21_garching_uebungsplatz_2__0041_1663755381571228577_vls128.bin,2022-09-21_garching_uebungsplatz_2,p64,150+,gravel,natural_ground,0,0,0,,
2022-09-21_garching_uebungsplatz_2__0041_1663755381571228577_vls128.bin,2022-09-21_garching_uebungsplatz_2,p64,150+,tree_crown,vegetation,0,0,0,,
2022-09-21_garching_uebungsplatz_2__0041_1663755381571228577_vls128.bin,2022-09-21_garching_uebungsplatz_2,p64,150+,tree_trunk,vegetation,0,0,0,,
2022-09-21_garching_uebungsplatz_2__0041_1663755381571228577_vls128.bin,2022-09-21_garching_uebungsplatz_2,p64,150+,low_grass,natural_ground,29,14,14,48.275862068965516,48.275862068965516
2022-09-21_garching_uebungsplatz_2__0041_1663755381571228577_vls128.bin,2022-09-21_garching_uebungsplatz_2,p64,150+,high_grass,vegetation,0,0,0,,
2022-09-21_garching_uebungsplatz_2__0041_1663755381571228577_vls128.bin,2022-09-21_garching_uebungsplatz_2,p64,0+,undefined,other,2,1,1,50.0,50.0
2022-09-21_garching_uebungsplatz_2__0041_1663755381571228577_vls128.bin,2022-09-21_garching_uebungsplatz_2,p64,0+,ego_vehicle,other,347,347,0,100.0,0.0
2022-09-21_garching_uebungsplatz_2__0041_1663755381571228577_vls128.bin,2022-09-21_garching_uebungsplatz_2,p64,0+,forest,vegetation,73037,72213,751,98.87180470172652,1.028245957528376
2022-09-21_garching_uebungsplatz_2__0041_1663755381571228577_vls128.bin,2022-09-21_garching_uebungsplatz_2,p64,0+,bush,vegetation,33473,33131,342,98.9782810025991,1.0217189974008902
2022-09-21_garching_uebungsplatz_2__0041_1663755381571228577_vls128.bin,2022-09-21_garching_uebungsplatz_2,p64,0+,gravel,natural_ground,22,22,22,100.0,100.0
2022-09-21_garching_uebungsplatz_2__0041_1663755381571228577_vls128.bin,2022-09-21_garching_uebungsplatz_2,p64,0+,tree_crown,vegetation,5430,5429,1,99.9815837937385,0.01841620626151013
2022-09-21_garching_uebungsplatz_2__0041_1663755381571228577_vls128.bin,2022-09-21_garching_uebungsplatz_2,p64,0+,tree_trunk,vegetation,6282,5922,14,94.26934097421203,0.22285896211397643
2022-09-21_garching_uebungsplatz_2__0041_1663755381571228577_vls128.bin,2022-09-21_garching_uebungsplatz_2,p64,0+,low_grass,natural_ground,55784,54657,54657,97.97970744299441,97.97970744299441
2022-09-21_garching_uebungsplatz_2__0041_1663755381571228577_vls128.bin,2022-09-21_garching_uebungsplatz_2,p64,0+,high_grass,vegetation,36876,16968,19878,46.01366742596811,53.90497884803124
2022-09-21_garching_uebungsplatz_2__0041_1663755381571228577_vls128.bin,2022-09-21_garching_uebungsplatz_2,p64repeat,0-25,undefined,other,2,1,1,50.0,50.0
2022-09-21_garching_uebungsplatz_2__0041_1663755381571228577_vls128.bin,2022-09-21_garching_uebungsplatz_2,p64repeat,0-25,ego_vehicle,other,347,347,0,100.0,0.0
2022-09-21_garching_uebungsplatz_2__0041_1663755381571228577_vls128.bin,2022-09-21_garching_uebungsplatz_2,p64repeat,0-25,forest,vegetation,48731,48632,99,99.79684389813465,0.2031561018653424
2022-09-21_garching_uebungsplatz_2__0041_1663755381571228577_vls128.bin,2022-09-21_garching_uebungsplatz_2,p64repeat,0-25,bush,vegetation,24195,24104,91,99.62388923331267,0.3761107666873321
2022-09-21_garching_uebungsplatz_2__0041_1663755381571228577_vls128.bin,2022-09-21_garching_uebungsplatz_2,p64repeat,0-25,gravel,natural_ground,0,0,0,,
2022-09-21_garching_uebungsplatz_2__0041_1663755381571228577_vls128.bin,2022-09-21_garching_uebungsplatz_2,p64repeat,0-25,tree_crown,vegetation,1793,1793,0,100.0,0.0
2022-09-21_garching_uebungsplatz_2__0041_1663755381571228577_vls128.bin,2022-09-21_garching_uebungsplatz_2,p64repeat,0-25,tree_trunk,vegetation,4393,4047,0,92.12383337127248,0.0
2022-09-21_garching_uebungsplatz_2__0041_1663755381571228577_vls128.bin,2022-09-21_garching_uebungsplatz_2,p64repeat,0-25,low_grass,natural_ground,42805,42016,42016,98.15675738815558,98.15675738815558
2022-09-21_garching_uebungsplatz_2__0041_1663755381571228577_vls128.bin,2022-09-21_garching_uebungsplatz_2,p64repeat,0-25,high_grass,vegetation,28619,12909,15680,45.10639784758377,54.78877668681645
2022-09-21_garching_uebungsplatz_2__0041_1663755381571228577_vls128.bin,2022-09-21_garching_uebungsplatz_2,p64repeat,25-50,undefined,other,0,0,0,,
2022-09-21_garching_uebungsplatz_2__0041_1663755381571228577_vls128.bin,2022-09-21_garching_uebungsplatz_2,p64repeat,25-50,ego_vehicle,other,0,0,0,,
2022-09-21_garching_uebungsplatz_2__0041_1663755381571228577_vls128.bin,2022-09-21_garching_uebungsplatz_2,p64repeat,25-50,forest,vegetation,14212,13779,433,96.9532789192232,3.046721080776808
2022-09-21_garching_uebungsplatz_2__0041_1663755381571228577_vls128.bin,2022-09-21_garching_uebungsplatz_2,p64repeat,25-50,bush,vegetation,8840,8589,251,97.1606334841629,2.839366515837104
2022-09-21_garching_uebungsplatz_2__0041_1663755381571228577_vls128.bin,2022-09-21_garching_uebungsplatz_2,p64repeat,25-50,gravel,natural_ground,22,22,22,100.0,100.0
2022-09-21_garching_uebungsplatz_2__0041_1663755381571228577_vls128.bin,2022-09-21_garching_uebungsplatz_2,p64repeat,25-50,tree_crown,vegetation,3427,3426,1,99.97081995914795,0.029180040852057193
2022-09-21_garching_uebungsplatz_2__0041_1663755381571228577_vls128.bin,2022-09-21_garching_uebungsplatz_2,p64repeat,25-50,tree_trunk,vegetation,1630,1619,11,99.32515337423312,0.6748466257668712
2022-09-21_garching_uebungsplatz_2__0041_1663755381571228577_vls128.bin,2022-09-21_garching_uebungsplatz_2,p64repeat,25-50,low_grass,natural_ground,12296,12012,12012,97.69030579050097,97.69030579050097
2022-09-21_garching_uebungsplatz_2__0041_1663755381571228577_vls128.bin,2022-09-21_garching_uebungsplatz_2,p64repeat,25-50,high_grass,vegetation,8143,3978,4165,48.8517745302714,51.1482254697286
2022-09-21_garching_uebungsplatz_2__0041_1663755381571228577_vls128.bin,2022-09-21_garching_uebungsplatz_2,p64repeat,50-100,undefined,other,0,0,0,,
2022-09-21_garching_uebungsplatz_2__0041_1663755381571228577_vls128.bin,2022-09-21_garching_uebungsplatz_2,p64repeat,50-100,ego_vehicle,other,0,0,0,,
2022-09-21_garching_uebungsplatz_2__0041_1663755381571228577_vls128.bin,2022-09-21_garching_uebungsplatz_2,p64repeat,50-100,forest,vegetation,8518,8238,207,96.71284339046724,2.430147922047429
2022-09-21_garching_uebungsplatz_2__0041_1663755381571228577_vls128.bin,2022-09-21_garching_uebungsplatz_2,p64repeat,50-100,bush,vegetation,438,438,0,100.0,0.0
2022-09-21_garching_uebungsplatz_2__0041_1663755381571228577_vls128.bin,2022-09-21_garching_uebungsplatz_2,p64repeat,50-100,gravel,natural_ground,0,0,0,,
2022-09-21_garching_uebungsplatz_2__0041_1663755381571228577_vls128.bin,2022-09-21_garching_uebungsplatz_2,p64repeat,50-100,tree_crown,vegetation,210,210,0,100.0,0.0
2022-09-21_garching_uebungsplatz_2__0041_1663755381571228577_vls128.bin,2022-09-21_garching_uebungsplatz_2,p64repeat,50-100,tree_trunk,vegetation,259,256,3,98.84169884169884,1.1583011583011582
2022-09-21_garching_uebungsplatz_2__0041_1663755381571228577_vls128.bin,2022-09-21_garching_uebungsplatz_2,p64repeat,50-100,low_grass,natural_ground,482,456,456,94.60580912863071,94.60580912863071
2022-09-21_garching_uebungsplatz_2__0041_1663755381571228577_vls128.bin,2022-09-21_garching_uebungsplatz_2,p64repeat,50-100,high_grass,vegetation,114,81,33,71.05263157894737,28.94736842105263
2022-09-21_garching_uebungsplatz_2__0041_1663755381571228577_vls128.bin,2022-09-21_garching_uebungsplatz_2,p64repeat,100-150,undefined,other,0,0,0,,
2022-09-21_garching_uebungsplatz_2__0041_1663755381571228577_vls128.bin,2022-09-21_garching_uebungsplatz_2,p64repeat,100-150,ego_vehicle,other,0,0,0,,
2022-09-21_garching_uebungsplatz_2__0041_1663755381571228577_vls128.bin,2022-09-21_garching_uebungsplatz_2,p64repeat,100-150,forest,vegetation,1515,1503,12,99.20792079207921,0.7920792079207921
2022-09-21_garching_uebungsplatz_2__0041_1663755381571228577_vls128.bin,2022-09-21_garching_uebungsplatz_2,p64repeat,100-150,bush,vegetation,0,0,0,,
2022-09-21_garching_uebungsplatz_2__0041_1663755381571228577_vls128.bin,2022-09-21_garching_uebungsplatz_2,p64repeat,100-150,gravel,natural_ground,0,0,0,,
2022-09-21_garching_uebungsplatz_2__0041_1663755381571228577_vls128.bin,2022-09-21_garching_uebungsplatz_2,p64repeat,100-150,tree_crown,vegetation,0,0,0,,
2022-09-21_garching_uebungsplatz_2__0041_1663755381571228577_vls128.bin,2022-09-21_garching_uebungsplatz_2,p64repeat,100-150,tree_trunk,vegetation,0,0,0,,
2022-09-21_garching_uebungsplatz_2__0041_1663755381571228577_vls128.bin,2022-09-21_garching_uebungsplatz_2,p64repeat,100-150,low_grass,natural_ground,172,159,159,92.44186046511628,92.44186046511628
2022-09-21_garching_uebungsplatz_2__0041_1663755381571228577_vls128.bin,2022-09-21_garching_uebungsplatz_2,p64repeat,100-150,high_grass,vegetation,0,0,0,,
2022-09-21_garching_uebungsplatz_2__0041_1663755381571228577_vls128.bin,2022-09-21_garching_uebungsplatz_2,p64repeat,150+,undefined,other,0,0,0,,
2022-09-21_garching_uebungsplatz_2__0041_1663755381571228577_vls128.bin,2022-09-21_garching_uebungsplatz_2,p64repeat,150+,ego_vehicle,other,0,0,0,,
2022-09-21_garching_uebungsplatz_2__0041_1663755381571228577_vls128.bin,2022-09-21_garching_uebungsplatz_2,p64repeat,150+,forest,vegetation,61,61,0,100.0,0.0
2022-09-21_garching_uebungsplatz_2__0041_1663755381571228577_vls128.bin,2022-09-21_garching_uebungsplatz_2,p64repeat,150+,bush,vegetation,0,0,0,,
2022-09-21_garching_uebungsplatz_2__0041_1663755381571228577_vls128.bin,2022-09-21_garching_uebungsplatz_2,p64repeat,150+,gravel,natural_ground,0,0,0,,
2022-09-21_garching_uebungsplatz_2__0041_1663755381571228577_vls128.bin,2022-09-21_garching_uebungsplatz_2,p64repeat,150+,tree_crown,vegetation,0,0,0,,
2022-09-21_garching_uebungsplatz_2__0041_1663755381571228577_vls128.bin,2022-09-21_garching_uebungsplatz_2,p64repeat,150+,tree_trunk,vegetation,0,0,0,,
2022-09-21_garching_uebungsplatz_2__0041_1663755381571228577_vls128.bin,2022-09-21_garching_uebungsplatz_2,p64repeat,150+,low_grass,natural_ground,29,14,14,48.275862068965516,48.275862068965516
2022-09-21_garching_uebungsplatz_2__0041_1663755381571228577_vls128.bin,2022-09-21_garching_uebungsplatz_2,p64repeat,150+,high_grass,vegetation,0,0,0,,
2022-09-21_garching_uebungsplatz_2__0041_1663755381571228577_vls128.bin,2022-09-21_garching_uebungsplatz_2,p64repeat,0+,undefined,other,2,1,1,50.0,50.0
2022-09-21_garching_uebungsplatz_2__0041_1663755381571228577_vls128.bin,2022-09-21_garching_uebungsplatz_2,p64repeat,0+,ego_vehicle,other,347,347,0,100.0,0.0
2022-09-21_garching_uebungsplatz_2__0041_1663755381571228577_vls128.bin,2022-09-21_garching_uebungsplatz_2,p64repeat,0+,forest,vegetation,73037,72213,751,98.87180470172652,1.028245957528376
2022-09-21_garching_uebungsplatz_2__0041_1663755381571228577_vls128.bin,2022-09-21_garching_uebungsplatz_2,p64repeat,0+,bush,vegetation,33473,33131,342,98.9782810025991,1.0217189974008902
2022-09-21_garching_uebungsplatz_2__0041_1663755381571228577_vls128.bin,2022-09-21_garching_uebungsplatz_2,p64repeat,0+,gravel,natural_ground,22,22,22,100.0,100.0
2022-09-21_garching_uebungsplatz_2__0041_1663755381571228577_vls128.bin,2022-09-21_garching_uebungsplatz_2,p64repeat,0+,tree_crown,vegetation,5430,5429,1,99.9815837937385,0.01841620626151013
2022-09-21_garching_uebungsplatz_2__0041_1663755381571228577_vls128.bin,2022-09-21_garching_uebungsplatz_2,p64repeat,0+,tree_trunk,vegetation,6282,5922,14,94.26934097421203,0.22285896211397643
2022-09-21_garching_uebungsplatz_2__0041_1663755381571228577_vls128.bin,2022-09-21_garching_uebungsplatz_2,p64repeat,0+,low_grass,natural_ground,55784,54657,54657,97.97970744299441,97.97970744299441
2022-09-21_garching_uebungsplatz_2__0041_1663755381571228577_vls128.bin,2022-09-21_garching_uebungsplatz_2,p64repeat,0+,high_grass,vegetation,36876,16968,19878,46.01366742596811,53.90497884803124
2022-09-21_garching_uebungsplatz_2__0041_1663755381571228577_vls128.bin,2022-09-21_garching_uebungsplatz_2,p128,0-25,undefined,other,2,1,1,50.0,50.0
2022-09-21_garching_uebungsplatz_2__0041_1663755381571228577_vls128.bin,2022-09-21_garching_uebungsplatz_2,p128,0-25,ego_vehicle,other,347,347,0,100.0,0.0
2022-09-21_garching_uebungsplatz_2__0041_1663755381571228577_vls128.bin,2022-09-21_garching_uebungsplatz_2,p128,0-25,forest,vegetation,48731,48670,61,99.87482300794156,0.1251769920584433
2022-09-21_garching_uebungsplatz_2__0041_1663755381571228577_vls128.bin,2022-09-21_garching_uebungsplatz_2,p128,0-25,bush,vegetation,24195,24152,43,99.82227733002686,0.17772266997313493
2022-09-21_garching_uebungsplatz_2__0041_1663755381571228577_vls128.bin,2022-09-21_garching_uebungsplatz_2,p128,0-25,gravel,natural_ground,0,0,0,,
2022-09-21_garching_uebungsplatz_2__0041_1663755381571228577_vls128.bin,2022-09-21_garching_uebungsplatz_2,p128,0-25,tree_crown,vegetation,1793,1793,0,100.0,0.0
2022-09-21_garching_uebungsplatz_2__0041_1663755381571228577_vls128.bin,2022-09-21_garching_uebungsplatz_2,p128,0-25,tree_trunk,vegetation,4393,3849,0,87.6166628727521,0.0
2022-09-21_garching_uebungsplatz_2__0041_1663755381571228577_vls128.bin,2022-09-21_garching_uebungsplatz_2,p128,0-25,low_grass,natural_ground,42805,42129,42129,98.42074524004205,98.42074524004205
2022-09-21_garching_uebungsplatz_2__0041_1663755381571228577_vls128.bin,2022-09-21_garching_uebungsplatz_2,p128,0-25,high_grass,vegetation,28619,12807,15777,44.74999126454453,55.127712358922395
2022-09-21_garching_uebungsplatz_2__0041_1663755381571228577_vls128.bin,2022-09-21_garching_uebungsplatz_2,p128,25-50,undefined,other,0,0,0,,
2022-09-21_garching_uebungsplatz_2__0041_1663755381571228577_vls128.bin,2022-09-21_garching_uebungsplatz_2,p128,25-50,ego_vehicle,other,0,0,0,,
2022-09-21_garching_uebungsplatz_2__0041_1663755381571228577_vls128.bin,2022-09-21_garching_uebungsplatz_2,p128,25-50,forest,vegetation,14212,13889,323,97.72727272727273,2.272727272727273
2022-09-21_garching_uebungsplatz_2__0041_1663755381571228577_vls128.bin,2022-09-21_garching_uebungsplatz_2,p128,25-50,bush,vegetation,8840,8571,269,96.95701357466064,3.0429864253393664
2022-09-21_garching_uebungsplatz_2__0041_1663755381571228577_vls128.bin,2022-09-21_garching_uebungsplatz_2,p128,25-50,gravel,natural_ground,22,22,22,100.0,100.0
2022-09-21_garching_uebungsplatz_2__0041_1663755381571228577_vls128.bin,2022-09-21_garching_uebungsplatz_2,p128,25-50,tree_crown,vegetation,3427,3426,1,99.97081995914795,0.029180040852057193
2022-09-21_garching_uebungsplatz_2__0041_1663755381571228577_vls128.bin,2022-09-21_garching_uebungsplatz_2,p128,25-50,tree_trunk,vegetation,1630,1620,10,99.38650306748467,0.6134969325153374
2022-09-21_garching_uebungsplatz_2__0041_1663755381571228577_vls128.bin,2022-09-21_garching_uebungsplatz_2,p128,25-50,low_grass,natural_ground,12296,11989,11989,97.50325309043592,97.50325309043592
2022-09-21_garching_uebungsplatz_2__0041_1663755381571228577_vls128.bin,2022-09-21_garching_uebungsplatz_2,p128,25-50,high_grass,vegetation,8143,4141,4002,50.853493798354414,49.146506201645586
2022-09-21_garching_uebungsplatz_2__0041_1663755381571228577_vls128.bin,2022-09-21_garching_uebungsplatz_2,p128,50-100,undefined,other,0,0,0,,
2022-09-21_garching_uebungsplatz_2__0041_1663755381571228577_vls128.bin,2022-09-21_garching_uebungsplatz_2,p128,50-100,ego_vehicle,other,0,0,0,,
2022-09-21_garching_uebungsplatz_2__0041_1663755381571228577_vls128.bin,2022-09-21_garching_uebungsplatz_2,p128,50-100,forest,vegetation,8518,8286,199,97.27635595210143,2.336229161775065
2022-09-21_garching_uebungsplatz_2__0041_1663755381571228577_vls128.bin,2022-09-21_garching_uebungsplatz_2,p128,50-100,bush,vegetation,438,438,0,100.0,0.0
2022-09-21_garching_uebungsplatz_2__0041_1663755381571228577_vls128.bin,2022-09-21_garching_uebungsplatz_2,p128,50-100,gravel,natural_ground,0,0,0,,
2022-09-21_garching_uebungsplatz_2__0041_1663755381571228577_vls128.bin,2022-09-21_garching_uebungsplatz_2,p128,50-100,tree_crown,vegetation,210,210,0,100.0,0.0
2022-09-21_garching_uebungsplatz_2__0041_1663755381571228577_vls128.bin,2022-09-21_garching_uebungsplatz_2,p128,50-100,tree_trunk,vegetation,259,256,3,98.84169884169884,1.1583011583011582
2022-09-21_garching_uebungsplatz_2__0041_1663755381571228577_vls128.bin,2022-09-21_garching_uebungsplatz_2,p128,50-100,low_grass,natural_ground,482,458,458,95.02074688796681,95.02074688796681
2022-09-21_garching_uebungsplatz_2__0041_1663755381571228577_vls128.bin,2022-09-21_garching_uebungsplatz_2,p128,50-100,high_grass,vegetation,114,83,31,72.80701754385964,27.19298245614035
2022-09-21_garching_uebungsplatz_2__0041_1663755381571228577_vls128.bin,2022-09-21_garching_uebungsplatz_2,p128,100-150,undefined,other,0,0,0,,
2022-09-21_garching_uebungsplatz_2__0041_1663755381571228577_vls128.bin,2022-09-21_garching_uebungsplatz_2,p128,100-150,ego_vehicle,other,0,0,0,,
2022-09-21_garching_uebungsplatz_2__0041_1663755381571228577_vls128.bin,2022-09-21_garching_uebungsplatz_2,p128,100-150,forest,vegetation,1515,1505,10,99.33993399339934,0.6600660066006601
2022-09-21_garching_uebungsplatz_2__0041_1663755381571228577_vls128.bin,2022-09-21_garching_uebungsplatz_2,p128,100-150,bush,vegetation,0,0,0,,
2022-09-21_garching_uebungsplatz_2__0041_1663755381571228577_vls128.bin,2022-09-21_garching_uebungsplatz_2,p128,100-150,gravel,natural_ground,0,0,0,,
2022-09-21_garching_uebungsplatz_2__0041_1663755381571228577_vls128.bin,2022-09-21_garching_uebungsplatz_2,p128,100-150,tree_crown,vegetation,0,0,0,,
2022-09-21_garching_uebungsplatz_2__0041_1663755381571228577_vls128.bin,2022-09-21_garching_uebungsplatz_2,p128,100-150,tree_trunk,vegetation,0,0,0,,
2022-09-21_garching_uebungsplatz_2__0041_1663755381571228577_vls128.bin,2022-09-21_garching_uebungsplatz_2,p128,100-150,low_grass,natural_ground,172,163,163,94.76744186046511,94.76744186046511
2022-09-21_garching_uebungsplatz_2__0041_1663755381571228577_vls128.bin,2022-09-21_garching_uebungsplatz_2,p128,100-150,high_grass,vegetation,0,0,0,,
2022-09-21_garching_uebungsplatz_2__0041_1663755381571228577_vls128.bin,2022-09-21_garching_uebungsplatz_2,p128,150+,undefined,other,0,0,0,,
2022-09-21_garching_uebungsplatz_2__0041_1663755381571228577_vls128.bin,2022-09-21_garching_uebungsplatz_2,p128,150+,ego_vehicle,other,0,0,0,,
2022-09-21_garching_uebungsplatz_2__0041_1663755381571228577_vls128.bin,2022-09-21_garching_uebungsplatz_2,p128,150+,forest,vegetation,61,61,0,100.0,0.0
2022-09-21_garching_uebungsplatz_2__0041_1663755381571228577_vls128.bin,2022-09-21_garching_uebungsplatz_2,p128,150+,bush,vegetation,0,0,0,,
2022-09-21_garching_uebungsplatz_2__0041_1663755381571228577_vls128.bin,2022-09-21_garching_uebungsplatz_2,p128,150+,gravel,natural_ground,0,0,0,,
2022-09-21_garching_uebungsplatz_2__0041_1663755381571228577_vls128.bin,2022-09-21_garching_uebungsplatz_2,p128,150+,tree_crown,vegetation,0,0,0,,
2022-09-21_garching_uebungsplatz_2__0041_1663755381571228577_vls128.bin,2022-09-21_garching_uebungsplatz_2,p128,150+,tree_trunk,vegetation,0,0,0,,
2022-09-21_garching_uebungsplatz_2__0041_1663755381571228577_vls128.bin,2022-09-21_garching_uebungsplatz_2,p128,150+,low_grass,natural_ground,29,9,9,31.03448275862069,31.03448275862069
2022-09-21_garching_uebungsplatz_2__0041_1663755381571228577_vls128.bin,2022-09-21_garching_uebungsplatz_2,p128,150+,high_grass,vegetation,0,0,0,,
2022-09-21_garching_uebungsplatz_2__0041_1663755381571228577_vls128.bin,2022-09-21_garching_uebungsplatz_2,p128,0+,undefined,other,2,1,1,50.0,50.0
2022-09-21_garching_uebungsplatz_2__0041_1663755381571228577_vls128.bin,2022-09-21_garching_uebungsplatz_2,p128,0+,ego_vehicle,other,347,347,0,100.0,0.0
2022-09-21_garching_uebungsplatz_2__0041_1663755381571228577_vls128.bin,2022-09-21_garching_uebungsplatz_2,p128,0+,forest,vegetation,73037,72411,593,99.14290017388447,0.8119172474225392
2022-09-21_garching_uebungsplatz_2__0041_1663755381571228577_vls128.bin,2022-09-21_garching_uebungsplatz_2,p128,0+,bush,vegetation,33473,33161,312,99.06790547605533,0.9320945239446718
2022-09-21_garching_uebungsplatz_2__0041_1663755381571228577_vls128.bin,2022-09-21_garching_uebungsplatz_2,p128,0+,gravel,natural_ground,22,22,22,100.0,100.0
2022-09-21_garching_uebungsplatz_2__0041_1663755381571228577_vls128.bin,2022-09-21_garching_uebungsplatz_2,p128,0+,tree_crown,vegetation,5430,5429,1,99.9815837937385,0.01841620626151013
2022-09-21_garching_uebungsplatz_2__0041_1663755381571228577_vls128.bin,2022-09-21_garching_uebungsplatz_2,p128,0+,tree_trunk,vegetation,6282,5725,13,91.13339700732251,0.206940464820121
2022-09-21_garching_uebungsplatz_2__0041_1663755381571228577_vls128.bin,2022-09-21_garching_uebungsplatz_2,p128,0+,low_grass,natural_ground,55784,54748,54748,98.14283665567187,98.14283665567187
2022-09-21_garching_uebungsplatz_2__0041_1663755381571228577_vls128.bin,2022-09-21_garching_uebungsplatz_2,p128,0+,high_grass,vegetation,36876,17031,19810,46.184510250569474,53.72057706909643
2022-12-07_aying_hills__0045_1670421354439414871_vls128.bin,2022-12-07_aying_hills,p64,0-25,undefined,other,0,0,0,,
2022-12-07_aying_hills__0045_1670421354439414871_vls128.bin,2022-12-07_aying_hills,p64,0-25,leaves,natural_ground,425,369,417,86.82352941176471,98.11764705882354
2022-12-07_aying_hills__0045_1670421354439414871_vls128.bin,2022-12-07_aying_hills,p64,0-25,ego_vehicle,other,349,349,0,100.0,0.0
2022-12-07_aying_hills__0045_1670421354439414871_vls128.bin,2022-12-07_aying_hills,p64,0-25,forest,vegetation,80904,72762,3505,89.93622070602196,4.332295065756947
2022-12-07_aying_hills__0045_1670421354439414871_vls128.bin,2022-12-07_aying_hills,p64,0-25,gravel,natural_ground,3954,1182,3952,29.893778452200305,99.94941831057157
2022-12-07_aying_hills__0045_1670421354439414871_vls128.bin,2022-12-07_aying_hills,p64,0-25,tree_trunk,vegetation,33988,30496,267,89.72578557137814,0.7855713781334589
2022-12-07_aying_hills__0045_1670421354439414871_vls128.bin,2022-12-07_aying_hills,p64,0-25,high_grass,vegetation,18994,8951,9957,47.125408023586395,52.421817416026116
2022-12-07_aying_hills__0045_1670421354439414871_vls128.bin,2022-12-07_aying_hills,p64,25-50,undefined,other,0,0,0,,
2022-12-07_aying_hills__0045_1670421354439414871_vls128.bin,2022-12-07_aying_hills,p64,25-50,leaves,natural_ground,253,230,230,90.9090909090909,90.9090909090909
2022-12-07_aying_hills__0045_1670421354439414871_vls128.bin,2022-12-07_aying_hills,p64,25-50,ego_vehicle,other,0,0,0,,
2022-12-07_aying_hills__0045_1670421354439414871_vls128.bin,2022-12-07_aying_hills,p64,25-50,forest,vegetation,14937,14733,98,98.63426390841535,0.6560889067416482
2022-12-07_aying_hills__0045_1670421354439414871_vls128.bin,2022-12-07_aying_hills,p64,25-50,gravel,natural_ground,1608,1257,1605,78.17164179104478,99.81343283582089
2022-12-07_aying_hills__0045_1670421354439414871_vls128.bin,2022-12-07_aying_hills,p64,25-50,tree_trunk,vegetation,26285,24449,379,93.01502758227126,1.441887007799125
2022-12-07_aying_hills__0045_1670421354439414871_vls128.bin,2022-12-07_aying_hills,p64,25-50,high_grass,vegetation,5778,3998,1728,69.19349255797854,29.906542056074766
2022-12-07_aying_hills__0045_1670421354439414871_vls128.bin,2022-12-07_aying_hills,p64,50-100,undefined,other,0,0,0,,
2022-12-07_aying_hills__0045_1670421354439414871_vls128.bin,2022-12-07_aying_hills,p64,50-100,leaves,natural_ground,24,22,22,91.66666666666667,91.66666666666667
2022-12-07_aying_hills__0045_1670421354439414871_vls128.bin,2022-12-07_aying_hills,p64,50-100,ego_vehicle,other,0,0,0,,
2022-12-07_aying_hills__0045_1670421354439414871_vls128.bin,2022-12-07_aying_hills,p64,50-100,forest,vegetation,15203,14840,277,97.61231335920542,1.8220088140498585
2022-12-07_aying_hills__0045_1670421354439414871_vls128.bin,2022-12-07_aying_hills,p64,50-100,gravel,natural_ground,247,136,247,55.06072874493927,100.0
2022-12-07_aying_hills__0045_1670421354439414871_vls128.bin,2022-12-07_aying_hills,p64,50-100,tree_trunk,vegetation,8659,8099,389,93.53274050121261,4.492435616121954
2022-12-07_aying_hills__0045_1670421354439414871_vls128.bin,2022-12-07_aying_hills,p64,50-100,high_grass,vegetation,707,587,118,83.02687411598302,16.690240452616692
2022-12-07_aying_hills__0045_1670421354439414871_vls128.bin,2022-12-07_aying_hills,p64,100-150,undefined,other,2,0,0,0.0,0.0
2022-12-07_aying_hills__0045_1670421354439414871_vls128.bin,2022-12-07_aying_hills,p64,100-150,leaves,natural_ground,0,0,0,,
2022-12-07_aying_hills__0045_1670421354439414871_vls128.bin,2022-12-07_aying_hills,p64,100-150,ego_vehicle,other,0,0,0,,
2022-12-07_aying_hills__0045_1670421354439414871_vls128.bin,2022-12-07_aying_hills,p64,100-150,forest,vegetation,2116,2114,2,99.9054820415879,0.0945179584120983
2022-12-07_aying_hills__0045_1670421354439414871_vls128.bin,2022-12-07_aying_hills,p64,100-150,gravel,natural_ground,0,0,0,,
2022-12-07_aying_hills__0045_1670421354439414871_vls128.bin,2022-12-07_aying_hills,p64,100-150,tree_trunk,vegetation,280,280,0,100.0,0.0
2022-12-07_aying_hills__0045_1670421354439414871_vls128.bin,2022-12-07_aying_hills,p64,100-150,high_grass,vegetation,54,49,5,90.74074074074075,9.25925925925926
2022-12-07_aying_hills__0045_1670421354439414871_vls128.bin,2022-12-07_aying_hills,p64,150+,undefined,other,0,0,0,,
2022-12-07_aying_hills__0045_1670421354439414871_vls128.bin,2022-12-07_aying_hills,p64,150+,leaves,natural_ground,0,0,0,,
2022-12-07_aying_hills__0045_1670421354439414871_vls128.bin,2022-12-07_aying_hills,p64,150+,ego_vehicle,other,0,0,0,,
2022-12-07_aying_hills__0045_1670421354439414871_vls128.bin,2022-12-07_aying_hills,p64,150+,forest,vegetation,16,16,0,100.0,0.0
2022-12-07_aying_hills__0045_1670421354439414871_vls128.bin,2022-12-07_aying_hills,p64,150+,gravel,natural_ground,0,0,0,,
2022-12-07_aying_hills__0045_1670421354439414871_vls128.bin,2022-12-07_aying_hills,p64,150+,tree_trunk,vegetation,0,0,0,,
2022-12-07_aying_hills__0045_1670421354439414871_vls128.bin,2022-12-07_aying_hills,p64,150+,high_grass,vegetation,4,4,0,100.0,0.0
2022-12-07_aying_hills__0045_1670421354439414871_vls128.bin,2022-12-07_aying_hills,p64,0+,undefined,other,2,0,0,0.0,0.0
2022-12-07_aying_hills__0045_1670421354439414871_vls128.bin,2022-12-07_aying_hills,p64,0+,leaves,natural_ground,702,621,669,88.46153846153847,95.2991452991453
2022-12-07_aying_hills__0045_1670421354439414871_vls128.bin,2022-12-07_aying_hills,p64,0+,ego_vehicle,other,349,349,0,100.0,0.0
2022-12-07_aying_hills__0045_1670421354439414871_vls128.bin,2022-12-07_aying_hills,p64,0+,forest,vegetation,113176,104465,3882,92.30313847458825,3.4300558422280343
2022-12-07_aying_hills__0045_1670421354439414871_vls128.bin,2022-12-07_aying_hills,p64,0+,gravel,natural_ground,5809,2575,5804,44.32776725770356,99.91392666551903
2022-12-07_aying_hills__0045_1670421354439414871_vls128.bin,2022-12-07_aying_hills,p64,0+,tree_trunk,vegetation,69212,63324,1035,91.49280471594521,1.4954054210252556
2022-12-07_aying_hills__0045_1670421354439414871_vls128.bin,2022-12-07_aying_hills,p64,0+,high_grass,vegetation,25537,13589,11808,53.21298508047147,46.23879077417081
2022-12-07_aying_hills__0045_1670421354439414871_vls128.bin,2022-12-07_aying_hills,p64repeat,0-25,undefined,other,0,0,0,,
2022-12-07_aying_hills__0045_1670421354439414871_vls128.bin,2022-12-07_aying_hills,p64repeat,0-25,leaves,natural_ground,425,369,417,86.82352941176471,98.11764705882354
2022-12-07_aying_hills__0045_1670421354439414871_vls128.bin,2022-12-07_aying_hills,p64repeat,0-25,ego_vehicle,other,349,349,0,100.0,0.0
2022-12-07_aying_hills__0045_1670421354439414871_vls128.bin,2022-12-07_aying_hills,p64repeat,0-25,forest,vegetation,80904,72762,3505,89.93622070602196,4.332295065756947
2022-12-07_aying_hills__0045_1670421354439414871_vls128.bin,2022-12-07_aying_hills,p64repeat,0-25,gravel,natural_ground,3954,1182,3952,29.893778452200305,99.94941831057157
2022-12-07_aying_hills__0045_1670421354439414871_vls128.bin,2022-12-07_aying_hills,p64repeat,0-25,tree_trunk,vegetation,33988,30496,267,89.72578557137814,0.7855713781334589
2022-12-07_aying_hills__0045_1670421354439414871_vls128.bin,2022-12-07_aying_hills,p64repeat,0-25,high_grass,vegetation,18994,8951,9957,47.125408023586395,52.421817416026116
2022-12-07_aying_hills__0045_1670421354439414871_vls128.bin,2022-12-07_aying_hills,p64repeat,25-50,undefined,other,0,0,0,,
2022-12-07_aying_hills__0045_1670421354439414871_vls128.bin,2022-12-07_aying_hills,p64repeat,25-50,leaves,natural_ground,253,230,230,90.9090909090909,90.9090909090909
2022-12-07_aying_hills__0045_1670421354439414871_vls128.bin,2022-12-07_aying_hills,p64repeat,25-50,ego_vehicle,other,0,0,0,,
2022-12-07_aying_hills__0045_1670421354439414871_vls128.bin,2022-12-07_aying_hills,p64repeat,25-50,forest,vegetation,14937,14733,98,98.63426390841535,0.6560889067416482
2022-12-07_aying_hills__0045_1670421354439414871_vls128.bin,2022-12-07_aying_hills,p64repeat,25-50,gravel,natural_ground,1608,1257,1605,78.17164179104478,99.81343283582089
2022-12-07_aying_hills__0045_1670421354439414871_vls128.bin,2022-12-07_aying_hills,p64repeat,25-50,tree_trunk,vegetation,26285,24449,379,93.01502758227126,1.441887007799125
2022-12-07_aying_hills__0045_1670421354439414871_vls128.bin,2022-12-07_aying_hills,p64repeat,25-50,high_grass,vegetation,5778,3998,1728,69.19349255797854,29.906542056074766
2022-12-07_aying_hills__0045_1670421354439414871_vls128.bin,2022-12-07_aying_hills,p64repeat,50-100,undefined,other,0,0,0,,
2022-12-07_aying_hills__0045_1670421354439414871_vls128.bin,2022-12-07_aying_hills,p64repeat,50-100,leaves,natural_ground,24,22,22,91.66666666666667,91.66666666666667
2022-12-07_aying_hills__0045_1670421354439414871_vls128.bin,2022-12-07_aying_hills,p64repeat,50-100,ego_vehicle,other,0,0,0,,
2022-12-07_aying_hills__0045_1670421354439414871_vls128.bin,2022-12-07_aying_hills,p64repeat,50-100,forest,vegetation,15203,14840,277,97.61231335920542,1.8220088140498585
2022-12-07_aying_hills__0045_1670421354439414871_vls128.bin,2022-12-07_aying_hills,p64repeat,50-100,gravel,natural_ground,247,136,247,55.06072874493927,100.0
2022-12-07_aying_hills__0045_1670421354439414871_vls128.bin,2022-12-07_aying_hills,p64repeat,50-100,tree_trunk,vegetation,8659,8099,389,93.53274050121261,4.492435616121954
2022-12-07_aying_hills__0045_1670421354439414871_vls128.bin,2022-12-07_aying_hills,p64repeat,50-100,high_grass,vegetation,707,587,118,83.02687411598302,16.690240452616692
2022-12-07_aying_hills__0045_1670421354439414871_vls128.bin,2022-12-07_aying_hills,p64repeat,100-150,undefined,other,2,0,0,0.0,0.0
2022-12-07_aying_hills__0045_1670421354439414871_vls128.bin,2022-12-07_aying_hills,p64repeat,100-150,leaves,natural_ground,0,0,0,,
2022-12-07_aying_hills__0045_1670421354439414871_vls128.bin,2022-12-07_aying_hills,p64repeat,100-150,ego_vehicle,other,0,0,0,,
2022-12-07_aying_hills__0045_1670421354439414871_vls128.bin,2022-12-07_aying_hills,p64repeat,100-150,forest,vegetation,2116,2114,2,99.9054820415879,0.0945179584120983
2022-12-07_aying_hills__0045_1670421354439414871_vls128.bin,2022-12-07_aying_hills,p64repeat,100-150,gravel,natural_ground,0,0,0,,
2022-12-07_aying_hills__0045_1670421354439414871_vls128.bin,2022-12-07_aying_hills,p64repeat,100-150,tree_trunk,vegetation,280,280,0,100.0,0.0
2022-12-07_aying_hills__0045_1670421354439414871_vls128.bin,2022-12-07_aying_hills,p64repeat,100-150,high_grass,vegetation,54,49,5,90.74074074074075,9.25925925925926
2022-12-07_aying_hills__0045_1670421354439414871_vls128.bin,2022-12-07_aying_hills,p64repeat,150+,undefined,other,0,0,0,,
2022-12-07_aying_hills__0045_1670421354439414871_vls128.bin,2022-12-07_aying_hills,p64repeat,150+,leaves,natural_ground,0,0,0,,
2022-12-07_aying_hills__0045_1670421354439414871_vls128.bin,2022-12-07_aying_hills,p64repeat,150+,ego_vehicle,other,0,0,0,,
2022-12-07_aying_hills__0045_1670421354439414871_vls128.bin,2022-12-07_aying_hills,p64repeat,150+,forest,vegetation,16,16,0,100.0,0.0
2022-12-07_aying_hills__0045_1670421354439414871_vls128.bin,2022-12-07_aying_hills,p64repeat,150+,gravel,natural_ground,0,0,0,,
2022-12-07_aying_hills__0045_1670421354439414871_vls128.bin,2022-12-07_aying_hills,p64repeat,150+,tree_trunk,vegetation,0,0,0,,
2022-12-07_aying_hills__0045_1670421354439414871_vls128.bin,2022-12-07_aying_hills,p64repeat,150+,high_grass,vegetation,4,4,0,100.0,0.0
2022-12-07_aying_hills__0045_1670421354439414871_vls128.bin,2022-12-07_aying_hills,p64repeat,0+,undefined,other,2,0,0,0.0,0.0
2022-12-07_aying_hills__0045_1670421354439414871_vls128.bin,2022-12-07_aying_hills,p64repeat,0+,leaves,natural_ground,702,621,669,88.46153846153847,95.2991452991453
2022-12-07_aying_hills__0045_1670421354439414871_vls128.bin,2022-12-07_aying_hills,p64repeat,0+,ego_vehicle,other,349,349,0,100.0,0.0
2022-12-07_aying_hills__0045_1670421354439414871_vls128.bin,2022-12-07_aying_hills,p64repeat,0+,forest,vegetation,113176,104465,3882,92.30313847458825,3.4300558422280343
2022-12-07_aying_hills__0045_1670421354439414871_vls128.bin,2022-12-07_aying_hills,p64repeat,0+,gravel,natural_ground,5809,2575,5804,44.32776725770356,99.91392666551903
2022-12-07_aying_hills__0045_1670421354439414871_vls128.bin,2022-12-07_aying_hills,p64repeat,0+,tree_trunk,vegetation,69212,63324,1035,91.49280471594521,1.4954054210252556
2022-12-07_aying_hills__0045_1670421354439414871_vls128.bin,2022-12-07_aying_hills,p64repeat,0+,high_grass,vegetation,25537,13589,11808,53.21298508047147,46.23879077417081
2022-12-07_aying_hills__0045_1670421354439414871_vls128.bin,2022-12-07_aying_hills,p128,0-25,undefined,other,0,0,0,,
2022-12-07_aying_hills__0045_1670421354439414871_vls128.bin,2022-12-07_aying_hills,p128,0-25,leaves,natural_ground,425,381,416,89.6470588235294,97.88235294117646
2022-12-07_aying_hills__0045_1670421354439414871_vls128.bin,2022-12-07_aying_hills,p128,0-25,ego_vehicle,other,349,349,0,100.0,0.0
2022-12-07_aying_hills__0045_1670421354439414871_vls128.bin,2022-12-07_aying_hills,p128,0-25,forest,vegetation,80904,76931,3476,95.0892415702561,4.296450113715021
2022-12-07_aying_hills__0045_1670421354439414871_vls128.bin,2022-12-07_aying_hills,p128,0-25,gravel,natural_ground,3954,1182,3951,29.893778452200305,99.92412746585735
2022-12-07_aying_hills__0045_1670421354439414871_vls128.bin,2022-12-07_aying_hills,p128,0-25,tree_trunk,vegetation,33988,33488,53,98.52889255031188,0.15593738966694126
2022-12-07_aying_hills__0045_1670421354439414871_vls128.bin,2022-12-07_aying_hills,p128,0-25,high_grass,vegetation,18994,10741,8180,56.54943666420975,43.066231441507846
2022-12-07_aying_hills__0045_1670421354439414871_vls128.bin,2022-12-07_aying_hills,p128,25-50,undefined,other,0,0,0,,
2022-12-07_aying_hills__0045_1670421354439414871_vls128.bin,2022-12-07_aying_hills,p128,25-50,leaves,natural_ground,253,222,222,87.74703557312253,87.74703557312253
2022-12-07_aying_hills__0045_1670421354439414871_vls128.bin,2022-12-07_aying_hills,p128,25-50,ego_vehicle,other,0,0,0,,
2022-12-07_aying_hills__0045_1670421354439414871_vls128.bin,2022-12-07_aying_hills,p128,25-50,forest,vegetation,14937,14853,55,99.43763807993572,0.3682131619468434
2022-12-07_aying_hills__0045_1670421354439414871_vls128.bin,2022-12-07_aying_hills,p128,25-50,gravel,natural_ground,1608,1281,1606,79.66417910447761,99.87562189054727
2022-12-07_aying_hills__0045_1670421354439414871_vls128.bin,2022-12-07_aying_hills,p128,25-50,tree_trunk,vegetation,26285,25880,85,98.45919726079514,0.323378352672627
2022-12-07_aying_hills__0045_1670421354439414871_vls128.bin,2022-12-07_aying_hills,p128,25-50,high_grass,vegetation,5778,4390,1362,75.97784700588439,23.572170301142265
2022-12-07_aying_hills__0045_1670421354439414871_vls128.bin,2022-12-07_aying_hills,p128,50-100,undefined,other,0,0,0,,
2022-12-07_aying_hills__0045_1670421354439414871_vls128.bin,2022-12-07_aying_hills,p128,50-100,leaves,natural_ground,24,22,22,91.66666666666667,91.66666666666667
2022-12-07_aying_hills__0045_1670421354439414871_vls128.bin,2022-12-07_aying_hills,p128,50-100,ego_vehicle,other,0,0,0,,
2022-12-07_aying_hills__0045_1670421354439414871_vls128.bin,2022-12-07_aying_hills,p128,50-100,forest,vegetation,15203,15164,30,99.74347168322042,0.19732947444583307
2022-12-07_aying_hills__0045_1670421354439414871_vls128.bin,2022-12-07_aying_hills,p128,50-100,gravel,natural_ground,247,142,247,57.48987854251012,100.0
2022-12-07_aying_hills__0045_1670421354439414871_vls128.bin,2022-12-07_aying_hills,p128,50-100,tree_trunk,vegetation,8659,8609,46,99.4225661161797,0.5312391731146784
2022-12-07_aying_hills__0045_1670421354439414871_vls128.bin,2022-12-07_aying_hills,p128,50-100,high_grass,vegetation,707,603,104,85.28995756718528,14.71004243281471
2022-12-07_aying_hills__0045_1670421354439414871_vls128.bin,2022-12-07_aying_hills,p128,100-150,undefined,other,2,0,0,0.0,0.0
2022-12-07_aying_hills__0045_1670421354439414871_vls128.bin,2022-12-07_aying_hills,p128,100-150,leaves,natural_ground,0,0,0,,
2022-12-07_aying_hills__0045_1670421354439414871_vls128.bin,2022-12-07_aying_hills,p128,100-150,ego_vehicle,other,0,0,0,,
2022-12-07_aying_hills__0045_1670421354439414871_vls128.bin,2022-12-07_aying_hills,p128,100-150,forest,vegetation,2116,2116,0,100.0,0.0
2022-12-07_aying_hills__0045_1670421354439414871_vls128.bin,2022-12-07_aying_hills,p128,100-150,gravel,natural_ground,0,0,0,,
2022-12-07_aying_hills__0045_1670421354439414871_vls128.bin,2022-12-07_aying_hills,p128,100-150,tree_trunk,vegetation,280,280,0,100.0,0.0
2022-12-07_aying_hills__0045_1670421354439414871_vls128.bin,2022-12-07_aying_hills,p128,100-150,high_grass,vegetation,54,51,3,94.44444444444444,5.555555555555555
2022-12-07_aying_hills__0045_1670421354439414871_vls128.bin,2022-12-07_aying_hills,p128,150+,undefined,other,0,0,0,,
2022-12-07_aying_hills__0045_1670421354439414871_vls128.bin,2022-12-07_aying_hills,p128,150+,leaves,natural_ground,0,0,0,,
2022-12-07_aying_hills__0045_1670421354439414871_vls128.bin,2022-12-07_aying_hills,p128,150+,ego_vehicle,other,0,0,0,,
2022-12-07_aying_hills__0045_1670421354439414871_vls128.bin,2022-12-07_aying_hills,p128,150+,forest,vegetation,16,16,0,100.0,0.0
2022-12-07_aying_hills__0045_1670421354439414871_vls128.bin,2022-12-07_aying_hills,p128,150+,gravel,natural_ground,0,0,0,,
2022-12-07_aying_hills__0045_1670421354439414871_vls128.bin,2022-12-07_aying_hills,p128,150+,tree_trunk,vegetation,0,0,0,,
2022-12-07_aying_hills__0045_1670421354439414871_vls128.bin,2022-12-07_aying_hills,p128,150+,high_grass,vegetation,4,4,0,100.0,0.0
2022-12-07_aying_hills__0045_1670421354439414871_vls128.bin,2022-12-07_aying_hills,p128,0+,undefined,other,2,0,0,0.0,0.0
2022-12-07_aying_hills__0045_1670421354439414871_vls128.bin,2022-12-07_aying_hills,p128,0+,leaves,natural_ground,702,625,660,89.03133903133903,94.01709401709402
2022-12-07_aying_hills__0045_1670421354439414871_vls128.bin,2022-12-07_aying_hills,p128,0+,ego_vehicle,other,349,349,0,100.0,0.0
2022-12-07_aying_hills__0045_1670421354439414871_vls128.bin,2022-12-07_aying_hills,p128,0+,forest,vegetation,113176,109080,3561,96.38085813246624,3.1464268042694563
2022-12-07_aying_hills__0045_1670421354439414871_vls128.bin,2022-12-07_aying_hills,p128,0+,gravel,natural_ground,5809,2605,5804,44.84420726458943,99.91392666551903
2022-12-07_aying_hills__0045_1670421354439414871_vls128.bin,2022-12-07_aying_hills,p128,0+,tree_trunk,vegetation,69212,68257,184,98.62018147142113,0.2658498526267121
2022-12-07_aying_hills__0045_1670421354439414871_vls128.bin,2022-12-07_aying_hills,p128,0+,high_grass,vegetation,25537,15789,9649,61.82793593609273,37.78439127540432
2023-03-03_garching_2__0149_1677850634360288620_vls128.bin,2023-03-03_garching_2,p64,0-25,undefined,other,0,0,0,,
2023-03-03_garching_2__0149_1677850634360288620_vls128.bin,2023-03-03_garching_2,p64,0-25,ego_vehicle,other,342,328,14,95.90643274853801,4.093567251461988
2023-03-03_garching_2__0149_1677850634360288620_vls128.bin,2023-03-03_garching_2,p64,0-25,forest,vegetation,54341,54111,173,99.57674683940303,0.31835998601424337
2023-03-03_garching_2__0149_1677850634360288620_vls128.bin,2023-03-03_garching_2,p64,0-25,bush,vegetation,8051,7995,54,99.30443423177245,0.670724133647994
2023-03-03_garching_2__0149_1677850634360288620_vls128.bin,2023-03-03_garching_2,p64,0-25,gravel,natural_ground,2796,2796,2796,100.0,100.0
2023-03-03_garching_2__0149_1677850634360288620_vls128.bin,2023-03-03_garching_2,p64,0-25,tree_crown,vegetation,28266,28225,39,99.85494940918417,0.13797495223943962
2023-03-03_garching_2__0149_1677850634360288620_vls128.bin,2023-03-03_garching_2,p64,0-25,tree_trunk,vegetation,7587,7370,82,97.13984447080533,1.080796098589693
2023-03-03_garching_2__0149_1677850634360288620_vls128.bin,2023-03-03_garching_2,p64,0-25,low_grass,natural_ground,33573,31430,31430,93.61689452834122,93.61689452834122
2023-03-03_garching_2__0149_1677850634360288620_vls128.bin,2023-03-03_garching_2,p64,0-25,high_grass,vegetation,6584,5670,788,86.11786148238153,11.968408262454435
2023-03-03_garching_2__0149_1677850634360288620_vls128.bin,2023-03-03_garching_2,p64,25-50,undefined,other,2,1,1,50.0,50.0
2023-03-03_garching_2__0149_1677850634360288620_vls128.bin,2023-03-03_garching_2,p64,25-50,ego_vehicle,other,0,0,0,,
2023-03-03_garching_2__0149_1677850634360288620_vls128.bin,2023-03-03_garching_2,p64,25-50,forest,vegetation,17095,16847,138,98.54928341620356,0.8072535829189822
2023-03-03_garching_2__0149_1677850634360288620_vls128.bin,2023-03-03_garching_2,p64,25-50,bush,vegetation,1043,1043,0,100.0,0.0
2023-03-03_garching_2__0149_1677850634360288620_vls128.bin,2023-03-03_garching_2,p64,25-50,gravel,natural_ground,1392,1391,1391,99.92816091954023,99.92816091954023
2023-03-03_garching_2__0149_1677850634360288620_vls128.bin,2023-03-03_garching_2,p64,25-50,tree_crown,vegetation,9268,9176,78,99.00733707380233,0.8416055243849806
2023-03-03_garching_2__0149_1677850634360288620_vls128.bin,2023-03-03_garching_2,p64,25-50,tree_trunk,vegetation,6236,5809,67,93.15266196279667,1.074406670942912
2023-03-03_garching_2__0149_1677850634360288620_vls128.bin,2023-03-03_garching_2,p64,25-50,low_grass,natural_ground,18335,17497,17497,95.42950640850832,95.42950640850832
2023-03-03_garching_2__0149_1677850634360288620_vls128.bin,2023-03-03_garching_2,p64,25-50,high_grass,vegetation,2832,2432,359,85.87570621468926,12.676553672316384
2023-03-03_garching_2__0149_1677850634360288620_vls128.bin,2023-03-03_garching_2,p64,50-100,undefined,other,0,0,0,,
2023-03-03_garching_2__0149_1677850634360288620_vls128.bin,2023-03-03_garching_2,p64,50-100,ego_vehicle,other,0,0,0,,
2023-03-03_garching_2__0149_1677850634360288620_vls128.bin,2023-03-03_garching_2,p64,50-100,forest,vegetation,6007,5959,17,99.20093224571333,0.2830031629765274
2023-03-03_garching_2__0149_1677850634360288620_vls128.bin,2023-03-03_garching_2,p64,50-100,bush,vegetation,633,632,0,99.84202211690364,0.0
2023-03-03_garching_2__0149_1677850634360288620_vls128.bin,2023-03-03_garching_2,p64,50-100,gravel,natural_ground,157,157,157,100.0,100.0
2023-03-03_garching_2__0149_1677850634360288620_vls128.bin,2023-03-03_garching_2,p64,50-100,tree_crown,vegetation,1688,1675,8,99.22985781990522,0.47393364928909953
2023-03-03_garching_2__0149_1677850634360288620_vls128.bin,2023-03-03_garching_2,p64,50-100,tree_trunk,vegetation,685,606,6,88.46715328467154,0.8759124087591241
2023-03-03_garching_2__0149_1677850634360288620_vls128.bin,2023-03-03_garching_2,p64,50-100,low_grass,natural_ground,1125,834,834,74.13333333333334,74.13333333333334
2023-03-03_garching_2__0149_1677850634360288620_vls128.bin,2023-03-03_garching_2,p64,50-100,high_grass,vegetation,142,136,3,95.77464788732394,2.112676056338028
2023-03-03_garching_2__0149_1677850634360288620_vls128.bin,2023-03-03_garching_2,p64,100-150,undefined,other,3,1,0,33.333333333333336,0.0
2023-03-03_garching_2__0149_1677850634360288620_vls128.bin,2023-03-03_garching_2,p64,100-150,ego_vehicle,other,0,0,0,,
2023-03-03_garching_2__0149_1677850634360288620_vls128.bin,2023-03-03_garching_2,p64,100-150,forest,vegetation,568,568,0,100.0,0.0
2023-03-03_garching_2__0149_1677850634360288620_vls128.bin,2023-03-03_garching_2,p64,100-150,bush,vegetation,104,94,10,90.38461538461539,9.615384615384615
2023-03-03_garching_2__0149_1677850634360288620_vls128.bin,2023-03-03_garching_2,p64,100-150,gravel,natural_ground,0,0,0,,
2023-03-03_garching_2__0149_1677850634360288620_vls128.bin,2023-03-03_garching_2,p64,100-150,tree_crown,vegetation,67,67,0,100.0,0.0
2023-03-03_garching_2__0149_1677850634360288620_vls128.bin,2023-03-03_garching_2,p64,100-150,tree_trunk,vegetation,0,0,0,,
2023-03-03_garching_2__0149_1677850634360288620_vls128.bin,2023-03-03_garching_2,p64,100-150,low_grass,natural_ground,80,55,55,68.75,68.75
2023-03-03_garching_2__0149_1677850634360288620_vls128.bin,2023-03-03_garching_2,p64,100-150,high_grass,vegetation,13,13,0,100.0,0.0
2023-03-03_garching_2__0149_1677850634360288620_vls128.bin,2023-03-03_garching_2,p64,150+,undefined,other,0,0,0,,
2023-03-03_garching_2__0149_1677850634360288620_vls128.bin,2023-03-03_garching_2,p64,150+,ego_vehicle,other,0,0,0,,
2023-03-03_garching_2__0149_1677850634360288620_vls128.bin,2023-03-03_garching_2,p64,150+,forest,vegetation,14,14,0,100.0,0.0
2023-03-03_garching_2__0149_1677850634360288620_vls128.bin,2023-03-03_garching_2,p64,150+,bush,vegetation,10,10,0,100.0,0.0
2023-03-03_garching_2__0149_1677850634360288620_vls128.bin,2023-03-03_garching_2,p64,150+,gravel,natural_ground,0,0,0,,
2023-03-03_garching_2__0149_1677850634360288620_vls128.bin,2023-03-03_garching_2,p64,150+,tree_crown,vegetation,1,1,0,100.0,0.0
2023-03-03_garching_2__0149_1677850634360288620_vls128.bin,2023-03-03_garching_2,p64,150+,tree_trunk,vegetation,0,0,0,,
2023-03-03_garching_2__0149_1677850634360288620_vls128.bin,2023-03-03_garching_2,p64,150+,low_grass,natural_ground,0,0,0,,
2023-03-03_garching_2__0149_1677850634360288620_vls128.bin,2023-03-03_garching_2,p64,150+,high_grass,vegetation,0,0,0,,
2023-03-03_garching_2__0149_1677850634360288620_vls128.bin,2023-03-03_garching_2,p64,0+,undefined,other,5,2,1,40.0,20.0
2023-03-03_garching_2__0149_1677850634360288620_vls128.bin,2023-03-03_garching_2,p64,0+,ego_vehicle,other,342,328,14,95.90643274853801,4.093567251461988
2023-03-03_garching_2__0149_1677850634360288620_vls128.bin,2023-03-03_garching_2,p64,0+,forest,vegetation,78025,77499,328,99.32585709708427,0.42037808394745274
2023-03-03_garching_2__0149_1677850634360288620_vls128.bin,2023-03-03_garching_2,p64,0+,bush,vegetation,9841,9774,64,99.31917488060157,0.6503404125596992
2023-03-03_garching_2__0149_1677850634360288620_vls128.bin,2023-03-03_garching_2,p64,0+,gravel,natural_ground,4345,4344,4344,99.97698504027618,99.97698504027618
2023-03-03_garching_2__0149_1677850634360288620_vls128.bin,2023-03-03_garching_2,p64,0+,tree_crown,vegetation,39290,39144,125,99.6284041740901,0.31814711122423006
2023-03-03_garching_2__0149_1677850634360288620_vls128.bin,2023-03-03_garching_2,p64,0+,tree_trunk,vegetation,14508,13785,155,95.01654259718777,1.0683760683760684
2023-03-03_garching_2__0149_1677850634360288620_vls128.bin,2023-03-03_garching_2,p64,0+,low_grass,natural_ground,53113,49816,49816,93.79248018375915,93.79248018375915
2023-03-03_garching_2__0149_1677850634360288620_vls128.bin,2023-03-03_garching_2,p64,0+,high_grass,vegetation,9571,8251,1150,86.20833768676209,12.015463378957266
2023-03-03_garching_2__0149_1677850634360288620_vls128.bin,2023-03-03_garching_2,p64repeat,0-25,undefined,other,0,0,0,,
2023-03-03_garching_2__0149_1677850634360288620_vls128.bin,2023-03-03_garching_2,p64repeat,0-25,ego_vehicle,other,342,328,14,95.90643274853801,4.093567251461988
2023-03-03_garching_2__0149_1677850634360288620_vls128.bin,2023-03-03_garching_2,p64repeat,0-25,forest,vegetation,54341,54111,173,99.57674683940303,0.31835998601424337
2023-03-03_garching_2__0149_1677850634360288620_vls128.bin,2023-03-03_garching_2,p64repeat,0-25,bush,vegetation,8051,7995,54,99.30443423177245,0.670724133647994
2023-03-03_garching_2__0149_1677850634360288620_vls128.bin,2023-03-03_garching_2,p64repeat,0-25,gravel,natural_ground,2796,2796,2796,100.0,100.0
2023-03-03_garching_2__0149_1677850634360288620_vls128.bin,2023-03-03_garching_2,p64repeat,0-25,tree_crown,vegetation,28266,28225,39,99.85494940918417,0.13797495223943962
2023-03-03_garching_2__0149_1677850634360288620_vls128.bin,2023-03-03_garching_2,p64repeat,0-25,tree_trunk,vegetation,7587,7370,82,97.13984447080533,1.080796098589693
2023-03-03_garching_2__0149_1677850634360288620_vls128.bin,2023-03-03_garching_2,p64repeat,0-25,low_grass,natural_ground,33573,31430,31430,93.61689452834122,93.61689452834122
2023-03-03_garching_2__0149_1677850634360288620_vls128.bin,2023-03-03_garching_2,p64repeat,0-25,high_grass,vegetation,6584,5670,788,86.11786148238153,11.968408262454435
2023-03-03_garching_2__0149_1677850634360288620_vls128.bin,2023-03-03_garching_2,p64repeat,25-50,undefined,other,2,1,1,50.0,50.0
2023-03-03_garching_2__0149_1677850634360288620_vls128.bin,2023-03-03_garching_2,p64repeat,25-50,ego_vehicle,other,0,0,0,,
2023-03-03_garching_2__0149_1677850634360288620_vls128.bin,2023-03-03_garching_2,p64repeat,25-50,forest,vegetation,17095,16847,138,98.54928341620356,0.8072535829189822
2023-03-03_garching_2__0149_1677850634360288620_vls128.bin,2023-03-03_garching_2,p64repeat,25-50,bush,vegetation,1043,1043,0,100.0,0.0
2023-03-03_garching_2__0149_1677850634360288620_vls128.bin,2023-03-03_garching_2,p64repeat,25-50,gravel,natural_ground,1392,1391,1391,99.92816091954023,99.92816091954023
2023-03-03_garching_2__0149_1677850634360288620_vls128.bin,2023-03-03_garching_2,p64repeat,25-50,tree_crown,vegetation,9268,9176,78,99.00733707380233,0.8416055243849806
2023-03-03_garching_2__0149_1677850634360288620_vls128.bin,2023-03-03_garching_2,p64repeat,25-50,tree_trunk,vegetation,6236,5809,67,93.15266196279667,1.074406670942912
2023-03-03_garching_2__0149_1677850634360288620_vls128.bin,2023-03-03_garching_2,p64repeat,25-50,low_grass,natural_ground,18335,17497,17497,95.42950640850832,95.42950640850832
2023-03-03_garching_2__0149_1677850634360288620_vls128.bin,2023-03-03_garching_2,p64repeat,25-50,high_grass,vegetation,2832,2432,359,85.87570621468926,12.676553672316384
2023-03-03_garching_2__0149_1677850634360288620_vls128.bin,2023-03-03_garching_2,p64repeat,50-100,undefined,other,0,0,0,,
2023-03-03_garching_2__0149_1677850634360288620_vls128.bin,2023-03-03_garching_2,p64repeat,50-100,ego_vehicle,other,0,0,0,,
2023-03-03_garching_2__0149_1677850634360288620_vls128.bin,2023-03-03_garching_2,p64repeat,50-100,forest,vegetation,6007,5959,17,99.20093224571333,0.2830031629765274
2023-03-03_garching_2__0149_1677850634360288620_vls128.bin,2023-03-03_garching_2,p64repeat,50-100,bush,vegetation,633,632,0,99.84202211690364,0.0
2023-03-03_garching_2__0149_1677850634360288620_vls128.bin,2023-03-03_garching_2,p64repeat,50-100,gravel,natural_ground,157,157,157,100.0,100.0
2023-03-03_garching_2__0149_1677850634360288620_vls128.bin,2023-03-03_garching_2,p64repeat,50-100,tree_crown,vegetation,1688,1675,8,99.22985781990522,0.47393364928909953
2023-03-03_garching_2__0149_1677850634360288620_vls128.bin,2023-03-03_garching_2,p64repeat,50-100,tree_trunk,vegetation,685,606,6,88.46715328467154,0.8759124087591241
2023-03-03_garching_2__0149_1677850634360288620_vls128.bin,2023-03-03_garching_2,p64repeat,50-100,low_grass,natural_ground,1125,834,834,74.13333333333334,74.13333333333334
2023-03-03_garching_2__0149_1677850634360288620_vls128.bin,2023-03-03_garching_2,p64repeat,50-100,high_grass,vegetation,142,136,3,95.77464788732394,2.112676056338028
2023-03-03_garching_2__0149_1677850634360288620_vls128.bin,2023-03-03_garching_2,p64repeat,100-150,undefined,other,3,1,0,33.333333333333336,0.0
2023-03-03_garching_2__0149_1677850634360288620_vls128.bin,2023-03-03_garching_2,p64repeat,100-150,ego_vehicle,other,0,0,0,,
2023-03-03_garching_2__0149_1677850634360288620_vls128.bin,2023-03-03_garching_2,p64repeat,100-150,forest,vegetation,568,568,0,100.0,0.0
2023-03-03_garching_2__0149_1677850634360288620_vls128.bin,2023-03-03_garching_2,p64repeat,100-150,bush,vegetation,104,94,10,90.38461538461539,9.615384615384615
2023-03-03_garching_2__0149_1677850634360288620_vls128.bin,2023-03-03_garching_2,p64repeat,100-150,gravel,natural_ground,0,0,0,,
2023-03-03_garching_2__0149_1677850634360288620_vls128.bin,2023-03-03_garching_2,p64repeat,100-150,tree_crown,vegetation,67,67,0,100.0,0.0
2023-03-03_garching_2__0149_1677850634360288620_vls128.bin,2023-03-03_garching_2,p64repeat,100-150,tree_trunk,vegetation,0,0,0,,
2023-03-03_garching_2__0149_1677850634360288620_vls128.bin,2023-03-03_garching_2,p64repeat,100-150,low_grass,natural_ground,80,55,55,68.75,68.75
2023-03-03_garching_2__0149_1677850634360288620_vls128.bin,2023-03-03_garching_2,p64repeat,100-150,high_grass,vegetation,13,13,0,100.0,0.0
2023-03-03_garching_2__0149_1677850634360288620_vls128.bin,2023-03-03_garching_2,p64repeat,150+,undefined,other,0,0,0,,
2023-03-03_garching_2__0149_1677850634360288620_vls128.bin,2023-03-03_garching_2,p64repeat,150+,ego_vehicle,other,0,0,0,,
2023-03-03_garching_2__0149_1677850634360288620_vls128.bin,2023-03-03_garching_2,p64repeat,150+,forest,vegetation,14,14,0,100.0,0.0
2023-03-03_garching_2__0149_1677850634360288620_vls128.bin,2023-03-03_garching_2,p64repeat,150+,bush,vegetation,10,10,0,100.0,0.0
2023-03-03_garching_2__0149_1677850634360288620_vls128.bin,2023-03-03_garching_2,p64repeat,150+,gravel,natural_ground,0,0,0,,
2023-03-03_garching_2__0149_1677850634360288620_vls128.bin,2023-03-03_garching_2,p64repeat,150+,tree_crown,vegetation,1,1,0,100.0,0.0
2023-03-03_garching_2__0149_1677850634360288620_vls128.bin,2023-03-03_garching_2,p64repeat,150+,tree_trunk,vegetation,0,0,0,,
2023-03-03_garching_2__0149_1677850634360288620_vls128.bin,2023-03-03_garching_2,p64repeat,150+,low_grass,natural_ground,0,0,0,,
2023-03-03_garching_2__0149_1677850634360288620_vls128.bin,2023-03-03_garching_2,p64repeat,150+,high_grass,vegetation,0,0,0,,
2023-03-03_garching_2__0149_1677850634360288620_vls128.bin,2023-03-03_garching_2,p64repeat,0+,undefined,other,5,2,1,40.0,20.0
2023-03-03_garching_2__0149_1677850634360288620_vls128.bin,2023-03-03_garching_2,p64repeat,0+,ego_vehicle,other,342,328,14,95.90643274853801,4.093567251461988
2023-03-03_garching_2__0149_1677850634360288620_vls128.bin,2023-03-03_garching_2,p64repeat,0+,forest,vegetation,78025,77499,328,99.32585709708427,0.42037808394745274
2023-03-03_garching_2__0149_1677850634360288620_vls128.bin,2023-03-03_garching_2,p64repeat,0+,bush,vegetation,9841,9774,64,99.31917488060157,0.6503404125596992
2023-03-03_garching_2__0149_1677850634360288620_vls128.bin,2023-03-03_garching_2,p64repeat,0+,gravel,natural_ground,4345,4344,4344,99.97698504027618,99.97698504027618
2023-03-03_garching_2__0149_1677850634360288620_vls128.bin,2023-03-03_garching_2,p64repeat,0+,tree_crown,vegetation,39290,39144,125,99.6284041740901,0.31814711122423006
2023-03-03_garching_2__0149_1677850634360288620_vls128.bin,2023-03-03_garching_2,p64repeat,0+,tree_trunk,vegetation,14508,13785,155,95.01654259718777,1.0683760683760684
2023-03-03_garching_2__0149_1677850634360288620_vls128.bin,2023-03-03_garching_2,p64repeat,0+,low_grass,natural_ground,53113,49816,49816,93.79248018375915,93.79248018375915
2023-03-03_garching_2__0149_1677850634360288620_vls128.bin,2023-03-03_garching_2,p64repeat,0+,high_grass,vegetation,9571,8251,1150,86.20833768676209,12.015463378957266
2023-03-03_garching_2__0149_1677850634360288620_vls128.bin,2023-03-03_garching_2,p128,0-25,undefined,other,0,0,0,,
2023-03-03_garching_2__0149_1677850634360288620_vls128.bin,2023-03-03_garching_2,p128,0-25,ego_vehicle,other,342,342,0,100.0,0.0
2023-03-03_garching_2__0149_1677850634360288620_vls128.bin,2023-03-03_garching_2,p128,0-25,forest,vegetation,54341,54224,112,99.78469295743545,0.20610588689939457
2023-03-03_garching_2__0149_1677850634360288620_vls128.bin,2023-03-03_garching_2,p128,0-25,bush,vegetation,8051,8007,44,99.45348403924979,0.5465159607502174
2023-03-03_garching_2__0149_1677850634360288620_vls128.bin,2023-03-03_garching_2,p128,0-25,gravel,natural_ground,2796,2796,2796,100.0,100.0
2023-03-03_garching_2__0149_1677850634360288620_vls128.bin,2023-03-03_garching_2,p128,0-25,tree_crown,vegetation,28266,28225,39,99.85494940918417,0.13797495223943962
2023-03-03_garching_2__0149_1677850634360288620_vls128.bin,2023-03-03_garching_2,p128,0-25,tree_trunk,vegetation,7587,7459,66,98.31290365098194,0.8699090549624358
2023-03-03_garching_2__0149_1677850634360288620_vls128.bin,2023-03-03_garching_2,p128,0-25,low_grass,natural_ground,33573,30896,30896,92.02633068239359,92.02633068239359
2023-03-03_garching_2__0149_1677850634360288620_vls128.bin,2023-03-03_garching_2,p128,0-25,high_grass,vegetation,6584,5783,677,87.83414337788578,10.282503037667071
2023-03-03_garching_2__0149_1677850634360288620_vls128.bin,2023-03-03_garching_2,p128,25-50,undefined,other,2,1,1,50.0,50.0
2023-03-03_garching_2__0149_1677850634360288620_vls128.bin,2023-03-03_garching_2,p128,25-50,ego_vehicle,other,0,0,0,,
2023-03-03_garching_2__0149_1677850634360288620_vls128.bin,2023-03-03_garching_2,p128,25-50,forest,vegetation,17095,16943,115,99.11085112606025,0.6727113190991518
2023-03-03_garching_2__0149_1677850634360288620_vls128.bin,2023-03-03_garching_2,p128,25-50,bush,vegetation,1043,1043,0,100.0,0.0
2023-03-03_garching_2__0149_1677850634360288620_vls128.bin,2023-03-03_garching_2,p128,25-50,gravel,natural_ground,1392,1391,1391,99.92816091954023,99.92816091954023
2023-03-03_garching_2__0149_1677850634360288620_vls128.bin,2023-03-03_garching_2,p128,25-50,tree_crown,vegetation,9268,9263,5,99.94605092792403,0.053949072075960294
2023-03-03_garching_2__0149_1677850634360288620_vls128.bin,2023-03-03_garching_2,p128,25-50,tree_trunk,vegetation,6236,6164,62,98.84541372674792,0.9942270686337396
2023-03-03_garching_2__0149_1677850634360288620_vls128.bin,2023-03-03_garching_2,p128,25-50,low_grass,natural_ground,18335,17356,17356,94.66048541041724,94.66048541041724
2023-03-03_garching_2__0149_1677850634360288620_vls128.bin,2023-03-03_garching_2,p128,25-50,high_grass,vegetation,2832,2510,305,88.62994350282486,10.769774011299434
2023-03-03_garching_2__0149_1677850634360288620_vls128.bin,2023-03-03_garching_2,p128,50-100,undefined,other,0,0,0,,
2023-03-03_garching_2__0149_1677850634360288620_vls128.bin,2023-03-03_garching_2,p128,50-100,ego_vehicle,other,0,0,0,,
2023-03-03_garching_2__0149_1677850634360288620_vls128.bin,2023-03-03_garching_2,p128,50-100,forest,vegetation,6007,5970,16,99.38405193940403,0.2663559180955552
2023-03-03_garching_2__0149_1677850634360288620_vls128.bin,2023-03-03_garching_2,p128,50-100,bush,vegetation,633,633,0,100.0,0.0
2023-03-03_garching_2__0149_1677850634360288620_vls128.bin,2023-03-03_garching_2,p128,50-100,gravel,natural_ground,157,157,157,100.0,100.0
2023-03-03_garching_2__0149_1677850634360288620_vls128.bin,2023-03-03_garching_2,p128,50-100,tree_crown,vegetation,1688,1681,2,99.58530805687204,0.11848341232227488
2023-03-03_garching_2__0149_1677850634360288620_vls128.bin,2023-03-03_garching_2,p128,50-100,tree_trunk,vegetation,685,595,6,86.86131386861314,0.8759124087591241
2023-03-03_garching_2__0149_1677850634360288620_vls128.bin,2023-03-03_garching_2,p128,50-100,low_grass,natural_ground,1125,842,842,74.84444444444445,74.84444444444445
2023-03-03_garching_2__0149_1677850634360288620_vls128.bin,2023-03-03_garching_2,p128,50-100,high_grass,vegetation,142,140,2,98.59154929577464,1.408450704225352
2023-03-03_garching_2__0149_1677850634360288620_vls128.bin,2023-03-03_garching_2,p128,100-150,undefined,other,3,2,0,66.66666666666667,0.0
2023-03-03_garching_2__0149_1677850634360288620_vls128.bin,2023-03-03_garching_2,p128,100-150,ego_vehicle,other,0,0,0,,
2023-03-03_garching_2__0149_1677850634360288620_vls128.bin,2023-03-03_garching_2,p128,100-150,forest,vegetation,568,568,0,100.0,0.0
2023-03-03_garching_2__0149_1677850634360288620_vls128.bin,2023-03-03_garching_2,p128,100-150,bush,vegetation,104,96,8,92.3076923076923,7.6923076923076925
2023-03-03_garching_2__0149_1677850634360288620_vls128.bin,2023-03-03_garching_2,p128,100-150,gravel,natural_ground,0,0,0,,
2023-03-03_garching_2__0149_1677850634360288620_vls128.bin,2023-03-03_garching_2,p128,100-150,tree_crown,vegetation,67,67,0,100.0,0.0
2023-03-03_garching_2__0149_1677850634360288620_vls128.bin,2023-03-03_garching_2,p128,100-150,tree_trunk,vegetation,0,0,0,,
2023-03-03_garching_2__0149_1677850634360288620_vls128.bin,2023-03-03_garching_2,p128,100-150,low_grass,natural_ground,80,55,55,68.75,68.75
2023-03-03_garching_2__0149_1677850634360288620_vls128.bin,2023-03-03_garching_2,p128,100-150,high_grass,vegetation,13,13,0,100.0,0.0
2023-03-03_garching_2__0149_1677850634360288620_vls128.bin,2023-03-03_garching_2,p128,150+,undefined,other,0,0,0,,
2023-03-03_garching_2__0149_1677850634360288620_vls128.bin,2023-03-03_garching_2,p128,150+,ego_vehicle,other,0,0,0,,
2023-03-03_garching_2__0149_1677850634360288620_vls128.bin,2023-03-03_garching_2,p128,150+,forest,vegetation,14,14,0,100.0,0.0
2023-03-03_garching_2__0149_1677850634360288620_vls128.bin,2023-03-03_garching_2,p128,150+,bush,vegetation,10,10,0,100.0,0.0
2023-03-03_garching_2__0149_1677850634360288620_vls128.bin,2023-03-03_garching_2,p128,150+,gravel,natural_ground,0,0,0,,
2023-03-03_garching_2__0149_1677850634360288620_vls128.bin,2023-03-03_garching_2,p128,150+,tree_crown,vegetation,1,1,0,100.0,0.0
2023-03-03_garching_2__0149_1677850634360288620_vls128.bin,2023-03-03_garching_2,p128,150+,tree_trunk,vegetation,0,0,0,,
2023-03-03_garching_2__0149_1677850634360288620_vls128.bin,2023-03-03_garching_2,p128,150+,low_grass,natural_ground,0,0,0,,
2023-03-03_garching_2__0149_1677850634360288620_vls128.bin,2023-03-03_garching_2,p128,150+,high_grass,vegetation,0,0,0,,
2023-03-03_garching_2__0149_1677850634360288620_vls128.bin,2023-03-03_garching_2,p128,0+,undefined,other,5,3,1,60.0,20.0
2023-03-03_garching_2__0149_1677850634360288620_vls128.bin,2023-03-03_garching_2,p128,0+,ego_vehicle,other,342,342,0,100.0,0.0
2023-03-03_garching_2__0149_1677850634360288620_vls128.bin,2023-03-03_garching_2,p128,0+,forest,vegetation,78025,77719,243,99.60781800704902,0.31143864146107014
2023-03-03_garching_2__0149_1677850634360288620_vls128.bin,2023-03-03_garching_2,p128,0+,bush,vegetation,9841,9789,52,99.47159841479524,0.5284015852047557
2023-03-03_garching_2__0149_1677850634360288620_vls128.bin,2023-03-03_garching_2,p128,0+,gravel,natural_ground,4345,4344,4344,99.97698504027618,99.97698504027618
2023-03-03_garching_2__0149_1677850634360288620_vls128.bin,2023-03-03_garching_2,p128,0+,tree_crown,vegetation,39290,39237,46,99.86510562484092,0.11707813693051668
2023-03-03_garching_2__0149_1677850634360288620_vls128.bin,2023-03-03_garching_2,p128,0+,tree_trunk,vegetation,14508,14218,134,98.00110283981252,0.9236283429831816
2023-03-03_garching_2__0149_1677850634360288620_vls128.bin,2023-03-03_garching_2,p128,0+,low_grass,natural_ground,53113,49149,49149,92.53666710598159,92.53666710598159
2023-03-03_garching_2__0149_1677850634360288620_vls128.bin,2023-03-03_garching_2,p128,0+,high_grass,vegetation,9571,8446,984,88.24574234667224,10.281057360777348
2023-05-15_neubiberg_rain__0647_1684157923512800092_vls128.bin,2023-05-15_neubiberg_rain,p64,0-25,undefined,other,63,1,28,1.5873015873015872,44.44444444444444
2023-05-15_neubiberg_rain__0647_1684157923512800092_vls128.bin,2023-05-15_neubiberg_rain,p64,0-25,cobble,artificial_ground,1835,1805,1835,98.36512261580381,100.0
2023-05-15_neubiberg_rain__0647_1684157923512800092_vls128.bin,2023-05-15_neubiberg_rain,p64,0-25,obstacle,obstacle,19,0,0,0.0,0.0
2023-05-15_neubiberg_rain__0647_1684157923512800092_vls128.bin,2023-05-15_neubiberg_rain,p64,0-25,street_light,obstacle,221,153,0,69.23076923076923,0.0
2023-05-15_neubiberg_rain__0647_1684157923512800092_vls128.bin,2023-05-15_neubiberg_rain,p64,0-25,ego_vehicle,other,351,128,223,36.46723646723647,63.53276353276353
2023-05-15_neubiberg_rain__0647_1684157923512800092_vls128.bin,2023-05-15_neubiberg_rain,p64,0-25,road_marking,artificial_ground,257,257,257,100.0,100.0
2023-05-15_neubiberg_rain__0647_1684157923512800092_vls128.bin,2023-05-15_neubiberg_rain,p64,0-25,car,vehicle,14550,14390,61,98.90034364261169,0.41924398625429554
2023-05-15_neubiberg_rain__0647_1684157923512800092_vls128.bin,2023-05-15_neubiberg_rain,p64,0-25,bicycle,vehicle,0,0,0,,
2023-05-15_neubiberg_rain__0647_1684157923512800092_vls128.bin,2023-05-15_neubiberg_rain,p64,0-25,person,human,313,197,5,62.93929712460064,1.597444089456869
2023-05-15_neubiberg_rain__0647_1684157923512800092_vls128.bin,2023-05-15_neubiberg_rain,p64,0-25,bus,vehicle,10572,9226,35,87.26825576995839,0.33106318577374194
2023-05-15_neubiberg_rain__0647_1684157923512800092_vls128.bin,2023-05-15_neubiberg_rain,p64,0-25,forest,vegetation,0,0,0,,
2023-05-15_neubiberg_rain__0647_1684157923512800092_vls128.bin,2023-05-15_neubiberg_rain,p64,0-25,bush,vegetation,0,0,0,,
2023-05-15_neubiberg_rain__0647_1684157923512800092_vls128.bin,2023-05-15_neubiberg_rain,p64,0-25,traffic_light,obstacle,122,102,0,83.60655737704919,0.0
2023-05-15_neubiberg_rain__0647_1684157923512800092_vls128.bin,2023-05-15_neubiberg_rain,p64,0-25,motorcycle,vehicle,0,0,0,,
2023-05-15_neubiberg_rain__0647_1684157923512800092_vls128.bin,2023-05-15_neubiberg_rain,p64,0-25,sidewalk,artificial_ground,2232,2206,2217,98.83512544802868,99.32795698924731
2023-05-15_neubiberg_rain__0647_1684157923512800092_vls128.bin,2023-05-15_neubiberg_rain,p64,0-25,curb,artificial_ground,1666,1308,1581,78.51140456182473,94.89795918367346
2023-05-15_neubiberg_rain__0647_1684157923512800092_vls128.bin,2023-05-15_neubiberg_rain,p64,0-25,asphalt,artificial_ground,13506,13260,13460,98.17858729453576,99.65941063231156
2023-05-15_neubiberg_rain__0647_1684157923512800092_vls128.bin,2023-05-15_neubiberg_rain,p64,0-25,boom_barrier,obstacle,0,0,0,,
2023-05-15_neubiberg_rain__0647_1684157923512800092_vls128.bin,2023-05-15_neubiberg_rain,p64,0-25,tree_crown,vegetation,11249,11150,1,99.11992177082408,0.008889679082585119
2023-05-15_neubiberg_rain__0647_1684157923512800092_vls128.bin,2023-05-15_neubiberg_rain,p64,0-25,tree_trunk,vegetation,5850,5721,10,97.7948717948718,0.17094017094017094
2023-05-15_neubiberg_rain__0647_1684157923512800092_vls128.bin,2023-05-15_neubiberg_rain,p64,0-25,soil,natural_ground,0,0,0,,
2023-05-15_neubiberg_rain__0647_1684157923512800092_vls128.bin,2023-05-15_neubiberg_rain,p64,0-25,rider,human,0,0,0,,
2023-05-15_neubiberg_rain__0647_1684157923512800092_vls128.bin,2023-05-15_neubiberg_rain,p64,0-25,truck,vehicle,0,0,0,,
2023-05-15_neubiberg_rain__0647_1684157923512800092_vls128.bin,2023-05-15_neubiberg_rain,p64,0-25,caravan,vehicle,0,0,0,,
2023-05-15_neubiberg_rain__0647_1684157923512800092_vls128.bin,2023-05-15_neubiberg_rain,p64,0-25,building,artificial_structures,986,770,9,78.09330628803245,0.9127789046653144
2023-05-15_neubiberg_rain__0647_1684157923512800092_vls128.bin,2023-05-15_neubiberg_rain,p64,0-25,wall,artificial_structures,0,0,0,,
2023-05-15_neubiberg_rain__0647_1684157923512800092_vls128.bin,2023-05-15_neubiberg_rain,p64,0-25,fence,obstacle,0,0,0,,
2023-05-15_neubiberg_rain__0647_1684157923512800092_vls128.bin,2023-05-15_neubiberg_rain,p64,0-25,guard_rail,obstacle,1366,1012,140,74.08491947291361,10.248901903367496
2023-05-15_neubiberg_rain__0647_1684157923512800092_vls128.bin,2023-05-15_neubiberg_rain,p64,0-25,bridge,artificial_structures,0,0,0,,
2023-05-15_neubiberg_rain__0647_1684157923512800092_vls128.bin,2023-05-15_neubiberg_rain,p64,0-25,pole,obstacle,324,151,2,46.60493827160494,0.6172839506172839
2023-05-15_neubiberg_rain__0647_1684157923512800092_vls128.bin,2023-05-15_neubiberg_rain,p64,0-25,traffic_sign,obstacle,268,253,0,94.40298507462687,0.0
2023-05-15_neubiberg_rain__0647_1684157923512800092_vls128.bin,2023-05-15_neubiberg_rain,p64,0-25,misc_sign,obstacle,275,208,1,75.63636363636364,0.36363636363636365
2023-05-15_neubiberg_rain__0647_1684157923512800092_vls128.bin,2023-05-15_neubiberg_rain,p64,0-25,kick_scooter,vehicle,0,0,0,,
2023-05-15_neubiberg_rain__0647_1684157923512800092_vls128.bin,2023-05-15_neubiberg_rain,p64,0-25,low_grass,natural_ground,1543,1393,1469,90.27867790019442,95.20414776409592
2023-05-15_neubiberg_rain__0647_1684157923512800092_vls128.bin,2023-05-15_neubiberg_rain,p64,0-25,high_grass,vegetation,11967,1030,10927,8.60700259045709,91.30943427759672
2023-05-15_neubiberg_rain__0647_1684157923512800092_vls128.bin,2023-05-15_neubiberg_rain,p64,0-25,heavy_machinery,vehicle,0,0,0,,
2023-05-15_neubiberg_rain__0647_1684157923512800092_vls128.bin,2023-05-15_neubiberg_rain,p64,0-25,container,obstacle,0,0,0,,
2023-05-15_neubiberg_rain__0647_1684157923512800092_vls128.bin,2023-05-15_neubiberg_rain,p64,0-25,hedge,vegetation,0,0,0,,
2023-05-15_neubiberg_rain__0647_1684157923512800092_vls128.bin,2023-05-15_neubiberg_rain,p64,25-50,undefined,other,129,41,81,31.782945736434108,62.7906976744186
2023-05-15_neubiberg_rain__0647_1684157923512800092_vls128.bin,2023-05-15_neubiberg_rain,p64,25-50,cobble,artificial_ground,254,232,254,91.33858267716535,100.0
2023-05-15_neubiberg_rain__0647_1684157923512800092_vls128.bin,2023-05-15_neubiberg_rain,p64,25-50,obstacle,obstacle,3106,490,9,15.775917578879588,0.2897617514488088
2023-05-15_neubiberg_rain__0647_1684157923512800092_vls128.bin,2023-05-15_neubiberg_rain,p64,25-50,street_light,obstacle,427,112,3,26.229508196721312,0.702576112412178
2023-05-15_neubiberg_rain__0647_1684157923512800092_vls128.bin,2023-05-15_neubiberg_rain,p64,25-50,ego_vehicle,other,0,0,0,,
2023-05-15_neubiberg_rain__0647_1684157923512800092_vls128.bin,2023-05-15_neubiberg_rain,p64,25-50,road_marking,artificial_ground,228,222,228,97.36842105263158,100.0
2023-05-15_neubiberg_rain__0647_1684157923512800092_vls128.bin,2023-05-15_neubiberg_rain,p64,25-50,car,vehicle,4057,3849,51,94.87305891052502,1.257086517130885
2023-05-15_neubiberg_rain__0647_1684157923512800092_vls128.bin,2023-05-15_neubiberg_rain,p64,25-50,bicycle,vehicle,138,65,3,47.10144927536232,2.1739130434782608
2023-05-15_neubiberg_rain__0647_1684157923512800092_vls128.bin,2023-05-15_neubiberg_rain,p64,25-50,person,human,327,220,9,67.2782874617737,2.7522935779816513
2023-05-15_neubiberg_rain__0647_1684157923512800092_vls128.bin,2023-05-15_neubiberg_rain,p64,25-50,bus,vehicle,0,0,0,,
2023-05-15_neubiberg_rain__0647_1684157923512800092_vls128.bin,2023-05-15_neubiberg_rain,p64,25-50,forest,vegetation,2259,2030,0,89.86277113767153,0.0
2023-05-15_neubiberg_rain__0647_1684157923512800092_vls128.bin,2023-05-15_neubiberg_rain,p64,25-50,bush,vegetation,0,0,0,,
2023-05-15_neubiberg_rain__0647_1684157923512800092_vls128.bin,2023-05-15_neubiberg_rain,p64,25-50,traffic_light,obstacle,292,253,1,86.64383561643835,0.3424657534246575
2023-05-15_neubiberg_rain__0647_1684157923512800092_vls128.bin,2023-05-15_neubiberg_rain,p64,25-50,motorcycle,vehicle,0,0,0,,
2023-05-15_neubiberg_rain__0647_1684157923512800092_vls128.bin,2023-05-15_neubiberg_rain,p64,25-50,sidewalk,artificial_ground,3308,3158,3248,95.46553808948005,98.18621523579202
2023-05-15_neubiberg_rain__0647_1684157923512800092_vls128.bin,2023-05-15_neubiberg_rain,p64,25-50,curb,artificial_ground,1405,832,1299,59.21708185053381,92.45551601423487
2023-05-15_neubiberg_rain__0647_1684157923512800092_vls128.bin,2023-05-15_neubiberg_rain,p64,25-50,asphalt,artificial_ground,8501,8322,8429,97.89436536878014,99.1530408187272
2023-05-15_neubiberg_rain__0647_1684157923512800092_vls128.bin,2023-05-15_neubiberg_rain,p64,25-50,boom_barrier,obstacle,0,0,0,,
2023-05-15_neubiberg_rain__0647_1684157923512800092_vls128.bin,2023-05-15_neubiberg_rain,p64,25-50,tree_crown,vegetation,19210,19178,25,99.83342009370119,0.1301405517959396
2023-05-15_neubiberg_rain__0647_1684157923512800092_vls128.bin,2023-05-15_neubiberg_rain,p64,25-50,tree_trunk,vegetation,2948,2820,65,95.65807327001357,2.2048846675712346
2023-05-15_neubiberg_rain__0647_1684157923512800092_vls128.bin,2023-05-15_neubiberg_rain,p64,25-50,soil,natural_ground,22,2,22,9.090909090909092,100.0
2023-05-15_neubiberg_rain__0647_1684157923512800092_vls128.bin,2023-05-15_neubiberg_rain,p64,25-50,rider,human,82,0,0,0.0,0.0
2023-05-15_neubiberg_rain__0647_1684157923512800092_vls128.bin,2023-05-15_neubiberg_rain,p64,25-50,truck,vehicle,0,0,0,,
2023-05-15_neubiberg_rain__0647_1684157923512800092_vls128.bin,2023-05-15_neubiberg_rain,p64,25-50,caravan,vehicle,0,0,0,,
2023-05-15_neubiberg_rain__0647_1684157923512800092_vls128.bin,2023-05-15_neubiberg_rain,p64,25-50,building,artificial_structures,15069,14604,74,96.91419470435994,0.4910743911341164
2023-05-15_neubiberg_rain__0647_1684157923512800092_vls128.bin,2023-05-15_neubiberg_rain,p64,25-50,wall,artificial_structures,1108,0,6,0.0,0.5415162454873647
2023-05-15_neubiberg_rain__0647_1684157923512800092_vls128.bin,2023-05-15_neubiberg_rain,p64,25-50,fence,obstacle,563,222,168,39.43161634103019,29.840142095914743
2023-05-15_neubiberg_rain__0647_1684157923512800092_vls128.bin,2023-05-15_neubiberg_rain,p64,25-50,guard_rail,obstacle,188,136,28,72.34042553191489,14.893617021276595
2023-05-15_neubiberg_rain__0647_1684157923512800092_vls128.bin,2023-05-15_neubiberg_rain,p64,25-50,bridge,artificial_structures,103,93,1,90.29126213592232,0.970873786407767
2023-05-15_neubiberg_rain__0647_1684157923512800092_vls128.bin,2023-05-15_neubiberg_rain,p64,25-50,pole,obstacle,427,383,5,89.69555035128806,1.17096018735363
2023-05-15_neubiberg_rain__0647_1684157923512800092_vls128.bin,2023-05-15_neubiberg_rain,p64,25-50,traffic_sign,obstacle,207,206,0,99.51690821256038,0.0
2023-05-15_neubiberg_rain__0647_1684157923512800092_vls128.bin,2023-05-15_neubiberg_rain,p64,25-50,misc_sign,obstacle,293,138,2,47.098976109215016,0.6825938566552902
2023-05-15_neubiberg_rain__0647_1684157923512800092_vls128.bin,2023-05-15_neubiberg_rain,p64,25-50,kick_scooter,vehicle,0,0,0,,
2023-05-15_neubiberg_rain__0647_1684157923512800092_vls128.bin,2023-05-15_neubiberg_rain,p64,25-50,low_grass,natural_ground,11368,11011,11151,96.85960591133005,98.0911330049261
2023-05-15_neubiberg_rain__0647_1684157923512800092_vls128.bin,2023-05-15_neubiberg_rain,p64,25-50,high_grass,vegetation,1596,112,1484,7.017543859649122,92.98245614035088
2023-05-15_neubiberg_rain__0647_1684157923512800092_vls128.bin,2023-05-15_neubiberg_rain,p64,25-50,heavy_machinery,vehicle,0,0,0,,
2023-05-15_neubiberg_rain__0647_1684157923512800092_vls128.bin,2023-05-15_neubiberg_rain,p64,25-50,container,obstacle,0,0,0,,
2023-05-15_neubiberg_rain__0647_1684157923512800092_vls128.bin,2023-05-15_neubiberg_rain,p64,25-50,hedge,vegetation,0,0,0,,
2023-05-15_neubiberg_rain__0647_1684157923512800092_vls128.bin,2023-05-15_neubiberg_rain,p64,50-100,undefined,other,8,2,6,25.0,75.0
2023-05-15_neubiberg_rain__0647_1684157923512800092_vls128.bin,2023-05-15_neubiberg_rain,p64,50-100,cobble,artificial_ground,130,113,123,86.92307692307692,94.61538461538461
2023-05-15_neubiberg_rain__0647_1684157923512800092_vls128.bin,2023-05-15_neubiberg_rain,p64,50-100,obstacle,obstacle,522,179,87,34.2911877394636,16.666666666666668
2023-05-15_neubiberg_rain__0647_1684157923512800092_vls128.bin,2023-05-15_neubiberg_rain,p64,50-100,street_light,obstacle,150,32,0,21.333333333333332,0.0
2023-05-15_neubiberg_rain__0647_1684157923512800092_vls128.bin,2023-05-15_neubiberg_rain,p64,50-100,ego_vehicle,other,0,0,0,,
2023-05-15_neubiberg_rain__0647_1684157923512800092_vls128.bin,2023-05-15_neubiberg_rain,p64,50-100,road_marking,artificial_ground,19,19,19,100.0,100.0
2023-05-15_neubiberg_rain__0647_1684157923512800092_vls128.bin,2023-05-15_neubiberg_rain,p64,50-100,car,vehicle,1326,1187,31,89.51734539969834,2.3378582202111615
2023-05-15_neubiberg_rain__0647_1684157923512800092_vls128.bin,2023-05-15_neubiberg_rain,p64,50-100,bicycle,vehicle,118,10,14,8.474576271186441,11.864406779661017
2023-05-15_neubiberg_rain__0647_1684157923512800092_vls128.bin,2023-05-15_neubiberg_rain,p64,50-100,person,human,213,28,1,13.145539906103286,0.4694835680751174
2023-05-15_neubiberg_rain__0647_1684157923512800092_vls128.bin,2023-05-15_neubiberg_rain,p64,50-100,bus,vehicle,0,0,0,,
2023-05-15_neubiberg_rain__0647_1684157923512800092_vls128.bin,2023-05-15_neubiberg_rain,p64,50-100,forest,vegetation,1961,1788,54,91.17797042325344,2.753697093319735
2023-05-15_neubiberg_rain__0647_1684157923512800092_vls128.bin,2023-05-15_neubiberg_rain,p64,50-100,bush,vegetation,1062,888,160,83.61581920903954,15.065913370998116
2023-05-15_neubiberg_rain__0647_1684157923512800092_vls128.bin,2023-05-15_neubiberg_rain,p64,50-100,traffic_light,obstacle,82,44,0,53.65853658536585,0.0
2023-05-15_neubiberg_rain__0647_1684157923512800092_vls128.bin,2023-05-15_neubiberg_rain,p64,50-100,motorcycle,vehicle,20,0,0,0.0,0.0
2023-05-15_neubiberg_rain__0647_1684157923512800092_vls128.bin,2023-05-15_neubiberg_rain,p64,50-100,sidewalk,artificial_ground,286,231,273,80.76923076923077,95.45454545454545
2023-05-15_neubiberg_rain__0647_1684157923512800092_vls128.bin,2023-05-15_neubiberg_rain,p64,50-100,curb,artificial_ground,173,89,168,51.445086705202314,97.10982658959537
2023-05-15_neubiberg_rain__0647_1684157923512800092_vls128.bin,2023-05-15_neubiberg_rain,p64,50-100,asphalt,artificial_ground,1452,1248,1405,85.9504132231405,96.76308539944904
2023-05-15_neubiberg_rain__0647_1684157923512800092_vls128.bin,2023-05-15_neubiberg_rain,p64,50-100,boom_barrier,obstacle,23,20,3,86.95652173913044,13.043478260869565
2023-05-15_neubiberg_rain__0647_1684157923512800092_vls128.bin,2023-05-15_neubiberg_rain,p64,50-100,tree_crown,vegetation,14860,14735,91,99.15881561238223,0.6123822341857336
2023-05-15_neubiberg_rain__0647_1684157923512800092_vls128.bin,2023-05-15_neubiberg_rain,p64,50-100,tree_trunk,vegetation,1659,1594,56,96.08197709463532,3.3755274261603376
2023-05-15_neubiberg_rain__0647_1684157923512800092_vls128.bin,2023-05-15_neubiberg_rain,p64,50-100,soil,natural_ground,218,32,208,14.678899082568808,95.41284403669725
2023-05-15_neubiberg_rain__0647_1684157923512800092_vls128.bin,2023-05-15_neubiberg_rain,p64,50-100,rider,human,0,0,0,,
2023-05-15_neubiberg_rain__0647_1684157923512800092_vls128.bin,2023-05-15_neubiberg_rain,p64,50-100,truck,vehicle,0,0,0,,
2023-05-15_neubiberg_rain__0647_1684157923512800092_vls128.bin,2023-05-15_neubiberg_rain,p64,50-100,caravan,vehicle,399,5,1,1.2531328320802004,0.2506265664160401
2023-05-15_neubiberg_rain__0647_1684157923512800092_vls128.bin,2023-05-15_neubiberg_rain,p64,50-100,building,artificial_structures,2831,2230,132,78.7707523843165,4.6626633698339806
2023-05-15_neubiberg_rain__0647_1684157923512800092_vls128.bin,2023-05-15_neubiberg_rain,p64,50-100,wall,artificial_structures,1311,90,232,6.864988558352403,17.696414950419527
2023-05-15_neubiberg_rain__0647_1684157923512800092_vls128.bin,2023-05-15_neubiberg_rain,p64,50-100,fence,obstacle,549,132,198,24.043715846994534,36.0655737704918
2023-05-15_neubiberg_rain__0647_1684157923512800092_vls128.bin,2023-05-15_neubiberg_rain,p64,50-100,guard_rail,obstacle,39,4,26,10.256410256410257,66.66666666666667
2023-05-15_neubiberg_rain__0647_1684157923512800092_vls128.bin,2023-05-15_neubiberg_rain,p64,50-100,bridge,artificial_structures,3109,2201,562,70.7944676744934,18.07655194596333
2023-05-15_neubiberg_rain__0647_1684157923512800092_vls128.bin,2023-05-15_neubiberg_rain,p64,50-100,pole,obstacle,89,43,0,48.31460674157304,0.0
2023-05-15_neubiberg_rain__0647_1684157923512800092_vls128.bin,2023-05-15_neubiberg_rain,p64,50-100,traffic_sign,obstacle,52,52,0,100.0,0.0
2023-05-15_neubiberg_rain__0647_1684157923512800092_vls128.bin,2023-05-15_neubiberg_rain,p64,50-100,misc_sign,obstacle,189,154,9,81.48148148148148,4.761904761904762
2023-05-15_neubiberg_rain__0647_1684157923512800092_vls128.bin,2023-05-15_neubiberg_rain,p64,50-100,kick_scooter,vehicle,15,0,0,0.0,0.0
2023-05-15_neubiberg_rain__0647_1684157923512800092_vls128.bin,2023-05-15_neubiberg_rain,p64,50-100,low_grass,natural_ground,6139,5645,5666,91.95308682195797,92.29516207851442
2023-05-15_neubiberg_rain__0647_1684157923512800092_vls128.bin,2023-05-15_neubiberg_rain,p64,50-100,high_grass,vegetation,548,215,314,39.23357664233577,57.2992700729927
2023-05-15_neubiberg_rain__0647_1684157923512800092_vls128.bin,2023-05-15_neubiberg_rain,p64,50-100,heavy_machinery,vehicle,0,0,0,,
2023-05-15_neubiberg_rain__0647_1684157923512800092_vls128.bin,2023-05-15_neubiberg_rain,p64,50-100,container,obstacle,38,0,0,0.0,0.0
2023-05-15_neubiberg_rain__0647_1684157923512800092_vls128.bin,2023-05-15_neubiberg_rain,p64,50-100,hedge,vegetation,211,126,85,59.71563981042654,40.28436018957346
2023-05-15_neubiberg_rain__0647_1684157923512800092_vls128.bin,2023-05-15_neubiberg_rain,p64,100-150,undefined,other,2,0,1,0.0,50.0
2023-05-15_neubiberg_rain__0647_1684157923512800092_vls128.bin,2023-05-15_neubiberg_rain,p64,100-150,cobble,artificial_ground,5,2,5,40.0,100.0
2023-05-15_neubiberg_rain__0647_1684157923512800092_vls128.bin,2023-05-15_neubiberg_rain,p64,100-150,obstacle,obstacle,59,38,0,64.40677966101696,0.0
2023-05-15_neubiberg_rain__0647_1684157923512800092_vls128.bin,2023-05-15_neubiberg_rain,p64,100-150,street_light,obstacle,4,4,0,100.0,0.0
2023-05-15_neubiberg_rain__0647_1684157923512800092_vls128.bin,2023-05-15_neubiberg_rain,p64,100-150,ego_vehicle,other,0,0,0,,
2023-05-15_neubiberg_rain__0647_1684157923512800092_vls128.bin,2023-05-15_neubiberg_rain,p64,100-150,road_marking,artificial_ground,0,0,0,,
2023-05-15_neubiberg_rain__0647_1684157923512800092_vls128.bin,2023-05-15_neubiberg_rain,p64,100-150,car,vehicle,60,19,8,31.666666666666668,13.333333333333334
2023-05-15_neubiberg_rain__0647_1684157923512800092_vls128.bin,2023-05-15_neubiberg_rain,p64,100-150,bicycle,vehicle,0,0,0,,
2023-05-15_neubiberg_rain__0647_1684157923512800092_vls128.bin,2023-05-15_neubiberg_rain,p64,100-150,person,human,0,0,0,,
2023-05-15_neubiberg_rain__0647_1684157923512800092_vls128.bin,2023-05-15_neubiberg_rain,p64,100-150,bus,vehicle,0,0,0,,
2023-05-15_neubiberg_rain__0647_1684157923512800092_vls128.bin,2023-05-15_neubiberg_rain,p64,100-150,forest,vegetation,574,504,70,87.8048780487805,12.195121951219512
2023-05-15_neubiberg_rain__0647_1684157923512800092_vls128.bin,2023-05-15_neubiberg_rain,p64,100-150,bush,vegetation,190,141,9,74.21052631578948,4.7368421052631575
2023-05-15_neubiberg_rain__0647_1684157923512800092_vls128.bin,2023-05-15_neubiberg_rain,p64,100-150,traffic_light,obstacle,0,0,0,,
2023-05-15_neubiberg_rain__0647_1684157923512800092_vls128.bin,2023-05-15_neubiberg_rain,p64,100-150,motorcycle,vehicle,0,0,0,,
2023-05-15_neubiberg_rain__0647_1684157923512800092_vls128.bin,2023-05-15_neubiberg_rain,p64,100-150,sidewalk,artificial_ground,0,0,0,,
2023-05-15_neubiberg_rain__0647_1684157923512800092_vls128.bin,2023-05-15_neubiberg_rain,p64,100-150,curb,artificial_ground,0,0,0,,
2023-05-15_neubiberg_rain__0647_1684157923512800092_vls128.bin,2023-05-15_neubiberg_rain,p64,100-150,asphalt,artificial_ground,38,9,27,23.68421052631579,71.05263157894737
2023-05-15_neubiberg_rain__0647_1684157923512800092_vls128.bin,2023-05-15_neubiberg_rain,p64,100-150,boom_barrier,obstacle,0,0,0,,
2023-05-15_neubiberg_rain__0647_1684157923512800092_vls128.bin,2023-05-15_neubiberg_rain,p64,100-150,tree_crown,vegetation,754,745,8,98.80636604774536,1.0610079575596818
2023-05-15_neubiberg_rain__0647_1684157923512800092_vls128.bin,2023-05-15_neubiberg_rain,p64,100-150,tree_trunk,vegetation,291,282,0,96.90721649484536,0.0
2023-05-15_neubiberg_rain__0647_1684157923512800092_vls128.bin,2023-05-15_neubiberg_rain,p64,100-150,soil,natural_ground,0,0,0,,
2023-05-15_neubiberg_rain__0647_1684157923512800092_vls128.bin,2023-05-15_neubiberg_rain,p64,100-150,rider,human,0,0,0,,
2023-05-15_neubiberg_rain__0647_1684157923512800092_vls128.bin,2023-05-15_neubiberg_rain,p64,100-150,truck,vehicle,45,0,0,0.0,0.0
2023-05-15_neubiberg_rain__0647_1684157923512800092_vls128.bin,2023-05-15_neubiberg_rain,p64,100-150,caravan,vehicle,0,0,0,,
2023-05-15_neubiberg_rain__0647_1684157923512800092_vls128.bin,2023-05-15_neubiberg_rain,p64,100-150,building,artificial_structures,1023,411,40,40.17595307917889,3.9100684261974585
2023-05-15_neubiberg_rain__0647_1684157923512800092_vls128.bin,2023-05-15_neubiberg_rain,p64,100-150,wall,artificial_structures,1,0,0,0.0,0.0
2023-05-15_neubiberg_rain__0647_1684157923512800092_vls128.bin,2023-05-15_neubiberg_rain,p64,100-150,fence,obstacle,10,10,0,100.0,0.0
2023-05-15_neubiberg_rain__0647_1684157923512800092_vls128.bin,2023-05-15_neubiberg_rain,p64,100-150,guard_rail,obstacle,0,0,0,,
2023-05-15_neubiberg_rain__0647_1684157923512800092_vls128.bin,2023-05-15_neubiberg_rain,p64,100-150,bridge,artificial_structures,460,30,90,6.521739130434782,19.565217391304348
2023-05-15_neubiberg_rain__0647_1684157923512800092_vls128.bin,2023-05-15_neubiberg_rain,p64,100-150,pole,obstacle,4,1,0,25.0,0.0
2023-05-15_neubiberg_rain__0647_1684157923512800092_vls128.bin,2023-05-15_neubiberg_rain,p64,100-150,traffic_sign,obstacle,34,34,0,100.0,0.0
2023-05-15_neubiberg_rain__0647_1684157923512800092_vls128.bin,2023-05-15_neubiberg_rain,p64,100-150,misc_sign,obstacle,4,4,0,100.0,0.0
2023-05-15_neubiberg_rain__0647_1684157923512800092_vls128.bin,2023-05-15_neubiberg_rain,p64,100-150,kick_scooter,vehicle,0,0,0,,
2023-05-15_neubiberg_rain__0647_1684157923512800092_vls128.bin,2023-05-15_neubiberg_rain,p64,100-150,low_grass,natural_ground,170,117,117,68.82352941176471,68.82352941176471
2023-05-15_neubiberg_rain__0647_1684157923512800092_vls128.bin,2023-05-15_neubiberg_rain,p64,100-150,high_grass,vegetation,10,10,0,100.0,0.0
2023-05-15_neubiberg_rain__0647_1684157923512800092_vls128.bin,2023-05-15_neubiberg_rain,p64,100-150,heavy_machinery,vehicle,5,1,0,20.0,0.0
2023-05-15_neubiberg_rain__0647_1684157923512800092_vls128.bin,2023-05-15_neubiberg_rain,p64,100-150,container,obstacle,98,75,5,76.53061224489795,5.1020408163265305
2023-05-15_neubiberg_rain__0647_1684157923512800092_vls128.bin,2023-05-15_neubiberg_rain,p64,100-150,hedge,vegetation,51,47,0,92.15686274509804,0.0
2023-05-15_neubiberg_rain__0647_1684157923512800092_vls128.bin,2023-05-15_neubiberg_rain,p64,150+,undefined,other,0,0,0,,
2023-05-15_neubiberg_rain__0647_1684157923512800092_vls128.bin,2023-05-15_neubiberg_rain,p64,150+,cobble,artificial_ground,0,0,0,,
2023-05-15_neubiberg_rain__0647_1684157923512800092_vls128.bin,2023-05-15_neubiberg_rain,p64,150+,obstacle,obstacle,0,0,0,,
2023-05-15_neubiberg_rain__0647_1684157923512800092_vls128.bin,2023-05-15_neubiberg_rain,p64,150+,street_light,obstacle,0,0,0,,
2023-05-15_neubiberg_rain__0647_1684157923512800092_vls128.bin,2023-05-15_neubiberg_rain,p64,150+,ego_vehicle,other,0,0,0,,
2023-05-15_neubiberg_rain__0647_1684157923512800092_vls128.bin,2023-05-15_neubiberg_rain,p64,150+,road_marking,artificial_ground,0,0,0,,
2023-05-15_neubiberg_rain__0647_1684157923512800092_vls128.bin,2023-05-15_neubiberg_rain,p64,150+,car,vehicle,19,9,0,47.36842105263158,0.0
2023-05-15_neubiberg_rain__0647_1684157923512800092_vls128.bin,2023-05-15_neubiberg_rain,p64,150+,bicycle,vehicle,0,0,0,,
2023-05-15_neubiberg_rain__0647_1684157923512800092_vls128.bin,2023-05-15_neubiberg_rain,p64,150+,person,human,0,0,0,,
2023-05-15_neubiberg_rain__0647_1684157923512800092_vls128.bin,2023-05-15_neubiberg_rain,p64,150+,bus,vehicle,0,0,0,,
2023-05-15_neubiberg_rain__0647_1684157923512800092_vls128.bin,2023-05-15_neubiberg_rain,p64,150+,forest,vegetation,49,49,0,100.0,0.0
2023-05-15_neubiberg_rain__0647_1684157923512800092_vls128.bin,2023-05-15_neubiberg_rain,p64,150+,bush,vegetation,0,0,0,,
2023-05-15_neubiberg_rain__0647_1684157923512800092_vls128.bin,2023-05-15_neubiberg_rain,p64,150+,traffic_light,obstacle,0,0,0,,
2023-05-15_neubiberg_rain__0647_1684157923512800092_vls128.bin,2023-05-15_neubiberg_rain,p64,150+,motorcycle,vehicle,0,0,0,,
2023-05-15_neubiberg_rain__0647_1684157923512800092_vls128.bin,2023-05-15_neubiberg_rain,p64,150+,sidewalk,artificial_ground,0,0,0,,
2023-05-15_neubiberg_rain__0647_1684157923512800092_vls128.bin,2023-05-15_neubiberg_rain,p64,150+,curb,artificial_ground,0,0,0,,
2023-05-15_neubiberg_rain__0647_1684157923512800092_vls128.bin,2023-05-15_neubiberg_rain,p64,150+,asphalt,artificial_ground,2,0,0,0.0,0.0
2023-05-15_neubiberg_rain__0647_1684157923512800092_vls128.bin,2023-05-15_neubiberg_rain,p64,150+,boom_barrier,obstacle,0,0,0,,
2023-05-15_neubiberg_rain__0647_1684157923512800092_vls128.bin,2023-05-15_neubiberg_rain,p64,150+,tree_crown,vegetation,546,513,4,93.95604395604396,0.7326007326007326
2023-05-15_neubiberg_rain__0647_1684157923512800092_vls128.bin,2023-05-15_neubiberg_rain,p64,150+,tree_trunk,vegetation,16,6,0,37.5,0.0
2023-05-15_neubiberg_rain__0647_1684157923512800092_vls128.bin,2023-05-15_neubiberg_rain,p64,150+,soil,natural_ground,0,0,0,,
2023-05-15_neubiberg_rain__0647_1684157923512800092_vls128.bin,2023-05-15_neubiberg_rain,p64,150+,rider,human,0,0,0,,
2023-05-15_neubiberg_rain__0647_1684157923512800092_vls128.bin,2023-05-15_neubiberg_rain,p64,150+,truck,vehicle,0,0,0,,
2023-05-15_neubiberg_rain__0647_1684157923512800092_vls128.bin,2023-05-15_neubiberg_rain,p64,150+,caravan,vehicle,0,0,0,,
2023-05-15_neubiberg_rain__0647_1684157923512800092_vls128.bin,2023-05-15_neubiberg_rain,p64,150+,building,artificial_structures,598,440,8,73.57859531772576,1.3377926421404682
2023-05-15_neubiberg_rain__0647_1684157923512800092_vls128.bin,2023-05-15_neubiberg_rain,p64,150+,wall,artificial_structures,0,0,0,,
2023-05-15_neubiberg_rain__0647_1684157923512800092_vls128.bin,2023-05-15_neubiberg_rain,p64,150+,fence,obstacle,0,0,0,,
2023-05-15_neubiberg_rain__0647_1684157923512800092_vls128.bin,2023-05-15_neubiberg_rain,p64,150+,guard_rail,obstacle,0,0,0,,
2023-05-15_neubiberg_rain__0647_1684157923512800092_vls128.bin,2023-05-15_neubiberg_rain,p64,150+,bridge,artificial_structures,0,0,0,,
2023-05-15_neubiberg_rain__0647_1684157923512800092_vls128.bin,2023-05-15_neubiberg_rain,p64,150+,pole,obstacle,0,0,0,,
2023-05-15_neubiberg_rain__0647_1684157923512800092_vls128.bin,2023-05-15_neubiberg_rain,p64,150+,traffic_sign,obstacle,0,0,0,,
2023-05-15_neubiberg_rain__0647_1684157923512800092_vls128.bin,2023-05-15_neubiberg_rain,p64,150+,misc_sign,obstacle,0,0,0,,
2023-05-15_neubiberg_rain__0647_1684157923512800092_vls128.bin,2023-05-15_neubiberg_rain,p64,150+,kick_scooter,vehicle,0,0,0,,
2023-05-15_neubiberg_rain__0647_1684157923512800092_vls128.bin,2023-05-15_neubiberg_rain,p64,150+,low_grass,natural_ground,31,16,16,51.61290322580645,51.61290322580645
2023-05-15_neubiberg_rain__0647_1684157923512800092_vls128.bin,2023-05-15_neubiberg_rain,p64,150+,high_grass,vegetation,0,0,0,,
2023-05-15_neubiberg_rain__0647_1684157923512800092_vls128.bin,2023-05-15_neubiberg_rain,p64,150+,heavy_machinery,vehicle,0,0,0,,
2023-05-15_neubiberg_rain__0647_1684157923512800092_vls128.bin,2023-05-15_neubiberg_rain,p64,150+,container,obstacle,0,0,0,,
2023-05-15_neubiberg_rain__0647_1684157923512800092_vls128.bin,2023-05-15_neubiberg_rain,p64,150+,hedge,vegetation,0,0,0,,
2023-05-15_neubiberg_rain__0647_1684157923512800092_vls128.bin,2023-05-15_neubiberg_rain,p64,0+,undefined,other,202,44,116,21.782178217821784,57.42574257425743
2023-05-15_neubiberg_rain__0647_1684157923512800092_vls128.bin,2023-05-15_neubiberg_rain,p64,0+,cobble,artificial_ground,2224,2152,2217,96.76258992805755,99.68525179856115
2023-05-15_neubiberg_rain__0647_1684157923512800092_vls128.bin,2023-05-15_neubiberg_rain,p64,0+,obstacle,obstacle,3706,707,96,19.077172153264975,2.5903939557474365
2023-05-15_neubiberg_rain__0647_1684157923512800092_vls128.bin,2023-05-15_neubiberg_rain,p64,0+,street_light,obstacle,802,301,3,37.53117206982544,0.3740648379052369
2023-05-15_neubiberg_rain__0647_1684157923512800092_vls128.bin,2023-05-15_neubiberg_rain,p64,0+,ego_vehicle,other,351,128,223,36.46723646723647,63.53276353276353
2023-05-15_neubiberg_rain__0647_1684157923512800092_vls128.bin,2023-05-15_neubiberg_rain,p64,0+,road_marking,artificial_ground,504,498,504,98.80952380952381,100.0
2023-05-15_neubiberg_rain__0647_1684157923512800092_vls128.bin,2023-05-15_neubiberg_rain,p64,0+,car,vehicle,20012,19454,151,97.21167299620228,0.7545472716370177
2023-05-15_neubiberg_rain__0647_1684157923512800092_vls128.bin,2023-05-15_neubiberg_rain,p64,0+,bicycle,vehicle,256,75,17,29.296875,6.640625
2023-05-15_neubiberg_rain__0647_1684157923512800092_vls128.bin,2023-05-15_neubiberg_rain,p64,0+,person,human,853,445,15,52.16881594372802,1.7584994138335288
2023-05-15_neubiberg_rain__0647_1684157923512800092_vls128.bin,2023-05-15_neubiberg_rain,p64,0+,bus,vehicle,10572,9226,35,87.26825576995839,0.33106318577374194
2023-05-15_neubiberg_rain__0647_1684157923512800092_vls128.bin,2023-05-15_neubiberg_rain,p64,0+,forest,vegetation,4843,4371,124,90.25397480900268,2.560396448482346
2023-05-15_neubiberg_rain__0647_1684157923512800092_vls128.bin,2023-05-15_neubiberg_rain,p64,0+,bush,vegetation,1252,1029,169,82.18849840255591,13.498402555910543
2023-05-15_neubiberg_rain__0647_1684157923512800092_vls128.bin,2023-05-15_neubiberg_rain,p64,0+,traffic_light,obstacle,496,399,1,80.44354838709677,0.20161290322580644
2023-05-15_neubiberg_rain__0647_1684157923512800092_vls128.bin,2023-05-15_neubiberg_rain,p64,0+,motorcycle,vehicle,20,0,0,0.0,0.0
2023-05-15_neubiberg_rain__0647_1684157923512800092_vls128.bin,2023-05-15_neubiberg_rain,p64,0+,sidewalk,artificial_ground,5826,5595,5738,96.03501544799177,98.48952969447305
2023-05-15_neubiberg_rain__0647_1684157923512800092_vls128.bin,2023-05-15_neubiberg_rain,p64,0+,curb,artificial_ground,3244,2229,3048,68.711467324291,93.9580764488286
2023-05-15_neubiberg_rain__0647_1684157923512800092_vls128.bin,2023-05-15_neubiberg_rain,p64,0+,asphalt,artificial_ground,23499,22839,23321,97.19136984552534,99.24252095833866
2023-05-15_neubiberg_rain__0647_1684157923512800092_vls128.bin,2023-05-15_neubiberg_rain,p64,0+,boom_barrier,obstacle,23,20,3,86.95652173913044,13.043478260869565
2023-05-15_neubiberg_rain__0647_1684157923512800092_vls128.bin,2023-05-15_neubiberg_rain,p64,0+,tree_crown,vegetation,46619,46321,129,99.36077564941333,0.2767112121667131
2023-05-15_neubiberg_rain__0647_1684157923512800092_vls128.bin,2023-05-15_neubiberg_rain,p64,0+,tree_trunk,vegetation,10764,10423,131,96.83203270159792,1.2170196952805648
2023-05-15_neubiberg_rain__0647_1684157923512800092_vls128.bin,2023-05-15_neubiberg_rain,p64,0+,soil,natural_ground,240,34,230,14.166666666666666,95.83333333333333
2023-05-15_neubiberg_rain__0647_1684157923512800092_vls128.bin,2023-05-15_neubiberg_rain,p64,0+,rider,human,82,0,0,0.0,0.0
2023-05-15_neubiberg_rain__0647_1684157923512800092_vls128.bin,2023-05-15_neubiberg_rain,p64,0+,truck,vehicle,45,0,0,0.0,0.0
2023-05-15_neubiberg_rain__0647_1684157923512800092_vls128.bin,2023-05-15_neubiberg_rain,p64,0+,caravan,vehicle,399,5,1,1.2531328320802004,0.2506265664160401
2023-05-15_neubiberg_rain__0647_1684157923512800092_vls128.bin,2023-05-15_neubiberg_rain,p64,0+,building,artificial_structures,20507,18455,263,89.99366070122397,1.2824889062271418
2023-05-15_neubiberg_rain__0647_1684157923512800092_vls128.bin,2023-05-15_neubiberg_rain,p64,0+,wall,artificial_structures,2420,90,238,3.71900826446281,9.834710743801653
2023-05-15_neubiberg_rain__0647_1684157923512800092_vls128.bin,2023-05-15_neubiberg_rain,p64,0+,fence,obstacle,1122,364,366,32.442067736185386,32.62032085561497
2023-05-15_neubiberg_rain__0647_1684157923512800092_vls128.bin,2023-05-15_neubiberg_rain,p64,0+,guard_rail,obstacle,1593,1152,194,72.31638418079096,12.178279974890144
2023-05-15_neubiberg_rain__0647_1684157923512800092_vls128.bin,2023-05-15_neubiberg_rain,p64,0+,bridge,artificial_structures,3672,2324,653,63.289760348583876,17.78322440087146
2023-05-15_neubiberg_rain__0647_1684157923512800092_vls128.bin,2023-05-15_neubiberg_rain,p64,0+,pole,obstacle,844,578,7,68.48341232227489,0.8293838862559242
2023-05-15_neubiberg_rain__0647_1684157923512800092_vls128.bin,2023-05-15_neubiberg_rain,p64,0+,traffic_sign,obstacle,561,545,0,97.14795008912655,0.0
2023-05-15_neubiberg_rain__0647_1684157923512800092_vls128.bin,2023-05-15_neubiberg_rain,p64,0+,misc_sign,obstacle,761,504,12,66.22864651773982,1.5768725361366622
2023-05-15_neubiberg_rain__0647_1684157923512800092_vls128.bin,2023-05-15_neubiberg_rain,p64,0+,kick_scooter,vehicle,15,0,0,0.0,0.0
2023-05-15_neubiberg_rain__0647_1684157923512800092_vls128.bin,2023-05-15_neubiberg_rain,p64,0+,low_grass,natural_ground,19251,18182,18419,94.44704171211885,95.67814658978754
2023-05-15_neubiberg_rain__0647_1684157923512800092_vls128.bin,2023-05-15_neubiberg_rain,p64,0+,high_grass,vegetation,14121,1367,12725,9.680617520005665,90.11401458820197
2023-05-15_neubiberg_rain__0647_1684157923512800092_vls128.bin,2023-05-15_neubiberg_rain,p64,0+,heavy_machinery,vehicle,5,1,0,20.0,0.0
2023-05-15_neubiberg_rain__0647_1684157923512800092_vls128.bin,2023-05-15_neubiberg_rain,p64,0+,container,obstacle,136,75,5,55.14705882352941,3.676470588235294
2023-05-15_neubiberg_rain__0647_1684157923512800092_vls128.bin,2023-05-15_neubiberg_rain,p64,0+,hedge,vegetation,262,173,85,66.03053435114504,32.44274809160305
2023-05-15_neubiberg_rain__0647_1684157923512800092_vls128.bin,2023-05-15_neubiberg_rain,p64repeat,0-25,undefined,other,63,1,28,1.5873015873015872,44.44444444444444
2023-05-15_neubiberg_rain__0647_1684157923512800092_vls128.bin,2023-05-15_neubiberg_rain,p64repeat,0-25,cobble,artificial_ground,1835,1805,1835,98.36512261580381,100.0
2023-05-15_neubiberg_rain__0647_1684157923512800092_vls128.bin,2023-05-15_neubiberg_rain,p64repeat,0-25,obstacle,obstacle,19,0,0,0.0,0.0
2023-05-15_neubiberg_rain__0647_1684157923512800092_vls128.bin,2023-05-15_neubiberg_rain,p64repeat,0-25,street_light,obstacle,221,153,0,69.23076923076923,0.0
2023-05-15_neubiberg_rain__0647_1684157923512800092_vls128.bin,2023-05-15_neubiberg_rain,p64repeat,0-25,ego_vehicle,other,351,128,223,36.46723646723647,63.53276353276353
2023-05-15_neubiberg_rain__0647_1684157923512800092_vls128.bin,2023-05-15_neubiberg_rain,p64repeat,0-25,road_marking,artificial_ground,257,257,257,100.0,100.0
2023-05-15_neubiberg_rain__0647_1684157923512800092_vls128.bin,2023-05-15_neubiberg_rain,p64repeat,0-25,car,vehicle,14550,14390,61,98.90034364261169,0.41924398625429554
2023-05-15_neubiberg_rain__0647_1684157923512800092_vls128.bin,2023-05-15_neubiberg_rain,p64repeat,0-25,bicycle,vehicle,0,0,0,,
2023-05-15_neubiberg_rain__0647_1684157923512800092_vls128.bin,2023-05-15_neubiberg_rain,p64repeat,0-25,person,human,313,197,5,62.93929712460064,1.597444089456869
2023-05-15_neubiberg_rain__0647_1684157923512800092_vls128.bin,2023-05-15_neubiberg_rain,p64repeat,0-25,bus,vehicle,10572,9226,35,87.26825576995839,0.33106318577374194
2023-05-15_neubiberg_rain__0647_1684157923512800092_vls128.bin,2023-05-15_neubiberg_rain,p64repeat,0-25,forest,vegetation,0,0,0,,
2023-05-15_neubiberg_rain__0647_1684157923512800092_vls128.bin,2023-05-15_neubiberg_rain,p64repeat,0-25,bush,vegetation,0,0,0,,
2023-05-15_neubiberg_rain__0647_1684157923512800092_vls128.bin,2023-05-15_neubiberg_rain,p64repeat,0-25,traffic_light,obstacle,122,102,0,83.60655737704919,0.0
2023-05-15_neubiberg_rain__0647_1684157923512800092_vls128.bin,2023-05-15_neubiberg_rain,p64repeat,0-25,motorcycle,vehicle,0,0,0,,
2023-05-15_neubiberg_rain__0647_1684157923512800092_vls128.bin,2023-05-15_neubiberg_rain,p64repeat,0-25,sidewalk,artificial_ground,2232,2206,2217,98.83512544802868,99.32795698924731
2023-05-15_neubiberg_rain__0647_1684157923512800092_vls128.bin,2023-05-15_neubiberg_rain,p64repeat,0-25,curb,artificial_ground,1666,1308,1581,78.51140456182473,94.89795918367346
2023-05-15_neubiberg_rain__0647_1684157923512800092_vls128.bin,2023-05-15_neubiberg_rain,p64repeat,0-25,asphalt,artificial_ground,13506,13260,13460,98.17858729453576,99.65941063231156
2023-05-15_neubiberg_rain__0647_1684157923512800092_vls128.bin,2023-05-15_neubiberg_rain,p64repeat,0-25,boom_barrier,obstacle,0,0,0,,
2023-05-15_neubiberg_rain__0647_1684157923512800092_vls128.bin,2023-05-15_neubiberg_rain,p64repeat,0-25,tree_crown,vegetation,11249,11150,1,99.11992177082408,0.008889679082585119
2023-05-15_neubiberg_rain__0647_1684157923512800092_vls128.bin,2023-05-15_neubiberg_rain,p64repeat,0-25,tree_trunk,vegetation,5850,5721,10,97.7948717948718,0.17094017094017094
2023-05-15_neubiberg_rain__0647_1684157923512800092_vls128.bin,2023-05-15_neubiberg_rain,p64repeat,0-25,soil,natural_ground,0,0,0,,
2023-05-15_neubiberg_rain__0647_1684157923512800092_vls128.bin,2023-05-15_neubiberg_rain,p64repeat,0-25,rider,human,0,0,0,,
2023-05-15_neubiberg_rain__0647_1684157923512800092_vls128.bin,2023-05-15_neubiberg_rain,p64repeat,0-25,truck,vehicle,0,0,0,,
2023-05-15_neubiberg_rain__0647_1684157923512800092_vls128.bin,2023-05-15_neubiberg_rain,p64repeat,0-25,caravan,vehicle,0,0,0,,
2023-05-15_neubiberg_rain__0647_1684157923512800092_vls128.bin,2023-05-15_neubiberg_rain,p64repeat,0-25,building,artificial_structures,986,770,9,78.09330628803245,0.9127789046653144
2023-05-15_neubiberg_rain__0647_1684157923512800092_vls128.bin,2023-05-15_neubiberg_rain,p64repeat,0-25,wall,artificial_structures,0,0,0,,
2023-05-15_neubiberg_rain__0647_1684157923512800092_vls128.bin,2023-05-15_neubiberg_rain,p64repeat,0-25,fence,obstacle,0,0,0,,
2023-05-15_neubiberg_rain__0647_1684157923512800092_vls128.bin,2023-05-15_neubiberg_rain,p64repeat,0-25,guard_rail,obstacle,1366,1012,140,74.08491947291361,10.248901903367496
2023-05-15_neubiberg_rain__0647_1684157923512800092_vls128.bin,2023-05-15_neubiberg_rain,p64repeat,0-25,bridge,artificial_structures,0,0,0,,
2023-05-15_neubiberg_rain__0647_1684157923512800092_vls128.bin,2023-05-15_neubiberg_rain,p64repeat,0-25,pole,obstacle,324,151,2,46.60493827160494,0.6172839506172839
2023-05-15_neubiberg_rain__0647_1684157923512800092_vls128.bin,2023-05-15_neubiberg_rain,p64repeat,0-25,traffic_sign,obstacle,268,253,0,94.40298507462687,0.0
2023-05-15_neubiberg_rain__0647_1684157923512800092_vls128.bin,2023-05-15_neubiberg_rain,p64repeat,0-25,misc_sign,obstacle,275,208,1,75.63636363636364,0.36363636363636365
2023-05-15_neubiberg_rain__0647_1684157923512800092_vls128.bin,2023-05-15_neubiberg_rain,p64repeat,0-25,kick_scooter,vehicle,0,0,0,,
2023-05-15_neubiberg_rain__0647_1684157923512800092_vls128.bin,2023-05-15_neubiberg_rain,p64repeat,0-25,low_grass,natural_ground,1543,1393,1469,90.27867790019442,95.20414776409592
2023-05-15_neubiberg_rain__0647_1684157923512800092_vls128.bin,2023-05-15_neubiberg_rain,p64repeat,0-25,high_grass,vegetation,11967,1030,10927,8.60700259045709,91.30943427759672
2023-05-15_neubiberg_rain__0647_1684157923512800092_vls128.bin,2023-05-15_neubiberg_rain,p64repeat,0-25,heavy_machinery,vehicle,0,0,0,,
2023-05-15_neubiberg_rain__0647_1684157923512800092_vls128.bin,2023-05-15_neubiberg_rain,p64repeat,0-25,container,obstacle,0,0,0,,
2023-05-15_neubiberg_rain__0647_1684157923512800092_vls128.bin,2023-05-15_neubiberg_rain,p64repeat,0-25,hedge,vegetation,0,0,0,,
2023-05-15_neubiberg_rain__0647_1684157923512800092_vls128.bin,2023-05-15_neubiberg_rain,p64repeat,25-50,undefined,other,129,41,81,31.782945736434108,62.7906976744186
2023-05-15_neubiberg_rain__0647_1684157923512800092_vls128.bin,2023-05-15_neubiberg_rain,p64repeat,25-50,cobble,artificial_ground,254,232,254,91.33858267716535,100.0
2023-05-15_neubiberg_rain__0647_1684157923512800092_vls128.bin,2023-05-15_neubiberg_rain,p64repeat,25-50,obstacle,obstacle,3106,490,9,15.775917578879588,0.2897617514488088
2023-05-15_neubiberg_rain__0647_1684157923512800092_vls128.bin,2023-05-15_neubiberg_rain,p64repeat,25-50,street_light,obstacle,427,112,3,26.229508196721312,0.702576112412178
2023-05-15_neubiberg_rain__0647_1684157923512800092_vls128.bin,2023-05-15_neubiberg_rain,p64repeat,25-50,ego_vehicle,other,0,0,0,,
2023-05-15_neubiberg_rain__0647_1684157923512800092_vls128.bin,2023-05-15_neubiberg_rain,p64repeat,25-50,road_marking,artificial_ground,228,222,228,97.36842105263158,100.0
2023-05-15_neubiberg_rain__0647_1684157923512800092_vls128.bin,2023-05-15_neubiberg_rain,p64repeat,25-50,car,vehicle,4057,3849,51,94.87305891052502,1.257086517130885
2023-05-15_neubiberg_rain__0647_1684157923512800092_vls128.bin,2023-05-15_neubiberg_rain,p64repeat,25-50,bicycle,vehicle,138,65,3,47.10144927536232,2.1739130434782608
2023-05-15_neubiberg_rain__0647_1684157923512800092_vls128.bin,2023-05-15_neubiberg_rain,p64repeat,25-50,person,human,327,220,9,67.2782874617737,2.7522935779816513
2023-05-15_neubiberg_rain__0647_1684157923512800092_vls128.bin,2023-05-15_neubiberg_rain,p64repeat,25-50,bus,vehicle,0,0,0,,
2023-05-15_neubiberg_rain__0647_1684157923512800092_vls128.bin,2023-05-15_neubiberg_rain,p64repeat,25-50,forest,vegetation,2259,2030,0,89.86277113767153,0.0
2023-05-15_neubiberg_rain__0647_1684157923512800092_vls128.bin,2023-05-15_neubiberg_rain,p64repeat,25-50,bush,vegetation,0,0,0,,
2023-05-15_neubiberg_rain__0647_1684157923512800092_vls128.bin,2023-05-15_neubiberg_rain,p64repeat,25-50,traffic_light,obstacle,292,253,1,86.64383561643835,0.3424657534246575
2023-05-15_neubiberg_rain__0647_1684157923512800092_vls128.bin,2023-05-15_neubiberg_rain,p64repeat,25-50,motorcycle,vehicle,0,0,0,,
2023-05-15_neubiberg_rain__0647_1684157923512800092_vls128.bin,2023-05-15_neubiberg_rain,p64repeat,25-50,sidewalk,artificial_ground,3308,3158,3248,95.46553808948005,98.18621523579202
2023-05-15_neubiberg_rain__0647_1684157923512800092_vls128.bin,2023-05-15_neubiberg_rain,p64repeat,25-50,curb,artificial_ground,1405,832,1299,59.21708185053381,92.45551601423487
2023-05-15_neubiberg_rain__0647_1684157923512800092_vls128.bin,2023-05-15_neubiberg_rain,p64repeat,25-50,asphalt,artificial_ground,8501,8322,8429,97.89436536878014,99.1530408187272
2023-05-15_neubiberg_rain__0647_1684157923512800092_vls128.bin,2023-05-15_neubiberg_rain,p64repeat,25-50,boom_barrier,obstacle,0,0,0,,
2023-05-15_neubiberg_rain__0647_1684157923512800092_vls128.bin,2023-05-15_neubiberg_rain,p64repeat,25-50,tree_crown,vegetation,19210,19178,25,99.83342009370119,0.1301405517959396
2023-05-15_neubiberg_rain__0647_1684157923512800092_vls128.bin,2023-05-15_neubiberg_rain,p64repeat,25-50,tree_trunk,vegetation,2948,2820,65,95.65807327001357,2.2048846675712346
2023-05-15_neubiberg_rain__0647_1684157923512800092_vls128.bin,2023-05-15_neubiberg_rain,p64repeat,25-50,soil,natural_ground,22,2,22,9.090909090909092,100.0
2023-05-15_neubiberg_rain__0647_1684157923512800092_vls128.bin,2023-05-15_neubiberg_rain,p64repeat,25-50,rider,human,82,0,0,0.0,0.0
2023-05-15_neubiberg_rain__0647_1684157923512800092_vls128.bin,2023-05-15_neubiberg_rain,p64repeat,25-50,truck,vehicle,0,0,0,,
2023-05-15_neubiberg_rain__0647_1684157923512800092_vls128.bin,2023-05-15_neubiberg_rain,p64repeat,25-50,caravan,vehicle,0,0,0,,
2023-05-15_neubiberg_rain__0647_1684157923512800092_vls128.bin,2023-05-15_neubiberg_rain,p64repeat,25-50,building,artificial_structures,15069,14604,74,96.91419470435994,0.4910743911341164
2023-05-15_neubiberg_rain__0647_1684157923512800092_vls128.bin,2023-05-15_neubiberg_rain,p64repeat,25-50,wall,artificial_structures,1108,0,6,0.0,0.5415162454873647
2023-05-15_neubiberg_rain__0647_1684157923512800092_vls128.bin,2023-05-15_neubiberg_rain,p64repeat,25-50,fence,obstacle,563,222,168,39.43161634103019,29.840142095914743
2023-05-15_neubiberg_rain__0647_1684157923512800092_vls128.bin,2023-05-15_neubiberg_rain,p64repeat,25-50,guard_rail,obstacle,188,136,28,72.34042553191489,14.893617021276595
2023-05-15_neubiberg_rain__0647_1684157923512800092_vls128.bin,2023-05-15_neubiberg_rain,p64repeat,25-50,bridge,artificial_structures,103,93,1,90.29126213592232,0.970873786407767
2023-05-15_neubiberg_rain__0647_1684157923512800092_vls128.bin,2023-05-15_neubiberg_rain,p64repeat,25-50,pole,obstacle,427,383,5,89.69555035128806,1.17096018735363
2023-05-15_neubiberg_rain__0647_1684157923512800092_vls128.bin,2023-05-15_neubiberg_rain,p64repeat,25-50,traffic_sign,obstacle,207,206,0,99.51690821256038,0.0
2023-05-15_neubiberg_rain__0647_1684157923512800092_vls128.bin,2023-05-15_neubiberg_rain,p64repeat,25-50,misc_sign,obstacle,293,138,2,47.098976109215016,0.6825938566552902
2023-05-15_neubiberg_rain__0647_1684157923512800092_vls128.bin,2023-05-15_neubiberg_rain,p64repeat,25-50,kick_scooter,vehicle,0,0,0,,
2023-05-15_neubiberg_rain__0647_1684157923512800092_vls128.bin,2023-05-15_neubiberg_rain,p64repeat,25-50,low_grass,natural_ground,11368,11011,11151,96.85960591133005,98.0911330049261
2023-05-15_neubiberg_rain__0647_1684157923512800092_vls128.bin,2023-05-15_neubiberg_rain,p64repeat,25-50,high_grass,vegetation,1596,112,1484,7.017543859649122,92.98245614035088
2023-05-15_neubiberg_rain__0647_1684157923512800092_vls128.bin,2023-05-15_neubiberg_rain,p64repeat,25-50,heavy_machinery,vehicle,0,0,0,,
2023-05-15_neubiberg_rain__0647_1684157923512800092_vls128.bin,2023-05-15_neubiberg_rain,p64repeat,25-50,container,obstacle,0,0,0,,
2023-05-15_neubiberg_rain__0647_1684157923512800092_vls128.bin,2023-05-15_neubiberg_rain,p64repeat,25-50,hedge,vegetation,0,0,0,,
2023-05-15_neubiberg_rain__0647_1684157923512800092_vls128.bin,2023-05-15_neubiberg_rain,p64repeat,50-100,undefined,other,8,2,6,25.0,75.0
2023-05-15_neubiberg_rain__0647_1684157923512800092_vls128.bin,2023-05-15_neubiberg_rain,p64repeat,50-100,cobble,artificial_ground,130,113,123,86.92307692307692,94.61538461538461
2023-05-15_neubiberg_rain__0647_1684157923512800092_vls128.bin,2023-05-15_neubiberg_rain,p64repeat,50-100,obstacle,obstacle,522,179,87,34.2911877394636,16.666666666666668
2023-05-15_neubiberg_rain__0647_1684157923512800092_vls128.bin,2023-05-15_neubiberg_rain,p64repeat,50-100,street_light,obstacle,150,32,0,21.333333333333332,0.0
2023-05-15_neubiberg_rain__0647_1684157923512800092_vls128.bin,2023-05-15_neubiberg_rain,p64repeat,50-100,ego_vehicle,other,0,0,0,,
2023-05-15_neubiberg_rain__0647_1684157923512800092_vls128.bin,2023-05-15_neubiberg_rain,p64repeat,50-100,road_marking,artificial_ground,19,19,19,100.0,100.0
2023-05-15_neubiberg_rain__0647_1684157923512800092_vls128.bin,2023-05-15_neubiberg_rain,p64repeat,50-100,car,vehicle,1326,1187,31,89.51734539969834,2.3378582202111615
2023-05-15_neubiberg_rain__0647_1684157923512800092_vls128.bin,2023-05-15_neubiberg_rain,p64repeat,50-100,bicycle,vehicle,118,10,14,8.474576271186441,11.864406779661017
2023-05-15_neubiberg_rain__0647_1684157923512800092_vls128.bin,2023-05-15_neubiberg_rain,p64repeat,50-100,person,human,213,28,1,13.145539906103286,0.4694835680751174
2023-05-15_neubiberg_rain__0647_1684157923512800092_vls128.bin,2023-05-15_neubiberg_rain,p64repeat,50-100,bus,vehicle,0,0,0,,
2023-05-15_neubiberg_rain__0647_1684157923512800092_vls128.bin,2023-05-15_neubiberg_rain,p64repeat,50-100,forest,vegetation,1961,1788,54,91.17797042325344,2.753697093319735
2023-05-15_neubiberg_rain__0647_1684157923512800092_vls128.bin,2023-05-15_neubiberg_rain,p64repeat,50-100,bush,vegetation,1062,888,160,83.61581920903954,15.065913370998116
2023-05-15_neubiberg_rain__0647_1684157923512800092_vls128.bin,2023-05-15_neubiberg_rain,p64repeat,50-100,traffic_light,obstacle,82,44,0,53.65853658536585,0.0
2023-05-15_neubiberg_rain__0647_1684157923512800092_vls128.bin,2023-05-15_neubiberg_rain,p64repeat,50-100,motorcycle,vehicle,20,0,0,0.0,0.0
2023-05-15_neubiberg_rain__0647_1684157923512800092_vls128.bin,2023-05-15_neubiberg_rain,p64repeat,50-100,sidewalk,artificial_ground,286,231,273,80.76923076923077,95.45454545454545
2023-05-15_neubiberg_rain__0647_1684157923512800092_vls128.bin,2023-05-15_neubiberg_rain,p64repeat,50-100,curb,artificial_ground,173,89,168,51.445086705202314,97.10982658959537
2023-05-15_neubiberg_rain__0647_1684157923512800092_vls128.bin,2023-05-15_neubiberg_rain,p64repeat,50-100,asphalt,artificial_ground,1452,1248,1405,85.9504132231405,96.76308539944904
2023-05-15_neubiberg_rain__0647_1684157923512800092_vls128.bin,2023-05-15_neubiberg_rain,p64repeat,50-100,boom_barrier,obstacle,23,20,3,86.95652173913044,13.043478260869565
2023-05-15_neubiberg_rain__0647_1684157923512800092_vls128.bin,2023-05-15_neubiberg_rain,p64repeat,50-100,tree_crown,vegetation,14860,14735,91,99.15881561238223,0.6123822341857336
2023-05-15_neubiberg_rain__0647_1684157923512800092_vls128.bin,2023-05-15_neubiberg_rain,p64repeat,50-100,tree_trunk,vegetation,1659,1594,56,96.08197709463532,3.3755274261603376
2023-05-15_neubiberg_rain__0647_1684157923512800092_vls128.bin,2023-05-15_neubiberg_rain,p64repeat,50-100,soil,natural_ground,218,32,208,14.678899082568808,95.41284403669725
2023-05-15_neubiberg_rain__0647_1684157923512800092_vls128.bin,2023-05-15_neubiberg_rain,p64repeat,50-100,rider,human,0,0,0,,
2023-05-15_neubiberg_rain__0647_1684157923512800092_vls128.bin,2023-05-15_neubiberg_rain,p64repeat,50-100,truck,vehicle,0,0,0,,
2023-05-15_neubiberg_rain__0647_1684157923512800092_vls128.bin,2023-05-15_neubiberg_rain,p64repeat,50-100,caravan,vehicle,399,5,1,1.2531328320802004,0.2506265664160401
2023-05-15_neubiberg_rain__0647_1684157923512800092_vls128.bin,2023-05-15_neubiberg_rain,p64repeat,50-100,building,artificial_structures,2831,2230,132,78.7707523843165,4.6626633698339806
2023-05-15_neubiberg_rain__0647_1684157923512800092_vls128.bin,2023-05-15_neubiberg_rain,p64repeat,50-100,wall,artificial_structures,1311,90,232,6.864988558352403,17.696414950419527
2023-05-15_neubiberg_rain__0647_1684157923512800092_vls128.bin,2023-05-15_neubiberg_rain,p64repeat,50-100,fence,obstacle,549,132,198,24.043715846994534,36.0655737704918
2023-05-15_neubiberg_rain__0647_1684157923512800092_vls128.bin,2023-05-15_neubiberg_rain,p64repeat,50-100,guard_rail,obstacle,39,4,26,10.256410256410257,66.66666666666667
2023-05-15_neubiberg_rain__0647_1684157923512800092_vls128.bin,2023-05-15_neubiberg_rain,p64repeat,50-100,bridge,artificial_structures,3109,2201,562,70.7944676744934,18.07655194596333
2023-05-15_neubiberg_rain__0647_1684157923512800092_vls128.bin,2023-05-15_neubiberg_rain,p64repeat,50-100,pole,obstacle,89,43,0,48.31460674157304,0.0
2023-05-15_neubiberg_rain__0647_1684157923512800092_vls128.bin,2023-05-15_neubiberg_rain,p64repeat,50-100,traffic_sign,obstacle,52,52,0,100.0,0.0
2023-05-15_neubiberg_rain__0647_1684157923512800092_vls128.bin,2023-05-15_neubiberg_rain,p64repeat,50-100,misc_sign,obstacle,189,154,9,81.48148148148148,4.761904761904762
2023-05-15_neubiberg_rain__0647_1684157923512800092_vls128.bin,2023-05-15_neubiberg_rain,p64repeat,50-100,kick_scooter,vehicle,15,0,0,0.0,0.0
2023-05-15_neubiberg_rain__0647_1684157923512800092_vls128.bin,2023-05-15_neubiberg_rain,p64repeat,50-100,low_grass,natural_ground,6139,5645,5666,91.95308682195797,92.29516207851442
2023-05-15_neubiberg_rain__0647_1684157923512800092_vls128.bin,2023-05-15_neubiberg_rain,p64repeat,50-100,high_grass,vegetation,548,215,314,39.23357664233577,57.2992700729927
2023-05-15_neubiberg_rain__0647_1684157923512800092_vls128.bin,2023-05-15_neubiberg_rain,p64repeat,50-100,heavy_machinery,vehicle,0,0,0,,
2023-05-15_neubiberg_rain__0647_1684157923512800092_vls128.bin,2023-05-15_neubiberg_rain,p64repeat,50-100,container,obstacle,38,0,0,0.0,0.0
2023-05-15_neubiberg_rain__0647_1684157923512800092_vls128.bin,2023-05-15_neubiberg_rain,p64repeat,50-100,hedge,vegetation,211,126,85,59.71563981042654,40.28436018957346
2023-05-15_neubiberg_rain__0647_1684157923512800092_vls128.bin,2023-05-15_neubiberg_rain,p64repeat,100-150,undefined,other,2,0,1,0.0,50.0
2023-05-15_neubiberg_rain__0647_1684157923512800092_vls128.bin,2023-05-15_neubiberg_rain,p64repeat,100-150,cobble,artificial_ground,5,2,5,40.0,100.0
2023-05-15_neubiberg_rain__0647_1684157923512800092_vls128.bin,2023-05-15_neubiberg_rain,p64repeat,100-150,obstacle,obstacle,59,38,0,64.40677966101696,0.0
2023-05-15_neubiberg_rain__0647_1684157923512800092_vls128.bin,2023-05-15_neubiberg_rain,p64repeat,100-150,street_light,obstacle,4,4,0,100.0,0.0
2023-05-15_neubiberg_rain__0647_1684157923512800092_vls128.bin,2023-05-15_neubiberg_rain,p64repeat,100-150,ego_vehicle,other,0,0,0,,
2023-05-15_neubiberg_rain__0647_1684157923512800092_vls128.bin,2023-05-15_neubiberg_rain,p64repeat,100-150,road_marking,artificial_ground,0,0,0,,
2023-05-15_neubiberg_rain__0647_1684157923512800092_vls128.bin,2023-05-15_neubiberg_rain,p64repeat,100-150,car,vehicle,60,19,8,31.666666666666668,13.333333333333334
2023-05-15_neubiberg_rain__0647_1684157923512800092_vls128.bin,2023-05-15_neubiberg_rain,p64repeat,100-150,bicycle,vehicle,0,0,0,,
2023-05-15_neubiberg_rain__0647_1684157923512800092_vls128.bin,2023-05-15_neubiberg_rain,p64repeat,100-150,person,human,0,0,0,,
2023-05-15_neubiberg_rain__0647_1684157923512800092_vls128.bin,2023-05-15_neubiberg_rain,p64repeat,100-150,bus,vehicle,0,0,0,,
2023-05-15_neubiberg_rain__0647_1684157923512800092_vls128.bin,2023-05-15_neubiberg_rain,p64repeat,100-150,forest,vegetation,574,504,70,87.8048780487805,12.195121951219512
2023-05-15_neubiberg_rain__0647_1684157923512800092_vls128.bin,2023-05-15_neubiberg_rain,p64repeat,100-150,bush,vegetation,190,141,9,74.21052631578948,4.7368421052631575
2023-05-15_neubiberg_rain__0647_1684157923512800092_vls128.bin,2023-05-15_neubiberg_rain,p64repeat,100-150,traffic_light,obstacle,0,0,0,,
2023-05-15_neubiberg_rain__0647_1684157923512800092_vls128.bin,2023-05-15_neubiberg_rain,p64repeat,100-150,motorcycle,vehicle,0,0,0,,
2023-05-15_neubiberg_rain__0647_1684157923512800092_vls128.bin,2023-05-15_neubiberg_rain,p64repeat,100-150,sidewalk,artificial_ground,0,0,0,,
2023-05-15_neubiberg_rain__0647_1684157923512800092_vls128.bin,2023-05-15_neubiberg_rain,p64repeat,100-150,curb,artificial_ground,0,0,0,,
2023-05-15_neubiberg_rain__0647_1684157923512800092_vls128.bin,2023-05-15_neubiberg_rain,p64repeat,100-150,asphalt,artificial_ground,38,9,27,23.68421052631579,71.05263157894737
2023-05-15_neubiberg_rain__0647_1684157923512800092_vls128.bin,2023-05-15_neubiberg_rain,p64repeat,100-150,boom_barrier,obstacle,0,0,0,,
2023-05-15_neubiberg_rain__0647_1684157923512800092_vls128.bin,2023-05-15_neubiberg_rain,p64repeat,100-150,tree_crown,vegetation,754,745,8,98.80636604774536,1.0610079575596818
2023-05-15_neubiberg_rain__0647_1684157923512800092_vls128.bin,2023-05-15_neubiberg_rain,p64repeat,100-150,tree_trunk,vegetation,291,282,0,96.90721649484536,0.0
2023-05-15_neubiberg_rain__0647_1684157923512800092_vls128.bin,2023-05-15_neubiberg_rain,p64repeat,100-150,soil,natural_ground,0,0,0,,
2023-05-15_neubiberg_rain__0647_1684157923512800092_vls128.bin,2023-05-15_neubiberg_rain,p64repeat,100-150,rider,human,0,0,0,,
2023-05-15_neubiberg_rain__0647_1684157923512800092_vls128.bin,2023-05-15_neubiberg_rain,p64repeat,100-150,truck,vehicle,45,0,0,0.0,0.0
2023-05-15_neubiberg_rain__0647_1684157923512800092_vls128.bin,2023-05-15_neubiberg_rain,p64repeat,100-150,caravan,vehicle,0,0,0,,
2023-05-15_neubiberg_rain__0647_1684157923512800092_vls128.bin,2023-05-15_neubiberg_rain,p64repeat,100-150,building,artificial_structures,1023,411,40,40.17595307917889,3.9100684261974585
2023-05-15_neubiberg_rain__0647_1684157923512800092_vls128.bin,2023-05-15_neubiberg_rain,p64repeat,100-150,wall,artificial_structures,1,0,0,0.0,0.0
2023-05-15_neubiberg_rain__0647_1684157923512800092_vls128.bin,2023-05-15_neubiberg_rain,p64repeat,100-150,fence,obstacle,10,10,0,100.0,0.0
2023-05-15_neubiberg_rain__0647_1684157923512800092_vls128.bin,2023-05-15_neubiberg_rain,p64repeat,100-150,guard_rail,obstacle,0,0,0,,
2023-05-15_neubiberg_rain__0647_1684157923512800092_vls128.bin,2023-05-15_neubiberg_rain,p64repeat,100-150,bridge,artificial_structures,460,30,90,6.521739130434782,19.565217391304348
2023-05-15_neubiberg_rain__0647_1684157923512800092_vls128.bin,2023-05-15_neubiberg_rain,p64repeat,100-150,pole,obstacle,4,1,0,25.0,0.0
2023-05-15_neubiberg_rain__0647_1684157923512800092_vls128.bin,2023-05-15_neubiberg_rain,p64repeat,100-150,traffic_sign,obstacle,34,34,0,100.0,0.0
2023-05-15_neubiberg_rain__0647_1684157923512800092_vls128.bin,2023-05-15_neubiberg_rain,p64repeat,100-150,misc_sign,obstacle,4,4,0,100.0,0.0
2023-05-15_neubiberg_rain__0647_1684157923512800092_vls128.bin,2023-05-15_neubiberg_rain,p64repeat,100-150,kick_scooter,vehicle,0,0,0,,
2023-05-15_neubiberg_rain__0647_1684157923512800092_vls128.bin,2023-05-15_neubiberg_rain,p64repeat,100-150,low_grass,natural_ground,170,117,117,68.82352941176471,68.82352941176471
2023-05-15_neubiberg_rain__0647_1684157923512800092_vls128.bin,2023-05-15_neubiberg_rain,p64repeat,100-150,high_grass,vegetation,10,10,0,100.0,0.0
2023-05-15_neubiberg_rain__0647_1684157923512800092_vls128.bin,2023-05-15_neubiberg_rain,p64repeat,100-150,heavy_machinery,vehicle,5,1,0,20.0,0.0
2023-05-15_neubiberg_rain__0647_1684157923512800092_vls128.bin,2023-05-15_neubiberg_rain,p64repeat,100-150,container,obstacle,98,75,5,76.53061224489795,5.1020408163265305
2023-05-15_neubiberg_rain__0647_1684157923512800092_vls128.bin,2023-05-15_neubiberg_rain,p64repeat,100-150,hedge,vegetation,51,47,0,92.15686274509804,0.0
2023-05-15_neubiberg_rain__0647_1684157923512800092_vls128.bin,2023-05-15_neubiberg_rain,p64repeat,150+,undefined,other,0,0,0,,
2023-05-15_neubiberg_rain__0647_1684157923512800092_vls128.bin,2023-05-15_neubiberg_rain,p64repeat,150+,cobble,artificial_ground,0,0,0,,
2023-05-15_neubiberg_rain__0647_1684157923512800092_vls128.bin,2023-05-15_neubiberg_rain,p64repeat,150+,obstacle,obstacle,0,0,0,,
2023-05-15_neubiberg_rain__0647_1684157923512800092_vls128.bin,2023-05-15_neubiberg_rain,p64repeat,150+,street_light,obstacle,0,0,0,,
2023-05-15_neubiberg_rain__0647_1684157923512800092_vls128.bin,2023-05-15_neubiberg_rain,p64repeat,150+,ego_vehicle,other,0,0,0,,
2023-05-15_neubiberg_rain__0647_1684157923512800092_vls128.bin,2023-05-15_neubiberg_rain,p64repeat,150+,road_marking,artificial_ground,0,0,0,,
2023-05-15_neubiberg_rain__0647_1684157923512800092_vls128.bin,2023-05-15_neubiberg_rain,p64repeat,150+,car,vehicle,19,9,0,47.36842105263158,0.0
2023-05-15_neubiberg_rain__0647_1684157923512800092_vls128.bin,2023-05-15_neubiberg_rain,p64repeat,150+,bicycle,vehicle,0,0,0,,
2023-05-15_neubiberg_rain__0647_1684157923512800092_vls128.bin,2023-05-15_neubiberg_rain,p64repeat,150+,person,human,0,0,0,,
2023-05-15_neubiberg_rain__0647_1684157923512800092_vls128.bin,2023-05-15_neubiberg_rain,p64repeat,150+,bus,vehicle,0,0,0,,
2023-05-15_neubiberg_rain__0647_1684157923512800092_vls128.bin,2023-05-15_neubiberg_rain,p64repeat,150+,forest,vegetation,49,49,0,100.0,0.0
2023-05-15_neubiberg_rain__0647_1684157923512800092_vls128.bin,2023-05-15_neubiberg_rain,p64repeat,150+,bush,vegetation,0,0,0,,
2023-05-15_neubiberg_rain__0647_1684157923512800092_vls128.bin,2023-05-15_neubiberg_rain,p64repeat,150+,traffic_light,obstacle,0,0,0,,
2023-05-15_neubiberg_rain__0647_1684157923512800092_vls128.bin,2023-05-15_neubiberg_rain,p64repeat,150+,motorcycle,vehicle,0,0,0,,
2023-05-15_neubiberg_rain__0647_1684157923512800092_vls128.bin,2023-05-15_neubiberg_rain,p64repeat,150+,sidewalk,artificial_ground,0,0,0,,
2023-05-15_neubiberg_rain__0647_1684157923512800092_vls128.bin,2023-05-15_neubiberg_rain,p64repeat,150+,curb,artificial_ground,0,0,0,,
2023-05-15_neubiberg_rain__0647_1684157923512800092_vls128.bin,2023-05-15_neubiberg_rain,p64repeat,150+,asphalt,artificial_ground,2,0,0,0.0,0.0
2023-05-15_neubiberg_rain__0647_1684157923512800092_vls128.bin,2023-05-15_neubiberg_rain,p64repeat,150+,boom_barrier,obstacle,0,0,0,,
2023-05-15_neubiberg_rain__0647_1684157923512800092_vls128.bin,2023-05-15_neubiberg_rain,p64repeat,150+,tree_crown,vegetation,546,513,4,93.95604395604396,0.7326007326007326
2023-05-15_neubiberg_rain__0647_1684157923512800092_vls128.bin,2023-05-15_neubiberg_rain,p64repeat,150+,tree_trunk,vegetation,16,6,0,37.5,0.0
2023-05-15_neubiberg_rain__0647_1684157923512800092_vls128.bin,2023-05-15_neubiberg_rain,p64repeat,150+,soil,natural_ground,0,0,0,,
2023-05-15_neubiberg_rain__0647_1684157923512800092_vls128.bin,2023-05-15_neubiberg_rain,p64repeat,150+,rider,human,0,0,0,,
2023-05-15_neubiberg_rain__0647_1684157923512800092_vls128.bin,2023-05-15_neubiberg_rain,p64repeat,150+,truck,vehicle,0,0,0,,
2023-05-15_neubiberg_rain__0647_1684157923512800092_vls128.bin,2023-05-15_neubiberg_rain,p64repeat,150+,caravan,vehicle,0,0,0,,
2023-05-15_neubiberg_rain__0647_1684157923512800092_vls128.bin,2023-05-15_neubiberg_rain,p64repeat,150+,building,artificial_structures,598,440,8,73.57859531772576,1.3377926421404682
2023-05-15_neubiberg_rain__0647_1684157923512800092_vls128.bin,2023-05-15_neubiberg_rain,p64repeat,150+,wall,artificial_structures,0,0,0,,
2023-05-15_neubiberg_rain__0647_1684157923512800092_vls128.bin,2023-05-15_neubiberg_rain,p64repeat,150+,fence,obstacle,0,0,0,,
2023-05-15_neubiberg_rain__0647_1684157923512800092_vls128.bin,2023-05-15_neubiberg_rain,p64repeat,150+,guard_rail,obstacle,0,0,0,,
2023-05-15_neubiberg_rain__0647_1684157923512800092_vls128.bin,2023-05-15_neubiberg_rain,p64repeat,150+,bridge,artificial_structures,0,0,0,,
2023-05-15_neubiberg_rain__0647_1684157923512800092_vls128.bin,2023-05-15_neubiberg_rain,p64repeat,150+,pole,obstacle,0,0,0,,
2023-05-15_neubiberg_rain__0647_1684157923512800092_vls128.bin,2023-05-15_neubiberg_rain,p64repeat,150+,traffic_sign,obstacle,0,0,0,,
2023-05-15_neubiberg_rain__0647_1684157923512800092_vls128.bin,2023-05-15_neubiberg_rain,p64repeat,150+,misc_sign,obstacle,0,0,0,,
2023-05-15_neubiberg_rain__0647_1684157923512800092_vls128.bin,2023-05-15_neubiberg_rain,p64repeat,150+,kick_scooter,vehicle,0,0,0,,
2023-05-15_neubiberg_rain__0647_1684157923512800092_vls128.bin,2023-05-15_neubiberg_rain,p64repeat,150+,low_grass,natural_ground,31,16,16,51.61290322580645,51.61290322580645
2023-05-15_neubiberg_rain__0647_1684157923512800092_vls128.bin,2023-05-15_neubiberg_rain,p64repeat,150+,high_grass,vegetation,0,0,0,,
2023-05-15_neubiberg_rain__0647_1684157923512800092_vls128.bin,2023-05-15_neubiberg_rain,p64repeat,150+,heavy_machinery,vehicle,0,0,0,,
2023-05-15_neubiberg_rain__0647_1684157923512800092_vls128.bin,2023-05-15_neubiberg_rain,p64repeat,150+,container,obstacle,0,0,0,,
2023-05-15_neubiberg_rain__0647_1684157923512800092_vls128.bin,2023-05-15_neubiberg_rain,p64repeat,150+,hedge,vegetation,0,0,0,,
2023-05-15_neubiberg_rain__0647_1684157923512800092_vls128.bin,2023-05-15_neubiberg_rain,p64repeat,0+,undefined,other,202,44,116,21.782178217821784,57.42574257425743
2023-05-15_neubiberg_rain__0647_1684157923512800092_vls128.bin,2023-05-15_neubiberg_rain,p64repeat,0+,cobble,artificial_ground,2224,2152,2217,96.76258992805755,99.68525179856115
2023-05-15_neubiberg_rain__0647_1684157923512800092_vls128.bin,2023-05-15_neubiberg_rain,p64repeat,0+,obstacle,obstacle,3706,707,96,19.077172153264975,2.5903939557474365
2023-05-15_neubiberg_rain__0647_1684157923512800092_vls128.bin,2023-05-15_neubiberg_rain,p64repeat,0+,street_light,obstacle,802,301,3,37.53117206982544,0.3740648379052369
2023-05-15_neubiberg_rain__0647_1684157923512800092_vls128.bin,2023-05-15_neubiberg_rain,p64repeat,0+,ego_vehicle,other,351,128,223,36.46723646723647,63.53276353276353
2023-05-15_neubiberg_rain__0647_1684157923512800092_vls128.bin,2023-05-15_neubiberg_rain,p64repeat,0+,road_marking,artificial_ground,504,498,504,98.80952380952381,100.0
2023-05-15_neubiberg_rain__0647_1684157923512800092_vls128.bin,2023-05-15_neubiberg_rain,p64repeat,0+,car,vehicle,20012,19454,151,97.21167299620228,0.7545472716370177
2023-05-15_neubiberg_rain__0647_1684157923512800092_vls128.bin,2023-05-15_neubiberg_rain,p64repeat,0+,bicycle,vehicle,256,75,17,29.296875,6.640625
2023-05-15_neubiberg_rain__0647_1684157923512800092_vls128.bin,2023-05-15_neubiberg_rain,p64repeat,0+,person,human,853,445,15,52.16881594372802,1.7584994138335288
2023-05-15_neubiberg_rain__0647_1684157923512800092_vls128.bin,2023-05-15_neubiberg_rain,p64repeat,0+,bus,vehicle,10572,9226,35,87.26825576995839,0.33106318577374194
2023-05-15_neubiberg_rain__0647_1684157923512800092_vls128.bin,2023-05-15_neubiberg_rain,p64repeat,0+,forest,vegetation,4843,4371,124,90.25397480900268,2.560396448482346
2023-05-15_neubiberg_rain__0647_1684157923512800092_vls128.bin,2023-05-15_neubiberg_rain,p64repeat,0+,bush,vegetation,1252,1029,169,82.18849840255591,13.498402555910543
2023-05-15_neubiberg_rain__0647_1684157923512800092_vls128.bin,2023-05-15_neubiberg_rain,p64repeat,0+,traffic_light,obstacle,496,399,1,80.44354838709677,0.20161290322580644
2023-05-15_neubiberg_rain__0647_1684157923512800092_vls128.bin,2023-05-15_neubiberg_rain,p64repeat,0+,motorcycle,vehicle,20,0,0,0.0,0.0
2023-05-15_neubiberg_rain__0647_1684157923512800092_vls128.bin,2023-05-15_neubiberg_rain,p64repeat,0+,sidewalk,artificial_ground,5826,5595,5738,96.03501544799177,98.48952969447305
2023-05-15_neubiberg_rain__0647_1684157923512800092_vls128.bin,2023-05-15_neubiberg_rain,p64repeat,0+,curb,artificial_ground,3244,2229,3048,68.711467324291,93.9580764488286
2023-05-15_neubiberg_rain__0647_1684157923512800092_vls128.bin,2023-05-15_neubiberg_rain,p64repeat,0+,asphalt,artificial_ground,23499,22839,23321,97.19136984552534,99.24252095833866
2023-05-15_neubiberg_rain__0647_1684157923512800092_vls128.bin,2023-05-15_neubiberg_rain,p64repeat,0+,boom_barrier,obstacle,23,20,3,86.95652173913044,13.043478260869565
2023-05-15_neubiberg_rain__0647_1684157923512800092_vls128.bin,2023-05-15_neubiberg_rain,p64repeat,0+,tree_crown,vegetation,46619,46321,129,99.36077564941333,0.2767112121667131
2023-05-15_neubiberg_rain__0647_1684157923512800092_vls128.bin,2023-05-15_neubiberg_rain,p64repeat,0+,tree_trunk,vegetation,10764,10423,131,96.83203270159792,1.2170196952805648
2023-05-15_neubiberg_rain__0647_1684157923512800092_vls128.bin,2023-05-15_neubiberg_rain,p64repeat,0+,soil,natural_ground,240,34,230,14.166666666666666,95.83333333333333
2023-05-15_neubiberg_rain__0647_1684157923512800092_vls128.bin,2023-05-15_neubiberg_rain,p64repeat,0+,rider,human,82,0,0,0.0,0.0
2023-05-15_neubiberg_rain__0647_1684157923512800092_vls128.bin,2023-05-15_neubiberg_rain,p64repeat,0+,truck,vehicle,45,0,0,0.0,0.0
2023-05-15_neubiberg_rain__0647_1684157923512800092_vls128.bin,2023-05-15_neubiberg_rain,p64repeat,0+,caravan,vehicle,399,5,1,1.2531328320802004,0.2506265664160401
2023-05-15_neubiberg_rain__0647_1684157923512800092_vls128.bin,2023-05-15_neubiberg_rain,p64repeat,0+,building,artificial_structures,20507,18455,263,89.99366070122397,1.2824889062271418
2023-05-15_neubiberg_rain__0647_1684157923512800092_vls128.bin,2023-05-15_neubiberg_rain,p64repeat,0+,wall,artificial_structures,2420,90,238,3.71900826446281,9.834710743801653
2023-05-15_neubiberg_rain__0647_1684157923512800092_vls128.bin,2023-05-15_neubiberg_rain,p64repeat,0+,fence,obstacle,1122,364,366,32.442067736185386,32.62032085561497
2023-05-15_neubiberg_rain__0647_1684157923512800092_vls128.bin,2023-05-15_neubiberg_rain,p64repeat,0+,guard_rail,obstacle,1593,1152,194,72.31638418079096,12.178279974890144
2023-05-15_neubiberg_rain__0647_1684157923512800092_vls128.bin,2023-05-15_neubiberg_rain,p64repeat,0+,bridge,artificial_structures,3672,2324,653,63.289760348583876,17.78322440087146
2023-05-15_neubiberg_rain__0647_1684157923512800092_vls128.bin,2023-05-15_neubiberg_rain,p64repeat,0+,pole,obstacle,844,578,7,68.48341232227489,0.8293838862559242
2023-05-15_neubiberg_rain__0647_1684157923512800092_vls128.bin,2023-05-15_neubiberg_rain,p64repeat,0+,traffic_sign,obstacle,561,545,0,97.14795008912655,0.0
2023-05-15_neubiberg_rain__0647_1684157923512800092_vls128.bin,2023-05-15_neubiberg_rain,p64repeat,0+,misc_sign,obstacle,761,504,12,66.22864651773982,1.5768725361366622
2023-05-15_neubiberg_rain__0647_1684157923512800092_vls128.bin,2023-05-15_neubiberg_rain,p64repeat,0+,kick_scooter,vehicle,15,0,0,0.0,0.0
2023-05-15_neubiberg_rain__0647_1684157923512800092_vls128.bin,2023-05-15_neubiberg_rain,p64repeat,0+,low_grass,natural_ground,19251,18182,18419,94.44704171211885,95.67814658978754
2023-05-15_neubiberg_rain__0647_1684157923512800092_vls128.bin,2023-05-15_neubiberg_rain,p64repeat,0+,high_grass,vegetation,14121,1367,12725,9.680617520005665,90.11401458820197
2023-05-15_neubiberg_rain__0647_1684157923512800092_vls128.bin,2023-05-15_neubiberg_rain,p64repeat,0+,heavy_machinery,vehicle,5,1,0,20.0,0.0
2023-05-15_neubiberg_rain__0647_1684157923512800092_vls128.bin,2023-05-15_neubiberg_rain,p64repeat,0+,container,obstacle,136,75,5,55.14705882352941,3.676470588235294
2023-05-15_neubiberg_rain__0647_1684157923512800092_vls128.bin,2023-05-15_neubiberg_rain,p64repeat,0+,hedge,vegetation,262,173,85,66.03053435114504,32.44274809160305
2023-05-15_neubiberg_rain__0647_1684157923512800092_vls128.bin,2023-05-15_neubiberg_rain,p128,0-25,undefined,other,63,3,12,4.761904761904762,19.047619047619047
2023-05-15_neubiberg_rain__0647_1684157923512800092_vls128.bin,2023-05-15_neubiberg_rain,p128,0-25,cobble,artificial_ground,1835,1835,1835,100.0,100.0
2023-05-15_neubiberg_rain__0647_1684157923512800092_vls128.bin,2023-05-15_neubiberg_rain,p128,0-25,obstacle,obstacle,19,3,0,15.789473684210526,0.0
2023-05-15_neubiberg_rain__0647_1684157923512800092_vls128.bin,2023-05-15_neubiberg_rain,p128,0-25,street_light,obstacle,221,221,0,100.0,0.0
2023-05-15_neubiberg_rain__0647_1684157923512800092_vls128.bin,2023-05-15_neubiberg_rain,p128,0-25,ego_vehicle,other,351,351,0,100.0,0.0
2023-05-15_neubiberg_rain__0647_1684157923512800092_vls128.bin,2023-05-15_neubiberg_rain,p128,0-25,road_marking,artificial_ground,257,257,257,100.0,100.0
2023-05-15_neubiberg_rain__0647_1684157923512800092_vls128.bin,2023-05-15_neubiberg_rain,p128,0-25,car,vehicle,14550,14488,62,99.57388316151203,0.4261168384879725
2023-05-15_neubiberg_rain__0647_1684157923512800092_vls128.bin,2023-05-15_neubiberg_rain,p128,0-25,bicycle,vehicle,0,0,0,,
2023-05-15_neubiberg_rain__0647_1684157923512800092_vls128.bin,2023-05-15_neubiberg_rain,p128,0-25,person,human,313,253,5,80.83067092651757,1.597444089456869
2023-05-15_neubiberg_rain__0647_1684157923512800092_vls128.bin,2023-05-15_neubiberg_rain,p128,0-25,bus,vehicle,10572,10456,17,98.90276201286417,0.16080211880438894
2023-05-15_neubiberg_rain__0647_1684157923512800092_vls128.bin,2023-05-15_neubiberg_rain,p128,0-25,forest,vegetation,0,0,0,,
2023-05-15_neubiberg_rain__0647_1684157923512800092_vls128.bin,2023-05-15_neubiberg_rain,p128,0-25,bush,vegetation,0,0,0,,
2023-05-15_neubiberg_rain__0647_1684157923512800092_vls128.bin,2023-05-15_neubiberg_rain,p128,0-25,traffic_light,obstacle,122,122,0,100.0,0.0
2023-05-15_neubiberg_rain__0647_1684157923512800092_vls128.bin,2023-05-15_neubiberg_rain,p128,0-25,motorcycle,vehicle,0,0,0,,
2023-05-15_neubiberg_rain__0647_1684157923512800092_vls128.bin,2023-05-15_neubiberg_rain,p128,0-25,sidewalk,artificial_ground,2232,2214,2214,99.19354838709677,99.19354838709677
2023-05-15_neubiberg_rain__0647_1684157923512800092_vls128.bin,2023-05-15_neubiberg_rain,p128,0-25,curb,artificial_ground,1666,1424,1573,85.47418967587035,94.41776710684273
2023-05-15_neubiberg_rain__0647_1684157923512800092_vls128.bin,2023-05-15_neubiberg_rain,p128,0-25,asphalt,artificial_ground,13506,13451,13468,99.59277358211165,99.7186435658226
2023-05-15_neubiberg_rain__0647_1684157923512800092_vls128.bin,2023-05-15_neubiberg_rain,p128,0-25,boom_barrier,obstacle,0,0,0,,
2023-05-15_neubiberg_rain__0647_1684157923512800092_vls128.bin,2023-05-15_neubiberg_rain,p128,0-25,tree_crown,vegetation,11249,11217,0,99.71553026935727,0.0
2023-05-15_neubiberg_rain__0647_1684157923512800092_vls128.bin,2023-05-15_neubiberg_rain,p128,0-25,tree_trunk,vegetation,5850,5827,9,99.6068376068376,0.15384615384615385
2023-05-15_neubiberg_rain__0647_1684157923512800092_vls128.bin,2023-05-15_neubiberg_rain,p128,0-25,soil,natural_ground,0,0,0,,
2023-05-15_neubiberg_rain__0647_1684157923512800092_vls128.bin,2023-05-15_neubiberg_rain,p128,0-25,rider,human,0,0,0,,
2023-05-15_neubiberg_rain__0647_1684157923512800092_vls128.bin,2023-05-15_neubiberg_rain,p128,0-25,truck,vehicle,0,0,0,,
2023-05-15_neubiberg_rain__0647_1684157923512800092_vls128.bin,2023-05-15_neubiberg_rain,p128,0-25,caravan,vehicle,0,0,0,,
2023-05-15_neubiberg_rain__0647_1684157923512800092_vls128.bin,2023-05-15_neubiberg_rain,p128,0-25,building,artificial_structures,986,770,9,78.09330628803245,0.9127789046653144
2023-05-15_neubiberg_rain__0647_1684157923512800092_vls128.bin,2023-05-15_neubiberg_rain,p128,0-25,wall,artificial_structures,0,0,0,,
2023-05-15_neubiberg_rain__0647_1684157923512800092_vls128.bin,2023-05-15_neubiberg_rain,p128,0-25,fence,obstacle,0,0,0,,
2023-05-15_neubiberg_rain__0647_1684157923512800092_vls128.bin,2023-05-15_neubiberg_rain,p128,0-25,guard_rail,obstacle,1366,1053,126,77.08638360175695,9.224011713030746
2023-05-15_neubiberg_rain__0647_1684157923512800092_vls128.bin,2023-05-15_neubiberg_rain,p128,0-25,bridge,artificial_structures,0,0,0,,
2023-05-15_neubiberg_rain__0647_1684157923512800092_vls128.bin,2023-05-15_neubiberg_rain,p128,0-25,pole,obstacle,324,283,3,87.34567901234568,0.9259259259259259
2023-05-15_neubiberg_rain__0647_1684157923512800092_vls128.bin,2023-05-15_neubiberg_rain,p128,0-25,traffic_sign,obstacle,268,268,0,100.0,0.0
2023-05-15_neubiberg_rain__0647_1684157923512800092_vls128.bin,2023-05-15_neubiberg_rain,p128,0-25,misc_sign,obstacle,275,273,1,99.27272727272727,0.36363636363636365
2023-05-15_neubiberg_rain__0647_1684157923512800092_vls128.bin,2023-05-15_neubiberg_rain,p128,0-25,kick_scooter,vehicle,0,0,0,,
2023-05-15_neubiberg_rain__0647_1684157923512800092_vls128.bin,2023-05-15_neubiberg_rain,p128,0-25,low_grass,natural_ground,1543,1357,1451,87.9455605962411,94.03758911211925
2023-05-15_neubiberg_rain__0647_1684157923512800092_vls128.bin,2023-05-15_neubiberg_rain,p128,0-25,high_grass,vegetation,11967,1127,10814,9.417564970335087,90.36517088660483
2023-05-15_neubiberg_rain__0647_1684157923512800092_vls128.bin,2023-05-15_neubiberg_rain,p128,0-25,heavy_machinery,vehicle,0,0,0,,
2023-05-15_neubiberg_rain__0647_1684157923512800092_vls128.bin,2023-05-15_neubiberg_rain,p128,0-25,container,obstacle,0,0,0,,
2023-05-15_neubiberg_rain__0647_1684157923512800092_vls128.bin,2023-05-15_neubiberg_rain,p128,0-25,hedge,vegetation,0,0,0,,
2023-05-15_neubiberg_rain__0647_1684157923512800092_vls128.bin,2023-05-15_neubiberg_rain,p128,25-50,undefined,other,129,42,81,32.55813953488372,62.7906976744186
2023-05-15_neubiberg_rain__0647_1684157923512800092_vls128.bin,2023-05-15_neubiberg_rain,p128,25-50,cobble,artificial_ground,254,248,254,97.63779527559055,100.0
2023-05-15_neubiberg_rain__0647_1684157923512800092_vls128.bin,2023-05-15_neubiberg_rain,p128,25-50,obstacle,obstacle,3106,917,7,29.523502897617515,0.22537025112685125
2023-05-15_neubiberg_rain__0647_1684157923512800092_vls128.bin,2023-05-15_neubiberg_rain,p128,25-50,street_light,obstacle,427,284,0,66.51053864168618,0.0
2023-05-15_neubiberg_rain__0647_1684157923512800092_vls128.bin,2023-05-15_neubiberg_rain,p128,25-50,ego_vehicle,other,0,0,0,,
2023-05-15_neubiberg_rain__0647_1684157923512800092_vls128.bin,2023-05-15_neubiberg_rain,p128,25-50,road_marking,artificial_ground,228,227,227,99.56140350877193,99.56140350877193
2023-05-15_neubiberg_rain__0647_1684157923512800092_vls128.bin,2023-05-15_neubiberg_rain,p128,25-50,car,vehicle,4057,3994,46,98.44712842001479,1.1338427409415825
2023-05-15_neubiberg_rain__0647_1684157923512800092_vls128.bin,2023-05-15_neubiberg_rain,p128,25-50,bicycle,vehicle,138,99,3,71.73913043478261,2.1739130434782608
2023-05-15_neubiberg_rain__0647_1684157923512800092_vls128.bin,2023-05-15_neubiberg_rain,p128,25-50,person,human,327,314,9,96.02446483180428,2.7522935779816513
2023-05-15_neubiberg_rain__0647_1684157923512800092_vls128.bin,2023-05-15_neubiberg_rain,p128,25-50,bus,vehicle,0,0,0,,
2023-05-15_neubiberg_rain__0647_1684157923512800092_vls128.bin,2023-05-15_neubiberg_rain,p128,25-50,forest,vegetation,2259,2066,0,91.45639663567951,0.0
2023-05-15_neubiberg_rain__0647_1684157923512800092_vls128.bin,2023-05-15_neubiberg_rain,p128,25-50,bush,vegetation,0,0,0,,
2023-05-15_neubiberg_rain__0647_1684157923512800092_vls128.bin,2023-05-15_neubiberg_rain,p128,25-50,traffic_light,obstacle,292,292,0,100.0,0.0
2023-05-15_neubiberg_rain__0647_1684157923512800092_vls128.bin,2023-05-15_neubiberg_rain,p128,25-50,motorcycle,vehicle,0,0,0,,
2023-05-15_neubiberg_rain__0647_1684157923512800092_vls128.bin,2023-05-15_neubiberg_rain,p128,25-50,sidewalk,artificial_ground,3308,3195,3248,96.58403869407498,98.18621523579202
2023-05-15_neubiberg_rain__0647_1684157923512800092_vls128.bin,2023-05-15_neubiberg_rain,p128,25-50,curb,artificial_ground,1405,944,1303,67.18861209964413,92.74021352313167
2023-05-15_neubiberg_rain__0647_1684157923512800092_vls128.bin,2023-05-15_neubiberg_rain,p128,25-50,asphalt,artificial_ground,8501,8420,8445,99.04717092106812,99.34125397012116
2023-05-15_neubiberg_rain__0647_1684157923512800092_vls128.bin,2023-05-15_neubiberg_rain,p128,25-50,boom_barrier,obstacle,0,0,0,,
2023-05-15_neubiberg_rain__0647_1684157923512800092_vls128.bin,2023-05-15_neubiberg_rain,p128,25-50,tree_crown,vegetation,19210,19200,5,99.94794377928163,0.026028110359187923
2023-05-15_neubiberg_rain__0647_1684157923512800092_vls128.bin,2023-05-15_neubiberg_rain,p128,25-50,tree_trunk,vegetation,2948,2837,60,96.23473541383989,2.03527815468114
2023-05-15_neubiberg_rain__0647_1684157923512800092_vls128.bin,2023-05-15_neubiberg_rain,p128,25-50,soil,natural_ground,22,0,22,0.0,100.0
2023-05-15_neubiberg_rain__0647_1684157923512800092_vls128.bin,2023-05-15_neubiberg_rain,p128,25-50,rider,human,82,64,0,78.04878048780488,0.0
2023-05-15_neubiberg_rain__0647_1684157923512800092_vls128.bin,2023-05-15_neubiberg_rain,p128,25-50,truck,vehicle,0,0,0,,
2023-05-15_neubiberg_rain__0647_1684157923512800092_vls128.bin,2023-05-15_neubiberg_rain,p128,25-50,caravan,vehicle,0,0,0,,
2023-05-15_neubiberg_rain__0647_1684157923512800092_vls128.bin,2023-05-15_neubiberg_rain,p128,25-50,building,artificial_structures,15069,14633,48,97.10664277656115,0.31853474019510253
2023-05-15_neubiberg_rain__0647_1684157923512800092_vls128.bin,2023-05-15_neubiberg_rain,p128,25-50,wall,artificial_structures,1108,0,4,0.0,0.36101083032490977
2023-05-15_neubiberg_rain__0647_1684157923512800092_vls128.bin,2023-05-15_neubiberg_rain,p128,25-50,fence,obstacle,563,268,165,47.60213143872114,29.30728241563055
2023-05-15_neubiberg_rain__0647_1684157923512800092_vls128.bin,2023-05-15_neubiberg_rain,p128,25-50,guard_rail,obstacle,188,130,30,69.14893617021276,15.957446808510639
2023-05-15_neubiberg_rain__0647_1684157923512800092_vls128.bin,2023-05-15_neubiberg_rain,p128,25-50,bridge,artificial_structures,103,102,0,99.02912621359224,0.0
2023-05-15_neubiberg_rain__0647_1684157923512800092_vls128.bin,2023-05-15_neubiberg_rain,p128,25-50,pole,obstacle,427,411,6,96.25292740046838,1.405152224824356
2023-05-15_neubiberg_rain__0647_1684157923512800092_vls128.bin,2023-05-15_neubiberg_rain,p128,25-50,traffic_sign,obstacle,207,207,0,100.0,0.0
2023-05-15_neubiberg_rain__0647_1684157923512800092_vls128.bin,2023-05-15_neubiberg_rain,p128,25-50,misc_sign,obstacle,293,90,2,30.716723549488055,0.6825938566552902
2023-05-15_neubiberg_rain__0647_1684157923512800092_vls128.bin,2023-05-15_neubiberg_rain,p128,25-50,kick_scooter,vehicle,0,0,0,,
2023-05-15_neubiberg_rain__0647_1684157923512800092_vls128.bin,2023-05-15_neubiberg_rain,p128,25-50,low_grass,natural_ground,11368,10924,11122,96.09429978888107,97.83603096410978
2023-05-15_neubiberg_rain__0647_1684157923512800092_vls128.bin,2023-05-15_neubiberg_rain,p128,25-50,high_grass,vegetation,1596,112,1484,7.017543859649122,92.98245614035088
2023-05-15_neubiberg_rain__0647_1684157923512800092_vls128.bin,2023-05-15_neubiberg_rain,p128,25-50,heavy_machinery,vehicle,0,0,0,,
2023-05-15_neubiberg_rain__0647_1684157923512800092_vls128.bin,2023-05-15_neubiberg_rain,p128,25-50,container,obstacle,0,0,0,,
2023-05-15_neubiberg_rain__0647_1684157923512800092_vls128.bin,2023-05-15_neubiberg_rain,p128,25-50,hedge,vegetation,0,0,0,,
2023-05-15_neubiberg_rain__0647_1684157923512800092_vls128.bin,2023-05-15_neubiberg_rain,p128,50-100,undefined,other,8,2,6,25.0,75.0
2023-05-15_neubiberg_rain__0647_1684157923512800092_vls128.bin,2023-05-15_neubiberg_rain,p128,50-100,cobble,artificial_ground,130,121,125,93.07692307692308,96.15384615384616
2023-05-15_neubiberg_rain__0647_1684157923512800092_vls128.bin,2023-05-15_neubiberg_rain,p128,50-100,obstacle,obstacle,522,176,89,33.71647509578544,17.049808429118773
2023-05-15_neubiberg_rain__0647_1684157923512800092_vls128.bin,2023-05-15_neubiberg_rain,p128,50-100,street_light,obstacle,150,81,0,54.0,0.0
2023-05-15_neubiberg_rain__0647_1684157923512800092_vls128.bin,2023-05-15_neubiberg_rain,p128,50-100,ego_vehicle,other,0,0,0,,
2023-05-15_neubiberg_rain__0647_1684157923512800092_vls128.bin,2023-05-15_neubiberg_rain,p128,50-100,road_marking,artificial_ground,19,19,19,100.0,100.0
2023-05-15_neubiberg_rain__0647_1684157923512800092_vls128.bin,2023-05-15_neubiberg_rain,p128,50-100,car,vehicle,1326,1258,36,94.87179487179488,2.7149321266968327
2023-05-15_neubiberg_rain__0647_1684157923512800092_vls128.bin,2023-05-15_neubiberg_rain,p128,50-100,bicycle,vehicle,118,34,5,28.8135593220339,4.237288135593221
2023-05-15_neubiberg_rain__0647_1684157923512800092_vls128.bin,2023-05-15_neubiberg_rain,p128,50-100,person,human,213,28,1,13.145539906103286,0.4694835680751174
2023-05-15_neubiberg_rain__0647_1684157923512800092_vls128.bin,2023-05-15_neubiberg_rain,p128,50-100,bus,vehicle,0,0,0,,
2023-05-15_neubiberg_rain__0647_1684157923512800092_vls128.bin,2023-05-15_neubiberg_rain,p128,50-100,forest,vegetation,1961,1763,54,89.90311065782764,2.753697093319735
2023-05-15_neubiberg_rain__0647_1684157923512800092_vls128.bin,2023-05-15_neubiberg_rain,p128,50-100,bush,vegetation,1062,878,165,82.67419962335217,15.536723163841808
2023-05-15_neubiberg_rain__0647_1684157923512800092_vls128.bin,2023-05-15_neubiberg_rain,p128,50-100,traffic_light,obstacle,82,44,0,53.65853658536585,0.0
2023-05-15_neubiberg_rain__0647_1684157923512800092_vls128.bin,2023-05-15_neubiberg_rain,p128,50-100,motorcycle,vehicle,20,0,0,0.0,0.0
2023-05-15_neubiberg_rain__0647_1684157923512800092_vls128.bin,2023-05-15_neubiberg_rain,p128,50-100,sidewalk,artificial_ground,286,243,273,84.96503496503496,95.45454545454545
2023-05-15_neubiberg_rain__0647_1684157923512800092_vls128.bin,2023-05-15_neubiberg_rain,p128,50-100,curb,artificial_ground,173,99,166,57.225433526011564,95.95375722543352
2023-05-15_neubiberg_rain__0647_1684157923512800092_vls128.bin,2023-05-15_neubiberg_rain,p128,50-100,asphalt,artificial_ground,1452,1320,1407,90.9090909090909,96.90082644628099
2023-05-15_neubiberg_rain__0647_1684157923512800092_vls128.bin,2023-05-15_neubiberg_rain,p128,50-100,boom_barrier,obstacle,23,23,0,100.0,0.0
2023-05-15_neubiberg_rain__0647_1684157923512800092_vls128.bin,2023-05-15_neubiberg_rain,p128,50-100,tree_crown,vegetation,14860,14818,5,99.71736204576042,0.033647375504710635
2023-05-15_neubiberg_rain__0647_1684157923512800092_vls128.bin,2023-05-15_neubiberg_rain,p128,50-100,tree_trunk,vegetation,1659,1601,47,96.50391802290537,2.8330319469559977
2023-05-15_neubiberg_rain__0647_1684157923512800092_vls128.bin,2023-05-15_neubiberg_rain,p128,50-100,soil,natural_ground,218,19,202,8.715596330275229,92.66055045871559
2023-05-15_neubiberg_rain__0647_1684157923512800092_vls128.bin,2023-05-15_neubiberg_rain,p128,50-100,rider,human,0,0,0,,
2023-05-15_neubiberg_rain__0647_1684157923512800092_vls128.bin,2023-05-15_neubiberg_rain,p128,50-100,truck,vehicle,0,0,0,,
2023-05-15_neubiberg_rain__0647_1684157923512800092_vls128.bin,2023-05-15_neubiberg_rain,p128,50-100,caravan,vehicle,399,151,2,37.84461152882206,0.5012531328320802
2023-05-15_neubiberg_rain__0647_1684157923512800092_vls128.bin,2023-05-15_neubiberg_rain,p128,50-100,building,artificial_structures,2831,2360,53,83.36276933945602,1.8721299894030379
2023-05-15_neubiberg_rain__0647_1684157923512800092_vls128.bin,2023-05-15_neubiberg_rain,p128,50-100,wall,artificial_structures,1311,133,176,10.144927536231885,13.424866514111365
2023-05-15_neubiberg_rain__0647_1684157923512800092_vls128.bin,2023-05-15_neubiberg_rain,p128,50-100,fence,obstacle,549,201,176,36.612021857923494,32.05828779599271
2023-05-15_neubiberg_rain__0647_1684157923512800092_vls128.bin,2023-05-15_neubiberg_rain,p128,50-100,guard_rail,obstacle,39,5,23,12.820512820512821,58.97435897435897
2023-05-15_neubiberg_rain__0647_1684157923512800092_vls128.bin,2023-05-15_neubiberg_rain,p128,50-100,bridge,artificial_structures,3109,2509,356,80.70119009327757,11.450627211321969
2023-05-15_neubiberg_rain__0647_1684157923512800092_vls128.bin,2023-05-15_neubiberg_rain,p128,50-100,pole,obstacle,89,43,0,48.31460674157304,0.0
2023-05-15_neubiberg_rain__0647_1684157923512800092_vls128.bin,2023-05-15_neubiberg_rain,p128,50-100,traffic_sign,obstacle,52,52,0,100.0,0.0
2023-05-15_neubiberg_rain__0647_1684157923512800092_vls128.bin,2023-05-15_neubiberg_rain,p128,50-100,misc_sign,obstacle,189,158,20,83.5978835978836,10.582010582010582
2023-05-15_neubiberg_rain__0647_1684157923512800092_vls128.bin,2023-05-15_neubiberg_rain,p128,50-100,kick_scooter,vehicle,15,0,0,0.0,0.0
2023-05-15_neubiberg_rain__0647_1684157923512800092_vls128.bin,2023-05-15_neubiberg_rain,p128,50-100,low_grass,natural_ground,6139,5645,5671,91.95308682195797,92.37660856817071
2023-05-15_neubiberg_rain__0647_1684157923512800092_vls128.bin,2023-05-15_neubiberg_rain,p128,50-100,high_grass,vegetation,548,234,302,42.7007299270073,55.10948905109489
2023-05-15_neubiberg_rain__0647_1684157923512800092_vls128.bin,2023-05-15_neubiberg_rain,p128,50-100,heavy_machinery,vehicle,0,0,0,,
2023-05-15_neubiberg_rain__0647_1684157923512800092_vls128.bin,2023-05-15_neubiberg_rain,p128,50-100,container,obstacle,38,38,0,100.0,0.0
2023-05-15_neubiberg_rain__0647_1684157923512800092_vls128.bin,2023-05-15_neubiberg_rain,p128,50-100,hedge,vegetation,211,158,53,74.88151658767772,25.118483412322274
2023-05-15_neubiberg_rain__0647_1684157923512800092_vls128.bin,2023-05-15_neubiberg_rain,p128,100-150,undefined,other,2,0,1,0.0,50.0
2023-05-15_neubiberg_rain__0647_1684157923512800092_vls128.bin,2023-05-15_neubiberg_rain,p128,100-150,cobble,artificial_ground,5,3,3,60.0,60.0
2023-05-15_neubiberg_rain__0647_1684157923512800092_vls128.bin,2023-05-15_neubiberg_rain,p128,100-150,obstacle,obstacle,59,5,0,8.474576271186441,0.0
2023-05-15_neubiberg_rain__0647_1684157923512800092_vls128.bin,2023-05-15_neubiberg_rain,p128,100-150,street_light,obstacle,4,4,0,100.0,0.0
2023-05-15_neubiberg_rain__0647_1684157923512800092_vls128.bin,2023-05-15_neubiberg_rain,p128,100-150,ego_vehicle,other,0,0,0,,
2023-05-15_neubiberg_rain__0647_1684157923512800092_vls128.bin,2023-05-15_neubiberg_rain,p128,100-150,road_marking,artificial_ground,0,0,0,,
2023-05-15_neubiberg_rain__0647_1684157923512800092_vls128.bin,2023-05-15_neubiberg_rain,p128,100-150,car,vehicle,60,19,8,31.666666666666668,13.333333333333334
2023-05-15_neubiberg_rain__0647_1684157923512800092_vls128.bin,2023-05-15_neubiberg_rain,p128,100-150,bicycle,vehicle,0,0,0,,
2023-05-15_neubiberg_rain__0647_1684157923512800092_vls128.bin,2023-05-15_neubiberg_rain,p128,100-150,person,human,0,0,0,,
2023-05-15_neubiberg_rain__0647_1684157923512800092_vls128.bin,2023-05-15_neubiberg_rain,p128,100-150,bus,vehicle,0,0,0,,
2023-05-15_neubiberg_rain__0647_1684157923512800092_vls128.bin,2023-05-15_neubiberg_rain,p128,100-150,forest,vegetation,574,573,1,99.82578397212544,0.17421602787456447
2023-05-15_neubiberg_rain__0647_1684157923512800092_vls128.bin,2023-05-15_neubiberg_rain,p128,100-150,bush,vegetation,190,146,4,76.84210526315789,2.1052631578947367
2023-05-15_neubiberg_rain__0647_1684157923512800092_vls128.bin,2023-05-15_neubiberg_rain,p128,100-150,traffic_light,obstacle,0,0,0,,
2023-05-15_neubiberg_rain__0647_1684157923512800092_vls128.bin,2023-05-15_neubiberg_rain,p128,100-150,motorcycle,vehicle,0,0,0,,
2023-05-15_neubiberg_rain__0647_1684157923512800092_vls128.bin,2023-05-15_neubiberg_rain,p128,100-150,sidewalk,artificial_ground,0,0,0,,
2023-05-15_neubiberg_rain__0647_1684157923512800092_vls128.bin,2023-05-15_neubiberg_rain,p128,100-150,curb,artificial_ground,0,0,0,,
2023-05-15_neubiberg_rain__0647_1684157923512800092_vls128.bin,2023-05-15_neubiberg_rain,p128,100-150,asphalt,artificial_ground,38,16,28,42.10526315789474,73.6842105263158
2023-05-15_neubiberg_rain__0647_1684157923512800092_vls128.bin,2023-05-15_neubiberg_rain,p128,100-150,boom_barrier,obstacle,0,0,0,,
2023-05-15_neubiberg_rain__0647_1684157923512800092_vls128.bin,2023-05-15_neubiberg_rain,p128,100-150,tree_crown,vegetation,754,753,0,99.86737400530504,0.0
2023-05-15_neubiberg_rain__0647_1684157923512800092_vls128.bin,2023-05-15_neubiberg_rain,p128,100-150,tree_trunk,vegetation,291,287,0,98.62542955326461,0.0
2023-05-15_neubiberg_rain__0647_1684157923512800092_vls128.bin,2023-05-15_neubiberg_rain,p128,100-150,soil,natural_ground,0,0,0,,
2023-05-15_neubiberg_rain__0647_1684157923512800092_vls128.bin,2023-05-15_neubiberg_rain,p128,100-150,rider,human,0,0,0,,
2023-05-15_neubiberg_rain__0647_1684157923512800092_vls128.bin,2023-05-15_neubiberg_rain,p128,100-150,truck,vehicle,45,0,0,0.0,0.0
2023-05-15_neubiberg_rain__0647_1684157923512800092_vls128.bin,2023-05-15_neubiberg_rain,p128,100-150,caravan,vehicle,0,0,0,,
2023-05-15_neubiberg_rain__0647_1684157923512800092_vls128.bin,2023-05-15_neubiberg_rain,p128,100-150,building,artificial_structures,1023,559,35,54.64320625610948,3.421309872922776
2023-05-15_neubiberg_rain__0647_1684157923512800092_vls128.bin,2023-05-15_neubiberg_rain,p128,100-150,wall,artificial_structures,1,0,0,0.0,0.0
2023-05-15_neubiberg_rain__0647_1684157923512800092_vls128.bin,2023-05-15_neubiberg_rain,p128,100-150,fence,obstacle,10,10,0,100.0,0.0
2023-05-15_neubiberg_rain__0647_1684157923512800092_vls128.bin,2023-05-15_neubiberg_rain,p128,100-150,guard_rail,obstacle,0,0,0,,
2023-05-15_neubiberg_rain__0647_1684157923512800092_vls128.bin,2023-05-15_neubiberg_rain,p128,100-150,bridge,artificial_structures,460,114,89,24.782608695652176,19.347826086956523
2023-05-15_neubiberg_rain__0647_1684157923512800092_vls128.bin,2023-05-15_neubiberg_rain,p128,100-150,pole,obstacle,4,1,0,25.0,0.0
2023-05-15_neubiberg_rain__0647_1684157923512800092_vls128.bin,2023-05-15_neubiberg_rain,p128,100-150,traffic_sign,obstacle,34,31,0,91.17647058823529,0.0
2023-05-15_neubiberg_rain__0647_1684157923512800092_vls128.bin,2023-05-15_neubiberg_rain,p128,100-150,misc_sign,obstacle,4,4,0,100.0,0.0
2023-05-15_neubiberg_rain__0647_1684157923512800092_vls128.bin,2023-05-15_neubiberg_rain,p128,100-150,kick_scooter,vehicle,0,0,0,,
2023-05-15_neubiberg_rain__0647_1684157923512800092_vls128.bin,2023-05-15_neubiberg_rain,p128,100-150,low_grass,natural_ground,170,116,116,68.23529411764706,68.23529411764706
2023-05-15_neubiberg_rain__0647_1684157923512800092_vls128.bin,2023-05-15_neubiberg_rain,p128,100-150,high_grass,vegetation,10,10,0,100.0,0.0
2023-05-15_neubiberg_rain__0647_1684157923512800092_vls128.bin,2023-05-15_neubiberg_rain,p128,100-150,heavy_machinery,vehicle,5,0,0,0.0,0.0
2023-05-15_neubiberg_rain__0647_1684157923512800092_vls128.bin,2023-05-15_neubiberg_rain,p128,100-150,container,obstacle,98,75,6,76.53061224489795,6.122448979591836
2023-05-15_neubiberg_rain__0647_1684157923512800092_vls128.bin,2023-05-15_neubiberg_rain,p128,100-150,hedge,vegetation,51,47,0,92.15686274509804,0.0
2023-05-15_neubiberg_rain__0647_1684157923512800092_vls128.bin,2023-05-15_neubiberg_rain,p128,150+,undefined,other,0,0,0,,
2023-05-15_neubiberg_rain__0647_1684157923512800092_vls128.bin,2023-05-15_neubiberg_rain,p128,150+,cobble,artificial_ground,0,0,0,,
2023-05-15_neubiberg_rain__0647_1684157923512800092_vls128.bin,2023-05-15_neubiberg_rain,p128,150+,obstacle,obstacle,0,0,0,,
2023-05-15_neubiberg_rain__0647_1684157923512800092_vls128.bin,2023-05-15_neubiberg_rain,p128,150+,street_light,obstacle,0,0,0,,
2023-05-15_neubiberg_rain__0647_1684157923512800092_vls128.bin,2023-05-15_neubiberg_rain,p128,150+,ego_vehicle,other,0,0,0,,
2023-05-15_neubiberg_rain__0647_1684157923512800092_vls128.bin,2023-05-15_neubiberg_rain,p128,150+,road_marking,artificial_ground,0,0,0,,
2023-05-15_neubiberg_rain__0647_1684157923512800092_vls128.bin,2023-05-15_neubiberg_rain,p128,150+,car,vehicle,19,9,0,47.36842105263158,0.0
2023-05-15_neubiberg_rain__0647_1684157923512800092_vls128.bin,2023-05-15_neubiberg_rain,p128,150+,bicycle,vehicle,0,0,0,,
2023-05-15_neubiberg_rain__0647_1684157923512800092_vls128.bin,2023-05-15_neubiberg_rain,p128,150+,person,human,0,0,0,,
2023-05-15_neubiberg_rain__0647_1684157923512800092_vls128.bin,2023-05-15_neubiberg_rain,p128,150+,bus,vehicle,0,0,0,,
2023-05-15_neubiberg_rain__0647_1684157923512800092_vls128.bin,2023-05-15_neubiberg_rain,p128,150+,forest,vegetation,49,49,0,100.0,0.0
2023-05-15_neubiberg_rain__0647_1684157923512800092_vls128.bin,2023-05-15_neubiberg_rain,p128,150+,bush,vegetation,0,0,0,,
2023-05-15_neubiberg_rain__0647_1684157923512800092_vls128.bin,2023-05-15_neubiberg_rain,p128,150+,traffic_light,obstacle,0,0,0,,
2023-05-15_neubiberg_rain__0647_1684157923512800092_vls128.bin,2023-05-15_neubiberg_rain,p128,150+,motorcycle,vehicle,0,0,0,,
2023-05-15_neubiberg_rain__0647_1684157923512800092_vls128.bin,2023-05-15_neubiberg_rain,p128,150+,sidewalk,artificial_ground,0,0,0,,
2023-05-15_neubiberg_rain__0647_1684157923512800092_vls128.bin,2023-05-15_neubiberg_rain,p128,150+,curb,artificial_ground,0,0,0,,
2023-05-15_neubiberg_rain__0647_1684157923512800092_vls128.bin,2023-05-15_neubiberg_rain,p128,150+,asphalt,artificial_ground,2,0,0,0.0,0.0
2023-05-15_neubiberg_rain__0647_1684157923512800092_vls128.bin,2023-05-15_neubiberg_rain,p128,150+,boom_barrier,obstacle,0,0,0,,
2023-05-15_neubiberg_rain__0647_1684157923512800092_vls128.bin,2023-05-15_neubiberg_rain,p128,150+,tree_crown,vegetation,546,519,0,95.05494505494505,0.0
2023-05-15_neubiberg_rain__0647_1684157923512800092_vls128.bin,2023-05-15_neubiberg_rain,p128,150+,tree_trunk,vegetation,16,6,0,37.5,0.0
2023-05-15_neubiberg_rain__0647_1684157923512800092_vls128.bin,2023-05-15_neubiberg_rain,p128,150+,soil,natural_ground,0,0,0,,
2023-05-15_neubiberg_rain__0647_1684157923512800092_vls128.bin,2023-05-15_neubiberg_rain,p128,150+,rider,human,0,0,0,,
2023-05-15_neubiberg_rain__0647_1684157923512800092_vls128.bin,2023-05-15_neubiberg_rain,p128,150+,truck,vehicle,0,0,0,,
2023-05-15_neubiberg_rain__0647_1684157923512800092_vls128.bin,2023-05-15_neubiberg_rain,p128,150+,caravan,vehicle,0,0,0,,
2023-05-15_neubiberg_rain__0647_1684157923512800092_vls128.bin,2023-05-15_neubiberg_rain,p128,150+,building,artificial_structures,598,448,1,74.91638795986623,0.16722408026755853
2023-05-15_neubiberg_rain__0647_1684157923512800092_vls128.bin,2023-05-15_neubiberg_rain,p128,150+,wall,artificial_structures,0,0,0,,
2023-05-15_neubiberg_rain__0647_1684157923512800092_vls128.bin,2023-05-15_neubiberg_rain,p128,150+,fence,obstacle,0,0,0,,
2023-05-15_neubiberg_rain__0647_1684157923512800092_vls128.bin,2023-05-15_neubiberg_rain,p128,150+,guard_rail,obstacle,0,0,0,,
2023-05-15_neubiberg_rain__0647_1684157923512800092_vls128.bin,2023-05-15_neubiberg_rain,p128,150+,bridge,artificial_structures,0,0,0,,
2023-05-15_neubiberg_rain__0647_1684157923512800092_vls128.bin,2023-05-15_neubiberg_rain,p128,150+,pole,obstacle,0,0,0,,
2023-05-15_neubiberg_rain__0647_1684157923512800092_vls128.bin,2023-05-15_neubiberg_rain,p128,150+,traffic_sign,obstacle,0,0,0,,
2023-05-15_neubiberg_rain__0647_1684157923512800092_vls128.bin,2023-05-15_neubiberg_rain,p128,150+,misc_sign,obstacle,0,0,0,,
2023-05-15_neubiberg_rain__0647_1684157923512800092_vls128.bin,2023-05-15_neubiberg_rain,p128,150+,kick_scooter,vehicle,0,0,0,,
2023-05-15_neubiberg_rain__0647_1684157923512800092_vls128.bin,2023-05-15_neubiberg_rain,p128,150+,low_grass,natural_ground,31,14,14,45.16129032258065,45.16129032258065
2023-05-15_neubiberg_rain__0647_1684157923512800092_vls128.bin,2023-05-15_neubiberg_rain,p128,150+,high_grass,vegetation,0,0,0,,
2023-05-15_neubiberg_rain__0647_1684157923512800092_vls128.bin,2023-05-15_neubiberg_rain,p128,150+,heavy_machinery,vehicle,0,0,0,,
2023-05-15_neubiberg_rain__0647_1684157923512800092_vls128.bin,2023-05-15_neubiberg_rain,p128,150+,container,obstacle,0,0,0,,
2023-05-15_neubiberg_rain__0647_1684157923512800092_vls128.bin,2023-05-15_neubiberg_rain,p128,150+,hedge,vegetation,0,0,0,,
2023-05-15_neubiberg_rain__0647_1684157923512800092_vls128.bin,2023-05-15_neubiberg_rain,p128,0+,undefined,other,202,47,100,23.26732673267327,49.504950495049506
2023-05-15_neubiberg_rain__0647_1684157923512800092_vls128.bin,2023-05-15_neubiberg_rain,p128,0+,cobble,artificial_ground,2224,2207,2217,99.23561151079137,99.68525179856115
2023-05-15_neubiberg_rain__0647_1684157923512800092_vls128.bin,2023-05-15_neubiberg_rain,p128,0+,obstacle,obstacle,3706,1101,96,29.708580679978414,2.5903939557474365
2023-05-15_neubiberg_rain__0647_1684157923512800092_vls128.bin,2023-05-15_neubiberg_rain,p128,0+,street_light,obstacle,802,590,0,73.56608478802993,0.0
2023-05-15_neubiberg_rain__0647_1684157923512800092_vls128.bin,2023-05-15_neubiberg_rain,p128,0+,ego_vehicle,other,351,351,0,100.0,0.0
2023-05-15_neubiberg_rain__0647_1684157923512800092_vls128.bin,2023-05-15_neubiberg_rain,p128,0+,road_marking,artificial_ground,504,503,503,99.8015873015873,99.8015873015873
2023-05-15_neubiberg_rain__0647_1684157923512800092_vls128.bin,2023-05-15_neubiberg_rain,p128,0+,car,vehicle,20012,19768,152,98.78073156106336,0.7595442734359384
2023-05-15_neubiberg_rain__0647_1684157923512800092_vls128.bin,2023-05-15_neubiberg_rain,p128,0+,bicycle,vehicle,256,133,8,51.953125,3.125
2023-05-15_neubiberg_rain__0647_1684157923512800092_vls128.bin,2023-05-15_neubiberg_rain,p128,0+,person,human,853,595,15,69.75381008206331,1.7584994138335288
2023-05-15_neubiberg_rain__0647_1684157923512800092_vls128.bin,2023-05-15_neubiberg_rain,p128,0+,bus,vehicle,10572,10456,17,98.90276201286417,0.16080211880438894
2023-05-15_neubiberg_rain__0647_1684157923512800092_vls128.bin,2023-05-15_neubiberg_rain,p128,0+,forest,vegetation,4843,4451,55,91.9058434854429,1.1356597150526533
2023-05-15_neubiberg_rain__0647_1684157923512800092_vls128.bin,2023-05-15_neubiberg_rain,p128,0+,bush,vegetation,1252,1024,169,81.78913738019169,13.498402555910543
2023-05-15_neubiberg_rain__0647_1684157923512800092_vls128.bin,2023-05-15_neubiberg_rain,p128,0+,traffic_light,obstacle,496,458,0,92.33870967741936,0.0
2023-05-15_neubiberg_rain__0647_1684157923512800092_vls128.bin,2023-05-15_neubiberg_rain,p128,0+,motorcycle,vehicle,20,0,0,0.0,0.0
2023-05-15_neubiberg_rain__0647_1684157923512800092_vls128.bin,2023-05-15_neubiberg_rain,p128,0+,sidewalk,artificial_ground,5826,5652,5735,97.01338825952627,98.43803638860281
2023-05-15_neubiberg_rain__0647_1684157923512800092_vls128.bin,2023-05-15_neubiberg_rain,p128,0+,curb,artificial_ground,3244,2467,3042,76.04808877928484,93.7731196054254
2023-05-15_neubiberg_rain__0647_1684157923512800092_vls128.bin,2023-05-15_neubiberg_rain,p128,0+,asphalt,artificial_ground,23499,23207,23348,98.75739393165667,99.35741946465807
2023-05-15_neubiberg_rain__0647_1684157923512800092_vls128.bin,2023-05-15_neubiberg_rain,p128,0+,boom_barrier,obstacle,23,23,0,100.0,0.0
2023-05-15_neubiberg_rain__0647_1684157923512800092_vls128.bin,2023-05-15_neubiberg_rain,p128,0+,tree_crown,vegetation,46619,46507,10,99.75975460649092,0.021450481563311096
2023-05-15_neubiberg_rain__0647_1684157923512800092_vls128.bin,2023-05-15_neubiberg_rain,p128,0+,tree_trunk,vegetation,10764,10558,116,98.08621330360461,1.0776662950575995
2023-05-15_neubiberg_rain__0647_1684157923512800092_vls128.bin,2023-05-15_neubiberg_rain,p128,0+,soil,natural_ground,240,19,224,7.916666666666667,93.33333333333333
2023-05-15_neubiberg_rain__0647_1684157923512800092_vls128.bin,2023-05-15_neubiberg_rain,p128,0+,rider,human,82,64,0,78.04878048780488,0.0
2023-05-15_neubiberg_rain__0647_1684157923512800092_vls128.bin,2023-05-15_neubiberg_rain,p128,0+,truck,vehicle,45,0,0,0.0,0.0
2023-05-15_neubiberg_rain__0647_1684157923512800092_vls128.bin,2023-05-15_neubiberg_rain,p128,0+,caravan,vehicle,399,151,2,37.84461152882206,0.5012531328320802
2023-05-15_neubiberg_rain__0647_1684157923512800092_vls128.bin,2023-05-15_neubiberg_rain,p128,0+,building,artificial_structures,20507,18770,146,91.52972155849223,0.7119520163846491
2023-05-15_neubiberg_rain__0647_1684157923512800092_vls128.bin,2023-05-15_neubiberg_rain,p128,0+,wall,artificial_structures,2420,133,180,5.4958677685950414,7.43801652892562
2023-05-15_neubiberg_rain__0647_1684157923512800092_vls128.bin,2023-05-15_neubiberg_rain,p128,0+,fence,obstacle,1122,479,341,42.69162210338681,30.392156862745097
2023-05-15_neubiberg_rain__0647_1684157923512800092_vls128.bin,2023-05-15_neubiberg_rain,p128,0+,guard_rail,obstacle,1593,1188,179,74.57627118644068,11.236660389202761
2023-05-15_neubiberg_rain__0647_1684157923512800092_vls128.bin,2023-05-15_neubiberg_rain,p128,0+,bridge,artificial_structures,3672,2725,445,74.21023965141612,12.118736383442267
2023-05-15_neubiberg_rain__0647_1684157923512800092_vls128.bin,2023-05-15_neubiberg_rain,p128,0+,pole,obstacle,844,738,9,87.44075829383887,1.066350710900474
2023-05-15_neubiberg_rain__0647_1684157923512800092_vls128.bin,2023-05-15_neubiberg_rain,p128,0+,traffic_sign,obstacle,561,558,0,99.46524064171123,0.0
2023-05-15_neubiberg_rain__0647_1684157923512800092_vls128.bin,2023-05-15_neubiberg_rain,p128,0+,misc_sign,obstacle,761,525,23,68.98817345597898,3.0223390275952693
2023-05-15_neubiberg_rain__0647_1684157923512800092_vls128.bin,2023-05-15_neubiberg_rain,p128,0+,kick_scooter,vehicle,15,0,0,0.0,0.0
2023-05-15_neubiberg_rain__0647_1684157923512800092_vls128.bin,2023-05-15_neubiberg_rain,p128,0+,low_grass,natural_ground,19251,18056,18374,93.79253025816841,95.44439249909095
2023-05-15_neubiberg_rain__0647_1684157923512800092_vls128.bin,2023-05-15_neubiberg_rain,p128,0+,high_grass,vegetation,14121,1483,12600,10.50208908717513,89.22880815806246
2023-05-15_neubiberg_rain__0647_1684157923512800092_vls128.bin,2023-05-15_neubiberg_rain,p128,0+,heavy_machinery,vehicle,5,0,0,0.0,0.0
2023-05-15_neubiberg_rain__0647_1684157923512800092_vls128.bin,2023-05-15_neubiberg_rain,p128,0+,container,obstacle,136,113,6,83.08823529411765,4.411764705882353
2023-05-15_neubiberg_rain__0647_1684157923512800092_vls128.bin,2023-05-15_neubiberg_rain,p128,0+,hedge,vegetation,262,205,53,78.2442748091603,20.229007633587788
2023-05-17_neubiberg_sunny__0406_1684329843302899662_vls128.bin,2023-05-17_neubiberg_sunny,p64,0-25,undefined,other,7,0,2,0.0,28.571428571428573
2023-05-17_neubiberg_sunny__0406_1684329843302899662_vls128.bin,2023-05-17_neubiberg_sunny,p64,0-25,ego_vehicle,other,88,88,0,100.0,0.0
2023-05-17_neubiberg_sunny__0406_1684329843302899662_vls128.bin,2023-05-17_neubiberg_sunny,p64,0-25,road_marking,artificial_ground,25,10,20,40.0,80.0
2023-05-17_neubiberg_sunny__0406_1684329843302899662_vls128.bin,2023-05-17_neubiberg_sunny,p64,0-25,forest,vegetation,29037,29030,7,99.97589282639392,0.024107173606088782
2023-05-17_neubiberg_sunny__0406_1684329843302899662_vls128.bin,2023-05-17_neubiberg_sunny,p64,0-25,bush,vegetation,15452,15446,6,99.9611700750712,0.03882992492881181
2023-05-17_neubiberg_sunny__0406_1684329843302899662_vls128.bin,2023-05-17_neubiberg_sunny,p64,0-25,asphalt,artificial_ground,693,600,689,86.58008658008659,99.42279942279943
2023-05-17_neubiberg_sunny__0406_1684329843302899662_vls128.bin,2023-05-17_neubiberg_sunny,p64,0-25,tree_trunk,vegetation,46,46,0,100.0,0.0
2023-05-17_neubiberg_sunny__0406_1684329843302899662_vls128.bin,2023-05-17_neubiberg_sunny,p64,0-25,crops,vegetation,1736,35,1701,2.0161290322580645,97.98387096774194
2023-05-17_neubiberg_sunny__0406_1684329843302899662_vls128.bin,2023-05-17_neubiberg_sunny,p64,0-25,building,artificial_structures,0,0,0,,
2023-05-17_neubiberg_sunny__0406_1684329843302899662_vls128.bin,2023-05-17_neubiberg_sunny,p64,0-25,fence,obstacle,1468,1251,0,85.21798365122616,0.0
2023-05-17_neubiberg_sunny__0406_1684329843302899662_vls128.bin,2023-05-17_neubiberg_sunny,p64,0-25,guard_rail,obstacle,605,519,44,85.78512396694215,7.2727272727272725
2023-05-17_neubiberg_sunny__0406_1684329843302899662_vls128.bin,2023-05-17_neubiberg_sunny,p64,0-25,pole,obstacle,21,21,0,100.0,0.0
2023-05-17_neubiberg_sunny__0406_1684329843302899662_vls128.bin,2023-05-17_neubiberg_sunny,p64,0-25,traffic_sign,obstacle,118,118,0,100.0,0.0
2023-05-17_neubiberg_sunny__0406_1684329843302899662_vls128.bin,2023-05-17_neubiberg_sunny,p64,0-25,high_grass,vegetation,1738,768,743,44.18872266973533,42.75028768699655
2023-05-17_neubiberg_sunny__0406_1684329843302899662_vls128.bin,2023-05-17_neubiberg_sunny,p64,25-50,undefined,other,7,1,3,14.285714285714286,42.857142857142854
2023-05-17_neubiberg_sunny__0406_1684329843302899662_vls128.bin,2023-05-17_neubiberg_sunny,p64,25-50,ego_vehicle,other,0,0,0,,
2023-05-17_neubiberg_sunny__0406_1684329843302899662_vls128.bin,2023-05-17_neubiberg_sunny,p64,25-50,road_marking,artificial_ground,0,0,0,,
2023-05-17_neubiberg_sunny__0406_1684329843302899662_vls128.bin,2023-05-17_neubiberg_sunny,p64,25-50,forest,vegetation,8554,8455,99,98.84264671498714,1.1573532850128594
2023-05-17_neubiberg_sunny__0406_1684329843302899662_vls128.bin,2023-05-17_neubiberg_sunny,p64,25-50,bush,vegetation,0,0,0,,
2023-05-17_neubiberg_sunny__0406_1684329843302899662_vls128.bin,2023-05-17_neubiberg_sunny,p64,25-50,asphalt,artificial_ground,0,0,0,,
2023-05-17_neubiberg_sunny__0406_1684329843302899662_vls128.bin,2023-05-17_neubiberg_sunny,p64,25-50,tree_trunk,vegetation,289,289,0,100.0,0.0
2023-05-17_neubiberg_sunny__0406_1684329843302899662_vls128.bin,2023-05-17_neubiberg_sunny,p64,25-50,crops,vegetation,5264,0,5264,0.0,100.0
2023-05-17_neubiberg_sunny__0406_1684329843302899662_vls128.bin,2023-05-17_neubiberg_sunny,p64,25-50,building,artificial_structures,0,0,0,,
2023-05-17_neubiberg_sunny__0406_1684329843302899662_vls128.bin,2023-05-17_neubiberg_sunny,p64,25-50,fence,obstacle,115,34,0,29.565217391304348,0.0
2023-05-17_neubiberg_sunny__0406_1684329843302899662_vls128.bin,2023-05-17_neubiberg_sunny,p64,25-50,guard_rail,obstacle,6,0,6,0.0,100.0
2023-05-17_neubiberg_sunny__0406_1684329843302899662_vls128.bin,2023-05-17_neubiberg_sunny,p64,25-50,pole,obstacle,0,0,0,,
2023-05-17_neubiberg_sunny__0406_1684329843302899662_vls128.bin,2023-05-17_neubiberg_sunny,p64,25-50,traffic_sign,obstacle,0,0,0,,
2023-05-17_neubiberg_sunny__0406_1684329843302899662_vls128.bin,2023-05-17_neubiberg_sunny,p64,25-50,high_grass,vegetation,323,279,35,86.37770897832817,10.8359133126935
2023-05-17_neubiberg_sunny__0406_1684329843302899662_vls128.bin,2023-05-17_neubiberg_sunny,p64,50-100,undefined,other,5,1,2,20.0,40.0
2023-05-17_neubiberg_sunny__0406_1684329843302899662_vls128.bin,2023-05-17_neubiberg_sunny,p64,50-100,ego_vehicle,other,0,0,0,,
2023-05-17_neubiberg_sunny__0406_1684329843302899662_vls128.bin,2023-05-17_neubiberg_sunny,p64,50-100,road_marking,artificial_ground,0,0,0,,
2023-05-17_neubiberg_sunny__0406_1684329843302899662_vls128.bin,2023-05-17_neubiberg_sunny,p64,50-100,forest,vegetation,170,170,0,100.0,0.0
2023-05-17_neubiberg_sunny__0406_1684329843302899662_vls128.bin,2023-05-17_neubiberg_sunny,p64,50-100,bush,vegetation,0,0,0,,
2023-05-17_neubiberg_sunny__0406_1684329843302899662_vls128.bin,2023-05-17_neubiberg_sunny,p64,50-100,asphalt,artificial_ground,0,0,0,,
2023-05-17_neubiberg_sunny__0406_1684329843302899662_vls128.bin,2023-05-17_neubiberg_sunny,p64,50-100,tree_trunk,vegetation,25,25,0,100.0,0.0
2023-05-17_neubiberg_sunny__0406_1684329843302899662_vls128.bin,2023-05-17_neubiberg_sunny,p64,50-100,crops,vegetation,2480,0,2480,0.0,100.0
2023-05-17_neubiberg_sunny__0406_1684329843302899662_vls128.bin,2023-05-17_neubiberg_sunny,p64,50-100,building,artificial_structures,0,0,0,,
2023-05-17_neubiberg_sunny__0406_1684329843302899662_vls128.bin,2023-05-17_neubiberg_sunny,p64,50-100,fence,obstacle,0,0,0,,
2023-05-17_neubiberg_sunny__0406_1684329843302899662_vls128.bin,2023-05-17_neubiberg_sunny,p64,50-100,guard_rail,obstacle,0,0,0,,
2023-05-17_neubiberg_sunny__0406_1684329843302899662_vls128.bin,2023-05-17_neubiberg_sunny,p64,50-100,pole,obstacle,0,0,0,,
2023-05-17_neubiberg_sunny__0406_1684329843302899662_vls128.bin,2023-05-17_neubiberg_sunny,p64,50-100,traffic_sign,obstacle,0,0,0,,
2023-05-17_neubiberg_sunny__0406_1684329843302899662_vls128.bin,2023-05-17_neubiberg_sunny,p64,50-100,high_grass,vegetation,4,4,0,100.0,0.0
2023-05-17_neubiberg_sunny__0406_1684329843302899662_vls128.bin,2023-05-17_neubiberg_sunny,p64,100-150,undefined,other,11,0,8,0.0,72.72727272727273
2023-05-17_neubiberg_sunny__0406_1684329843302899662_vls128.bin,2023-05-17_neubiberg_sunny,p64,100-150,ego_vehicle,other,0,0,0,,
2023-05-17_neubiberg_sunny__0406_1684329843302899662_vls128.bin,2023-05-17_neubiberg_sunny,p64,100-150,road_marking,artificial_ground,0,0,0,,
2023-05-17_neubiberg_sunny__0406_1684329843302899662_vls128.bin,2023-05-17_neubiberg_sunny,p64,100-150,forest,vegetation,29,29,0,100.0,0.0
2023-05-17_neubiberg_sunny__0406_1684329843302899662_vls128.bin,2023-05-17_neubiberg_sunny,p64,100-150,bush,vegetation,0,0,0,,
2023-05-17_neubiberg_sunny__0406_1684329843302899662_vls128.bin,2023-05-17_neubiberg_sunny,p64,100-150,asphalt,artificial_ground,0,0,0,,
2023-05-17_neubiberg_sunny__0406_1684329843302899662_vls128.bin,2023-05-17_neubiberg_sunny,p64,100-150,tree_trunk,vegetation,0,0,0,,
2023-05-17_neubiberg_sunny__0406_1684329843302899662_vls128.bin,2023-05-17_neubiberg_sunny,p64,100-150,crops,vegetation,797,0,797,0.0,100.0
2023-05-17_neubiberg_sunny__0406_1684329843302899662_vls128.bin,2023-05-17_neubiberg_sunny,p64,100-150,building,artificial_structures,0,0,0,,
2023-05-17_neubiberg_sunny__0406_1684329843302899662_vls128.bin,2023-05-17_neubiberg_sunny,p64,100-150,fence,obstacle,0,0,0,,
2023-05-17_neubiberg_sunny__0406_1684329843302899662_vls128.bin,2023-05-17_neubiberg_sunny,p64,100-150,guard_rail,obstacle,0,0,0,,
2023-05-17_neubiberg_sunny__0406_1684329843302899662_vls128.bin,2023-05-17_neubiberg_sunny,p64,100-150,pole,obstacle,0,0,0,,
2023-05-17_neubiberg_sunny__0406_1684329843302899662_vls128.bin,2023-05-17_neubiberg_sunny,p64,100-150,traffic_sign,obstacle,0,0,0,,
2023-05-17_neubiberg_sunny__0406_1684329843302899662_vls128.bin,2023-05-17_neubiberg_sunny,p64,100-150,high_grass,vegetation,0,0,0,,
2023-05-17_neubiberg_sunny__0406_1684329843302899662_vls128.bin,2023-05-17_neubiberg_sunny,p64,150+,undefined,other,0,0,0,,
2023-05-17_neubiberg_sunny__0406_1684329843302899662_vls128.bin,2023-05-17_neubiberg_sunny,p64,150+,ego_vehicle,other,0,0,0,,
2023-05-17_neubiberg_sunny__0406_1684329843302899662_vls128.bin,2023-05-17_neubiberg_sunny,p64,150+,road_marking,artificial_ground,0,0,0,,
2023-05-17_neubiberg_sunny__0406_1684329843302899662_vls128.bin,2023-05-17_neubiberg_sunny,p64,150+,forest,vegetation,0,0,0,,
2023-05-17_neubiberg_sunny__0406_1684329843302899662_vls128.bin,2023-05-17_neubiberg_sunny,p64,150+,bush,vegetation,0,0,0,,
2023-05-17_neubiberg_sunny__0406_1684329843302899662_vls128.bin,2023-05-17_neubiberg_sunny,p64,150+,asphalt,artificial_ground,0,0,0,,
2023-05-17_neubiberg_sunny__0406_1684329843302899662_vls128.bin,2023-05-17_neubiberg_sunny,p64,150+,tree_trunk,vegetation,0,0,0,,
2023-05-17_neubiberg_sunny__0406_1684329843302899662_vls128.bin,2023-05-17_neubiberg_sunny,p64,150+,crops,vegetation,274,0,274,0.0,100.0
2023-05-17_neubiberg_sunny__0406_1684329843302899662_vls128.bin,2023-05-17_neubiberg_sunny,p64,150+,building,artificial_structures,14,0,14,0.0,100.0
2023-05-17_neubiberg_sunny__0406_1684329843302899662_vls128.bin,2023-05-17_neubiberg_sunny,p64,150+,fence,obstacle,0,0,0,,
2023-05-17_neubiberg_sunny__0406_1684329843302899662_vls128.bin,2023-05-17_neubiberg_sunny,p64,150+,guard_rail,obstacle,0,0,0,,
2023-05-17_neubiberg_sunny__0406_1684329843302899662_vls128.bin,2023-05-17_neubiberg_sunny,p64,150+,pole,obstacle,0,0,0,,
2023-05-17_neubiberg_sunny__0406_1684329843302899662_vls128.bin,2023-05-17_neubiberg_sunny,p64,150+,traffic_sign,obstacle,0,0,0,,
2023-05-17_neubiberg_sunny__0406_1684329843302899662_vls128.bin,2023-05-17_neubiberg_sunny,p64,150+,high_grass,vegetation,0,0,0,,
2023-05-17_neubiberg_sunny__0406_1684329843302899662_vls128.bin,2023-05-17_neubiberg_sunny,p64,0+,undefined,other,30,2,15,6.666666666666667,50.0
2023-05-17_neubiberg_sunny__0406_1684329843302899662_vls128.bin,2023-05-17_neubiberg_sunny,p64,0+,ego_vehicle,other,88,88,0,100.0,0.0
2023-05-17_neubiberg_sunny__0406_1684329843302899662_vls128.bin,2023-05-17_neubiberg_sunny,p64,0+,road_marking,artificial_ground,25,10,20,40.0,80.0
2023-05-17_neubiberg_sunny__0406_1684329843302899662_vls128.bin,2023-05-17_neubiberg_sunny,p64,0+,forest,vegetation,37790,37684,106,99.71950251389256,0.28049748610743586
2023-05-17_neubiberg_sunny__0406_1684329843302899662_vls128.bin,2023-05-17_neubiberg_sunny,p64,0+,bush,vegetation,15452,15446,6,99.9611700750712,0.03882992492881181
2023-05-17_neubiberg_sunny__0406_1684329843302899662_vls128.bin,2023-05-17_neubiberg_sunny,p64,0+,asphalt,artificial_ground,693,600,689,86.58008658008659,99.42279942279943
2023-05-17_neubiberg_sunny__0406_1684329843302899662_vls128.bin,2023-05-17_neubiberg_sunny,p64,0+,tree_trunk,vegetation,360,360,0,100.0,0.0
2023-05-17_neubiberg_sunny__0406_1684329843302899662_vls128.bin,2023-05-17_neubiberg_sunny,p64,0+,crops,vegetation,10551,35,10516,0.331722111648185,99.66827788835181
2023-05-17_neubiberg_sunny__0406_1684329843302899662_vls128.bin,2023-05-17_neubiberg_sunny,p64,0+,building,artificial_structures,14,0,14,0.0,100.0
2023-05-17_neubiberg_sunny__0406_1684329843302899662_vls128.bin,2023-05-17_neubiberg_sunny,p64,0+,fence,obstacle,1583,1285,0,81.17498420720152,0.0
2023-05-17_neubiberg_sunny__0406_1684329843302899662_vls128.bin,2023-05-17_neubiberg_sunny,p64,0+,guard_rail,obstacle,611,519,50,84.94271685761048,8.183306055646481
2023-05-17_neubiberg_sunny__0406_1684329843302899662_vls128.bin,2023-05-17_neubiberg_sunny,p64,0+,pole,obstacle,21,21,0,100.0,0.0
2023-05-17_neubiberg_sunny__0406_1684329843302899662_vls128.bin,2023-05-17_neubiberg_sunny,p64,0+,traffic_sign,obstacle,118,118,0,100.0,0.0
2023-05-17_neubiberg_sunny__0406_1684329843302899662_vls128.bin,2023-05-17_neubiberg_sunny,p64,0+,high_grass,vegetation,2065,1051,778,50.89588377723971,37.67554479418886
2023-05-17_neubiberg_sunny__0406_1684329843302899662_vls128.bin,2023-05-17_neubiberg_sunny,p64repeat,0-25,undefined,other,7,0,2,0.0,28.571428571428573
2023-05-17_neubiberg_sunny__0406_1684329843302899662_vls128.bin,2023-05-17_neubiberg_sunny,p64repeat,0-25,ego_vehicle,other,88,88,0,100.0,0.0
2023-05-17_neubiberg_sunny__0406_1684329843302899662_vls128.bin,2023-05-17_neubiberg_sunny,p64repeat,0-25,road_marking,artificial_ground,25,10,20,40.0,80.0
2023-05-17_neubiberg_sunny__0406_1684329843302899662_vls128.bin,2023-05-17_neubiberg_sunny,p64repeat,0-25,forest,vegetation,29037,29030,7,99.97589282639392,0.024107173606088782
2023-05-17_neubiberg_sunny__0406_1684329843302899662_vls128.bin,2023-05-17_neubiberg_sunny,p64repeat,0-25,bush,vegetation,15452,15446,6,99.9611700750712,0.03882992492881181
2023-05-17_neubiberg_sunny__0406_1684329843302899662_vls128.bin,2023-05-17_neubiberg_sunny,p64repeat,0-25,asphalt,artificial_ground,693,600,689,86.58008658008659,99.42279942279943
2023-05-17_neubiberg_sunny__0406_1684329843302899662_vls128.bin,2023-05-17_neubiberg_sunny,p64repeat,0-25,tree_trunk,vegetation,46,46,0,100.0,0.0
2023-05-17_neubiberg_sunny__0406_1684329843302899662_vls128.bin,2023-05-17_neubiberg_sunny,p64repeat,0-25,crops,vegetation,1736,35,1701,2.0161290322580645,97.98387096774194
2023-05-17_neubiberg_sunny__0406_1684329843302899662_vls128.bin,2023-05-17_neubiberg_sunny,p64repeat,0-25,building,artificial_structures,0,0,0,,
2023-05-17_neubiberg_sunny__0406_1684329843302899662_vls128.bin,2023-05-17_neubiberg_sunny,p64repeat,0-25,fence,obstacle,1468,1251,0,85.21798365122616,0.0
2023-05-17_neubiberg_sunny__0406_1684329843302899662_vls128.bin,2023-05-17_neubiberg_sunny,p64repeat,0-25,guard_rail,obstacle,605,519,44,85.78512396694215,7.2727272727272725
2023-05-17_neubiberg_sunny__0406_1684329843302899662_vls128.bin,2023-05-17_neubiberg_sunny,p64repeat,0-25,pole,obstacle,21,21,0,100.0,0.0
2023-05-17_neubiberg_sunny__0406_1684329843302899662_vls128.bin,2023-05-17_neubiberg_sunny,p64repeat,0-25,traffic_sign,obstacle,118,118,0,100.0,0.0
2023-05-17_neubiberg_sunny__0406_1684329843302899662_vls128.bin,2023-05-17_neubiberg_sunny,p64repeat,0-25,high_grass,vegetation,1738,768,743,44.18872266973533,42.75028768699655
2023-05-17_neubiberg_sunny__0406_1684329843302899662_vls128.bin,2023-05-17_neubiberg_sunny,p64repeat,25-50,undefined,other,7,1,3,14.285714285714286,42.857142857142854
2023-05-17_neubiberg_sunny__0406_1684329843302899662_vls128.bin,2023-05-17_neubiberg_sunny,p64repeat,25-50,ego_vehicle,other,0,0,0,,
2023-05-17_neubiberg_sunny__0406_1684329843302899662_vls128.bin,2023-05-17_neubiberg_sunny,p64repeat,25-50,road_marking,artificial_ground,0,0,0,,
2023-05-17_neubiberg_sunny__0406_1684329843302899662_vls128.bin,2023-05-17_neubiberg_sunny,p64repeat,25-50,forest,vegetation,8554,8455,99,98.84264671498714,1.1573532850128594
2023-05-17_neubiberg_sunny__0406_1684329843302899662_vls128.bin,2023-05-17_neubiberg_sunny,p64repeat,25-50,bush,vegetation,0,0,0,,
2023-05-17_neubiberg_sunny__0406_1684329843302899662_vls128.bin,2023-05-17_neubiberg_sunny,p64repeat,25-50,asphalt,artificial_ground,0,0,0,,
2023-05-17_neubiberg_sunny__0406_1684329843302899662_vls128.bin,2023-05-17_neubiberg_sunny,p64repeat,25-50,tree_trunk,vegetation,289,289,0,100.0,0.0
2023-05-17_neubiberg_sunny__0406_1684329843302899662_vls128.bin,2023-05-17_neubiberg_sunny,p64repeat,25-50,crops,vegetation,5264,0,5264,0.0,100.0
2023-05-17_neubiberg_sunny__0406_1684329843302899662_vls128.bin,2023-05-17_neubiberg_sunny,p64repeat,25-50,building,artificial_structures,0,0,0,,
2023-05-17_neubiberg_sunny__0406_1684329843302899662_vls128.bin,2023-05-17_neubiberg_sunny,p64repeat,25-50,fence,obstacle,115,34,0,29.565217391304348,0.0
2023-05-17_neubiberg_sunny__0406_1684329843302899662_vls128.bin,2023-05-17_neubiberg_sunny,p64repeat,25-50,guard_rail,obstacle,6,0,6,0.0,100.0
2023-05-17_neubiberg_sunny__0406_1684329843302899662_vls128.bin,2023-05-17_neubiberg_sunny,p64repeat,25-50,pole,obstacle,0,0,0,,
2023-05-17_neubiberg_sunny__0406_1684329843302899662_vls128.bin,2023-05-17_neubiberg_sunny,p64repeat,25-50,traffic_sign,obstacle,0,0,0,,
2023-05-17_neubiberg_sunny__0406_1684329843302899662_vls128.bin,2023-05-17_neubiberg_sunny,p64repeat,25-50,high_grass,vegetation,323,279,35,86.37770897832817,10.8359133126935
2023-05-17_neubiberg_sunny__0406_1684329843302899662_vls128.bin,2023-05-17_neubiberg_sunny,p64repeat,50-100,undefined,other,5,1,2,20.0,40.0
2023-05-17_neubiberg_sunny__0406_1684329843302899662_vls128.bin,2023-05-17_neubiberg_sunny,p64repeat,50-100,ego_vehicle,other,0,0,0,,
2023-05-17_neubiberg_sunny__0406_1684329843302899662_vls128.bin,2023-05-17_neubiberg_sunny,p64repeat,50-100,road_marking,artificial_ground,0,0,0,,
2023-05-17_neubiberg_sunny__0406_1684329843302899662_vls128.bin,2023-05-17_neubiberg_sunny,p64repeat,50-100,forest,vegetation,170,170,0,100.0,0.0
2023-05-17_neubiberg_sunny__0406_1684329843302899662_vls128.bin,2023-05-17_neubiberg_sunny,p64repeat,50-100,bush,vegetation,0,0,0,,
2023-05-17_neubiberg_sunny__0406_1684329843302899662_vls128.bin,2023-05-17_neubiberg_sunny,p64repeat,50-100,asphalt,artificial_ground,0,0,0,,
2023-05-17_neubiberg_sunny__0406_1684329843302899662_vls128.bin,2023-05-17_neubiberg_sunny,p64repeat,50-100,tree_trunk,vegetation,25,25,0,100.0,0.0
2023-05-17_neubiberg_sunny__0406_1684329843302899662_vls128.bin,2023-05-17_neubiberg_sunny,p64repeat,50-100,crops,vegetation,2480,0,2480,0.0,100.0
2023-05-17_neubiberg_sunny__0406_1684329843302899662_vls128.bin,2023-05-17_neubiberg_sunny,p64repeat,50-100,building,artificial_structures,0,0,0,,
2023-05-17_neubiberg_sunny__0406_1684329843302899662_vls128.bin,2023-05-17_neubiberg_sunny,p64repeat,50-100,fence,obstacle,0,0,0,,
2023-05-17_neubiberg_sunny__0406_1684329843302899662_vls128.bin,2023-05-17_neubiberg_sunny,p64repeat,50-100,guard_rail,obstacle,0,0,0,,
2023-05-17_neubiberg_sunny__0406_1684329843302899662_vls128.bin,2023-05-17_neubiberg_sunny,p64repeat,50-100,pole,obstacle,0,0,0,,
2023-05-17_neubiberg_sunny__0406_1684329843302899662_vls128.bin,2023-05-17_neubiberg_sunny,p64repeat,50-100,traffic_sign,obstacle,0,0,0,,
2023-05-17_neubiberg_sunny__0406_1684329843302899662_vls128.bin,2023-05-17_neubiberg_sunny,p64repeat,50-100,high_grass,vegetation,4,4,0,100.0,0.0
2023-05-17_neubiberg_sunny__0406_1684329843302899662_vls128.bin,2023-05-17_neubiberg_sunny,p64repeat,100-150,undefined,other,11,0,8,0.0,72.72727272727273
2023-05-17_neubiberg_sunny__0406_1684329843302899662_vls128.bin,2023-05-17_neubiberg_sunny,p64repeat,100-150,ego_vehicle,other,0,0,0,,
2023-05-17_neubiberg_sunny__0406_1684329843302899662_vls128.bin,2023-05-17_neubiberg_sunny,p64repeat,100-150,road_marking,artificial_ground,0,0,0,,
2023-05-17_neubiberg_sunny__0406_1684329843302899662_vls128.bin,2023-05-17_neubiberg_sunny,p64repeat,100-150,forest,vegetation,29,29,0,100.0,0.0
2023-05-17_neubiberg_sunny__0406_1684329843302899662_vls128.bin,2023-05-17_neubiberg_sunny,p64repeat,100-150,bush,vegetation,0,0,0,,
2023-05-17_neubiberg_sunny__0406_1684329843302899662_vls128.bin,2023-05-17_neubiberg_sunny,p64repeat,100-150,asphalt,artificial_ground,0,0,0,,
2023-05-17_neubiberg_sunny__0406_1684329843302899662_vls128.bin,2023-05-17_neubiberg_sunny,p64repeat,100-150,tree_trunk,vegetation,0,0,0,,
2023-05-17_neubiberg_sunny__0406_1684329843302899662_vls128.bin,2023-05-17_neubiberg_sunny,p64repeat,100-150,crops,vegetation,797,0,797,0.0,100.0
2023-05-17_neubiberg_sunny__0406_1684329843302899662_vls128.bin,2023-05-17_neubiberg_sunny,p64repeat,100-150,building,artificial_structures,0,0,0,,
2023-05-17_neubiberg_sunny__0406_1684329843302899662_vls128.bin,2023-05-17_neubiberg_sunny,p64repeat,100-150,fence,obstacle,0,0,0,,
2023-05-17_neubiberg_sunny__0406_1684329843302899662_vls128.bin,2023-05-17_neubiberg_sunny,p64repeat,100-150,guard_rail,obstacle,0,0,0,,
2023-05-17_neubiberg_sunny__0406_1684329843302899662_vls128.bin,2023-05-17_neubiberg_sunny,p64repeat,100-150,pole,obstacle,0,0,0,,
2023-05-17_neubiberg_sunny__0406_1684329843302899662_vls128.bin,2023-05-17_neubiberg_sunny,p64repeat,100-150,traffic_sign,obstacle,0,0,0,,
2023-05-17_neubiberg_sunny__0406_1684329843302899662_vls128.bin,2023-05-17_neubiberg_sunny,p64repeat,100-150,high_grass,vegetation,0,0,0,,
2023-05-17_neubiberg_sunny__0406_1684329843302899662_vls128.bin,2023-05-17_neubiberg_sunny,p64repeat,150+,undefined,other,0,0,0,,
2023-05-17_neubiberg_sunny__0406_1684329843302899662_vls128.bin,2023-05-17_neubiberg_sunny,p64repeat,150+,ego_vehicle,other,0,0,0,,
2023-05-17_neubiberg_sunny__0406_1684329843302899662_vls128.bin,2023-05-17_neubiberg_sunny,p64repeat,150+,road_marking,artificial_ground,0,0,0,,
2023-05-17_neubiberg_sunny__0406_1684329843302899662_vls128.bin,2023-05-17_neubiberg_sunny,p64repeat,150+,forest,vegetation,0,0,0,,
2023-05-17_neubiberg_sunny__0406_1684329843302899662_vls128.bin,2023-05-17_neubiberg_sunny,p64repeat,150+,bush,vegetation,0,0,0,,
2023-05-17_neubiberg_sunny__0406_1684329843302899662_vls128.bin,2023-05-17_neubiberg_sunny,p64repeat,150+,asphalt,artificial_ground,0,0,0,,
2023-05-17_neubiberg_sunny__0406_1684329843302899662_vls128.bin,2023-05-17_neubiberg_sunny,p64repeat,150+,tree_trunk,vegetation,0,0,0,,
2023-05-17_neubiberg_sunny__0406_1684329843302899662_vls128.bin,2023-05-17_neubiberg_sunny,p64repeat,150+,crops,vegetation,274,0,274,0.0,100.0
2023-05-17_neubiberg_sunny__0406_1684329843302899662_vls128.bin,2023-05-17_neubiberg_sunny,p64repeat,150+,building,artificial_structures,14,0,14,0.0,100.0
2023-05-17_neubiberg_sunny__0406_1684329843302899662_vls128.bin,2023-05-17_neubiberg_sunny,p64repeat,150+,fence,obstacle,0,0,0,,
2023-05-17_neubiberg_sunny__0406_1684329843302899662_vls128.bin,2023-05-17_neubiberg_sunny,p64repeat,150+,guard_rail,obstacle,0,0,0,,
2023-05-17_neubiberg_sunny__0406_1684329843302899662_vls128.bin,2023-05-17_neubiberg_sunny,p64repeat,150+,pole,obstacle,0,0,0,,
2023-05-17_neubiberg_sunny__0406_1684329843302899662_vls128.bin,2023-05-17_neubiberg_sunny,p64repeat,150+,traffic_sign,obstacle,0,0,0,,
2023-05-17_neubiberg_sunny__0406_1684329843302899662_vls128.bin,2023-05-17_neubiberg_sunny,p64repeat,150+,high_grass,vegetation,0,0,0,,
2023-05-17_neubiberg_sunny__0406_1684329843302899662_vls128.bin,2023-05-17_neubiberg_sunny,p64repeat,0+,undefined,other,30,2,15,6.666666666666667,50.0
2023-05-17_neubiberg_sunny__0406_1684329843302899662_vls128.bin,2023-05-17_neubiberg_sunny,p64repeat,0+,ego_vehicle,other,88,88,0,100.0,0.0
2023-05-17_neubiberg_sunny__0406_1684329843302899662_vls128.bin,2023-05-17_neubiberg_sunny,p64repeat,0+,road_marking,artificial_ground,25,10,20,40.0,80.0
2023-05-17_neubiberg_sunny__0406_1684329843302899662_vls128.bin,2023-05-17_neubiberg_sunny,p64repeat,0+,forest,vegetation,37790,37684,106,99.71950251389256,0.28049748610743586
2023-05-17_neubiberg_sunny__0406_1684329843302899662_vls128.bin,2023-05-17_neubiberg_sunny,p64repeat,0+,bush,vegetation,15452,15446,6,99.9611700750712,0.03882992492881181
2023-05-17_neubiberg_sunny__0406_1684329843302899662_vls128.bin,2023-05-17_neubiberg_sunny,p64repeat,0+,asphalt,artificial_ground,693,600,689,86.58008658008659,99.42279942279943
2023-05-17_neubiberg_sunny__0406_1684329843302899662_vls128.bin,2023-05-17_neubiberg_sunny,p64repeat,0+,tree_trunk,vegetation,360,360,0,100.0,0.0
2023-05-17_neubiberg_sunny__0406_1684329843302899662_vls128.bin,2023-05-17_neubiberg_sunny,p64repeat,0+,crops,vegetation,10551,35,10516,0.331722111648185,99.66827788835181
2023-05-17_neubiberg_sunny__0406_1684329843302899662_vls128.bin,2023-05-17_neubiberg_sunny,p64repeat,0+,building,artificial_structures,14,0,14,0.0,100.0
2023-05-17_neubiberg_sunny__0406_1684329843302899662_vls128.bin,2023-05-17_neubiberg_sunny,p64repeat,0+,fence,obstacle,1583,1285,0,81.17498420720152,0.0
2023-05-17_neubiberg_sunny__0406_1684329843302899662_vls128.bin,2023-05-17_neubiberg_sunny,p64repeat,0+,guard_rail,obstacle,611,519,50,84.94271685761048,8.183306055646481
2023-05-17_neubiberg_sunny__0406_1684329843302899662_vls128.bin,2023-05-17_neubiberg_sunny,p64repeat,0+,pole,obstacle,21,21,0,100.0,0.0
2023-05-17_neubiberg_sunny__0406_1684329843302899662_vls128.bin,2023-05-17_neubiberg_sunny,p64repeat,0+,traffic_sign,obstacle,118,118,0,100.0,0.0
2023-05-17_neubiberg_sunny__0406_1684329843302899662_vls128.bin,2023-05-17_neubiberg_sunny,p64repeat,0+,high_grass,vegetation,2065,1051,778,50.89588377723971,37.67554479418886
2023-05-17_neubiberg_sunny__0406_1684329843302899662_vls128.bin,2023-05-17_neubiberg_sunny,p128,0-25,undefined,other,7,2,2,28.571428571428573,28.571428571428573
2023-05-17_neubiberg_sunny__0406_1684329843302899662_vls128.bin,2023-05-17_neubiberg_sunny,p128,0-25,ego_vehicle,other,88,88,0,100.0,0.0
2023-05-17_neubiberg_sunny__0406_1684329843302899662_vls128.bin,2023-05-17_neubiberg_sunny,p128,0-25,road_marking,artificial_ground,25,7,20,28.0,80.0
2023-05-17_neubiberg_sunny__0406_1684329843302899662_vls128.bin,2023-05-17_neubiberg_sunny,p128,0-25,forest,vegetation,29037,29036,0,99.99655611805628,0.0
2023-05-17_neubiberg_sunny__0406_1684329843302899662_vls128.bin,2023-05-17_neubiberg_sunny,p128,0-25,bush,vegetation,15452,15450,2,99.9870566916904,0.012943308309603935
2023-05-17_neubiberg_sunny__0406_1684329843302899662_vls128.bin,2023-05-17_neubiberg_sunny,p128,0-25,asphalt,artificial_ground,693,667,689,96.24819624819625,99.42279942279943
2023-05-17_neubiberg_sunny__0406_1684329843302899662_vls128.bin,2023-05-17_neubiberg_sunny,p128,0-25,tree_trunk,vegetation,46,46,0,100.0,0.0
2023-05-17_neubiberg_sunny__0406_1684329843302899662_vls128.bin,2023-05-17_neubiberg_sunny,p128,0-25,crops,vegetation,1736,31,1705,1.7857142857142858,98.21428571428571
2023-05-17_neubiberg_sunny__0406_1684329843302899662_vls128.bin,2023-05-17_neubiberg_sunny,p128,0-25,building,artificial_structures,0,0,0,,
2023-05-17_neubiberg_sunny__0406_1684329843302899662_vls128.bin,2023-05-17_neubiberg_sunny,p128,0-25,fence,obstacle,1468,1263,0,86.03542234332426,0.0
2023-05-17_neubiberg_sunny__0406_1684329843302899662_vls128.bin,2023-05-17_neubiberg_sunny,p128,0-25,guard_rail,obstacle,605,525,39,86.77685950413223,6.446280991735537
2023-05-17_neubiberg_sunny__0406_1684329843302899662_vls128.bin,2023-05-17_neubiberg_sunny,p128,0-25,pole,obstacle,21,21,0,100.0,0.0
2023-05-17_neubiberg_sunny__0406_1684329843302899662_vls128.bin,2023-05-17_neubiberg_sunny,p128,0-25,traffic_sign,obstacle,118,118,0,100.0,0.0
2023-05-17_neubiberg_sunny__0406_1684329843302899662_vls128.bin,2023-05-17_neubiberg_sunny,p128,0-25,high_grass,vegetation,1738,791,684,45.512082853855006,39.355581127733025
2023-05-17_neubiberg_sunny__0406_1684329843302899662_vls128.bin,2023-05-17_neubiberg_sunny,p128,25-50,undefined,other,7,1,3,14.285714285714286,42.857142857142854
2023-05-17_neubiberg_sunny__0406_1684329843302899662_vls128.bin,2023-05-17_neubiberg_sunny,p128,25-50,ego_vehicle,other,0,0,0,,
2023-05-17_neubiberg_sunny__0406_1684329843302899662_vls128.bin,2023-05-17_neubiberg_sunny,p128,25-50,road_marking,artificial_ground,0,0,0,,
2023-05-17_neubiberg_sunny__0406_1684329843302899662_vls128.bin,2023-05-17_neubiberg_sunny,p128,25-50,forest,vegetation,8554,8522,23,99.62590600888473,0.26888005611409865
2023-05-17_neubiberg_sunny__0406_1684329843302899662_vls128.bin,2023-05-17_neubiberg_sunny,p128,25-50,bush,vegetation,0,0,0,,
2023-05-17_neubiberg_sunny__0406_1684329843302899662_vls128.bin,2023-05-17_neubiberg_sunny,p128,25-50,asphalt,artificial_ground,0,0,0,,
2023-05-17_neubiberg_sunny__0406_1684329843302899662_vls128.bin,2023-05-17_neubiberg_sunny,p128,25-50,tree_trunk,vegetation,289,289,0,100.0,0.0
2023-05-17_neubiberg_sunny__0406_1684329843302899662_vls128.bin,2023-05-17_neubiberg_sunny,p128,25-50,crops,vegetation,5264,0,5264,0.0,100.0
2023-05-17_neubiberg_sunny__0406_1684329843302899662_vls128.bin,2023-05-17_neubiberg_sunny,p128,25-50,building,artificial_structures,0,0,0,,
2023-05-17_neubiberg_sunny__0406_1684329843302899662_vls128.bin,2023-05-17_neubiberg_sunny,p128,25-50,fence,obstacle,115,31,0,26.956521739130434,0.0
2023-05-17_neubiberg_sunny__0406_1684329843302899662_vls128.bin,2023-05-17_neubiberg_sunny,p128,25-50,guard_rail,obstacle,6,0,0,0.0,0.0
2023-05-17_neubiberg_sunny__0406_1684329843302899662_vls128.bin,2023-05-17_neubiberg_sunny,p128,25-50,pole,obstacle,0,0,0,,
2023-05-17_neubiberg_sunny__0406_1684329843302899662_vls128.bin,2023-05-17_neubiberg_sunny,p128,25-50,traffic_sign,obstacle,0,0,0,,
2023-05-17_neubiberg_sunny__0406_1684329843302899662_vls128.bin,2023-05-17_neubiberg_sunny,p128,25-50,high_grass,vegetation,323,285,29,88.23529411764706,8.978328173374614
2023-05-17_neubiberg_sunny__0406_1684329843302899662_vls128.bin,2023-05-17_neubiberg_sunny,p128,50-100,undefined,other,5,2,2,40.0,40.0
2023-05-17_neubiberg_sunny__0406_1684329843302899662_vls128.bin,2023-05-17_neubiberg_sunny,p128,50-100,ego_vehicle,other,0,0,0,,
2023-05-17_neubiberg_sunny__0406_1684329843302899662_vls128.bin,2023-05-17_neubiberg_sunny,p128,50-100,road_marking,artificial_ground,0,0,0,,
2023-05-17_neubiberg_sunny__0406_1684329843302899662_vls128.bin,2023-05-17_neubiberg_sunny,p128,50-100,forest,vegetation,170,170,0,100.0,0.0
2023-05-17_neubiberg_sunny__0406_1684329843302899662_vls128.bin,2023-05-17_neubiberg_sunny,p128,50-100,bush,vegetation,0,0,0,,
2023-05-17_neubiberg_sunny__0406_1684329843302899662_vls128.bin,2023-05-17_neubiberg_sunny,p128,50-100,asphalt,artificial_ground,0,0,0,,
2023-05-17_neubiberg_sunny__0406_1684329843302899662_vls128.bin,2023-05-17_neubiberg_sunny,p128,50-100,tree_trunk,vegetation,25,25,0,100.0,0.0
2023-05-17_neubiberg_sunny__0406_1684329843302899662_vls128.bin,2023-05-17_neubiberg_sunny,p128,50-100,crops,vegetation,2480,0,2480,0.0,100.0
2023-05-17_neubiberg_sunny__0406_1684329843302899662_vls128.bin,2023-05-17_neubiberg_sunny,p128,50-100,building,artificial_structures,0,0,0,,
2023-05-17_neubiberg_sunny__0406_1684329843302899662_vls128.bin,2023-05-17_neubiberg_sunny,p128,50-100,fence,obstacle,0,0,0,,
2023-05-17_neubiberg_sunny__0406_1684329843302899662_vls128.bin,2023-05-17_neubiberg_sunny,p128,50-100,guard_rail,obstacle,0,0,0,,
2023-05-17_neubiberg_sunny__0406_1684329843302899662_vls128.bin,2023-05-17_neubiberg_sunny,p128,50-100,pole,obstacle,0,0,0,,
2023-05-17_neubiberg_sunny__0406_1684329843302899662_vls128.bin,2023-05-17_neubiberg_sunny,p128,50-100,traffic_sign,obstacle,0,0,0,,
2023-05-17_neubiberg_sunny__0406_1684329843302899662_vls128.bin,2023-05-17_neubiberg_sunny,p128,50-100,high_grass,vegetation,4,4,0,100.0,0.0
2023-05-17_neubiberg_sunny__0406_1684329843302899662_vls128.bin,2023-05-17_neubiberg_sunny,p128,100-150,undefined,other,11,0,7,0.0,63.63636363636363
2023-05-17_neubiberg_sunny__0406_1684329843302899662_vls128.bin,2023-05-17_neubiberg_sunny,p128,100-150,ego_vehicle,other,0,0,0,,
2023-05-17_neubiberg_sunny__0406_1684329843302899662_vls128.bin,2023-05-17_neubiberg_sunny,p128,100-150,road_marking,artificial_ground,0,0,0,,
2023-05-17_neubiberg_sunny__0406_1684329843302899662_vls128.bin,2023-05-17_neubiberg_sunny,p128,100-150,forest,vegetation,29,29,0,100.0,0.0
2023-05-17_neubiberg_sunny__0406_1684329843302899662_vls128.bin,2023-05-17_neubiberg_sunny,p128,100-150,bush,vegetation,0,0,0,,
2023-05-17_neubiberg_sunny__0406_1684329843302899662_vls128.bin,2023-05-17_neubiberg_sunny,p128,100-150,asphalt,artificial_ground,0,0,0,,
2023-05-17_neubiberg_sunny__0406_1684329843302899662_vls128.bin,2023-05-17_neubiberg_sunny,p128,100-150,tree_trunk,vegetation,0,0,0,,
2023-05-17_neubiberg_sunny__0406_1684329843302899662_vls128.bin,2023-05-17_neubiberg_sunny,p128,100-150,crops,vegetation,797,0,797,0.0,100.0
2023-05-17_neubiberg_sunny__0406_1684329843302899662_vls128.bin,2023-05-17_neubiberg_sunny,p128,100-150,building,artificial_structures,0,0,0,,
2023-05-17_neubiberg_sunny__0406_1684329843302899662_vls128.bin,2023-05-17_neubiberg_sunny,p128,100-150,fence,obstacle,0,0,0,,
2023-05-17_neubiberg_sunny__0406_1684329843302899662_vls128.bin,2023-05-17_neubiberg_sunny,p128,100-150,guard_rail,obstacle,0,0,0,,
2023-05-17_neubiberg_sunny__0406_1684329843302899662_vls128.bin,2023-05-17_neubiberg_sunny,p128,100-150,pole,obstacle,0,0,0,,
2023-05-17_neubiberg_sunny__0406_1684329843302899662_vls128.bin,2023-05-17_neubiberg_sunny,p128,100-150,traffic_sign,obstacle,0,0,0,,
2023-05-17_neubiberg_sunny__0406_1684329843302899662_vls128.bin,2023-05-17_neubiberg_sunny,p128,100-150,high_grass,vegetation,0,0,0,,
2023-05-17_neubiberg_sunny__0406_1684329843302899662_vls128.bin,2023-05-17_neubiberg_sunny,p128,150+,undefined,other,0,0,0,,
2023-05-17_neubiberg_sunny__0406_1684329843302899662_vls128.bin,2023-05-17_neubiberg_sunny,p128,150+,ego_vehicle,other,0,0,0,,
2023-05-17_neubiberg_sunny__0406_1684329843302899662_vls128.bin,2023-05-17_neubiberg_sunny,p128,150+,road_marking,artificial_ground,0,0,0,,
2023-05-17_neubiberg_sunny__0406_1684329843302899662_vls128.bin,2023-05-17_neubiberg_sunny,p128,150+,forest,vegetation,0,0,0,,
2023-05-17_neubiberg_sunny__0406_1684329843302899662_vls128.bin,2023-05-17_neubiberg_sunny,p128,150+,bush,vegetation,0,0,0,,
2023-05-17_neubiberg_sunny__0406_1684329843302899662_vls128.bin,2023-05-17_neubiberg_sunny,p128,150+,asphalt,artificial_ground,0,0,0,,
2023-05-17_neubiberg_sunny__0406_1684329843302899662_vls128.bin,2023-05-17_neubiberg_sunny,p128,150+,tree_trunk,vegetation,0,0,0,,
2023-05-17_neubiberg_sunny__0406_1684329843302899662_vls128.bin,2023-05-17_neubiberg_sunny,p128,150+,crops,vegetation,274,0,274,0.0,100.0
2023-05-17_neubiberg_sunny__0406_1684329843302899662_vls128.bin,2023-05-17_neubiberg_sunny,p128,150+,building,artificial_structures,14,0,13,0.0,92.85714285714286
2023-05-17_neubiberg_sunny__0406_1684329843302899662_vls128.bin,2023-05-17_neubiberg_sunny,p128,150+,fence,obstacle,0,0,0,,
2023-05-17_neubiberg_sunny__0406_1684329843302899662_vls128.bin,2023-05-17_neubiberg_sunny,p128,150+,guard_rail,obstacle,0,0,0,,
2023-05-17_neubiberg_sunny__0406_1684329843302899662_vls128.bin,2023-05-17_neubiberg_sunny,p128,150+,pole,obstacle,0,0,0,,
2023-05-17_neubiberg_sunny__0406_1684329843302899662_vls128.bin,2023-05-17_neubiberg_sunny,p128,150+,traffic_sign,obstacle,0,0,0,,
2023-05-17_neubiberg_sunny__0406_1684329843302899662_vls128.bin,2023-05-17_neubiberg_sunny,p128,150+,high_grass,vegetation,0,0,0,,
2023-05-17_neubiberg_sunny__0406_1684329843302899662_vls128.bin,2023-05-17_neubiberg_sunny,p128,0+,undefined,other,30,5,14,16.666666666666668,46.666666666666664
2023-05-17_neubiberg_sunny__0406_1684329843302899662_vls128.bin,2023-05-17_neubiberg_sunny,p128,0+,ego_vehicle,other,88,88,0,100.0,0.0
2023-05-17_neubiberg_sunny__0406_1684329843302899662_vls128.bin,2023-05-17_neubiberg_sunny,p128,0+,road_marking,artificial_ground,25,7,20,28.0,80.0
2023-05-17_neubiberg_sunny__0406_1684329843302899662_vls128.bin,2023-05-17_neubiberg_sunny,p128,0+,forest,vegetation,37790,37757,23,99.91267531092882,0.06086266207991532
2023-05-17_neubiberg_sunny__0406_1684329843302899662_vls128.bin,2023-05-17_neubiberg_sunny,p128,0+,bush,vegetation,15452,15450,2,99.9870566916904,0.012943308309603935
2023-05-17_neubiberg_sunny__0406_1684329843302899662_vls128.bin,2023-05-17_neubiberg_sunny,p128,0+,asphalt,artificial_ground,693,667,689,96.24819624819625,99.42279942279943
2023-05-17_neubiberg_sunny__0406_1684329843302899662_vls128.bin,2023-05-17_neubiberg_sunny,p128,0+,tree_trunk,vegetation,360,360,0,100.0,0.0
2023-05-17_neubiberg_sunny__0406_1684329843302899662_vls128.bin,2023-05-17_neubiberg_sunny,p128,0+,crops,vegetation,10551,31,10520,0.29381101317410674,99.7061889868259
2023-05-17_neubiberg_sunny__0406_1684329843302899662_vls128.bin,2023-05-17_neubiberg_sunny,p128,0+,building,artificial_structures,14,0,13,0.0,92.85714285714286
2023-05-17_neubiberg_sunny__0406_1684329843302899662_vls128.bin,2023-05-17_neubiberg_sunny,p128,0+,fence,obstacle,1583,1294,0,81.7435249526216,0.0
2023-05-17_neubiberg_sunny__0406_1684329843302899662_vls128.bin,2023-05-17_neubiberg_sunny,p128,0+,guard_rail,obstacle,611,525,39,85.92471358428806,6.382978723404255
2023-05-17_neubiberg_sunny__0406_1684329843302899662_vls128.bin,2023-05-17_neubiberg_sunny,p128,0+,pole,obstacle,21,21,0,100.0,0.0
2023-05-17_neubiberg_sunny__0406_1684329843302899662_vls128.bin,2023-05-17_neubiberg_sunny,p128,0+,traffic_sign,obstacle,118,118,0,100.0,0.0
2023-05-17_neubiberg_sunny__0406_1684329843302899662_vls128.bin,2023-05-17_neubiberg_sunny,p128,0+,high_grass,vegetation,2065,1080,713,52.300242130750604,34.52784503631961
