scenario,class_id,class,band_m,points
2022-07-22_flight,0,undefined,0-50,45215
2022-07-22_flight,0,undefined,50-100,542
2022-07-22_flight,0,undefined,100-150,428
2022-07-22_flight,0,undefined,150-400,325
2022-07-22_flight,0,undefined,>=400,0
2022-07-22_flight,1,traffic_cone,0-50,0
2022-07-22_flight,1,traffic_cone,50-100,0
2022-07-22_flight,1,traffic_cone,100-150,0
2022-07-22_flight,1,traffic_cone,150-400,0
2022-07-22_flight,1,traffic_cone,>=400,0
2022-07-22_flight,2,snow,0-50,0
2022-07-22_flight,2,snow,50-100,0
2022-07-22_flight,2,snow,100-150,0
2022-07-22_flight,2,snow,150-400,0
2022-07-22_flight,2,snow,>=400,0
2022-07-22_flight,3,cobble,0-50,0
2022-07-22_flight,3,cobble,50-100,0
2022-07-22_flight,3,cobble,100-150,0
2022-07-22_flight,3,cobble,150-400,0
2022-07-22_flight,3,cobble,>=400,0
2022-07-22_flight,4,obstacle,0-50,85198
2022-07-22_flight,4,obstacle,50-100,15271
2022-07-22_flight,4,obstacle,100-150,5127
2022-07-22_flight,4,obstacle,150-400,1029
2022-07-22_flight,4,obstacle,>=400,0
2022-07-22_flight,5,leaves,0-50,0
2022-07-22_flight,5,leaves,50-100,0
2022-07-22_flight,5,leaves,100-150,0
2022-07-22_flight,5,leaves,150-400,0
2022-07-22_flight,5,leaves,>=400,0
2022-07-22_flight,6,street_light,0-50,7560
2022-07-22_flight,6,street_light,50-100,962
2022-07-22_flight,6,street_light,100-150,52
2022-07-22_flight,6,street_light,150-400,0
2022-07-22_flight,6,street_light,>=400,0
2022-07-22_flight,7,bikeway,0-50,0
2022-07-22_flight,7,bikeway,50-100,0
2022-07-22_flight,7,bikeway,100-150,0
2022-07-22_flight,7,bikeway,150-400,0
2022-07-22_flight,7,bikeway,>=400,0
2022-07-22_flight,8,ego_vehicle,0-50,53026
2022-07-22_flight,8,ego_vehicle,50-100,0
2022-07-22_flight,8,ego_vehicle,100-150,0
2022-07-22_flight,8,ego_vehicle,150-400,0
2022-07-22_flight,8,ego_vehicle,>=400,0
2022-07-22_flight,9,pedestrian_crossing,0-50,0
2022-07-22_flight,9,pedestrian_crossing,50-100,0
2022-07-22_flight,9,pedestrian_crossing,100-150,0
2022-07-22_flight,9,pedestrian_crossing,150-400,0
2022-07-22_flight,9,pedestrian_crossing,>=400,0
2022-07-22_flight,10,road_block,0-50,0
2022-07-22_flight,10,road_block,50-100,0
2022-07-22_flight,10,road_block,100-150,0
2022-07-22_flight,10,road_block,150-400,0
2022-07-22_flight,10,road_block,>=400,0
2022-07-22_flight,11,road_marking,0-50,6731
2022-07-22_flight,11,road_marking,50-100,628
2022-07-22_flight,11,road_marking,100-150,12
2022-07-22_flight,11,road_marking,150-400,0
2022-07-22_flight,11,road_marking,>=400,0
2022-07-22_flight,12,car,0-50,733
2022-07-22_flight,12,car,50-100,2535
2022-07-22_flight,12,car,100-150,42
2022-07-22_flight,12,car,150-400,22
2022-07-22_flight,12,car,>=400,0
2022-07-22_flight,13,bicycle,0-50,0
2022-07-22_flight,13,bicycle,50-100,166
2022-07-22_flight,13,bicycle,100-150,0
2022-07-22_flight,13,bicycle,150-400,0
2022-07-22_flight,13,bicycle,>=400,0
2022-07-22_flight,14,person,0-50,523
2022-07-22_flight,14,person,50-100,153
2022-07-22_flight,14,person,100-150,0
2022-07-22_flight,14,person,150-400,0
2022-07-22_flight,14,person,>=400,0
2022-07-22_flight,15,bus,0-50,0
2022-07-22_flight,15,bus,50-100,0
2022-07-22_flight,15,bus,100-150,0
2022-07-22_flight,15,bus,150-400,0
2022-07-22_flight,15,bus,>=400,0
2022-07-22_flight,16,forest,0-50,90585
2022-07-22_flight,16,forest,50-100,52969
2022-07-22_flight,16,forest,100-150,25586
2022-07-22_flight,16,forest,150-400,16094
2022-07-22_flight,16,forest,>=400,0
2022-07-22_flight,17,bush,0-50,1706976
2022-07-22_flight,17,bush,50-100,476368
2022-07-22_flight,17,bush,100-150,275950
2022-07-22_flight,17,bush,150-400,115707
2022-07-22_flight,17,bush,>=400,0
2022-07-22_flight,18,moss,0-50,0
2022-07-22_flight,18,moss,50-100,0
2022-07-22_flight,18,moss,100-150,0
2022-07-22_flight,18,moss,150-400,0
2022-07-22_flight,18,moss,>=400,0
2022-07-22_flight,19,traffic_light,0-50,0
2022-07-22_flight,19,traffic_light,50-100,0
2022-07-22_flight,19,traffic_light,100-150,0
2022-07-22_flight,19,traffic_light,150-400,0
2022-07-22_flight,19,traffic_light,>=400,0
2022-07-22_flight,20,motorcycle,0-50,0
2022-07-22_flight,20,motorcycle,50-100,0
2022-07-22_flight,20,motorcycle,100-150,0
2022-07-22_flight,20,motorcycle,150-400,0
2022-07-22_flight,20,motorcycle,>=400,0
2022-07-22_flight,21,sidewalk,0-50,0
2022-07-22_flight,21,sidewalk,50-100,0
2022-07-22_flight,21,sidewalk,100-150,0
2022-07-22_flight,21,sidewalk,150-400,0
2022-07-22_flight,21,sidewalk,>=400,0
2022-07-22_flight,22,curb,0-50,654
2022-07-22_flight,22,curb,50-100,0
2022-07-22_flight,22,curb,100-150,0
2022-07-22_flight,22,curb,150-400,0
2022-07-22_flight,22,curb,>=400,0
2022-07-22_flight,23,asphalt,0-50,1037358
2022-07-22_flight,23,asphalt,50-100,56206
2022-07-22_flight,23,asphalt,100-150,3424
2022-07-22_flight,23,asphalt,150-400,135
2022-07-22_flight,23,asphalt,>=400,0
2022-07-22_flight,24,gravel,0-50,0
2022-07-22_flight,24,gravel,50-100,0
2022-07-22_flight,24,gravel,100-150,0
2022-07-22_flight,24,gravel,150-400,0
2022-07-22_flight,24,gravel,>=400,0
2022-07-22_flight,25,boom_barrier,0-50,465
2022-07-22_flight,25,boom_barrier,50-100,18
2022-07-22_flight,25,boom_barrier,100-150,0
2022-07-22_flight,25,boom_barrier,150-400,0
2022-07-22_flight,25,boom_barrier,>=400,0
2022-07-22_flight,26,rail_track,0-50,0
2022-07-22_flight,26,rail_track,50-100,0
2022-07-22_flight,26,rail_track,100-150,0
2022-07-22_flight,26,rail_track,150-400,0
2022-07-22_flight,26,rail_track,>=400,0
2022-07-22_flight,27,tree_crown,0-50,1559705
2022-07-22_flight,27,tree_crown,50-100,165746
2022-07-22_flight,27,tree_crown,100-150,13525
2022-07-22_flight,27,tree_crown,150-400,593
2022-07-22_flight,27,tree_crown,>=400,0
2022-07-22_flight,28,tree_trunk,0-50,456311
2022-07-22_flight,28,tree_trunk,50-100,27169
2022-07-22_flight,28,tree_trunk,100-150,1546
2022-07-22_flight,28,tree_trunk,150-400,82
2022-07-22_flight,28,tree_trunk,>=400,0
2022-07-22_flight,29,debris,0-50,9978
2022-07-22_flight,29,debris,50-100,268
2022-07-22_flight,29,debris,100-150,24
2022-07-22_flight,29,debris,150-400,1
2022-07-22_flight,29,debris,>=400,0
2022-07-22_flight,30,crops,0-50,0
2022-07-22_flight,30,crops,50-100,0
2022-07-22_flight,30,crops,100-150,0
2022-07-22_flight,30,crops,150-400,0
2022-07-22_flight,30,crops,>=400,0
2022-07-22_flight,31,soil,0-50,889853
2022-07-22_flight,31,soil,50-100,23507
2022-07-22_flight,31,soil,100-150,2812
2022-07-22_flight,31,soil,150-400,626
2022-07-22_flight,31,soil,>=400,0
2022-07-22_flight,32,rider,0-50,0
2022-07-22_flight,32,rider,50-100,63
2022-07-22_flight,32,rider,100-150,0
2022-07-22_flight,32,rider,150-400,0
2022-07-22_flight,32,rider,>=400,0
2022-07-22_flight,33,animal,0-50,114
2022-07-22_flight,33,animal,50-100,0
2022-07-22_flight,33,animal,100-150,0
2022-07-22_flight,33,animal,150-400,0
2022-07-22_flight,33,animal,>=400,0
2022-07-22_flight,34,truck,0-50,0
2022-07-22_flight,34,truck,50-100,994
2022-07-22_flight,34,truck,100-150,513
2022-07-22_flight,34,truck,150-400,63
2022-07-22_flight,34,truck,>=400,0
2022-07-22_flight,35,on_rails,0-50,0
2022-07-22_flight,35,on_rails,50-100,0
2022-07-22_flight,35,on_rails,100-150,0
2022-07-22_flight,35,on_rails,150-400,0
2022-07-22_flight,35,on_rails,>=400,0
2022-07-22_flight,36,caravan,0-50,0
2022-07-22_flight,36,caravan,50-100,634
2022-07-22_flight,36,caravan,100-150,325
2022-07-22_flight,36,caravan,150-400,0
2022-07-22_flight,36,caravan,>=400,0
2022-07-22_flight,37,trailer,0-50,0
2022-07-22_flight,37,trailer,50-100,554
2022-07-22_flight,37,trailer,100-150,522
2022-07-22_flight,37,trailer,150-400,70
2022-07-22_flight,37,trailer,>=400,0
2022-07-22_flight,38,building,0-50,223068
2022-07-22_flight,38,building,50-100,165514
2022-07-22_flight,38,building,100-150,61236
2022-07-22_flight,38,building,150-400,30632
2022-07-22_flight,38,building,>=400,0
2022-07-22_flight,39,wall,0-50,1524
2022-07-22_flight,39,wall,50-100,1
2022-07-22_flight,39,wall,100-150,0
2022-07-22_flight,39,wall,150-400,0
2022-07-22_flight,39,wall,>=400,0
2022-07-22_flight,40,rock,0-50,13742
2022-07-22_flight,40,rock,50-100,275
2022-07-22_flight,40,rock,100-150,37
2022-07-22_flight,40,rock,150-400,0
2022-07-22_flight,40,rock,>=400,0
2022-07-22_flight,41,fence,0-50,1997257
2022-07-22_flight,41,fence,50-100,49895
2022-07-22_flight,41,fence,100-150,7517
2022-07-22_flight,41,fence,150-400,945
2022-07-22_flight,41,fence,>=400,0
2022-07-22_flight,42,guard_rail,0-50,17868
2022-07-22_flight,42,guard_rail,50-100,39
2022-07-22_flight,42,guard_rail,100-150,0
2022-07-22_flight,42,guard_rail,150-400,0
2022-07-22_flight,42,guard_rail,>=400,0
2022-07-22_flight,43,bridge,0-50,0
2022-07-22_flight,43,bridge,50-100,0
2022-07-22_flight,43,bridge,100-150,0
2022-07-22_flight,43,bridge,150-400,0
2022-07-22_flight,43,bridge,>=400,0
2022-07-22_flight,44,tunnel,0-50,0
2022-07-22_flight,44,tunnel,50-100,0
2022-07-22_flight,44,tunnel,100-150,0
2022-07-22_flight,44,tunnel,150-400,0
2022-07-22_flight,44,tunnel,>=400,0
2022-07-22_flight,45,pole,0-50,20789
2022-07-22_flight,45,pole,50-100,1937
2022-07-22_flight,45,pole,100-150,351
2022-07-22_flight,45,pole,150-400,90
2022-07-22_flight,45,pole,>=400,0
2022-07-22_flight,46,traffic_sign,0-50,2372
2022-07-22_flight,46,traffic_sign,50-100,140
2022-07-22_flight,46,traffic_sign,100-150,3
2022-07-22_flight,46,traffic_sign,150-400,0
2022-07-22_flight,46,traffic_sign,>=400,0
2022-07-22_flight,47,misc_sign,0-50,12843
2022-07-22_flight,47,misc_sign,50-100,577
2022-07-22_flight,47,misc_sign,100-150,120
2022-07-22_flight,47,misc_sign,150-400,28
2022-07-22_flight,47,misc_sign,>=400,0
2022-07-22_flight,48,barrier_tape,0-50,0
2022-07-22_flight,48,barrier_tape,50-100,0
2022-07-22_flight,48,barrier_tape,100-150,0
2022-07-22_flight,48,barrier_tape,150-400,0
2022-07-22_flight,48,barrier_tape,>=400,0
2022-07-22_flight,49,kick_scooter,0-50,0
2022-07-22_flight,49,kick_scooter,50-100,0
2022-07-22_flight,49,kick_scooter,100-150,0
2022-07-22_flight,49,kick_scooter,150-400,0
2022-07-22_flight,49,kick_scooter,>=400,0
2022-07-22_flight,50,low_grass,0-50,3929822
2022-07-22_flight,50,low_grass,50-100,416533
2022-07-22_flight,50,low_grass,100-150,71928
2022-07-22_flight,50,low_grass,150-400,11442
2022-07-22_flight,50,low_grass,>=400,0
2022-07-22_flight,51,high_grass,0-50,4535079
2022-07-22_flight,51,high_grass,50-100,225044
2022-07-22_flight,51,high_grass,100-150,63489
2022-07-22_flight,51,high_grass,150-400,19120
2022-07-22_flight,51,high_grass,>=400,0
2022-07-22_flight,52,scenery_vegetation,0-50,0
2022-07-22_flight,52,scenery_vegetation,50-100,0
2022-07-22_flight,52,scenery_vegetation,100-150,0
2022-07-22_flight,52,scenery_vegetation,150-400,0
2022-07-22_flight,52,scenery_vegetation,>=400,0
2022-07-22_flight,53,sky,0-50,0
2022-07-22_flight,53,sky,50-100,0
2022-07-22_flight,53,sky,100-150,0
2022-07-22_flight,53,sky,150-400,0
2022-07-22_flight,53,sky,>=400,0
2022-07-22_flight,54,water,0-50,44
2022-07-22_flight,54,water,50-100,2
2022-07-22_flight,54,water,100-150,0
2022-07-22_flight,54,water,150-400,0
2022-07-22_flight,54,water,>=400,0
2022-07-22_flight,55,wire,0-50,583
2022-07-22_flight,55,wire,50-100,1
2022-07-22_flight,55,wire,100-150,0
2022-07-22_flight,55,wire,150-400,0
2022-07-22_flight,55,wire,>=400,0
2022-07-22_flight,56,outlier,0-50,0
2022-07-22_flight,56,outlier,50-100,0
2022-07-22_flight,56,outlier,100-150,0
2022-07-22_flight,56,outlier,150-400,0
2022-07-22_flight,56,outlier,>=400,0
2022-07-22_flight,57,heavy_machinery,0-50,5008
2022-07-22_flight,57,heavy_machinery,50-100,351
2022-07-22_flight,57,heavy_machinery,100-150,309
2022-07-22_flight,57,heavy_machinery,150-400,121
2022-07-22_flight,57,heavy_machinery,>=400,0
2022-07-22_flight,58,container,0-50,55035
2022-07-22_flight,58,container,50-100,2786
2022-07-22_flight,58,container,100-150,660
2022-07-22_flight,58,container,150-400,381
2022-07-22_flight,58,container,>=400,0
2022-07-22_flight,59,hedge,0-50,6802270
2022-07-22_flight,59,hedge,50-100,1105037
2022-07-22_flight,59,hedge,100-150,237038
2022-07-22_flight,59,hedge,150-400,88834
2022-07-22_flight,59,hedge,>=400,0
2022-07-22_flight,60,barrel,0-50,0
2022-07-22_flight,60,barrel,50-100,0
2022-07-22_flight,60,barrel,100-150,0
2022-07-22_flight,60,barrel,150-400,0
2022-07-22_flight,60,barrel,>=400,0
2022-07-22_flight,61,pipe,0-50,301
2022-07-22_flight,61,pipe,50-100,0
2022-07-22_flight,61,pipe,100-150,0
2022-07-22_flight,61,pipe,150-400,0
2022-07-22_flight,61,pipe,>=400,0
2022-07-22_flight,62,tree_root,0-50,0
2022-07-22_flight,62,tree_root,50-100,0
2022-07-22_flight,62,tree_root,100-150,0
2022-07-22_flight,62,tree_root,150-400,0
2022-07-22_flight,62,tree_root,>=400,0
2022-07-22_flight,63,military_vehicle,0-50,0
2022-07-22_flight,63,military_vehicle,50-100,0
2022-07-22_flight,63,military_vehicle,100-150,0
2022-07-22_flight,63,military_vehicle,150-400,0
2022-07-22_flight,63,military_vehicle,>=400,0
2022-08-30_siegertsbrunn_feldwege,0,undefined,0-50,1842
2022-08-30_siegertsbrunn_feldwege,0,undefined,50-100,400
2022-08-30_siegertsbrunn_feldwege,0,undefined,100-150,305
2022-08-30_siegertsbrunn_feldwege,0,undefined,150-400,272
2022-08-30_siegertsbrunn_feldwege,0,undefined,>=400,0
2022-08-30_siegertsbrunn_feldwege,1,traffic_cone,0-50,0
2022-08-30_siegertsbrunn_feldwege,1,traffic_cone,50-100,0
2022-08-30_siegertsbrunn_feldwege,1,traffic_cone,100-150,0
2022-08-30_siegertsbrunn_feldwege,1,traffic_cone,150-400,0
2022-08-30_siegertsbrunn_feldwege,1,traffic_cone,>=400,0
2022-08-30_siegertsbrunn_feldwege,2,snow,0-50,0
2022-08-30_siegertsbrunn_feldwege,2,snow,50-100,0
2022-08-30_siegertsbrunn_feldwege,2,snow,100-150,0
2022-08-30_siegertsbrunn_feldwege,2,snow,150-400,0
2022-08-30_siegertsbrunn_feldwege,2,snow,>=400,0
2022-08-30_siegertsbrunn_feldwege,3,cobble,0-50,9146
2022-08-30_siegertsbrunn_feldwege,3,cobble,50-100,92
2022-08-30_siegertsbrunn_feldwege,3,cobble,100-150,0
2022-08-30_siegertsbrunn_feldwege,3,cobble,150-400,0
2022-08-30_siegertsbrunn_feldwege,3,cobble,>=400,0
2022-08-30_siegertsbrunn_feldwege,4,obstacle,0-50,76647
2022-08-30_siegertsbrunn_feldwege,4,obstacle,50-100,4641
2022-08-30_siegertsbrunn_feldwege,4,obstacle,100-150,834
2022-08-30_siegertsbrunn_feldwege,4,obstacle,150-400,271
2022-08-30_siegertsbrunn_feldwege,4,obstacle,>=400,0
2022-08-30_siegertsbrunn_feldwege,5,leaves,0-50,1795
2022-08-30_siegertsbrunn_feldwege,5,leaves,50-100,19
2022-08-30_siegertsbrunn_feldwege,5,leaves,100-150,0
2022-08-30_siegertsbrunn_feldwege,5,leaves,150-400,0
2022-08-30_siegertsbrunn_feldwege,5,leaves,>=400,0
2022-08-30_siegertsbrunn_feldwege,6,street_light,0-50,6850
2022-08-30_siegertsbrunn_feldwege,6,street_light,50-100,477
2022-08-30_siegertsbrunn_feldwege,6,street_light,100-150,25
2022-08-30_siegertsbrunn_feldwege,6,street_light,150-400,2
2022-08-30_siegertsbrunn_feldwege,6,street_light,>=400,0
2022-08-30_siegertsbrunn_feldwege,7,bikeway,0-50,0
2022-08-30_siegertsbrunn_feldwege,7,bikeway,50-100,0
2022-08-30_siegertsbrunn_feldwege,7,bikeway,100-150,0
2022-08-30_siegertsbrunn_feldwege,7,bikeway,150-400,0
2022-08-30_siegertsbrunn_feldwege,7,bikeway,>=400,0
2022-08-30_siegertsbrunn_feldwege,8,ego_vehicle,0-50,36395
2022-08-30_siegertsbrunn_feldwege,8,ego_vehicle,50-100,0
2022-08-30_siegertsbrunn_feldwege,8,ego_vehicle,100-150,0
2022-08-30_siegertsbrunn_feldwege,8,ego_vehicle,150-400,0
2022-08-30_siegertsbrunn_feldwege,8,ego_vehicle,>=400,0
2022-08-30_siegertsbrunn_feldwege,9,pedestrian_crossing,0-50,0
2022-08-30_siegertsbrunn_feldwege,9,pedestrian_crossing,50-100,0
2022-08-30_siegertsbrunn_feldwege,9,pedestrian_crossing,100-150,0
2022-08-30_siegertsbrunn_feldwege,9,pedestrian_crossing,150-400,0
2022-08-30_siegertsbrunn_feldwege,9,pedestrian_crossing,>=400,0
2022-08-30_siegertsbrunn_feldwege,10,road_block,0-50,699
2022-08-30_siegertsbrunn_feldwege,10,road_block,50-100,69
2022-08-30_siegertsbrunn_feldwege,10,road_block,100-150,12
2022-08-30_siegertsbrunn_feldwege,10,road_block,150-400,19
2022-08-30_siegertsbrunn_feldwege,10,road_block,>=400,0
2022-08-30_siegertsbrunn_feldwege,11,road_marking,0-50,15223
2022-08-30_siegertsbrunn_feldwege,11,road_marking,50-100,1054
2022-08-30_siegertsbrunn_feldwege,11,road_marking,100-150,34
2022-08-30_siegertsbrunn_feldwege,11,road_marking,150-400,0
2022-08-30_siegertsbrunn_feldwege,11,road_marking,>=400,0
2022-08-30_siegertsbrunn_feldwege,12,car,0-50,38651
2022-08-30_siegertsbrunn_feldwege,12,car,50-100,2311
2022-08-30_siegertsbrunn_feldwege,12,car,100-150,369
2022-08-30_siegertsbrunn_feldwege,12,car,150-400,147
2022-08-30_siegertsbrunn_feldwege,12,car,>=400,0
2022-08-30_siegertsbrunn_feldwege,13,bicycle,0-50,736
2022-08-30_siegertsbrunn_feldwege,13,bicycle,50-100,3
2022-08-30_siegertsbrunn_feldwege,13,bicycle,100-150,1
2022-08-30_siegertsbrunn_feldwege,13,bicycle,150-400,0
2022-08-30_siegertsbrunn_feldwege,13,bicycle,>=400,0
2022-08-30_siegertsbrunn_feldwege,14,person,0-50,1202
2022-08-30_siegertsbrunn_feldwege,14,person,50-100,426
2022-08-30_siegertsbrunn_feldwege,14,person,100-150,20
2022-08-30_siegertsbrunn_feldwege,14,person,150-400,2
2022-08-30_siegertsbrunn_feldwege,14,person,>=400,0
2022-08-30_siegertsbrunn_feldwege,15,bus,0-50,0
2022-08-30_siegertsbrunn_feldwege,15,bus,50-100,0
2022-08-30_siegertsbrunn_feldwege,15,bus,100-150,0
2022-08-30_siegertsbrunn_feldwege,15,bus,150-400,0
2022-08-30_siegertsbrunn_feldwege,15,bus,>=400,0
2022-08-30_siegertsbrunn_feldwege,16,forest,0-50,2147587
2022-08-30_siegertsbrunn_feldwege,16,forest,50-100,116272
2022-08-30_siegertsbrunn_feldwege,16,forest,100-150,55853
2022-08-30_siegertsbrunn_feldwege,16,forest,150-400,35206
2022-08-30_siegertsbrunn_feldwege,16,forest,>=400,0
2022-08-30_siegertsbrunn_feldwege,17,bush,0-50,331018
2022-08-30_siegertsbrunn_feldwege,17,bush,50-100,23392
2022-08-30_siegertsbrunn_feldwege,17,bush,100-150,16294
2022-08-30_siegertsbrunn_feldwege,17,bush,150-400,13542
2022-08-30_siegertsbrunn_feldwege,17,bush,>=400,0
2022-08-30_siegertsbrunn_feldwege,18,moss,0-50,0
2022-08-30_siegertsbrunn_feldwege,18,moss,50-100,0
2022-08-30_siegertsbrunn_feldwege,18,moss,100-150,0
2022-08-30_siegertsbrunn_feldwege,18,moss,150-400,0
2022-08-30_siegertsbrunn_feldwege,18,moss,>=400,0
2022-08-30_siegertsbrunn_feldwege,19,traffic_light,0-50,270
2022-08-30_siegertsbrunn_feldwege,19,traffic_light,50-100,0
2022-08-30_siegertsbrunn_feldwege,19,traffic_light,100-150,0
2022-08-30_siegertsbrunn_feldwege,19,traffic_light,150-400,0
2022-08-30_siegertsbrunn_feldwege,19,traffic_light,>=400,0
2022-08-30_siegertsbrunn_feldwege,20,motorcycle,0-50,988
2022-08-30_siegertsbrunn_feldwege,20,motorcycle,50-100,164
2022-08-30_siegertsbrunn_feldwege,20,motorcycle,100-150,2
2022-08-30_siegertsbrunn_feldwege,20,motorcycle,150-400,3
2022-08-30_siegertsbrunn_feldwege,20,motorcycle,>=400,0
2022-08-30_siegertsbrunn_feldwege,21,sidewalk,0-50,24013
2022-08-30_siegertsbrunn_feldwege,21,sidewalk,50-100,2132
2022-08-30_siegertsbrunn_feldwege,21,sidewalk,100-150,182
2022-08-30_siegertsbrunn_feldwege,21,sidewalk,150-400,17
2022-08-30_siegertsbrunn_feldwege,21,sidewalk,>=400,0
2022-08-30_siegertsbrunn_feldwege,22,curb,0-50,7445
2022-08-30_siegertsbrunn_feldwege,22,curb,50-100,605
2022-08-30_siegertsbrunn_feldwege,22,curb,100-150,20
2022-08-30_siegertsbrunn_feldwege,22,curb,150-400,2
2022-08-30_siegertsbrunn_feldwege,22,curb,>=400,0
2022-08-30_siegertsbrunn_feldwege,23,asphalt,0-50,406856
2022-08-30_siegertsbrunn_feldwege,23,asphalt,50-100,20024
2022-08-30_siegertsbrunn_feldwege,23,asphalt,100-150,1893
2022-08-30_siegertsbrunn_feldwege,23,asphalt,150-400,80
2022-08-30_siegertsbrunn_feldwege,23,asphalt,>=400,0
2022-08-30_siegertsbrunn_feldwege,24,gravel,0-50,285376
2022-08-30_siegertsbrunn_feldwege,24,gravel,50-100,15438
2022-08-30_siegertsbrunn_feldwege,24,gravel,100-150,1967
2022-08-30_siegertsbrunn_feldwege,24,gravel,150-400,154
2022-08-30_siegertsbrunn_feldwege,24,gravel,>=400,0
2022-08-30_siegertsbrunn_feldwege,25,boom_barrier,0-50,0
2022-08-30_siegertsbrunn_feldwege,25,boom_barrier,50-100,0
2022-08-30_siegertsbrunn_feldwege,25,boom_barrier,100-150,0
2022-08-30_siegertsbrunn_feldwege,25,boom_barrier,150-400,0
2022-08-30_siegertsbrunn_feldwege,25,boom_barrier,>=400,0
2022-08-30_siegertsbrunn_feldwege,26,rail_track,0-50,5623
2022-08-30_siegertsbrunn_feldwege,26,rail_track,50-100,271
2022-08-30_siegertsbrunn_feldwege,26,rail_track,100-150,27
2022-08-30_siegertsbrunn_feldwege,26,rail_track,150-400,6
2022-08-30_siegertsbrunn_feldwege,26,rail_track,>=400,0
2022-08-30_siegertsbrunn_feldwege,27,tree_crown,0-50,247317
2022-08-30_siegertsbrunn_feldwege,27,tree_crown,50-100,38397
2022-08-30_siegertsbrunn_feldwege,27,tree_crown,100-150,13457
2022-08-30_siegertsbrunn_feldwege,27,tree_crown,150-400,6252
2022-08-30_siegertsbrunn_feldwege,27,tree_crown,>=400,0
2022-08-30_siegertsbrunn_feldwege,28,tree_trunk,0-50,110913
2022-08-30_siegertsbrunn_feldwege,28,tree_trunk,50-100,2709
2022-08-30_siegertsbrunn_feldwege,28,tree_trunk,100-150,570
2022-08-30_siegertsbrunn_feldwege,28,tree_trunk,150-400,337
2022-08-30_siegertsbrunn_feldwege,28,tree_trunk,>=400,0
2022-08-30_siegertsbrunn_feldwege,29,debris,0-50,95907
2022-08-30_siegertsbrunn_feldwege,29,debris,50-100,3775
2022-08-30_siegertsbrunn_feldwege,29,debris,100-150,1178
2022-08-30_siegertsbrunn_feldwege,29,debris,150-400,298
2022-08-30_siegertsbrunn_feldwege,29,debris,>=400,0
2022-08-30_siegertsbrunn_feldwege,30,crops,0-50,2781818
2022-08-30_siegertsbrunn_feldwege,30,crops,50-100,195736
2022-08-30_siegertsbrunn_feldwege,30,crops,100-150,94558
2022-08-30_siegertsbrunn_feldwege,30,crops,150-400,44417
2022-08-30_siegertsbrunn_feldwege,30,crops,>=400,0
2022-08-30_siegertsbrunn_feldwege,31,soil,0-50,1379826
2022-08-30_siegertsbrunn_feldwege,31,soil,50-100,324592
2022-08-30_siegertsbrunn_feldwege,31,soil,100-150,100857
2022-08-30_siegertsbrunn_feldwege,31,soil,150-400,28962
2022-08-30_siegertsbrunn_feldwege,31,soil,>=400,0
2022-08-30_siegertsbrunn_feldwege,32,rider,0-50,589
2022-08-30_siegertsbrunn_feldwege,32,rider,50-100,33
2022-08-30_siegertsbrunn_feldwege,32,rider,100-150,4
2022-08-30_siegertsbrunn_feldwege,32,rider,150-400,0
2022-08-30_siegertsbrunn_feldwege,32,rider,>=400,0
2022-08-30_siegertsbrunn_feldwege,33,animal,0-50,22
2022-08-30_siegertsbrunn_feldwege,33,animal,50-100,20
2022-08-30_siegertsbrunn_feldwege,33,animal,100-150,17
2022-08-30_siegertsbrunn_feldwege,33,animal,150-400,2
2022-08-30_siegertsbrunn_feldwege,33,animal,>=400,0
2022-08-30_siegertsbrunn_feldwege,34,truck,0-50,0
2022-08-30_siegertsbrunn_feldwege,34,truck,50-100,351
2022-08-30_siegertsbrunn_feldwege,34,truck,100-150,371
2022-08-30_siegertsbrunn_feldwege,34,truck,150-400,90
2022-08-30_siegertsbrunn_feldwege,34,truck,>=400,0
2022-08-30_siegertsbrunn_feldwege,35,on_rails,0-50,0
2022-08-30_siegertsbrunn_feldwege,35,on_rails,50-100,0
2022-08-30_siegertsbrunn_feldwege,35,on_rails,100-150,0
2022-08-30_siegertsbrunn_feldwege,35,on_rails,150-400,0
2022-08-30_siegertsbrunn_feldwege,35,on_rails,>=400,0
2022-08-30_siegertsbrunn_feldwege,36,caravan,0-50,0
2022-08-30_siegertsbrunn_feldwege,36,caravan,50-100,0
2022-08-30_siegertsbrunn_feldwege,36,caravan,100-150,0
2022-08-30_siegertsbrunn_feldwege,36,caravan,150-400,0
2022-08-30_siegertsbrunn_feldwege,36,caravan,>=400,0
2022-08-30_siegertsbrunn_feldwege,37,trailer,0-50,40264
2022-08-30_siegertsbrunn_feldwege,37,trailer,50-100,3353
2022-08-30_siegertsbrunn_feldwege,37,trailer,100-150,334
2022-08-30_siegertsbrunn_feldwege,37,trailer,150-400,50
2022-08-30_siegertsbrunn_feldwege,37,trailer,>=400,0
2022-08-30_siegertsbrunn_feldwege,38,building,0-50,509686
2022-08-30_siegertsbrunn_feldwege,38,building,50-100,117930
2022-08-30_siegertsbrunn_feldwege,38,building,100-150,36545
2022-08-30_siegertsbrunn_feldwege,38,building,150-400,22968
2022-08-30_siegertsbrunn_feldwege,38,building,>=400,0
2022-08-30_siegertsbrunn_feldwege,39,wall,0-50,34198
2022-08-30_siegertsbrunn_feldwege,39,wall,50-100,3526
2022-08-30_siegertsbrunn_feldwege,39,wall,100-150,766
2022-08-30_siegertsbrunn_feldwege,39,wall,150-400,0
2022-08-30_siegertsbrunn_feldwege,39,wall,>=400,0
2022-08-30_siegertsbrunn_feldwege,40,rock,0-50,0
2022-08-30_siegertsbrunn_feldwege,40,rock,50-100,0
2022-08-30_siegertsbrunn_feldwege,40,rock,100-150,0
2022-08-30_siegertsbrunn_feldwege,40,rock,150-400,0
2022-08-30_siegertsbrunn_feldwege,40,rock,>=400,0
2022-08-30_siegertsbrunn_feldwege,41,fence,0-50,75203
2022-08-30_siegertsbrunn_feldwege,41,fence,50-100,5724
2022-08-30_siegertsbrunn_feldwege,41,fence,100-150,2960
2022-08-30_siegertsbrunn_feldwege,41,fence,150-400,905
2022-08-30_siegertsbrunn_feldwege,41,fence,>=400,0
2022-08-30_siegertsbrunn_feldwege,42,guard_rail,0-50,192
2022-08-30_siegertsbrunn_feldwege,42,guard_rail,50-100,0
2022-08-30_siegertsbrunn_feldwege,42,guard_rail,100-150,0
2022-08-30_siegertsbrunn_feldwege,42,guard_rail,150-400,0
2022-08-30_siegertsbrunn_feldwege,42,guard_rail,>=400,0
2022-08-30_siegertsbrunn_feldwege,43,bridge,0-50,0
2022-08-30_siegertsbrunn_feldwege,43,bridge,50-100,0
2022-08-30_siegertsbrunn_feldwege,43,bridge,100-150,0
2022-08-30_siegertsbrunn_feldwege,43,bridge,150-400,0
2022-08-30_siegertsbrunn_feldwege,43,bridge,>=400,0
2022-08-30_siegertsbrunn_feldwege,44,tunnel,0-50,0
2022-08-30_siegertsbrunn_feldwege,44,tunnel,50-100,0
2022-08-30_siegertsbrunn_feldwege,44,tunnel,100-150,0
2022-08-30_siegertsbrunn_feldwege,44,tunnel,150-400,0
2022-08-30_siegertsbrunn_feldwege,44,tunnel,>=400,0
2022-08-30_siegertsbrunn_feldwege,45,pole,0-50,25216
2022-08-30_siegertsbrunn_feldwege,45,pole,50-100,2441
2022-08-30_siegertsbrunn_feldwege,45,pole,100-150,865
2022-08-30_siegertsbrunn_feldwege,45,pole,150-400,353
2022-08-30_siegertsbrunn_feldwege,45,pole,>=400,0
2022-08-30_siegertsbrunn_feldwege,46,traffic_sign,0-50,29448
2022-08-30_siegertsbrunn_feldwege,46,traffic_sign,50-100,286
2022-08-30_siegertsbrunn_feldwege,46,traffic_sign,100-150,57
2022-08-30_siegertsbrunn_feldwege,46,traffic_sign,150-400,24
2022-08-30_siegertsbrunn_feldwege,46,traffic_sign,>=400,0
2022-08-30_siegertsbrunn_feldwege,47,misc_sign,0-50,42260
2022-08-30_siegertsbrunn_feldwege,47,misc_sign,50-100,1722
2022-08-30_siegertsbrunn_feldwege,47,misc_sign,100-150,594
2022-08-30_siegertsbrunn_feldwege,47,misc_sign,150-400,122
2022-08-30_siegertsbrunn_feldwege,47,misc_sign,>=400,0
2022-08-30_siegertsbrunn_feldwege,48,barrier_tape,0-50,14
2022-08-30_siegertsbrunn_feldwege,48,barrier_tape,50-100,0
2022-08-30_siegertsbrunn_feldwege,48,barrier_tape,100-150,0
2022-08-30_siegertsbrunn_feldwege,48,barrier_tape,150-400,0
2022-08-30_siegertsbrunn_feldwege,48,barrier_tape,>=400,0
2022-08-30_siegertsbrunn_feldwege,49,kick_scooter,0-50,0
2022-08-30_siegertsbrunn_feldwege,49,kick_scooter,50-100,0
2022-08-30_siegertsbrunn_feldwege,49,kick_scooter,100-150,0
2022-08-30_siegertsbrunn_feldwege,49,kick_scooter,150-400,0
2022-08-30_siegertsbrunn_feldwege,49,kick_scooter,>=400,0
2022-08-30_siegertsbrunn_feldwege,50,low_grass,0-50,2943515
2022-08-30_siegertsbrunn_feldwege,50,low_grass,50-100,677046
2022-08-30_siegertsbrunn_feldwege,50,low_grass,100-150,174714
2022-08-30_siegertsbrunn_feldwege,50,low_grass,150-400,54851
2022-08-30_siegertsbrunn_feldwege,50,low_grass,>=400,0
2022-08-30_siegertsbrunn_feldwege,51,high_grass,0-50,532193
2022-08-30_siegertsbrunn_feldwege,51,high_grass,50-100,52444
2022-08-30_siegertsbrunn_feldwege,51,high_grass,100-150,18488
2022-08-30_siegertsbrunn_feldwege,51,high_grass,150-400,5445
2022-08-30_siegertsbrunn_feldwege,51,high_grass,>=400,0
2022-08-30_siegertsbrunn_feldwege,52,scenery_vegetation,0-50,0
2022-08-30_siegertsbrunn_feldwege,52,scenery_vegetation,50-100,0
2022-08-30_siegertsbrunn_feldwege,52,scenery_vegetation,100-150,0
2022-08-30_siegertsbrunn_feldwege,52,scenery_vegetation,150-400,0
2022-08-30_siegertsbrunn_feldwege,52,scenery_vegetation,>=400,0
2022-08-30_siegertsbrunn_feldwege,53,sky,0-50,0
2022-08-30_siegertsbrunn_feldwege,53,sky,50-100,0
2022-08-30_siegertsbrunn_feldwege,53,sky,100-150,0
2022-08-30_siegertsbrunn_feldwege,53,sky,150-400,0
2022-08-30_siegertsbrunn_feldwege,53,sky,>=400,0
2022-08-30_siegertsbrunn_feldwege,54,water,0-50,25
2022-08-30_siegertsbrunn_feldwege,54,water,50-100,0
2022-08-30_siegertsbrunn_feldwege,54,water,100-150,0
2022-08-30_siegertsbrunn_feldwege,54,water,150-400,0
2022-08-30_siegertsbrunn_feldwege,54,water,>=400,0
2022-08-30_siegertsbrunn_feldwege,55,wire,0-50,5078
2022-08-30_siegertsbrunn_feldwege,55,wire,50-100,5439
2022-08-30_siegertsbrunn_feldwege,55,wire,100-150,2346
2022-08-30_siegertsbrunn_feldwege,55,wire,150-400,339
2022-08-30_siegertsbrunn_feldwege,55,wire,>=400,0
2022-08-30_siegertsbrunn_feldwege,56,outlier,0-50,0
2022-08-30_siegertsbrunn_feldwege,56,outlier,50-100,0
2022-08-30_siegertsbrunn_feldwege,56,outlier,100-150,0
2022-08-30_siegertsbrunn_feldwege,56,outlier,150-400,0
2022-08-30_siegertsbrunn_feldwege,56,outlier,>=400,0
2022-08-30_siegertsbrunn_feldwege,57,heavy_machinery,0-50,0
2022-08-30_siegertsbrunn_feldwege,57,heavy_machinery,50-100,0
2022-08-30_siegertsbrunn_feldwege,57,heavy_machinery,100-150,0
2022-08-30_siegertsbrunn_feldwege,57,heavy_machinery,150-400,0
2022-08-30_siegertsbrunn_feldwege,57,heavy_machinery,>=400,0
2022-08-30_siegertsbrunn_feldwege,58,container,0-50,0
2022-08-30_siegertsbrunn_feldwege,58,container,50-100,562
2022-08-30_siegertsbrunn_feldwege,58,container,100-150,719
2022-08-30_siegertsbrunn_feldwege,58,container,150-400,35
2022-08-30_siegertsbrunn_feldwege,58,container,>=400,0
2022-08-30_siegertsbrunn_feldwege,59,hedge,0-50,420853
2022-08-30_siegertsbrunn_feldwege,59,hedge,50-100,22838
2022-08-30_siegertsbrunn_feldwege,59,hedge,100-150,11370
2022-08-30_siegertsbrunn_feldwege,59,hedge,150-400,2366
2022-08-30_siegertsbrunn_feldwege,59,hedge,>=400,0
2022-08-30_siegertsbrunn_feldwege,60,barrel,0-50,311
2022-08-30_siegertsbrunn_feldwege,60,barrel,50-100,10
2022-08-30_siegertsbrunn_feldwege,60,barrel,100-150,10
2022-08-30_siegertsbrunn_feldwege,60,barrel,150-400,0
2022-08-30_siegertsbrunn_feldwege,60,barrel,>=400,0
2022-08-30_siegertsbrunn_feldwege,61,pipe,0-50,0
2022-08-30_siegertsbrunn_feldwege,61,pipe,50-100,0
2022-08-30_siegertsbrunn_feldwege,61,pipe,100-150,0
2022-08-30_siegertsbrunn_feldwege,61,pipe,150-400,0
2022-08-30_siegertsbrunn_feldwege,61,pipe,>=400,0
2022-08-30_siegertsbrunn_feldwege,62,tree_root,0-50,0
2022-08-30_siegertsbrunn_feldwege,62,tree_root,50-100,0
2022-08-30_siegertsbrunn_feldwege,62,tree_root,100-150,0
2022-08-30_siegertsbrunn_feldwege,62,tree_root,150-400,0
2022-08-30_siegertsbrunn_feldwege,62,tree_root,>=400,0
2022-08-30_siegertsbrunn_feldwege,63,military_vehicle,0-50,0
2022-08-30_siegertsbrunn_feldwege,63,military_vehicle,50-100,0
2022-08-30_siegertsbrunn_feldwege,63,military_vehicle,100-150,0
2022-08-30_siegertsbrunn_feldwege,63,military_vehicle,150-400,0
2022-08-30_siegertsbrunn_feldwege,63,military_vehicle,>=400,0
2022-09-21_garching_uebungsplatz_2,0,undefined,0-50,588
2022-09-21_garching_uebungsplatz_2,0,undefined,50-100,103
2022-09-21_garching_uebungsplatz_2,0,undefined,100-150,94
2022-09-21_garching_uebungsplatz_2,0,undefined,150-400,42
2022-09-21_garching_uebungsplatz_2,0,undefined,>=400,0
2022-09-21_garching_uebungsplatz_2,1,traffic_cone,0-50,0
2022-09-21_garching_uebungsplatz_2,1,traffic_cone,50-100,0
2022-09-21_garching_uebungsplatz_2,1,traffic_cone,100-150,0
2022-09-21_garching_uebungsplatz_2,1,traffic_cone,150-400,0
2022-09-21_garching_uebungsplatz_2,1,traffic_cone,>=400,0
2022-09-21_garching_uebungsplatz_2,2,snow,0-50,0
2022-09-21_garching_uebungsplatz_2,2,snow,50-100,0
2022-09-21_garching_uebungsplatz_2,2,snow,100-150,0
2022-09-21_garching_uebungsplatz_2,2,snow,150-400,0
2022-09-21_garching_uebungsplatz_2,2,snow,>=400,0
2022-09-21_garching_uebungsplatz_2,3,cobble,0-50,0
2022-09-21_garching_uebungsplatz_2,3,cobble,50-100,0
2022-09-21_garching_uebungsplatz_2,3,cobble,100-150,0
2022-09-21_garching_uebungsplatz_2,3,cobble,150-400,0
2022-09-21_garching_uebungsplatz_2,3,cobble,>=400,0
2022-09-21_garching_uebungsplatz_2,4,obstacle,0-50,6394
2022-09-21_garching_uebungsplatz_2,4,obstacle,50-100,251
2022-09-21_garching_uebungsplatz_2,4,obstacle,100-150,96
2022-09-21_garching_uebungsplatz_2,4,obstacle,150-400,61
2022-09-21_garching_uebungsplatz_2,4,obstacle,>=400,0
2022-09-21_garching_uebungsplatz_2,5,leaves,0-50,80003
2022-09-21_garching_uebungsplatz_2,5,leaves,50-100,296
2022-09-21_garching_uebungsplatz_2,5,leaves,100-150,5
2022-09-21_garching_uebungsplatz_2,5,leaves,150-400,1
2022-09-21_garching_uebungsplatz_2,5,leaves,>=400,0
2022-09-21_garching_uebungsplatz_2,6,street_light,0-50,0
2022-09-21_garching_uebungsplatz_2,6,street_light,50-100,0
2022-09-21_garching_uebungsplatz_2,6,street_light,100-150,0
2022-09-21_garching_uebungsplatz_2,6,street_light,150-400,0
2022-09-21_garching_uebungsplatz_2,6,street_light,>=400,0
2022-09-21_garching_uebungsplatz_2,7,bikeway,0-50,0
2022-09-21_garching_uebungsplatz_2,7,bikeway,50-100,0
2022-09-21_garching_uebungsplatz_2,7,bikeway,100-150,0
2022-09-21_garching_uebungsplatz_2,7,bikeway,150-400,0
2022-09-21_garching_uebungsplatz_2,7,bikeway,>=400,0
2022-09-21_garching_uebungsplatz_2,8,ego_vehicle,0-50,42006
2022-09-21_garching_uebungsplatz_2,8,ego_vehicle,50-100,0
2022-09-21_garching_uebungsplatz_2,8,ego_vehicle,100-150,0
2022-09-21_garching_uebungsplatz_2,8,ego_vehicle,150-400,0
2022-09-21_garching_uebungsplatz_2,8,ego_vehicle,>=400,0
2022-09-21_garching_uebungsplatz_2,9,pedestrian_crossing,0-50,0
2022-09-21_garching_uebungsplatz_2,9,pedestrian_crossing,50-100,0
2022-09-21_garching_uebungsplatz_2,9,pedestrian_crossing,100-150,0
2022-09-21_garching_uebungsplatz_2,9,pedestrian_crossing,150-400,0
2022-09-21_garching_uebungsplatz_2,9,pedestrian_crossing,>=400,0
2022-09-21_garching_uebungsplatz_2,10,road_block,0-50,0
2022-09-21_garching_uebungsplatz_2,10,road_block,50-100,0
2022-09-21_garching_uebungsplatz_2,10,road_block,100-150,0
2022-09-21_garching_uebungsplatz_2,10,road_block,150-400,0
2022-09-21_garching_uebungsplatz_2,10,road_block,>=400,0
2022-09-21_garching_uebungsplatz_2,11,road_marking,0-50,0
2022-09-21_garching_uebungsplatz_2,11,road_marking,50-100,0
2022-09-21_garching_uebungsplatz_2,11,road_marking,100-150,0
2022-09-21_garching_uebungsplatz_2,11,road_marking,150-400,0
2022-09-21_garching_uebungsplatz_2,11,road_marking,>=400,0
2022-09-21_garching_uebungsplatz_2,12,car,0-50,0
2022-09-21_garching_uebungsplatz_2,12,car,50-100,0
2022-09-21_garching_uebungsplatz_2,12,car,100-150,0
2022-09-21_garching_uebungsplatz_2,12,car,150-400,0
2022-09-21_garching_uebungsplatz_2,12,car,>=400,0
2022-09-21_garching_uebungsplatz_2,13,bicycle,0-50,0
2022-09-21_garching_uebungsplatz_2,13,bicycle,50-100,0
2022-09-21_garching_uebungsplatz_2,13,bicycle,100-150,0
2022-09-21_garching_uebungsplatz_2,13,bicycle,150-400,0
2022-09-21_garching_uebungsplatz_2,13,bicycle,>=400,0
2022-09-21_garching_uebungsplatz_2,14,person,0-50,0
2022-09-21_garching_uebungsplatz_2,14,person,50-100,0
2022-09-21_garching_uebungsplatz_2,14,person,100-150,0
2022-09-21_garching_uebungsplatz_2,14,person,150-400,0
2022-09-21_garching_uebungsplatz_2,14,person,>=400,0
2022-09-21_garching_uebungsplatz_2,15,bus,0-50,0
2022-09-21_garching_uebungsplatz_2,15,bus,50-100,0
2022-09-21_garching_uebungsplatz_2,15,bus,100-150,0
2022-09-21_garching_uebungsplatz_2,15,bus,150-400,0
2022-09-21_garching_uebungsplatz_2,15,bus,>=400,0
2022-09-21_garching_uebungsplatz_2,16,forest,0-50,7811493
2022-09-21_garching_uebungsplatz_2,16,forest,50-100,976464
2022-09-21_garching_uebungsplatz_2,16,forest,100-150,365672
2022-09-21_garching_uebungsplatz_2,16,forest,150-400,142090
2022-09-21_garching_uebungsplatz_2,16,forest,>=400,0
2022-09-21_garching_uebungsplatz_2,17,bush,0-50,2834987
2022-09-21_garching_uebungsplatz_2,17,bush,50-100,221570
2022-09-21_garching_uebungsplatz_2,17,bush,100-150,31487
2022-09-21_garching_uebungsplatz_2,17,bush,150-400,9562
2022-09-21_garching_uebungsplatz_2,17,bush,>=400,0
2022-09-21_garching_uebungsplatz_2,18,moss,0-50,0
2022-09-21_garching_uebungsplatz_2,18,moss,50-100,0
2022-09-21_garching_uebungsplatz_2,18,moss,100-150,0
2022-09-21_garching_uebungsplatz_2,18,moss,150-400,0
2022-09-21_garching_uebungsplatz_2,18,moss,>=400,0
2022-09-21_garching_uebungsplatz_2,19,traffic_light,0-50,0
2022-09-21_garching_uebungsplatz_2,19,traffic_light,50-100,0
2022-09-21_garching_uebungsplatz_2,19,traffic_light,100-150,0
2022-09-21_garching_uebungsplatz_2,19,traffic_light,150-400,0
2022-09-21_garching_uebungsplatz_2,19,traffic_light,>=400,0
2022-09-21_garching_uebungsplatz_2,20,motorcycle,0-50,0
2022-09-21_garching_uebungsplatz_2,20,motorcycle,50-100,0
2022-09-21_garching_uebungsplatz_2,20,motorcycle,100-150,0
2022-09-21_garching_uebungsplatz_2,20,motorcycle,150-400,0
2022-09-21_garching_uebungsplatz_2,20,motorcycle,>=400,0
2022-09-21_garching_uebungsplatz_2,21,sidewalk,0-50,0
2022-09-21_garching_uebungsplatz_2,21,sidewalk,50-100,0
2022-09-21_garching_uebungsplatz_2,21,sidewalk,100-150,0
2022-09-21_garching_uebungsplatz_2,21,sidewalk,150-400,0
2022-09-21_garching_uebungsplatz_2,21,sidewalk,>=400,0
2022-09-21_garching_uebungsplatz_2,22,curb,0-50,0
2022-09-21_garching_uebungsplatz_2,22,curb,50-100,0
2022-09-21_garching_uebungsplatz_2,22,curb,100-150,0
2022-09-21_garching_uebungsplatz_2,22,curb,150-400,0
2022-09-21_garching_uebungsplatz_2,22,curb,>=400,0
2022-09-21_garching_uebungsplatz_2,23,asphalt,0-50,118263
2022-09-21_garching_uebungsplatz_2,23,asphalt,50-100,15999
2022-09-21_garching_uebungsplatz_2,23,asphalt,100-150,929
2022-09-21_garching_uebungsplatz_2,23,asphalt,150-400,37
2022-09-21_garching_uebungsplatz_2,23,asphalt,>=400,0
2022-09-21_garching_uebungsplatz_2,24,gravel,0-50,553821
2022-09-21_garching_uebungsplatz_2,24,gravel,50-100,19560
2022-09-21_garching_uebungsplatz_2,24,gravel,100-150,1859
2022-09-21_garching_uebungsplatz_2,24,gravel,150-400,233
2022-09-21_garching_uebungsplatz_2,24,gravel,>=400,0
2022-09-21_garching_uebungsplatz_2,25,boom_barrier,0-50,0
2022-09-21_garching_uebungsplatz_2,25,boom_barrier,50-100,0
2022-09-21_garching_uebungsplatz_2,25,boom_barrier,100-150,0
2022-09-21_garching_uebungsplatz_2,25,boom_barrier,150-400,0
2022-09-21_garching_uebungsplatz_2,25,boom_barrier,>=400,0
2022-09-21_garching_uebungsplatz_2,26,rail_track,0-50,0
2022-09-21_garching_uebungsplatz_2,26,rail_track,50-100,0
2022-09-21_garching_uebungsplatz_2,26,rail_track,100-150,0
2022-09-21_garching_uebungsplatz_2,26,rail_track,150-400,0
2022-09-21_garching_uebungsplatz_2,26,rail_track,>=400,0
2022-09-21_garching_uebungsplatz_2,27,tree_crown,0-50,1694897
2022-09-21_garching_uebungsplatz_2,27,tree_crown,50-100,129690
2022-09-21_garching_uebungsplatz_2,27,tree_crown,100-150,19717
2022-09-21_garching_uebungsplatz_2,27,tree_crown,150-400,3087
2022-09-21_garching_uebungsplatz_2,27,tree_crown,>=400,0
2022-09-21_garching_uebungsplatz_2,28,tree_trunk,0-50,904846
2022-09-21_garching_uebungsplatz_2,28,tree_trunk,50-100,57956
2022-09-21_garching_uebungsplatz_2,28,tree_trunk,100-150,3551
2022-09-21_garching_uebungsplatz_2,28,tree_trunk,150-400,180
2022-09-21_garching_uebungsplatz_2,28,tree_trunk,>=400,0
2022-09-21_garching_uebungsplatz_2,29,debris,0-50,8490
2022-09-21_garching_uebungsplatz_2,29,debris,50-100,29
2022-09-21_garching_uebungsplatz_2,29,debris,100-150,0
2022-09-21_garching_uebungsplatz_2,29,debris,150-400,0
2022-09-21_garching_uebungsplatz_2,29,debris,>=400,0
2022-09-21_garching_uebungsplatz_2,30,crops,0-50,0
2022-09-21_garching_uebungsplatz_2,30,crops,50-100,0
2022-09-21_garching_uebungsplatz_2,30,crops,100-150,0
2022-09-21_garching_uebungsplatz_2,30,crops,150-400,0
2022-09-21_garching_uebungsplatz_2,30,crops,>=400,0
2022-09-21_garching_uebungsplatz_2,31,soil,0-50,8377
2022-09-21_garching_uebungsplatz_2,31,soil,50-100,10
2022-09-21_garching_uebungsplatz_2,31,soil,100-150,0
2022-09-21_garching_uebungsplatz_2,31,soil,150-400,0
2022-09-21_garching_uebungsplatz_2,31,soil,>=400,0
2022-09-21_garching_uebungsplatz_2,32,rider,0-50,0
2022-09-21_garching_uebungsplatz_2,32,rider,50-100,0
2022-09-21_garching_uebungsplatz_2,32,rider,100-150,0
2022-09-21_garching_uebungsplatz_2,32,rider,150-400,0
2022-09-21_garching_uebungsplatz_2,32,rider,>=400,0
2022-09-21_garching_uebungsplatz_2,33,animal,0-50,0
2022-09-21_garching_uebungsplatz_2,33,animal,50-100,0
2022-09-21_garching_uebungsplatz_2,33,animal,100-150,0
2022-09-21_garching_uebungsplatz_2,33,animal,150-400,0
2022-09-21_garching_uebungsplatz_2,33,animal,>=400,0
2022-09-21_garching_uebungsplatz_2,34,truck,0-50,0
2022-09-21_garching_uebungsplatz_2,34,truck,50-100,0
2022-09-21_garching_uebungsplatz_2,34,truck,100-150,0
2022-09-21_garching_uebungsplatz_2,34,truck,150-400,0
2022-09-21_garching_uebungsplatz_2,34,truck,>=400,0
2022-09-21_garching_uebungsplatz_2,35,on_rails,0-50,0
2022-09-21_garching_uebungsplatz_2,35,on_rails,50-100,0
2022-09-21_garching_uebungsplatz_2,35,on_rails,100-150,0
2022-09-21_garching_uebungsplatz_2,35,on_rails,150-400,0
2022-09-21_garching_uebungsplatz_2,35,on_rails,>=400,0
2022-09-21_garching_uebungsplatz_2,36,caravan,0-50,0
2022-09-21_garching_uebungsplatz_2,36,caravan,50-100,0
2022-09-21_garching_uebungsplatz_2,36,caravan,100-150,0
2022-09-21_garching_uebungsplatz_2,36,caravan,150-400,0
2022-09-21_garching_uebungsplatz_2,36,caravan,>=400,0
2022-09-21_garching_uebungsplatz_2,37,trailer,0-50,0
2022-09-21_garching_uebungsplatz_2,37,trailer,50-100,0
2022-09-21_garching_uebungsplatz_2,37,trailer,100-150,0
2022-09-21_garching_uebungsplatz_2,37,trailer,150-400,0
2022-09-21_garching_uebungsplatz_2,37,trailer,>=400,0
2022-09-21_garching_uebungsplatz_2,38,building,0-50,0
2022-09-21_garching_uebungsplatz_2,38,building,50-100,0
2022-09-21_garching_uebungsplatz_2,38,building,100-150,0
2022-09-21_garching_uebungsplatz_2,38,building,150-400,0
2022-09-21_garching_uebungsplatz_2,38,building,>=400,0
2022-09-21_garching_uebungsplatz_2,39,wall,0-50,0
2022-09-21_garching_uebungsplatz_2,39,wall,50-100,0
2022-09-21_garching_uebungsplatz_2,39,wall,100-150,0
2022-09-21_garching_uebungsplatz_2,39,wall,150-400,0
2022-09-21_garching_uebungsplatz_2,39,wall,>=400,0
2022-09-21_garching_uebungsplatz_2,40,rock,0-50,189
2022-09-21_garching_uebungsplatz_2,40,rock,50-100,14
2022-09-21_garching_uebungsplatz_2,40,rock,100-150,0
2022-09-21_garching_uebungsplatz_2,40,rock,150-400,0
2022-09-21_garching_uebungsplatz_2,40,rock,>=400,0
2022-09-21_garching_uebungsplatz_2,41,fence,0-50,4015
2022-09-21_garching_uebungsplatz_2,41,fence,50-100,50
2022-09-21_garching_uebungsplatz_2,41,fence,100-150,0
2022-09-21_garching_uebungsplatz_2,41,fence,150-400,0
2022-09-21_garching_uebungsplatz_2,41,fence,>=400,0
2022-09-21_garching_uebungsplatz_2,42,guard_rail,0-50,0
2022-09-21_garching_uebungsplatz_2,42,guard_rail,50-100,0
2022-09-21_garching_uebungsplatz_2,42,guard_rail,100-150,0
2022-09-21_garching_uebungsplatz_2,42,guard_rail,150-400,0
2022-09-21_garching_uebungsplatz_2,42,guard_rail,>=400,0
2022-09-21_garching_uebungsplatz_2,43,bridge,0-50,0
2022-09-21_garching_uebungsplatz_2,43,bridge,50-100,0
2022-09-21_garching_uebungsplatz_2,43,bridge,100-150,0
2022-09-21_garching_uebungsplatz_2,43,bridge,150-400,0
2022-09-21_garching_uebungsplatz_2,43,bridge,>=400,0
2022-09-21_garching_uebungsplatz_2,44,tunnel,0-50,0
2022-09-21_garching_uebungsplatz_2,44,tunnel,50-100,0
2022-09-21_garching_uebungsplatz_2,44,tunnel,100-150,0
2022-09-21_garching_uebungsplatz_2,44,tunnel,150-400,0
2022-09-21_garching_uebungsplatz_2,44,tunnel,>=400,0
2022-09-21_garching_uebungsplatz_2,45,pole,0-50,1234
2022-09-21_garching_uebungsplatz_2,45,pole,50-100,0
2022-09-21_garching_uebungsplatz_2,45,pole,100-150,4
2022-09-21_garching_uebungsplatz_2,45,pole,150-400,0
2022-09-21_garching_uebungsplatz_2,45,pole,>=400,0
2022-09-21_garching_uebungsplatz_2,46,traffic_sign,0-50,0
2022-09-21_garching_uebungsplatz_2,46,traffic_sign,50-100,0
2022-09-21_garching_uebungsplatz_2,46,traffic_sign,100-150,0
2022-09-21_garching_uebungsplatz_2,46,traffic_sign,150-400,0
2022-09-21_garching_uebungsplatz_2,46,traffic_sign,>=400,0
2022-09-21_garching_uebungsplatz_2,47,misc_sign,0-50,8718
2022-09-21_garching_uebungsplatz_2,47,misc_sign,50-100,0
2022-09-21_garching_uebungsplatz_2,47,misc_sign,100-150,7
2022-09-21_garching_uebungsplatz_2,47,misc_sign,150-400,0
2022-09-21_garching_uebungsplatz_2,47,misc_sign,>=400,0
2022-09-21_garching_uebungsplatz_2,48,barrier_tape,0-50,0
2022-09-21_garching_uebungsplatz_2,48,barrier_tape,50-100,0
2022-09-21_garching_uebungsplatz_2,48,barrier_tape,100-150,0
2022-09-21_garching_uebungsplatz_2,48,barrier_tape,150-400,0
2022-09-21_garching_uebungsplatz_2,48,barrier_tape,>=400,0
2022-09-21_garching_uebungsplatz_2,49,kick_scooter,0-50,0
2022-09-21_garching_uebungsplatz_2,49,kick_scooter,50-100,0
2022-09-21_garching_uebungsplatz_2,49,kick_scooter,100-150,0
2022-09-21_garching_uebungsplatz_2,49,kick_scooter,150-400,0
2022-09-21_garching_uebungsplatz_2,49,kick_scooter,>=400,0
2022-09-21_garching_uebungsplatz_2,50,low_grass,0-50,4365556
2022-09-21_garching_uebungsplatz_2,50,low_grass,50-100,306919
2022-09-21_garching_uebungsplatz_2,50,low_grass,100-150,45203
2022-09-21_garching_uebungsplatz_2,50,low_grass,150-400,10618
2022-09-21_garching_uebungsplatz_2,50,low_grass,>=400,0
2022-09-21_garching_uebungsplatz_2,51,high_grass,0-50,4048612
2022-09-21_garching_uebungsplatz_2,51,high_grass,50-100,147358
2022-09-21_garching_uebungsplatz_2,51,high_grass,100-150,14336
2022-09-21_garching_uebungsplatz_2,51,high_grass,150-400,2225
2022-09-21_garching_uebungsplatz_2,51,high_grass,>=400,0
2022-09-21_garching_uebungsplatz_2,52,scenery_vegetation,0-50,0
2022-09-21_garching_uebungsplatz_2,52,scenery_vegetation,50-100,0
2022-09-21_garching_uebungsplatz_2,52,scenery_vegetation,100-150,0
2022-09-21_garching_uebungsplatz_2,52,scenery_vegetation,150-400,0
2022-09-21_garching_uebungsplatz_2,52,scenery_vegetation,>=400,0
2022-09-21_garching_uebungsplatz_2,53,sky,0-50,0
2022-09-21_garching_uebungsplatz_2,53,sky,50-100,0
2022-09-21_garching_uebungsplatz_2,53,sky,100-150,0
2022-09-21_garching_uebungsplatz_2,53,sky,150-400,0
2022-09-21_garching_uebungsplatz_2,53,sky,>=400,0
2022-09-21_garching_uebungsplatz_2,54,water,0-50,0
2022-09-21_garching_uebungsplatz_2,54,water,50-100,0
2022-09-21_garching_uebungsplatz_2,54,water,100-150,0
2022-09-21_garching_uebungsplatz_2,54,water,150-400,0
2022-09-21_garching_uebungsplatz_2,54,water,>=400,0
2022-09-21_garching_uebungsplatz_2,55,wire,0-50,0
2022-09-21_garching_uebungsplatz_2,55,wire,50-100,0
2022-09-21_garching_uebungsplatz_2,55,wire,100-150,0
2022-09-21_garching_uebungsplatz_2,55,wire,150-400,0
2022-09-21_garching_uebungsplatz_2,55,wire,>=400,0
2022-09-21_garching_uebungsplatz_2,56,outlier,0-50,0
2022-09-21_garching_uebungsplatz_2,56,outlier,50-100,0
2022-09-21_garching_uebungsplatz_2,56,outlier,100-150,0
2022-09-21_garching_uebungsplatz_2,56,outlier,150-400,0
2022-09-21_garching_uebungsplatz_2,56,outlier,>=400,0
2022-09-21_garching_uebungsplatz_2,57,heavy_machinery,0-50,0
2022-09-21_garching_uebungsplatz_2,57,heavy_machinery,50-100,0
2022-09-21_garching_uebungsplatz_2,57,heavy_machinery,100-150,0
2022-09-21_garching_uebungsplatz_2,57,heavy_machinery,150-400,0
2022-09-21_garching_uebungsplatz_2,57,heavy_machinery,>=400,0
2022-09-21_garching_uebungsplatz_2,58,container,0-50,0
2022-09-21_garching_uebungsplatz_2,58,container,50-100,0
2022-09-21_garching_uebungsplatz_2,58,container,100-150,0
2022-09-21_garching_uebungsplatz_2,58,container,150-400,0
2022-09-21_garching_uebungsplatz_2,58,container,>=400,0
2022-09-21_garching_uebungsplatz_2,59,hedge,0-50,0
2022-09-21_garching_uebungsplatz_2,59,hedge,50-100,0
2022-09-21_garching_uebungsplatz_2,59,hedge,100-150,0
2022-09-21_garching_uebungsplatz_2,59,hedge,150-400,0
2022-09-21_garching_uebungsplatz_2,59,hedge,>=400,0
2022-09-21_garching_uebungsplatz_2,60,barrel,0-50,0
2022-09-21_garching_uebungsplatz_2,60,barrel,50-100,0
2022-09-21_garching_uebungsplatz_2,60,barrel,100-150,0
2022-09-21_garching_uebungsplatz_2,60,barrel,150-400,0
2022-09-21_garching_uebungsplatz_2,60,barrel,>=400,0
2022-09-21_garching_uebungsplatz_2,61,pipe,0-50,0
2022-09-21_garching_uebungsplatz_2,61,pipe,50-100,0
2022-09-21_garching_uebungsplatz_2,61,pipe,100-150,0
2022-09-21_garching_uebungsplatz_2,61,pipe,150-400,0
2022-09-21_garching_uebungsplatz_2,61,pipe,>=400,0
2022-09-21_garching_uebungsplatz_2,62,tree_root,0-50,0
2022-09-21_garching_uebungsplatz_2,62,tree_root,50-100,0
2022-09-21_garching_uebungsplatz_2,62,tree_root,100-150,0
2022-09-21_garching_uebungsplatz_2,62,tree_root,150-400,0
2022-09-21_garching_uebungsplatz_2,62,tree_root,>=400,0
2022-09-21_garching_uebungsplatz_2,63,military_vehicle,0-50,0
2022-09-21_garching_uebungsplatz_2,63,military_vehicle,50-100,0
2022-09-21_garching_uebungsplatz_2,63,military_vehicle,100-150,0
2022-09-21_garching_uebungsplatz_2,63,military_vehicle,150-400,0
2022-09-21_garching_uebungsplatz_2,63,military_vehicle,>=400,0
2022-12-07_aying_hills,0,undefined,0-50,1526
2022-12-07_aying_hills,0,undefined,50-100,954
2022-12-07_aying_hills,0,undefined,100-150,498
2022-12-07_aying_hills,0,undefined,150-400,255
2022-12-07_aying_hills,0,undefined,>=400,0
2022-12-07_aying_hills,1,traffic_cone,0-50,0
2022-12-07_aying_hills,1,traffic_cone,50-100,0
2022-12-07_aying_hills,1,traffic_cone,100-150,0
2022-12-07_aying_hills,1,traffic_cone,150-400,0
2022-12-07_aying_hills,1,traffic_cone,>=400,0
2022-12-07_aying_hills,2,snow,0-50,965981
2022-12-07_aying_hills,2,snow,50-100,44357
2022-12-07_aying_hills,2,snow,100-150,4543
2022-12-07_aying_hills,2,snow,150-400,1121
2022-12-07_aying_hills,2,snow,>=400,0
2022-12-07_aying_hills,3,cobble,0-50,38212
2022-12-07_aying_hills,3,cobble,50-100,176
2022-12-07_aying_hills,3,cobble,100-150,22
2022-12-07_aying_hills,3,cobble,150-400,0
2022-12-07_aying_hills,3,cobble,>=400,0
2022-12-07_aying_hills,4,obstacle,0-50,106487
2022-12-07_aying_hills,4,obstacle,50-100,2470
2022-12-07_aying_hills,4,obstacle,100-150,742
2022-12-07_aying_hills,4,obstacle,150-400,75
2022-12-07_aying_hills,4,obstacle,>=400,0
2022-12-07_aying_hills,5,leaves,0-50,259709
2022-12-07_aying_hills,5,leaves,50-100,507
2022-12-07_aying_hills,5,leaves,100-150,314
2022-12-07_aying_hills,5,leaves,150-400,98
2022-12-07_aying_hills,5,leaves,>=400,0
2022-12-07_aying_hills,6,street_light,0-50,11944
2022-12-07_aying_hills,6,street_light,50-100,91
2022-12-07_aying_hills,6,street_light,100-150,0
2022-12-07_aying_hills,6,street_light,150-400,0
2022-12-07_aying_hills,6,street_light,>=400,0
2022-12-07_aying_hills,7,bikeway,0-50,0
2022-12-07_aying_hills,7,bikeway,50-100,0
2022-12-07_aying_hills,7,bikeway,100-150,0
2022-12-07_aying_hills,7,bikeway,150-400,0
2022-12-07_aying_hills,7,bikeway,>=400,0
2022-12-07_aying_hills,8,ego_vehicle,0-50,45930
2022-12-07_aying_hills,8,ego_vehicle,50-100,0
2022-12-07_aying_hills,8,ego_vehicle,100-150,0
2022-12-07_aying_hills,8,ego_vehicle,150-400,0
2022-12-07_aying_hills,8,ego_vehicle,>=400,0
2022-12-07_aying_hills,9,pedestrian_crossing,0-50,0
2022-12-07_aying_hills,9,pedestrian_crossing,50-100,0
2022-12-07_aying_hills,9,pedestrian_crossing,100-150,0
2022-12-07_aying_hills,9,pedestrian_crossing,150-400,0
2022-12-07_aying_hills,9,pedestrian_crossing,>=400,0
2022-12-07_aying_hills,10,road_block,0-50,79
2022-12-07_aying_hills,10,road_block,50-100,0
2022-12-07_aying_hills,10,road_block,100-150,0
2022-12-07_aying_hills,10,road_block,150-400,0
2022-12-07_aying_hills,10,road_block,>=400,0
2022-12-07_aying_hills,11,road_marking,0-50,859
2022-12-07_aying_hills,11,road_marking,50-100,0
2022-12-07_aying_hills,11,road_marking,100-150,0
2022-12-07_aying_hills,11,road_marking,150-400,0
2022-12-07_aying_hills,11,road_marking,>=400,0
2022-12-07_aying_hills,12,car,0-50,40452
2022-12-07_aying_hills,12,car,50-100,498
2022-12-07_aying_hills,12,car,100-150,261
2022-12-07_aying_hills,12,car,150-400,29
2022-12-07_aying_hills,12,car,>=400,0
2022-12-07_aying_hills,13,bicycle,0-50,42
2022-12-07_aying_hills,13,bicycle,50-100,0
2022-12-07_aying_hills,13,bicycle,100-150,0
2022-12-07_aying_hills,13,bicycle,150-400,0
2022-12-07_aying_hills,13,bicycle,>=400,0
2022-12-07_aying_hills,14,person,0-50,1068
2022-12-07_aying_hills,14,person,50-100,27
2022-12-07_aying_hills,14,person,100-150,0
2022-12-07_aying_hills,14,person,150-400,0
2022-12-07_aying_hills,14,person,>=400,0
2022-12-07_aying_hills,15,bus,0-50,0
2022-12-07_aying_hills,15,bus,50-100,0
2022-12-07_aying_hills,15,bus,100-150,0
2022-12-07_aying_hills,15,bus,150-400,0
2022-12-07_aying_hills,15,bus,>=400,0
2022-12-07_aying_hills,16,forest,0-50,8373222
2022-12-07_aying_hills,16,forest,50-100,1940258
2022-12-07_aying_hills,16,forest,100-150,837343
2022-12-07_aying_hills,16,forest,150-400,447058
2022-12-07_aying_hills,16,forest,>=400,0
2022-12-07_aying_hills,17,bush,0-50,825359
2022-12-07_aying_hills,17,bush,50-100,55204
2022-12-07_aying_hills,17,bush,100-150,23279
2022-12-07_aying_hills,17,bush,150-400,8947
2022-12-07_aying_hills,17,bush,>=400,0
2022-12-07_aying_hills,18,moss,0-50,0
2022-12-07_aying_hills,18,moss,50-100,0
2022-12-07_aying_hills,18,moss,100-150,0
2022-12-07_aying_hills,18,moss,150-400,0
2022-12-07_aying_hills,18,moss,>=400,0
2022-12-07_aying_hills,19,traffic_light,0-50,0
2022-12-07_aying_hills,19,traffic_light,50-100,0
2022-12-07_aying_hills,19,traffic_light,100-150,0
2022-12-07_aying_hills,19,traffic_light,150-400,0
2022-12-07_aying_hills,19,traffic_light,>=400,0
2022-12-07_aying_hills,20,motorcycle,0-50,0
2022-12-07_aying_hills,20,motorcycle,50-100,0
2022-12-07_aying_hills,20,motorcycle,100-150,0
2022-12-07_aying_hills,20,motorcycle,150-400,0
2022-12-07_aying_hills,20,motorcycle,>=400,0
2022-12-07_aying_hills,21,sidewalk,0-50,8947
2022-12-07_aying_hills,21,sidewalk,50-100,351
2022-12-07_aying_hills,21,sidewalk,100-150,0
2022-12-07_aying_hills,21,sidewalk,150-400,0
2022-12-07_aying_hills,21,sidewalk,>=400,0
2022-12-07_aying_hills,22,curb,0-50,3787
2022-12-07_aying_hills,22,curb,50-100,100
2022-12-07_aying_hills,22,curb,100-150,0
2022-12-07_aying_hills,22,curb,150-400,0
2022-12-07_aying_hills,22,curb,>=400,0
2022-12-07_aying_hills,23,asphalt,0-50,406978
2022-12-07_aying_hills,23,asphalt,50-100,16143
2022-12-07_aying_hills,23,asphalt,100-150,839
2022-12-07_aying_hills,23,asphalt,150-400,92
2022-12-07_aying_hills,23,asphalt,>=400,0
2022-12-07_aying_hills,24,gravel,0-50,488518
2022-12-07_aying_hills,24,gravel,50-100,18177
2022-12-07_aying_hills,24,gravel,100-150,746
2022-12-07_aying_hills,24,gravel,150-400,13
2022-12-07_aying_hills,24,gravel,>=400,0
2022-12-07_aying_hills,25,boom_barrier,0-50,0
2022-12-07_aying_hills,25,boom_barrier,50-100,0
2022-12-07_aying_hills,25,boom_barrier,100-150,0
2022-12-07_aying_hills,25,boom_barrier,150-400,0
2022-12-07_aying_hills,25,boom_barrier,>=400,0
2022-12-07_aying_hills,26,rail_track,0-50,0
2022-12-07_aying_hills,26,rail_track,50-100,0
2022-12-07_aying_hills,26,rail_track,100-150,0
2022-12-07_aying_hills,26,rail_track,150-400,0
2022-12-07_aying_hills,26,rail_track,>=400,0
2022-12-07_aying_hills,27,tree_crown,0-50,339021
2022-12-07_aying_hills,27,tree_crown,50-100,74635
2022-12-07_aying_hills,27,tree_crown,100-150,16987
2022-12-07_aying_hills,27,tree_crown,150-400,4661
2022-12-07_aying_hills,27,tree_crown,>=400,0
2022-12-07_aying_hills,28,tree_trunk,0-50,3340671
2022-12-07_aying_hills,28,tree_trunk,50-100,467547
2022-12-07_aying_hills,28,tree_trunk,100-150,54660
2022-12-07_aying_hills,28,tree_trunk,150-400,9352
2022-12-07_aying_hills,28,tree_trunk,>=400,0
2022-12-07_aying_hills,29,debris,0-50,10468
2022-12-07_aying_hills,29,debris,50-100,1090
2022-12-07_aying_hills,29,debris,100-150,195
2022-12-07_aying_hills,29,debris,150-400,115
2022-12-07_aying_hills,29,debris,>=400,0
2022-12-07_aying_hills,30,crops,0-50,0
2022-12-07_aying_hills,30,crops,50-100,0
2022-12-07_aying_hills,30,crops,100-150,0
2022-12-07_aying_hills,30,crops,150-400,0
2022-12-07_aying_hills,30,crops,>=400,0
2022-12-07_aying_hills,31,soil,0-50,223667
2022-12-07_aying_hills,31,soil,50-100,3806
2022-12-07_aying_hills,31,soil,100-150,223
2022-12-07_aying_hills,31,soil,150-400,0
2022-12-07_aying_hills,31,soil,>=400,0
2022-12-07_aying_hills,32,rider,0-50,303
2022-12-07_aying_hills,32,rider,50-100,0
2022-12-07_aying_hills,32,rider,100-150,0
2022-12-07_aying_hills,32,rider,150-400,0
2022-12-07_aying_hills,32,rider,>=400,0
2022-12-07_aying_hills,33,animal,0-50,608
2022-12-07_aying_hills,33,animal,50-100,170
2022-12-07_aying_hills,33,animal,100-150,0
2022-12-07_aying_hills,33,animal,150-400,0
2022-12-07_aying_hills,33,animal,>=400,0
2022-12-07_aying_hills,34,truck,0-50,1860
2022-12-07_aying_hills,34,truck,50-100,259
2022-12-07_aying_hills,34,truck,100-150,0
2022-12-07_aying_hills,34,truck,150-400,0
2022-12-07_aying_hills,34,truck,>=400,0
2022-12-07_aying_hills,35,on_rails,0-50,0
2022-12-07_aying_hills,35,on_rails,50-100,0
2022-12-07_aying_hills,35,on_rails,100-150,0
2022-12-07_aying_hills,35,on_rails,150-400,0
2022-12-07_aying_hills,35,on_rails,>=400,0
2022-12-07_aying_hills,36,caravan,0-50,11464
2022-12-07_aying_hills,36,caravan,50-100,130
2022-12-07_aying_hills,36,caravan,100-150,0
2022-12-07_aying_hills,36,caravan,150-400,0
2022-12-07_aying_hills,36,caravan,>=400,0
2022-12-07_aying_hills,37,trailer,0-50,6193
2022-12-07_aying_hills,37,trailer,50-100,207
2022-12-07_aying_hills,37,trailer,100-150,0
2022-12-07_aying_hills,37,trailer,150-400,0
2022-12-07_aying_hills,37,trailer,>=400,0
2022-12-07_aying_hills,38,building,0-50,1419633
2022-12-07_aying_hills,38,building,50-100,118703
2022-12-07_aying_hills,38,building,100-150,21466
2022-12-07_aying_hills,38,building,150-400,5953
2022-12-07_aying_hills,38,building,>=400,0
2022-12-07_aying_hills,39,wall,0-50,9988
2022-12-07_aying_hills,39,wall,50-100,1177
2022-12-07_aying_hills,39,wall,100-150,0
2022-12-07_aying_hills,39,wall,150-400,0
2022-12-07_aying_hills,39,wall,>=400,0
2022-12-07_aying_hills,40,rock,0-50,9981
2022-12-07_aying_hills,40,rock,50-100,19
2022-12-07_aying_hills,40,rock,100-150,0
2022-12-07_aying_hills,40,rock,150-400,0
2022-12-07_aying_hills,40,rock,>=400,0
2022-12-07_aying_hills,41,fence,0-50,206540
2022-12-07_aying_hills,41,fence,50-100,11955
2022-12-07_aying_hills,41,fence,100-150,1707
2022-12-07_aying_hills,41,fence,150-400,240
2022-12-07_aying_hills,41,fence,>=400,0
2022-12-07_aying_hills,42,guard_rail,0-50,36
2022-12-07_aying_hills,42,guard_rail,50-100,138
2022-12-07_aying_hills,42,guard_rail,100-150,0
2022-12-07_aying_hills,42,guard_rail,150-400,0
2022-12-07_aying_hills,42,guard_rail,>=400,0
2022-12-07_aying_hills,43,bridge,0-50,0
2022-12-07_aying_hills,43,bridge,50-100,0
2022-12-07_aying_hills,43,bridge,100-150,0
2022-12-07_aying_hills,43,bridge,150-400,0
2022-12-07_aying_hills,43,bridge,>=400,0
2022-12-07_aying_hills,44,tunnel,0-50,0
2022-12-07_aying_hills,44,tunnel,50-100,0
2022-12-07_aying_hills,44,tunnel,100-150,0
2022-12-07_aying_hills,44,tunnel,150-400,0
2022-12-07_aying_hills,44,tunnel,>=400,0
2022-12-07_aying_hills,45,pole,0-50,53751
2022-12-07_aying_hills,45,pole,50-100,3266
2022-12-07_aying_hills,45,pole,100-150,392
2022-12-07_aying_hills,45,pole,150-400,40
2022-12-07_aying_hills,45,pole,>=400,0
2022-12-07_aying_hills,46,traffic_sign,0-50,15709
2022-12-07_aying_hills,46,traffic_sign,50-100,105
2022-12-07_aying_hills,46,traffic_sign,100-150,4
2022-12-07_aying_hills,46,traffic_sign,150-400,0
2022-12-07_aying_hills,46,traffic_sign,>=400,0
2022-12-07_aying_hills,47,misc_sign,0-50,77597
2022-12-07_aying_hills,47,misc_sign,50-100,799
2022-12-07_aying_hills,47,misc_sign,100-150,56
2022-12-07_aying_hills,47,misc_sign,150-400,5
2022-12-07_aying_hills,47,misc_sign,>=400,0
2022-12-07_aying_hills,48,barrier_tape,0-50,52
2022-12-07_aying_hills,48,barrier_tape,50-100,0
2022-12-07_aying_hills,48,barrier_tape,100-150,0
2022-12-07_aying_hills,48,barrier_tape,150-400,0
2022-12-07_aying_hills,48,barrier_tape,>=400,0
2022-12-07_aying_hills,49,kick_scooter,0-50,0
2022-12-07_aying_hills,49,kick_scooter,50-100,0
2022-12-07_aying_hills,49,kick_scooter,100-150,0
2022-12-07_aying_hills,49,kick_scooter,150-400,0
2022-12-07_aying_hills,49,kick_scooter,>=400,0
2022-12-07_aying_hills,50,low_grass,0-50,1754004
2022-12-07_aying_hills,50,low_grass,50-100,330105
2022-12-07_aying_hills,50,low_grass,100-150,89082
2022-12-07_aying_hills,50,low_grass,150-400,42874
2022-12-07_aying_hills,50,low_grass,>=400,0
2022-12-07_aying_hills,51,high_grass,0-50,2274283
2022-12-07_aying_hills,51,high_grass,50-100,77056
2022-12-07_aying_hills,51,high_grass,100-150,5244
2022-12-07_aying_hills,51,high_grass,150-400,1888
2022-12-07_aying_hills,51,high_grass,>=400,0
2022-12-07_aying_hills,52,scenery_vegetation,0-50,0
2022-12-07_aying_hills,52,scenery_vegetation,50-100,0
2022-12-07_aying_hills,52,scenery_vegetation,100-150,0
2022-12-07_aying_hills,52,scenery_vegetation,150-400,0
2022-12-07_aying_hills,52,scenery_vegetation,>=400,0
2022-12-07_aying_hills,53,sky,0-50,0
2022-12-07_aying_hills,53,sky,50-100,0
2022-12-07_aying_hills,53,sky,100-150,0
2022-12-07_aying_hills,53,sky,150-400,0
2022-12-07_aying_hills,53,sky,>=400,0
2022-12-07_aying_hills,54,water,0-50,0
2022-12-07_aying_hills,54,water,50-100,0
2022-12-07_aying_hills,54,water,100-150,0
2022-12-07_aying_hills,54,water,150-400,0
2022-12-07_aying_hills,54,water,>=400,0
2022-12-07_aying_hills,55,wire,0-50,1906
2022-12-07_aying_hills,55,wire,50-100,798
2022-12-07_aying_hills,55,wire,100-150,935
2022-12-07_aying_hills,55,wire,150-400,68
2022-12-07_aying_hills,55,wire,>=400,0
2022-12-07_aying_hills,56,outlier,0-50,0
2022-12-07_aying_hills,56,outlier,50-100,0
2022-12-07_aying_hills,56,outlier,100-150,0
2022-12-07_aying_hills,56,outlier,150-400,0
2022-12-07_aying_hills,56,outlier,>=400,0
2022-12-07_aying_hills,57,heavy_machinery,0-50,2058
2022-12-07_aying_hills,57,heavy_machinery,50-100,0
2022-12-07_aying_hills,57,heavy_machinery,100-150,105
2022-12-07_aying_hills,57,heavy_machinery,150-400,0
2022-12-07_aying_hills,57,heavy_machinery,>=400,0
2022-12-07_aying_hills,58,container,0-50,0
2022-12-07_aying_hills,58,container,50-100,0
2022-12-07_aying_hills,58,container,100-150,0
2022-12-07_aying_hills,58,container,150-400,0
2022-12-07_aying_hills,58,container,>=400,0
2022-12-07_aying_hills,59,hedge,0-50,105470
2022-12-07_aying_hills,59,hedge,50-100,457
2022-12-07_aying_hills,59,hedge,100-150,148
2022-12-07_aying_hills,59,hedge,150-400,0
2022-12-07_aying_hills,59,hedge,>=400,0
2022-12-07_aying_hills,60,barrel,0-50,0
2022-12-07_aying_hills,60,barrel,50-100,0
2022-12-07_aying_hills,60,barrel,100-150,0
2022-12-07_aying_hills,60,barrel,150-400,0
2022-12-07_aying_hills,60,barrel,>=400,0
2022-12-07_aying_hills,61,pipe,0-50,0
2022-12-07_aying_hills,61,pipe,50-100,0
2022-12-07_aying_hills,61,pipe,100-150,0
2022-12-07_aying_hills,61,pipe,150-400,0
2022-12-07_aying_hills,61,pipe,>=400,0
2022-12-07_aying_hills,62,tree_root,0-50,0
2022-12-07_aying_hills,62,tree_root,50-100,0
2022-12-07_aying_hills,62,tree_root,100-150,0
2022-12-07_aying_hills,62,tree_root,150-400,0
2022-12-07_aying_hills,62,tree_root,>=400,0
2022-12-07_aying_hills,63,military_vehicle,0-50,0
2022-12-07_aying_hills,63,military_vehicle,50-100,0
2022-12-07_aying_hills,63,military_vehicle,100-150,0
2022-12-07_aying_hills,63,military_vehicle,150-400,0
2022-12-07_aying_hills,63,military_vehicle,>=400,0
2023-01-20_aying_mangfall_2,0,undefined,0-50,3569
2023-01-20_aying_mangfall_2,0,undefined,50-100,645
2023-01-20_aying_mangfall_2,0,undefined,100-150,1919
2023-01-20_aying_mangfall_2,0,undefined,150-400,1450
2023-01-20_aying_mangfall_2,0,undefined,>=400,0
2023-01-20_aying_mangfall_2,1,traffic_cone,0-50,76
2023-01-20_aying_mangfall_2,1,traffic_cone,50-100,0
2023-01-20_aying_mangfall_2,1,traffic_cone,100-150,0
2023-01-20_aying_mangfall_2,1,traffic_cone,150-400,0
2023-01-20_aying_mangfall_2,1,traffic_cone,>=400,0
2023-01-20_aying_mangfall_2,2,snow,0-50,6206561
2023-01-20_aying_mangfall_2,2,snow,50-100,461153
2023-01-20_aying_mangfall_2,2,snow,100-150,73307
2023-01-20_aying_mangfall_2,2,snow,150-400,16827
2023-01-20_aying_mangfall_2,2,snow,>=400,0
2023-01-20_aying_mangfall_2,3,cobble,0-50,49378
2023-01-20_aying_mangfall_2,3,cobble,50-100,343
2023-01-20_aying_mangfall_2,3,cobble,100-150,6
2023-01-20_aying_mangfall_2,3,cobble,150-400,0
2023-01-20_aying_mangfall_2,3,cobble,>=400,0
2023-01-20_aying_mangfall_2,4,obstacle,0-50,159215
2023-01-20_aying_mangfall_2,4,obstacle,50-100,13828
2023-01-20_aying_mangfall_2,4,obstacle,100-150,3049
2023-01-20_aying_mangfall_2,4,obstacle,150-400,1541
2023-01-20_aying_mangfall_2,4,obstacle,>=400,0
2023-01-20_aying_mangfall_2,5,leaves,0-50,48007
2023-01-20_aying_mangfall_2,5,leaves,50-100,627
2023-01-20_aying_mangfall_2,5,leaves,100-150,0
2023-01-20_aying_mangfall_2,5,leaves,150-400,45
2023-01-20_aying_mangfall_2,5,leaves,>=400,0
2023-01-20_aying_mangfall_2,6,street_light,0-50,5422
2023-01-20_aying_mangfall_2,6,street_light,50-100,261
2023-01-20_aying_mangfall_2,6,street_light,100-150,29
2023-01-20_aying_mangfall_2,6,street_light,150-400,1
2023-01-20_aying_mangfall_2,6,street_light,>=400,0
2023-01-20_aying_mangfall_2,7,bikeway,0-50,0
2023-01-20_aying_mangfall_2,7,bikeway,50-100,0
2023-01-20_aying_mangfall_2,7,bikeway,100-150,0
2023-01-20_aying_mangfall_2,7,bikeway,150-400,0
2023-01-20_aying_mangfall_2,7,bikeway,>=400,0
2023-01-20_aying_mangfall_2,8,ego_vehicle,0-50,64635
2023-01-20_aying_mangfall_2,8,ego_vehicle,50-100,0
2023-01-20_aying_mangfall_2,8,ego_vehicle,100-150,0
2023-01-20_aying_mangfall_2,8,ego_vehicle,150-400,0
2023-01-20_aying_mangfall_2,8,ego_vehicle,>=400,0
2023-01-20_aying_mangfall_2,9,pedestrian_crossing,0-50,0
2023-01-20_aying_mangfall_2,9,pedestrian_crossing,50-100,0
2023-01-20_aying_mangfall_2,9,pedestrian_crossing,100-150,0
2023-01-20_aying_mangfall_2,9,pedestrian_crossing,150-400,0
2023-01-20_aying_mangfall_2,9,pedestrian_crossing,>=400,0
2023-01-20_aying_mangfall_2,10,road_block,0-50,648
2023-01-20_aying_mangfall_2,10,road_block,50-100,0
2023-01-20_aying_mangfall_2,10,road_block,100-150,0
2023-01-20_aying_mangfall_2,10,road_block,150-400,0
2023-01-20_aying_mangfall_2,10,road_block,>=400,0
2023-01-20_aying_mangfall_2,11,road_marking,0-50,14078
2023-01-20_aying_mangfall_2,11,road_marking,50-100,813
2023-01-20_aying_mangfall_2,11,road_marking,100-150,39
2023-01-20_aying_mangfall_2,11,road_marking,150-400,1
2023-01-20_aying_mangfall_2,11,road_marking,>=400,0
2023-01-20_aying_mangfall_2,12,car,0-50,160373
2023-01-20_aying_mangfall_2,12,car,50-100,5236
2023-01-20_aying_mangfall_2,12,car,100-150,372
2023-01-20_aying_mangfall_2,12,car,150-400,63
2023-01-20_aying_mangfall_2,12,car,>=400,0
2023-01-20_aying_mangfall_2,13,bicycle,0-50,115
2023-01-20_aying_mangfall_2,13,bicycle,50-100,24
2023-01-20_aying_mangfall_2,13,bicycle,100-150,0
2023-01-20_aying_mangfall_2,13,bicycle,150-400,0
2023-01-20_aying_mangfall_2,13,bicycle,>=400,0
2023-01-20_aying_mangfall_2,14,person,0-50,920
2023-01-20_aying_mangfall_2,14,person,50-100,26
2023-01-20_aying_mangfall_2,14,person,100-150,31
2023-01-20_aying_mangfall_2,14,person,150-400,0
2023-01-20_aying_mangfall_2,14,person,>=400,0
2023-01-20_aying_mangfall_2,15,bus,0-50,0
2023-01-20_aying_mangfall_2,15,bus,50-100,0
2023-01-20_aying_mangfall_2,15,bus,100-150,0
2023-01-20_aying_mangfall_2,15,bus,150-400,0
2023-01-20_aying_mangfall_2,15,bus,>=400,0
2023-01-20_aying_mangfall_2,16,forest,0-50,9881854
2023-01-20_aying_mangfall_2,16,forest,50-100,1409934
2023-01-20_aying_mangfall_2,16,forest,100-150,424417
2023-01-20_aying_mangfall_2,16,forest,150-400,247376
2023-01-20_aying_mangfall_2,16,forest,>=400,0
2023-01-20_aying_mangfall_2,17,bush,0-50,905023
2023-01-20_aying_mangfall_2,17,bush,50-100,60506
2023-01-20_aying_mangfall_2,17,bush,100-150,10907
2023-01-20_aying_mangfall_2,17,bush,150-400,5992
2023-01-20_aying_mangfall_2,17,bush,>=400,0
2023-01-20_aying_mangfall_2,18,moss,0-50,8271
2023-01-20_aying_mangfall_2,18,moss,50-100,0
2023-01-20_aying_mangfall_2,18,moss,100-150,0
2023-01-20_aying_mangfall_2,18,moss,150-400,0
2023-01-20_aying_mangfall_2,18,moss,>=400,0
2023-01-20_aying_mangfall_2,19,traffic_light,0-50,0
2023-01-20_aying_mangfall_2,19,traffic_light,50-100,0
2023-01-20_aying_mangfall_2,19,traffic_light,100-150,0
2023-01-20_aying_mangfall_2,19,traffic_light,150-400,0
2023-01-20_aying_mangfall_2,19,traffic_light,>=400,0
2023-01-20_aying_mangfall_2,20,motorcycle,0-50,1658
2023-01-20_aying_mangfall_2,20,motorcycle,50-100,0
2023-01-20_aying_mangfall_2,20,motorcycle,100-150,0
2023-01-20_aying_mangfall_2,20,motorcycle,150-400,0
2023-01-20_aying_mangfall_2,20,motorcycle,>=400,0
2023-01-20_aying_mangfall_2,21,sidewalk,0-50,5394
2023-01-20_aying_mangfall_2,21,sidewalk,50-100,156
2023-01-20_aying_mangfall_2,21,sidewalk,100-150,0
2023-01-20_aying_mangfall_2,21,sidewalk,150-400,0
2023-01-20_aying_mangfall_2,21,sidewalk,>=400,0
2023-01-20_aying_mangfall_2,22,curb,0-50,15662
2023-01-20_aying_mangfall_2,22,curb,50-100,529
2023-01-20_aying_mangfall_2,22,curb,100-150,16
2023-01-20_aying_mangfall_2,22,curb,150-400,0
2023-01-20_aying_mangfall_2,22,curb,>=400,0
2023-01-20_aying_mangfall_2,23,asphalt,0-50,1155891
2023-01-20_aying_mangfall_2,23,asphalt,50-100,46278
2023-01-20_aying_mangfall_2,23,asphalt,100-150,2000
2023-01-20_aying_mangfall_2,23,asphalt,150-400,340
2023-01-20_aying_mangfall_2,23,asphalt,>=400,0
2023-01-20_aying_mangfall_2,24,gravel,0-50,65702
2023-01-20_aying_mangfall_2,24,gravel,50-100,3039
2023-01-20_aying_mangfall_2,24,gravel,100-150,313
2023-01-20_aying_mangfall_2,24,gravel,150-400,38
2023-01-20_aying_mangfall_2,24,gravel,>=400,0
2023-01-20_aying_mangfall_2,25,boom_barrier,0-50,1076
2023-01-20_aying_mangfall_2,25,boom_barrier,50-100,140
2023-01-20_aying_mangfall_2,25,boom_barrier,100-150,0
2023-01-20_aying_mangfall_2,25,boom_barrier,150-400,0
2023-01-20_aying_mangfall_2,25,boom_barrier,>=400,0
2023-01-20_aying_mangfall_2,26,rail_track,0-50,0
2023-01-20_aying_mangfall_2,26,rail_track,50-100,0
2023-01-20_aying_mangfall_2,26,rail_track,100-150,0
2023-01-20_aying_mangfall_2,26,rail_track,150-400,0
2023-01-20_aying_mangfall_2,26,rail_track,>=400,0
2023-01-20_aying_mangfall_2,27,tree_crown,0-50,1166849
2023-01-20_aying_mangfall_2,27,tree_crown,50-100,167852
2023-01-20_aying_mangfall_2,27,tree_crown,100-150,60366
2023-01-20_aying_mangfall_2,27,tree_crown,150-400,26398
2023-01-20_aying_mangfall_2,27,tree_crown,>=400,0
2023-01-20_aying_mangfall_2,28,tree_trunk,0-50,3180429
2023-01-20_aying_mangfall_2,28,tree_trunk,50-100,263959
2023-01-20_aying_mangfall_2,28,tree_trunk,100-150,35317
2023-01-20_aying_mangfall_2,28,tree_trunk,150-400,11088
2023-01-20_aying_mangfall_2,28,tree_trunk,>=400,0
2023-01-20_aying_mangfall_2,29,debris,0-50,113900
2023-01-20_aying_mangfall_2,29,debris,50-100,2772
2023-01-20_aying_mangfall_2,29,debris,100-150,749
2023-01-20_aying_mangfall_2,29,debris,150-400,1433
2023-01-20_aying_mangfall_2,29,debris,>=400,0
2023-01-20_aying_mangfall_2,30,crops,0-50,0
2023-01-20_aying_mangfall_2,30,crops,50-100,0
2023-01-20_aying_mangfall_2,30,crops,100-150,0
2023-01-20_aying_mangfall_2,30,crops,150-400,0
2023-01-20_aying_mangfall_2,30,crops,>=400,0
2023-01-20_aying_mangfall_2,31,soil,0-50,123513
2023-01-20_aying_mangfall_2,31,soil,50-100,6463
2023-01-20_aying_mangfall_2,31,soil,100-150,521
2023-01-20_aying_mangfall_2,31,soil,150-400,2179
2023-01-20_aying_mangfall_2,31,soil,>=400,0
2023-01-20_aying_mangfall_2,32,rider,0-50,0
2023-01-20_aying_mangfall_2,32,rider,50-100,0
2023-01-20_aying_mangfall_2,32,rider,100-150,0
2023-01-20_aying_mangfall_2,32,rider,150-400,0
2023-01-20_aying_mangfall_2,32,rider,>=400,0
2023-01-20_aying_mangfall_2,33,animal,0-50,26
2023-01-20_aying_mangfall_2,33,animal,50-100,37
2023-01-20_aying_mangfall_2,33,animal,100-150,0
2023-01-20_aying_mangfall_2,33,animal,150-400,0
2023-01-20_aying_mangfall_2,33,animal,>=400,0
2023-01-20_aying_mangfall_2,34,truck,0-50,0
2023-01-20_aying_mangfall_2,34,truck,50-100,122
2023-01-20_aying_mangfall_2,34,truck,100-150,46
2023-01-20_aying_mangfall_2,34,truck,150-400,24
2023-01-20_aying_mangfall_2,34,truck,>=400,0
2023-01-20_aying_mangfall_2,35,on_rails,0-50,0
2023-01-20_aying_mangfall_2,35,on_rails,50-100,0
2023-01-20_aying_mangfall_2,35,on_rails,100-150,0
2023-01-20_aying_mangfall_2,35,on_rails,150-400,0
2023-01-20_aying_mangfall_2,35,on_rails,>=400,0
2023-01-20_aying_mangfall_2,36,caravan,0-50,648
2023-01-20_aying_mangfall_2,36,caravan,50-100,812
2023-01-20_aying_mangfall_2,36,caravan,100-150,259
2023-01-20_aying_mangfall_2,36,caravan,150-400,94
2023-01-20_aying_mangfall_2,36,caravan,>=400,0
2023-01-20_aying_mangfall_2,37,trailer,0-50,23085
2023-01-20_aying_mangfall_2,37,trailer,50-100,586
2023-01-20_aying_mangfall_2,37,trailer,100-150,0
2023-01-20_aying_mangfall_2,37,trailer,150-400,0
2023-01-20_aying_mangfall_2,37,trailer,>=400,0
2023-01-20_aying_mangfall_2,38,building,0-50,2261806
2023-01-20_aying_mangfall_2,38,building,50-100,241565
2023-01-20_aying_mangfall_2,38,building,100-150,58354
2023-01-20_aying_mangfall_2,38,building,150-400,29310
2023-01-20_aying_mangfall_2,38,building,>=400,0
2023-01-20_aying_mangfall_2,39,wall,0-50,290194
2023-01-20_aying_mangfall_2,39,wall,50-100,4269
2023-01-20_aying_mangfall_2,39,wall,100-150,384
2023-01-20_aying_mangfall_2,39,wall,150-400,112
2023-01-20_aying_mangfall_2,39,wall,>=400,0
2023-01-20_aying_mangfall_2,40,rock,0-50,395623
2023-01-20_aying_mangfall_2,40,rock,50-100,2409
2023-01-20_aying_mangfall_2,40,rock,100-150,17
2023-01-20_aying_mangfall_2,40,rock,150-400,0
2023-01-20_aying_mangfall_2,40,rock,>=400,0
2023-01-20_aying_mangfall_2,41,fence,0-50,335042
2023-01-20_aying_mangfall_2,41,fence,50-100,23970
2023-01-20_aying_mangfall_2,41,fence,100-150,3569
2023-01-20_aying_mangfall_2,41,fence,150-400,1198
2023-01-20_aying_mangfall_2,41,fence,>=400,0
2023-01-20_aying_mangfall_2,42,guard_rail,0-50,47622
2023-01-20_aying_mangfall_2,42,guard_rail,50-100,2507
2023-01-20_aying_mangfall_2,42,guard_rail,100-150,205
2023-01-20_aying_mangfall_2,42,guard_rail,150-400,732
2023-01-20_aying_mangfall_2,42,guard_rail,>=400,0
2023-01-20_aying_mangfall_2,43,bridge,0-50,21778
2023-01-20_aying_mangfall_2,43,bridge,50-100,14514
2023-01-20_aying_mangfall_2,43,bridge,100-150,2152
2023-01-20_aying_mangfall_2,43,bridge,150-400,790
2023-01-20_aying_mangfall_2,43,bridge,>=400,0
2023-01-20_aying_mangfall_2,44,tunnel,0-50,0
2023-01-20_aying_mangfall_2,44,tunnel,50-100,0
2023-01-20_aying_mangfall_2,44,tunnel,100-150,0
2023-01-20_aying_mangfall_2,44,tunnel,150-400,0
2023-01-20_aying_mangfall_2,44,tunnel,>=400,0
2023-01-20_aying_mangfall_2,45,pole,0-50,117756
2023-01-20_aying_mangfall_2,45,pole,50-100,5317
2023-01-20_aying_mangfall_2,45,pole,100-150,873
2023-01-20_aying_mangfall_2,45,pole,150-400,259
2023-01-20_aying_mangfall_2,45,pole,>=400,0
2023-01-20_aying_mangfall_2,46,traffic_sign,0-50,75373
2023-01-20_aying_mangfall_2,46,traffic_sign,50-100,1157
2023-01-20_aying_mangfall_2,46,traffic_sign,100-150,237
2023-01-20_aying_mangfall_2,46,traffic_sign,150-400,26
2023-01-20_aying_mangfall_2,46,traffic_sign,>=400,0
2023-01-20_aying_mangfall_2,47,misc_sign,0-50,76320
2023-01-20_aying_mangfall_2,47,misc_sign,50-100,2158
2023-01-20_aying_mangfall_2,47,misc_sign,100-150,291
2023-01-20_aying_mangfall_2,47,misc_sign,150-400,38
2023-01-20_aying_mangfall_2,47,misc_sign,>=400,0
2023-01-20_aying_mangfall_2,48,barrier_tape,0-50,344
2023-01-20_aying_mangfall_2,48,barrier_tape,50-100,0
2023-01-20_aying_mangfall_2,48,barrier_tape,100-150,0
2023-01-20_aying_mangfall_2,48,barrier_tape,150-400,0
2023-01-20_aying_mangfall_2,48,barrier_tape,>=400,0
2023-01-20_aying_mangfall_2,49,kick_scooter,0-50,0
2023-01-20_aying_mangfall_2,49,kick_scooter,50-100,0
2023-01-20_aying_mangfall_2,49,kick_scooter,100-150,0
2023-01-20_aying_mangfall_2,49,kick_scooter,150-400,0
2023-01-20_aying_mangfall_2,49,kick_scooter,>=400,0
2023-01-20_aying_mangfall_2,50,low_grass,0-50,2545735
2023-01-20_aying_mangfall_2,50,low_grass,50-100,909522
2023-01-20_aying_mangfall_2,50,low_grass,100-150,294556
2023-01-20_aying_mangfall_2,50,low_grass,150-400,87881
2023-01-20_aying_mangfall_2,50,low_grass,>=400,0
2023-01-20_aying_mangfall_2,51,high_grass,0-50,700253
2023-01-20_aying_mangfall_2,51,high_grass,50-100,62293
2023-01-20_aying_mangfall_2,51,high_grass,100-150,8191
2023-01-20_aying_mangfall_2,51,high_grass,150-400,4204
2023-01-20_aying_mangfall_2,51,high_grass,>=400,0
2023-01-20_aying_mangfall_2,52,scenery_vegetation,0-50,0
2023-01-20_aying_mangfall_2,52,scenery_vegetation,50-100,0
2023-01-20_aying_mangfall_2,52,scenery_vegetation,100-150,0
2023-01-20_aying_mangfall_2,52,scenery_vegetation,150-400,0
2023-01-20_aying_mangfall_2,52,scenery_vegetation,>=400,0
2023-01-20_aying_mangfall_2,53,sky,0-50,0
2023-01-20_aying_mangfall_2,53,sky,50-100,0
2023-01-20_aying_mangfall_2,53,sky,100-150,0
2023-01-20_aying_mangfall_2,53,sky,150-400,0
2023-01-20_aying_mangfall_2,53,sky,>=400,0
2023-01-20_aying_mangfall_2,54,water,0-50,0
2023-01-20_aying_mangfall_2,54,water,50-100,4
2023-01-20_aying_mangfall_2,54,water,100-150,8
2023-01-20_aying_mangfall_2,54,water,150-400,0
2023-01-20_aying_mangfall_2,54,water,>=400,0
2023-01-20_aying_mangfall_2,55,wire,0-50,6795
2023-01-20_aying_mangfall_2,55,wire,50-100,2143
2023-01-20_aying_mangfall_2,55,wire,100-150,585
2023-01-20_aying_mangfall_2,55,wire,150-400,23
2023-01-20_aying_mangfall_2,55,wire,>=400,0
2023-01-20_aying_mangfall_2,56,outlier,0-50,0
2023-01-20_aying_mangfall_2,56,outlier,50-100,0
2023-01-20_aying_mangfall_2,56,outlier,100-150,0
2023-01-20_aying_mangfall_2,56,outlier,150-400,0
2023-01-20_aying_mangfall_2,56,outlier,>=400,0
2023-01-20_aying_mangfall_2,57,heavy_machinery,0-50,1895
2023-01-20_aying_mangfall_2,57,heavy_machinery,50-100,429
2023-01-20_aying_mangfall_2,57,heavy_machinery,100-150,0
2023-01-20_aying_mangfall_2,57,heavy_machinery,150-400,0
2023-01-20_aying_mangfall_2,57,heavy_machinery,>=400,0
2023-01-20_aying_mangfall_2,58,container,0-50,0
2023-01-20_aying_mangfall_2,58,container,50-100,0
2023-01-20_aying_mangfall_2,58,container,100-150,0
2023-01-20_aying_mangfall_2,58,container,150-400,0
2023-01-20_aying_mangfall_2,58,container,>=400,0
2023-01-20_aying_mangfall_2,59,hedge,0-50,65052
2023-01-20_aying_mangfall_2,59,hedge,50-100,3841
2023-01-20_aying_mangfall_2,59,hedge,100-150,162
2023-01-20_aying_mangfall_2,59,hedge,150-400,998
2023-01-20_aying_mangfall_2,59,hedge,>=400,0
2023-01-20_aying_mangfall_2,60,barrel,0-50,0
2023-01-20_aying_mangfall_2,60,barrel,50-100,0
2023-01-20_aying_mangfall_2,60,barrel,100-150,0
2023-01-20_aying_mangfall_2,60,barrel,150-400,0
2023-01-20_aying_mangfall_2,60,barrel,>=400,0
2023-01-20_aying_mangfall_2,61,pipe,0-50,0
2023-01-20_aying_mangfall_2,61,pipe,50-100,0
2023-01-20_aying_mangfall_2,61,pipe,100-150,0
2023-01-20_aying_mangfall_2,61,pipe,150-400,0
2023-01-20_aying_mangfall_2,61,pipe,>=400,0
2023-01-20_aying_mangfall_2,62,tree_root,0-50,0
2023-01-20_aying_mangfall_2,62,tree_root,50-100,0
2023-01-20_aying_mangfall_2,62,tree_root,100-150,0
2023-01-20_aying_mangfall_2,62,tree_root,150-400,0
2023-01-20_aying_mangfall_2,62,tree_root,>=400,0
2023-01-20_aying_mangfall_2,63,military_vehicle,0-50,0
2023-01-20_aying_mangfall_2,63,military_vehicle,50-100,0
2023-01-20_aying_mangfall_2,63,military_vehicle,100-150,0
2023-01-20_aying_mangfall_2,63,military_vehicle,150-400,0
2023-01-20_aying_mangfall_2,63,military_vehicle,>=400,0
2023-03-03_garching_2,0,undefined,0-50,3245
2023-03-03_garching_2,0,undefined,50-100,6001
2023-03-03_garching_2,0,undefined,100-150,3553
2023-03-03_garching_2,0,undefined,150-400,1050
2023-03-03_garching_2,0,undefined,>=400,0
2023-03-03_garching_2,1,traffic_cone,0-50,0
2023-03-03_garching_2,1,traffic_cone,50-100,0
2023-03-03_garching_2,1,traffic_cone,100-150,0
2023-03-03_garching_2,1,traffic_cone,150-400,0
2023-03-03_garching_2,1,traffic_cone,>=400,0
2023-03-03_garching_2,2,snow,0-50,0
2023-03-03_garching_2,2,snow,50-100,0
2023-03-03_garching_2,2,snow,100-150,0
2023-03-03_garching_2,2,snow,150-400,0
2023-03-03_garching_2,2,snow,>=400,0
2023-03-03_garching_2,3,cobble,0-50,0
2023-03-03_garching_2,3,cobble,50-100,0
2023-03-03_garching_2,3,cobble,100-150,0
2023-03-03_garching_2,3,cobble,150-400,0
2023-03-03_garching_2,3,cobble,>=400,0
2023-03-03_garching_2,4,obstacle,0-50,4707
2023-03-03_garching_2,4,obstacle,50-100,0
2023-03-03_garching_2,4,obstacle,100-150,0
2023-03-03_garching_2,4,obstacle,150-400,0
2023-03-03_garching_2,4,obstacle,>=400,0
2023-03-03_garching_2,5,leaves,0-50,5683
2023-03-03_garching_2,5,leaves,50-100,25
2023-03-03_garching_2,5,leaves,100-150,0
2023-03-03_garching_2,5,leaves,150-400,0
2023-03-03_garching_2,5,leaves,>=400,0
2023-03-03_garching_2,6,street_light,0-50,0
2023-03-03_garching_2,6,street_light,50-100,0
2023-03-03_garching_2,6,street_light,100-150,0
2023-03-03_garching_2,6,street_light,150-400,0
2023-03-03_garching_2,6,street_light,>=400,0
2023-03-03_garching_2,7,bikeway,0-50,0
2023-03-03_garching_2,7,bikeway,50-100,0
2023-03-03_garching_2,7,bikeway,100-150,0
2023-03-03_garching_2,7,bikeway,150-400,0
2023-03-03_garching_2,7,bikeway,>=400,0
2023-03-03_garching_2,8,ego_vehicle,0-50,33500
2023-03-03_garching_2,8,ego_vehicle,50-100,0
2023-03-03_garching_2,8,ego_vehicle,100-150,0
2023-03-03_garching_2,8,ego_vehicle,150-400,0
2023-03-03_garching_2,8,ego_vehicle,>=400,0
2023-03-03_garching_2,9,pedestrian_crossing,0-50,0
2023-03-03_garching_2,9,pedestrian_crossing,50-100,0
2023-03-03_garching_2,9,pedestrian_crossing,100-150,0
2023-03-03_garching_2,9,pedestrian_crossing,150-400,0
2023-03-03_garching_2,9,pedestrian_crossing,>=400,0
2023-03-03_garching_2,10,road_block,0-50,0
2023-03-03_garching_2,10,road_block,50-100,0
2023-03-03_garching_2,10,road_block,100-150,0
2023-03-03_garching_2,10,road_block,150-400,0
2023-03-03_garching_2,10,road_block,>=400,0
2023-03-03_garching_2,11,road_marking,0-50,0
2023-03-03_garching_2,11,road_marking,50-100,0
2023-03-03_garching_2,11,road_marking,100-150,0
2023-03-03_garching_2,11,road_marking,150-400,0
2023-03-03_garching_2,11,road_marking,>=400,0
2023-03-03_garching_2,12,car,0-50,0
2023-03-03_garching_2,12,car,50-100,0
2023-03-03_garching_2,12,car,100-150,0
2023-03-03_garching_2,12,car,150-400,0
2023-03-03_garching_2,12,car,>=400,0
2023-03-03_garching_2,13,bicycle,0-50,0
2023-03-03_garching_2,13,bicycle,50-100,0
2023-03-03_garching_2,13,bicycle,100-150,0
2023-03-03_garching_2,13,bicycle,150-400,0
2023-03-03_garching_2,13,bicycle,>=400,0
2023-03-03_garching_2,14,person,0-50,122
2023-03-03_garching_2,14,person,50-100,0
2023-03-03_garching_2,14,person,100-150,0
2023-03-03_garching_2,14,person,150-400,0
2023-03-03_garching_2,14,person,>=400,0
2023-03-03_garching_2,15,bus,0-50,0
2023-03-03_garching_2,15,bus,50-100,0
2023-03-03_garching_2,15,bus,100-150,0
2023-03-03_garching_2,15,bus,150-400,0
2023-03-03_garching_2,15,bus,>=400,0
2023-03-03_garching_2,16,forest,0-50,3936794
2023-03-03_garching_2,16,forest,50-100,773562
2023-03-03_garching_2,16,forest,100-150,188921
2023-03-03_garching_2,16,forest,150-400,36882
2023-03-03_garching_2,16,forest,>=400,0
2023-03-03_garching_2,17,bush,0-50,2433432
2023-03-03_garching_2,17,bush,50-100,183665
2023-03-03_garching_2,17,bush,100-150,22620
2023-03-03_garching_2,17,bush,150-400,8675
2023-03-03_garching_2,17,bush,>=400,0
2023-03-03_garching_2,18,moss,0-50,0
2023-03-03_garching_2,18,moss,50-100,0
2023-03-03_garching_2,18,moss,100-150,0
2023-03-03_garching_2,18,moss,150-400,0
2023-03-03_garching_2,18,moss,>=400,0
2023-03-03_garching_2,19,traffic_light,0-50,0
2023-03-03_garching_2,19,traffic_light,50-100,0
2023-03-03_garching_2,19,traffic_light,100-150,0
2023-03-03_garching_2,19,traffic_light,150-400,0
2023-03-03_garching_2,19,traffic_light,>=400,0
2023-03-03_garching_2,20,motorcycle,0-50,0
2023-03-03_garching_2,20,motorcycle,50-100,0
2023-03-03_garching_2,20,motorcycle,100-150,0
2023-03-03_garching_2,20,motorcycle,150-400,0
2023-03-03_garching_2,20,motorcycle,>=400,0
2023-03-03_garching_2,21,sidewalk,0-50,0
2023-03-03_garching_2,21,sidewalk,50-100,0
2023-03-03_garching_2,21,sidewalk,100-150,0
2023-03-03_garching_2,21,sidewalk,150-400,0
2023-03-03_garching_2,21,sidewalk,>=400,0
2023-03-03_garching_2,22,curb,0-50,0
2023-03-03_garching_2,22,curb,50-100,0
2023-03-03_garching_2,22,curb,100-150,0
2023-03-03_garching_2,22,curb,150-400,0
2023-03-03_garching_2,22,curb,>=400,0
2023-03-03_garching_2,23,asphalt,0-50,0
2023-03-03_garching_2,23,asphalt,50-100,537
2023-03-03_garching_2,23,asphalt,100-150,141
2023-03-03_garching_2,23,asphalt,150-400,1
2023-03-03_garching_2,23,asphalt,>=400,0
2023-03-03_garching_2,24,gravel,0-50,618656
2023-03-03_garching_2,24,gravel,50-100,30574
2023-03-03_garching_2,24,gravel,100-150,2201
2023-03-03_garching_2,24,gravel,150-400,140
2023-03-03_garching_2,24,gravel,>=400,0
2023-03-03_garching_2,25,boom_barrier,0-50,0
2023-03-03_garching_2,25,boom_barrier,50-100,0
2023-03-03_garching_2,25,boom_barrier,100-150,0
2023-03-03_garching_2,25,boom_barrier,150-400,0
2023-03-03_garching_2,25,boom_barrier,>=400,0
2023-03-03_garching_2,26,rail_track,0-50,0
2023-03-03_garching_2,26,rail_track,50-100,0
2023-03-03_garching_2,26,rail_track,100-150,0
2023-03-03_garching_2,26,rail_track,150-400,0
2023-03-03_garching_2,26,rail_track,>=400,0
2023-03-03_garching_2,27,tree_crown,0-50,2597132
2023-03-03_garching_2,27,tree_crown,50-100,257746
2023-03-03_garching_2,27,tree_crown,100-150,22508
2023-03-03_garching_2,27,tree_crown,150-400,2632
2023-03-03_garching_2,27,tree_crown,>=400,0
2023-03-03_garching_2,28,tree_trunk,0-50,1342402
2023-03-03_garching_2,28,tree_trunk,50-100,122246
2023-03-03_garching_2,28,tree_trunk,100-150,14092
2023-03-03_garching_2,28,tree_trunk,150-400,387
2023-03-03_garching_2,28,tree_trunk,>=400,0
2023-03-03_garching_2,29,debris,0-50,20985
2023-03-03_garching_2,29,debris,50-100,760
2023-03-03_garching_2,29,debris,100-150,0
2023-03-03_garching_2,29,debris,150-400,0
2023-03-03_garching_2,29,debris,>=400,0
2023-03-03_garching_2,30,crops,0-50,0
2023-03-03_garching_2,30,crops,50-100,0
2023-03-03_garching_2,30,crops,100-150,0
2023-03-03_garching_2,30,crops,150-400,0
2023-03-03_garching_2,30,crops,>=400,0
2023-03-03_garching_2,31,soil,0-50,82415
2023-03-03_garching_2,31,soil,50-100,1513
2023-03-03_garching_2,31,soil,100-150,22
2023-03-03_garching_2,31,soil,150-400,0
2023-03-03_garching_2,31,soil,>=400,0
2023-03-03_garching_2,32,rider,0-50,0
2023-03-03_garching_2,32,rider,50-100,0
2023-03-03_garching_2,32,rider,100-150,0
2023-03-03_garching_2,32,rider,150-400,0
2023-03-03_garching_2,32,rider,>=400,0
2023-03-03_garching_2,33,animal,0-50,0
2023-03-03_garching_2,33,animal,50-100,0
2023-03-03_garching_2,33,animal,100-150,0
2023-03-03_garching_2,33,animal,150-400,0
2023-03-03_garching_2,33,animal,>=400,0
2023-03-03_garching_2,34,truck,0-50,0
2023-03-03_garching_2,34,truck,50-100,0
2023-03-03_garching_2,34,truck,100-150,0
2023-03-03_garching_2,34,truck,150-400,0
2023-03-03_garching_2,34,truck,>=400,0
2023-03-03_garching_2,35,on_rails,0-50,0
2023-03-03_garching_2,35,on_rails,50-100,0
2023-03-03_garching_2,35,on_rails,100-150,0
2023-03-03_garching_2,35,on_rails,150-400,0
2023-03-03_garching_2,35,on_rails,>=400,0
2023-03-03_garching_2,36,caravan,0-50,0
2023-03-03_garching_2,36,caravan,50-100,0
2023-03-03_garching_2,36,caravan,100-150,0
2023-03-03_garching_2,36,caravan,150-400,0
2023-03-03_garching_2,36,caravan,>=400,0
2023-03-03_garching_2,37,trailer,0-50,0
2023-03-03_garching_2,37,trailer,50-100,0
2023-03-03_garching_2,37,trailer,100-150,0
2023-03-03_garching_2,37,trailer,150-400,0
2023-03-03_garching_2,37,trailer,>=400,0
2023-03-03_garching_2,38,building,0-50,0
2023-03-03_garching_2,38,building,50-100,0
2023-03-03_garching_2,38,building,100-150,11
2023-03-03_garching_2,38,building,150-400,0
2023-03-03_garching_2,38,building,>=400,0
2023-03-03_garching_2,39,wall,0-50,0
2023-03-03_garching_2,39,wall,50-100,0
2023-03-03_garching_2,39,wall,100-150,0
2023-03-03_garching_2,39,wall,150-400,0
2023-03-03_garching_2,39,wall,>=400,0
2023-03-03_garching_2,40,rock,0-50,0
2023-03-03_garching_2,40,rock,50-100,0
2023-03-03_garching_2,40,rock,100-150,0
2023-03-03_garching_2,40,rock,150-400,0
2023-03-03_garching_2,40,rock,>=400,0
2023-03-03_garching_2,41,fence,0-50,2670
2023-03-03_garching_2,41,fence,50-100,290
2023-03-03_garching_2,41,fence,100-150,0
2023-03-03_garching_2,41,fence,150-400,0
2023-03-03_garching_2,41,fence,>=400,0
2023-03-03_garching_2,42,guard_rail,0-50,0
2023-03-03_garching_2,42,guard_rail,50-100,0
2023-03-03_garching_2,42,guard_rail,100-150,0
2023-03-03_garching_2,42,guard_rail,150-400,0
2023-03-03_garching_2,42,guard_rail,>=400,0
2023-03-03_garching_2,43,bridge,0-50,0
2023-03-03_garching_2,43,bridge,50-100,0
2023-03-03_garching_2,43,bridge,100-150,0
2023-03-03_garching_2,43,bridge,150-400,0
2023-03-03_garching_2,43,bridge,>=400,0
2023-03-03_garching_2,44,tunnel,0-50,0
2023-03-03_garching_2,44,tunnel,50-100,0
2023-03-03_garching_2,44,tunnel,100-150,0
2023-03-03_garching_2,44,tunnel,150-400,0
2023-03-03_garching_2,44,tunnel,>=400,0
2023-03-03_garching_2,45,pole,0-50,2531
2023-03-03_garching_2,45,pole,50-100,25
2023-03-03_garching_2,45,pole,100-150,0
2023-03-03_garching_2,45,pole,150-400,0
2023-03-03_garching_2,45,pole,>=400,0
2023-03-03_garching_2,46,traffic_sign,0-50,0
2023-03-03_garching_2,46,traffic_sign,50-100,0
2023-03-03_garching_2,46,traffic_sign,100-150,0
2023-03-03_garching_2,46,traffic_sign,150-400,0
2023-03-03_garching_2,46,traffic_sign,>=400,0
2023-03-03_garching_2,47,misc_sign,0-50,26315
2023-03-03_garching_2,47,misc_sign,50-100,53
2023-03-03_garching_2,47,misc_sign,100-150,0
2023-03-03_garching_2,47,misc_sign,150-400,0
2023-03-03_garching_2,47,misc_sign,>=400,0
2023-03-03_garching_2,48,barrier_tape,0-50,0
2023-03-03_garching_2,48,barrier_tape,50-100,0
2023-03-03_garching_2,48,barrier_tape,100-150,0
2023-03-03_garching_2,48,barrier_tape,150-400,0
2023-03-03_garching_2,48,barrier_tape,>=400,0
2023-03-03_garching_2,49,kick_scooter,0-50,0
2023-03-03_garching_2,49,kick_scooter,50-100,0
2023-03-03_garching_2,49,kick_scooter,100-150,0
2023-03-03_garching_2,49,kick_scooter,150-400,0
2023-03-03_garching_2,49,kick_scooter,>=400,0
2023-03-03_garching_2,50,low_grass,0-50,6227684
2023-03-03_garching_2,50,low_grass,50-100,366394
2023-03-03_garching_2,50,low_grass,100-150,32807
2023-03-03_garching_2,50,low_grass,150-400,9130
2023-03-03_garching_2,50,low_grass,>=400,0
2023-03-03_garching_2,51,high_grass,0-50,738220
2023-03-03_garching_2,51,high_grass,50-100,79459
2023-03-03_garching_2,51,high_grass,100-150,4845
2023-03-03_garching_2,51,high_grass,150-400,1107
2023-03-03_garching_2,51,high_grass,>=400,0
2023-03-03_garching_2,52,scenery_vegetation,0-50,0
2023-03-03_garching_2,52,scenery_vegetation,50-100,0
2023-03-03_garching_2,52,scenery_vegetation,100-150,0
2023-03-03_garching_2,52,scenery_vegetation,150-400,0
2023-03-03_garching_2,52,scenery_vegetation,>=400,0
2023-03-03_garching_2,53,sky,0-50,0
2023-03-03_garching_2,53,sky,50-100,0
2023-03-03_garching_2,53,sky,100-150,0
2023-03-03_garching_2,53,sky,150-400,0
2023-03-03_garching_2,53,sky,>=400,0
2023-03-03_garching_2,54,water,0-50,0
2023-03-03_garching_2,54,water,50-100,0
2023-03-03_garching_2,54,water,100-150,0
2023-03-03_garching_2,54,water,150-400,0
2023-03-03_garching_2,54,water,>=400,0
2023-03-03_garching_2,55,wire,0-50,0
2023-03-03_garching_2,55,wire,50-100,0
2023-03-03_garching_2,55,wire,100-150,0
2023-03-03_garching_2,55,wire,150-400,0
2023-03-03_garching_2,55,wire,>=400,0
2023-03-03_garching_2,56,outlier,0-50,0
2023-03-03_garching_2,56,outlier,50-100,0
2023-03-03_garching_2,56,outlier,100-150,0
2023-03-03_garching_2,56,outlier,150-400,0
2023-03-03_garching_2,56,outlier,>=400,0
2023-03-03_garching_2,57,heavy_machinery,0-50,0
2023-03-03_garching_2,57,heavy_machinery,50-100,0
2023-03-03_garching_2,57,heavy_machinery,100-150,0
2023-03-03_garching_2,57,heavy_machinery,150-400,0
2023-03-03_garching_2,57,heavy_machinery,>=400,0
2023-03-03_garching_2,58,container,0-50,0
2023-03-03_garching_2,58,container,50-100,0
2023-03-03_garching_2,58,container,100-150,0
2023-03-03_garching_2,58,container,150-400,0
2023-03-03_garching_2,58,container,>=400,0
2023-03-03_garching_2,59,hedge,0-50,0
2023-03-03_garching_2,59,hedge,50-100,0
2023-03-03_garching_2,59,hedge,100-150,0
2023-03-03_garching_2,59,hedge,150-400,0
2023-03-03_garching_2,59,hedge,>=400,0
2023-03-03_garching_2,60,barrel,0-50,0
2023-03-03_garching_2,60,barrel,50-100,0
2023-03-03_garching_2,60,barrel,100-150,0
2023-03-03_garching_2,60,barrel,150-400,0
2023-03-03_garching_2,60,barrel,>=400,0
2023-03-03_garching_2,61,pipe,0-50,0
2023-03-03_garching_2,61,pipe,50-100,0
2023-03-03_garching_2,61,pipe,100-150,0
2023-03-03_garching_2,61,pipe,150-400,0
2023-03-03_garching_2,61,pipe,>=400,0
2023-03-03_garching_2,62,tree_root,0-50,0
2023-03-03_garching_2,62,tree_root,50-100,0
2023-03-03_garching_2,62,tree_root,100-150,0
2023-03-03_garching_2,62,tree_root,150-400,0
2023-03-03_garching_2,62,tree_root,>=400,0
2023-03-03_garching_2,63,military_vehicle,0-50,0
2023-03-03_garching_2,63,military_vehicle,50-100,0
2023-03-03_garching_2,63,military_vehicle,100-150,0
2023-03-03_garching_2,63,military_vehicle,150-400,0
2023-03-03_garching_2,63,military_vehicle,>=400,0
2023-05-15_neubiberg_rain,0,undefined,0-50,23997
2023-05-15_neubiberg_rain,0,undefined,50-100,2720
2023-05-15_neubiberg_rain,0,undefined,100-150,491
2023-05-15_neubiberg_rain,0,undefined,150-400,213
2023-05-15_neubiberg_rain,0,undefined,>=400,0
2023-05-15_neubiberg_rain,1,traffic_cone,0-50,52
2023-05-15_neubiberg_rain,1,traffic_cone,50-100,5
2023-05-15_neubiberg_rain,1,traffic_cone,100-150,0
2023-05-15_neubiberg_rain,1,traffic_cone,150-400,0
2023-05-15_neubiberg_rain,1,traffic_cone,>=400,0
2023-05-15_neubiberg_rain,2,snow,0-50,0
2023-05-15_neubiberg_rain,2,snow,50-100,0
2023-05-15_neubiberg_rain,2,snow,100-150,0
2023-05-15_neubiberg_rain,2,snow,150-400,0
2023-05-15_neubiberg_rain,2,snow,>=400,0
2023-05-15_neubiberg_rain,3,cobble,0-50,130972
2023-05-15_neubiberg_rain,3,cobble,50-100,3752
2023-05-15_neubiberg_rain,3,cobble,100-150,211
2023-05-15_neubiberg_rain,3,cobble,150-400,19
2023-05-15_neubiberg_rain,3,cobble,>=400,0
2023-05-15_neubiberg_rain,4,obstacle,0-50,194626
2023-05-15_neubiberg_rain,4,obstacle,50-100,20618
2023-05-15_neubiberg_rain,4,obstacle,100-150,2168
2023-05-15_neubiberg_rain,4,obstacle,150-400,417
2023-05-15_neubiberg_rain,4,obstacle,>=400,0
2023-05-15_neubiberg_rain,5,leaves,0-50,0
2023-05-15_neubiberg_rain,5,leaves,50-100,0
2023-05-15_neubiberg_rain,5,leaves,100-150,0
2023-05-15_neubiberg_rain,5,leaves,150-400,0
2023-05-15_neubiberg_rain,5,leaves,>=400,0
2023-05-15_neubiberg_rain,6,street_light,0-50,62327
2023-05-15_neubiberg_rain,6,street_light,50-100,7051
2023-05-15_neubiberg_rain,6,street_light,100-150,814
2023-05-15_neubiberg_rain,6,street_light,150-400,180
2023-05-15_neubiberg_rain,6,street_light,>=400,0
2023-05-15_neubiberg_rain,7,bikeway,0-50,2404
2023-05-15_neubiberg_rain,7,bikeway,50-100,337
2023-05-15_neubiberg_rain,7,bikeway,100-150,0
2023-05-15_neubiberg_rain,7,bikeway,150-400,0
2023-05-15_neubiberg_rain,7,bikeway,>=400,0
2023-05-15_neubiberg_rain,8,ego_vehicle,0-50,24048
2023-05-15_neubiberg_rain,8,ego_vehicle,50-100,0
2023-05-15_neubiberg_rain,8,ego_vehicle,100-150,0
2023-05-15_neubiberg_rain,8,ego_vehicle,150-400,0
2023-05-15_neubiberg_rain,8,ego_vehicle,>=400,0
2023-05-15_neubiberg_rain,9,pedestrian_crossing,0-50,859
2023-05-15_neubiberg_rain,9,pedestrian_crossing,50-100,3
2023-05-15_neubiberg_rain,9,pedestrian_crossing,100-150,0
2023-05-15_neubiberg_rain,9,pedestrian_crossing,150-400,0
2023-05-15_neubiberg_rain,9,pedestrian_crossing,>=400,0
2023-05-15_neubiberg_rain,10,road_block,0-50,1618
2023-05-15_neubiberg_rain,10,road_block,50-100,85
2023-05-15_neubiberg_rain,10,road_block,100-150,16
2023-05-15_neubiberg_rain,10,road_block,150-400,5
2023-05-15_neubiberg_rain,10,road_block,>=400,0
2023-05-15_neubiberg_rain,11,road_marking,0-50,34899
2023-05-15_neubiberg_rain,11,road_marking,50-100,1450
2023-05-15_neubiberg_rain,11,road_marking,100-150,14
2023-05-15_neubiberg_rain,11,road_marking,150-400,0
2023-05-15_neubiberg_rain,11,road_marking,>=400,0
2023-05-15_neubiberg_rain,12,car,0-50,984408
2023-05-15_neubiberg_rain,12,car,50-100,44507
2023-05-15_neubiberg_rain,12,car,100-150,5736
2023-05-15_neubiberg_rain,12,car,150-400,1342
2023-05-15_neubiberg_rain,12,car,>=400,0
2023-05-15_neubiberg_rain,13,bicycle,0-50,32687
2023-05-15_neubiberg_rain,13,bicycle,50-100,1934
2023-05-15_neubiberg_rain,13,bicycle,100-150,41
2023-05-15_neubiberg_rain,13,bicycle,150-400,0
2023-05-15_neubiberg_rain,13,bicycle,>=400,0
2023-05-15_neubiberg_rain,14,person,0-50,24596
2023-05-15_neubiberg_rain,14,person,50-100,2353
2023-05-15_neubiberg_rain,14,person,100-150,183
2023-05-15_neubiberg_rain,14,person,150-400,0
2023-05-15_neubiberg_rain,14,person,>=400,0
2023-05-15_neubiberg_rain,15,bus,0-50,31536
2023-05-15_neubiberg_rain,15,bus,50-100,2090
2023-05-15_neubiberg_rain,15,bus,100-150,683
2023-05-15_neubiberg_rain,15,bus,150-400,7
2023-05-15_neubiberg_rain,15,bus,>=400,0
2023-05-15_neubiberg_rain,16,forest,0-50,311132
2023-05-15_neubiberg_rain,16,forest,50-100,155942
2023-05-15_neubiberg_rain,16,forest,100-150,54049
2023-05-15_neubiberg_rain,16,forest,150-400,45290
2023-05-15_neubiberg_rain,16,forest,>=400,0
2023-05-15_neubiberg_rain,17,bush,0-50,840585
2023-05-15_neubiberg_rain,17,bush,50-100,93936
2023-05-15_neubiberg_rain,17,bush,100-150,24316
2023-05-15_neubiberg_rain,17,bush,150-400,9268
2023-05-15_neubiberg_rain,17,bush,>=400,0
2023-05-15_neubiberg_rain,18,moss,0-50,0
2023-05-15_neubiberg_rain,18,moss,50-100,0
2023-05-15_neubiberg_rain,18,moss,100-150,0
2023-05-15_neubiberg_rain,18,moss,150-400,0
2023-05-15_neubiberg_rain,18,moss,>=400,0
2023-05-15_neubiberg_rain,19,traffic_light,0-50,19789
2023-05-15_neubiberg_rain,19,traffic_light,50-100,1302
2023-05-15_neubiberg_rain,19,traffic_light,100-150,137
2023-05-15_neubiberg_rain,19,traffic_light,150-400,6
2023-05-15_neubiberg_rain,19,traffic_light,>=400,0
2023-05-15_neubiberg_rain,20,motorcycle,0-50,7634
2023-05-15_neubiberg_rain,20,motorcycle,50-100,193
2023-05-15_neubiberg_rain,20,motorcycle,100-150,15
2023-05-15_neubiberg_rain,20,motorcycle,150-400,2
2023-05-15_neubiberg_rain,20,motorcycle,>=400,0
2023-05-15_neubiberg_rain,21,sidewalk,0-50,454406
2023-05-15_neubiberg_rain,21,sidewalk,50-100,24127
2023-05-15_neubiberg_rain,21,sidewalk,100-150,1120
2023-05-15_neubiberg_rain,21,sidewalk,150-400,95
2023-05-15_neubiberg_rain,21,sidewalk,>=400,0
2023-05-15_neubiberg_rain,22,curb,0-50,159403
2023-05-15_neubiberg_rain,22,curb,50-100,9107
2023-05-15_neubiberg_rain,22,curb,100-150,322
2023-05-15_neubiberg_rain,22,curb,150-400,6
2023-05-15_neubiberg_rain,22,curb,>=400,0
2023-05-15_neubiberg_rain,23,asphalt,0-50,1262438
2023-05-15_neubiberg_rain,23,asphalt,50-100,48427
2023-05-15_neubiberg_rain,23,asphalt,100-150,1568
2023-05-15_neubiberg_rain,23,asphalt,150-400,142
2023-05-15_neubiberg_rain,23,asphalt,>=400,0
2023-05-15_neubiberg_rain,24,gravel,0-50,13150
2023-05-15_neubiberg_rain,24,gravel,50-100,406
2023-05-15_neubiberg_rain,24,gravel,100-150,0
2023-05-15_neubiberg_rain,24,gravel,150-400,0
2023-05-15_neubiberg_rain,24,gravel,>=400,0
2023-05-15_neubiberg_rain,25,boom_barrier,0-50,1560
2023-05-15_neubiberg_rain,25,boom_barrier,50-100,314
2023-05-15_neubiberg_rain,25,boom_barrier,100-150,3
2023-05-15_neubiberg_rain,25,boom_barrier,150-400,0
2023-05-15_neubiberg_rain,25,boom_barrier,>=400,0
2023-05-15_neubiberg_rain,26,rail_track,0-50,0
2023-05-15_neubiberg_rain,26,rail_track,50-100,0
2023-05-15_neubiberg_rain,26,rail_track,100-150,0
2023-05-15_neubiberg_rain,26,rail_track,150-400,0
2023-05-15_neubiberg_rain,26,rail_track,>=400,0
2023-05-15_neubiberg_rain,27,tree_crown,0-50,1915238
2023-05-15_neubiberg_rain,27,tree_crown,50-100,629008
2023-05-15_neubiberg_rain,27,tree_crown,100-150,159433
2023-05-15_neubiberg_rain,27,tree_crown,150-400,35894
2023-05-15_neubiberg_rain,27,tree_crown,>=400,0
2023-05-15_neubiberg_rain,28,tree_trunk,0-50,481661
2023-05-15_neubiberg_rain,28,tree_trunk,50-100,76264
2023-05-15_neubiberg_rain,28,tree_trunk,100-150,11939
2023-05-15_neubiberg_rain,28,tree_trunk,150-400,1517
2023-05-15_neubiberg_rain,28,tree_trunk,>=400,0
2023-05-15_neubiberg_rain,29,debris,0-50,2958
2023-05-15_neubiberg_rain,29,debris,50-100,106
2023-05-15_neubiberg_rain,29,debris,100-150,0
2023-05-15_neubiberg_rain,29,debris,150-400,0
2023-05-15_neubiberg_rain,29,debris,>=400,0
2023-05-15_neubiberg_rain,30,crops,0-50,300
2023-05-15_neubiberg_rain,30,crops,50-100,1740
2023-05-15_neubiberg_rain,30,crops,100-150,101
2023-05-15_neubiberg_rain,30,crops,150-400,3
2023-05-15_neubiberg_rain,30,crops,>=400,0
2023-05-15_neubiberg_rain,31,soil,0-50,45091
2023-05-15_neubiberg_rain,31,soil,50-100,2360
2023-05-15_neubiberg_rain,31,soil,100-150,1337
2023-05-15_neubiberg_rain,31,soil,150-400,149
2023-05-15_neubiberg_rain,31,soil,>=400,0
2023-05-15_neubiberg_rain,32,rider,0-50,3029
2023-05-15_neubiberg_rain,32,rider,50-100,282
2023-05-15_neubiberg_rain,32,rider,100-150,10
2023-05-15_neubiberg_rain,32,rider,150-400,0
2023-05-15_neubiberg_rain,32,rider,>=400,0
2023-05-15_neubiberg_rain,33,animal,0-50,164
2023-05-15_neubiberg_rain,33,animal,50-100,0
2023-05-15_neubiberg_rain,33,animal,100-150,0
2023-05-15_neubiberg_rain,33,animal,150-400,0
2023-05-15_neubiberg_rain,33,animal,>=400,0
2023-05-15_neubiberg_rain,34,truck,0-50,3205
2023-05-15_neubiberg_rain,34,truck,50-100,1262
2023-05-15_neubiberg_rain,34,truck,100-150,1250
2023-05-15_neubiberg_rain,34,truck,150-400,89
2023-05-15_neubiberg_rain,34,truck,>=400,0
2023-05-15_neubiberg_rain,35,on_rails,0-50,26
2023-05-15_neubiberg_rain,35,on_rails,50-100,1319
2023-05-15_neubiberg_rain,35,on_rails,100-150,168
2023-05-15_neubiberg_rain,35,on_rails,150-400,227
2023-05-15_neubiberg_rain,35,on_rails,>=400,0
2023-05-15_neubiberg_rain,36,caravan,0-50,209920
2023-05-15_neubiberg_rain,36,caravan,50-100,5081
2023-05-15_neubiberg_rain,36,caravan,100-150,1492
2023-05-15_neubiberg_rain,36,caravan,150-400,227
2023-05-15_neubiberg_rain,36,caravan,>=400,0
2023-05-15_neubiberg_rain,37,trailer,0-50,45656
2023-05-15_neubiberg_rain,37,trailer,50-100,824
2023-05-15_neubiberg_rain,37,trailer,100-150,243
2023-05-15_neubiberg_rain,37,trailer,150-400,49
2023-05-15_neubiberg_rain,37,trailer,>=400,0
2023-05-15_neubiberg_rain,38,building,0-50,1687182
2023-05-15_neubiberg_rain,38,building,50-100,459198
2023-05-15_neubiberg_rain,38,building,100-150,101289
2023-05-15_neubiberg_rain,38,building,150-400,41066
2023-05-15_neubiberg_rain,38,building,>=400,0
2023-05-15_neubiberg_rain,39,wall,0-50,91210
2023-05-15_neubiberg_rain,39,wall,50-100,7891
2023-05-15_neubiberg_rain,39,wall,100-150,795
2023-05-15_neubiberg_rain,39,wall,150-400,278
2023-05-15_neubiberg_rain,39,wall,>=400,0
2023-05-15_neubiberg_rain,40,rock,0-50,5032
2023-05-15_neubiberg_rain,40,rock,50-100,387
2023-05-15_neubiberg_rain,40,rock,100-150,19
2023-05-15_neubiberg_rain,40,rock,150-400,0
2023-05-15_neubiberg_rain,40,rock,>=400,0
2023-05-15_neubiberg_rain,41,fence,0-50,129479
2023-05-15_neubiberg_rain,41,fence,50-100,21385
2023-05-15_neubiberg_rain,41,fence,100-150,1515
2023-05-15_neubiberg_rain,41,fence,150-400,170
2023-05-15_neubiberg_rain,41,fence,>=400,0
2023-05-15_neubiberg_rain,42,guard_rail,0-50,21585
2023-05-15_neubiberg_rain,42,guard_rail,50-100,716
2023-05-15_neubiberg_rain,42,guard_rail,100-150,31
2023-05-15_neubiberg_rain,42,guard_rail,150-400,0
2023-05-15_neubiberg_rain,42,guard_rail,>=400,0
2023-05-15_neubiberg_rain,43,bridge,0-50,227515
2023-05-15_neubiberg_rain,43,bridge,50-100,38026
2023-05-15_neubiberg_rain,43,bridge,100-150,5615
2023-05-15_neubiberg_rain,43,bridge,150-400,512
2023-05-15_neubiberg_rain,43,bridge,>=400,0
2023-05-15_neubiberg_rain,44,tunnel,0-50,0
2023-05-15_neubiberg_rain,44,tunnel,50-100,0
2023-05-15_neubiberg_rain,44,tunnel,100-150,0
2023-05-15_neubiberg_rain,44,tunnel,150-400,0
2023-05-15_neubiberg_rain,44,tunnel,>=400,0
2023-05-15_neubiberg_rain,45,pole,0-50,84576
2023-05-15_neubiberg_rain,45,pole,50-100,5572
2023-05-15_neubiberg_rain,45,pole,100-150,511
2023-05-15_neubiberg_rain,45,pole,150-400,56
2023-05-15_neubiberg_rain,45,pole,>=400,0
2023-05-15_neubiberg_rain,46,traffic_sign,0-50,90633
2023-05-15_neubiberg_rain,46,traffic_sign,50-100,4164
2023-05-15_neubiberg_rain,46,traffic_sign,100-150,585
2023-05-15_neubiberg_rain,46,traffic_sign,150-400,170
2023-05-15_neubiberg_rain,46,traffic_sign,>=400,0
2023-05-15_neubiberg_rain,47,misc_sign,0-50,99652
2023-05-15_neubiberg_rain,47,misc_sign,50-100,10580
2023-05-15_neubiberg_rain,47,misc_sign,100-150,813
2023-05-15_neubiberg_rain,47,misc_sign,150-400,175
2023-05-15_neubiberg_rain,47,misc_sign,>=400,0
2023-05-15_neubiberg_rain,48,barrier_tape,0-50,2222
2023-05-15_neubiberg_rain,48,barrier_tape,50-100,0
2023-05-15_neubiberg_rain,48,barrier_tape,100-150,0
2023-05-15_neubiberg_rain,48,barrier_tape,150-400,0
2023-05-15_neubiberg_rain,48,barrier_tape,>=400,0
2023-05-15_neubiberg_rain,49,kick_scooter,0-50,888
2023-05-15_neubiberg_rain,49,kick_scooter,50-100,35
2023-05-15_neubiberg_rain,49,kick_scooter,100-150,0
2023-05-15_neubiberg_rain,49,kick_scooter,150-400,0
2023-05-15_neubiberg_rain,49,kick_scooter,>=400,0
2023-05-15_neubiberg_rain,50,low_grass,0-50,1177899
2023-05-15_neubiberg_rain,50,low_grass,50-100,173398
2023-05-15_neubiberg_rain,50,low_grass,100-150,22050
2023-05-15_neubiberg_rain,50,low_grass,150-400,5421
2023-05-15_neubiberg_rain,50,low_grass,>=400,0
2023-05-15_neubiberg_rain,51,high_grass,0-50,523453
2023-05-15_neubiberg_rain,51,high_grass,50-100,36953
2023-05-15_neubiberg_rain,51,high_grass,100-150,8013
2023-05-15_neubiberg_rain,51,high_grass,150-400,647
2023-05-15_neubiberg_rain,51,high_grass,>=400,0
2023-05-15_neubiberg_rain,52,scenery_vegetation,0-50,0
2023-05-15_neubiberg_rain,52,scenery_vegetation,50-100,0
2023-05-15_neubiberg_rain,52,scenery_vegetation,100-150,0
2023-05-15_neubiberg_rain,52,scenery_vegetation,150-400,0
2023-05-15_neubiberg_rain,52,scenery_vegetation,>=400,0
2023-05-15_neubiberg_rain,53,sky,0-50,0
2023-05-15_neubiberg_rain,53,sky,50-100,0
2023-05-15_neubiberg_rain,53,sky,100-150,0
2023-05-15_neubiberg_rain,53,sky,150-400,0
2023-05-15_neubiberg_rain,53,sky,>=400,0
2023-05-15_neubiberg_rain,54,water,0-50,2097
2023-05-15_neubiberg_rain,54,water,50-100,0
2023-05-15_neubiberg_rain,54,water,100-150,0
2023-05-15_neubiberg_rain,54,water,150-400,0
2023-05-15_neubiberg_rain,54,water,>=400,0
2023-05-15_neubiberg_rain,55,wire,0-50,723
2023-05-15_neubiberg_rain,55,wire,50-100,325
2023-05-15_neubiberg_rain,55,wire,100-150,17
2023-05-15_neubiberg_rain,55,wire,150-400,0
2023-05-15_neubiberg_rain,55,wire,>=400,0
2023-05-15_neubiberg_rain,56,outlier,0-50,0
2023-05-15_neubiberg_rain,56,outlier,50-100,0
2023-05-15_neubiberg_rain,56,outlier,100-150,0
2023-05-15_neubiberg_rain,56,outlier,150-400,0
2023-05-15_neubiberg_rain,56,outlier,>=400,0
2023-05-15_neubiberg_rain,57,heavy_machinery,0-50,4445
2023-05-15_neubiberg_rain,57,heavy_machinery,50-100,597
2023-05-15_neubiberg_rain,57,heavy_machinery,100-150,25
2023-05-15_neubiberg_rain,57,heavy_machinery,150-400,16
2023-05-15_neubiberg_rain,57,heavy_machinery,>=400,0
2023-05-15_neubiberg_rain,58,container,0-50,7767
2023-05-15_neubiberg_rain,58,container,50-100,2553
2023-05-15_neubiberg_rain,58,container,100-150,210
2023-05-15_neubiberg_rain,58,container,150-400,0
2023-05-15_neubiberg_rain,58,container,>=400,0
2023-05-15_neubiberg_rain,59,hedge,0-50,346102
2023-05-15_neubiberg_rain,59,hedge,50-100,21697
2023-05-15_neubiberg_rain,59,hedge,100-150,6270
2023-05-15_neubiberg_rain,59,hedge,150-400,1249
2023-05-15_neubiberg_rain,59,hedge,>=400,0
2023-05-15_neubiberg_rain,60,barrel,0-50,0
2023-05-15_neubiberg_rain,60,barrel,50-100,0
2023-05-15_neubiberg_rain,60,barrel,100-150,0
2023-05-15_neubiberg_rain,60,barrel,150-400,0
2023-05-15_neubiberg_rain,60,barrel,>=400,0
2023-05-15_neubiberg_rain,61,pipe,0-50,0
2023-05-15_neubiberg_rain,61,pipe,50-100,0
2023-05-15_neubiberg_rain,61,pipe,100-150,0
2023-05-15_neubiberg_rain,61,pipe,150-400,0
2023-05-15_neubiberg_rain,61,pipe,>=400,0
2023-05-15_neubiberg_rain,62,tree_root,0-50,0
2023-05-15_neubiberg_rain,62,tree_root,50-100,0
2023-05-15_neubiberg_rain,62,tree_root,100-150,0
2023-05-15_neubiberg_rain,62,tree_root,150-400,0
2023-05-15_neubiberg_rain,62,tree_root,>=400,0
2023-05-15_neubiberg_rain,63,military_vehicle,0-50,0
2023-05-15_neubiberg_rain,63,military_vehicle,50-100,0
2023-05-15_neubiberg_rain,63,military_vehicle,100-150,0
2023-05-15_neubiberg_rain,63,military_vehicle,150-400,0
2023-05-15_neubiberg_rain,63,military_vehicle,>=400,0
2023-05-17_neubiberg_sunny,0,undefined,0-50,7411
2023-05-17_neubiberg_sunny,0,undefined,50-100,591
2023-05-17_neubiberg_sunny,0,undefined,100-150,281
2023-05-17_neubiberg_sunny,0,undefined,150-400,260
2023-05-17_neubiberg_sunny,0,undefined,>=400,0
2023-05-17_neubiberg_sunny,1,traffic_cone,0-50,0
2023-05-17_neubiberg_sunny,1,traffic_cone,50-100,0
2023-05-17_neubiberg_sunny,1,traffic_cone,100-150,0
2023-05-17_neubiberg_sunny,1,traffic_cone,150-400,0
2023-05-17_neubiberg_sunny,1,traffic_cone,>=400,0
2023-05-17_neubiberg_sunny,2,snow,0-50,0
2023-05-17_neubiberg_sunny,2,snow,50-100,0
2023-05-17_neubiberg_sunny,2,snow,100-150,0
2023-05-17_neubiberg_sunny,2,snow,150-400,0
2023-05-17_neubiberg_sunny,2,snow,>=400,0
2023-05-17_neubiberg_sunny,3,cobble,0-50,40307
2023-05-17_neubiberg_sunny,3,cobble,50-100,376
2023-05-17_neubiberg_sunny,3,cobble,100-150,0
2023-05-17_neubiberg_sunny,3,cobble,150-400,0
2023-05-17_neubiberg_sunny,3,cobble,>=400,0
2023-05-17_neubiberg_sunny,4,obstacle,0-50,99831
2023-05-17_neubiberg_sunny,4,obstacle,50-100,6806
2023-05-17_neubiberg_sunny,4,obstacle,100-150,785
2023-05-17_neubiberg_sunny,4,obstacle,150-400,302
2023-05-17_neubiberg_sunny,4,obstacle,>=400,0
2023-05-17_neubiberg_sunny,5,leaves,0-50,0
2023-05-17_neubiberg_sunny,5,leaves,50-100,0
2023-05-17_neubiberg_sunny,5,leaves,100-150,0
2023-05-17_neubiberg_sunny,5,leaves,150-400,0
2023-05-17_neubiberg_sunny,5,leaves,>=400,0
2023-05-17_neubiberg_sunny,6,street_light,0-50,29853
2023-05-17_neubiberg_sunny,6,street_light,50-100,894
2023-05-17_neubiberg_sunny,6,street_light,100-150,142
2023-05-17_neubiberg_sunny,6,street_light,150-400,11
2023-05-17_neubiberg_sunny,6,street_light,>=400,0
2023-05-17_neubiberg_sunny,7,bikeway,0-50,0
2023-05-17_neubiberg_sunny,7,bikeway,50-100,0
2023-05-17_neubiberg_sunny,7,bikeway,100-150,0
2023-05-17_neubiberg_sunny,7,bikeway,150-400,0
2023-05-17_neubiberg_sunny,7,bikeway,>=400,0
2023-05-17_neubiberg_sunny,8,ego_vehicle,0-50,18476
2023-05-17_neubiberg_sunny,8,ego_vehicle,50-100,0
2023-05-17_neubiberg_sunny,8,ego_vehicle,100-150,0
2023-05-17_neubiberg_sunny,8,ego_vehicle,150-400,0
2023-05-17_neubiberg_sunny,8,ego_vehicle,>=400,0
2023-05-17_neubiberg_sunny,9,pedestrian_crossing,0-50,0
2023-05-17_neubiberg_sunny,9,pedestrian_crossing,50-100,0
2023-05-17_neubiberg_sunny,9,pedestrian_crossing,100-150,0
2023-05-17_neubiberg_sunny,9,pedestrian_crossing,150-400,0
2023-05-17_neubiberg_sunny,9,pedestrian_crossing,>=400,0
2023-05-17_neubiberg_sunny,10,road_block,0-50,2827
2023-05-17_neubiberg_sunny,10,road_block,50-100,0
2023-05-17_neubiberg_sunny,10,road_block,100-150,32
2023-05-17_neubiberg_sunny,10,road_block,150-400,12
2023-05-17_neubiberg_sunny,10,road_block,>=400,0
2023-05-17_neubiberg_sunny,11,road_marking,0-50,26499
2023-05-17_neubiberg_sunny,11,road_marking,50-100,1020
2023-05-17_neubiberg_sunny,11,road_marking,100-150,39
2023-05-17_neubiberg_sunny,11,road_marking,150-400,0
2023-05-17_neubiberg_sunny,11,road_marking,>=400,0
2023-05-17_neubiberg_sunny,12,car,0-50,341291
2023-05-17_neubiberg_sunny,12,car,50-100,16162
2023-05-17_neubiberg_sunny,12,car,100-150,2146
2023-05-17_neubiberg_sunny,12,car,150-400,425
2023-05-17_neubiberg_sunny,12,car,>=400,0
2023-05-17_neubiberg_sunny,13,bicycle,0-50,5939
2023-05-17_neubiberg_sunny,13,bicycle,50-100,203
2023-05-17_neubiberg_sunny,13,bicycle,100-150,46
2023-05-17_neubiberg_sunny,13,bicycle,150-400,0
2023-05-17_neubiberg_sunny,13,bicycle,>=400,0
2023-05-17_neubiberg_sunny,14,person,0-50,11997
2023-05-17_neubiberg_sunny,14,person,50-100,486
2023-05-17_neubiberg_sunny,14,person,100-150,60
2023-05-17_neubiberg_sunny,14,person,150-400,2
2023-05-17_neubiberg_sunny,14,person,>=400,0
2023-05-17_neubiberg_sunny,15,bus,0-50,1638
2023-05-17_neubiberg_sunny,15,bus,50-100,643
2023-05-17_neubiberg_sunny,15,bus,100-150,191
2023-05-17_neubiberg_sunny,15,bus,150-400,103
2023-05-17_neubiberg_sunny,15,bus,>=400,0
2023-05-17_neubiberg_sunny,16,forest,0-50,1439174
2023-05-17_neubiberg_sunny,16,forest,50-100,191793
2023-05-17_neubiberg_sunny,16,forest,100-150,57372
2023-05-17_neubiberg_sunny,16,forest,150-400,33299
2023-05-17_neubiberg_sunny,16,forest,>=400,0
2023-05-17_neubiberg_sunny,17,bush,0-50,1484506
2023-05-17_neubiberg_sunny,17,bush,50-100,74181
2023-05-17_neubiberg_sunny,17,bush,100-150,16587
2023-05-17_neubiberg_sunny,17,bush,150-400,7278
2023-05-17_neubiberg_sunny,17,bush,>=400,0
2023-05-17_neubiberg_sunny,18,moss,0-50,0
2023-05-17_neubiberg_sunny,18,moss,50-100,0
2023-05-17_neubiberg_sunny,18,moss,100-150,0
2023-05-17_neubiberg_sunny,18,moss,150-400,0
2023-05-17_neubiberg_sunny,18,moss,>=400,0
2023-05-17_neubiberg_sunny,19,traffic_light,0-50,9332
2023-05-17_neubiberg_sunny,19,traffic_light,50-100,433
2023-05-17_neubiberg_sunny,19,traffic_light,100-150,136
2023-05-17_neubiberg_sunny,19,traffic_light,150-400,0
2023-05-17_neubiberg_sunny,19,traffic_light,>=400,0
2023-05-17_neubiberg_sunny,20,motorcycle,0-50,0
2023-05-17_neubiberg_sunny,20,motorcycle,50-100,0
2023-05-17_neubiberg_sunny,20,motorcycle,100-150,0
2023-05-17_neubiberg_sunny,20,motorcycle,150-400,0
2023-05-17_neubiberg_sunny,20,motorcycle,>=400,0
2023-05-17_neubiberg_sunny,21,sidewalk,0-50,325889
2023-05-17_neubiberg_sunny,21,sidewalk,50-100,9481
2023-05-17_neubiberg_sunny,21,sidewalk,100-150,451
2023-05-17_neubiberg_sunny,21,sidewalk,150-400,9
2023-05-17_neubiberg_sunny,21,sidewalk,>=400,0
2023-05-17_neubiberg_sunny,22,curb,0-50,49218
2023-05-17_neubiberg_sunny,22,curb,50-100,1561
2023-05-17_neubiberg_sunny,22,curb,100-150,57
2023-05-17_neubiberg_sunny,22,curb,150-400,0
2023-05-17_neubiberg_sunny,22,curb,>=400,0
2023-05-17_neubiberg_sunny,23,asphalt,0-50,792455
2023-05-17_neubiberg_sunny,23,asphalt,50-100,30701
2023-05-17_neubiberg_sunny,23,asphalt,100-150,2909
2023-05-17_neubiberg_sunny,23,asphalt,150-400,272
2023-05-17_neubiberg_sunny,23,asphalt,>=400,0
2023-05-17_neubiberg_sunny,24,gravel,0-50,13811
2023-05-17_neubiberg_sunny,24,gravel,50-100,1738
2023-05-17_neubiberg_sunny,24,gravel,100-150,425
2023-05-17_neubiberg_sunny,24,gravel,150-400,2
2023-05-17_neubiberg_sunny,24,gravel,>=400,0
2023-05-17_neubiberg_sunny,25,boom_barrier,0-50,1300
2023-05-17_neubiberg_sunny,25,boom_barrier,50-100,0
2023-05-17_neubiberg_sunny,25,boom_barrier,100-150,0
2023-05-17_neubiberg_sunny,25,boom_barrier,150-400,0
2023-05-17_neubiberg_sunny,25,boom_barrier,>=400,0
2023-05-17_neubiberg_sunny,26,rail_track,0-50,0
2023-05-17_neubiberg_sunny,26,rail_track,50-100,0
2023-05-17_neubiberg_sunny,26,rail_track,100-150,0
2023-05-17_neubiberg_sunny,26,rail_track,150-400,0
2023-05-17_neubiberg_sunny,26,rail_track,>=400,0
2023-05-17_neubiberg_sunny,27,tree_crown,0-50,793152
2023-05-17_neubiberg_sunny,27,tree_crown,50-100,165521
2023-05-17_neubiberg_sunny,27,tree_crown,100-150,53019
2023-05-17_neubiberg_sunny,27,tree_crown,150-400,17477
2023-05-17_neubiberg_sunny,27,tree_crown,>=400,0
2023-05-17_neubiberg_sunny,28,tree_trunk,0-50,289076
2023-05-17_neubiberg_sunny,28,tree_trunk,50-100,22145
2023-05-17_neubiberg_sunny,28,tree_trunk,100-150,5153
2023-05-17_neubiberg_sunny,28,tree_trunk,150-400,1254
2023-05-17_neubiberg_sunny,28,tree_trunk,>=400,0
2023-05-17_neubiberg_sunny,29,debris,0-50,108
2023-05-17_neubiberg_sunny,29,debris,50-100,0
2023-05-17_neubiberg_sunny,29,debris,100-150,0
2023-05-17_neubiberg_sunny,29,debris,150-400,0
2023-05-17_neubiberg_sunny,29,debris,>=400,0
2023-05-17_neubiberg_sunny,30,crops,0-50,535767
2023-05-17_neubiberg_sunny,30,crops,50-100,136214
2023-05-17_neubiberg_sunny,30,crops,100-150,38152
2023-05-17_neubiberg_sunny,30,crops,150-400,10608
2023-05-17_neubiberg_sunny,30,crops,>=400,0
2023-05-17_neubiberg_sunny,31,soil,0-50,15090
2023-05-17_neubiberg_sunny,31,soil,50-100,1282
2023-05-17_neubiberg_sunny,31,soil,100-150,169
2023-05-17_neubiberg_sunny,31,soil,150-400,76
2023-05-17_neubiberg_sunny,31,soil,>=400,0
2023-05-17_neubiberg_sunny,32,rider,0-50,3873
2023-05-17_neubiberg_sunny,32,rider,50-100,87
2023-05-17_neubiberg_sunny,32,rider,100-150,13
2023-05-17_neubiberg_sunny,32,rider,150-400,0
2023-05-17_neubiberg_sunny,32,rider,>=400,0
2023-05-17_neubiberg_sunny,33,animal,0-50,0
2023-05-17_neubiberg_sunny,33,animal,50-100,0
2023-05-17_neubiberg_sunny,33,animal,100-150,0
2023-05-17_neubiberg_sunny,33,animal,150-400,0
2023-05-17_neubiberg_sunny,33,animal,>=400,0
2023-05-17_neubiberg_sunny,34,truck,0-50,8937
2023-05-17_neubiberg_sunny,34,truck,50-100,144
2023-05-17_neubiberg_sunny,34,truck,100-150,149
2023-05-17_neubiberg_sunny,34,truck,150-400,2
2023-05-17_neubiberg_sunny,34,truck,>=400,0
2023-05-17_neubiberg_sunny,35,on_rails,0-50,0
2023-05-17_neubiberg_sunny,35,on_rails,50-100,0
2023-05-17_neubiberg_sunny,35,on_rails,100-150,0
2023-05-17_neubiberg_sunny,35,on_rails,150-400,0
2023-05-17_neubiberg_sunny,35,on_rails,>=400,0
2023-05-17_neubiberg_sunny,36,caravan,0-50,7861
2023-05-17_neubiberg_sunny,36,caravan,50-100,584
2023-05-17_neubiberg_sunny,36,caravan,100-150,587
2023-05-17_neubiberg_sunny,36,caravan,150-400,138
2023-05-17_neubiberg_sunny,36,caravan,>=400,0
2023-05-17_neubiberg_sunny,37,trailer,0-50,21865
2023-05-17_neubiberg_sunny,37,trailer,50-100,629
2023-05-17_neubiberg_sunny,37,trailer,100-150,78
2023-05-17_neubiberg_sunny,37,trailer,150-400,0
2023-05-17_neubiberg_sunny,37,trailer,>=400,0
2023-05-17_neubiberg_sunny,38,building,0-50,1278526
2023-05-17_neubiberg_sunny,38,building,50-100,222315
2023-05-17_neubiberg_sunny,38,building,100-150,39319
2023-05-17_neubiberg_sunny,38,building,150-400,13660
2023-05-17_neubiberg_sunny,38,building,>=400,0
2023-05-17_neubiberg_sunny,39,wall,0-50,102705
2023-05-17_neubiberg_sunny,39,wall,50-100,513
2023-05-17_neubiberg_sunny,39,wall,100-150,163
2023-05-17_neubiberg_sunny,39,wall,150-400,0
2023-05-17_neubiberg_sunny,39,wall,>=400,0
2023-05-17_neubiberg_sunny,40,rock,0-50,9186
2023-05-17_neubiberg_sunny,40,rock,50-100,768
2023-05-17_neubiberg_sunny,40,rock,100-150,36
2023-05-17_neubiberg_sunny,40,rock,150-400,0
2023-05-17_neubiberg_sunny,40,rock,>=400,0
2023-05-17_neubiberg_sunny,41,fence,0-50,282847
2023-05-17_neubiberg_sunny,41,fence,50-100,12950
2023-05-17_neubiberg_sunny,41,fence,100-150,1809
2023-05-17_neubiberg_sunny,41,fence,150-400,647
2023-05-17_neubiberg_sunny,41,fence,>=400,0
2023-05-17_neubiberg_sunny,42,guard_rail,0-50,19561
2023-05-17_neubiberg_sunny,42,guard_rail,50-100,1161
2023-05-17_neubiberg_sunny,42,guard_rail,100-150,58
2023-05-17_neubiberg_sunny,42,guard_rail,150-400,39
2023-05-17_neubiberg_sunny,42,guard_rail,>=400,0
2023-05-17_neubiberg_sunny,43,bridge,0-50,0
2023-05-17_neubiberg_sunny,43,bridge,50-100,0
2023-05-17_neubiberg_sunny,43,bridge,100-150,0
2023-05-17_neubiberg_sunny,43,bridge,150-400,0
2023-05-17_neubiberg_sunny,43,bridge,>=400,0
2023-05-17_neubiberg_sunny,44,tunnel,0-50,0
2023-05-17_neubiberg_sunny,44,tunnel,50-100,0
2023-05-17_neubiberg_sunny,44,tunnel,100-150,0
2023-05-17_neubiberg_sunny,44,tunnel,150-400,0
2023-05-17_neubiberg_sunny,44,tunnel,>=400,0
2023-05-17_neubiberg_sunny,45,pole,0-50,51247
2023-05-17_neubiberg_sunny,45,pole,50-100,1650
2023-05-17_neubiberg_sunny,45,pole,100-150,392
2023-05-17_neubiberg_sunny,45,pole,150-400,44
2023-05-17_neubiberg_sunny,45,pole,>=400,0
2023-05-17_neubiberg_sunny,46,traffic_sign,0-50,69352
2023-05-17_neubiberg_sunny,46,traffic_sign,50-100,2144
2023-05-17_neubiberg_sunny,46,traffic_sign,100-150,539
2023-05-17_neubiberg_sunny,46,traffic_sign,150-400,44
2023-05-17_neubiberg_sunny,46,traffic_sign,>=400,0
2023-05-17_neubiberg_sunny,47,misc_sign,0-50,120983
2023-05-17_neubiberg_sunny,47,misc_sign,50-100,4635
2023-05-17_neubiberg_sunny,47,misc_sign,100-150,806
2023-05-17_neubiberg_sunny,47,misc_sign,150-400,149
2023-05-17_neubiberg_sunny,47,misc_sign,>=400,0
2023-05-17_neubiberg_sunny,48,barrier_tape,0-50,2
2023-05-17_neubiberg_sunny,48,barrier_tape,50-100,12
2023-05-17_neubiberg_sunny,48,barrier_tape,100-150,32
2023-05-17_neubiberg_sunny,48,barrier_tape,150-400,12
2023-05-17_neubiberg_sunny,48,barrier_tape,>=400,0
2023-05-17_neubiberg_sunny,49,kick_scooter,0-50,24
2023-05-17_neubiberg_sunny,49,kick_scooter,50-100,0
2023-05-17_neubiberg_sunny,49,kick_scooter,100-150,0
2023-05-17_neubiberg_sunny,49,kick_scooter,150-400,0
2023-05-17_neubiberg_sunny,49,kick_scooter,>=400,0
2023-05-17_neubiberg_sunny,50,low_grass,0-50,323324
2023-05-17_neubiberg_sunny,50,low_grass,50-100,25670
2023-05-17_neubiberg_sunny,50,low_grass,100-150,4434
2023-05-17_neubiberg_sunny,50,low_grass,150-400,1096
2023-05-17_neubiberg_sunny,50,low_grass,>=400,0
2023-05-17_neubiberg_sunny,51,high_grass,0-50,379604
2023-05-17_neubiberg_sunny,51,high_grass,50-100,20566
2023-05-17_neubiberg_sunny,51,high_grass,100-150,5094
2023-05-17_neubiberg_sunny,51,high_grass,150-400,926
2023-05-17_neubiberg_sunny,51,high_grass,>=400,0
2023-05-17_neubiberg_sunny,52,scenery_vegetation,0-50,0
2023-05-17_neubiberg_sunny,52,scenery_vegetation,50-100,0
2023-05-17_neubiberg_sunny,52,scenery_vegetation,100-150,0
2023-05-17_neubiberg_sunny,52,scenery_vegetation,150-400,0
2023-05-17_neubiberg_sunny,52,scenery_vegetation,>=400,0
2023-05-17_neubiberg_sunny,53,sky,0-50,0
2023-05-17_neubiberg_sunny,53,sky,50-100,0
2023-05-17_neubiberg_sunny,53,sky,100-150,0
2023-05-17_neubiberg_sunny,53,sky,150-400,0
2023-05-17_neubiberg_sunny,53,sky,>=400,0
2023-05-17_neubiberg_sunny,54,water,0-50,756
2023-05-17_neubiberg_sunny,54,water,50-100,0
2023-05-17_neubiberg_sunny,54,water,100-150,0
2023-05-17_neubiberg_sunny,54,water,150-400,0
2023-05-17_neubiberg_sunny,54,water,>=400,0
2023-05-17_neubiberg_sunny,55,wire,0-50,208
2023-05-17_neubiberg_sunny,55,wire,50-100,84
2023-05-17_neubiberg_sunny,55,wire,100-150,0
2023-05-17_neubiberg_sunny,55,wire,150-400,0
2023-05-17_neubiberg_sunny,55,wire,>=400,0
2023-05-17_neubiberg_sunny,56,outlier,0-50,0
2023-05-17_neubiberg_sunny,56,outlier,50-100,0
2023-05-17_neubiberg_sunny,56,outlier,100-150,0
2023-05-17_neubiberg_sunny,56,outlier,150-400,0
2023-05-17_neubiberg_sunny,56,outlier,>=400,0
2023-05-17_neubiberg_sunny,57,heavy_machinery,0-50,2153
2023-05-17_neubiberg_sunny,57,heavy_machinery,50-100,1888
2023-05-17_neubiberg_sunny,57,heavy_machinery,100-150,18
2023-05-17_neubiberg_sunny,57,heavy_machinery,150-400,3
2023-05-17_neubiberg_sunny,57,heavy_machinery,>=400,0
2023-05-17_neubiberg_sunny,58,container,0-50,22201
2023-05-17_neubiberg_sunny,58,container,50-100,1546
2023-05-17_neubiberg_sunny,58,container,100-150,372
2023-05-17_neubiberg_sunny,58,container,150-400,0
2023-05-17_neubiberg_sunny,58,container,>=400,0
2023-05-17_neubiberg_sunny,59,hedge,0-50,821914
2023-05-17_neubiberg_sunny,59,hedge,50-100,19946
2023-05-17_neubiberg_sunny,59,hedge,100-150,2462
2023-05-17_neubiberg_sunny,59,hedge,150-400,2
2023-05-17_neubiberg_sunny,59,hedge,>=400,0
2023-05-17_neubiberg_sunny,60,barrel,0-50,0
2023-05-17_neubiberg_sunny,60,barrel,50-100,0
2023-05-17_neubiberg_sunny,60,barrel,100-150,0
2023-05-17_neubiberg_sunny,60,barrel,150-400,0
2023-05-17_neubiberg_sunny,60,barrel,>=400,0
2023-05-17_neubiberg_sunny,61,pipe,0-50,112
2023-05-17_neubiberg_sunny,61,pipe,50-100,0
2023-05-17_neubiberg_sunny,61,pipe,100-150,0
2023-05-17_neubiberg_sunny,61,pipe,150-400,0
2023-05-17_neubiberg_sunny,61,pipe,>=400,0
2023-05-17_neubiberg_sunny,62,tree_root,0-50,0
2023-05-17_neubiberg_sunny,62,tree_root,50-100,0
2023-05-17_neubiberg_sunny,62,tree_root,100-150,0
2023-05-17_neubiberg_sunny,62,tree_root,150-400,0
2023-05-17_neubiberg_sunny,62,tree_root,>=400,0
2023-05-17_neubiberg_sunny,63,military_vehicle,0-50,0
2023-05-17_neubiberg_sunny,63,military_vehicle,50-100,0
2023-05-17_neubiberg_sunny,63,military_vehicle,100-150,0
2023-05-17_neubiberg_sunny,63,military_vehicle,150-400,0
2023-05-17_neubiberg_sunny,63,military_vehicle,>=400,0
ALL,0,undefined,0-50,87393
ALL,0,undefined,50-100,11956
ALL,0,undefined,100-150,7569
ALL,0,undefined,150-400,3867
ALL,0,undefined,>=400,0
ALL,1,traffic_cone,0-50,128
ALL,1,traffic_cone,50-100,5
ALL,1,traffic_cone,100-150,0
ALL,1,traffic_cone,150-400,0
ALL,1,traffic_cone,>=400,0
ALL,2,snow,0-50,7172542
ALL,2,snow,50-100,505510
ALL,2,snow,100-150,77850
ALL,2,snow,150-400,17948
ALL,2,snow,>=400,0
ALL,3,cobble,0-50,268015
ALL,3,cobble,50-100,4739
ALL,3,cobble,100-150,239
ALL,3,cobble,150-400,19
ALL,3,cobble,>=400,0
ALL,4,obstacle,0-50,733105
ALL,4,obstacle,50-100,63885
ALL,4,obstacle,100-150,12801
ALL,4,obstacle,150-400,3696
ALL,4,obstacle,>=400,0
ALL,5,leaves,0-50,395197
ALL,5,leaves,50-100,1474
ALL,5,leaves,100-150,319
ALL,5,leaves,150-400,144
ALL,5,leaves,>=400,0
ALL,6,street_light,0-50,123956
ALL,6,street_light,50-100,9736
ALL,6,street_light,100-150,1062
ALL,6,street_light,150-400,194
ALL,6,street_light,>=400,0
ALL,7,bikeway,0-50,2404
ALL,7,bikeway,50-100,337
ALL,7,bikeway,100-150,0
ALL,7,bikeway,150-400,0
ALL,7,bikeway,>=400,0
ALL,8,ego_vehicle,0-50,318016
ALL,8,ego_vehicle,50-100,0
ALL,8,ego_vehicle,100-150,0
ALL,8,ego_vehicle,150-400,0
ALL,8,ego_vehicle,>=400,0
ALL,9,pedestrian_crossing,0-50,859
ALL,9,pedestrian_crossing,50-100,3
ALL,9,pedestrian_crossing,100-150,0
ALL,9,pedestrian_crossing,150-400,0
ALL,9,pedestrian_crossing,>=400,0
ALL,10,road_block,0-50,5871
ALL,10,road_block,50-100,154
ALL,10,road_block,100-150,60
ALL,10,road_block,150-400,36
ALL,10,road_block,>=400,0
ALL,11,road_marking,0-50,98289
ALL,11,road_marking,50-100,4965
ALL,11,road_marking,100-150,138
ALL,11,road_marking,150-400,1
ALL,11,road_marking,>=400,0
ALL,12,car,0-50,1565908
ALL,12,car,50-100,71249
ALL,12,car,100-150,8926
ALL,12,car,150-400,2028
ALL,12,car,>=400,0
ALL,13,bicycle,0-50,39519
ALL,13,bicycle,50-100,2330
ALL,13,bicycle,100-150,88
ALL,13,bicycle,150-400,0
ALL,13,bicycle,>=400,0
ALL,14,person,0-50,40428
ALL,14,person,50-100,3471
ALL,14,person,100-150,294
ALL,14,person,150-400,4
ALL,14,person,>=400,0
ALL,15,bus,0-50,33174
ALL,15,bus,50-100,2733
ALL,15,bus,100-150,874
ALL,15,bus,150-400,110
ALL,15,bus,>=400,0
ALL,16,forest,0-50,33991841
ALL,16,forest,50-100,5617194
ALL,16,forest,100-150,2009213
ALL,16,forest,150-400,1003295
ALL,16,forest,>=400,0
ALL,17,bush,0-50,11361886
ALL,17,bush,50-100,1188822
ALL,17,bush,100-150,421440
ALL,17,bush,150-400,178971
ALL,17,bush,>=400,0
ALL,18,moss,0-50,8271
ALL,18,moss,50-100,0
ALL,18,moss,100-150,0
ALL,18,moss,150-400,0
ALL,18,moss,>=400,0
ALL,19,traffic_light,0-50,29391
ALL,19,traffic_light,50-100,1735
ALL,19,traffic_light,100-150,273
ALL,19,traffic_light,150-400,6
ALL,19,traffic_light,>=400,0
ALL,20,motorcycle,0-50,10280
ALL,20,motorcycle,50-100,357
ALL,20,motorcycle,100-150,17
ALL,20,motorcycle,150-400,5
ALL,20,motorcycle,>=400,0
ALL,21,sidewalk,0-50,818649
ALL,21,sidewalk,50-100,36247
ALL,21,sidewalk,100-150,1753
ALL,21,sidewalk,150-400,121
ALL,21,sidewalk,>=400,0
ALL,22,curb,0-50,236169
ALL,22,curb,50-100,11902
ALL,22,curb,100-150,415
ALL,22,curb,150-400,8
ALL,22,curb,>=400,0
ALL,23,asphalt,0-50,5180239
ALL,23,asphalt,50-100,234315
ALL,23,asphalt,100-150,13703
ALL,23,asphalt,150-400,1099
ALL,23,asphalt,>=400,0
ALL,24,gravel,0-50,2039034
ALL,24,gravel,50-100,88932
ALL,24,gravel,100-150,7511
ALL,24,gravel,150-400,580
ALL,24,gravel,>=400,0
ALL,25,boom_barrier,0-50,4401
ALL,25,boom_barrier,50-100,472
ALL,25,boom_barrier,100-150,3
ALL,25,boom_barrier,150-400,0
ALL,25,boom_barrier,>=400,0
ALL,26,rail_track,0-50,5623
ALL,26,rail_track,50-100,271
ALL,26,rail_track,100-150,27
ALL,26,rail_track,150-400,6
ALL,26,rail_track,>=400,0
ALL,27,tree_crown,0-50,10313311
ALL,27,tree_crown,50-100,1628595
ALL,27,tree_crown,100-150,359012
ALL,27,tree_crown,150-400,96994
ALL,27,tree_crown,>=400,0
ALL,28,tree_trunk,0-50,10106309
ALL,28,tree_trunk,50-100,1039995
ALL,28,tree_trunk,100-150,126828
ALL,28,tree_trunk,150-400,24197
ALL,28,tree_trunk,>=400,0
ALL,29,debris,0-50,262794
ALL,29,debris,50-100,8800
ALL,29,debris,100-150,2146
ALL,29,debris,150-400,1847
ALL,29,debris,>=400,0
ALL,30,crops,0-50,3317885
ALL,30,crops,50-100,333690
ALL,30,crops,100-150,132811
ALL,30,crops,150-400,55028
ALL,30,crops,>=400,0
ALL,31,soil,0-50,2767832
ALL,31,soil,50-100,363533
ALL,31,soil,100-150,105941
ALL,31,soil,150-400,31992
ALL,31,soil,>=400,0
ALL,32,rider,0-50,7794
ALL,32,rider,50-100,465
ALL,32,rider,100-150,27
ALL,32,rider,150-400,0
ALL,32,rider,>=400,0
ALL,33,animal,0-50,934
ALL,33,animal,50-100,227
ALL,33,animal,100-150,17
ALL,33,animal,150-400,2
ALL,33,animal,>=400,0
ALL,34,truck,0-50,14002
ALL,34,truck,50-100,3132
ALL,34,truck,100-150,2329
ALL,34,truck,150-400,268
ALL,34,truck,>=400,0
ALL,35,on_rails,0-50,26
ALL,35,on_rails,50-100,1319
ALL,35,on_rails,100-150,168
ALL,35,on_rails,150-400,227
ALL,35,on_rails,>=400,0
ALL,36,caravan,0-50,229893
ALL,36,caravan,50-100,7241
ALL,36,caravan,100-150,2663
ALL,36,caravan,150-400,459
ALL,36,caravan,>=400,0
ALL,37,trailer,0-50,137063
ALL,37,trailer,50-100,6153
ALL,37,trailer,100-150,1177
ALL,37,trailer,150-400,169
ALL,37,trailer,>=400,0
ALL,38,building,0-50,7379901
ALL,38,building,50-100,1325225
ALL,38,building,100-150,318220
ALL,38,building,150-400,143589
ALL,38,building,>=400,0
ALL,39,wall,0-50,529819
ALL,39,wall,50-100,17377
ALL,39,wall,100-150,2108
ALL,39,wall,150-400,390
ALL,39,wall,>=400,0
ALL,40,rock,0-50,433753
ALL,40,rock,50-100,3872
ALL,40,rock,100-150,109
ALL,40,rock,150-400,0
ALL,40,rock,>=400,0
ALL,41,fence,0-50,3033053
ALL,41,fence,50-100,126219
ALL,41,fence,100-150,19077
ALL,41,fence,150-400,4105
ALL,41,fence,>=400,0
ALL,42,guard_rail,0-50,106864
ALL,42,guard_rail,50-100,4561
ALL,42,guard_rail,100-150,294
ALL,42,guard_rail,150-400,771
ALL,42,guard_rail,>=400,0
ALL,43,bridge,0-50,249293
ALL,43,bridge,50-100,52540
ALL,43,bridge,100-150,7767
ALL,43,bridge,150-400,1302
ALL,43,bridge,>=400,0
ALL,44,tunnel,0-50,0
ALL,44,tunnel,50-100,0
ALL,44,tunnel,100-150,0
ALL,44,tunnel,150-400,0
ALL,44,tunnel,>=400,0
ALL,45,pole,0-50,357100
ALL,45,pole,50-100,20208
ALL,45,pole,100-150,3388
ALL,45,pole,150-400,842
ALL,45,pole,>=400,0
ALL,46,traffic_sign,0-50,282887
ALL,46,traffic_sign,50-100,7996
ALL,46,traffic_sign,100-150,1425
ALL,46,traffic_sign,150-400,264
ALL,46,traffic_sign,>=400,0
ALL,47,misc_sign,0-50,464688
ALL,47,misc_sign,50-100,20524
ALL,47,misc_sign,100-150,2687
ALL,47,misc_sign,150-400,517
ALL,47,misc_sign,>=400,0
ALL,48,barrier_tape,0-50,2634
ALL,48,barrier_tape,50-100,12
ALL,48,barrier_tape,100-150,32
ALL,48,barrier_tape,150-400,12
ALL,48,barrier_tape,>=400,0
ALL,49,kick_scooter,0-50,912
ALL,49,kick_scooter,50-100,35
ALL,49,kick_scooter,100-150,0
ALL,49,kick_scooter,150-400,0
ALL,49,kick_scooter,>=400,0
ALL,50,low_grass,0-50,23267539
ALL,50,low_grass,50-100,3205587
ALL,50,low_grass,100-150,734774
ALL,50,low_grass,150-400,223313
ALL,50,low_grass,>=400,0
ALL,51,high_grass,0-50,13731697
ALL,51,high_grass,50-100,701173
ALL,51,high_grass,100-150,127700
ALL,51,high_grass,150-400,35562
ALL,51,high_grass,>=400,0
ALL,52,scenery_vegetation,0-50,0
ALL,52,scenery_vegetation,50-100,0
ALL,52,scenery_vegetation,100-150,0
ALL,52,scenery_vegetation,150-400,0
ALL,52,scenery_vegetation,>=400,0
ALL,53,sky,0-50,0
ALL,53,sky,50-100,0
ALL,53,sky,100-150,0
ALL,53,sky,150-400,0
ALL,53,sky,>=400,0
ALL,54,water,0-50,2922
ALL,54,water,50-100,6
ALL,54,water,100-150,8
ALL,54,water,150-400,0
ALL,54,water,>=400,0
ALL,55,wire,0-50,15293
ALL,55,wire,50-100,8790
ALL,55,wire,100-150,3883
ALL,55,wire,150-400,430
ALL,55,wire,>=400,0
ALL,56,outlier,0-50,0
ALL,56,outlier,50-100,0
ALL,56,outlier,100-150,0
ALL,56,outlier,150-400,0
ALL,56,outlier,>=400,0
ALL,57,heavy_machinery,0-50,15559
ALL,57,heavy_machinery,50-100,3265
ALL,57,heavy_machinery,100-150,457
ALL,57,heavy_machinery,150-400,140
ALL,57,heavy_machinery,>=400,0
ALL,58,container,0-50,85003
ALL,58,container,50-100,7447
ALL,58,container,100-150,1961
ALL,58,container,150-400,416
ALL,58,container,>=400,0
ALL,59,hedge,0-50,8561661
ALL,59,hedge,50-100,1173816
ALL,59,hedge,100-150,257450
ALL,59,hedge,150-400,93449
ALL,59,hedge,>=400,0
ALL,60,barrel,0-50,311
ALL,60,barrel,50-100,10
ALL,60,barrel,100-150,10
ALL,60,barrel,150-400,0
ALL,60,barrel,>=400,0
ALL,61,pipe,0-50,413
ALL,61,pipe,50-100,0
ALL,61,pipe,100-150,0
ALL,61,pipe,150-400,0
ALL,61,pipe,>=400,0
ALL,62,tree_root,0-50,0
ALL,62,tree_root,50-100,0
ALL,62,tree_root,100-150,0
ALL,62,tree_root,150-400,0
ALL,62,tree_root,>=400,0
ALL,63,military_vehicle,0-50,0
ALL,63,military_vehicle,50-100,0
ALL,63,military_vehicle,100-150,0
ALL,63,military_vehicle,150-400,0
ALL,63,military_vehicle,>=400,0
