sample_token,annotation_token,instance_token,scene,timestamp,category,range_m,azimuth_deg,margin_m,radar_points,lidar_points
72,72:0,TrafficSign:1,scene_28_6,3672075043,TrafficSign,223.71035875678777,174.7310425280208,0.0,0,3
72,72:0,TrafficSign:1,scene_28_6,3672075043,TrafficSign,223.71035875678777,174.7310425280208,0.5,0,5
72,72:2,Vehicle:11,scene_28_6,3672075043,Vehicle-SemiTruck-Cab,340.8229994266732,5.486375321228097,0.0,0,5
72,72:2,Vehicle:11,scene_28_6,3672075043,Vehicle-SemiTruck-Cab,340.8229994266732,5.486375321228097,0.5,0,5
72,72:4,Vehicle:3,scene_28_6,3672075043,Vehicle-Passenger,12.815529643938882,160.04166176174115,0.0,7,554
72,72:4,Vehicle:3,scene_28_6,3672075043,Vehicle-Passenger,12.815529643938882,160.04166176174115,0.5,9,924
72,72:5,Vehicle:35,scene_28_6,3672075043,Vehicle-Passenger,162.96415623827411,166.63547420883359,0.0,0,11
72,72:5,Vehicle:35,scene_28_6,3672075043,Vehicle-Passenger,162.96415623827411,166.63547420883359,0.5,0,27
72,72:6,Vehicle:36,scene_28_6,3672075043,Vehicle-Trailer,74.46406161517525,149.96099618414164,0.0,2,76
72,72:6,Vehicle:36,scene_28_6,3672075043,Vehicle-Trailer,74.46406161517525,149.96099618414164,0.5,7,95
72,72:7,Vehicle:37,scene_28_6,3672075043,Vehicle-RV,81.08584500827666,152.6733164444591,0.0,4,1
72,72:7,Vehicle:37,scene_28_6,3672075043,Vehicle-RV,81.08584500827666,152.6733164444591,0.5,25,2
72,72:8,Vehicle:4,scene_28_6,3672075043,Vehicle-Passenger,27.291338281592083,8.131180431736103,0.0,5,1412
72,72:8,Vehicle:4,scene_28_6,3672075043,Vehicle-Passenger,27.291338281592083,8.131180431736103,0.5,15,2465
72,72:9,Vehicle:5,scene_28_6,3672075043,Vehicle-Passenger,49.55849576032266,0.1647711108854952,0.0,10,1774
72,72:9,Vehicle:5,scene_28_6,3672075043,Vehicle-Passenger,49.55849576032266,0.1647711108854952,0.5,20,2808
72,72:10,Vehicle:6,scene_28_6,3672075043,Vehicle-SemiTruck-Trailer,68.82343521823854,3.4144268438059573,0.0,60,2733
72,72:10,Vehicle:6,scene_28_6,3672075043,Vehicle-SemiTruck-Trailer,68.82343521823854,3.4144268438059573,0.5,71,4293
72,72:11,Vehicle:7,scene_28_6,3672075043,Vehicle-SemiTruck-Cab,79.07386309856182,2.973897983458733,0.0,11,1341
72,72:11,Vehicle:7,scene_28_6,3672075043,Vehicle-SemiTruck-Cab,79.07386309856182,2.973897983458733,0.5,13,1461
72,72:12,Vehicle:8,scene_28_6,3672075043,Vehicle-Passenger,195.99622348040978,10.440559153538812,0.0,1,0
72,72:12,Vehicle:8,scene_28_6,3672075043,Vehicle-Passenger,195.99622348040978,10.440559153538812,0.5,1,0
82,82:1,Vehicle:11,scene_28_6,4172056918,Vehicle-SemiTruck-Cab,314.0898380980915,5.853197923458338,0.0,1,11
82,82:1,Vehicle:11,scene_28_6,4172056918,Vehicle-SemiTruck-Cab,314.0898380980915,5.853197923458338,0.5,2,11
82,82:3,Vehicle:3,scene_28_6,4172056918,Vehicle-Passenger,10.946046585905474,156.63683355106602,0.0,9,169
82,82:3,Vehicle:3,scene_28_6,4172056918,Vehicle-Passenger,10.946046585905474,156.63683355106602,0.5,10,381
82,82:4,Vehicle:36,scene_28_6,4172056918,Vehicle-Trailer,99.51421975805016,157.7560335075553,0.0,3,64
82,82:4,Vehicle:36,scene_28_6,4172056918,Vehicle-Trailer,99.51421975805016,157.7560335075553,0.5,7,99
82,82:5,Vehicle:37,scene_28_6,4172056918,Vehicle-RV,106.64524990446951,159.30785362747991,0.0,2,5
82,82:5,Vehicle:37,scene_28_6,4172056918,Vehicle-RV,106.64524990446951,159.30785362747991,0.5,16,5
82,82:6,Vehicle:4,scene_28_6,4172056918,Vehicle-Passenger,29.349393840197997,7.55428701533117,0.0,11,1591
82,82:6,Vehicle:4,scene_28_6,4172056918,Vehicle-Passenger,29.349393840197997,7.55428701533117,0.5,17,2634
82,82:7,Vehicle:5,scene_28_6,4172056918,Vehicle-Passenger,50.0590764861598,0.16681452577510028,0.0,11,1747
82,82:7,Vehicle:5,scene_28_6,4172056918,Vehicle-Passenger,50.0590764861598,0.16681452577510028,0.5,19,2778
82,82:8,Vehicle:6,scene_28_6,4172056918,Vehicle-SemiTruck-Trailer,70.86317361938247,3.246074112373922,0.0,55,2114
82,82:8,Vehicle:6,scene_28_6,4172056918,Vehicle-SemiTruck-Trailer,70.86317361938247,3.246074112373922,0.5,63,3595
82,82:9,Vehicle:7,scene_28_6,4172056918,Vehicle-SemiTruck-Cab,81.112819384401,2.8307337663954715,0.0,12,1231
82,82:9,Vehicle:7,scene_28_6,4172056918,Vehicle-SemiTruck-Cab,81.112819384401,2.8307337663954715,0.5,16,1344
82,82:10,Vehicle:8,scene_28_6,4172056918,Vehicle-Passenger,165.82623428899686,12.447314764546531,0.0,3,5
82,82:10,Vehicle:8,scene_28_6,4172056918,Vehicle-Passenger,165.82623428899686,12.447314764546531,0.5,4,12
82,82:11,Vehicle:9,scene_28_6,4172056918,Vehicle-SemiTruck-Cab,254.2479486873591,8.034811024094607,0.0,0,6
82,82:11,Vehicle:9,scene_28_6,4172056918,Vehicle-SemiTruck-Cab,254.2479486873591,8.034811024094607,0.5,0,6
82,82:12,Vehicle:27,scene_28_6,4172056918,Vehicle,225.74586315512977,179.37795104913772,0.0,0,0
82,82:12,Vehicle:27,scene_28_6,4172056918,Vehicle,225.74586315512977,179.37795104913772,0.5,1,0
92,92:1,Vehicle:11,scene_28_6,4672196043,Vehicle-SemiTruck-Cab,285.2278078816444,6.253586945008347,0.0,0,14
92,92:1,Vehicle:11,scene_28_6,4672196043,Vehicle-SemiTruck-Cab,285.2278078816444,6.253586945008347,0.5,0,14
92,92:3,Vehicle:3,scene_28_6,4672196043,Vehicle-Passenger,9.122765975540066,151.37460938464122,0.0,10,377
92,92:3,Vehicle:3,scene_28_6,4672196043,Vehicle-Passenger,9.122765975540066,151.37460938464122,0.5,11,725
92,92:4,Vehicle:36,scene_28_6,4672196043,Vehicle-Trailer,126.09110418000145,162.35087377205843,0.0,0,36
92,92:4,Vehicle:36,scene_28_6,4672196043,Vehicle-Trailer,126.09110418000145,162.35087377205843,0.5,2,49
92,92:5,Vehicle:37,scene_28_6,4672196043,Vehicle-RV,133.66667790333872,163.36828118584972,0.0,1,9
92,92:5,Vehicle:37,scene_28_6,4672196043,Vehicle-RV,133.66667790333872,163.36828118584972,0.5,6,9
92,92:6,Vehicle:4,scene_28_6,4672196043,Vehicle-Passenger,31.407107064661606,6.996533515721567,0.0,6,1937
92,92:6,Vehicle:4,scene_28_6,4672196043,Vehicle-Passenger,31.407107064661606,6.996533515721567,0.5,16,2979
92,92:7,Vehicle:5,scene_28_6,4672196043,Vehicle-Passenger,50.49210388034405,0.038341081854312176,0.0,11,1634
92,92:7,Vehicle:5,scene_28_6,4672196043,Vehicle-Passenger,50.49210388034405,0.038341081854312176,0.5,21,2743
92,92:8,Vehicle:6,scene_28_6,4672196043,Vehicle-SemiTruck-Trailer,72.84241286496231,2.9078485950609294,0.0,56,2295
92,92:8,Vehicle:6,scene_28_6,4672196043,Vehicle-SemiTruck-Trailer,72.84241286496231,2.9078485950609294,0.5,66,3395
92,92:9,Vehicle:7,scene_28_6,4672196043,Vehicle-SemiTruck-Cab,83.09204494129973,2.500178330680897,0.0,19,1095
92,92:9,Vehicle:7,scene_28_6,4672196043,Vehicle-SemiTruck-Cab,83.09204494129973,2.500178330680897,0.5,21,1189
92,92:10,Vehicle:9,scene_28_6,4672196043,Vehicle-SemiTruck-Cab,226.9859312600446,8.871712740999175,0.0,1,6
92,92:10,Vehicle:9,scene_28_6,4672196043,Vehicle-SemiTruck-Cab,226.9859312600446,8.871712740999175,0.5,2,6
92,92:11,Vehicle:12,scene_28_6,4672196043,Vehicle-SemiTruck-Trailer,294.2871219296232,6.0377681985513885,0.0,0,4
92,92:11,Vehicle:12,scene_28_6,4672196043,Vehicle-SemiTruck-Trailer,294.2871219296232,6.0377681985513885,0.5,0,8
92,92:12,Vehicle:27,scene_28_6,4672196043,Vehicle,220.8415850494432,179.28713394253313,0.0,0,0
92,92:12,Vehicle:27,scene_28_6,4672196043,Vehicle,220.8415850494432,179.28713394253313,0.5,1,0
92,92:13,Vehicle:8,scene_28_6,4672196043,Vehicle-Passenger,135.90052461496418,15.288005402967649,0.0,4,3
92,92:13,Vehicle:8,scene_28_6,4672196043,Vehicle-Passenger,135.90052461496418,15.288005402967649,0.5,5,6
102,102:1,Vehicle:11,scene_28_6,5172178443,Vehicle-SemiTruck-Cab,255.4635709177056,6.730443424717385,0.0,1,29
102,102:1,Vehicle:11,scene_28_6,5172178443,Vehicle-SemiTruck-Cab,255.4635709177056,6.730443424717385,0.5,1,41
102,102:2,Vehicle:12,scene_28_6,5172178443,Vehicle-SemiTruck-Trailer,265.45300602195437,6.443909084958049,0.0,5,41
102,102:2,Vehicle:12,scene_28_6,5172178443,Vehicle-SemiTruck-Trailer,265.45300602195437,6.443909084958049,0.5,5,44
102,102:4,Vehicle:3,scene_28_6,5172178443,Vehicle-Passenger,7.401271164297792,143.88036155781313,0.0,14,480
102,102:4,Vehicle:3,scene_28_6,5172178443,Vehicle-Passenger,7.401271164297792,143.88036155781313,0.5,15,1079
102,102:5,Vehicle:36,scene_28_6,5172178443,Vehicle-Trailer,153.51073085354014,165.2781062976106,0.0,0,50
102,102:5,Vehicle:36,scene_28_6,5172178443,Vehicle-Trailer,153.51073085354014,165.2781062976106,0.5,0,57
102,102:6,Vehicle:37,scene_28_6,5172178443,Vehicle-RV,161.29842305569787,165.98905161559028,0.0,0,13
102,102:6,Vehicle:37,scene_28_6,5172178443,Vehicle-RV,161.29842305569787,165.98905161559028,0.5,6,13
102,102:7,Vehicle:4,scene_28_6,5172178443,Vehicle-Passenger,33.49692565206966,6.404903203026651,0.0,7,1877
102,102:7,Vehicle:4,scene_28_6,5172178443,Vehicle-Passenger,33.49692565206966,6.404903203026651,0.5,19,2825
102,102:8,Vehicle:5,scene_28_6,5172178443,Vehicle-Passenger,50.87433215480988,-0.19425023933637298,0.0,8,1564
102,102:8,Vehicle:5,scene_28_6,5172178443,Vehicle-Passenger,50.87433215480988,-0.19425023933637298,0.5,14,2705
102,102:9,Vehicle:6,scene_28_6,5172178443,Vehicle-SemiTruck-Trailer,74.83761077821913,2.4185127017717525,0.0,46,1940
102,102:9,Vehicle:6,scene_28_6,5172178443,Vehicle-SemiTruck-Trailer,74.83761077821913,2.4185127017717525,0.5,60,3110
102,102:10,Vehicle:7,scene_28_6,5172178443,Vehicle-SemiTruck-Cab,85.08725389036582,1.9997273576413364,0.0,8,1072
102,102:10,Vehicle:7,scene_28_6,5172178443,Vehicle-SemiTruck-Cab,85.08725389036582,1.9997273576413364,0.5,9,1135
102,102:11,Vehicle:8,scene_28_6,5172178443,Vehicle-Passenger,107.11156765202898,19.554751979243438,0.0,2,9
102,102:11,Vehicle:8,scene_28_6,5172178443,Vehicle-Passenger,107.11156765202898,19.554751979243438,0.5,5,9
102,102:12,Vehicle:9,scene_28_6,5172178443,Vehicle-SemiTruck-Cab,198.99440052543983,9.93641218076684,0.0,2,14
102,102:12,Vehicle:9,scene_28_6,5172178443,Vehicle-SemiTruck-Cab,198.99440052543983,9.93641218076684,0.5,3,14
102,102:13,Vehicle:27,scene_28_6,5172178443,Vehicle,216.0187643217774,179.08360246243885,0.0,0,0
102,102:13,Vehicle:27,scene_28_6,5172178443,Vehicle,216.0187643217774,179.08360246243885,0.5,4,0
114,114:1,Vehicle:10,scene_28_6,5772077843,Vehicle-SemiTruck-Trailer,176.03844344050617,11.118933756959473,0.0,8,14
114,114:1,Vehicle:10,scene_28_6,5772077843,Vehicle-SemiTruck-Trailer,176.03844344050617,11.118933756959473,0.5,10,14
114,114:2,Vehicle:11,scene_28_6,5772077843,Vehicle-SemiTruck-Cab,220.29053578581681,7.671368987334771,0.0,2,4
114,114:2,Vehicle:11,scene_28_6,5772077843,Vehicle-SemiTruck-Cab,220.29053578581681,7.671368987334771,0.5,2,6
114,114:3,Vehicle:12,scene_28_6,5772077843,Vehicle-SemiTruck-Trailer,230.73558492179833,7.281826884955783,0.0,3,7
114,114:3,Vehicle:12,scene_28_6,5772077843,Vehicle-SemiTruck-Trailer,230.73558492179833,7.281826884955783,0.5,3,9
114,114:5,Vehicle:27,scene_28_6,5772077843,Vehicle,211.1061055447483,178.92380783940354,0.0,0,0
114,114:5,Vehicle:27,scene_28_6,5772077843,Vehicle,211.1061055447483,178.92380783940354,0.5,0,0
114,114:6,Vehicle:3,scene_28_6,5772077843,Vehicle-Passenger,5.571173484048783,129.79184290504074,0.0,4,354
114,114:6,Vehicle:3,scene_28_6,5772077843,Vehicle-Passenger,5.571173484048783,129.79184290504074,0.5,6,1664
114,114:7,Vehicle:36,scene_28_6,5772077843,Vehicle-Trailer,187.19641571392606,167.67774329848072,0.0,0,7
114,114:7,Vehicle:36,scene_28_6,5772077843,Vehicle-Trailer,187.19641571392606,167.67774329848072,0.5,0,23
114,114:8,Vehicle:37,scene_28_6,5772077843,Vehicle-RV,194.50344195811496,168.11817236552886,0.0,0,1
114,114:8,Vehicle:37,scene_28_6,5772077843,Vehicle-RV,194.50344195811496,168.11817236552886,0.5,2,1
114,114:9,Vehicle:4,scene_28_6,5772077843,Vehicle-Passenger,36.00408460995791,5.798781951859315,0.0,5,2119
114,114:9,Vehicle:4,scene_28_6,5772077843,Vehicle-Passenger,36.00408460995791,5.798781951859315,0.5,18,2782
114,114:10,Vehicle:5,scene_28_6,5772077843,Vehicle-Passenger,51.27407765413441,-0.397742827692244,0.0,15,1661
114,114:10,Vehicle:5,scene_28_6,5772077843,Vehicle-Passenger,51.27407765413441,-0.397742827692244,0.5,23,2708
114,114:11,Vehicle:6,scene_28_6,5772077843,Vehicle-SemiTruck-Trailer,77.24045157171793,1.8311692501959942,0.0,52,1544
114,114:11,Vehicle:6,scene_28_6,5772077843,Vehicle-SemiTruck-Trailer,77.24045157171793,1.8311692501959942,0.5,55,2579
114,114:12,Vehicle:7,scene_28_6,5772077843,Vehicle-SemiTruck-Cab,87.48992322343304,1.4193092082612475,0.0,6,1032
114,114:12,Vehicle:7,scene_28_6,5772077843,Vehicle-SemiTruck-Cab,87.48992322343304,1.4193092082612475,0.5,8,1092
114,114:13,Vehicle:8,scene_28_6,5772077843,Vehicle-Passenger,74.49134196617206,28.82334277141322,0.0,4,7
114,114:13,Vehicle:8,scene_28_6,5772077843,Vehicle-Passenger,74.49134196617206,28.82334277141322,0.5,5,32
114,114:14,Vehicle:9,scene_28_6,5772077843,Vehicle-SemiTruck-Cab,165.0976286594515,11.912376174497224,0.0,3,17
114,114:14,Vehicle:9,scene_28_6,5772077843,Vehicle-SemiTruck-Cab,165.0976286594515,11.912376174497224,0.5,6,17
124,124:1,Vehicle:10,scene_28_6,6272060043,Vehicle-SemiTruck-Trailer,148.342700108882,13.368029126792372,0.0,8,26
124,124:1,Vehicle:10,scene_28_6,6272060043,Vehicle-SemiTruck-Trailer,148.342700108882,13.368029126792372,0.5,11,38
124,124:2,Vehicle:11,scene_28_6,6272060043,Vehicle-SemiTruck-Cab,191.27185953194984,8.906574781434108,0.0,0,0
124,124:2,Vehicle:11,scene_28_6,6272060043,Vehicle-SemiTruck-Cab,191.27185953194984,8.906574781434108,0.5,1,5
124,124:3,Vehicle:17,scene_28_6,6272060043,Vehicle-SemiTruck-Trailer,348.9416579827758,5.099522152199848,0.0,0,6
124,124:3,Vehicle:17,scene_28_6,6272060043,Vehicle-SemiTruck-Trailer,348.9416579827758,5.099522152199848,0.5,0,6
124,124:5,Vehicle:27,scene_28_6,6272060043,Vehicle,208.13011435426503,178.95323491261777,0.0,0,5
124,124:5,Vehicle:27,scene_28_6,6272060043,Vehicle,208.13011435426503,178.95323491261777,0.5,1,8
124,124:6,Vehicle:3,scene_28_6,6272060043,Vehicle-Passenger,4.500425145282503,111.02920758616133,0.0,1,606
124,124:6,Vehicle:3,scene_28_6,6272060043,Vehicle-Passenger,4.500425145282503,111.02920758616133,0.5,1,3193
124,124:7,Vehicle:36,scene_28_6,6272060043,Vehicle-Trailer,216.10033212665493,169.218849375854,0.0,0,0
124,124:7,Vehicle:36,scene_28_6,6272060043,Vehicle-Trailer,216.10033212665493,169.218849375854,0.5,0,6
124,124:8,Vehicle:4,scene_28_6,6272060043,Vehicle-Passenger,38.090946380494195,5.452099357643408,0.0,3,2124
124,124:8,Vehicle:4,scene_28_6,6272060043,Vehicle-Passenger,38.090946380494195,5.452099357643408,0.5,16,2961
124,124:9,Vehicle:5,scene_28_6,6272060043,Vehicle-Passenger,51.563530465676926,-0.4564471675992189,0.0,7,1610
124,124:9,Vehicle:5,scene_28_6,6272060043,Vehicle-Passenger,51.563530465676926,-0.4564471675992189,0.5,14,2533
124,124:10,Vehicle:6,scene_28_6,6272060043,Vehicle-SemiTruck-Trailer,79.21721794741039,1.4103416962378574,0.0,31,1391
124,124:10,Vehicle:6,scene_28_6,6272060043,Vehicle-SemiTruck-Trailer,79.21721794741039,1.4103416962378574,0.5,41,2248
124,124:11,Vehicle:7,scene_28_6,6272060043,Vehicle-SemiTruck-Cab,89.46864302914733,1.0368466930985067,0.0,6,858
124,124:11,Vehicle:7,scene_28_6,6272060043,Vehicle-SemiTruck-Cab,89.46864302914733,1.0368466930985067,0.5,7,908
124,124:12,Vehicle:8,scene_28_6,6272060043,Vehicle-Passenger,50.34115240094321,45.58660287157053,0.0,5,43
124,124:12,Vehicle:8,scene_28_6,6272060043,Vehicle-Passenger,50.34115240094321,45.58660287157053,0.5,5,49
124,124:13,Vehicle:9,scene_28_6,6272060043,Vehicle-SemiTruck-Cab,137.49731212711387,14.500814535069027,0.0,1,21
124,124:13,Vehicle:9,scene_28_6,6272060043,Vehicle-SemiTruck-Cab,137.49731212711387,14.500814535069027,0.5,1,25
124,124:14,Vehicle:12,scene_28_6,6272060043,Vehicle-SemiTruck-Trailer,201.68972383528677,8.392459478172714,0.0,3,11
124,124:14,Vehicle:12,scene_28_6,6272060043,Vehicle-SemiTruck-Trailer,201.68972383528677,8.392459478172714,0.5,3,11
134,134:1,Vehicle:10,scene_28_6,6772199418,Vehicle-SemiTruck-Trailer,121.85361950045944,16.634575430056575,0.0,26,2
134,134:1,Vehicle:10,scene_28_6,6772199418,Vehicle-SemiTruck-Trailer,121.85361950045944,16.634575430056575,0.5,33,22
134,134:2,Vehicle:11,scene_28_6,6772199418,Vehicle-SemiTruck-Cab,162.01511120167442,10.575964314206256,0.0,4,26
134,134:2,Vehicle:11,scene_28_6,6772199418,Vehicle-SemiTruck-Cab,162.01511120167442,10.575964314206256,0.5,7,37
134,134:3,Vehicle:12,scene_28_6,6772199418,Vehicle-SemiTruck-Trailer,172.5956470416266,9.862851847397204,0.0,7,30
134,134:3,Vehicle:12,scene_28_6,6772199418,Vehicle-SemiTruck-Trailer,172.5956470416266,9.862851847397204,0.5,8,39
134,134:4,Vehicle:17,scene_28_6,6772199418,Vehicle-SemiTruck-Trailer,325.7199750448107,5.504906498561937,0.0,3,5
134,134:4,Vehicle:17,scene_28_6,6772199418,Vehicle-SemiTruck-Trailer,325.7199750448107,5.504906498561937,0.5,4,5
134,134:6,Vehicle:3,scene_28_6,6772199418,Vehicle-Passenger,4.127461076749828,87.05861490216797,0.0,0,1628
134,134:6,Vehicle:3,scene_28_6,6772199418,Vehicle-Passenger,4.127461076749828,87.05861490216797,0.5,0,5909
134,134:7,Vehicle:4,scene_28_6,6772199418,Vehicle-Passenger,40.186582488235054,5.106459133988024,0.0,4,1938
134,134:7,Vehicle:4,scene_28_6,6772199418,Vehicle-Passenger,40.186582488235054,5.106459133988024,0.5,16,3383
134,134:8,Vehicle:5,scene_28_6,6772199418,Vehicle-Passenger,51.7781577808011,-0.5654512726388585,0.0,7,1604
134,134:8,Vehicle:5,scene_28_6,6772199418,Vehicle-Passenger,51.7781577808011,-0.5654512726388585,0.5,18,2649
134,134:9,Vehicle:6,scene_28_6,6772199418,Vehicle-SemiTruck-Trailer,81.17143165400758,0.9293688819241406,0.0,32,1171
134,134:9,Vehicle:6,scene_28_6,6772199418,Vehicle-SemiTruck-Trailer,81.17143165400758,0.9293688819241406,0.5,42,1928
134,134:10,Vehicle:7,scene_28_6,6772199418,Vehicle-SemiTruck-Cab,91.42406555707667,0.5950704263847145,0.0,6,807
134,134:10,Vehicle:7,scene_28_6,6772199418,Vehicle-SemiTruck-Cab,91.42406555707667,0.5950704263847145,0.5,6,853
134,134:11,Vehicle:8,scene_28_6,6772199418,Vehicle-Passenger,36.43527069195458,82.25986948149773,0.0,5,981
134,134:11,Vehicle:8,scene_28_6,6772199418,Vehicle-Passenger,36.43527069195458,82.25986948149773,0.5,6,1334
134,134:12,Vehicle:9,scene_28_6,6772199418,Vehicle-SemiTruck-Cab,111.09022116870041,18.367243566723705,0.0,4,5
134,134:12,Vehicle:9,scene_28_6,6772199418,Vehicle-SemiTruck-Cab,111.09022116870041,18.367243566723705,0.5,13,14
134,134:13,Vehicle:27,scene_28_6,6772199418,Vehicle,205.21602943045968,179.0050232819678,0.0,0,0
134,134:13,Vehicle:27,scene_28_6,6772199418,Vehicle,205.21602943045968,179.0050232819678,0.5,2,0
134,134:14,Vehicle:36,scene_28_6,6772199418,Vehicle-Trailer,245.33512423621337,170.38884845170662,0.0,0,0
134,134:14,Vehicle:36,scene_28_6,6772199418,Vehicle-Trailer,245.33512423621337,170.38884845170662,0.5,0,0
144,144:1,Vehicle:10,scene_28_6,7272181543,Vehicle-SemiTruck-Trailer,96.02454178563623,21.79960839431875,0.0,14,6
144,144:1,Vehicle:10,scene_28_6,7272181543,Vehicle-SemiTruck-Trailer,96.02454178563623,21.79960839431875,0.5,21,19
144,144:2,Vehicle:11,scene_28_6,7272181543,Vehicle-SemiTruck-Cab,132.5890969335956,13.189117950586269,0.0,11,20
144,144:2,Vehicle:11,scene_28_6,7272181543,Vehicle-SemiTruck-Cab,132.5890969335956,13.189117950586269,0.5,16,35
144,144:3,Vehicle:12,scene_28_6,7272181543,Vehicle-SemiTruck-Trailer,143.39696522919076,12.129700396131277,0.0,21,43
144,144:3,Vehicle:12,scene_28_6,7272181543,Vehicle-SemiTruck-Trailer,143.39696522919076,12.129700396131277,0.5,23,61
144,144:5,Vehicle:27,scene_28_6,7272181543,Vehicle,201.54258863542225,179.1429457350845,0.0,2,0
144,144:5,Vehicle:27,scene_28_6,7272181543,Vehicle,201.54258863542225,179.1429457350845,0.5,2,1
144,144:6,Vehicle:3,scene_28_6,7272181543,Vehicle-Passenger,4.441985607802525,64.43866999219895,0.0,0,3430
144,144:6,Vehicle:3,scene_28_6,7272181543,Vehicle-Passenger,4.441985607802525,64.43866999219895,0.5,0,7818
144,144:7,Vehicle:36,scene_28_6,7272181543,Vehicle-Trailer,274.34414779048905,171.386256748708,0.0,0,0
144,144:7,Vehicle:36,scene_28_6,7272181543,Vehicle-Trailer,274.34414779048905,171.386256748708,0.5,0,0
144,144:8,Vehicle:4,scene_28_6,7272181543,Vehicle-Passenger,42.2761409861011,4.864629317124457,0.0,4,1663
144,144:8,Vehicle:4,scene_28_6,7272181543,Vehicle-Passenger,42.2761409861011,4.864629317124457,0.5,10,3626
144,144:9,Vehicle:5,scene_28_6,7272181543,Vehicle-Passenger,51.851689286612,-0.6110351671676423,0.0,10,1507
144,144:9,Vehicle:5,scene_28_6,7272181543,Vehicle-Passenger,51.851689286612,-0.6110351671676423,0.5,19,2371
144,144:10,Vehicle:6,scene_28_6,7272181543,Vehicle-SemiTruck-Trailer,83.0726764178331,0.5184928944912794,0.0,33,1029
144,144:10,Vehicle:6,scene_28_6,7272181543,Vehicle-SemiTruck-Trailer,83.0726764178331,0.5184928944912794,0.5,41,1454
144,144:11,Vehicle:7,scene_28_6,7272181543,Vehicle-SemiTruck-Cab,93.32265614324496,0.18209503626517176,0.0,1,686
144,144:11,Vehicle:7,scene_28_6,7272181543,Vehicle-SemiTruck-Cab,93.32265614324496,0.18209503626517176,0.5,4,698
144,144:12,Vehicle:8,scene_28_6,7272181543,Vehicle-Passenger,44.385940738254234,124.85915045740563,0.0,6,3
144,144:12,Vehicle:8,scene_28_6,7272181543,Vehicle-Passenger,44.385940738254234,124.85915045740563,0.5,7,64
144,144:13,Vehicle:9,scene_28_6,7272181543,Vehicle-SemiTruck-Cab,85.65038311500453,24.690230222363983,0.0,13,12
144,144:13,Vehicle:9,scene_28_6,7272181543,Vehicle-SemiTruck-Cab,85.65038311500453,24.690230222363983,0.5,17,43
144,144:14,Vehicle:16,scene_28_6,7272181543,Vehicle-SemiTruck-Cab,287.90647007125773,6.541191421207727,0.0,0,0
144,144:14,Vehicle:16,scene_28_6,7272181543,Vehicle-SemiTruck-Cab,287.90647007125773,6.541191421207727,0.5,0,0
144,144:15,Vehicle:17,scene_28_6,7272181543,Vehicle-SemiTruck-Trailer,299.80252890818366,6.130696614491472,0.0,2,0
144,144:15,Vehicle:17,scene_28_6,7272181543,Vehicle-SemiTruck-Trailer,299.80252890818366,6.130696614491472,0.5,3,0
154,154:1,Vehicle:10,scene_28_6,7772153343,Vehicle-SemiTruck-Trailer,71.17582198924481,30.415726227747935,0.0,17,84
154,154:1,Vehicle:10,scene_28_6,7772153343,Vehicle-SemiTruck-Trailer,71.17582198924481,30.415726227747935,0.5,22,189
154,154:2,Vehicle:11,scene_28_6,7772153343,Vehicle-SemiTruck-Cab,103.69552046869322,17.38261470844965,0.0,9,10
154,154:2,Vehicle:11,scene_28_6,7772153343,Vehicle-SemiTruck-Cab,103.69552046869322,17.38261470844965,0.5,14,33
154,154:3,Vehicle:12,scene_28_6,7772153343,Vehicle-SemiTruck-Trailer,114.46145399424474,15.657126737712693,0.0,18,21
154,154:3,Vehicle:12,scene_28_6,7772153343,Vehicle-SemiTruck-Trailer,114.46145399424474,15.657126737712693,0.5,19,69
154,154:4,Vehicle:15,scene_28_6,7772153343,Vehicle-Passenger,62.72208462037001,30.405776368092603,0.0,9,83
154,154:4,Vehicle:15,scene_28_6,7772153343,Vehicle-Passenger,62.72208462037001,30.405776368092603,0.5,15,141
154,154:5,Vehicle:17,scene_28_6,7772153343,Vehicle-SemiTruck-Trailer,270.8857130781218,6.894880441189566,0.0,1,4
154,154:5,Vehicle:17,scene_28_6,7772153343,Vehicle-SemiTruck-Trailer,270.8857130781218,6.894880441189566,0.5,1,4
154,154:7,Vehicle:21,scene_28_6,7772153343,Vehicle-SemiTruck-Cab,327.11883220463767,4.925568804704829,0.0,0,11
154,154:7,Vehicle:21,scene_28_6,7772153343,Vehicle-SemiTruck-Cab,327.11883220463767,4.925568804704829,0.5,0,16
154,154:8,Vehicle:27,scene_28_6,7772153343,Vehicle,197.38795765737675,179.18939600518678,0.0,1,4
154,154:8,Vehicle:27,scene_28_6,7772153343,Vehicle,197.38795765737675,179.18939600518678,0.5,2,4
154,154:9,Vehicle:3,scene_28_6,7772153343,Vehicle-Passenger,5.326772453554681,46.20639530033571,0.0,0,4867
154,154:9,Vehicle:3,scene_28_6,7772153343,Vehicle-Passenger,5.326772453554681,46.20639530033571,0.5,0,10315
154,154:10,Vehicle:4,scene_28_6,7772153343,Vehicle-Passenger,44.368738815240455,4.63650594866726,0.0,5,1522
154,154:10,Vehicle:4,scene_28_6,7772153343,Vehicle-Passenger,44.368738815240455,4.63650594866726,0.5,10,3080
154,154:11,Vehicle:5,scene_28_6,7772153343,Vehicle-Passenger,51.79310634359612,-0.6855087450762885,0.0,8,1502
154,154:11,Vehicle:5,scene_28_6,7772153343,Vehicle-Passenger,51.79310634359612,-0.6855087450762885,0.5,19,2507
154,154:12,Vehicle:6,scene_28_6,7772153343,Vehicle-SemiTruck-Trailer,84.97351173918517,0.08424644337859913,0.0,19,899
154,154:12,Vehicle:6,scene_28_6,7772153343,Vehicle-SemiTruck-Trailer,84.97351173918517,0.08424644337859913,0.5,27,1461
154,154:13,Vehicle:7,scene_28_6,7772153343,Vehicle-SemiTruck-Cab,95.22123337384313,-0.28729711275005176,0.0,0,760
154,154:13,Vehicle:7,scene_28_6,7772153343,Vehicle-SemiTruck-Cab,95.22123337384313,-0.28729711275005176,0.5,0,803
154,154:14,Vehicle:9,scene_28_6,7772153343,Vehicle-SemiTruck-Cab,61.7823106583902,35.78884344479053,0.0,15,30
154,154:14,Vehicle:9,scene_28_6,7772153343,Vehicle-SemiTruck-Cab,61.7823106583902,35.78884344479053,0.5,20,76
154,154:15,Vehicle:16,scene_28_6,7772153343,Vehicle-SemiTruck-Cab,259.38484690027377,7.24455081002598,0.0,0,0
154,154:15,Vehicle:16,scene_28_6,7772153343,Vehicle-SemiTruck-Cab,259.38484690027377,7.24455081002598,0.5,0,0
154,154:16,Vehicle:8,scene_28_6,7772153343,Vehicle-Passenger,66.53903525974104,146.3513055747632,0.0,0,0
154,154:16,Vehicle:8,scene_28_6,7772153343,Vehicle-Passenger,66.53903525974104,146.3513055747632,0.5,2,5
164,164:1,Vehicle:10,scene_28_6,8272135443,Vehicle-SemiTruck-Trailer,49.27186653924998,47.21166926290464,0.0,18,801
164,164:1,Vehicle:10,scene_28_6,8272135443,Vehicle-SemiTruck-Trailer,49.27186653924998,47.21166926290464,0.5,24,1276
164,164:2,Vehicle:11,scene_28_6,8272135443,Vehicle-SemiTruck-Cab,76.16793751166425,24.524880383417006,0.0,14,13
164,164:2,Vehicle:11,scene_28_6,8272135443,Vehicle-SemiTruck-Cab,76.16793751166425,24.524880383417006,0.5,18,105
164,164:3,Vehicle:12,scene_28_6,8272135443,Vehicle-SemiTruck-Trailer,86.49228793569556,21.38909839163568,0.0,16,25
164,164:3,Vehicle:12,scene_28_6,8272135443,Vehicle-SemiTruck-Trailer,86.49228793569556,21.38909839163568,0.5,18,103
164,164:4,Vehicle:15,scene_28_6,8272135443,Vehicle-Passenger,39.06850349119272,54.746114333285085,0.0,11,4
164,164:4,Vehicle:15,scene_28_6,8272135443,Vehicle-Passenger,39.06850349119272,54.746114333285085,0.5,12,90
164,164:5,Vehicle:17,scene_28_6,8272135443,Vehicle-SemiTruck-Trailer,239.9705915543541,7.8995468662178165,0.0,5,6
164,164:5,Vehicle:17,scene_28_6,8272135443,Vehicle-SemiTruck-Trailer,239.9705915543541,7.8995468662178165,0.5,6,6
164,164:7,Vehicle:21,scene_28_6,8272135443,Vehicle-SemiTruck-Cab,291.2335284682807,5.71614304169967,0.0,1,0
164,164:7,Vehicle:21,scene_28_6,8272135443,Vehicle-SemiTruck-Cab,291.2335284682807,5.71614304169967,0.5,1,9
164,164:8,Vehicle:22,scene_28_6,8272135443,Vehicle-SemiTruck-Trailer,299.80861071369907,5.522017937089737,0.0,2,35
164,164:8,Vehicle:22,scene_28_6,8272135443,Vehicle-SemiTruck-Trailer,299.80861071369907,5.522017937089737,0.5,4,37
164,164:9,Vehicle:27,scene_28_6,8272135443,Vehicle,193.07301420912304,179.17422355461687,0.0,0,7
164,164:9,Vehicle:27,scene_28_6,8272135443,Vehicle,193.07301420912304,179.17422355461687,0.5,3,7
164,164:10,Vehicle:3,scene_28_6,8272135443,Vehicle-Passenger,6.763377514630519,33.05002804693707,0.0,5,7388
164,164:10,Vehicle:3,scene_28_6,8272135443,Vehicle-Passenger,6.763377514630519,33.05002804693707,0.5,7,13320
164,164:11,Vehicle:4,scene_28_6,8272135443,Vehicle-Passenger,46.43139555515589,4.47923337494692,0.0,4,1216
164,164:11,Vehicle:4,scene_28_6,8272135443,Vehicle-Passenger,46.43139555515589,4.47923337494692,0.5,13,2781
164,164:12,Vehicle:5,scene_28_6,8272135443,Vehicle-Passenger,51.63878940030237,-0.7151006622531569,0.0,3,1470
164,164:12,Vehicle:5,scene_28_6,8272135443,Vehicle-Passenger,51.63878940030237,-0.7151006622531569,0.5,18,2497
164,164:13,Vehicle:6,scene_28_6,8272135443,Vehicle-SemiTruck-Trailer,86.80847895396971,-0.26443652650671406,0.0,24,820
164,164:13,Vehicle:6,scene_28_6,8272135443,Vehicle-SemiTruck-Trailer,86.80847895396971,-0.26443652650671406,0.5,33,1178
164,164:14,Vehicle:7,scene_28_6,8272135443,Vehicle-SemiTruck-Cab,97.05783092907647,-0.6157647016100765,0.0,0,523
164,164:14,Vehicle:7,scene_28_6,8272135443,Vehicle-SemiTruck-Cab,97.05783092907647,-0.6157647016100765,0.5,0,553
164,164:15,Vehicle:8,scene_28_6,8272135443,Vehicle-Passenger,93.62350305740358,156.47020125431877,0.0,0,0
164,164:15,Vehicle:8,scene_28_6,8272135443,Vehicle-Passenger,93.62350305740358,156.47020125431877,0.5,0,0
164,164:16,Vehicle:9,scene_28_6,8272135443,Vehicle-SemiTruck-Cab,42.51426128325439,58.45017065620582,0.0,9,223
164,164:16,Vehicle:9,scene_28_6,8272135443,Vehicle-SemiTruck-Cab,42.51426128325439,58.45017065620582,0.5,11,232
164,164:17,Vehicle:16,scene_28_6,8272135443,Vehicle-SemiTruck-Cab,231.97128809565265,8.209727322128646,0.0,2,0
164,164:17,Vehicle:16,scene_28_6,8272135443,Vehicle-SemiTruck-Cab,231.97128809565265,8.209727322128646,0.5,2,6
174,174:1,Vehicle:10,scene_28_6,8772107268,Vehicle-SemiTruck-Trailer,36.62311953794744,82.03282583083099,0.0,19,17427
174,174:1,Vehicle:10,scene_28_6,8772107268,Vehicle-SemiTruck-Trailer,36.62311953794744,82.03282583083099,0.5,21,20967
174,174:2,Vehicle:11,scene_28_6,8772107268,Vehicle-SemiTruck-Cab,51.14277885786723,38.48376577702779,0.0,9,66
174,174:2,Vehicle:11,scene_28_6,8772107268,Vehicle-SemiTruck-Cab,51.14277885786723,38.48376577702779,0.5,11,227
174,174:3,Vehicle:12,scene_28_6,8772107268,Vehicle-SemiTruck-Trailer,60.29185250791282,31.80583821458312,0.0,26,258
174,174:3,Vehicle:12,scene_28_6,8772107268,Vehicle-SemiTruck-Trailer,60.29185250791282,31.80583821458312,0.5,28,760
174,174:4,Vehicle:15,scene_28_6,8772107268,Vehicle-Passenger,33.69444857958947,106.77710894371421,0.0,0,7
174,174:4,Vehicle:15,scene_28_6,8772107268,Vehicle-Passenger,33.69444857958947,106.77710894371421,0.5,3,488
174,174:5,Vehicle:16,scene_28_6,8772107268,Vehicle-SemiTruck-Cab,204.6774098767186,9.494643114951801,0.0,1,19
174,174:5,Vehicle:16,scene_28_6,8772107268,Vehicle-SemiTruck-Cab,204.6774098767186,9.494643114951801,0.5,6,19
174,174:7,Vehicle:22,scene_28_6,8772107268,Vehicle-SemiTruck-Trailer,271.17437464861376,6.30828733839488,0.0,4,50
174,174:7,Vehicle:22,scene_28_6,8772107268,Vehicle-SemiTruck-Trailer,271.17437464861376,6.30828733839488,0.5,5,54
174,174:8,Vehicle:27,scene_28_6,8772107268,Vehicle,188.20094417981014,179.17786162490654,0.0,0,16
174,174:8,Vehicle:27,scene_28_6,8772107268,Vehicle,188.20094417981014,179.17786162490654,0.5,0,17
174,174:9,Vehicle:29,scene_28_6,8772107268,Vehicle,195.21219891922996,179.13439644146652,0.0,0,16
174,174:9,Vehicle:29,scene_28_6,8772107268,Vehicle,195.21219891922996,179.13439644146652,0.5,0,16
174,174:10,Vehicle:3,scene_28_6,8772107268,Vehicle-Passenger,8.561994797397737,24.76517999032873,0.0,18,4834
174,174:10,Vehicle:3,scene_28_6,8772107268,Vehicle-Passenger,8.561994797397737,24.76517999032873,0.5,21,9173
174,174:11,Vehicle:4,scene_28_6,8772107268,Vehicle-Passenger,48.43025461139078,4.367862093822332,0.0,3,1120
174,174:11,Vehicle:4,scene_28_6,8772107268,Vehicle-Passenger,48.43025461139078,4.367862093822332,0.5,8,2367
174,174:12,Vehicle:5,scene_28_6,8772107268,Vehicle-Passenger,51.42275612299352,-0.7000570538265433,0.0,7,1539
174,174:12,Vehicle:5,scene_28_6,8772107268,Vehicle-Passenger,51.42275612299352,-0.7000570538265433,0.5,19,2498
174,174:13,Vehicle:6,scene_28_6,8772107268,Vehicle-SemiTruck-Trailer,88.63372880013947,-0.48911441969700215,0.0,16,702
174,174:13,Vehicle:6,scene_28_6,8772107268,Vehicle-SemiTruck-Trailer,88.63372880013947,-0.48911441969700215,0.5,28,955
174,174:14,Vehicle:7,scene_28_6,8772107268,Vehicle-SemiTruck-Cab,98.88988570013618,-0.7335299161929416,0.0,3,460
174,174:14,Vehicle:7,scene_28_6,8772107268,Vehicle-SemiTruck-Cab,98.88988570013618,-0.7335299161929416,0.5,3,483
174,174:15,Vehicle:8,scene_28_6,8772107268,Vehicle-Passenger,122.96619767851334,162.10548176720917,0.0,0,4
174,174:15,Vehicle:8,scene_28_6,8772107268,Vehicle-Passenger,122.96619767851334,162.10548176720917,0.5,0,4
174,174:16,Vehicle:9,scene_28_6,8772107268,Vehicle-SemiTruck-Cab,36.83610431784647,99.59113505224529,0.0,0,2487
174,174:16,Vehicle:9,scene_28_6,8772107268,Vehicle-SemiTruck-Cab,36.83610431784647,99.59113505224529,0.5,0,3004
174,174:17,Vehicle:17,scene_28_6,8772107268,Vehicle-SemiTruck-Trailer,209.83972445170565,9.213340500422156,0.0,3,19
174,174:17,Vehicle:17,scene_28_6,8772107268,Vehicle-SemiTruck-Trailer,209.83972445170565,9.213340500422156,0.5,7,19
174,174:18,Vehicle:21,scene_28_6,8772107268,Vehicle-SemiTruck-Cab,259.53618376879484,6.606271965933307,0.0,0,0
174,174:18,Vehicle:21,scene_28_6,8772107268,Vehicle-SemiTruck-Cab,259.53618376879484,6.606271965933307,0.5,2,0
184,184:1,Vehicle:10,scene_28_6,9272089418,Vehicle-SemiTruck-Trailer,43.482344928764526,122.98254649763612,0.0,21,824
184,184:1,Vehicle:10,scene_28_6,9272089418,Vehicle-SemiTruck-Trailer,43.482344928764526,122.98254649763612,0.5,48,1126
184,184:2,Vehicle:11,scene_28_6,9272089418,Vehicle-SemiTruck-Cab,33.603270784144286,71.61620909218068,0.0,4,5013
184,184:2,Vehicle:11,scene_28_6,9272089418,Vehicle-SemiTruck-Cab,33.603270784144286,71.61620909218068,0.5,5,5945
184,184:3,Vehicle:12,scene_28_6,9272089418,Vehicle-SemiTruck-Trailer,38.604155625524044,55.58808806682806,0.0,7,6344
184,184:3,Vehicle:12,scene_28_6,9272089418,Vehicle-SemiTruck-Trailer,38.604155625524044,55.58808806682806,0.5,10,7379
184,184:4,Vehicle:15,scene_28_6,9272089418,Vehicle-Passenger,52.723945990879116,141.7628393877737,0.0,1,9
184,184:4,Vehicle:15,scene_28_6,9272089418,Vehicle-Passenger,52.723945990879116,141.7628393877737,0.5,7,62
184,184:5,Vehicle:17,scene_28_6,9272089418,Vehicle-SemiTruck-Trailer,180.30998998928055,10.858527010598566,0.0,6,21
184,184:5,Vehicle:17,scene_28_6,9272089418,Vehicle-SemiTruck-Trailer,180.30998998928055,10.858527010598566,0.5,6,28
184,184:7,Vehicle:22,scene_28_6,9272089418,Vehicle-SemiTruck-Trailer,242.53808521002244,7.180278714750977,0.0,2,31
184,184:7,Vehicle:22,scene_28_6,9272089418,Vehicle-SemiTruck-Trailer,242.53808521002244,7.180278714750977,0.5,2,31
184,184:8,Vehicle:27,scene_28_6,9272089418,Vehicle,183.305335217868,179.24354896873237,0.0,3,16
184,184:8,Vehicle:27,scene_28_6,9272089418,Vehicle,183.305335217868,179.24354896873237,0.5,3,16
184,184:9,Vehicle:29,scene_28_6,9272089418,Vehicle,192.1421914808677,179.28290481061308,0.0,1,8
184,184:9,Vehicle:29,scene_28_6,9272089418,Vehicle,192.1421914808677,179.28290481061308,0.5,3,8
184,184:10,Vehicle:3,scene_28_6,9272089418,Vehicle-Passenger,10.439617711502331,19.691251210640875,0.0,19,1798
184,184:10,Vehicle:3,scene_28_6,9272089418,Vehicle-Passenger,10.439617711502331,19.691251210640875,0.5,32,3876
184,184:11,Vehicle:4,scene_28_6,9272089418,Vehicle-Passenger,50.40109099288122,4.197767340662183,0.0,0,997
184,184:11,Vehicle:4,scene_28_6,9272089418,Vehicle-Passenger,50.40109099288122,4.197767340662183,0.5,3,2094
184,184:12,Vehicle:5,scene_28_6,9272089418,Vehicle-Passenger,51.136988153079905,-0.7210343291464366,0.0,6,1490
184,184:12,Vehicle:5,scene_28_6,9272089418,Vehicle-Passenger,51.136988153079905,-0.7210343291464366,0.5,15,2477
184,184:13,Vehicle:6,scene_28_6,9272089418,Vehicle-SemiTruck-Trailer,90.40876299031052,-0.6469172226411523,0.0,13,591
184,184:13,Vehicle:6,scene_28_6,9272089418,Vehicle-SemiTruck-Trailer,90.40876299031052,-0.6469172226411523,0.5,24,885
184,184:14,Vehicle:7,scene_28_6,9272089418,Vehicle-SemiTruck-Cab,100.66995992034636,-0.7717043261408512,0.0,2,401
184,184:14,Vehicle:7,scene_28_6,9272089418,Vehicle-SemiTruck-Cab,100.66995992034636,-0.7717043261408512,0.5,2,428
184,184:15,Vehicle:8,scene_28_6,9272089418,Vehicle-Passenger,152.8776270495815,165.6157205712737,0.0,0,1
184,184:15,Vehicle:8,scene_28_6,9272089418,Vehicle-Passenger,152.8776270495815,165.6157205712737,0.5,0,1
184,184:16,Vehicle:9,scene_28_6,9272089418,Vehicle-SemiTruck-Cab,50.53557148618445,133.7190534297696,0.0,9,15
184,184:16,Vehicle:9,scene_28_6,9272089418,Vehicle-SemiTruck-Cab,50.53557148618445,133.7190534297696,0.5,11,64
184,184:17,Vehicle:16,scene_28_6,9272089418,Vehicle-SemiTruck-Cab,175.63147212750002,11.21685852237656,0.0,5,24
184,184:17,Vehicle:16,scene_28_6,9272089418,Vehicle-SemiTruck-Cab,175.63147212750002,11.21685852237656,0.5,6,25
184,184:18,Vehicle:21,scene_28_6,9272089418,Vehicle-SemiTruck-Cab,230.5910689345664,7.562477614936654,0.0,2,0
184,184:18,Vehicle:21,scene_28_6,9272089418,Vehicle-SemiTruck-Cab,230.5910689345664,7.562477614936654,0.5,2,0
194,194:1,Vehicle:10,scene_28_6,9772061343,Vehicle-SemiTruck-Trailer,63.83949785864132,144.82058380039402,0.0,17,87
194,194:1,Vehicle:10,scene_28_6,9772061343,Vehicle-SemiTruck-Trailer,63.83949785864132,144.82058380039402,0.5,36,197
194,194:2,Vehicle:11,scene_28_6,9772061343,Vehicle-SemiTruck-Cab,37.435462669653354,121.07266409082247,0.0,18,34
194,194:2,Vehicle:11,scene_28_6,9772061343,Vehicle-SemiTruck-Cab,37.435462669653354,121.07266409082247,0.5,20,174
194,194:3,Vehicle:12,scene_28_6,9772061343,Vehicle-SemiTruck-Trailer,33.038045112667916,104.1809686411552,0.0,7,7403
194,194:3,Vehicle:12,scene_28_6,9772061343,Vehicle-SemiTruck-Trailer,33.038045112667916,104.1809686411552,0.5,15,9344
194,194:4,Vehicle:15,scene_28_6,9772061343,Vehicle-Passenger,79.59532128873391,155.57344040926563,0.0,0,4
194,194:4,Vehicle:15,scene_28_6,9772061343,Vehicle-Passenger,79.59532128873391,155.57344040926563,0.5,3,62
194,194:5,Vehicle:17,scene_28_6,9772061343,Vehicle-SemiTruck-Trailer,152.41559326726463,12.941668831827146,0.0,7,32
194,194:5,Vehicle:17,scene_28_6,9772061343,Vehicle-SemiTruck-Trailer,152.41559326726463,12.941668831827146,0.5,12,33
194,194:7,Vehicle:21,scene_28_6,9772061343,Vehicle-SemiTruck-Cab,202.22356028339837,8.724210884864883,0.0,3,40
194,194:7,Vehicle:21,scene_28_6,9772061343,Vehicle-SemiTruck-Cab,202.22356028339837,8.724210884864883,0.5,5,43
194,194:8,Vehicle:22,scene_28_6,9772061343,Vehicle-SemiTruck-Trailer,213.72778051826785,8.24411250516919,0.0,7,64
194,194:8,Vehicle:22,scene_28_6,9772061343,Vehicle-SemiTruck-Trailer,213.72778051826785,8.24411250516919,0.5,9,66
194,194:9,Vehicle:27,scene_28_6,9772061343,Vehicle,179.2470977963249,179.36555430558656,0.0,2,13
194,194:9,Vehicle:27,scene_28_6,9772061343,Vehicle,179.2470977963249,179.36555430558656,0.5,2,26
194,194:10,Vehicle:29,scene_28_6,9772061343,Vehicle,188.95771329894686,179.39805421253382,0.0,1,19
194,194:10,Vehicle:29,scene_28_6,9772061343,Vehicle,188.95771329894686,179.39805421253382,0.5,1,20
194,194:11,Vehicle:3,scene_28_6,9772061343,Vehicle-Passenger,12.285694584604867,16.410385940589443,0.0,23,1308
194,194:11,Vehicle:3,scene_28_6,9772061343,Vehicle-Passenger,12.285694584604867,16.410385940589443,0.5,32,2290
194,194:12,Vehicle:4,scene_28_6,9772061343,Vehicle-Passenger,52.49091024002239,3.9702373185009954,0.0,5,899
194,194:12,Vehicle:4,scene_28_6,9772061343,Vehicle-Passenger,52.49091024002239,3.9702373185009954,0.5,11,1867
194,194:13,Vehicle:5,scene_28_6,9772061343,Vehicle-Passenger,50.748718214121624,-0.7502658528679524,0.0,5,1625
194,194:13,Vehicle:5,scene_28_6,9772061343,Vehicle-Passenger,50.748718214121624,-0.7502658528679524,0.5,19,2736
194,194:14,Vehicle:6,scene_28_6,9772061343,Vehicle-SemiTruck-Trailer,92.11467288542339,-0.7182072438736055,0.0,15,635
194,194:14,Vehicle:6,scene_28_6,9772061343,Vehicle-SemiTruck-Trailer,92.11467288542339,-0.7182072438736055,0.5,24,948
194,194:15,Vehicle:7,scene_28_6,9772061343,Vehicle-SemiTruck-Cab,102.37858862613993,-0.7699352432764819,0.0,4,441
194,194:15,Vehicle:7,scene_28_6,9772061343,Vehicle-SemiTruck-Cab,102.37858862613993,-0.7699352432764819,0.5,4,459
194,194:16,Vehicle:9,scene_28_6,9772061343,Vehicle-SemiTruck-Cab,73.388929997983,149.89514728130277,0.0,4,1
194,194:16,Vehicle:9,scene_28_6,9772061343,Vehicle-SemiTruck-Cab,73.388929997983,149.89514728130277,0.5,6,8
194,194:17,Vehicle:16,scene_28_6,9772061343,Vehicle-SemiTruck-Cab,145.93058951260286,13.660404160744198,0.0,5,33
194,194:17,Vehicle:16,scene_28_6,9772061343,Vehicle-SemiTruck-Cab,145.93058951260286,13.660404160744198,0.5,8,34
204,204:1,Vehicle:10,scene_28_6,10272043543,Vehicle-SemiTruck-Trailer,88.52811490178209,155.14115920886874,0.0,7,89
204,204:1,Vehicle:10,scene_28_6,10272043543,Vehicle-SemiTruck-Trailer,88.52811490178209,155.14115920886874,0.5,26,107
204,204:2,Vehicle:11,scene_28_6,10272043543,Vehicle-SemiTruck-Cab,58.9726583435036,146.73070243670227,0.0,12,4
204,204:2,Vehicle:11,scene_28_6,10272043543,Vehicle-SemiTruck-Cab,58.9726583435036,146.73070243670227,0.5,16,90
204,204:3,Vehicle:12,scene_28_6,10272043543,Vehicle-SemiTruck-Trailer,49.97410578532012,139.71204207088502,0.0,13,187
204,204:3,Vehicle:12,scene_28_6,10272043543,Vehicle-SemiTruck-Trailer,49.97410578532012,139.71204207088502,0.5,33,529
204,204:4,Vehicle:15,scene_28_6,10272043543,Vehicle-Passenger,108.76575196458538,162.1246152834182,0.0,1,3
204,204:4,Vehicle:15,scene_28_6,10272043543,Vehicle-Passenger,108.76575196458538,162.1246152834182,0.5,4,3
204,204:5,Vehicle:17,scene_28_6,10272043543,Vehicle-SemiTruck-Trailer,125.91262739973253,15.936319736898541,0.0,8,22
204,204:5,Vehicle:17,scene_28_6,10272043543,Vehicle-SemiTruck-Trailer,125.91262739973253,15.936319736898541,0.5,11,31
204,204:7,Vehicle:21,scene_28_6,10272043543,Vehicle-SemiTruck-Cab,173.32926816261678,10.216350433557311,0.0,4,29
204,204:7,Vehicle:21,scene_28_6,10272043543,Vehicle-SemiTruck-Cab,173.32926816261678,10.216350433557311,0.5,6,41
204,204:8,Vehicle:22,scene_28_6,10272043543,Vehicle-SemiTruck-Trailer,184.62679574391225,9.572008330249265,0.0,5,108
204,204:8,Vehicle:22,scene_28_6,10272043543,Vehicle-SemiTruck-Trailer,184.62679574391225,9.572008330249265,0.5,7,115
204,204:9,Vehicle:27,scene_28_6,10272043543,Vehicle,175.69144917400138,179.40921517413796,0.0,2,21
204,204:9,Vehicle:27,scene_28_6,10272043543,Vehicle,175.69144917400138,179.40921517413796,0.5,3,25
204,204:10,Vehicle:29,scene_28_6,10272043543,Vehicle,185.50812044518068,179.42689366010532,0.0,1,13
204,204:10,Vehicle:29,scene_28_6,10272043543,Vehicle,185.50812044518068,179.42689366010532,0.5,1,13
204,204:11,Vehicle:3,scene_28_6,10272043543,Vehicle-Passenger,14.213301318898095,13.887430439845614,0.0,23,1117
204,204:11,Vehicle:3,scene_28_6,10272043543,Vehicle-Passenger,14.213301318898095,13.887430439845614,0.5,35,1673
204,204:12,Vehicle:4,scene_28_6,10272043543,Vehicle-Passenger,54.76421014785368,3.6350650995081417,0.0,4,755
204,204:12,Vehicle:4,scene_28_6,10272043543,Vehicle-Passenger,54.76421014785368,3.6350650995081417,0.5,10,1625
204,204:13,Vehicle:5,scene_28_6,10272043543,Vehicle-Passenger,50.28090841721115,-0.8493487513978918,0.0,5,1526
204,204:13,Vehicle:5,scene_28_6,10272043543,Vehicle-Passenger,50.28090841721115,-0.8493487513978918,0.5,13,2501
204,204:14,Vehicle:6,scene_28_6,10272043543,Vehicle-SemiTruck-Trailer,93.81246949152612,-0.8000762784742782,0.0,13,734
204,204:14,Vehicle:6,scene_28_6,10272043543,Vehicle-SemiTruck-Trailer,93.81246949152612,-0.8000762784742782,0.5,23,875
204,204:15,Vehicle:7,scene_28_6,10272043543,Vehicle-SemiTruck-Cab,104.0761301150723,-0.8298278334619485,0.0,1,328
204,204:15,Vehicle:7,scene_28_6,10272043543,Vehicle-SemiTruck-Cab,104.0761301150723,-0.8298278334619485,0.5,3,340
204,204:16,Vehicle:16,scene_28_6,10272043543,Vehicle-SemiTruck-Cab,116.40819333093441,17.380282524848553,0.0,4,0
204,204:16,Vehicle:16,scene_28_6,10272043543,Vehicle-SemiTruck-Cab,116.40819333093441,17.380282524848553,0.5,5,4
204,204:17,Vehicle:9,scene_28_6,10272043543,Vehicle-SemiTruck-Cab,98.809257013643,157.8855912487469,0.0,0,0
204,204:17,Vehicle:9,scene_28_6,10272043543,Vehicle-SemiTruck-Cab,98.809257013643,157.8855912487469,0.5,3,0
216,216:1,Vehicle:10,scene_28_6,10872110368,Vehicle-SemiTruck-Trailer,120.042386569801,161.61804475778854,0.0,6,87
216,216:1,Vehicle:10,scene_28_6,10872110368,Vehicle-SemiTruck-Trailer,120.042386569801,161.61804475778854,0.5,12,93
216,216:2,Vehicle:11,scene_28_6,10872110368,Vehicle-SemiTruck-Cab,90.55791352418511,158.69578462137238,0.0,4,5
216,216:2,Vehicle:11,scene_28_6,10872110368,Vehicle-SemiTruck-Cab,90.55791352418511,158.69578462137238,0.5,9,7
216,216:3,Vehicle:12,scene_28_6,10872110368,Vehicle-SemiTruck-Trailer,80.4009025268209,155.8813894528992,0.0,9,90
216,216:3,Vehicle:12,scene_28_6,10872110368,Vehicle-SemiTruck-Trailer,80.4009025268209,155.8813894528992,0.5,31,110
216,216:4,Vehicle:15,scene_28_6,10872110368,Vehicle-Passenger,145.3494149274749,166.30425528874264,0.0,0,2
216,216:4,Vehicle:15,scene_28_6,10872110368,Vehicle-Passenger,145.3494149274749,166.30425528874264,0.5,0,2
216,216:5,Vehicle:16,scene_28_6,10872110368,Vehicle-SemiTruck-Cab,82.17524951395897,25.634341373682254,0.0,19,19
216,216:5,Vehicle:16,scene_28_6,10872110368,Vehicle-SemiTruck-Cab,82.17524951395897,25.634341373682254,0.5,22,48
216,216:6,Vehicle:17,scene_28_6,10872110368,Vehicle-SemiTruck-Trailer,93.21390598622551,22.37801681444846,0.0,17,27
216,216:6,Vehicle:17,scene_28_6,10872110368,Vehicle-SemiTruck-Trailer,93.21390598622551,22.37801681444846,0.5,23,46
216,216:8,Vehicle:21,scene_28_6,10872110368,Vehicle-SemiTruck-Cab,138.48229063163382,12.826117198201063,0.0,6,15
216,216:8,Vehicle:21,scene_28_6,10872110368,Vehicle-SemiTruck-Cab,138.48229063163382,12.826117198201063,0.5,9,57
216,216:9,Vehicle:22,scene_28_6,10872110368,Vehicle-SemiTruck-Trailer,149.72193380985757,11.821210725970476,0.0,14,93
216,216:9,Vehicle:22,scene_28_6,10872110368,Vehicle-SemiTruck-Trailer,149.72193380985757,11.821210725970476,0.5,18,120
216,216:10,Vehicle:27,scene_28_6,10872110368,Vehicle,171.51795583402142,179.35357648403792,0.0,3,22
216,216:10,Vehicle:27,scene_28_6,10872110368,Vehicle,171.51795583402142,179.35357648403792,0.5,3,32
216,216:11,Vehicle:29,scene_28_6,10872110368,Vehicle,181.14262055578766,179.37091506581166,0.0,1,11
216,216:11,Vehicle:29,scene_28_6,10872110368,Vehicle,181.14262055578766,179.37091506581166,0.5,1,12
216,216:12,Vehicle:3,scene_28_6,10872110368,Vehicle-Passenger,16.81258686012949,11.272986755872711,0.0,15,931
216,216:12,Vehicle:3,scene_28_6,10872110368,Vehicle-Passenger,16.81258686012949,11.272986755872711,0.5,28,1287
216,216:13,Vehicle:4,scene_28_6,10872110368,Vehicle-Passenger,57.653521552667044,3.1349658192869367,0.0,1,543
216,216:13,Vehicle:4,scene_28_6,10872110368,Vehicle-Passenger,57.653521552667044,3.1349658192869367,0.5,6,1228
216,216:14,Vehicle:5,scene_28_6,10872110368,Vehicle-Passenger,49.716890446637464,-1.0448656165221637,0.0,1,1680
216,216:14,Vehicle:5,scene_28_6,10872110368,Vehicle-Passenger,49.716890446637464,-1.0448656165221637,0.5,15,2847
216,216:15,Vehicle:6,scene_28_6,10872110368,Vehicle-SemiTruck-Trailer,95.85970332386287,-0.9453574915556305,0.0,12,654
216,216:15,Vehicle:6,scene_28_6,10872110368,Vehicle-SemiTruck-Trailer,95.85970332386287,-0.9453574915556305,0.5,20,798
216,216:16,Vehicle:7,scene_28_6,10872110368,Vehicle-SemiTruck-Cab,106.12346160143012,-0.9757565505479054,0.0,0,279
216,216:16,Vehicle:7,scene_28_6,10872110368,Vehicle-SemiTruck-Cab,106.12346160143012,-0.9757565505479054,0.5,2,294
216,216:17,Vehicle:9,scene_28_6,10872110368,Vehicle-SemiTruck-Cab,130.2575516432261,163.12557463363194,0.0,0,4
216,216:17,Vehicle:9,scene_28_6,10872110368,Vehicle-SemiTruck-Cab,130.2575516432261,163.12557463363194,0.5,1,7
226,226:1,Vehicle:10,scene_28_6,11372092543,Vehicle-SemiTruck-Trailer,147.25182692576013,164.58962963728445,0.0,2,40
226,226:1,Vehicle:10,scene_28_6,11372092543,Vehicle-SemiTruck-Trailer,147.25182692576013,164.58962963728445,0.5,5,69
226,226:2,Vehicle:11,scene_28_6,11372092543,Vehicle-SemiTruck-Cab,117.94505165001168,163.2194613823989,0.0,1,2
226,226:2,Vehicle:11,scene_28_6,11372092543,Vehicle-SemiTruck-Cab,117.94505165001168,163.2194613823989,0.5,5,5
226,226:3,Vehicle:12,scene_28_6,11372092543,Vehicle-SemiTruck-Trailer,107.55500372852939,161.60681296211393,0.0,4,45
226,226:3,Vehicle:12,scene_28_6,11372092543,Vehicle-SemiTruck-Trailer,107.55500372852939,161.60681296211393,0.5,18,61
226,226:4,Vehicle:15,scene_28_6,11372092543,Vehicle-Passenger,176.719817026457,168.1506107225355,0.0,0,1
226,226:4,Vehicle:15,scene_28_6,11372092543,Vehicle-Passenger,176.719817026457,168.1506107225355,0.5,0,1
226,226:5,Vehicle:16,scene_28_6,11372092543,Vehicle-SemiTruck-Cab,56.65883321836216,38.99047545747852,0.0,11,201
226,226:5,Vehicle:16,scene_28_6,11372092543,Vehicle-SemiTruck-Cab,56.65883321836216,38.99047545747852,0.5,13,357
226,226:6,Vehicle:17,scene_28_6,11372092543,Vehicle-SemiTruck-Trailer,66.38847314268605,32.387392113237034,0.0,41,430
226,226:6,Vehicle:17,scene_28_6,11372092543,Vehicle-SemiTruck-Trailer,66.38847314268605,32.387392113237034,0.5,60,823
226,226:8,Vehicle:21,scene_28_6,11372092543,Vehicle-SemiTruck-Cab,110.00283672251997,16.03784116917236,0.0,11,14
226,226:8,Vehicle:21,scene_28_6,11372092543,Vehicle-SemiTruck-Cab,110.00283672251997,16.03784116917236,0.5,14,30
226,226:9,Vehicle:22,scene_28_6,11372092543,Vehicle-SemiTruck-Trailer,121.11130834558195,14.462305721763636,0.0,22,72
226,226:9,Vehicle:22,scene_28_6,11372092543,Vehicle-SemiTruck-Trailer,121.11130834558195,14.462305721763636,0.5,25,135
226,226:10,Vehicle:27,scene_28_6,11372092543,Vehicle,167.930223132417,179.04467974754897,0.0,4,36
226,226:10,Vehicle:27,scene_28_6,11372092543,Vehicle,167.930223132417,179.04467974754897,0.5,4,41
226,226:11,Vehicle:29,scene_28_6,11372092543,Vehicle,177.51605251015764,179.05987445468332,0.0,1,21
226,226:11,Vehicle:29,scene_28_6,11372092543,Vehicle,177.51605251015764,179.05987445468332,0.5,1,21
226,226:12,Vehicle:3,scene_28_6,11372092543,Vehicle-Passenger,19.16289299470366,8.984870792441528,0.0,9,745
226,226:12,Vehicle:3,scene_28_6,11372092543,Vehicle-Passenger,19.16289299470366,8.984870792441528,0.5,19,1300
226,226:13,Vehicle:4,scene_28_6,11372092543,Vehicle-Passenger,60.176979923082065,2.402922456137499,0.0,1,570
226,226:13,Vehicle:4,scene_28_6,11372092543,Vehicle-Passenger,60.176979923082065,2.402922456137499,0.5,4,1195
226,226:14,Vehicle:5,scene_28_6,11372092543,Vehicle-Passenger,49.24646148806858,-1.5268950177580565,0.0,9,1666
226,226:14,Vehicle:5,scene_28_6,11372092543,Vehicle-Passenger,49.24646148806858,-1.5268950177580565,0.5,18,2795
226,226:15,Vehicle:6,scene_28_6,11372092543,Vehicle-SemiTruck-Trailer,97.4969784196533,-1.3571493798162622,0.0,11,643
226,226:15,Vehicle:6,scene_28_6,11372092543,Vehicle-SemiTruck-Trailer,97.4969784196533,-1.3571493798162622,0.5,26,881
226,226:16,Vehicle:7,scene_28_6,11372092543,Vehicle-SemiTruck-Cab,107.76151433222347,-1.3869674193941606,0.0,1,301
226,226:16,Vehicle:7,scene_28_6,11372092543,Vehicle-SemiTruck-Cab,107.76151433222347,-1.3869674193941606,0.5,3,322
226,226:17,Vehicle:9,scene_28_6,11372092543,Vehicle-SemiTruck-Cab,156.92615782160098,165.56767295848718,0.0,0,12
226,226:17,Vehicle:9,scene_28_6,11372092543,Vehicle-SemiTruck-Cab,156.92615782160098,165.56767295848718,0.5,2,18
236,236:1,Vehicle:10,scene_28_6,11872064593,Vehicle-SemiTruck-Trailer,175.10928604044895,166.30892546568708,0.0,0,1
236,236:1,Vehicle:10,scene_28_6,11872064593,Vehicle-SemiTruck-Trailer,175.10928604044895,166.30892546568708,0.5,2,4
236,236:2,Vehicle:12,scene_28_6,11872064593,Vehicle-SemiTruck-Trailer,135.74857340955265,164.71052478705195,0.0,4,78
236,236:2,Vehicle:12,scene_28_6,11872064593,Vehicle-SemiTruck-Trailer,135.74857340955265,164.71052478705195,0.5,11,108
236,236:3,Vehicle:16,scene_28_6,11872064593,Vehicle-SemiTruck-Cab,38.43368935536307,67.9671936219149,0.0,5,1747
236,236:3,Vehicle:16,scene_28_6,11872064593,Vehicle-SemiTruck-Cab,38.43368935536307,67.9671936219149,0.5,5,2058
236,236:4,Vehicle:17,scene_28_6,11872064593,Vehicle-SemiTruck-Trailer,44.01347148122289,53.564620485643495,0.0,26,3686
236,236:4,Vehicle:17,scene_28_6,11872064593,Vehicle-SemiTruck-Trailer,44.01347148122289,53.564620485643495,0.5,31,4643
236,236:6,Vehicle:21,scene_28_6,11872064593,Vehicle-SemiTruck-Cab,82.30443435206911,21.46712696439305,0.0,25,11
236,236:6,Vehicle:21,scene_28_6,11872064593,Vehicle-SemiTruck-Cab,82.30443435206911,21.46712696439305,0.5,36,68
236,236:7,Vehicle:22,scene_28_6,11872064593,Vehicle-SemiTruck-Trailer,93.0606250211305,18.714823135714855,0.0,34,9
236,236:7,Vehicle:22,scene_28_6,11872064593,Vehicle-SemiTruck-Trailer,93.0606250211305,18.714823135714855,0.5,48,60
236,236:8,Vehicle:27,scene_28_6,11872064593,Vehicle,164.35115884788792,178.60167566272665,0.0,0,101
236,236:8,Vehicle:27,scene_28_6,11872064593,Vehicle,164.35115884788792,178.60167566272665,0.5,6,104
236,236:9,Vehicle:3,scene_28_6,11872064593,Vehicle-Passenger,21.457075091256222,6.655200765843195,0.0,4,1077
236,236:9,Vehicle:3,scene_28_6,11872064593,Vehicle-Passenger,21.457075091256222,6.655200765843195,0.5,13,1886
236,236:10,Vehicle:4,scene_28_6,11872064593,Vehicle-Passenger,62.84801019018791,1.4462886685010832,0.0,1,448
236,236:10,Vehicle:4,scene_28_6,11872064593,Vehicle-Passenger,62.84801019018791,1.4462886685010832,0.5,5,991
236,236:11,Vehicle:5,scene_28_6,11872064593,Vehicle-Passenger,48.72730076978803,-2.256988651902347,0.0,9,2038
236,236:11,Vehicle:5,scene_28_6,11872064593,Vehicle-Passenger,48.72730076978803,-2.256988651902347,0.5,21,2949
236,236:12,Vehicle:6,scene_28_6,11872064593,Vehicle-SemiTruck-Trailer,99.02934909760017,-1.9786921877936285,0.0,12,682
236,236:12,Vehicle:6,scene_28_6,11872064593,Vehicle-SemiTruck-Trailer,99.02934909760017,-1.9786921877936285,0.5,20,870
236,236:13,Vehicle:7,scene_28_6,11872064593,Vehicle-SemiTruck-Cab,109.29366792224253,-2.00360396429339,0.0,0,282
236,236:13,Vehicle:7,scene_28_6,11872064593,Vehicle-SemiTruck-Cab,109.29366792224253,-2.00360396429339,0.5,2,299
236,236:14,Vehicle:11,scene_28_6,11872064593,Vehicle-SemiTruck-Cab,146.44970117033617,165.75817318383582,0.0,0,0
236,236:14,Vehicle:11,scene_28_6,11872064593,Vehicle-SemiTruck-Cab,146.44970117033617,165.75817318383582,0.5,6,0
236,236:15,Vehicle:29,scene_28_6,11872064593,Vehicle,174.0487117742483,178.60770987792654,0.0,1,0
236,236:15,Vehicle:29,scene_28_6,11872064593,Vehicle,174.0487117742483,178.60770987792654,0.5,3,0
236,236:16,Vehicle:31,scene_28_6,11872064593,Vehicle-SemiTruck-Cab,321.4491085569387,4.316836401318209,0.0,5,2
236,236:16,Vehicle:31,scene_28_6,11872064593,Vehicle-SemiTruck-Cab,321.4491085569387,4.316836401318209,0.5,5,2
246,246:1,Vehicle:12,scene_28_6,12372046768,Vehicle-SemiTruck-Trailer,164.74522673239886,166.73296505882635,0.0,1,68
246,246:1,Vehicle:12,scene_28_6,12372046768,Vehicle-SemiTruck-Trailer,164.74522673239886,166.73296505882635,0.5,4,87
246,246:2,Vehicle:16,scene_28_6,12372046768,Vehicle-SemiTruck-Cab,39.171623418706744,113.03257667960654,0.0,4,100
246,246:2,Vehicle:16,scene_28_6,12372046768,Vehicle-SemiTruck-Cab,39.171623418706744,113.03257667960654,0.5,14,513
246,246:3,Vehicle:17,scene_28_6,12372046768,Vehicle-SemiTruck-Trailer,35.920087917688306,95.847125427242,0.0,28,12896
246,246:3,Vehicle:17,scene_28_6,12372046768,Vehicle-SemiTruck-Trailer,35.920087917688306,95.847125427242,0.5,33,15341
246,246:5,Vehicle:21,scene_28_6,12372046768,Vehicle-SemiTruck-Cab,56.23668264635515,32.50471640356767,0.0,30,103
246,246:5,Vehicle:21,scene_28_6,12372046768,Vehicle-SemiTruck-Cab,56.23668264635515,32.50471640356767,0.5,35,390
246,246:6,Vehicle:22,scene_28_6,12372046768,Vehicle-SemiTruck-Trailer,66.09912313003427,26.864932846396208,0.0,70,593
246,246:6,Vehicle:22,scene_28_6,12372046768,Vehicle-SemiTruck-Trailer,66.09912313003427,26.864932846396208,0.5,81,1170
246,246:7,Vehicle:27,scene_28_6,12372046768,Vehicle,160.97229577362071,178.2864540647928,0.0,3,89
246,246:7,Vehicle:27,scene_28_6,12372046768,Vehicle,160.97229577362071,178.2864540647928,0.5,5,106
246,246:8,Vehicle:29,scene_28_6,12372046768,Vehicle,170.7511139318567,178.28589510066104,0.0,0,35
246,246:8,Vehicle:29,scene_28_6,12372046768,Vehicle,170.7511139318567,178.28589510066104,0.5,1,40
246,246:9,Vehicle:3,scene_28_6,12372046768,Vehicle-Passenger,23.63897270559409,4.551298839669919,0.0,5,700
246,246:9,Vehicle:3,scene_28_6,12372046768,Vehicle-Passenger,23.63897270559409,4.551298839669919,0.5,16,1909
246,246:10,Vehicle:31,scene_28_6,12372046768,Vehicle-SemiTruck-Cab,291.35118403484637,4.396420787626676,0.0,2,15
246,246:10,Vehicle:31,scene_28_6,12372046768,Vehicle-SemiTruck-Cab,291.35118403484637,4.396420787626676,0.5,3,19
246,246:11,Vehicle:4,scene_28_6,12372046768,Vehicle-Passenger,65.67631286328263,0.5421150665478806,0.0,0,418
246,246:11,Vehicle:4,scene_28_6,12372046768,Vehicle-Passenger,65.67631286328263,0.5421150665478806,0.5,7,885
246,246:12,Vehicle:5,scene_28_6,12372046768,Vehicle-Passenger,48.16352122374119,-2.9970492626865908,0.0,4,1669
246,246:12,Vehicle:5,scene_28_6,12372046768,Vehicle-Passenger,48.16352122374119,-2.9970492626865908,0.5,16,2970
246,246:13,Vehicle:6,scene_28_6,12372046768,Vehicle-SemiTruck-Trailer,100.55238789170116,-2.535490133291533,0.0,22,896
246,246:13,Vehicle:6,scene_28_6,12372046768,Vehicle-SemiTruck-Trailer,100.55238789170116,-2.535490133291533,0.5,28,1110
246,246:14,Vehicle:7,scene_28_6,12372046768,Vehicle-SemiTruck-Cab,110.81675183794307,-2.5497719103868746,0.0,4,319
246,246:14,Vehicle:7,scene_28_6,12372046768,Vehicle-SemiTruck-Cab,110.81675183794307,-2.5497719103868746,0.5,4,353
246,246:15,Vehicle:11,scene_28_6,12372046768,Vehicle-SemiTruck-Trailer,175.78294229620818,167.46746888971086,0.0,0,1
246,246:15,Vehicle:11,scene_28_6,12372046768,Vehicle-SemiTruck-Trailer,175.78294229620818,167.46746888971086,0.5,0,1
256,256:1,Vehicle:12,scene_28_6,12872186118,Vehicle-SemiTruck-Trailer,194.20532472507605,168.12281588724534,0.0,0,44
256,256:1,Vehicle:12,scene_28_6,12872186118,Vehicle-SemiTruck-Trailer,194.20532472507605,168.12281588724534,0.5,2,49
256,256:2,Vehicle:16,scene_28_6,12872186118,Vehicle-SemiTruck-Cab,58.33975852446189,140.66544069332113,0.0,4,4
256,256:2,Vehicle:16,scene_28_6,12872186118,Vehicle-SemiTruck-Cab,58.33975852446189,140.66544069332113,0.5,10,8
256,256:3,Vehicle:17,scene_28_6,12872186118,Vehicle-SemiTruck-Trailer,49.559692843503306,132.4055711938773,0.0,16,296
256,256:3,Vehicle:17,scene_28_6,12872186118,Vehicle-SemiTruck-Trailer,49.559692843503306,132.4055711938773,0.5,31,395
256,256:5,Vehicle:21,scene_28_6,12872186118,Vehicle-SemiTruck-Cab,35.52371252706237,59.212204842003345,0.0,7,1172
256,256:5,Vehicle:21,scene_28_6,12872186118,Vehicle-SemiTruck-Cab,35.52371252706237,59.212204842003345,0.5,8,1546
256,256:6,Vehicle:22,scene_28_6,12872186118,Vehicle-SemiTruck-Trailer,42.285397602033356,45.340084313632254,0.0,43,4051
256,256:6,Vehicle:22,scene_28_6,12872186118,Vehicle-SemiTruck-Trailer,42.285397602033356,45.340084313632254,0.5,57,5375
256,256:7,Vehicle:27,scene_28_6,12872186118,Vehicle,157.57048340652653,177.99096277998714,0.0,4,126
256,256:7,Vehicle:27,scene_28_6,12872186118,Vehicle,157.57048340652653,177.99096277998714,0.5,5,131
256,256:8,Vehicle:29,scene_28_6,12872186118,Vehicle,167.39287096382932,177.98986161079847,0.0,1,8
256,256:8,Vehicle:29,scene_28_6,12872186118,Vehicle,167.39287096382932,177.98986161079847,0.5,1,8
256,256:9,Vehicle:3,scene_28_6,12872186118,Vehicle-Passenger,25.79796880087408,2.622046805846859,0.0,3,538
256,256:9,Vehicle:3,scene_28_6,12872186118,Vehicle-Passenger,25.79796880087408,2.622046805846859,0.5,12,1558
256,256:10,Vehicle:31,scene_28_6,12872186118,Vehicle-SemiTruck-Cab,261.73590843296233,4.615746332060611,0.0,0,6
256,256:10,Vehicle:31,scene_28_6,12872186118,Vehicle-SemiTruck-Cab,261.73590843296233,4.615746332060611,0.5,1,6
256,256:11,Vehicle:4,scene_28_6,12872186118,Vehicle-Passenger,68.62080679676689,-0.37020326883011834,0.0,2,363
256,256:11,Vehicle:4,scene_28_6,12872186118,Vehicle-Passenger,68.62080679676689,-0.37020326883011834,0.5,8,695
256,256:12,Vehicle:5,scene_28_6,12872186118,Vehicle-Passenger,47.61767997812442,-3.8597369082055457,0.0,5,1654
256,256:12,Vehicle:5,scene_28_6,12872186118,Vehicle-Passenger,47.61767997812442,-3.8597369082055457,0.5,13,3009
256,256:13,Vehicle:6,scene_28_6,12872186118,Vehicle-SemiTruck-Trailer,102.0658690995762,-3.137953286539795,0.0,21,736
256,256:13,Vehicle:6,scene_28_6,12872186118,Vehicle-SemiTruck-Trailer,102.0658690995762,-3.137953286539795,0.5,26,965
256,256:14,Vehicle:7,scene_28_6,12872186118,Vehicle-SemiTruck-Cab,112.32994182484451,-3.136216522706791,0.0,2,245
256,256:14,Vehicle:7,scene_28_6,12872186118,Vehicle-SemiTruck-Cab,112.32994182484451,-3.136216522706791,0.5,5,258
256,256:15,Vehicle:11,scene_28_6,12872186118,Vehicle-SemiTruck-Trailer,205.44119299305794,168.65038378322942,0.0,0,0
256,256:15,Vehicle:11,scene_28_6,12872186118,Vehicle-SemiTruck-Trailer,205.44119299305794,168.65038378322942,0.5,0,0
266,266:1,Vehicle:12,scene_28_6,13372168368,Vehicle-SemiTruck-Trailer,223.90054070553973,169.3970876884422,0.0,1,18
266,266:1,Vehicle:12,scene_28_6,13372168368,Vehicle-SemiTruck-Trailer,223.90054070553973,169.3970876884422,0.5,1,22
266,266:2,Vehicle:17,scene_28_6,13372168368,Vehicle-SemiTruck-Trailer,73.43184901878615,149.2159379991048,0.0,8,60
266,266:2,Vehicle:17,scene_28_6,13372168368,Vehicle-SemiTruck-Trailer,73.43184901878615,149.2159379991048,0.5,27,105
266,266:4,Vehicle:21,scene_28_6,13372168368,Vehicle-SemiTruck-Cab,33.23728975519202,110.41535761550698,0.0,20,132
266,266:4,Vehicle:21,scene_28_6,13372168368,Vehicle-SemiTruck-Cab,33.23728975519202,110.41535761550698,0.5,21,1227
266,266:5,Vehicle:22,scene_28_6,13372168368,Vehicle-SemiTruck-Trailer,30.679633149887888,90.12682935462469,0.0,7,16636
266,266:5,Vehicle:22,scene_28_6,13372168368,Vehicle-SemiTruck-Trailer,30.679633149887888,90.12682935462469,0.5,18,19847
266,266:6,Vehicle:27,scene_28_6,13372168368,Vehicle,154.08204941383755,178.0148743509338,0.0,3,164
266,266:6,Vehicle:27,scene_28_6,13372168368,Vehicle,154.08204941383755,178.0148743509338,0.5,5,167
266,266:7,Vehicle:3,scene_28_6,13372168368,Vehicle-Passenger,27.984115715560957,1.2073975278694422,0.0,2,766
266,266:7,Vehicle:3,scene_28_6,13372168368,Vehicle-Passenger,27.984115715560957,1.2073975278694422,0.5,8,1697
266,266:8,Vehicle:4,scene_28_6,13372168368,Vehicle-Passenger,71.72899708664333,-0.9736874303826761,0.0,1,321
266,266:8,Vehicle:4,scene_28_6,13372168368,Vehicle-Passenger,71.72899708664333,-0.9736874303826761,0.5,5,597
266,266:9,Vehicle:5,scene_28_6,13372168368,Vehicle-Passenger,47.10680822119558,-4.5476303982660164,0.0,5,1724
266,266:9,Vehicle:5,scene_28_6,13372168368,Vehicle-Passenger,47.10680822119558,-4.5476303982660164,0.5,23,3130
266,266:10,Vehicle:6,scene_28_6,13372168368,Vehicle-SemiTruck-Trailer,103.51517849545046,-3.5073434248629827,0.0,26,697
266,266:10,Vehicle:6,scene_28_6,13372168368,Vehicle-SemiTruck-Trailer,103.51517849545046,-3.5073434248629827,0.5,35,941
266,266:11,Vehicle:7,scene_28_6,13372168368,Vehicle-SemiTruck-Cab,113.78002766887197,-3.483471175825675,0.0,4,235
266,266:11,Vehicle:7,scene_28_6,13372168368,Vehicle-SemiTruck-Cab,113.78002766887197,-3.483471175825675,0.5,6,248
266,266:12,Vehicle:11,scene_28_6,13372168368,Vehicle-SemiTruck-Trailer,234.9700127831777,169.77953554729143,0.0,0,0
266,266:12,Vehicle:11,scene_28_6,13372168368,Vehicle-SemiTruck-Trailer,234.9700127831777,169.77953554729143,0.5,0,0
266,266:13,Vehicle:16,scene_28_6,13372168368,Vehicle-SemiTruck-Cab,83.90503075838147,153.08449788277866,0.0,6,2
266,266:13,Vehicle:16,scene_28_6,13372168368,Vehicle-SemiTruck-Cab,83.90503075838147,153.08449788277866,0.5,9,2
266,266:14,Vehicle:29,scene_28_6,13372168368,Vehicle,163.92664392834047,178.01328097022432,0.0,2,0
266,266:14,Vehicle:29,scene_28_6,13372168368,Vehicle,163.92664392834047,178.01328097022432,0.5,3,0
266,266:15,Vehicle:31,scene_28_6,13372168368,Vehicle-SemiTruck-Cab,232.78605124694533,5.307367472160311,0.0,3,1
266,266:15,Vehicle:31,scene_28_6,13372168368,Vehicle-SemiTruck-Cab,232.78605124694533,5.307367472160311,0.5,3,1
276,276:1,Vehicle:11,scene_28_6,13872140443,Vehicle-SemiTruck-Trailer,264.4423097182042,171.06289949274728,0.0,0,4
276,276:1,Vehicle:11,scene_28_6,13872140443,Vehicle-SemiTruck-Trailer,264.4423097182042,171.06289949274728,0.5,0,4
276,276:2,Vehicle:12,scene_28_6,13872140443,Vehicle-SemiTruck-Trailer,253.5413652585087,170.76780725930223,0.0,0,45
276,276:2,Vehicle:12,scene_28_6,13872140443,Vehicle-SemiTruck-Trailer,253.5413652585087,170.76780725930223,0.5,0,54
276,276:3,Vehicle:17,scene_28_6,13872140443,Vehicle-SemiTruck-Trailer,100.26475808240477,157.72850072122225,0.0,6,78
276,276:3,Vehicle:17,scene_28_6,13872140443,Vehicle-SemiTruck-Trailer,100.26475808240477,157.72850072122225,0.5,14,94
276,276:4,Vehicle:18,scene_28_6,13872140443,Vehicle-SemiTruck-Cab,381.0022030069285,2.413164531008013,0.0,0,7
276,276:4,Vehicle:18,scene_28_6,13872140443,Vehicle-SemiTruck-Cab,381.0022030069285,2.413164531008013,0.5,0,7
276,276:6,Vehicle:21,scene_28_6,13872140443,Vehicle-SemiTruck-Cab,52.50965635720732,142.86050613687325,0.0,9,5
276,276:6,Vehicle:21,scene_28_6,13872140443,Vehicle-SemiTruck-Cab,52.50965635720732,142.86050613687325,0.5,17,102
276,276:7,Vehicle:22,scene_28_6,13872140443,Vehicle-SemiTruck-Trailer,43.59437177752312,134.13115655973422,0.0,20,364
276,276:7,Vehicle:22,scene_28_6,13872140443,Vehicle-SemiTruck-Trailer,43.59437177752312,134.13115655973422,0.5,32,959
276,276:8,Vehicle:27,scene_28_6,13872140443,Vehicle,150.80024684336743,178.488742514441,0.0,3,96
276,276:8,Vehicle:27,scene_28_6,13872140443,Vehicle,150.80024684336743,178.488742514441,0.5,4,97
276,276:9,Vehicle:3,scene_28_6,13872140443,Vehicle-Passenger,30.2267718995818,0.4971850126798673,0.0,2,629
276,276:9,Vehicle:3,scene_28_6,13872140443,Vehicle-Passenger,30.2267718995818,0.4971850126798673,0.5,6,1865
276,276:10,Vehicle:31,scene_28_6,13872140443,Vehicle-SemiTruck-Cab,203.91757063533294,6.669690519808468,0.0,0,17
276,276:10,Vehicle:31,scene_28_6,13872140443,Vehicle-SemiTruck-Cab,203.91757063533294,6.669690519808468,0.5,1,17
276,276:11,Vehicle:38,scene_28_6,13872140443,Vehicle-Other,216.1487068441776,6.094408215959781,0.0,6,7
276,276:11,Vehicle:38,scene_28_6,13872140443,Vehicle-Other,216.1487068441776,6.094408215959781,0.5,14,8
276,276:12,Vehicle:4,scene_28_6,13872140443,Vehicle-Passenger,74.92382370635568,-1.0749085407216894,0.0,0,246
276,276:12,Vehicle:4,scene_28_6,13872140443,Vehicle-Passenger,74.92382370635568,-1.0749085407216894,0.5,5,517
276,276:13,Vehicle:5,scene_28_6,13872140443,Vehicle-Passenger,46.5514437429207,-4.839904858682923,0.0,7,2048
276,276:13,Vehicle:5,scene_28_6,13872140443,Vehicle-Passenger,46.5514437429207,-4.839904858682923,0.5,23,3604
276,276:14,Vehicle:6,scene_28_6,13872140443,Vehicle-SemiTruck-Trailer,104.90313323808844,-3.473348345878902,0.0,26,590
276,276:14,Vehicle:6,scene_28_6,13872140443,Vehicle-SemiTruck-Trailer,104.90313323808844,-3.473348345878902,0.5,29,734
276,276:15,Vehicle:7,scene_28_6,13872140443,Vehicle-SemiTruck-Cab,115.16859525241314,-3.425713872140288,0.0,2,172
276,276:15,Vehicle:7,scene_28_6,13872140443,Vehicle-SemiTruck-Cab,115.16859525241314,-3.425713872140288,0.5,3,187
276,276:16,Vehicle:16,scene_28_6,13872140443,Vehicle-SemiTruck-Cab,111.37983533387776,159.8765990543184,0.0,1,0
276,276:16,Vehicle:16,scene_28_6,13872140443,Vehicle-SemiTruck-Cab,111.37983533387776,159.8765990543184,0.5,4,0
276,276:17,Vehicle:29,scene_28_6,13872140443,Vehicle,160.62800018942144,178.47551670716888,0.0,3,0
276,276:17,Vehicle:29,scene_28_6,13872140443,Vehicle,160.62800018942144,178.47551670716888,0.5,3,0
286,286:1,Vehicle:12,scene_28_6,14372122768,Vehicle-SemiTruck-Trailer,283.15641633655235,172.04750458540687,0.0,0,38
286,286:1,Vehicle:12,scene_28_6,14372122768,Vehicle-SemiTruck-Trailer,283.15641633655235,172.04750458540687,0.5,0,62
286,286:2,Vehicle:17,scene_28_6,14372122768,Vehicle-SemiTruck-Trailer,128.466652495929,162.87248363108134,0.0,2,64
286,286:2,Vehicle:17,scene_28_6,14372122768,Vehicle-SemiTruck-Trailer,128.466652495929,162.87248363108134,0.5,10,66
286,286:4,Vehicle:21,scene_28_6,14372122768,Vehicle-SemiTruck-Cab,78.63369665493688,156.1215935253016,0.0,3,10
286,286:4,Vehicle:21,scene_28_6,14372122768,Vehicle-SemiTruck-Cab,78.63369665493688,156.1215935253016,0.5,8,18
286,286:5,Vehicle:22,scene_28_6,14372122768,Vehicle-SemiTruck-Trailer,68.13728514300598,152.44820403850136,0.0,18,73
286,286:5,Vehicle:22,scene_28_6,14372122768,Vehicle-SemiTruck-Trailer,68.13728514300598,152.44820403850136,0.5,32,236
286,286:6,Vehicle:27,scene_28_6,14372122768,Vehicle,147.59132007847344,179.29207762763951,0.0,3,52
286,286:6,Vehicle:27,scene_28_6,14372122768,Vehicle,147.59132007847344,179.29207762763951,0.5,4,64
286,286:7,Vehicle:3,scene_28_6,14372122768,Vehicle-Passenger,32.61529971377327,0.2517492075791135,0.0,1,610
286,286:7,Vehicle:3,scene_28_6,14372122768,Vehicle-Passenger,32.61529971377327,0.2517492075791135,0.5,7,1669
286,286:8,Vehicle:31,scene_28_6,14372122768,Vehicle-SemiTruck-Cab,174.90931914087506,8.636029179547684,0.0,8,18
286,286:8,Vehicle:31,scene_28_6,14372122768,Vehicle-SemiTruck-Cab,174.90931914087506,8.636029179547684,0.5,9,18
286,286:9,Vehicle:32,scene_28_6,14372122768,Vehicle-SemiTruck-Trailer,186.99414289803892,7.960844467756897,0.0,25,34
286,286:9,Vehicle:32,scene_28_6,14372122768,Vehicle-SemiTruck-Trailer,186.99414289803892,7.960844467756897,0.5,31,36
286,286:10,Vehicle:38,scene_28_6,14372122768,Vehicle-Other,186.78623020504358,7.861765939530121,0.0,7,8
286,286:10,Vehicle:38,scene_28_6,14372122768,Vehicle-Other,186.78623020504358,7.861765939530121,0.5,16,21
286,286:11,Vehicle:4,scene_28_6,14372122768,Vehicle-Passenger,78.03103441653133,-0.9070500299712627,0.0,0,231
286,286:11,Vehicle:4,scene_28_6,14372122768,Vehicle-Passenger,78.03103441653133,-0.9070500299712627,0.5,6,296
286,286:12,Vehicle:5,scene_28_6,14372122768,Vehicle-Passenger,45.94061958175595,-4.911127140887365,0.0,4,2209
286,286:12,Vehicle:5,scene_28_6,14372122768,Vehicle-Passenger,45.94061958175595,-4.911127140887365,0.5,16,3733
286,286:13,Vehicle:6,scene_28_6,14372122768,Vehicle-SemiTruck-Trailer,106.28334549715123,-3.2347547332440176,0.0,30,660
286,286:13,Vehicle:6,scene_28_6,14372122768,Vehicle-SemiTruck-Trailer,106.28334549715123,-3.2347547332440176,0.5,39,777
286,286:14,Vehicle:7,scene_28_6,14372122768,Vehicle-SemiTruck-Cab,116.54864389483193,-3.167038428968807,0.0,6,192
286,286:14,Vehicle:7,scene_28_6,14372122768,Vehicle-SemiTruck-Cab,116.54864389483193,-3.167038428968807,0.5,8,212
286,286:15,Vehicle:16,scene_28_6,14372122768,Vehicle-SemiTruck-Cab,139.73480071763888,164.22889978065095,0.0,1,0
286,286:15,Vehicle:16,scene_28_6,14372122768,Vehicle-SemiTruck-Cab,139.73480071763888,164.22889978065095,0.5,3,1
286,286:16,Vehicle:18,scene_28_6,14372122768,Vehicle-SemiTruck-Cab,356.0932622337159,3.1416726258123027,0.0,0,0
286,286:16,Vehicle:18,scene_28_6,14372122768,Vehicle-SemiTruck-Cab,356.0932622337159,3.1416726258123027,0.5,0,0
286,286:17,Vehicle:29,scene_28_6,14372122768,Vehicle,157.3898207498734,179.18576822390511,0.0,1,0
286,286:17,Vehicle:29,scene_28_6,14372122768,Vehicle,157.3898207498734,179.18576822390511,0.5,2,0
296,296:1,Vehicle:12,scene_28_6,14872094968,Vehicle-SemiTruck-Trailer,312.5659833413242,173.25959682729467,0.0,0,26
296,296:1,Vehicle:12,scene_28_6,14872094968,Vehicle-SemiTruck-Trailer,312.5659833413242,173.25959682729467,0.5,0,26
296,296:2,Vehicle:16,scene_28_6,14872094968,Vehicle-SemiTruck-Cab,168.55654541843276,167.31000855607112,0.0,0,8
296,296:2,Vehicle:16,scene_28_6,14872094968,Vehicle-SemiTruck-Cab,168.55654541843276,167.31000855607112,0.5,3,8
296,296:3,Vehicle:17,scene_28_6,14872094968,Vehicle-SemiTruck-Trailer,157.37493817867679,166.39918951592006,0.0,1,155
296,296:3,Vehicle:17,scene_28_6,14872094968,Vehicle-SemiTruck-Trailer,157.37493817867679,166.39918951592006,0.5,4,172
296,296:4,Vehicle:18,scene_28_6,14872094968,Vehicle-SemiTruck-Cab,326.6011788421037,4.064542955783192,0.0,0,0
296,296:4,Vehicle:18,scene_28_6,14872094968,Vehicle-SemiTruck-Cab,326.6011788421037,4.064542955783192,0.5,0,0
296,296:6,Vehicle:21,scene_28_6,14872094968,Vehicle-SemiTruck-Cab,106.14954071672777,162.77620794469865,0.0,3,9
296,296:6,Vehicle:21,scene_28_6,14872094968,Vehicle-SemiTruck-Cab,106.14954071672777,162.77620794469865,0.5,8,13
296,296:7,Vehicle:22,scene_28_6,14872094968,Vehicle-SemiTruck-Trailer,95.13988319570942,160.8330168839451,0.0,8,84
296,296:7,Vehicle:22,scene_28_6,14872094968,Vehicle-SemiTruck-Trailer,95.13988319570942,160.8330168839451,0.5,13,101
296,296:8,Vehicle:3,scene_28_6,14872094968,Vehicle-Passenger,35.2619730146684,0.3430262729896552,0.0,2,920
296,296:8,Vehicle:3,scene_28_6,14872094968,Vehicle-Passenger,35.2619730146684,0.3430262729896552,0.5,16,1606
296,296:9,Vehicle:31,scene_28_6,14872094968,Vehicle-SemiTruck-Cab,146.54234299167365,11.359729568077766,0.0,7,32
296,296:9,Vehicle:31,scene_28_6,14872094968,Vehicle-SemiTruck-Cab,146.54234299167365,11.359729568077766,0.5,7,33
296,296:10,Vehicle:32,scene_28_6,14872094968,Vehicle-SemiTruck-Trailer,158.07150978734762,10.420839348105895,0.0,28,17
296,296:10,Vehicle:32,scene_28_6,14872094968,Vehicle-SemiTruck-Trailer,158.07150978734762,10.420839348105895,0.5,33,29
296,296:11,Vehicle:38,scene_28_6,14872094968,Vehicle-Other,158.35541605971324,10.273644145308825,0.0,2,22
296,296:11,Vehicle:38,scene_28_6,14872094968,Vehicle-Other,158.35541605971324,10.273644145308825,0.5,14,32
296,296:12,Vehicle:4,scene_28_6,14872094968,Vehicle-Passenger,81.12529366130889,-0.5819303083894736,0.0,1,214
296,296:12,Vehicle:4,scene_28_6,14872094968,Vehicle-Passenger,81.12529366130889,-0.5819303083894736,0.5,5,292
296,296:13,Vehicle:5,scene_28_6,14872094968,Vehicle-Passenger,45.29893603610317,-4.812223740698143,0.0,8,2180
296,296:13,Vehicle:5,scene_28_6,14872094968,Vehicle-Passenger,45.29893603610317,-4.812223740698143,0.5,17,3695
296,296:14,Vehicle:6,scene_28_6,14872094968,Vehicle-SemiTruck-Trailer,107.60484926982207,-2.8360976549590395,0.0,21,598
296,296:14,Vehicle:6,scene_28_6,14872094968,Vehicle-SemiTruck-Trailer,107.60484926982207,-2.8360976549590395,0.5,27,773
296,296:15,Vehicle:7,scene_28_6,14872094968,Vehicle-SemiTruck-Cab,117.86972919970225,-2.75367164993382,0.0,5,237
296,296:15,Vehicle:7,scene_28_6,14872094968,Vehicle-SemiTruck-Cab,117.86972919970225,-2.75367164993382,0.5,6,257
296,296:16,Vehicle:27,scene_28_6,14872094968,Vehicle-SemiTruck-Cab,144.1324230956514,-179.62521169641136,0.0,0,0
296,296:16,Vehicle:27,scene_28_6,14872094968,Vehicle-SemiTruck-Cab,144.1324230956514,-179.62521169641136,0.5,0,0
296,296:17,Vehicle:29,scene_28_6,14872094968,Vehicle,153.93859776285646,-179.86891883700557,0.0,0,0
296,296:17,Vehicle:29,scene_28_6,14872094968,Vehicle,153.93859776285646,-179.86891883700557,0.5,1,8
306,306:1,Vehicle:12,scene_28_6,15372077468,Vehicle-SemiTruck-Trailer,342.11779780829244,174.19683225136833,0.0,0,22
306,306:1,Vehicle:12,scene_28_6,15372077468,Vehicle-SemiTruck-Trailer,342.11779780829244,174.19683225136833,0.5,0,23
306,306:2,Vehicle:17,scene_28_6,15372077468,Vehicle-SemiTruck-Trailer,186.7164495066195,168.84488317184088,0.0,1,173
306,306:2,Vehicle:17,scene_28_6,15372077468,Vehicle-SemiTruck-Trailer,186.7164495066195,168.84488317184088,0.5,3,181
306,306:4,Vehicle:21,scene_28_6,15372077468,Vehicle-SemiTruck-Cab,134.0903568064648,166.70463347312747,0.0,0,12
306,306:4,Vehicle:21,scene_28_6,15372077468,Vehicle-SemiTruck-Cab,134.0903568064648,166.70463347312747,0.5,1,12
306,306:5,Vehicle:22,scene_28_6,15372077468,Vehicle-SemiTruck-Trailer,122.85010716576248,165.51666937078187,0.0,5,159
306,306:5,Vehicle:22,scene_28_6,15372077468,Vehicle-SemiTruck-Trailer,122.85010716576248,165.51666937078187,0.5,14,191
306,306:6,Vehicle:27,scene_28_6,15372077468,Vehicle-SemiTruck-Cab,140.487663157541,-178.71674978446464,0.0,1,17
306,306:6,Vehicle:27,scene_28_6,15372077468,Vehicle-SemiTruck-Cab,140.487663157541,-178.71674978446464,0.5,3,30
306,306:7,Vehicle:29,scene_28_6,15372077468,Vehicle-SemiTruck-Trailer,150.2692484722888,-178.99253470417193,0.0,0,10
306,306:7,Vehicle:29,scene_28_6,15372077468,Vehicle-SemiTruck-Trailer,150.2692484722888,-178.99253470417193,0.5,1,10
306,306:8,Vehicle:3,scene_28_6,15372077468,Vehicle-Passenger,38.10477479412056,0.4798321090879625,0.0,2,848
306,306:8,Vehicle:3,scene_28_6,15372077468,Vehicle-Passenger,38.10477479412056,0.4798321090879625,0.5,6,2311
306,306:9,Vehicle:31,scene_28_6,15372077468,Vehicle-SemiTruck-Cab,118.9007728666692,14.923920447405788,0.0,16,23
306,306:9,Vehicle:31,scene_28_6,15372077468,Vehicle-SemiTruck-Cab,118.9007728666692,14.923920447405788,0.5,17,53
306,306:10,Vehicle:32,scene_28_6,15372077468,Vehicle-SemiTruck-Trailer,130.1360069874393,13.481446847069662,0.0,46,7
306,306:10,Vehicle:32,scene_28_6,15372077468,Vehicle-SemiTruck-Trailer,130.1360069874393,13.481446847069662,0.5,58,25
306,306:11,Vehicle:38,scene_28_6,15372077468,Vehicle-Other,130.3234563016597,13.363834797259608,0.0,7,2
306,306:11,Vehicle:38,scene_28_6,15372077468,Vehicle-Other,130.3234563016597,13.363834797259608,0.5,11,2
306,306:12,Vehicle:4,scene_28_6,15372077468,Vehicle-Passenger,84.35889739060367,-0.3236390122992863,0.0,1,174
306,306:12,Vehicle:4,scene_28_6,15372077468,Vehicle-Passenger,84.35889739060367,-0.3236390122992863,0.5,6,277
306,306:13,Vehicle:5,scene_28_6,15372077468,Vehicle-Passenger,44.64104119532559,-4.786933004711819,0.0,8,2315
306,306:13,Vehicle:5,scene_28_6,15372077468,Vehicle-Passenger,44.64104119532559,-4.786933004711819,0.5,18,3668
306,306:14,Vehicle:6,scene_28_6,15372077468,Vehicle-SemiTruck-Trailer,108.85897794935838,-2.5036080261498688,0.0,33,618
306,306:14,Vehicle:6,scene_28_6,15372077468,Vehicle-SemiTruck-Trailer,108.85897794935838,-2.5036080261498688,0.5,43,787
306,306:15,Vehicle:7,scene_28_6,15372077468,Vehicle-SemiTruck-Cab,119.12362733040476,-2.413397391138824,0.0,3,220
306,306:15,Vehicle:7,scene_28_6,15372077468,Vehicle-SemiTruck-Cab,119.12362733040476,-2.413397391138824,0.5,5,234
306,306:16,Vehicle:18,scene_28_6,15372077468,Vehicle-SemiTruck-Cab,294.38766159557423,4.997533598246532,0.0,1,0
306,306:16,Vehicle:18,scene_28_6,15372077468,Vehicle-SemiTruck-Cab,294.38766159557423,4.997533598246532,0.5,3,0
306,306:17,Vehicle:28,scene_28_6,15372077468,Vehicle-Passenger,214.64145831489262,7.074683723420245,0.0,1,0
306,306:17,Vehicle:28,scene_28_6,15372077468,Vehicle-Passenger,214.64145831489262,7.074683723420245,0.5,1,0
318,318:1,Vehicle:12,scene_28_6,15972144018,Vehicle-SemiTruck-Trailer,378.2942582963711,175.09010835472938,0.0,0,1
318,318:1,Vehicle:12,scene_28_6,15972144018,Vehicle-SemiTruck-Trailer,378.2942582963711,175.09010835472938,0.5,0,4
318,318:2,Vehicle:17,scene_28_6,15972144018,Vehicle-SemiTruck-Trailer,222.0086992015188,170.9793727624468,0.0,2,89
318,318:2,Vehicle:17,scene_28_6,15972144018,Vehicle-SemiTruck-Trailer,222.0086992015188,170.9793727624468,0.5,2,101
318,318:3,Vehicle:18,scene_28_6,15972144018,Vehicle-SemiTruck-Cab,256.6537730682653,6.2858027190412225,0.0,1,9
318,318:3,Vehicle:18,scene_28_6,15972144018,Vehicle-SemiTruck-Cab,256.6537730682653,6.2858027190412225,0.5,3,9
318,318:5,Vehicle:21,scene_28_6,15972144018,Vehicle-SemiTruck-Cab,168.57340018604415,169.75476532208023,0.0,0,13
318,318:5,Vehicle:21,scene_28_6,15972144018,Vehicle-SemiTruck-Cab,168.57340018604415,169.75476532208023,0.5,1,13
318,318:6,Vehicle:22,scene_28_6,15972144018,Vehicle-SemiTruck-Trailer,157.23160372023665,169.01277624109085,0.0,1,247
318,318:6,Vehicle:22,scene_28_6,15972144018,Vehicle-SemiTruck-Trailer,157.23160372023665,169.01277624109085,0.5,6,266
318,318:7,Vehicle:27,scene_28_6,15972144018,Vehicle-SemiTruck-Cab,136.3311193683075,-178.11743301556808,0.0,5,147
318,318:7,Vehicle:27,scene_28_6,15972144018,Vehicle-SemiTruck-Cab,136.3311193683075,-178.11743301556808,0.5,8,150
318,318:8,Vehicle:28,scene_28_6,15972144018,Vehicle-Passenger,179.2468162261732,8.993876653803337,0.0,2,9
318,318:8,Vehicle:28,scene_28_6,15972144018,Vehicle-Passenger,179.2468162261732,8.993876653803337,0.5,2,12
318,318:9,Vehicle:3,scene_28_6,15972144018,Vehicle-Passenger,41.6707525559473,0.7121376677564714,0.0,0,608
318,318:9,Vehicle:3,scene_28_6,15972144018,Vehicle-Passenger,41.6707525559473,0.7121376677564714,0.5,7,2556
318,318:10,Vehicle:31,scene_28_6,15972144018,Vehicle-SemiTruck-Cab,86.38305119944138,21.64787172893541,0.0,13,10
318,318:10,Vehicle:31,scene_28_6,15972144018,Vehicle-SemiTruck-Cab,86.38305119944138,21.64787172893541,0.5,21,63
318,318:11,Vehicle:32,scene_28_6,15972144018,Vehicle-SemiTruck-Trailer,97.23118376621585,19.00141171177069,0.0,51,6
318,318:11,Vehicle:32,scene_28_6,15972144018,Vehicle-SemiTruck-Trailer,97.23118376621585,19.00141171177069,0.5,66,43
318,318:12,Vehicle:38,scene_28_6,15972144018,Vehicle-Other,97.44106524276773,18.88773042592899,0.0,10,4
318,318:12,Vehicle:38,scene_28_6,15972144018,Vehicle-Other,97.44106524276773,18.88773042592899,0.5,13,10
318,318:13,Vehicle:4,scene_28_6,15972144018,Vehicle-Passenger,88.29980635769586,0.01664089917946353,0.0,0,232
318,318:13,Vehicle:4,scene_28_6,15972144018,Vehicle-Passenger,88.29980635769586,0.01664089917946353,0.5,2,305
318,318:14,Vehicle:5,scene_28_6,15972144018,Vehicle-Passenger,43.86368585518721,-4.779662591547974,0.0,3,2538
318,318:14,Vehicle:5,scene_28_6,15972144018,Vehicle-Passenger,43.86368585518721,-4.779662591547974,0.5,17,4318
318,318:15,Vehicle:6,scene_28_6,15972144018,Vehicle-SemiTruck-Trailer,110.47623058788744,-2.112043095127046,0.0,28,552
318,318:15,Vehicle:6,scene_28_6,15972144018,Vehicle-SemiTruck-Trailer,110.47623058788744,-2.112043095127046,0.5,33,746
318,318:16,Vehicle:7,scene_28_6,15972144018,Vehicle-SemiTruck-Cab,120.74003145889245,-2.018957410442955,0.0,3,211
318,318:16,Vehicle:7,scene_28_6,15972144018,Vehicle-SemiTruck-Cab,120.74003145889245,-2.018957410442955,0.5,5,228
318,318:17,Vehicle:19,scene_28_6,15972144018,Vehicle-SemiTruck-Trailer,264.1111940590483,6.089495817263408,0.0,1,0
318,318:17,Vehicle:19,scene_28_6,15972144018,Vehicle-SemiTruck-Trailer,264.1111940590483,6.089495817263408,0.5,1,0
318,318:18,Vehicle:29,scene_28_6,15972144018,Vehicle-SemiTruck-Trailer,146.07010418922448,-178.2736571062756,0.0,1,0
318,318:18,Vehicle:29,scene_28_6,15972144018,Vehicle-SemiTruck-Trailer,146.07010418922448,-178.2736571062756,0.5,4,8
328,328:1,Vehicle:17,scene_28_6,16472126243,Vehicle-SemiTruck-Trailer,251.5283332034967,172.23857308256254,0.0,0,55
328,328:1,Vehicle:17,scene_28_6,16472126243,Vehicle-SemiTruck-Trailer,251.5283332034967,172.23857308256254,0.5,0,55
328,328:2,Vehicle:18,scene_28_6,16472126243,Vehicle-SemiTruck-Cab,225.91181936023915,7.39225157791887,0.0,1,8
328,328:2,Vehicle:18,scene_28_6,16472126243,Vehicle-SemiTruck-Cab,225.91181936023915,7.39225157791887,0.5,1,8
328,328:4,Vehicle:21,scene_28_6,16472126243,Vehicle-SemiTruck-Cab,197.9896192251591,171.45769492939044,0.0,0,11
328,328:4,Vehicle:21,scene_28_6,16472126243,Vehicle-SemiTruck-Cab,197.9896192251591,171.45769492939044,0.5,0,11
328,328:5,Vehicle:22,scene_28_6,16472126243,Vehicle-SemiTruck-Trailer,186.66087882485317,170.91975192829912,0.0,1,155
328,328:5,Vehicle:22,scene_28_6,16472126243,Vehicle-SemiTruck-Trailer,186.66087882485317,170.91975192829912,0.5,2,175
328,328:6,Vehicle:27,scene_28_6,16472126243,Vehicle-SemiTruck-Cab,133.0414396745803,-177.96468050828153,0.0,3,96
328,328:6,Vehicle:27,scene_28_6,16472126243,Vehicle-SemiTruck-Cab,133.0414396745803,-177.96468050828153,0.5,8,108
328,328:7,Vehicle:28,scene_28_6,16472126243,Vehicle-Passenger,150.5748978242395,10.984075143960505,0.0,3,16
328,328:7,Vehicle:28,scene_28_6,16472126243,Vehicle-Passenger,150.5748978242395,10.984075143960505,0.5,4,16
328,328:8,Vehicle:3,scene_28_6,16472126243,Vehicle-Passenger,44.692869749746045,0.8729266463936062,0.0,2,589
328,328:8,Vehicle:3,scene_28_6,16472126243,Vehicle-Passenger,44.692869749746045,0.8729266463936062,0.5,10,2290
328,328:9,Vehicle:31,scene_28_6,16472126243,Vehicle-SemiTruck-Cab,60.63441746663121,32.23457945170567,0.0,23,84
328,328:9,Vehicle:31,scene_28_6,16472126243,Vehicle-SemiTruck-Cab,60.63441746663121,32.23457945170567,0.5,28,211
328,328:10,Vehicle:32,scene_28_6,16472126243,Vehicle-SemiTruck-Trailer,70.69411865622793,27.097200480641614,0.0,94,39
328,328:10,Vehicle:32,scene_28_6,16472126243,Vehicle-SemiTruck-Trailer,70.69411865622793,27.097200480641614,0.5,107,182
328,328:11,Vehicle:38,scene_28_6,16472126243,Vehicle-Other,71.0998376305234,26.835853176375927,0.0,11,23
328,328:11,Vehicle:38,scene_28_6,16472126243,Vehicle-Other,71.0998376305234,26.835853176375927,0.5,20,37
328,328:12,Vehicle:4,scene_28_6,16472126243,Vehicle-Passenger,91.55984876916443,0.2130790893567489,0.0,0,220
328,328:12,Vehicle:4,scene_28_6,16472126243,Vehicle-Passenger,91.55984876916443,0.2130790893567489,0.5,2,254
328,328:13,Vehicle:5,scene_28_6,16472126243,Vehicle-Passenger,43.22706058074171,-4.815233856724178,0.0,10,2364
328,328:13,Vehicle:5,scene_28_6,16472126243,Vehicle-Passenger,43.22706058074171,-4.815233856724178,0.5,18,4057
328,328:14,Vehicle:6,scene_28_6,16472126243,Vehicle-SemiTruck-Trailer,111.88484066856466,-1.8933178786406446,0.0,28,508
328,328:14,Vehicle:6,scene_28_6,16472126243,Vehicle-SemiTruck-Trailer,111.88484066856466,-1.8933178786406446,0.5,39,703
328,328:15,Vehicle:7,scene_28_6,16472126243,Vehicle-SemiTruck-Cab,122.14925976515234,-1.8009414251319258,0.0,3,197
328,328:15,Vehicle:7,scene_28_6,16472126243,Vehicle-SemiTruck-Cab,122.14925976515234,-1.8009414251319258,0.5,6,226
328,328:16,Vehicle:19,scene_28_6,16472126243,Vehicle-SemiTruck-Trailer,233.36721336048757,7.166421355546805,0.0,2,0
328,328:16,Vehicle:19,scene_28_6,16472126243,Vehicle-SemiTruck-Trailer,233.36721336048757,7.166421355546805,0.5,2,0
328,328:17,Vehicle:29,scene_28_6,16472126243,Vehicle-SemiTruck-Trailer,142.80130669368185,-178.05644147154112,0.0,1,0
328,328:17,Vehicle:29,scene_28_6,16472126243,Vehicle-SemiTruck-Trailer,142.80130669368185,-178.05644147154112,0.5,5,4
338,338:1,Vehicle:17,scene_28_6,16972098093,Vehicle-SemiTruck-Trailer,281.62252091774224,173.2326527791787,0.0,0,13
338,338:1,Vehicle:17,scene_28_6,16972098093,Vehicle-SemiTruck-Trailer,281.62252091774224,173.2326527791787,0.5,0,17
338,338:2,Vehicle:18,scene_28_6,16972098093,Vehicle-SemiTruck-Cab,195.2888330016514,8.5957154767652,0.0,2,29
338,338:2,Vehicle:18,scene_28_6,16972098093,Vehicle-SemiTruck-Cab,195.2888330016514,8.5957154767652,0.5,3,29
338,338:3,Vehicle:19,scene_28_6,16972098093,Vehicle-SemiTruck-Trailer,202.59956921297052,8.28790577042056,0.0,4,0
338,338:3,Vehicle:19,scene_28_6,16972098093,Vehicle-SemiTruck-Trailer,202.59956921297052,8.28790577042056,0.5,5,0
338,338:5,Vehicle:21,scene_28_6,16972098093,Vehicle,227.7209724809492,172.6717279310986,0.0,0,7
338,338:5,Vehicle:21,scene_28_6,16972098093,Vehicle,227.7209724809492,172.6717279310986,0.5,0,8
338,338:6,Vehicle:22,scene_28_6,16972098093,Vehicle-SemiTruck-Trailer,216.33447187940587,172.26488615652644,0.0,1,71
338,338:6,Vehicle:22,scene_28_6,16972098093,Vehicle-SemiTruck-Trailer,216.33447187940587,172.26488615652644,0.5,2,83
338,338:7,Vehicle:27,scene_28_6,16972098093,Vehicle-SemiTruck-Cab,129.87704597989634,-177.89133279453,0.0,5,95
338,338:7,Vehicle:27,scene_28_6,16972098093,Vehicle-SemiTruck-Cab,129.87704597989634,-177.89133279453,0.5,6,97
338,338:8,Vehicle:28,scene_28_6,16972098093,Vehicle-Passenger,121.99523515783747,13.736644401874386,0.0,4,8
338,338:8,Vehicle:28,scene_28_6,16972098093,Vehicle-Passenger,121.99523515783747,13.736644401874386,0.5,4,16
338,338:9,Vehicle:3,scene_28_6,16972098093,Vehicle-Passenger,47.68969939269484,1.0278313121668476,0.0,0,604
338,338:9,Vehicle:3,scene_28_6,16972098093,Vehicle-Passenger,47.68969939269484,1.0278313121668476,0.5,5,1916
338,338:10,Vehicle:31,scene_28_6,16972098093,Vehicle-SemiTruck-Cab,39.470960249486076,55.6274439885876,0.0,19,639
338,338:10,Vehicle:31,scene_28_6,16972098093,Vehicle-SemiTruck-Cab,39.470960249486076,55.6274439885876,0.5,24,662
338,338:11,Vehicle:32,scene_28_6,16972098093,Vehicle-SemiTruck-Trailer,46.95880331879487,43.73953871735615,0.0,73,321
338,338:11,Vehicle:32,scene_28_6,16972098093,Vehicle-SemiTruck-Trailer,46.95880331879487,43.73953871735615,0.5,84,447
338,338:12,Vehicle:38,scene_28_6,16972098093,Vehicle-Other,47.137909975588144,43.36491445329765,0.0,12,110
338,338:12,Vehicle:38,scene_28_6,16972098093,Vehicle-Other,47.137909975588144,43.36491445329765,0.5,22,193
338,338:13,Vehicle:4,scene_28_6,16972098093,Vehicle-Passenger,94.8682119788618,0.3366492786527046,0.0,1,180
338,338:13,Vehicle:4,scene_28_6,16972098093,Vehicle-Passenger,94.8682119788618,0.3366492786527046,0.5,3,231
338,338:14,Vehicle:5,scene_28_6,16972098093,Vehicle-Passenger,42.59366280841645,-4.843631941657516,0.0,8,2417
338,338:14,Vehicle:5,scene_28_6,16972098093,Vehicle-Passenger,42.59366280841645,-4.843631941657516,0.5,15,4281
338,338:15,Vehicle:6,scene_28_6,16972098093,Vehicle-SemiTruck-Trailer,113.13936877770703,-1.7417000121610693,0.0,30,528
338,338:15,Vehicle:6,scene_28_6,16972098093,Vehicle-SemiTruck-Trailer,113.13936877770703,-1.7417000121610693,0.5,42,716
338,338:16,Vehicle:7,scene_28_6,16972098093,Vehicle-SemiTruck-Cab,123.40447332512926,-1.651269374120236,0.0,5,215
338,338:16,Vehicle:7,scene_28_6,16972098093,Vehicle-SemiTruck-Cab,123.40447332512926,-1.651269374120236,0.5,6,229
338,338:17,Vehicle:29,scene_28_6,16972098093,Vehicle-SemiTruck-Trailer,139.64802818802394,-177.98738658217758,0.0,2,0
338,338:17,Vehicle:29,scene_28_6,16972098093,Vehicle-SemiTruck-Trailer,139.64802818802394,-177.98738658217758,0.5,4,8
348,348:1,Vehicle:17,scene_28_6,17472080443,Vehicle-SemiTruck-Trailer,312.4693319131799,173.97854155645055,0.0,0,11
348,348:1,Vehicle:17,scene_28_6,17472080443,Vehicle-SemiTruck-Trailer,312.4693319131799,173.97854155645055,0.5,0,11
348,348:2,Vehicle:18,scene_28_6,17472080443,Vehicle-SemiTruck-Cab,165.5995014561322,10.093734706394073,0.0,1,12
348,348:2,Vehicle:18,scene_28_6,17472080443,Vehicle-SemiTruck-Cab,165.5995014561322,10.093734706394073,0.5,2,13
348,348:3,Vehicle:19,scene_28_6,17472080443,Vehicle-SemiTruck-Trailer,172.95139703831438,9.671352506369628,0.0,7,22
348,348:3,Vehicle:19,scene_28_6,17472080443,Vehicle-SemiTruck-Trailer,172.95139703831438,9.671352506369628,0.5,8,26
348,348:5,Vehicle:21,scene_28_6,17472080443,Vehicle-SemiTruck-Cab,257.5719372370193,173.48437660326522,0.0,0,4
348,348:5,Vehicle:21,scene_28_6,17472080443,Vehicle-SemiTruck-Cab,257.5719372370193,173.48437660326522,0.5,0,4
348,348:6,Vehicle:22,scene_28_6,17472080443,Vehicle-SemiTruck-Trailer,245.94981964285506,173.16906911654502,0.0,0,39
348,348:6,Vehicle:22,scene_28_6,17472080443,Vehicle-SemiTruck-Trailer,245.94981964285506,173.16906911654502,0.5,1,39
348,348:7,Vehicle:27,scene_28_6,17472080443,Vehicle-SemiTruck-Cab,126.66761979762661,-177.838183526258,0.0,1,113
348,348:7,Vehicle:27,scene_28_6,17472080443,Vehicle-SemiTruck-Cab,126.66761979762661,-177.838183526258,0.5,5,121
348,348:8,Vehicle:28,scene_28_6,17472080443,Vehicle-Passenger,93.46994463972788,18.0771235169052,0.0,8,0
348,348:8,Vehicle:28,scene_28_6,17472080443,Vehicle-Passenger,93.46994463972788,18.0771235169052,0.5,9,31
348,348:9,Vehicle:29,scene_28_6,17472080443,Vehicle-SemiTruck-Trailer,136.4849331395521,-177.9741078979132,0.0,1,26
348,348:9,Vehicle:29,scene_28_6,17472080443,Vehicle-SemiTruck-Trailer,136.4849331395521,-177.9741078979132,0.5,3,28
348,348:10,Vehicle:3,scene_28_6,17472080443,Vehicle-Passenger,50.72938483952184,1.0666317567997814,0.0,2,486
348,348:10,Vehicle:3,scene_28_6,17472080443,Vehicle-Passenger,50.72938483952184,1.0666317567997814,0.5,6,1562
348,348:11,Vehicle:31,scene_28_6,17472080443,Vehicle-SemiTruck-Cab,33.44020706922374,101.5006952225135,0.0,1,556
348,348:11,Vehicle:31,scene_28_6,17472080443,Vehicle-SemiTruck-Cab,33.44020706922374,101.5006952225135,0.5,2,1626
348,348:12,Vehicle:32,scene_28_6,17472080443,Vehicle-SemiTruck-Trailer,33.029941150741266,81.34179249410184,0.0,5,5609
348,348:12,Vehicle:32,scene_28_6,17472080443,Vehicle-SemiTruck-Trailer,33.029941150741266,81.34179249410184,0.5,7,8727
348,348:13,Vehicle:38,scene_28_6,17472080443,Vehicle-Other,33.009545868917364,80.13822922363738,0.0,4,884
348,348:13,Vehicle:38,scene_28_6,17472080443,Vehicle-Other,33.009545868917364,80.13822922363738,0.5,11,2344
348,348:14,Vehicle:4,scene_28_6,17472080443,Vehicle-Passenger,98.2282030028212,0.3469530648323536,0.0,0,164
348,348:14,Vehicle:4,scene_28_6,17472080443,Vehicle-Passenger,98.2282030028212,0.3469530648323536,0.5,1,176
348,348:15,Vehicle:5,scene_28_6,17472080443,Vehicle-Passenger,41.96672018504307,-4.931030138699718,0.0,10,2737
348,348:15,Vehicle:5,scene_28_6,17472080443,Vehicle-Passenger,41.96672018504307,-4.931030138699718,0.5,28,4610
348,348:16,Vehicle:6,scene_28_6,17472080443,Vehicle-SemiTruck-Trailer,114.26976839262608,-1.7089426693356689,0.0,26,565
348,348:16,Vehicle:6,scene_28_6,17472080443,Vehicle-SemiTruck-Trailer,114.26976839262608,-1.7089426693356689,0.5,31,717
348,348:17,Vehicle:7,scene_28_6,17472080443,Vehicle-SemiTruck-Cab,124.53581962492147,-1.6223242399951971,0.0,4,181
348,348:17,Vehicle:7,scene_28_6,17472080443,Vehicle-SemiTruck-Cab,124.53581962492147,-1.6223242399951971,0.5,6,206
348,348:18,Vehicle:20,scene_28_6,17472080443,Vehicle-SemiTruck-Trailer,182.11600381867387,9.184657209857518,0.0,6,0
348,348:18,Vehicle:20,scene_28_6,17472080443,Vehicle-SemiTruck-Trailer,182.11600381867387,9.184657209857518,0.5,7,0
358,358:1,Vehicle:18,scene_28_6,17972052618,Vehicle-SemiTruck-Cab,136.97370218106164,12.375129184213264,0.0,6,23
358,358:1,Vehicle:18,scene_28_6,17972052618,Vehicle-SemiTruck-Cab,136.97370218106164,12.375129184213264,0.5,9,41
358,358:2,Vehicle:19,scene_28_6,17972052618,Vehicle-SemiTruck-Trailer,144.2682207887094,11.755696474502217,0.0,11,4
358,358:2,Vehicle:19,scene_28_6,17972052618,Vehicle-SemiTruck-Trailer,144.2682207887094,11.755696474502217,0.5,16,27
358,358:4,Vehicle:20,scene_28_6,17972052618,Vehicle-SemiTruck-Trailer,153.66454683254958,11.079555002294558,0.0,5,15
358,358:4,Vehicle:20,scene_28_6,17972052618,Vehicle-SemiTruck-Trailer,153.66454683254958,11.079555002294558,0.5,8,15
358,358:5,Vehicle:22,scene_28_6,17972052618,Vehicle-SemiTruck-Trailer,275.3818864832543,173.80090144479865,0.0,0,34
358,358:5,Vehicle:22,scene_28_6,17972052618,Vehicle-SemiTruck-Trailer,275.3818864832543,173.80090144479865,0.5,0,61
358,358:6,Vehicle:27,scene_28_6,17972052618,Vehicle-SemiTruck-Cab,123.4469864045025,-177.8520066154108,0.0,3,81
358,358:6,Vehicle:27,scene_28_6,17972052618,Vehicle-SemiTruck-Cab,123.4469864045025,-177.8520066154108,0.5,6,86
358,358:7,Vehicle:28,scene_28_6,17972052618,Vehicle-Passenger,65.82308021486311,26.15508407444595,0.0,12,9
358,358:7,Vehicle:28,scene_28_6,17972052618,Vehicle-Passenger,65.82308021486311,26.15508407444595,0.5,19,91
358,358:8,Vehicle:29,scene_28_6,17972052618,Vehicle-SemiTruck-Trailer,133.28047770692092,-177.99990137447665,0.0,0,17
358,358:8,Vehicle:29,scene_28_6,17972052618,Vehicle-SemiTruck-Trailer,133.28047770692092,-177.99990137447665,0.5,1,23
358,358:9,Vehicle:3,scene_28_6,17972052618,Vehicle-Passenger,53.79913981152791,0.9906800318884265,0.0,3,411
358,358:9,Vehicle:3,scene_28_6,17972052618,Vehicle-Passenger,53.79913981152791,0.9906800318884265,0.5,8,1206
358,358:10,Vehicle:31,scene_28_6,17972052618,Vehicle-SemiTruck-Cab,48.66597280283616,137.20128983652958,0.0,8,17
358,358:10,Vehicle:31,scene_28_6,17972052618,Vehicle-SemiTruck-Cab,48.66597280283616,137.20128983652958,0.5,18,84
358,358:11,Vehicle:32,scene_28_6,17972052618,Vehicle-SemiTruck-Trailer,40.78619210611305,126.16723606312956,0.0,24,111
358,358:11,Vehicle:32,scene_28_6,17972052618,Vehicle-SemiTruck-Trailer,40.78619210611305,126.16723606312956,0.5,41,692
358,358:12,Vehicle:38,scene_28_6,17972052618,Vehicle-Other,38.70863579788945,122.35035849587786,0.0,5,23
358,358:12,Vehicle:38,scene_28_6,17972052618,Vehicle-Other,38.70863579788945,122.35035849587786,0.5,11,24
358,358:13,Vehicle:4,scene_28_6,17972052618,Vehicle-Passenger,101.40321414395491,0.2855418767625987,0.0,0,85
358,358:13,Vehicle:4,scene_28_6,17972052618,Vehicle-Passenger,101.40321414395491,0.2855418767625987,0.5,2,91
358,358:14,Vehicle:5,scene_28_6,17972052618,Vehicle-Passenger,41.36527696170499,-5.067502845530946,0.0,11,2948
358,358:14,Vehicle:5,scene_28_6,17972052618,Vehicle-Passenger,41.36527696170499,-5.067502845530946,0.5,24,4699
358,358:15,Vehicle:6,scene_28_6,17972052618,Vehicle-SemiTruck-Trailer,115.428418243369,-1.7624413273161261,0.0,27,549
358,358:15,Vehicle:6,scene_28_6,17972052618,Vehicle-SemiTruck-Trailer,115.428418243369,-1.7624413273161261,0.5,39,645
358,358:16,Vehicle:7,scene_28_6,17972052618,Vehicle-SemiTruck-Cab,125.69510026553365,-1.6797699624960256,0.0,2,158
358,358:16,Vehicle:7,scene_28_6,17972052618,Vehicle-SemiTruck-Cab,125.69510026553365,-1.6797699624960256,0.5,4,165
368,368:1,Vehicle:18,scene_28_6,18472202568,Vehicle-SemiTruck-Cab,108.76647725157508,15.891911246299696,0.0,5,2
368,368:1,Vehicle:18,scene_28_6,18472202568,Vehicle-SemiTruck-Cab,108.76647725157508,15.891911246299696,0.5,6,45
368,368:2,Vehicle:19,scene_28_6,18472202568,Vehicle-SemiTruck-Trailer,115.92425616505182,14.89995163193126,0.0,13,5
368,368:2,Vehicle:19,scene_28_6,18472202568,Vehicle-SemiTruck-Trailer,115.92425616505182,14.89995163193126,0.5,17,29
368,368:4,Vehicle:20,scene_28_6,18472202568,Vehicle-SemiTruck-Trailer,125.11450660457854,13.810061841945478,0.0,11,8
368,368:4,Vehicle:20,scene_28_6,18472202568,Vehicle-SemiTruck-Trailer,125.11450660457854,13.810061841945478,0.5,14,12
368,368:5,Vehicle:22,scene_28_6,18472202568,Vehicle-SemiTruck-Trailer,305.0532371864494,174.1997062930304,0.0,0,21
368,368:5,Vehicle:22,scene_28_6,18472202568,Vehicle-SemiTruck-Trailer,305.0532371864494,174.1997062930304,0.5,0,45
368,368:6,Vehicle:27,scene_28_6,18472202568,Vehicle-SemiTruck-Cab,120.21090495246267,-177.97522658883577,0.0,2,152
368,368:6,Vehicle:27,scene_28_6,18472202568,Vehicle-SemiTruck-Cab,120.21090495246267,-177.97522658883577,0.5,6,169
368,368:7,Vehicle:28,scene_28_6,18472202568,Vehicle-Passenger,41.40149534335164,44.20171083646994,0.0,15,100
368,368:7,Vehicle:28,scene_28_6,18472202568,Vehicle-Passenger,41.40149534335164,44.20171083646994,0.5,16,142
368,368:8,Vehicle:29,scene_28_6,18472202568,Vehicle-SemiTruck-Trailer,130.0365665152514,-178.11863644061478,0.0,2,37
368,368:8,Vehicle:29,scene_28_6,18472202568,Vehicle-SemiTruck-Trailer,130.0365665152514,-178.11863644061478,0.5,6,39
368,368:9,Vehicle:3,scene_28_6,18472202568,Vehicle-Passenger,56.8980222470849,0.7769784462510962,0.0,1,255
368,368:9,Vehicle:3,scene_28_6,18472202568,Vehicle-Passenger,56.8980222470849,0.7769784462510962,0.5,4,910
368,368:10,Vehicle:30,scene_28_6,18472202568,Vehicle-Passenger,49.539903907060086,41.921419248990084,0.0,4,5
368,368:10,Vehicle:30,scene_28_6,18472202568,Vehicle-Passenger,49.539903907060086,41.921419248990084,0.5,8,13
368,368:11,Vehicle:31,scene_28_6,18472202568,Vehicle-SemiTruck-Cab,72.89979978641952,152.6305766122211,0.0,4,70
368,368:11,Vehicle:31,scene_28_6,18472202568,Vehicle-SemiTruck-Cab,72.89979978641952,152.6305766122211,0.5,13,155
368,368:12,Vehicle:32,scene_28_6,18472202568,Vehicle-SemiTruck-Trailer,62.70133112926081,147.87262758765988,0.0,18,88
368,368:12,Vehicle:32,scene_28_6,18472202568,Vehicle-SemiTruck-Trailer,62.70133112926081,147.87262758765988,0.5,34,156
368,368:13,Vehicle:4,scene_28_6,18472202568,Vehicle-Passenger,104.44039408426124,0.1563017113341455,0.0,0,75
368,368:13,Vehicle:4,scene_28_6,18472202568,Vehicle-Passenger,104.44039408426124,0.1563017113341455,0.5,4,79
368,368:14,Vehicle:5,scene_28_6,18472202568,Vehicle-Passenger,40.75942014760852,-5.2701371521466305,0.0,9,2990
368,368:14,Vehicle:5,scene_28_6,18472202568,Vehicle-Passenger,40.75942014760852,-5.2701371521466305,0.5,24,4351
368,368:15,Vehicle:6,scene_28_6,18472202568,Vehicle-SemiTruck-Trailer,116.69572306307815,-1.898930484125196,0.0,20,472
368,368:15,Vehicle:6,scene_28_6,18472202568,Vehicle-SemiTruck-Trailer,116.69572306307815,-1.898930484125196,0.5,30,581
368,368:16,Vehicle:7,scene_28_6,18472202568,Vehicle-SemiTruck-Cab,126.96351323060547,-1.8195923028742729,0.0,3,171
368,368:16,Vehicle:7,scene_28_6,18472202568,Vehicle-SemiTruck-Cab,126.96351323060547,-1.8195923028742729,0.5,5,184
378,378:1,Vehicle:18,scene_28_6,18972174518,Vehicle-SemiTruck-Cab,80.86205592660976,21.806652187936834,0.0,15,11
378,378:1,Vehicle:18,scene_28_6,18972174518,Vehicle-SemiTruck-Cab,80.86205592660976,21.806652187936834,0.5,18,36
378,378:2,Vehicle:19,scene_28_6,18972174518,Vehicle-SemiTruck-Trailer,87.78889335236367,20.019703250408277,0.0,26,1
378,378:2,Vehicle:19,scene_28_6,18972174518,Vehicle-SemiTruck-Trailer,87.78889335236367,20.019703250408277,0.5,34,21
378,378:4,Vehicle:22,scene_28_6,18972174518,Vehicle-SemiTruck-Trailer,334.65226786216334,174.6322142674472,0.0,0,19
378,378:4,Vehicle:22,scene_28_6,18972174518,Vehicle-SemiTruck-Trailer,334.65226786216334,174.6322142674472,0.5,0,43
378,378:5,Vehicle:27,scene_28_6,18972174518,Vehicle-SemiTruck-Cab,117.00567229981604,-177.99788980537517,0.0,2,112
378,378:5,Vehicle:27,scene_28_6,18972174518,Vehicle-SemiTruck-Cab,117.00567229981604,-177.99788980537517,0.5,8,116
378,378:6,Vehicle:28,scene_28_6,18972174518,Vehicle-Passenger,28.89584909484901,89.08192226539718,0.0,8,2467
378,378:6,Vehicle:28,scene_28_6,18972174518,Vehicle-Passenger,28.89584909484901,89.08192226539718,0.5,10,3080
378,378:7,Vehicle:29,scene_28_6,18972174518,Vehicle-SemiTruck-Trailer,126.78669226336426,-178.13873123952024,0.0,4,38
378,378:7,Vehicle:29,scene_28_6,18972174518,Vehicle-SemiTruck-Trailer,126.78669226336426,-178.13873123952024,0.5,8,45
378,378:8,Vehicle:3,scene_28_6,18972174518,Vehicle-Passenger,60.00962902190092,0.6693810362077544,0.0,0,297
378,378:8,Vehicle:3,scene_28_6,18972174518,Vehicle-Passenger,60.00962902190092,0.6693810362077544,0.5,4,854
378,378:9,Vehicle:30,scene_28_6,18972174518,Vehicle-Passenger,33.69417745285069,77.49324829749168,0.0,13,934
378,378:9,Vehicle:30,scene_28_6,18972174518,Vehicle-Passenger,33.69417745285069,77.49324829749168,0.5,13,1551
378,378:10,Vehicle:31,scene_28_6,18972174518,Vehicle-SemiTruck-Cab,99.31420207836348,160.07935992833652,0.0,1,20
378,378:10,Vehicle:31,scene_28_6,18972174518,Vehicle-SemiTruck-Cab,99.31420207836348,160.07935992833652,0.5,11,20
378,378:11,Vehicle:32,scene_28_6,18972174518,Vehicle-SemiTruck-Trailer,88.39621748423086,157.62816093485284,0.0,11,45
378,378:11,Vehicle:32,scene_28_6,18972174518,Vehicle-SemiTruck-Trailer,88.39621748423086,157.62816093485284,0.5,25,73
378,378:12,Vehicle:4,scene_28_6,18972174518,Vehicle-Passenger,107.76076279664333,0.1570591133091068,0.0,0,120
378,378:12,Vehicle:4,scene_28_6,18972174518,Vehicle-Passenger,107.76076279664333,0.1570591133091068,0.5,4,122
378,378:13,Vehicle:5,scene_28_6,18972174518,Vehicle-Passenger,40.100160740920835,-5.367983529719639,0.0,13,3133
378,378:13,Vehicle:5,scene_28_6,18972174518,Vehicle-Passenger,40.100160740920835,-5.367983529719639,0.5,20,4517
378,378:14,Vehicle:6,scene_28_6,18972174518,Vehicle-SemiTruck-Trailer,117.9688023992836,-1.88597053362375,0.0,20,492
378,378:14,Vehicle:6,scene_28_6,18972174518,Vehicle-SemiTruck-Trailer,117.9688023992836,-1.88597053362375,0.5,40,633
378,378:15,Vehicle:7,scene_28_6,18972174518,Vehicle-SemiTruck-Cab,128.235767175919,-1.8081708105026904,0.0,3,187
378,378:15,Vehicle:7,scene_28_6,18972174518,Vehicle-SemiTruck-Cab,128.235767175919,-1.8081708105026904,0.5,4,197
378,378:16,Vehicle:20,scene_28_6,18972174518,Vehicle-SemiTruck-Trailer,96.69522605459541,18.108923716160056,0.0,14,0
378,378:16,Vehicle:20,scene_28_6,18972174518,Vehicle-SemiTruck-Trailer,96.69522605459541,18.108923716160056,0.5,24,18
388,388:1,Vehicle:18,scene_28_6,19472156693,Vehicle-SemiTruck-Cab,54.297123112785656,33.223570432277356,0.0,34,63
388,388:1,Vehicle:18,scene_28_6,19472156693,Vehicle-SemiTruck-Cab,54.297123112785656,33.223570432277356,0.5,35,217
388,388:2,Vehicle:19,scene_28_6,19472156693,Vehicle-SemiTruck-Trailer,60.6365923224445,29.382790563507935,0.0,35,127
388,388:2,Vehicle:19,scene_28_6,19472156693,Vehicle-SemiTruck-Trailer,60.6365923224445,29.382790563507935,0.5,44,294
388,388:4,Vehicle:20,scene_28_6,19472156693,Vehicle-SemiTruck-Trailer,69.01453337979926,25.53001938589927,0.0,30,20
388,388:4,Vehicle:20,scene_28_6,19472156693,Vehicle-SemiTruck-Trailer,69.01453337979926,25.53001938589927,0.5,44,130
388,388:5,Vehicle:22,scene_28_6,19472156693,Vehicle-SemiTruck-Trailer,363.6290077512404,174.95524218624894,0.0,0,7
388,388:5,Vehicle:22,scene_28_6,19472156693,Vehicle-SemiTruck-Trailer,363.6290077512404,174.95524218624894,0.5,0,7
388,388:6,Vehicle:27,scene_28_6,19472156693,Vehicle-SemiTruck-Cab,113.84266693320883,-178.06033376382996,0.0,5,134
388,388:6,Vehicle:27,scene_28_6,19472156693,Vehicle-SemiTruck-Cab,113.84266693320883,-178.06033376382996,0.5,8,137
388,388:7,Vehicle:28,scene_28_6,19472156693,Vehicle-Passenger,41.94267048018819,134.90941212809594,0.0,1,1
388,388:7,Vehicle:28,scene_28_6,19472156693,Vehicle-Passenger,41.94267048018819,134.90941212809594,0.5,8,157
388,388:8,Vehicle:29,scene_28_6,19472156693,Vehicle,123.60720022862395,-178.20609875262332,0.0,2,5
388,388:8,Vehicle:29,scene_28_6,19472156693,Vehicle,123.60720022862395,-178.20609875262332,0.5,6,9
388,388:9,Vehicle:3,scene_28_6,19472156693,Vehicle-Passenger,63.16300638440244,0.49138109602571994,0.0,0,286
388,388:9,Vehicle:3,scene_28_6,19472156693,Vehicle-Passenger,63.16300638440244,0.49138109602571994,0.5,3,747
388,388:10,Vehicle:30,scene_28_6,19472156693,Vehicle-Passenger,39.86767944445672,123.6294174030614,0.0,4,2
388,388:10,Vehicle:30,scene_28_6,19472156693,Vehicle-Passenger,39.86767944445672,123.6294174030614,0.5,11,66
388,388:11,Vehicle:31,scene_28_6,19472156693,Vehicle-SemiTruck-Cab,126.50727251225194,164.28819036584522,0.0,2,43
388,388:11,Vehicle:31,scene_28_6,19472156693,Vehicle-SemiTruck-Cab,126.50727251225194,164.28819036584522,0.5,7,44
388,388:12,Vehicle:32,scene_28_6,19472156693,Vehicle-SemiTruck-Trailer,115.28341508774882,162.8231182678558,0.0,11,53
388,388:12,Vehicle:32,scene_28_6,19472156693,Vehicle-SemiTruck-Trailer,115.28341508774882,162.8231182678558,0.5,26,80
388,388:13,Vehicle:4,scene_28_6,19472156693,Vehicle-Passenger,111.35386763029459,0.0798108016042647,0.0,0,61
388,388:13,Vehicle:4,scene_28_6,19472156693,Vehicle-Passenger,111.35386763029459,0.0798108016042647,0.5,1,62
388,388:14,Vehicle:5,scene_28_6,19472156693,Vehicle-Passenger,39.355267120414446,-5.589188838084046,0.0,11,3249
388,388:14,Vehicle:5,scene_28_6,19472156693,Vehicle-Passenger,39.355267120414446,-5.589188838084046,0.5,26,4727
388,388:15,Vehicle:6,scene_28_6,19472156693,Vehicle-SemiTruck-Trailer,119.23710282073529,-1.9312772228018962,0.0,24,496
388,388:15,Vehicle:6,scene_28_6,19472156693,Vehicle-SemiTruck-Trailer,119.23710282073529,-1.9312772228018962,0.5,40,658
388,388:16,Vehicle:7,scene_28_6,19472156693,Vehicle-SemiTruck-Cab,129.5026345758658,-1.8576697305386187,0.0,4,147
388,388:16,Vehicle:7,scene_28_6,19472156693,Vehicle-SemiTruck-Cab,129.5026345758658,-1.8576697305386187,0.5,5,161
398,398:1,Vehicle:18,scene_28_6,19972128618,Vehicle-SemiTruck-Cab,33.307012078207755,62.14504257329431,0.0,4,492
398,398:1,Vehicle:18,scene_28_6,19972128618,Vehicle-SemiTruck-Cab,33.307012078207755,62.14504257329431,0.5,5,984
398,398:2,Vehicle:19,scene_28_6,19972128618,Vehicle-SemiTruck-Trailer,37.336711568057304,52.01863038474955,0.0,19,2215
398,398:2,Vehicle:19,scene_28_6,19972128618,Vehicle-SemiTruck-Trailer,37.336711568057304,52.01863038474955,0.5,19,2878
398,398:4,Vehicle:20,scene_28_6,19972128618,Vehicle-SemiTruck-Trailer,43.779333727311304,42.1829394137588,0.0,30,698
398,398:4,Vehicle:20,scene_28_6,19972128618,Vehicle-SemiTruck-Trailer,43.779333727311304,42.1829394137588,0.5,41,934
398,398:5,Vehicle:27,scene_28_6,19972128618,Vehicle-SemiTruck-Cab,110.74123247341942,-178.12588810757967,0.0,4,125
398,398:5,Vehicle:27,scene_28_6,19972128618,Vehicle-SemiTruck-Cab,110.74123247341942,-178.12588810757967,0.5,7,144
398,398:6,Vehicle:29,scene_28_6,19972128618,Vehicle,120.51667767664986,-178.28588937812847,0.0,1,30
398,398:6,Vehicle:29,scene_28_6,19972128618,Vehicle,120.51667767664986,-178.28588937812847,0.5,6,34
398,398:7,Vehicle:3,scene_28_6,19972128618,Vehicle-Passenger,66.3424858036127,0.21629761308793935,0.0,0,239
398,398:7,Vehicle:3,scene_28_6,19972128618,Vehicle-Passenger,66.3424858036127,0.21629761308793935,0.5,2,662
398,398:8,Vehicle:30,scene_28_6,19972128618,Vehicle-Passenger,62.151339478315805,146.8231642971556,0.0,3,2
398,398:8,Vehicle:30,scene_28_6,19972128618,Vehicle-Passenger,62.151339478315805,146.8231642971556,0.5,8,23
398,398:9,Vehicle:31,scene_28_6,19972128618,Vehicle-SemiTruck-Cab,154.61008139180475,166.92885176934865,0.0,1,47
398,398:9,Vehicle:31,scene_28_6,19972128618,Vehicle-SemiTruck-Cab,154.61008139180475,166.92885176934865,0.5,1,50
398,398:10,Vehicle:32,scene_28_6,19972128618,Vehicle-SemiTruck-Trailer,143.2435370203544,165.97174357935546,0.0,2,51
398,398:10,Vehicle:32,scene_28_6,19972128618,Vehicle-SemiTruck-Trailer,143.2435370203544,165.97174357935546,0.5,9,102
398,398:11,Vehicle:4,scene_28_6,19972128618,Vehicle-Passenger,114.86084389144771,-0.09330070558988422,0.0,0,93
398,398:11,Vehicle:4,scene_28_6,19972128618,Vehicle-Passenger,114.86084389144771,-0.09330070558988422,0.5,2,101
398,398:12,Vehicle:5,scene_28_6,19972128618,Vehicle-Passenger,38.471744579949004,-5.995054972086509,0.0,7,3557
398,398:12,Vehicle:5,scene_28_6,19972128618,Vehicle-Passenger,38.471744579949004,-5.995054972086509,0.5,21,4761
398,398:13,Vehicle:6,scene_28_6,19972128618,Vehicle-SemiTruck-Trailer,120.49119086749663,-2.071111387699748,0.0,25,471
398,398:13,Vehicle:6,scene_28_6,19972128618,Vehicle-SemiTruck-Trailer,120.49119086749663,-2.071111387699748,0.5,42,592
398,398:14,Vehicle:7,scene_28_6,19972128618,Vehicle-SemiTruck-Cab,130.75574850824052,-2.001732365391389,0.0,3,115
398,398:14,Vehicle:7,scene_28_6,19972128618,Vehicle-SemiTruck-Cab,130.75574850824052,-2.001732365391389,0.5,4,138
408,408:1,Vehicle:18,scene_28_6,20472110618,Vehicle-SemiTruck-Cab,32.95451326865601,116.63691155734287,0.0,7,36
408,408:1,Vehicle:18,scene_28_6,20472110618,Vehicle-SemiTruck-Cab,32.95451326865601,116.63691155734287,0.5,8,645
408,408:2,Vehicle:19,scene_28_6,20472110618,Vehicle-SemiTruck-Trailer,30.33062565296816,104.05075104573909,0.0,4,1838
408,408:2,Vehicle:19,scene_28_6,20472110618,Vehicle-SemiTruck-Trailer,30.33062565296816,104.05075104573909,0.5,6,3758
408,408:4,Vehicle:20,scene_28_6,20472110618,Vehicle-SemiTruck-Trailer,29.443577211764016,85.91494968446666,0.0,19,8855
408,408:4,Vehicle:20,scene_28_6,20472110618,Vehicle-SemiTruck-Trailer,29.443577211764016,85.91494968446666,0.5,20,10552
408,408:5,Vehicle:27,scene_28_6,20472110618,Vehicle-SemiTruck-Cab,107.65332348714387,-178.09768699160261,0.0,5,185
408,408:5,Vehicle:27,scene_28_6,20472110618,Vehicle-SemiTruck-Cab,107.65332348714387,-178.09768699160261,0.5,8,207
408,408:6,Vehicle:29,scene_28_6,20472110618,Vehicle,117.42494034758663,-178.27660460095882,0.0,2,6
408,408:6,Vehicle:29,scene_28_6,20472110618,Vehicle,117.42494034758663,-178.27660460095882,0.5,5,14
408,408:7,Vehicle:3,scene_28_6,20472110618,Vehicle-Passenger,69.56435757681761,-0.034859722474288674,0.0,1,142
408,408:7,Vehicle:3,scene_28_6,20472110618,Vehicle-Passenger,69.56435757681761,-0.034859722474288674,0.5,5,505
408,408:8,Vehicle:31,scene_28_6,20472110618,Vehicle-SemiTruck-Cab,183.4102887786759,168.7815438482918,0.0,0,67
408,408:8,Vehicle:31,scene_28_6,20472110618,Vehicle-SemiTruck-Cab,183.4102887786759,168.7815438482918,0.5,0,67
408,408:9,Vehicle:32,scene_28_6,20472110618,Vehicle-SemiTruck-Trailer,171.94581228286373,168.11191430300292,0.0,2,66
408,408:9,Vehicle:32,scene_28_6,20472110618,Vehicle-SemiTruck-Trailer,171.94581228286373,168.11191430300292,0.5,9,70
408,408:10,Vehicle:4,scene_28_6,20472110618,Vehicle-Passenger,118.14818956655613,-0.2465983387677678,0.0,0,75
408,408:10,Vehicle:4,scene_28_6,20472110618,Vehicle-Passenger,118.14818956655613,-0.2465983387677678,0.5,2,81
408,408:11,Vehicle:5,scene_28_6,20472110618,Vehicle-Passenger,37.47960091869743,-6.48735681183222,0.0,14,3724
408,408:11,Vehicle:5,scene_28_6,20472110618,Vehicle-Passenger,37.47960091869743,-6.48735681183222,0.5,23,4571
408,408:12,Vehicle:6,scene_28_6,20472110618,Vehicle-SemiTruck-Trailer,121.66974440009795,-2.204521690982111,0.0,29,390
408,408:12,Vehicle:6,scene_28_6,20472110618,Vehicle-SemiTruck-Trailer,121.66974440009795,-2.204521690982111,0.5,42,502
408,408:13,Vehicle:7,scene_28_6,20472110618,Vehicle-SemiTruck-Cab,131.93552735928742,-2.137017930060505,0.0,5,135
408,408:13,Vehicle:7,scene_28_6,20472110618,Vehicle-SemiTruck-Cab,131.93552735928742,-2.137017930060505,0.5,6,150
420,420:1,Vehicle:18,scene_28_6,21072177118,Vehicle-SemiTruck-Cab,59.349156305457264,149.94435726439616,0.0,11,19
420,420:1,Vehicle:18,scene_28_6,21072177118,Vehicle-SemiTruck-Cab,59.349156305457264,149.94435726439616,0.5,16,44
420,420:2,Vehicle:19,scene_28_6,21072177118,Vehicle-SemiTruck-Trailer,53.03066030934999,145.95567069251717,0.0,20,76
420,420:2,Vehicle:19,scene_28_6,21072177118,Vehicle-SemiTruck-Trailer,53.03066030934999,145.95567069251717,0.5,30,145
420,420:4,Vehicle:20,scene_28_6,21072177118,Vehicle-SemiTruck-Trailer,45.46848986606951,139.3262614453031,0.0,12,219
420,420:4,Vehicle:20,scene_28_6,21072177118,Vehicle-SemiTruck-Trailer,45.46848986606951,139.3262614453031,0.5,18,273
420,420:5,Vehicle:27,scene_28_6,21072177118,Vehicle-SemiTruck-Cab,103.82853173460569,-177.87957176570475,0.0,5,167
420,420:5,Vehicle:27,scene_28_6,21072177118,Vehicle-SemiTruck-Cab,103.82853173460569,-177.87957176570475,0.5,8,240
420,420:6,Vehicle:29,scene_28_6,21072177118,Vehicle,113.57316137563113,-178.0845192430795,0.0,3,22
420,420:6,Vehicle:29,scene_28_6,21072177118,Vehicle,113.57316137563113,-178.0845192430795,0.5,5,53
420,420:7,Vehicle:3,scene_28_6,21072177118,Vehicle-Passenger,73.46274107170214,-0.14696423524777708,0.0,1,102
420,420:7,Vehicle:3,scene_28_6,21072177118,Vehicle-Passenger,73.46274107170214,-0.14696423524777708,0.5,5,289
420,420:8,Vehicle:31,scene_28_6,21072177118,Vehicle-SemiTruck-Cab,218.945376163748,170.5060549258005,0.0,0,32
420,420:8,Vehicle:31,scene_28_6,21072177118,Vehicle-SemiTruck-Cab,218.945376163748,170.5060549258005,0.5,0,38
420,420:9,Vehicle:32,scene_28_6,21072177118,Vehicle-SemiTruck-Trailer,207.40861514236303,170.04851931729874,0.0,2,24
420,420:9,Vehicle:32,scene_28_6,21072177118,Vehicle-SemiTruck-Trailer,207.40861514236303,170.04851931729874,0.5,4,29
420,420:10,Vehicle:4,scene_28_6,21072177118,Vehicle-Passenger,121.95328054659474,-0.29515126485172244,0.0,0,50
420,420:10,Vehicle:4,scene_28_6,21072177118,Vehicle-Passenger,121.95328054659474,-0.29515126485172244,0.5,0,52
420,420:11,Vehicle:5,scene_28_6,21072177118,Vehicle-Passenger,36.257821490636594,-6.978189313626761,0.0,11,3665
420,420:11,Vehicle:5,scene_28_6,21072177118,Vehicle-Passenger,36.257821490636594,-6.978189313626761,0.5,27,4509
420,420:12,Vehicle:6,scene_28_6,21072177118,Vehicle-SemiTruck-Trailer,122.98722782048819,-2.221374541833501,0.0,20,374
420,420:12,Vehicle:6,scene_28_6,21072177118,Vehicle-SemiTruck-Trailer,122.98722782048819,-2.221374541833501,0.5,34,475
420,420:13,Vehicle:7,scene_28_6,21072177118,Vehicle-SemiTruck-Cab,133.25460362026664,-2.1533765307951946,0.0,4,138
420,420:13,Vehicle:7,scene_28_6,21072177118,Vehicle-SemiTruck-Cab,133.25460362026664,-2.1533765307951946,0.5,9,147
430,430:1,Vehicle:18,scene_28_6,21572159268,Vehicle-SemiTruck-Cab,86.70176155120924,159.8941383347271,0.0,4,14
430,430:1,Vehicle:18,scene_28_6,21572159268,Vehicle-SemiTruck-Cab,86.70176155120924,159.8941383347271,0.5,6,14
430,430:2,Vehicle:19,scene_28_6,21572159268,Vehicle-SemiTruck-Trailer,79.63802354108982,158.0434812320082,0.0,17,35
430,430:2,Vehicle:19,scene_28_6,21572159268,Vehicle-SemiTruck-Trailer,79.63802354108982,158.0434812320082,0.5,32,105
430,430:4,Vehicle:20,scene_28_6,21572159268,Vehicle-SemiTruck-Trailer,70.94911276094113,155.20429212563425,0.0,11,37
430,430:4,Vehicle:20,scene_28_6,21572159268,Vehicle-SemiTruck-Trailer,70.94911276094113,155.20429212563425,0.5,21,67
430,430:5,Vehicle:27,scene_28_6,21572159268,Vehicle-SemiTruck-Cab,100.63822132308648,-177.5636857448389,0.0,2,251
430,430:5,Vehicle:27,scene_28_6,21572159268,Vehicle-SemiTruck-Cab,100.63822132308648,-177.5636857448389,0.5,5,294
430,430:6,Vehicle:29,scene_28_6,21572159268,Vehicle,110.38006823580207,-177.79116560524102,0.0,1,12
430,430:6,Vehicle:29,scene_28_6,21572159268,Vehicle,110.38006823580207,-177.79116560524102,0.5,5,49
430,430:7,Vehicle:3,scene_28_6,21572159268,Vehicle-Passenger,76.69406171821684,-0.038942283719262887,0.0,1,114
430,430:7,Vehicle:3,scene_28_6,21572159268,Vehicle-Passenger,76.69406171821684,-0.038942283719262887,0.5,3,309
430,430:8,Vehicle:31,scene_28_6,21572159268,Vehicle-SemiTruck-Cab,249.2167268956506,171.74566974691623,0.0,0,19
430,430:8,Vehicle:31,scene_28_6,21572159268,Vehicle-SemiTruck-Cab,249.2167268956506,171.74566974691623,0.5,0,26
430,430:9,Vehicle:32,scene_28_6,21572159268,Vehicle-SemiTruck-Trailer,237.7748980812146,171.40962900713708,0.0,0,32
430,430:9,Vehicle:32,scene_28_6,21572159268,Vehicle-SemiTruck-Trailer,237.7748980812146,171.40962900713708,0.5,1,42
430,430:10,Vehicle:4,scene_28_6,21572159268,Vehicle-Passenger,125.18477061801823,-0.1853355579740363,0.0,0,65
430,430:10,Vehicle:4,scene_28_6,21572159268,Vehicle-Passenger,125.18477061801823,-0.1853355579740363,0.5,2,70
430,430:11,Vehicle:5,scene_28_6,21572159268,Vehicle-Passenger,35.237711232540576,-7.122234860403457,0.0,11,3837
430,430:11,Vehicle:5,scene_28_6,21572159268,Vehicle-Passenger,35.237711232540576,-7.122234860403457,0.5,21,4699
430,430:12,Vehicle:6,scene_28_6,21572159268,Vehicle-SemiTruck-Trailer,124.21196723402431,-2.0646759890647695,0.0,21,368
430,430:12,Vehicle:6,scene_28_6,21572159268,Vehicle-SemiTruck-Trailer,124.21196723402431,-2.0646759890647695,0.5,36,485
430,430:13,Vehicle:7,scene_28_6,21572159268,Vehicle-SemiTruck-Cab,134.47917175499757,-1.9950123564729283,0.0,4,152
430,430:13,Vehicle:7,scene_28_6,21572159268,Vehicle-SemiTruck-Cab,134.47917175499757,-1.9950123564729283,0.5,5,162
440,440:1,Vehicle:18,scene_28_6,22072131268,Vehicle-SemiTruck-Cab,115.07943875541483,165.03310548735178,0.0,3,4
440,440:1,Vehicle:18,scene_28_6,22072131268,Vehicle-SemiTruck-Cab,115.07943875541483,165.03310548735178,0.5,8,4
440,440:2,Vehicle:19,scene_28_6,22072131268,Vehicle-SemiTruck-Trailer,107.67824181520052,163.9841383351669,0.0,6,26
440,440:2,Vehicle:19,scene_28_6,22072131268,Vehicle-SemiTruck-Trailer,107.67824181520052,163.9841383351669,0.5,14,27
440,440:4,Vehicle:20,scene_28_6,22072131268,Vehicle-SemiTruck-Trailer,98.62030025439829,162.4610830526079,0.0,5,52
440,440:4,Vehicle:20,scene_28_6,22072131268,Vehicle-SemiTruck-Trailer,98.62030025439829,162.4610830526079,0.5,16,84
440,440:5,Vehicle:25,scene_28_6,22072131268,Vehicle-SemiTruck-Cab,352.364244142343,5.199748220834396,0.0,0,7
440,440:5,Vehicle:25,scene_28_6,22072131268,Vehicle-SemiTruck-Cab,352.364244142343,5.199748220834396,0.5,0,7
440,440:6,Vehicle:27,scene_28_6,22072131268,Vehicle-SemiTruck-Cab,97.56402457662563,-177.25473595062815,0.0,7,219
440,440:6,Vehicle:27,scene_28_6,22072131268,Vehicle-SemiTruck-Cab,97.56402457662563,-177.25473595062815,0.5,11,288
440,440:7,Vehicle:29,scene_28_6,22072131268,Vehicle,107.32402999687292,-177.5020155422659,0.0,1,18
440,440:7,Vehicle:29,scene_28_6,22072131268,Vehicle,107.32402999687292,-177.5020155422659,0.5,8,52
440,440:8,Vehicle:3,scene_28_6,22072131268,Vehicle-Passenger,79.92761999957008,0.08105578252101822,0.0,0,118
440,440:8,Vehicle:3,scene_28_6,22072131268,Vehicle-Passenger,79.92761999957008,0.08105578252101822,0.5,3,233
440,440:9,Vehicle:31,scene_28_6,22072131268,Vehicle-SemiTruck-Cab,279.1408015991982,172.76801114502518,0.0,0,12
440,440:9,Vehicle:31,scene_28_6,22072131268,Vehicle-SemiTruck-Cab,279.1408015991982,172.76801114502518,0.5,0,12
440,440:10,Vehicle:32,scene_28_6,22072131268,Vehicle-SemiTruck-Trailer,268.0706262787578,172.51294014903038,0.0,0,18
440,440:10,Vehicle:32,scene_28_6,22072131268,Vehicle-SemiTruck-Trailer,268.0706262787578,172.51294014903038,0.5,0,30
440,440:11,Vehicle:4,scene_28_6,22072131268,Vehicle-Passenger,128.4716559935855,-0.05887537257037822,0.0,0,58
440,440:11,Vehicle:4,scene_28_6,22072131268,Vehicle-Passenger,128.4716559935855,-0.05887537257037822,0.5,1,61
440,440:12,Vehicle:5,scene_28_6,22072131268,Vehicle-Passenger,34.190976651997794,-7.129784781228055,0.0,15,4032
440,440:12,Vehicle:5,scene_28_6,22072131268,Vehicle-Passenger,34.190976651997794,-7.129784781228055,0.5,30,5126
440,440:13,Vehicle:6,scene_28_6,22072131268,Vehicle-SemiTruck-Trailer,125.53917945846293,-1.8729570338357848,0.0,24,299
440,440:13,Vehicle:6,scene_28_6,22072131268,Vehicle-SemiTruck-Trailer,125.53917945846293,-1.8729570338357848,0.5,42,414
440,440:14,Vehicle:7,scene_28_6,22072131268,Vehicle-SemiTruck-Cab,135.80588168019506,-1.803271080114512,0.0,5,118
440,440:14,Vehicle:7,scene_28_6,22072131268,Vehicle-SemiTruck-Cab,135.80588168019506,-1.803271080114512,0.5,7,138
450,450:1,Vehicle:18,scene_28_6,22572113318,Vehicle-SemiTruck-Cab,143.97337162502436,168.06786890905653,0.0,0,5
450,450:1,Vehicle:18,scene_28_6,22572113318,Vehicle-SemiTruck-Cab,143.97337162502436,168.06786890905653,0.5,2,5
450,450:2,Vehicle:19,scene_28_6,22572113318,Vehicle-SemiTruck-Trailer,136.55783459860723,167.4059345131584,0.0,4,10
450,450:2,Vehicle:19,scene_28_6,22572113318,Vehicle-SemiTruck-Trailer,136.55783459860723,167.4059345131584,0.5,7,11
450,450:4,Vehicle:20,scene_28_6,22572113318,Vehicle-SemiTruck-Trailer,127.35548767927207,166.468052510902,0.0,1,120
450,450:4,Vehicle:20,scene_28_6,22572113318,Vehicle-SemiTruck-Trailer,127.35548767927207,166.468052510902,0.5,5,122
450,450:5,Vehicle:27,scene_28_6,22572113318,Vehicle-SemiTruck-Cab,94.5817728436338,-177.0350405821215,0.0,6,239
450,450:5,Vehicle:27,scene_28_6,22572113318,Vehicle-SemiTruck-Cab,94.5817728436338,-177.0350405821215,0.5,7,327
450,450:6,Vehicle:29,scene_28_6,22572113318,Vehicle,104.37622497689988,-177.3004914722575,0.0,3,19
450,450:6,Vehicle:29,scene_28_6,22572113318,Vehicle,104.37622497689988,-177.3004914722575,0.5,4,55
450,450:7,Vehicle:3,scene_28_6,22572113318,Vehicle-Passenger,83.16396636904332,0.11376351317198759,0.0,0,113
450,450:7,Vehicle:3,scene_28_6,22572113318,Vehicle-Passenger,83.16396636904332,0.11376351317198759,0.5,3,227
450,450:8,Vehicle:32,scene_28_6,22572113318,Vehicle-SemiTruck-Trailer,297.66186169570926,173.2948275719304,0.0,0,5
450,450:8,Vehicle:32,scene_28_6,22572113318,Vehicle-SemiTruck-Trailer,297.66186169570926,173.2948275719304,0.5,0,21
450,450:9,Vehicle:4,scene_28_6,22572113318,Vehicle-Passenger,131.75600279958834,-0.02440732592430322,0.0,0,43
450,450:9,Vehicle:4,scene_28_6,22572113318,Vehicle-Passenger,131.75600279958834,-0.02440732592430322,0.5,2,45
450,450:10,Vehicle:5,scene_28_6,22572113318,Vehicle-Passenger,33.11697671852983,-7.16211975097631,0.0,8,4212
450,450:10,Vehicle:5,scene_28_6,22572113318,Vehicle-Passenger,33.11697671852983,-7.16211975097631,0.5,20,5360
450,450:11,Vehicle:6,scene_28_6,22572113318,Vehicle-SemiTruck-Trailer,126.84664789728839,-1.7832908605179885,0.0,22,411
450,450:11,Vehicle:6,scene_28_6,22572113318,Vehicle-SemiTruck-Trailer,126.84664789728839,-1.7832908605179885,0.5,37,556
450,450:12,Vehicle:7,scene_28_6,22572113318,Vehicle-SemiTruck-Cab,137.11292994242473,-1.7149418353327173,0.0,3,119
450,450:12,Vehicle:7,scene_28_6,22572113318,Vehicle-SemiTruck-Cab,137.11292994242473,-1.7149418353327173,0.5,3,130
450,450:13,Vehicle:25,scene_28_6,22572113318,Vehicle-SemiTruck-Cab,321.3226665992194,5.771011494812063,0.0,2,0
450,450:13,Vehicle:25,scene_28_6,22572113318,Vehicle-SemiTruck-Cab,321.3226665992194,5.771011494812063,0.5,2,0
