dataset,variant,margin_m,band_m,category,scene,observations,instances,scenes,lidar_supported,radar_supported,both,lidar_only,radar_only,neither,lidar_percent,radar_percent,difference_pp,min_range_m,max_range_m,lidar_ge_3_percent,lidar_ge_5_percent,lidar_points_p25,lidar_points_p50,lidar_points_p75,lidar_points_p90,lidar_equal_track_percent,radar_ge_3_percent,radar_ge_5_percent,radar_points_p25,radar_points_p50,radar_points_p75,radar_points_p90,radar_equal_track_percent,lidar_unsupported,lidar_missing_percent,radar_unsupported,radar_missing_percent,sparse_cohort
TruckScenes,paired,0,0-25,animal,scene-23160c4bff134cdd86b96ee822b4aca9-14,12,1,1,12,1,1,11,0,0,100.0,8.333333333333332,91.66666666666666,3.3370594140958585,23.233488706701635,100.0,100.0,35.0,55.0,115.5,123.3,100.0,0.0,0.0,0.0,0.0,0.0,0.0,8.333333333333332,0,0.0,11,91.66666666666667,True
TruckScenes,paired,0,0-25,human.pedestrian.adult,scene-0044384af3d8494e913fb8b14915239e-3,98,5,1,98,70,70,28,0,0,100.0,71.42857142857143,28.57142857142857,5.028488755220184,24.86407938937694,100.0,98.9795918367347,199.25,339.5,521.75,609.3,100.0,21.428571428571427,0.0,0.0,1.0,2.0,3.0,74.04520917678813,0,0.0,28,28.57142857142857,False
TruckScenes,paired,0,0-25,human.pedestrian.adult,scene-23160c4bff134cdd86b96ee822b4aca9-14,27,2,1,27,24,24,3,0,0,100.0,88.88888888888889,11.111111111111116,15.282847843256596,24.74731634141199,100.0,100.0,100.0,216.0,421.5,510.2000000000001,100.0,40.74074074074074,25.925925925925924,1.0,2.0,4.0,5.400000000000002,88.73626373626374,0,0.0,3,11.111111111111114,True
TruckScenes,paired,0,0-25,human.pedestrian.adult,scene-a6a87db5125846bda72ccfc9931ee153-11,24,4,1,24,12,12,12,0,0,100.0,50.0,50.0,4.010060325968864,24.66054864439426,95.83333333333334,95.83333333333334,65.75,111.5,224.25,331.8,100.0,4.166666666666666,0.0,0.0,0.5,1.0,1.6999999999999993,51.66666666666666,0,0.0,12,50.0,True
TruckScenes,paired,0,0-25,human.pedestrian.adult,scene-b13542304b244af585a646082c57a079-1,37,5,1,35,19,19,16,0,2,94.5945945945946,51.35135135135135,43.24324324324324,21.08917743100998,24.994198490263628,89.1891891891892,78.37837837837837,42.0,94.0,108.0,118.4,98.0952380952381,2.7027027027027026,0.0,0.0,1.0,1.0,2.0,53.714285714285715,2,5.4054054054054035,18,48.64864864864865,False
TruckScenes,paired,0,0-25,human.pedestrian.adult,scene-fb64d203d417452f830ca73efed80c41-11,15,1,1,15,11,11,4,0,0,100.0,73.33333333333333,26.66666666666667,7.960158534157028,23.70893261562662,100.0,100.0,312.0,441.0,716.0,1181.6,100.0,33.33333333333333,6.666666666666667,0.5,2.0,3.0,3.5999999999999996,73.33333333333333,0,0.0,4,26.66666666666667,True
TruckScenes,paired,0,0-25,human.pedestrian.child,scene-23160c4bff134cdd86b96ee822b4aca9-14,14,1,1,14,12,12,2,0,0,100.0,85.71428571428571,14.28571428571429,15.180184985059542,24.651910801555783,100.0,100.0,118.75,303.5,445.25,479.90000000000003,100.0,14.285714285714285,7.142857142857142,1.0,1.5,2.0,2.700000000000001,85.71428571428571,0,0.0,2,14.285714285714292,True
TruckScenes,paired,0,0-25,human.pedestrian.child,scene-a6a87db5125846bda72ccfc9931ee153-11,4,2,1,4,1,1,3,0,0,100.0,25.0,75.0,23.208044922834734,24.27688402797871,75.0,75.0,5.75,8.5,10.25,10.7,100.0,0.0,0.0,0.0,0.0,0.25,0.7000000000000002,25.0,0,0.0,3,75.0,True
TruckScenes,paired,0,0-25,human.pedestrian.construction_worker,scene-6be74229febb4aad9e7ae1a37217b231-4,3,1,1,3,0,0,3,0,0,100.0,0.0,100.0,24.90048337833052,24.943080290251412,100.0,100.0,127.5,141.0,144.5,146.6,100.0,0.0,0.0,0.0,0.0,0.0,0.0,0.0,0,0.0,3,100.0,True
TruckScenes,paired,0,0-25,movable_object.barrier,scene-0044384af3d8494e913fb8b14915239e-3,13,1,1,13,3,3,10,0,0,100.0,23.076923076923077,76.92307692307692,7.068668448420652,22.24142367769678,100.0,100.0,59.0,71.0,108.0,283.4000000000001,100.0,0.0,0.0,0.0,0.0,0.0,1.0,23.076923076923077,0,0.0,10,76.92307692307692,True
TruckScenes,paired,0,0-25,movable_object.barrier,scene-3f542f89ec5241b6a4e30ca743adcf34-29,2,1,1,2,1,1,1,0,0,100.0,50.0,50.0,21.96524221899977,24.017811046556577,100.0,100.0,129.5,187.0,244.5,279.0,100.0,0.0,0.0,0.25,0.5,0.75,0.9,50.0,0,0.0,1,50.0,True
TruckScenes,paired,0,0-25,movable_object.trafficcone,scene-0044384af3d8494e913fb8b14915239e-3,24,2,1,24,0,0,24,0,0,100.0,0.0,100.0,5.311383325065451,16.039132326771057,83.33333333333334,66.66666666666666,3.0,7.0,15.0,15.0,100.0,0.0,0.0,0.0,0.0,0.0,0.0,0.0,0,0.0,24,100.0,True
TruckScenes,paired,0,0-25,movable_object.trafficcone,scene-3f542f89ec5241b6a4e30ca743adcf34-29,76,23,1,76,39,39,37,0,0,100.0,51.31578947368421,48.68421052631579,2.6179277868068884,24.970383277162387,97.36842105263158,94.73684210526315,61.75,80.5,144.25,293.0,100.0,3.9473684210526314,0.0,0.0,1.0,1.0,2.0,49.27536231884058,0,0.0,37,48.68421052631579,False
TruckScenes,paired,0,0-25,static_object.traffic_sign,scene-13f4b71b1bd04a9e88747ad8f58a3f67-4,25,8,1,25,13,13,12,0,0,100.0,52.0,48.0,7.8196954274190835,24.184650244001176,100.0,100.0,173.0,276.0,501.0,1044.4,100.0,12.0,8.0,0.0,1.0,1.0,3.200000000000003,45.83333333333333,0,0.0,12,48.0,False
TruckScenes,paired,0,0-25,static_object.traffic_sign,scene-23160c4bff134cdd86b96ee822b4aca9-14,218,18,1,218,107,107,111,0,0,100.0,49.08256880733945,50.917431192660544,2.7865554257479825,24.995558605686654,98.1651376146789,97.70642201834863,131.25,247.5,423.5,787.6000000000001,100.0,7.339449541284404,0.0,0.0,0.0,1.0,2.0,42.6949362366029,0,0.0,111,50.91743119266055,False
TruckScenes,paired,0,0-25,static_object.traffic_sign,scene-3195e3bfd1de4f9ba82f874790c7856c-15,13,5,1,13,6,6,7,0,0,100.0,46.15384615384615,53.84615384615385,8.440820195191364,23.947980417980975,100.0,100.0,89.0,366.0,929.0,1263.8000000000002,100.0,15.384615384615385,7.6923076923076925,0.0,0.0,1.0,2.6000000000000014,41.666666666666664,0,0.0,7,53.84615384615385,True
TruckScenes,paired,0,0-25,static_object.traffic_sign,scene-3f542f89ec5241b6a4e30ca743adcf34-29,60,13,1,60,27,27,33,0,0,100.0,45.0,55.00000000000001,3.605752411335156,24.923891795001364,100.0,100.0,177.75,552.5,1666.25,2395.8000000000006,100.0,13.333333333333334,3.3333333333333335,0.0,0.0,1.0,3.0,41.28205128205128,0,0.0,33,55.0,False
TruckScenes,paired,0,0-25,static_object.traffic_sign,scene-a6a87db5125846bda72ccfc9931ee153-11,234,24,1,233,110,110,123,0,1,99.57264957264957,47.008547008547005,52.56410256410257,4.095284892343524,24.925261393356696,97.86324786324786,97.86324786324786,104.75,216.0,459.0,803.3000000000009,99.72222222222223,9.401709401709402,0.4273504273504274,0.0,0.0,1.0,2.0,48.678902116402114,1,0.42735042735043294,124,52.991452991452995,False
TruckScenes,paired,0,0-25,static_object.traffic_sign,scene-b13542304b244af585a646082c57a079-1,226,13,1,226,74,74,152,0,0,100.0,32.743362831858406,67.25663716814158,7.458807599443169,24.943431886663255,99.5575221238938,98.67256637168141,81.5,210.5,355.0,463.5,100.0,3.982300884955752,0.0,0.0,0.0,1.0,1.5,29.879529721158676,0,0.0,152,67.2566371681416,False
TruckScenes,paired,0,0-25,static_object.traffic_sign,scene-b201f6e737e34c2d87830fc1e2911516-6,2,2,1,2,0,0,2,0,0,100.0,0.0,100.0,23.010243611189864,24.067636755894807,100.0,100.0,275.75,299.5,323.25,337.5,100.0,0.0,0.0,0.0,0.0,0.0,0.0,0.0,0,0.0,2,100.0,True
TruckScenes,paired,0,0-25,static_object.traffic_sign,scene-fb64d203d417452f830ca73efed80c41-11,302,22,1,302,170,170,132,0,0,100.0,56.29139072847682,43.70860927152318,3.0663175080497904,24.92663628079184,99.66887417218543,99.66887417218543,122.25,276.5,527.0,983.7,100.0,16.225165562913908,5.629139072847682,0.0,1.0,2.0,4.0,51.18763181263182,0,0.0,132,43.70860927152318,False
TruckScenes,paired,0,0-25,vehicle.bicycle,scene-23160c4bff134cdd86b96ee822b4aca9-14,12,1,1,12,8,8,4,0,0,100.0,66.66666666666666,33.333333333333336,4.230164471046823,23.152697010342408,100.0,100.0,352.0,668.5,1069.25,1294.7,100.0,41.66666666666667,16.666666666666664,0.0,2.0,3.25,4.9,66.66666666666666,0,0.0,4,33.33333333333334,True
TruckScenes,paired,0,0-25,vehicle.bicycle,scene-a6a87db5125846bda72ccfc9931ee153-11,23,6,1,23,16,16,7,0,0,100.0,69.56521739130434,30.434782608695656,11.846942725771626,24.885180871838386,95.65217391304348,91.30434782608695,17.0,84.0,187.5,225.60000000000002,100.0,21.73913043478261,0.0,0.0,1.0,2.0,3.0,60.858585858585855,0,0.0,7,30.434782608695656,False
TruckScenes,paired,0,0-25,vehicle.bicycle,scene-b13542304b244af585a646082c57a079-1,15,1,1,15,11,11,4,0,0,100.0,73.33333333333333,26.66666666666667,16.005535559002794,24.451972543086715,100.0,100.0,331.0,606.0,778.5,871.8,100.0,40.0,13.333333333333334,0.5,2.0,3.5,4.6,73.33333333333333,0,0.0,4,26.66666666666667,True
TruckScenes,paired,0,0-25,vehicle.car,scene-0044384af3d8494e913fb8b14915239e-3,246,12,1,246,236,236,10,0,0,100.0,95.9349593495935,4.0650406504065035,5.71489359083311,24.99391284327793,100.0,100.0,479.0,1033.0,1947.5,2906.5,100.0,52.84552845528455,28.455284552845526,1.0,3.0,5.0,9.0,95.96737936798849,0,0.0,10,4.065040650406502,False
TruckScenes,paired,0,0-25,vehicle.car,scene-13f4b71b1bd04a9e88747ad8f58a3f67-4,57,16,1,57,51,51,6,0,0,100.0,89.47368421052632,10.526315789473683,4.316506583492497,24.6569046284463,100.0,100.0,836.0,1725.0,2761.0,3660.0,100.0,64.91228070175438,47.368421052631575,2.0,4.0,11.0,14.799999999999997,90.52556818181819,0,0.0,6,10.526315789473685,False
TruckScenes,paired,0,0-25,vehicle.car,scene-23160c4bff134cdd86b96ee822b4aca9-14,104,8,1,104,86,86,18,0,0,100.0,82.6923076923077,17.307692307692314,3.215987086639376,24.662042475173916,100.0,100.0,493.25,1136.0,2946.5,4783.8,100.0,56.730769230769226,39.42307692307692,1.0,3.0,7.0,12.0,84.12333683473389,0,0.0,18,17.307692307692307,False
TruckScenes,paired,0,0-25,vehicle.car,scene-3195e3bfd1de4f9ba82f874790c7856c-15,100,25,1,100,84,84,16,0,0,100.0,84.0,16.000000000000004,3.91067820353559,24.968180594543426,100.0,100.0,583.5,1224.0,2395.0,3362.100000000005,100.0,53.0,39.0,1.0,3.0,6.25,11.0,85.20448179271709,0,0.0,16,16.0,False
TruckScenes,paired,0,0-25,vehicle.car,scene-3f542f89ec5241b6a4e30ca743adcf34-29,97,25,1,97,87,87,10,0,0,100.0,89.69072164948454,10.309278350515461,3.1761544499878007,24.92258918938073,100.0,100.0,732.0,1380.0,2677.0,3970.6,100.0,62.88659793814433,53.608247422680414,2.0,5.0,8.0,14.400000000000006,93.6060606060606,0,0.0,10,10.309278350515456,False
TruckScenes,paired,0,0-25,vehicle.car,scene-a6a87db5125846bda72ccfc9931ee153-11,169,25,1,169,161,161,8,0,0,100.0,95.26627218934911,4.7337278106508895,7.4802790359570155,24.993363873837318,99.40828402366864,99.40828402366864,550.0,1065.0,1895.0,2999.4,100.0,82.24852071005917,62.721893491124256,3.0,6.0,9.0,12.200000000000017,97.88636363636364,0,0.0,8,4.73372781065089,False
TruckScenes,paired,0,0-25,vehicle.car,scene-b13542304b244af585a646082c57a079-1,129,10,1,129,122,122,7,0,0,100.0,94.57364341085271,5.426356589147286,4.130717216642478,24.942883786357914,100.0,100.0,946.0,1933.0,2850.0,3492.2000000000003,100.0,73.64341085271317,31.782945736434108,2.0,4.0,5.0,8.0,90.33333333333336,0,0.0,7,5.426356589147289,False
TruckScenes,paired,0,0-25,vehicle.car,scene-b201f6e737e34c2d87830fc1e2911516-6,157,9,1,157,140,140,17,0,0,100.0,89.171974522293,10.828025477707005,3.9102391805194383,24.885324492963118,100.0,100.0,853.0,2052.0,3156.0,4051.4,100.0,51.59235668789809,31.210191082802545,1.0,3.0,5.0,8.0,91.63934395306944,0,0.0,17,10.828025477707001,False
TruckScenes,paired,0,0-25,vehicle.car,scene-fb64d203d417452f830ca73efed80c41-11,164,16,1,164,152,152,12,0,0,100.0,92.6829268292683,7.317073170731703,6.859816654074414,24.976264972350485,99.39024390243902,98.17073170731707,385.75,1083.0,1680.75,2613.3000000000006,100.0,68.29268292682927,48.78048780487805,2.0,4.0,8.0,14.0,96.52527915632754,0,0.0,12,7.317073170731703,False
TruckScenes,paired,0,0-25,vehicle.ego_trailer,scene-0044384af3d8494e913fb8b14915239e-3,39,1,1,39,39,39,0,0,0,100.0,100.0,0.0,5.371014228460056,5.86397189328532,100.0,100.0,13125.0,14096.0,14669.0,14910.800000000001,100.0,97.43589743589743,82.05128205128204,5.0,6.0,7.5,8.0,100.0,0,0.0,0,0.0,True
TruckScenes,paired,0,0-25,vehicle.ego_trailer,scene-23160c4bff134cdd86b96ee822b4aca9-14,39,1,1,39,39,39,0,0,0,100.0,100.0,0.0,4.286715548585185,4.55859674230722,100.0,100.0,16559.0,17992.0,18119.5,18300.4,100.0,100.0,97.43589743589743,8.0,10.0,11.0,13.0,100.0,0,0.0,0,0.0,True
TruckScenes,paired,0,0-25,vehicle.ego_trailer,scene-3195e3bfd1de4f9ba82f874790c7856c-15,39,1,1,39,39,39,0,0,0,100.0,100.0,0.0,4.306420822951274,4.544300901215293,100.0,100.0,10179.0,10989.0,12499.5,14092.0,100.0,100.0,100.0,8.0,8.0,9.0,10.0,100.0,0,0.0,0,0.0,True
TruckScenes,paired,0,0-25,vehicle.ego_trailer,scene-3f542f89ec5241b6a4e30ca743adcf34-29,39,1,1,39,39,39,0,0,0,100.0,100.0,0.0,5.211087290877539,5.442241477675175,100.0,100.0,7476.0,7556.0,10322.0,16391.4,100.0,100.0,87.17948717948718,5.0,6.0,7.0,8.200000000000003,100.0,0,0.0,0,0.0,True
TruckScenes,paired,0,0-25,vehicle.ego_trailer,scene-6be74229febb4aad9e7ae1a37217b231-4,39,1,1,39,16,16,23,0,0,100.0,41.02564102564102,58.97435897435898,4.4219298704801036,4.716352337946357,100.0,100.0,7568.0,7649.0,7740.0,7977.2,100.0,0.0,0.0,0.0,0.0,1.0,1.0,41.02564102564102,0,0.0,23,58.97435897435898,True
TruckScenes,paired,0,0-25,vehicle.ego_trailer,scene-a6a87db5125846bda72ccfc9931ee153-11,39,1,1,39,38,38,1,0,0,100.0,97.43589743589743,2.564102564102566,4.447546264536442,4.82229548417409,100.0,100.0,16465.0,16604.0,16858.0,22944.000000000004,100.0,58.97435897435898,20.51282051282051,2.0,3.0,4.0,5.200000000000003,97.43589743589743,0,0.0,1,2.564102564102569,True
TruckScenes,paired,0,0-25,vehicle.ego_trailer,scene-b13542304b244af585a646082c57a079-1,39,1,1,39,39,39,0,0,0,100.0,100.0,0.0,4.2383829357676595,5.246422123728433,100.0,100.0,5568.5,6071.0,6150.5,6213.2,100.0,100.0,64.1025641025641,4.0,5.0,7.0,8.0,100.0,0,0.0,0,0.0,True
TruckScenes,paired,0,0-25,vehicle.ego_trailer,scene-b201f6e737e34c2d87830fc1e2911516-6,39,1,1,39,39,39,0,0,0,100.0,100.0,0.0,4.79390378185346,4.985671785764886,100.0,100.0,11585.5,12182.0,12516.5,12797.0,100.0,79.48717948717949,28.205128205128204,3.0,4.0,5.0,5.200000000000003,100.0,0,0.0,0,0.0,True
TruckScenes,paired,0,0-25,vehicle.ego_trailer,scene-fb64d203d417452f830ca73efed80c41-11,39,1,1,39,39,39,0,0,0,100.0,100.0,0.0,3.9522519617030465,6.753572107966737,100.0,100.0,17561.0,20506.0,25228.5,26031.600000000002,100.0,94.87179487179486,84.61538461538461,6.0,9.0,11.0,12.200000000000003,100.0,0,0.0,0,0.0,True
TruckScenes,paired,0,0-25,vehicle.motorcycle,scene-13f4b71b1bd04a9e88747ad8f58a3f67-4,11,1,1,11,8,8,3,0,0,100.0,72.72727272727273,27.27272727272727,4.045374541588409,23.927181471337466,100.0,100.0,530.5,1022.0,1776.0,2017.0,100.0,45.45454545454545,45.45454545454545,0.5,1.0,6.0,6.0,72.72727272727273,0,0.0,3,27.272727272727266,True
TruckScenes,paired,0,0-25,vehicle.motorcycle,scene-a6a87db5125846bda72ccfc9931ee153-11,1,1,1,1,1,1,0,0,0,100.0,100.0,0.0,20.875363726416317,20.875363726416317,100.0,100.0,784.0,784.0,784.0,784.0,100.0,0.0,0.0,2.0,2.0,2.0,2.0,100.0,0,0.0,0,0.0,True
TruckScenes,paired,0,0-25,vehicle.other,scene-23160c4bff134cdd86b96ee822b4aca9-14,39,1,1,39,39,39,0,0,0,100.0,100.0,0.0,18.032195212579325,23.80926246243568,100.0,100.0,372.0,416.0,661.0,680.6,100.0,89.74358974358975,33.33333333333333,3.0,4.0,5.0,7.0,100.0,0,0.0,0,0.0,True
TruckScenes,paired,0,0-25,vehicle.trailer,scene-0044384af3d8494e913fb8b14915239e-3,184,9,1,183,181,180,3,1,0,99.45652173913044,98.36956521739131,1.0869565217391242,3.767944817610741,24.96832240953438,97.28260869565217,97.28260869565217,1069.25,3401.0,7323.25,12807.500000000002,99.55555555555556,97.28260869565217,93.47826086956522,11.0,20.5,34.0,49.0,98.8232074438971,1,0.5434782608695627,3,1.6304347826086882,False
TruckScenes,paired,0,0-25,vehicle.trailer,scene-23160c4bff134cdd86b96ee822b4aca9-14,64,3,1,64,64,64,0,0,0,100.0,100.0,0.0,3.4169246296073976,24.411906797887646,100.0,100.0,2298.0,5217.5,8640.5,9851.900000000001,100.0,87.5,82.8125,5.0,8.0,9.0,11.700000000000003,100.0,0,0.0,0,0.0,True
TruckScenes,paired,0,0-25,vehicle.trailer,scene-3195e3bfd1de4f9ba82f874790c7856c-15,13,10,1,13,12,12,1,0,0,100.0,92.3076923076923,7.692307692307687,17.94419223275464,24.09816108250718,100.0,100.0,1194.0,8259.0,13436.0,15928.0,100.0,84.61538461538461,84.61538461538461,9.0,25.0,27.0,33.400000000000006,95.0,0,0.0,1,7.692307692307693,True
TruckScenes,paired,0,0-25,vehicle.trailer,scene-3f542f89ec5241b6a4e30ca743adcf34-29,52,16,1,52,50,50,2,0,0,100.0,96.15384615384616,3.8461538461538436,3.536328817755905,24.678565056230777,98.07692307692307,98.07692307692307,1574.25,4007.5,8859.75,17705.59999999999,100.0,84.61538461538461,71.15384615384616,3.75,12.0,25.25,36.9,99.40476190476191,0,0.0,2,3.8461538461538396,False
TruckScenes,paired,0,0-25,vehicle.trailer,scene-6be74229febb4aad9e7ae1a37217b231-4,39,1,1,39,39,39,0,0,0,100.0,100.0,0.0,18.103193869541553,18.311085673356747,100.0,100.0,4043.0,4089.0,4301.0,4682.2,100.0,84.61538461538461,64.1025641025641,4.0,10.0,15.0,17.0,100.0,0,0.0,0,0.0,True
TruckScenes,paired,0,0-25,vehicle.trailer,scene-fb64d203d417452f830ca73efed80c41-11,28,1,1,28,28,28,0,0,0,100.0,100.0,0.0,5.14506928241201,24.621496059179535,100.0,100.0,29168.25,63963.0,74545.25,75522.0,100.0,100.0,100.0,16.75,25.5,32.0,34.3,100.0,0,0.0,0,0.0,True
TruckScenes,paired,0,0-25,vehicle.train,scene-6be74229febb4aad9e7ae1a37217b231-4,117,3,1,117,117,117,0,0,0,100.0,100.0,0.0,9.416005253122728,14.723361559912423,100.0,100.0,13248.0,24703.0,41491.0,41539.0,100.0,100.0,100.0,10.0,19.0,21.0,23.0,100.0,0,0.0,0,0.0,True
TruckScenes,paired,0,0-25,vehicle.truck,scene-0044384af3d8494e913fb8b14915239e-3,173,8,1,173,170,170,3,0,0,100.0,98.26589595375722,1.7341040462427793,4.361275837976843,24.780260352624797,98.84393063583815,98.26589595375722,1190.0,3986.0,9937.0,16137.8,100.0,91.32947976878613,82.08092485549133,6.0,11.0,21.0,30.0,97.8442513368984,0,0.0,3,1.734104046242777,False
TruckScenes,paired,0,0-25,vehicle.truck,scene-23160c4bff134cdd86b96ee822b4aca9-14,12,1,1,12,12,12,0,0,0,100.0,100.0,0.0,4.612927912873501,23.18536682329357,100.0,100.0,1091.75,2181.5,5053.0,10583.800000000001,100.0,100.0,66.66666666666666,3.75,6.5,10.5,13.8,100.0,0,0.0,0,0.0,True
TruckScenes,paired,0,0-25,vehicle.truck,scene-3195e3bfd1de4f9ba82f874790c7856c-15,11,8,1,11,11,11,0,0,0,100.0,100.0,0.0,18.49008892001708,24.82000429897186,100.0,100.0,2895.5,3952.0,6100.5,7929.0,100.0,100.0,100.0,11.0,11.0,16.0,21.0,100.0,0,0.0,0,0.0,True
TruckScenes,paired,0,0-25,vehicle.truck,scene-3f542f89ec5241b6a4e30ca743adcf34-29,21,11,1,21,21,21,0,0,0,100.0,100.0,0.0,11.899294813578383,24.388347855262136,100.0,100.0,3761.0,6589.0,10286.0,11249.0,100.0,100.0,100.0,15.0,18.0,24.0,29.0,100.0,0,0.0,0,0.0,False
TruckScenes,paired,0,0-25,vehicle.truck,scene-6be74229febb4aad9e7ae1a37217b231-4,2,1,1,2,2,2,0,0,0,100.0,100.0,0.0,24.8780683703156,24.98505764073589,100.0,100.0,219.75,234.5,249.25,258.1,100.0,50.0,0.0,2.25,2.5,2.75,2.9,100.0,0,0.0,0,0.0,True
TruckScenes,paired,0,0-25,vehicle.truck,scene-a6a87db5125846bda72ccfc9931ee153-11,2,1,1,2,2,2,0,0,0,100.0,100.0,0.0,21.051658372910392,24.85533737820275,100.0,100.0,3144.25,3585.5,4026.75,4291.5,100.0,100.0,100.0,12.75,13.5,14.25,14.7,100.0,0,0.0,0,0.0,True
TruckScenes,paired,0,0-25,vehicle.truck,scene-b13542304b244af585a646082c57a079-1,48,3,1,48,48,48,0,0,0,100.0,100.0,0.0,5.3152459885130945,24.723186762589755,100.0,100.0,6616.5,17687.0,61219.5,79292.2,100.0,95.83333333333334,95.83333333333334,13.75,18.0,27.25,34.300000000000004,100.0,0,0.0,0,0.0,True
TruckScenes,paired,0,0-25,vehicle.truck,scene-b201f6e737e34c2d87830fc1e2911516-6,18,1,1,18,18,18,0,0,0,100.0,100.0,0.0,20.047717968781672,24.820646505760056,100.0,100.0,5860.75,6097.0,6713.5,8948.1,100.0,100.0,100.0,15.5,27.0,30.75,32.3,100.0,0,0.0,0,0.0,True
TruckScenes,paired,0,0-25,vehicle.truck,scene-fb64d203d417452f830ca73efed80c41-11,52,3,1,52,52,52,0,0,0,100.0,100.0,0.0,8.193621293957236,24.855788497362088,100.0,100.0,3277.25,7346.5,39342.75,51767.1,100.0,100.0,96.15384615384616,12.0,18.0,25.0,31.0,100.0,0,0.0,0,0.0,True
TruckScenes,paired,0,25-50,animal,scene-23160c4bff134cdd86b96ee822b4aca9-14,7,1,1,7,1,1,6,0,0,100.0,14.285714285714285,85.71428571428572,26.24421595762759,45.431496390879126,100.0,100.0,10.0,12.0,16.0,25.400000000000006,100.0,0.0,0.0,0.0,0.0,0.0,0.40000000000000036,14.285714285714285,0,0.0,6,85.71428571428572,True
TruckScenes,paired,0,25-50,human.pedestrian.adult,scene-0044384af3d8494e913fb8b14915239e-3,30,4,1,29,2,2,27,0,1,96.66666666666667,6.666666666666667,90.0,25.8868289343017,48.7079251772679,96.66666666666667,96.66666666666667,46.0,66.5,101.0,158.4,87.5,0.0,0.0,0.0,0.0,0.0,0.0,10.0,1,3.3333333333333286,28,93.33333333333333,True
TruckScenes,paired,0,25-50,human.pedestrian.adult,scene-23160c4bff134cdd86b96ee822b4aca9-14,106,5,1,106,56,56,50,0,0,100.0,52.83018867924528,47.16981132075472,25.055973351526568,49.30626924349821,99.05660377358491,98.11320754716981,38.0,67.0,113.75,159.0,100.0,13.20754716981132,3.7735849056603774,0.0,1.0,2.0,3.0,55.10507036822826,0,0.0,50,47.16981132075472,False
TruckScenes,paired,0,25-50,human.pedestrian.adult,scene-a6a87db5125846bda72ccfc9931ee153-11,62,6,1,62,19,19,43,0,0,100.0,30.64516129032258,69.35483870967742,25.085547399673803,49.90446462513849,93.54838709677419,93.54838709677419,24.25,40.5,105.25,255.39999999999998,100.0,0.0,0.0,0.0,0.0,1.0,1.0,22.857142857142858,0,0.0,43,69.35483870967742,False
TruckScenes,paired,0,25-50,human.pedestrian.adult,scene-b13542304b244af585a646082c57a079-1,239,11,1,238,108,108,130,0,1,99.581589958159,45.18828451882845,54.39330543933054,25.00266046359932,49.66605451952942,98.32635983263597,96.23430962343096,41.5,75.0,95.0,119.80000000000007,99.60474308300394,2.928870292887029,0.41841004184100417,0.0,0.0,1.0,2.0,45.89194533488863,1,0.4184100418409997,131,54.81171548117155,False
TruckScenes,paired,0,25-50,human.pedestrian.adult,scene-fb64d203d417452f830ca73efed80c41-11,19,2,1,19,5,5,14,0,0,100.0,26.31578947368421,73.6842105263158,25.033332750053617,49.38759551023432,100.0,100.0,71.0,91.0,143.0,254.79999999999995,100.0,0.0,0.0,0.0,0.0,0.5,1.0,13.88888888888889,0,0.0,14,73.6842105263158,True
TruckScenes,paired,0,25-50,human.pedestrian.child,scene-23160c4bff134cdd86b96ee822b4aca9-14,31,2,1,30,21,20,10,1,0,96.7741935483871,67.74193548387096,29.032258064516135,25.5403196353695,49.92841766747102,93.54838709677419,90.32258064516128,12.5,28.0,130.5,190.0,97.22222222222221,16.129032258064516,3.225806451612903,0.0,1.0,2.0,4.0,65.8119658119658,1,3.225806451612897,10,32.25806451612904,True
TruckScenes,paired,0,25-50,human.pedestrian.child,scene-a6a87db5125846bda72ccfc9931ee153-11,18,2,1,18,0,0,18,0,0,100.0,0.0,100.0,25.061226211189545,42.331798592893655,100.0,100.0,13.5,27.5,45.75,51.0,100.0,0.0,0.0,0.0,0.0,0.0,0.0,0.0,0,0.0,18,100.0,True
TruckScenes,paired,0,25-50,human.pedestrian.construction_worker,scene-3f542f89ec5241b6a4e30ca743adcf34-29,3,1,1,3,3,3,0,0,0,100.0,100.0,0.0,38.39776118803819,49.742315202315375,100.0,100.0,41.5,44.0,50.0,53.6,100.0,33.33333333333333,0.0,2.0,2.0,2.5,2.8,100.0,0,0.0,0,0.0,True
TruckScenes,paired,0,25-50,human.pedestrian.construction_worker,scene-6be74229febb4aad9e7ae1a37217b231-4,146,4,1,146,44,44,102,0,0,100.0,30.136986301369863,69.86301369863014,25.026148264819447,46.851385344842264,100.0,100.0,47.0,91.5,172.0,214.5,100.0,6.164383561643835,1.36986301369863,0.0,0.0,1.0,1.0,30.636604774535805,0,0.0,102,69.86301369863014,True
TruckScenes,paired,0,25-50,human.pedestrian.stroller,scene-23160c4bff134cdd86b96ee822b4aca9-14,13,1,1,13,7,7,6,0,0,100.0,53.84615384615385,46.15384615384615,33.038505211786195,48.27409703090002,100.0,100.0,23.0,28.0,30.0,34.800000000000004,100.0,0.0,0.0,0.0,1.0,1.0,1.0,53.84615384615385,0,0.0,6,46.15384615384615,True
TruckScenes,paired,0,25-50,movable_object.barrier,scene-0044384af3d8494e913fb8b14915239e-3,1,1,1,0,0,0,0,0,1,0.0,0.0,0.0,25.02131110837773,25.02131110837773,0.0,0.0,0.0,0.0,0.0,0.0,0.0,0.0,0.0,0.0,0.0,0.0,0.0,0.0,1,100.0,1,100.0,True
TruckScenes,paired,0,25-50,movable_object.barrier,scene-3f542f89ec5241b6a4e30ca743adcf34-29,6,1,1,6,2,2,4,0,0,100.0,33.33333333333333,66.66666666666667,27.682811932610363,48.866131077214646,100.0,100.0,76.25,106.0,146.25,222.5,100.0,0.0,0.0,0.0,0.0,0.75,1.0,33.33333333333333,0,0.0,4,66.66666666666667,True
TruckScenes,paired,0,25-50,movable_object.trafficcone,scene-3195e3bfd1de4f9ba82f874790c7856c-15,15,3,1,15,0,0,15,0,0,100.0,0.0,100.0,27.756977042030552,47.491970639798936,93.33333333333333,93.33333333333333,9.0,15.0,20.5,31.0,100.0,0.0,0.0,0.0,0.0,0.0,0.0,0.0,0,0.0,15,100.0,True
TruckScenes,paired,0,25-50,movable_object.trafficcone,scene-3f542f89ec5241b6a4e30ca743adcf34-29,129,33,1,129,15,15,114,0,0,100.0,11.627906976744185,88.37209302325581,25.1025277986428,49.7741951916537,97.67441860465115,93.7984496124031,15.0,43.0,86.0,139.2,100.0,0.0,0.0,0.0,0.0,0.0,1.0,10.721500721500721,0,0.0,114,88.37209302325581,False
TruckScenes,paired,0,25-50,static_object.traffic_sign,scene-13f4b71b1bd04a9e88747ad8f58a3f67-4,69,18,1,69,12,12,57,0,0,100.0,17.391304347826086,82.6086956521739,25.40106584305818,49.75265743271373,97.10144927536231,94.20289855072464,37.0,63.0,126.0,493.2000000000002,100.0,4.3478260869565215,0.0,0.0,0.0,0.0,1.0,14.814814814814817,0,0.0,57,82.6086956521739,False
TruckScenes,paired,0,25-50,static_object.traffic_sign,scene-23160c4bff134cdd86b96ee822b4aca9-14,496,31,1,496,130,130,366,0,0,100.0,26.209677419354836,73.79032258064517,25.005351076668447,49.96668894209864,99.79838709677419,99.59677419354838,48.0,77.5,130.25,201.0,100.0,1.8145161290322582,0.0,0.0,0.0,1.0,1.0,28.12085631165501,0,0.0,366,73.79032258064517,False
TruckScenes,paired,0,25-50,static_object.traffic_sign,scene-3195e3bfd1de4f9ba82f874790c7856c-15,38,8,1,38,12,12,26,0,0,100.0,31.57894736842105,68.42105263157895,25.329742044219646,49.03718181564197,100.0,97.36842105263158,48.0,94.5,136.25,397.20000000000226,100.0,13.157894736842104,2.631578947368421,0.0,0.0,1.0,3.0,31.874999999999996,0,0.0,26,68.42105263157895,False
TruckScenes,paired,0,25-50,static_object.traffic_sign,scene-3f542f89ec5241b6a4e30ca743adcf34-29,112,18,1,112,36,36,76,0,0,100.0,32.142857142857146,67.85714285714286,25.067762604146097,49.96365688416681,97.32142857142857,97.32142857142857,46.5,90.5,227.75,437.5000000000001,100.0,8.035714285714286,6.25,0.0,0.0,1.0,2.0,30.97222222222222,0,0.0,76,67.85714285714286,False
TruckScenes,paired,0,25-50,static_object.traffic_sign,scene-6be74229febb4aad9e7ae1a37217b231-4,39,1,1,39,0,0,39,0,0,100.0,0.0,100.0,38.84764802782842,38.870232152055074,100.0,100.0,118.0,121.0,123.5,125.2,100.0,0.0,0.0,0.0,0.0,0.0,0.0,0.0,0,0.0,39,100.0,True
TruckScenes,paired,0,25-50,static_object.traffic_sign,scene-a6a87db5125846bda72ccfc9931ee153-11,357,35,1,356,84,84,272,0,1,99.71988795518207,23.52941176470588,76.19047619047619,25.004092259588482,49.809545849373286,98.31932773109243,97.47899159663865,31.0,56.0,106.0,193.80000000000007,99.68253968253967,2.801120448179272,0.0,0.0,0.0,0.0,1.0,23.950456950456946,1,0.2801120448179262,273,76.47058823529412,False
TruckScenes,paired,0,25-50,static_object.traffic_sign,scene-b13542304b244af585a646082c57a079-1,281,14,1,281,39,39,242,0,0,100.0,13.87900355871886,86.12099644128114,25.129129899893126,49.88680419512709,97.86476868327402,93.59430604982207,15.0,35.0,83.0,140.0,100.0,0.3558718861209964,0.0,0.0,0.0,0.0,1.0,16.458196181698487,0,0.0,242,86.12099644128114,False
TruckScenes,paired,0,25-50,static_object.traffic_sign,scene-b201f6e737e34c2d87830fc1e2911516-6,36,5,1,36,13,13,23,0,0,100.0,36.11111111111111,63.888888888888886,25.1999134126659,49.61979158467407,100.0,100.0,65.0,133.5,273.5,419.0,100.0,8.333333333333332,0.0,0.0,0.0,1.0,2.0,32.46031746031746,0,0.0,23,63.88888888888889,False
TruckScenes,paired,0,25-50,static_object.traffic_sign,scene-fb64d203d417452f830ca73efed80c41-11,461,36,1,461,165,165,296,0,0,100.0,35.791757049891544,64.20824295010846,25.005065745160874,49.991984854728926,99.56616052060737,97.83080260303689,39.0,79.0,173.0,347.0,100.0,8.893709327548807,4.3383947939262475,0.0,0.0,1.0,2.0,32.86773988511646,0,0.0,296,64.20824295010846,False
TruckScenes,paired,0,25-50,vehicle.bicycle,scene-23160c4bff134cdd86b96ee822b4aca9-14,7,1,1,7,5,5,2,0,0,100.0,71.42857142857143,28.57142857142857,26.347128085420266,45.265548637389415,100.0,100.0,43.0,58.0,112.0,177.20000000000005,100.0,0.0,0.0,0.5,1.0,1.0,1.4000000000000004,71.42857142857143,0,0.0,2,28.57142857142857,True
TruckScenes,paired,0,25-50,vehicle.bicycle,scene-a6a87db5125846bda72ccfc9931ee153-11,19,5,1,18,10,9,9,1,0,94.73684210526315,52.63157894736842,42.10526315789473,25.162071053131964,43.66869982571534,89.47368421052632,89.47368421052632,32.0,45.0,73.0,115.6,90.0,5.263157894736842,0.0,0.0,1.0,2.0,2.0,50.0,1,5.26315789473685,9,47.36842105263158,True
TruckScenes,paired,0,25-50,vehicle.bicycle,scene-b13542304b244af585a646082c57a079-1,32,2,1,32,26,26,6,0,0,100.0,81.25,18.75,25.625258934704874,49.41508084150633,96.875,96.875,56.75,104.0,170.75,259.40000000000003,100.0,37.5,6.25,1.0,2.0,3.0,3.900000000000002,81.74603174603175,0,0.0,6,18.75,True
TruckScenes,paired,0,25-50,vehicle.bus.rigid,scene-b13542304b244af585a646082c57a079-1,175,6,1,175,143,143,32,0,0,100.0,81.71428571428572,18.285714285714285,31.46960297108729,49.93628880406305,99.42857142857143,99.42857142857143,179.5,334.0,671.0,5441.4,100.0,54.285714285714285,29.714285714285715,1.0,3.0,6.0,9.0,80.88997412339775,0,0.0,32,18.285714285714278,False
TruckScenes,paired,0,25-50,vehicle.bus.rigid,scene-b201f6e737e34c2d87830fc1e2911516-6,4,1,1,4,3,3,1,0,0,100.0,75.0,25.0,40.09773443086819,45.92431657130784,100.0,100.0,219.0,776.5,1897.0,2966.2000000000003,100.0,75.0,50.0,2.25,5.0,9.25,13.3,75.0,0,0.0,1,25.0,True
TruckScenes,paired,0,25-50,vehicle.car,scene-0044384af3d8494e913fb8b14915239e-3,161,12,1,160,128,128,32,0,1,99.37888198757764,79.5031055900621,19.875776397515533,25.026552288266526,49.78374941111718,99.37888198757764,99.37888198757764,98.0,157.0,238.0,420.0,99.67948717948718,20.496894409937887,4.3478260869565215,1.0,1.0,2.0,3.0,78.24342582082521,1,0.6211180124223574,33,20.496894409937894,False
TruckScenes,paired,0,25-50,vehicle.car,scene-13f4b71b1bd04a9e88747ad8f58a3f67-4,86,24,1,86,67,67,19,0,0,100.0,77.90697674418605,22.093023255813947,25.08948061690256,49.55610281328595,100.0,100.0,163.25,354.0,650.5,1160.0,100.0,38.372093023255815,25.581395348837212,1.0,2.0,4.75,9.0,85.752072002072,0,0.0,19,22.093023255813947,False
TruckScenes,paired,0,25-50,vehicle.car,scene-23160c4bff134cdd86b96ee822b4aca9-14,266,24,1,266,202,202,64,0,0,100.0,75.93984962406014,24.06015037593985,25.3439933534911,49.917777101999484,96.99248120300751,94.73684210526315,46.25,137.0,243.75,468.5,100.0,29.69924812030075,8.270676691729323,1.0,1.0,3.0,4.0,68.9344043637522,0,0.0,64,24.060150375939855,False
TruckScenes,paired,0,25-50,vehicle.car,scene-3195e3bfd1de4f9ba82f874790c7856c-15,112,29,1,112,70,70,42,0,0,100.0,62.5,37.5,25.436131004049166,49.72360433053761,100.0,100.0,97.75,215.5,406.75,646.5,100.0,23.214285714285715,8.035714285714286,0.0,1.0,2.0,4.0,67.11109771454599,0,0.0,42,37.5,False
TruckScenes,paired,0,25-50,vehicle.car,scene-3f542f89ec5241b6a4e30ca743adcf34-29,112,28,1,112,79,79,33,0,0,100.0,70.53571428571429,29.464285714285708,25.05173585797305,49.87529884465956,100.0,100.0,106.75,214.5,466.0,975.5000000000001,100.0,39.285714285714285,25.892857142857146,0.0,2.0,5.0,8.0,79.33673469387756,0,0.0,33,29.464285714285708,False
TruckScenes,paired,0,25-50,vehicle.car,scene-6be74229febb4aad9e7ae1a37217b231-4,39,1,1,39,10,10,29,0,0,100.0,25.64102564102564,74.35897435897436,43.67204270465902,43.9059031696477,100.0,100.0,110.0,124.0,244.0,275.2,100.0,0.0,0.0,0.0,0.0,0.5,1.0,25.64102564102564,0,0.0,29,74.35897435897436,True
TruckScenes,paired,0,25-50,vehicle.car,scene-a6a87db5125846bda72ccfc9931ee153-11,561,54,1,556,456,455,101,1,4,99.10873440285205,81.28342245989305,17.825311942958997,25.083674387169115,49.989239561010805,98.0392156862745,96.96969696969697,108.0,246.0,480.0,854.0,99.30674264007598,41.35472370766489,21.390374331550802,1.0,2.0,4.0,7.0,79.8173941641434,5,0.8912655971479495,105,18.716577540106954,False
TruckScenes,paired,0,25-50,vehicle.car,scene-b13542304b244af585a646082c57a079-1,306,26,1,306,225,225,81,0,0,100.0,73.52941176470588,26.470588235294112,25.038008580907192,49.89347845567651,98.36601307189542,98.0392156862745,37.5,86.5,183.75,388.5,100.0,28.104575163398692,4.901960784313726,0.0,2.0,3.0,4.0,68.36630102861166,0,0.0,81,26.470588235294116,False
TruckScenes,paired,0,25-50,vehicle.car,scene-b201f6e737e34c2d87830fc1e2911516-6,320,35,1,320,262,262,58,0,0,100.0,81.875,18.125000000000004,25.1800539630386,49.94696818266525,99.6875,99.375,67.0,156.0,456.75,939.1,100.0,38.75,18.4375,1.0,2.0,4.0,6.0,76.23436880579739,0,0.0,58,18.125,False
TruckScenes,paired,0,25-50,vehicle.car,scene-fb64d203d417452f830ca73efed80c41-11,349,33,1,348,307,307,41,0,1,99.7134670487106,87.96561604584528,11.747851002865328,25.028445799935753,49.99349955220707,99.42693409742121,99.14040114613181,148.0,282.0,652.0,885.5999999999999,99.7979797979798,60.458452722063036,29.799426934097422,1.0,3.0,5.0,8.0,89.25913312276948,1,0.28653295128940215,42,12.03438395415472,False
TruckScenes,paired,0,25-50,vehicle.construction,scene-3f542f89ec5241b6a4e30ca743adcf34-29,10,1,1,10,10,10,0,0,0,100.0,100.0,0.0,25.967144515075436,48.061706910286034,100.0,100.0,524.5,1340.0,1729.5,2492.3999999999996,100.0,90.0,90.0,9.5,16.5,21.25,23.599999999999998,100.0,0,0.0,0,0.0,True
TruckScenes,paired,0,25-50,vehicle.construction,scene-6be74229febb4aad9e7ae1a37217b231-4,39,1,1,37,0,0,37,0,2,94.87179487179486,0.0,94.87179487179486,46.628971975329705,46.84740186084551,84.61538461538461,82.05128205128204,6.5,8.0,8.0,9.0,94.87179487179486,0.0,0.0,0.0,0.0,0.0,0.0,0.0,2,5.128205128205138,39,100.0,True
TruckScenes,paired,0,25-50,vehicle.construction,scene-b201f6e737e34c2d87830fc1e2911516-6,39,1,1,39,39,39,0,0,0,100.0,100.0,0.0,29.201480808696406,43.05304449071748,100.0,100.0,1341.0,2463.0,3982.0,4948.000000000001,100.0,100.0,100.0,13.0,16.0,22.0,28.0,100.0,0,0.0,0,0.0,True
TruckScenes,paired,0,25-50,vehicle.motorcycle,scene-13f4b71b1bd04a9e88747ad8f58a3f67-4,9,1,1,9,7,7,2,0,0,100.0,77.77777777777779,22.22222222222222,28.040724514445376,48.41464613043885,100.0,100.0,120.0,177.0,293.0,446.20000000000005,100.0,22.22222222222222,0.0,1.0,2.0,2.0,3.0,77.77777777777779,0,0.0,2,22.222222222222214,True
TruckScenes,paired,0,25-50,vehicle.motorcycle,scene-a6a87db5125846bda72ccfc9931ee153-11,6,1,1,6,5,5,1,0,0,100.0,83.33333333333334,16.666666666666664,26.033673592842078,49.78879349188685,100.0,100.0,161.5,223.5,331.25,463.5,100.0,16.666666666666664,0.0,1.0,1.5,2.0,2.5,83.33333333333334,0,0.0,1,16.666666666666657,True
TruckScenes,paired,0,25-50,vehicle.other,scene-3195e3bfd1de4f9ba82f874790c7856c-15,7,1,1,7,7,7,0,0,0,100.0,100.0,0.0,29.558689323431754,49.928633548765454,100.0,100.0,332.5,400.0,708.5,818.8,100.0,85.71428571428571,71.42857142857143,4.0,5.0,9.0,11.200000000000001,100.0,0,0.0,0,0.0,True
TruckScenes,paired,0,25-50,vehicle.trailer,scene-0044384af3d8494e913fb8b14915239e-3,127,9,1,126,113,112,14,1,0,99.21259842519686,88.9763779527559,10.236220472440948,25.01964164537153,49.90085446576449,99.21259842519686,99.21259842519686,244.0,694.0,2845.5,5070.600000000001,88.88888888888889,83.46456692913385,83.46456692913385,7.0,11.0,16.0,24.400000000000006,91.90823534343626,1,0.7874015748031411,14,11.023622047244103,False
TruckScenes,paired,0,25-50,vehicle.trailer,scene-13f4b71b1bd04a9e88747ad8f58a3f67-4,12,4,1,12,12,12,0,0,0,100.0,100.0,0.0,29.315493167603204,49.41858548184613,100.0,100.0,1819.5,3297.5,4769.75,6732.8,100.0,100.0,100.0,24.0,27.5,37.5,54.9,100.0,0,0.0,0,0.0,True
TruckScenes,paired,0,25-50,vehicle.trailer,scene-23160c4bff134cdd86b96ee822b4aca9-14,19,2,1,19,17,17,2,0,0,100.0,89.47368421052632,10.526315789473683,25.21419863120834,49.212409599224316,100.0,100.0,67.0,84.0,138.0,158.0,100.0,52.63157894736842,15.789473684210526,1.0,3.0,3.5,5.199999999999999,90.0,0,0.0,2,10.526315789473685,True
TruckScenes,paired,0,25-50,vehicle.trailer,scene-3195e3bfd1de4f9ba82f874790c7856c-15,23,11,1,23,22,22,1,0,0,100.0,95.65217391304348,4.347826086956519,25.92009774673772,48.96469340442421,100.0,100.0,1249.5,3140.0,5364.0,8780.0,100.0,91.30434782608695,82.6086956521739,22.5,26.0,53.5,71.2,95.45454545454545,0,0.0,1,4.347826086956516,False
TruckScenes,paired,0,25-50,vehicle.trailer,scene-3f542f89ec5241b6a4e30ca743adcf34-29,59,16,1,59,57,57,2,0,0,100.0,96.61016949152543,3.3898305084745783,25.060031723293267,49.95013332466951,100.0,100.0,430.5,1294.0,2645.0,5963.4,100.0,83.05084745762711,76.27118644067797,5.0,14.0,28.5,53.2,96.39423076923077,0,0.0,2,3.3898305084745743,False
TruckScenes,paired,0,25-50,vehicle.trailer,scene-b201f6e737e34c2d87830fc1e2911516-6,40,6,1,40,37,37,3,0,0,100.0,92.5,7.499999999999996,34.21652928157445,49.757700283223905,100.0,100.0,53.75,114.0,317.5,3660.300000000001,100.0,72.5,40.0,2.0,4.0,8.25,21.0,88.33333333333333,0,0.0,3,7.5,False
TruckScenes,paired,0,25-50,vehicle.trailer,scene-fb64d203d417452f830ca73efed80c41-11,27,3,1,26,21,21,5,0,1,96.29629629629629,77.77777777777779,18.518518518518512,27.92268631294226,49.457722760854566,88.88888888888889,88.88888888888889,88.0,232.0,1638.5,2788.0,93.33333333333333,66.66666666666666,44.44444444444444,1.0,4.0,15.5,24.800000000000004,70.9090909090909,1,3.7037037037037095,6,22.222222222222214,True
TruckScenes,paired,0,25-50,vehicle.train,scene-6be74229febb4aad9e7ae1a37217b231-4,78,2,1,78,78,78,0,0,0,100.0,100.0,0.0,37.597759063970344,39.76026905350973,100.0,100.0,1028.25,2032.0,3871.75,3896.1,100.0,100.0,52.56410256410257,4.0,5.0,6.0,7.0,100.0,0,0.0,0,0.0,True
TruckScenes,paired,0,25-50,vehicle.truck,scene-0044384af3d8494e913fb8b14915239e-3,125,9,1,125,121,121,4,0,0,100.0,96.8,3.200000000000003,25.037613627543614,49.47999196242463,100.0,99.2,381.0,869.0,1510.0,2105.0,100.0,82.39999999999999,57.599999999999994,3.0,5.0,7.0,9.0,95.7936507936508,0,0.0,4,3.200000000000003,False
TruckScenes,paired,0,25-50,vehicle.truck,scene-13f4b71b1bd04a9e88747ad8f58a3f67-4,13,4,1,13,13,13,0,0,0,100.0,100.0,0.0,29.34436609003624,48.97749391440899,100.0,100.0,934.0,2367.0,2661.0,4370.4000000000015,100.0,100.0,100.0,10.0,21.0,25.0,31.400000000000002,100.0,0,0.0,0,0.0,True
TruckScenes,paired,0,25-50,vehicle.truck,scene-23160c4bff134cdd86b96ee822b4aca9-14,12,2,1,12,11,11,1,0,0,100.0,91.66666666666666,8.333333333333337,25.499715226276102,49.20037938425341,100.0,100.0,232.25,282.0,424.5,513.3000000000001,100.0,41.66666666666667,8.333333333333332,2.0,2.0,3.0,3.9000000000000004,94.44444444444444,0,0.0,1,8.333333333333343,True
TruckScenes,paired,0,25-50,vehicle.truck,scene-3195e3bfd1de4f9ba82f874790c7856c-15,18,9,1,18,18,18,0,0,0,100.0,100.0,0.0,26.34346011062851,49.645708093916525,100.0,100.0,711.75,1855.0,3310.75,5953.5,100.0,100.0,100.0,8.25,16.0,26.5,30.500000000000004,100.0,0,0.0,0,0.0,True
TruckScenes,paired,0,25-50,vehicle.truck,scene-3f542f89ec5241b6a4e30ca743adcf34-29,46,13,1,46,46,46,0,0,0,100.0,100.0,0.0,25.276976620984286,49.97153758808258,100.0,100.0,560.5,1738.5,3300.25,6687.0,100.0,100.0,91.30434782608695,7.25,16.5,24.0,30.5,100.0,0,0.0,0,0.0,False
TruckScenes,paired,0,25-50,vehicle.truck,scene-6be74229febb4aad9e7ae1a37217b231-4,37,1,1,37,36,36,1,0,0,100.0,97.2972972972973,2.7027027027026973,25.001176906087522,25.23249435017561,100.0,100.0,215.0,2192.0,2989.0,3007.6,100.0,78.37837837837837,56.75675675675676,3.0,8.0,10.0,13.399999999999999,97.2972972972973,0,0.0,1,2.7027027027026946,True
TruckScenes,paired,0,25-50,vehicle.truck,scene-a6a87db5125846bda72ccfc9931ee153-11,6,1,1,6,6,6,0,0,0,100.0,100.0,0.0,28.982287027134294,49.714096308135716,100.0,100.0,390.0,592.5,923.25,1313.5,100.0,100.0,100.0,6.0,6.0,7.5,12.5,100.0,0,0.0,0,0.0,True
TruckScenes,paired,0,25-50,vehicle.truck,scene-b13542304b244af585a646082c57a079-1,47,4,1,47,47,47,0,0,0,100.0,100.0,0.0,25.386280906666045,48.77319998703758,100.0,100.0,499.0,721.0,1771.0,2703.6,100.0,74.46808510638297,68.08510638297872,2.5,7.0,11.5,15.0,100.0,0,0.0,0,0.0,True
TruckScenes,paired,0,25-50,vehicle.truck,scene-b201f6e737e34c2d87830fc1e2911516-6,163,10,1,163,152,152,11,0,0,100.0,93.25153374233128,6.748466257668717,25.76300296421403,49.87090734232431,100.0,100.0,260.0,1254.0,2507.0,3667.8000000000006,100.0,82.82208588957054,71.16564417177914,4.0,7.0,11.0,16.80000000000001,94.1025641025641,0,0.0,11,6.748466257668724,False
TruckScenes,paired,0,25-50,vehicle.truck,scene-fb64d203d417452f830ca73efed80c41-11,55,3,1,55,55,55,0,0,0,100.0,100.0,0.0,25.253509530792357,49.26417846225338,100.0,100.0,601.0,821.0,1580.5,2021.0,100.0,92.72727272727272,83.63636363636363,5.0,7.0,10.5,13.600000000000001,100.0,0,0.0,0,0.0,True
TruckScenes,paired,0,50-75,animal,scene-23160c4bff134cdd86b96ee822b4aca9-14,5,1,1,5,1,1,4,0,0,100.0,20.0,80.0,50.67137389204138,72.04119540818425,100.0,20.0,4.0,4.0,4.0,6.4,100.0,0.0,0.0,0.0,0.0,0.0,0.6000000000000001,20.0,0,0.0,4,80.0,True
TruckScenes,paired,0,50-75,human.pedestrian.adult,scene-0044384af3d8494e913fb8b14915239e-3,2,1,1,2,0,0,2,0,0,100.0,0.0,100.0,50.00378110697775,51.11457998328122,100.0,100.0,39.0,42.0,45.0,46.8,100.0,0.0,0.0,0.0,0.0,0.0,0.0,0.0,0,0.0,2,100.0,True
TruckScenes,paired,0,50-75,human.pedestrian.adult,scene-23160c4bff134cdd86b96ee822b4aca9-14,38,6,1,38,14,14,24,0,0,100.0,36.84210526315789,63.1578947368421,50.25760137663902,74.61153335853683,92.10526315789474,86.8421052631579,9.25,14.5,20.75,25.60000000000001,100.0,0.0,0.0,0.0,0.0,1.0,2.0,40.025252525252526,0,0.0,24,63.15789473684211,False
TruckScenes,paired,0,50-75,human.pedestrian.adult,scene-a6a87db5125846bda72ccfc9931ee153-11,55,7,1,55,12,12,43,0,0,100.0,21.818181818181817,78.18181818181819,50.65164166949298,74.85051735969772,98.18181818181819,89.0909090909091,7.0,16.0,20.5,36.800000000000004,100.0,1.8181818181818181,0.0,0.0,0.0,0.0,1.0,23.809523809523807,0,0.0,43,78.18181818181819,False
TruckScenes,paired,0,50-75,human.pedestrian.adult,scene-b13542304b244af585a646082c57a079-1,43,6,1,43,12,12,31,0,0,100.0,27.906976744186046,72.09302325581395,50.444510624044334,74.17653827142472,95.34883720930233,90.69767441860465,17.0,29.0,37.5,49.800000000000004,100.0,0.0,0.0,0.0,0.0,1.0,1.0,23.796296296296298,0,0.0,31,72.09302325581396,False
TruckScenes,paired,0,50-75,human.pedestrian.adult,scene-fb64d203d417452f830ca73efed80c41-11,14,2,1,14,6,6,8,0,0,100.0,42.857142857142854,57.14285714285714,50.3341028952578,73.59805163678632,100.0,100.0,18.25,37.5,46.75,50.7,100.0,7.142857142857142,0.0,0.0,0.0,1.75,2.0,45.83333333333333,0,0.0,8,57.142857142857146,True
TruckScenes,paired,0,50-75,human.pedestrian.child,scene-23160c4bff134cdd86b96ee822b4aca9-14,13,2,1,13,4,4,9,0,0,100.0,30.76923076923077,69.23076923076923,50.88155426699383,72.46662048380303,84.61538461538461,53.84615384615385,3.0,9.0,11.0,13.400000000000002,100.0,0.0,0.0,0.0,0.0,1.0,1.0,29.166666666666664,0,0.0,9,69.23076923076923,True
TruckScenes,paired,0,50-75,human.pedestrian.construction_worker,scene-3f542f89ec5241b6a4e30ca743adcf34-29,3,1,1,3,1,1,2,0,0,100.0,33.33333333333333,66.66666666666667,56.289158795257556,70.17672775370616,100.0,100.0,25.5,26.0,28.0,29.2,100.0,0.0,0.0,0.0,0.0,1.0,1.6,33.33333333333333,0,0.0,2,66.66666666666667,True
TruckScenes,paired,0,50-75,human.pedestrian.stroller,scene-23160c4bff134cdd86b96ee822b4aca9-14,11,1,1,11,2,2,9,0,0,100.0,18.181818181818183,81.81818181818181,50.15835689024644,74.44221855938109,81.81818181818183,63.63636363636363,3.5,5.0,10.0,11.0,100.0,0.0,0.0,0.0,0.0,0.0,1.0,18.181818181818183,0,0.0,9,81.81818181818181,True
TruckScenes,paired,0,50-75,movable_object.barrier,scene-3f542f89ec5241b6a4e30ca743adcf34-29,6,1,1,6,1,1,5,0,0,100.0,16.666666666666664,83.33333333333334,56.93946638234874,74.20132157797451,100.0,100.0,19.0,25.5,38.0,45.0,100.0,0.0,0.0,0.0,0.0,0.0,0.5,16.666666666666664,0,0.0,5,83.33333333333334,True
TruckScenes,paired,0,50-75,movable_object.trafficcone,scene-3195e3bfd1de4f9ba82f874790c7856c-15,9,3,1,9,0,0,9,0,0,100.0,0.0,100.0,51.68908003860969,72.88643546986371,88.88888888888889,88.88888888888889,5.0,9.0,22.0,24.200000000000003,100.0,0.0,0.0,0.0,0.0,0.0,0.0,0.0,0,0.0,9,100.0,True
TruckScenes,paired,0,50-75,movable_object.trafficcone,scene-3f542f89ec5241b6a4e30ca743adcf34-29,114,37,1,114,2,2,112,0,0,100.0,1.7543859649122806,98.24561403508771,50.24023522736982,74.76275878874729,96.49122807017544,83.33333333333334,9.0,17.5,31.75,43.7,100.0,0.0,0.0,0.0,0.0,0.0,0.0,2.2522522522522523,0,0.0,112,98.24561403508773,False
TruckScenes,paired,0,50-75,static_object.traffic_sign,scene-13f4b71b1bd04a9e88747ad8f58a3f67-4,69,19,1,66,9,9,57,0,3,95.65217391304348,13.043478260869565,82.6086956521739,50.13398944678854,74.9346183569707,92.7536231884058,91.30434782608695,16.0,35.0,67.0,335.40000000000043,96.1779448621554,2.898550724637681,0.0,0.0,0.0,0.0,1.0,12.105263157894736,3,4.347826086956516,60,86.95652173913044,False
TruckScenes,paired,0,50-75,static_object.traffic_sign,scene-23160c4bff134cdd86b96ee822b4aca9-14,452,38,1,451,31,31,420,0,1,99.77876106194691,6.8584070796460175,92.9203539823009,50.021254706555894,74.9526870191583,98.23008849557522,97.78761061946902,19.0,29.0,45.0,66.0,99.88558352402747,0.0,0.0,0.0,0.0,0.0,0.0,7.3975608878655965,1,0.2212389380530908,421,93.14159292035399,False
TruckScenes,paired,0,50-75,static_object.traffic_sign,scene-3195e3bfd1de4f9ba82f874790c7856c-15,34,9,1,34,12,12,22,0,0,100.0,35.294117647058826,64.70588235294117,50.12383412792067,74.3715272455412,100.0,94.11764705882352,16.5,53.5,96.25,193.09999999999994,100.0,5.88235294117647,2.941176470588235,0.0,0.0,1.0,2.0,37.03703703703704,0,0.0,22,64.70588235294117,False
TruckScenes,paired,0,50-75,static_object.traffic_sign,scene-3f542f89ec5241b6a4e30ca743adcf34-29,94,21,1,93,27,27,66,0,1,98.93617021276596,28.723404255319153,70.2127659574468,50.28540299862526,74.97734392363266,94.68085106382979,92.5531914893617,20.0,42.0,97.75,218.3,99.20634920634922,6.382978723404255,5.319148936170213,0.0,0.0,1.0,1.0,27.142857142857142,1,1.0638297872340416,67,71.27659574468085,False
TruckScenes,paired,0,50-75,static_object.traffic_sign,scene-a6a87db5125846bda72ccfc9931ee153-11,278,37,1,274,39,39,235,0,4,98.56115107913669,14.028776978417264,84.53237410071942,50.06448334092781,74.80782937450144,97.12230215827337,94.60431654676259,12.0,22.0,45.0,102.30000000000001,98.44272844272844,2.5179856115107913,0.0,0.0,0.0,0.0,1.0,17.316602316602314,4,1.4388489208633075,239,85.97122302158273,False
TruckScenes,paired,0,50-75,static_object.traffic_sign,scene-b13542304b244af585a646082c57a079-1,56,8,1,56,0,0,56,0,0,100.0,0.0,100.0,50.05048417186409,64.69161606370513,80.35714285714286,57.14285714285714,3.0,5.0,7.0,29.5,100.0,0.0,0.0,0.0,0.0,0.0,0.0,0.0,0,0.0,56,100.0,False
TruckScenes,paired,0,50-75,static_object.traffic_sign,scene-b201f6e737e34c2d87830fc1e2911516-6,49,7,1,49,10,10,39,0,0,100.0,20.408163265306122,79.59183673469387,50.08612261392376,74.73953212545027,100.0,97.95918367346938,15.0,65.0,98.0,141.0,100.0,6.122448979591836,4.081632653061225,0.0,0.0,0.0,2.0,16.524943310657594,0,0.0,39,79.59183673469389,False
TruckScenes,paired,0,50-75,static_object.traffic_sign,scene-fb64d203d417452f830ca73efed80c41-11,357,37,1,357,90,90,267,0,0,100.0,25.210084033613445,74.78991596638656,50.02912217511027,74.74868534120387,96.07843137254902,93.8375350140056,15.0,29.0,76.0,133.40000000000003,100.0,3.361344537815126,1.1204481792717087,0.0,0.0,1.0,1.0,27.264600456820137,0,0.0,267,74.78991596638656,False
TruckScenes,paired,0,50-75,vehicle.bicycle,scene-23160c4bff134cdd86b96ee822b4aca9-14,5,1,1,5,1,1,4,0,0,100.0,20.0,80.0,50.396554485384264,71.96775341251137,100.0,100.0,15.0,21.0,26.0,26.0,100.0,0.0,0.0,0.0,0.0,0.0,0.6000000000000001,20.0,0,0.0,4,80.0,True
TruckScenes,paired,0,50-75,vehicle.bus.rigid,scene-b13542304b244af585a646082c57a079-1,99,8,1,99,73,73,26,0,0,100.0,73.73737373737373,26.262626262626267,50.131372010251184,68.70689794333269,97.97979797979798,95.95959595959596,19.5,43.0,79.0,190.60000000000002,100.0,33.33333333333333,14.14141414141414,0.0,1.0,3.0,5.0,80.3544061302682,0,0.0,26,26.26262626262627,False
TruckScenes,paired,0,50-75,vehicle.bus.rigid,scene-b201f6e737e34c2d87830fc1e2911516-6,4,1,1,4,4,4,0,0,0,100.0,100.0,0.0,54.23510745156025,66.4581913748033,100.0,100.0,391.5,641.0,959.75,1139.3000000000002,100.0,100.0,75.0,6.75,8.5,11.0,14.600000000000001,100.0,0,0.0,0,0.0,True
TruckScenes,paired,0,50-75,vehicle.car,scene-0044384af3d8494e913fb8b14915239e-3,19,2,1,19,8,8,11,0,0,100.0,42.10526315789473,57.89473684210527,50.8416532626398,74.9689642459808,100.0,100.0,106.5,163.0,195.0,217.4,100.0,10.526315789473683,0.0,0.0,0.0,2.0,2.1999999999999993,67.64705882352942,0,0.0,11,57.89473684210527,True
TruckScenes,paired,0,50-75,vehicle.car,scene-13f4b71b1bd04a9e88747ad8f58a3f67-4,90,26,1,90,53,53,37,0,0,100.0,58.88888888888889,41.11111111111111,50.10515005076154,74.94559783591173,100.0,100.0,44.0,80.5,164.0,247.0,100.0,20.0,10.0,0.0,1.0,2.0,4.1000000000000085,66.18589743589743,0,0.0,37,41.11111111111111,False
TruckScenes,paired,0,50-75,vehicle.car,scene-23160c4bff134cdd86b96ee822b4aca9-14,332,50,1,326,125,124,202,1,5,98.19277108433735,37.65060240963856,60.54216867469879,50.0471431358808,74.97851457521881,84.93975903614458,78.91566265060241,6.0,19.5,48.25,92.7000000000001,96.46428571428572,7.83132530120482,0.6024096385542169,0.0,0.0,1.0,2.0,30.435658785658788,6,1.8072289156626482,207,62.34939759036144,False
TruckScenes,paired,0,50-75,vehicle.car,scene-3195e3bfd1de4f9ba82f874790c7856c-15,91,30,1,91,50,50,41,0,0,100.0,54.94505494505495,45.05494505494505,50.140260615649524,74.855426118902,100.0,97.8021978021978,32.5,56.0,134.5,217.0,100.0,8.791208791208792,1.098901098901099,0.0,1.0,1.0,2.0,43.54882154882155,0,0.0,41,45.05494505494505,False
TruckScenes,paired,0,50-75,vehicle.car,scene-3f542f89ec5241b6a4e30ca743adcf34-29,101,31,1,101,60,60,41,0,0,100.0,59.4059405940594,40.5940594059406,50.008319273126816,74.74269469284795,96.03960396039604,93.06930693069307,24.0,53.0,119.0,179.0,100.0,20.792079207920793,1.9801980198019802,0.0,1.0,2.0,3.0,63.57142857142858,0,0.0,41,40.5940594059406,False
TruckScenes,paired,0,50-75,vehicle.car,scene-a6a87db5125846bda72ccfc9931ee153-11,602,74,1,596,319,318,278,1,5,99.00332225913621,52.99003322259136,46.013289036544855,50.071472601574875,74.99666454320945,96.843853820598,95.34883720930233,21.0,49.0,104.0,203.89999999999998,99.2031992031992,16.77740863787375,4.817275747508306,0.0,1.0,2.0,3.0,54.28269319292238,6,0.9966777408637881,283,47.00996677740864,False
TruckScenes,paired,0,50-75,vehicle.car,scene-b13542304b244af585a646082c57a079-1,414,30,1,411,242,241,170,1,2,99.27536231884058,58.454106280193244,40.821256038647334,50.08059390463826,74.48126349215012,92.9951690821256,85.74879227053141,8.0,21.0,40.0,75.69999999999999,99.4563492063492,17.874396135265698,7.246376811594203,0.0,1.0,2.0,3.0,58.6748826494777,3,0.7246376811594217,172,41.545893719806756,False
TruckScenes,paired,0,50-75,vehicle.car,scene-b201f6e737e34c2d87830fc1e2911516-6,361,48,1,351,212,212,139,0,10,97.22991689750693,58.72576177285319,38.504155124653735,50.003136842733674,74.98641837362398,91.68975069252078,86.98060941828255,8.0,40.0,103.0,183.0,97.35813492063492,11.911357340720222,2.7700831024930745,0.0,1.0,2.0,3.0,57.905505556821346,10,2.770083102493075,149,41.27423822714681,False
TruckScenes,paired,0,50-75,vehicle.car,scene-fb64d203d417452f830ca73efed80c41-11,405,55,1,405,263,263,142,0,0,100.0,64.93827160493827,35.06172839506173,50.100303197249275,74.99743290776713,96.79012345679013,93.08641975308643,25.0,55.0,114.0,197.80000000000007,100.0,20.74074074074074,7.654320987654321,0.0,1.0,2.0,4.0,68.4567895003976,0,0.0,142,35.061728395061735,False
TruckScenes,paired,0,50-75,vehicle.construction,scene-3f542f89ec5241b6a4e30ca743adcf34-29,6,1,1,6,6,6,0,0,0,100.0,100.0,0.0,54.38546161796436,71.85918738544329,100.0,100.0,174.5,346.5,556.75,730.0,100.0,66.66666666666666,50.0,2.5,5.5,13.0,15.0,100.0,0,0.0,0,0.0,True
TruckScenes,paired,0,50-75,vehicle.motorcycle,scene-13f4b71b1bd04a9e88747ad8f58a3f67-4,5,1,1,5,4,4,1,0,0,100.0,80.0,19.999999999999996,56.37047740800572,72.64167851784846,100.0,100.0,62.0,73.0,86.0,96.2,100.0,0.0,0.0,1.0,2.0,2.0,2.0,80.0,0,0.0,1,20.0,True
TruckScenes,paired,0,50-75,vehicle.motorcycle,scene-a6a87db5125846bda72ccfc9931ee153-11,6,1,1,6,0,0,6,0,0,100.0,0.0,100.0,54.05447521393309,74.20349437103796,100.0,100.0,58.75,69.0,85.25,95.0,100.0,0.0,0.0,0.0,0.0,0.0,0.0,0.0,0,0.0,6,100.0,True
TruckScenes,paired,0,50-75,vehicle.other,scene-3195e3bfd1de4f9ba82f874790c7856c-15,4,1,1,4,4,4,0,0,0,100.0,100.0,0.0,51.373018620277804,71.02903287437007,100.0,100.0,109.25,209.5,299.75,310.1,100.0,50.0,50.0,1.0,3.0,5.25,5.7,100.0,0,0.0,0,0.0,True
TruckScenes,paired,0,50-75,vehicle.trailer,scene-0044384af3d8494e913fb8b14915239e-3,13,3,1,13,12,12,1,0,0,100.0,92.3076923076923,7.692307692307687,50.50645910713459,58.41056649001099,100.0,92.3076923076923,15.0,196.0,586.0,598.2,100.0,76.92307692307693,53.84615384615385,3.0,5.0,6.0,6.800000000000001,91.66666666666666,0,0.0,1,7.692307692307693,True
TruckScenes,paired,0,50-75,vehicle.trailer,scene-13f4b71b1bd04a9e88747ad8f58a3f67-4,7,4,1,7,7,7,0,0,0,100.0,100.0,0.0,53.455749734672146,73.75787218541969,100.0,100.0,410.5,660.0,1004.0,1354.6000000000001,100.0,85.71428571428571,85.71428571428571,14.5,17.0,36.5,47.00000000000001,100.0,0,0.0,0,0.0,True
TruckScenes,paired,0,50-75,vehicle.trailer,scene-23160c4bff134cdd86b96ee822b4aca9-14,23,2,1,23,14,14,9,0,0,100.0,60.86956521739131,39.13043478260869,50.93869639610005,74.23675463436386,100.0,100.0,27.5,47.0,56.5,70.0,100.0,17.391304347826086,0.0,0.0,1.0,2.0,3.0,59.92063492063493,0,0.0,9,39.13043478260869,True
TruckScenes,paired,0,50-75,vehicle.trailer,scene-3195e3bfd1de4f9ba82f874790c7856c-15,21,11,1,21,19,19,2,0,0,100.0,90.47619047619048,9.523809523809524,50.58792414975658,74.49317173479949,100.0,100.0,353.0,593.0,1067.0,1660.0,100.0,80.95238095238095,80.95238095238095,13.0,16.0,29.0,47.0,90.9090909090909,0,0.0,2,9.523809523809518,False
TruckScenes,paired,0,50-75,vehicle.trailer,scene-3f542f89ec5241b6a4e30ca743adcf34-29,44,16,1,44,43,43,1,0,0,100.0,97.72727272727273,2.2727272727272707,50.428738055192,73.82726952448944,100.0,100.0,164.0,315.0,547.75,773.8,100.0,75.0,61.36363636363637,2.75,7.5,11.0,15.700000000000003,96.875,0,0.0,1,2.2727272727272663,False
TruckScenes,paired,0,50-75,vehicle.trailer,scene-6be74229febb4aad9e7ae1a37217b231-4,4,1,1,4,3,3,1,0,0,100.0,75.0,25.0,61.822136145435536,74.67766873226978,100.0,100.0,8.5,9.5,10.0,10.0,100.0,25.0,0.0,0.75,1.0,1.5,2.4000000000000004,75.0,0,0.0,1,25.0,True
TruckScenes,paired,0,50-75,vehicle.trailer,scene-b13542304b244af585a646082c57a079-1,11,1,1,11,11,11,0,0,0,100.0,100.0,0.0,61.23312652394787,74.24774628495678,100.0,100.0,870.5,1559.0,1987.5,2211.0,100.0,100.0,100.0,36.5,42.0,48.5,56.0,100.0,0,0.0,0,0.0,True
TruckScenes,paired,0,50-75,vehicle.trailer,scene-b201f6e737e34c2d87830fc1e2911516-6,66,9,1,66,55,55,11,0,0,100.0,83.33333333333334,16.666666666666664,50.02185062652864,74.90239144521745,100.0,100.0,64.0,185.5,468.25,716.5,100.0,56.060606060606055,53.03030303030303,1.0,5.5,11.0,15.5,80.0,0,0.0,11,16.666666666666657,False
TruckScenes,paired,0,50-75,vehicle.trailer,scene-fb64d203d417452f830ca73efed80c41-11,30,3,1,30,17,17,13,0,0,100.0,56.666666666666664,43.333333333333336,50.14210455237022,74.95481534942293,93.33333333333333,86.66666666666667,22.5,74.0,164.75,238.10000000000002,100.0,40.0,16.666666666666664,0.0,1.5,4.0,5.100000000000001,62.37373737373737,0,0.0,13,43.333333333333336,True
TruckScenes,paired,0,50-75,vehicle.truck,scene-0044384af3d8494e913fb8b14915239e-3,6,2,1,6,6,6,0,0,0,100.0,100.0,0.0,50.847603265553055,55.57918773068889,100.0,100.0,331.25,559.0,567.0,577.0,100.0,100.0,33.33333333333333,3.25,4.0,4.75,5.5,100.0,0,0.0,0,0.0,True
TruckScenes,paired,0,50-75,vehicle.truck,scene-13f4b71b1bd04a9e88747ad8f58a3f67-4,29,5,1,29,29,29,0,0,0,100.0,100.0,0.0,50.37162289591191,74.92818217134402,100.0,100.0,207.0,229.0,262.0,768.0,100.0,100.0,89.65517241379311,6.0,7.0,9.0,16.4,100.0,0,0.0,0,0.0,False
TruckScenes,paired,0,50-75,vehicle.truck,scene-23160c4bff134cdd86b96ee822b4aca9-14,34,3,1,34,25,25,9,0,0,100.0,73.52941176470588,26.470588235294112,51.069397063613216,74.95232131650849,100.0,97.05882352941177,67.75,123.5,158.0,292.5,100.0,35.294117647058826,17.647058823529413,0.25,1.5,3.75,5.0,67.04545454545455,0,0.0,9,26.470588235294116,True
TruckScenes,paired,0,50-75,vehicle.truck,scene-3195e3bfd1de4f9ba82f874790c7856c-15,17,10,1,17,17,17,0,0,0,100.0,100.0,0.0,50.22330440525987,74.3338564825272,100.0,100.0,117.0,211.0,744.0,1235.8000000000002,100.0,94.11764705882352,82.35294117647058,5.0,10.0,14.0,19.8,100.0,0,0.0,0,0.0,True
TruckScenes,paired,0,50-75,vehicle.truck,scene-3f542f89ec5241b6a4e30ca743adcf34-29,59,14,1,59,58,58,1,0,0,100.0,98.30508474576271,1.6949152542372836,50.01720124663485,74.90328472119829,100.0,100.0,176.0,404.0,616.0,830.8000000000004,100.0,86.4406779661017,59.32203389830508,3.5,5.0,9.0,12.0,97.61904761904762,0,0.0,1,1.6949152542372872,False
TruckScenes,paired,0,50-75,vehicle.truck,scene-6be74229febb4aad9e7ae1a37217b231-4,5,1,1,5,5,5,0,0,0,100.0,100.0,0.0,55.27180045205497,72.46267621324813,100.0,100.0,280.0,320.0,367.0,408.4,100.0,20.0,0.0,1.0,1.0,2.0,3.2,100.0,0,0.0,0,0.0,True
TruckScenes,paired,0,50-75,vehicle.truck,scene-a6a87db5125846bda72ccfc9931ee153-11,6,1,1,6,6,6,0,0,0,100.0,100.0,0.0,53.73137105513217,71.90307723298739,100.0,100.0,78.5,93.0,128.5,162.5,100.0,50.0,16.666666666666664,2.0,2.5,3.75,4.5,100.0,0,0.0,0,0.0,True
TruckScenes,paired,0,50-75,vehicle.truck,scene-b13542304b244af585a646082c57a079-1,96,8,1,96,75,75,21,0,0,100.0,78.125,21.875,50.01642819599091,74.65022938593263,93.75,88.54166666666666,26.25,64.0,182.0,284.0,100.0,43.75,36.45833333333333,1.0,2.0,7.0,12.5,75.06207028265852,0,0.0,21,21.875,False
TruckScenes,paired,0,50-75,vehicle.truck,scene-b201f6e737e34c2d87830fc1e2911516-6,71,10,1,71,71,71,0,0,0,100.0,100.0,0.0,50.28258948751229,74.8488134565823,100.0,100.0,224.0,368.0,575.0,966.0,100.0,98.59154929577466,87.32394366197182,6.0,7.0,8.0,13.0,100.0,0,0.0,0,0.0,False
TruckScenes,paired,0,50-75,vehicle.truck,scene-fb64d203d417452f830ca73efed80c41-11,12,2,1,12,12,12,0,0,0,100.0,100.0,0.0,51.09876400422835,73.34607620461115,100.0,100.0,248.0,363.5,452.25,535.8000000000001,100.0,91.66666666666666,75.0,5.25,7.5,8.5,10.9,100.0,0,0.0,0,0.0,True
TruckScenes,paired,0,75-100,animal,scene-23160c4bff134cdd86b96ee822b4aca9-14,4,1,1,4,0,0,4,0,0,100.0,0.0,100.0,77.50914801167352,94.97110526454708,0.0,0.0,1.75,2.0,2.0,2.0,100.0,0.0,0.0,0.0,0.0,0.0,0.0,0.0,0,0.0,4,100.0,True
TruckScenes,paired,0,75-100,human.pedestrian.adult,scene-23160c4bff134cdd86b96ee822b4aca9-14,24,5,1,24,5,5,19,0,0,100.0,20.833333333333336,79.16666666666666,76.85156626159944,99.16859936484907,70.83333333333334,54.166666666666664,2.0,5.0,9.0,10.0,100.0,0.0,0.0,0.0,0.0,0.0,1.0,14.285714285714285,0,0.0,19,79.16666666666666,False
TruckScenes,paired,0,75-100,human.pedestrian.adult,scene-a6a87db5125846bda72ccfc9931ee153-11,16,4,1,16,1,1,15,0,0,100.0,6.25,93.75,76.53441716574552,99.15374824327873,100.0,81.25,6.0,9.0,12.0,14.0,100.0,0.0,0.0,0.0,0.0,0.0,0.0,3.125,0,0.0,15,93.75,True
TruckScenes,paired,0,75-100,human.pedestrian.adult,scene-b13542304b244af585a646082c57a079-1,2,2,1,2,0,0,2,0,0,100.0,0.0,100.0,75.71902450081326,76.4982670120523,100.0,100.0,15.25,16.5,17.75,18.5,100.0,0.0,0.0,0.0,0.0,0.0,0.0,0.0,0,0.0,2,100.0,True
TruckScenes,paired,0,75-100,human.pedestrian.adult,scene-fb64d203d417452f830ca73efed80c41-11,10,1,1,10,1,1,9,0,0,100.0,10.0,90.0,75.80565980537473,98.22872273492973,100.0,100.0,20.25,21.5,26.0,28.599999999999998,100.0,0.0,0.0,0.0,0.0,0.0,0.09999999999999964,10.0,0,0.0,9,90.0,True
TruckScenes,paired,0,75-100,human.pedestrian.child,scene-23160c4bff134cdd86b96ee822b4aca9-14,2,1,1,2,0,0,2,0,0,100.0,0.0,100.0,75.30125723319784,78.203745561415,100.0,100.0,6.0,7.0,8.0,8.6,100.0,0.0,0.0,0.0,0.0,0.0,0.0,0.0,0,0.0,2,100.0,True
TruckScenes,paired,0,75-100,human.pedestrian.construction_worker,scene-3f542f89ec5241b6a4e30ca743adcf34-29,3,1,1,3,1,1,2,0,0,100.0,33.33333333333333,66.66666666666667,77.4477028220229,92.4812566322971,100.0,100.0,16.5,18.0,19.0,19.6,100.0,0.0,0.0,0.0,0.0,0.5,0.8,33.33333333333333,0,0.0,2,66.66666666666667,True
TruckScenes,paired,0,75-100,human.pedestrian.stroller,scene-23160c4bff134cdd86b96ee822b4aca9-14,8,1,1,8,1,1,7,0,0,100.0,12.5,87.5,77.34163006890107,99.6185042755843,87.5,50.0,3.75,4.5,5.0,5.8999999999999995,100.0,0.0,0.0,0.0,0.0,0.0,0.2999999999999998,12.5,0,0.0,7,87.5,True
TruckScenes,paired,0,75-100,movable_object.barrier,scene-3f542f89ec5241b6a4e30ca743adcf34-29,4,1,1,4,0,0,4,0,0,100.0,0.0,100.0,82.20885557788357,99.04084827219623,100.0,100.0,6.0,10.5,17.5,22.0,100.0,0.0,0.0,0.0,0.0,0.0,0.0,0.0,0,0.0,4,100.0,True
TruckScenes,paired,0,75-100,movable_object.trafficcone,scene-3195e3bfd1de4f9ba82f874790c7856c-15,7,2,1,7,0,0,7,0,0,100.0,0.0,100.0,76.12570075767648,99.57278772860617,42.857142857142854,42.857142857142854,2.0,2.0,7.5,10.600000000000001,100.0,0.0,0.0,0.0,0.0,0.0,0.0,0.0,0,0.0,7,100.0,True
TruckScenes,paired,0,75-100,movable_object.trafficcone,scene-3f542f89ec5241b6a4e30ca743adcf34-29,101,39,1,100,1,1,99,0,1,99.00990099009901,0.9900990099009901,98.01980198019803,75.17155454383575,99.9825185788663,85.14851485148515,75.24752475247524,5.0,9.0,17.0,23.0,99.57264957264957,0.0,0.0,0.0,0.0,0.0,0.0,1.282051282051282,1,0.9900990099009874,100,99.00990099009901,False
TruckScenes,paired,0,75-100,static_object.traffic_sign,scene-13f4b71b1bd04a9e88747ad8f58a3f67-4,52,19,1,51,9,9,42,0,1,98.07692307692307,17.307692307692307,80.76923076923077,75.34101063943173,99.0826325540819,88.46153846153845,84.61538461538461,7.75,24.0,107.0,290.3999999999999,94.73684210526315,5.769230769230769,0.0,0.0,0.0,0.0,2.0,17.105263157894736,1,1.923076923076934,43,82.6923076923077,False
TruckScenes,paired,0,75-100,static_object.traffic_sign,scene-23160c4bff134cdd86b96ee822b4aca9-14,194,29,1,194,25,25,169,0,0,100.0,12.886597938144329,87.11340206185567,75.17212509796879,99.87675705551965,96.90721649484536,91.23711340206185,8.0,14.0,22.0,82.50000000000009,100.0,0.0,0.0,0.0,0.0,0.0,1.0,11.174055829228244,0,0.0,169,87.11340206185567,False
TruckScenes,paired,0,75-100,static_object.traffic_sign,scene-3195e3bfd1de4f9ba82f874790c7856c-15,33,10,1,33,8,8,25,0,0,100.0,24.242424242424242,75.75757575757575,75.16833955124319,98.74598045372568,93.93939393939394,87.87878787878788,10.0,31.0,150.0,296.6000000000001,100.0,3.0303030303030303,0.0,0.0,0.0,0.0,2.0,27.500000000000004,0,0.0,25,75.75757575757575,False
TruckScenes,paired,0,75-100,static_object.traffic_sign,scene-3f542f89ec5241b6a4e30ca743adcf34-29,94,22,1,93,18,18,75,0,1,98.93617021276596,19.148936170212767,79.7872340425532,75.08956964327474,99.90660891061775,92.5531914893617,90.42553191489363,12.25,23.0,42.5,93.50000000000001,98.86363636363636,5.319148936170213,4.25531914893617,0.0,0.0,0.0,1.0,18.56060606060606,1,1.0638297872340416,76,80.85106382978724,False
TruckScenes,paired,0,75-100,static_object.traffic_sign,scene-a6a87db5125846bda72ccfc9931ee153-11,183,28,1,181,24,24,157,0,2,98.90710382513662,13.114754098360656,85.79234972677595,75.06674354208533,99.88088067839178,93.44262295081968,84.69945355191257,6.5,15.0,33.5,53.0,98.8095238095238,0.546448087431694,0.0,0.0,0.0,0.0,1.0,11.988378684807257,2,1.0928961748633839,159,86.88524590163934,False
TruckScenes,paired,0,75-100,static_object.traffic_sign,scene-b201f6e737e34c2d87830fc1e2911516-6,58,8,1,58,11,11,47,0,0,100.0,18.96551724137931,81.03448275862068,75.32538977883188,99.41261640726239,94.82758620689656,89.65517241379311,10.25,37.5,84.0,461.40000000000003,100.0,12.068965517241379,6.896551724137931,0.0,0.0,0.0,3.0,17.857142857142858,0,0.0,47,81.0344827586207,False
TruckScenes,paired,0,75-100,static_object.traffic_sign,scene-fb64d203d417452f830ca73efed80c41-11,238,21,1,232,45,45,187,0,6,97.47899159663865,18.907563025210084,78.57142857142857,75.2595384568814,99.85732800147464,92.43697478991596,84.87394957983193,8.25,18.0,34.75,128.90000000000003,97.89995350366868,1.680672268907563,0.42016806722689076,0.0,0.0,0.0,1.0,19.43389904524358,6,2.52100840336135,193,81.09243697478992,False
TruckScenes,paired,0,75-100,vehicle.bicycle,scene-23160c4bff134cdd86b96ee822b4aca9-14,4,1,1,4,0,0,4,0,0,100.0,0.0,100.0,77.3641803725197,94.50926254630117,100.0,100.0,10.75,11.5,12.25,12.7,100.0,0.0,0.0,0.0,0.0,0.0,0.0,0.0,0,0.0,4,100.0,True
TruckScenes,paired,0,75-100,vehicle.bicycle,scene-b13542304b244af585a646082c57a079-1,4,1,1,4,0,0,4,0,0,100.0,0.0,100.0,75.12164640849626,82.11497517095857,100.0,75.0,9.75,13.5,17.5,22.0,100.0,0.0,0.0,0.0,0.0,0.0,0.0,0.0,0,0.0,4,100.0,True
TruckScenes,paired,0,75-100,vehicle.bus.rigid,scene-3195e3bfd1de4f9ba82f874790c7856c-15,9,1,1,9,9,9,0,0,0,100.0,100.0,0.0,81.29157761842744,98.41536598900674,100.0,100.0,252.0,301.0,345.0,351.4,100.0,100.0,77.77777777777779,5.0,6.0,7.0,9.4,100.0,0,0.0,0,0.0,True
TruckScenes,paired,0,75-100,vehicle.bus.rigid,scene-b13542304b244af585a646082c57a079-1,26,1,1,26,24,24,2,0,0,100.0,92.3076923076923,7.692307692307687,85.37299771189943,86.74931070757327,100.0,100.0,30.75,58.0,100.0,112.0,100.0,50.0,26.923076923076923,1.0,2.5,6.25,10.0,92.3076923076923,0,0.0,2,7.692307692307693,True
TruckScenes,paired,0,75-100,vehicle.bus.rigid,scene-b201f6e737e34c2d87830fc1e2911516-6,4,1,1,4,2,2,2,0,0,100.0,50.0,50.0,78.47333237710056,93.64556694148926,100.0,100.0,63.0,84.5,135.25,191.50000000000003,100.0,50.0,50.0,0.0,2.5,5.25,5.7,50.0,0,0.0,2,50.0,True
TruckScenes,paired,0,75-100,vehicle.car,scene-0044384af3d8494e913fb8b14915239e-3,3,1,1,3,1,1,2,0,0,100.0,33.33333333333333,66.66666666666667,76.63118923598488,79.59537486283884,100.0,100.0,77.5,79.0,85.0,88.6,100.0,0.0,0.0,0.0,0.0,0.5,0.8,33.33333333333333,0,0.0,2,66.66666666666667,True
TruckScenes,paired,0,75-100,vehicle.car,scene-13f4b71b1bd04a9e88747ad8f58a3f67-4,83,26,1,83,34,34,49,0,0,100.0,40.963855421686745,59.036144578313255,75.20232234683708,99.77529485791274,100.0,98.79518072289156,15.0,27.0,59.0,91.8,100.0,4.819277108433735,0.0,0.0,0.0,1.0,2.0,41.123321123321126,0,0.0,49,59.036144578313255,False
TruckScenes,paired,0,75-100,vehicle.car,scene-23160c4bff134cdd86b96ee822b4aca9-14,499,60,1,481,60,59,422,1,17,96.39278557114228,12.024048096192384,84.3687374749499,75.02018943158123,99.89025688341799,78.3567134268537,64.32865731462925,3.0,7.0,17.0,31.399999999999977,95.00847069597069,0.6012024048096193,0.0,0.0,0.0,0.0,1.0,12.377798127798128,18,3.6072144288577164,439,87.97595190380761,False
TruckScenes,paired,0,75-100,vehicle.car,scene-3195e3bfd1de4f9ba82f874790c7856c-15,71,27,1,71,37,37,34,0,0,100.0,52.112676056338024,47.887323943661976,76.6034255664656,99.8979432938211,95.77464788732394,94.36619718309859,13.5,23.0,41.5,74.0,100.0,5.633802816901409,1.4084507042253522,0.0,1.0,1.5,2.0,41.79012345679012,0,0.0,34,47.887323943661976,False
TruckScenes,paired,0,75-100,vehicle.car,scene-3f542f89ec5241b6a4e30ca743adcf34-29,91,33,1,91,42,42,49,0,0,100.0,46.15384615384615,53.84615384615385,75.44363562399072,99.54918032924664,95.6043956043956,89.01098901098901,11.0,20.0,57.5,86.0,100.0,4.395604395604396,0.0,0.0,0.0,1.0,2.0,45.12987012987013,0,0.0,49,53.84615384615385,False
TruckScenes,paired,0,75-100,vehicle.car,scene-a6a87db5125846bda72ccfc9931ee153-11,367,63,1,359,183,181,178,2,6,97.82016348773843,49.863760217983646,47.95640326975477,75.01523283281334,99.98738501470419,92.64305177111717,86.37602179836512,8.0,23.0,37.0,61.80000000000007,97.55102040816325,7.3569482288828345,1.08991825613079,0.0,0.0,1.0,2.0,42.469602707697945,8,2.1798365122615735,184,50.136239782016354,False
TruckScenes,paired,0,75-100,vehicle.car,scene-b13542304b244af585a646082c57a079-1,84,13,1,84,61,61,23,0,0,100.0,72.61904761904762,27.380952380952383,75.00079581872598,99.78857245520511,95.23809523809523,90.47619047619048,9.0,14.5,25.25,36.7,100.0,23.809523809523807,10.714285714285714,0.0,1.0,2.0,4.700000000000003,68.7071475533014,0,0.0,23,27.38095238095238,False
TruckScenes,paired,0,75-100,vehicle.car,scene-b201f6e737e34c2d87830fc1e2911516-6,415,54,1,391,117,114,277,3,21,94.21686746987952,28.19277108433735,66.02409638554217,75.05483680432471,99.97195856877623,82.40963855421687,69.87951807228916,4.0,10.0,21.0,54.0,93.40734610342454,1.9277108433734942,0.0,0.0,0.0,1.0,1.0,24.69114175016158,24,5.783132530120483,298,71.80722891566265,False
TruckScenes,paired,0,75-100,vehicle.car,scene-fb64d203d417452f830ca73efed80c41-11,327,60,1,319,183,180,139,3,5,97.55351681957187,55.96330275229357,41.59021406727829,75.01210196259308,99.9677801767924,87.76758409785933,81.65137614678899,8.0,22.0,44.0,68.40000000000003,97.50058275058274,10.397553516819572,1.2232415902140672,0.0,1.0,1.0,3.0,50.561475561475554,8,2.4464831804281317,144,44.03669724770643,False
TruckScenes,paired,0,75-100,vehicle.construction,scene-3f542f89ec5241b6a4e30ca743adcf34-29,7,2,1,7,7,7,0,0,0,100.0,100.0,0.0,78.74839067491237,97.10520961958358,100.0,100.0,84.5,103.0,258.5,309.6,100.0,71.42857142857143,42.857142857142854,2.5,3.0,7.5,9.4,100.0,0,0.0,0,0.0,True
TruckScenes,paired,0,75-100,vehicle.motorcycle,scene-13f4b71b1bd04a9e88747ad8f58a3f67-4,6,1,1,6,0,0,6,0,0,100.0,0.0,100.0,76.77557203357635,98.52977877825651,100.0,100.0,31.0,36.0,41.75,44.0,100.0,0.0,0.0,0.0,0.0,0.0,0.0,0.0,0,0.0,6,100.0,True
TruckScenes,paired,0,75-100,vehicle.motorcycle,scene-a6a87db5125846bda72ccfc9931ee153-11,8,1,1,8,0,0,8,0,0,100.0,0.0,100.0,77.31160385962372,98.91914264580726,100.0,100.0,33.75,40.0,43.25,47.0,100.0,0.0,0.0,0.0,0.0,0.0,0.0,0.0,0,0.0,8,100.0,True
TruckScenes,paired,0,75-100,vehicle.other,scene-3195e3bfd1de4f9ba82f874790c7856c-15,3,1,1,3,2,2,1,0,0,100.0,66.66666666666666,33.333333333333336,81.92097501827408,93.04559334189926,100.0,100.0,33.5,52.0,84.0,103.2,100.0,66.66666666666666,0.0,1.5,3.0,3.0,3.0,66.66666666666666,0,0.0,1,33.33333333333334,True
TruckScenes,paired,0,75-100,vehicle.trailer,scene-13f4b71b1bd04a9e88747ad8f58a3f67-4,6,4,1,6,6,6,0,0,0,100.0,100.0,0.0,83.95909955748235,96.42982017698247,100.0,100.0,213.5,261.5,302.75,346.5,100.0,83.33333333333334,83.33333333333334,6.5,8.5,9.75,15.5,100.0,0,0.0,0,0.0,True
TruckScenes,paired,0,75-100,vehicle.trailer,scene-23160c4bff134cdd86b96ee822b4aca9-14,11,1,1,11,9,9,2,0,0,100.0,81.81818181818183,18.181818181818176,75.9426127277565,87.1665561362703,100.0,100.0,9.5,12.0,20.5,29.0,100.0,45.45454545454545,27.27272727272727,1.5,2.0,4.5,6.0,81.81818181818183,0,0.0,2,18.181818181818173,True
TruckScenes,paired,0,75-100,vehicle.trailer,scene-3195e3bfd1de4f9ba82f874790c7856c-15,18,11,1,18,17,17,1,0,0,100.0,94.44444444444444,5.555555555555558,75.3320393982216,98.99847818690311,100.0,100.0,165.0,210.0,319.25,448.70000000000005,100.0,88.88888888888889,83.33333333333334,6.25,8.5,10.75,15.600000000000001,95.45454545454545,0,0.0,1,5.555555555555557,True
TruckScenes,paired,0,75-100,vehicle.trailer,scene-3f542f89ec5241b6a4e30ca743adcf34-29,47,18,1,47,38,38,9,0,0,100.0,80.85106382978722,19.14893617021277,75.29473877166481,99.93109762866102,97.87234042553192,97.87234042553192,46.5,97.0,174.0,211.39999999999998,100.0,48.93617021276596,23.404255319148938,1.0,2.0,4.0,7.799999999999997,82.71604938271605,0,0.0,9,19.148936170212778,False
TruckScenes,paired,0,75-100,vehicle.trailer,scene-6be74229febb4aad9e7ae1a37217b231-4,4,1,1,4,3,3,1,0,0,100.0,75.0,25.0,79.20079660168261,92.73270215990007,75.0,25.0,3.5,4.0,4.75,6.1000000000000005,100.0,25.0,0.0,0.75,1.0,1.5,2.4000000000000004,75.0,0,0.0,1,25.0,True
TruckScenes,paired,0,75-100,vehicle.trailer,scene-b13542304b244af585a646082c57a079-1,5,1,1,5,4,4,1,0,0,100.0,80.0,19.999999999999996,77.78874762689384,95.50300809086141,100.0,100.0,20.0,32.0,52.0,63.400000000000006,100.0,40.0,40.0,1.0,1.0,6.0,7.2,80.0,0,0.0,1,20.0,True
TruckScenes,paired,0,75-100,vehicle.trailer,scene-b201f6e737e34c2d87830fc1e2911516-6,29,8,1,29,23,23,6,0,0,100.0,79.3103448275862,20.68965517241379,75.31530923762395,99.99549439560867,96.55172413793103,86.20689655172413,34.0,101.0,167.0,380.8,100.0,68.96551724137932,62.06896551724138,1.0,5.0,9.0,10.2,66.25,0,0.0,6,20.689655172413794,False
TruckScenes,paired,0,75-100,vehicle.trailer,scene-fb64d203d417452f830ca73efed80c41-11,21,3,1,21,17,17,4,0,0,100.0,80.95238095238095,19.047619047619047,75.03752028240139,98.16814316221743,100.0,100.0,56.0,69.0,85.0,110.0,100.0,14.285714285714285,4.761904761904762,1.0,1.0,2.0,3.0,78.88888888888889,0,0.0,4,19.04761904761905,True
TruckScenes,paired,0,75-100,vehicle.truck,scene-13f4b71b1bd04a9e88747ad8f58a3f67-4,23,5,1,23,23,23,0,0,0,100.0,100.0,0.0,75.83794541901845,98.96259396215889,100.0,100.0,160.5,171.0,189.0,302.0000000000001,100.0,91.30434782608695,91.30434782608695,5.5,7.0,8.0,9.0,100.0,0,0.0,0,0.0,False
TruckScenes,paired,0,75-100,vehicle.truck,scene-23160c4bff134cdd86b96ee822b4aca9-14,29,3,1,29,27,27,2,0,0,100.0,93.10344827586206,6.896551724137934,75.3070700385701,99.40604590429331,100.0,100.0,27.0,130.0,290.0,344.8,100.0,51.724137931034484,31.03448275862069,2.0,3.0,5.0,5.399999999999999,91.66666666666666,0,0.0,2,6.896551724137936,True
TruckScenes,paired,0,75-100,vehicle.truck,scene-3195e3bfd1de4f9ba82f874790c7856c-15,43,12,1,43,37,37,6,0,0,100.0,86.04651162790698,13.953488372093027,76.44181789044646,99.35722899574844,100.0,90.69767441860465,18.0,26.0,66.5,323.6,100.0,46.51162790697674,18.6046511627907,1.0,2.0,4.0,6.0,95.68627450980392,0,0.0,6,13.95348837209302,False
TruckScenes,paired,0,75-100,vehicle.truck,scene-3f542f89ec5241b6a4e30ca743adcf34-29,93,16,1,93,88,88,5,0,0,100.0,94.6236559139785,5.376344086021501,75.05686799891917,99.92717227731936,100.0,100.0,47.0,69.0,295.0,374.4,100.0,70.96774193548387,32.25806451612903,2.0,3.0,5.0,7.799999999999997,87.01923076923077,0,0.0,5,5.376344086021504,False
TruckScenes,paired,0,75-100,vehicle.truck,scene-6be74229febb4aad9e7ae1a37217b231-4,6,1,1,6,6,6,0,0,0,100.0,100.0,0.0,76.80044607705331,99.65482861422107,100.0,100.0,118.25,130.0,173.25,198.0,100.0,0.0,0.0,1.0,1.0,1.75,2.0,100.0,0,0.0,0,0.0,True
TruckScenes,paired,0,75-100,vehicle.truck,scene-a6a87db5125846bda72ccfc9931ee153-11,14,2,1,13,12,12,1,0,1,92.85714285714286,85.71428571428571,7.142857142857151,75.09323835261173,98.20502332807462,92.85714285714286,92.85714285714286,34.0,46.5,60.5,171.50000000000009,90.0,28.57142857142857,21.428571428571427,1.0,2.0,2.75,10.700000000000001,84.44444444444444,1,7.142857142857139,2,14.285714285714292,True
TruckScenes,paired,0,75-100,vehicle.truck,scene-b13542304b244af585a646082c57a079-1,32,5,1,32,29,29,3,0,0,100.0,90.625,9.375,75.0643524135287,98.84539359150212,96.875,90.625,31.75,88.0,97.25,105.0,100.0,53.125,28.125,1.0,3.0,5.25,8.900000000000002,85.0,0,0.0,3,9.375,False
TruckScenes,paired,0,75-100,vehicle.truck,scene-b201f6e737e34c2d87830fc1e2911516-6,23,8,1,23,19,19,4,0,0,100.0,82.6086956521739,17.391304347826086,75.86212746855901,99.72258471411753,100.0,100.0,121.0,206.0,295.5,329.2,100.0,78.26086956521739,60.86956521739131,3.5,5.0,7.0,7.800000000000001,79.16666666666666,0,0.0,4,17.391304347826093,False
TruckScenes,paired,0,75-100,vehicle.truck,scene-fb64d203d417452f830ca73efed80c41-11,8,1,1,8,8,8,0,0,0,100.0,100.0,0.0,77.12499473951841,98.43011944989514,100.0,100.0,45.25,57.5,90.0,107.69999999999999,100.0,87.5,50.0,4.0,4.5,7.25,8.899999999999999,100.0,0,0.0,0,0.0,True
TruckScenes,paired,0,100-150,animal,scene-23160c4bff134cdd86b96ee822b4aca9-14,3,1,1,2,0,0,2,0,1,66.66666666666666,0.0,66.66666666666666,100.44430799804785,117.74985868321315,0.0,0.0,0.5,1.0,1.0,1.0,66.66666666666666,0.0,0.0,0.0,0.0,0.0,0.0,0.0,1,33.33333333333334,3,100.0,True
TruckScenes,paired,0,100-150,human.pedestrian.adult,scene-23160c4bff134cdd86b96ee822b4aca9-14,84,9,1,82,0,0,82,0,2,97.61904761904762,0.0,97.61904761904762,100.08172428127371,145.57286485667052,54.761904761904766,21.428571428571427,1.0,3.0,4.0,5.700000000000003,97.03703703703704,0.0,0.0,0.0,0.0,0.0,0.0,0.0,2,2.3809523809523796,84,100.0,False
TruckScenes,paired,0,100-150,human.pedestrian.adult,scene-a6a87db5125846bda72ccfc9931ee153-11,13,3,1,12,0,0,12,0,1,92.3076923076923,0.0,92.3076923076923,100.3332366307338,134.1476059814467,76.92307692307693,53.84615384615385,4.0,5.0,7.0,10.600000000000001,95.83333333333334,0.0,0.0,0.0,0.0,0.0,0.0,0.0,1,7.692307692307693,13,100.0,True
TruckScenes,paired,0,100-150,human.pedestrian.adult,scene-fb64d203d417452f830ca73efed80c41-11,12,1,1,12,0,0,12,0,0,100.0,0.0,100.0,100.15516067277679,121.36307460045074,91.66666666666666,83.33333333333334,5.75,11.5,17.0,17.9,100.0,0.0,0.0,0.0,0.0,0.0,0.0,0.0,0,0.0,12,100.0,True
TruckScenes,paired,0,100-150,human.pedestrian.construction_worker,scene-3f542f89ec5241b6a4e30ca743adcf34-29,6,1,1,6,0,0,6,0,0,100.0,0.0,100.0,100.24382602387756,147.39538134390233,100.0,100.0,8.0,9.0,10.75,12.0,100.0,0.0,0.0,0.0,0.0,0.0,0.0,0.0,0,0.0,6,100.0,True
TruckScenes,paired,0,100-150,human.pedestrian.stroller,scene-23160c4bff134cdd86b96ee822b4aca9-14,6,1,1,6,2,2,4,0,0,100.0,33.33333333333333,66.66666666666667,103.07302909921951,122.20962941244964,100.0,33.33333333333333,3.0,3.0,5.25,6.0,100.0,0.0,0.0,0.0,0.0,0.75,1.0,33.33333333333333,0,0.0,4,66.66666666666667,True
TruckScenes,paired,0,100-150,movable_object.barrier,scene-3f542f89ec5241b6a4e30ca743adcf34-29,7,1,1,7,0,0,7,0,0,100.0,0.0,100.0,108.09880185061658,149.36710809144014,57.14285714285714,14.285714285714285,2.0,3.0,3.5,5.200000000000001,100.0,0.0,0.0,0.0,0.0,0.0,0.0,0.0,0,0.0,7,100.0,True
TruckScenes,paired,0,100-150,movable_object.trafficcone,scene-3195e3bfd1de4f9ba82f874790c7856c-15,6,2,1,6,0,0,6,0,0,100.0,0.0,100.0,108.897196928093,134.21503539709116,0.0,0.0,1.0,1.0,1.75,2.0,100.0,0.0,0.0,0.0,0.0,0.0,0.0,0.0,0,0.0,6,100.0,True
TruckScenes,paired,0,100-150,movable_object.trafficcone,scene-3f542f89ec5241b6a4e30ca743adcf34-29,185,47,1,183,2,2,181,0,2,98.91891891891892,1.0810810810810811,97.83783783783784,100.17272583494284,149.83532562934755,78.91891891891892,58.91891891891892,3.0,5.0,8.0,12.599999999999994,99.29078014184397,0.0,0.0,0.0,0.0,0.0,0.0,0.7801418439716313,2,1.0810810810810807,183,98.91891891891892,False
TruckScenes,paired,0,100-150,static_object.traffic_sign,scene-13f4b71b1bd04a9e88747ad8f58a3f67-4,81,19,1,79,16,16,63,0,2,97.53086419753086,19.753086419753085,77.77777777777779,100.09659887214283,149.6038165171293,88.88888888888889,83.9506172839506,8.0,18.0,89.0,181.0,97.63157894736842,2.4691358024691357,0.0,0.0,0.0,0.0,1.0,19.736842105263154,2,2.4691358024691397,65,80.24691358024691,False
TruckScenes,paired,0,100-150,static_object.traffic_sign,scene-23160c4bff134cdd86b96ee822b4aca9-14,200,17,1,197,24,24,173,0,3,98.5,12.0,86.5,100.01257789779538,149.7432345818622,88.0,77.5,5.0,11.0,30.25,61.099999999999994,98.94607843137254,0.0,0.0,0.0,0.0,0.0,1.0,7.715770068711245,3,1.5,176,88.0,False
TruckScenes,paired,0,100-150,static_object.traffic_sign,scene-3195e3bfd1de4f9ba82f874790c7856c-15,58,10,1,57,12,12,45,0,1,98.27586206896551,20.689655172413794,77.58620689655173,101.83603265437418,148.76189272925194,82.75862068965517,70.6896551724138,4.0,14.5,93.5,145.9,98.75,0.0,0.0,0.0,0.0,0.0,1.0,26.25,1,1.724137931034491,46,79.3103448275862,False
TruckScenes,paired,0,100-150,static_object.traffic_sign,scene-3f542f89ec5241b6a4e30ca743adcf34-29,144,22,1,142,17,17,125,0,2,98.61111111111111,11.805555555555555,86.80555555555556,101.40656179144283,149.98500524582585,84.02777777777779,78.47222222222221,5.0,10.0,18.25,39.400000000000034,98.67424242424244,2.083333333333333,1.3888888888888888,0.0,0.0,0.0,1.0,13.55716253443526,2,1.3888888888888857,127,88.19444444444444,False
TruckScenes,paired,0,100-150,static_object.traffic_sign,scene-a6a87db5125846bda72ccfc9931ee153-11,128,19,1,126,6,6,120,0,2,98.4375,4.6875,93.75,100.35150006455272,147.88738704389712,86.71875,74.21875,4.0,8.0,16.0,24.299999999999997,98.37092731829573,0.0,0.0,0.0,0.0,0.0,0.0,4.9373433583959905,2,1.5625,122,95.3125,False
TruckScenes,paired,0,100-150,static_object.traffic_sign,scene-b201f6e737e34c2d87830fc1e2911516-6,83,7,1,82,18,18,64,0,1,98.79518072289156,21.686746987951807,77.10843373493975,100.12546938814904,149.5136411210933,87.95180722891565,79.51807228915662,6.0,14.0,39.5,319.5999999999999,98.9795918367347,9.63855421686747,3.614457831325301,0.0,0.0,0.0,2.0,24.23469387755102,1,1.2048192771084416,65,78.3132530120482,False
TruckScenes,paired,0,100-150,static_object.traffic_sign,scene-fb64d203d417452f830ca73efed80c41-11,183,13,1,178,31,31,147,0,5,97.26775956284153,16.939890710382514,80.32786885245902,100.13131453436058,149.47299310332593,85.24590163934425,77.04918032786885,5.0,14.0,40.5,61.400000000000034,97.60683760683762,1.639344262295082,0.0,0.0,0.0,0.0,1.0,15.715981415500076,5,2.7322404371584668,152,83.06010928961749,False
TruckScenes,paired,0,100-150,vehicle.bicycle,scene-23160c4bff134cdd86b96ee822b4aca9-14,7,1,1,7,3,3,4,0,0,100.0,42.857142857142854,57.14285714285714,100.27061144215484,135.14610743255753,85.71428571428571,71.42857142857143,4.5,6.0,6.5,7.800000000000001,100.0,0.0,0.0,0.0,0.0,1.0,1.0,42.857142857142854,0,0.0,4,57.142857142857146,True
TruckScenes,paired,0,100-150,vehicle.bus.rigid,scene-3195e3bfd1de4f9ba82f874790c7856c-15,24,1,1,24,24,24,0,0,0,100.0,100.0,0.0,100.53735197903477,149.3429305914152,100.0,100.0,95.5,113.0,156.0,195.49999999999997,100.0,75.0,16.666666666666664,2.75,3.0,4.0,5.0,100.0,0,0.0,0,0.0,True
TruckScenes,paired,0,100-150,vehicle.bus.rigid,scene-b201f6e737e34c2d87830fc1e2911516-6,6,1,1,6,2,2,4,0,0,100.0,33.33333333333333,66.66666666666667,106.25560041217315,147.60545362432572,100.0,100.0,28.0,36.0,51.5,85.0,100.0,33.33333333333333,0.0,0.0,0.0,2.25,3.0,33.33333333333333,0,0.0,4,66.66666666666667,True
TruckScenes,paired,0,100-150,vehicle.car,scene-13f4b71b1bd04a9e88747ad8f58a3f67-4,153,29,1,148,47,47,101,0,5,96.73202614379085,30.718954248366014,66.01307189542483,100.03064606760363,148.38503828196804,84.31372549019608,78.43137254901961,5.0,11.0,31.0,44.60000000000002,98.25347066726377,1.9607843137254901,0.0,0.0,0.0,1.0,1.0,27.777997864204757,5,3.267973856209153,106,69.28104575163398,False
TruckScenes,paired,0,100-150,vehicle.car,scene-23160c4bff134cdd86b96ee822b4aca9-14,444,52,1,414,47,45,369,2,28,93.24324324324324,10.585585585585585,82.65765765765765,100.23526015058842,149.9563203838877,63.288288288288285,42.567567567567565,2.0,4.0,9.0,15.0,92.06470612720614,0.22522522522522523,0.0,0.0,0.0,0.0,1.0,10.032518650939704,30,6.756756756756758,397,89.41441441441441,False
TruckScenes,paired,0,100-150,vehicle.car,scene-3195e3bfd1de4f9ba82f874790c7856c-15,182,34,1,182,46,46,136,0,0,100.0,25.274725274725274,74.72527472527473,100.31750499372072,149.99902983471054,96.15384615384616,84.06593406593407,6.0,9.0,22.0,32.900000000000006,100.0,3.296703296703297,0.5494505494505495,0.0,0.0,0.75,1.0,18.708113541591047,0,0.0,136,74.72527472527473,False
TruckScenes,paired,0,100-150,vehicle.car,scene-3f542f89ec5241b6a4e30ca743adcf34-29,201,33,1,198,70,69,129,1,2,98.50746268656717,34.82587064676617,63.681592039801,100.28667123321456,149.9520758789369,92.53731343283582,77.11442786069652,5.0,9.0,16.0,30.0,98.76543209876544,4.477611940298507,0.4975124378109453,0.0,0.0,1.0,1.0,29.600639686278683,3,1.492537313432834,131,65.17412935323384,False
TruckScenes,paired,0,100-150,vehicle.car,scene-a6a87db5125846bda72ccfc9931ee153-11,455,53,1,426,140,133,293,7,22,93.62637362637362,30.76923076923077,62.857142857142854,100.00365658377392,149.68834680343176,80.43956043956044,68.13186813186813,3.0,8.0,18.0,27.600000000000023,94.67883269770063,2.417582417582418,0.21978021978021978,0.0,0.0,1.0,1.0,27.54551374140719,29,6.373626373626379,315,69.23076923076923,False
TruckScenes,paired,0,100-150,vehicle.car,scene-b13542304b244af585a646082c57a079-1,24,10,1,22,8,8,14,0,2,91.66666666666666,33.33333333333333,58.33333333333333,100.77537085814467,131.48698528202783,66.66666666666666,45.83333333333333,1.75,4.0,8.25,10.0,90.0,0.0,0.0,0.0,0.0,1.0,1.0,34.166666666666664,2,8.333333333333343,16,66.66666666666667,False
TruckScenes,paired,0,100-150,vehicle.car,scene-b201f6e737e34c2d87830fc1e2911516-6,535,53,1,494,112,111,383,1,40,92.33644859813084,20.93457943925234,71.4018691588785,100.04841349637125,149.82679337663822,75.32710280373833,56.26168224299065,3.0,5.0,10.0,20.600000000000023,84.59531778253313,2.4299065420560746,0.0,0.0,0.0,0.0,1.0,15.500035087811955,41,7.663551401869157,423,79.06542056074767,False
TruckScenes,paired,0,100-150,vehicle.car,scene-fb64d203d417452f830ca73efed80c41-11,502,71,1,463,160,156,307,4,35,92.23107569721115,31.872509960159363,60.358565737051784,100.114216461117,149.9794794356648,75.89641434262948,61.75298804780876,3.0,8.0,17.0,36.0,92.89984018479028,2.788844621513944,0.398406374501992,0.0,0.0,1.0,2.0,27.127747312223732,39,7.768924302788847,342,68.12749003984064,False
TruckScenes,paired,0,100-150,vehicle.construction,scene-3f542f89ec5241b6a4e30ca743adcf34-29,15,2,1,15,14,14,1,0,0,100.0,93.33333333333333,6.666666666666665,103.88893173254276,147.9558286055628,100.0,100.0,35.5,43.0,84.0,137.79999999999998,100.0,46.666666666666664,20.0,2.0,2.0,3.5,5.6,91.66666666666667,0,0.0,1,6.666666666666671,True
TruckScenes,paired,0,100-150,vehicle.motorcycle,scene-13f4b71b1bd04a9e88747ad8f58a3f67-4,7,1,1,7,3,3,4,0,0,100.0,42.857142857142854,57.14285714285714,102.93483564831305,132.83598688264973,100.0,100.0,14.0,19.0,21.5,22.8,100.0,0.0,0.0,0.0,0.0,1.0,1.0,42.857142857142854,0,0.0,4,57.142857142857146,True
TruckScenes,paired,0,100-150,vehicle.motorcycle,scene-a6a87db5125846bda72ccfc9931ee153-11,16,1,1,16,0,0,16,0,0,100.0,0.0,100.0,101.61046799081518,148.97082165358046,100.0,100.0,14.75,17.5,22.0,24.5,100.0,0.0,0.0,0.0,0.0,0.0,0.0,0.0,0,0.0,16,100.0,True
TruckScenes,paired,0,100-150,vehicle.other,scene-3195e3bfd1de4f9ba82f874790c7856c-15,7,1,1,7,4,4,3,0,0,100.0,57.14285714285714,42.85714285714286,104.34754846657168,139.42176872710104,100.0,100.0,20.5,22.0,66.0,97.0,100.0,14.285714285714285,14.285714285714285,0.0,1.0,1.0,2.6000000000000014,57.14285714285714,0,0.0,3,42.85714285714286,True
TruckScenes,paired,0,100-150,vehicle.trailer,scene-13f4b71b1bd04a9e88747ad8f58a3f67-4,10,4,1,10,7,7,3,0,0,100.0,70.0,30.000000000000004,112.52370279690938,143.73919008821923,100.0,100.0,47.0,86.5,91.0,168.8,100.0,60.0,30.0,0.5,3.0,4.75,7.299999999999999,68.75,0,0.0,3,30.0,True
TruckScenes,paired,0,100-150,vehicle.trailer,scene-3195e3bfd1de4f9ba82f874790c7856c-15,37,12,1,37,30,30,7,0,0,100.0,81.08108108108108,18.918918918918916,100.5021233540803,147.41377675088836,97.2972972972973,91.8918918918919,20.0,51.0,83.0,114.39999999999999,100.0,67.56756756756756,45.94594594594595,2.0,4.0,6.0,9.0,79.16666666666666,0,0.0,7,18.91891891891892,False
TruckScenes,paired,0,100-150,vehicle.trailer,scene-3f542f89ec5241b6a4e30ca743adcf34-29,102,20,1,102,79,79,23,0,0,100.0,77.45098039215686,22.549019607843135,100.81158790032835,149.832707819408,99.01960784313727,98.0392156862745,19.0,32.0,51.75,77.80000000000001,100.0,34.31372549019608,13.725490196078432,1.0,2.0,3.0,5.0,71.89102564102564,0,0.0,23,22.549019607843135,False
TruckScenes,paired,0,100-150,vehicle.trailer,scene-b13542304b244af585a646082c57a079-1,10,1,1,10,9,9,1,0,0,100.0,90.0,9.999999999999998,100.79024993114085,145.74322209002233,100.0,100.0,20.75,24.5,33.0,39.9,100.0,30.0,20.0,1.0,1.5,3.5,6.1,90.0,0,0.0,1,10.0,True
TruckScenes,paired,0,100-150,vehicle.trailer,scene-b201f6e737e34c2d87830fc1e2911516-6,26,7,1,21,8,8,13,0,5,80.76923076923077,30.76923076923077,50.0,103.6972301036985,145.21314663119983,76.92307692307693,76.92307692307693,5.25,16.0,52.25,95.5,78.57142857142857,11.538461538461538,7.6923076923076925,0.0,0.0,1.0,3.0,23.809523809523807,5,19.230769230769226,18,69.23076923076923,False
TruckScenes,paired,0,100-150,vehicle.trailer,scene-fb64d203d417452f830ca73efed80c41-11,21,1,1,21,7,7,14,0,0,100.0,33.33333333333333,66.66666666666667,100.1584917497393,133.86464531357464,100.0,90.47619047619048,8.0,10.0,21.0,37.0,100.0,14.285714285714285,0.0,0.0,0.0,1.0,3.0,33.33333333333333,0,0.0,14,66.66666666666667,True
TruckScenes,paired,0,100-150,vehicle.truck,scene-13f4b71b1bd04a9e88747ad8f58a3f67-4,9,4,1,9,8,8,1,0,0,100.0,88.88888888888889,11.111111111111116,107.19003190483224,144.30011627719327,100.0,88.88888888888889,34.0,134.0,231.0,250.8,100.0,55.55555555555556,22.22222222222222,1.0,3.0,4.0,8.4,93.75,0,0.0,1,11.111111111111114,True
TruckScenes,paired,0,100-150,vehicle.truck,scene-23160c4bff134cdd86b96ee822b4aca9-14,17,1,1,10,4,3,7,1,6,58.82352941176471,23.52941176470588,35.294117647058826,102.37343407792507,141.32662662942366,35.294117647058826,0.0,0.0,1.0,3.0,4.0,58.82352941176471,0.0,0.0,0.0,0.0,0.0,1.0,23.52941176470588,7,41.17647058823529,13,76.47058823529412,True
TruckScenes,paired,0,100-150,vehicle.truck,scene-3195e3bfd1de4f9ba82f874790c7856c-15,83,14,1,83,72,72,11,0,0,100.0,86.74698795180723,13.253012048192769,100.08964549692696,149.5421265304672,98.79518072289156,96.3855421686747,22.5,99.0,118.5,135.39999999999998,100.0,42.168674698795186,6.024096385542169,1.0,2.0,3.0,4.0,82.4436763952893,0,0.0,11,13.253012048192772,False
TruckScenes,paired,0,100-150,vehicle.truck,scene-3f542f89ec5241b6a4e30ca743adcf34-29,141,20,1,141,87,87,54,0,0,100.0,61.702127659574465,38.297872340425535,100.23701901785451,149.06419724968436,89.36170212765957,80.85106382978722,6.0,10.0,57.0,141.0,100.0,21.98581560283688,9.929078014184398,0.0,1.0,2.0,4.0,77.38028895768834,0,0.0,54,38.297872340425535,False
TruckScenes,paired,0,100-150,vehicle.truck,scene-6be74229febb4aad9e7ae1a37217b231-4,10,1,1,10,5,5,5,0,0,100.0,50.0,50.0,104.38065540516283,147.22144456034985,100.0,100.0,48.25,65.5,76.0,85.5,100.0,0.0,0.0,0.0,0.5,1.0,1.0999999999999996,50.0,0,0.0,5,50.0,True
TruckScenes,paired,0,100-150,vehicle.truck,scene-a6a87db5125846bda72ccfc9931ee153-11,23,2,1,22,16,16,6,0,1,95.65217391304348,69.56521739130434,26.086956521739136,100.04269030347422,149.65842468341535,78.26086956521739,73.91304347826086,4.0,17.0,86.0,148.20000000000002,96.875,30.434782608695656,26.08695652173913,0.0,1.0,4.0,7.0,78.125,1,4.347826086956516,7,30.434782608695656,True
TruckScenes,paired,0,100-150,vehicle.truck,scene-b13542304b244af585a646082c57a079-1,8,1,1,8,3,3,5,0,0,100.0,37.5,62.5,103.95075274715587,139.09527637218903,100.0,87.5,7.75,15.5,20.5,24.7,100.0,12.5,0.0,0.0,0.0,1.25,2.3,37.5,0,0.0,5,62.5,True
TruckScenes,paired,0,100-150,vehicle.truck,scene-b201f6e737e34c2d87830fc1e2911516-6,31,8,1,31,16,16,15,0,0,100.0,51.61290322580645,48.38709677419355,100.82455242719823,149.47411452464638,96.7741935483871,93.54838709677419,12.0,18.0,54.5,92.0,100.0,19.35483870967742,12.903225806451612,0.0,1.0,2.0,5.0,42.5,0,0.0,15,48.38709677419355,False
TruckScenes,paired,0,100-150,vehicle.truck,scene-fb64d203d417452f830ca73efed80c41-11,27,1,1,26,23,23,3,0,1,96.29629629629629,85.18518518518519,11.111111111111105,101.03166547232428,122.26231759889811,96.29629629629629,96.29629629629629,23.5,37.0,47.0,55.40000000000001,96.29629629629629,40.74074074074074,14.814814814814813,1.0,2.0,3.0,5.0,85.18518518518519,1,3.7037037037037095,4,14.81481481481481,True
TruckScenes,paired,0,150-200,human.pedestrian.adult,scene-23160c4bff134cdd86b96ee822b4aca9-14,7,3,1,7,0,0,7,0,0,100.0,0.0,100.0,151.83343151487963,172.49581677456774,14.285714285714285,0.0,1.0,1.0,2.0,2.4000000000000004,100.0,0.0,0.0,0.0,0.0,0.0,0.0,0.0,0,0.0,7,100.0,True
TruckScenes,paired,0,150-200,human.pedestrian.construction_worker,scene-3f542f89ec5241b6a4e30ca743adcf34-29,4,1,1,4,0,0,4,0,0,100.0,0.0,100.0,163.26614617944938,195.2262167183891,100.0,75.0,4.75,5.5,6.0,6.0,100.0,0.0,0.0,0.0,0.0,0.0,0.0,0.0,0,0.0,4,100.0,True
TruckScenes,paired,0,150-200,movable_object.barrier,scene-3f542f89ec5241b6a4e30ca743adcf34-29,2,1,1,2,0,0,2,0,0,100.0,0.0,100.0,169.16267041698882,177.34943401028409,0.0,0.0,1.0,1.0,1.0,1.0,100.0,0.0,0.0,0.0,0.0,0.0,0.0,0.0,0,0.0,2,100.0,True
TruckScenes,paired,0,150-200,movable_object.trafficcone,scene-3195e3bfd1de4f9ba82f874790c7856c-15,5,2,1,3,0,0,3,0,2,60.0,0.0,60.0,155.22510635112192,192.66423814642766,0.0,0.0,0.0,1.0,1.0,1.6,58.33333333333333,0.0,0.0,0.0,0.0,0.0,0.0,0.0,2,40.0,5,100.0,True
TruckScenes,paired,0,150-200,movable_object.trafficcone,scene-3f542f89ec5241b6a4e30ca743adcf34-29,131,48,1,126,0,0,126,0,5,96.18320610687023,0.0,96.18320610687023,150.4090177666509,199.98866853976983,42.74809160305343,16.793893129770993,1.0,2.0,4.0,5.0,95.3125,0.0,0.0,0.0,0.0,0.0,0.0,0.0,5,3.81679389312977,131,100.0,False
TruckScenes,paired,0,150-200,static_object.traffic_sign,scene-13f4b71b1bd04a9e88747ad8f58a3f67-4,77,20,1,76,17,17,59,0,1,98.7012987012987,22.07792207792208,76.62337662337663,150.00948473263907,199.83819887899645,85.71428571428571,77.92207792207793,5.0,16.0,55.0,107.20000000000024,98.75,6.493506493506493,0.0,0.0,0.0,0.0,2.0,21.45833333333333,1,1.2987012987013031,60,77.92207792207792,False
TruckScenes,paired,0,150-200,static_object.traffic_sign,scene-23160c4bff134cdd86b96ee822b4aca9-14,71,9,1,68,2,2,66,0,3,95.77464788732394,2.8169014084507045,92.95774647887323,150.19705164283286,189.0507519422306,87.32394366197182,83.09859154929578,6.0,10.0,24.5,37.0,93.96825396825396,0.0,0.0,0.0,0.0,0.0,0.0,8.333333333333332,3,4.225352112676063,69,97.1830985915493,False
TruckScenes,paired,0,150-200,static_object.traffic_sign,scene-3195e3bfd1de4f9ba82f874790c7856c-15,38,10,1,37,3,3,34,0,1,97.36842105263158,7.894736842105263,89.47368421052632,152.44615040149748,198.221458669763,76.31578947368422,68.42105263157895,4.0,48.5,105.5,156.3,98.57142857142858,2.631578947368421,0.0,0.0,0.0,0.0,0.0,6.666666666666667,1,2.631578947368425,35,92.10526315789474,False
TruckScenes,paired,0,150-200,static_object.traffic_sign,scene-3f542f89ec5241b6a4e30ca743adcf34-29,86,22,1,79,7,7,72,0,7,91.86046511627907,8.13953488372093,83.72093023255813,150.12403958197052,199.12699932635928,75.5813953488372,65.11627906976744,3.0,7.0,12.0,34.0,92.04545454545455,2.3255813953488373,1.1627906976744187,0.0,0.0,0.0,0.0,5.303030303030303,7,8.139534883720927,79,91.86046511627907,False
TruckScenes,paired,0,150-200,static_object.traffic_sign,scene-a6a87db5125846bda72ccfc9931ee153-11,6,2,1,6,0,0,6,0,0,100.0,0.0,100.0,151.65691174847865,167.1941468762767,83.33333333333334,83.33333333333334,6.25,7.5,8.0,8.5,100.0,0.0,0.0,0.0,0.0,0.0,0.0,0.0,0,0.0,6,100.0,True
TruckScenes,paired,0,150-200,static_object.traffic_sign,scene-b201f6e737e34c2d87830fc1e2911516-6,34,4,1,33,9,9,24,0,1,97.05882352941177,26.47058823529412,70.58823529411764,150.84128841937456,198.84238707372174,94.11764705882352,88.23529411764706,7.25,18.0,160.0,193.8,91.66666666666666,5.88235294117647,0.0,0.0,0.0,0.75,2.0,14.0625,1,2.941176470588232,25,73.52941176470588,True
TruckScenes,paired,0,150-200,static_object.traffic_sign,scene-fb64d203d417452f830ca73efed80c41-11,47,3,1,45,25,25,20,0,2,95.74468085106383,53.191489361702125,42.55319148936171,150.10264417377488,183.52766010582786,87.2340425531915,87.2340425531915,19.5,34.0,55.0,64.0,94.87179487179488,6.382978723404255,0.0,0.0,1.0,2.0,2.0,32.131410256410255,2,4.255319148936167,22,46.808510638297875,True
TruckScenes,paired,0,150-200,vehicle.bicycle,scene-23160c4bff134cdd86b96ee822b4aca9-14,2,1,1,2,1,1,1,0,0,100.0,50.0,50.0,152.47270811654,158.13781564282644,100.0,50.0,3.5,4.0,4.5,4.8,100.0,0.0,0.0,0.25,0.5,0.75,0.9,50.0,0,0.0,1,50.0,True
TruckScenes,paired,0,150-200,vehicle.bus.rigid,scene-3195e3bfd1de4f9ba82f874790c7856c-15,6,1,1,6,6,6,0,0,0,100.0,100.0,0.0,151.5436810777764,161.98054785121653,100.0,100.0,64.0,67.5,71.0,73.5,100.0,16.666666666666664,0.0,1.25,2.0,2.0,2.5,100.0,0,0.0,0,0.0,True
TruckScenes,paired,0,150-200,vehicle.bus.rigid,scene-b201f6e737e34c2d87830fc1e2911516-6,7,1,1,5,3,3,2,0,2,71.42857142857143,42.857142857142854,28.571428571428577,150.73989756634435,196.61476288206904,42.857142857142854,42.857142857142854,0.5,1.0,23.0,28.400000000000006,71.42857142857143,14.285714285714285,0.0,0.0,0.0,1.5,2.4000000000000004,42.857142857142854,2,28.57142857142857,4,57.142857142857146,True
TruckScenes,paired,0,150-200,vehicle.car,scene-13f4b71b1bd04a9e88747ad8f58a3f67-4,117,30,1,106,23,23,83,0,11,90.5982905982906,19.65811965811966,70.94017094017094,150.2476455327623,199.9666937233818,77.77777777777779,62.39316239316239,3.0,6.0,12.0,18.400000000000006,92.1031746031746,0.0,0.0,0.0,0.0,0.0,1.0,12.77777777777778,11,9.401709401709397,94,80.34188034188034,False
TruckScenes,paired,0,150-200,vehicle.car,scene-23160c4bff134cdd86b96ee822b4aca9-14,108,28,1,91,10,9,82,1,16,84.25925925925925,9.25925925925926,75.0,150.1363034332358,197.84439613628956,51.85185185185185,25.925925925925924,1.0,3.0,5.0,11.0,82.04365079365078,0.0,0.0,0.0,0.0,0.0,0.0,11.267006802721088,17,15.740740740740748,98,90.74074074074073,False
TruckScenes,paired,0,150-200,vehicle.car,scene-3195e3bfd1de4f9ba82f874790c7856c-15,132,33,1,131,20,20,111,0,1,99.24242424242425,15.151515151515152,84.0909090909091,150.06673187548574,199.66300197298636,74.24242424242425,56.060606060606055,2.0,5.5,11.0,17.0,96.96969696969697,2.272727272727273,0.0,0.0,0.0,0.0,1.0,7.9857397504456324,1,0.7575757575757507,112,84.84848484848484,False
TruckScenes,paired,0,150-200,vehicle.car,scene-3f542f89ec5241b6a4e30ca743adcf34-29,190,38,1,154,28,27,127,1,35,81.05263157894737,14.736842105263156,66.3157894736842,150.39757301764786,199.74428689319586,49.473684210526315,29.47368421052631,1.0,2.0,5.75,9.0,86.16563396952837,1.5789473684210527,0.0,0.0,0.0,0.0,1.0,10.407226389383794,36,18.94736842105263,162,85.26315789473685,False
TruckScenes,paired,0,150-200,vehicle.car,scene-a6a87db5125846bda72ccfc9931ee153-11,112,24,1,105,20,19,86,1,6,93.75,17.857142857142858,75.89285714285714,150.29339473389675,199.2143644127032,66.07142857142857,41.07142857142857,2.0,4.0,7.0,10.0,90.0297619047619,0.0,0.0,0.0,0.0,0.0,1.0,15.262515262515262,7,6.25,92,82.14285714285714,False
TruckScenes,paired,0,150-200,vehicle.car,scene-b201f6e737e34c2d87830fc1e2911516-6,161,25,1,134,10,9,125,1,26,83.22981366459628,6.211180124223603,77.01863354037268,150.13584672053514,198.41590462331993,65.21739130434783,39.75155279503105,2.0,4.0,6.0,9.0,67.67619047619047,0.0,0.0,0.0,0.0,0.0,0.0,3.9523809523809526,27,16.77018633540372,151,93.7888198757764,False
TruckScenes,paired,0,150-200,vehicle.car,scene-fb64d203d417452f830ca73efed80c41-11,106,30,1,97,14,13,84,1,8,91.50943396226415,13.20754716981132,78.30188679245283,150.05681029796702,199.94974332114762,63.20754716981132,40.56603773584906,1.0,3.0,7.0,11.0,90.72222222222223,0.9433962264150944,0.0,0.0,0.0,0.0,1.0,13.708994708994707,9,8.490566037735846,92,86.79245283018868,False
TruckScenes,paired,0,150-200,vehicle.construction,scene-3f542f89ec5241b6a4e30ca743adcf34-29,10,2,1,10,7,7,3,0,0,100.0,70.0,30.000000000000004,156.01409936125535,198.12968170824647,100.0,100.0,10.25,15.5,23.25,28.799999999999997,100.0,50.0,10.0,0.25,2.5,3.0,4.199999999999999,70.0,0,0.0,3,30.0,True
TruckScenes,paired,0,150-200,vehicle.motorcycle,scene-a6a87db5125846bda72ccfc9931ee153-11,2,1,1,2,0,0,2,0,0,100.0,0.0,100.0,152.92324720038215,156.93649967607854,100.0,100.0,13.0,13.0,13.0,13.0,100.0,0.0,0.0,0.0,0.0,0.0,0.0,0.0,0,0.0,2,100.0,True
TruckScenes,paired,0,150-200,vehicle.other,scene-3195e3bfd1de4f9ba82f874790c7856c-15,5,1,1,5,1,1,4,0,0,100.0,20.0,80.0,150.88976136300818,197.67500225086388,100.0,100.0,7.0,9.0,11.0,14.600000000000001,100.0,0.0,0.0,0.0,0.0,0.0,0.6000000000000001,20.0,0,0.0,4,80.0,True
TruckScenes,paired,0,150-200,vehicle.trailer,scene-13f4b71b1bd04a9e88747ad8f58a3f67-4,8,4,1,8,4,4,4,0,0,100.0,50.0,50.0,160.3480618154737,190.7331419580982,75.0,75.0,4.25,18.0,39.0,39.9,100.0,25.0,12.5,0.0,0.5,2.5,4.3,41.666666666666664,0,0.0,4,50.0,True
TruckScenes,paired,0,150-200,vehicle.trailer,scene-3195e3bfd1de4f9ba82f874790c7856c-15,37,13,1,37,14,14,23,0,0,100.0,37.83783783783784,62.16216216216216,150.13335147530887,197.69045500350484,83.78378378378379,67.56756756756756,3.0,15.0,26.0,32.4,100.0,16.216216216216218,8.108108108108109,0.0,0.0,2.0,3.3999999999999986,31.794871794871792,0,0.0,23,62.16216216216216,False
TruckScenes,paired,0,150-200,vehicle.trailer,scene-3f542f89ec5241b6a4e30ca743adcf34-29,86,20,1,85,25,25,60,0,1,98.83720930232558,29.069767441860467,69.76744186046511,150.0106029512012,199.5535628715887,87.20930232558139,72.09302325581395,4.0,11.5,21.75,31.0,97.5,6.976744186046512,2.3255813953488373,0.0,0.0,1.0,2.0,28.47222222222222,1,1.1627906976744242,61,70.93023255813954,False
TruckScenes,paired,0,150-200,vehicle.trailer,scene-b13542304b244af585a646082c57a079-1,3,1,1,3,1,1,2,0,0,100.0,33.33333333333333,66.66666666666667,156.6481733080167,171.92002415898816,100.0,100.0,7.5,8.0,8.5,8.8,100.0,33.33333333333333,0.0,0.0,0.0,1.5,2.4000000000000004,33.33333333333333,0,0.0,2,66.66666666666667,True
TruckScenes,paired,0,150-200,vehicle.trailer,scene-b201f6e737e34c2d87830fc1e2911516-6,5,3,1,4,1,1,3,0,1,80.0,20.0,60.00000000000001,152.4280856885395,183.0656873078641,80.0,80.0,6.0,7.0,10.0,13.0,66.66666666666666,0.0,0.0,0.0,0.0,0.0,0.6000000000000001,11.11111111111111,1,20.0,4,80.0,True
TruckScenes,paired,0,150-200,vehicle.truck,scene-13f4b71b1bd04a9e88747ad8f58a3f67-4,19,6,1,19,8,8,11,0,0,100.0,42.10526315789473,57.89473684210527,154.15604721900328,199.91605376392064,84.21052631578947,68.42105263157895,3.0,7.0,51.5,69.0,100.0,26.31578947368421,10.526315789473683,0.0,0.0,2.5,3.599999999999998,72.22222222222221,0,0.0,11,57.89473684210527,True
TruckScenes,paired,0,150-200,vehicle.truck,scene-3195e3bfd1de4f9ba82f874790c7856c-15,28,10,1,28,14,14,14,0,0,100.0,50.0,50.0,150.1505883465511,197.60702910251754,100.0,92.85714285714286,21.0,46.5,74.25,104.0,100.0,7.142857142857142,0.0,0.0,0.5,1.0,2.0,46.25,0,0.0,14,50.0,False
TruckScenes,paired,0,150-200,vehicle.truck,scene-3f542f89ec5241b6a4e30ca743adcf34-29,142,20,1,139,37,36,103,1,2,97.88732394366197,26.056338028169012,71.83098591549296,150.46660713442523,199.16036370603092,87.32394366197182,85.2112676056338,7.0,12.0,21.5,42.70000000000002,96.53846153846153,4.225352112676056,2.112676056338028,0.0,0.0,1.0,2.0,41.01282051282051,3,2.1126760563380316,105,73.94366197183099,False
TruckScenes,paired,0,150-200,vehicle.truck,scene-6be74229febb4aad9e7ae1a37217b231-4,10,1,1,10,6,6,4,0,0,100.0,60.0,40.0,151.96914679641168,195.87679825951614,100.0,100.0,20.0,20.5,30.75,33.3,100.0,0.0,0.0,0.0,1.0,1.0,1.0999999999999996,60.0,0,0.0,4,40.0,True
TruckScenes,paired,0,150-200,vehicle.truck,scene-b201f6e737e34c2d87830fc1e2911516-6,74,9,1,73,33,33,40,0,1,98.64864864864865,44.5945945945946,54.054054054054056,150.5643016482657,198.0639312636104,89.1891891891892,75.67567567567568,5.0,11.0,17.75,29.700000000000003,99.34640522875817,2.7027027027027026,0.0,0.0,0.0,1.0,2.0,36.610428328694574,1,1.3513513513513544,41,55.4054054054054,False
TruckScenes,paired,0,200-250,human.pedestrian.construction_worker,scene-3f542f89ec5241b6a4e30ca743adcf34-29,1,1,1,1,0,0,1,0,0,100.0,0.0,100.0,203.2730878939659,203.2730878939659,100.0,0.0,4.0,4.0,4.0,4.0,100.0,0.0,0.0,0.0,0.0,0.0,0.0,0.0,0,0.0,1,100.0,True
TruckScenes,paired,0,200-250,movable_object.trafficcone,scene-3f542f89ec5241b6a4e30ca743adcf34-29,34,21,1,27,0,0,27,0,7,79.41176470588235,0.0,79.41176470588235,200.59790691292088,223.08859349302594,14.705882352941178,2.941176470588235,1.0,1.0,2.0,3.6999999999999993,79.36507936507935,0.0,0.0,0.0,0.0,0.0,0.0,0.0,7,20.588235294117652,34,100.0,False
TruckScenes,paired,0,200-250,static_object.traffic_sign,scene-13f4b71b1bd04a9e88747ad8f58a3f67-4,30,17,1,30,0,0,30,0,0,100.0,0.0,100.0,200.00147325915378,220.88370211099877,76.66666666666667,70.0,3.25,11.0,38.5,71.50000000000003,100.0,0.0,0.0,0.0,0.0,0.0,0.0,0.0,0,0.0,30,100.0,False
TruckScenes,paired,0,200-250,static_object.traffic_sign,scene-3195e3bfd1de4f9ba82f874790c7856c-15,13,9,1,13,0,0,13,0,0,100.0,0.0,100.0,201.33744850635765,216.4036404614498,76.92307692307693,76.92307692307693,7.0,18.0,100.0,121.4,100.0,0.0,0.0,0.0,0.0,0.0,0.0,0.0,0,0.0,13,100.0,True
TruckScenes,paired,0,200-250,static_object.traffic_sign,scene-3f542f89ec5241b6a4e30ca743adcf34-29,25,12,1,24,0,0,24,0,1,96.0,0.0,96.0,201.11412019593985,224.38006738934413,80.0,60.0,3.0,5.0,27.0,66.20000000000003,91.66666666666666,0.0,0.0,0.0,0.0,0.0,0.0,0.0,1,4.0,25,100.0,False
TruckScenes,paired,0,200-250,vehicle.bus.rigid,scene-b201f6e737e34c2d87830fc1e2911516-6,2,1,1,2,0,0,2,0,0,100.0,0.0,100.0,203.19325053068846,217.26247400908738,100.0,50.0,7.75,12.5,17.25,20.1,100.0,0.0,0.0,0.0,0.0,0.0,0.0,0.0,0,0.0,2,100.0,True
TruckScenes,paired,0,200-250,vehicle.bus.rigid,scene-fb64d203d417452f830ca73efed80c41-11,2,1,1,1,0,0,1,0,1,50.0,0.0,50.0,213.3461358289945,220.78214850317624,0.0,0.0,0.25,0.5,0.75,0.9,50.0,0.0,0.0,0.0,0.0,0.0,0.0,0.0,1,50.0,2,100.0,True
TruckScenes,paired,0,200-250,vehicle.car,scene-13f4b71b1bd04a9e88747ad8f58a3f67-4,45,21,1,40,0,0,40,0,5,88.88888888888889,0.0,88.88888888888889,200.69379009337305,226.04813191388675,48.888888888888886,33.33333333333333,1.0,2.0,6.0,8.600000000000001,89.28571428571429,0.0,0.0,0.0,0.0,0.0,0.0,0.0,5,11.111111111111114,45,100.0,False
TruckScenes,paired,0,200-250,vehicle.car,scene-23160c4bff134cdd86b96ee822b4aca9-14,3,2,1,2,0,0,2,0,1,66.66666666666666,0.0,66.66666666666666,201.20093634724344,214.78706097094687,66.66666666666666,33.33333333333333,1.5,3.0,5.0,6.2,50.0,0.0,0.0,0.0,0.0,0.0,0.0,0.0,1,33.33333333333334,3,100.0,True
TruckScenes,paired,0,200-250,vehicle.car,scene-3195e3bfd1de4f9ba82f874790c7856c-15,68,24,1,58,0,0,58,0,10,85.29411764705883,0.0,85.29411764705883,200.22000692876009,226.84401081084647,63.23529411764706,44.11764705882353,1.0,4.0,9.0,11.0,88.54166666666666,0.0,0.0,0.0,0.0,0.0,0.0,0.0,10,14.705882352941174,68,100.0,False
TruckScenes,paired,0,200-250,vehicle.car,scene-3f542f89ec5241b6a4e30ca743adcf34-29,34,25,1,25,0,0,25,0,9,73.52941176470588,0.0,73.52941176470588,200.0710707473922,223.13810090979322,35.294117647058826,20.588235294117645,0.25,2.0,3.0,6.0,79.2,0.0,0.0,0.0,0.0,0.0,0.0,0.0,9,26.470588235294116,34,100.0,False
TruckScenes,paired,0,200-250,vehicle.car,scene-a6a87db5125846bda72ccfc9931ee153-11,16,4,1,14,0,0,14,0,2,87.5,0.0,87.5,200.91671899208097,222.1359436738044,37.5,18.75,1.0,2.0,4.0,5.5,84.72222222222221,0.0,0.0,0.0,0.0,0.0,0.0,0.0,2,12.5,16,100.0,True
TruckScenes,paired,0,200-250,vehicle.car,scene-b201f6e737e34c2d87830fc1e2911516-6,18,7,1,13,0,0,13,0,5,72.22222222222221,0.0,72.22222222222221,200.79494762305626,223.39715062993918,27.77777777777778,11.11111111111111,0.25,1.5,2.75,4.300000000000001,62.244897959183675,0.0,0.0,0.0,0.0,0.0,0.0,0.0,5,27.777777777777786,18,100.0,True
TruckScenes,paired,0,200-250,vehicle.car,scene-fb64d203d417452f830ca73efed80c41-11,23,9,1,18,0,0,18,0,5,78.26086956521739,0.0,78.26086956521739,200.5601631913057,223.13322066277925,52.17391304347826,21.73913043478261,1.0,3.0,4.0,6.800000000000001,75.55555555555556,0.0,0.0,0.0,0.0,0.0,0.0,0.0,5,21.73913043478261,23,100.0,False
TruckScenes,paired,0,200-250,vehicle.construction,scene-3f542f89ec5241b6a4e30ca743adcf34-29,4,2,1,4,0,0,4,0,0,100.0,0.0,100.0,200.48305494411403,214.8171436720205,75.0,50.0,2.5,6.0,10.75,13.900000000000002,100.0,0.0,0.0,0.0,0.0,0.0,0.0,0.0,0,0.0,4,100.0,True
TruckScenes,paired,0,200-250,vehicle.other,scene-3195e3bfd1de4f9ba82f874790c7856c-15,1,1,1,1,0,0,1,0,0,100.0,0.0,100.0,209.55825989251767,209.55825989251767,0.0,0.0,2.0,2.0,2.0,2.0,100.0,0.0,0.0,0.0,0.0,0.0,0.0,0.0,0,0.0,1,100.0,True
TruckScenes,paired,0,200-250,vehicle.trailer,scene-13f4b71b1bd04a9e88747ad8f58a3f67-4,3,3,1,2,0,0,2,0,1,66.66666666666666,0.0,66.66666666666666,207.6423399860933,214.77470771153978,66.66666666666666,33.33333333333333,1.5,3.0,11.0,15.8,66.66666666666666,0.0,0.0,0.0,0.0,0.0,0.0,0.0,1,33.33333333333334,3,100.0,True
TruckScenes,paired,0,200-250,vehicle.trailer,scene-3195e3bfd1de4f9ba82f874790c7856c-15,11,9,1,10,1,1,9,0,1,90.9090909090909,9.090909090909092,81.81818181818181,200.52588575532198,221.18164881978126,63.63636363636363,54.54545454545454,2.0,5.0,13.0,21.0,88.88888888888889,0.0,0.0,0.0,0.0,0.0,0.0,5.555555555555555,1,9.090909090909093,10,90.9090909090909,True
TruckScenes,paired,0,200-250,vehicle.trailer,scene-3f542f89ec5241b6a4e30ca743adcf34-29,24,15,1,23,0,0,23,0,1,95.83333333333334,0.0,95.83333333333334,201.1134091209368,227.4924309082738,79.16666666666666,66.66666666666666,3.0,9.0,18.5,23.0,96.66666666666667,0.0,0.0,0.0,0.0,0.0,0.0,0.0,1,4.166666666666657,24,100.0,False
TruckScenes,paired,0,200-250,vehicle.truck,scene-13f4b71b1bd04a9e88747ad8f58a3f67-4,12,5,1,12,0,0,12,0,0,100.0,0.0,100.0,201.62463445305974,229.4177589511211,66.66666666666666,33.33333333333333,2.0,3.5,12.0,33.6,100.0,0.0,0.0,0.0,0.0,0.0,0.0,0.0,0,0.0,12,100.0,True
TruckScenes,paired,0,200-250,vehicle.truck,scene-3195e3bfd1de4f9ba82f874790c7856c-15,10,8,1,10,0,0,10,0,0,100.0,0.0,100.0,200.18618301257388,223.4411317984915,90.0,70.0,4.5,14.0,26.5,30.0,100.0,0.0,0.0,0.0,0.0,0.0,0.0,0.0,0,0.0,10,100.0,True
TruckScenes,paired,0,200-250,vehicle.truck,scene-3f542f89ec5241b6a4e30ca743adcf34-29,26,16,1,26,0,0,26,0,0,100.0,0.0,100.0,200.66542780698632,228.22347457330534,92.3076923076923,88.46153846153845,6.5,16.0,26.0,31.5,100.0,0.0,0.0,0.0,0.0,0.0,0.0,0.0,0,0.0,26,100.0,False
TruckScenes,paired,0,200-250,vehicle.truck,scene-6be74229febb4aad9e7ae1a37217b231-4,4,1,1,4,0,0,4,0,0,100.0,0.0,100.0,200.87273873933788,216.07192509408117,75.0,75.0,4.0,7.0,9.25,9.7,100.0,0.0,0.0,0.0,0.0,0.0,0.0,0.0,0,0.0,4,100.0,True
TruckScenes,paired,0,200-250,vehicle.truck,scene-b201f6e737e34c2d87830fc1e2911516-6,22,2,1,18,0,0,18,0,4,81.81818181818183,0.0,81.81818181818183,200.3442607611171,220.47222600401776,59.09090909090909,13.636363636363635,1.25,3.0,4.0,4.900000000000002,45.0,0.0,0.0,0.0,0.0,0.0,0.0,0.0,4,18.181818181818173,22,100.0,True
TruckScenes,paired,0.5,0-25,animal,scene-23160c4bff134cdd86b96ee822b4aca9-14,12,1,1,12,4,4,8,0,0,100.0,33.33333333333333,66.66666666666667,3.3370594140958585,23.233488706701635,100.0,100.0,95.75,273.5,661.0,1139.5000000000002,100.0,0.0,0.0,0.0,0.0,1.0,1.0,33.33333333333333,0,0.0,8,66.66666666666667,True
TruckScenes,paired,0.5,0-25,human.pedestrian.adult,scene-0044384af3d8494e913fb8b14915239e-3,98,5,1,98,85,85,13,0,0,100.0,86.73469387755102,13.265306122448983,5.028488755220184,24.86407938937694,100.0,100.0,335.25,713.5,1464.0,2599.5999999999995,100.0,48.97959183673469,24.489795918367346,1.0,2.0,4.0,5.0,86.05600539811066,0,0.0,13,13.265306122448976,False
TruckScenes,paired,0.5,0-25,human.pedestrian.adult,scene-23160c4bff134cdd86b96ee822b4aca9-14,27,2,1,27,27,27,0,0,0,100.0,100.0,0.0,15.282847843256596,24.74731634141199,100.0,100.0,304.0,746.0,1162.5,1284.6000000000001,100.0,81.48148148148148,62.96296296296296,3.0,5.0,8.5,10.0,100.0,0,0.0,0,0.0,True
TruckScenes,paired,0.5,0-25,human.pedestrian.adult,scene-a6a87db5125846bda72ccfc9931ee153-11,24,4,1,24,18,18,6,0,0,100.0,75.0,25.0,4.010060325968864,24.66054864439426,100.0,100.0,138.0,182.5,383.0,679.8,100.0,4.166666666666666,0.0,0.75,1.0,2.0,2.0,72.29166666666667,0,0.0,6,25.0,True
TruckScenes,paired,0.5,0-25,human.pedestrian.adult,scene-b13542304b244af585a646082c57a079-1,37,5,1,35,28,27,8,1,1,94.5945945945946,75.67567567567568,18.918918918918916,21.08917743100998,24.994198490263628,91.8918918918919,81.08108108108108,48.0,130.0,159.0,165.8,98.0952380952381,29.72972972972973,5.405405405405405,1.0,2.0,3.0,3.3999999999999986,80.47619047619048,2,5.4054054054054035,9,24.324324324324323,False
TruckScenes,paired,0.5,0-25,human.pedestrian.adult,scene-fb64d203d417452f830ca73efed80c41-11,15,1,1,15,11,11,4,0,0,100.0,73.33333333333333,26.66666666666667,7.960158534157028,23.70893261562662,100.0,100.0,371.5,597.0,961.0,1606.1999999999998,100.0,53.333333333333336,6.666666666666667,0.5,3.0,3.5,4.0,73.33333333333333,0,0.0,4,26.66666666666667,True
TruckScenes,paired,0.5,0-25,human.pedestrian.child,scene-23160c4bff134cdd86b96ee822b4aca9-14,14,1,1,14,14,14,0,0,0,100.0,100.0,0.0,15.180184985059542,24.651910801555783,100.0,100.0,215.0,769.5,930.0,981.4,100.0,71.42857142857143,42.857142857142854,2.25,4.0,6.75,8.400000000000002,100.0,0,0.0,0,0.0,True
TruckScenes,paired,0.5,0-25,human.pedestrian.child,scene-a6a87db5125846bda72ccfc9931ee153-11,4,2,1,4,3,3,1,0,0,100.0,75.0,25.0,23.208044922834734,24.27688402797871,100.0,100.0,70.0,154.5,227.0,232.4,100.0,0.0,0.0,1.5,2.0,2.0,2.0,75.0,0,0.0,1,25.0,True
TruckScenes,paired,0.5,0-25,human.pedestrian.construction_worker,scene-6be74229febb4aad9e7ae1a37217b231-4,3,1,1,3,0,0,3,0,0,100.0,0.0,100.0,24.90048337833052,24.943080290251412,100.0,100.0,158.5,165.0,171.5,175.4,100.0,0.0,0.0,0.0,0.0,0.0,0.0,0.0,0,0.0,3,100.0,True
TruckScenes,paired,0.5,0-25,movable_object.barrier,scene-0044384af3d8494e913fb8b14915239e-3,13,1,1,13,9,9,4,0,0,100.0,69.23076923076923,30.76923076923077,7.068668448420652,22.24142367769678,100.0,100.0,108.0,127.0,178.0,525.6000000000001,100.0,7.6923076923076925,0.0,0.0,1.0,2.0,2.0,69.23076923076923,0,0.0,4,30.769230769230774,True
TruckScenes,paired,0.5,0-25,movable_object.barrier,scene-3f542f89ec5241b6a4e30ca743adcf34-29,2,1,1,2,2,2,0,0,0,100.0,100.0,0.0,21.96524221899977,24.017811046556577,100.0,100.0,151.5,220.0,288.5,329.6,100.0,0.0,0.0,1.25,1.5,1.75,1.9,100.0,0,0.0,0,0.0,True
TruckScenes,paired,0.5,0-25,movable_object.trafficcone,scene-0044384af3d8494e913fb8b14915239e-3,24,2,1,24,13,13,11,0,0,100.0,54.166666666666664,45.833333333333336,5.311383325065451,16.039132326771057,100.0,100.0,32.75,69.0,145.25,224.79999999999993,100.0,0.0,0.0,0.0,1.0,1.0,1.0,54.16666666666667,0,0.0,11,45.833333333333336,True
TruckScenes,paired,0.5,0-25,movable_object.trafficcone,scene-3f542f89ec5241b6a4e30ca743adcf34-29,76,23,1,76,56,56,20,0,0,100.0,73.68421052631578,26.315789473684216,2.6179277868068884,24.970383277162387,100.0,96.05263157894737,74.5,102.0,187.5,550.0,100.0,19.736842105263158,2.631578947368421,0.0,1.0,2.0,3.0,69.20289855072464,0,0.0,20,26.31578947368422,False
TruckScenes,paired,0.5,0-25,static_object.traffic_sign,scene-13f4b71b1bd04a9e88747ad8f58a3f67-4,25,8,1,25,20,20,5,0,0,100.0,80.0,19.999999999999996,7.8196954274190835,24.184650244001176,100.0,100.0,195.0,363.0,667.0,1437.2,100.0,40.0,24.0,1.0,2.0,4.0,8.400000000000006,72.91666666666666,0,0.0,5,20.0,False
TruckScenes,paired,0.5,0-25,static_object.traffic_sign,scene-23160c4bff134cdd86b96ee822b4aca9-14,218,18,1,218,197,197,21,0,0,100.0,90.36697247706422,9.633027522935777,2.7865554257479825,24.995558605686654,98.62385321100918,98.1651376146789,210.75,396.5,696.0,1149.9000000000008,100.0,29.81651376146789,4.128440366972478,1.0,2.0,3.0,4.0,87.80870681605975,0,0.0,21,9.633027522935777,False
TruckScenes,paired,0.5,0-25,static_object.traffic_sign,scene-3195e3bfd1de4f9ba82f874790c7856c-15,13,5,1,13,10,10,3,0,0,100.0,76.92307692307693,23.076923076923073,8.440820195191364,23.947980417980975,100.0,100.0,199.0,471.0,1053.0,1312.6000000000001,100.0,23.076923076923077,7.6923076923076925,1.0,2.0,2.0,3.0,63.33333333333333,0,0.0,3,23.076923076923066,True
TruckScenes,paired,0.5,0-25,static_object.traffic_sign,scene-3f542f89ec5241b6a4e30ca743adcf34-29,60,13,1,60,49,49,11,0,0,100.0,81.66666666666667,18.333333333333336,3.605752411335156,24.923891795001364,100.0,100.0,297.75,849.5,2430.25,4038.6,100.0,46.666666666666664,26.666666666666668,1.0,2.0,5.0,8.100000000000001,77.94871794871796,0,0.0,11,18.33333333333333,False
TruckScenes,paired,0.5,0-25,static_object.traffic_sign,scene-a6a87db5125846bda72ccfc9931ee153-11,234,24,1,234,190,190,44,0,0,100.0,81.19658119658119,18.803418803418804,4.095284892343524,24.925261393356696,98.71794871794873,97.86324786324786,180.25,377.0,672.25,1219.9000000000003,100.0,25.64102564102564,5.982905982905983,1.0,2.0,3.0,4.0,84.64198179271709,0,0.0,44,18.803418803418808,False
TruckScenes,paired,0.5,0-25,static_object.traffic_sign,scene-b13542304b244af585a646082c57a079-1,226,13,1,226,172,172,54,0,0,100.0,76.10619469026548,23.893805309734518,7.458807599443169,24.943431886663255,100.0,100.0,173.75,332.5,593.25,704.0,100.0,11.061946902654867,1.7699115044247788,1.0,1.0,2.0,3.0,72.07409985690529,0,0.0,54,23.893805309734518,False
TruckScenes,paired,0.5,0-25,static_object.traffic_sign,scene-b201f6e737e34c2d87830fc1e2911516-6,2,2,1,2,2,2,0,0,0,100.0,100.0,0.0,23.010243611189864,24.067636755894807,100.0,100.0,360.75,413.5,466.25,497.9,100.0,50.0,0.0,1.5,2.0,2.5,2.8,100.0,0,0.0,0,0.0,True
TruckScenes,paired,0.5,0-25,static_object.traffic_sign,scene-fb64d203d417452f830ca73efed80c41-11,302,22,1,302,269,269,33,0,0,100.0,89.0728476821192,10.927152317880795,3.0663175080497904,24.92663628079184,100.0,99.66887417218543,200.0,388.0,731.0,1418.7000000000005,100.0,36.75496688741722,16.225165562913908,1.0,2.0,3.0,5.900000000000034,85.21861345724983,0,0.0,33,10.927152317880797,False
TruckScenes,paired,0.5,0-25,vehicle.bicycle,scene-23160c4bff134cdd86b96ee822b4aca9-14,12,1,1,12,8,8,4,0,0,100.0,66.66666666666666,33.333333333333336,4.230164471046823,23.152697010342408,100.0,100.0,442.0,905.5,1496.0,2369.0,100.0,50.0,16.666666666666664,0.0,2.5,3.25,4.9,66.66666666666666,0,0.0,4,33.33333333333334,True
TruckScenes,paired,0.5,0-25,vehicle.bicycle,scene-a6a87db5125846bda72ccfc9931ee153-11,23,6,1,23,21,21,2,0,0,100.0,91.30434782608695,8.695652173913048,11.846942725771626,24.885180871838386,100.0,100.0,44.5,135.0,927.5,1325.4,100.0,60.86956521739131,21.73913043478261,2.0,3.0,4.0,6.0,92.92929292929291,0,0.0,2,8.695652173913047,False
TruckScenes,paired,0.5,0-25,vehicle.bicycle,scene-b13542304b244af585a646082c57a079-1,15,1,1,15,11,11,4,0,0,100.0,73.33333333333333,26.66666666666667,16.005535559002794,24.451972543086715,100.0,100.0,422.0,841.0,1011.5,1206.8,100.0,46.666666666666664,20.0,0.5,2.0,3.5,5.0,73.33333333333333,0,0.0,4,26.66666666666667,True
TruckScenes,paired,0.5,0-25,vehicle.car,scene-0044384af3d8494e913fb8b14915239e-3,246,12,1,246,242,242,4,0,0,100.0,98.3739837398374,1.6260162601625994,5.71489359083311,24.99391284327793,100.0,100.0,598.75,1175.5,2575.25,3853.5,100.0,72.35772357723577,46.34146341463415,2.0,4.0,7.0,12.0,98.41326595474193,0,0.0,4,1.6260162601626007,False
TruckScenes,paired,0.5,0-25,vehicle.car,scene-13f4b71b1bd04a9e88747ad8f58a3f67-4,57,16,1,57,52,52,5,0,0,100.0,91.22807017543859,8.771929824561408,4.316506583492497,24.6569046284463,100.0,100.0,946.0,2239.0,3614.0,4493.0,100.0,73.68421052631578,57.89473684210527,2.0,7.0,13.0,19.4,91.15056818181819,0,0.0,5,8.771929824561411,False
TruckScenes,paired,0.5,0-25,vehicle.car,scene-23160c4bff134cdd86b96ee822b4aca9-14,104,8,1,104,91,91,13,0,0,100.0,87.5,12.5,3.215987086639376,24.662042475173916,100.0,100.0,620.25,1431.5,3476.0,5838.900000000001,100.0,68.26923076923077,48.07692307692308,2.0,4.0,10.0,17.80000000000001,88.72767857142858,0,0.0,13,12.5,False
TruckScenes,paired,0.5,0-25,vehicle.car,scene-3195e3bfd1de4f9ba82f874790c7856c-15,100,25,1,100,91,91,9,0,0,100.0,91.0,8.999999999999996,3.91067820353559,24.968180594543426,100.0,100.0,689.0,1494.0,3236.25,4715.500000000001,100.0,70.0,51.0,2.0,5.0,9.0,14.100000000000009,86.86834733893558,0,0.0,9,9.0,False
TruckScenes,paired,0.5,0-25,vehicle.car,scene-3f542f89ec5241b6a4e30ca743adcf34-29,97,25,1,97,93,93,4,0,0,100.0,95.87628865979381,4.123711340206182,3.1761544499878007,24.92258918938073,100.0,100.0,824.0,1752.0,3314.0,5003.600000000002,100.0,80.41237113402062,60.824742268041234,3.0,6.0,10.0,16.0,95.0,0,0.0,4,4.123711340206185,False
TruckScenes,paired,0.5,0-25,vehicle.car,scene-a6a87db5125846bda72ccfc9931ee153-11,169,25,1,169,166,166,3,0,0,100.0,98.22485207100591,1.7751479289940808,7.4802790359570155,24.993363873837318,100.0,100.0,671.0,1246.0,2216.0,3527.2000000000007,100.0,90.53254437869822,76.33136094674556,5.0,9.0,12.0,18.0,99.13636363636364,0,0.0,3,1.7751479289940875,False
TruckScenes,paired,0.5,0-25,vehicle.car,scene-b13542304b244af585a646082c57a079-1,129,10,1,129,127,127,2,0,0,100.0,98.44961240310077,1.5503875968992276,4.130717216642478,24.942883786357914,100.0,100.0,1123.0,2824.0,3733.0,4526.8,100.0,82.17054263565892,51.93798449612403,3.0,5.0,6.0,10.0,97.5,0,0.0,2,1.5503875968992276,False
TruckScenes,paired,0.5,0-25,vehicle.car,scene-b201f6e737e34c2d87830fc1e2911516-6,157,9,1,157,151,151,6,0,0,100.0,96.17834394904459,3.821656050955413,3.9102391805194383,24.885324492963118,100.0,100.0,1014.0,2340.0,4322.0,5469.200000000001,100.0,71.97452229299363,48.40764331210191,2.0,4.0,8.0,13.400000000000006,97.02653990889286,0,0.0,6,3.8216560509554114,False
TruckScenes,paired,0.5,0-25,vehicle.car,scene-fb64d203d417452f830ca73efed80c41-11,164,16,1,164,158,158,6,0,0,100.0,96.34146341463415,3.658536585365857,6.859816654074414,24.976264972350485,99.39024390243902,98.78048780487805,415.75,1187.5,1907.75,2896.000000000001,100.0,76.82926829268293,57.3170731707317,3.0,6.0,11.0,18.700000000000017,98.06761786600497,0,0.0,6,3.6585365853658516,False
TruckScenes,paired,0.5,0-25,vehicle.ego_trailer,scene-0044384af3d8494e913fb8b14915239e-3,39,1,1,39,39,39,0,0,0,100.0,100.0,0.0,5.371014228460056,5.86397189328532,100.0,100.0,16563.0,16671.0,16872.5,17066.0,100.0,100.0,94.87179487179486,6.0,7.0,9.0,10.0,100.0,0,0.0,0,0.0,True
TruckScenes,paired,0.5,0-25,vehicle.ego_trailer,scene-23160c4bff134cdd86b96ee822b4aca9-14,39,1,1,39,39,39,0,0,0,100.0,100.0,0.0,4.286715548585185,4.55859674230722,100.0,100.0,21629.5,21826.0,22037.5,22104.8,100.0,100.0,100.0,9.5,11.0,12.0,15.0,100.0,0,0.0,0,0.0,True
TruckScenes,paired,0.5,0-25,vehicle.ego_trailer,scene-3195e3bfd1de4f9ba82f874790c7856c-15,39,1,1,39,39,39,0,0,0,100.0,100.0,0.0,4.306420822951274,4.544300901215293,100.0,100.0,17050.5,17356.0,17653.0,18073.8,100.0,100.0,100.0,8.5,9.0,10.0,11.0,100.0,0,0.0,0,0.0,True
TruckScenes,paired,0.5,0-25,vehicle.ego_trailer,scene-3f542f89ec5241b6a4e30ca743adcf34-29,39,1,1,39,39,39,0,0,0,100.0,100.0,0.0,5.211087290877539,5.442241477675175,100.0,100.0,19064.0,19148.0,19244.0,20277.2,100.0,100.0,100.0,8.0,9.0,10.0,11.0,100.0,0,0.0,0,0.0,True
TruckScenes,paired,0.5,0-25,vehicle.ego_trailer,scene-6be74229febb4aad9e7ae1a37217b231-4,39,1,1,39,39,39,0,0,0,100.0,100.0,0.0,4.4219298704801036,4.716352337946357,100.0,100.0,9854.0,9890.0,9916.0,9973.0,100.0,0.0,0.0,1.0,1.0,1.0,1.0,100.0,0,0.0,0,0.0,True
TruckScenes,paired,0.5,0-25,vehicle.ego_trailer,scene-a6a87db5125846bda72ccfc9931ee153-11,39,1,1,39,39,39,0,0,0,100.0,100.0,0.0,4.447546264536442,4.82229548417409,100.0,100.0,29695.0,29965.0,30173.0,30602.8,100.0,84.61538461538461,53.84615384615385,3.0,5.0,6.0,7.0,100.0,0,0.0,0,0.0,True
TruckScenes,paired,0.5,0-25,vehicle.ego_trailer,scene-b13542304b244af585a646082c57a079-1,39,1,1,39,39,39,0,0,0,100.0,100.0,0.0,4.2383829357676595,5.246422123728433,100.0,100.0,8599.5,8691.0,8797.0,9034.4,100.0,100.0,89.74358974358975,6.0,7.0,10.0,10.0,100.0,0,0.0,0,0.0,True
TruckScenes,paired,0.5,0-25,vehicle.ego_trailer,scene-b201f6e737e34c2d87830fc1e2911516-6,39,1,1,39,39,39,0,0,0,100.0,100.0,0.0,4.79390378185346,4.985671785764886,100.0,100.0,14025.0,14741.0,15298.5,15709.0,100.0,100.0,94.87179487179486,6.0,7.0,8.0,8.200000000000003,100.0,0,0.0,0,0.0,True
TruckScenes,paired,0.5,0-25,vehicle.ego_trailer,scene-fb64d203d417452f830ca73efed80c41-11,39,1,1,39,39,39,0,0,0,100.0,100.0,0.0,3.9522519617030465,6.753572107966737,100.0,100.0,28133.5,29251.0,30995.5,32204.4,100.0,100.0,92.3076923076923,9.0,12.0,14.0,17.200000000000003,100.0,0,0.0,0,0.0,True
TruckScenes,paired,0.5,0-25,vehicle.motorcycle,scene-13f4b71b1bd04a9e88747ad8f58a3f67-4,11,1,1,11,9,9,2,0,0,100.0,81.81818181818183,18.181818181818176,4.045374541588409,23.927181471337466,100.0,100.0,694.5,1186.0,2575.0,2857.0,100.0,54.54545454545454,45.45454545454545,1.0,3.0,6.5,7.0,81.81818181818183,0,0.0,2,18.181818181818173,True
TruckScenes,paired,0.5,0-25,vehicle.motorcycle,scene-a6a87db5125846bda72ccfc9931ee153-11,1,1,1,1,1,1,0,0,0,100.0,100.0,0.0,20.875363726416317,20.875363726416317,100.0,100.0,857.0,857.0,857.0,857.0,100.0,100.0,0.0,3.0,3.0,3.0,3.0,100.0,0,0.0,0,0.0,True
TruckScenes,paired,0.5,0-25,vehicle.other,scene-23160c4bff134cdd86b96ee822b4aca9-14,39,1,1,39,39,39,0,0,0,100.0,100.0,0.0,18.032195212579325,23.80926246243568,100.0,100.0,434.0,493.0,752.5,780.8000000000001,100.0,89.74358974358975,48.717948717948715,3.0,4.0,6.0,7.200000000000003,100.0,0,0.0,0,0.0,True
TruckScenes,paired,0.5,0-25,vehicle.trailer,scene-0044384af3d8494e913fb8b14915239e-3,184,9,1,184,184,184,0,0,0,100.0,100.0,0.0,3.767944817610741,24.96832240953438,100.0,99.45652173913044,1332.25,4273.0,8220.75,15365.2,100.0,97.82608695652173,96.73913043478261,14.75,26.0,40.25,58.0,100.0,0,0.0,0,0.0,False
TruckScenes,paired,0.5,0-25,vehicle.trailer,scene-23160c4bff134cdd86b96ee822b4aca9-14,64,3,1,64,64,64,0,0,0,100.0,100.0,0.0,3.4169246296073976,24.411906797887646,100.0,100.0,3011.0,6131.0,9869.0,11015.1,100.0,98.4375,87.5,9.0,10.0,12.25,15.0,100.0,0,0.0,0,0.0,True
TruckScenes,paired,0.5,0-25,vehicle.trailer,scene-3195e3bfd1de4f9ba82f874790c7856c-15,13,10,1,13,13,13,0,0,0,100.0,100.0,0.0,17.94419223275464,24.09816108250718,100.0,100.0,1550.0,9407.0,15694.0,16433.8,100.0,84.61538461538461,84.61538461538461,11.0,32.0,45.0,46.8,100.0,0,0.0,0,0.0,True
TruckScenes,paired,0.5,0-25,vehicle.trailer,scene-3f542f89ec5241b6a4e30ca743adcf34-29,52,16,1,52,51,51,1,0,0,100.0,98.07692307692307,1.9230769230769273,3.536328817755905,24.678565056230777,98.07692307692307,98.07692307692307,2180.0,5266.0,10977.5,18866.69999999999,100.0,90.38461538461539,86.53846153846155,7.0,16.5,36.0,43.0,99.70238095238095,0,0.0,1,1.923076923076934,False
TruckScenes,paired,0.5,0-25,vehicle.trailer,scene-6be74229febb4aad9e7ae1a37217b231-4,39,1,1,39,39,39,0,0,0,100.0,100.0,0.0,18.103193869541553,18.311085673356747,100.0,100.0,4829.5,4929.0,9744.0,10251.8,100.0,100.0,100.0,9.0,15.0,17.0,20.0,100.0,0,0.0,0,0.0,True
TruckScenes,paired,0.5,0-25,vehicle.trailer,scene-fb64d203d417452f830ca73efed80c41-11,28,1,1,28,28,28,0,0,0,100.0,100.0,0.0,5.14506928241201,24.621496059179535,100.0,100.0,32526.25,70667.0,79431.25,81223.7,100.0,100.0,100.0,20.5,29.5,33.0,37.900000000000006,100.0,0,0.0,0,0.0,True
TruckScenes,paired,0.5,0-25,vehicle.train,scene-6be74229febb4aad9e7ae1a37217b231-4,117,3,1,117,117,117,0,0,0,100.0,100.0,0.0,9.416005253122728,14.723361559912423,100.0,100.0,13421.0,27251.0,41656.0,41693.2,100.0,100.0,100.0,12.0,20.0,22.0,24.0,100.0,0,0.0,0,0.0,True
TruckScenes,paired,0.5,0-25,vehicle.truck,scene-0044384af3d8494e913fb8b14915239e-3,173,8,1,173,173,173,0,0,0,100.0,100.0,0.0,4.361275837976843,24.780260352624797,100.0,98.84393063583815,1422.0,4493.0,11091.0,18918.000000000007,100.0,94.79768786127167,89.59537572254335,8.0,14.0,27.0,34.80000000000001,100.0,0,0.0,0,0.0,False
TruckScenes,paired,0.5,0-25,vehicle.truck,scene-23160c4bff134cdd86b96ee822b4aca9-14,12,1,1,12,12,12,0,0,0,100.0,100.0,0.0,4.612927912873501,23.18536682329357,100.0,100.0,1221.0,2428.5,5873.25,12128.100000000002,100.0,100.0,83.33333333333334,6.0,8.0,12.5,16.700000000000003,100.0,0,0.0,0,0.0,True
TruckScenes,paired,0.5,0-25,vehicle.truck,scene-3195e3bfd1de4f9ba82f874790c7856c-15,11,8,1,11,11,11,0,0,0,100.0,100.0,0.0,18.49008892001708,24.82000429897186,100.0,100.0,3334.0,4927.0,6900.5,8312.0,100.0,100.0,100.0,13.0,18.0,22.0,23.0,100.0,0,0.0,0,0.0,True
TruckScenes,paired,0.5,0-25,vehicle.truck,scene-3f542f89ec5241b6a4e30ca743adcf34-29,21,11,1,21,21,21,0,0,0,100.0,100.0,0.0,11.899294813578383,24.388347855262136,100.0,100.0,4151.0,7506.0,11810.0,12671.0,100.0,100.0,100.0,17.0,21.0,30.0,33.0,100.0,0,0.0,0,0.0,False
TruckScenes,paired,0.5,0-25,vehicle.truck,scene-6be74229febb4aad9e7ae1a37217b231-4,2,1,1,2,2,2,0,0,0,100.0,100.0,0.0,24.8780683703156,24.98505764073589,100.0,100.0,397.0,422.0,447.0,462.0,100.0,100.0,0.0,3.25,3.5,3.75,3.9,100.0,0,0.0,0,0.0,True
TruckScenes,paired,0.5,0-25,vehicle.truck,scene-a6a87db5125846bda72ccfc9931ee153-11,2,1,1,2,2,2,0,0,0,100.0,100.0,0.0,21.051658372910392,24.85533737820275,100.0,100.0,3554.25,3982.5,4410.75,4667.7,100.0,100.0,100.0,19.75,20.5,21.25,21.7,100.0,0,0.0,0,0.0,True
TruckScenes,paired,0.5,0-25,vehicle.truck,scene-b13542304b244af585a646082c57a079-1,48,3,1,48,48,48,0,0,0,100.0,100.0,0.0,5.3152459885130945,24.723186762589755,100.0,100.0,7088.25,19916.0,63391.5,81834.9,100.0,100.0,100.0,17.0,24.0,35.0,42.20000000000002,100.0,0,0.0,0,0.0,True
TruckScenes,paired,0.5,0-25,vehicle.truck,scene-b201f6e737e34c2d87830fc1e2911516-6,18,1,1,18,18,18,0,0,0,100.0,100.0,0.0,20.047717968781672,24.820646505760056,100.0,100.0,5978.5,6219.0,6814.75,9147.5,100.0,100.0,100.0,20.25,32.0,34.75,40.6,100.0,0,0.0,0,0.0,True
TruckScenes,paired,0.5,0-25,vehicle.truck,scene-fb64d203d417452f830ca73efed80c41-11,52,3,1,52,52,52,0,0,0,100.0,100.0,0.0,8.193621293957236,24.855788497362088,100.0,100.0,3594.5,7841.0,48935.25,61496.6,100.0,100.0,100.0,15.75,23.5,32.0,37.0,100.0,0,0.0,0,0.0,True
TruckScenes,paired,0.5,25-50,animal,scene-23160c4bff134cdd86b96ee822b4aca9-14,7,1,1,7,3,3,4,0,0,100.0,42.857142857142854,57.14285714285714,26.24421595762759,45.431496390879126,100.0,100.0,20.0,31.0,55.5,75.0,100.0,0.0,0.0,0.0,0.0,1.0,1.0,42.857142857142854,0,0.0,4,57.142857142857146,True
TruckScenes,paired,0.5,25-50,human.pedestrian.adult,scene-0044384af3d8494e913fb8b14915239e-3,30,4,1,30,13,13,17,0,0,100.0,43.333333333333336,56.666666666666664,25.8868289343017,48.7079251772679,100.0,100.0,90.25,133.0,238.25,414.70000000000005,100.0,13.333333333333334,0.0,0.0,0.0,1.0,3.0,54.16666666666667,0,0.0,17,56.666666666666664,True
TruckScenes,paired,0.5,25-50,human.pedestrian.adult,scene-23160c4bff134cdd86b96ee822b4aca9-14,106,5,1,106,98,98,8,0,0,100.0,92.45283018867924,7.547169811320753,25.055973351526568,49.30626924349821,100.0,100.0,72.5,125.0,232.5,296.5,100.0,49.056603773584904,14.150943396226415,1.0,2.0,4.0,5.0,93.46153846153847,0,0.0,8,7.547169811320757,False
TruckScenes,paired,0.5,25-50,human.pedestrian.adult,scene-a6a87db5125846bda72ccfc9931ee153-11,62,6,1,62,45,45,17,0,0,100.0,72.58064516129032,27.419354838709676,25.085547399673803,49.90446462513849,98.38709677419355,96.7741935483871,35.25,65.0,196.75,370.0,100.0,20.967741935483872,4.838709677419355,0.0,1.0,2.0,3.0,71.60714285714286,0,0.0,17,27.41935483870968,False
TruckScenes,paired,0.5,25-50,human.pedestrian.adult,scene-b13542304b244af585a646082c57a079-1,239,11,1,238,177,177,61,0,1,99.581589958159,74.05857740585773,25.52301255230126,25.00266046359932,49.66605451952942,99.16317991631799,97.07112970711297,73.0,96.0,127.5,169.60000000000005,99.60474308300394,25.10460251046025,4.602510460251046,0.0,1.0,2.5,4.0,74.74837782800846,1,0.4184100418409997,62,25.941422594142267,False
TruckScenes,paired,0.5,25-50,human.pedestrian.adult,scene-fb64d203d417452f830ca73efed80c41-11,19,2,1,19,11,11,8,0,0,100.0,57.89473684210527,42.10526315789473,25.033332750053617,49.38759551023432,100.0,100.0,79.0,109.0,159.5,336.59999999999997,100.0,5.263157894736842,0.0,0.0,1.0,1.5,2.0,77.77777777777779,0,0.0,8,42.10526315789473,True
TruckScenes,paired,0.5,25-50,human.pedestrian.child,scene-23160c4bff134cdd86b96ee822b4aca9-14,31,2,1,31,30,30,1,0,0,100.0,96.7741935483871,3.2258064516129004,25.5403196353695,49.92841766747102,100.0,100.0,30.5,48.0,192.5,273.0,100.0,38.70967741935484,12.903225806451612,2.0,2.0,3.0,5.0,96.15384615384616,0,0.0,1,3.225806451612897,True
TruckScenes,paired,0.5,25-50,human.pedestrian.child,scene-a6a87db5125846bda72ccfc9931ee153-11,18,2,1,18,17,17,1,0,0,100.0,94.44444444444444,5.555555555555558,25.061226211189545,42.331798592893655,100.0,100.0,165.25,171.5,209.25,219.0,100.0,55.55555555555556,0.0,2.0,3.0,3.0,4.0,94.44444444444444,0,0.0,1,5.555555555555557,True
TruckScenes,paired,0.5,25-50,human.pedestrian.construction_worker,scene-3f542f89ec5241b6a4e30ca743adcf34-29,3,1,1,3,3,3,0,0,0,100.0,100.0,0.0,38.39776118803819,49.742315202315375,100.0,100.0,44.5,47.0,54.5,59.0,100.0,100.0,0.0,3.0,3.0,3.5,3.8,100.0,0,0.0,0,0.0,True
TruckScenes,paired,0.5,25-50,human.pedestrian.construction_worker,scene-6be74229febb4aad9e7ae1a37217b231-4,146,4,1,146,92,92,54,0,0,100.0,63.013698630136986,36.986301369863014,25.026148264819447,46.851385344842264,100.0,100.0,84.25,163.0,227.25,321.5,100.0,19.17808219178082,4.794520547945205,0.0,1.0,2.0,3.5,63.17418213969938,0,0.0,54,36.986301369863014,True
TruckScenes,paired,0.5,25-50,human.pedestrian.stroller,scene-23160c4bff134cdd86b96ee822b4aca9-14,13,1,1,13,11,11,2,0,0,100.0,84.61538461538461,15.384615384615385,33.038505211786195,48.27409703090002,100.0,100.0,69.0,98.0,129.0,146.0,100.0,23.076923076923077,0.0,1.0,2.0,2.0,3.8000000000000007,84.61538461538461,0,0.0,2,15.384615384615387,True
TruckScenes,paired,0.5,25-50,movable_object.barrier,scene-0044384af3d8494e913fb8b14915239e-3,1,1,1,0,0,0,0,0,1,0.0,0.0,0.0,25.02131110837773,25.02131110837773,0.0,0.0,0.0,0.0,0.0,0.0,0.0,0.0,0.0,0.0,0.0,0.0,0.0,0.0,1,100.0,1,100.0,True
TruckScenes,paired,0.5,25-50,movable_object.barrier,scene-3f542f89ec5241b6a4e30ca743adcf34-29,6,1,1,6,6,6,0,0,0,100.0,100.0,0.0,27.682811932610363,48.866131077214646,100.0,100.0,120.0,143.5,170.75,256.5,100.0,100.0,16.666666666666664,3.0,3.5,4.0,5.5,100.0,0,0.0,0,0.0,True
TruckScenes,paired,0.5,25-50,movable_object.trafficcone,scene-3195e3bfd1de4f9ba82f874790c7856c-15,15,3,1,15,3,3,12,0,0,100.0,20.0,80.0,27.756977042030552,47.491970639798936,93.33333333333333,93.33333333333333,18.0,22.0,45.5,60.8,100.0,6.666666666666667,0.0,0.0,0.0,0.0,1.5999999999999996,20.0,0,0.0,12,80.0,True
TruckScenes,paired,0.5,25-50,movable_object.trafficcone,scene-3f542f89ec5241b6a4e30ca743adcf34-29,129,33,1,129,87,87,42,0,0,100.0,67.44186046511628,32.55813953488372,25.1025277986428,49.7741951916537,98.44961240310077,97.67441860465115,22.0,57.0,106.0,177.8,100.0,11.627906976744185,0.0,0.0,1.0,1.0,3.0,73.53174603174604,0,0.0,42,32.55813953488372,False
TruckScenes,paired,0.5,25-50,static_object.traffic_sign,scene-13f4b71b1bd04a9e88747ad8f58a3f67-4,69,18,1,69,58,58,11,0,0,100.0,84.05797101449275,15.94202898550725,25.40106584305818,49.75265743271373,98.55072463768117,98.55072463768117,50.0,91.0,189.0,549.6000000000003,100.0,27.536231884057973,11.594202898550725,1.0,1.0,3.0,5.200000000000003,82.87037037037037,0,0.0,11,15.94202898550725,False
TruckScenes,paired,0.5,25-50,static_object.traffic_sign,scene-23160c4bff134cdd86b96ee822b4aca9-14,496,31,1,496,392,392,104,0,0,100.0,79.03225806451613,20.967741935483875,25.005351076668447,49.96668894209864,99.79838709677419,99.79838709677419,65.0,111.5,188.25,299.0,100.0,15.524193548387096,0.6048387096774194,1.0,1.0,2.0,3.0,79.99803974250129,0,0.0,104,20.967741935483872,False
TruckScenes,paired,0.5,25-50,static_object.traffic_sign,scene-3195e3bfd1de4f9ba82f874790c7856c-15,38,8,1,38,32,32,6,0,0,100.0,84.21052631578947,15.789473684210531,25.329742044219646,49.03718181564197,100.0,100.0,120.25,162.5,272.25,549.3000000000015,100.0,39.473684210526315,15.789473684210526,1.0,2.0,3.0,5.0,85.20833333333333,0,0.0,6,15.789473684210535,False
TruckScenes,paired,0.5,25-50,static_object.traffic_sign,scene-3f542f89ec5241b6a4e30ca743adcf34-29,112,18,1,112,96,96,16,0,0,100.0,85.71428571428571,14.28571428571429,25.067762604146097,49.96365688416681,99.10714285714286,98.21428571428571,66.5,136.5,352.75,620.4000000000001,100.0,35.714285714285715,15.178571428571427,1.0,2.0,3.0,5.900000000000006,86.53218694885362,0,0.0,16,14.285714285714292,False
TruckScenes,paired,0.5,25-50,static_object.traffic_sign,scene-6be74229febb4aad9e7ae1a37217b231-4,39,1,1,39,6,6,33,0,0,100.0,15.384615384615385,84.61538461538461,38.84764802782842,38.870232152055074,100.0,100.0,129.5,133.0,143.0,145.0,100.0,0.0,0.0,0.0,0.0,0.0,1.0,15.384615384615385,0,0.0,33,84.61538461538461,True
TruckScenes,paired,0.5,25-50,static_object.traffic_sign,scene-a6a87db5125846bda72ccfc9931ee153-11,357,35,1,357,262,262,95,0,0,100.0,73.38935574229691,26.610644257703086,25.004092259588482,49.809545849373286,98.59943977591037,97.75910364145658,48.0,88.0,160.0,297.0,100.0,15.966386554621847,1.400560224089636,0.0,1.0,2.0,3.0,74.13341420484278,0,0.0,95,26.610644257703086,False
TruckScenes,paired,0.5,25-50,static_object.traffic_sign,scene-b13542304b244af585a646082c57a079-1,281,14,1,281,172,172,109,0,0,100.0,61.20996441281139,38.79003558718861,25.129129899893126,49.88680419512709,99.28825622775801,96.08540925266904,27.0,54.0,123.0,220.0,100.0,7.11743772241993,0.0,0.0,1.0,1.0,2.0,65.62248595464072,0,0.0,109,38.79003558718861,False
TruckScenes,paired,0.5,25-50,static_object.traffic_sign,scene-b201f6e737e34c2d87830fc1e2911516-6,36,5,1,36,28,28,8,0,0,100.0,77.77777777777779,22.22222222222222,25.1999134126659,49.61979158467407,100.0,100.0,79.75,192.5,304.0,450.5,100.0,33.33333333333333,0.0,1.0,1.0,3.0,3.0,77.5,0,0.0,8,22.222222222222214,False
TruckScenes,paired,0.5,25-50,static_object.traffic_sign,scene-fb64d203d417452f830ca73efed80c41-11,461,36,1,461,365,365,96,0,0,100.0,79.17570498915401,20.824295010845983,25.005065745160874,49.991984854728926,99.78308026030369,98.91540130151843,57.0,108.0,217.0,433.0,100.0,21.0412147505423,8.026030368763557,1.0,1.0,2.0,4.0,76.38764665533354,0,0.0,96,20.824295010845987,False
TruckScenes,paired,0.5,25-50,vehicle.bicycle,scene-23160c4bff134cdd86b96ee822b4aca9-14,7,1,1,7,5,5,2,0,0,100.0,71.42857142857143,28.57142857142857,26.347128085420266,45.265548637389415,100.0,100.0,54.0,78.0,144.5,222.60000000000005,100.0,14.285714285714285,0.0,0.5,2.0,2.0,2.4000000000000004,71.42857142857143,0,0.0,2,28.57142857142857,True
TruckScenes,paired,0.5,25-50,vehicle.bicycle,scene-a6a87db5125846bda72ccfc9931ee153-11,19,5,1,19,17,17,2,0,0,100.0,89.47368421052632,10.526315789473683,25.162071053131964,43.66869982571534,89.47368421052632,89.47368421052632,48.5,110.0,149.0,188.99999999999994,100.0,47.368421052631575,21.052631578947366,1.0,2.0,4.0,5.0,83.33333333333333,0,0.0,2,10.526315789473685,True
TruckScenes,paired,0.5,25-50,vehicle.bicycle,scene-b13542304b244af585a646082c57a079-1,32,2,1,32,29,29,3,0,0,100.0,90.625,9.375,25.625258934704874,49.41508084150633,96.875,96.875,63.75,133.5,197.0,269.1,100.0,50.0,15.625,1.75,2.5,3.0,5.0,91.66666666666667,0,0.0,3,9.375,True
TruckScenes,paired,0.5,25-50,vehicle.bus.rigid,scene-b13542304b244af585a646082c57a079-1,175,6,1,175,167,167,8,0,0,100.0,95.42857142857143,4.571428571428571,31.46960297108729,49.93628880406305,99.42857142857143,99.42857142857143,188.5,358.0,736.0,5565.599999999999,100.0,76.57142857142857,50.28571428571429,3.0,5.0,9.0,16.0,95.10244877561219,0,0.0,8,4.571428571428569,False
TruckScenes,paired,0.5,25-50,vehicle.bus.rigid,scene-b201f6e737e34c2d87830fc1e2911516-6,4,1,1,4,3,3,1,0,0,100.0,75.0,25.0,40.09773443086819,45.92431657130784,100.0,100.0,228.25,786.5,1920.25,3016.9000000000005,100.0,75.0,75.0,3.75,6.0,9.5,14.000000000000002,75.0,0,0.0,1,25.0,True
TruckScenes,paired,0.5,25-50,vehicle.car,scene-0044384af3d8494e913fb8b14915239e-3,161,12,1,161,146,146,15,0,0,100.0,90.6832298136646,9.316770186335399,25.026552288266526,49.78374941111718,100.0,99.37888198757764,127.0,194.0,284.0,539.0,100.0,32.298136645962735,10.559006211180124,1.0,2.0,3.0,5.0,89.49232140408611,0,0.0,15,9.316770186335404,False
TruckScenes,paired,0.5,25-50,vehicle.car,scene-13f4b71b1bd04a9e88747ad8f58a3f67-4,86,24,1,86,74,74,12,0,0,100.0,86.04651162790698,13.953488372093027,25.08948061690256,49.55610281328595,100.0,100.0,200.25,417.0,799.75,1270.0,100.0,60.46511627906976,41.86046511627907,1.0,4.0,7.75,11.0,91.92275317275318,0,0.0,12,13.95348837209302,False
TruckScenes,paired,0.5,25-50,vehicle.car,scene-23160c4bff134cdd86b96ee822b4aca9-14,266,24,1,266,244,244,22,0,0,100.0,91.72932330827066,8.270676691729328,25.3439933534911,49.917777101999484,98.49624060150376,97.74436090225564,57.25,153.0,282.75,514.5,100.0,54.88721804511278,28.947368421052634,1.0,3.0,5.0,7.0,89.22834713595584,0,0.0,22,8.270676691729335,False
TruckScenes,paired,0.5,25-50,vehicle.car,scene-3195e3bfd1de4f9ba82f874790c7856c-15,112,29,1,112,89,89,23,0,0,100.0,79.46428571428571,20.535714285714292,25.436131004049166,49.72360433053761,100.0,100.0,116.75,254.0,480.75,865.1000000000003,100.0,43.75,29.464285714285715,1.0,2.0,5.0,7.0,83.44425689253275,0,0.0,23,20.535714285714292,False
TruckScenes,paired,0.5,25-50,vehicle.car,scene-3f542f89ec5241b6a4e30ca743adcf34-29,112,28,1,112,103,103,9,0,0,100.0,91.96428571428571,8.03571428571429,25.05173585797305,49.87529884465956,100.0,100.0,125.25,271.0,540.0,1131.2000000000007,100.0,55.35714285714286,43.75,1.0,3.0,7.25,12.0,94.68537414965985,0,0.0,9,8.035714285714292,False
TruckScenes,paired,0.5,25-50,vehicle.car,scene-6be74229febb4aad9e7ae1a37217b231-4,39,1,1,39,20,20,19,0,0,100.0,51.28205128205128,48.71794871794872,43.67204270465902,43.9059031696477,100.0,100.0,123.0,144.0,280.5,308.0,100.0,0.0,0.0,0.0,1.0,1.0,1.0,51.28205128205128,0,0.0,19,48.71794871794872,True
TruckScenes,paired,0.5,25-50,vehicle.car,scene-a6a87db5125846bda72ccfc9931ee153-11,561,54,1,560,519,519,41,0,1,99.8217468805704,92.51336898395722,7.308377896613183,25.083674387169115,49.989239561010805,99.28698752228165,98.57397504456328,130.0,284.0,542.0,997.0,99.87654320987654,67.02317290552585,47.05882352941176,2.0,4.0,8.0,11.0,92.11072280164126,1,0.17825311942959843,42,7.486631016042779,False
TruckScenes,paired,0.5,25-50,vehicle.car,scene-b13542304b244af585a646082c57a079-1,306,26,1,306,262,262,44,0,0,100.0,85.62091503267973,14.379084967320265,25.038008580907192,49.89347845567651,99.01960784313727,98.69281045751634,46.0,98.5,219.75,442.5,100.0,50.0,20.588235294117645,1.0,2.5,4.0,6.0,80.65726217972528,0,0.0,44,14.379084967320267,False
TruckScenes,paired,0.5,25-50,vehicle.car,scene-b201f6e737e34c2d87830fc1e2911516-6,320,35,1,320,286,286,34,0,0,100.0,89.375,10.624999999999996,25.1800539630386,49.94696818266525,100.0,99.6875,83.75,189.5,563.5,1045.2000000000003,100.0,64.0625,45.0,2.0,4.0,7.0,9.0,82.38176109604683,0,0.0,34,10.625,False
TruckScenes,paired,0.5,25-50,vehicle.car,scene-fb64d203d417452f830ca73efed80c41-11,349,33,1,348,332,332,16,0,1,99.7134670487106,95.12893982808023,4.584527220630374,25.028445799935753,49.99349955220707,99.42693409742121,99.14040114613181,161.0,308.0,694.0,948.2,99.7979797979798,78.79656160458453,56.446991404011456,3.0,5.0,8.0,12.0,95.62130630312447,1,0.28653295128940215,17,4.8710601719197655,False
TruckScenes,paired,0.5,25-50,vehicle.construction,scene-3f542f89ec5241b6a4e30ca743adcf34-29,10,1,1,10,10,10,0,0,0,100.0,100.0,0.0,25.967144515075436,48.061706910286034,100.0,100.0,567.5,1462.0,1961.5,2739.8999999999996,100.0,100.0,90.0,10.25,22.5,24.5,26.599999999999998,100.0,0,0.0,0,0.0,True
TruckScenes,paired,0.5,25-50,vehicle.construction,scene-6be74229febb4aad9e7ae1a37217b231-4,39,1,1,39,36,36,3,0,0,100.0,92.3076923076923,7.692307692307687,46.628971975329705,46.84740186084551,100.0,100.0,22.0,24.0,25.0,27.200000000000003,100.0,0.0,0.0,1.0,1.0,1.0,1.0,92.3076923076923,0,0.0,3,7.692307692307693,True
TruckScenes,paired,0.5,25-50,vehicle.construction,scene-b201f6e737e34c2d87830fc1e2911516-6,39,1,1,39,39,39,0,0,0,100.0,100.0,0.0,29.201480808696406,43.05304449071748,100.0,100.0,1426.0,2531.0,4173.0,5132.200000000002,100.0,100.0,100.0,14.0,21.0,28.0,33.2,100.0,0,0.0,0,0.0,True
TruckScenes,paired,0.5,25-50,vehicle.motorcycle,scene-13f4b71b1bd04a9e88747ad8f58a3f67-4,9,1,1,9,9,9,0,0,0,100.0,100.0,0.0,28.040724514445376,48.41464613043885,100.0,100.0,173.0,223.0,373.0,583.8000000000001,100.0,55.55555555555556,0.0,2.0,3.0,4.0,4.0,100.0,0,0.0,0,0.0,True
TruckScenes,paired,0.5,25-50,vehicle.motorcycle,scene-a6a87db5125846bda72ccfc9931ee153-11,6,1,1,6,6,6,0,0,0,100.0,100.0,0.0,26.033673592842078,49.78879349188685,100.0,100.0,203.75,282.0,439.75,596.0,100.0,50.0,0.0,2.0,2.5,3.0,3.0,100.0,0,0.0,0,0.0,True
TruckScenes,paired,0.5,25-50,vehicle.other,scene-3195e3bfd1de4f9ba82f874790c7856c-15,7,1,1,7,7,7,0,0,0,100.0,100.0,0.0,29.558689323431754,49.928633548765454,100.0,100.0,399.0,477.0,766.5,894.4,100.0,85.71428571428571,71.42857142857143,6.0,9.0,11.5,14.0,100.0,0,0.0,0,0.0,True
TruckScenes,paired,0.5,25-50,vehicle.trailer,scene-0044384af3d8494e913fb8b14915239e-3,127,9,1,127,120,120,7,0,0,100.0,94.48818897637796,5.511811023622048,25.01964164537153,49.90085446576449,100.0,100.0,302.0,919.0,3345.0,5386.0,100.0,85.8267716535433,84.25196850393701,10.5,16.0,22.0,28.400000000000006,95.9378733572282,0,0.0,7,5.511811023622045,False
TruckScenes,paired,0.5,25-50,vehicle.trailer,scene-13f4b71b1bd04a9e88747ad8f58a3f67-4,12,4,1,12,12,12,0,0,0,100.0,100.0,0.0,29.315493167603204,49.41858548184613,100.0,100.0,1930.5,3592.0,5036.5,7208.500000000001,100.0,100.0,100.0,27.0,31.0,46.0,70.30000000000001,100.0,0,0.0,0,0.0,True
TruckScenes,paired,0.5,25-50,vehicle.trailer,scene-23160c4bff134cdd86b96ee822b4aca9-14,19,2,1,19,19,19,0,0,0,100.0,100.0,0.0,25.21419863120834,49.212409599224316,100.0,100.0,90.5,145.0,196.0,293.59999999999997,100.0,84.21052631578947,31.57894736842105,3.0,4.0,6.0,8.2,100.0,0,0.0,0,0.0,True
TruckScenes,paired,0.5,25-50,vehicle.trailer,scene-3195e3bfd1de4f9ba82f874790c7856c-15,23,11,1,23,23,23,0,0,0,100.0,100.0,0.0,25.92009774673772,48.96469340442421,100.0,100.0,1340.0,3307.0,5719.0,9362.800000000001,100.0,95.65217391304348,86.95652173913044,25.5,36.0,72.0,97.80000000000001,100.0,0,0.0,0,0.0,False
TruckScenes,paired,0.5,25-50,vehicle.trailer,scene-3f542f89ec5241b6a4e30ca743adcf34-29,59,16,1,59,57,57,2,0,0,100.0,96.61016949152543,3.3898305084745783,25.060031723293267,49.95013332466951,100.0,100.0,494.0,1456.0,2882.0,6570.6,100.0,89.83050847457628,79.66101694915254,9.0,19.0,49.0,73.4,96.39423076923077,0,0.0,2,3.3898305084745743,False
TruckScenes,paired,0.5,25-50,vehicle.trailer,scene-b201f6e737e34c2d87830fc1e2911516-6,40,6,1,40,38,38,2,0,0,100.0,95.0,5.000000000000004,34.21652928157445,49.757700283223905,100.0,100.0,67.5,120.0,369.25,3746.300000000001,100.0,90.0,62.5,4.0,5.0,11.5,22.60000000000001,92.5,0,0.0,2,5.0,False
TruckScenes,paired,0.5,25-50,vehicle.trailer,scene-fb64d203d417452f830ca73efed80c41-11,27,3,1,26,21,21,5,0,1,96.29629629629629,77.77777777777779,18.518518518518512,27.92268631294226,49.457722760854566,88.88888888888889,88.88888888888889,89.5,238.0,1686.5,2846.4,93.33333333333333,74.07407407407408,48.148148148148145,2.0,4.0,17.5,27.800000000000004,70.9090909090909,1,3.7037037037037095,6,22.222222222222214,True
TruckScenes,paired,0.5,25-50,vehicle.train,scene-6be74229febb4aad9e7ae1a37217b231-4,78,2,1,78,78,78,0,0,0,100.0,100.0,0.0,37.597759063970344,39.76026905350973,100.0,100.0,1066.0,2521.5,3997.75,4007.0,100.0,100.0,94.87179487179486,6.0,7.0,7.0,9.0,100.0,0,0.0,0,0.0,True
TruckScenes,paired,0.5,25-50,vehicle.truck,scene-0044384af3d8494e913fb8b14915239e-3,125,9,1,125,124,124,1,0,0,100.0,99.2,0.8000000000000007,25.037613627543614,49.47999196242463,100.0,100.0,405.0,935.0,1739.0,2551.4,100.0,94.39999999999999,80.80000000000001,5.0,8.0,12.0,14.0,97.22222222222221,0,0.0,1,0.7999999999999972,False
TruckScenes,paired,0.5,25-50,vehicle.truck,scene-13f4b71b1bd04a9e88747ad8f58a3f67-4,13,4,1,13,13,13,0,0,0,100.0,100.0,0.0,29.34436609003624,48.97749391440899,100.0,100.0,949.0,2588.0,2906.0,4785.200000000002,100.0,100.0,100.0,12.0,23.0,28.0,36.400000000000006,100.0,0,0.0,0,0.0,True
TruckScenes,paired,0.5,25-50,vehicle.truck,scene-23160c4bff134cdd86b96ee822b4aca9-14,12,2,1,12,12,12,0,0,0,100.0,100.0,0.0,25.499715226276102,49.20037938425341,100.0,100.0,274.25,316.0,496.25,586.4,100.0,75.0,33.33333333333333,2.75,4.0,5.25,6.0,100.0,0,0.0,0,0.0,True
TruckScenes,paired,0.5,25-50,vehicle.truck,scene-3195e3bfd1de4f9ba82f874790c7856c-15,18,9,1,18,18,18,0,0,0,100.0,100.0,0.0,26.34346011062851,49.645708093916525,100.0,100.0,791.25,1951.0,3884.75,6411.6,100.0,100.0,100.0,15.0,21.0,31.0,35.2,100.0,0,0.0,0,0.0,True
TruckScenes,paired,0.5,25-50,vehicle.truck,scene-3f542f89ec5241b6a4e30ca743adcf34-29,46,13,1,46,46,46,0,0,0,100.0,100.0,0.0,25.276976620984286,49.97153758808258,100.0,100.0,626.0,1971.0,3733.75,7110.0,100.0,100.0,100.0,11.0,24.0,33.0,41.5,100.0,0,0.0,0,0.0,False
TruckScenes,paired,0.5,25-50,vehicle.truck,scene-6be74229febb4aad9e7ae1a37217b231-4,37,1,1,37,36,36,1,0,0,100.0,97.2972972972973,2.7027027027026973,25.001176906087522,25.23249435017561,100.0,100.0,366.0,2405.0,3207.0,3224.4,100.0,89.1891891891892,70.27027027027027,4.0,9.0,13.0,17.4,97.2972972972973,0,0.0,1,2.7027027027026946,True
TruckScenes,paired,0.5,25-50,vehicle.truck,scene-a6a87db5125846bda72ccfc9931ee153-11,6,1,1,6,6,6,0,0,0,100.0,100.0,0.0,28.982287027134294,49.714096308135716,100.0,100.0,429.0,662.0,1039.75,1483.5,100.0,100.0,100.0,8.75,11.5,12.0,16.5,100.0,0,0.0,0,0.0,True
TruckScenes,paired,0.5,25-50,vehicle.truck,scene-b13542304b244af585a646082c57a079-1,47,4,1,47,47,47,0,0,0,100.0,100.0,0.0,25.386280906666045,48.77319998703758,100.0,100.0,541.5,770.0,1864.5,2832.8,100.0,93.61702127659575,85.1063829787234,5.5,12.0,17.0,19.4,100.0,0,0.0,0,0.0,True
TruckScenes,paired,0.5,25-50,vehicle.truck,scene-b201f6e737e34c2d87830fc1e2911516-6,163,10,1,163,162,162,1,0,0,100.0,99.38650306748467,0.6134969325153339,25.76300296421403,49.87090734232431,100.0,100.0,304.0,1428.0,3053.5,4391.400000000001,100.0,97.54601226993866,90.1840490797546,7.0,11.0,14.0,22.0,96.66666666666666,0,0.0,1,0.6134969325153321,False
TruckScenes,paired,0.5,25-50,vehicle.truck,scene-fb64d203d417452f830ca73efed80c41-11,55,3,1,55,55,55,0,0,0,100.0,100.0,0.0,25.253509530792357,49.26417846225338,100.0,100.0,649.5,890.0,1654.5,2238.2000000000003,100.0,100.0,96.36363636363636,8.0,10.0,14.0,17.6,100.0,0,0.0,0,0.0,True
TruckScenes,paired,0.5,50-75,animal,scene-23160c4bff134cdd86b96ee822b4aca9-14,5,1,1,5,2,2,3,0,0,100.0,40.0,60.0,50.67137389204138,72.04119540818425,100.0,100.0,9.0,9.0,10.0,11.8,100.0,0.0,0.0,0.0,0.0,1.0,1.6,40.0,0,0.0,3,60.0,True
TruckScenes,paired,0.5,50-75,human.pedestrian.adult,scene-0044384af3d8494e913fb8b14915239e-3,2,1,1,2,2,2,0,0,0,100.0,100.0,0.0,50.00378110697775,51.11457998328122,100.0,100.0,125.25,126.5,127.75,128.5,100.0,50.0,0.0,2.5,3.0,3.5,3.8,100.0,0,0.0,0,0.0,True
TruckScenes,paired,0.5,50-75,human.pedestrian.adult,scene-23160c4bff134cdd86b96ee822b4aca9-14,38,6,1,38,30,30,8,0,0,100.0,78.94736842105263,21.052631578947366,50.25760137663902,74.61153335853683,97.36842105263158,92.10526315789474,15.0,23.0,31.75,45.60000000000001,100.0,26.31578947368421,0.0,1.0,1.5,2.75,3.0,77.77777777777777,0,0.0,8,21.05263157894737,False
TruckScenes,paired,0.5,50-75,human.pedestrian.adult,scene-a6a87db5125846bda72ccfc9931ee153-11,55,7,1,55,29,29,26,0,0,100.0,52.72727272727272,47.27272727272728,50.65164166949298,74.85051735969772,98.18181818181819,90.9090909090909,14.5,22.0,34.0,43.0,100.0,18.181818181818183,9.090909090909092,0.0,1.0,2.0,3.0,55.952380952380956,0,0.0,26,47.27272727272728,False
TruckScenes,paired,0.5,50-75,human.pedestrian.adult,scene-b13542304b244af585a646082c57a079-1,43,6,1,43,33,33,10,0,0,100.0,76.74418604651163,23.25581395348837,50.444510624044334,74.17653827142472,97.67441860465115,95.34883720930233,20.0,33.0,44.0,51.800000000000004,100.0,23.25581395348837,0.0,1.0,1.0,2.0,3.0,83.14814814814815,0,0.0,10,23.25581395348837,False
TruckScenes,paired,0.5,50-75,human.pedestrian.adult,scene-fb64d203d417452f830ca73efed80c41-11,14,2,1,14,11,11,3,0,0,100.0,78.57142857142857,21.42857142857143,50.3341028952578,73.59805163678632,100.0,100.0,20.25,40.0,49.5,57.7,100.0,21.428571428571427,0.0,1.0,1.5,2.0,3.700000000000001,81.25,0,0.0,3,21.42857142857143,True
TruckScenes,paired,0.5,50-75,human.pedestrian.child,scene-23160c4bff134cdd86b96ee822b4aca9-14,13,2,1,13,10,10,3,0,0,100.0,76.92307692307693,23.076923076923073,50.88155426699383,72.46662048380303,100.0,92.3076923076923,10.0,12.0,17.0,26.200000000000006,100.0,30.76923076923077,0.0,1.0,1.0,3.0,3.0,76.38888888888889,0,0.0,3,23.076923076923066,True
TruckScenes,paired,0.5,50-75,human.pedestrian.construction_worker,scene-3f542f89ec5241b6a4e30ca743adcf34-29,3,1,1,3,2,2,1,0,0,100.0,66.66666666666666,33.333333333333336,56.289158795257556,70.17672775370616,100.0,100.0,27.5,28.0,30.5,32.0,100.0,0.0,0.0,0.5,1.0,1.5,1.8,66.66666666666666,0,0.0,1,33.33333333333334,True
TruckScenes,paired,0.5,50-75,human.pedestrian.stroller,scene-23160c4bff134cdd86b96ee822b4aca9-14,11,1,1,11,11,11,0,0,0,100.0,100.0,0.0,50.15835689024644,74.44221855938109,100.0,100.0,25.5,27.0,31.5,39.0,100.0,0.0,0.0,1.0,1.0,2.0,2.0,100.0,0,0.0,0,0.0,True
TruckScenes,paired,0.5,50-75,movable_object.barrier,scene-3f542f89ec5241b6a4e30ca743adcf34-29,6,1,1,6,4,4,2,0,0,100.0,66.66666666666666,33.333333333333336,56.93946638234874,74.20132157797451,100.0,100.0,23.75,31.0,50.25,64.0,100.0,0.0,0.0,0.25,1.5,2.0,2.0,66.66666666666666,0,0.0,2,33.33333333333334,True
TruckScenes,paired,0.5,50-75,movable_object.trafficcone,scene-3195e3bfd1de4f9ba82f874790c7856c-15,9,3,1,9,3,3,6,0,0,100.0,33.33333333333333,66.66666666666667,51.68908003860969,72.88643546986371,100.0,100.0,14.0,17.0,29.0,33.2,100.0,11.11111111111111,0.0,0.0,0.0,1.0,2.2,36.11111111111111,0,0.0,6,66.66666666666667,True
TruckScenes,paired,0.5,50-75,movable_object.trafficcone,scene-3f542f89ec5241b6a4e30ca743adcf34-29,114,37,1,114,56,56,58,0,0,100.0,49.122807017543856,50.877192982456144,50.24023522736982,74.76275878874729,98.24561403508771,89.47368421052632,12.0,25.0,43.75,58.0,100.0,1.7543859649122806,0.0,0.0,0.0,1.0,2.0,55.128700128700125,0,0.0,58,50.877192982456144,False
TruckScenes,paired,0.5,50-75,static_object.traffic_sign,scene-13f4b71b1bd04a9e88747ad8f58a3f67-4,69,19,1,69,49,49,20,0,0,100.0,71.01449275362319,28.985507246376805,50.13398944678854,74.9346183569707,97.10144927536231,94.20289855072464,26.0,50.0,88.0,392.6000000000003,100.0,17.391304347826086,10.144927536231885,0.0,1.0,2.0,4.200000000000003,75.15037593984962,0,0.0,20,28.985507246376812,False
TruckScenes,paired,0.5,50-75,static_object.traffic_sign,scene-23160c4bff134cdd86b96ee822b4aca9-14,452,38,1,452,285,285,167,0,0,100.0,63.05309734513275,36.94690265486725,50.021254706555894,74.9526870191583,99.11504424778761,98.23008849557522,25.0,37.0,61.0,100.90000000000003,100.0,5.752212389380531,0.6637168141592921,0.0,1.0,1.0,2.0,60.80951538113105,0,0.0,167,36.94690265486725,False
TruckScenes,paired,0.5,50-75,static_object.traffic_sign,scene-3195e3bfd1de4f9ba82f874790c7856c-15,34,9,1,34,25,25,9,0,0,100.0,73.52941176470588,26.470588235294112,50.12383412792067,74.3715272455412,100.0,100.0,44.5,70.5,123.0,205.79999999999995,100.0,35.294117647058826,14.705882352941178,0.25,2.0,3.0,5.699999999999999,68.14814814814815,0,0.0,9,26.470588235294116,False
TruckScenes,paired,0.5,50-75,static_object.traffic_sign,scene-3f542f89ec5241b6a4e30ca743adcf34-29,94,21,1,94,71,71,23,0,0,100.0,75.53191489361703,24.468085106382976,50.28540299862526,74.97734392363266,98.93617021276596,96.80851063829788,32.0,64.0,134.0,270.7,100.0,19.148936170212767,7.446808510638298,1.0,1.0,2.0,3.700000000000003,78.01587301587301,0,0.0,23,24.468085106382972,False
TruckScenes,paired,0.5,50-75,static_object.traffic_sign,scene-a6a87db5125846bda72ccfc9931ee153-11,278,37,1,278,161,161,117,0,0,100.0,57.9136690647482,42.0863309352518,50.06448334092781,74.80782937450144,99.28057553956835,95.68345323741008,19.0,35.0,61.0,134.0,100.0,16.906474820143885,1.4388489208633095,0.0,1.0,2.0,3.0,58.45072345072345,0,0.0,117,42.0863309352518,False
TruckScenes,paired,0.5,50-75,static_object.traffic_sign,scene-b13542304b244af585a646082c57a079-1,56,8,1,56,17,17,39,0,0,100.0,30.357142857142854,69.64285714285714,50.05048417186409,64.69161606370513,83.92857142857143,66.07142857142857,3.75,5.0,8.25,34.0,100.0,5.357142857142857,0.0,0.0,0.0,1.0,2.0,57.8125,0,0.0,39,69.64285714285714,False
TruckScenes,paired,0.5,50-75,static_object.traffic_sign,scene-b201f6e737e34c2d87830fc1e2911516-6,49,7,1,49,40,40,9,0,0,100.0,81.63265306122449,18.36734693877551,50.08612261392376,74.73953212545027,100.0,100.0,26.0,86.0,124.0,152.8,100.0,44.89795918367347,18.367346938775512,1.0,2.0,3.0,10.0,78.06122448979592,0,0.0,9,18.367346938775512,False
TruckScenes,paired,0.5,50-75,static_object.traffic_sign,scene-fb64d203d417452f830ca73efed80c41-11,357,37,1,357,277,277,80,0,0,100.0,77.59103641456583,22.408963585434172,50.02912217511027,74.74868534120387,98.59943977591037,95.7983193277311,22.0,43.0,91.0,151.0,100.0,17.086834733893557,3.361344537815126,1.0,1.0,2.0,3.0,76.09367928303855,0,0.0,80,22.408963585434165,False
TruckScenes,paired,0.5,50-75,vehicle.bicycle,scene-23160c4bff134cdd86b96ee822b4aca9-14,5,1,1,5,4,4,1,0,0,100.0,80.0,19.999999999999996,50.396554485384264,71.96775341251137,100.0,100.0,21.0,24.0,29.0,32.6,100.0,0.0,0.0,1.0,1.0,1.0,1.0,80.0,0,0.0,1,20.0,True
TruckScenes,paired,0.5,50-75,vehicle.bus.rigid,scene-b13542304b244af585a646082c57a079-1,99,8,1,99,90,90,9,0,0,100.0,90.9090909090909,9.090909090909093,50.131372010251184,68.70689794333269,97.97979797979798,97.97979797979798,22.0,51.0,86.5,207.0,100.0,54.54545454545454,25.252525252525253,1.5,3.0,4.5,8.400000000000006,94.92816091954023,0,0.0,9,9.090909090909093,False
TruckScenes,paired,0.5,50-75,vehicle.bus.rigid,scene-b201f6e737e34c2d87830fc1e2911516-6,4,1,1,4,4,4,0,0,0,100.0,100.0,0.0,54.23510745156025,66.4581913748033,100.0,100.0,402.75,666.0,1002.25,1193.5,100.0,100.0,75.0,9.25,13.5,17.75,20.900000000000002,100.0,0,0.0,0,0.0,True
TruckScenes,paired,0.5,50-75,vehicle.car,scene-0044384af3d8494e913fb8b14915239e-3,19,2,1,19,19,19,0,0,0,100.0,100.0,0.0,50.8416532626398,74.9689642459808,100.0,100.0,115.0,179.0,234.5,253.39999999999998,100.0,42.10526315789473,0.0,2.0,2.0,4.0,4.0,100.0,0,0.0,0,0.0,True
TruckScenes,paired,0.5,50-75,vehicle.car,scene-13f4b71b1bd04a9e88747ad8f58a3f67-4,90,26,1,90,66,66,24,0,0,100.0,73.33333333333333,26.66666666666667,50.10515005076154,74.94559783591173,100.0,100.0,50.25,90.5,190.0,284.40000000000003,100.0,45.55555555555556,24.444444444444443,0.0,2.0,4.0,7.0,88.06471306471308,0,0.0,24,26.66666666666667,False
TruckScenes,paired,0.5,50-75,vehicle.car,scene-23160c4bff134cdd86b96ee822b4aca9-14,332,50,1,332,207,207,125,0,0,100.0,62.34939759036144,37.65060240963856,50.0471431358808,74.97851457521881,87.95180722891565,83.13253012048193,7.75,24.0,55.0,100.0,100.0,21.686746987951807,6.927710843373494,0.0,1.0,2.0,4.0,56.275777000777,0,0.0,125,37.65060240963856,False
TruckScenes,paired,0.5,50-75,vehicle.car,scene-3195e3bfd1de4f9ba82f874790c7856c-15,91,30,1,91,69,69,22,0,0,100.0,75.82417582417582,24.17582417582418,50.140260615649524,74.855426118902,100.0,98.9010989010989,37.5,66.0,151.5,250.0,100.0,32.967032967032964,13.186813186813188,1.0,2.0,3.0,5.0,73.57407407407408,0,0.0,22,24.175824175824175,False
TruckScenes,paired,0.5,50-75,vehicle.car,scene-3f542f89ec5241b6a4e30ca743adcf34-29,101,31,1,101,81,81,20,0,0,100.0,80.19801980198021,19.8019801980198,50.008319273126816,74.74269469284795,97.02970297029702,94.05940594059405,31.0,66.0,128.0,219.0,100.0,38.613861386138616,19.801980198019802,1.0,2.0,4.0,6.0,85.4531490015361,0,0.0,20,19.80198019801979,False
TruckScenes,paired,0.5,50-75,vehicle.car,scene-a6a87db5125846bda72ccfc9931ee153-11,602,74,1,601,476,476,125,0,1,99.83388704318938,79.06976744186046,20.76411960132891,50.071472601574875,74.99666454320945,98.83720930232558,97.17607973421927,26.0,57.0,121.75,225.89999999999998,99.87714987714988,43.355481727574755,20.930232558139537,1.0,2.0,4.0,6.0,79.42763202525511,1,0.16611295681062188,126,20.930232558139537,False
TruckScenes,paired,0.5,50-75,vehicle.car,scene-b13542304b244af585a646082c57a079-1,414,30,1,414,325,325,89,0,0,100.0,78.50241545893721,21.497584541062796,50.08059390463826,74.48126349215012,95.16908212560386,88.16425120772948,10.0,24.5,45.0,84.69999999999999,100.0,33.091787439613526,14.251207729468598,1.0,2.0,3.0,5.0,80.65858367265017,0,0.0,89,21.497584541062793,False
TruckScenes,paired,0.5,50-75,vehicle.car,scene-b201f6e737e34c2d87830fc1e2911516-6,361,48,1,361,292,292,69,0,0,100.0,80.88642659279779,19.11357340720221,50.003136842733674,74.98641837362398,93.62880886426593,90.58171745152355,11.0,54.0,127.0,218.0,100.0,40.7202216066482,16.343490304709142,1.0,2.0,4.0,6.0,78.86299081035922,0,0.0,69,19.11357340720221,False
TruckScenes,paired,0.5,50-75,vehicle.car,scene-fb64d203d417452f830ca73efed80c41-11,405,55,1,405,335,335,70,0,0,100.0,82.71604938271605,17.28395061728395,50.100303197249275,74.99743290776713,97.28395061728395,93.82716049382715,29.0,61.0,123.0,213.4000000000001,100.0,45.67901234567901,20.98765432098765,1.0,2.0,4.0,6.0,85.02306609200978,0,0.0,70,17.28395061728395,False
TruckScenes,paired,0.5,50-75,vehicle.construction,scene-3f542f89ec5241b6a4e30ca743adcf34-29,6,1,1,6,6,6,0,0,0,100.0,100.0,0.0,54.38546161796436,71.85918738544329,100.0,100.0,192.75,384.5,634.0,811.5,100.0,100.0,66.66666666666666,4.5,7.0,17.0,21.5,100.0,0,0.0,0,0.0,True
TruckScenes,paired,0.5,50-75,vehicle.motorcycle,scene-13f4b71b1bd04a9e88747ad8f58a3f67-4,5,1,1,5,4,4,1,0,0,100.0,80.0,19.999999999999996,56.37047740800572,72.64167851784846,100.0,100.0,70.0,84.0,98.0,108.8,100.0,60.0,0.0,2.0,3.0,3.0,3.0,80.0,0,0.0,1,20.0,True
TruckScenes,paired,0.5,50-75,vehicle.motorcycle,scene-a6a87db5125846bda72ccfc9931ee153-11,6,1,1,6,6,6,0,0,0,100.0,100.0,0.0,54.05447521393309,74.20349437103796,100.0,100.0,68.25,91.5,103.5,116.0,100.0,16.666666666666664,0.0,1.0,1.5,2.0,2.5,100.0,0,0.0,0,0.0,True
TruckScenes,paired,0.5,50-75,vehicle.other,scene-3195e3bfd1de4f9ba82f874790c7856c-15,4,1,1,4,4,4,0,0,0,100.0,100.0,0.0,51.373018620277804,71.02903287437007,100.0,100.0,122.75,230.5,329.0,341.6,100.0,50.0,50.0,2.0,6.0,10.5,11.4,100.0,0,0.0,0,0.0,True
TruckScenes,paired,0.5,50-75,vehicle.trailer,scene-0044384af3d8494e913fb8b14915239e-3,13,3,1,13,12,12,1,0,0,100.0,92.3076923076923,7.692307692307687,50.50645910713459,58.41056649001099,100.0,92.3076923076923,15.0,227.0,603.0,617.0,100.0,76.92307692307693,69.23076923076923,4.0,8.0,9.0,10.0,91.66666666666666,0,0.0,1,7.692307692307693,True
TruckScenes,paired,0.5,50-75,vehicle.trailer,scene-13f4b71b1bd04a9e88747ad8f58a3f67-4,7,4,1,7,7,7,0,0,0,100.0,100.0,0.0,53.455749734672146,73.75787218541969,100.0,100.0,438.0,695.0,1126.5,1465.0000000000002,100.0,100.0,85.71428571428571,18.0,39.0,60.0,69.0,100.0,0,0.0,0,0.0,True
TruckScenes,paired,0.5,50-75,vehicle.trailer,scene-23160c4bff134cdd86b96ee822b4aca9-14,23,2,1,23,21,21,2,0,0,100.0,91.30434782608695,8.695652173913048,50.93869639610005,74.23675463436386,100.0,100.0,46.0,58.0,64.0,76.60000000000001,100.0,39.130434782608695,13.043478260869565,1.5,2.0,3.5,4.800000000000001,90.87301587301587,0,0.0,2,8.695652173913047,True
TruckScenes,paired,0.5,50-75,vehicle.trailer,scene-3195e3bfd1de4f9ba82f874790c7856c-15,21,11,1,21,20,20,1,0,0,100.0,95.23809523809523,4.761904761904767,50.58792414975658,74.49317173479949,100.0,100.0,359.0,650.0,1235.0,1786.0,100.0,95.23809523809523,80.95238095238095,14.0,18.0,52.0,70.0,95.45454545454545,0,0.0,1,4.761904761904773,False
TruckScenes,paired,0.5,50-75,vehicle.trailer,scene-3f542f89ec5241b6a4e30ca743adcf34-29,44,16,1,44,44,44,0,0,0,100.0,100.0,0.0,50.428738055192,73.82726952448944,100.0,100.0,199.25,366.5,572.25,871.4,100.0,90.9090909090909,75.0,5.5,11.5,23.25,34.400000000000006,100.0,0,0.0,0,0.0,False
TruckScenes,paired,0.5,50-75,vehicle.trailer,scene-6be74229febb4aad9e7ae1a37217b231-4,4,1,1,4,3,3,1,0,0,100.0,75.0,25.0,61.822136145435536,74.67766873226978,100.0,100.0,8.75,10.0,11.0,11.0,100.0,25.0,0.0,0.75,1.0,1.75,3.1000000000000005,75.0,0,0.0,1,25.0,True
TruckScenes,paired,0.5,50-75,vehicle.trailer,scene-b13542304b244af585a646082c57a079-1,11,1,1,11,11,11,0,0,0,100.0,100.0,0.0,61.23312652394787,74.24774628495678,100.0,100.0,913.5,1617.0,2052.5,2313.0,100.0,100.0,100.0,45.5,59.0,71.0,76.0,100.0,0,0.0,0,0.0,True
TruckScenes,paired,0.5,50-75,vehicle.trailer,scene-b201f6e737e34c2d87830fc1e2911516-6,66,9,1,66,64,64,2,0,0,100.0,96.96969696969697,3.0303030303030276,50.02185062652864,74.90239144521745,100.0,100.0,72.0,217.0,517.75,779.0,100.0,81.81818181818183,57.57575757575758,3.0,8.5,15.0,19.0,92.59259259259258,0,0.0,2,3.030303030303031,False
TruckScenes,paired,0.5,50-75,vehicle.trailer,scene-fb64d203d417452f830ca73efed80c41-11,30,3,1,30,23,23,7,0,0,100.0,76.66666666666667,23.33333333333333,50.14210455237022,74.95481534942293,93.33333333333333,90.0,37.0,84.5,196.5,250.80000000000004,100.0,40.0,26.666666666666668,1.0,2.0,5.5,9.0,79.7979797979798,0,0.0,7,23.33333333333333,True
TruckScenes,paired,0.5,50-75,vehicle.truck,scene-0044384af3d8494e913fb8b14915239e-3,6,2,1,6,6,6,0,0,0,100.0,100.0,0.0,50.847603265553055,55.57918773068889,100.0,100.0,337.0,564.0,590.0,621.0,100.0,100.0,83.33333333333334,5.25,6.0,6.75,7.0,100.0,0,0.0,0,0.0,True
TruckScenes,paired,0.5,50-75,vehicle.truck,scene-13f4b71b1bd04a9e88747ad8f58a3f67-4,29,5,1,29,29,29,0,0,0,100.0,100.0,0.0,50.37162289591191,74.92818217134402,100.0,100.0,213.0,237.0,269.0,839.8,100.0,100.0,96.55172413793103,7.0,8.0,10.0,26.799999999999997,100.0,0,0.0,0,0.0,False
TruckScenes,paired,0.5,50-75,vehicle.truck,scene-23160c4bff134cdd86b96ee822b4aca9-14,34,3,1,34,32,32,2,0,0,100.0,94.11764705882352,5.882352941176472,51.069397063613216,74.95232131650849,100.0,97.05882352941177,73.75,132.5,176.0,300.9,100.0,55.88235294117647,38.23529411764706,2.0,3.0,6.0,8.0,92.80303030303031,0,0.0,2,5.882352941176478,True
TruckScenes,paired,0.5,50-75,vehicle.truck,scene-3195e3bfd1de4f9ba82f874790c7856c-15,17,10,1,17,17,17,0,0,0,100.0,100.0,0.0,50.22330440525987,74.3338564825272,100.0,100.0,128.0,230.0,838.0,1329.4,100.0,100.0,94.11764705882352,7.0,13.0,22.0,32.0,100.0,0,0.0,0,0.0,True
TruckScenes,paired,0.5,50-75,vehicle.truck,scene-3f542f89ec5241b6a4e30ca743adcf34-29,59,14,1,59,58,58,1,0,0,100.0,98.30508474576271,1.6949152542372836,50.01720124663485,74.90328472119829,100.0,100.0,215.0,459.0,666.5,1018.6000000000001,100.0,96.61016949152543,88.13559322033898,6.0,8.0,13.0,20.200000000000003,97.61904761904762,0,0.0,1,1.6949152542372872,False
TruckScenes,paired,0.5,50-75,vehicle.truck,scene-6be74229febb4aad9e7ae1a37217b231-4,5,1,1,5,5,5,0,0,0,100.0,100.0,0.0,55.27180045205497,72.46267621324813,100.0,100.0,299.0,341.0,379.0,418.6,100.0,60.0,20.0,2.0,3.0,4.0,4.6,100.0,0,0.0,0,0.0,True
TruckScenes,paired,0.5,50-75,vehicle.truck,scene-a6a87db5125846bda72ccfc9931ee153-11,6,1,1,6,6,6,0,0,0,100.0,100.0,0.0,53.73137105513217,71.90307723298739,100.0,100.0,90.5,102.0,143.5,176.0,100.0,100.0,83.33333333333334,5.0,5.0,5.75,7.0,100.0,0,0.0,0,0.0,True
TruckScenes,paired,0.5,50-75,vehicle.truck,scene-b13542304b244af585a646082c57a079-1,96,8,1,96,85,85,11,0,0,100.0,88.54166666666666,11.458333333333337,50.01642819599091,74.65022938593263,93.75,88.54166666666666,27.0,69.5,209.25,326.5,100.0,54.166666666666664,41.66666666666667,1.0,3.0,8.25,15.0,83.6038961038961,0,0.0,11,11.458333333333343,False
TruckScenes,paired,0.5,50-75,vehicle.truck,scene-b201f6e737e34c2d87830fc1e2911516-6,71,10,1,71,71,71,0,0,0,100.0,100.0,0.0,50.28258948751229,74.8488134565823,100.0,100.0,230.5,393.0,606.5,1067.0,100.0,98.59154929577466,97.1830985915493,7.0,9.0,12.0,18.0,100.0,0,0.0,0,0.0,False
TruckScenes,paired,0.5,50-75,vehicle.truck,scene-fb64d203d417452f830ca73efed80c41-11,12,2,1,12,12,12,0,0,0,100.0,100.0,0.0,51.09876400422835,73.34607620461115,100.0,100.0,259.5,399.5,488.0,584.9,100.0,100.0,91.66666666666666,7.0,10.5,12.5,14.0,100.0,0,0.0,0,0.0,True
TruckScenes,paired,0.5,75-100,animal,scene-23160c4bff134cdd86b96ee822b4aca9-14,4,1,1,4,1,1,3,0,0,100.0,25.0,75.0,77.50914801167352,94.97110526454708,75.0,25.0,2.5,3.5,4.75,6.1000000000000005,100.0,0.0,0.0,0.0,0.0,0.25,0.7000000000000002,25.0,0,0.0,3,75.0,True
TruckScenes,paired,0.5,75-100,human.pedestrian.adult,scene-23160c4bff134cdd86b96ee822b4aca9-14,24,5,1,24,9,9,15,0,0,100.0,37.5,62.5,76.85156626159944,99.16859936484907,83.33333333333334,66.66666666666666,3.0,6.5,11.0,14.7,100.0,0.0,0.0,0.0,0.0,1.0,2.0,26.666666666666668,0,0.0,15,62.5,False
TruckScenes,paired,0.5,75-100,human.pedestrian.adult,scene-a6a87db5125846bda72ccfc9931ee153-11,16,4,1,16,5,5,11,0,0,100.0,31.25,68.75,76.53441716574552,99.15374824327873,100.0,87.5,8.0,12.5,15.0,21.0,100.0,6.25,6.25,0.0,0.0,1.0,2.0,37.5,0,0.0,11,68.75,True
TruckScenes,paired,0.5,75-100,human.pedestrian.adult,scene-b13542304b244af585a646082c57a079-1,2,2,1,2,2,2,0,0,0,100.0,100.0,0.0,75.71902450081326,76.4982670120523,100.0,100.0,16.75,17.5,18.25,18.7,100.0,0.0,0.0,1.25,1.5,1.75,1.9,100.0,0,0.0,0,0.0,True
TruckScenes,paired,0.5,75-100,human.pedestrian.adult,scene-fb64d203d417452f830ca73efed80c41-11,10,1,1,10,8,8,2,0,0,100.0,80.0,19.999999999999996,75.80565980537473,98.22872273492973,100.0,100.0,22.75,26.0,27.75,30.5,100.0,0.0,0.0,1.0,1.0,1.0,1.0999999999999996,80.0,0,0.0,2,20.0,True
TruckScenes,paired,0.5,75-100,human.pedestrian.child,scene-23160c4bff134cdd86b96ee822b4aca9-14,2,1,1,2,1,1,1,0,0,100.0,50.0,50.0,75.30125723319784,78.203745561415,100.0,100.0,11.0,11.0,11.0,11.0,100.0,0.0,0.0,0.25,0.5,0.75,0.9,50.0,0,0.0,1,50.0,True
TruckScenes,paired,0.5,75-100,human.pedestrian.construction_worker,scene-3f542f89ec5241b6a4e30ca743adcf34-29,3,1,1,3,2,2,1,0,0,100.0,66.66666666666666,33.333333333333336,77.4477028220229,92.4812566322971,100.0,100.0,17.0,19.0,20.5,21.4,100.0,0.0,0.0,0.5,1.0,1.5,1.8,66.66666666666666,0,0.0,1,33.33333333333334,True
TruckScenes,paired,0.5,75-100,human.pedestrian.stroller,scene-23160c4bff134cdd86b96ee822b4aca9-14,8,1,1,8,6,6,2,0,0,100.0,75.0,25.0,77.34163006890107,99.6185042755843,100.0,100.0,15.75,19.0,21.25,22.9,100.0,12.5,0.0,0.75,1.0,2.0,2.3,75.0,0,0.0,2,25.0,True
TruckScenes,paired,0.5,75-100,movable_object.barrier,scene-3f542f89ec5241b6a4e30ca743adcf34-29,4,1,1,4,2,2,2,0,0,100.0,50.0,50.0,82.20885557788357,99.04084827219623,100.0,100.0,20.5,27.0,31.0,34.6,100.0,0.0,0.0,0.0,0.5,1.0,1.0,50.0,0,0.0,2,50.0,True
TruckScenes,paired,0.5,75-100,movable_object.trafficcone,scene-3195e3bfd1de4f9ba82f874790c7856c-15,7,2,1,7,1,1,6,0,0,100.0,14.285714285714285,85.71428571428572,76.12570075767648,99.57278772860617,100.0,100.0,6.5,9.0,11.5,13.200000000000001,100.0,0.0,0.0,0.0,0.0,0.0,0.40000000000000036,16.666666666666664,0,0.0,6,85.71428571428572,True
TruckScenes,paired,0.5,75-100,movable_object.trafficcone,scene-3f542f89ec5241b6a4e30ca743adcf34-29,101,39,1,101,31,31,70,0,0,100.0,30.693069306930692,69.3069306930693,75.17155454383575,99.9825185788663,93.06930693069307,83.16831683168317,6.0,14.0,25.0,30.0,100.0,0.0,0.0,0.0,0.0,1.0,1.0,26.153846153846157,0,0.0,70,69.3069306930693,False
TruckScenes,paired,0.5,75-100,static_object.traffic_sign,scene-13f4b71b1bd04a9e88747ad8f58a3f67-4,52,19,1,52,28,28,24,0,0,100.0,53.84615384615385,46.15384615384615,75.34101063943173,99.0826325540819,96.15384615384616,90.38461538461539,13.75,34.5,121.5,313.7,100.0,19.230769230769234,5.769230769230769,0.0,1.0,2.0,3.0,50.0,0,0.0,24,46.15384615384615,False
TruckScenes,paired,0.5,75-100,static_object.traffic_sign,scene-23160c4bff134cdd86b96ee822b4aca9-14,194,29,1,194,78,78,116,0,0,100.0,40.20618556701031,59.79381443298969,75.17212509796879,99.87675705551965,98.4536082474227,96.3917525773196,11.25,20.0,26.75,88.70000000000002,100.0,4.123711340206185,0.0,0.0,0.0,1.0,2.0,44.426977687626774,0,0.0,116,59.79381443298969,False
TruckScenes,paired,0.5,75-100,static_object.traffic_sign,scene-3195e3bfd1de4f9ba82f874790c7856c-15,33,10,1,33,23,23,10,0,0,100.0,69.6969696969697,30.303030303030297,75.16833955124319,98.74598045372568,100.0,96.96969696969697,23.0,47.0,152.0,326.4000000000001,100.0,12.121212121212121,3.0303030303030303,0.0,1.0,2.0,2.8000000000000007,71.50000000000001,0,0.0,10,30.303030303030297,False
TruckScenes,paired,0.5,75-100,static_object.traffic_sign,scene-3f542f89ec5241b6a4e30ca743adcf34-29,94,22,1,94,62,62,32,0,0,100.0,65.95744680851064,34.04255319148937,75.08956964327474,99.90660891061775,98.93617021276596,97.87234042553192,18.0,35.0,69.25,137.8,100.0,19.148936170212767,4.25531914893617,0.0,1.0,2.0,3.0,70.3030303030303,0,0.0,32,34.04255319148936,False
TruckScenes,paired,0.5,75-100,static_object.traffic_sign,scene-a6a87db5125846bda72ccfc9931ee153-11,183,28,1,183,102,102,81,0,0,100.0,55.73770491803278,44.26229508196722,75.06674354208533,99.88088067839178,95.62841530054644,92.89617486338798,11.0,20.0,41.0,70.40000000000003,100.0,18.579234972677597,0.546448087431694,0.0,1.0,2.0,3.0,53.39710884353741,0,0.0,81,44.26229508196722,False
TruckScenes,paired,0.5,75-100,static_object.traffic_sign,scene-b201f6e737e34c2d87830fc1e2911516-6,58,8,1,58,40,40,18,0,0,100.0,68.96551724137932,31.034482758620683,75.32538977883188,99.41261640726239,100.0,94.82758620689656,13.5,50.0,91.5,543.1,100.0,31.03448275862069,18.96551724137931,0.0,1.0,3.0,11.0,68.52678571428572,0,0.0,18,31.034482758620683,False
TruckScenes,paired,0.5,75-100,static_object.traffic_sign,scene-fb64d203d417452f830ca73efed80c41-11,238,21,1,238,159,159,79,0,0,100.0,66.80672268907563,33.19327731092437,75.2595384568814,99.85732800147464,98.73949579831933,95.37815126050421,14.0,25.0,47.0,133.60000000000002,100.0,15.546218487394958,4.201680672268908,0.0,1.0,2.0,3.0,64.86236227611725,0,0.0,79,33.19327731092437,False
TruckScenes,paired,0.5,75-100,vehicle.bicycle,scene-23160c4bff134cdd86b96ee822b4aca9-14,4,1,1,4,1,1,3,0,0,100.0,25.0,75.0,77.3641803725197,94.50926254630117,100.0,100.0,11.75,12.5,16.0,21.400000000000002,100.0,0.0,0.0,0.0,0.0,0.25,0.7000000000000002,25.0,0,0.0,3,75.0,True
TruckScenes,paired,0.5,75-100,vehicle.bicycle,scene-b13542304b244af585a646082c57a079-1,4,1,1,4,0,0,4,0,0,100.0,0.0,100.0,75.12164640849626,82.11497517095857,100.0,75.0,11.5,15.5,19.5,24.0,100.0,0.0,0.0,0.0,0.0,0.0,0.0,0.0,0,0.0,4,100.0,True
TruckScenes,paired,0.5,75-100,vehicle.bus.rigid,scene-3195e3bfd1de4f9ba82f874790c7856c-15,9,1,1,9,9,9,0,0,0,100.0,100.0,0.0,81.29157761842744,98.41536598900674,100.0,100.0,285.0,314.0,351.0,376.8,100.0,100.0,100.0,9.0,10.0,12.0,12.600000000000001,100.0,0,0.0,0,0.0,True
TruckScenes,paired,0.5,75-100,vehicle.bus.rigid,scene-b13542304b244af585a646082c57a079-1,26,1,1,26,26,26,0,0,0,100.0,100.0,0.0,85.37299771189943,86.74931070757327,100.0,100.0,32.0,59.5,104.75,117.5,100.0,76.92307692307693,42.30769230769231,3.0,4.0,7.5,13.0,100.0,0,0.0,0,0.0,True
TruckScenes,paired,0.5,75-100,vehicle.bus.rigid,scene-b201f6e737e34c2d87830fc1e2911516-6,4,1,1,4,4,4,0,0,0,100.0,100.0,0.0,78.47333237710056,93.64556694148926,100.0,100.0,87.25,99.0,148.75,223.90000000000003,100.0,75.0,75.0,4.75,6.5,7.25,7.7,100.0,0,0.0,0,0.0,True
TruckScenes,paired,0.5,75-100,vehicle.car,scene-0044384af3d8494e913fb8b14915239e-3,3,1,1,3,3,3,0,0,0,100.0,100.0,0.0,76.63118923598488,79.59537486283884,100.0,100.0,83.0,83.0,88.5,91.8,100.0,0.0,0.0,1.0,1.0,1.0,1.0,100.0,0,0.0,0,0.0,True
TruckScenes,paired,0.5,75-100,vehicle.car,scene-13f4b71b1bd04a9e88747ad8f58a3f67-4,83,26,1,83,54,54,29,0,0,100.0,65.06024096385542,34.93975903614458,75.20232234683708,99.77529485791274,100.0,100.0,23.0,34.0,73.0,102.0,100.0,22.89156626506024,1.2048192771084338,0.0,1.0,2.0,4.0,68.9423076923077,0,0.0,29,34.93975903614458,False
TruckScenes,paired,0.5,75-100,vehicle.car,scene-23160c4bff134cdd86b96ee822b4aca9-14,499,60,1,499,174,174,325,0,0,100.0,34.86973947895792,65.13026052104209,75.02018943158123,99.89025688341799,82.36472945891784,67.33466933867736,3.0,9.0,19.5,36.19999999999999,100.0,4.809619238476954,0.4008016032064128,0.0,0.0,1.0,2.0,38.707995707995714,0,0.0,325,65.13026052104209,False
TruckScenes,paired,0.5,75-100,vehicle.car,scene-3195e3bfd1de4f9ba82f874790c7856c-15,71,27,1,71,53,53,18,0,0,100.0,74.64788732394366,25.352112676056336,76.6034255664656,99.8979432938211,97.1830985915493,94.36619718309859,15.0,25.0,56.0,90.0,100.0,26.76056338028169,8.450704225352112,0.5,1.0,3.0,4.0,66.01851851851852,0,0.0,18,25.352112676056336,False
TruckScenes,paired,0.5,75-100,vehicle.car,scene-3f542f89ec5241b6a4e30ca743adcf34-29,91,33,1,91,65,65,26,0,0,100.0,71.42857142857143,28.57142857142857,75.44363562399072,99.54918032924664,96.7032967032967,92.3076923076923,15.0,30.0,69.0,105.0,100.0,26.373626373626376,6.593406593406594,0.0,1.0,3.0,4.0,74.02597402597402,0,0.0,26,28.57142857142857,False
TruckScenes,paired,0.5,75-100,vehicle.car,scene-a6a87db5125846bda72ccfc9931ee153-11,367,63,1,367,265,265,102,0,0,100.0,72.20708446866485,27.79291553133515,75.01523283281334,99.98738501470419,97.54768392370572,94.00544959128065,11.0,27.0,46.0,71.40000000000003,100.0,36.51226158038147,10.626702997275205,0.0,2.0,3.0,5.0,66.5410779696494,0,0.0,102,27.792915531335154,False
TruckScenes,paired,0.5,75-100,vehicle.car,scene-b13542304b244af585a646082c57a079-1,84,13,1,84,80,80,4,0,0,100.0,95.23809523809523,4.761904761904767,75.00079581872598,99.78857245520511,96.42857142857143,91.66666666666666,9.0,16.0,29.0,41.400000000000006,100.0,57.14285714285714,20.238095238095237,1.0,3.0,4.0,5.700000000000003,88.43101343101344,0,0.0,4,4.761904761904773,False
TruckScenes,paired,0.5,75-100,vehicle.car,scene-b201f6e737e34c2d87830fc1e2911516-6,415,54,1,415,256,256,159,0,0,100.0,61.686746987951814,38.313253012048186,75.05483680432471,99.97195856877623,91.80722891566265,79.27710843373494,6.0,14.0,29.0,75.20000000000005,100.0,15.66265060240964,4.819277108433735,0.0,1.0,2.0,3.0,56.671956321069786,0,0.0,159,38.313253012048186,False
TruckScenes,paired,0.5,75-100,vehicle.car,scene-fb64d203d417452f830ca73efed80c41-11,327,60,1,327,257,257,70,0,0,100.0,78.59327217125383,21.406727828746174,75.01210196259308,99.9677801767924,93.57798165137615,88.37920489296636,10.0,25.0,49.5,72.0,100.0,28.440366972477065,8.56269113149847,1.0,2.0,3.0,4.0,79.1244634994635,0,0.0,70,21.40672782874617,False
TruckScenes,paired,0.5,75-100,vehicle.construction,scene-3f542f89ec5241b6a4e30ca743adcf34-29,7,2,1,7,7,7,0,0,0,100.0,100.0,0.0,78.74839067491237,97.10520961958358,100.0,100.0,92.5,113.0,283.0,343.0,100.0,85.71428571428571,42.857142857142854,3.5,4.0,10.5,12.0,100.0,0,0.0,0,0.0,True
TruckScenes,paired,0.5,75-100,vehicle.motorcycle,scene-13f4b71b1bd04a9e88747ad8f58a3f67-4,6,1,1,6,5,5,1,0,0,100.0,83.33333333333334,16.666666666666664,76.77557203357635,98.52977877825651,100.0,100.0,36.25,40.5,45.5,50.0,100.0,0.0,0.0,1.0,1.0,1.75,2.0,83.33333333333334,0,0.0,1,16.666666666666657,True
TruckScenes,paired,0.5,75-100,vehicle.motorcycle,scene-a6a87db5125846bda72ccfc9931ee153-11,8,1,1,8,6,6,2,0,0,100.0,75.0,25.0,77.31160385962372,98.91914264580726,100.0,100.0,37.0,42.5,44.5,53.8,100.0,0.0,0.0,0.75,1.5,2.0,2.0,75.0,0,0.0,2,25.0,True
TruckScenes,paired,0.5,75-100,vehicle.other,scene-3195e3bfd1de4f9ba82f874790c7856c-15,3,1,1,3,2,2,1,0,0,100.0,66.66666666666666,33.333333333333336,81.92097501827408,93.04559334189926,100.0,100.0,81.0,94.0,109.5,118.8,100.0,66.66666666666666,0.0,1.5,3.0,3.5,3.8,66.66666666666666,0,0.0,1,33.33333333333334,True
TruckScenes,paired,0.5,75-100,vehicle.trailer,scene-13f4b71b1bd04a9e88747ad8f58a3f67-4,6,4,1,6,6,6,0,0,0,100.0,100.0,0.0,83.95909955748235,96.42982017698247,100.0,100.0,222.0,280.5,342.0,384.0,100.0,100.0,83.33333333333334,11.25,14.5,19.25,22.5,100.0,0,0.0,0,0.0,True
TruckScenes,paired,0.5,75-100,vehicle.trailer,scene-23160c4bff134cdd86b96ee822b4aca9-14,11,1,1,11,11,11,0,0,0,100.0,100.0,0.0,75.9426127277565,87.1665561362703,100.0,100.0,21.0,25.0,31.5,44.0,100.0,45.45454545454545,36.36363636363637,2.0,2.0,5.5,6.0,100.0,0,0.0,0,0.0,True
TruckScenes,paired,0.5,75-100,vehicle.trailer,scene-3195e3bfd1de4f9ba82f874790c7856c-15,18,11,1,18,18,18,0,0,0,100.0,100.0,0.0,75.3320393982216,98.99847818690311,100.0,100.0,180.25,230.5,367.0,496.6,100.0,88.88888888888889,83.33333333333334,8.0,11.5,22.0,25.800000000000004,100.0,0,0.0,0,0.0,True
TruckScenes,paired,0.5,75-100,vehicle.trailer,scene-3f542f89ec5241b6a4e30ca743adcf34-29,47,18,1,47,42,42,5,0,0,100.0,89.36170212765957,10.63829787234043,75.29473877166481,99.93109762866102,100.0,97.87234042553192,47.0,113.0,198.5,238.59999999999997,100.0,74.46808510638297,51.06382978723404,2.5,5.0,9.0,13.399999999999999,89.35185185185185,0,0.0,5,10.63829787234043,False
TruckScenes,paired,0.5,75-100,vehicle.trailer,scene-6be74229febb4aad9e7ae1a37217b231-4,4,1,1,4,4,4,0,0,0,100.0,100.0,0.0,79.20079660168261,92.73270215990007,75.0,50.0,3.5,4.5,5.5,6.4,100.0,25.0,0.0,1.0,1.5,2.5,3.4000000000000004,100.0,0,0.0,0,0.0,True
TruckScenes,paired,0.5,75-100,vehicle.trailer,scene-b13542304b244af585a646082c57a079-1,5,1,1,5,5,5,0,0,0,100.0,100.0,0.0,77.78874762689384,95.50300809086141,100.0,100.0,25.0,44.0,58.0,69.4,100.0,80.0,80.0,6.0,6.0,10.0,13.0,100.0,0,0.0,0,0.0,True
TruckScenes,paired,0.5,75-100,vehicle.trailer,scene-b201f6e737e34c2d87830fc1e2911516-6,29,8,1,29,24,24,5,0,0,100.0,82.75862068965517,17.24137931034483,75.31530923762395,99.99549439560867,100.0,93.10344827586206,37.0,117.0,185.0,394.79999999999995,100.0,68.96551724137932,68.96551724137932,2.0,8.0,11.0,15.2,68.75,0,0.0,5,17.241379310344826,False
TruckScenes,paired,0.5,75-100,vehicle.trailer,scene-fb64d203d417452f830ca73efed80c41-11,21,3,1,21,19,19,2,0,0,100.0,90.47619047619048,9.523809523809524,75.03752028240139,98.16814316221743,100.0,100.0,58.0,70.0,88.0,117.0,100.0,38.095238095238095,14.285714285714285,1.0,2.0,3.0,5.0,90.0,0,0.0,2,9.523809523809518,True
TruckScenes,paired,0.5,75-100,vehicle.truck,scene-13f4b71b1bd04a9e88747ad8f58a3f67-4,23,5,1,23,23,23,0,0,0,100.0,100.0,0.0,75.83794541901845,98.96259396215889,100.0,100.0,160.5,171.0,191.5,402.8000000000002,100.0,100.0,91.30434782608695,7.0,8.0,9.5,10.0,100.0,0,0.0,0,0.0,False
TruckScenes,paired,0.5,75-100,vehicle.truck,scene-23160c4bff134cdd86b96ee822b4aca9-14,29,3,1,29,29,29,0,0,0,100.0,100.0,0.0,75.3070700385701,99.40604590429331,100.0,100.0,35.0,151.0,296.0,364.6,100.0,82.75862068965517,55.172413793103445,3.0,5.0,7.0,11.0,100.0,0,0.0,0,0.0,True
TruckScenes,paired,0.5,75-100,vehicle.truck,scene-3195e3bfd1de4f9ba82f874790c7856c-15,43,12,1,43,41,41,2,0,0,100.0,95.34883720930233,4.651162790697672,76.44181789044646,99.35722899574844,100.0,90.69767441860465,20.0,26.0,72.5,360.40000000000003,100.0,67.44186046511628,30.23255813953488,2.0,3.0,5.0,10.0,98.6764705882353,0,0.0,2,4.6511627906976685,False
TruckScenes,paired,0.5,75-100,vehicle.truck,scene-3f542f89ec5241b6a4e30ca743adcf34-29,93,16,1,93,92,92,1,0,0,100.0,98.9247311827957,1.0752688172043001,75.05686799891917,99.92717227731936,100.0,100.0,49.0,72.0,392.0,409.8,100.0,91.39784946236558,67.74193548387096,4.0,5.0,8.0,11.799999999999997,93.75,0,0.0,1,1.0752688172043037,False
TruckScenes,paired,0.5,75-100,vehicle.truck,scene-6be74229febb4aad9e7ae1a37217b231-4,6,1,1,6,6,6,0,0,0,100.0,100.0,0.0,76.80044607705331,99.65482861422107,100.0,100.0,131.25,155.0,186.25,205.5,100.0,66.66666666666666,0.0,2.25,3.0,3.0,3.5,100.0,0,0.0,0,0.0,True
TruckScenes,paired,0.5,75-100,vehicle.truck,scene-a6a87db5125846bda72ccfc9931ee153-11,14,2,1,14,13,13,1,0,0,100.0,92.85714285714286,7.14285714285714,75.09323835261173,98.20502332807462,92.85714285714286,92.85714285714286,40.0,51.0,64.5,172.8000000000001,100.0,71.42857142857143,35.714285714285715,2.25,3.5,7.0,14.200000000000006,90.0,0,0.0,1,7.142857142857139,True
TruckScenes,paired,0.5,75-100,vehicle.truck,scene-b13542304b244af585a646082c57a079-1,32,5,1,32,29,29,3,0,0,100.0,90.625,9.375,75.0643524135287,98.84539359150212,96.875,90.625,45.75,97.5,108.5,117.7,100.0,81.25,46.875,3.0,4.0,8.0,10.900000000000002,85.0,0,0.0,3,9.375,False
TruckScenes,paired,0.5,75-100,vehicle.truck,scene-b201f6e737e34c2d87830fc1e2911516-6,23,8,1,23,22,22,1,0,0,100.0,95.65217391304348,4.347826086956519,75.86212746855901,99.72258471411753,100.0,100.0,141.0,218.0,346.0,393.20000000000005,100.0,82.6086956521739,73.91304347826086,4.5,8.0,10.5,12.8,95.83333333333333,0,0.0,1,4.347826086956516,False
TruckScenes,paired,0.5,75-100,vehicle.truck,scene-fb64d203d417452f830ca73efed80c41-11,8,1,1,8,8,8,0,0,0,100.0,100.0,0.0,77.12499473951841,98.43011944989514,100.0,100.0,47.25,63.5,94.25,114.8,100.0,87.5,87.5,5.0,6.0,9.75,12.6,100.0,0,0.0,0,0.0,True
TruckScenes,paired,0.5,100-150,animal,scene-23160c4bff134cdd86b96ee822b4aca9-14,3,1,1,3,2,2,1,0,0,100.0,66.66666666666666,33.333333333333336,100.44430799804785,117.74985868321315,0.0,0.0,1.0,1.0,1.5,1.8,100.0,0.0,0.0,0.5,1.0,1.0,1.0,66.66666666666666,0,0.0,1,33.33333333333334,True
TruckScenes,paired,0.5,100-150,human.pedestrian.adult,scene-23160c4bff134cdd86b96ee822b4aca9-14,84,9,1,84,2,2,82,0,0,100.0,2.380952380952381,97.61904761904762,100.08172428127371,145.57286485667052,64.28571428571429,36.904761904761905,2.0,3.0,5.25,7.700000000000003,100.0,0.0,0.0,0.0,0.0,0.0,0.0,2.6234567901234565,0,0.0,82,97.61904761904762,False
TruckScenes,paired,0.5,100-150,human.pedestrian.adult,scene-a6a87db5125846bda72ccfc9931ee153-11,13,3,1,13,2,2,11,0,0,100.0,15.384615384615385,84.61538461538461,100.3332366307338,134.1476059814467,92.3076923076923,61.53846153846154,4.0,7.0,15.0,20.800000000000004,100.0,15.384615384615385,7.6923076923076925,0.0,0.0,0.0,2.400000000000002,22.22222222222222,0,0.0,11,84.61538461538461,True
TruckScenes,paired,0.5,100-150,human.pedestrian.adult,scene-fb64d203d417452f830ca73efed80c41-11,12,1,1,12,2,2,10,0,0,100.0,16.666666666666664,83.33333333333334,100.15516067277679,121.36307460045074,91.66666666666666,91.66666666666666,8.75,13.5,19.25,20.0,100.0,0.0,0.0,0.0,0.0,0.0,0.9000000000000004,16.666666666666664,0,0.0,10,83.33333333333334,True
TruckScenes,paired,0.5,100-150,human.pedestrian.construction_worker,scene-3f542f89ec5241b6a4e30ca743adcf34-29,6,1,1,6,5,5,1,0,0,100.0,83.33333333333334,16.666666666666664,100.24382602387756,147.39538134390233,100.0,100.0,10.0,11.0,12.75,14.0,100.0,16.666666666666664,0.0,1.0,1.0,1.75,2.5,83.33333333333334,0,0.0,1,16.666666666666657,True
TruckScenes,paired,0.5,100-150,human.pedestrian.stroller,scene-23160c4bff134cdd86b96ee822b4aca9-14,6,1,1,6,4,4,2,0,0,100.0,66.66666666666666,33.333333333333336,103.07302909921951,122.20962941244964,100.0,66.66666666666666,4.5,9.5,13.0,14.5,100.0,0.0,0.0,0.25,1.0,1.0,1.0,66.66666666666666,0,0.0,2,33.33333333333334,True
TruckScenes,paired,0.5,100-150,movable_object.barrier,scene-3f542f89ec5241b6a4e30ca743adcf34-29,7,1,1,7,4,4,3,0,0,100.0,57.14285714285714,42.85714285714286,108.09880185061658,149.36710809144014,85.71428571428571,71.42857142857143,4.0,5.0,8.0,9.8,100.0,42.857142857142854,0.0,0.0,2.0,3.0,3.0,57.14285714285714,0,0.0,3,42.85714285714286,True
TruckScenes,paired,0.5,100-150,movable_object.trafficcone,scene-3195e3bfd1de4f9ba82f874790c7856c-15,6,2,1,6,0,0,6,0,0,100.0,0.0,100.0,108.897196928093,134.21503539709116,100.0,66.66666666666666,4.25,5.0,5.75,6.5,100.0,0.0,0.0,0.0,0.0,0.0,0.0,0.0,0,0.0,6,100.0,True
TruckScenes,paired,0.5,100-150,movable_object.trafficcone,scene-3f542f89ec5241b6a4e30ca743adcf34-29,185,47,1,185,30,30,155,0,0,100.0,16.216216216216218,83.78378378378379,100.17272583494284,149.83532562934755,87.56756756756758,77.83783783783784,5.0,8.0,14.0,20.0,100.0,0.0,0.0,0.0,0.0,0.0,1.0,15.729483282674773,0,0.0,155,83.78378378378378,False
TruckScenes,paired,0.5,100-150,static_object.traffic_sign,scene-13f4b71b1bd04a9e88747ad8f58a3f67-4,81,19,1,81,36,36,45,0,0,100.0,44.44444444444444,55.55555555555556,100.09659887214283,149.6038165171293,95.06172839506173,93.82716049382715,14.0,23.0,103.0,198.0,100.0,11.11111111111111,0.0,0.0,0.0,1.0,3.0,46.578947368421055,0,0.0,45,55.55555555555556,False
TruckScenes,paired,0.5,100-150,static_object.traffic_sign,scene-23160c4bff134cdd86b96ee822b4aca9-14,200,17,1,200,75,75,125,0,0,100.0,37.5,62.5,100.01257789779538,149.7432345818622,93.0,88.5,8.0,16.0,37.25,69.1,100.0,6.5,0.5,0.0,0.0,1.0,2.0,26.68255763843999,0,0.0,125,62.5,False
TruckScenes,paired,0.5,100-150,static_object.traffic_sign,scene-3195e3bfd1de4f9ba82f874790c7856c-15,58,10,1,58,31,31,27,0,0,100.0,53.44827586206896,46.55172413793104,101.83603265437418,148.76189272925194,100.0,91.37931034482759,13.0,30.5,98.0,149.3,100.0,8.620689655172415,0.0,0.0,1.0,1.0,2.0,53.75,0,0.0,27,46.55172413793104,False
TruckScenes,paired,0.5,100-150,static_object.traffic_sign,scene-3f542f89ec5241b6a4e30ca743adcf34-29,144,22,1,144,70,70,74,0,0,100.0,48.61111111111111,51.388888888888886,101.40656179144283,149.98500524582585,95.13888888888889,89.58333333333334,10.0,16.0,29.25,53.400000000000034,100.0,6.944444444444445,3.4722222222222223,0.0,0.0,1.0,2.0,52.038075560802845,0,0.0,74,51.38888888888889,False
TruckScenes,paired,0.5,100-150,static_object.traffic_sign,scene-a6a87db5125846bda72ccfc9931ee153-11,128,19,1,128,48,48,80,0,0,100.0,37.5,62.5,100.35150006455272,147.88738704389712,94.53125,90.625,7.0,12.0,19.0,41.599999999999994,100.0,5.46875,0.0,0.0,0.0,1.0,2.0,38.58371418742936,0,0.0,80,62.5,False
TruckScenes,paired,0.5,100-150,static_object.traffic_sign,scene-b201f6e737e34c2d87830fc1e2911516-6,83,7,1,83,46,46,37,0,0,100.0,55.42168674698795,44.57831325301205,100.12546938814904,149.5136411210933,92.7710843373494,89.1566265060241,9.0,25.0,44.0,372.3999999999999,100.0,27.710843373493976,18.072289156626507,0.0,1.0,3.0,5.799999999999997,54.848484848484844,0,0.0,37,44.57831325301205,False
TruckScenes,paired,0.5,100-150,static_object.traffic_sign,scene-fb64d203d417452f830ca73efed80c41-11,183,13,1,183,81,81,102,0,0,100.0,44.26229508196721,55.73770491803278,100.13131453436058,149.47299310332593,93.98907103825137,87.43169398907104,8.0,18.0,46.5,70.60000000000002,100.0,5.46448087431694,0.546448087431694,0.0,0.0,1.0,2.0,38.50642829732232,0,0.0,102,55.73770491803279,False
TruckScenes,paired,0.5,100-150,vehicle.bicycle,scene-23160c4bff134cdd86b96ee822b4aca9-14,7,1,1,7,4,4,3,0,0,100.0,57.14285714285714,42.85714285714286,100.27061144215484,135.14610743255753,85.71428571428571,85.71428571428571,5.5,7.0,7.0,8.200000000000001,100.0,0.0,0.0,0.0,1.0,1.0,1.4000000000000004,57.14285714285714,0,0.0,3,42.85714285714286,True
TruckScenes,paired,0.5,100-150,vehicle.bus.rigid,scene-3195e3bfd1de4f9ba82f874790c7856c-15,24,1,1,24,24,24,0,0,0,100.0,100.0,0.0,100.53735197903477,149.3429305914152,100.0,100.0,104.25,126.0,171.5,209.2,100.0,91.66666666666666,50.0,3.0,4.5,6.0,7.699999999999999,100.0,0,0.0,0,0.0,True
TruckScenes,paired,0.5,100-150,vehicle.bus.rigid,scene-b201f6e737e34c2d87830fc1e2911516-6,6,1,1,6,4,4,2,0,0,100.0,66.66666666666666,33.333333333333336,106.25560041217315,147.60545362432572,100.0,100.0,29.75,41.5,53.25,92.5,100.0,33.33333333333333,16.666666666666664,0.25,1.5,3.5,6.0,66.66666666666666,0,0.0,2,33.33333333333334,True
TruckScenes,paired,0.5,100-150,vehicle.car,scene-13f4b71b1bd04a9e88747ad8f58a3f67-4,153,29,1,153,92,92,61,0,0,100.0,60.130718954248366,39.869281045751634,100.03064606760363,148.38503828196804,97.38562091503267,90.84967320261438,8.0,15.0,43.0,58.0,100.0,11.11111111111111,1.9607843137254901,0.0,1.0,2.0,3.0,52.41174055829229,0,0.0,61,39.869281045751634,False
TruckScenes,paired,0.5,100-150,vehicle.car,scene-23160c4bff134cdd86b96ee822b4aca9-14,444,52,1,443,108,108,335,0,1,99.77477477477478,24.324324324324326,75.45045045045045,100.23526015058842,149.9563203838877,70.94594594594594,48.873873873873876,2.0,4.0,10.0,16.69999999999999,99.72527472527474,2.4774774774774775,0.22522522522522523,0.0,0.0,0.0,1.0,21.17476456292246,1,0.22522522522521626,336,75.67567567567568,False
TruckScenes,paired,0.5,100-150,vehicle.car,scene-3195e3bfd1de4f9ba82f874790c7856c-15,182,34,1,182,90,90,92,0,0,100.0,49.45054945054945,50.54945054945055,100.31750499372072,149.99902983471054,97.8021978021978,93.95604395604396,7.0,11.5,25.0,38.0,100.0,4.945054945054945,1.6483516483516485,0.0,0.0,1.0,2.0,33.331478210370946,0,0.0,92,50.54945054945055,False
TruckScenes,paired,0.5,100-150,vehicle.car,scene-3f542f89ec5241b6a4e30ca743adcf34-29,201,33,1,201,116,116,85,0,0,100.0,57.711442786069654,42.288557213930346,100.28667123321456,149.9520758789369,98.00995024875621,91.54228855721394,8.0,12.0,21.0,41.0,100.0,10.945273631840797,1.9900497512437811,0.0,1.0,2.0,3.0,53.68801524928006,0,0.0,85,42.288557213930346,False
TruckScenes,paired,0.5,100-150,vehicle.car,scene-a6a87db5125846bda72ccfc9931ee153-11,455,53,1,454,246,245,209,1,0,99.78021978021978,54.065934065934066,45.714285714285715,100.00365658377392,149.68834680343176,87.03296703296704,74.94505494505495,4.5,12.0,23.0,34.0,99.85486211901305,16.483516483516482,1.9780219780219779,0.0,1.0,2.0,3.0,49.78428341913358,1,0.219780219780219,209,45.934065934065934,False
TruckScenes,paired,0.5,100-150,vehicle.car,scene-b13542304b244af585a646082c57a079-1,24,10,1,24,13,13,11,0,0,100.0,54.166666666666664,45.833333333333336,100.77537085814467,131.48698528202783,75.0,62.5,3.5,5.0,8.25,11.7,100.0,4.166666666666666,0.0,0.0,1.0,2.0,2.0,59.16666666666666,0,0.0,11,45.833333333333336,False
TruckScenes,paired,0.5,100-150,vehicle.car,scene-b201f6e737e34c2d87830fc1e2911516-6,535,53,1,533,210,210,323,0,2,99.62616822429906,39.25233644859813,60.37383177570093,100.04841349637125,149.82679337663822,87.10280373831776,70.09345794392523,4.0,7.0,14.5,28.0,99.64521851314304,7.476635514018691,1.3084112149532712,0.0,0.0,1.0,2.0,32.330901048228704,2,0.3738317757009355,325,60.74766355140187,False
TruckScenes,paired,0.5,100-150,vehicle.car,scene-fb64d203d417452f830ca73efed80c41-11,502,71,1,501,257,257,244,0,1,99.800796812749,51.19521912350598,48.60557768924303,100.114216461117,149.9794794356648,84.26294820717132,69.9203187250996,4.0,9.0,20.0,41.900000000000034,99.91714995857498,11.155378486055776,2.3904382470119523,0.0,1.0,2.0,3.0,48.22733269056349,1,0.19920318725100117,245,48.80478087649402,False
TruckScenes,paired,0.5,100-150,vehicle.construction,scene-3f542f89ec5241b6a4e30ca743adcf34-29,15,2,1,15,14,14,1,0,0,100.0,93.33333333333333,6.666666666666665,103.88893173254276,147.9558286055628,100.0,100.0,37.5,46.0,87.0,155.79999999999998,100.0,73.33333333333333,20.0,2.5,3.0,4.0,7.6,91.66666666666667,0,0.0,1,6.666666666666671,True
TruckScenes,paired,0.5,100-150,vehicle.motorcycle,scene-13f4b71b1bd04a9e88747ad8f58a3f67-4,7,1,1,7,7,7,0,0,0,100.0,100.0,0.0,102.93483564831305,132.83598688264973,100.0,100.0,17.0,22.0,26.0,26.8,100.0,0.0,0.0,1.0,1.0,2.0,2.0,100.0,0,0.0,0,0.0,True
TruckScenes,paired,0.5,100-150,vehicle.motorcycle,scene-a6a87db5125846bda72ccfc9931ee153-11,16,1,1,16,8,8,8,0,0,100.0,50.0,50.0,101.61046799081518,148.97082165358046,100.0,100.0,17.75,20.0,26.0,27.5,100.0,0.0,0.0,0.0,0.5,1.0,1.0,50.0,0,0.0,8,50.0,True
TruckScenes,paired,0.5,100-150,vehicle.other,scene-3195e3bfd1de4f9ba82f874790c7856c-15,7,1,1,7,6,6,1,0,0,100.0,85.71428571428571,14.28571428571429,104.34754846657168,139.42176872710104,100.0,100.0,33.0,38.0,76.0,102.4,100.0,14.285714285714285,14.285714285714285,1.0,1.0,2.0,3.6000000000000014,85.71428571428571,0,0.0,1,14.285714285714292,True
TruckScenes,paired,0.5,100-150,vehicle.trailer,scene-13f4b71b1bd04a9e88747ad8f58a3f67-4,10,4,1,10,8,8,2,0,0,100.0,80.0,19.999999999999996,112.52370279690938,143.73919008821923,100.0,100.0,51.75,95.5,117.5,197.2,100.0,70.0,60.0,2.25,6.5,10.5,12.899999999999997,75.0,0,0.0,2,20.0,True
TruckScenes,paired,0.5,100-150,vehicle.trailer,scene-3195e3bfd1de4f9ba82f874790c7856c-15,37,12,1,37,31,31,6,0,0,100.0,83.78378378378379,16.216216216216218,100.5021233540803,147.41377675088836,97.2972972972973,94.5945945945946,35.0,61.0,100.0,133.0,100.0,75.67567567567568,70.27027027027027,3.0,7.0,10.0,11.0,83.33333333333334,0,0.0,6,16.21621621621621,False
TruckScenes,paired,0.5,100-150,vehicle.trailer,scene-3f542f89ec5241b6a4e30ca743adcf34-29,102,20,1,102,90,90,12,0,0,100.0,88.23529411764706,11.764705882352944,100.81158790032835,149.832707819408,100.0,100.0,26.0,35.5,61.0,91.60000000000002,100.0,53.92156862745098,28.431372549019606,1.0,3.0,5.0,7.900000000000006,84.14102564102564,0,0.0,12,11.764705882352942,False
TruckScenes,paired,0.5,100-150,vehicle.trailer,scene-b13542304b244af585a646082c57a079-1,10,1,1,10,9,9,1,0,0,100.0,90.0,9.999999999999998,100.79024993114085,145.74322209002233,100.0,100.0,25.25,28.5,37.75,44.5,100.0,70.0,40.0,2.25,3.5,7.5,13.1,90.0,0,0.0,1,10.0,True
TruckScenes,paired,0.5,100-150,vehicle.trailer,scene-b201f6e737e34c2d87830fc1e2911516-6,26,7,1,26,12,12,14,0,0,100.0,46.15384615384615,53.84615384615385,103.6972301036985,145.21314663119983,84.61538461538461,80.76923076923077,6.5,19.5,57.0,99.0,100.0,26.923076923076923,15.384615384615385,0.0,0.0,2.75,6.0,41.07142857142857,0,0.0,14,53.84615384615385,False
TruckScenes,paired,0.5,100-150,vehicle.trailer,scene-fb64d203d417452f830ca73efed80c41-11,21,1,1,21,14,14,7,0,0,100.0,66.66666666666666,33.333333333333336,100.1584917497393,133.86464531357464,100.0,100.0,11.0,18.0,26.0,40.0,100.0,19.047619047619047,14.285714285714285,0.0,1.0,2.0,5.0,66.66666666666666,0,0.0,7,33.33333333333334,True
TruckScenes,paired,0.5,100-150,vehicle.truck,scene-13f4b71b1bd04a9e88747ad8f58a3f67-4,9,4,1,9,8,8,1,0,0,100.0,88.88888888888889,11.111111111111116,107.19003190483224,144.30011627719327,100.0,88.88888888888889,45.0,161.0,264.0,269.2,100.0,66.66666666666666,55.55555555555556,2.0,5.0,7.0,12.0,93.75,0,0.0,1,11.111111111111114,True
TruckScenes,paired,0.5,100-150,vehicle.truck,scene-23160c4bff134cdd86b96ee822b4aca9-14,17,1,1,16,6,5,11,1,0,94.11764705882352,35.294117647058826,58.823529411764696,102.37343407792507,141.32662662942366,52.94117647058824,35.294117647058826,1.0,3.0,5.0,6.0,94.11764705882352,0.0,0.0,0.0,0.0,1.0,1.0,35.294117647058826,1,5.882352941176478,11,64.70588235294117,True
TruckScenes,paired,0.5,100-150,vehicle.truck,scene-3195e3bfd1de4f9ba82f874790c7856c-15,83,14,1,83,77,77,6,0,0,100.0,92.7710843373494,7.2289156626506035,100.08964549692696,149.5421265304672,98.79518072289156,97.59036144578313,24.5,107.0,123.0,142.39999999999998,100.0,63.85542168674698,26.506024096385545,2.0,3.0,5.0,6.0,85.31746031746032,0,0.0,6,7.228915662650607,False
TruckScenes,paired,0.5,100-150,vehicle.truck,scene-3f542f89ec5241b6a4e30ca743adcf34-29,141,20,1,141,125,125,16,0,0,100.0,88.65248226950354,11.34751773049646,100.23701901785451,149.06419724968436,93.61702127659575,85.1063829787234,8.0,15.0,75.0,155.0,100.0,36.87943262411347,21.98581560283688,1.0,2.0,4.0,6.0,90.6532507739938,0,0.0,16,11.347517730496463,False
TruckScenes,paired,0.5,100-150,vehicle.truck,scene-6be74229febb4aad9e7ae1a37217b231-4,10,1,1,10,9,9,1,0,0,100.0,90.0,9.999999999999998,104.38065540516283,147.22144456034985,100.0,100.0,49.0,66.5,77.75,88.39999999999999,100.0,10.0,0.0,1.0,2.0,2.0,2.0999999999999996,90.0,0,0.0,1,10.0,True
TruckScenes,paired,0.5,100-150,vehicle.truck,scene-a6a87db5125846bda72ccfc9931ee153-11,23,2,1,23,21,21,2,0,0,100.0,91.30434782608695,8.695652173913048,100.04269030347422,149.65842468341535,100.0,86.95652173913044,8.0,24.0,95.5,151.4,100.0,47.82608695652174,34.78260869565217,1.0,2.0,6.0,15.400000000000002,93.75,0,0.0,2,8.695652173913047,True
TruckScenes,paired,0.5,100-150,vehicle.truck,scene-b13542304b244af585a646082c57a079-1,8,1,1,8,6,6,2,0,0,100.0,75.0,25.0,103.95075274715587,139.09527637218903,100.0,100.0,11.0,21.0,30.5,34.1,100.0,25.0,12.5,0.75,1.0,2.25,3.5999999999999996,75.0,0,0.0,2,25.0,True
TruckScenes,paired,0.5,100-150,vehicle.truck,scene-b201f6e737e34c2d87830fc1e2911516-6,31,8,1,31,28,28,3,0,0,100.0,90.32258064516128,9.677419354838712,100.82455242719823,149.47411452464638,96.7741935483871,93.54838709677419,13.5,22.0,61.5,131.0,100.0,61.29032258064516,29.03225806451613,2.0,3.0,5.0,8.0,87.5,0,0.0,3,9.677419354838719,False
TruckScenes,paired,0.5,100-150,vehicle.truck,scene-fb64d203d417452f830ca73efed80c41-11,27,1,1,27,25,25,2,0,0,100.0,92.5925925925926,7.4074074074074066,101.03166547232428,122.26231759889811,96.29629629629629,96.29629629629629,27.0,37.0,50.0,60.800000000000004,100.0,59.25925925925925,33.33333333333333,2.0,3.0,5.0,6.400000000000002,92.5925925925926,0,0.0,2,7.407407407407405,True
TruckScenes,paired,0.5,150-200,human.pedestrian.adult,scene-23160c4bff134cdd86b96ee822b4aca9-14,7,3,1,7,0,0,7,0,0,100.0,0.0,100.0,151.83343151487963,172.49581677456774,14.285714285714285,0.0,1.0,1.0,2.0,2.4000000000000004,100.0,0.0,0.0,0.0,0.0,0.0,0.0,0.0,0,0.0,7,100.0,True
TruckScenes,paired,0.5,150-200,human.pedestrian.construction_worker,scene-3f542f89ec5241b6a4e30ca743adcf34-29,4,1,1,4,1,1,3,0,0,100.0,25.0,75.0,163.26614617944938,195.2262167183891,100.0,100.0,6.5,7.0,7.25,7.7,100.0,0.0,0.0,0.0,0.0,0.25,0.7000000000000002,25.0,0,0.0,3,75.0,True
TruckScenes,paired,0.5,150-200,movable_object.barrier,scene-3f542f89ec5241b6a4e30ca743adcf34-29,2,1,1,2,0,0,2,0,0,100.0,0.0,100.0,169.16267041698882,177.34943401028409,0.0,0.0,1.0,1.0,1.0,1.0,100.0,0.0,0.0,0.0,0.0,0.0,0.0,0.0,0,0.0,2,100.0,True
TruckScenes,paired,0.5,150-200,movable_object.trafficcone,scene-3195e3bfd1de4f9ba82f874790c7856c-15,5,2,1,5,0,0,5,0,0,100.0,0.0,100.0,155.22510635112192,192.66423814642766,60.0,0.0,2.0,3.0,4.0,4.0,100.0,0.0,0.0,0.0,0.0,0.0,0.0,0.0,0,0.0,5,100.0,True
TruckScenes,paired,0.5,150-200,movable_object.trafficcone,scene-3f542f89ec5241b6a4e30ca743adcf34-29,131,48,1,131,9,9,122,0,0,100.0,6.870229007633588,93.12977099236642,150.4090177666509,199.98866853976983,78.62595419847328,51.14503816793893,3.0,5.0,8.0,10.0,100.0,0.0,0.0,0.0,0.0,0.0,0.0,6.145833333333333,0,0.0,122,93.12977099236642,False
TruckScenes,paired,0.5,150-200,static_object.traffic_sign,scene-13f4b71b1bd04a9e88747ad8f58a3f67-4,77,20,1,77,34,34,43,0,0,100.0,44.15584415584416,55.84415584415585,150.00948473263907,199.83819887899645,94.8051948051948,93.5064935064935,8.0,29.0,77.0,128.20000000000007,100.0,18.181818181818183,5.194805194805195,0.0,0.0,2.0,3.0,47.5,0,0.0,43,55.84415584415584,False
TruckScenes,paired,0.5,150-200,static_object.traffic_sign,scene-23160c4bff134cdd86b96ee822b4aca9-14,71,9,1,71,23,23,48,0,0,100.0,32.3943661971831,67.6056338028169,150.19705164283286,189.0507519422306,91.54929577464789,85.91549295774648,6.5,11.0,33.0,46.0,100.0,5.633802816901409,0.0,0.0,0.0,1.0,2.0,28.99958228905597,0,0.0,48,67.6056338028169,False
TruckScenes,paired,0.5,150-200,static_object.traffic_sign,scene-3195e3bfd1de4f9ba82f874790c7856c-15,38,10,1,38,14,14,24,0,0,100.0,36.84210526315789,63.1578947368421,152.44615040149748,198.221458669763,94.73684210526315,81.57894736842105,12.25,76.5,114.5,158.3,100.0,7.894736842105263,0.0,0.0,0.0,1.0,2.0,39.166666666666664,0,0.0,24,63.15789473684211,False
TruckScenes,paired,0.5,150-200,static_object.traffic_sign,scene-3f542f89ec5241b6a4e30ca743adcf34-29,86,22,1,86,22,22,64,0,0,100.0,25.581395348837212,74.4186046511628,150.12403958197052,199.12699932635928,86.04651162790698,75.5813953488372,5.0,10.0,15.0,49.5,100.0,5.813953488372093,3.488372093023256,0.0,0.0,0.75,2.0,23.484848484848484,0,0.0,64,74.41860465116278,False
TruckScenes,paired,0.5,150-200,static_object.traffic_sign,scene-a6a87db5125846bda72ccfc9931ee153-11,6,2,1,6,0,0,6,0,0,100.0,0.0,100.0,151.65691174847865,167.1941468762767,100.0,83.33333333333334,9.75,12.5,13.0,13.5,100.0,0.0,0.0,0.0,0.0,0.0,0.0,0.0,0,0.0,6,100.0,True
TruckScenes,paired,0.5,150-200,static_object.traffic_sign,scene-b201f6e737e34c2d87830fc1e2911516-6,34,4,1,34,15,15,19,0,0,100.0,44.11764705882353,55.88235294117647,150.84128841937456,198.84238707372174,94.11764705882352,91.17647058823529,9.25,23.0,193.5,232.4,100.0,29.411764705882355,5.88235294117647,0.0,0.0,3.0,4.0,47.32142857142857,0,0.0,19,55.88235294117647,True
TruckScenes,paired,0.5,150-200,static_object.traffic_sign,scene-fb64d203d417452f830ca73efed80c41-11,47,3,1,47,28,28,19,0,0,100.0,59.57446808510638,40.42553191489362,150.10264417377488,183.52766010582786,89.36170212765957,87.2340425531915,20.5,36.0,56.0,66.4,100.0,19.148936170212767,4.25531914893617,0.0,1.0,2.0,3.0,38.30128205128205,0,0.0,19,40.42553191489362,True
TruckScenes,paired,0.5,150-200,vehicle.bicycle,scene-23160c4bff134cdd86b96ee822b4aca9-14,2,1,1,2,1,1,1,0,0,100.0,50.0,50.0,152.47270811654,158.13781564282644,100.0,50.0,4.25,4.5,4.75,4.9,100.0,0.0,0.0,0.25,0.5,0.75,0.9,50.0,0,0.0,1,50.0,True
TruckScenes,paired,0.5,150-200,vehicle.bus.rigid,scene-3195e3bfd1de4f9ba82f874790c7856c-15,6,1,1,6,6,6,0,0,0,100.0,100.0,0.0,151.5436810777764,161.98054785121653,100.0,100.0,69.75,72.5,77.5,81.5,100.0,66.66666666666666,16.666666666666664,2.25,3.5,4.0,4.5,100.0,0,0.0,0,0.0,True
TruckScenes,paired,0.5,150-200,vehicle.bus.rigid,scene-b201f6e737e34c2d87830fc1e2911516-6,7,1,1,7,4,4,3,0,0,100.0,57.14285714285714,42.85714285714286,150.73989756634435,196.61476288206904,42.857142857142854,42.857142857142854,1.5,2.0,23.5,31.200000000000006,100.0,28.57142857142857,0.0,0.0,1.0,2.5,3.0,57.14285714285714,0,0.0,3,42.85714285714286,True
TruckScenes,paired,0.5,150-200,vehicle.car,scene-13f4b71b1bd04a9e88747ad8f58a3f67-4,117,30,1,115,37,37,78,0,2,98.29059829059828,31.62393162393162,66.66666666666666,150.2476455327623,199.9666937233818,87.17948717948718,76.06837606837607,5.0,9.0,17.0,26.0,99.52380952380952,5.982905982905983,0.0,0.0,0.0,1.0,1.4000000000000057,22.936507936507937,2,1.7094017094017175,80,68.37606837606837,False
TruckScenes,paired,0.5,150-200,vehicle.car,scene-23160c4bff134cdd86b96ee822b4aca9-14,108,28,1,104,21,21,83,0,4,96.29629629629629,19.444444444444446,76.85185185185185,150.1363034332358,197.84439613628956,60.18518518518518,32.407407407407405,1.0,3.0,6.0,13.299999999999997,97.6984126984127,1.8518518518518516,0.9259259259259258,0.0,0.0,0.0,1.0,24.390589569160998,4,3.7037037037037095,87,80.55555555555556,False
TruckScenes,paired,0.5,150-200,vehicle.car,scene-3195e3bfd1de4f9ba82f874790c7856c-15,132,33,1,131,45,45,86,0,1,99.24242424242425,34.090909090909086,65.15151515151516,150.06673187548574,199.66300197298636,92.42424242424242,73.48484848484848,4.0,7.0,14.0,20.0,96.96969696969697,4.545454545454546,2.272727272727273,0.0,0.0,1.0,2.0,17.58127493421611,1,0.7575757575757507,87,65.9090909090909,False
TruckScenes,paired,0.5,150-200,vehicle.car,scene-3f542f89ec5241b6a4e30ca743adcf34-29,190,38,1,186,49,49,137,0,4,97.89473684210527,25.789473684210527,72.10526315789474,150.39757301764786,199.74428689319586,71.05263157894737,50.526315789473685,2.0,5.0,8.0,13.0,97.95231111835318,3.684210526315789,0.0,0.0,0.0,1.0,1.0,22.034180175372946,4,2.1052631578947256,141,74.21052631578948,False
TruckScenes,paired,0.5,150-200,vehicle.car,scene-a6a87db5125846bda72ccfc9931ee153-11,112,24,1,112,36,36,76,0,0,100.0,32.142857142857146,67.85714285714286,150.29339473389675,199.2143644127032,85.71428571428571,62.5,3.75,5.0,9.0,14.0,100.0,5.357142857142857,0.0,0.0,0.0,1.0,2.0,24.11019536019536,0,0.0,76,67.85714285714286,False
TruckScenes,paired,0.5,150-200,vehicle.car,scene-b201f6e737e34c2d87830fc1e2911516-6,161,25,1,159,41,41,118,0,2,98.75776397515527,25.465838509316768,73.29192546583852,150.13584672053514,198.41590462331993,75.15527950310559,55.90062111801242,3.0,5.0,7.0,10.0,94.0,1.2422360248447204,0.0,0.0,0.0,1.0,1.0,17.428571428571427,2,1.242236024844729,120,74.53416149068323,False
TruckScenes,paired,0.5,150-200,vehicle.car,scene-fb64d203d417452f830ca73efed80c41-11,106,30,1,106,31,31,75,0,0,100.0,29.245283018867923,70.75471698113208,150.05681029796702,199.94974332114762,68.86792452830188,51.886792452830186,2.0,5.0,9.0,16.5,100.0,3.7735849056603774,0.0,0.0,0.0,1.0,1.0,28.513227513227513,0,0.0,75,70.75471698113208,False
TruckScenes,paired,0.5,150-200,vehicle.construction,scene-3f542f89ec5241b6a4e30ca743adcf34-29,10,2,1,10,7,7,3,0,0,100.0,70.0,30.000000000000004,156.01409936125535,198.12968170824647,100.0,100.0,11.0,16.0,23.25,28.999999999999996,100.0,60.0,30.0,0.5,3.5,4.75,6.1,70.0,0,0.0,3,30.0,True
TruckScenes,paired,0.5,150-200,vehicle.motorcycle,scene-a6a87db5125846bda72ccfc9931ee153-11,2,1,1,2,0,0,2,0,0,100.0,0.0,100.0,152.92324720038215,156.93649967607854,100.0,100.0,15.25,15.5,15.75,15.9,100.0,0.0,0.0,0.0,0.0,0.0,0.0,0.0,0,0.0,2,100.0,True
TruckScenes,paired,0.5,150-200,vehicle.other,scene-3195e3bfd1de4f9ba82f874790c7856c-15,5,1,1,5,1,1,4,0,0,100.0,20.0,80.0,150.88976136300818,197.67500225086388,100.0,100.0,14.0,15.0,16.0,20.2,100.0,0.0,0.0,0.0,0.0,0.0,0.6000000000000001,20.0,0,0.0,4,80.0,True
TruckScenes,paired,0.5,150-200,vehicle.trailer,scene-13f4b71b1bd04a9e88747ad8f58a3f67-4,8,4,1,8,6,6,2,0,0,100.0,75.0,25.0,160.3480618154737,190.7331419580982,87.5,75.0,5.5,28.0,46.0,50.8,100.0,50.0,37.5,0.75,2.0,6.25,7.6,62.5,0,0.0,2,25.0,True
TruckScenes,paired,0.5,150-200,vehicle.trailer,scene-3195e3bfd1de4f9ba82f874790c7856c-15,37,13,1,37,19,19,18,0,0,100.0,51.35135135135135,48.64864864864865,150.13335147530887,197.69045500350484,94.5945945945946,83.78378378378379,9.0,19.0,30.0,39.99999999999999,100.0,24.324324324324326,18.91891891891892,0.0,1.0,2.0,6.399999999999999,45.89743589743589,0,0.0,18,48.64864864864865,False
TruckScenes,paired,0.5,150-200,vehicle.trailer,scene-3f542f89ec5241b6a4e30ca743adcf34-29,86,20,1,86,38,38,48,0,0,100.0,44.18604651162791,55.81395348837209,150.0106029512012,199.5535628715887,91.86046511627907,79.06976744186046,6.0,13.5,28.75,38.0,100.0,10.465116279069768,2.3255813953488373,0.0,0.0,1.0,2.5,42.833333333333336,0,0.0,48,55.81395348837209,False
TruckScenes,paired,0.5,150-200,vehicle.trailer,scene-b13542304b244af585a646082c57a079-1,3,1,1,3,3,3,0,0,0,100.0,100.0,0.0,156.6481733080167,171.92002415898816,100.0,100.0,8.5,9.0,9.0,9.0,100.0,33.33333333333333,33.33333333333333,1.0,1.0,3.0,4.2,100.0,0,0.0,0,0.0,True
TruckScenes,paired,0.5,150-200,vehicle.trailer,scene-b201f6e737e34c2d87830fc1e2911516-6,5,3,1,5,2,2,3,0,0,100.0,40.0,60.0,152.4280856885395,183.0656873078641,80.0,80.0,7.0,7.0,10.0,13.0,100.0,20.0,0.0,0.0,0.0,2.0,2.6,44.44444444444444,0,0.0,3,60.0,True
TruckScenes,paired,0.5,150-200,vehicle.truck,scene-13f4b71b1bd04a9e88747ad8f58a3f67-4,19,6,1,19,8,8,11,0,0,100.0,42.10526315789473,57.89473684210527,154.15604721900328,199.91605376392064,84.21052631578947,68.42105263157895,4.0,7.0,62.0,87.19999999999999,100.0,31.57894736842105,15.789473684210526,0.0,0.0,3.5,5.199999999999999,72.22222222222221,0,0.0,11,57.89473684210527,True
TruckScenes,paired,0.5,150-200,vehicle.truck,scene-3195e3bfd1de4f9ba82f874790c7856c-15,28,10,1,28,19,19,9,0,0,100.0,67.85714285714286,32.14285714285714,150.1505883465511,197.60702910251754,100.0,92.85714285714286,25.5,57.0,85.25,110.4,100.0,21.428571428571427,3.571428571428571,0.0,1.0,2.0,3.0,61.25000000000001,0,0.0,9,32.14285714285714,False
TruckScenes,paired,0.5,150-200,vehicle.truck,scene-3f542f89ec5241b6a4e30ca743adcf34-29,142,20,1,142,66,66,76,0,0,100.0,46.478873239436616,53.52112676056338,150.46660713442523,199.16036370603092,95.07042253521126,92.25352112676056,11.0,13.0,28.75,51.900000000000006,100.0,10.56338028169014,4.225352112676056,0.0,0.0,1.0,2.9000000000000057,54.330128205128204,0,0.0,76,53.521126760563384,False
TruckScenes,paired,0.5,150-200,vehicle.truck,scene-6be74229febb4aad9e7ae1a37217b231-4,10,1,1,10,7,7,3,0,0,100.0,70.0,30.000000000000004,151.96914679641168,195.87679825951614,100.0,100.0,20.0,24.0,30.75,34.2,100.0,0.0,0.0,0.25,1.0,1.75,2.0,70.0,0,0.0,3,30.0,True
TruckScenes,paired,0.5,150-200,vehicle.truck,scene-b201f6e737e34c2d87830fc1e2911516-6,74,9,1,74,52,52,22,0,0,100.0,70.27027027027027,29.729729729729726,150.5643016482657,198.0639312636104,91.8918918918919,78.37837837837837,5.25,11.5,20.0,30.0,100.0,27.027027027027028,4.054054054054054,0.0,1.0,3.0,3.0,62.9465449124892,0,0.0,22,29.729729729729726,False
TruckScenes,paired,0.5,200-250,human.pedestrian.construction_worker,scene-3f542f89ec5241b6a4e30ca743adcf34-29,1,1,1,1,0,0,1,0,0,100.0,0.0,100.0,203.2730878939659,203.2730878939659,100.0,100.0,6.0,6.0,6.0,6.0,100.0,0.0,0.0,0.0,0.0,0.0,0.0,0.0,0,0.0,1,100.0,True
TruckScenes,paired,0.5,200-250,movable_object.trafficcone,scene-3f542f89ec5241b6a4e30ca743adcf34-29,34,21,1,33,0,0,33,0,1,97.05882352941177,0.0,97.05882352941177,200.59790691292088,223.08859349302594,41.17647058823529,14.705882352941178,1.25,2.0,3.0,7.399999999999999,97.61904761904762,0.0,0.0,0.0,0.0,0.0,0.0,0.0,1,2.941176470588232,34,100.0,False
TruckScenes,paired,0.5,200-250,static_object.traffic_sign,scene-13f4b71b1bd04a9e88747ad8f58a3f67-4,30,17,1,30,0,0,30,0,0,100.0,0.0,100.0,200.00147325915378,220.88370211099877,90.0,80.0,7.0,23.5,56.5,82.40000000000003,100.0,0.0,0.0,0.0,0.0,0.0,0.0,0.0,0,0.0,30,100.0,False
TruckScenes,paired,0.5,200-250,static_object.traffic_sign,scene-3195e3bfd1de4f9ba82f874790c7856c-15,13,9,1,13,0,0,13,0,0,100.0,0.0,100.0,201.33744850635765,216.4036404614498,84.61538461538461,84.61538461538461,11.0,47.0,104.0,126.60000000000001,100.0,0.0,0.0,0.0,0.0,0.0,0.0,0.0,0,0.0,13,100.0,True
TruckScenes,paired,0.5,200-250,static_object.traffic_sign,scene-3f542f89ec5241b6a4e30ca743adcf34-29,25,12,1,25,0,0,25,0,0,100.0,0.0,100.0,201.11412019593985,224.38006738934413,88.0,76.0,5.0,7.0,39.0,70.60000000000004,100.0,0.0,0.0,0.0,0.0,0.0,0.0,0.0,0,0.0,25,100.0,False
TruckScenes,paired,0.5,200-250,vehicle.bus.rigid,scene-b201f6e737e34c2d87830fc1e2911516-6,2,1,1,2,0,0,2,0,0,100.0,0.0,100.0,203.19325053068846,217.26247400908738,100.0,50.0,9.5,15.0,20.5,23.8,100.0,0.0,0.0,0.0,0.0,0.0,0.0,0.0,0,0.0,2,100.0,True
TruckScenes,paired,0.5,200-250,vehicle.bus.rigid,scene-fb64d203d417452f830ca73efed80c41-11,2,1,1,2,0,0,2,0,0,100.0,0.0,100.0,213.3461358289945,220.78214850317624,0.0,0.0,1.0,1.0,1.0,1.0,100.0,0.0,0.0,0.0,0.0,0.0,0.0,0.0,0,0.0,2,100.0,True
TruckScenes,paired,0.5,200-250,vehicle.car,scene-13f4b71b1bd04a9e88747ad8f58a3f67-4,45,21,1,43,0,0,43,0,2,95.55555555555556,0.0,95.55555555555556,200.69379009337305,226.04813191388675,68.88888888888889,57.77777777777777,2.0,6.0,8.0,12.600000000000001,98.80952380952381,0.0,0.0,0.0,0.0,0.0,0.0,0.0,2,4.444444444444443,45,100.0,False
TruckScenes,paired,0.5,200-250,vehicle.car,scene-23160c4bff134cdd86b96ee822b4aca9-14,3,2,1,3,0,0,3,0,0,100.0,0.0,100.0,201.20093634724344,214.78706097094687,66.66666666666666,33.33333333333333,2.0,3.0,5.5,7.0,100.0,0.0,0.0,0.0,0.0,0.0,0.0,0.0,0,0.0,3,100.0,True
TruckScenes,paired,0.5,200-250,vehicle.car,scene-3195e3bfd1de4f9ba82f874790c7856c-15,68,24,1,66,0,0,66,0,2,97.05882352941177,0.0,97.05882352941177,200.22000692876009,226.84401081084647,76.47058823529412,50.0,3.0,4.5,9.25,12.0,97.91666666666666,0.0,0.0,0.0,0.0,0.0,0.0,0.0,2,2.941176470588232,68,100.0,False
TruckScenes,paired,0.5,200-250,vehicle.car,scene-3f542f89ec5241b6a4e30ca743adcf34-29,34,25,1,29,0,0,29,0,5,85.29411764705883,0.0,85.29411764705883,200.0710707473922,223.13810090979322,64.70588235294117,38.23529411764706,1.0,4.0,6.75,8.7,92.0,0.0,0.0,0.0,0.0,0.0,0.0,0.0,5,14.705882352941174,34,100.0,False
TruckScenes,paired,0.5,200-250,vehicle.car,scene-a6a87db5125846bda72ccfc9931ee153-11,16,4,1,15,0,0,15,0,1,93.75,0.0,93.75,200.91671899208097,222.1359436738044,62.5,31.25,2.0,3.0,5.0,7.0,87.5,0.0,0.0,0.0,0.0,0.0,0.0,0.0,1,6.25,16,100.0,True
TruckScenes,paired,0.5,200-250,vehicle.car,scene-b201f6e737e34c2d87830fc1e2911516-6,18,7,1,18,0,0,18,0,0,100.0,0.0,100.0,200.79494762305626,223.39715062993918,44.44444444444444,11.11111111111111,1.25,2.0,3.0,4.300000000000001,100.0,0.0,0.0,0.0,0.0,0.0,0.0,0.0,0,0.0,18,100.0,True
TruckScenes,paired,0.5,200-250,vehicle.car,scene-fb64d203d417452f830ca73efed80c41-11,23,9,1,22,0,0,22,0,1,95.65217391304348,0.0,95.65217391304348,200.5601631913057,223.13322066277925,60.86956521739131,52.17391304347826,1.5,5.0,9.0,10.8,94.44444444444444,0.0,0.0,0.0,0.0,0.0,0.0,0.0,1,4.347826086956516,23,100.0,False
TruckScenes,paired,0.5,200-250,vehicle.construction,scene-3f542f89ec5241b6a4e30ca743adcf34-29,4,2,1,4,0,0,4,0,0,100.0,0.0,100.0,200.48305494411403,214.8171436720205,75.0,50.0,2.5,6.0,10.75,13.900000000000002,100.0,0.0,0.0,0.0,0.0,0.0,0.0,0.0,0,0.0,4,100.0,True
TruckScenes,paired,0.5,200-250,vehicle.other,scene-3195e3bfd1de4f9ba82f874790c7856c-15,1,1,1,1,0,0,1,0,0,100.0,0.0,100.0,209.55825989251767,209.55825989251767,100.0,0.0,4.0,4.0,4.0,4.0,100.0,0.0,0.0,0.0,0.0,0.0,0.0,0.0,0,0.0,1,100.0,True
TruckScenes,paired,0.5,200-250,vehicle.trailer,scene-13f4b71b1bd04a9e88747ad8f58a3f67-4,3,3,1,3,0,0,3,0,0,100.0,0.0,100.0,207.6423399860933,214.77470771153978,66.66666666666666,66.66666666666666,4.0,7.0,18.0,24.6,100.0,0.0,0.0,0.0,0.0,0.0,0.0,0.0,0,0.0,3,100.0,True
TruckScenes,paired,0.5,200-250,vehicle.trailer,scene-3195e3bfd1de4f9ba82f874790c7856c-15,11,9,1,11,1,1,10,0,0,100.0,9.090909090909092,90.9090909090909,200.52588575532198,221.18164881978126,72.72727272727273,54.54545454545454,2.5,8.0,18.0,23.0,100.0,0.0,0.0,0.0,0.0,0.0,0.0,5.555555555555555,0,0.0,10,90.9090909090909,True
TruckScenes,paired,0.5,200-250,vehicle.trailer,scene-3f542f89ec5241b6a4e30ca743adcf34-29,24,15,1,24,0,0,24,0,0,100.0,0.0,100.0,201.1134091209368,227.4924309082738,79.16666666666666,75.0,4.5,12.0,20.75,27.099999999999998,100.0,0.0,0.0,0.0,0.0,0.0,0.0,0.0,0,0.0,24,100.0,False
TruckScenes,paired,0.5,200-250,vehicle.truck,scene-13f4b71b1bd04a9e88747ad8f58a3f67-4,12,5,1,12,0,0,12,0,0,100.0,0.0,100.0,201.62463445305974,229.4177589511211,66.66666666666666,41.66666666666667,2.0,3.5,14.25,37.5,100.0,0.0,0.0,0.0,0.0,0.0,0.0,0.0,0,0.0,12,100.0,True
TruckScenes,paired,0.5,200-250,vehicle.truck,scene-3195e3bfd1de4f9ba82f874790c7856c-15,10,8,1,10,0,0,10,0,0,100.0,0.0,100.0,200.18618301257388,223.4411317984915,100.0,70.0,4.75,16.5,32.75,35.4,100.0,0.0,0.0,0.0,0.0,0.0,0.0,0.0,0,0.0,10,100.0,True
TruckScenes,paired,0.5,200-250,vehicle.truck,scene-3f542f89ec5241b6a4e30ca743adcf34-29,26,16,1,26,0,0,26,0,0,100.0,0.0,100.0,200.66542780698632,228.22347457330534,92.3076923076923,88.46153846153845,8.5,20.5,28.0,36.0,100.0,0.0,0.0,0.0,0.0,0.0,0.0,0.0,0,0.0,26,100.0,False
TruckScenes,paired,0.5,200-250,vehicle.truck,scene-6be74229febb4aad9e7ae1a37217b231-4,4,1,1,4,0,0,4,0,0,100.0,0.0,100.0,200.87273873933788,216.07192509408117,75.0,75.0,4.0,7.0,9.25,9.7,100.0,0.0,0.0,0.0,0.0,0.0,0.0,0.0,0,0.0,4,100.0,True
TruckScenes,paired,0.5,200-250,vehicle.truck,scene-b201f6e737e34c2d87830fc1e2911516-6,22,2,1,21,0,0,21,0,1,95.45454545454545,0.0,95.45454545454545,200.3442607611171,220.47222600401776,81.81818181818183,50.0,3.0,4.5,6.0,7.0,75.0,0.0,0.0,0.0,0.0,0.0,0.0,0.0,1,4.545454545454547,22,100.0,True
TruckDrive,static,0,0-25,RoadDebris,scene_28_24,40,2,1,40,39,39,1,0,0,100.0,97.5,2.500000000000002,11.9442314862237,24.44343242479062,100.0,100.0,2194.5,4070.5,5107.0,6753.0,100.0,52.5,30.0,2.0,3.0,5.0,7.0,97.5,0,0.0,1,2.5,True
TruckDrive,static,0,0-25,RoadObstruction,scene_28_1,1,1,1,0,0,0,0,0,1,0.0,0.0,0.0,24.52845196217431,24.52845196217431,0.0,0.0,0.0,0.0,0.0,0.0,0.0,0.0,0.0,0.0,0.0,0.0,0.0,0.0,1,100.0,1,100.0,True
TruckDrive,static,0,0-25,RoadObstruction-Barrel,scene_28_1,82,27,1,73,22,18,55,4,5,89.02439024390245,26.82926829268293,62.19512195121951,4.0667924260772725,24.646866769216114,85.36585365853658,82.92682926829268,10.0,22.0,30.0,54.200000000000045,85.80246913580247,0.0,0.0,0.0,0.0,1.0,1.0,26.543209876543205,9,10.975609756097555,60,73.17073170731707,False
TruckDrive,static,0,0-25,RoadObstruction-Cone,scene_28_24,31,3,1,25,0,0,25,0,6,80.64516129032258,0.0,80.64516129032258,13.762778094013067,24.887669640586424,77.41935483870968,70.96774193548387,3.5,31.0,41.5,67.0,79.520697167756,0.0,0.0,0.0,0.0,0.0,0.0,0.0,6,19.354838709677423,31,100.0,True
TruckDrive,static,0,0-25,TrafficSign,scene_28_1,8,3,1,1,1,0,1,1,6,12.5,12.5,0.0,9.082084093303768,21.264343391542102,0.0,0.0,0.0,0.0,0.0,0.2999999999999998,11.11111111111111,0.0,0.0,0.0,0.0,0.0,0.2999999999999998,16.666666666666664,7,87.5,7,87.5,True
TruckDrive,static,0,0-25,TrafficSign,scene_28_12,9,3,1,0,0,0,0,0,9,0.0,0.0,0.0,8.920967379233169,23.170655453202915,0.0,0.0,0.0,0.0,0.0,0.0,0.0,0.0,0.0,0.0,0.0,0.0,0.0,0.0,9,100.0,9,100.0,True
TruckDrive,static,0,0-25,Vehicle-Other,scene_28_1,27,1,1,27,27,27,0,0,0,100.0,100.0,0.0,4.8174934170872055,24.84105971525601,100.0,100.0,2573.0,8838.0,21149.5,31636.0,100.0,100.0,100.0,13.5,19.0,32.0,40.000000000000014,100.0,0,0.0,0,0.0,True
TruckDrive,static,0,0-25,Vehicle-Passenger,scene_28_1,60,16,1,57,53,53,4,0,3,95.0,88.33333333333333,6.666666666666665,4.268117935996614,24.657597046296345,95.0,95.0,249.25,1406.5,3045.75,5384.200000000003,81.25,86.66666666666667,80.0,5.0,9.0,13.25,28.300000000000004,65.375,3,5.0,7,11.666666666666671,False
TruckDrive,static,0,0-25,Vehicle-Passenger,scene_28_18,10,1,1,10,9,9,1,0,0,100.0,90.0,9.999999999999998,4.241382266421513,22.077887720310006,100.0,100.0,2226.25,2908.5,6182.0,7432.799999999998,100.0,80.0,80.0,5.25,13.0,19.75,23.2,90.0,0,0.0,1,10.0,True
TruckDrive,static,0,0-25,Vehicle-Passenger,scene_28_6,18,1,1,18,15,15,3,0,0,100.0,83.33333333333334,16.666666666666664,4.127461076749828,23.63897270559409,100.0,100.0,349.5,717.0,1779.75,4845.3,100.0,77.77777777777779,77.77777777777779,5.0,8.5,14.75,25.200000000000003,83.33333333333334,0,0.0,3,16.666666666666657,True
TruckDrive,static,0,0-25,Vehicle-SemiTruck-Cab,scene_28_1,3,3,1,3,3,3,0,0,0,100.0,100.0,0.0,23.82670215810808,24.796777806523664,100.0,100.0,1506.0,2058.0,3007.0,3576.4,100.0,66.66666666666666,66.66666666666666,7.0,13.0,18.0,21.0,100.0,0,0.0,0,0.0,True
TruckDrive,static,0,0-25,Vehicle-SemiTruck-Cab,scene_28_24,100,8,1,100,99,99,1,0,0,100.0,99.0,1.0000000000000009,9.048126164941834,24.888872346585853,100.0,100.0,10155.5,17259.0,27067.75,43399.4,100.0,99.0,98.0,16.0,21.5,27.25,44.20000000000002,98.4375,0,0.0,1,1.0,False
TruckDrive,static,0,0-25,Vehicle-SemiTruck-Trailer,scene_28_1,8,3,1,8,8,8,0,0,0,100.0,100.0,0.0,13.70286726522006,23.373104827528117,100.0,100.0,16082.0,23465.0,42436.25,52794.5,100.0,100.0,100.0,65.0,85.5,101.75,122.9,100.0,0,0.0,0,0.0,True
TruckDrive,static,0,0-25,Vehicle-SemiTruck-Trailer,scene_28_24,77,5,1,77,77,77,0,0,0,100.0,100.0,0.0,13.102765852938044,24.724275736778992,100.0,100.0,6121.0,13488.0,20027.0,28546.80000000001,100.0,100.0,97.40259740259741,12.0,16.0,23.0,28.80000000000001,100.0,0,0.0,0,0.0,False
TruckDrive,static,0,0-25,Vehicle-Trailer,scene_28_1,28,2,1,28,28,28,0,0,0,100.0,100.0,0.0,4.746214212130803,24.317942703931752,100.0,100.0,1892.75,6898.0,13379.25,19981.0,100.0,100.0,92.85714285714286,8.0,11.0,37.5,42.3,100.0,0,0.0,0,0.0,True
TruckDrive,static,0,25-50,RoadDebris,scene_28_24,36,2,1,36,28,28,8,0,0,100.0,77.77777777777779,22.22222222222222,25.050115134357902,39.30809723864877,100.0,100.0,787.5,929.0,1010.5,1090.0,100.0,11.11111111111111,2.7777777777777777,1.0,1.0,2.0,2.5,77.77777777777777,0,0.0,8,22.222222222222214,True
TruckDrive,static,0,25-50,RoadObstruction,scene_28_1,1,1,1,0,0,0,0,0,1,0.0,0.0,0.0,38.44834258349711,38.44834258349711,0.0,0.0,0.0,0.0,0.0,0.0,0.0,0.0,0.0,0.0,0.0,0.0,0.0,0.0,1,100.0,1,100.0,True
TruckDrive,static,0,25-50,RoadObstruction,scene_28_24,7,2,1,6,1,1,5,0,1,85.71428571428571,14.285714285714285,71.42857142857142,39.47798508214879,49.246380254911784,85.71428571428571,85.71428571428571,8.5,13.0,14.5,17.400000000000002,50.0,0.0,0.0,0.0,0.0,0.0,0.40000000000000036,8.333333333333332,1,14.285714285714292,6,85.71428571428572,True
TruckDrive,static,0,25-50,RoadObstruction-Barrel,scene_28_1,93,30,1,78,8,7,71,1,14,83.87096774193549,8.60215053763441,75.26881720430107,25.03254526827181,48.64931031257001,70.96774193548387,59.13978494623656,2.0,6.0,16.0,36.599999999999994,83.33333333333334,0.0,0.0,0.0,0.0,0.0,0.0,10.833333333333334,15,16.129032258064512,85,91.39784946236558,False
TruckDrive,static,0,25-50,RoadObstruction-Barrel,scene_28_12,10,2,1,8,1,1,7,0,2,80.0,10.0,70.0,28.051191466177514,45.216784548291486,60.0,50.0,2.0,4.0,26.0,77.1,80.0,0.0,0.0,0.0,0.0,0.0,0.09999999999999964,10.0,2,20.0,9,90.0,True
TruckDrive,static,0,25-50,RoadObstruction-Cone,scene_28_24,70,6,1,53,3,3,50,0,17,75.71428571428571,4.285714285714286,71.42857142857143,26.022577203778912,49.28189802559503,58.57142857142858,55.714285714285715,1.0,6.0,46.75,82.2,71.69540229885058,0.0,0.0,0.0,0.0,0.0,0.0,1.7241379310344827,17,24.285714285714292,67,95.71428571428571,False
TruckDrive,static,0,25-50,TrafficSign,scene_28_1,22,5,1,8,0,0,8,0,14,36.36363636363637,0.0,36.36363636363637,25.97053012219167,48.62411269372211,22.727272727272727,18.181818181818183,0.0,0.0,2.0,17.400000000000013,40.0,0.0,0.0,0.0,0.0,0.0,0.0,0.0,14,63.63636363636363,22,100.0,False
TruckDrive,static,0,25-50,TrafficSign,scene_28_12,38,11,1,7,0,0,7,0,31,18.421052631578945,0.0,18.421052631578945,26.79609813334759,48.40271870299452,13.157894736842104,0.0,0.0,0.0,0.0,3.0,23.636363636363637,0.0,0.0,0.0,0.0,0.0,0.0,0.0,31,81.57894736842105,38,100.0,False
TruckDrive,static,0,25-50,Vehicle,scene_28_24,1,1,1,1,0,0,1,0,0,100.0,0.0,100.0,43.746019905719436,43.746019905719436,100.0,100.0,808.0,808.0,808.0,808.0,100.0,0.0,0.0,0.0,0.0,0.0,0.0,0.0,0,0.0,1,100.0,True
TruckDrive,static,0,25-50,Vehicle-Other,scene_28_1,11,1,1,11,11,11,0,0,0,100.0,100.0,0.0,26.245324339139334,34.89014869181714,100.0,100.0,412.5,4350.0,8359.0,13193.0,100.0,100.0,100.0,8.0,9.0,11.0,12.0,100.0,0,0.0,0,0.0,True
TruckDrive,static,0,25-50,Vehicle-Other,scene_28_6,3,1,1,3,3,3,0,0,0,100.0,100.0,0.0,33.009545868917364,47.137909975588144,100.0,100.0,66.5,110.0,474.5,693.2,100.0,100.0,66.66666666666666,4.5,5.0,8.0,9.8,100.0,0,0.0,0,0.0,True
TruckDrive,static,0,25-50,Vehicle-Passenger,scene_28_1,51,17,1,45,38,37,8,1,5,88.23529411764706,74.50980392156863,13.725490196078427,25.525597494703803,49.91694817168872,86.27450980392157,86.27450980392157,8.0,29.0,154.5,899.0,79.41176470588235,58.82352941176471,39.21568627450981,0.5,3.0,10.0,22.0,50.98039215686274,6,11.764705882352942,13,25.490196078431367,False
TruckDrive,static,0,25-50,Vehicle-Passenger,scene_28_12,4,2,1,4,3,3,1,0,0,100.0,75.0,25.0,35.89157943919521,47.5329193511009,100.0,100.0,74.0,126.0,188.5,221.8,100.0,75.0,75.0,5.25,7.0,9.0,12.600000000000001,75.0,0,0.0,1,25.0,True
TruckDrive,static,0,25-50,Vehicle-Passenger,scene_28_18,16,5,1,16,15,15,1,0,0,100.0,93.75,6.25,25.200336914171256,47.855628735737014,93.75,93.75,204.5,406.0,797.75,916.5,100.0,93.75,81.25,5.0,7.0,8.25,12.5,90.0,0,0.0,1,6.25,True
TruckDrive,static,0,25-50,Vehicle-Passenger,scene_28_6,55,7,1,55,52,52,3,0,0,100.0,94.54545454545455,5.454545454545457,25.79796880087408,49.716890446637464,96.36363636363636,96.36363636363636,170.0,293.0,421.5,563.4000000000001,100.0,87.27272727272727,70.9090909090909,4.0,7.0,10.0,12.600000000000001,86.50793650793652,0,0.0,3,5.454545454545453,False
TruckDrive,static,0,25-50,Vehicle-SemiTruck-Cab,scene_28_1,17,4,1,17,16,16,1,0,0,100.0,94.11764705882352,5.882352941176472,26.17766715722474,48.984283514352825,100.0,100.0,180.0,346.0,1290.0,1972.4000000000005,100.0,94.11764705882352,94.11764705882352,10.0,13.0,16.0,20.4,87.5,0,0.0,1,5.882352941176478,True
TruckDrive,static,0,25-50,Vehicle-SemiTruck-Cab,scene_28_12,8,4,1,8,8,8,0,0,0,100.0,100.0,0.0,32.08395887621567,44.006159352879166,100.0,100.0,389.5,600.5,1493.25,2595.8999999999996,100.0,75.0,75.0,4.75,8.0,10.5,14.099999999999998,100.0,0,0.0,0,0.0,True
TruckDrive,static,0,25-50,Vehicle-SemiTruck-Cab,scene_28_18,2,1,1,2,2,2,0,0,0,100.0,100.0,0.0,35.37472887660901,38.291804376134166,100.0,100.0,985.5,1862.0,2738.5,3264.4,100.0,100.0,50.0,3.5,4.0,4.5,4.8,100.0,0,0.0,0,0.0,True
TruckDrive,static,0,25-50,Vehicle-SemiTruck-Cab,scene_28_24,204,8,1,204,204,204,0,0,0,100.0,100.0,0.0,25.127248887930293,47.32385249352799,100.0,100.0,2204.25,3565.5,8055.0,19080.700000000033,100.0,99.50980392156863,96.56862745098039,9.0,13.0,18.0,24.0,100.0,0,0.0,0,0.0,False
TruckDrive,static,0,25-50,Vehicle-SemiTruck-Cab,scene_28_6,13,6,1,13,12,12,1,0,0,100.0,92.3076923076923,7.692307692307687,32.95451326865601,48.66597280283616,100.0,100.0,105.0,604.0,1282.0,2284.0000000000005,100.0,84.61538461538461,61.53846153846154,4.0,6.0,8.0,15.0,91.66666666666666,0,0.0,1,7.692307692307693,True
TruckDrive,static,0,25-50,Vehicle-SemiTruck-Trailer,scene_28_1,17,4,1,17,17,17,0,0,0,100.0,100.0,0.0,25.285935430035025,48.89548352816494,100.0,100.0,2002.0,2487.0,4530.0,6104.400000000001,100.0,100.0,100.0,42.0,49.0,61.0,66.0,100.0,0,0.0,0,0.0,True
TruckDrive,static,0,25-50,Vehicle-SemiTruck-Trailer,scene_28_12,9,4,1,9,9,9,0,0,0,100.0,100.0,0.0,32.76982783631776,49.14907093197326,100.0,100.0,553.0,1581.0,9795.0,13881.2,100.0,100.0,100.0,14.0,19.0,26.0,29.0,100.0,0,0.0,0,0.0,True
TruckDrive,static,0,25-50,Vehicle-SemiTruck-Trailer,scene_28_18,2,1,1,2,2,2,0,0,0,100.0,100.0,0.0,34.460792496965134,40.52667958145729,100.0,100.0,3914.25,4243.5,4572.75,4770.3,100.0,100.0,100.0,24.5,25.0,25.5,25.8,100.0,0,0.0,0,0.0,True
TruckDrive,static,0,25-50,Vehicle-SemiTruck-Trailer,scene_28_24,113,5,1,113,113,113,0,0,0,100.0,100.0,0.0,25.057520300301146,46.007553632739416,100.0,100.0,922.0,1969.0,4226.0,11388.4,100.0,93.80530973451327,71.68141592920354,4.0,6.0,10.0,13.0,100.0,0,0.0,0,0.0,False
TruckDrive,static,0,25-50,Vehicle-SemiTruck-Trailer,scene_28_6,20,7,1,20,20,20,0,0,0,100.0,100.0,0.0,29.443577211764016,49.97410578532012,100.0,100.0,358.0,2257.5,6431.75,12957.600000000006,100.0,100.0,100.0,12.75,19.0,24.5,30.30000000000002,100.0,0,0.0,0,0.0,False
TruckDrive,static,0,25-50,Vehicle-SingleUnitTruck,scene_28_18,2,1,1,2,2,2,0,0,0,100.0,100.0,0.0,34.56143981626767,37.67323445364764,100.0,100.0,509.75,950.5,1391.25,1655.7,100.0,100.0,100.0,18.5,22.0,25.5,27.6,100.0,0,0.0,0,0.0,True
TruckDrive,static,0,25-50,Vehicle-Trailer,scene_28_1,14,2,1,14,14,14,0,0,0,100.0,100.0,0.0,25.31439688316307,47.9853367726662,100.0,100.0,268.75,2106.5,4375.25,10962.400000000001,100.0,100.0,92.85714285714286,10.0,26.5,29.5,32.1,100.0,0,0.0,0,0.0,True
TruckDrive,static,0,25-50,Vehicle-Trailer,scene_28_18,2,1,1,2,2,2,0,0,0,100.0,100.0,0.0,37.6037034988094,38.91775410529271,100.0,100.0,900.25,1327.5,1754.75,2011.1000000000001,100.0,100.0,100.0,6.5,7.0,7.5,7.8,100.0,0,0.0,0,0.0,True
TruckDrive,static,0,50-75,RoadObstruction,scene_28_1,2,2,1,0,0,0,0,0,2,0.0,0.0,0.0,52.808238093158195,60.09848172876717,0.0,0.0,0.0,0.0,0.0,0.0,0.0,0.0,0.0,0.0,0.0,0.0,0.0,0.0,2,100.0,2,100.0,True
TruckDrive,static,0,50-75,RoadObstruction,scene_28_24,14,2,1,9,0,0,9,0,5,64.28571428571429,0.0,64.28571428571429,50.579338489788064,56.81257342321156,64.28571428571429,42.857142857142854,0.0,4.0,8.5,11.0,37.5,0.0,0.0,0.0,0.0,0.0,0.0,0.0,5,35.71428571428571,14,100.0,True
TruckDrive,static,0,50-75,RoadObstruction-Barrel,scene_28_1,86,30,1,71,5,5,66,0,15,82.55813953488372,5.813953488372093,76.74418604651163,50.19332030127145,74.93828019635588,47.674418604651166,37.2093023255814,1.0,2.0,6.75,20.0,81.66666666666667,0.0,0.0,0.0,0.0,0.0,0.0,5.277777777777778,15,17.441860465116278,81,94.18604651162791,False
TruckDrive,static,0,50-75,RoadObstruction-Barrel,scene_28_12,8,2,1,6,0,0,6,0,2,75.0,0.0,75.0,50.06462513997624,71.33808245712771,37.5,37.5,0.75,2.0,6.25,11.2,75.0,0.0,0.0,0.0,0.0,0.0,0.0,0.0,2,25.0,8,100.0,True
TruckDrive,static,0,50-75,RoadObstruction-Cone,scene_28_24,3,2,1,1,0,0,1,0,2,33.33333333333333,0.0,33.33333333333333,50.01617020648392,51.93070747963334,33.33333333333333,0.0,0.0,0.0,1.5,2.4000000000000004,50.0,0.0,0.0,0.0,0.0,0.0,0.0,0.0,2,66.66666666666667,3,100.0,True
TruckDrive,static,0,50-75,TrafficSign,scene_28_1,19,6,1,5,0,0,5,0,14,26.31578947368421,0.0,26.31578947368421,52.889784590829414,74.65945587818416,15.789473684210526,5.263157894736842,0.0,0.0,1.0,3.0,20.833333333333336,0.0,0.0,0.0,0.0,0.0,0.0,0.0,14,73.6842105263158,19,100.0,True
TruckDrive,static,0,50-75,TrafficSign,scene_28_12,59,15,1,7,1,0,7,1,51,11.864406779661017,1.694915254237288,10.16949152542373,50.29443116801692,74.3943162531195,5.084745762711865,1.694915254237288,0.0,0.0,0.0,1.0,8.777777777777777,0.0,0.0,0.0,0.0,0.0,0.0,0.9523809523809523,52,88.13559322033899,58,98.30508474576271,False
TruckDrive,static,0,50-75,Vehicle,scene_28_1,2,1,1,1,2,1,0,1,0,50.0,100.0,-50.0,52.454818190984255,55.92908644745994,50.0,0.0,0.75,1.5,2.25,2.7,50.0,100.0,0.0,4.0,4.0,4.0,4.0,100.0,1,50.0,0,0.0,True
TruckDrive,static,0,50-75,Vehicle,scene_28_24,6,3,1,4,4,4,0,0,2,66.66666666666666,66.66666666666666,0.0,55.08136374099036,72.06393478190313,66.66666666666666,66.66666666666666,3.75,25.0,39.5,54.0,58.333333333333336,50.0,33.33333333333333,0.25,2.5,4.75,5.0,58.333333333333336,2,33.33333333333334,2,33.33333333333334,True
TruckDrive,static,0,50-75,Vehicle-Other,scene_28_6,1,1,1,1,1,1,0,0,0,100.0,100.0,0.0,71.0998376305234,71.0998376305234,100.0,100.0,21.0,21.0,21.0,21.0,100.0,100.0,100.0,10.0,10.0,10.0,10.0,100.0,0,0.0,0,0.0,True
TruckDrive,static,0,50-75,Vehicle-Passenger,scene_28_1,17,13,1,12,8,5,7,3,2,70.58823529411765,47.05882352941176,23.529411764705888,50.81261238445334,74.57792308410987,58.82352941176471,29.411764705882355,0.0,3.0,7.0,13.400000000000002,76.92307692307693,11.76470588235294,5.88235294117647,0.0,0.0,2.0,2.4000000000000004,42.30769230769231,5,29.411764705882348,9,52.94117647058824,True
TruckDrive,static,0,50-75,Vehicle-Passenger,scene_28_12,1,1,1,1,1,1,0,0,0,100.0,100.0,0.0,64.10700774396257,64.10700774396257,0.0,0.0,2.0,2.0,2.0,2.0,100.0,100.0,100.0,14.0,14.0,14.0,14.0,100.0,0,0.0,0,0.0,True
TruckDrive,static,0,50-75,Vehicle-Passenger,scene_28_18,16,5,1,15,15,15,0,0,1,93.75,93.75,0.0,50.70287657000739,74.65314151440423,87.5,87.5,8.0,77.5,151.5,439.0,90.0,81.25,50.0,3.75,4.5,7.0,9.0,90.0,1,6.25,1,6.25,True
TruckDrive,static,0,50-75,Vehicle-Passenger,scene_28_24,8,3,1,7,4,4,3,0,1,87.5,50.0,37.5,57.643913976092946,73.9970976879525,87.5,87.5,22.5,59.0,108.25,157.29999999999998,83.33333333333334,25.0,12.5,0.0,1.0,2.25,3.5999999999999996,50.0,1,12.5,4,50.0,True
TruckDrive,static,0,50-75,Vehicle-Passenger,scene_28_6,38,7,1,37,35,35,2,0,1,97.36842105263158,92.10526315789474,5.263157894736848,50.0590764861598,74.92382370635568,94.73684210526315,94.73684210526315,48.5,147.5,184.5,243.40000000000015,95.23809523809523,55.26315789473685,47.368421052631575,1.0,4.0,7.0,11.0,92.02380952380952,1,2.631578947368425,3,7.89473684210526,False
TruckDrive,static,0,50-75,Vehicle-SemiTruck-Cab,scene_28_1,14,4,1,14,13,13,1,0,0,100.0,92.85714285714286,7.14285714285714,50.48500193467715,73.29870200487541,100.0,92.85714285714286,9.75,21.5,47.25,84.40000000000003,100.0,92.85714285714286,92.85714285714286,11.25,12.0,14.5,17.0,75.0,0,0.0,1,7.142857142857139,True
TruckDrive,static,0,50-75,Vehicle-SemiTruck-Cab,scene_28_12,7,4,1,7,7,7,0,0,0,100.0,100.0,0.0,53.11625010226252,73.76288940923955,100.0,100.0,10.5,21.0,46.0,77.80000000000001,100.0,100.0,100.0,8.5,9.0,16.0,17.8,100.0,0,0.0,0,0.0,True
TruckDrive,static,0,50-75,Vehicle-SemiTruck-Cab,scene_28_18,1,1,1,1,1,1,0,0,0,100.0,100.0,0.0,53.00709056059885,53.00709056059885,100.0,100.0,266.0,266.0,266.0,266.0,100.0,100.0,100.0,16.0,16.0,16.0,16.0,100.0,0,0.0,0,0.0,True
TruckDrive,static,0,50-75,Vehicle-SemiTruck-Cab,scene_28_6,13,6,1,13,13,13,0,0,0,100.0,100.0,0.0,50.53557148618445,73.388929997983,92.3076923076923,69.23076923076923,4.0,27.0,82.0,138.00000000000003,100.0,100.0,76.92307692307693,9.0,11.0,15.0,28.400000000000006,100.0,0,0.0,0,0.0,True
TruckDrive,static,0,50-75,Vehicle-SemiTruck-Trailer,scene_28_1,16,4,1,16,16,16,0,0,0,100.0,100.0,0.0,51.090636665043604,74.53659083944713,100.0,100.0,276.5,513.0,1026.5,1193.0,100.0,100.0,100.0,21.0,33.5,44.25,49.5,100.0,0,0.0,0,0.0,True
TruckDrive,static,0,50-75,Vehicle-SemiTruck-Trailer,scene_28_12,6,4,1,6,6,6,0,0,0,100.0,100.0,0.0,52.218860187768485,69.75827146845704,100.0,100.0,83.75,139.5,178.75,540.5,100.0,100.0,100.0,16.5,19.5,39.75,49.0,100.0,0,0.0,0,0.0,True
TruckDrive,static,0,50-75,Vehicle-SemiTruck-Trailer,scene_28_18,1,1,1,1,1,1,0,0,0,100.0,100.0,0.0,62.18400889459293,62.18400889459293,100.0,100.0,439.0,439.0,439.0,439.0,100.0,100.0,100.0,49.0,49.0,49.0,49.0,100.0,0,0.0,0,0.0,True
TruckDrive,static,0,50-75,Vehicle-SemiTruck-Trailer,scene_28_6,17,8,1,17,17,17,0,0,0,100.0,100.0,0.0,53.03066030934999,74.83761077821913,100.0,100.0,69.0,92.0,518.0,1718.2,100.0,100.0,100.0,18.0,30.0,56.0,65.8,100.0,0,0.0,0,0.0,True
TruckDrive,static,0,50-75,Vehicle-SingleUnitTruck,scene_28_18,2,1,1,2,2,2,0,0,0,100.0,100.0,0.0,53.310796509546265,58.38173468512392,100.0,100.0,33.5,62.0,90.5,107.60000000000001,100.0,100.0,100.0,28.5,33.0,37.5,40.2,100.0,0,0.0,0,0.0,True
TruckDrive,static,0,50-75,Vehicle-Trailer,scene_28_12,6,1,1,6,6,6,0,0,0,100.0,100.0,0.0,57.49442670951815,73.51104617847498,100.0,100.0,448.25,540.0,634.0,671.0,100.0,100.0,100.0,31.75,34.0,34.75,38.5,100.0,0,0.0,0,0.0,True
TruckDrive,static,0,50-75,Vehicle-Trailer,scene_28_18,2,1,1,2,2,2,0,0,0,100.0,100.0,0.0,56.224428736441,58.41898903394282,100.0,100.0,152.0,229.0,306.0,352.2,100.0,100.0,100.0,10.25,12.5,14.75,16.1,100.0,0,0.0,0,0.0,True
TruckDrive,static,0,50-75,Vehicle-Trailer,scene_28_6,1,1,1,1,1,1,0,0,0,100.0,100.0,0.0,74.46406161517525,74.46406161517525,100.0,100.0,99.0,99.0,99.0,99.0,100.0,0.0,0.0,2.0,2.0,2.0,2.0,100.0,0,0.0,0,0.0,True
TruckDrive,static,0,75-100,RoadObstruction,scene_28_1,1,1,1,0,0,0,0,0,1,0.0,0.0,0.0,96.28323388441157,96.28323388441157,0.0,0.0,0.0,0.0,0.0,0.0,0.0,0.0,0.0,0.0,0.0,0.0,0.0,0.0,1,100.0,1,100.0,True
TruckDrive,static,0,75-100,RoadObstruction-Barrel,scene_28_1,83,30,1,53,4,4,49,0,30,63.85542168674698,4.819277108433735,59.03614457831324,75.24546062232928,99.96733023075379,26.506024096385545,10.843373493975903,0.0,1.0,3.0,4.799999999999997,66.38888888888889,0.0,0.0,0.0,0.0,0.0,0.0,6.666666666666667,30,36.14457831325302,79,95.18072289156626,False
TruckDrive,static,0,75-100,RoadObstruction-Barrel,scene_28_12,8,2,1,2,1,0,2,1,5,25.0,12.5,12.5,76.44441264542792,99.57400421869919,0.0,0.0,0.0,0.0,0.25,1.0,25.0,0.0,0.0,0.0,0.0,0.0,0.2999999999999998,12.5,6,75.0,7,87.5,True
TruckDrive,static,0,75-100,TrafficSign,scene_28_1,15,6,1,3,0,0,3,0,12,20.0,0.0,20.0,75.79150421401843,99.3264961761632,0.0,0.0,0.0,0.0,0.0,1.0,18.055555555555554,0.0,0.0,0.0,0.0,0.0,0.0,0.0,12,80.0,15,100.0,True
TruckDrive,static,0,75-100,TrafficSign,scene_28_12,60,17,1,6,1,0,6,1,53,10.0,1.6666666666666667,8.333333333333334,75.5921789461683,99.46342368005197,0.0,0.0,0.0,0.0,0.0,0.10000000000000142,14.215686274509803,0.0,0.0,0.0,0.0,0.0,0.0,0.7352941176470588,54,90.0,59,98.33333333333333,False
TruckDrive,static,0,75-100,TrafficSign,scene_28_24,28,2,1,20,2,2,18,0,8,71.42857142857143,7.142857142857142,64.28571428571429,83.05512742102286,99.27440737349413,64.28571428571429,64.28571428571429,0.0,22.5,50.75,128.80000000000015,83.33333333333333,0.0,0.0,0.0,0.0,0.0,0.0,25.0,8,28.57142857142857,26,92.85714285714286,True
TruckDrive,static,0,75-100,Vehicle,scene_28_1,2,2,1,1,1,1,0,0,1,50.0,50.0,0.0,78.81625696226494,80.87323848193297,50.0,50.0,2.25,4.5,6.75,8.1,50.0,0.0,0.0,0.25,0.5,0.75,0.9,50.0,1,50.0,1,50.0,True
TruckDrive,static,0,75-100,Vehicle-Other,scene_28_6,1,1,1,1,1,1,0,0,0,100.0,100.0,0.0,97.44106524276773,97.44106524276773,100.0,0.0,4.0,4.0,4.0,4.0,100.0,100.0,100.0,9.0,9.0,9.0,9.0,100.0,0,0.0,0,0.0,True
TruckDrive,static,0,75-100,Vehicle-Passenger,scene_28_1,11,10,1,9,4,2,7,2,0,81.81818181818183,36.36363636363637,45.45454545454546,75.61068987627937,99.0256875966767,45.45454545454545,18.181818181818183,1.0,2.0,4.0,5.0,85.0,0.0,0.0,0.0,0.0,1.0,1.0,35.0,2,18.181818181818173,7,63.63636363636363,True
TruckDrive,static,0,75-100,Vehicle-Passenger,scene_28_12,22,1,1,21,18,18,3,0,1,95.45454545454545,81.81818181818183,13.636363636363635,79.25069903958376,81.00055369825061,90.9090909090909,86.36363636363636,14.5,35.5,56.75,76.7,95.45454545454545,27.27272727272727,0.0,1.0,2.0,2.75,3.0,81.81818181818183,1,4.545454545454547,4,18.181818181818173,True
TruckDrive,static,0,75-100,Vehicle-Passenger,scene_28_18,17,6,1,16,11,10,6,1,0,94.11764705882352,64.70588235294117,29.411764705882348,75.71926530797184,98.910678103132,88.23529411764706,82.35294117647058,6.0,26.0,39.0,63.400000000000006,91.66666666666666,41.17647058823529,17.647058823529413,0.0,2.0,4.0,9.200000000000001,67.85714285714285,1,5.882352941176478,6,35.294117647058826,True
TruckDrive,static,0,75-100,Vehicle-Passenger,scene_28_6,13,5,1,11,7,6,5,1,1,84.61538461538461,53.84615384615385,30.76923076923077,76.69406171821684,98.2282030028212,84.61538461538461,84.61538461538461,14.0,64.0,98.0,133.0,60.0,7.6923076923076925,7.6923076923076925,0.0,1.0,2.0,2.0,48.57142857142858,2,15.384615384615387,6,46.15384615384615,True
TruckDrive,static,0,75-100,Vehicle-RV,scene_28_6,1,1,1,1,1,1,0,0,0,100.0,100.0,0.0,81.08584500827666,81.08584500827666,0.0,0.0,1.0,1.0,1.0,1.0,100.0,100.0,0.0,4.0,4.0,4.0,4.0,100.0,0,0.0,0,0.0,True
TruckDrive,static,0,75-100,Vehicle-SemiTruck-Cab,scene_28_1,17,4,1,12,16,11,1,5,0,70.58823529411765,94.11764705882352,-23.529411764705877,75.899453273696,95.74105460319124,41.17647058823529,29.411764705882355,0.0,1.0,5.0,11.0,67.85714285714286,94.11764705882352,88.23529411764706,8.0,11.0,16.0,17.0,75.0,5,29.411764705882348,1,5.882352941176478,True
TruckDrive,static,0,75-100,Vehicle-SemiTruck-Cab,scene_28_12,5,3,1,5,4,4,1,0,0,100.0,80.0,19.999999999999996,78.45067797988521,95.34987883787399,100.0,80.0,8.0,17.0,20.0,25.400000000000002,100.0,80.0,60.0,4.0,5.0,6.0,9.600000000000001,83.33333333333334,0,0.0,1,20.0,True
TruckDrive,static,0,75-100,Vehicle-SemiTruck-Cab,scene_28_18,1,1,1,1,1,1,0,0,0,100.0,100.0,0.0,78.25357077320602,78.25357077320602,100.0,100.0,34.0,34.0,34.0,34.0,100.0,100.0,100.0,20.0,20.0,20.0,20.0,100.0,0,0.0,0,0.0,True
TruckDrive,static,0,75-100,Vehicle-SemiTruck-Cab,scene_28_6,25,8,1,24,22,22,2,0,1,96.0,88.0,7.9999999999999964,76.16793751166425,99.31420207836348,92.0,92.0,11.0,101.0,152.0,205.80000000000004,93.75,80.0,64.0,3.0,6.0,12.0,16.400000000000006,91.47727272727273,1,4.0,3,12.0,False
TruckDrive,static,0,75-100,Vehicle-SemiTruck-Trailer,scene_28_1,12,4,1,12,12,12,0,0,0,100.0,100.0,0.0,76.0646171209991,95.34923944594593,91.66666666666666,91.66666666666666,39.5,328.5,386.25,469.20000000000005,100.0,100.0,91.66666666666666,16.5,23.0,26.0,26.9,100.0,0,0.0,0,0.0,True
TruckDrive,static,0,75-100,Vehicle-SemiTruck-Trailer,scene_28_12,6,4,1,6,6,6,0,0,0,100.0,100.0,0.0,78.26986533163736,97.55404784517735,100.0,100.0,37.25,69.5,87.5,101.5,100.0,100.0,100.0,7.25,17.5,26.25,32.5,100.0,0,0.0,0,0.0,True
TruckDrive,static,0,75-100,Vehicle-SemiTruck-Trailer,scene_28_18,1,1,1,1,1,1,0,0,0,100.0,100.0,0.0,88.564484249031,88.564484249031,100.0,100.0,41.0,41.0,41.0,41.0,100.0,100.0,100.0,25.0,25.0,25.0,25.0,100.0,0,0.0,0,0.0,True
TruckDrive,static,0,75-100,Vehicle-SemiTruck-Trailer,scene_28_6,26,8,1,25,26,25,0,1,0,96.15384615384616,100.0,-3.8461538461538436,77.24045157171793,99.02934909760017,92.3076923076923,92.3076923076923,25.25,177.5,526.75,955.5,93.75,100.0,100.0,12.25,15.0,26.0,33.0,100.0,1,3.8461538461538396,0,0.0,False
TruckDrive,static,0,75-100,Vehicle-SingleUnitTruck,scene_28_18,2,1,1,2,2,2,0,0,0,100.0,100.0,0.0,79.79215444888204,85.01886360441814,100.0,100.0,20.0,20.0,20.0,20.0,100.0,100.0,100.0,13.5,18.0,22.5,25.2,100.0,0,0.0,0,0.0,True
TruckDrive,static,0,75-100,Vehicle-Trailer,scene_28_1,1,1,1,1,1,1,0,0,0,100.0,100.0,0.0,77.3362595973265,77.3362595973265,100.0,100.0,37.0,37.0,37.0,37.0,100.0,100.0,0.0,4.0,4.0,4.0,4.0,100.0,0,0.0,0,0.0,True
TruckDrive,static,0,75-100,Vehicle-Trailer,scene_28_12,6,1,1,6,6,6,0,0,0,100.0,100.0,0.0,77.27723696745747,98.54970171723132,100.0,100.0,241.75,263.0,274.5,300.0,100.0,100.0,100.0,33.0,35.5,40.25,41.5,100.0,0,0.0,0,0.0,True
TruckDrive,static,0,75-100,Vehicle-Trailer,scene_28_18,2,1,1,2,2,2,0,0,0,100.0,100.0,0.0,81.67500209581823,84.08090487819297,100.0,100.0,39.25,50.5,61.75,68.5,100.0,50.0,50.0,4.5,8.0,11.5,13.6,100.0,0,0.0,0,0.0,True
TruckDrive,static,0,75-100,Vehicle-Trailer,scene_28_6,1,1,1,1,1,1,0,0,0,100.0,100.0,0.0,99.51421975805016,99.51421975805016,100.0,100.0,133.0,133.0,133.0,133.0,100.0,0.0,0.0,2.0,2.0,2.0,2.0,100.0,0,0.0,0,0.0,True
TruckDrive,static,0,100-150,RoadObstruction,scene_28_1,2,2,1,1,0,0,1,0,1,50.0,0.0,50.0,124.0458251007249,145.2940934507138,0.0,0.0,0.25,0.5,0.75,0.9,50.0,0.0,0.0,0.0,0.0,0.0,0.0,0.0,1,50.0,2,100.0,True
TruckDrive,static,0,100-150,RoadObstruction,scene_28_12,2,1,1,0,0,0,0,0,2,0.0,0.0,0.0,126.05105666840699,143.28852647304262,0.0,0.0,0.0,0.0,0.0,0.0,0.0,0.0,0.0,0.0,0.0,0.0,0.0,0.0,2,100.0,2,100.0,True
TruckDrive,static,0,100-150,RoadObstruction-Barrel,scene_28_1,160,31,1,47,6,1,46,5,108,29.375,3.75,25.625000000000004,100.01457537159469,149.85105342932135,8.75,2.5,0.0,0.0,1.0,2.0,29.093701996927805,0.0,0.0,0.0,0.0,0.0,0.0,4.381720430107527,113,70.625,154,96.25,False
TruckDrive,static,0,100-150,RoadObstruction-Barrel,scene_28_12,10,2,1,2,1,0,2,1,7,20.0,10.0,10.0,104.5221015724081,143.22640457686262,0.0,0.0,0.0,0.0,0.0,1.0,20.833333333333332,0.0,0.0,0.0,0.0,0.0,0.09999999999999964,12.5,8,80.0,9,90.0,True
TruckDrive,static,0,100-150,TrafficSign,scene_28_1,30,6,1,5,0,0,5,0,25,16.666666666666664,0.0,16.666666666666664,100.23295842675192,149.8043785510788,0.0,0.0,0.0,0.0,0.0,1.0,11.11111111111111,0.0,0.0,0.0,0.0,0.0,0.0,0.0,25,83.33333333333334,30,100.0,False
TruckDrive,static,0,100-150,TrafficSign,scene_28_12,106,20,1,10,2,0,10,2,94,9.433962264150944,1.8867924528301887,7.547169811320756,100.07915340275993,149.77802477287503,4.716981132075472,1.8867924528301887,0.0,0.0,0.0,0.0,7.255952380952382,0.0,0.0,0.0,0.0,0.0,0.0,2.6666666666666665,96,90.56603773584905,104,98.11320754716981,False
TruckDrive,static,0,100-150,TrafficSign,scene_28_24,17,2,1,7,0,0,7,0,10,41.17647058823529,0.0,41.17647058823529,102.0515260064733,112.1430559245427,41.17647058823529,35.294117647058826,0.0,0.0,6.0,9.4,38.88888888888889,0.0,0.0,0.0,0.0,0.0,0.0,0.0,10,58.82352941176471,17,100.0,True
TruckDrive,static,0,100-150,Vehicle,scene_28_18,22,1,1,22,22,22,0,0,0,100.0,100.0,0.0,137.2206696633271,148.91381342419794,95.45454545454545,95.45454545454545,76.75,110.0,132.0,154.10000000000005,100.0,86.36363636363636,59.09090909090909,4.0,5.0,6.0,7.0,100.0,0,0.0,0,0.0,True
TruckDrive,static,0,100-150,Vehicle,scene_28_6,8,2,1,8,8,8,0,0,0,100.0,100.0,0.0,104.37622497689988,147.59132007847344,87.5,87.5,10.25,20.0,24.0,40.199999999999996,100.0,37.5,0.0,1.75,2.0,3.0,3.0,100.0,0,0.0,0,0.0,True
TruckDrive,static,0,100-150,Vehicle-Other,scene_28_6,1,1,1,1,1,1,0,0,0,100.0,100.0,0.0,130.3234563016597,130.3234563016597,0.0,0.0,2.0,2.0,2.0,2.0,100.0,100.0,100.0,7.0,7.0,7.0,7.0,100.0,0,0.0,0,0.0,True
TruckDrive,static,0,100-150,Vehicle-Passenger,scene_28_1,18,11,1,6,6,1,5,5,7,33.33333333333333,33.33333333333333,0.0,103.25284269759703,147.2730748425423,16.666666666666664,5.555555555555555,0.0,0.0,1.75,4.0,40.909090909090914,0.0,0.0,0.0,0.0,1.0,2.0,31.818181818181817,12,66.66666666666667,12,66.66666666666667,True
TruckDrive,static,0,100-150,Vehicle-Passenger,scene_28_18,40,7,1,33,35,30,3,5,2,82.5,87.5,-5.000000000000004,100.380581386362,149.6341155859118,75.0,62.5,2.75,10.0,20.25,29.300000000000004,67.6190476190476,42.5,5.0,1.0,2.0,3.0,4.0,78.57142857142857,7,17.5,5,12.5,False
TruckDrive,static,0,100-150,Vehicle-Passenger,scene_28_6,16,4,1,16,6,6,10,0,0,100.0,37.5,62.5,101.40321414395491,145.3494149274749,93.75,75.0,6.25,26.5,32.5,48.5,100.0,12.5,0.0,0.0,0.0,1.0,3.0,59.166666666666664,0,0.0,10,62.5,True
TruckDrive,static,0,100-150,Vehicle-RV,scene_28_6,2,1,1,2,2,2,0,0,0,100.0,100.0,0.0,106.64524990446951,133.66667790333872,100.0,100.0,7.25,8.5,9.75,10.5,100.0,0.0,0.0,1.0,1.0,1.0,1.0,100.0,0,0.0,0,0.0,True
TruckDrive,static,0,100-150,Vehicle-SemiTruck-Cab,scene_28_1,10,3,1,9,9,8,1,1,0,90.0,90.0,0.0,112.60253570154885,147.84398735180793,40.0,30.0,1.25,2.0,4.5,6.6999999999999975,95.83333333333334,90.0,90.0,7.0,8.0,8.75,9.2,66.66666666666666,1,10.0,1,10.0,True
TruckDrive,static,0,100-150,Vehicle-SemiTruck-Cab,scene_28_12,12,6,1,10,11,10,0,1,1,83.33333333333334,91.66666666666666,-8.333333333333325,101.08026907499156,142.10979294805549,83.33333333333334,75.0,6.75,15.0,128.0,594.8000000000001,88.88888888888889,75.0,66.66666666666666,2.75,6.0,8.25,11.700000000000001,94.44444444444443,2,16.666666666666657,1,8.333333333333343,True
TruckDrive,static,0,100-150,Vehicle-SemiTruck-Cab,scene_28_18,2,1,1,2,2,2,0,0,0,100.0,100.0,0.0,110.91646350562034,138.50645160944234,100.0,100.0,23.75,27.5,31.25,33.5,100.0,100.0,100.0,5.75,6.5,7.25,7.7,100.0,0,0.0,0,0.0,True
TruckDrive,static,0,100-150,Vehicle-SemiTruck-Cab,scene_28_6,63,8,1,60,56,54,6,2,1,95.23809523809523,88.88888888888889,6.349206349206349,100.63822132308648,146.54234299167365,88.88888888888889,87.3015873015873,18.5,57.0,91.0,125.00000000000004,92.85714285714286,63.49206349206349,26.984126984126984,2.0,3.0,5.0,5.800000000000004,84.63955026455027,3,4.761904761904773,7,11.111111111111114,False
TruckDrive,static,0,100-150,Vehicle-SemiTruck-Trailer,scene_28_1,14,2,1,14,13,13,1,0,0,100.0,92.85714285714286,7.14285714285714,115.6735973377614,149.51235788763145,100.0,100.0,25.75,34.0,55.0,65.80000000000001,100.0,92.85714285714286,92.85714285714286,9.0,11.0,18.5,20.0,50.0,0,0.0,1,7.142857142857139,True
TruckDrive,static,0,100-150,Vehicle-SemiTruck-Trailer,scene_28_12,12,6,1,12,12,12,0,0,0,100.0,100.0,0.0,105.58556035308438,146.64404483896672,100.0,100.0,16.5,72.5,134.75,201.5,100.0,91.66666666666666,91.66666666666666,8.0,11.0,14.25,22.200000000000003,100.0,0,0.0,0,0.0,True
TruckDrive,static,0,100-150,Vehicle-SemiTruck-Trailer,scene_28_18,2,1,1,2,2,2,0,0,0,100.0,100.0,0.0,121.74586042059127,149.61581668734965,100.0,100.0,20.25,25.5,30.75,33.9,100.0,100.0,100.0,16.5,19.0,21.5,23.0,100.0,0,0.0,0,0.0,True
TruckDrive,static,0,100-150,Vehicle-SemiTruck-Trailer,scene_28_6,51,9,1,49,50,48,1,2,0,96.07843137254902,98.0392156862745,-1.9607843137254832,100.26475808240477,149.72193380985757,92.15686274509804,90.19607843137256,27.5,81.0,216.0,247.0,96.82539682539684,80.3921568627451,74.50980392156863,4.5,18.0,25.0,28.0,98.41269841269842,2,3.9215686274509807,1,1.9607843137254974,False
TruckDrive,static,0,100-150,Vehicle-SingleUnitTruck,scene_28_18,20,2,1,20,19,19,1,0,0,100.0,95.0,5.000000000000004,107.89679924334742,143.5236124185936,90.0,85.0,120.5,213.0,279.0,328.4,100.0,70.0,25.0,2.0,4.0,4.25,8.600000000000009,96.875,0,0.0,1,5.0,True
TruckDrive,static,0,100-150,Vehicle-Trailer,scene_28_1,2,1,1,2,2,2,0,0,0,100.0,100.0,0.0,107.46517102208448,137.8854069714319,100.0,100.0,9.75,13.5,17.25,19.5,100.0,50.0,0.0,1.75,2.5,3.25,3.7,100.0,0,0.0,0,0.0,True
TruckDrive,static,0,100-150,Vehicle-Trailer,scene_28_12,9,1,1,9,9,9,0,0,0,100.0,100.0,0.0,103.27842576703888,148.2364399300797,100.0,100.0,111.0,136.0,166.0,203.4,100.0,100.0,100.0,34.0,36.0,38.0,39.4,100.0,0,0.0,0,0.0,True
TruckDrive,static,0,100-150,Vehicle-Trailer,scene_28_18,4,1,1,4,3,3,1,0,0,100.0,75.0,25.0,108.90916865253664,145.95430085405872,100.0,100.0,46.75,64.5,81.25,87.10000000000001,100.0,50.0,25.0,0.75,2.5,4.5,5.4,75.0,0,0.0,1,25.0,True
TruckDrive,static,0,100-150,Vehicle-Trailer,scene_28_6,1,1,1,1,0,0,1,0,0,100.0,0.0,100.0,126.09110418000145,126.09110418000145,100.0,100.0,40.0,40.0,40.0,40.0,100.0,0.0,0.0,0.0,0.0,0.0,0.0,0.0,0,0.0,1,100.0,True
TruckDrive,static,0,150-200,RoadObstruction,scene_28_1,23,9,1,5,0,0,5,0,18,21.73913043478261,0.0,21.73913043478261,150.12315334501665,199.34786625091186,4.3478260869565215,0.0,0.0,0.0,0.0,2.0,23.148148148148152,0.0,0.0,0.0,0.0,0.0,0.0,0.0,18,78.26086956521739,23,100.0,False
TruckDrive,static,0,150-200,RoadObstruction,scene_28_12,7,2,1,1,0,0,1,0,6,14.285714285714285,0.0,14.285714285714285,150.53008577518995,194.12126664134763,14.285714285714285,0.0,0.0,0.0,0.0,1.6000000000000014,12.5,0.0,0.0,0.0,0.0,0.0,0.0,0.0,6,85.71428571428572,7,100.0,True
TruckDrive,static,0,150-200,RoadObstruction-Barrel,scene_28_1,92,27,1,14,1,0,14,1,77,15.217391304347828,1.0869565217391304,14.130434782608697,150.18881488316208,199.9384513570718,5.434782608695652,1.0869565217391304,0.0,0.0,0.0,1.0,14.210758377425044,0.0,0.0,0.0,0.0,0.0,0.0,3.7037037037037033,78,84.78260869565217,91,98.91304347826087,False
TruckDrive,static,0,150-200,RoadObstruction-Barrel,scene_28_12,7,2,1,0,0,0,0,0,7,0.0,0.0,0.0,150.78002662282594,197.6915866443452,0.0,0.0,0.0,0.0,0.0,0.0,0.0,0.0,0.0,0.0,0.0,0.0,0.0,0.0,7,100.0,7,100.0,True
TruckDrive,static,0,150-200,TrafficSign,scene_28_1,26,5,1,1,0,0,1,0,25,3.8461538461538463,0.0,3.8461538461538463,150.72592570279625,199.00700278624328,0.0,0.0,0.0,0.0,0.0,0.0,2.5,0.0,0.0,0.0,0.0,0.0,0.0,0.0,25,96.15384615384616,26,100.0,False
TruckDrive,static,0,150-200,TrafficSign,scene_28_12,92,24,1,11,0,0,11,0,81,11.956521739130435,0.0,11.956521739130435,150.3231986970195,198.8561326044098,3.260869565217391,3.260869565217391,0.0,0.0,0.0,1.0,13.888888888888888,0.0,0.0,0.0,0.0,0.0,0.0,0.0,81,88.04347826086956,92,100.0,False
TruckDrive,static,0,150-200,TrafficSign,scene_28_18,12,3,1,0,0,0,0,0,12,0.0,0.0,0.0,150.35048049437566,199.70237418425347,0.0,0.0,0.0,0.0,0.0,0.0,0.0,0.0,0.0,0.0,0.0,0.0,0.0,0.0,12,100.0,12,100.0,True
TruckDrive,static,0,150-200,TrafficSign,scene_28_24,9,2,1,1,0,0,1,0,8,11.11111111111111,0.0,11.11111111111111,159.44302771626278,168.72950632582754,0.0,0.0,0.0,0.0,0.0,0.40000000000000036,8.333333333333332,0.0,0.0,0.0,0.0,0.0,0.0,0.0,8,88.88888888888889,9,100.0,True
TruckDrive,static,0,150-200,Vehicle,scene_28_1,3,2,1,1,1,1,0,0,2,33.33333333333333,33.33333333333333,0.0,153.9345667754653,177.66030580339623,33.33333333333333,0.0,0.0,0.0,2.0,3.2,50.0,0.0,0.0,0.0,0.0,0.5,0.8,50.0,2,66.66666666666667,2,66.66666666666667,True
TruckDrive,static,0,150-200,Vehicle,scene_28_12,2,1,1,0,2,0,0,2,0,0.0,100.0,-100.0,174.01300604464842,187.28189864416186,0.0,0.0,0.0,0.0,0.0,0.0,0.0,100.0,0.0,3.25,3.5,3.75,3.9,100.0,2,100.0,0,0.0,True
TruckDrive,static,0,150-200,Vehicle,scene_28_6,26,2,1,22,20,16,6,4,0,84.61538461538461,76.92307692307693,7.692307692307687,150.80024684336743,197.38795765737675,80.76923076923077,76.92307692307693,7.25,16.5,32.5,102.5,84.61538461538461,26.923076923076923,0.0,1.0,1.0,2.75,3.0,76.92307692307693,4,15.384615384615387,6,23.076923076923066,True
TruckDrive,static,0,150-200,Vehicle-Bus,scene_28_18,1,1,1,0,1,0,0,1,0,0.0,100.0,-100.0,177.87542309528652,177.87542309528652,0.0,0.0,0.0,0.0,0.0,0.0,0.0,100.0,100.0,20.0,20.0,20.0,20.0,100.0,1,100.0,0,0.0,True
TruckDrive,static,0,150-200,Vehicle-Equipment,scene_28_1,2,1,1,2,0,0,2,0,0,100.0,0.0,100.0,163.3873574148229,176.7192198830252,100.0,50.0,4.25,5.5,6.75,7.5,100.0,0.0,0.0,0.0,0.0,0.0,0.0,0.0,0,0.0,2,100.0,True
TruckDrive,static,0,150-200,Vehicle-Other,scene_28_6,2,1,1,2,2,2,0,0,0,100.0,100.0,0.0,158.35541605971324,186.78623020504358,100.0,100.0,13.75,16.5,19.25,20.9,100.0,50.0,50.0,3.25,4.5,5.75,6.5,100.0,0,0.0,0,0.0,True
TruckDrive,static,0,150-200,Vehicle-Passenger,scene_28_1,15,5,1,10,5,4,6,1,4,66.66666666666666,33.33333333333333,33.33333333333333,154.03596802110513,198.75333675562098,33.33333333333333,33.33333333333333,0.0,1.0,8.5,24.599999999999998,62.142857142857146,0.0,0.0,0.0,0.0,2.0,2.0,48.57142857142856,5,33.33333333333334,10,66.66666666666667,True
TruckDrive,static,0,150-200,Vehicle-Passenger,scene_28_12,12,1,1,11,6,5,6,1,0,91.66666666666666,50.0,41.666666666666664,165.93708954582632,186.53381818594744,83.33333333333334,75.0,5.5,8.5,10.5,13.8,91.66666666666666,0.0,0.0,0.0,0.5,1.25,2.0,50.0,1,8.333333333333343,6,50.0,True
TruckDrive,static,0,150-200,Vehicle-Passenger,scene_28_18,30,6,1,24,13,9,15,4,2,80.0,43.333333333333336,36.66666666666667,152.30494406940272,199.87630076942094,73.33333333333333,60.0,1.5,8.0,15.0,24.0,70.83333333333334,3.3333333333333335,0.0,0.0,0.0,1.75,2.0,42.36111111111111,6,20.0,17,56.666666666666664,False
TruckDrive,static,0,150-200,Vehicle-Passenger,scene_28_6,7,4,1,6,4,3,3,1,0,85.71428571428571,57.14285714285714,28.57142857142857,150.5748978242395,195.99622348040978,57.14285714285714,42.857142857142854,1.0,3.0,8.0,15.000000000000005,91.66666666666666,28.57142857142857,0.0,0.0,1.0,2.5,3.0,41.666666666666664,1,14.285714285714292,3,42.85714285714286,True
TruckDrive,static,0,150-200,Vehicle-RV,scene_28_6,2,1,1,2,0,0,2,0,0,100.0,0.0,100.0,161.29842305569787,194.50344195811496,50.0,50.0,4.0,7.0,10.0,11.8,100.0,0.0,0.0,0.0,0.0,0.0,0.0,0.0,0,0.0,2,100.0,True
TruckDrive,static,0,150-200,Vehicle-SemiTruck-Cab,scene_28_1,39,2,1,20,30,18,2,12,7,51.28205128205128,76.92307692307693,-25.64102564102565,150.28445056882035,199.9727196236663,41.02564102564102,38.46153846153847,0.0,1.0,6.0,11.800000000000011,54.166666666666664,64.1025641025641,48.717948717948715,1.0,4.0,7.0,8.400000000000006,78.75000000000001,19,48.71794871794872,9,23.076923076923066,True
TruckDrive,static,0,150-200,Vehicle-SemiTruck-Cab,scene_28_12,13,6,1,12,10,10,2,0,1,92.3076923076923,76.92307692307693,15.384615384615385,151.37582354922944,190.2424357630153,92.3076923076923,92.3076923076923,7.0,23.0,51.0,204.40000000000006,91.66666666666666,46.15384615384615,23.076923076923077,1.0,2.0,4.0,5.800000000000001,75.0,1,7.692307692307693,3,23.076923076923066,True
TruckDrive,static,0,150-200,Vehicle-SemiTruck-Cab,scene_28_18,3,2,1,3,1,1,2,0,0,100.0,33.33333333333333,66.66666666666667,167.0404484927754,196.90011734417828,66.66666666666666,66.66666666666666,22.0,43.0,53.5,59.8,100.0,0.0,0.0,0.0,0.0,1.0,1.6,25.0,0,0.0,2,66.66666666666667,True
TruckDrive,static,0,150-200,Vehicle-SemiTruck-Cab,scene_28_6,15,6,1,15,8,8,7,0,0,100.0,53.333333333333336,46.666666666666664,154.61008139180475,198.99440052543983,100.0,100.0,10.5,16.0,25.0,45.199999999999996,100.0,33.33333333333333,13.333333333333334,0.0,1.0,3.5,4.6,52.77777777777778,0,0.0,7,46.666666666666664,True
TruckDrive,static,0,150-200,Vehicle-SemiTruck-Trailer,scene_28_1,55,3,1,53,47,46,7,1,1,96.36363636363636,85.45454545454545,10.909090909090914,151.82880867643766,199.71118933728965,96.36363636363636,92.72727272727272,20.0,44.0,65.5,79.80000000000001,98.03921568627452,52.72727272727272,38.18181818181819,1.0,3.0,9.5,17.0,60.010319917440654,2,3.6363636363636402,8,14.545454545454547,True
TruckDrive,static,0,150-200,Vehicle-SemiTruck-Trailer,scene_28_12,20,9,1,20,18,18,2,0,0,100.0,90.0,9.999999999999998,152.37275756461244,199.68700638182082,90.0,85.0,10.25,67.5,77.25,147.20000000000002,100.0,55.00000000000001,50.0,1.75,4.0,6.0,12.600000000000009,88.88888888888889,0,0.0,2,10.0,False
TruckDrive,static,0,150-200,Vehicle-SemiTruck-Trailer,scene_28_18,2,2,1,2,2,2,0,0,0,100.0,100.0,0.0,176.50442859807507,178.112387054056,100.0,100.0,22.5,25.0,27.5,29.0,100.0,50.0,50.0,3.75,6.5,9.25,10.9,100.0,0,0.0,0,0.0,True
TruckDrive,static,0,150-200,Vehicle-SemiTruck-Trailer,scene_28_6,20,9,1,19,16,15,4,1,0,95.0,80.0,14.999999999999991,150.2692484722888,194.20532472507605,85.0,85.0,14.75,26.0,77.25,166.2,94.44444444444444,50.0,45.0,1.0,3.0,7.25,9.600000000000023,68.5185185185185,1,5.0,4,20.0,False
TruckDrive,static,0,150-200,Vehicle-SingleUnitTruck,scene_28_18,1,1,1,0,1,0,0,1,0,0.0,100.0,-100.0,180.04087629525,180.04087629525,0.0,0.0,0.0,0.0,0.0,0.0,0.0,0.0,0.0,1.0,1.0,1.0,1.0,100.0,1,100.0,0,0.0,True
TruckDrive,static,0,150-200,Vehicle-Trailer,scene_28_1,1,1,1,1,1,1,0,0,0,100.0,100.0,0.0,168.07941557968434,168.07941557968434,0.0,0.0,1.0,1.0,1.0,1.0,100.0,100.0,0.0,3.0,3.0,3.0,3.0,100.0,0,0.0,0,0.0,True
TruckDrive,static,0,150-200,Vehicle-Trailer,scene_28_12,7,1,1,7,7,7,0,0,0,100.0,100.0,0.0,154.4629087431175,196.30757620340373,100.0,100.0,88.0,131.0,183.5,251.40000000000003,100.0,100.0,100.0,14.5,20.0,27.5,28.8,100.0,0,0.0,0,0.0,True
TruckDrive,static,0,150-200,Vehicle-Trailer,scene_28_18,3,1,1,3,1,1,2,0,0,100.0,33.33333333333333,66.66666666666667,166.25042235053456,196.18808402854907,100.0,100.0,41.0,71.0,77.5,81.4,100.0,33.33333333333333,0.0,0.0,0.0,1.5,2.4000000000000004,33.33333333333333,0,0.0,2,66.66666666666667,True
TruckDrive,static,0,150-200,Vehicle-Trailer,scene_28_6,2,1,1,2,0,0,2,0,0,100.0,0.0,100.0,153.51073085354014,187.19641571392606,100.0,100.0,28.25,33.5,38.75,41.9,100.0,0.0,0.0,0.0,0.0,0.0,0.0,0.0,0,0.0,2,100.0,True
TruckDrive,static,0,200-250,RoadObstruction,scene_28_1,26,9,1,8,0,0,8,0,18,30.76923076923077,0.0,30.76923076923077,200.63495369006688,249.01143860608167,15.384615384615385,3.8461538461538463,0.0,0.0,1.75,3.5,26.851851851851848,0.0,0.0,0.0,0.0,0.0,0.0,0.0,18,69.23076923076923,26,100.0,False
TruckDrive,static,0,200-250,RoadObstruction,scene_28_12,7,2,1,0,0,0,0,0,7,0.0,0.0,0.0,201.40761179984057,244.98267262414763,0.0,0.0,0.0,0.0,0.0,0.0,0.0,0.0,0.0,0.0,0.0,0.0,0.0,0.0,7,100.0,7,100.0,True
TruckDrive,static,0,200-250,RoadObstruction-Barrel,scene_28_1,55,18,1,7,0,0,7,0,48,12.727272727272727,0.0,12.727272727272727,200.0625118208934,249.88406295481,3.6363636363636362,1.8181818181818181,0.0,0.0,0.0,1.0,11.574074074074073,0.0,0.0,0.0,0.0,0.0,0.0,0.0,48,87.27272727272728,55,100.0,False
TruckDrive,static,0,200-250,RoadObstruction-Barrel,scene_28_12,5,2,1,1,0,0,1,0,4,20.0,0.0,20.0,204.85237806454052,234.0520171871552,0.0,0.0,0.0,0.0,0.0,1.2000000000000002,16.666666666666664,0.0,0.0,0.0,0.0,0.0,0.0,0.0,4,80.0,5,100.0,True
TruckDrive,static,0,200-250,TrafficSign,scene_28_1,23,6,1,5,0,0,5,0,18,21.73913043478261,0.0,21.73913043478261,204.12690866950064,248.82613241559415,4.3478260869565215,0.0,0.0,0.0,0.0,1.0,20.833333333333336,0.0,0.0,0.0,0.0,0.0,0.0,0.0,18,78.26086956521739,23,100.0,False
TruckDrive,static,0,200-250,TrafficSign,scene_28_12,83,22,1,11,0,0,11,0,72,13.253012048192772,0.0,13.253012048192772,200.46007809898492,249.66868557030105,4.819277108433735,1.2048192771084338,0.0,0.0,0.0,1.0,13.906926406926406,0.0,0.0,0.0,0.0,0.0,0.0,0.0,72,86.74698795180723,83,100.0,False
TruckDrive,static,0,200-250,TrafficSign,scene_28_18,11,4,1,1,0,0,1,0,10,9.090909090909092,0.0,9.090909090909092,208.10980309798109,246.70783262698745,0.0,0.0,0.0,0.0,0.0,0.0,8.333333333333332,0.0,0.0,0.0,0.0,0.0,0.0,0.0,10,90.9090909090909,11,100.0,True
TruckDrive,static,0,200-250,TrafficSign,scene_28_24,3,1,1,0,0,0,0,0,3,0.0,0.0,0.0,228.18726066419157,232.18225850084806,0.0,0.0,0.0,0.0,0.0,0.0,0.0,0.0,0.0,0.0,0.0,0.0,0.0,0.0,3,100.0,3,100.0,True
TruckDrive,static,0,200-250,TrafficSign,scene_28_6,1,1,1,0,0,0,0,0,1,0.0,0.0,0.0,223.71035875678777,223.71035875678777,0.0,0.0,0.0,0.0,0.0,0.0,0.0,0.0,0.0,0.0,0.0,0.0,0.0,0.0,1,100.0,1,100.0,True
TruckDrive,static,0,200-250,Vehicle,scene_28_12,5,2,1,4,2,1,3,1,0,80.0,40.0,40.0,200.92372660649855,245.64094980450042,80.0,60.0,3.0,6.0,10.0,12.4,87.5,20.0,0.0,0.0,0.0,2.0,2.6,25.0,1,20.0,3,60.0,True
TruckDrive,static,0,200-250,Vehicle,scene_28_6,8,2,1,3,1,1,2,0,5,37.5,12.5,25.0,201.54258863542225,227.7209724809492,25.0,25.0,0.0,0.0,2.5,7.3,64.28571428571428,0.0,0.0,0.0,0.0,0.0,0.5999999999999996,7.142857142857142,5,62.5,7,87.5,True
TruckDrive,static,0,200-250,Vehicle-Bus,scene_28_18,2,1,1,2,2,2,0,0,0,100.0,100.0,0.0,208.79788513686086,239.83276001749218,50.0,50.0,3.75,6.5,9.25,10.9,100.0,100.0,100.0,7.5,8.0,8.5,8.8,100.0,0,0.0,0,0.0,True
TruckDrive,static,0,200-250,Vehicle-Other,scene_28_6,1,1,1,1,1,1,0,0,0,100.0,100.0,0.0,216.1487068441776,216.1487068441776,100.0,100.0,8.0,8.0,8.0,8.0,100.0,100.0,100.0,6.0,6.0,6.0,6.0,100.0,0,0.0,0,0.0,True
TruckDrive,static,0,200-250,Vehicle-Passenger,scene_28_1,22,5,1,15,7,7,8,0,7,68.18181818181817,31.818181818181817,36.36363636363636,201.91332212775274,249.9157658332935,63.63636363636363,50.0,0.0,4.5,8.0,10.0,50.38461538461539,4.545454545454546,0.0,0.0,0.0,1.0,2.0,19.230769230769234,7,31.818181818181827,15,68.18181818181819,False
TruckDrive,static,0,200-250,Vehicle-Passenger,scene_28_18,26,4,1,22,8,4,18,4,0,84.61538461538461,30.76923076923077,53.84615384615385,210.85990809166134,249.60712874363585,84.61538461538461,84.61538461538461,12.75,21.0,28.5,37.0,25.0,0.0,0.0,0.0,0.0,1.0,1.0,79.54545454545455,4,15.384615384615387,18,69.23076923076923,True
TruckDrive,static,0,200-250,Vehicle-Passenger,scene_28_6,1,1,1,0,1,0,0,1,0,0.0,100.0,-100.0,214.64145831489262,214.64145831489262,0.0,0.0,0.0,0.0,0.0,0.0,0.0,0.0,0.0,1.0,1.0,1.0,1.0,100.0,1,100.0,0,0.0,True
TruckDrive,static,0,200-250,Vehicle-SemiTruck-Cab,scene_28_1,14,1,1,5,7,2,3,5,4,35.714285714285715,50.0,-14.285714285714285,201.06925163807026,215.79352150362988,21.428571428571427,14.285714285714285,0.0,0.0,1.75,4.400000000000002,35.714285714285715,21.428571428571427,0.0,0.0,0.5,2.0,3.0,50.0,9,64.28571428571428,7,50.0,True
TruckDrive,static,0,200-250,Vehicle-SemiTruck-Cab,scene_28_12,10,4,1,9,8,8,1,0,1,90.0,80.0,9.999999999999998,204.11132949039956,249.6109946061744,90.0,90.0,7.0,11.0,25.75,71.89999999999999,87.5,30.0,0.0,1.0,1.5,2.75,3.0,75.0,1,10.0,2,20.0,True
TruckDrive,static,0,200-250,Vehicle-SemiTruck-Cab,scene_28_18,3,2,1,1,1,0,1,1,1,33.33333333333333,33.33333333333333,0.0,217.2707973608132,248.3359483739058,33.33333333333333,0.0,0.0,0.0,1.5,2.4000000000000004,25.0,0.0,0.0,0.0,0.0,1.0,1.6,50.0,2,66.66666666666667,2,66.66666666666667,True
TruckDrive,static,0,200-250,Vehicle-SemiTruck-Cab,scene_28_6,11,6,1,10,8,7,3,1,0,90.9090909090909,72.72727272727273,18.181818181818176,202.22356028339837,249.2167268956506,81.81818181818183,81.81818181818183,6.0,9.0,21.5,30.0,91.66666666666666,18.181818181818183,0.0,0.5,1.0,2.0,3.0,87.5,1,9.090909090909093,3,27.272727272727266,True
TruckDrive,static,0,200-250,Vehicle-SemiTruck-Trailer,scene_28_1,12,3,1,12,10,10,2,0,0,100.0,83.33333333333334,16.666666666666664,201.21255469464592,240.5537241522084,91.66666666666666,91.66666666666666,29.75,37.0,54.25,69.10000000000001,100.0,25.0,0.0,1.0,2.0,2.25,3.0,66.66666666666666,0,0.0,2,16.666666666666657,True
TruckDrive,static,0,200-250,Vehicle-SemiTruck-Trailer,scene_28_12,27,11,1,25,23,21,4,2,0,92.5925925925926,85.18518518518519,7.4074074074074066,200.0481951240057,249.7046674149109,88.88888888888889,88.88888888888889,11.0,30.0,49.0,154.80000000000007,93.93939393939394,44.44444444444444,33.33333333333333,1.5,2.0,6.0,8.800000000000004,72.72727272727273,2,7.407407407407405,4,14.81481481481481,False
TruckDrive,static,0,200-250,Vehicle-SemiTruck-Trailer,scene_28_18,4,2,1,4,3,3,1,0,0,100.0,75.0,25.0,207.27767089747388,238.65419293116855,100.0,100.0,7.25,20.0,32.5,33.4,100.0,75.0,50.0,3.0,5.0,6.5,7.4,75.0,0,0.0,1,25.0,True
TruckDrive,static,0,200-250,Vehicle-SemiTruck-Trailer,scene_28_6,16,6,1,12,12,10,2,2,2,75.0,75.0,0.0,201.68972383528677,245.94981964285506,75.0,75.0,3.75,20.0,33.0,58.5,66.66666666666666,31.25,18.75,0.75,2.0,3.0,5.0,70.83333333333334,4,25.0,4,25.0,True
TruckDrive,static,0,200-250,Vehicle-Trailer,scene_28_12,6,1,1,6,6,6,0,0,0,100.0,100.0,0.0,203.3998259724022,241.56629727532206,100.0,100.0,28.25,59.5,105.0,114.0,100.0,50.0,16.666666666666664,1.0,2.0,3.75,8.5,100.0,0,0.0,0,0.0,True
TruckDrive,static,0,200-250,Vehicle-Trailer,scene_28_18,3,1,1,3,2,2,1,0,0,100.0,66.66666666666666,33.333333333333336,204.41397427391732,233.8786707344464,100.0,66.66666666666666,10.0,16.0,24.0,28.8,100.0,0.0,0.0,0.5,1.0,1.5,1.8,66.66666666666666,0,0.0,1,33.33333333333334,True
TruckDrive,static,0,200-250,Vehicle-Trailer,scene_28_6,2,1,1,1,0,0,1,0,1,50.0,0.0,50.0,216.10033212665493,245.33512423621337,50.0,50.0,1.5,3.0,4.5,5.4,50.0,0.0,0.0,0.0,0.0,0.0,0.0,0.0,1,50.0,2,100.0,True
TruckDrive,static,0,250-300,RoadObstruction,scene_28_1,5,2,1,0,0,0,0,0,5,0.0,0.0,0.0,250.2288925344351,290.93512442165746,0.0,0.0,0.0,0.0,0.0,0.0,0.0,0.0,0.0,0.0,0.0,0.0,0.0,0.0,5,100.0,5,100.0,True
TruckDrive,static,0,250-300,RoadObstruction,scene_28_12,3,2,1,0,0,0,0,0,3,0.0,0.0,0.0,251.98576590866227,274.0278270848728,0.0,0.0,0.0,0.0,0.0,0.0,0.0,0.0,0.0,0.0,0.0,0.0,0.0,0.0,3,100.0,3,100.0,True
TruckDrive,static,0,250-300,RoadObstruction-Barrel,scene_28_1,40,13,1,4,0,0,4,0,36,10.0,0.0,10.0,250.28325197553792,296.9769879253048,7.5,0.0,0.0,0.0,0.0,0.10000000000000142,10.256410256410255,0.0,0.0,0.0,0.0,0.0,0.0,0.0,36,90.0,40,100.0,False
TruckDrive,static,0,250-300,TrafficSign,scene_28_1,16,5,1,2,0,0,2,0,14,12.5,0.0,12.5,253.6482097085313,295.28354573102484,0.0,0.0,0.0,0.0,0.0,0.5,11.666666666666666,0.0,0.0,0.0,0.0,0.0,0.0,0.0,14,87.5,16,100.0,True
TruckDrive,static,0,250-300,TrafficSign,scene_28_12,68,21,1,10,0,0,10,0,58,14.705882352941178,0.0,14.705882352941178,250.22779380742782,299.7593048037392,1.4705882352941175,0.0,0.0,0.0,0.0,1.0,17.46031746031746,0.0,0.0,0.0,0.0,0.0,0.0,0.0,58,85.29411764705883,68,100.0,False
TruckDrive,static,0,250-300,TrafficSign,scene_28_18,14,5,1,0,0,0,0,0,14,0.0,0.0,0.0,252.21962494695342,299.3158594442666,0.0,0.0,0.0,0.0,0.0,0.0,0.0,0.0,0.0,0.0,0.0,0.0,0.0,0.0,14,100.0,14,100.0,True
TruckDrive,static,0,250-300,TrafficSign,scene_28_24,13,1,1,0,0,0,0,0,13,0.0,0.0,0.0,260.95070734153353,283.9308657869292,0.0,0.0,0.0,0.0,0.0,0.0,0.0,0.0,0.0,0.0,0.0,0.0,0.0,0.0,13,100.0,13,100.0,True
TruckDrive,static,0,250-300,Vehicle,scene_28_1,2,1,1,2,0,0,2,0,0,100.0,0.0,100.0,265.7698768253654,266.5301235947158,50.0,50.0,3.25,4.5,5.75,6.5,100.0,0.0,0.0,0.0,0.0,0.0,0.0,0.0,0,0.0,2,100.0,True
TruckDrive,static,0,250-300,Vehicle,scene_28_12,3,1,1,2,0,0,2,0,1,66.66666666666666,0.0,66.66666666666666,259.8010621796808,288.67764207435283,66.66666666666666,33.33333333333333,2.0,4.0,6.0,7.2,66.66666666666666,0.0,0.0,0.0,0.0,0.0,0.0,0.0,1,33.33333333333334,3,100.0,True
TruckDrive,static,0,250-300,Vehicle-Bus,scene_28_18,1,1,1,1,1,1,0,0,0,100.0,100.0,0.0,272.29802314717256,272.29802314717256,100.0,100.0,5.0,5.0,5.0,5.0,100.0,100.0,100.0,5.0,5.0,5.0,5.0,100.0,0,0.0,0,0.0,True
TruckDrive,static,0,250-300,Vehicle-Passenger,scene_28_1,46,3,1,36,16,16,20,0,10,78.26086956521739,34.78260869565217,43.47826086956522,250.60822551614362,297.1208104465116,76.08695652173914,71.73913043478261,3.0,8.0,12.0,19.0,55.387931034482754,2.1739130434782608,0.0,0.0,0.0,1.0,1.0,27.729885057471265,10,21.73913043478261,30,65.21739130434783,True
TruckDrive,static,0,250-300,Vehicle-Passenger,scene_28_12,15,1,1,14,0,0,14,0,1,93.33333333333333,0.0,93.33333333333333,250.6783571335975,297.8225789709488,86.66666666666667,80.0,5.5,9.0,16.5,23.0,93.33333333333333,0.0,0.0,0.0,0.0,0.0,0.0,0.0,1,6.666666666666671,15,100.0,True
TruckDrive,static,0,250-300,Vehicle-Passenger,scene_28_18,21,4,1,18,12,10,8,2,1,85.71428571428571,57.14285714285714,28.57142857142857,251.00468974964278,288.0912174576963,85.71428571428571,76.19047619047619,5.0,17.0,25.0,28.0,62.5,0.0,0.0,0.0,1.0,1.0,2.0,64.0625,3,14.285714285714292,9,42.85714285714286,True
TruckDrive,static,0,250-300,Vehicle-SemiTruck-Cab,scene_28_12,5,4,1,3,2,1,2,1,1,60.0,40.0,19.999999999999996,265.0917430872442,281.1532827745224,60.0,60.0,0.0,5.0,6.0,7.800000000000001,50.0,0.0,0.0,0.0,0.0,1.0,1.0,37.5,2,40.0,3,60.0,True
TruckDrive,static,0,250-300,Vehicle-SemiTruck-Cab,scene_28_18,3,2,1,3,2,2,1,0,0,100.0,66.66666666666666,33.333333333333336,256.06453786995155,285.0056707474954,100.0,100.0,7.0,8.0,8.0,8.0,100.0,0.0,0.0,0.5,1.0,1.5,1.8,50.0,0,0.0,1,33.33333333333334,True
TruckDrive,static,0,250-300,Vehicle-SemiTruck-Cab,scene_28_6,13,6,1,7,5,3,4,2,4,53.84615384615385,38.46153846153847,15.38461538461538,254.2479486873591,294.38766159557423,53.84615384615385,46.15384615384615,0.0,4.0,12.0,14.8,47.222222222222214,0.0,0.0,0.0,0.0,1.0,1.0,36.11111111111111,6,46.15384615384615,8,61.53846153846153,True
TruckDrive,static,0,250-300,Vehicle-SemiTruck-Trailer,scene_28_1,2,1,1,2,1,1,1,0,0,100.0,50.0,50.0,269.8675644608845,299.5495255467652,100.0,100.0,6.25,6.5,6.75,6.9,100.0,0.0,0.0,0.25,0.5,0.75,0.9,50.0,0,0.0,1,50.0,True
TruckDrive,static,0,250-300,Vehicle-SemiTruck-Trailer,scene_28_12,29,11,1,28,17,16,12,1,0,96.55172413793103,58.620689655172406,37.93103448275863,250.0497157484766,295.70213905481876,89.65517241379311,82.75862068965517,6.0,11.0,14.0,63.79999999999997,97.72727272727273,20.689655172413794,13.793103448275861,0.0,1.0,2.0,5.0,47.72727272727273,1,3.448275862068968,12,41.379310344827594,False
TruckDrive,static,0,250-300,Vehicle-SemiTruck-Trailer,scene_28_18,3,2,1,3,3,3,0,0,0,100.0,100.0,0.0,266.44953680170136,296.62011809559124,100.0,100.0,10.5,11.0,16.5,19.8,100.0,0.0,0.0,1.0,1.0,1.5,1.8,100.0,0,0.0,0,0.0,True
TruckDrive,static,0,250-300,Vehicle-SemiTruck-Trailer,scene_28_6,15,6,1,13,6,4,9,2,0,86.66666666666667,40.0,46.666666666666664,251.5283332034967,299.80861071369907,86.66666666666667,66.66666666666666,4.0,22.0,43.0,54.6,79.16666666666666,13.333333333333334,6.666666666666667,0.0,0.0,1.5,3.1999999999999993,40.27777777777777,2,13.333333333333329,9,60.0,True
TruckDrive,static,0,250-300,Vehicle-Trailer,scene_28_12,4,1,1,3,0,0,3,0,1,75.0,0.0,75.0,251.11907169379526,275.4225210695398,75.0,75.0,10.5,18.0,22.0,22.0,75.0,0.0,0.0,0.0,0.0,0.0,0.0,0.0,1,25.0,4,100.0,True
TruckDrive,static,0,250-300,Vehicle-Trailer,scene_28_18,3,1,1,3,1,1,2,0,0,100.0,33.33333333333333,66.66666666666667,262.3035163614787,293.82702857255254,100.0,100.0,20.0,32.0,39.0,43.2,100.0,0.0,0.0,0.0,0.0,0.5,0.8,33.33333333333333,0,0.0,2,66.66666666666667,True
TruckDrive,static,0,250-300,Vehicle-Trailer,scene_28_6,1,1,1,0,0,0,0,0,1,0.0,0.0,0.0,274.34414779048905,274.34414779048905,0.0,0.0,0.0,0.0,0.0,0.0,0.0,0.0,0.0,0.0,0.0,0.0,0.0,0.0,1,100.0,1,100.0,True
TruckDrive,static,0,300-400,RoadObstruction,scene_28_1,1,1,1,0,0,0,0,0,1,0.0,0.0,0.0,305.19339503640856,305.19339503640856,0.0,0.0,0.0,0.0,0.0,0.0,0.0,0.0,0.0,0.0,0.0,0.0,0.0,0.0,1,100.0,1,100.0,True
TruckDrive,static,0,300-400,RoadObstruction-Barrel,scene_28_1,39,10,1,2,0,0,2,0,37,5.128205128205128,0.0,5.128205128205128,304.53595916952185,395.366842163772,5.128205128205128,0.0,0.0,0.0,0.0,0.0,6.666666666666667,0.0,0.0,0.0,0.0,0.0,0.0,0.0,37,94.87179487179488,39,100.0,False
TruckDrive,static,0,300-400,TrafficSign,scene_28_1,2,2,1,0,0,0,0,0,2,0.0,0.0,0.0,309.21167826107944,309.79406121868243,0.0,0.0,0.0,0.0,0.0,0.0,0.0,0.0,0.0,0.0,0.0,0.0,0.0,0.0,2,100.0,2,100.0,True
TruckDrive,static,0,300-400,TrafficSign,scene_28_12,72,18,1,5,0,0,5,0,67,6.944444444444445,0.0,6.944444444444445,301.79574376751725,392.2563925397,0.0,0.0,0.0,0.0,0.0,0.0,4.62962962962963,0.0,0.0,0.0,0.0,0.0,0.0,0.0,67,93.05555555555556,72,100.0,False
TruckDrive,static,0,300-400,TrafficSign,scene_28_18,45,9,1,0,0,0,0,0,45,0.0,0.0,0.0,304.54778036463625,396.194511461061,0.0,0.0,0.0,0.0,0.0,0.0,0.0,0.0,0.0,0.0,0.0,0.0,0.0,0.0,45,100.0,45,100.0,False
TruckDrive,static,0,300-400,TrafficSign,scene_28_24,7,2,1,0,0,0,0,0,7,0.0,0.0,0.0,301.03319480211303,318.0585202283685,0.0,0.0,0.0,0.0,0.0,0.0,0.0,0.0,0.0,0.0,0.0,0.0,0.0,0.0,7,100.0,7,100.0,True
TruckDrive,static,0,300-400,Vehicle,scene_28_1,2,1,1,2,0,0,2,0,0,100.0,0.0,100.0,324.87769684245666,334.8785602315927,50.0,50.0,2.5,4.0,5.5,6.4,100.0,0.0,0.0,0.0,0.0,0.0,0.0,0.0,0,0.0,2,100.0,True
TruckDrive,static,0,300-400,Vehicle,scene_28_12,7,2,1,1,0,0,1,0,6,14.285714285714285,0.0,14.285714285714285,303.45178706196964,397.6820703976072,0.0,0.0,0.0,0.0,0.0,0.40000000000000036,12.5,0.0,0.0,0.0,0.0,0.0,0.0,0.0,6,85.71428571428572,7,100.0,True
TruckDrive,static,0,300-400,Vehicle-Bus,scene_28_18,1,1,1,0,1,0,0,1,0,0.0,100.0,-100.0,311.72504000404615,311.72504000404615,0.0,0.0,0.0,0.0,0.0,0.0,0.0,0.0,0.0,1.0,1.0,1.0,1.0,100.0,1,100.0,0,0.0,True
TruckDrive,static,0,300-400,Vehicle-Passenger,scene_28_1,1,1,1,0,0,0,0,0,1,0.0,0.0,0.0,305.3321725206024,305.3321725206024,0.0,0.0,0.0,0.0,0.0,0.0,0.0,0.0,0.0,0.0,0.0,0.0,0.0,0.0,1,100.0,1,100.0,True
TruckDrive,static,0,300-400,Vehicle-Passenger,scene_28_12,23,1,1,19,0,0,19,0,4,82.6086956521739,0.0,82.6086956521739,301.1243306220302,381.10379670133005,60.86956521739131,47.82608695652174,1.5,4.0,8.0,9.8,82.6086956521739,0.0,0.0,0.0,0.0,0.0,0.0,0.0,4,17.391304347826093,23,100.0,True
TruckDrive,static,0,300-400,Vehicle-Passenger,scene_28_18,6,3,1,1,2,0,1,2,3,16.666666666666664,33.33333333333333,-16.666666666666664,307.1789605302702,348.83265659385177,16.666666666666664,0.0,0.0,0.0,0.0,1.5,16.666666666666664,0.0,0.0,0.0,0.0,0.75,1.5,33.33333333333333,5,83.33333333333334,4,66.66666666666667,True
TruckDrive,static,0,300-400,Vehicle-SemiTruck-Cab,scene_28_12,5,2,1,3,1,1,2,0,2,60.0,20.0,40.0,301.16614732259706,372.4973081973458,60.0,60.0,0.0,6.0,13.0,17.2,66.66666666666666,20.0,20.0,0.0,0.0,0.0,3.0000000000000004,25.0,2,40.0,4,80.0,True
TruckDrive,static,0,300-400,Vehicle-SemiTruck-Cab,scene_28_18,3,1,1,2,1,1,1,0,1,66.66666666666666,33.33333333333333,33.33333333333333,315.2661821276488,378.5509058889894,66.66666666666666,33.33333333333333,2.0,4.0,5.0,5.6,66.66666666666666,0.0,0.0,0.0,0.0,1.0,1.6,33.33333333333333,1,33.33333333333334,2,66.66666666666667,True
TruckDrive,static,0,300-400,Vehicle-SemiTruck-Cab,scene_28_6,9,5,1,6,3,2,4,1,2,66.66666666666666,33.33333333333333,33.33333333333333,314.0898380980915,381.0022030069285,44.44444444444444,44.44444444444444,0.0,2.0,5.0,7.800000000000001,76.66666666666667,11.11111111111111,11.11111111111111,0.0,0.0,1.0,2.6000000000000005,40.0,3,33.33333333333334,6,66.66666666666667,True
TruckDrive,static,0,300-400,Vehicle-SemiTruck-Trailer,scene_28_1,2,1,1,0,0,0,0,0,2,0.0,0.0,0.0,329.99136844753826,360.39229981232,0.0,0.0,0.0,0.0,0.0,0.0,0.0,0.0,0.0,0.0,0.0,0.0,0.0,0.0,2,100.0,2,100.0,True
TruckDrive,static,0,300-400,Vehicle-SemiTruck-Trailer,scene_28_12,78,10,1,73,7,7,66,0,5,93.58974358974359,8.974358974358974,84.61538461538461,301.3877330693006,397.2940439717045,92.3076923076923,84.61538461538461,6.0,17.5,36.0,56.599999999999994,89.28571428571429,3.8461538461538463,1.282051282051282,0.0,0.0,0.0,0.0,13.809523809523808,5,6.410256410256409,71,91.02564102564102,False
TruckDrive,static,0,300-400,Vehicle-SemiTruck-Trailer,scene_28_18,5,2,1,4,1,1,3,0,1,80.0,20.0,60.00000000000001,306.9027708238251,368.0275435506055,80.0,80.0,6.0,10.0,11.0,11.6,75.0,0.0,0.0,0.0,0.0,0.0,0.6000000000000001,16.666666666666664,1,20.0,4,80.0,True
TruckDrive,static,0,300-400,Vehicle-SemiTruck-Trailer,scene_28_6,9,3,1,9,1,1,8,0,0,100.0,11.11111111111111,88.88888888888889,305.0532371864494,378.2942582963711,100.0,88.88888888888889,6.0,11.0,22.0,26.0,100.0,11.11111111111111,0.0,0.0,0.0,0.0,0.6000000000000005,11.11111111111111,0,0.0,8,88.88888888888889,True
TruckDrive,static,0,300-400,Vehicle-SingleUnitTruck,scene_28_1,12,1,1,10,4,3,7,1,1,83.33333333333334,33.33333333333333,50.0,320.40407644957935,334.0879888175012,75.0,75.0,4.25,11.5,33.0,49.2,83.33333333333334,0.0,0.0,0.0,0.0,1.0,1.0,33.33333333333333,2,16.666666666666657,8,66.66666666666667,True
TruckDrive,static,0,300-400,Vehicle-Trailer,scene_28_18,2,1,1,2,0,0,2,0,0,100.0,0.0,100.0,323.84286928183565,353.2660326621931,50.0,50.0,4.5,8.0,11.5,13.6,100.0,0.0,0.0,0.0,0.0,0.0,0.0,0.0,0,0.0,2,100.0,True
TruckDrive,static,0.5,0-25,RoadDebris,scene_28_24,40,2,1,40,39,39,1,0,0,100.0,97.5,2.500000000000002,11.9442314862237,24.44343242479062,100.0,100.0,2909.5,4870.0,6941.75,9145.300000000001,100.0,62.5,52.5,2.0,5.0,8.0,12.100000000000001,97.5,0,0.0,1,2.5,True
TruckDrive,static,0.5,0-25,RoadObstruction,scene_28_1,1,1,1,1,1,1,0,0,0,100.0,100.0,0.0,24.52845196217431,24.52845196217431,100.0,100.0,5.0,5.0,5.0,5.0,100.0,0.0,0.0,2.0,2.0,2.0,2.0,100.0,0,0.0,0,0.0,True
TruckDrive,static,0.5,0-25,RoadObstruction-Barrel,scene_28_1,82,27,1,82,47,47,35,0,0,100.0,57.3170731707317,42.6829268292683,4.0667924260772725,24.646866769216114,100.0,100.0,171.0,252.5,454.0,789.0000000000009,100.0,28.04878048780488,7.317073170731707,0.0,1.0,3.0,4.0,57.407407407407405,0,0.0,35,42.6829268292683,False
TruckDrive,static,0.5,0-25,RoadObstruction-Cone,scene_28_24,31,3,1,27,17,17,10,0,4,87.09677419354838,54.83870967741935,32.25806451612904,13.762778094013067,24.887669640586424,87.09677419354838,87.09677419354838,519.5,836.0,1221.5,1511.0,85.18518518518518,22.58064516129032,6.451612903225806,0.0,1.0,2.0,4.0,33.33333333333333,4,12.903225806451616,14,45.16129032258065,True
TruckDrive,static,0.5,0-25,TrafficSign,scene_28_1,8,3,1,6,4,4,2,0,2,75.0,50.0,25.0,9.082084093303768,21.264343391542102,62.5,62.5,0.75,25.0,49.5,233.99999999999991,77.77777777777777,37.5,12.5,0.0,0.5,3.0,3.8999999999999995,55.55555555555555,2,25.0,4,50.0,True
TruckDrive,static,0.5,0-25,TrafficSign,scene_28_12,9,3,1,5,5,2,3,3,1,55.55555555555556,55.55555555555556,0.0,8.920967379233169,23.170655453202915,55.55555555555556,55.55555555555556,0.0,7.0,17.0,41.400000000000006,55.55555555555555,0.0,0.0,0.0,1.0,1.0,2.0,55.55555555555555,4,44.44444444444444,4,44.44444444444444,True
TruckDrive,static,0.5,0-25,Vehicle-Other,scene_28_1,27,1,1,27,27,27,0,0,0,100.0,100.0,0.0,4.8174934170872055,24.84105971525601,100.0,100.0,2879.5,10191.0,23475.0,34246.2,100.0,100.0,100.0,23.0,30.0,39.0,43.40000000000001,100.0,0,0.0,0,0.0,True
TruckDrive,static,0.5,0-25,Vehicle-Passenger,scene_28_1,60,16,1,59,57,57,2,0,1,98.33333333333333,95.0,3.3333333333333326,4.268117935996614,24.657597046296345,98.33333333333333,96.66666666666667,809.75,2086.0,4284.5,9292.900000000005,93.75,88.33333333333333,86.66666666666667,7.75,12.0,18.0,36.400000000000006,90.375,1,1.6666666666666714,3,5.0,False
TruckDrive,static,0.5,0-25,Vehicle-Passenger,scene_28_18,10,1,1,10,9,9,1,0,0,100.0,90.0,9.999999999999998,4.241382266421513,22.077887720310006,100.0,100.0,3877.0,5879.0,10596.5,12400.499999999998,100.0,80.0,80.0,6.75,17.5,29.25,38.2,90.0,0,0.0,1,10.0,True
TruckDrive,static,0.5,0-25,Vehicle-Passenger,scene_28_6,18,1,1,18,16,16,2,0,0,100.0,88.88888888888889,11.111111111111116,4.127461076749828,23.63897270559409,100.0,100.0,1167.0,1655.5,5348.25,9535.400000000001,100.0,77.77777777777779,77.77777777777779,6.0,13.0,24.0,32.0,88.88888888888889,0,0.0,2,11.111111111111114,True
TruckDrive,static,0.5,0-25,Vehicle-SemiTruck-Cab,scene_28_1,3,3,1,3,3,3,0,0,0,100.0,100.0,0.0,23.82670215810808,24.796777806523664,100.0,100.0,2598.5,3473.0,4045.5,4389.0,100.0,100.0,100.0,10.0,13.0,23.0,29.0,100.0,0,0.0,0,0.0,True
TruckDrive,static,0.5,0-25,Vehicle-SemiTruck-Cab,scene_28_24,100,8,1,100,99,99,1,0,0,100.0,99.0,1.0000000000000009,9.048126164941834,24.888872346585853,100.0,100.0,14840.75,20603.0,30707.0,58759.80000000003,100.0,99.0,99.0,20.0,26.0,33.0,54.10000000000001,98.4375,0,0.0,1,1.0,False
TruckDrive,static,0.5,0-25,Vehicle-SemiTruck-Trailer,scene_28_1,8,3,1,8,8,8,0,0,0,100.0,100.0,0.0,13.70286726522006,23.373104827528117,100.0,100.0,19874.5,28455.0,56197.5,63537.9,100.0,100.0,100.0,78.0,107.0,123.25,145.3,100.0,0,0.0,0,0.0,True
TruckDrive,static,0.5,0-25,Vehicle-SemiTruck-Trailer,scene_28_24,77,5,1,77,77,77,0,0,0,100.0,100.0,0.0,13.102765852938044,24.724275736778992,100.0,100.0,19220.0,25931.0,35748.0,40223.2,100.0,100.0,100.0,21.0,27.0,35.0,43.60000000000002,100.0,0,0.0,0,0.0,False
TruckDrive,static,0.5,0-25,Vehicle-Trailer,scene_28_1,28,2,1,28,28,28,0,0,0,100.0,100.0,0.0,4.746214212130803,24.317942703931752,100.0,100.0,2614.25,10656.0,27853.25,42703.3,100.0,100.0,100.0,24.25,30.5,52.25,60.10000000000001,100.0,0,0.0,0,0.0,True
TruckDrive,static,0.5,25-50,RoadDebris,scene_28_24,36,2,1,36,34,34,2,0,0,100.0,94.44444444444444,5.555555555555558,25.050115134357902,39.30809723864877,100.0,100.0,1105.5,1197.5,1533.25,1640.5,100.0,58.333333333333336,22.22222222222222,1.0,3.0,4.0,6.0,94.44444444444444,0,0.0,2,5.555555555555557,True
TruckDrive,static,0.5,25-50,RoadObstruction,scene_28_1,1,1,1,0,0,0,0,0,1,0.0,0.0,0.0,38.44834258349711,38.44834258349711,0.0,0.0,0.0,0.0,0.0,0.0,0.0,0.0,0.0,0.0,0.0,0.0,0.0,0.0,1,100.0,1,100.0,True
TruckDrive,static,0.5,25-50,RoadObstruction,scene_28_24,7,2,1,7,7,7,0,0,0,100.0,100.0,0.0,39.47798508214879,49.246380254911784,100.0,100.0,241.0,267.0,305.0,316.6,100.0,14.285714285714285,0.0,1.5,2.0,2.0,2.4000000000000004,100.0,0,0.0,0,0.0,True
TruckDrive,static,0.5,25-50,RoadObstruction-Barrel,scene_28_1,93,30,1,90,81,81,9,0,3,96.7741935483871,87.09677419354838,9.677419354838712,25.03254526827181,48.64931031257001,95.6989247311828,94.6236559139785,99.0,185.0,305.0,443.2,97.5,20.43010752688172,2.1505376344086025,1.0,2.0,2.0,3.0,86.66666666666667,3,3.225806451612897,12,12.903225806451616,False
TruckDrive,static,0.5,25-50,RoadObstruction-Barrel,scene_28_12,10,2,1,10,6,6,4,0,0,100.0,60.0,40.0,28.051191466177514,45.216784548291486,100.0,100.0,67.5,95.5,280.75,308.7,100.0,10.0,0.0,0.0,1.0,1.75,2.1999999999999993,60.00000000000001,0,0.0,4,40.0,True
TruckDrive,static,0.5,25-50,RoadObstruction-Cone,scene_28_24,70,6,1,65,33,33,32,0,5,92.85714285714286,47.14285714285714,45.714285714285715,26.022577203778912,49.28189802559503,92.85714285714286,92.85714285714286,118.0,232.5,750.0,1667.0000000000002,97.12643678160919,5.714285714285714,0.0,0.0,0.0,1.75,2.0,44.833059660645866,5,7.142857142857139,37,52.85714285714286,False
TruckDrive,static,0.5,25-50,TrafficSign,scene_28_1,22,5,1,18,11,7,11,4,0,81.81818181818183,50.0,31.818181818181824,25.97053012219167,48.62411269372211,63.63636363636363,63.63636363636363,1.0,12.0,157.5,417.90000000000003,80.0,18.181818181818183,9.090909090909092,0.0,0.5,2.0,3.900000000000002,48.33333333333333,4,18.181818181818173,11,50.0,False
TruckDrive,static,0.5,25-50,TrafficSign,scene_28_12,38,11,1,16,14,7,9,7,15,42.10526315789473,36.84210526315789,5.263157894736842,26.79609813334759,48.40271870299452,39.473684210526315,36.84210526315789,0.0,0.0,9.0,42.20000000000006,47.121212121212125,2.631578947368421,0.0,0.0,0.0,1.0,2.0,41.060606060606055,22,57.89473684210527,24,63.15789473684211,False
TruckDrive,static,0.5,25-50,Vehicle,scene_28_24,1,1,1,1,0,0,1,0,0,100.0,0.0,100.0,43.746019905719436,43.746019905719436,100.0,100.0,1014.0,1014.0,1014.0,1014.0,100.0,0.0,0.0,0.0,0.0,0.0,0.0,0.0,0,0.0,1,100.0,True
TruckDrive,static,0.5,25-50,Vehicle-Other,scene_28_1,11,1,1,11,11,11,0,0,0,100.0,100.0,0.0,26.245324339139334,34.89014869181714,100.0,100.0,418.0,5368.0,10224.0,16148.0,100.0,100.0,100.0,14.0,21.0,26.5,31.0,100.0,0,0.0,0,0.0,True
TruckDrive,static,0.5,25-50,Vehicle-Other,scene_28_6,3,1,1,3,3,3,0,0,0,100.0,100.0,0.0,33.009545868917364,47.137909975588144,100.0,100.0,100.0,176.0,1190.5,1799.2,100.0,100.0,100.0,11.5,12.0,17.0,20.0,100.0,0,0.0,0,0.0,True
TruckDrive,static,0.5,25-50,Vehicle-Passenger,scene_28_1,51,17,1,46,45,43,3,2,3,90.19607843137256,88.23529411764706,1.9607843137254943,25.525597494703803,49.91694817168872,88.23529411764706,88.23529411764706,23.0,126.0,295.0,2601.0,82.35294117647058,70.58823529411765,54.90196078431373,2.0,5.0,13.5,35.0,73.52941176470588,5,9.803921568627445,6,11.764705882352942,False
TruckDrive,static,0.5,25-50,Vehicle-Passenger,scene_28_12,4,2,1,4,4,4,0,0,0,100.0,100.0,0.0,35.89157943919521,47.5329193511009,100.0,100.0,168.25,359.0,534.75,572.1,100.0,100.0,75.0,7.75,9.5,11.75,14.900000000000002,100.0,0,0.0,0,0.0,True
TruckDrive,static,0.5,25-50,Vehicle-Passenger,scene_28_18,16,5,1,16,16,16,0,0,0,100.0,100.0,0.0,25.200336914171256,47.855628735737014,100.0,100.0,624.0,1604.5,2006.75,2315.5,100.0,93.75,93.75,8.75,10.0,16.0,17.0,100.0,0,0.0,0,0.0,True
TruckDrive,static,0.5,25-50,Vehicle-Passenger,scene_28_6,55,7,1,55,55,55,0,0,0,100.0,100.0,0.0,25.79796880087408,49.716890446637464,100.0,100.0,1618.5,2427.0,2983.5,3556.0,100.0,100.0,98.18181818181819,11.5,19.0,24.0,27.0,100.0,0,0.0,0,0.0,False
TruckDrive,static,0.5,25-50,Vehicle-SemiTruck-Cab,scene_28_1,17,4,1,17,17,17,0,0,0,100.0,100.0,0.0,26.17766715722474,48.984283514352825,100.0,100.0,671.0,1203.0,1526.0,2713.6000000000004,100.0,94.11764705882352,94.11764705882352,17.0,20.0,26.0,31.0,100.0,0,0.0,0,0.0,True
TruckDrive,static,0.5,25-50,Vehicle-SemiTruck-Cab,scene_28_12,8,4,1,8,8,8,0,0,0,100.0,100.0,0.0,32.08395887621567,44.006159352879166,100.0,100.0,761.5,883.5,1847.25,3656.7,100.0,100.0,100.0,6.5,9.5,14.25,17.099999999999998,100.0,0,0.0,0,0.0,True
TruckDrive,static,0.5,25-50,Vehicle-SemiTruck-Cab,scene_28_18,2,1,1,2,2,2,0,0,0,100.0,100.0,0.0,35.37472887660901,38.291804376134166,100.0,100.0,1406.75,2448.5,3490.25,4115.3,100.0,100.0,100.0,5.25,5.5,5.75,5.9,100.0,0,0.0,0,0.0,True
TruckDrive,static,0.5,25-50,Vehicle-SemiTruck-Cab,scene_28_24,204,8,1,204,204,204,0,0,0,100.0,100.0,0.0,25.127248887930293,47.32385249352799,100.0,100.0,2794.25,4264.0,8784.75,22668.600000000013,100.0,100.0,100.0,13.0,18.0,23.0,29.0,100.0,0,0.0,0,0.0,False
TruckDrive,static,0.5,25-50,Vehicle-SemiTruck-Cab,scene_28_6,13,6,1,13,12,12,1,0,0,100.0,92.3076923076923,7.692307692307687,32.95451326865601,48.66597280283616,100.0,100.0,544.0,1022.0,1762.0,3171.2000000000007,100.0,84.61538461538461,69.23076923076923,4.0,7.0,16.0,20.8,91.66666666666666,0,0.0,1,7.692307692307693,True
TruckDrive,static,0.5,25-50,Vehicle-SemiTruck-Trailer,scene_28_1,17,4,1,17,17,17,0,0,0,100.0,100.0,0.0,25.285935430035025,48.89548352816494,100.0,100.0,5883.0,12948.0,18056.0,21793.4,100.0,100.0,100.0,56.0,64.0,74.0,81.0,100.0,0,0.0,0,0.0,True
TruckDrive,static,0.5,25-50,Vehicle-SemiTruck-Trailer,scene_28_12,9,4,1,9,9,9,0,0,0,100.0,100.0,0.0,32.76982783631776,49.14907093197326,100.0,100.0,1867.0,1984.0,12766.0,15759.400000000001,100.0,100.0,100.0,18.0,27.0,33.0,48.800000000000004,100.0,0,0.0,0,0.0,True
TruckDrive,static,0.5,25-50,Vehicle-SemiTruck-Trailer,scene_28_18,2,1,1,2,2,2,0,0,0,100.0,100.0,0.0,34.460792496965134,40.52667958145729,100.0,100.0,4966.5,5556.0,6145.5,6499.2,100.0,100.0,100.0,29.25,29.5,29.75,29.9,100.0,0,0.0,0,0.0,True
TruckDrive,static,0.5,25-50,Vehicle-SemiTruck-Trailer,scene_28_24,113,5,1,113,113,113,0,0,0,100.0,100.0,0.0,25.057520300301146,46.007553632739416,100.0,100.0,2221.0,4413.0,10599.0,17868.59999999999,100.0,100.0,97.34513274336283,8.0,13.0,19.0,24.0,100.0,0,0.0,0,0.0,False
TruckDrive,static,0.5,25-50,Vehicle-SemiTruck-Trailer,scene_28_6,20,7,1,20,20,20,0,0,0,100.0,100.0,0.0,29.443577211764016,49.97410578532012,100.0,100.0,875.25,3643.5,8839.75,15812.900000000007,100.0,100.0,100.0,19.0,26.0,36.0,48.70000000000001,100.0,0,0.0,0,0.0,False
TruckDrive,static,0.5,25-50,Vehicle-SingleUnitTruck,scene_28_18,2,1,1,2,2,2,0,0,0,100.0,100.0,0.0,34.56143981626767,37.67323445364764,100.0,100.0,1199.5,1665.0,2130.5,2409.8,100.0,100.0,100.0,19.25,23.5,27.75,30.3,100.0,0,0.0,0,0.0,True
TruckDrive,static,0.5,25-50,Vehicle-Trailer,scene_28_1,14,2,1,14,14,14,0,0,0,100.0,100.0,0.0,25.31439688316307,47.9853367726662,100.0,100.0,376.0,3695.0,7384.5,16559.4,100.0,100.0,100.0,22.0,42.0,51.5,57.1,100.0,0,0.0,0,0.0,True
TruckDrive,static,0.5,25-50,Vehicle-Trailer,scene_28_18,2,1,1,2,2,2,0,0,0,100.0,100.0,0.0,37.6037034988094,38.91775410529271,100.0,100.0,1360.0,1720.0,2080.0,2296.0,100.0,100.0,100.0,13.75,18.5,23.25,26.1,100.0,0,0.0,0,0.0,True
TruckDrive,static,0.5,50-75,RoadObstruction,scene_28_1,2,2,1,1,0,0,1,0,1,50.0,0.0,50.0,52.808238093158195,60.09848172876717,50.0,50.0,2.25,4.5,6.75,8.1,50.0,0.0,0.0,0.0,0.0,0.0,0.0,0.0,1,50.0,2,100.0,True
TruckDrive,static,0.5,50-75,RoadObstruction,scene_28_24,14,2,1,14,4,4,10,0,0,100.0,28.57142857142857,71.42857142857143,50.579338489788064,56.81257342321156,100.0,100.0,62.25,153.5,226.75,249.90000000000003,100.0,7.142857142857142,0.0,0.0,0.0,0.75,2.0,16.666666666666664,0,0.0,10,71.42857142857143,True
TruckDrive,static,0.5,50-75,RoadObstruction-Barrel,scene_28_1,86,30,1,80,75,74,6,1,5,93.02325581395348,87.20930232558139,5.813953488372093,50.19332030127145,74.93828019635588,93.02325581395348,93.02325581395348,43.75,83.5,140.75,178.5,93.88888888888887,10.465116279069768,0.0,1.0,2.0,2.0,2.5,88.05555555555554,6,6.976744186046517,11,12.79069767441861,False
TruckDrive,static,0.5,50-75,RoadObstruction-Barrel,scene_28_12,8,2,1,8,7,7,1,0,0,100.0,87.5,12.5,50.06462513997624,71.33808245712771,100.0,100.0,28.5,43.5,53.75,57.2,100.0,37.5,0.0,1.0,1.0,3.25,4.0,87.5,0,0.0,1,12.5,True
TruckDrive,static,0.5,50-75,RoadObstruction-Cone,scene_28_24,3,2,1,3,1,1,2,0,0,100.0,33.33333333333333,66.66666666666667,50.01617020648392,51.93070747963334,100.0,100.0,322.5,371.0,474.0,535.8,100.0,0.0,0.0,0.0,0.0,1.0,1.6,50.0,0,0.0,2,66.66666666666667,True
TruckDrive,static,0.5,50-75,TrafficSign,scene_28_1,19,6,1,16,8,7,9,1,2,84.21052631578947,42.10526315789473,42.10526315789473,52.889784590829414,74.65945587818416,84.21052631578947,84.21052631578947,8.0,19.0,30.5,70.19999999999997,79.16666666666666,5.263157894736842,5.263157894736842,0.0,0.0,1.0,2.0,45.83333333333333,3,15.789473684210535,11,57.89473684210527,True
TruckDrive,static,0.5,50-75,TrafficSign,scene_28_12,59,15,1,36,18,14,22,4,19,61.016949152542374,30.508474576271187,30.508474576271187,50.29443116801692,74.3943162531195,52.54237288135594,47.45762711864407,0.0,3.0,10.0,26.400000000000006,70.28571428571428,5.084745762711865,1.694915254237288,0.0,0.0,1.0,2.0,26.96825396825397,23,38.983050847457626,41,69.49152542372882,False
TruckDrive,static,0.5,50-75,Vehicle,scene_28_1,2,1,1,2,2,2,0,0,0,100.0,100.0,0.0,52.454818190984255,55.92908644745994,100.0,100.0,87.5,96.0,104.5,109.6,100.0,100.0,100.0,5.0,5.0,5.0,5.0,100.0,0,0.0,0,0.0,True
TruckDrive,static,0.5,50-75,Vehicle,scene_28_24,6,3,1,4,4,4,0,0,2,66.66666666666666,66.66666666666666,0.0,55.08136374099036,72.06393478190313,66.66666666666666,66.66666666666666,5.0,33.5,53.75,77.0,58.333333333333336,66.66666666666666,50.0,0.75,4.0,5.0,6.0,58.333333333333336,2,33.33333333333334,2,33.33333333333334,True
TruckDrive,static,0.5,50-75,Vehicle-Other,scene_28_6,1,1,1,1,1,1,0,0,0,100.0,100.0,0.0,71.0998376305234,71.0998376305234,100.0,100.0,37.0,37.0,37.0,37.0,100.0,100.0,100.0,20.0,20.0,20.0,20.0,100.0,0,0.0,0,0.0,True
TruckDrive,static,0.5,50-75,Vehicle-Passenger,scene_28_1,17,13,1,14,13,11,3,2,1,82.35294117647058,76.47058823529412,5.882352941176472,50.81261238445334,74.57792308410987,70.58823529411765,58.82352941176471,2.0,5.0,12.0,35.20000000000001,84.61538461538461,47.05882352941176,5.88235294117647,1.0,2.0,3.0,4.0,73.07692307692307,3,17.64705882352942,4,23.529411764705884,True
TruckDrive,static,0.5,50-75,Vehicle-Passenger,scene_28_12,1,1,1,1,1,1,0,0,0,100.0,100.0,0.0,64.10700774396257,64.10700774396257,100.0,100.0,74.0,74.0,74.0,74.0,100.0,100.0,100.0,20.0,20.0,20.0,20.0,100.0,0,0.0,0,0.0,True
TruckDrive,static,0.5,50-75,Vehicle-Passenger,scene_28_18,16,5,1,16,16,16,0,0,0,100.0,100.0,0.0,50.70287657000739,74.65314151440423,100.0,100.0,56.5,340.5,680.75,958.5,100.0,93.75,93.75,7.5,11.5,13.0,16.0,100.0,0,0.0,0,0.0,True
TruckDrive,static,0.5,50-75,Vehicle-Passenger,scene_28_24,8,3,1,7,6,6,1,0,1,87.5,75.0,12.5,57.643913976092946,73.9970976879525,87.5,87.5,30.0,72.0,131.0,196.39999999999998,83.33333333333334,50.0,12.5,0.75,2.5,3.25,5.199999999999999,72.22222222222221,1,12.5,2,25.0,True
TruckDrive,static,0.5,50-75,Vehicle-Passenger,scene_28_6,38,7,1,38,38,38,0,0,0,100.0,100.0,0.0,50.0590764861598,74.92382370635568,100.0,100.0,477.0,1084.5,1994.75,2179.8,100.0,97.36842105263158,92.10526315789474,7.0,10.0,18.0,23.300000000000004,100.0,0,0.0,0,0.0,False
TruckDrive,static,0.5,50-75,Vehicle-SemiTruck-Cab,scene_28_1,14,4,1,14,14,14,0,0,0,100.0,100.0,0.0,50.48500193467715,73.29870200487541,100.0,100.0,70.75,182.5,349.25,472.60000000000014,100.0,100.0,92.85714285714286,17.5,20.0,21.75,24.400000000000002,100.0,0,0.0,0,0.0,True
TruckDrive,static,0.5,50-75,Vehicle-SemiTruck-Cab,scene_28_12,7,4,1,7,7,7,0,0,0,100.0,100.0,0.0,53.11625010226252,73.76288940923955,100.0,100.0,66.0,74.0,116.5,165.60000000000002,100.0,100.0,100.0,12.5,17.0,19.5,22.8,100.0,0,0.0,0,0.0,True
TruckDrive,static,0.5,50-75,Vehicle-SemiTruck-Cab,scene_28_18,1,1,1,1,1,1,0,0,0,100.0,100.0,0.0,53.00709056059885,53.00709056059885,100.0,100.0,435.0,435.0,435.0,435.0,100.0,100.0,100.0,19.0,19.0,19.0,19.0,100.0,0,0.0,0,0.0,True
TruckDrive,static,0.5,50-75,Vehicle-SemiTruck-Cab,scene_28_6,13,6,1,13,13,13,0,0,0,100.0,100.0,0.0,50.53557148618445,73.388929997983,100.0,100.0,54.0,115.0,222.0,393.8000000000001,100.0,100.0,100.0,10.0,13.0,18.0,32.800000000000004,100.0,0,0.0,0,0.0,True
TruckDrive,static,0.5,50-75,Vehicle-SemiTruck-Trailer,scene_28_1,16,4,1,16,16,16,0,0,0,100.0,100.0,0.0,51.090636665043604,74.53659083944713,100.0,100.0,918.5,1795.5,7346.0,10519.5,100.0,100.0,100.0,40.75,54.0,58.5,64.5,100.0,0,0.0,0,0.0,True
TruckDrive,static,0.5,50-75,Vehicle-SemiTruck-Trailer,scene_28_12,6,4,1,6,6,6,0,0,0,100.0,100.0,0.0,52.218860187768485,69.75827146845704,100.0,100.0,134.5,216.5,295.5,751.0,100.0,100.0,100.0,37.5,39.0,54.0,61.0,100.0,0,0.0,0,0.0,True
TruckDrive,static,0.5,50-75,Vehicle-SemiTruck-Trailer,scene_28_18,1,1,1,1,1,1,0,0,0,100.0,100.0,0.0,62.18400889459293,62.18400889459293,100.0,100.0,715.0,715.0,715.0,715.0,100.0,100.0,100.0,71.0,71.0,71.0,71.0,100.0,0,0.0,0,0.0,True
TruckDrive,static,0.5,50-75,Vehicle-SemiTruck-Trailer,scene_28_6,17,8,1,17,17,17,0,0,0,100.0,100.0,0.0,53.03066030934999,74.83761077821913,100.0,100.0,157.0,228.0,1053.0,3049.0,100.0,100.0,100.0,31.0,36.0,63.0,75.80000000000001,100.0,0,0.0,0,0.0,True
TruckDrive,static,0.5,50-75,Vehicle-SingleUnitTruck,scene_28_18,2,1,1,2,2,2,0,0,0,100.0,100.0,0.0,53.310796509546265,58.38173468512392,100.0,100.0,106.5,139.0,171.5,191.0,100.0,100.0,100.0,32.5,38.0,43.5,46.8,100.0,0,0.0,0,0.0,True
TruckDrive,static,0.5,50-75,Vehicle-Trailer,scene_28_12,6,1,1,6,6,6,0,0,0,100.0,100.0,0.0,57.49442670951815,73.51104617847498,100.0,100.0,4212.0,5927.5,7265.0,8048.0,100.0,100.0,100.0,58.25,66.0,70.0,71.5,100.0,0,0.0,0,0.0,True
TruckDrive,static,0.5,50-75,Vehicle-Trailer,scene_28_18,2,1,1,2,2,2,0,0,0,100.0,100.0,0.0,56.224428736441,58.41898903394282,100.0,100.0,238.25,348.5,458.75,524.9,100.0,100.0,100.0,18.5,21.0,23.5,25.0,100.0,0,0.0,0,0.0,True
TruckDrive,static,0.5,50-75,Vehicle-Trailer,scene_28_6,1,1,1,1,1,1,0,0,0,100.0,100.0,0.0,74.46406161517525,74.46406161517525,100.0,100.0,158.0,158.0,158.0,158.0,100.0,100.0,100.0,7.0,7.0,7.0,7.0,100.0,0,0.0,0,0.0,True
TruckDrive,static,0.5,75-100,RoadObstruction,scene_28_1,1,1,1,1,0,0,1,0,0,100.0,0.0,100.0,96.28323388441157,96.28323388441157,100.0,100.0,18.0,18.0,18.0,18.0,100.0,0.0,0.0,0.0,0.0,0.0,0.0,0.0,0,0.0,1,100.0,True
TruckDrive,static,0.5,75-100,RoadObstruction-Barrel,scene_28_1,83,30,1,83,73,73,10,0,0,100.0,87.95180722891565,12.048192771084343,75.24546062232928,99.96733023075379,100.0,100.0,33.0,53.0,75.0,116.19999999999999,100.0,6.024096385542169,0.0,1.0,1.0,2.0,2.0,85.83333333333333,0,0.0,10,12.048192771084345,False
TruckDrive,static,0.5,75-100,RoadObstruction-Barrel,scene_28_12,8,2,1,8,3,3,5,0,0,100.0,37.5,62.5,76.44441264542792,99.57400421869919,87.5,87.5,11.75,15.5,20.75,29.599999999999998,100.0,25.0,0.0,0.0,0.0,1.5,3.3,37.5,0,0.0,5,62.5,True
TruckDrive,static,0.5,75-100,TrafficSign,scene_28_1,15,6,1,14,4,4,10,0,1,93.33333333333333,26.666666666666668,66.66666666666667,75.79150421401843,99.3264961761632,93.33333333333333,93.33333333333333,12.5,22.0,42.5,69.2,91.66666666666666,6.666666666666667,0.0,0.0,0.0,0.5,1.5999999999999996,18.055555555555554,1,6.666666666666671,11,73.33333333333333,True
TruckDrive,static,0.5,75-100,TrafficSign,scene_28_12,60,17,1,36,16,6,30,10,14,60.0,26.666666666666668,33.33333333333333,75.5921789461683,99.46342368005197,43.333333333333336,31.666666666666664,0.0,1.0,5.25,15.100000000000001,67.64705882352942,5.0,0.0,0.0,0.0,1.0,2.0,19.852941176470583,24,40.0,44,73.33333333333333,False
TruckDrive,static,0.5,75-100,TrafficSign,scene_28_24,28,2,1,24,4,4,20,0,4,85.71428571428571,14.285714285714285,71.42857142857142,83.05512742102286,99.27440737349413,78.57142857142857,75.0,4.5,300.5,391.75,661.8000000000003,91.66666666666667,0.0,0.0,0.0,0.0,0.0,1.0,39.58333333333333,4,14.285714285714292,24,85.71428571428572,True
TruckDrive,static,0.5,75-100,Vehicle,scene_28_1,2,2,1,2,2,2,0,0,0,100.0,100.0,0.0,78.81625696226494,80.87323848193297,100.0,50.0,4.5,6.0,7.5,8.4,100.0,50.0,0.0,1.5,2.0,2.5,2.8,100.0,0,0.0,0,0.0,True
TruckDrive,static,0.5,75-100,Vehicle-Other,scene_28_6,1,1,1,1,1,1,0,0,0,100.0,100.0,0.0,97.44106524276773,97.44106524276773,100.0,100.0,10.0,10.0,10.0,10.0,100.0,100.0,100.0,13.0,13.0,13.0,13.0,100.0,0,0.0,0,0.0,True
TruckDrive,static,0.5,75-100,Vehicle-Passenger,scene_28_1,11,10,1,9,7,5,4,2,0,81.81818181818183,63.63636363636363,18.181818181818187,75.61068987627937,99.0256875966767,63.63636363636363,36.36363636363637,1.0,3.0,5.0,7.0,85.0,9.090909090909092,0.0,0.0,1.0,2.0,2.0,65.0,2,18.181818181818173,4,36.36363636363637,True
TruckDrive,static,0.5,75-100,Vehicle-Passenger,scene_28_12,22,1,1,22,21,21,1,0,0,100.0,95.45454545454545,4.545454545454541,79.25069903958376,81.00055369825061,95.45454545454545,90.9090909090909,31.0,62.5,95.5,112.60000000000002,100.0,86.36363636363636,27.27272727272727,3.25,4.0,4.75,6.0,95.45454545454545,0,0.0,1,4.545454545454547,True
TruckDrive,static,0.5,75-100,Vehicle-Passenger,scene_28_18,17,6,1,17,16,16,1,0,0,100.0,94.11764705882352,5.882352941176472,75.71926530797184,98.910678103132,100.0,94.11764705882352,19.0,86.0,175.0,217.4,100.0,88.23529411764706,70.58823529411765,4.0,5.0,8.0,11.600000000000001,91.66666666666666,0,0.0,1,5.882352941176478,True
TruckDrive,static,0.5,75-100,Vehicle-Passenger,scene_28_6,13,5,1,13,12,12,1,0,0,100.0,92.3076923076923,7.692307692307687,76.69406171821684,98.2282030028212,100.0,100.0,171.0,222.0,282.0,284.8,100.0,84.61538461538461,38.46153846153847,3.0,3.0,7.0,8.8,80.0,0,0.0,1,7.692307692307693,True
TruckDrive,static,0.5,75-100,Vehicle-RV,scene_28_6,1,1,1,1,1,1,0,0,0,100.0,100.0,0.0,81.08584500827666,81.08584500827666,100.0,100.0,18.0,18.0,18.0,18.0,100.0,100.0,100.0,24.0,24.0,24.0,24.0,100.0,0,0.0,0,0.0,True
TruckDrive,static,0.5,75-100,Vehicle-SemiTruck-Cab,scene_28_1,17,4,1,17,17,17,0,0,0,100.0,100.0,0.0,75.899453273696,95.74105460319124,88.23529411764706,88.23529411764706,8.0,15.0,23.0,46.80000000000001,100.0,100.0,100.0,16.0,20.0,24.0,25.8,100.0,0,0.0,0,0.0,True
TruckDrive,static,0.5,75-100,Vehicle-SemiTruck-Cab,scene_28_12,5,3,1,5,5,5,0,0,0,100.0,100.0,0.0,78.45067797988521,95.34987883787399,100.0,100.0,9.0,37.0,38.0,56.0,100.0,100.0,100.0,5.0,7.0,10.0,15.4,100.0,0,0.0,0,0.0,True
TruckDrive,static,0.5,75-100,Vehicle-SemiTruck-Cab,scene_28_18,1,1,1,1,1,1,0,0,0,100.0,100.0,0.0,78.25357077320602,78.25357077320602,100.0,100.0,83.0,83.0,83.0,83.0,100.0,100.0,100.0,27.0,27.0,27.0,27.0,100.0,0,0.0,0,0.0,True
TruckDrive,static,0.5,75-100,Vehicle-SemiTruck-Cab,scene_28_6,25,8,1,24,25,24,0,1,0,96.0,100.0,-4.0000000000000036,76.16793751166425,99.31420207836348,92.0,92.0,37.0,286.0,696.0,944.0,93.75,92.0,84.0,6.0,9.0,16.0,20.6,100.0,1,4.0,0,0.0,False
TruckDrive,static,0.5,75-100,Vehicle-SemiTruck-Trailer,scene_28_1,12,4,1,12,12,12,0,0,0,100.0,100.0,0.0,76.0646171209991,95.34923944594593,91.66666666666666,91.66666666666666,46.25,1892.0,2057.75,2470.1000000000004,100.0,100.0,100.0,28.5,47.5,49.0,54.400000000000006,100.0,0,0.0,0,0.0,True
TruckDrive,static,0.5,75-100,Vehicle-SemiTruck-Trailer,scene_28_12,6,4,1,6,6,6,0,0,0,100.0,100.0,0.0,78.26986533163736,97.55404784517735,100.0,100.0,48.0,93.5,152.5,179.5,100.0,100.0,100.0,21.25,29.5,35.5,40.5,100.0,0,0.0,0,0.0,True
TruckDrive,static,0.5,75-100,Vehicle-SemiTruck-Trailer,scene_28_18,1,1,1,1,1,1,0,0,0,100.0,100.0,0.0,88.564484249031,88.564484249031,100.0,100.0,79.0,79.0,79.0,79.0,100.0,100.0,100.0,47.0,47.0,47.0,47.0,100.0,0,0.0,0,0.0,True
TruckDrive,static,0.5,75-100,Vehicle-SemiTruck-Trailer,scene_28_6,26,8,1,26,26,26,0,0,0,100.0,100.0,0.0,77.24045157171793,99.02934909760017,100.0,100.0,76.0,404.0,1036.0,1622.0,100.0,100.0,100.0,23.25,26.0,33.5,45.5,100.0,0,0.0,0,0.0,False
TruckDrive,static,0.5,75-100,Vehicle-SingleUnitTruck,scene_28_18,2,1,1,2,2,2,0,0,0,100.0,100.0,0.0,79.79215444888204,85.01886360441814,100.0,100.0,38.5,46.0,53.5,58.0,100.0,100.0,100.0,20.0,25.0,30.0,33.0,100.0,0,0.0,0,0.0,True
TruckDrive,static,0.5,75-100,Vehicle-Trailer,scene_28_1,1,1,1,1,1,1,0,0,0,100.0,100.0,0.0,77.3362595973265,77.3362595973265,100.0,100.0,37.0,37.0,37.0,37.0,100.0,100.0,100.0,24.0,24.0,24.0,24.0,100.0,0,0.0,0,0.0,True
TruckDrive,static,0.5,75-100,Vehicle-Trailer,scene_28_12,6,1,1,6,6,6,0,0,0,100.0,100.0,0.0,77.27723696745747,98.54970171723132,100.0,100.0,1796.75,2208.5,2312.0,2326.5,100.0,100.0,100.0,54.5,58.0,60.75,62.5,100.0,0,0.0,0,0.0,True
TruckDrive,static,0.5,75-100,Vehicle-Trailer,scene_28_18,2,1,1,2,2,2,0,0,0,100.0,100.0,0.0,81.67500209581823,84.08090487819297,100.0,100.0,48.0,59.0,70.0,76.6,100.0,100.0,100.0,9.75,12.5,15.25,16.9,100.0,0,0.0,0,0.0,True
TruckDrive,static,0.5,75-100,Vehicle-Trailer,scene_28_6,1,1,1,1,1,1,0,0,0,100.0,100.0,0.0,99.51421975805016,99.51421975805016,100.0,100.0,153.0,153.0,153.0,153.0,100.0,100.0,100.0,5.0,5.0,5.0,5.0,100.0,0,0.0,0,0.0,True
TruckDrive,static,0.5,100-150,RoadObstruction,scene_28_1,2,2,1,2,1,1,1,0,0,100.0,50.0,50.0,124.0458251007249,145.2940934507138,50.0,50.0,3.5,5.0,6.5,7.4,100.0,0.0,0.0,0.25,0.5,0.75,0.9,50.0,0,0.0,1,50.0,True
TruckDrive,static,0.5,100-150,RoadObstruction,scene_28_12,2,1,1,2,0,0,2,0,0,100.0,0.0,100.0,126.05105666840699,143.28852647304262,100.0,100.0,7.25,8.5,9.75,10.5,100.0,0.0,0.0,0.0,0.0,0.0,0.0,0.0,0,0.0,2,100.0,True
TruckDrive,static,0.5,100-150,RoadObstruction-Barrel,scene_28_1,160,31,1,154,82,79,75,3,3,96.25,51.24999999999999,45.00000000000001,100.01457537159469,149.85105342932135,94.375,90.0,10.75,21.0,36.0,55.099999999999994,96.25960061443934,0.0,0.0,0.0,1.0,1.0,1.0,47.492319508448546,6,3.75,78,48.75000000000001,False
TruckDrive,static,0.5,100-150,RoadObstruction-Barrel,scene_28_12,10,2,1,10,4,4,6,0,0,100.0,40.0,60.0,104.5221015724081,143.22640457686262,100.0,100.0,7.0,7.0,14.0,17.299999999999997,100.0,0.0,0.0,0.0,0.0,1.0,1.0999999999999996,41.666666666666664,0,0.0,6,60.0,True
TruckDrive,static,0.5,100-150,TrafficSign,scene_28_1,30,6,1,23,6,4,19,2,5,76.66666666666667,20.0,56.666666666666664,100.23295842675192,149.8043785510788,66.66666666666666,56.666666666666664,1.25,7.0,20.25,37.80000000000001,67.3611111111111,0.0,0.0,0.0,0.0,0.0,1.0,15.972222222222221,7,23.33333333333333,24,80.0,False
TruckDrive,static,0.5,100-150,TrafficSign,scene_28_12,106,20,1,63,20,8,55,12,31,59.43396226415094,18.867924528301888,40.56603773584905,100.07915340275993,149.77802477287503,41.509433962264154,32.075471698113205,0.0,2.0,5.0,23.5,67.70238095238096,0.9433962264150944,0.0,0.0,0.0,0.0,1.0,18.05952380952381,43,40.56603773584906,86,81.13207547169812,False
TruckDrive,static,0.5,100-150,TrafficSign,scene_28_24,17,2,1,15,0,0,15,0,2,88.23529411764706,0.0,88.23529411764706,102.0515260064733,112.1430559245427,70.58823529411765,58.82352941176471,2.0,11.0,37.0,94.8,87.5,0.0,0.0,0.0,0.0,0.0,0.0,0.0,2,11.764705882352942,17,100.0,True
TruckDrive,static,0.5,100-150,Vehicle,scene_28_18,22,1,1,22,22,22,0,0,0,100.0,100.0,0.0,137.2206696633271,148.91381342419794,100.0,100.0,78.25,111.0,132.75,154.40000000000003,100.0,95.45454545454545,81.81818181818183,6.25,7.5,9.0,10.0,100.0,0,0.0,0,0.0,True
TruckDrive,static,0.5,100-150,Vehicle,scene_28_6,8,2,1,8,8,8,0,0,0,100.0,100.0,0.0,104.37622497689988,147.59132007847344,100.0,100.0,35.5,56.0,60.25,66.4,100.0,100.0,62.5,4.0,5.0,6.0,6.6,100.0,0,0.0,0,0.0,True
TruckDrive,static,0.5,100-150,Vehicle-Other,scene_28_6,1,1,1,1,1,1,0,0,0,100.0,100.0,0.0,130.3234563016597,130.3234563016597,0.0,0.0,2.0,2.0,2.0,2.0,100.0,100.0,100.0,11.0,11.0,11.0,11.0,100.0,0,0.0,0,0.0,True
TruckDrive,static,0.5,100-150,Vehicle-Passenger,scene_28_1,18,11,1,11,6,4,7,2,5,61.111111111111114,33.33333333333333,27.777777777777786,103.25284269759703,147.2730748425423,27.77777777777778,16.666666666666664,0.0,1.0,3.5,5.300000000000001,68.18181818181817,5.555555555555555,0.0,0.0,0.0,1.0,2.0,31.818181818181817,7,38.888888888888886,12,66.66666666666667,True
TruckDrive,static,0.5,100-150,Vehicle-Passenger,scene_28_18,40,7,1,39,38,37,2,1,0,97.5,95.0,2.500000000000002,100.380581386362,149.6341155859118,92.5,90.0,8.0,25.5,52.5,86.60000000000002,96.42857142857143,85.0,60.0,4.0,5.0,7.25,10.0,90.47619047619048,1,2.5,2,5.0,False
TruckDrive,static,0.5,100-150,Vehicle-Passenger,scene_28_6,16,4,1,16,14,14,2,0,0,100.0,87.5,12.5,101.40321414395491,145.3494149274749,93.75,81.25,8.25,52.0,74.25,85.5,100.0,68.75,25.0,2.0,3.0,4.25,5.0,79.16666666666666,0,0.0,2,12.5,True
TruckDrive,static,0.5,100-150,Vehicle-RV,scene_28_6,2,1,1,2,2,2,0,0,0,100.0,100.0,0.0,106.64524990446951,133.66667790333872,100.0,100.0,17.0,18.0,19.0,19.6,100.0,100.0,100.0,8.5,11.0,13.5,15.0,100.0,0,0.0,0,0.0,True
TruckDrive,static,0.5,100-150,Vehicle-SemiTruck-Cab,scene_28_1,10,3,1,9,9,8,1,1,0,90.0,90.0,0.0,112.60253570154885,147.84398735180793,80.0,50.0,3.25,4.5,6.75,8.499999999999998,95.83333333333334,90.0,90.0,9.25,12.0,13.0,15.1,66.66666666666666,1,10.0,1,10.0,True
TruckDrive,static,0.5,100-150,Vehicle-SemiTruck-Cab,scene_28_12,12,6,1,10,12,10,0,2,0,83.33333333333334,100.0,-16.666666666666664,101.08026907499156,142.10979294805549,83.33333333333334,83.33333333333334,13.25,21.0,149.5,609.1,88.88888888888889,100.0,75.0,4.75,9.0,12.0,17.700000000000003,100.0,2,16.666666666666657,0,0.0,True
TruckDrive,static,0.5,100-150,Vehicle-SemiTruck-Cab,scene_28_18,2,1,1,2,2,2,0,0,0,100.0,100.0,0.0,110.91646350562034,138.50645160944234,100.0,100.0,31.25,35.5,39.75,42.3,100.0,100.0,100.0,10.25,11.5,12.75,13.5,100.0,0,0.0,0,0.0,True
TruckDrive,static,0.5,100-150,Vehicle-SemiTruck-Cab,scene_28_6,63,8,1,61,62,61,0,1,1,96.82539682539682,98.4126984126984,-1.5873015873015817,100.63822132308648,146.54234299167365,95.23809523809523,93.65079365079364,32.0,117.0,190.5,253.80000000000007,95.98214285714286,92.06349206349206,79.36507936507937,5.5,7.0,8.0,9.800000000000004,99.10714285714286,2,3.1746031746031775,1,1.5873015873015959,False
TruckDrive,static,0.5,100-150,Vehicle-SemiTruck-Trailer,scene_28_1,14,2,1,14,14,14,0,0,0,100.0,100.0,0.0,115.6735973377614,149.51235788763145,100.0,100.0,147.5,255.5,316.0,374.4,100.0,100.0,92.85714285714286,16.0,19.5,27.75,34.1,100.0,0,0.0,0,0.0,True
TruckDrive,static,0.5,100-150,Vehicle-SemiTruck-Trailer,scene_28_12,12,6,1,12,12,12,0,0,0,100.0,100.0,0.0,105.58556035308438,146.64404483896672,100.0,100.0,29.5,91.5,139.5,224.70000000000002,100.0,100.0,100.0,11.75,16.0,20.25,24.6,100.0,0,0.0,0,0.0,True
TruckDrive,static,0.5,100-150,Vehicle-SemiTruck-Trailer,scene_28_18,2,1,1,2,2,2,0,0,0,100.0,100.0,0.0,121.74586042059127,149.61581668734965,100.0,100.0,33.0,39.0,45.0,48.6,100.0,100.0,100.0,27.0,29.0,31.0,32.2,100.0,0,0.0,0,0.0,True
TruckDrive,static,0.5,100-150,Vehicle-SemiTruck-Trailer,scene_28_6,51,9,1,51,51,51,0,0,0,100.0,100.0,0.0,100.26475808240477,149.72193380985757,100.0,98.0392156862745,34.5,102.0,559.0,740.0,100.0,98.0392156862745,90.19607843137256,11.0,24.0,36.5,42.0,100.0,0,0.0,0,0.0,False
TruckDrive,static,0.5,100-150,Vehicle-SingleUnitTruck,scene_28_18,20,2,1,20,20,20,0,0,0,100.0,100.0,0.0,107.89679924334742,143.5236124185936,100.0,100.0,138.5,223.0,296.25,340.50000000000006,100.0,95.0,90.0,7.0,9.0,9.25,13.400000000000006,100.0,0,0.0,0,0.0,True
TruckDrive,static,0.5,100-150,Vehicle-Trailer,scene_28_1,2,1,1,2,2,2,0,0,0,100.0,100.0,0.0,107.46517102208448,137.8854069714319,100.0,100.0,9.75,13.5,17.25,19.5,100.0,100.0,100.0,6.75,7.5,8.25,8.7,100.0,0,0.0,0,0.0,True
TruckDrive,static,0.5,100-150,Vehicle-Trailer,scene_28_12,9,1,1,9,9,9,0,0,0,100.0,100.0,0.0,103.27842576703888,148.2364399300797,100.0,100.0,591.0,723.0,961.0,1158.4,100.0,100.0,100.0,46.0,48.0,51.0,53.4,100.0,0,0.0,0,0.0,True
TruckDrive,static,0.5,100-150,Vehicle-Trailer,scene_28_18,4,1,1,4,4,4,0,0,0,100.0,100.0,0.0,108.90916865253664,145.95430085405872,100.0,100.0,51.75,79.5,105.25,107.5,100.0,50.0,50.0,1.0,3.5,7.25,9.5,100.0,0,0.0,0,0.0,True
TruckDrive,static,0.5,100-150,Vehicle-Trailer,scene_28_6,1,1,1,1,1,1,0,0,0,100.0,100.0,0.0,126.09110418000145,126.09110418000145,100.0,100.0,78.0,78.0,78.0,78.0,100.0,0.0,0.0,2.0,2.0,2.0,2.0,100.0,0,0.0,0,0.0,True
TruckDrive,static,0.5,150-200,RoadObstruction,scene_28_1,23,9,1,21,4,4,17,0,2,91.30434782608695,17.391304347826086,73.91304347826086,150.12315334501665,199.34786625091186,78.26086956521739,60.86956521739131,4.0,8.0,10.5,14.0,90.74074074074073,4.3478260869565215,0.0,0.0,0.0,0.0,1.0,21.296296296296294,2,8.695652173913047,19,82.6086956521739,False
TruckDrive,static,0.5,150-200,RoadObstruction,scene_28_12,7,2,1,6,0,0,6,0,1,85.71428571428571,0.0,85.71428571428571,150.53008577518995,194.12126664134763,85.71428571428571,57.14285714285714,3.5,5.0,6.0,8.000000000000002,83.33333333333333,0.0,0.0,0.0,0.0,0.0,0.0,0.0,1,14.285714285714292,7,100.0,True
TruckDrive,static,0.5,150-200,RoadObstruction-Barrel,scene_28_1,92,27,1,87,19,19,68,0,5,94.56521739130434,20.652173913043477,73.91304347826086,150.18881488316208,199.9384513570718,85.86956521739131,80.43478260869566,6.0,12.0,20.0,33.70000000000002,93.82716049382715,0.0,0.0,0.0,0.0,0.0,1.0,23.187830687830687,5,5.434782608695656,73,79.34782608695653,False
TruckDrive,static,0.5,150-200,RoadObstruction-Barrel,scene_28_12,7,2,1,4,2,1,3,1,2,57.14285714285714,28.57142857142857,28.57142857142857,150.78002662282594,197.6915866443452,42.857142857142854,28.57142857142857,0.0,2.0,5.0,6.800000000000001,58.33333333333333,0.0,0.0,0.0,0.0,0.5,1.0,29.166666666666664,3,42.85714285714286,5,71.42857142857143,True
TruckDrive,static,0.5,150-200,TrafficSign,scene_28_1,26,5,1,18,3,2,16,1,7,69.23076923076923,11.538461538461538,57.692307692307686,150.72592570279625,199.00700278624328,42.30769230769231,38.46153846153847,0.0,2.0,8.5,12.5,68.0,0.0,0.0,0.0,0.0,0.0,0.5,10.500000000000002,8,30.769230769230774,23,88.46153846153847,False
TruckDrive,static,0.5,150-200,TrafficSign,scene_28_12,92,24,1,60,9,9,51,0,32,65.21739130434783,9.782608695652174,55.434782608695656,150.3231986970195,198.8561326044098,46.73913043478261,40.21739130434783,0.0,2.0,11.0,25.80000000000001,67.72817460317461,0.0,0.0,0.0,0.0,0.0,0.0,11.111111111111112,32,34.78260869565217,83,90.21739130434783,False
TruckDrive,static,0.5,150-200,TrafficSign,scene_28_18,12,3,1,8,4,3,5,1,3,66.66666666666666,33.33333333333333,33.33333333333333,150.35048049437566,199.70237418425347,41.66666666666667,41.66666666666667,0.0,1.5,5.5,9.700000000000001,66.66666666666666,0.0,0.0,0.0,0.0,1.0,1.0,33.33333333333333,4,33.33333333333334,8,66.66666666666667,True
TruckDrive,static,0.5,150-200,TrafficSign,scene_28_24,9,2,1,7,1,0,7,1,1,77.77777777777779,11.11111111111111,66.66666666666667,159.44302771626278,168.72950632582754,66.66666666666666,55.55555555555556,1.0,7.0,10.0,14.2,75.0,0.0,0.0,0.0,0.0,0.0,0.40000000000000036,8.333333333333332,2,22.222222222222214,8,88.88888888888889,True
TruckDrive,static,0.5,150-200,Vehicle,scene_28_1,3,2,1,2,2,1,1,1,0,66.66666666666666,66.66666666666666,0.0,153.9345667754653,177.66030580339623,66.66666666666666,0.0,2.0,4.0,4.0,4.0,75.0,0.0,0.0,0.5,1.0,1.5,1.8,75.0,1,33.33333333333334,1,33.33333333333334,True
TruckDrive,static,0.5,150-200,Vehicle,scene_28_12,2,1,1,2,2,2,0,0,0,100.0,100.0,0.0,174.01300604464842,187.28189864416186,100.0,100.0,11.75,15.5,19.25,21.5,100.0,100.0,100.0,5.25,5.5,5.75,5.9,100.0,0,0.0,0,0.0,True
TruckDrive,static,0.5,150-200,Vehicle,scene_28_6,26,2,1,22,24,20,2,4,0,84.61538461538461,92.3076923076923,-7.692307692307699,150.80024684336743,197.38795765737675,84.61538461538461,80.76923076923077,8.75,18.0,37.25,103.0,84.61538461538461,50.0,15.384615384615385,1.0,2.5,3.0,5.0,92.3076923076923,4,15.384615384615387,2,7.692307692307693,True
TruckDrive,static,0.5,150-200,Vehicle-Bus,scene_28_18,1,1,1,0,1,0,0,1,0,0.0,100.0,-100.0,177.87542309528652,177.87542309528652,0.0,0.0,0.0,0.0,0.0,0.0,0.0,100.0,100.0,22.0,22.0,22.0,22.0,100.0,1,100.0,0,0.0,True
TruckDrive,static,0.5,150-200,Vehicle-Equipment,scene_28_1,2,1,1,2,2,2,0,0,0,100.0,100.0,0.0,163.3873574148229,176.7192198830252,100.0,50.0,4.25,5.5,6.75,7.5,100.0,0.0,0.0,1.25,1.5,1.75,1.9,100.0,0,0.0,0,0.0,True
TruckDrive,static,0.5,150-200,Vehicle-Other,scene_28_6,2,1,1,2,2,2,0,0,0,100.0,100.0,0.0,158.35541605971324,186.78623020504358,100.0,100.0,23.75,26.5,29.25,30.9,100.0,100.0,100.0,14.5,15.0,15.5,15.8,100.0,0,0.0,0,0.0,True
TruckDrive,static,0.5,150-200,Vehicle-Passenger,scene_28_1,15,5,1,12,6,6,6,0,3,80.0,40.0,40.0,154.03596802110513,198.75333675562098,53.333333333333336,46.666666666666664,1.5,4.0,63.0,106.39999999999999,85.0,26.666666666666668,6.666666666666667,0.0,0.0,2.5,3.0,51.42857142857142,3,20.0,9,60.0,True
TruckDrive,static,0.5,150-200,Vehicle-Passenger,scene_28_12,12,1,1,12,11,11,1,0,0,100.0,91.66666666666666,8.333333333333337,165.93708954582632,186.53381818594744,91.66666666666666,75.0,5.5,9.5,11.0,14.0,100.0,8.333333333333332,0.0,1.0,2.0,2.0,2.0,91.66666666666666,0,0.0,1,8.333333333333343,True
TruckDrive,static,0.5,150-200,Vehicle-Passenger,scene_28_18,30,6,1,26,23,20,6,3,1,86.66666666666667,76.66666666666667,9.999999999999998,152.30494406940272,199.87630076942094,83.33333333333334,80.0,7.25,21.0,29.0,34.2,80.55555555555554,33.33333333333333,3.3333333333333335,1.0,1.0,3.0,3.1000000000000014,80.55555555555554,4,13.333333333333329,7,23.33333333333333,False
TruckDrive,static,0.5,150-200,Vehicle-Passenger,scene_28_6,7,4,1,6,4,3,3,1,0,85.71428571428571,57.14285714285714,28.57142857142857,150.5748978242395,195.99622348040978,57.14285714285714,57.14285714285714,1.0,6.0,12.5,20.400000000000006,91.66666666666666,28.57142857142857,0.0,0.0,1.0,3.0,4.0,41.666666666666664,1,14.285714285714292,3,42.85714285714286,True
TruckDrive,static,0.5,150-200,Vehicle-RV,scene_28_6,2,1,1,2,2,2,0,0,0,100.0,100.0,0.0,161.29842305569787,194.50344195811496,50.0,50.0,6.25,11.5,16.75,19.9,100.0,50.0,50.0,2.25,3.5,4.75,5.5,100.0,0,0.0,0,0.0,True
TruckDrive,static,0.5,150-200,Vehicle-SemiTruck-Cab,scene_28_1,39,2,1,24,33,24,0,9,6,61.53846153846154,84.61538461538461,-23.076923076923073,150.28445056882035,199.9727196236663,51.28205128205128,43.58974358974359,0.0,3.0,8.5,17.400000000000006,65.0,74.35897435897436,69.23076923076923,2.5,7.0,10.5,13.200000000000003,87.5,15,38.46153846153846,6,15.384615384615387,True
TruckDrive,static,0.5,150-200,Vehicle-SemiTruck-Cab,scene_28_12,13,6,1,12,13,12,0,1,0,92.3076923076923,100.0,-7.692307692307687,151.37582354922944,190.2424357630153,92.3076923076923,92.3076923076923,8.0,41.0,58.0,206.60000000000008,91.66666666666666,61.53846153846154,53.84615384615385,1.0,5.0,7.0,10.600000000000001,100.0,1,7.692307692307693,0,0.0,True
TruckDrive,static,0.5,150-200,Vehicle-SemiTruck-Cab,scene_28_18,3,2,1,3,2,2,1,0,0,100.0,66.66666666666666,33.333333333333336,167.0404484927754,196.90011734417828,66.66666666666666,66.66666666666666,26.5,52.0,58.5,62.4,100.0,66.66666666666666,0.0,1.5,3.0,3.5,3.8,50.0,0,0.0,1,33.33333333333334,True
TruckDrive,static,0.5,150-200,Vehicle-SemiTruck-Cab,scene_28_6,15,6,1,15,13,13,2,0,0,100.0,86.66666666666667,13.33333333333333,154.61008139180475,198.99440052543983,100.0,100.0,13.5,18.0,36.5,62.199999999999996,100.0,46.666666666666664,33.33333333333333,1.0,2.0,5.5,6.0,88.88888888888889,0,0.0,2,13.333333333333329,True
TruckDrive,static,0.5,150-200,Vehicle-SemiTruck-Trailer,scene_28_1,55,3,1,54,53,52,2,1,0,98.18181818181819,96.36363636363636,1.8181818181818188,151.82880867643766,199.71118933728965,98.18181818181819,98.18181818181819,34.5,289.0,442.0,623.4,99.01960784313727,85.45454545454545,81.81818181818183,5.0,8.0,17.5,25.0,82.3529411764706,1,1.818181818181813,2,3.6363636363636402,True
TruckDrive,static,0.5,150-200,Vehicle-SemiTruck-Trailer,scene_28_12,20,9,1,20,19,19,1,0,0,100.0,95.0,5.000000000000004,152.37275756461244,199.68700638182082,100.0,100.0,34.0,77.0,103.0,178.80000000000007,100.0,90.0,65.0,4.0,6.0,10.25,14.600000000000009,94.44444444444444,0,0.0,1,5.0,False
TruckDrive,static,0.5,150-200,Vehicle-SemiTruck-Trailer,scene_28_18,2,2,1,2,2,2,0,0,0,100.0,100.0,0.0,176.50442859807507,178.112387054056,100.0,100.0,26.25,31.5,36.75,39.9,100.0,50.0,50.0,4.5,8.0,11.5,13.6,100.0,0,0.0,0,0.0,True
TruckDrive,static,0.5,150-200,Vehicle-SemiTruck-Trailer,scene_28_6,20,9,1,19,19,18,1,1,0,95.0,95.0,0.0,150.2692484722888,194.20532472507605,85.0,85.0,14.75,30.0,91.5,180.0,94.44444444444444,75.0,60.0,2.75,6.5,8.25,13.900000000000027,88.88888888888889,1,5.0,1,5.0,False
TruckDrive,static,0.5,150-200,Vehicle-SingleUnitTruck,scene_28_18,1,1,1,0,1,0,0,1,0,0.0,100.0,-100.0,180.04087629525,180.04087629525,0.0,0.0,0.0,0.0,0.0,0.0,0.0,0.0,0.0,2.0,2.0,2.0,2.0,100.0,1,100.0,0,0.0,True
TruckDrive,static,0.5,150-200,Vehicle-Trailer,scene_28_1,1,1,1,1,1,1,0,0,0,100.0,100.0,0.0,168.07941557968434,168.07941557968434,0.0,0.0,1.0,1.0,1.0,1.0,100.0,100.0,100.0,6.0,6.0,6.0,6.0,100.0,0,0.0,0,0.0,True
TruckDrive,static,0.5,150-200,Vehicle-Trailer,scene_28_12,7,1,1,7,7,7,0,0,0,100.0,100.0,0.0,154.4629087431175,196.30757620340373,100.0,100.0,325.0,381.0,510.0,566.2,100.0,100.0,100.0,18.0,27.0,36.0,38.0,100.0,0,0.0,0,0.0,True
TruckDrive,static,0.5,150-200,Vehicle-Trailer,scene_28_18,3,1,1,3,3,3,0,0,0,100.0,100.0,0.0,166.25042235053456,196.18808402854907,100.0,100.0,79.0,97.0,97.5,97.8,100.0,33.33333333333333,0.0,1.0,1.0,2.0,2.6,100.0,0,0.0,0,0.0,True
TruckDrive,static,0.5,150-200,Vehicle-Trailer,scene_28_6,2,1,1,2,0,0,2,0,0,100.0,0.0,100.0,153.51073085354014,187.19641571392606,100.0,100.0,34.5,43.0,51.5,56.6,100.0,0.0,0.0,0.0,0.0,0.0,0.0,0.0,0,0.0,2,100.0,True
TruckDrive,static,0.5,200-250,RoadObstruction,scene_28_1,26,9,1,20,2,2,18,0,6,76.92307692307693,7.6923076923076925,69.23076923076923,200.63495369006688,249.01143860608167,65.38461538461539,38.46153846153847,1.0,3.0,6.0,8.5,79.62962962962963,0.0,0.0,0.0,0.0,0.0,0.0,8.333333333333332,6,23.076923076923066,24,92.3076923076923,False
TruckDrive,static,0.5,200-250,RoadObstruction,scene_28_12,7,2,1,3,0,0,3,0,4,42.857142857142854,0.0,42.857142857142854,201.40761179984057,244.98267262414763,42.857142857142854,28.57142857142857,0.0,0.0,4.0,5.4,41.666666666666664,0.0,0.0,0.0,0.0,0.0,0.0,0.0,4,57.142857142857146,7,100.0,True
TruckDrive,static,0.5,200-250,RoadObstruction-Barrel,scene_28_1,55,18,1,43,16,13,30,3,9,78.18181818181819,29.09090909090909,49.09090909090909,200.0625118208934,249.88406295481,72.72727272727273,67.27272727272727,2.0,10.0,21.0,25.800000000000004,76.38888888888889,0.0,0.0,0.0,0.0,1.0,1.0,24.537037037037035,12,21.818181818181813,39,70.9090909090909,False
TruckDrive,static,0.5,200-250,RoadObstruction-Barrel,scene_28_12,5,2,1,5,0,0,5,0,0,100.0,0.0,100.0,204.85237806454052,234.0520171871552,80.0,80.0,5.0,5.0,13.0,13.0,100.0,0.0,0.0,0.0,0.0,0.0,0.0,0.0,0,0.0,5,100.0,True
TruckDrive,static,0.5,200-250,TrafficSign,scene_28_1,23,6,1,20,2,2,18,0,3,86.95652173913044,8.695652173913043,78.26086956521738,204.12690866950064,248.82613241559415,56.52173913043478,43.47826086956522,1.5,4.0,14.0,36.2,77.77777777777777,0.0,0.0,0.0,0.0,0.0,0.0,6.944444444444444,3,13.043478260869563,21,91.30434782608695,False
TruckDrive,static,0.5,200-250,TrafficSign,scene_28_12,83,22,1,53,3,3,50,0,30,63.85542168674698,3.614457831325301,60.24096385542168,200.46007809898492,249.66868557030105,48.19277108433735,39.75903614457831,0.0,2.0,8.0,17.39999999999999,66.2391774891775,0.0,0.0,0.0,0.0,0.0,0.0,3.787878787878787,30,36.14457831325302,80,96.3855421686747,False
TruckDrive,static,0.5,200-250,TrafficSign,scene_28_18,11,4,1,5,3,2,3,1,5,45.45454545454545,27.27272727272727,18.181818181818183,208.10980309798109,246.70783262698745,36.36363636363637,27.27272727272727,0.0,0.0,5.0,7.0,45.83333333333333,0.0,0.0,0.0,0.0,0.5,1.0,25.0,6,54.54545454545455,8,72.72727272727273,True
TruckDrive,static,0.5,200-250,TrafficSign,scene_28_24,3,1,1,1,0,0,1,0,2,33.33333333333333,0.0,33.33333333333333,228.18726066419157,232.18225850084806,0.0,0.0,0.0,0.0,0.5,0.8,33.33333333333333,0.0,0.0,0.0,0.0,0.0,0.0,0.0,2,66.66666666666667,3,100.0,True
TruckDrive,static,0.5,200-250,TrafficSign,scene_28_6,1,1,1,0,0,0,0,0,1,0.0,0.0,0.0,223.71035875678777,223.71035875678777,0.0,0.0,0.0,0.0,0.0,0.0,0.0,0.0,0.0,0.0,0.0,0.0,0.0,0.0,1,100.0,1,100.0,True
TruckDrive,static,0.5,200-250,Vehicle,scene_28_12,5,2,1,5,2,2,3,0,0,100.0,40.0,60.0,200.92372660649855,245.64094980450042,100.0,100.0,12.0,14.0,15.0,18.0,100.0,20.0,0.0,0.0,0.0,2.0,3.2,25.0,0,0.0,3,60.0,True
TruckDrive,static,0.5,200-250,Vehicle,scene_28_6,8,2,1,3,6,2,1,4,1,37.5,75.0,-37.5,201.54258863542225,227.7209724809492,25.0,25.0,0.0,0.0,2.75,8.0,64.28571428571428,12.5,0.0,0.75,1.0,2.0,2.3,42.857142857142854,5,62.5,2,25.0,True
TruckDrive,static,0.5,200-250,Vehicle-Bus,scene_28_18,2,1,1,2,2,2,0,0,0,100.0,100.0,0.0,208.79788513686086,239.83276001749218,50.0,50.0,3.75,6.5,9.25,10.9,100.0,100.0,100.0,10.0,11.0,12.0,12.6,100.0,0,0.0,0,0.0,True
TruckDrive,static,0.5,200-250,Vehicle-Other,scene_28_6,1,1,1,1,1,1,0,0,0,100.0,100.0,0.0,216.1487068441776,216.1487068441776,100.0,100.0,8.0,8.0,8.0,8.0,100.0,100.0,100.0,15.0,15.0,15.0,15.0,100.0,0,0.0,0,0.0,True
TruckDrive,static,0.5,200-250,Vehicle-Passenger,scene_28_1,22,5,1,19,11,11,8,0,3,86.36363636363636,50.0,36.36363636363637,201.91332212775274,249.9157658332935,81.81818181818183,81.81818181818183,7.0,14.0,51.25,69.7,75.0,27.27272727272727,0.0,0.0,1.0,2.75,3.0,28.846153846153843,3,13.63636363636364,11,50.0,False
TruckDrive,static,0.5,200-250,Vehicle-Passenger,scene_28_18,26,4,1,24,22,20,4,2,0,92.3076923076923,84.61538461538461,7.692307692307699,210.85990809166134,249.60712874363585,92.3076923076923,92.3076923076923,21.25,32.0,41.0,50.5,62.5,7.6923076923076925,0.0,1.0,2.0,2.0,2.0,95.45454545454545,2,7.692307692307693,4,15.384615384615387,True
TruckDrive,static,0.5,200-250,Vehicle-Passenger,scene_28_6,1,1,1,0,1,0,0,1,0,0.0,100.0,-100.0,214.64145831489262,214.64145831489262,0.0,0.0,0.0,0.0,0.0,0.0,0.0,0.0,0.0,1.0,1.0,1.0,1.0,100.0,1,100.0,0,0.0,True
TruckDrive,static,0.5,200-250,Vehicle-SemiTruck-Cab,scene_28_1,14,1,1,8,10,5,3,5,1,57.14285714285714,71.42857142857143,-14.28571428571429,201.06925163807026,215.79352150362988,35.714285714285715,28.57142857142857,0.0,1.0,4.75,5.0,57.14285714285714,28.57142857142857,14.285714285714285,0.25,1.0,2.75,4.400000000000002,71.42857142857143,6,42.85714285714286,4,28.57142857142857,True
TruckDrive,static,0.5,200-250,Vehicle-SemiTruck-Cab,scene_28_12,10,4,1,9,9,9,0,0,1,90.0,90.0,0.0,204.11132949039956,249.6109946061744,90.0,90.0,8.0,17.5,28.0,74.19999999999999,87.5,50.0,20.0,2.0,2.5,4.0,5.0,87.5,1,10.0,1,10.0,True
TruckDrive,static,0.5,200-250,Vehicle-SemiTruck-Cab,scene_28_18,3,2,1,2,2,2,0,0,1,66.66666666666666,66.66666666666666,0.0,217.2707973608132,248.3359483739058,33.33333333333333,0.0,0.5,1.0,2.0,2.6,75.0,33.33333333333333,0.0,0.5,1.0,2.5,3.4000000000000004,75.0,1,33.33333333333334,1,33.33333333333334,True
TruckDrive,static,0.5,200-250,Vehicle-SemiTruck-Cab,scene_28_6,11,6,1,10,9,8,2,1,0,90.9090909090909,81.81818181818183,9.090909090909083,202.22356028339837,249.2167268956506,81.81818181818183,81.81818181818183,6.0,9.0,25.0,38.0,91.66666666666666,27.27272727272727,18.181818181818183,1.0,2.0,2.5,5.0,91.66666666666666,1,9.090909090909093,2,18.181818181818173,True
TruckDrive,static,0.5,200-250,Vehicle-SemiTruck-Trailer,scene_28_1,12,3,1,12,10,10,2,0,0,100.0,83.33333333333334,16.666666666666664,201.21255469464592,240.5537241522084,100.0,91.66666666666666,245.5,296.0,333.25,348.7,100.0,83.33333333333334,58.333333333333336,3.75,5.5,8.0,8.0,66.66666666666666,0,0.0,2,16.666666666666657,True
TruckDrive,static,0.5,200-250,Vehicle-SemiTruck-Trailer,scene_28_12,27,11,1,25,25,23,2,2,0,92.5925925925926,92.5925925925926,0.0,200.0481951240057,249.7046674149109,92.5925925925926,92.5925925925926,24.0,312.0,794.5,1346.2,93.93939393939394,59.25925925925925,37.03703703703704,2.0,3.0,9.0,10.0,86.36363636363636,2,7.407407407407405,2,7.407407407407405,False
TruckDrive,static,0.5,200-250,Vehicle-SemiTruck-Trailer,scene_28_18,4,2,1,4,4,4,0,0,0,100.0,100.0,0.0,207.27767089747388,238.65419293116855,100.0,100.0,32.0,41.5,42.25,42.7,100.0,75.0,50.0,3.25,6.0,8.75,10.100000000000001,100.0,0,0.0,0,0.0,True
TruckDrive,static,0.5,200-250,Vehicle-SemiTruck-Trailer,scene_28_6,16,6,1,12,14,12,0,2,2,75.0,87.5,-12.5,201.68972383528677,245.94981964285506,75.0,75.0,4.5,20.5,34.5,74.5,66.66666666666666,43.75,25.0,1.0,2.0,4.25,6.5,83.33333333333334,4,25.0,2,12.5,True
TruckDrive,static,0.5,200-250,Vehicle-Trailer,scene_28_12,6,1,1,6,6,6,0,0,0,100.0,100.0,0.0,203.3998259724022,241.56629727532206,100.0,100.0,108.0,129.0,215.25,243.0,100.0,50.0,33.33333333333333,1.25,2.5,5.25,9.5,100.0,0,0.0,0,0.0,True
TruckDrive,static,0.5,200-250,Vehicle-Trailer,scene_28_18,3,1,1,3,2,2,1,0,0,100.0,66.66666666666666,33.333333333333336,204.41397427391732,233.8786707344464,100.0,100.0,15.5,16.0,28.5,36.0,100.0,33.33333333333333,33.33333333333333,1.0,2.0,3.5,4.4,66.66666666666666,0,0.0,1,33.33333333333334,True
TruckDrive,static,0.5,200-250,Vehicle-Trailer,scene_28_6,2,1,1,1,0,0,1,0,1,50.0,0.0,50.0,216.10033212665493,245.33512423621337,50.0,50.0,1.5,3.0,4.5,5.4,50.0,0.0,0.0,0.0,0.0,0.0,0.0,0.0,1,50.0,2,100.0,True
TruckDrive,static,0.5,250-300,RoadObstruction,scene_28_1,5,2,1,5,0,0,5,0,0,100.0,0.0,100.0,250.2288925344351,290.93512442165746,100.0,80.0,5.0,6.0,7.0,7.6,100.0,0.0,0.0,0.0,0.0,0.0,0.0,0.0,0,0.0,5,100.0,True
TruckDrive,static,0.5,250-300,RoadObstruction,scene_28_12,3,2,1,0,0,0,0,0,3,0.0,0.0,0.0,251.98576590866227,274.0278270848728,0.0,0.0,0.0,0.0,0.0,0.0,0.0,0.0,0.0,0.0,0.0,0.0,0.0,0.0,3,100.0,3,100.0,True
TruckDrive,static,0.5,250-300,RoadObstruction-Barrel,scene_28_1,40,13,1,33,8,8,25,0,7,82.5,20.0,62.5,250.28325197553792,296.9769879253048,60.0,45.0,1.0,3.5,11.0,16.0,85.25641025641025,0.0,0.0,0.0,0.0,0.0,1.0,19.871794871794872,7,17.5,32,80.0,False
TruckDrive,static,0.5,250-300,TrafficSign,scene_28_1,16,5,1,9,0,0,9,0,7,56.25,0.0,56.25,253.6482097085313,295.28354573102484,50.0,50.0,0.0,3.5,9.25,12.0,53.333333333333336,0.0,0.0,0.0,0.0,0.0,0.0,0.0,7,43.75,16,100.0,True
TruckDrive,static,0.5,250-300,TrafficSign,scene_28_12,68,21,1,50,2,2,48,0,18,73.52941176470588,2.941176470588235,70.58823529411765,250.22779380742782,299.7593048037392,61.76470588235294,47.05882352941176,0.0,4.0,10.0,15.300000000000004,74.2063492063492,0.0,0.0,0.0,0.0,0.0,0.0,2.7777777777777772,18,26.470588235294116,66,97.05882352941177,False
TruckDrive,static,0.5,250-300,TrafficSign,scene_28_18,14,5,1,5,3,3,2,0,9,35.714285714285715,21.428571428571427,14.285714285714288,252.21962494695342,299.3158594442666,28.57142857142857,14.285714285714285,0.0,0.0,2.75,4.700000000000001,33.33333333333333,0.0,0.0,0.0,0.0,0.0,1.0,20.0,9,64.28571428571428,11,78.57142857142857,True
TruckDrive,static,0.5,250-300,TrafficSign,scene_28_24,13,1,1,3,0,0,3,0,10,23.076923076923077,0.0,23.076923076923077,260.95070734153353,283.9308657869292,7.6923076923076925,0.0,0.0,0.0,0.0,1.0,23.076923076923077,0.0,0.0,0.0,0.0,0.0,0.0,0.0,10,76.92307692307692,13,100.0,True
TruckDrive,static,0.5,250-300,Vehicle,scene_28_1,2,1,1,2,0,0,2,0,0,100.0,0.0,100.0,265.7698768253654,266.5301235947158,100.0,100.0,6.75,8.5,10.25,11.3,100.0,0.0,0.0,0.0,0.0,0.0,0.0,0.0,0,0.0,2,100.0,True
TruckDrive,static,0.5,250-300,Vehicle,scene_28_12,3,1,1,2,1,1,1,0,1,66.66666666666666,33.33333333333333,33.33333333333333,259.8010621796808,288.67764207435283,66.66666666666666,66.66666666666666,3.5,7.0,10.0,11.8,66.66666666666666,0.0,0.0,0.0,0.0,0.5,0.8,33.33333333333333,1,33.33333333333334,2,66.66666666666667,True
TruckDrive,static,0.5,250-300,Vehicle-Bus,scene_28_18,1,1,1,1,1,1,0,0,0,100.0,100.0,0.0,272.29802314717256,272.29802314717256,100.0,100.0,5.0,5.0,5.0,5.0,100.0,100.0,100.0,6.0,6.0,6.0,6.0,100.0,0,0.0,0,0.0,True
TruckDrive,static,0.5,250-300,Vehicle-Passenger,scene_28_1,46,3,1,37,27,27,10,0,9,80.43478260869566,58.69565217391305,21.739130434782606,250.60822551614362,297.1208104465116,78.26086956521739,78.26086956521739,5.25,10.0,55.0,76.5,57.47126436781609,15.217391304347828,0.0,0.0,1.0,2.0,3.0,45.97701149425288,9,19.565217391304344,19,41.30434782608695,True
TruckDrive,static,0.5,250-300,Vehicle-Passenger,scene_28_12,15,1,1,15,2,2,13,0,0,100.0,13.333333333333334,86.66666666666667,250.6783571335975,297.8225789709488,100.0,100.0,16.0,23.0,31.0,36.2,100.0,0.0,0.0,0.0,0.0,0.0,0.5999999999999996,13.333333333333334,0,0.0,13,86.66666666666667,True
TruckDrive,static,0.5,250-300,Vehicle-Passenger,scene_28_18,21,4,1,20,17,16,4,1,0,95.23809523809523,80.95238095238095,14.28571428571428,251.00468974964278,288.0912174576963,85.71428571428571,85.71428571428571,18.0,31.0,35.0,40.0,87.5,4.761904761904762,0.0,1.0,1.0,1.0,2.0,82.8125,1,4.761904761904773,4,19.04761904761905,True
TruckDrive,static,0.5,250-300,Vehicle-SemiTruck-Cab,scene_28_12,5,4,1,3,4,2,1,2,0,60.0,80.0,-20.000000000000007,265.0917430872442,281.1532827745224,60.0,60.0,0.0,5.0,6.0,9.0,50.0,0.0,0.0,1.0,1.0,1.0,1.6,87.5,2,40.0,1,20.0,True
TruckDrive,static,0.5,250-300,Vehicle-SemiTruck-Cab,scene_28_18,3,2,1,3,2,2,1,0,0,100.0,66.66666666666666,33.333333333333336,256.06453786995155,285.0056707474954,100.0,100.0,7.0,8.0,10.0,11.2,100.0,0.0,0.0,1.0,2.0,2.0,2.0,50.0,0,0.0,1,33.33333333333334,True
TruckDrive,static,0.5,250-300,Vehicle-SemiTruck-Cab,scene_28_6,13,6,1,9,6,4,5,2,2,69.23076923076923,46.15384615384615,23.076923076923073,254.2479486873591,294.38766159557423,69.23076923076923,61.53846153846154,0.0,6.0,15.0,24.000000000000007,69.44444444444443,15.384615384615385,0.0,0.0,0.0,1.0,2.8000000000000007,41.66666666666667,4,30.769230769230774,7,53.84615384615385,True
TruckDrive,static,0.5,250-300,Vehicle-SemiTruck-Trailer,scene_28_1,2,1,1,2,1,1,1,0,0,100.0,50.0,50.0,269.8675644608845,299.5495255467652,100.0,100.0,6.25,6.5,6.75,6.9,100.0,0.0,0.0,0.25,0.5,0.75,0.9,50.0,0,0.0,1,50.0,True
TruckDrive,static,0.5,250-300,Vehicle-SemiTruck-Trailer,scene_28_12,29,11,1,28,19,18,10,1,0,96.55172413793103,65.51724137931035,31.034482758620697,250.0497157484766,295.70213905481876,96.55172413793103,93.10344827586206,11.0,44.0,210.0,917.9999999999999,97.72727272727273,37.93103448275862,17.24137931034483,0.0,2.0,4.0,6.199999999999999,53.03030303030304,1,3.448275862068968,10,34.48275862068965,False
TruckDrive,static,0.5,250-300,Vehicle-SemiTruck-Trailer,scene_28_18,3,2,1,3,3,3,0,0,0,100.0,100.0,0.0,266.44953680170136,296.62011809559124,100.0,100.0,10.5,11.0,19.5,24.6,100.0,33.33333333333333,0.0,1.5,2.0,3.0,3.6,100.0,0,0.0,0,0.0,True
TruckDrive,static,0.5,250-300,Vehicle-SemiTruck-Trailer,scene_28_6,15,6,1,13,7,5,8,2,0,86.66666666666667,46.666666666666664,40.0,251.5283332034967,299.80861071369907,86.66666666666667,66.66666666666666,4.0,33.0,54.0,58.599999999999994,79.16666666666666,26.666666666666668,13.333333333333334,0.0,0.0,2.0,4.6,44.44444444444444,2,13.333333333333329,8,53.333333333333336,True
TruckDrive,static,0.5,250-300,Vehicle-Trailer,scene_28_12,4,1,1,3,1,1,2,0,1,75.0,25.0,50.0,251.11907169379526,275.4225210695398,75.0,75.0,25.5,36.5,40.25,42.5,75.0,0.0,0.0,0.0,0.0,0.25,0.7000000000000002,25.0,1,25.0,3,75.0,True
TruckDrive,static,0.5,250-300,Vehicle-Trailer,scene_28_18,3,1,1,3,2,2,1,0,0,100.0,66.66666666666666,33.333333333333336,262.3035163614787,293.82702857255254,100.0,100.0,24.0,34.0,42.0,46.8,100.0,66.66666666666666,0.0,2.0,4.0,4.0,4.0,66.66666666666666,0,0.0,1,33.33333333333334,True
TruckDrive,static,0.5,250-300,Vehicle-Trailer,scene_28_6,1,1,1,0,0,0,0,0,1,0.0,0.0,0.0,274.34414779048905,274.34414779048905,0.0,0.0,0.0,0.0,0.0,0.0,0.0,0.0,0.0,0.0,0.0,0.0,0.0,0.0,1,100.0,1,100.0,True
TruckDrive,static,0.5,300-400,RoadObstruction,scene_28_1,1,1,1,1,0,0,1,0,0,100.0,0.0,100.0,305.19339503640856,305.19339503640856,100.0,100.0,5.0,5.0,5.0,5.0,100.0,0.0,0.0,0.0,0.0,0.0,0.0,0.0,0,0.0,1,100.0,True
TruckDrive,static,0.5,300-400,RoadObstruction-Barrel,scene_28_1,39,10,1,21,5,2,19,3,15,53.84615384615385,12.82051282051282,41.02564102564102,304.53595916952185,395.366842163772,48.717948717948715,46.15384615384615,0.0,1.0,7.0,11.0,64.28571428571429,0.0,0.0,0.0,0.0,0.0,1.0,15.095238095238095,18,46.15384615384615,34,87.17948717948718,False
TruckDrive,static,0.5,300-400,TrafficSign,scene_28_1,2,2,1,0,0,0,0,0,2,0.0,0.0,0.0,309.21167826107944,309.79406121868243,0.0,0.0,0.0,0.0,0.0,0.0,0.0,0.0,0.0,0.0,0.0,0.0,0.0,0.0,2,100.0,2,100.0,True
TruckDrive,static,0.5,300-400,TrafficSign,scene_28_12,72,18,1,42,0,0,42,0,30,58.333333333333336,0.0,58.333333333333336,301.79574376751725,392.2563925397,38.88888888888889,30.555555555555557,0.0,2.0,6.0,8.0,53.24074074074073,0.0,0.0,0.0,0.0,0.0,0.0,0.0,30,41.666666666666664,72,100.0,False
TruckDrive,static,0.5,300-400,TrafficSign,scene_28_18,45,9,1,19,0,0,19,0,26,42.22222222222222,0.0,42.22222222222222,304.54778036463625,396.194511461061,17.77777777777778,6.666666666666667,0.0,0.0,2.0,4.0,38.75661375661375,0.0,0.0,0.0,0.0,0.0,0.0,0.0,26,57.77777777777778,45,100.0,False
TruckDrive,static,0.5,300-400,TrafficSign,scene_28_24,7,2,1,1,0,0,1,0,6,14.285714285714285,0.0,14.285714285714285,301.03319480211303,318.0585202283685,14.285714285714285,0.0,0.0,0.0,0.0,1.6000000000000014,12.5,0.0,0.0,0.0,0.0,0.0,0.0,0.0,6,85.71428571428572,7,100.0,True
TruckDrive,static,0.5,300-400,Vehicle,scene_28_1,2,1,1,2,0,0,2,0,0,100.0,0.0,100.0,324.87769684245666,334.8785602315927,100.0,100.0,15.0,25.0,35.0,41.0,100.0,0.0,0.0,0.0,0.0,0.0,0.0,0.0,0,0.0,2,100.0,True
TruckDrive,static,0.5,300-400,Vehicle,scene_28_12,7,2,1,4,0,0,4,0,3,57.14285714285714,0.0,57.14285714285714,303.45178706196964,397.6820703976072,57.14285714285714,57.14285714285714,0.0,9.0,25.0,44.400000000000006,54.166666666666664,0.0,0.0,0.0,0.0,0.0,0.0,0.0,3,42.85714285714286,7,100.0,True
TruckDrive,static,0.5,300-400,Vehicle-Bus,scene_28_18,1,1,1,0,1,0,0,1,0,0.0,100.0,-100.0,311.72504000404615,311.72504000404615,0.0,0.0,0.0,0.0,0.0,0.0,0.0,0.0,0.0,2.0,2.0,2.0,2.0,100.0,1,100.0,0,0.0,True
TruckDrive,static,0.5,300-400,Vehicle-Passenger,scene_28_1,1,1,1,0,0,0,0,0,1,0.0,0.0,0.0,305.3321725206024,305.3321725206024,0.0,0.0,0.0,0.0,0.0,0.0,0.0,0.0,0.0,0.0,0.0,0.0,0.0,0.0,1,100.0,1,100.0,True
TruckDrive,static,0.5,300-400,Vehicle-Passenger,scene_28_12,23,1,1,22,0,0,22,0,1,95.65217391304348,0.0,95.65217391304348,301.1243306220302,381.10379670133005,78.26086956521739,73.91304347826086,5.0,13.0,17.5,20.8,95.65217391304348,0.0,0.0,0.0,0.0,0.0,0.0,0.0,1,4.347826086956516,23,100.0,True
TruckDrive,static,0.5,300-400,Vehicle-Passenger,scene_28_18,6,3,1,4,3,1,3,2,0,66.66666666666666,50.0,16.666666666666664,307.1789605302702,348.83265659385177,50.0,33.33333333333333,0.25,2.0,4.5,15.5,66.66666666666666,0.0,0.0,0.0,1.0,2.0,2.0,50.0,2,33.33333333333334,3,50.0,True
TruckDrive,static,0.5,300-400,Vehicle-SemiTruck-Cab,scene_28_12,5,2,1,3,1,1,2,0,2,60.0,20.0,40.0,301.16614732259706,372.4973081973458,60.0,60.0,0.0,10.0,13.0,24.400000000000002,66.66666666666666,20.0,20.0,0.0,0.0,0.0,3.0000000000000004,25.0,2,40.0,4,80.0,True
TruckDrive,static,0.5,300-400,Vehicle-SemiTruck-Cab,scene_28_18,3,1,1,2,1,1,1,0,1,66.66666666666666,33.33333333333333,33.33333333333333,315.2661821276488,378.5509058889894,66.66666666666666,33.33333333333333,2.0,4.0,5.0,5.6,66.66666666666666,0.0,0.0,0.0,0.0,1.0,1.6,33.33333333333333,1,33.33333333333334,2,66.66666666666667,True
TruckDrive,static,0.5,300-400,Vehicle-SemiTruck-Cab,scene_28_6,9,5,1,6,3,2,4,1,2,66.66666666666666,33.33333333333333,33.33333333333333,314.0898380980915,381.0022030069285,55.55555555555556,55.55555555555556,0.0,5.0,7.0,11.0,76.66666666666667,11.11111111111111,11.11111111111111,0.0,0.0,2.0,2.6000000000000005,40.0,3,33.33333333333334,6,66.66666666666667,True
TruckDrive,static,0.5,300-400,Vehicle-SemiTruck-Trailer,scene_28_1,2,1,1,0,0,0,0,0,2,0.0,0.0,0.0,329.99136844753826,360.39229981232,0.0,0.0,0.0,0.0,0.0,0.0,0.0,0.0,0.0,0.0,0.0,0.0,0.0,0.0,2,100.0,2,100.0,True
TruckDrive,static,0.5,300-400,Vehicle-SemiTruck-Trailer,scene_28_12,78,10,1,77,9,9,68,0,1,98.71794871794873,11.538461538461538,87.17948717948718,301.3877330693006,397.2940439717045,98.71794871794873,97.43589743589743,66.25,100.0,147.25,299.7999999999998,95.0,5.128205128205128,2.564102564102564,0.0,0.0,0.0,1.0,16.666666666666664,1,1.2820512820512704,69,88.46153846153847,False
TruckDrive,static,0.5,300-400,Vehicle-SemiTruck-Trailer,scene_28_18,5,2,1,4,2,1,3,1,0,80.0,40.0,40.0,306.9027708238251,368.0275435506055,80.0,80.0,9.0,10.0,12.0,13.2,75.0,0.0,0.0,0.0,0.0,1.0,1.0,41.666666666666664,1,20.0,3,60.0,True
TruckDrive,static,0.5,300-400,Vehicle-SemiTruck-Trailer,scene_28_6,9,3,1,9,1,1,8,0,0,100.0,11.11111111111111,88.88888888888889,305.0532371864494,378.2942582963711,100.0,88.88888888888889,6.0,11.0,28.0,43.4,100.0,11.11111111111111,0.0,0.0,0.0,0.0,0.8000000000000007,11.11111111111111,0,0.0,8,88.88888888888889,True
TruckDrive,static,0.5,300-400,Vehicle-SingleUnitTruck,scene_28_1,12,1,1,11,7,7,4,0,1,91.66666666666666,58.333333333333336,33.33333333333333,320.40407644957935,334.0879888175012,91.66666666666666,91.66666666666666,25.25,42.0,57.5,82.7,91.66666666666666,0.0,0.0,0.0,1.0,2.0,2.0,58.333333333333336,1,8.333333333333343,5,41.666666666666664,True
TruckDrive,static,0.5,300-400,Vehicle-Trailer,scene_28_18,2,1,1,2,0,0,2,0,0,100.0,0.0,100.0,323.84286928183565,353.2660326621931,50.0,50.0,7.25,13.5,19.75,23.5,100.0,0.0,0.0,0.0,0.0,0.0,0.0,0.0,0,0.0,2,100.0,True
TruckDrive,aligned,0,0-25,RoadDebris,scene_28_24,40,2,1,40,38,38,2,0,0,100.0,95.0,5.000000000000004,11.9442314862237,24.44343242479062,100.0,100.0,2513.75,4197.5,5410.5,6946.200000000001,100.0,55.00000000000001,32.5,2.0,3.0,5.0,8.0,95.0,0,0.0,2,5.0,True
TruckDrive,aligned,0,0-25,RoadObstruction,scene_28_1,1,1,1,0,1,0,0,1,0,0.0,100.0,-100.0,24.52845196217431,24.52845196217431,0.0,0.0,0.0,0.0,0.0,0.0,0.0,0.0,0.0,1.0,1.0,1.0,1.0,100.0,1,100.0,0,0.0,True
TruckDrive,aligned,0,0-25,RoadObstruction-Barrel,scene_28_1,82,27,1,78,38,36,42,2,2,95.1219512195122,46.34146341463415,48.78048780487804,4.0667924260772725,24.646866769216114,95.1219512195122,93.90243902439023,23.25,140.5,241.75,312.6,91.9753086419753,7.317073170731707,0.0,0.0,0.0,1.75,2.0,46.913580246913575,4,4.878048780487802,44,53.65853658536585,False
TruckDrive,aligned,0,0-25,RoadObstruction-Cone,scene_28_24,31,3,1,27,1,1,26,0,4,87.09677419354838,3.225806451612903,83.87096774193549,13.762778094013067,24.887669640586424,87.09677419354838,87.09677419354838,37.5,81.0,112.0,182.0,85.18518518518518,0.0,0.0,0.0,0.0,0.0,0.0,1.9607843137254901,4,12.903225806451616,30,96.7741935483871,True
TruckDrive,aligned,0,0-25,TrafficSign,scene_28_1,8,3,1,4,2,2,2,0,4,50.0,25.0,25.0,9.082084093303768,21.264343391542102,50.0,25.0,0.0,1.5,7.5,241.49999999999986,50.0,0.0,0.0,0.0,0.0,0.5,2.0,27.777777777777775,4,50.0,6,75.0,True
TruckDrive,aligned,0,0-25,TrafficSign,scene_28_12,9,3,1,4,2,2,2,0,5,44.44444444444444,22.22222222222222,22.22222222222222,8.920967379233169,23.170655453202915,44.44444444444444,44.44444444444444,0.0,0.0,216.0,301.00000000000006,44.44444444444444,0.0,0.0,0.0,0.0,0.0,1.0,22.22222222222222,5,55.55555555555556,7,77.77777777777777,True
TruckDrive,aligned,0,0-25,Vehicle-Other,scene_28_1,27,1,1,27,27,27,0,0,0,100.0,100.0,0.0,4.8174934170872055,24.84105971525601,100.0,100.0,2583.5,8709.0,21108.0,31503.2,100.0,100.0,100.0,14.5,20.0,32.0,39.40000000000001,100.0,0,0.0,0,0.0,True
TruckDrive,aligned,0,0-25,Vehicle-Passenger,scene_28_1,60,16,1,57,53,52,5,1,2,95.0,88.33333333333333,6.666666666666665,4.268117935996614,24.657597046296345,95.0,95.0,224.75,1426.0,3187.25,5776.200000000003,81.25,85.0,81.66666666666667,5.0,8.0,12.25,24.300000000000004,71.3125,3,5.0,7,11.666666666666671,False
TruckDrive,aligned,0,0-25,Vehicle-Passenger,scene_28_18,10,1,1,10,9,9,1,0,0,100.0,90.0,9.999999999999998,4.241382266421513,22.077887720310006,100.0,100.0,3258.25,4454.5,6320.75,7562.199999999999,100.0,80.0,80.0,5.25,12.0,17.5,21.0,90.0,0,0.0,1,10.0,True
TruckDrive,aligned,0,0-25,Vehicle-Passenger,scene_28_6,18,1,1,18,15,15,3,0,0,100.0,83.33333333333334,16.666666666666664,4.127461076749828,23.63897270559409,100.0,100.0,567.0,1004.0,1755.5,4843.9,100.0,77.77777777777779,66.66666666666666,4.0,8.0,14.75,20.200000000000003,83.33333333333334,0,0.0,3,16.666666666666657,True
TruckDrive,aligned,0,0-25,Vehicle-SemiTruck-Cab,scene_28_1,3,3,1,3,3,3,0,0,0,100.0,100.0,0.0,23.82670215810808,24.796777806523664,100.0,100.0,1402.0,1760.0,2782.5,3396.0,100.0,66.66666666666666,66.66666666666666,7.0,13.0,16.5,18.6,100.0,0,0.0,0,0.0,True
TruckDrive,aligned,0,0-25,Vehicle-SemiTruck-Cab,scene_28_24,100,8,1,100,99,99,1,0,0,100.0,99.0,1.0000000000000009,9.048126164941834,24.888872346585853,100.0,100.0,11158.75,17713.5,28580.5,52086.3,100.0,99.0,98.0,16.0,21.5,27.25,44.20000000000002,98.4375,0,0.0,1,1.0,False
TruckDrive,aligned,0,0-25,Vehicle-SemiTruck-Trailer,scene_28_1,8,3,1,8,8,8,0,0,0,100.0,100.0,0.0,13.70286726522006,23.373104827528117,100.0,100.0,24889.5,31050.0,58493.5,60828.7,100.0,100.0,87.5,66.25,85.0,101.75,123.8,100.0,0,0.0,0,0.0,True
TruckDrive,aligned,0,0-25,Vehicle-SemiTruck-Trailer,scene_28_24,77,5,1,77,77,77,0,0,0,100.0,100.0,0.0,13.102765852938044,24.724275736778992,100.0,100.0,6115.0,14050.0,19437.0,27582.800000000007,100.0,100.0,97.40259740259741,12.0,16.0,23.0,29.400000000000006,100.0,0,0.0,0,0.0,False
TruckDrive,aligned,0,0-25,Vehicle-Trailer,scene_28_1,28,2,1,28,28,28,0,0,0,100.0,100.0,0.0,4.746214212130803,24.317942703931752,100.0,100.0,1904.75,7920.0,14297.25,20278.2,100.0,100.0,92.85714285714286,7.75,10.0,37.5,44.3,100.0,0,0.0,0,0.0,True
TruckDrive,aligned,0,25-50,RoadDebris,scene_28_24,36,2,1,36,30,30,6,0,0,100.0,83.33333333333334,16.666666666666664,25.050115134357902,39.30809723864877,100.0,100.0,862.75,988.0,1089.25,1152.5,100.0,19.444444444444446,2.7777777777777777,1.0,1.0,2.0,3.5,83.33333333333333,0,0.0,6,16.666666666666657,True
TruckDrive,aligned,0,25-50,RoadObstruction,scene_28_1,1,1,1,0,0,0,0,0,1,0.0,0.0,0.0,38.44834258349711,38.44834258349711,0.0,0.0,0.0,0.0,0.0,0.0,0.0,0.0,0.0,0.0,0.0,0.0,0.0,0.0,1,100.0,1,100.0,True
TruckDrive,aligned,0,25-50,RoadObstruction,scene_28_24,7,2,1,6,2,2,4,0,1,85.71428571428571,28.57142857142857,57.14285714285714,39.47798508214879,49.246380254911784,85.71428571428571,85.71428571428571,8.5,11.0,17.0,19.0,50.0,0.0,0.0,0.0,0.0,0.5,1.0,16.666666666666664,1,14.285714285714292,5,71.42857142857143,True
TruckDrive,aligned,0,25-50,RoadObstruction-Barrel,scene_28_1,93,30,1,88,50,49,39,1,4,94.6236559139785,53.76344086021505,40.86021505376345,25.03254526827181,48.64931031257001,93.54838709677419,93.54838709677419,86.0,168.0,284.0,369.0,95.0,0.0,0.0,0.0,1.0,1.0,2.0,52.5,5,5.376344086021504,43,46.23655913978495,False
TruckDrive,aligned,0,25-50,RoadObstruction-Barrel,scene_28_12,10,2,1,10,0,0,10,0,0,100.0,0.0,100.0,28.051191466177514,45.216784548291486,100.0,100.0,48.5,84.0,126.25,137.2,100.0,0.0,0.0,0.0,0.0,0.0,0.0,0.0,0,0.0,10,100.0,True
TruckDrive,aligned,0,25-50,RoadObstruction-Cone,scene_28_24,70,6,1,63,3,3,60,0,7,90.0,4.285714285714286,85.71428571428572,26.022577203778912,49.28189802559503,88.57142857142857,87.14285714285714,11.75,25.5,57.0,93.1,90.99616858237547,0.0,0.0,0.0,0.0,0.0,0.0,1.7241379310344827,7,10.0,67,95.71428571428571,False
TruckDrive,aligned,0,25-50,TrafficSign,scene_28_1,22,5,1,19,3,2,17,1,2,86.36363636363636,13.636363636363635,72.72727272727273,25.97053012219167,48.62411269372211,86.36363636363636,81.81818181818183,16.75,53.5,88.25,184.10000000000016,88.33333333333331,0.0,0.0,0.0,0.0,0.0,0.9000000000000021,11.666666666666666,3,13.63636363636364,19,86.36363636363636,False
TruckDrive,aligned,0,25-50,TrafficSign,scene_28_12,38,11,1,21,3,1,20,2,15,55.26315789473685,7.894736842105263,47.36842105263158,26.79609813334759,48.40271870299452,52.63157894736842,39.473684210526315,0.0,3.0,12.75,31.500000000000064,57.42424242424242,0.0,0.0,0.0,0.0,0.0,0.0,8.333333333333332,17,44.73684210526315,35,92.10526315789474,False
TruckDrive,aligned,0,25-50,Vehicle,scene_28_24,1,1,1,1,0,0,1,0,0,100.0,0.0,100.0,43.746019905719436,43.746019905719436,100.0,100.0,769.0,769.0,769.0,769.0,100.0,0.0,0.0,0.0,0.0,0.0,0.0,0.0,0,0.0,1,100.0,True
TruckDrive,aligned,0,25-50,Vehicle-Other,scene_28_1,11,1,1,11,11,11,0,0,0,100.0,100.0,0.0,26.245324339139334,34.89014869181714,100.0,100.0,412.5,4368.0,8225.5,13205.0,100.0,100.0,100.0,8.0,9.0,10.5,12.0,100.0,0,0.0,0,0.0,True
TruckDrive,aligned,0,25-50,Vehicle-Other,scene_28_6,3,1,1,3,3,3,0,0,0,100.0,100.0,0.0,33.009545868917364,47.137909975588144,100.0,100.0,66.5,110.0,497.0,729.2,100.0,100.0,66.66666666666666,4.5,5.0,8.5,10.6,100.0,0,0.0,0,0.0,True
TruckDrive,aligned,0,25-50,Vehicle-Passenger,scene_28_1,51,17,1,46,39,38,8,1,4,90.19607843137256,76.47058823529412,13.725490196078438,25.525597494703803,49.91694817168872,88.23529411764706,88.23529411764706,8.0,34.0,159.0,1376.0,82.35294117647058,58.82352941176471,39.21568627450981,1.0,3.0,10.0,23.0,53.92156862745098,5,9.803921568627445,12,23.529411764705884,False
TruckDrive,aligned,0,25-50,Vehicle-Passenger,scene_28_12,4,2,1,4,3,3,1,0,0,100.0,75.0,25.0,35.89157943919521,47.5329193511009,100.0,100.0,58.75,119.5,204.5,252.20000000000002,100.0,75.0,75.0,5.25,7.0,9.25,13.3,75.0,0,0.0,1,25.0,True
TruckDrive,aligned,0,25-50,Vehicle-Passenger,scene_28_18,16,5,1,16,15,15,1,0,0,100.0,93.75,6.25,25.200336914171256,47.855628735737014,93.75,93.75,197.75,1602.5,2642.75,3416.0,100.0,93.75,81.25,5.0,6.0,9.0,12.0,90.0,0,0.0,1,6.25,True
TruckDrive,aligned,0,25-50,Vehicle-Passenger,scene_28_6,55,7,1,55,52,52,3,0,0,100.0,94.54545454545455,5.454545454545457,25.79796880087408,49.716890446637464,96.36363636363636,92.72727272727272,807.0,1680.0,2390.5,3433.8000000000006,100.0,80.0,60.0,3.0,5.0,9.5,11.0,89.68253968253968,0,0.0,3,5.454545454545453,False
TruckDrive,aligned,0,25-50,Vehicle-SemiTruck-Cab,scene_28_1,17,4,1,17,16,16,1,0,0,100.0,94.11764705882352,5.882352941176472,26.17766715722474,48.984283514352825,100.0,100.0,197.0,431.0,1110.0,2210.2000000000003,100.0,94.11764705882352,94.11764705882352,9.0,13.0,15.0,18.4,87.5,0,0.0,1,5.882352941176478,True
TruckDrive,aligned,0,25-50,Vehicle-SemiTruck-Cab,scene_28_12,8,4,1,8,8,8,0,0,0,100.0,100.0,0.0,32.08395887621567,44.006159352879166,100.0,100.0,357.5,554.0,1376.25,2474.0999999999995,100.0,87.5,75.0,6.0,8.5,13.25,15.5,100.0,0,0.0,0,0.0,True
TruckDrive,aligned,0,25-50,Vehicle-SemiTruck-Cab,scene_28_18,2,1,1,2,2,2,0,0,0,100.0,100.0,0.0,35.37472887660901,38.291804376134166,100.0,100.0,1037.25,1965.5,2893.75,3450.7000000000003,100.0,100.0,100.0,5.0,5.0,5.0,5.0,100.0,0,0.0,0,0.0,True
TruckDrive,aligned,0,25-50,Vehicle-SemiTruck-Cab,scene_28_24,204,8,1,204,204,204,0,0,0,100.0,100.0,0.0,25.127248887930293,47.32385249352799,100.0,100.0,2407.75,3721.5,8301.0,21638.400000000027,100.0,99.50980392156863,97.54901960784314,9.0,13.0,19.0,24.0,100.0,0,0.0,0,0.0,False
TruckDrive,aligned,0,25-50,Vehicle-SemiTruck-Cab,scene_28_6,13,6,1,13,12,12,1,0,0,100.0,92.3076923076923,7.692307692307687,32.95451326865601,48.66597280283616,100.0,100.0,100.0,492.0,1172.0,2339.0000000000005,100.0,84.61538461538461,61.53846153846154,4.0,7.0,9.0,18.8,91.66666666666666,0,0.0,1,7.692307692307693,True
TruckDrive,aligned,0,25-50,Vehicle-SemiTruck-Trailer,scene_28_1,17,4,1,17,17,17,0,0,0,100.0,100.0,0.0,25.285935430035025,48.89548352816494,100.0,100.0,5847.0,11579.0,21049.0,26144.000000000004,100.0,100.0,100.0,42.0,51.0,60.0,66.2,100.0,0,0.0,0,0.0,True
TruckDrive,aligned,0,25-50,Vehicle-SemiTruck-Trailer,scene_28_12,9,4,1,9,9,9,0,0,0,100.0,100.0,0.0,32.76982783631776,49.14907093197326,100.0,100.0,553.0,1631.0,9821.0,14110.0,100.0,100.0,100.0,12.0,18.0,26.0,29.200000000000003,100.0,0,0.0,0,0.0,True
TruckDrive,aligned,0,25-50,Vehicle-SemiTruck-Trailer,scene_28_18,2,1,1,2,2,2,0,0,0,100.0,100.0,0.0,34.460792496965134,40.52667958145729,100.0,100.0,4136.0,4379.0,4622.0,4767.8,100.0,100.0,100.0,23.0,24.0,25.0,25.6,100.0,0,0.0,0,0.0,True
TruckDrive,aligned,0,25-50,Vehicle-SemiTruck-Trailer,scene_28_24,113,5,1,113,113,113,0,0,0,100.0,100.0,0.0,25.057520300301146,46.007553632739416,100.0,100.0,923.0,2034.0,3981.0,11282.599999999999,100.0,93.80530973451327,75.22123893805309,5.0,7.0,10.0,13.0,100.0,0,0.0,0,0.0,False
TruckDrive,aligned,0,25-50,Vehicle-SemiTruck-Trailer,scene_28_6,20,7,1,20,20,20,0,0,0,100.0,100.0,0.0,29.443577211764016,49.97410578532012,100.0,100.0,353.25,2026.5,6608.75,13270.000000000005,100.0,100.0,95.0,10.75,19.0,24.5,31.30000000000002,100.0,0,0.0,0,0.0,False
TruckDrive,aligned,0,25-50,Vehicle-SingleUnitTruck,scene_28_18,2,1,1,2,2,2,0,0,0,100.0,100.0,0.0,34.56143981626767,37.67323445364764,100.0,100.0,592.5,1119.0,1645.5,1961.4,100.0,100.0,100.0,18.75,22.5,26.25,28.5,100.0,0,0.0,0,0.0,True
TruckDrive,aligned,0,25-50,Vehicle-Trailer,scene_28_1,14,2,1,14,14,14,0,0,0,100.0,100.0,0.0,25.31439688316307,47.9853367726662,100.0,100.0,260.5,2622.5,5144.0,13397.400000000003,100.0,100.0,100.0,9.25,27.0,30.5,32.400000000000006,100.0,0,0.0,0,0.0,True
TruckDrive,aligned,0,25-50,Vehicle-Trailer,scene_28_18,2,1,1,2,2,2,0,0,0,100.0,100.0,0.0,37.6037034988094,38.91775410529271,100.0,100.0,951.25,1337.5,1723.75,1955.5,100.0,100.0,100.0,6.5,7.0,7.5,7.8,100.0,0,0.0,0,0.0,True
TruckDrive,aligned,0,50-75,RoadObstruction,scene_28_1,2,2,1,1,0,0,1,0,1,50.0,0.0,50.0,52.808238093158195,60.09848172876717,50.0,50.0,2.25,4.5,6.75,8.1,50.0,0.0,0.0,0.0,0.0,0.0,0.0,0.0,1,50.0,2,100.0,True
TruckDrive,aligned,0,50-75,RoadObstruction,scene_28_24,14,2,1,11,0,0,11,0,3,78.57142857142857,0.0,78.57142857142857,50.579338489788064,56.81257342321156,64.28571428571429,50.0,1.0,5.0,7.0,10.500000000000005,45.83333333333333,0.0,0.0,0.0,0.0,0.0,0.0,0.0,3,21.42857142857143,14,100.0,True
TruckDrive,aligned,0,50-75,RoadObstruction-Barrel,scene_28_1,86,30,1,80,13,13,67,0,6,93.02325581395348,15.11627906976744,77.90697674418605,50.19332030127145,74.93828019635588,93.02325581395348,93.02325581395348,42.5,103.0,168.5,190.5,93.88888888888887,0.0,0.0,0.0,0.0,0.0,1.0,18.333333333333332,6,6.976744186046517,73,84.88372093023256,False
TruckDrive,aligned,0,50-75,RoadObstruction-Barrel,scene_28_12,8,2,1,8,1,1,7,0,0,100.0,12.5,87.5,50.06462513997624,71.33808245712771,100.0,100.0,25.0,35.0,37.0,45.4,100.0,0.0,0.0,0.0,0.0,0.0,0.2999999999999998,12.5,0,0.0,7,87.5,True
TruckDrive,aligned,0,50-75,RoadObstruction-Cone,scene_28_24,3,2,1,3,0,0,3,0,0,100.0,0.0,100.0,50.01617020648392,51.93070747963334,100.0,100.0,19.5,23.0,42.0,53.400000000000006,100.0,0.0,0.0,0.0,0.0,0.0,0.0,0.0,0,0.0,3,100.0,True
TruckDrive,aligned,0,50-75,TrafficSign,scene_28_1,19,6,1,16,0,0,16,0,3,84.21052631578947,0.0,84.21052631578947,52.889784590829414,74.65945587818416,73.68421052631578,73.68421052631578,4.5,125.0,298.0,523.9999999999995,83.33333333333334,0.0,0.0,0.0,0.0,0.0,0.0,0.0,3,15.789473684210535,19,100.0,True
TruckDrive,aligned,0,50-75,TrafficSign,scene_28_12,59,15,1,32,4,3,29,1,26,54.23728813559322,6.779661016949152,47.45762711864407,50.29443116801692,74.3943162531195,44.06779661016949,40.67796610169492,0.0,1.0,16.5,84.60000000000005,63.55555555555556,0.0,0.0,0.0,0.0,0.0,0.0,6.666666666666667,27,45.76271186440678,55,93.22033898305085,False
TruckDrive,aligned,0,50-75,Vehicle,scene_28_1,2,1,1,1,2,1,0,1,0,50.0,100.0,-50.0,52.454818190984255,55.92908644745994,50.0,0.0,0.75,1.5,2.25,2.7,50.0,100.0,0.0,4.0,4.0,4.0,4.0,100.0,1,50.0,0,0.0,True
TruckDrive,aligned,0,50-75,Vehicle,scene_28_24,6,3,1,4,4,4,0,0,2,66.66666666666666,66.66666666666666,0.0,55.08136374099036,72.06393478190313,66.66666666666666,66.66666666666666,3.75,23.0,38.5,60.0,58.333333333333336,50.0,33.33333333333333,0.25,2.5,4.75,5.0,58.333333333333336,2,33.33333333333334,2,33.33333333333334,True
TruckDrive,aligned,0,50-75,Vehicle-Other,scene_28_6,1,1,1,1,1,1,0,0,0,100.0,100.0,0.0,71.0998376305234,71.0998376305234,100.0,100.0,23.0,23.0,23.0,23.0,100.0,100.0,100.0,11.0,11.0,11.0,11.0,100.0,0,0.0,0,0.0,True
TruckDrive,aligned,0,50-75,Vehicle-Passenger,scene_28_1,17,13,1,12,8,5,7,3,2,70.58823529411765,47.05882352941176,23.529411764705888,50.81261238445334,74.57792308410987,58.82352941176471,35.294117647058826,0.0,3.0,7.0,8.0,76.92307692307693,11.76470588235294,5.88235294117647,0.0,0.0,2.0,2.4000000000000004,42.30769230769231,5,29.411764705882348,9,52.94117647058824,True
TruckDrive,aligned,0,50-75,Vehicle-Passenger,scene_28_12,1,1,1,1,1,1,0,0,0,100.0,100.0,0.0,64.10700774396257,64.10700774396257,0.0,0.0,2.0,2.0,2.0,2.0,100.0,100.0,100.0,14.0,14.0,14.0,14.0,100.0,0,0.0,0,0.0,True
TruckDrive,aligned,0,50-75,Vehicle-Passenger,scene_28_18,16,5,1,15,15,15,0,0,1,93.75,93.75,0.0,50.70287657000739,74.65314151440423,81.25,81.25,8.0,244.0,626.5,1211.5,90.0,81.25,56.25,3.0,5.0,5.25,9.5,90.0,1,6.25,1,6.25,True
TruckDrive,aligned,0,50-75,Vehicle-Passenger,scene_28_24,8,3,1,7,4,4,3,0,1,87.5,50.0,37.5,57.643913976092946,73.9970976879525,87.5,87.5,22.25,59.0,116.25,156.29999999999998,83.33333333333334,37.5,12.5,0.0,1.0,3.0,3.8999999999999995,50.0,1,12.5,4,50.0,True
TruckDrive,aligned,0,50-75,Vehicle-Passenger,scene_28_6,38,7,1,37,31,31,6,0,1,97.36842105263158,81.57894736842105,15.789473684210531,50.0590764861598,74.92382370635568,94.73684210526315,94.73684210526315,240.75,467.0,1505.75,1614.5,95.23809523809523,55.26315789473685,42.10526315789473,1.0,3.0,7.0,10.300000000000004,85.59523809523809,1,2.631578947368425,7,18.421052631578945,False
TruckDrive,aligned,0,50-75,Vehicle-SemiTruck-Cab,scene_28_1,14,4,1,14,13,13,1,0,0,100.0,92.85714285714286,7.14285714285714,50.48500193467715,73.29870200487541,100.0,92.85714285714286,10.75,25.0,58.0,105.00000000000006,100.0,92.85714285714286,92.85714285714286,10.25,11.5,12.75,17.0,75.0,0,0.0,1,7.142857142857139,True
TruckDrive,aligned,0,50-75,Vehicle-SemiTruck-Cab,scene_28_12,7,4,1,7,7,7,0,0,0,100.0,100.0,0.0,53.11625010226252,73.76288940923955,100.0,100.0,10.5,22.0,47.5,78.2,100.0,100.0,100.0,9.0,9.0,16.5,18.8,100.0,0,0.0,0,0.0,True
TruckDrive,aligned,0,50-75,Vehicle-SemiTruck-Cab,scene_28_18,1,1,1,1,1,1,0,0,0,100.0,100.0,0.0,53.00709056059885,53.00709056059885,100.0,100.0,251.0,251.0,251.0,251.0,100.0,100.0,100.0,18.0,18.0,18.0,18.0,100.0,0,0.0,0,0.0,True
TruckDrive,aligned,0,50-75,Vehicle-SemiTruck-Cab,scene_28_6,13,6,1,13,13,13,0,0,0,100.0,100.0,0.0,50.53557148618445,73.388929997983,92.3076923076923,76.92307692307693,5.0,30.0,70.0,99.20000000000002,100.0,100.0,76.92307692307693,9.0,11.0,15.0,28.600000000000005,100.0,0,0.0,0,0.0,True
TruckDrive,aligned,0,50-75,Vehicle-SemiTruck-Trailer,scene_28_1,16,4,1,16,16,16,0,0,0,100.0,100.0,0.0,51.090636665043604,74.53659083944713,100.0,100.0,779.0,3396.0,8248.75,11334.0,100.0,100.0,100.0,21.25,33.5,45.25,49.5,100.0,0,0.0,0,0.0,True
TruckDrive,aligned,0,50-75,Vehicle-SemiTruck-Trailer,scene_28_12,6,4,1,6,6,6,0,0,0,100.0,100.0,0.0,52.218860187768485,69.75827146845704,100.0,100.0,77.5,137.0,174.75,540.0,100.0,100.0,100.0,16.5,19.5,39.0,48.5,100.0,0,0.0,0,0.0,True
TruckDrive,aligned,0,50-75,Vehicle-SemiTruck-Trailer,scene_28_18,1,1,1,1,1,1,0,0,0,100.0,100.0,0.0,62.18400889459293,62.18400889459293,100.0,100.0,458.0,458.0,458.0,458.0,100.0,100.0,100.0,47.0,47.0,47.0,47.0,100.0,0,0.0,0,0.0,True
TruckDrive,aligned,0,50-75,Vehicle-SemiTruck-Trailer,scene_28_6,17,8,1,17,17,17,0,0,0,100.0,100.0,0.0,53.03066030934999,74.83761077821913,100.0,100.0,73.0,88.0,593.0,2186.4,100.0,100.0,100.0,18.0,30.0,55.0,64.0,100.0,0,0.0,0,0.0,True
TruckDrive,aligned,0,50-75,Vehicle-SingleUnitTruck,scene_28_18,2,1,1,2,2,2,0,0,0,100.0,100.0,0.0,53.310796509546265,58.38173468512392,100.0,100.0,33.5,62.0,90.5,107.60000000000001,100.0,100.0,100.0,28.5,33.0,37.5,40.2,100.0,0,0.0,0,0.0,True
TruckDrive,aligned,0,50-75,Vehicle-Trailer,scene_28_12,6,1,1,6,6,6,0,0,0,100.0,100.0,0.0,57.49442670951815,73.51104617847498,100.0,100.0,4654.5,5986.0,7212.5,7706.5,100.0,100.0,100.0,31.0,31.0,32.5,35.5,100.0,0,0.0,0,0.0,True
TruckDrive,aligned,0,50-75,Vehicle-Trailer,scene_28_18,2,1,1,2,2,2,0,0,0,100.0,100.0,0.0,56.224428736441,58.41898903394282,100.0,100.0,154.25,239.5,324.75,375.9,100.0,100.0,100.0,10.25,12.5,14.75,16.1,100.0,0,0.0,0,0.0,True
TruckDrive,aligned,0,50-75,Vehicle-Trailer,scene_28_6,1,1,1,1,1,1,0,0,0,100.0,100.0,0.0,74.46406161517525,74.46406161517525,100.0,100.0,76.0,76.0,76.0,76.0,100.0,0.0,0.0,2.0,2.0,2.0,2.0,100.0,0,0.0,0,0.0,True
TruckDrive,aligned,0,75-100,RoadObstruction,scene_28_1,1,1,1,1,0,0,1,0,0,100.0,0.0,100.0,96.28323388441157,96.28323388441157,100.0,100.0,12.0,12.0,12.0,12.0,100.0,0.0,0.0,0.0,0.0,0.0,0.0,0.0,0,0.0,1,100.0,True
TruckDrive,aligned,0,75-100,RoadObstruction-Barrel,scene_28_1,83,30,1,82,17,17,65,0,1,98.79518072289156,20.481927710843372,78.3132530120482,75.24546062232928,99.96733023075379,98.79518072289156,98.79518072289156,61.5,86.0,117.0,144.0,96.66666666666667,0.0,0.0,0.0,0.0,0.0,1.0,23.611111111111114,1,1.2048192771084416,66,79.51807228915663,False
TruckDrive,aligned,0,75-100,RoadObstruction-Barrel,scene_28_12,8,2,1,8,2,2,6,0,0,100.0,25.0,75.0,76.44441264542792,99.57400421869919,100.0,100.0,14.5,20.5,24.5,41.89999999999999,100.0,0.0,0.0,0.0,0.0,0.25,1.2999999999999998,25.0,0,0.0,6,75.0,True
TruckDrive,aligned,0,75-100,TrafficSign,scene_28_1,15,6,1,15,1,1,14,0,0,100.0,6.666666666666667,93.33333333333333,75.79150421401843,99.3264961761632,93.33333333333333,93.33333333333333,43.0,110.0,202.0,475.1999999999998,100.0,0.0,0.0,0.0,0.0,0.0,0.0,5.555555555555555,0,0.0,14,93.33333333333333,True
TruckDrive,aligned,0,75-100,TrafficSign,scene_28_12,60,17,1,23,0,0,23,0,37,38.333333333333336,0.0,38.333333333333336,75.5921789461683,99.46342368005197,33.33333333333333,31.666666666666664,0.0,0.0,11.75,142.3,48.28431372549019,0.0,0.0,0.0,0.0,0.0,0.0,0.0,37,61.666666666666664,60,100.0,False
TruckDrive,aligned,0,75-100,TrafficSign,scene_28_24,28,2,1,20,2,2,18,0,8,71.42857142857143,7.142857142857142,64.28571428571429,83.05512742102286,99.27440737349413,67.85714285714286,64.28571428571429,0.0,34.0,52.25,130.10000000000016,83.33333333333333,0.0,0.0,0.0,0.0,0.0,0.0,25.0,8,28.57142857142857,26,92.85714285714286,True
TruckDrive,aligned,0,75-100,Vehicle,scene_28_1,2,2,1,1,1,1,0,0,1,50.0,50.0,0.0,78.81625696226494,80.87323848193297,50.0,50.0,2.25,4.5,6.75,8.1,50.0,0.0,0.0,0.5,1.0,1.5,1.8,50.0,1,50.0,1,50.0,True
TruckDrive,aligned,0,75-100,Vehicle-Other,scene_28_6,1,1,1,1,1,1,0,0,0,100.0,100.0,0.0,97.44106524276773,97.44106524276773,100.0,0.0,4.0,4.0,4.0,4.0,100.0,100.0,100.0,10.0,10.0,10.0,10.0,100.0,0,0.0,0,0.0,True
TruckDrive,aligned,0,75-100,Vehicle-Passenger,scene_28_1,11,10,1,9,5,3,6,2,0,81.81818181818183,45.45454545454545,36.36363636363637,75.61068987627937,99.0256875966767,45.45454545454545,9.090909090909092,1.0,2.0,3.5,4.0,85.0,0.0,0.0,0.0,0.0,1.0,1.0,45.0,2,18.181818181818173,6,54.54545454545455,True
TruckDrive,aligned,0,75-100,Vehicle-Passenger,scene_28_12,22,1,1,20,18,17,3,1,1,90.9090909090909,81.81818181818183,9.090909090909083,79.25069903958376,81.00055369825061,81.81818181818183,81.81818181818183,13.0,32.0,56.75,74.50000000000001,90.9090909090909,27.27272727272727,0.0,1.0,2.0,2.75,3.0,81.81818181818183,2,9.090909090909093,4,18.181818181818173,True
TruckDrive,aligned,0,75-100,Vehicle-Passenger,scene_28_18,17,6,1,16,10,9,7,1,0,94.11764705882352,58.82352941176471,35.29411764705882,75.71926530797184,98.910678103132,88.23529411764706,82.35294117647058,6.0,87.0,159.0,210.2,91.66666666666666,35.294117647058826,17.647058823529413,0.0,1.0,4.0,9.200000000000001,65.47619047619048,1,5.882352941176478,7,41.17647058823529,True
TruckDrive,aligned,0,75-100,Vehicle-Passenger,scene_28_6,13,5,1,11,5,4,7,1,1,84.61538461538461,38.46153846153847,46.15384615384615,76.69406171821684,98.2282030028212,84.61538461538461,76.92307692307693,113.0,164.0,214.0,228.8,60.0,7.6923076923076925,7.6923076923076925,0.0,0.0,1.0,1.0,35.238095238095234,2,15.384615384615387,8,61.53846153846153,True
TruckDrive,aligned,0,75-100,Vehicle-RV,scene_28_6,1,1,1,1,1,1,0,0,0,100.0,100.0,0.0,81.08584500827666,81.08584500827666,0.0,0.0,1.0,1.0,1.0,1.0,100.0,100.0,0.0,4.0,4.0,4.0,4.0,100.0,0,0.0,0,0.0,True
TruckDrive,aligned,0,75-100,Vehicle-SemiTruck-Cab,scene_28_1,17,4,1,12,16,11,1,5,0,70.58823529411765,94.11764705882352,-23.529411764705877,75.899453273696,95.74105460319124,41.17647058823529,29.411764705882355,0.0,2.0,5.0,11.0,67.85714285714286,94.11764705882352,88.23529411764706,7.0,11.0,15.0,16.0,75.0,5,29.411764705882348,1,5.882352941176478,True
TruckDrive,aligned,0,75-100,Vehicle-SemiTruck-Cab,scene_28_12,5,3,1,5,4,4,1,0,0,100.0,80.0,19.999999999999996,78.45067797988521,95.34987883787399,80.0,80.0,8.0,17.0,18.0,26.400000000000002,100.0,80.0,60.0,4.0,5.0,7.0,10.600000000000001,83.33333333333334,0,0.0,1,20.0,True
TruckDrive,aligned,0,75-100,Vehicle-SemiTruck-Cab,scene_28_18,1,1,1,1,1,1,0,0,0,100.0,100.0,0.0,78.25357077320602,78.25357077320602,100.0,100.0,35.0,35.0,35.0,35.0,100.0,100.0,100.0,21.0,21.0,21.0,21.0,100.0,0,0.0,0,0.0,True
TruckDrive,aligned,0,75-100,Vehicle-SemiTruck-Cab,scene_28_6,25,8,1,24,22,22,2,0,1,96.0,88.0,7.9999999999999964,76.16793751166425,99.31420207836348,92.0,92.0,11.0,219.0,807.0,1085.8,93.75,80.0,64.0,3.0,6.0,13.0,17.400000000000006,91.47727272727273,1,4.0,3,12.0,False
TruckDrive,aligned,0,75-100,Vehicle-SemiTruck-Trailer,scene_28_1,12,4,1,12,12,12,0,0,0,100.0,100.0,0.0,76.0646171209991,95.34923944594593,91.66666666666666,91.66666666666666,39.25,3127.5,3392.25,3546.6,100.0,100.0,91.66666666666666,17.25,22.5,26.0,27.8,100.0,0,0.0,0,0.0,True
TruckDrive,aligned,0,75-100,Vehicle-SemiTruck-Trailer,scene_28_12,6,4,1,6,6,6,0,0,0,100.0,100.0,0.0,78.26986533163736,97.55404784517735,100.0,100.0,37.25,64.0,80.25,97.0,100.0,100.0,100.0,7.25,17.0,25.25,32.0,100.0,0,0.0,0,0.0,True
TruckDrive,aligned,0,75-100,Vehicle-SemiTruck-Trailer,scene_28_18,1,1,1,1,1,1,0,0,0,100.0,100.0,0.0,88.564484249031,88.564484249031,100.0,100.0,41.0,41.0,41.0,41.0,100.0,100.0,100.0,25.0,25.0,25.0,25.0,100.0,0,0.0,0,0.0,True
TruckDrive,aligned,0,75-100,Vehicle-SemiTruck-Trailer,scene_28_6,26,8,1,25,26,25,0,1,0,96.15384615384616,100.0,-3.8461538461538436,77.24045157171793,99.02934909760017,92.3076923076923,92.3076923076923,29.0,340.5,726.0,1100.0,93.75,100.0,100.0,12.0,15.5,25.5,33.5,100.0,1,3.8461538461538396,0,0.0,False
TruckDrive,aligned,0,75-100,Vehicle-SingleUnitTruck,scene_28_18,2,1,1,2,2,2,0,0,0,100.0,100.0,0.0,79.79215444888204,85.01886360441814,100.0,100.0,19.5,20.0,20.5,20.8,100.0,100.0,100.0,15.25,19.5,23.75,26.3,100.0,0,0.0,0,0.0,True
TruckDrive,aligned,0,75-100,Vehicle-Trailer,scene_28_1,1,1,1,1,1,1,0,0,0,100.0,100.0,0.0,77.3362595973265,77.3362595973265,100.0,100.0,36.0,36.0,36.0,36.0,100.0,100.0,0.0,4.0,4.0,4.0,4.0,100.0,0,0.0,0,0.0,True
TruckDrive,aligned,0,75-100,Vehicle-Trailer,scene_28_12,6,1,1,6,6,6,0,0,0,100.0,100.0,0.0,77.27723696745747,98.54970171723132,100.0,100.0,1992.0,2521.0,2977.25,3256.0,100.0,100.0,100.0,30.75,34.5,37.5,40.5,100.0,0,0.0,0,0.0,True
TruckDrive,aligned,0,75-100,Vehicle-Trailer,scene_28_18,2,1,1,2,2,2,0,0,0,100.0,100.0,0.0,81.67500209581823,84.08090487819297,100.0,100.0,36.25,47.5,58.75,65.5,100.0,50.0,50.0,4.25,7.5,10.75,12.7,100.0,0,0.0,0,0.0,True
TruckDrive,aligned,0,75-100,Vehicle-Trailer,scene_28_6,1,1,1,1,1,1,0,0,0,100.0,100.0,0.0,99.51421975805016,99.51421975805016,100.0,100.0,64.0,64.0,64.0,64.0,100.0,100.0,0.0,3.0,3.0,3.0,3.0,100.0,0,0.0,0,0.0,True
TruckDrive,aligned,0,100-150,RoadObstruction,scene_28_1,2,2,1,2,0,0,2,0,0,100.0,0.0,100.0,124.0458251007249,145.2940934507138,100.0,100.0,9.5,12.0,14.5,16.0,100.0,0.0,0.0,0.0,0.0,0.0,0.0,0.0,0,0.0,2,100.0,True
TruckDrive,aligned,0,100-150,RoadObstruction,scene_28_12,2,1,1,2,0,0,2,0,0,100.0,0.0,100.0,126.05105666840699,143.28852647304262,100.0,100.0,7.0,8.0,9.0,9.6,100.0,0.0,0.0,0.0,0.0,0.0,0.0,0.0,0,0.0,2,100.0,True
TruckDrive,aligned,0,100-150,RoadObstruction-Barrel,scene_28_1,160,31,1,151,18,17,134,1,8,94.375,11.25,83.125,100.01457537159469,149.85105342932135,91.875,91.875,15.0,37.5,70.0,85.0,91.68970814132105,0.0,0.0,0.0,0.0,0.0,1.0,11.30184331797235,9,5.625,142,88.75,False
TruckDrive,aligned,0,100-150,RoadObstruction-Barrel,scene_28_12,10,2,1,10,1,1,9,0,0,100.0,10.0,90.0,104.5221015724081,143.22640457686262,100.0,90.0,11.75,33.0,49.25,53.3,100.0,0.0,0.0,0.0,0.0,0.0,0.09999999999999964,12.5,0,0.0,9,90.0,True
TruckDrive,aligned,0,100-150,TrafficSign,scene_28_1,30,6,1,26,0,0,26,0,4,86.66666666666667,0.0,86.66666666666667,100.23295842675192,149.8043785510788,86.66666666666667,83.33333333333334,8.75,62.5,124.75,211.20000000000016,80.55555555555554,0.0,0.0,0.0,0.0,0.0,0.0,0.0,4,13.333333333333329,30,100.0,False
TruckDrive,aligned,0,100-150,TrafficSign,scene_28_12,106,20,1,64,2,1,63,1,41,60.37735849056604,1.8867924528301887,58.490566037735846,100.07915340275993,149.77802477287503,47.16981132075472,39.62264150943396,0.0,2.0,27.5,54.5,71.74404761904762,0.0,0.0,0.0,0.0,0.0,0.0,2.2916666666666665,42,39.62264150943396,104,98.11320754716981,False
TruckDrive,aligned,0,100-150,TrafficSign,scene_28_24,17,2,1,14,0,0,14,0,3,82.35294117647058,0.0,82.35294117647058,102.0515260064733,112.1430559245427,64.70588235294117,35.294117647058826,2.0,4.0,6.0,9.0,83.33333333333333,0.0,0.0,0.0,0.0,0.0,0.0,0.0,3,17.64705882352942,17,100.0,True
TruckDrive,aligned,0,100-150,Vehicle,scene_28_18,22,1,1,22,22,22,0,0,0,100.0,100.0,0.0,137.2206696633271,148.91381342419794,95.45454545454545,95.45454545454545,76.5,110.0,132.0,152.30000000000004,100.0,86.36363636363636,59.09090909090909,4.0,5.0,6.0,7.0,100.0,0,0.0,0,0.0,True
TruckDrive,aligned,0,100-150,Vehicle,scene_28_6,8,2,1,8,8,8,0,0,0,100.0,100.0,0.0,104.37622497689988,147.59132007847344,100.0,100.0,10.5,18.5,24.0,36.599999999999994,100.0,37.5,0.0,1.0,2.0,3.0,3.0,100.0,0,0.0,0,0.0,True
TruckDrive,aligned,0,100-150,Vehicle-Other,scene_28_6,1,1,1,1,1,1,0,0,0,100.0,100.0,0.0,130.3234563016597,130.3234563016597,0.0,0.0,2.0,2.0,2.0,2.0,100.0,100.0,100.0,7.0,7.0,7.0,7.0,100.0,0,0.0,0,0.0,True
TruckDrive,aligned,0,100-150,Vehicle-Passenger,scene_28_1,18,11,1,8,6,4,4,2,8,44.44444444444444,33.33333333333333,11.11111111111111,103.25284269759703,147.2730748425423,22.22222222222222,16.666666666666664,0.0,0.0,1.75,5.300000000000001,50.0,0.0,0.0,0.0,0.0,1.0,2.0,31.818181818181817,10,55.55555555555556,12,66.66666666666667,True
TruckDrive,aligned,0,100-150,Vehicle-Passenger,scene_28_18,40,7,1,38,34,34,4,0,2,95.0,85.0,9.999999999999998,100.380581386362,149.6341155859118,87.5,85.0,6.75,21.5,47.25,82.40000000000002,91.66666666666666,20.0,5.0,1.0,2.0,2.0,3.1000000000000014,79.76190476190476,2,5.0,6,15.0,False
TruckDrive,aligned,0,100-150,Vehicle-Passenger,scene_28_6,16,4,1,16,4,4,12,0,0,100.0,25.0,75.0,101.40321414395491,145.3494149274749,93.75,75.0,7.0,54.0,75.0,89.0,100.0,12.5,0.0,0.0,0.0,0.25,3.0,54.166666666666664,0,0.0,12,75.0,True
TruckDrive,aligned,0,100-150,Vehicle-RV,scene_28_6,2,1,1,2,2,2,0,0,0,100.0,100.0,0.0,106.64524990446951,133.66667790333872,100.0,100.0,6.0,7.0,8.0,8.6,100.0,0.0,0.0,1.25,1.5,1.75,1.9,100.0,0,0.0,0,0.0,True
TruckDrive,aligned,0,100-150,Vehicle-SemiTruck-Cab,scene_28_1,10,3,1,9,9,8,1,1,0,90.0,90.0,0.0,112.60253570154885,147.84398735180793,80.0,70.0,3.5,6.5,9.5,11.2,95.83333333333334,90.0,90.0,7.25,8.0,8.75,10.0,66.66666666666666,1,10.0,1,10.0,True
TruckDrive,aligned,0,100-150,Vehicle-SemiTruck-Cab,scene_28_12,12,6,1,10,12,10,0,2,0,83.33333333333334,100.0,-16.666666666666664,101.08026907499156,142.10979294805549,83.33333333333334,75.0,6.75,14.0,131.75,607.4000000000001,88.88888888888889,75.0,58.333333333333336,2.75,5.5,9.25,12.700000000000001,100.0,2,16.666666666666657,0,0.0,True
TruckDrive,aligned,0,100-150,Vehicle-SemiTruck-Cab,scene_28_18,2,1,1,2,2,2,0,0,0,100.0,100.0,0.0,110.91646350562034,138.50645160944234,100.0,100.0,26.25,28.5,30.75,32.1,100.0,100.0,100.0,7.0,8.0,9.0,9.6,100.0,0,0.0,0,0.0,True
TruckDrive,aligned,0,100-150,Vehicle-SemiTruck-Cab,scene_28_6,63,8,1,58,56,53,5,3,2,92.06349206349206,88.88888888888889,3.1746031746031744,100.63822132308648,146.54234299167365,88.88888888888889,85.71428571428571,16.0,119.0,189.5,273.4000000000001,86.60714285714286,63.49206349206349,30.158730158730158,2.0,3.0,5.0,6.0,84.63955026455027,5,7.936507936507937,7,11.111111111111114,False
TruckDrive,aligned,0,100-150,Vehicle-SemiTruck-Trailer,scene_28_1,14,2,1,14,13,13,1,0,0,100.0,92.85714285714286,7.14285714285714,115.6735973377614,149.51235788763145,100.0,100.0,318.75,396.0,483.75,681.4000000000001,100.0,92.85714285714286,92.85714285714286,8.0,11.5,17.75,19.0,50.0,0,0.0,1,7.142857142857139,True
TruckDrive,aligned,0,100-150,Vehicle-SemiTruck-Trailer,scene_28_12,12,6,1,12,12,12,0,0,0,100.0,100.0,0.0,105.58556035308438,146.64404483896672,100.0,100.0,16.0,61.0,131.0,189.5,100.0,91.66666666666666,91.66666666666666,7.0,11.0,14.25,21.300000000000004,100.0,0,0.0,0,0.0,True
TruckDrive,aligned,0,100-150,Vehicle-SemiTruck-Trailer,scene_28_18,2,1,1,2,2,2,0,0,0,100.0,100.0,0.0,121.74586042059127,149.61581668734965,100.0,100.0,20.75,26.5,32.25,35.7,100.0,100.0,100.0,16.5,19.0,21.5,23.0,100.0,0,0.0,0,0.0,True
TruckDrive,aligned,0,100-150,Vehicle-SemiTruck-Trailer,scene_28_6,51,9,1,48,50,47,1,3,0,94.11764705882352,98.0392156862745,-3.9215686274509776,100.26475808240477,149.72193380985757,92.15686274509804,90.19607843137256,26.0,78.0,494.0,598.0,95.23809523809523,80.3921568627451,72.54901960784314,4.0,18.0,24.5,28.0,98.41269841269842,3,5.882352941176478,1,1.9607843137254974,False
TruckDrive,aligned,0,100-150,Vehicle-SingleUnitTruck,scene_28_18,20,2,1,20,19,19,1,0,0,100.0,95.0,5.000000000000004,107.89679924334742,143.5236124185936,95.0,95.0,123.0,211.5,279.25,328.6,100.0,70.0,25.0,2.0,4.0,4.25,8.600000000000009,96.875,0,0.0,1,5.0,True
TruckDrive,aligned,0,100-150,Vehicle-Trailer,scene_28_1,2,1,1,2,2,2,0,0,0,100.0,100.0,0.0,107.46517102208448,137.8854069714319,100.0,50.0,7.0,10.0,13.0,14.8,100.0,50.0,0.0,1.75,2.5,3.25,3.7,100.0,0,0.0,0,0.0,True
TruckDrive,aligned,0,100-150,Vehicle-Trailer,scene_28_12,9,1,1,9,9,9,0,0,0,100.0,100.0,0.0,103.27842576703888,148.2364399300797,100.0,100.0,623.0,800.0,1059.0,1321.8,100.0,100.0,100.0,33.0,35.0,35.0,36.4,100.0,0,0.0,0,0.0,True
TruckDrive,aligned,0,100-150,Vehicle-Trailer,scene_28_18,4,1,1,4,3,3,1,0,0,100.0,75.0,25.0,108.90916865253664,145.95430085405872,100.0,100.0,47.0,60.5,73.0,78.4,100.0,50.0,50.0,0.75,3.0,6.0,7.800000000000001,75.0,0,0.0,1,25.0,True
TruckDrive,aligned,0,100-150,Vehicle-Trailer,scene_28_6,1,1,1,1,0,0,1,0,0,100.0,0.0,100.0,126.09110418000145,126.09110418000145,100.0,100.0,36.0,36.0,36.0,36.0,100.0,0.0,0.0,0.0,0.0,0.0,0.0,0.0,0,0.0,1,100.0,True
TruckDrive,aligned,0,150-200,RoadObstruction,scene_28_1,23,9,1,21,1,1,20,0,2,91.30434782608695,4.3478260869565215,86.95652173913044,150.12315334501665,199.34786625091186,91.30434782608695,82.6086956521739,6.5,12.0,15.5,18.6,91.66666666666666,0.0,0.0,0.0,0.0,0.0,0.0,2.7777777777777777,2,8.695652173913047,22,95.65217391304348,False
TruckDrive,aligned,0,150-200,RoadObstruction,scene_28_12,7,2,1,6,0,0,6,0,1,85.71428571428571,0.0,85.71428571428571,150.53008577518995,194.12126664134763,71.42857142857143,14.285714285714285,2.0,4.0,4.0,4.4,87.5,0.0,0.0,0.0,0.0,0.0,0.0,0.0,1,14.285714285714292,7,100.0,True
TruckDrive,aligned,0,150-200,RoadObstruction-Barrel,scene_28_1,92,27,1,88,3,3,85,0,4,95.65217391304348,3.260869565217391,92.3913043478261,150.18881488316208,199.9384513570718,94.56521739130434,91.30434782608695,11.75,26.5,41.0,49.900000000000006,93.82716049382715,0.0,0.0,0.0,0.0,0.0,0.0,5.37037037037037,4,4.347826086956516,89,96.73913043478261,False
TruckDrive,aligned,0,150-200,RoadObstruction-Barrel,scene_28_12,7,2,1,6,0,0,6,0,1,85.71428571428571,0.0,85.71428571428571,150.78002662282594,197.6915866443452,85.71428571428571,85.71428571428571,15.5,22.0,25.5,32.6,83.33333333333333,0.0,0.0,0.0,0.0,0.0,0.0,0.0,1,14.285714285714292,7,100.0,True
TruckDrive,aligned,0,150-200,TrafficSign,scene_28_1,26,5,1,24,0,0,24,0,2,92.3076923076923,0.0,92.3076923076923,150.72592570279625,199.00700278624328,88.46153846153845,88.46153846153845,7.0,15.0,64.75,128.5,95.0,0.0,0.0,0.0,0.0,0.0,0.0,0.0,2,7.692307692307693,26,100.0,False
TruckDrive,aligned,0,150-200,TrafficSign,scene_28_12,92,24,1,67,1,1,66,0,25,72.82608695652173,1.0869565217391304,71.73913043478261,150.3231986970195,198.8561326044098,66.30434782608695,55.434782608695656,0.0,5.5,20.0,39.900000000000006,77.34126984126985,0.0,0.0,0.0,0.0,0.0,0.0,1.3888888888888888,25,27.173913043478265,91,98.91304347826087,False
TruckDrive,aligned,0,150-200,TrafficSign,scene_28_18,12,3,1,9,1,1,8,0,3,75.0,8.333333333333332,66.66666666666666,150.35048049437566,199.70237418425347,50.0,41.66666666666667,0.75,3.0,167.0,227.9,75.0,0.0,0.0,0.0,0.0,0.0,0.0,8.333333333333332,3,25.0,11,91.66666666666667,True
TruckDrive,aligned,0,150-200,TrafficSign,scene_28_24,9,2,1,8,0,0,8,0,1,88.88888888888889,0.0,88.88888888888889,159.44302771626278,168.72950632582754,55.55555555555556,0.0,2.0,3.0,3.0,4.0,91.66666666666667,0.0,0.0,0.0,0.0,0.0,0.0,0.0,1,11.111111111111114,9,100.0,True
TruckDrive,aligned,0,150-200,Vehicle,scene_28_1,3,2,1,3,1,1,2,0,0,100.0,33.33333333333333,66.66666666666667,153.9345667754653,177.66030580339623,100.0,66.66666666666666,5.0,6.0,6.5,6.8,100.0,0.0,0.0,0.0,0.0,0.5,0.8,50.0,0,0.0,2,66.66666666666667,True
TruckDrive,aligned,0,150-200,Vehicle,scene_28_12,2,1,1,1,2,1,0,1,0,50.0,100.0,-50.0,174.01300604464842,187.28189864416186,50.0,50.0,2.5,5.0,7.5,9.0,50.0,100.0,0.0,3.0,3.0,3.0,3.0,100.0,1,50.0,0,0.0,True
TruckDrive,aligned,0,150-200,Vehicle,scene_28_6,26,2,1,21,20,16,5,4,1,80.76923076923077,76.92307692307693,3.8461538461538436,150.80024684336743,197.38795765737675,80.76923076923077,76.92307692307693,7.25,16.0,31.75,98.5,80.76923076923077,30.76923076923077,0.0,1.0,1.0,3.0,3.0,76.92307692307693,5,19.230769230769226,6,23.076923076923066,True
TruckDrive,aligned,0,150-200,Vehicle-Bus,scene_28_18,1,1,1,0,1,0,0,1,0,0.0,100.0,-100.0,177.87542309528652,177.87542309528652,0.0,0.0,0.0,0.0,0.0,0.0,0.0,100.0,100.0,20.0,20.0,20.0,20.0,100.0,1,100.0,0,0.0,True
TruckDrive,aligned,0,150-200,Vehicle-Equipment,scene_28_1,2,1,1,2,1,1,1,0,0,100.0,50.0,50.0,163.3873574148229,176.7192198830252,50.0,50.0,3.25,4.5,5.75,6.5,100.0,0.0,0.0,0.25,0.5,0.75,0.9,50.0,0,0.0,1,50.0,True
TruckDrive,aligned,0,150-200,Vehicle-Other,scene_28_6,2,1,1,2,2,2,0,0,0,100.0,100.0,0.0,158.35541605971324,186.78623020504358,100.0,100.0,11.5,15.0,18.5,20.6,100.0,50.0,50.0,3.25,4.5,5.75,6.5,100.0,0,0.0,0,0.0,True
TruckDrive,aligned,0,150-200,Vehicle-Passenger,scene_28_1,15,5,1,12,3,3,9,0,3,80.0,20.0,60.00000000000001,154.03596802110513,198.75333675562098,60.0,60.0,1.0,7.0,72.5,121.4,85.0,0.0,0.0,0.0,0.0,0.0,1.5999999999999996,42.857142857142854,3,20.0,12,80.0,True
TruckDrive,aligned,0,150-200,Vehicle-Passenger,scene_28_12,12,1,1,11,6,5,6,1,0,91.66666666666666,50.0,41.666666666666664,165.93708954582632,186.53381818594744,83.33333333333334,66.66666666666666,3.75,8.5,10.25,12.8,91.66666666666666,0.0,0.0,0.0,0.5,1.25,2.0,50.0,1,8.333333333333343,6,50.0,True
TruckDrive,aligned,0,150-200,Vehicle-Passenger,scene_28_18,30,6,1,25,13,10,15,3,2,83.33333333333334,43.333333333333336,40.0,152.30494406940272,199.87630076942094,80.0,73.33333333333333,4.25,17.5,30.0,34.400000000000006,75.0,3.3333333333333335,3.3333333333333335,0.0,0.0,1.0,2.0,57.98611111111111,5,16.666666666666657,17,56.666666666666664,False
TruckDrive,aligned,0,150-200,Vehicle-Passenger,scene_28_6,7,4,1,6,4,3,3,1,0,85.71428571428571,57.14285714285714,28.57142857142857,150.5748978242395,195.99622348040978,57.14285714285714,57.14285714285714,1.0,5.0,10.0,13.000000000000002,91.66666666666666,28.57142857142857,0.0,0.0,1.0,2.5,3.0,41.666666666666664,1,14.285714285714292,3,42.85714285714286,True
TruckDrive,aligned,0,150-200,Vehicle-RV,scene_28_6,2,1,1,2,0,0,2,0,0,100.0,0.0,100.0,161.29842305569787,194.50344195811496,50.0,50.0,4.0,7.0,10.0,11.8,100.0,0.0,0.0,0.0,0.0,0.0,0.0,0.0,0,0.0,2,100.0,True
TruckDrive,aligned,0,150-200,Vehicle-SemiTruck-Cab,scene_28_1,39,2,1,21,30,19,2,11,7,53.84615384615385,76.92307692307693,-23.076923076923084,150.28445056882035,199.9727196236663,46.15384615384615,38.46153846153847,0.0,2.0,6.5,14.000000000000014,55.00000000000001,58.97435897435898,43.58974358974359,1.0,4.0,7.0,8.400000000000006,78.75000000000001,18,46.15384615384615,9,23.076923076923066,True
TruckDrive,aligned,0,150-200,Vehicle-SemiTruck-Cab,scene_28_12,13,6,1,12,11,10,2,1,0,92.3076923076923,84.61538461538461,7.692307692307699,151.37582354922944,190.2424357630153,92.3076923076923,92.3076923076923,7.0,20.0,61.0,207.60000000000008,91.66666666666666,46.15384615384615,23.076923076923077,1.0,2.0,4.0,7.400000000000002,83.33333333333334,1,7.692307692307693,2,15.384615384615387,True
TruckDrive,aligned,0,150-200,Vehicle-SemiTruck-Cab,scene_28_18,3,2,1,3,1,1,2,0,0,100.0,33.33333333333333,66.66666666666667,167.0404484927754,196.90011734417828,66.66666666666666,66.66666666666666,25.5,50.0,53.0,54.8,100.0,0.0,0.0,0.0,0.0,1.0,1.6,25.0,0,0.0,2,66.66666666666667,True
TruckDrive,aligned,0,150-200,Vehicle-SemiTruck-Cab,scene_28_6,15,6,1,14,9,9,5,0,1,93.33333333333333,60.0,33.333333333333336,154.61008139180475,198.99440052543983,93.33333333333333,93.33333333333333,12.0,17.0,27.5,39.8,91.66666666666666,33.33333333333333,13.333333333333334,0.0,1.0,3.5,4.6,61.11111111111111,1,6.666666666666671,6,40.0,True
TruckDrive,aligned,0,150-200,Vehicle-SemiTruck-Trailer,scene_28_1,55,3,1,55,46,46,9,0,0,100.0,83.63636363636363,16.36363636363637,151.82880867643766,199.71118933728965,100.0,98.18181818181819,27.5,493.0,628.0,776.0,100.0,52.72727272727272,41.81818181818181,1.0,4.0,10.0,17.0,59.02992776057792,0,0.0,9,16.363636363636374,True
TruckDrive,aligned,0,150-200,Vehicle-SemiTruck-Trailer,scene_28_12,20,9,1,20,17,17,3,0,0,100.0,85.0,15.000000000000002,152.37275756461244,199.68700638182082,100.0,100.0,36.25,71.0,132.25,185.8,100.0,50.0,50.0,1.75,3.5,6.5,12.500000000000007,83.33333333333334,0,0.0,3,15.0,False
TruckDrive,aligned,0,150-200,Vehicle-SemiTruck-Trailer,scene_28_18,2,2,1,2,2,2,0,0,0,100.0,100.0,0.0,176.50442859807507,178.112387054056,100.0,100.0,23.0,25.0,27.0,28.2,100.0,50.0,50.0,3.5,6.0,8.5,10.0,100.0,0,0.0,0,0.0,True
TruckDrive,aligned,0,150-200,Vehicle-SemiTruck-Trailer,scene_28_6,20,9,1,19,16,15,4,1,0,95.0,80.0,14.999999999999991,150.2692484722888,194.20532472507605,85.0,85.0,14.75,31.0,78.0,156.8,94.44444444444444,50.0,50.0,1.0,3.5,7.0,9.700000000000024,68.5185185185185,1,5.0,4,20.0,False
TruckDrive,aligned,0,150-200,Vehicle-SingleUnitTruck,scene_28_18,1,1,1,0,1,0,0,1,0,0.0,100.0,-100.0,180.04087629525,180.04087629525,0.0,0.0,0.0,0.0,0.0,0.0,0.0,0.0,0.0,1.0,1.0,1.0,1.0,100.0,1,100.0,0,0.0,True
TruckDrive,aligned,0,150-200,Vehicle-Trailer,scene_28_1,1,1,1,1,1,1,0,0,0,100.0,100.0,0.0,168.07941557968434,168.07941557968434,0.0,0.0,1.0,1.0,1.0,1.0,100.0,100.0,0.0,3.0,3.0,3.0,3.0,100.0,0,0.0,0,0.0,True
TruckDrive,aligned,0,150-200,Vehicle-Trailer,scene_28_12,7,1,1,7,7,7,0,0,0,100.0,100.0,0.0,154.4629087431175,196.30757620340373,100.0,100.0,360.0,397.0,505.0,593.6,100.0,100.0,100.0,13.0,19.0,27.5,28.0,100.0,0,0.0,0,0.0,True
TruckDrive,aligned,0,150-200,Vehicle-Trailer,scene_28_18,3,1,1,3,1,1,2,0,0,100.0,33.33333333333333,66.66666666666667,166.25042235053456,196.18808402854907,100.0,100.0,42.0,73.0,79.0,82.6,100.0,33.33333333333333,0.0,0.0,0.0,1.5,2.4000000000000004,33.33333333333333,0,0.0,2,66.66666666666667,True
TruckDrive,aligned,0,150-200,Vehicle-Trailer,scene_28_6,2,1,1,2,0,0,2,0,0,100.0,0.0,100.0,153.51073085354014,187.19641571392606,100.0,100.0,17.75,28.5,39.25,45.7,100.0,0.0,0.0,0.0,0.0,0.0,0.0,0.0,0,0.0,2,100.0,True
TruckDrive,aligned,0,200-250,RoadObstruction,scene_28_1,26,9,1,19,0,0,19,0,7,73.07692307692307,0.0,73.07692307692307,200.63495369006688,249.01143860608167,50.0,19.230769230769234,0.25,2.5,4.0,8.0,71.29629629629629,0.0,0.0,0.0,0.0,0.0,0.0,0.0,7,26.923076923076934,26,100.0,False
TruckDrive,aligned,0,200-250,RoadObstruction,scene_28_12,7,2,1,2,0,0,2,0,5,28.57142857142857,0.0,28.57142857142857,201.40761179984057,244.98267262414763,14.285714285714285,0.0,0.0,0.0,1.0,2.8000000000000007,25.0,0.0,0.0,0.0,0.0,0.0,0.0,0.0,5,71.42857142857143,7,100.0,True
TruckDrive,aligned,0,200-250,RoadObstruction-Barrel,scene_28_1,55,18,1,49,2,2,47,0,6,89.0909090909091,3.6363636363636362,85.45454545454545,200.0625118208934,249.88406295481,87.27272727272727,81.81818181818183,8.5,24.0,28.0,33.6,84.25925925925925,0.0,0.0,0.0,0.0,0.0,0.0,2.7777777777777777,6,10.909090909090907,53,96.36363636363636,False
TruckDrive,aligned,0,200-250,RoadObstruction-Barrel,scene_28_12,5,2,1,5,0,0,5,0,0,100.0,0.0,100.0,204.85237806454052,234.0520171871552,100.0,100.0,17.0,18.0,21.0,21.6,100.0,0.0,0.0,0.0,0.0,0.0,0.0,0.0,0,0.0,5,100.0,True
TruckDrive,aligned,0,200-250,TrafficSign,scene_28_1,23,6,1,22,0,0,22,0,1,95.65217391304348,0.0,95.65217391304348,204.12690866950064,248.82613241559415,82.6086956521739,78.26086956521739,6.0,14.0,35.0,56.2,95.83333333333334,0.0,0.0,0.0,0.0,0.0,0.0,0.0,1,4.347826086956516,23,100.0,False
TruckDrive,aligned,0,200-250,TrafficSign,scene_28_12,83,22,1,55,0,0,55,0,28,66.26506024096386,0.0,66.26506024096386,200.46007809898492,249.66868557030105,54.21686746987952,39.75903614457831,0.0,3.0,10.0,26.0,63.441558441558435,0.0,0.0,0.0,0.0,0.0,0.0,0.0,28,33.73493975903614,83,100.0,False
TruckDrive,aligned,0,200-250,TrafficSign,scene_28_18,11,4,1,8,1,1,7,0,3,72.72727272727273,9.090909090909092,63.63636363636363,208.10980309798109,246.70783262698745,54.54545454545454,36.36363636363637,0.5,3.0,46.5,106.0,70.83333333333333,0.0,0.0,0.0,0.0,0.0,0.0,8.333333333333332,3,27.272727272727266,10,90.9090909090909,True
TruckDrive,aligned,0,200-250,TrafficSign,scene_28_24,3,1,1,3,0,0,3,0,0,100.0,0.0,100.0,228.18726066419157,232.18225850084806,100.0,100.0,13.0,13.0,15.5,17.0,100.0,0.0,0.0,0.0,0.0,0.0,0.0,0.0,0,0.0,3,100.0,True
TruckDrive,aligned,0,200-250,TrafficSign,scene_28_6,1,1,1,1,0,0,1,0,0,100.0,0.0,100.0,223.71035875678777,223.71035875678777,100.0,0.0,3.0,3.0,3.0,3.0,100.0,0.0,0.0,0.0,0.0,0.0,0.0,0.0,0,0.0,1,100.0,True
TruckDrive,aligned,0,200-250,Vehicle,scene_28_12,5,2,1,5,2,2,3,0,0,100.0,40.0,60.0,200.92372660649855,245.64094980450042,80.0,80.0,7.0,14.0,23.0,26.0,100.0,20.0,0.0,0.0,0.0,2.0,2.6,25.0,0,0.0,3,60.0,True
TruckDrive,aligned,0,200-250,Vehicle,scene_28_6,8,2,1,2,1,0,2,1,5,25.0,12.5,12.5,201.54258863542225,227.7209724809492,25.0,25.0,0.0,0.0,1.25,5.6,57.14285714285714,0.0,0.0,0.0,0.0,0.0,0.5999999999999996,7.142857142857142,6,75.0,7,87.5,True
TruckDrive,aligned,0,200-250,Vehicle-Bus,scene_28_18,2,1,1,2,2,2,0,0,0,100.0,100.0,0.0,208.79788513686086,239.83276001749218,50.0,50.0,5.0,9.0,13.0,15.4,100.0,100.0,100.0,7.5,8.0,8.5,8.8,100.0,0,0.0,0,0.0,True
TruckDrive,aligned,0,200-250,Vehicle-Other,scene_28_6,1,1,1,1,1,1,0,0,0,100.0,100.0,0.0,216.1487068441776,216.1487068441776,100.0,100.0,7.0,7.0,7.0,7.0,100.0,100.0,100.0,6.0,6.0,6.0,6.0,100.0,0,0.0,0,0.0,True
TruckDrive,aligned,0,200-250,Vehicle-Passenger,scene_28_1,22,5,1,18,3,3,15,0,4,81.81818181818183,13.636363636363635,68.18181818181819,201.91332212775274,249.9157658332935,81.81818181818183,77.27272727272727,5.0,20.0,61.5,79.9,55.00000000000001,0.0,0.0,0.0,0.0,0.0,0.9000000000000021,13.076923076923078,4,18.181818181818173,19,86.36363636363636,False
TruckDrive,aligned,0,200-250,Vehicle-Passenger,scene_28_18,26,4,1,23,6,3,20,3,0,88.46153846153845,23.076923076923077,65.38461538461537,210.85990809166134,249.60712874363585,88.46153846153845,88.46153846153845,21.25,33.5,41.5,49.0,37.5,0.0,0.0,0.0,0.0,0.0,1.0,77.27272727272727,3,11.538461538461547,20,76.92307692307692,True
TruckDrive,aligned,0,200-250,Vehicle-Passenger,scene_28_6,1,1,1,0,1,0,0,1,0,0.0,100.0,-100.0,214.64145831489262,214.64145831489262,0.0,0.0,0.0,0.0,0.0,0.0,0.0,0.0,0.0,1.0,1.0,1.0,1.0,100.0,1,100.0,0,0.0,True
TruckDrive,aligned,0,200-250,Vehicle-SemiTruck-Cab,scene_28_1,14,1,1,8,5,5,3,0,6,57.14285714285714,35.714285714285715,21.428571428571423,201.06925163807026,215.79352150362988,35.714285714285715,35.714285714285715,0.0,1.0,5.0,7.700000000000001,57.14285714285714,7.142857142857142,0.0,0.0,0.0,1.0,2.0,35.714285714285715,6,42.85714285714286,9,64.28571428571428,True
TruckDrive,aligned,0,200-250,Vehicle-SemiTruck-Cab,scene_28_12,10,4,1,9,8,8,1,0,1,90.0,80.0,9.999999999999998,204.11132949039956,249.6109946061744,90.0,90.0,7.0,19.5,26.25,69.49999999999999,87.5,20.0,0.0,1.0,1.0,2.0,3.0,75.0,1,10.0,2,20.0,True
TruckDrive,aligned,0,200-250,Vehicle-SemiTruck-Cab,scene_28_18,3,2,1,1,1,0,1,1,1,33.33333333333333,33.33333333333333,0.0,217.2707973608132,248.3359483739058,33.33333333333333,0.0,0.0,0.0,1.5,2.4000000000000004,25.0,33.33333333333333,0.0,0.0,0.0,1.5,2.4000000000000004,50.0,2,66.66666666666667,2,66.66666666666667,True
TruckDrive,aligned,0,200-250,Vehicle-SemiTruck-Cab,scene_28_6,11,6,1,9,8,6,3,2,0,81.81818181818183,72.72727272727273,9.090909090909093,202.22356028339837,249.2167268956506,72.72727272727273,63.63636363636363,2.5,8.0,19.0,32.0,83.33333333333334,18.181818181818183,0.0,0.5,1.0,2.0,3.0,87.5,2,18.181818181818173,3,27.272727272727266,True
TruckDrive,aligned,0,200-250,Vehicle-SemiTruck-Trailer,scene_28_1,12,3,1,11,10,10,1,0,1,91.66666666666666,83.33333333333334,8.333333333333325,201.21255469464592,240.5537241522084,91.66666666666666,91.66666666666666,406.0,476.0,503.0,527.9,83.33333333333334,25.0,0.0,1.0,2.0,2.25,3.0,66.66666666666666,1,8.333333333333343,2,16.666666666666657,True
TruckDrive,aligned,0,200-250,Vehicle-SemiTruck-Trailer,scene_28_12,27,11,1,25,22,21,4,1,1,92.5925925925926,81.48148148148148,11.111111111111116,200.0481951240057,249.7046674149109,92.5925925925926,92.5925925925926,16.5,361.0,907.5,1616.8000000000002,93.93939393939394,40.74074074074074,29.629629629629626,1.0,2.0,6.0,8.800000000000004,69.6969696969697,2,7.407407407407405,5,18.51851851851852,False
TruckDrive,aligned,0,200-250,Vehicle-SemiTruck-Trailer,scene_28_18,4,2,1,4,3,3,1,0,0,100.0,75.0,25.0,207.27767089747388,238.65419293116855,100.0,100.0,24.5,33.0,38.5,44.800000000000004,100.0,75.0,50.0,3.0,5.0,6.5,7.4,75.0,0,0.0,1,25.0,True
TruckDrive,aligned,0,200-250,Vehicle-SemiTruck-Trailer,scene_28_6,16,6,1,12,12,10,2,2,2,75.0,75.0,0.0,201.68972383528677,245.94981964285506,75.0,75.0,4.5,18.5,33.75,67.5,66.66666666666666,37.5,12.5,0.75,2.0,3.0,4.5,70.83333333333334,4,25.0,4,25.0,True
TruckDrive,aligned,0,200-250,Vehicle-Trailer,scene_28_12,6,1,1,6,6,6,0,0,0,100.0,100.0,0.0,203.3998259724022,241.56629727532206,100.0,100.0,109.5,142.0,242.0,269.0,100.0,50.0,16.666666666666664,1.0,2.0,3.75,8.5,100.0,0,0.0,0,0.0,True
TruckDrive,aligned,0,200-250,Vehicle-Trailer,scene_28_18,3,1,1,3,2,2,1,0,0,100.0,66.66666666666666,33.333333333333336,204.41397427391732,233.8786707344464,100.0,66.66666666666666,13.0,23.0,30.5,35.0,100.0,33.33333333333333,0.0,1.0,2.0,2.5,2.8,66.66666666666666,0,0.0,1,33.33333333333334,True
TruckDrive,aligned,0,200-250,Vehicle-Trailer,scene_28_6,2,1,1,0,0,0,0,0,2,0.0,0.0,0.0,216.10033212665493,245.33512423621337,0.0,0.0,0.0,0.0,0.0,0.0,0.0,0.0,0.0,0.0,0.0,0.0,0.0,0.0,2,100.0,2,100.0,True
TruckDrive,aligned,0,250-300,RoadObstruction,scene_28_1,5,2,1,5,0,0,5,0,0,100.0,0.0,100.0,250.2288925344351,290.93512442165746,80.0,80.0,5.0,5.0,6.0,6.6,100.0,0.0,0.0,0.0,0.0,0.0,0.0,0.0,0,0.0,5,100.0,True
TruckDrive,aligned,0,250-300,RoadObstruction,scene_28_12,3,2,1,0,0,0,0,0,3,0.0,0.0,0.0,251.98576590866227,274.0278270848728,0.0,0.0,0.0,0.0,0.0,0.0,0.0,0.0,0.0,0.0,0.0,0.0,0.0,0.0,3,100.0,3,100.0,True
TruckDrive,aligned,0,250-300,RoadObstruction-Barrel,scene_28_1,40,13,1,32,0,0,32,0,8,80.0,0.0,80.0,250.28325197553792,296.9769879253048,80.0,75.0,5.5,12.5,18.0,22.1,80.76923076923076,0.0,0.0,0.0,0.0,0.0,0.0,0.0,8,20.0,40,100.0,False
TruckDrive,aligned,0,250-300,TrafficSign,scene_28_1,16,5,1,12,0,0,12,0,4,75.0,0.0,75.0,253.6482097085313,295.28354573102484,62.5,62.5,1.5,8.0,23.5,39.0,73.33333333333333,0.0,0.0,0.0,0.0,0.0,0.0,0.0,4,25.0,16,100.0,True
TruckDrive,aligned,0,250-300,TrafficSign,scene_28_12,68,21,1,46,0,0,46,0,22,67.64705882352942,0.0,67.64705882352942,250.22779380742782,299.7593048037392,45.588235294117645,30.88235294117647,0.0,2.0,6.25,18.60000000000001,67.85714285714285,0.0,0.0,0.0,0.0,0.0,0.0,0.0,22,32.35294117647058,68,100.0,False
TruckDrive,aligned,0,250-300,TrafficSign,scene_28_18,14,5,1,11,1,1,10,0,3,78.57142857142857,7.142857142857142,71.42857142857143,252.21962494695342,299.3158594442666,64.28571428571429,42.857142857142854,1.25,3.5,9.25,50.800000000000004,81.66666666666667,0.0,0.0,0.0,0.0,0.0,0.0,6.666666666666667,3,21.42857142857143,13,92.85714285714286,True
TruckDrive,aligned,0,250-300,TrafficSign,scene_28_24,13,1,1,11,0,0,11,0,2,84.61538461538461,0.0,84.61538461538461,260.95070734153353,283.9308657869292,76.92307692307693,53.84615384615385,3.0,5.0,20.0,34.80000000000001,84.61538461538461,0.0,0.0,0.0,0.0,0.0,0.0,0.0,2,15.384615384615387,13,100.0,True
TruckDrive,aligned,0,250-300,Vehicle,scene_28_1,2,1,1,2,0,0,2,0,0,100.0,0.0,100.0,265.7698768253654,266.5301235947158,50.0,50.0,3.5,5.0,6.5,7.4,100.0,0.0,0.0,0.0,0.0,0.0,0.0,0.0,0,0.0,2,100.0,True
TruckDrive,aligned,0,250-300,Vehicle,scene_28_12,3,1,1,2,0,0,2,0,1,66.66666666666666,0.0,66.66666666666666,259.8010621796808,288.67764207435283,66.66666666666666,66.66666666666666,2.5,5.0,9.0,11.4,66.66666666666666,0.0,0.0,0.0,0.0,0.0,0.0,0.0,1,33.33333333333334,3,100.0,True
TruckDrive,aligned,0,250-300,Vehicle-Bus,scene_28_18,1,1,1,1,1,1,0,0,0,100.0,100.0,0.0,272.29802314717256,272.29802314717256,100.0,100.0,5.0,5.0,5.0,5.0,100.0,100.0,100.0,5.0,5.0,5.0,5.0,100.0,0,0.0,0,0.0,True
TruckDrive,aligned,0,250-300,Vehicle-Passenger,scene_28_1,46,3,1,37,14,14,23,0,9,80.43478260869566,30.434782608695656,50.0,250.60822551614362,297.1208104465116,73.91304347826086,67.3913043478261,1.5,6.0,63.75,93.5,57.47126436781609,0.0,0.0,0.0,0.0,1.0,1.0,24.49712643678161,9,19.565217391304344,32,69.56521739130434,True
TruckDrive,aligned,0,250-300,Vehicle-Passenger,scene_28_12,15,1,1,15,0,0,15,0,0,100.0,0.0,100.0,250.6783571335975,297.8225789709488,100.0,100.0,20.0,33.0,38.5,41.6,100.0,0.0,0.0,0.0,0.0,0.0,0.0,0.0,0,0.0,15,100.0,True
TruckDrive,aligned,0,250-300,Vehicle-Passenger,scene_28_18,21,4,1,18,9,7,11,2,1,85.71428571428571,42.857142857142854,42.857142857142854,251.00468974964278,288.0912174576963,85.71428571428571,85.71428571428571,21.0,30.0,36.0,41.0,62.5,0.0,0.0,0.0,0.0,1.0,1.0,59.375,3,14.285714285714292,12,57.142857142857146,True
TruckDrive,aligned,0,250-300,Vehicle-SemiTruck-Cab,scene_28_12,5,4,1,3,4,2,1,2,0,60.0,80.0,-20.000000000000007,265.0917430872442,281.1532827745224,60.0,60.0,0.0,5.0,6.0,10.200000000000001,50.0,0.0,0.0,1.0,1.0,1.0,1.0,87.5,2,40.0,1,20.0,True
TruckDrive,aligned,0,250-300,Vehicle-SemiTruck-Cab,scene_28_18,3,2,1,3,2,2,1,0,0,100.0,66.66666666666666,33.333333333333336,256.06453786995155,285.0056707474954,100.0,100.0,5.5,6.0,7.0,7.6,100.0,0.0,0.0,0.5,1.0,1.5,1.8,50.0,0,0.0,1,33.33333333333334,True
TruckDrive,aligned,0,250-300,Vehicle-SemiTruck-Cab,scene_28_6,13,6,1,8,5,3,5,2,3,61.53846153846154,38.46153846153847,23.076923076923077,254.2479486873591,294.38766159557423,61.53846153846154,53.84615384615385,0.0,6.0,12.0,14.8,63.88888888888889,0.0,0.0,0.0,0.0,1.0,1.0,36.11111111111111,5,38.46153846153846,8,61.53846153846153,True
TruckDrive,aligned,0,250-300,Vehicle-SemiTruck-Trailer,scene_28_1,2,1,1,2,1,1,1,0,0,100.0,50.0,50.0,269.8675644608845,299.5495255467652,100.0,100.0,6.25,6.5,6.75,6.9,100.0,0.0,0.0,0.25,0.5,0.75,0.9,50.0,0,0.0,1,50.0,True
TruckDrive,aligned,0,250-300,Vehicle-SemiTruck-Trailer,scene_28_12,29,11,1,28,17,16,12,1,0,96.55172413793103,58.620689655172406,37.93103448275863,250.0497157484766,295.70213905481876,93.10344827586206,93.10344827586206,13.0,100.0,237.0,1022.1999999999997,97.72727272727273,20.689655172413794,13.793103448275861,0.0,1.0,2.0,5.0,47.72727272727273,1,3.448275862068968,12,41.379310344827594,False
TruckDrive,aligned,0,250-300,Vehicle-SemiTruck-Trailer,scene_28_18,3,2,1,3,3,3,0,0,0,100.0,100.0,0.0,266.44953680170136,296.62011809559124,100.0,100.0,10.5,11.0,14.5,16.6,100.0,0.0,0.0,1.0,1.0,1.5,1.8,100.0,0,0.0,0,0.0,True
TruckDrive,aligned,0,250-300,Vehicle-SemiTruck-Trailer,scene_28_6,15,6,1,13,6,4,9,2,0,86.66666666666667,40.0,46.666666666666664,251.5283332034967,299.80861071369907,86.66666666666667,66.66666666666666,4.0,18.0,39.5,48.0,79.16666666666666,13.333333333333334,6.666666666666667,0.0,0.0,1.5,3.1999999999999993,40.27777777777777,2,13.333333333333329,9,60.0,True
TruckDrive,aligned,0,250-300,Vehicle-Trailer,scene_28_12,4,1,1,3,0,0,3,0,1,75.0,0.0,75.0,251.11907169379526,275.4225210695398,75.0,75.0,27.0,38.5,43.0,46.6,75.0,0.0,0.0,0.0,0.0,0.0,0.0,0.0,1,25.0,4,100.0,True
TruckDrive,aligned,0,250-300,Vehicle-Trailer,scene_28_18,3,1,1,3,2,2,1,0,0,100.0,66.66666666666666,33.333333333333336,262.3035163614787,293.82702857255254,100.0,100.0,19.5,32.0,39.0,43.2,100.0,0.0,0.0,0.5,1.0,1.0,1.0,66.66666666666666,0,0.0,1,33.33333333333334,True
TruckDrive,aligned,0,250-300,Vehicle-Trailer,scene_28_6,1,1,1,0,0,0,0,0,1,0.0,0.0,0.0,274.34414779048905,274.34414779048905,0.0,0.0,0.0,0.0,0.0,0.0,0.0,0.0,0.0,0.0,0.0,0.0,0.0,0.0,1,100.0,1,100.0,True
TruckDrive,aligned,0,300-400,RoadObstruction,scene_28_1,1,1,1,1,0,0,1,0,0,100.0,0.0,100.0,305.19339503640856,305.19339503640856,0.0,0.0,2.0,2.0,2.0,2.0,100.0,0.0,0.0,0.0,0.0,0.0,0.0,0.0,0,0.0,1,100.0,True
TruckDrive,aligned,0,300-400,RoadObstruction-Barrel,scene_28_1,39,10,1,28,1,1,27,0,11,71.7948717948718,2.564102564102564,69.23076923076923,304.53595916952185,395.366842163772,64.1025641025641,58.97435897435898,0.0,8.0,11.5,17.0,71.14285714285715,0.0,0.0,0.0,0.0,0.0,0.0,1.6666666666666667,11,28.205128205128204,38,97.43589743589743,False
TruckDrive,aligned,0,300-400,TrafficSign,scene_28_1,2,2,1,1,0,0,1,0,1,50.0,0.0,50.0,309.21167826107944,309.79406121868243,50.0,50.0,4.75,9.5,14.25,17.1,50.0,0.0,0.0,0.0,0.0,0.0,0.0,0.0,1,50.0,2,100.0,True
TruckDrive,aligned,0,300-400,TrafficSign,scene_28_12,72,18,1,39,0,0,39,0,33,54.166666666666664,0.0,54.166666666666664,301.79574376751725,392.2563925397,36.11111111111111,20.833333333333336,0.0,1.0,4.0,12.699999999999996,54.232804232804234,0.0,0.0,0.0,0.0,0.0,0.0,0.0,33,45.833333333333336,72,100.0,False
TruckDrive,aligned,0,300-400,TrafficSign,scene_28_18,45,9,1,31,0,0,31,0,14,68.88888888888889,0.0,68.88888888888889,304.54778036463625,396.194511461061,51.11111111111111,40.0,0.0,3.0,8.0,19.0,62.56613756613757,0.0,0.0,0.0,0.0,0.0,0.0,0.0,14,31.111111111111114,45,100.0,False
TruckDrive,aligned,0,300-400,TrafficSign,scene_28_24,7,2,1,5,0,0,5,0,2,71.42857142857143,0.0,71.42857142857143,301.03319480211303,318.0585202283685,71.42857142857143,71.42857142857143,3.0,6.0,9.0,13.200000000000003,70.83333333333333,0.0,0.0,0.0,0.0,0.0,0.0,0.0,2,28.57142857142857,7,100.0,True
TruckDrive,aligned,0,300-400,Vehicle,scene_28_1,2,1,1,2,0,0,2,0,0,100.0,0.0,100.0,324.87769684245666,334.8785602315927,50.0,50.0,12.5,24.0,35.5,42.4,100.0,0.0,0.0,0.0,0.0,0.0,0.0,0.0,0,0.0,2,100.0,True
TruckDrive,aligned,0,300-400,Vehicle,scene_28_12,7,2,1,5,0,0,5,0,2,71.42857142857143,0.0,71.42857142857143,303.45178706196964,397.6820703976072,71.42857142857143,71.42857142857143,4.5,17.0,40.0,54.800000000000004,66.66666666666666,0.0,0.0,0.0,0.0,0.0,0.0,0.0,2,28.57142857142857,7,100.0,True
TruckDrive,aligned,0,300-400,Vehicle-Bus,scene_28_18,1,1,1,0,1,0,0,1,0,0.0,100.0,-100.0,311.72504000404615,311.72504000404615,0.0,0.0,0.0,0.0,0.0,0.0,0.0,0.0,0.0,1.0,1.0,1.0,1.0,100.0,1,100.0,0,0.0,True
TruckDrive,aligned,0,300-400,Vehicle-Passenger,scene_28_1,1,1,1,0,0,0,0,0,1,0.0,0.0,0.0,305.3321725206024,305.3321725206024,0.0,0.0,0.0,0.0,0.0,0.0,0.0,0.0,0.0,0.0,0.0,0.0,0.0,0.0,1,100.0,1,100.0,True
TruckDrive,aligned,0,300-400,Vehicle-Passenger,scene_28_12,23,1,1,23,0,0,23,0,0,100.0,0.0,100.0,301.1243306220302,381.10379670133005,86.95652173913044,82.6086956521739,7.5,13.0,19.5,23.8,100.0,0.0,0.0,0.0,0.0,0.0,0.0,0.0,0,0.0,23,100.0,True
TruckDrive,aligned,0,300-400,Vehicle-Passenger,scene_28_18,6,3,1,3,3,0,3,3,0,50.0,50.0,0.0,307.1789605302702,348.83265659385177,50.0,16.666666666666664,0.0,1.5,3.0,4.0,50.0,0.0,0.0,0.0,0.5,1.0,1.5,50.0,3,50.0,3,50.0,True
TruckDrive,aligned,0,300-400,Vehicle-SemiTruck-Cab,scene_28_12,5,2,1,3,1,1,2,0,2,60.0,20.0,40.0,301.16614732259706,372.4973081973458,60.0,60.0,0.0,10.0,13.0,14.2,66.66666666666666,0.0,0.0,0.0,0.0,0.0,1.2000000000000002,25.0,2,40.0,4,80.0,True
TruckDrive,aligned,0,300-400,Vehicle-SemiTruck-Cab,scene_28_18,3,1,1,2,1,1,1,0,1,66.66666666666666,33.33333333333333,33.33333333333333,315.2661821276488,378.5509058889894,66.66666666666666,33.33333333333333,2.0,4.0,5.0,5.6,66.66666666666666,0.0,0.0,0.0,0.0,1.0,1.6,33.33333333333333,1,33.33333333333334,2,66.66666666666667,True
TruckDrive,aligned,0,300-400,Vehicle-SemiTruck-Cab,scene_28_6,9,5,1,6,3,2,4,1,2,66.66666666666666,33.33333333333333,33.33333333333333,314.0898380980915,381.0022030069285,55.55555555555556,55.55555555555556,0.0,5.0,7.0,11.0,76.66666666666667,11.11111111111111,11.11111111111111,0.0,0.0,1.0,2.6000000000000005,40.0,3,33.33333333333334,6,66.66666666666667,True
TruckDrive,aligned,0,300-400,Vehicle-SemiTruck-Trailer,scene_28_1,2,1,1,0,0,0,0,0,2,0.0,0.0,0.0,329.99136844753826,360.39229981232,0.0,0.0,0.0,0.0,0.0,0.0,0.0,0.0,0.0,0.0,0.0,0.0,0.0,0.0,2,100.0,2,100.0,True
TruckDrive,aligned,0,300-400,Vehicle-SemiTruck-Trailer,scene_28_12,78,10,1,77,7,7,70,0,1,98.71794871794873,8.974358974358974,89.74358974358975,301.3877330693006,397.2940439717045,98.71794871794873,97.43589743589743,78.5,128.0,170.0,400.1999999999998,95.0,3.8461538461538463,1.282051282051282,0.0,0.0,0.0,0.0,13.809523809523808,1,1.2820512820512704,71,91.02564102564102,False
TruckDrive,aligned,0,300-400,Vehicle-SemiTruck-Trailer,scene_28_18,5,2,1,4,1,1,3,0,1,80.0,20.0,60.00000000000001,306.9027708238251,368.0275435506055,80.0,80.0,6.0,10.0,11.0,11.6,75.0,0.0,0.0,0.0,0.0,0.0,0.6000000000000001,16.666666666666664,1,20.0,4,80.0,True
TruckDrive,aligned,0,300-400,Vehicle-SemiTruck-Trailer,scene_28_6,9,3,1,9,1,1,8,0,0,100.0,11.11111111111111,88.88888888888889,305.0532371864494,378.2942582963711,88.88888888888889,88.88888888888889,6.0,11.0,21.0,22.8,100.0,11.11111111111111,0.0,0.0,0.0,0.0,0.6000000000000005,11.11111111111111,0,0.0,8,88.88888888888889,True
TruckDrive,aligned,0,300-400,Vehicle-SingleUnitTruck,scene_28_1,12,1,1,11,4,4,7,0,1,91.66666666666666,33.33333333333333,58.33333333333333,320.40407644957935,334.0879888175012,91.66666666666666,91.66666666666666,27.5,39.0,64.5,102.00000000000001,91.66666666666666,0.0,0.0,0.0,0.0,1.0,1.0,33.33333333333333,1,8.333333333333343,8,66.66666666666667,True
TruckDrive,aligned,0,300-400,Vehicle-Trailer,scene_28_18,2,1,1,2,0,0,2,0,0,100.0,0.0,100.0,323.84286928183565,353.2660326621931,50.0,50.0,6.25,11.5,16.75,19.9,100.0,0.0,0.0,0.0,0.0,0.0,0.0,0.0,0,0.0,2,100.0,True
TruckDrive,aligned,0.5,0-25,RoadDebris,scene_28_24,40,2,1,40,39,39,1,0,0,100.0,97.5,2.500000000000002,11.9442314862237,24.44343242479062,100.0,100.0,2924.75,4846.5,6712.75,8914.6,100.0,62.5,47.5,2.0,4.0,8.0,12.100000000000001,97.5,0,0.0,1,2.5,True
TruckDrive,aligned,0.5,0-25,RoadObstruction,scene_28_1,1,1,1,1,1,1,0,0,0,100.0,100.0,0.0,24.52845196217431,24.52845196217431,100.0,100.0,5.0,5.0,5.0,5.0,100.0,0.0,0.0,2.0,2.0,2.0,2.0,100.0,0,0.0,0,0.0,True
TruckDrive,aligned,0.5,0-25,RoadObstruction-Barrel,scene_28_1,82,27,1,82,51,51,31,0,0,100.0,62.19512195121951,37.80487804878049,4.0667924260772725,24.646866769216114,100.0,100.0,201.5,313.0,486.5,950.7000000000011,100.0,32.926829268292686,8.536585365853659,0.0,1.5,3.0,4.0,61.419753086419746,0,0.0,31,37.80487804878049,False
TruckDrive,aligned,0.5,0-25,RoadObstruction-Cone,scene_28_24,31,3,1,27,17,17,10,0,4,87.09677419354838,54.83870967741935,32.25806451612904,13.762778094013067,24.887669640586424,87.09677419354838,87.09677419354838,400.0,850.0,1394.5,1715.0,85.18518518518518,19.35483870967742,6.451612903225806,0.0,1.0,2.0,4.0,33.33333333333333,4,12.903225806451616,14,45.16129032258065,True
TruckDrive,aligned,0.5,0-25,TrafficSign,scene_28_1,8,3,1,8,6,6,2,0,0,100.0,75.0,25.0,9.082084093303768,21.264343391542102,87.5,87.5,23.25,73.5,328.5,1302.2999999999995,100.0,50.0,25.0,0.75,2.5,3.5,5.3,77.77777777777777,0,0.0,2,25.0,True
TruckDrive,aligned,0.5,0-25,TrafficSign,scene_28_12,9,3,1,9,8,8,1,0,0,100.0,88.88888888888889,11.111111111111116,8.920967379233169,23.170655453202915,100.0,100.0,71.0,90.0,369.0,738.2,100.0,33.33333333333333,0.0,1.0,2.0,3.0,3.0,88.88888888888889,0,0.0,1,11.111111111111114,True
TruckDrive,aligned,0.5,0-25,Vehicle-Other,scene_28_1,27,1,1,27,27,27,0,0,0,100.0,100.0,0.0,4.8174934170872055,24.84105971525601,100.0,100.0,2874.5,10043.0,23477.0,33935.2,100.0,100.0,100.0,21.5,31.0,39.5,44.60000000000001,100.0,0,0.0,0,0.0,True
TruckDrive,aligned,0.5,0-25,Vehicle-Passenger,scene_28_1,60,16,1,58,57,56,2,1,1,96.66666666666667,95.0,1.6666666666666718,4.268117935996614,24.657597046296345,96.66666666666667,95.0,750.5,2496.0,4305.75,9387.600000000006,87.5,90.0,88.33333333333333,7.75,12.0,18.25,35.300000000000004,90.375,2,3.3333333333333286,3,5.0,False
TruckDrive,aligned,0.5,0-25,Vehicle-Passenger,scene_28_18,10,1,1,10,9,9,1,0,0,100.0,90.0,9.999999999999998,4.241382266421513,22.077887720310006,100.0,100.0,4997.75,5918.0,10640.75,12362.099999999999,100.0,80.0,80.0,6.25,17.0,29.25,33.3,90.0,0,0.0,1,10.0,True
TruckDrive,aligned,0.5,0-25,Vehicle-Passenger,scene_28_6,18,1,1,18,15,15,3,0,0,100.0,83.33333333333334,16.666666666666664,4.127461076749828,23.63897270559409,100.0,100.0,1290.25,1897.5,5400.75,9515.6,100.0,77.77777777777779,77.77777777777779,6.25,12.0,20.5,32.0,83.33333333333334,0,0.0,3,16.666666666666657,True
TruckDrive,aligned,0.5,0-25,Vehicle-SemiTruck-Cab,scene_28_1,3,3,1,3,3,3,0,0,0,100.0,100.0,0.0,23.82670215810808,24.796777806523664,100.0,100.0,2420.5,3031.0,3658.0,4034.2,100.0,100.0,100.0,10.5,13.0,22.5,28.200000000000003,100.0,0,0.0,0,0.0,True
TruckDrive,aligned,0.5,0-25,Vehicle-SemiTruck-Cab,scene_28_24,100,8,1,100,99,99,1,0,0,100.0,99.0,1.0000000000000009,9.048126164941834,24.888872346585853,100.0,100.0,15337.5,20610.5,31590.5,60652.70000000001,100.0,99.0,99.0,20.0,26.0,33.0,54.10000000000001,98.4375,0,0.0,1,1.0,False
TruckDrive,aligned,0.5,0-25,Vehicle-SemiTruck-Trailer,scene_28_1,8,3,1,8,8,8,0,0,0,100.0,100.0,0.0,13.70286726522006,23.373104827528117,100.0,100.0,26963.0,36492.0,66915.0,69450.0,100.0,100.0,100.0,75.25,104.5,121.0,144.1,100.0,0,0.0,0,0.0,True
TruckDrive,aligned,0.5,0-25,Vehicle-SemiTruck-Trailer,scene_28_24,77,5,1,77,77,77,0,0,0,100.0,100.0,0.0,13.102765852938044,24.724275736778992,100.0,100.0,18210.0,25593.0,36338.0,39800.200000000004,100.0,100.0,98.7012987012987,21.0,27.0,36.0,43.400000000000006,100.0,0,0.0,0,0.0,False
TruckDrive,aligned,0.5,0-25,Vehicle-Trailer,scene_28_1,28,2,1,28,28,28,0,0,0,100.0,100.0,0.0,4.746214212130803,24.317942703931752,100.0,100.0,2641.0,11307.0,28438.25,43423.8,100.0,100.0,100.0,24.25,30.0,50.25,56.5,100.0,0,0.0,0,0.0,True
TruckDrive,aligned,0.5,25-50,RoadDebris,scene_28_24,36,2,1,36,34,34,2,0,0,100.0,94.44444444444444,5.555555555555558,25.050115134357902,39.30809723864877,100.0,100.0,1110.5,1209.5,1509.25,1644.5,100.0,58.333333333333336,22.22222222222222,1.0,3.0,4.0,6.0,94.44444444444444,0,0.0,2,5.555555555555557,True
TruckDrive,aligned,0.5,25-50,RoadObstruction,scene_28_1,1,1,1,0,0,0,0,0,1,0.0,0.0,0.0,38.44834258349711,38.44834258349711,0.0,0.0,0.0,0.0,0.0,0.0,0.0,0.0,0.0,0.0,0.0,0.0,0.0,0.0,1,100.0,1,100.0,True
TruckDrive,aligned,0.5,25-50,RoadObstruction,scene_28_24,7,2,1,7,7,7,0,0,0,100.0,100.0,0.0,39.47798508214879,49.246380254911784,100.0,100.0,223.5,248.0,270.5,273.2,100.0,14.285714285714285,0.0,1.5,2.0,2.0,2.4000000000000004,100.0,0,0.0,0,0.0,True
TruckDrive,aligned,0.5,25-50,RoadObstruction-Barrel,scene_28_1,93,30,1,90,87,87,3,0,3,96.7741935483871,93.54838709677419,3.2258064516129115,25.03254526827181,48.64931031257001,95.6989247311828,94.6236559139785,127.0,266.0,529.0,697.1999999999999,97.5,60.215053763440864,30.107526881720432,2.0,3.0,5.0,6.0,94.16666666666667,3,3.225806451612897,6,6.451612903225808,False
TruckDrive,aligned,0.5,25-50,RoadObstruction-Barrel,scene_28_12,10,2,1,10,6,6,4,0,0,100.0,60.0,40.0,28.051191466177514,45.216784548291486,100.0,100.0,97.0,126.5,306.25,340.29999999999995,100.0,20.0,0.0,0.0,1.0,1.75,3.0999999999999996,60.00000000000001,0,0.0,4,40.0,True
TruckDrive,aligned,0.5,25-50,RoadObstruction-Cone,scene_28_24,70,6,1,65,34,34,31,0,5,92.85714285714286,48.57142857142857,44.28571428571429,26.022577203778912,49.28189802559503,92.85714285714286,92.85714285714286,88.0,260.0,647.25,1226.6,97.12643678160919,5.714285714285714,0.0,0.0,0.0,2.0,2.0,46.49972632731254,5,7.142857142857139,36,51.42857142857143,False
TruckDrive,aligned,0.5,25-50,TrafficSign,scene_28_1,22,5,1,21,15,14,7,1,0,95.45454545454545,68.18181818181817,27.27272727272728,25.97053012219167,48.62411269372211,95.45454545454545,95.45454545454545,129.0,285.0,554.0,1412.3000000000002,95.0,31.818181818181817,13.636363636363635,0.0,2.0,3.75,4.900000000000002,68.33333333333333,1,4.545454545454547,7,31.818181818181827,False
TruckDrive,aligned,0.5,25-50,TrafficSign,scene_28_12,38,11,1,25,19,15,10,4,9,65.78947368421053,50.0,15.789473684210531,26.79609813334759,48.40271870299452,63.1578947368421,60.526315789473685,0.0,19.0,87.5,247.4000000000005,66.81818181818181,0.0,0.0,0.0,0.5,1.0,2.0,57.42424242424242,13,34.210526315789465,19,50.0,False
TruckDrive,aligned,0.5,25-50,Vehicle,scene_28_24,1,1,1,1,0,0,1,0,0,100.0,0.0,100.0,43.746019905719436,43.746019905719436,100.0,100.0,995.0,995.0,995.0,995.0,100.0,0.0,0.0,0.0,0.0,0.0,0.0,0.0,0,0.0,1,100.0,True
TruckDrive,aligned,0.5,25-50,Vehicle-Other,scene_28_1,11,1,1,11,11,11,0,0,0,100.0,100.0,0.0,26.245324339139334,34.89014869181714,100.0,100.0,414.5,5392.0,10176.0,16202.0,100.0,100.0,100.0,13.0,23.0,26.0,32.0,100.0,0,0.0,0,0.0,True
TruckDrive,aligned,0.5,25-50,Vehicle-Other,scene_28_6,3,1,1,3,3,3,0,0,0,100.0,100.0,0.0,33.009545868917364,47.137909975588144,100.0,100.0,108.5,193.0,1268.5,1913.8000000000002,100.0,100.0,100.0,11.0,11.0,16.5,19.8,100.0,0,0.0,0,0.0,True
TruckDrive,aligned,0.5,25-50,Vehicle-Passenger,scene_28_1,51,17,1,46,45,43,3,2,3,90.19607843137256,88.23529411764706,1.9607843137254943,25.525597494703803,49.91694817168872,90.19607843137256,90.19607843137256,14.5,103.0,291.5,2848.0,82.35294117647058,70.58823529411765,54.90196078431373,2.0,5.0,13.5,35.0,73.52941176470588,5,9.803921568627445,6,11.764705882352942,False
TruckDrive,aligned,0.5,25-50,Vehicle-Passenger,scene_28_12,4,2,1,4,4,4,0,0,0,100.0,100.0,0.0,35.89157943919521,47.5329193511009,100.0,100.0,165.25,366.0,560.25,611.1,100.0,100.0,100.0,9.75,11.0,12.75,15.900000000000002,100.0,0,0.0,0,0.0,True
TruckDrive,aligned,0.5,25-50,Vehicle-Passenger,scene_28_18,16,5,1,16,16,16,0,0,0,100.0,100.0,0.0,25.200336914171256,47.855628735737014,100.0,100.0,570.0,2371.0,3756.5,4352.0,100.0,93.75,93.75,9.0,10.5,15.0,18.5,100.0,0,0.0,0,0.0,True
TruckDrive,aligned,0.5,25-50,Vehicle-Passenger,scene_28_6,55,7,1,55,55,55,0,0,0,100.0,100.0,0.0,25.79796880087408,49.716890446637464,100.0,100.0,1890.5,2949.0,3895.0,4663.400000000001,100.0,100.0,98.18181818181819,10.0,16.0,20.0,23.6,100.0,0,0.0,0,0.0,False
TruckDrive,aligned,0.5,25-50,Vehicle-SemiTruck-Cab,scene_28_1,17,4,1,17,17,17,0,0,0,100.0,100.0,0.0,26.17766715722474,48.984283514352825,100.0,100.0,702.0,1161.0,1555.0,3014.8000000000006,100.0,94.11764705882352,94.11764705882352,17.0,20.0,25.0,28.8,100.0,0,0.0,0,0.0,True
TruckDrive,aligned,0.5,25-50,Vehicle-SemiTruck-Cab,scene_28_12,8,4,1,8,8,8,0,0,0,100.0,100.0,0.0,32.08395887621567,44.006159352879166,100.0,100.0,680.75,807.0,1642.75,3213.3999999999996,100.0,100.0,100.0,7.5,10.5,15.75,19.5,100.0,0,0.0,0,0.0,True
TruckDrive,aligned,0.5,25-50,Vehicle-SemiTruck-Cab,scene_28_18,2,1,1,2,2,2,0,0,0,100.0,100.0,0.0,35.37472887660901,38.291804376134166,100.0,100.0,1467.5,2601.0,3734.5,4414.6,100.0,100.0,100.0,6.5,7.0,7.5,7.8,100.0,0,0.0,0,0.0,True
TruckDrive,aligned,0.5,25-50,Vehicle-SemiTruck-Cab,scene_28_24,204,8,1,204,204,204,0,0,0,100.0,100.0,0.0,25.127248887930293,47.32385249352799,100.0,100.0,2813.0,4380.5,9254.0,23802.10000000002,100.0,100.0,100.0,13.0,18.0,23.0,29.0,100.0,0,0.0,0,0.0,False
TruckDrive,aligned,0.5,25-50,Vehicle-SemiTruck-Cab,scene_28_6,13,6,1,13,12,12,1,0,0,100.0,92.3076923076923,7.692307692307687,32.95451326865601,48.66597280283616,100.0,100.0,513.0,984.0,1626.0,2814.8000000000006,100.0,84.61538461538461,84.61538461538461,5.0,8.0,18.0,20.8,91.66666666666666,0,0.0,1,7.692307692307693,True
TruckDrive,aligned,0.5,25-50,Vehicle-SemiTruck-Trailer,scene_28_1,17,4,1,17,17,17,0,0,0,100.0,100.0,0.0,25.285935430035025,48.89548352816494,100.0,100.0,6925.0,14639.0,23466.0,29819.800000000003,100.0,100.0,100.0,57.0,64.0,72.0,79.4,100.0,0,0.0,0,0.0,True
TruckDrive,aligned,0.5,25-50,Vehicle-SemiTruck-Trailer,scene_28_12,9,4,1,9,9,9,0,0,0,100.0,100.0,0.0,32.76982783631776,49.14907093197326,100.0,100.0,1806.0,2143.0,12781.0,16021.400000000001,100.0,100.0,100.0,17.0,27.0,34.0,46.400000000000006,100.0,0,0.0,0,0.0,True
TruckDrive,aligned,0.5,25-50,Vehicle-SemiTruck-Trailer,scene_28_18,2,1,1,2,2,2,0,0,0,100.0,100.0,0.0,34.460792496965134,40.52667958145729,100.0,100.0,5251.25,5706.5,6161.75,6434.9,100.0,100.0,100.0,30.5,31.0,31.5,31.8,100.0,0,0.0,0,0.0,True
TruckDrive,aligned,0.5,25-50,Vehicle-SemiTruck-Trailer,scene_28_24,113,5,1,113,113,113,0,0,0,100.0,100.0,0.0,25.057520300301146,46.007553632739416,100.0,100.0,2116.0,4171.0,10535.0,17859.99999999999,100.0,100.0,97.34513274336283,8.0,13.0,18.0,24.0,100.0,0,0.0,0,0.0,False
TruckDrive,aligned,0.5,25-50,Vehicle-SemiTruck-Trailer,scene_28_6,20,7,1,20,20,20,0,0,0,100.0,100.0,0.0,29.443577211764016,49.97410578532012,100.0,100.0,873.5,3318.0,8881.25,15791.600000000006,100.0,100.0,100.0,18.0,27.5,35.0,48.90000000000001,100.0,0,0.0,0,0.0,False
TruckDrive,aligned,0.5,25-50,Vehicle-SingleUnitTruck,scene_28_18,2,1,1,2,2,2,0,0,0,100.0,100.0,0.0,34.56143981626767,37.67323445364764,100.0,100.0,1246.25,1792.5,2338.75,2666.5,100.0,100.0,100.0,20.25,24.5,28.75,31.3,100.0,0,0.0,0,0.0,True
TruckDrive,aligned,0.5,25-50,Vehicle-Trailer,scene_28_1,14,2,1,14,14,14,0,0,0,100.0,100.0,0.0,25.31439688316307,47.9853367726662,100.0,100.0,397.5,3867.0,7445.25,17375.800000000003,100.0,100.0,100.0,22.0,41.5,50.0,53.7,100.0,0,0.0,0,0.0,True
TruckDrive,aligned,0.5,25-50,Vehicle-Trailer,scene_28_18,2,1,1,2,2,2,0,0,0,100.0,100.0,0.0,37.6037034988094,38.91775410529271,100.0,100.0,1398.5,1753.0,2107.5,2320.2,100.0,100.0,100.0,13.0,17.0,21.0,23.4,100.0,0,0.0,0,0.0,True
TruckDrive,aligned,0.5,50-75,RoadObstruction,scene_28_1,2,2,1,1,1,1,0,0,1,50.0,50.0,0.0,52.808238093158195,60.09848172876717,50.0,50.0,2.5,5.0,7.5,9.0,50.0,0.0,0.0,0.25,0.5,0.75,0.9,50.0,1,50.0,1,50.0,True
TruckDrive,aligned,0.5,50-75,RoadObstruction,scene_28_24,14,2,1,14,6,6,8,0,0,100.0,42.857142857142854,57.14285714285714,50.579338489788064,56.81257342321156,100.0,100.0,79.0,121.5,154.75,165.9,100.0,14.285714285714285,7.142857142857142,0.0,0.0,1.0,2.700000000000001,25.0,0,0.0,8,57.142857142857146,True
TruckDrive,aligned,0.5,50-75,RoadObstruction-Barrel,scene_28_1,86,30,1,80,79,78,2,1,5,93.02325581395348,91.86046511627907,1.1627906976744207,50.19332030127145,74.93828019635588,93.02325581395348,93.02325581395348,53.0,129.0,258.0,327.5,93.88888888888887,53.48837209302325,15.11627906976744,2.0,3.0,4.0,5.0,92.77777777777777,6,6.976744186046517,7,8.139534883720927,False
TruckDrive,aligned,0.5,50-75,RoadObstruction-Barrel,scene_28_12,8,2,1,8,7,7,1,0,0,100.0,87.5,12.5,50.06462513997624,71.33808245712771,100.0,100.0,53.75,58.0,67.0,82.0,100.0,25.0,0.0,1.0,2.0,2.25,3.3,87.5,0,0.0,1,12.5,True
TruckDrive,aligned,0.5,50-75,RoadObstruction-Cone,scene_28_24,3,2,1,3,1,1,2,0,0,100.0,33.33333333333333,66.66666666666667,50.01617020648392,51.93070747963334,100.0,100.0,209.5,274.0,298.0,312.4,100.0,33.33333333333333,0.0,0.0,0.0,2.0,3.2,50.0,0,0.0,2,66.66666666666667,True
TruckDrive,aligned,0.5,50-75,TrafficSign,scene_28_1,19,6,1,17,11,10,7,1,1,89.47368421052632,57.89473684210527,31.57894736842105,52.889784590829414,74.65945587818416,84.21052631578947,84.21052631578947,35.5,659.0,960.0,1487.9999999999989,87.5,10.526315789473683,5.263157894736842,0.0,1.0,1.5,2.3999999999999986,59.72222222222222,2,10.526315789473685,8,42.10526315789473,True
TruckDrive,aligned,0.5,50-75,TrafficSign,scene_28_12,59,15,1,43,25,23,20,2,14,72.88135593220339,42.3728813559322,30.508474576271183,50.29443116801692,74.3943162531195,71.1864406779661,69.49152542372882,0.0,10.0,72.0,471.40000000000015,81.95238095238095,6.779661016949152,3.389830508474576,0.0,0.0,1.0,2.0,45.301587301587304,16,27.11864406779661,34,57.6271186440678,False
TruckDrive,aligned,0.5,50-75,Vehicle,scene_28_1,2,1,1,2,2,2,0,0,0,100.0,100.0,0.0,52.454818190984255,55.92908644745994,100.0,100.0,80.75,91.5,102.25,108.7,100.0,100.0,100.0,5.0,5.0,5.0,5.0,100.0,0,0.0,0,0.0,True
TruckDrive,aligned,0.5,50-75,Vehicle,scene_28_24,6,3,1,4,4,4,0,0,2,66.66666666666666,66.66666666666666,0.0,55.08136374099036,72.06393478190313,66.66666666666666,66.66666666666666,5.0,34.0,52.5,77.0,58.333333333333336,66.66666666666666,50.0,0.75,4.0,5.0,6.0,58.333333333333336,2,33.33333333333334,2,33.33333333333334,True
TruckDrive,aligned,0.5,50-75,Vehicle-Other,scene_28_6,1,1,1,1,1,1,0,0,0,100.0,100.0,0.0,71.0998376305234,71.0998376305234,100.0,100.0,37.0,37.0,37.0,37.0,100.0,100.0,100.0,20.0,20.0,20.0,20.0,100.0,0,0.0,0,0.0,True
TruckDrive,aligned,0.5,50-75,Vehicle-Passenger,scene_28_1,17,13,1,14,13,11,3,2,1,82.35294117647058,76.47058823529412,5.882352941176472,50.81261238445334,74.57792308410987,76.47058823529412,58.82352941176471,3.0,5.0,11.0,18.0,84.61538461538461,58.82352941176471,11.76470588235294,1.0,3.0,4.0,4.4,73.07692307692307,3,17.64705882352942,4,23.529411764705884,True
TruckDrive,aligned,0.5,50-75,Vehicle-Passenger,scene_28_12,1,1,1,1,1,1,0,0,0,100.0,100.0,0.0,64.10700774396257,64.10700774396257,100.0,100.0,82.0,82.0,82.0,82.0,100.0,100.0,100.0,22.0,22.0,22.0,22.0,100.0,0,0.0,0,0.0,True
TruckDrive,aligned,0.5,50-75,Vehicle-Passenger,scene_28_18,16,5,1,16,16,16,0,0,0,100.0,100.0,0.0,50.70287657000739,74.65314151440423,100.0,100.0,54.25,416.0,1104.0,1656.0,100.0,93.75,93.75,7.5,10.0,12.5,17.0,100.0,0,0.0,0,0.0,True
TruckDrive,aligned,0.5,50-75,Vehicle-Passenger,scene_28_24,8,3,1,7,6,6,1,0,1,87.5,75.0,12.5,57.643913976092946,73.9970976879525,87.5,87.5,30.0,72.0,131.25,196.5,83.33333333333334,50.0,12.5,0.75,2.5,3.25,5.199999999999999,72.22222222222221,1,12.5,2,25.0,True
TruckDrive,aligned,0.5,50-75,Vehicle-Passenger,scene_28_6,38,7,1,38,38,38,0,0,0,100.0,100.0,0.0,50.0590764861598,74.92382370635568,100.0,100.0,537.0,1200.5,2497.75,2705.9,100.0,94.73684210526315,81.57894736842105,5.0,8.0,17.25,19.0,100.0,0,0.0,0,0.0,False
TruckDrive,aligned,0.5,50-75,Vehicle-SemiTruck-Cab,scene_28_1,14,4,1,14,14,14,0,0,0,100.0,100.0,0.0,50.48500193467715,73.29870200487541,100.0,100.0,75.25,200.0,312.5,496.10000000000014,100.0,100.0,92.85714285714286,17.5,20.0,22.0,22.700000000000003,100.0,0,0.0,0,0.0,True
TruckDrive,aligned,0.5,50-75,Vehicle-SemiTruck-Cab,scene_28_12,7,4,1,7,7,7,0,0,0,100.0,100.0,0.0,53.11625010226252,73.76288940923955,100.0,100.0,63.0,73.0,122.5,169.00000000000003,100.0,100.0,100.0,13.5,17.0,19.5,22.8,100.0,0,0.0,0,0.0,True
TruckDrive,aligned,0.5,50-75,Vehicle-SemiTruck-Cab,scene_28_18,1,1,1,1,1,1,0,0,0,100.0,100.0,0.0,53.00709056059885,53.00709056059885,100.0,100.0,407.0,407.0,407.0,407.0,100.0,100.0,100.0,20.0,20.0,20.0,20.0,100.0,0,0.0,0,0.0,True
TruckDrive,aligned,0.5,50-75,Vehicle-SemiTruck-Cab,scene_28_6,13,6,1,13,13,13,0,0,0,100.0,100.0,0.0,50.53557148618445,73.388929997983,100.0,100.0,64.0,102.0,217.0,331.0000000000001,100.0,100.0,100.0,11.0,16.0,20.0,33.60000000000001,100.0,0,0.0,0,0.0,True
TruckDrive,aligned,0.5,50-75,Vehicle-SemiTruck-Trailer,scene_28_1,16,4,1,16,16,16,0,0,0,100.0,100.0,0.0,51.090636665043604,74.53659083944713,100.0,100.0,1197.0,4099.0,10536.5,13431.0,100.0,100.0,100.0,41.0,54.5,60.0,65.5,100.0,0,0.0,0,0.0,True
TruckDrive,aligned,0.5,50-75,Vehicle-SemiTruck-Trailer,scene_28_12,6,4,1,6,6,6,0,0,0,100.0,100.0,0.0,52.218860187768485,69.75827146845704,100.0,100.0,128.75,219.5,291.5,769.5,100.0,100.0,100.0,35.0,38.5,55.5,61.5,100.0,0,0.0,0,0.0,True
TruckDrive,aligned,0.5,50-75,Vehicle-SemiTruck-Trailer,scene_28_18,1,1,1,1,1,1,0,0,0,100.0,100.0,0.0,62.18400889459293,62.18400889459293,100.0,100.0,749.0,749.0,749.0,749.0,100.0,100.0,100.0,71.0,71.0,71.0,71.0,100.0,0,0.0,0,0.0,True
TruckDrive,aligned,0.5,50-75,Vehicle-SemiTruck-Trailer,scene_28_6,17,8,1,17,17,17,0,0,0,100.0,100.0,0.0,53.03066030934999,74.83761077821913,100.0,100.0,156.0,236.0,1170.0,3475.0,100.0,100.0,100.0,30.0,44.0,63.0,75.0,100.0,0,0.0,0,0.0,True
TruckDrive,aligned,0.5,50-75,Vehicle-SingleUnitTruck,scene_28_18,2,1,1,2,2,2,0,0,0,100.0,100.0,0.0,53.310796509546265,58.38173468512392,100.0,100.0,98.25,128.5,158.75,176.9,100.0,100.0,100.0,34.0,39.0,44.0,47.0,100.0,0,0.0,0,0.0,True
TruckDrive,aligned,0.5,50-75,Vehicle-Trailer,scene_28_12,6,1,1,6,6,6,0,0,0,100.0,100.0,0.0,57.49442670951815,73.51104617847498,100.0,100.0,5777.75,7346.5,8777.25,9463.5,100.0,100.0,100.0,58.25,66.0,69.25,70.5,100.0,0,0.0,0,0.0,True
TruckDrive,aligned,0.5,50-75,Vehicle-Trailer,scene_28_18,2,1,1,2,2,2,0,0,0,100.0,100.0,0.0,56.224428736441,58.41898903394282,100.0,100.0,241.5,353.0,464.5,531.4,100.0,100.0,100.0,20.75,22.5,24.25,25.3,100.0,0,0.0,0,0.0,True
TruckDrive,aligned,0.5,50-75,Vehicle-Trailer,scene_28_6,1,1,1,1,1,1,0,0,0,100.0,100.0,0.0,74.46406161517525,74.46406161517525,100.0,100.0,95.0,95.0,95.0,95.0,100.0,100.0,100.0,7.0,7.0,7.0,7.0,100.0,0,0.0,0,0.0,True
TruckDrive,aligned,0.5,75-100,RoadObstruction,scene_28_1,1,1,1,1,1,1,0,0,0,100.0,100.0,0.0,96.28323388441157,96.28323388441157,100.0,100.0,22.0,22.0,22.0,22.0,100.0,0.0,0.0,1.0,1.0,1.0,1.0,100.0,0,0.0,0,0.0,True
TruckDrive,aligned,0.5,75-100,RoadObstruction-Barrel,scene_28_1,83,30,1,83,79,79,4,0,0,100.0,95.18072289156626,4.81927710843374,75.24546062232928,99.96733023075379,100.0,100.0,79.5,112.0,150.0,190.2,100.0,38.55421686746988,3.614457831325301,2.0,2.0,3.0,4.0,93.05555555555556,0,0.0,4,4.819277108433738,False
TruckDrive,aligned,0.5,75-100,RoadObstruction-Barrel,scene_28_12,8,2,1,8,4,4,4,0,0,100.0,50.0,50.0,76.44441264542792,99.57400421869919,100.0,100.0,20.5,31.0,40.25,54.8,100.0,25.0,12.5,0.0,0.5,1.5,3.5999999999999996,50.0,0,0.0,4,50.0,True
TruckDrive,aligned,0.5,75-100,TrafficSign,scene_28_1,15,6,1,15,7,7,8,0,0,100.0,46.666666666666664,53.333333333333336,75.79150421401843,99.3264961761632,100.0,100.0,205.5,409.0,713.0,1304.5999999999997,100.0,6.666666666666667,6.666666666666667,0.0,0.0,1.0,1.5999999999999996,40.27777777777777,0,0.0,8,53.333333333333336,True
TruckDrive,aligned,0.5,75-100,TrafficSign,scene_28_12,60,17,1,39,24,16,23,8,13,65.0,40.0,25.0,75.5921789461683,99.46342368005197,53.333333333333336,45.0,0.0,3.0,81.75,462.6,70.58823529411765,6.666666666666667,0.0,0.0,0.0,1.0,2.0,36.51960784313725,21,35.0,36,60.0,False
TruckDrive,aligned,0.5,75-100,TrafficSign,scene_28_24,28,2,1,24,6,6,18,0,4,85.71428571428571,21.428571428571427,64.28571428571428,83.05512742102286,99.27440737349413,82.14285714285714,75.0,4.5,317.0,388.5,677.8000000000003,91.66666666666667,0.0,0.0,0.0,0.0,0.0,1.0,43.75,4,14.285714285714292,22,78.57142857142857,True
TruckDrive,aligned,0.5,75-100,Vehicle,scene_28_1,2,2,1,2,2,2,0,0,0,100.0,100.0,0.0,78.81625696226494,80.87323848193297,100.0,50.0,4.5,6.0,7.5,8.4,100.0,50.0,0.0,1.5,2.0,2.5,2.8,100.0,0,0.0,0,0.0,True
TruckDrive,aligned,0.5,75-100,Vehicle-Other,scene_28_6,1,1,1,1,1,1,0,0,0,100.0,100.0,0.0,97.44106524276773,97.44106524276773,100.0,100.0,10.0,10.0,10.0,10.0,100.0,100.0,100.0,13.0,13.0,13.0,13.0,100.0,0,0.0,0,0.0,True
TruckDrive,aligned,0.5,75-100,Vehicle-Passenger,scene_28_1,11,10,1,9,7,5,4,2,0,81.81818181818183,63.63636363636363,18.181818181818187,75.61068987627937,99.0256875966767,63.63636363636363,36.36363636363637,1.0,3.0,5.0,7.0,85.0,9.090909090909092,0.0,0.0,1.0,2.0,2.0,65.0,2,18.181818181818173,4,36.36363636363637,True
TruckDrive,aligned,0.5,75-100,Vehicle-Passenger,scene_28_12,22,1,1,22,21,21,1,0,0,100.0,95.45454545454545,4.545454545454541,79.25069903958376,81.00055369825061,95.45454545454545,95.45454545454545,28.0,67.0,94.0,111.70000000000003,100.0,86.36363636363636,27.27272727272727,3.0,3.5,4.75,6.0,95.45454545454545,0,0.0,1,4.545454545454547,True
TruckDrive,aligned,0.5,75-100,Vehicle-Passenger,scene_28_18,17,6,1,17,17,17,0,0,0,100.0,100.0,0.0,75.71926530797184,98.910678103132,94.11764705882352,88.23529411764706,19.0,104.0,244.0,307.2,100.0,88.23529411764706,58.82352941176471,4.0,5.0,7.0,11.600000000000001,100.0,0,0.0,0,0.0,True
TruckDrive,aligned,0.5,75-100,Vehicle-Passenger,scene_28_6,13,5,1,12,12,12,0,0,1,92.3076923076923,92.3076923076923,0.0,76.69406171821684,98.2282030028212,92.3076923076923,92.3076923076923,176.0,233.0,292.0,303.2,80.0,69.23076923076923,30.76923076923077,2.0,3.0,5.0,6.0,80.0,1,7.692307692307693,1,7.692307692307693,True
TruckDrive,aligned,0.5,75-100,Vehicle-RV,scene_28_6,1,1,1,1,1,1,0,0,0,100.0,100.0,0.0,81.08584500827666,81.08584500827666,0.0,0.0,2.0,2.0,2.0,2.0,100.0,100.0,100.0,25.0,25.0,25.0,25.0,100.0,0,0.0,0,0.0,True
TruckDrive,aligned,0.5,75-100,Vehicle-SemiTruck-Cab,scene_28_1,17,4,1,17,17,17,0,0,0,100.0,100.0,0.0,75.899453273696,95.74105460319124,88.23529411764706,88.23529411764706,8.0,15.0,22.0,49.80000000000002,100.0,100.0,100.0,15.0,20.0,23.0,25.8,100.0,0,0.0,0,0.0,True
TruckDrive,aligned,0.5,75-100,Vehicle-SemiTruck-Cab,scene_28_12,5,3,1,5,5,5,0,0,0,100.0,100.0,0.0,78.45067797988521,95.34987883787399,100.0,100.0,13.0,31.0,43.0,59.800000000000004,100.0,100.0,100.0,5.0,7.0,11.0,17.6,100.0,0,0.0,0,0.0,True
TruckDrive,aligned,0.5,75-100,Vehicle-SemiTruck-Cab,scene_28_18,1,1,1,1,1,1,0,0,0,100.0,100.0,0.0,78.25357077320602,78.25357077320602,100.0,100.0,82.0,82.0,82.0,82.0,100.0,100.0,100.0,27.0,27.0,27.0,27.0,100.0,0,0.0,0,0.0,True
TruckDrive,aligned,0.5,75-100,Vehicle-SemiTruck-Cab,scene_28_6,25,8,1,24,23,22,2,1,0,96.0,92.0,3.9999999999999925,76.16793751166425,99.31420207836348,92.0,92.0,36.0,288.0,853.0,1167.4,93.75,92.0,80.0,6.0,9.0,17.0,21.0,97.72727272727273,1,4.0,2,8.0,False
TruckDrive,aligned,0.5,75-100,Vehicle-SemiTruck-Trailer,scene_28_1,12,4,1,12,12,12,0,0,0,100.0,100.0,0.0,76.0646171209991,95.34923944594593,91.66666666666666,91.66666666666666,46.25,3407.5,3858.75,4004.1,100.0,100.0,100.0,27.75,45.0,48.25,52.6,100.0,0,0.0,0,0.0,True
TruckDrive,aligned,0.5,75-100,Vehicle-SemiTruck-Trailer,scene_28_12,6,4,1,6,6,6,0,0,0,100.0,100.0,0.0,78.26986533163736,97.55404784517735,100.0,100.0,48.0,95.5,153.5,176.5,100.0,100.0,100.0,22.0,29.0,33.0,40.0,100.0,0,0.0,0,0.0,True
TruckDrive,aligned,0.5,75-100,Vehicle-SemiTruck-Trailer,scene_28_18,1,1,1,1,1,1,0,0,0,100.0,100.0,0.0,88.564484249031,88.564484249031,100.0,100.0,78.0,78.0,78.0,78.0,100.0,100.0,100.0,43.0,43.0,43.0,43.0,100.0,0,0.0,0,0.0,True
TruckDrive,aligned,0.5,75-100,Vehicle-SemiTruck-Trailer,scene_28_6,26,8,1,26,26,26,0,0,0,100.0,100.0,0.0,77.24045157171793,99.02934909760017,100.0,100.0,75.75,454.0,953.25,1694.5,100.0,100.0,100.0,23.0,26.0,33.75,45.0,100.0,0,0.0,0,0.0,False
TruckDrive,aligned,0.5,75-100,Vehicle-SingleUnitTruck,scene_28_18,2,1,1,2,2,2,0,0,0,100.0,100.0,0.0,79.79215444888204,85.01886360441814,100.0,100.0,39.75,47.5,55.25,59.9,100.0,100.0,100.0,20.75,26.5,32.25,35.7,100.0,0,0.0,0,0.0,True
TruckDrive,aligned,0.5,75-100,Vehicle-Trailer,scene_28_1,1,1,1,1,1,1,0,0,0,100.0,100.0,0.0,77.3362595973265,77.3362595973265,100.0,100.0,37.0,37.0,37.0,37.0,100.0,100.0,100.0,24.0,24.0,24.0,24.0,100.0,0,0.0,0,0.0,True
TruckDrive,aligned,0.5,75-100,Vehicle-Trailer,scene_28_12,6,1,1,6,6,6,0,0,0,100.0,100.0,0.0,77.27723696745747,98.54970171723132,100.0,100.0,2326.5,2963.5,3507.5,3893.0,100.0,100.0,100.0,54.5,57.5,60.5,62.0,100.0,0,0.0,0,0.0,True
TruckDrive,aligned,0.5,75-100,Vehicle-Trailer,scene_28_18,2,1,1,2,2,2,0,0,0,100.0,100.0,0.0,81.67500209581823,84.08090487819297,100.0,100.0,48.75,59.5,70.25,76.7,100.0,100.0,100.0,11.5,14.0,16.5,18.0,100.0,0,0.0,0,0.0,True
TruckDrive,aligned,0.5,75-100,Vehicle-Trailer,scene_28_6,1,1,1,1,1,1,0,0,0,100.0,100.0,0.0,99.51421975805016,99.51421975805016,100.0,100.0,99.0,99.0,99.0,99.0,100.0,100.0,100.0,7.0,7.0,7.0,7.0,100.0,0,0.0,0,0.0,True
TruckDrive,aligned,0.5,100-150,RoadObstruction,scene_28_1,2,2,1,2,1,1,1,0,0,100.0,50.0,50.0,124.0458251007249,145.2940934507138,100.0,100.0,14.0,18.0,22.0,24.4,100.0,0.0,0.0,0.25,0.5,0.75,0.9,50.0,0,0.0,1,50.0,True
TruckDrive,aligned,0.5,100-150,RoadObstruction,scene_28_12,2,1,1,2,0,0,2,0,0,100.0,0.0,100.0,126.05105666840699,143.28852647304262,100.0,100.0,13.25,14.5,15.75,16.5,100.0,0.0,0.0,0.0,0.0,0.0,0.0,0.0,0,0.0,2,100.0,True
TruckDrive,aligned,0.5,100-150,RoadObstruction-Barrel,scene_28_1,160,31,1,156,120,117,39,3,1,97.5,75.0,22.499999999999996,100.01457537159469,149.85105342932135,97.5,96.25,26.75,51.0,82.25,99.1,97.52688172043011,13.125,0.0,0.75,1.0,2.0,3.0,69.33563748079877,4,2.5,40,25.0,False
TruckDrive,aligned,0.5,100-150,RoadObstruction-Barrel,scene_28_12,10,2,1,10,5,5,5,0,0,100.0,50.0,50.0,104.5221015724081,143.22640457686262,100.0,100.0,17.5,46.0,57.75,62.9,100.0,10.0,0.0,0.0,0.5,2.0,2.1999999999999993,54.166666666666664,0,0.0,5,50.0,True
TruckDrive,aligned,0.5,100-150,TrafficSign,scene_28_1,30,6,1,27,13,13,14,0,3,90.0,43.333333333333336,46.666666666666664,100.23295842675192,149.8043785510788,90.0,90.0,93.0,212.5,377.0,644.9000000000002,88.88888888888889,0.0,0.0,0.0,0.0,1.0,1.0,35.41666666666667,3,10.0,17,56.666666666666664,False
TruckDrive,aligned,0.5,100-150,TrafficSign,scene_28_12,106,20,1,81,34,26,55,8,17,76.41509433962264,32.075471698113205,44.33962264150944,100.07915340275993,149.77802477287503,66.0377358490566,62.264150943396224,1.0,22.0,84.5,186.5,83.41666666666667,0.9433962264150944,0.0,0.0,0.0,1.0,1.0,37.98809523809524,25,23.58490566037736,72,67.9245283018868,False
TruckDrive,aligned,0.5,100-150,TrafficSign,scene_28_24,17,2,1,17,3,3,14,0,0,100.0,17.647058823529413,82.35294117647058,102.0515260064733,112.1430559245427,94.11764705882352,88.23529411764706,22.0,33.0,40.0,89.2,100.0,0.0,0.0,0.0,0.0,0.0,1.0,17.36111111111111,0,0.0,14,82.35294117647058,True
TruckDrive,aligned,0.5,100-150,Vehicle,scene_28_18,22,1,1,22,22,22,0,0,0,100.0,100.0,0.0,137.2206696633271,148.91381342419794,100.0,100.0,77.5,111.0,132.75,154.40000000000003,100.0,95.45454545454545,81.81818181818183,6.25,7.0,8.75,9.900000000000002,100.0,0,0.0,0,0.0,True
TruckDrive,aligned,0.5,100-150,Vehicle,scene_28_6,8,2,1,8,8,8,0,0,0,100.0,100.0,0.0,104.37622497689988,147.59132007847344,100.0,100.0,29.0,50.5,53.5,57.699999999999996,100.0,100.0,75.0,4.75,5.0,6.0,6.6,100.0,0,0.0,0,0.0,True
TruckDrive,aligned,0.5,100-150,Vehicle-Other,scene_28_6,1,1,1,1,1,1,0,0,0,100.0,100.0,0.0,130.3234563016597,130.3234563016597,0.0,0.0,2.0,2.0,2.0,2.0,100.0,100.0,100.0,11.0,11.0,11.0,11.0,100.0,0,0.0,0,0.0,True
TruckDrive,aligned,0.5,100-150,Vehicle-Passenger,scene_28_1,18,11,1,12,6,5,7,1,5,66.66666666666666,33.33333333333333,33.33333333333333,103.25284269759703,147.2730748425423,38.88888888888889,22.22222222222222,0.0,1.0,4.0,5.300000000000001,72.72727272727273,5.555555555555555,0.0,0.0,0.0,1.0,2.0,31.818181818181817,6,33.33333333333334,12,66.66666666666667,True
TruckDrive,aligned,0.5,100-150,Vehicle-Passenger,scene_28_18,40,7,1,39,39,38,1,1,0,97.5,97.5,0.0,100.380581386362,149.6341155859118,90.0,90.0,8.0,29.0,62.25,99.4,96.42857142857143,87.5,55.00000000000001,4.0,5.0,6.25,8.0,95.23809523809523,1,2.5,1,2.5,False
TruckDrive,aligned,0.5,100-150,Vehicle-Passenger,scene_28_6,16,4,1,16,13,13,3,0,0,100.0,81.25,18.75,101.40321414395491,145.3494149274749,93.75,81.25,8.25,56.5,79.5,96.0,100.0,37.5,12.5,1.0,2.0,4.0,4.5,76.66666666666666,0,0.0,3,18.75,True
TruckDrive,aligned,0.5,100-150,Vehicle-RV,scene_28_6,2,1,1,2,2,2,0,0,0,100.0,100.0,0.0,106.64524990446951,133.66667790333872,100.0,100.0,6.0,7.0,8.0,8.6,100.0,100.0,100.0,8.5,11.0,13.5,15.0,100.0,0,0.0,0,0.0,True
TruckDrive,aligned,0.5,100-150,Vehicle-SemiTruck-Cab,scene_28_1,10,3,1,9,9,8,1,1,0,90.0,90.0,0.0,112.60253570154885,147.84398735180793,80.0,70.0,4.0,8.0,10.25,11.2,95.83333333333334,90.0,90.0,9.0,11.0,13.5,14.1,66.66666666666666,1,10.0,1,10.0,True
TruckDrive,aligned,0.5,100-150,Vehicle-SemiTruck-Cab,scene_28_12,12,6,1,10,12,10,0,2,0,83.33333333333334,100.0,-16.666666666666664,101.08026907499156,142.10979294805549,83.33333333333334,83.33333333333334,13.25,21.5,158.25,619.5000000000001,88.88888888888889,100.0,83.33333333333334,5.75,8.5,12.75,18.6,100.0,2,16.666666666666657,0,0.0,True
TruckDrive,aligned,0.5,100-150,Vehicle-SemiTruck-Cab,scene_28_18,2,1,1,2,2,2,0,0,0,100.0,100.0,0.0,110.91646350562034,138.50645160944234,100.0,100.0,36.5,40.0,43.5,45.6,100.0,100.0,100.0,10.5,12.0,13.5,14.4,100.0,0,0.0,0,0.0,True
TruckDrive,aligned,0.5,100-150,Vehicle-SemiTruck-Cab,scene_28_6,63,8,1,60,62,60,0,2,1,95.23809523809523,98.4126984126984,-3.1746031746031744,100.63822132308648,146.54234299167365,93.65079365079364,90.47619047619048,33.0,138.0,219.0,294.0,92.85714285714286,87.3015873015873,68.25396825396825,4.0,6.0,8.0,9.0,99.10714285714286,3,4.761904761904773,1,1.5873015873015959,False
TruckDrive,aligned,0.5,100-150,Vehicle-SemiTruck-Trailer,scene_28_1,14,2,1,14,14,14,0,0,0,100.0,100.0,0.0,115.6735973377614,149.51235788763145,100.0,100.0,353.75,432.5,566.25,785.0000000000001,100.0,100.0,92.85714285714286,14.75,17.5,27.5,33.400000000000006,100.0,0,0.0,0,0.0,True
TruckDrive,aligned,0.5,100-150,Vehicle-SemiTruck-Trailer,scene_28_12,12,6,1,12,12,12,0,0,0,100.0,100.0,0.0,105.58556035308438,146.64404483896672,100.0,100.0,31.0,79.0,140.0,202.4,100.0,100.0,100.0,10.75,16.0,20.5,24.700000000000003,100.0,0,0.0,0,0.0,True
TruckDrive,aligned,0.5,100-150,Vehicle-SemiTruck-Trailer,scene_28_18,2,1,1,2,2,2,0,0,0,100.0,100.0,0.0,121.74586042059127,149.61581668734965,100.0,100.0,33.25,39.5,45.75,49.5,100.0,100.0,100.0,26.0,28.0,30.0,31.2,100.0,0,0.0,0,0.0,True
TruckDrive,aligned,0.5,100-150,Vehicle-SemiTruck-Trailer,scene_28_6,51,9,1,51,51,51,0,0,0,100.0,100.0,0.0,100.26475808240477,149.72193380985757,100.0,98.0392156862745,34.5,108.0,639.0,773.0,100.0,98.0392156862745,92.15686274509804,11.0,23.0,35.5,42.0,100.0,0,0.0,0,0.0,False
TruckDrive,aligned,0.5,100-150,Vehicle-SingleUnitTruck,scene_28_18,20,2,1,20,20,20,0,0,0,100.0,100.0,0.0,107.89679924334742,143.5236124185936,100.0,100.0,135.5,222.0,295.25,340.20000000000005,100.0,95.0,90.0,7.0,8.0,9.25,12.70000000000001,100.0,0,0.0,0,0.0,True
TruckDrive,aligned,0.5,100-150,Vehicle-Trailer,scene_28_1,2,1,1,2,2,2,0,0,0,100.0,100.0,0.0,107.46517102208448,137.8854069714319,100.0,100.0,9.5,13.0,16.5,18.6,100.0,100.0,100.0,6.75,7.5,8.25,8.7,100.0,0,0.0,0,0.0,True
TruckDrive,aligned,0.5,100-150,Vehicle-Trailer,scene_28_12,9,1,1,9,9,9,0,0,0,100.0,100.0,0.0,103.27842576703888,148.2364399300797,100.0,100.0,668.0,868.0,1202.0,1476.8,100.0,100.0,100.0,46.0,48.0,52.0,53.0,100.0,0,0.0,0,0.0,True
TruckDrive,aligned,0.5,100-150,Vehicle-Trailer,scene_28_18,4,1,1,4,4,4,0,0,0,100.0,100.0,0.0,108.90916865253664,145.95430085405872,100.0,100.0,51.75,79.5,105.25,107.5,100.0,50.0,50.0,1.0,4.0,8.25,10.5,100.0,0,0.0,0,0.0,True
TruckDrive,aligned,0.5,100-150,Vehicle-Trailer,scene_28_6,1,1,1,1,1,1,0,0,0,100.0,100.0,0.0,126.09110418000145,126.09110418000145,100.0,100.0,49.0,49.0,49.0,49.0,100.0,0.0,0.0,2.0,2.0,2.0,2.0,100.0,0,0.0,0,0.0,True
TruckDrive,aligned,0.5,150-200,RoadObstruction,scene_28_1,23,9,1,23,10,10,13,0,0,100.0,43.47826086956522,56.52173913043479,150.12315334501665,199.34786625091186,100.0,95.65217391304348,12.5,17.0,19.0,31.800000000000004,100.0,8.695652173913043,0.0,0.0,0.0,1.0,1.0,44.44444444444444,0,0.0,13,56.52173913043478,False
TruckDrive,aligned,0.5,150-200,RoadObstruction,scene_28_12,7,2,1,7,0,0,7,0,0,100.0,0.0,100.0,150.53008577518995,194.12126664134763,100.0,71.42857142857143,4.5,5.0,8.5,11.8,100.0,0.0,0.0,0.0,0.0,0.0,0.0,0.0,0,0.0,7,100.0,True
TruckDrive,aligned,0.5,150-200,RoadObstruction-Barrel,scene_28_1,92,27,1,89,46,46,43,0,3,96.73913043478261,50.0,46.7391304347826,150.18881488316208,199.9384513570718,96.73913043478261,95.65217391304348,15.5,35.0,50.25,61.0,95.679012345679,1.0869565217391304,0.0,0.0,0.5,1.0,2.0,49.8941798941799,3,3.2608695652173907,46,50.0,False
TruckDrive,aligned,0.5,150-200,RoadObstruction-Barrel,scene_28_12,7,2,1,6,3,3,3,0,1,85.71428571428571,42.857142857142854,42.857142857142854,150.78002662282594,197.6915866443452,85.71428571428571,85.71428571428571,21.0,27.0,31.0,36.2,83.33333333333333,0.0,0.0,0.0,0.0,1.0,1.0,45.83333333333333,1,14.285714285714292,4,57.142857142857146,True
TruckDrive,aligned,0.5,150-200,TrafficSign,scene_28_1,26,5,1,24,4,3,21,1,1,92.3076923076923,15.384615384615385,76.92307692307693,150.72592570279625,199.00700278624328,92.3076923076923,92.3076923076923,41.75,74.5,178.25,299.0,95.0,0.0,0.0,0.0,0.0,0.0,1.0,13.0,2,7.692307692307693,22,84.61538461538461,False
TruckDrive,aligned,0.5,150-200,TrafficSign,scene_28_12,92,24,1,82,20,20,62,0,10,89.13043478260869,21.73913043478261,67.3913043478261,150.3231986970195,198.8561326044098,83.69565217391305,80.43478260869566,9.5,36.0,83.25,121.40000000000003,91.03174603174602,0.0,0.0,0.0,0.0,0.0,1.0,21.498015873015873,10,10.869565217391312,72,78.26086956521739,False
TruckDrive,aligned,0.5,150-200,TrafficSign,scene_28_18,12,3,1,12,4,4,8,0,0,100.0,33.33333333333333,66.66666666666667,150.35048049437566,199.70237418425347,100.0,100.0,13.75,22.0,297.5,437.6,100.0,0.0,0.0,0.0,0.0,1.0,1.0,33.33333333333333,0,0.0,8,66.66666666666667,True
TruckDrive,aligned,0.5,150-200,TrafficSign,scene_28_24,9,2,1,9,1,1,8,0,0,100.0,11.11111111111111,88.88888888888889,159.44302771626278,168.72950632582754,100.0,88.88888888888889,14.0,26.0,27.0,39.6,100.0,0.0,0.0,0.0,0.0,0.0,0.40000000000000036,8.333333333333332,0,0.0,8,88.88888888888889,True
TruckDrive,aligned,0.5,150-200,Vehicle,scene_28_1,3,2,1,3,2,2,1,0,0,100.0,66.66666666666666,33.333333333333336,153.9345667754653,177.66030580339623,100.0,66.66666666666666,5.0,6.0,6.5,6.8,100.0,0.0,0.0,0.5,1.0,1.5,1.8,75.0,0,0.0,1,33.33333333333334,True
TruckDrive,aligned,0.5,150-200,Vehicle,scene_28_12,2,1,1,2,2,2,0,0,0,100.0,100.0,0.0,174.01300604464842,187.28189864416186,100.0,100.0,16.25,21.5,26.75,29.9,100.0,100.0,100.0,5.25,5.5,5.75,5.9,100.0,0,0.0,0,0.0,True
TruckDrive,aligned,0.5,150-200,Vehicle,scene_28_6,26,2,1,22,24,20,2,4,0,84.61538461538461,92.3076923076923,-7.692307692307699,150.80024684336743,197.38795765737675,84.61538461538461,80.76923076923077,8.0,16.5,38.0,105.0,84.61538461538461,53.84615384615385,15.384615384615385,1.0,3.0,3.0,5.0,92.3076923076923,4,15.384615384615387,2,7.692307692307693,True
TruckDrive,aligned,0.5,150-200,Vehicle-Bus,scene_28_18,1,1,1,0,1,0,0,1,0,0.0,100.0,-100.0,177.87542309528652,177.87542309528652,0.0,0.0,0.0,0.0,0.0,0.0,0.0,100.0,100.0,23.0,23.0,23.0,23.0,100.0,1,100.0,0,0.0,True
TruckDrive,aligned,0.5,150-200,Vehicle-Equipment,scene_28_1,2,1,1,2,2,2,0,0,0,100.0,100.0,0.0,163.3873574148229,176.7192198830252,100.0,50.0,4.25,5.5,6.75,7.5,100.0,0.0,0.0,1.25,1.5,1.75,1.9,100.0,0,0.0,0,0.0,True
TruckDrive,aligned,0.5,150-200,Vehicle-Other,scene_28_6,2,1,1,2,2,2,0,0,0,100.0,100.0,0.0,158.35541605971324,186.78623020504358,100.0,100.0,23.75,26.5,29.25,30.9,100.0,100.0,100.0,14.5,15.0,15.5,15.8,100.0,0,0.0,0,0.0,True
TruckDrive,aligned,0.5,150-200,Vehicle-Passenger,scene_28_1,15,5,1,12,6,6,6,0,3,80.0,40.0,40.0,154.03596802110513,198.75333675562098,60.0,60.0,1.5,7.0,75.0,126.2,85.0,13.333333333333334,6.666666666666667,0.0,0.0,2.0,2.5999999999999996,51.42857142857142,3,20.0,9,60.0,True
TruckDrive,aligned,0.5,150-200,Vehicle-Passenger,scene_28_12,12,1,1,12,11,11,1,0,0,100.0,91.66666666666666,8.333333333333337,165.93708954582632,186.53381818594744,91.66666666666666,75.0,5.5,9.5,11.0,14.0,100.0,8.333333333333332,0.0,1.0,2.0,2.0,2.0,91.66666666666666,0,0.0,1,8.333333333333343,True
TruckDrive,aligned,0.5,150-200,Vehicle-Passenger,scene_28_18,30,6,1,25,22,17,8,5,0,83.33333333333334,73.33333333333333,10.000000000000009,152.30494406940272,199.87630076942094,83.33333333333334,80.0,5.25,22.5,31.0,39.1,75.0,26.666666666666668,3.3333333333333335,0.25,1.0,2.75,3.0,82.63888888888889,5,16.666666666666657,8,26.66666666666667,False
TruckDrive,aligned,0.5,150-200,Vehicle-Passenger,scene_28_6,7,4,1,6,4,3,3,1,0,85.71428571428571,57.14285714285714,28.57142857142857,150.5748978242395,195.99622348040978,57.14285714285714,57.14285714285714,1.0,12.0,14.0,20.400000000000006,91.66666666666666,28.57142857142857,0.0,0.0,1.0,3.0,4.0,41.666666666666664,1,14.285714285714292,3,42.85714285714286,True
TruckDrive,aligned,0.5,150-200,Vehicle-RV,scene_28_6,2,1,1,2,2,2,0,0,0,100.0,100.0,0.0,161.29842305569787,194.50344195811496,50.0,50.0,4.0,7.0,10.0,11.8,100.0,50.0,50.0,3.0,4.0,5.0,5.6,100.0,0,0.0,0,0.0,True
TruckDrive,aligned,0.5,150-200,Vehicle-SemiTruck-Cab,scene_28_1,39,2,1,23,33,23,0,10,6,58.97435897435898,84.61538461538461,-25.64102564102564,150.28445056882035,199.9727196236663,56.41025641025641,43.58974358974359,0.0,4.0,9.0,18.200000000000003,60.416666666666664,74.35897435897436,66.66666666666666,2.5,7.0,10.0,12.200000000000003,87.5,16,41.02564102564102,6,15.384615384615387,True
TruckDrive,aligned,0.5,150-200,Vehicle-SemiTruck-Cab,scene_28_12,13,6,1,12,13,12,0,1,0,92.3076923076923,100.0,-7.692307692307687,151.37582354922944,190.2424357630153,92.3076923076923,92.3076923076923,9.0,26.0,66.0,210.00000000000006,91.66666666666666,61.53846153846154,61.53846153846154,2.0,6.0,7.0,10.600000000000001,100.0,1,7.692307692307693,0,0.0,True
TruckDrive,aligned,0.5,150-200,Vehicle-SemiTruck-Cab,scene_28_18,3,2,1,3,2,2,1,0,0,100.0,66.66666666666666,33.333333333333336,167.0404484927754,196.90011734417828,66.66666666666666,66.66666666666666,26.5,52.0,59.0,63.2,100.0,66.66666666666666,0.0,2.0,4.0,4.0,4.0,50.0,0,0.0,1,33.33333333333334,True
TruckDrive,aligned,0.5,150-200,Vehicle-SemiTruck-Cab,scene_28_6,15,6,1,15,13,13,2,0,0,100.0,86.66666666666667,13.33333333333333,154.61008139180475,198.99440052543983,100.0,100.0,13.0,18.0,33.0,46.4,100.0,53.333333333333336,33.33333333333333,1.0,3.0,6.0,6.6,88.88888888888889,0,0.0,2,13.333333333333329,True
TruckDrive,aligned,0.5,150-200,Vehicle-SemiTruck-Trailer,scene_28_1,55,3,1,55,52,52,3,0,0,100.0,94.54545454545455,5.454545454545457,151.82880867643766,199.71118933728965,100.0,98.18181818181819,28.5,533.0,684.5,814.2,100.0,76.36363636363637,65.45454545454545,3.0,7.0,16.5,24.0,81.37254901960786,0,0.0,3,5.454545454545453,True
TruckDrive,aligned,0.5,150-200,Vehicle-SemiTruck-Trailer,scene_28_12,20,9,1,20,19,19,1,0,0,100.0,95.0,5.000000000000004,152.37275756461244,199.68700638182082,100.0,100.0,36.25,77.0,145.5,209.8,100.0,95.0,60.0,4.0,6.0,9.5,14.600000000000009,94.44444444444444,0,0.0,1,5.0,False
TruckDrive,aligned,0.5,150-200,Vehicle-SemiTruck-Trailer,scene_28_18,2,2,1,2,2,2,0,0,0,100.0,100.0,0.0,176.50442859807507,178.112387054056,100.0,100.0,30.75,34.5,38.25,40.5,100.0,50.0,50.0,4.5,8.0,11.5,13.6,100.0,0,0.0,0,0.0,True
TruckDrive,aligned,0.5,150-200,Vehicle-SemiTruck-Trailer,scene_28_6,20,9,1,19,19,18,1,1,0,95.0,95.0,0.0,150.2692484722888,194.20532472507605,90.0,85.0,14.75,34.5,94.0,175.60000000000002,94.44444444444444,75.0,60.0,2.75,6.5,8.25,13.900000000000027,88.88888888888889,1,5.0,1,5.0,False
TruckDrive,aligned,0.5,150-200,Vehicle-SingleUnitTruck,scene_28_18,1,1,1,0,1,0,0,1,0,0.0,100.0,-100.0,180.04087629525,180.04087629525,0.0,0.0,0.0,0.0,0.0,0.0,0.0,0.0,0.0,1.0,1.0,1.0,1.0,100.0,1,100.0,0,0.0,True
TruckDrive,aligned,0.5,150-200,Vehicle-Trailer,scene_28_1,1,1,1,1,1,1,0,0,0,100.0,100.0,0.0,168.07941557968434,168.07941557968434,0.0,0.0,1.0,1.0,1.0,1.0,100.0,100.0,100.0,6.0,6.0,6.0,6.0,100.0,0,0.0,0,0.0,True
TruckDrive,aligned,0.5,150-200,Vehicle-Trailer,scene_28_12,7,1,1,7,7,7,0,0,0,100.0,100.0,0.0,154.4629087431175,196.30757620340373,100.0,100.0,381.0,418.0,533.0,619.4000000000001,100.0,100.0,100.0,18.0,27.0,36.0,38.4,100.0,0,0.0,0,0.0,True
TruckDrive,aligned,0.5,150-200,Vehicle-Trailer,scene_28_18,3,1,1,3,3,3,0,0,0,100.0,100.0,0.0,166.25042235053456,196.18808402854907,100.0,100.0,77.5,96.0,97.0,97.6,100.0,33.33333333333333,0.0,1.5,2.0,3.0,3.6,100.0,0,0.0,0,0.0,True
TruckDrive,aligned,0.5,150-200,Vehicle-Trailer,scene_28_6,2,1,1,2,0,0,2,0,0,100.0,0.0,100.0,153.51073085354014,187.19641571392606,100.0,100.0,31.5,40.0,48.5,53.6,100.0,0.0,0.0,0.0,0.0,0.0,0.0,0.0,0,0.0,2,100.0,True
TruckDrive,aligned,0.5,200-250,RoadObstruction,scene_28_1,26,9,1,25,4,4,21,0,1,96.15384615384616,15.384615384615385,80.76923076923077,200.63495369006688,249.01143860608167,84.61538461538461,73.07692307692307,3.5,6.5,11.75,16.0,97.22222222222221,0.0,0.0,0.0,0.0,0.0,1.0,17.59259259259259,1,3.8461538461538396,22,84.61538461538461,False
TruckDrive,aligned,0.5,200-250,RoadObstruction,scene_28_12,7,2,1,3,0,0,3,0,4,42.857142857142854,0.0,42.857142857142854,201.40761179984057,244.98267262414763,42.857142857142854,28.57142857142857,0.0,0.0,4.0,5.4,41.666666666666664,0.0,0.0,0.0,0.0,0.0,0.0,0.0,4,57.142857142857146,7,100.0,True
TruckDrive,aligned,0.5,200-250,RoadObstruction-Barrel,scene_28_1,55,18,1,52,26,26,26,0,3,94.54545454545455,47.27272727272727,47.27272727272727,200.0625118208934,249.88406295481,92.72727272727272,89.0909090909091,11.5,29.0,34.5,44.6,91.20370370370371,0.0,0.0,0.0,0.0,1.0,2.0,46.75925925925925,3,5.454545454545453,29,52.72727272727273,False
TruckDrive,aligned,0.5,200-250,RoadObstruction-Barrel,scene_28_12,5,2,1,5,0,0,5,0,0,100.0,0.0,100.0,204.85237806454052,234.0520171871552,100.0,100.0,25.0,26.0,28.0,28.6,100.0,0.0,0.0,0.0,0.0,0.0,0.0,0.0,0,0.0,5,100.0,True
TruckDrive,aligned,0.5,200-250,TrafficSign,scene_28_1,23,6,1,23,3,3,20,0,0,100.0,13.043478260869565,86.95652173913044,204.12690866950064,248.82613241559415,100.0,100.0,39.0,75.0,110.5,204.80000000000007,100.0,0.0,0.0,0.0,0.0,0.0,0.8000000000000007,11.11111111111111,0,0.0,20,86.95652173913044,False
TruckDrive,aligned,0.5,200-250,TrafficSign,scene_28_12,83,22,1,71,8,8,63,0,12,85.54216867469879,9.63855421686747,75.90361445783132,200.46007809898492,249.66868557030105,85.54216867469879,83.13253012048193,10.0,28.0,49.0,76.6,87.98701298701297,0.0,0.0,0.0,0.0,0.0,0.0,8.333333333333332,12,14.457831325301214,75,90.36144578313252,False
TruckDrive,aligned,0.5,200-250,TrafficSign,scene_28_18,11,4,1,11,3,3,8,0,0,100.0,27.27272727272727,72.72727272727273,208.10980309798109,246.70783262698745,100.0,100.0,8.5,22.0,110.5,196.0,100.0,0.0,0.0,0.0,0.0,0.5,2.0,25.0,0,0.0,8,72.72727272727273,True
TruckDrive,aligned,0.5,200-250,TrafficSign,scene_28_24,3,1,1,3,0,0,3,0,0,100.0,0.0,100.0,228.18726066419157,232.18225850084806,100.0,100.0,39.0,43.0,47.5,50.2,100.0,0.0,0.0,0.0,0.0,0.0,0.0,0.0,0,0.0,3,100.0,True
TruckDrive,aligned,0.5,200-250,TrafficSign,scene_28_6,1,1,1,1,0,0,1,0,0,100.0,0.0,100.0,223.71035875678777,223.71035875678777,100.0,100.0,5.0,5.0,5.0,5.0,100.0,0.0,0.0,0.0,0.0,0.0,0.0,0.0,0,0.0,1,100.0,True
TruckDrive,aligned,0.5,200-250,Vehicle,scene_28_12,5,2,1,5,2,2,3,0,0,100.0,40.0,60.0,200.92372660649855,245.64094980450042,100.0,100.0,11.0,14.0,29.0,33.2,100.0,20.0,0.0,0.0,0.0,2.0,3.2,25.0,0,0.0,3,60.0,True
TruckDrive,aligned,0.5,200-250,Vehicle,scene_28_6,8,2,1,3,6,2,1,4,1,37.5,75.0,-37.5,201.54258863542225,227.7209724809492,25.0,25.0,0.0,0.0,2.75,8.0,64.28571428571428,12.5,0.0,0.75,1.0,2.0,2.5999999999999996,42.857142857142854,5,62.5,2,25.0,True
TruckDrive,aligned,0.5,200-250,Vehicle-Bus,scene_28_18,2,1,1,2,2,2,0,0,0,100.0,100.0,0.0,208.79788513686086,239.83276001749218,50.0,50.0,5.5,10.0,14.5,17.2,100.0,100.0,100.0,11.5,12.0,12.5,12.8,100.0,0,0.0,0,0.0,True
TruckDrive,aligned,0.5,200-250,Vehicle-Other,scene_28_6,1,1,1,1,1,1,0,0,0,100.0,100.0,0.0,216.1487068441776,216.1487068441776,100.0,100.0,8.0,8.0,8.0,8.0,100.0,100.0,100.0,14.0,14.0,14.0,14.0,100.0,0,0.0,0,0.0,True
TruckDrive,aligned,0.5,200-250,Vehicle-Passenger,scene_28_1,22,5,1,19,11,11,8,0,3,86.36363636363636,50.0,36.36363636363637,201.91332212775274,249.9157658332935,81.81818181818183,81.81818181818183,6.25,20.0,67.75,86.0,75.0,9.090909090909092,0.0,0.0,0.5,2.0,2.0,28.846153846153843,3,13.63636363636364,11,50.0,False
TruckDrive,aligned,0.5,200-250,Vehicle-Passenger,scene_28_18,26,4,1,24,15,13,11,2,0,92.3076923076923,57.692307692307686,34.61538461538463,210.85990809166134,249.60712874363585,92.3076923076923,92.3076923076923,25.25,35.0,43.0,52.5,62.5,3.8461538461538463,0.0,0.0,1.0,1.0,2.0,87.5,2,7.692307692307693,11,42.307692307692314,True
TruckDrive,aligned,0.5,200-250,Vehicle-Passenger,scene_28_6,1,1,1,0,1,0,0,1,0,0.0,100.0,-100.0,214.64145831489262,214.64145831489262,0.0,0.0,0.0,0.0,0.0,0.0,0.0,0.0,0.0,1.0,1.0,1.0,1.0,100.0,1,100.0,0,0.0,True
TruckDrive,aligned,0.5,200-250,Vehicle-SemiTruck-Cab,scene_28_1,14,1,1,8,10,5,3,5,1,57.14285714285714,71.42857142857143,-14.28571428571429,201.06925163807026,215.79352150362988,35.714285714285715,35.714285714285715,0.0,1.0,5.0,10.500000000000005,57.14285714285714,28.57142857142857,7.142857142857142,0.25,1.0,2.75,3.700000000000001,71.42857142857143,6,42.85714285714286,4,28.57142857142857,True
TruckDrive,aligned,0.5,200-250,Vehicle-SemiTruck-Cab,scene_28_12,10,4,1,9,9,9,0,0,1,90.0,90.0,0.0,204.11132949039956,249.6109946061744,90.0,90.0,8.0,22.0,31.0,85.19999999999999,87.5,60.0,20.0,1.25,3.0,4.0,5.0,87.5,1,10.0,1,10.0,True
TruckDrive,aligned,0.5,200-250,Vehicle-SemiTruck-Cab,scene_28_18,3,2,1,1,2,1,0,1,1,33.33333333333333,66.66666666666666,-33.33333333333333,217.2707973608132,248.3359483739058,33.33333333333333,0.0,0.0,0.0,1.5,2.4000000000000004,25.0,33.33333333333333,0.0,0.5,1.0,2.5,3.4000000000000004,75.0,2,66.66666666666667,1,33.33333333333334,True
TruckDrive,aligned,0.5,200-250,Vehicle-SemiTruck-Cab,scene_28_6,11,6,1,10,9,8,2,1,0,90.9090909090909,81.81818181818183,9.090909090909083,202.22356028339837,249.2167268956506,81.81818181818183,81.81818181818183,6.0,8.0,22.5,38.0,91.66666666666666,27.27272727272727,18.181818181818183,1.0,2.0,2.5,5.0,91.66666666666666,1,9.090909090909093,2,18.181818181818173,True
TruckDrive,aligned,0.5,200-250,Vehicle-SemiTruck-Trailer,scene_28_1,12,3,1,12,11,11,1,0,0,100.0,91.66666666666666,8.333333333333337,201.21255469464592,240.5537241522084,100.0,91.66666666666666,473.5,533.0,564.5,596.3,100.0,83.33333333333334,33.33333333333333,3.0,4.0,5.0,5.0,83.33333333333334,0,0.0,1,8.333333333333343,True
TruckDrive,aligned,0.5,200-250,Vehicle-SemiTruck-Trailer,scene_28_12,27,11,1,25,25,23,2,2,0,92.5925925925926,92.5925925925926,0.0,200.0481951240057,249.7046674149109,92.5925925925926,92.5925925925926,23.5,371.0,975.0,1633.6000000000001,93.93939393939394,62.96296296296296,37.03703703703704,2.0,3.0,8.5,10.0,86.36363636363636,2,7.407407407407405,2,7.407407407407405,False
TruckDrive,aligned,0.5,200-250,Vehicle-SemiTruck-Trailer,scene_28_18,4,2,1,4,4,4,0,0,0,100.0,100.0,0.0,207.27767089747388,238.65419293116855,100.0,100.0,32.75,42.5,46.25,52.1,100.0,75.0,75.0,4.0,7.0,9.75,11.100000000000001,100.0,0,0.0,0,0.0,True
TruckDrive,aligned,0.5,200-250,Vehicle-SemiTruck-Trailer,scene_28_6,16,6,1,12,14,12,0,2,2,75.0,87.5,-12.5,201.68972383528677,245.94981964285506,75.0,75.0,4.5,20.5,39.75,74.5,66.66666666666666,43.75,25.0,1.0,2.0,4.25,6.5,83.33333333333334,4,25.0,2,12.5,True
TruckDrive,aligned,0.5,200-250,Vehicle-Trailer,scene_28_12,6,1,1,6,6,6,0,0,0,100.0,100.0,0.0,203.3998259724022,241.56629727532206,100.0,100.0,121.25,150.0,264.25,295.5,100.0,50.0,33.33333333333333,1.25,2.5,5.25,9.5,100.0,0,0.0,0,0.0,True
TruckDrive,aligned,0.5,200-250,Vehicle-Trailer,scene_28_18,3,1,1,3,2,2,1,0,0,100.0,66.66666666666666,33.333333333333336,204.41397427391732,233.8786707344464,100.0,100.0,21.0,27.0,34.0,38.2,100.0,33.33333333333333,33.33333333333333,1.0,2.0,3.5,4.4,66.66666666666666,0,0.0,1,33.33333333333334,True
TruckDrive,aligned,0.5,200-250,Vehicle-Trailer,scene_28_6,2,1,1,1,0,0,1,0,1,50.0,0.0,50.0,216.10033212665493,245.33512423621337,50.0,50.0,1.5,3.0,4.5,5.4,50.0,0.0,0.0,0.0,0.0,0.0,0.0,0.0,1,50.0,2,100.0,True
TruckDrive,aligned,0.5,250-300,RoadObstruction,scene_28_1,5,2,1,5,0,0,5,0,0,100.0,0.0,100.0,250.2288925344351,290.93512442165746,100.0,100.0,7.0,8.0,12.0,12.6,100.0,0.0,0.0,0.0,0.0,0.0,0.0,0.0,0,0.0,5,100.0,True
TruckDrive,aligned,0.5,250-300,RoadObstruction,scene_28_12,3,2,1,0,0,0,0,0,3,0.0,0.0,0.0,251.98576590866227,274.0278270848728,0.0,0.0,0.0,0.0,0.0,0.0,0.0,0.0,0.0,0.0,0.0,0.0,0.0,0.0,3,100.0,3,100.0,True
TruckDrive,aligned,0.5,250-300,RoadObstruction-Barrel,scene_28_1,40,13,1,33,11,11,22,0,7,82.5,27.500000000000004,54.99999999999999,250.28325197553792,296.9769879253048,82.5,80.0,8.0,16.0,21.0,27.1,83.33333333333333,0.0,0.0,0.0,0.0,1.0,1.0,27.564102564102562,7,17.5,29,72.5,False
TruckDrive,aligned,0.5,250-300,TrafficSign,scene_28_1,16,5,1,16,1,1,15,0,0,100.0,6.25,93.75,253.6482097085313,295.28354573102484,100.0,93.75,24.75,46.5,65.25,87.0,100.0,0.0,0.0,0.0,0.0,0.0,0.0,6.666666666666667,0,0.0,15,93.75,True
TruckDrive,aligned,0.5,250-300,TrafficSign,scene_28_12,68,21,1,63,4,4,59,0,5,92.64705882352942,5.88235294117647,86.76470588235294,250.22779380742782,299.7593048037392,91.17647058823529,89.70588235294117,10.25,23.0,36.0,57.300000000000004,93.25396825396824,0.0,0.0,0.0,0.0,0.0,0.0,5.952380952380952,5,7.35294117647058,64,94.11764705882354,False
TruckDrive,aligned,0.5,250-300,TrafficSign,scene_28_18,14,5,1,13,4,4,9,0,1,92.85714285714286,28.57142857142857,64.28571428571429,252.21962494695342,299.3158594442666,92.85714285714286,92.85714285714286,10.25,23.5,34.0,154.10000000000005,93.33333333333333,0.0,0.0,0.0,0.0,0.75,1.0,26.666666666666668,1,7.142857142857139,10,71.42857142857143,True
TruckDrive,aligned,0.5,250-300,TrafficSign,scene_28_24,13,1,1,12,0,0,12,0,1,92.3076923076923,0.0,92.3076923076923,260.95070734153353,283.9308657869292,92.3076923076923,92.3076923076923,14.0,24.0,113.0,194.60000000000002,92.3076923076923,0.0,0.0,0.0,0.0,0.0,0.0,0.0,1,7.692307692307693,13,100.0,True
TruckDrive,aligned,0.5,250-300,Vehicle,scene_28_1,2,1,1,2,0,0,2,0,0,100.0,0.0,100.0,265.7698768253654,266.5301235947158,100.0,100.0,7.0,9.0,11.0,12.2,100.0,0.0,0.0,0.0,0.0,0.0,0.0,0.0,0,0.0,2,100.0,True
TruckDrive,aligned,0.5,250-300,Vehicle,scene_28_12,3,1,1,2,1,1,1,0,1,66.66666666666666,33.33333333333333,33.33333333333333,259.8010621796808,288.67764207435283,66.66666666666666,66.66666666666666,3.5,7.0,10.5,12.6,66.66666666666666,0.0,0.0,0.0,0.0,0.5,0.8,33.33333333333333,1,33.33333333333334,2,66.66666666666667,True
TruckDrive,aligned,0.5,250-300,Vehicle-Bus,scene_28_18,1,1,1,1,1,1,0,0,0,100.0,100.0,0.0,272.29802314717256,272.29802314717256,100.0,100.0,5.0,5.0,5.0,5.0,100.0,100.0,100.0,8.0,8.0,8.0,8.0,100.0,0,0.0,0,0.0,True
TruckDrive,aligned,0.5,250-300,Vehicle-Passenger,scene_28_1,46,3,1,37,26,26,11,0,9,80.43478260869566,56.52173913043478,23.913043478260875,250.60822551614362,297.1208104465116,78.26086956521739,78.26086956521739,5.0,9.0,66.75,96.0,57.47126436781609,13.043478260869565,0.0,0.0,1.0,2.0,3.0,43.89367816091954,9,19.565217391304344,20,43.47826086956522,True
TruckDrive,aligned,0.5,250-300,Vehicle-Passenger,scene_28_12,15,1,1,15,1,1,14,0,0,100.0,6.666666666666667,93.33333333333333,250.6783571335975,297.8225789709488,100.0,100.0,26.0,34.0,42.5,45.4,100.0,0.0,0.0,0.0,0.0,0.0,0.0,6.666666666666667,0,0.0,14,93.33333333333333,True
TruckDrive,aligned,0.5,250-300,Vehicle-Passenger,scene_28_18,21,4,1,20,17,16,4,1,0,95.23809523809523,80.95238095238095,14.28571428571428,251.00468974964278,288.0912174576963,90.47619047619048,90.47619047619048,21.0,32.0,37.0,43.0,87.5,4.761904761904762,0.0,1.0,1.0,1.0,2.0,93.75,1,4.761904761904773,4,19.04761904761905,True
TruckDrive,aligned,0.5,250-300,Vehicle-SemiTruck-Cab,scene_28_12,5,4,1,3,4,2,1,2,0,60.0,80.0,-20.000000000000007,265.0917430872442,281.1532827745224,60.0,60.0,0.0,5.0,6.0,10.8,50.0,0.0,0.0,1.0,1.0,2.0,2.0,87.5,2,40.0,1,20.0,True
TruckDrive,aligned,0.5,250-300,Vehicle-SemiTruck-Cab,scene_28_18,3,2,1,3,2,2,1,0,0,100.0,66.66666666666666,33.333333333333336,256.06453786995155,285.0056707474954,100.0,100.0,7.0,8.0,9.0,9.6,100.0,0.0,0.0,1.0,2.0,2.0,2.0,50.0,0,0.0,1,33.33333333333334,True
TruckDrive,aligned,0.5,250-300,Vehicle-SemiTruck-Cab,scene_28_6,13,6,1,9,7,5,4,2,2,69.23076923076923,53.84615384615385,15.384615384615385,254.2479486873591,294.38766159557423,69.23076923076923,61.53846153846154,0.0,6.0,12.0,18.000000000000004,69.44444444444443,23.076923076923077,0.0,0.0,1.0,2.0,3.0,47.222222222222214,4,30.769230769230774,6,46.15384615384615,True
TruckDrive,aligned,0.5,250-300,Vehicle-SemiTruck-Trailer,scene_28_1,2,1,1,2,1,1,1,0,0,100.0,50.0,50.0,269.8675644608845,299.5495255467652,100.0,100.0,6.25,6.5,6.75,6.9,100.0,0.0,0.0,0.5,1.0,1.5,1.8,50.0,0,0.0,1,50.0,True
TruckDrive,aligned,0.5,250-300,Vehicle-SemiTruck-Trailer,scene_28_12,29,11,1,28,19,18,10,1,0,96.55172413793103,65.51724137931035,31.034482758620697,250.0497157484766,295.70213905481876,96.55172413793103,93.10344827586206,16.0,118.0,283.0,1039.5999999999997,97.72727272727273,41.37931034482759,17.24137931034483,0.0,2.0,3.0,6.0,53.03030303030304,1,3.448275862068968,10,34.48275862068965,False
TruckDrive,aligned,0.5,250-300,Vehicle-SemiTruck-Trailer,scene_28_18,3,2,1,3,3,3,0,0,0,100.0,100.0,0.0,266.44953680170136,296.62011809559124,100.0,100.0,12.0,14.0,16.5,18.0,100.0,33.33333333333333,0.0,1.5,2.0,3.0,3.6,100.0,0,0.0,0,0.0,True
TruckDrive,aligned,0.5,250-300,Vehicle-SemiTruck-Trailer,scene_28_6,15,6,1,13,6,4,9,2,0,86.66666666666667,40.0,46.666666666666664,251.5283332034967,299.80861071369907,86.66666666666667,73.33333333333333,6.0,30.0,54.0,58.599999999999994,79.16666666666666,26.666666666666668,13.333333333333334,0.0,0.0,2.0,4.6,40.27777777777777,2,13.333333333333329,9,60.0,True
TruckDrive,aligned,0.5,250-300,Vehicle-Trailer,scene_28_12,4,1,1,3,1,1,2,0,1,75.0,25.0,50.0,251.11907169379526,275.4225210695398,75.0,75.0,30.0,41.0,44.75,49.7,75.0,0.0,0.0,0.0,0.0,0.25,0.7000000000000002,25.0,1,25.0,3,75.0,True
TruckDrive,aligned,0.5,250-300,Vehicle-Trailer,scene_28_18,3,1,1,3,2,2,1,0,0,100.0,66.66666666666666,33.333333333333336,262.3035163614787,293.82702857255254,100.0,100.0,24.0,34.0,42.5,47.6,100.0,66.66666666666666,0.0,1.5,3.0,3.5,3.8,66.66666666666666,0,0.0,1,33.33333333333334,True
TruckDrive,aligned,0.5,250-300,Vehicle-Trailer,scene_28_6,1,1,1,0,0,0,0,0,1,0.0,0.0,0.0,274.34414779048905,274.34414779048905,0.0,0.0,0.0,0.0,0.0,0.0,0.0,0.0,0.0,0.0,0.0,0.0,0.0,0.0,1,100.0,1,100.0,True
TruckDrive,aligned,0.5,300-400,RoadObstruction,scene_28_1,1,1,1,1,0,0,1,0,0,100.0,0.0,100.0,305.19339503640856,305.19339503640856,100.0,100.0,6.0,6.0,6.0,6.0,100.0,0.0,0.0,0.0,0.0,0.0,0.0,0.0,0,0.0,1,100.0,True
TruckDrive,aligned,0.5,300-400,RoadObstruction-Barrel,scene_28_1,39,10,1,35,5,5,30,0,4,89.74358974358975,12.82051282051282,76.92307692307693,304.53595916952185,395.366842163772,84.61538461538461,79.48717948717949,5.0,9.0,14.5,21.200000000000003,90.99999999999999,0.0,0.0,0.0,0.0,0.0,1.0,15.095238095238095,4,10.256410256410248,34,87.17948717948718,False
TruckDrive,aligned,0.5,300-400,TrafficSign,scene_28_1,2,2,1,2,0,0,2,0,0,100.0,0.0,100.0,309.21167826107944,309.79406121868243,100.0,50.0,18.0,33.0,48.0,57.0,100.0,0.0,0.0,0.0,0.0,0.0,0.0,0.0,0,0.0,2,100.0,True
TruckDrive,aligned,0.5,300-400,TrafficSign,scene_28_12,72,18,1,62,2,2,60,0,10,86.11111111111111,2.7777777777777777,83.33333333333334,301.79574376751725,392.2563925397,83.33333333333334,80.55555555555556,6.0,11.5,21.0,36.8,82.87037037037037,0.0,0.0,0.0,0.0,0.0,0.0,6.349206349206349,10,13.888888888888886,70,97.22222222222223,False
TruckDrive,aligned,0.5,300-400,TrafficSign,scene_28_18,45,9,1,44,2,2,42,0,1,97.77777777777777,4.444444444444445,93.33333333333333,304.54778036463625,396.194511461061,97.77777777777777,97.77777777777777,12.0,19.0,25.0,87.6,97.22222222222221,0.0,0.0,0.0,0.0,0.0,0.0,3.1746031746031744,1,2.2222222222222285,43,95.55555555555556,False
TruckDrive,aligned,0.5,300-400,TrafficSign,scene_28_24,7,2,1,6,0,0,6,0,1,85.71428571428571,0.0,85.71428571428571,301.03319480211303,318.0585202283685,85.71428571428571,85.71428571428571,16.5,23.0,36.0,40.4,83.33333333333333,0.0,0.0,0.0,0.0,0.0,0.0,0.0,1,14.285714285714292,7,100.0,True
TruckDrive,aligned,0.5,300-400,Vehicle,scene_28_1,2,1,1,2,0,0,2,0,0,100.0,0.0,100.0,324.87769684245666,334.8785602315927,100.0,100.0,17.5,30.0,42.5,50.0,100.0,0.0,0.0,0.0,0.0,0.0,0.0,0.0,0,0.0,2,100.0,True
TruckDrive,aligned,0.5,300-400,Vehicle,scene_28_12,7,2,1,5,0,0,5,0,2,71.42857142857143,0.0,71.42857142857143,303.45178706196964,397.6820703976072,71.42857142857143,71.42857142857143,5.5,18.0,45.0,59.0,66.66666666666666,0.0,0.0,0.0,0.0,0.0,0.0,0.0,2,28.57142857142857,7,100.0,True
TruckDrive,aligned,0.5,300-400,Vehicle-Bus,scene_28_18,1,1,1,0,1,0,0,1,0,0.0,100.0,-100.0,311.72504000404615,311.72504000404615,0.0,0.0,0.0,0.0,0.0,0.0,0.0,0.0,0.0,2.0,2.0,2.0,2.0,100.0,1,100.0,0,0.0,True
TruckDrive,aligned,0.5,300-400,Vehicle-Passenger,scene_28_1,1,1,1,0,0,0,0,0,1,0.0,0.0,0.0,305.3321725206024,305.3321725206024,0.0,0.0,0.0,0.0,0.0,0.0,0.0,0.0,0.0,0.0,0.0,0.0,0.0,0.0,1,100.0,1,100.0,True
TruckDrive,aligned,0.5,300-400,Vehicle-Passenger,scene_28_12,23,1,1,23,1,1,22,0,0,100.0,4.3478260869565215,95.65217391304348,301.1243306220302,381.10379670133005,95.65217391304348,95.65217391304348,10.5,17.0,22.0,26.0,100.0,0.0,0.0,0.0,0.0,0.0,0.0,4.3478260869565215,0,0.0,22,95.65217391304348,True
TruckDrive,aligned,0.5,300-400,Vehicle-Passenger,scene_28_18,6,3,1,3,3,0,3,3,0,50.0,50.0,0.0,307.1789605302702,348.83265659385177,50.0,33.33333333333333,0.0,1.5,4.5,15.5,50.0,0.0,0.0,0.0,1.0,2.0,2.0,50.0,3,50.0,3,50.0,True
TruckDrive,aligned,0.5,300-400,Vehicle-SemiTruck-Cab,scene_28_12,5,2,1,4,2,2,2,0,1,80.0,40.0,40.0,301.16614732259706,372.4973081973458,80.0,80.0,10.0,13.0,13.0,17.2,83.33333333333333,20.0,20.0,0.0,0.0,1.0,3.4000000000000004,50.0,1,20.0,3,60.0,True
TruckDrive,aligned,0.5,300-400,Vehicle-SemiTruck-Cab,scene_28_18,3,1,1,2,1,1,1,0,1,66.66666666666666,33.33333333333333,33.33333333333333,315.2661821276488,378.5509058889894,66.66666666666666,33.33333333333333,2.0,4.0,5.0,5.6,66.66666666666666,0.0,0.0,0.0,0.0,1.0,1.6,33.33333333333333,1,33.33333333333334,2,66.66666666666667,True
TruckDrive,aligned,0.5,300-400,Vehicle-SemiTruck-Cab,scene_28_6,9,5,1,6,3,2,4,1,2,66.66666666666666,33.33333333333333,33.33333333333333,314.0898380980915,381.0022030069285,55.55555555555556,55.55555555555556,0.0,5.0,7.0,12.0,76.66666666666667,11.11111111111111,11.11111111111111,0.0,0.0,2.0,2.6000000000000005,40.0,3,33.33333333333334,6,66.66666666666667,True
TruckDrive,aligned,0.5,300-400,Vehicle-SemiTruck-Trailer,scene_28_1,2,1,1,0,0,0,0,0,2,0.0,0.0,0.0,329.99136844753826,360.39229981232,0.0,0.0,0.0,0.0,0.0,0.0,0.0,0.0,0.0,0.0,0.0,0.0,0.0,0.0,2,100.0,2,100.0,True
TruckDrive,aligned,0.5,300-400,Vehicle-SemiTruck-Trailer,scene_28_12,78,10,1,77,8,8,69,0,1,98.71794871794873,10.256410256410255,88.46153846153847,301.3877330693006,397.2940439717045,98.71794871794873,97.43589743589743,87.0,137.0,186.0,404.99999999999983,95.0,5.128205128205128,2.564102564102564,0.0,0.0,0.0,0.29999999999999716,15.238095238095237,1,1.2820512820512704,70,89.74358974358975,False
TruckDrive,aligned,0.5,300-400,Vehicle-SemiTruck-Trailer,scene_28_18,5,2,1,4,2,1,3,1,0,80.0,40.0,40.0,306.9027708238251,368.0275435506055,80.0,80.0,10.0,10.0,12.0,13.2,75.0,0.0,0.0,0.0,0.0,1.0,1.0,41.666666666666664,1,20.0,3,60.0,True
TruckDrive,aligned,0.5,300-400,Vehicle-SemiTruck-Trailer,scene_28_6,9,3,1,9,1,1,8,0,0,100.0,11.11111111111111,88.88888888888889,305.0532371864494,378.2942582963711,100.0,88.88888888888889,6.0,11.0,26.0,43.4,100.0,11.11111111111111,0.0,0.0,0.0,0.0,0.8000000000000007,11.11111111111111,0,0.0,8,88.88888888888889,True
TruckDrive,aligned,0.5,300-400,Vehicle-SingleUnitTruck,scene_28_1,12,1,1,11,5,5,6,0,1,91.66666666666666,41.66666666666667,49.99999999999999,320.40407644957935,334.0879888175012,91.66666666666666,91.66666666666666,37.0,50.0,72.0,103.50000000000001,91.66666666666666,0.0,0.0,0.0,0.0,1.0,1.9000000000000004,41.66666666666667,1,8.333333333333343,7,58.33333333333333,True
TruckDrive,aligned,0.5,300-400,Vehicle-Trailer,scene_28_18,2,1,1,2,0,0,2,0,0,100.0,0.0,100.0,323.84286928183565,353.2660326621931,50.0,50.0,7.25,13.5,19.75,23.5,100.0,0.0,0.0,0.0,0.0,0.0,0.0,0.0,0,0.0,2,100.0,True
