sample_token,annotation_token,instance_token,scene,timestamp,category,range_m,azimuth_deg,margin_m,radar_points,lidar_points
73,73:0,RoadObstruction:1,scene_28_1,3672143058,RoadObstruction-Barrel,8.935344746209758,-78.07844174622592,0.0,0,0
73,73:0,RoadObstruction:1,scene_28_1,3672143058,RoadObstruction-Barrel,8.935344746209758,-78.07844174622592,0.5,0,177
73,73:1,RoadObstruction:10,scene_28_1,3672143058,RoadObstruction-Barrel,219.58729332537473,-2.4235541722237004,0.0,0,42
73,73:1,RoadObstruction:10,scene_28_1,3672143058,RoadObstruction-Barrel,219.58729332537473,-2.4235541722237004,0.5,1,45
73,73:2,RoadObstruction:11,scene_28_1,3672143058,RoadObstruction-Barrel,239.4958009809899,-2.599757961705545,0.0,0,21
73,73:2,RoadObstruction:11,scene_28_1,3672143058,RoadObstruction-Barrel,239.4958009809899,-2.599757961705545,0.5,0,24
73,73:3,RoadObstruction:12,scene_28_1,3672143058,RoadObstruction-Barrel,267.35641486220385,-2.2955296368596287,0.0,0,16
73,73:3,RoadObstruction:12,scene_28_1,3672143058,RoadObstruction-Barrel,267.35641486220385,-2.2955296368596287,0.5,0,20
73,73:4,RoadObstruction:13,scene_28_1,3672143058,RoadObstruction-Barrel,285.75116628132866,-2.2246121836564754,0.0,0,18
73,73:4,RoadObstruction:13,scene_28_1,3672143058,RoadObstruction-Barrel,285.75116628132866,-2.2246121836564754,0.5,0,18
73,73:5,RoadObstruction:14,scene_28_1,3672143058,RoadObstruction-Barrel,308.15124176653404,-2.122446516415011,0.0,0,23
73,73:5,RoadObstruction:14,scene_28_1,3672143058,RoadObstruction-Barrel,308.15124176653404,-2.122446516415011,0.5,0,27
73,73:6,RoadObstruction:15,scene_28_1,3672143058,RoadObstruction-Barrel,323.36151165660095,-2.0361831810397804,0.0,0,10
73,73:6,RoadObstruction:15,scene_28_1,3672143058,RoadObstruction-Barrel,323.36151165660095,-2.0361831810397804,0.5,1,12
73,73:7,RoadObstruction:16,scene_28_1,3672143058,RoadObstruction-Barrel,333.9071635131917,-1.9353672509138122,0.0,0,9
73,73:7,RoadObstruction:16,scene_28_1,3672143058,RoadObstruction-Barrel,333.9071635131917,-1.9353672509138122,0.5,0,11
73,73:8,RoadObstruction:17,scene_28_1,3672143058,RoadObstruction-Barrel,351.12394575282144,-1.891381339998817,0.0,0,1
73,73:8,RoadObstruction:17,scene_28_1,3672143058,RoadObstruction-Barrel,351.12394575282144,-1.891381339998817,0.5,0,2
73,73:9,RoadObstruction:18,scene_28_1,3672143058,RoadObstruction-Barrel,365.66298732277824,-1.7770206466082235,0.0,0,10
73,73:9,RoadObstruction:18,scene_28_1,3672143058,RoadObstruction-Barrel,365.66298732277824,-1.7770206466082235,0.5,0,14
73,73:10,RoadObstruction:19,scene_28_1,3672143058,RoadObstruction-Barrel,384.43821444905075,-1.4516445262427748,0.0,0,9
73,73:10,RoadObstruction:19,scene_28_1,3672143058,RoadObstruction-Barrel,384.43821444905075,-1.4516445262427748,0.5,0,13
73,73:11,RoadObstruction:2,scene_28_1,3672143058,RoadObstruction-Barrel,39.32617774547611,-166.65275358136645,0.0,2,104
73,73:11,RoadObstruction:2,scene_28_1,3672143058,RoadObstruction-Barrel,39.32617774547611,-166.65275358136645,0.5,2,147
73,73:12,RoadObstruction:27,scene_28_1,3672143058,RoadObstruction-Barrel,71.84455677465796,-172.23144500542864,0.0,0,64
73,73:12,RoadObstruction:27,scene_28_1,3672143058,RoadObstruction-Barrel,71.84455677465796,-172.23144500542864,0.5,1,80
73,73:13,RoadObstruction:28,scene_28_1,3672143058,RoadObstruction-Barrel,165.2815188379792,2.598984948088164,0.0,0,47
73,73:13,RoadObstruction:28,scene_28_1,3672143058,RoadObstruction-Barrel,165.2815188379792,2.598984948088164,0.5,0,56
73,73:14,RoadObstruction:29,scene_28_1,3672143058,RoadObstruction-Barrel,115.75166858951624,3.947202393005508,0.0,0,83
73,73:14,RoadObstruction:29,scene_28_1,3672143058,RoadObstruction-Barrel,115.75166858951624,3.947202393005508,0.5,2,100
73,73:15,RoadObstruction:3,scene_28_1,3672143058,RoadObstruction-Barrel,41.09951666992784,-11.215300835672439,0.0,1,312
73,73:15,RoadObstruction:3,scene_28_1,3672143058,RoadObstruction-Barrel,41.09951666992784,-11.215300835672439,0.5,5,518
73,73:16,RoadObstruction:30,scene_28_1,3672143058,RoadObstruction-Barrel,67.3396766939541,7.068617320324493,0.0,1,126
73,73:16,RoadObstruction:30,scene_28_1,3672143058,RoadObstruction-Barrel,67.3396766939541,7.068617320324493,0.5,3,236
73,73:17,RoadObstruction:31,scene_28_1,3672143058,RoadObstruction-Barrel,20.34786712545458,25.936892520207884,0.0,0,0
73,73:17,RoadObstruction:31,scene_28_1,3672143058,RoadObstruction-Barrel,20.34786712545458,25.936892520207884,0.5,0,20
73,73:18,RoadObstruction:32,scene_28_1,3672143058,RoadObstruction-Barrel,31.420794508554224,163.13786916174547,0.0,0,144
73,73:18,RoadObstruction:32,scene_28_1,3672143058,RoadObstruction-Barrel,31.420794508554224,163.13786916174547,0.5,2,236
73,73:19,RoadObstruction:35,scene_28_1,3672143058,RoadObstruction-Barrel,170.5845695318913,-176.25134025951326,0.0,0,16
73,73:19,RoadObstruction:35,scene_28_1,3672143058,RoadObstruction-Barrel,170.5845695318913,-176.25134025951326,0.5,0,23
73,73:20,RoadObstruction:36,scene_28_1,3672143058,RoadObstruction-Barrel,235.2249121565687,-176.0070572857798,0.0,0,0
73,73:20,RoadObstruction:36,scene_28_1,3672143058,RoadObstruction-Barrel,235.2249121565687,-176.0070572857798,0.5,0,12
73,73:21,RoadObstruction:37,scene_28_1,3672143058,RoadObstruction-Barrel,156.77172095303683,-175.15603488683666,0.0,0,1
73,73:21,RoadObstruction:37,scene_28_1,3672143058,RoadObstruction-Barrel,156.77172095303683,-175.15603488683666,0.5,0,5
73,73:22,RoadObstruction:38,scene_28_1,3672143058,RoadObstruction-Barrel,154.20857256674623,-174.81011347304567,0.0,0,0
73,73:22,RoadObstruction:38,scene_28_1,3672143058,RoadObstruction-Barrel,154.20857256674623,-174.81011347304567,0.5,0,10
73,73:23,RoadObstruction:4,scene_28_1,3672143058,RoadObstruction-Barrel,73.5080724340153,-6.454357768513382,0.0,0,142
73,73:23,RoadObstruction:4,scene_28_1,3672143058,RoadObstruction-Barrel,73.5080724340153,-6.454357768513382,0.5,4,221
73,73:24,RoadObstruction:5,scene_28_1,3672143058,RoadObstruction-Barrel,106.95295375439912,-4.630208296701272,0.0,0,84
73,73:24,RoadObstruction:5,scene_28_1,3672143058,RoadObstruction-Barrel,106.95295375439912,-4.630208296701272,0.5,2,95
73,73:25,RoadObstruction:6,scene_28_1,3672143058,RoadObstruction-Barrel,122.61656834955241,-4.230058750119282,0.0,0,67
73,73:25,RoadObstruction:6,scene_28_1,3672143058,RoadObstruction-Barrel,122.61656834955241,-4.230058750119282,0.5,2,68
73,73:26,RoadObstruction:7,scene_28_1,3672143058,RoadObstruction-Barrel,156.24782663211823,-3.36957269395533,0.0,0,44
73,73:26,RoadObstruction:7,scene_28_1,3672143058,RoadObstruction-Barrel,156.24782663211823,-3.36957269395533,0.5,1,52
73,73:27,RoadObstruction:8,scene_28_1,3672143058,RoadObstruction-Barrel,169.3047886933578,-3.199213937356639,0.0,0,50
73,73:27,RoadObstruction:8,scene_28_1,3672143058,RoadObstruction-Barrel,169.3047886933578,-3.199213937356639,0.5,1,58
73,73:28,RoadObstruction:9,scene_28_1,3672143058,RoadObstruction-Barrel,200.0625118208934,-2.702745962500411,0.0,0,34
73,73:28,RoadObstruction:9,scene_28_1,3672143058,RoadObstruction-Barrel,200.0625118208934,-2.702745962500411,0.5,1,38
73,73:29,TrafficSign:1,scene_28_1,3672143058,TrafficSign,179.04371482895826,-3.29363906014904,0.0,0,71
73,73:29,TrafficSign:1,scene_28_1,3672143058,TrafficSign,179.04371482895826,-3.29363906014904,0.5,0,176
73,73:30,TrafficSign:2,scene_28_1,3672143058,TrafficSign,309.21167826107944,-2.34594810300741,0.0,0,19
73,73:30,TrafficSign:2,scene_28_1,3672143058,TrafficSign,309.21167826107944,-2.34594810300741,0.5,0,63
73,73:31,TrafficSign:3,scene_28_1,3672143058,TrafficSign,287.9870522220084,3.288209171348285,0.0,0,20
73,73:31,TrafficSign:3,scene_28_1,3672143058,TrafficSign,287.9870522220084,3.288209171348285,0.5,0,52
73,73:32,TrafficSign:4,scene_28_1,3672143058,TrafficSign,29.70702344520157,60.613932907474776,0.0,0,54
73,73:32,TrafficSign:4,scene_28_1,3672143058,TrafficSign,29.70702344520157,60.613932907474776,0.5,0,156
73,73:33,TrafficSign:6,scene_28_1,3672143058,TrafficSign,204.84637798652633,-175.8609073190122,0.0,0,10
73,73:33,TrafficSign:6,scene_28_1,3672143058,TrafficSign,204.84637798652633,-175.8609073190122,0.5,0,89
73,73:34,Vehicle:1,scene_28_1,3672143058,Vehicle-SemiTruck-Trailer,205.04938263937925,0.7700767633948493,0.0,2,455
73,73:34,Vehicle:1,scene_28_1,3672143058,Vehicle-SemiTruck-Trailer,205.04938263937925,0.7700767633948493,0.5,5,527
73,73:35,Vehicle:12,scene_28_1,3672143058,Vehicle-Passenger,297.1208104465116,-0.8031378232455645,0.0,0,48
73,73:35,Vehicle:12,scene_28_1,3672143058,Vehicle-Passenger,297.1208104465116,-0.8031378232455645,0.5,0,51
73,73:36,Vehicle:13,scene_28_1,3672143058,Vehicle-SingleUnitTruck,320.40407644957935,0.31747133150455525,0.0,0,107
73,73:36,Vehicle:13,scene_28_1,3672143058,Vehicle-SingleUnitTruck,320.40407644957935,0.31747133150455525,0.5,0,125
73,73:37,Vehicle:14,scene_28_1,3672143058,Vehicle-Passenger,168.18742116736013,4.721203553600644,0.0,2,6
73,73:37,Vehicle:14,scene_28_1,3672143058,Vehicle-Passenger,168.18742116736013,4.721203553600644,0.5,5,6
73,73:38,Vehicle:16,scene_28_1,3672143058,Vehicle-Passenger,93.27412623289041,167.51885161647428,0.0,0,4
73,73:38,Vehicle:16,scene_28_1,3672143058,Vehicle-Passenger,93.27412623289041,167.51885161647428,0.5,1,5
73,73:39,Vehicle:17,scene_28_1,3672143058,Vehicle-Passenger,246.23865727181675,-178.1758394547964,0.0,0,10
73,73:39,Vehicle:17,scene_28_1,3672143058,Vehicle-Passenger,246.23865727181675,-178.1758394547964,0.5,0,13
73,73:40,Vehicle:2,scene_28_1,3672143058,Vehicle-SemiTruck-Trailer,217.27635773313796,-0.35028245564325644,0.0,1,352
73,73:40,Vehicle:2,scene_28_1,3672143058,Vehicle-SemiTruck-Trailer,217.27635773313796,-0.35028245564325644,0.5,4,457
73,73:41,Vehicle:22,scene_28_1,3672143058,Vehicle-SemiTruck-Cab,38.15849269183499,149.08098939339317,0.0,8,17
73,73:41,Vehicle:22,scene_28_1,3672143058,Vehicle-SemiTruck-Cab,38.15849269183499,149.08098939339317,0.5,12,32
73,73:42,Vehicle:23,scene_28_1,3672143058,Vehicle-SemiTruck-Trailer,30.206624052816114,139.4971005673972,0.0,22,1175
73,73:42,Vehicle:23,scene_28_1,3672143058,Vehicle-SemiTruck-Trailer,30.206624052816114,139.4971005673972,0.5,42,1501
73,73:43,Vehicle:28,scene_28_1,3672143058,Vehicle-Trailer,35.041918322978255,173.07164039817056,0.0,5,218
73,73:43,Vehicle:28,scene_28_1,3672143058,Vehicle-Trailer,35.041918322978255,173.07164039817056,0.5,12,314
73,73:44,Vehicle:3,scene_28_1,3672143058,Vehicle-SemiTruck-Cab,24.796777806523664,10.29228630095272,0.0,20,1044
73,73:44,Vehicle:3,scene_28_1,3672143058,Vehicle-SemiTruck-Cab,24.796777806523664,10.29228630095272,0.5,32,1810
73,73:45,Vehicle:4,scene_28_1,3672143058,Vehicle-SemiTruck-Trailer,13.70286726522006,18.757480268649164,0.0,122,57725
73,73:45,Vehicle:4,scene_28_1,3672143058,Vehicle-SemiTruck-Trailer,13.70286726522006,18.757480268649164,0.5,142,66276
73,73:46,Vehicle:5,scene_28_1,3672143058,Vehicle-Passenger,27.73653563982836,171.20598686430372,0.0,7,199
73,73:46,Vehicle:5,scene_28_1,3672143058,Vehicle-Passenger,27.73653563982836,171.20598686430372,0.5,8,253
73,73:47,Vehicle:53,scene_28_1,3672143058,Vehicle-Other,34.89014869181714,173.04124451090507,0.0,10,223
73,73:47,Vehicle:53,scene_28_1,3672143058,Vehicle-Other,34.89014869181714,173.04124451090507,0.5,14,223
73,73:50,Vehicle:26,scene_28_1,3672143058,Vehicle-Passenger,240.6732558875027,3.3037580140391047,0.0,0,0
73,73:50,Vehicle:26,scene_28_1,3672143058,Vehicle-Passenger,240.6732558875027,3.3037580140391047,0.5,0,0
73,73:51,Vehicle:39,scene_28_1,3672143058,Vehicle-SemiTruck-Cab,215.79352150362988,0.7278277867218979,0.0,0,0
73,73:51,Vehicle:39,scene_28_1,3672143058,Vehicle-SemiTruck-Cab,215.79352150362988,0.7278277867218979,0.5,1,0
83,83:0,RoadObstruction:1,scene_28_1,4172124408,RoadObstruction-Barrel,15.444688175551013,-145.26216758386337,0.0,0,325
83,83:0,RoadObstruction:1,scene_28_1,4172124408,RoadObstruction-Barrel,15.444688175551013,-145.26216758386337,0.5,0,491
83,83:1,RoadObstruction:10,scene_28_1,4172124408,RoadObstruction-Barrel,204.95088135129316,-2.437507958570843,0.0,0,32
83,83:1,RoadObstruction:10,scene_28_1,4172124408,RoadObstruction-Barrel,204.95088135129316,-2.437507958570843,0.5,0,35
83,83:2,RoadObstruction:11,scene_28_1,4172124408,RoadObstruction-Barrel,224.83368593036974,-2.6114781738516264,0.0,0,28
83,83:2,RoadObstruction:11,scene_28_1,4172124408,RoadObstruction-Barrel,224.83368593036974,-2.6114781738516264,0.5,0,35
83,83:3,RoadObstruction:12,scene_28_1,4172124408,RoadObstruction-Barrel,252.68097749686783,-2.27675954371311,0.0,0,22
83,83:3,RoadObstruction:12,scene_28_1,4172124408,RoadObstruction-Barrel,252.68097749686783,-2.27675954371311,0.5,0,24
83,83:4,RoadObstruction:13,scene_28_1,4172124408,RoadObstruction-Barrel,271.0732137412623,-2.1923572736637436,0.0,0,8
83,83:4,RoadObstruction:13,scene_28_1,4172124408,RoadObstruction-Barrel,271.0732137412623,-2.1923572736637436,0.5,1,8
83,83:5,RoadObstruction:14,scene_28_1,4172124408,RoadObstruction-Barrel,293.4503393093544,-2.083402032030669,0.0,0,18
83,83:5,RoadObstruction:14,scene_28_1,4172124408,RoadObstruction-Barrel,293.4503393093544,-2.083402032030669,0.5,0,21
83,83:6,RoadObstruction:15,scene_28_1,4172124408,RoadObstruction-Barrel,308.8228363946337,-1.9787837499127046,0.0,0,12
83,83:6,RoadObstruction:15,scene_28_1,4172124408,RoadObstruction-Barrel,308.8228363946337,-1.9787837499127046,0.5,1,22
83,83:7,RoadObstruction:16,scene_28_1,4172124408,RoadObstruction-Barrel,319.1846806550506,-1.875127662336201,0.0,0,10
83,83:7,RoadObstruction:16,scene_28_1,4172124408,RoadObstruction-Barrel,319.1846806550506,-1.875127662336201,0.5,0,10
83,83:8,RoadObstruction:17,scene_28_1,4172124408,RoadObstruction-Barrel,336.54198642412274,-1.8206362335526591,0.0,0,15
83,83:8,RoadObstruction:17,scene_28_1,4172124408,RoadObstruction-Barrel,336.54198642412274,-1.8206362335526591,0.5,0,16
83,83:9,RoadObstruction:18,scene_28_1,4172124408,RoadObstruction-Barrel,351.1821500390509,-1.6997441894431684,0.0,0,4
83,83:9,RoadObstruction:18,scene_28_1,4172124408,RoadObstruction-Barrel,351.1821500390509,-1.6997441894431684,0.5,0,12
83,83:10,RoadObstruction:19,scene_28_1,4172124408,RoadObstruction-Barrel,369.8179608347821,-1.365944353885806,0.0,0,2
83,83:10,RoadObstruction:19,scene_28_1,4172124408,RoadObstruction-Barrel,369.8179608347821,-1.365944353885806,0.5,0,8
83,83:11,RoadObstruction:2,scene_28_1,4172124408,RoadObstruction-Barrel,53.658306880178344,-170.03322814798852,0.0,0,60
83,83:11,RoadObstruction:2,scene_28_1,4172124408,RoadObstruction-Barrel,53.658306880178344,-170.03322814798852,0.5,4,80
83,83:12,RoadObstruction:27,scene_28_1,4172124408,RoadObstruction-Barrel,86.31321912666392,-173.3853256472412,0.0,0,45
83,83:12,RoadObstruction:27,scene_28_1,4172124408,RoadObstruction-Barrel,86.31321912666392,-173.3853256472412,0.5,1,70
83,83:13,RoadObstruction:28,scene_28_1,4172124408,RoadObstruction-Barrel,150.67862656901016,3.024110045867511,0.0,0,63
83,83:13,RoadObstruction:28,scene_28_1,4172124408,RoadObstruction-Barrel,150.67862656901016,3.024110045867511,0.5,3,69
83,83:14,RoadObstruction:29,scene_28_1,4172124408,RoadObstruction-Barrel,101.15929992671978,4.698705185666797,0.0,0,96
83,83:14,RoadObstruction:29,scene_28_1,4172124408,RoadObstruction-Barrel,101.15929992671978,4.698705185666797,0.5,3,131
83,83:15,RoadObstruction:3,scene_28_1,4172124408,RoadObstruction-Barrel,26.90701403586295,-16.958652782753724,0.0,2,235
83,83:15,RoadObstruction:3,scene_28_1,4172124408,RoadObstruction-Barrel,26.90701403586295,-16.958652782753724,0.5,4,385
83,83:16,RoadObstruction:31,scene_28_1,4172124408,RoadObstruction-Barrel,9.74194134960387,67.22935441344582,0.0,0,24
83,83:16,RoadObstruction:31,scene_28_1,4172124408,RoadObstruction-Barrel,9.74194134960387,67.22935441344582,0.5,0,631
83,83:17,RoadObstruction:32,scene_28_1,4172124408,RoadObstruction-Barrel,45.625455746875716,168.38562704732928,0.0,0,70
83,83:17,RoadObstruction:32,scene_28_1,4172124408,RoadObstruction-Barrel,45.625455746875716,168.38562704732928,0.5,1,159
83,83:18,RoadObstruction:35,scene_28_1,4172124408,RoadObstruction-Barrel,185.0870006082745,-176.4040082506042,0.0,0,9
83,83:18,RoadObstruction:35,scene_28_1,4172124408,RoadObstruction-Barrel,185.0870006082745,-176.4040082506042,0.5,0,9
83,83:19,RoadObstruction:36,scene_28_1,4172124408,RoadObstruction-Barrel,249.88406295481,-176.09493506259457,0.0,0,0
83,83:19,RoadObstruction:36,scene_28_1,4172124408,RoadObstruction-Barrel,249.88406295481,-176.09493506259457,0.5,1,8
83,83:20,RoadObstruction:37,scene_28_1,4172124408,RoadObstruction-Barrel,171.82999414975117,-175.47209505301487,0.0,0,4
83,83:20,RoadObstruction:37,scene_28_1,4172124408,RoadObstruction-Barrel,171.82999414975117,-175.47209505301487,0.5,0,4
83,83:21,RoadObstruction:4,scene_28_1,4172124408,RoadObstruction-Barrel,59.03077581382897,-7.8256177648121295,0.0,0,225
83,83:21,RoadObstruction:4,scene_28_1,4172124408,RoadObstruction-Barrel,59.03077581382897,-7.8256177648121295,0.5,4,334
83,83:22,RoadObstruction:5,scene_28_1,4172124408,RoadObstruction-Barrel,92.33624574836664,-5.180650384307631,0.0,0,86
83,83:22,RoadObstruction:5,scene_28_1,4172124408,RoadObstruction-Barrel,92.33624574836664,-5.180650384307631,0.5,4,111
83,83:23,RoadObstruction:6,scene_28_1,4172124408,RoadObstruction-Barrel,108.0607575859879,-4.619941324239249,0.0,0,73
83,83:23,RoadObstruction:6,scene_28_1,4172124408,RoadObstruction-Barrel,108.0607575859879,-4.619941324239249,0.5,3,95
83,83:24,RoadObstruction:7,scene_28_1,4172124408,RoadObstruction-Barrel,141.6470993593093,-3.554351873357957,0.0,0,67
83,83:24,RoadObstruction:7,scene_28_1,4172124408,RoadObstruction-Barrel,141.6470993593093,-3.554351873357957,0.5,2,74
83,83:25,RoadObstruction:8,scene_28_1,4172124408,RoadObstruction-Barrel,154.66923932495612,-3.340562404846766,0.0,0,52
83,83:25,RoadObstruction:8,scene_28_1,4172124408,RoadObstruction-Barrel,154.66923932495612,-3.340562404846766,0.5,1,64
83,83:26,RoadObstruction:9,scene_28_1,4172124408,RoadObstruction-Barrel,185.43668312133846,-2.7535979033826705,0.0,0,38
83,83:26,RoadObstruction:9,scene_28_1,4172124408,RoadObstruction-Barrel,185.43668312133846,-2.7535979033826705,0.5,2,51
83,83:27,TrafficSign:1,scene_28_1,4172124408,TrafficSign,164.42473512660416,-3.4168757205051596,0.0,0,89
83,83:27,TrafficSign:1,scene_28_1,4172124408,TrafficSign,164.42473512660416,-3.4168757205051596,0.5,0,193
83,83:28,TrafficSign:2,scene_28_1,4172124408,TrafficSign,294.58590482796325,-2.316115872555073,0.0,0,33
83,83:28,TrafficSign:2,scene_28_1,4172124408,TrafficSign,294.58590482796325,-2.316115872555073,0.5,0,57
83,83:29,TrafficSign:3,scene_28_1,4172124408,TrafficSign,273.35089490695384,3.6243870606983353,0.0,0,14
83,83:29,TrafficSign:3,scene_28_1,4172124408,TrafficSign,273.35089490695384,3.6243870606983353,0.5,0,69
83,83:30,TrafficSign:4,scene_28_1,4172124408,TrafficSign,25.97053012219167,90.16376880209894,0.0,0,113
83,83:30,TrafficSign:4,scene_28_1,4172124408,TrafficSign,25.97053012219167,90.16376880209894,0.5,2,306
83,83:31,TrafficSign:6,scene_28_1,4172124408,TrafficSign,219.58249815947352,-176.0085759757493,0.0,0,8
83,83:31,TrafficSign:6,scene_28_1,4172124408,TrafficSign,219.58249815947352,-176.0085759757493,0.5,0,53
83,83:32,Vehicle:1,scene_28_1,4172124408,Vehicle-SemiTruck-Trailer,203.75440964886775,0.9236632788441742,0.0,3,498
83,83:32,Vehicle:1,scene_28_1,4172124408,Vehicle-SemiTruck-Trailer,203.75440964886775,0.9236632788441742,0.5,3,545
83,83:33,Vehicle:12,scene_28_1,4172124408,Vehicle-Passenger,294.1537318765456,-0.7112656965089587,0.0,1,28
83,83:33,Vehicle:12,scene_28_1,4172124408,Vehicle-Passenger,294.1537318765456,-0.7112656965089587,0.5,1,35
83,83:34,Vehicle:13,scene_28_1,4172124408,Vehicle-SingleUnitTruck,321.55805678945546,0.40560239180679575,0.0,1,75
83,83:34,Vehicle:13,scene_28_1,4172124408,Vehicle-SingleUnitTruck,321.55805678945546,0.40560239180679575,0.5,1,81
83,83:35,Vehicle:14,scene_28_1,4172124408,Vehicle-Passenger,136.33842271203537,6.121749298283485,0.0,2,6
83,83:35,Vehicle:14,scene_28_1,4172124408,Vehicle-Passenger,136.33842271203537,6.121749298283485,0.5,4,6
83,83:36,Vehicle:16,scene_28_1,4172124408,Vehicle-Passenger,121.65883897810127,170.81703728191397,0.0,0,1
83,83:36,Vehicle:16,scene_28_1,4172124408,Vehicle-Passenger,121.65883897810127,170.81703728191397,0.5,0,5
83,83:37,Vehicle:17,scene_28_1,4172124408,Vehicle-Passenger,247.56626802034324,-178.27132827587357,0.0,0,5
83,83:37,Vehicle:17,scene_28_1,4172124408,Vehicle-Passenger,247.56626802034324,-178.27132827587357,0.5,2,6
83,83:38,Vehicle:2,scene_28_1,4172124408,Vehicle-SemiTruck-Trailer,214.15641273252385,-0.19729970500908464,0.0,1,424
83,83:38,Vehicle:2,scene_28_1,4172124408,Vehicle-SemiTruck-Trailer,214.15641273252385,-0.19729970500908464,0.5,3,479
83,83:39,Vehicle:22,scene_28_1,4172124408,Vehicle-SemiTruck-Cab,66.38294941345613,162.7552541457969,0.0,0,4
83,83:39,Vehicle:22,scene_28_1,4172124408,Vehicle-SemiTruck-Cab,66.38294941345613,162.7552541457969,0.5,3,5
83,83:40,Vehicle:23,scene_28_1,4172124408,Vehicle-SemiTruck-Trailer,57.247232878458796,159.83472084763952,0.0,11,84
83,83:40,Vehicle:23,scene_28_1,4172124408,Vehicle-SemiTruck-Trailer,57.247232878458796,159.83472084763952,0.5,34,89
83,83:41,Vehicle:26,scene_28_1,4172124408,Vehicle-Passenger,209.49022457269848,3.9845382740418662,0.0,2,11
83,83:41,Vehicle:26,scene_28_1,4172124408,Vehicle-Passenger,209.49022457269848,3.9845382740418662,0.5,2,12
83,83:42,Vehicle:28,scene_28_1,4172124408,Vehicle-Trailer,32.81459744132908,172.51022339172926,0.0,8,233
83,83:42,Vehicle:28,scene_28_1,4172124408,Vehicle-Trailer,32.81459744132908,172.51022339172926,0.5,22,368
83,83:43,Vehicle:3,scene_28_1,4172124408,Vehicle-SemiTruck-Cab,26.615677004016508,9.764799717163184,0.0,24,3685
83,83:43,Vehicle:3,scene_28_1,4172124408,Vehicle-SemiTruck-Cab,26.615677004016508,9.764799717163184,0.5,32,4893
83,83:44,Vehicle:39,scene_28_1,4172124408,Vehicle-SemiTruck-Cab,214.49937065274926,0.8851021273814192,0.0,0,5
83,83:44,Vehicle:39,scene_28_1,4172124408,Vehicle-SemiTruck-Cab,214.49937065274926,0.8851021273814192,0.5,0,5
83,83:45,Vehicle:4,scene_28_1,4172124408,Vehicle-SemiTruck-Trailer,15.461799749142536,16.762407694765894,0.0,128,60898
83,83:45,Vehicle:4,scene_28_1,4172124408,Vehicle-SemiTruck-Trailer,15.461799749142536,16.762407694765894,0.5,149,70892
83,83:46,Vehicle:5,scene_28_1,4172124408,Vehicle-Passenger,25.525597494703803,170.28066055566697,0.0,13,211
83,83:46,Vehicle:5,scene_28_1,4172124408,Vehicle-Passenger,25.525597494703803,170.28066055566697,0.5,20,494
83,83:47,Vehicle:53,scene_28_1,4172124408,Vehicle-Other,32.61520646927278,172.46954754093343,0.0,8,259
83,83:47,Vehicle:53,scene_28_1,4172124408,Vehicle-Other,32.61520646927278,172.46954754093343,0.5,11,259
83,83:50,RoadObstruction:30,scene_28_1,4172124408,RoadObstruction,52.808238093158195,9.309160869041056,0.0,0,0
83,83:50,RoadObstruction:30,scene_28_1,4172124408,RoadObstruction,52.808238093158195,9.309160869041056,0.5,0,0
83,83:51,RoadObstruction:38,scene_28_1,4172124408,RoadObstruction-Barrel,168.71210046306518,-175.12196873837414,0.0,0,0
83,83:51,RoadObstruction:38,scene_28_1,4172124408,RoadObstruction-Barrel,168.71210046306518,-175.12196873837414,0.5,0,0
83,83:52,Vehicle:15,scene_28_1,4172124408,Vehicle-Passenger,110.70762591686196,9.617622277978825,0.0,1,0
83,83:52,Vehicle:15,scene_28_1,4172124408,Vehicle-Passenger,110.70762591686196,9.617622277978825,0.5,1,0
93,93:0,RoadObstruction:1,scene_28_1,4672095858,RoadObstruction-Barrel,28.70752777260312,-161.9291325143497,0.0,0,159
93,93:0,RoadObstruction:1,scene_28_1,4672095858,RoadObstruction-Barrel,28.70752777260312,-161.9291325143497,0.5,3,259
93,93:1,RoadObstruction:10,scene_28_1,4672095858,RoadObstruction-Barrel,190.3753455009909,-2.4608934134324087,0.0,0,34
93,93:1,RoadObstruction:10,scene_28_1,4672095858,RoadObstruction-Barrel,190.3753455009909,-2.4608934134324087,0.5,0,46
93,93:2,RoadObstruction:11,scene_28_1,4672095858,RoadObstruction-Barrel,210.20723798018906,-2.6341250738619753,0.0,0,23
93,93:2,RoadObstruction:11,scene_28_1,4672095858,RoadObstruction-Barrel,210.20723798018906,-2.6341250738619753,0.5,0,45
93,93:3,RoadObstruction:12,scene_28_1,4672095858,RoadObstruction-Barrel,237.98404140251066,-2.2564543623377022,0.0,0,26
93,93:3,RoadObstruction:12,scene_28_1,4672095858,RoadObstruction-Barrel,237.98404140251066,-2.2564543623377022,0.5,0,33
93,93:4,RoadObstruction:13,scene_28_1,4672095858,RoadObstruction-Barrel,256.4685833159836,-2.155519716868115,0.0,0,16
93,93:4,RoadObstruction:13,scene_28_1,4672095858,RoadObstruction-Barrel,256.4685833159836,-2.155519716868115,0.5,1,24
93,93:5,RoadObstruction:14,scene_28_1,4672095858,RoadObstruction-Barrel,278.7590275729161,-2.0332416723287263,0.0,0,10
93,93:5,RoadObstruction:14,scene_28_1,4672095858,RoadObstruction-Barrel,278.7590275729161,-2.0332416723287263,0.5,1,13
93,93:6,RoadObstruction:15,scene_28_1,4672095858,RoadObstruction-Barrel,294.14632245597755,-1.9152250357669938,0.0,0,17
93,93:6,RoadObstruction:15,scene_28_1,4672095858,RoadObstruction-Barrel,294.14632245597755,-1.9152250357669938,0.5,0,18
93,93:7,RoadObstruction:16,scene_28_1,4672095858,RoadObstruction-Barrel,304.53595916952185,-1.80185111061916,0.0,0,14
93,93:7,RoadObstruction:16,scene_28_1,4672095858,RoadObstruction-Barrel,304.53595916952185,-1.80185111061916,0.5,0,14
93,93:8,RoadObstruction:17,scene_28_1,4672095858,RoadObstruction-Barrel,321.9302285541682,-1.7423626579964246,0.0,0,11
93,93:8,RoadObstruction:17,scene_28_1,4672095858,RoadObstruction-Barrel,321.9302285541682,-1.7423626579964246,0.5,0,11
93,93:9,RoadObstruction:18,scene_28_1,4672095858,RoadObstruction-Barrel,336.76421575919926,-1.6125324891288801,0.0,0,17
93,93:9,RoadObstruction:18,scene_28_1,4672095858,RoadObstruction-Barrel,336.76421575919926,-1.6125324891288801,0.5,0,26
93,93:10,RoadObstruction:19,scene_28_1,4672095858,RoadObstruction-Barrel,355.16006435429597,-1.2649431259556567,0.0,0,10
93,93:10,RoadObstruction:19,scene_28_1,4672095858,RoadObstruction-Barrel,355.16006435429597,-1.2649431259556567,0.5,0,15
93,93:11,RoadObstruction:2,scene_28_1,4672095858,RoadObstruction-Barrel,68.1035353732346,-171.98687480537387,0.0,0,42
93,93:11,RoadObstruction:2,scene_28_1,4672095858,RoadObstruction-Barrel,68.1035353732346,-171.98687480537387,0.5,2,44
93,93:12,RoadObstruction:21,scene_28_1,4672095858,RoadObstruction-Barrel,395.366842163772,-1.3664021258493233,0.0,0,1
93,93:12,RoadObstruction:21,scene_28_1,4672095858,RoadObstruction-Barrel,395.366842163772,-1.3664021258493233,0.5,0,5
93,93:13,RoadObstruction:27,scene_28_1,4672095858,RoadObstruction-Barrel,100.90111425607255,-174.17295878387185,0.0,0,66
93,93:13,RoadObstruction:27,scene_28_1,4672095858,RoadObstruction-Barrel,100.90111425607255,-174.17295878387185,0.5,1,87
93,93:14,RoadObstruction:28,scene_28_1,4672095858,RoadObstruction-Barrel,136.08620841898022,3.5276881947056262,0.0,0,86
93,93:14,RoadObstruction:28,scene_28_1,4672095858,RoadObstruction-Barrel,136.08620841898022,3.5276881947056262,0.5,3,100
93,93:15,RoadObstruction:29,scene_28_1,4672095858,RoadObstruction-Barrel,86.60361960488191,5.6797935842632645,0.0,0,133
93,93:15,RoadObstruction:29,scene_28_1,4672095858,RoadObstruction-Barrel,86.60361960488191,5.6797935842632645,0.5,3,207
93,93:16,RoadObstruction:3,scene_28_1,4672095858,RoadObstruction-Barrel,13.62617710484254,-34.76002241531437,0.0,1,94
93,93:16,RoadObstruction:3,scene_28_1,4672095858,RoadObstruction-Barrel,13.62617710484254,-34.76002241531437,0.5,2,151
93,93:17,RoadObstruction:31,scene_28_1,4672095858,RoadObstruction-Barrel,14.096580134112115,139.86938893486018,0.0,0,229
93,93:17,RoadObstruction:31,scene_28_1,4672095858,RoadObstruction-Barrel,14.096580134112115,139.86938893486018,0.5,3,969
93,93:18,RoadObstruction:32,scene_28_1,4672095858,RoadObstruction,60.09848172876717,171.10723148923847,0.0,0,9
93,93:18,RoadObstruction:32,scene_28_1,4672095858,RoadObstruction,60.09848172876717,171.10723148923847,0.5,1,10
93,93:19,RoadObstruction:36,scene_28_1,4672095858,RoadObstruction-Barrel,264.5234996023984,-176.15209965012914,0.0,0,7
93,93:19,RoadObstruction:36,scene_28_1,4672095858,RoadObstruction-Barrel,264.5234996023984,-176.15209965012914,0.5,0,13
93,93:20,RoadObstruction:4,scene_28_1,4672095858,RoadObstruction-Barrel,44.6336517745597,-10.11763988716236,0.0,1,245
93,93:20,RoadObstruction:4,scene_28_1,4672095858,RoadObstruction-Barrel,44.6336517745597,-10.11763988716236,0.5,6,556
93,93:21,RoadObstruction:5,scene_28_1,4672095858,RoadObstruction-Barrel,77.74053690638412,-5.954425466288234,0.0,0,137
93,93:21,RoadObstruction:5,scene_28_1,4672095858,RoadObstruction-Barrel,77.74053690638412,-5.954425466288234,0.5,3,194
93,93:22,RoadObstruction:6,scene_28_1,4672095858,RoadObstruction-Barrel,93.45438735874849,-5.148093802663609,0.0,0,116
93,93:22,RoadObstruction:6,scene_28_1,4672095858,RoadObstruction-Barrel,93.45438735874849,-5.148093802663609,0.5,2,139
93,93:23,RoadObstruction:7,scene_28_1,4672095858,RoadObstruction-Barrel,127.07744630035349,-3.7822791489341223,0.0,0,87
93,93:23,RoadObstruction:7,scene_28_1,4672095858,RoadObstruction-Barrel,127.07744630035349,-3.7822791489341223,0.5,2,98
93,93:24,RoadObstruction:8,scene_28_1,4672095858,RoadObstruction-Barrel,140.07289602232714,-3.506646194431196,0.0,0,74
93,93:24,RoadObstruction:8,scene_28_1,4672095858,RoadObstruction-Barrel,140.07289602232714,-3.506646194431196,0.5,3,87
93,93:25,RoadObstruction:9,scene_28_1,4672095858,RoadObstruction-Barrel,170.80112279847216,-2.811231911933168,0.0,0,33
93,93:25,RoadObstruction:9,scene_28_1,4672095858,RoadObstruction-Barrel,170.80112279847216,-2.811231911933168,0.5,1,49
93,93:26,TrafficSign:1,scene_28_1,4672095858,TrafficSign,149.8043785510788,-3.5739156889030412,0.0,0,94
93,93:26,TrafficSign:1,scene_28_1,4672095858,TrafficSign,149.8043785510788,-3.5739156889030412,0.5,1,257
93,93:27,TrafficSign:2,scene_28_1,4672095858,TrafficSign,279.9450236322756,-2.2795497820331345,0.0,0,22
93,93:27,TrafficSign:2,scene_28_1,4672095858,TrafficSign,279.9450236322756,-2.2795497820331345,0.5,1,71
93,93:28,TrafficSign:3,scene_28_1,4672095858,TrafficSign,258.75338422744625,3.987678292513891,0.0,0,28
93,93:28,TrafficSign:3,scene_28_1,4672095858,TrafficSign,258.75338422744625,3.987678292513891,0.5,0,62
93,93:29,TrafficSign:4,scene_28_1,4672095858,TrafficSign,29.92545601159978,119.46120124989885,0.0,0,70
93,93:29,TrafficSign:4,scene_28_1,4672095858,TrafficSign,29.92545601159978,119.46120124989885,0.5,3,273
93,93:30,TrafficSign:6,scene_28_1,4672095858,TrafficSign,234.3233866236934,-176.11726408040968,0.0,0,1
93,93:30,TrafficSign:6,scene_28_1,4672095858,TrafficSign,234.3233866236934,-176.11726408040968,0.5,0,42
93,93:31,Vehicle:1,scene_28_1,4672095858,Vehicle-SemiTruck-Trailer,202.47090710064762,1.0936464336879628,0.0,2,570
93,93:31,Vehicle:1,scene_28_1,4672095858,Vehicle-SemiTruck-Trailer,202.47090710064762,1.0936464336879628,0.5,3,630
93,93:32,Vehicle:12,scene_28_1,4672095858,Vehicle-Passenger,291.32245554735243,-0.5960072217034239,0.0,1,54
93,93:32,Vehicle:12,scene_28_1,4672095858,Vehicle-Passenger,291.32245554735243,-0.5960072217034239,0.5,1,58
93,93:33,Vehicle:13,scene_28_1,4672095858,Vehicle-SingleUnitTruck,322.68281782206236,0.49621909000941633,0.0,0,105
93,93:33,Vehicle:13,scene_28_1,4672095858,Vehicle-SingleUnitTruck,322.68281782206236,0.49621909000941633,0.5,0,106
93,93:34,Vehicle:14,scene_28_1,4672095858,Vehicle-Passenger,107.31127707374732,8.218338460980235,0.0,2,0
93,93:34,Vehicle:14,scene_28_1,4672095858,Vehicle-Passenger,107.31127707374732,8.218338460980235,0.5,2,1
93,93:35,Vehicle:17,scene_28_1,4672095858,Vehicle-Passenger,248.75791084246575,-178.32354248473612,0.0,0,4
93,93:35,Vehicle:17,scene_28_1,4672095858,Vehicle-Passenger,248.75791084246575,-178.32354248473612,0.5,0,7
93,93:36,Vehicle:2,scene_28_1,4672095858,Vehicle-SemiTruck-Trailer,211.13236742337554,-0.020550298810421933,0.0,2,481
93,93:36,Vehicle:2,scene_28_1,4672095858,Vehicle-SemiTruck-Trailer,211.13236742337554,-0.020550298810421933,0.5,5,510
93,93:37,Vehicle:23,scene_28_1,4672095858,Vehicle-SemiTruck-Trailer,86.05001837385842,166.74786688184918,0.0,7,42
93,93:37,Vehicle:23,scene_28_1,4672095858,Vehicle-SemiTruck-Trailer,86.05001837385842,166.74786688184918,0.5,15,51
93,93:38,Vehicle:26,scene_28_1,4672095858,Vehicle-Passenger,178.14941869045109,4.8821798186749135,0.0,2,7
93,93:38,Vehicle:26,scene_28_1,4672095858,Vehicle-Passenger,178.14941869045109,4.8821798186749135,0.5,2,7
93,93:39,Vehicle:28,scene_28_1,4672095858,Vehicle-Trailer,30.684322353310495,171.8842043264975,0.0,9,343
93,93:39,Vehicle:28,scene_28_1,4672095858,Vehicle-Trailer,30.684322353310495,171.8842043264975,0.5,22,486
93,93:40,Vehicle:3,scene_28_1,4672095858,Vehicle-SemiTruck-Cab,28.578081530347085,9.28868237624021,0.0,18,2974
93,93:40,Vehicle:3,scene_28_1,4672095858,Vehicle-SemiTruck-Cab,28.578081530347085,9.28868237624021,0.5,30,3952
93,93:41,Vehicle:4,scene_28_1,4672095858,Vehicle-SemiTruck-Trailer,17.378505854435737,15.108698496342093,0.0,82,60799
93,93:41,Vehicle:4,scene_28_1,4672095858,Vehicle-SemiTruck-Trailer,17.378505854435737,15.108698496342093,0.5,108,68832
93,93:42,Vehicle:5,scene_28_1,4672095858,Vehicle-Passenger,23.415851253018676,169.209849866954,0.0,13,154
93,93:42,Vehicle:5,scene_28_1,4672095858,Vehicle-Passenger,23.415851253018676,169.209849866954,0.5,23,577
93,93:43,Vehicle:53,scene_28_1,4672095858,Vehicle-Other,30.56186060278014,171.86883964194226,0.0,8,327
93,93:43,Vehicle:53,scene_28_1,4672095858,Vehicle-Other,30.56186060278014,171.86883964194226,0.5,10,330
93,93:46,Vehicle:8,scene_28_1,4672095858,Vehicle-Passenger,58.96878086790262,176.15493024348427,0.0,2,5
93,93:46,Vehicle:8,scene_28_1,4672095858,Vehicle-Passenger,58.96878086790262,176.15493024348427,0.5,2,84
93,93:47,RoadObstruction:30,scene_28_1,4672095858,RoadObstruction,38.44834258349711,13.153759816813773,0.0,0,0
93,93:47,RoadObstruction:30,scene_28_1,4672095858,RoadObstruction,38.44834258349711,13.153759816813773,0.5,0,0
93,93:48,RoadObstruction:35,scene_28_1,4672095858,RoadObstruction-Barrel,199.687031397602,-176.50983835535158,0.0,0,0
93,93:48,RoadObstruction:35,scene_28_1,4672095858,RoadObstruction-Barrel,199.687031397602,-176.50983835535158,0.5,0,0
93,93:49,RoadObstruction:37,scene_28_1,4672095858,RoadObstruction-Barrel,186.9949681403902,-175.69933782652802,0.0,0,0
93,93:49,RoadObstruction:37,scene_28_1,4672095858,RoadObstruction-Barrel,186.9949681403902,-175.69933782652802,0.5,0,0
93,93:50,Vehicle:15,scene_28_1,4672095858,Vehicle-Passenger,80.971905344425,13.621136151889207,0.0,1,0
93,93:50,Vehicle:15,scene_28_1,4672095858,Vehicle-Passenger,80.971905344425,13.621136151889207,0.5,4,0
93,93:51,Vehicle:22,scene_28_1,4672095858,Vehicle-SemiTruck-Cab,95.00443676645955,168.07434292948633,0.0,0,2
93,93:51,Vehicle:22,scene_28_1,4672095858,Vehicle-SemiTruck-Cab,95.00443676645955,168.07434292948633,0.5,6,2
93,93:52,Vehicle:39,scene_28_1,4672095858,Vehicle-SemiTruck-Cab,213.22360685879372,1.0557967941592536,0.0,0,0
93,93:52,Vehicle:39,scene_28_1,4672095858,Vehicle-SemiTruck-Cab,213.22360685879372,1.0557967941592536,0.5,0,0
103,103:0,RoadObstruction:1,scene_28_1,5172077333,RoadObstruction-Barrel,42.890779388029756,-167.8681815498887,0.0,0,103
103,103:0,RoadObstruction:1,scene_28_1,5172077333,RoadObstruction-Barrel,42.890779388029756,-167.8681815498887,0.5,2,110
103,103:1,RoadObstruction:10,scene_28_1,5172077333,RoadObstruction-Barrel,175.83619298058107,-2.571075976707505,0.0,0,41
103,103:1,RoadObstruction:10,scene_28_1,5172077333,RoadObstruction-Barrel,175.83619298058107,-2.571075976707505,0.5,1,50
103,103:2,RoadObstruction:11,scene_28_1,5172077333,RoadObstruction-Barrel,195.60811927360845,-2.745503857648856,0.0,0,37
103,103:2,RoadObstruction:11,scene_28_1,5172077333,RoadObstruction-Barrel,195.60811927360845,-2.745503857648856,0.5,0,40
103,103:3,RoadObstruction:12,scene_28_1,5172077333,RoadObstruction-Barrel,223.33653727633458,-2.315116178545973,0.0,0,29
103,103:3,RoadObstruction:12,scene_28_1,5172077333,RoadObstruction-Barrel,223.33653727633458,-2.315116178545973,0.5,0,33
103,103:4,RoadObstruction:13,scene_28_1,5172077333,RoadObstruction-Barrel,241.90970571899922,-2.195316857889406,0.0,0,20
103,103:4,RoadObstruction:13,scene_28_1,5172077333,RoadObstruction-Barrel,241.90970571899922,-2.195316857889406,0.5,1,21
103,103:5,RoadObstruction:14,scene_28_1,5172077333,RoadObstruction-Barrel,264.1716178610899,-2.054099140461069,0.0,0,27
103,103:5,RoadObstruction:14,scene_28_1,5172077333,RoadObstruction-Barrel,264.1716178610899,-2.054099140461069,0.5,0,28
103,103:6,RoadObstruction:15,scene_28_1,5172077333,RoadObstruction-Barrel,279.4855007074323,-1.926580938748357,0.0,0,23
103,103:6,RoadObstruction:15,scene_28_1,5172077333,RoadObstruction-Barrel,279.4855007074323,-1.926580938748357,0.5,0,24
103,103:7,RoadObstruction:16,scene_28_1,5172077333,RoadObstruction-Barrel,289.9749106815873,-1.8010338585472359,0.0,0,17
103,103:7,RoadObstruction:16,scene_28_1,5172077333,RoadObstruction-Barrel,289.9749106815873,-1.8010338585472359,0.5,1,17
103,103:8,RoadObstruction:17,scene_28_1,5172077333,RoadObstruction-Barrel,307.32656291207417,-1.7407619967659445,0.0,0,7
103,103:8,RoadObstruction:17,scene_28_1,5172077333,RoadObstruction-Barrel,307.32656291207417,-1.7407619967659445,0.5,0,7
103,103:9,RoadObstruction:18,scene_28_1,5172077333,RoadObstruction-Barrel,322.2205952764224,-1.597718160811928,0.0,0,18
103,103:9,RoadObstruction:18,scene_28_1,5172077333,RoadObstruction-Barrel,322.2205952764224,-1.597718160811928,0.5,0,25
103,103:10,RoadObstruction:19,scene_28_1,5172077333,RoadObstruction-Barrel,340.5478127692607,-1.2353673443869044,0.0,0,8
103,103:10,RoadObstruction:19,scene_28_1,5172077333,RoadObstruction-Barrel,340.5478127692607,-1.2353673443869044,0.5,0,8
103,103:11,RoadObstruction:2,scene_28_1,5172077333,RoadObstruction-Barrel,82.56754959429179,-173.33488940110897,0.0,0,38
103,103:11,RoadObstruction:2,scene_28_1,5172077333,RoadObstruction-Barrel,82.56754959429179,-173.33488940110897,0.5,2,43
103,103:12,RoadObstruction:21,scene_28_1,5172077333,RoadObstruction-Barrel,380.722194578421,-1.3343282166765686,0.0,0,9
103,103:12,RoadObstruction:21,scene_28_1,5172077333,RoadObstruction-Barrel,380.722194578421,-1.3343282166765686,0.5,0,9
103,103:13,RoadObstruction:27,scene_28_1,5172077333,RoadObstruction-Barrel,115.54336361579732,-174.83176691749748,0.0,0,53
103,103:13,RoadObstruction:27,scene_28_1,5172077333,RoadObstruction-Barrel,115.54336361579732,-174.83176691749748,0.5,2,70
103,103:14,RoadObstruction:28,scene_28_1,5172077333,RoadObstruction-Barrel,121.4885306217494,4.04916975328313,0.0,0,81
103,103:14,RoadObstruction:28,scene_28_1,5172077333,RoadObstruction-Barrel,121.4885306217494,4.04916975328313,0.5,1,103
103,103:15,RoadObstruction:29,scene_28_1,5172077333,RoadObstruction-Barrel,72.08643752825999,6.956202943672003,0.0,0,89
103,103:15,RoadObstruction:29,scene_28_1,5172077333,RoadObstruction-Barrel,72.08643752825999,6.956202943672003,0.5,1,93
103,103:16,RoadObstruction:3,scene_28_1,5172077333,RoadObstruction-Barrel,8.464229732731782,-113.13400837885919,0.0,0,13
103,103:16,RoadObstruction:3,scene_28_1,5172077333,RoadObstruction-Barrel,8.464229732731782,-113.13400837885919,0.5,0,174
103,103:17,RoadObstruction:30,scene_28_1,5172077333,RoadObstruction,24.52845196217431,21.13755402904377,0.0,1,0
103,103:17,RoadObstruction:30,scene_28_1,5172077333,RoadObstruction,24.52845196217431,21.13755402904377,0.5,2,5
103,103:18,RoadObstruction:31,scene_28_1,5172077333,RoadObstruction-Barrel,26.983724581947854,160.03590636184677,0.0,1,157
103,103:18,RoadObstruction:31,scene_28_1,5172077333,RoadObstruction-Barrel,26.983724581947854,160.03590636184677,0.5,3,417
103,103:19,RoadObstruction:35,scene_28_1,5172077333,RoadObstruction-Barrel,214.4587839220622,-176.65576380904417,0.0,0,3
103,103:19,RoadObstruction:35,scene_28_1,5172077333,RoadObstruction-Barrel,214.4587839220622,-176.65576380904417,0.5,0,6
103,103:20,RoadObstruction:36,scene_28_1,5172077333,RoadObstruction-Barrel,279.2952324221774,-176.2788990462793,0.0,0,0
103,103:20,RoadObstruction:36,scene_28_1,5172077333,RoadObstruction-Barrel,279.2952324221774,-176.2788990462793,0.5,0,15
103,103:21,RoadObstruction:4,scene_28_1,5172077333,RoadObstruction-Barrel,30.389032243190584,-14.731231894339574,0.0,1,421
103,103:21,RoadObstruction:4,scene_28_1,5172077333,RoadObstruction-Barrel,30.389032243190584,-14.731231894339574,0.5,5,470
103,103:22,RoadObstruction:5,scene_28_1,5172077333,RoadObstruction-Barrel,63.23623402925879,-7.174698685092109,0.0,0,150
103,103:22,RoadObstruction:5,scene_28_1,5172077333,RoadObstruction-Barrel,63.23623402925879,-7.174698685092109,0.5,4,259
103,103:23,RoadObstruction:6,scene_28_1,5172077333,RoadObstruction-Barrel,78.87488990358501,-5.976553301013488,0.0,0,134
103,103:23,RoadObstruction:6,scene_28_1,5172077333,RoadObstruction-Barrel,78.87488990358501,-5.976553301013488,0.5,3,199
103,103:24,RoadObstruction:7,scene_28_1,5172077333,RoadObstruction-Barrel,112.47310892944613,-4.153517267696988,0.0,0,91
103,103:24,RoadObstruction:7,scene_28_1,5172077333,RoadObstruction-Barrel,112.47310892944613,-4.153517267696988,0.5,3,99
103,103:25,RoadObstruction:8,scene_28_1,5172077333,RoadObstruction-Barrel,125.49484147181658,-3.8028384758656233,0.0,0,85
103,103:25,RoadObstruction:8,scene_28_1,5172077333,RoadObstruction-Barrel,125.49484147181658,-3.8028384758656233,0.5,1,100
103,103:26,RoadObstruction:9,scene_28_1,5172077333,RoadObstruction-Barrel,156.19999753013064,-2.9720710204308567,0.0,0,61
103,103:26,RoadObstruction:9,scene_28_1,5172077333,RoadObstruction-Barrel,156.19999753013064,-2.9720710204308567,0.5,0,71
103,103:27,TrafficSign:1,scene_28_1,5172077333,TrafficSign,135.20773673891816,-3.8598517613835446,0.0,0,128
103,103:27,TrafficSign:1,scene_28_1,5172077333,TrafficSign,135.20773673891816,-3.8598517613835446,0.5,1,349
103,103:28,TrafficSign:2,scene_28_1,5172077333,TrafficSign,265.3143767768827,-2.3173023751384094,0.0,0,45
103,103:28,TrafficSign:2,scene_28_1,5172077333,TrafficSign,265.3143767768827,-2.3173023751384094,0.5,0,103
103,103:29,TrafficSign:3,scene_28_1,5172077333,TrafficSign,244.2038883239273,4.304336266949724,0.0,0,33
103,103:29,TrafficSign:3,scene_28_1,5172077333,TrafficSign,244.2038883239273,4.304336266949724,0.5,0,99
103,103:30,TrafficSign:4,scene_28_1,5172077333,TrafficSign,39.318468230270796,138.27455552101955,0.0,0,76
103,103:30,TrafficSign:4,scene_28_1,5172077333,TrafficSign,39.318468230270796,138.27455552101955,0.5,1,313
103,103:31,TrafficSign:6,scene_28_1,5172077333,TrafficSign,248.82613241559415,-176.2601165855994,0.0,0,3
103,103:31,TrafficSign:6,scene_28_1,5172077333,TrafficSign,248.82613241559415,-176.2601165855994,0.5,0,33
103,103:32,Vehicle:1,scene_28_1,5172077333,Vehicle-SemiTruck-Trailer,201.21255469464592,1.2048942578987134,0.0,3,529
103,103:32,Vehicle:1,scene_28_1,5172077333,Vehicle-SemiTruck-Trailer,201.21255469464592,1.2048942578987134,0.5,4,581
103,103:33,Vehicle:12,scene_28_1,5172077333,Vehicle-Passenger,288.59365018545674,-0.5462583999819799,0.0,1,69
103,103:33,Vehicle:12,scene_28_1,5172077333,Vehicle-Passenger,288.59365018545674,-0.5462583999819799,0.5,1,79
103,103:34,Vehicle:13,scene_28_1,5172077333,Vehicle-SingleUnitTruck,323.7148466051707,0.48937789974686957,0.0,0,61
103,103:34,Vehicle:13,scene_28_1,5172077333,Vehicle-SingleUnitTruck,323.7148466051707,0.48937789974686957,0.5,0,69
103,103:35,Vehicle:14,scene_28_1,5172077333,Vehicle,78.81625696226494,11.442204169304267,0.0,0,0
103,103:35,Vehicle:14,scene_28_1,5172077333,Vehicle,78.81625696226494,11.442204169304267,0.5,1,3
103,103:36,Vehicle:2,scene_28_1,5172077333,Vehicle-SemiTruck-Trailer,208.15787064349936,0.08891120489438495,0.0,2,483
103,103:36,Vehicle:2,scene_28_1,5172077333,Vehicle-SemiTruck-Trailer,208.15787064349936,0.08891120489438495,0.5,5,559
103,103:37,Vehicle:23,scene_28_1,5172077333,Vehicle-SemiTruck-Trailer,115.6735973377614,170.18111166612556,0.0,0,29
103,103:37,Vehicle:23,scene_28_1,5172077333,Vehicle-SemiTruck-Trailer,115.6735973377614,170.18111166612556,0.5,3,31
103,103:38,Vehicle:26,scene_28_1,5172077333,Vehicle-Passenger,147.2730748425423,5.970855510809473,0.0,1,1
103,103:38,Vehicle:26,scene_28_1,5172077333,Vehicle-Passenger,147.2730748425423,5.970855510809473,0.5,1,4
103,103:39,Vehicle:28,scene_28_1,5172077333,Vehicle-Trailer,28.653979396206136,171.18613460559757,0.0,10,487
103,103:39,Vehicle:28,scene_28_1,5172077333,Vehicle-Trailer,28.653979396206136,171.18613460559757,0.5,20,740
103,103:40,Vehicle:3,scene_28_1,5172077333,Vehicle-SemiTruck-Cab,30.520127769449363,8.788156295571316,0.0,9,1579
103,103:40,Vehicle:3,scene_28_1,5172077333,Vehicle-SemiTruck-Cab,30.520127769449363,8.788156295571316,0.5,23,2165
103,103:41,Vehicle:39,scene_28_1,5172077333,Vehicle-SemiTruck-Cab,211.9582517908664,1.1616465711399957,0.0,0,2
103,103:41,Vehicle:39,scene_28_1,5172077333,Vehicle-SemiTruck-Cab,211.9582517908664,1.1616465711399957,0.5,0,2
103,103:42,Vehicle:4,scene_28_1,5172077333,Vehicle-SemiTruck-Trailer,19.288348625185588,13.737861932213205,0.0,95,34568
103,103:42,Vehicle:4,scene_28_1,5172077333,Vehicle-SemiTruck-Trailer,19.288348625185588,13.737861932213205,0.5,114,37137
103,103:43,Vehicle:5,scene_28_1,5172077333,Vehicle-Passenger,21.408356827797775,167.9926263483588,0.0,8,150
103,103:43,Vehicle:5,scene_28_1,5172077333,Vehicle-Passenger,21.408356827797775,167.9926263483588,0.5,19,634
103,103:44,Vehicle:53,scene_28_1,5172077333,Vehicle-Other,28.6434282074757,171.207590752132,0.0,9,498
103,103:44,Vehicle:53,scene_28_1,5172077333,Vehicle-Other,28.6434282074757,171.207590752132,0.5,12,499
103,103:47,RoadObstruction:37,scene_28_1,5172077333,RoadObstruction-Barrel,202.18339348967723,-175.94375914236002,0.0,0,0
103,103:47,RoadObstruction:37,scene_28_1,5172077333,RoadObstruction-Barrel,202.18339348967723,-175.94375914236002,0.5,0,0
103,103:48,Vehicle:15,scene_28_1,5172077333,Vehicle-Passenger,52.044416421996814,21.95319912524286,0.0,3,0
103,103:48,Vehicle:15,scene_28_1,5172077333,Vehicle-Passenger,52.044416421996814,21.95319912524286,0.5,4,0
103,103:49,Vehicle:17,scene_28_1,5172077333,Vehicle-Passenger,249.9157658332935,-178.42462637741144,0.0,0,0
103,103:49,Vehicle:17,scene_28_1,5172077333,Vehicle-Passenger,249.9157658332935,-178.42462637741144,0.5,0,0
103,103:50,Vehicle:22,scene_28_1,5172077333,Vehicle-SemiTruck-Cab,123.75395044490499,170.8611275975507,0.0,0,6
103,103:50,Vehicle:22,scene_28_1,5172077333,Vehicle-SemiTruck-Cab,123.75395044490499,170.8611275975507,0.5,0,8
103,103:51,Vehicle:8,scene_28_1,5172077333,Vehicle,55.92908644745994,175.58629020869608,0.0,4,0
103,103:51,Vehicle:8,scene_28_1,5172077333,Vehicle,55.92908644745994,175.58629020869608,0.5,5,70
115,115:0,RoadObstruction:1,scene_28_1,5772143433,RoadObstruction-Barrel,60.092459580432944,-171.2485834467895,0.0,0,38
115,115:0,RoadObstruction:1,scene_28_1,5772143433,RoadObstruction-Barrel,60.092459580432944,-171.2485834467895,0.5,2,43
115,115:1,RoadObstruction:10,scene_28_1,5772143433,RoadObstruction-Barrel,158.33143764367645,-2.756429796301245,0.0,0,47
115,115:1,RoadObstruction:10,scene_28_1,5772143433,RoadObstruction-Barrel,158.33143764367645,-2.756429796301245,0.5,2,63
115,115:2,RoadObstruction:11,scene_28_1,5772143433,RoadObstruction-Barrel,178.11335990202005,-2.9370174501924415,0.0,0,42
115,115:2,RoadObstruction:11,scene_28_1,5772143433,RoadObstruction-Barrel,178.11335990202005,-2.9370174501924415,0.5,0,57
115,115:3,RoadObstruction:12,scene_28_1,5772143433,RoadObstruction-Barrel,205.78302544315545,-2.4278611699636765,0.0,0,45
115,115:3,RoadObstruction:12,scene_28_1,5772143433,RoadObstruction-Barrel,205.78302544315545,-2.4278611699636765,0.5,0,51
115,115:4,RoadObstruction:13,scene_28_1,5772143433,RoadObstruction-Barrel,224.42653280666642,-2.281971822128931,0.0,0,28
115,115:4,RoadObstruction:13,scene_28_1,5772143433,RoadObstruction-Barrel,224.42653280666642,-2.281971822128931,0.5,0,33
115,115:5,RoadObstruction:14,scene_28_1,5772143433,RoadObstruction-Barrel,246.60772119026734,-2.1129121376004867,0.0,0,27
115,115:5,RoadObstruction:14,scene_28_1,5772143433,RoadObstruction-Barrel,246.60772119026734,-2.1129121376004867,0.5,0,32
115,115:6,RoadObstruction:15,scene_28_1,5772143433,RoadObstruction-Barrel,261.92754673567026,-1.977649971412427,0.0,0,18
115,115:6,RoadObstruction:15,scene_28_1,5772143433,RoadObstruction-Barrel,261.92754673567026,-1.977649971412427,0.5,0,30
115,115:7,RoadObstruction:16,scene_28_1,5772143433,RoadObstruction-Barrel,272.529667398661,-1.8393916982231258,0.0,0,10
115,115:7,RoadObstruction:16,scene_28_1,5772143433,RoadObstruction-Barrel,272.529667398661,-1.8393916982231258,0.5,0,17
115,115:8,RoadObstruction:17,scene_28_1,5772143433,RoadObstruction-Barrel,289.78419711994167,-1.7746731673692715,0.0,0,13
115,115:8,RoadObstruction:17,scene_28_1,5772143433,RoadObstruction-Barrel,289.78419711994167,-1.7746731673692715,0.5,0,14
115,115:9,RoadObstruction:18,scene_28_1,5772143433,RoadObstruction-Barrel,304.57973574789,-1.6112493246393376,0.0,0,18
115,115:9,RoadObstruction:18,scene_28_1,5772143433,RoadObstruction-Barrel,304.57973574789,-1.6112493246393376,0.5,1,21
115,115:10,RoadObstruction:19,scene_28_1,5772143433,RoadObstruction-Barrel,323.04989562960833,-1.229114582578367,0.0,0,17
115,115:10,RoadObstruction:19,scene_28_1,5772143433,RoadObstruction-Barrel,323.04989562960833,-1.229114582578367,0.5,0,18
115,115:11,RoadObstruction:2,scene_28_1,5772143433,RoadObstruction-Barrel,99.96733023075379,-174.4439789717676,0.0,0,52
115,115:11,RoadObstruction:2,scene_28_1,5772143433,RoadObstruction-Barrel,99.96733023075379,-174.4439789717676,0.5,1,73
115,115:12,RoadObstruction:21,scene_28_1,5772143433,RoadObstruction-Barrel,363.1018848733193,-1.3315255075184225,0.0,0,14
115,115:12,RoadObstruction:21,scene_28_1,5772143433,RoadObstruction-Barrel,363.1018848733193,-1.3315255075184225,0.5,0,16
115,115:13,RoadObstruction:27,scene_28_1,5772143433,RoadObstruction-Barrel,133.00392417170636,-175.4544363395453,0.0,0,19
115,115:13,RoadObstruction:27,scene_28_1,5772143433,RoadObstruction-Barrel,133.00392417170636,-175.4544363395453,0.5,0,30
115,115:14,RoadObstruction:28,scene_28_1,5772143433,RoadObstruction-Barrel,104.0084411553113,4.824904507081373,0.0,0,91
115,115:14,RoadObstruction:28,scene_28_1,5772143433,RoadObstruction-Barrel,104.0084411553113,4.824904507081373,0.5,3,124
115,115:15,RoadObstruction:3,scene_28_1,5772143433,RoadObstruction-Barrel,22.219717518605474,-159.26801451286994,0.0,0,212
115,115:15,RoadObstruction:3,scene_28_1,5772143433,RoadObstruction-Barrel,22.219717518605474,-159.26801451286994,0.5,0,335
115,115:16,RoadObstruction:30,scene_28_1,5772143433,RoadObstruction-Barrel,10.503691368604118,57.92801317508759,0.0,0,100
115,115:16,RoadObstruction:30,scene_28_1,5772143433,RoadObstruction-Barrel,10.503691368604118,57.92801317508759,0.5,0,786
115,115:17,RoadObstruction:35,scene_28_1,5772143433,RoadObstruction-Barrel,232.0910558498924,-176.82464898822366,0.0,0,5
115,115:17,RoadObstruction:35,scene_28_1,5772143433,RoadObstruction-Barrel,232.0910558498924,-176.82464898822366,0.5,0,9
115,115:18,RoadObstruction:4,scene_28_1,5772143433,RoadObstruction-Barrel,14.174816109478021,-32.71625833186705,0.0,0,152
115,115:18,RoadObstruction:4,scene_28_1,5772143433,RoadObstruction-Barrel,14.174816109478021,-32.71625833186705,0.5,3,212
115,115:19,RoadObstruction:5,scene_28_1,5772143433,RoadObstruction-Barrel,45.994273719070776,-9.713783456567104,0.0,1,211
115,115:19,RoadObstruction:5,scene_28_1,5772143433,RoadObstruction-Barrel,45.994273719070776,-9.713783456567104,0.5,5,612
115,115:20,RoadObstruction:6,scene_28_1,5772143433,RoadObstruction-Barrel,61.51701198045711,-7.536928875717761,0.0,0,185
115,115:20,RoadObstruction:6,scene_28_1,5772143433,RoadObstruction-Barrel,61.51701198045711,-7.536928875717761,0.5,5,327
115,115:21,RoadObstruction:7,scene_28_1,5772143433,RoadObstruction-Barrel,94.94057993212608,-4.7965696934016915,0.0,0,91
115,115:21,RoadObstruction:7,scene_28_1,5772143433,RoadObstruction-Barrel,94.94057993212608,-4.7965696934016915,0.5,3,112
115,115:22,RoadObstruction:8,scene_28_1,5772143433,RoadObstruction-Barrel,107.99526228408727,-4.312803143554006,0.0,0,62
115,115:22,RoadObstruction:8,scene_28_1,5772143433,RoadObstruction-Barrel,107.99526228408727,-4.312803143554006,0.5,1,76
115,115:23,RoadObstruction:9,scene_28_1,5772143433,RoadObstruction-Barrel,138.69498230663737,-3.2559269361074077,0.0,0,67
115,115:23,RoadObstruction:9,scene_28_1,5772143433,RoadObstruction-Barrel,138.69498230663737,-3.2559269361074077,0.5,0,80
115,115:24,TrafficSign:1,scene_28_1,5772143433,TrafficSign,117.67058421124652,-4.331300856401394,0.0,0,191
115,115:24,TrafficSign:1,scene_28_1,5772143433,TrafficSign,117.67058421124652,-4.331300856401394,0.5,1,493
115,115:25,TrafficSign:2,scene_28_1,5772143433,TrafficSign,247.75960607323557,-2.400512586420672,0.0,0,35
115,115:25,TrafficSign:2,scene_28_1,5772143433,TrafficSign,247.75960607323557,-2.400512586420672,0.5,0,102
115,115:26,TrafficSign:3,scene_28_1,5772143433,TrafficSign,226.7577317864882,4.722963095833422,0.0,0,35
115,115:26,TrafficSign:3,scene_28_1,5772143433,TrafficSign,226.7577317864882,4.722963095833422,0.5,0,101
115,115:27,TrafficSign:4,scene_28_1,5772143433,TrafficSign,53.75994138772546,150.6660902763325,0.0,0,125
115,115:27,TrafficSign:4,scene_28_1,5772143433,TrafficSign,53.75994138772546,150.6660902763325,0.5,1,659
115,115:28,TrafficSign:6,scene_28_1,5772143433,TrafficSign,266.07258202509036,-176.4298026352429,0.0,0,2
115,115:28,TrafficSign:6,scene_28_1,5772143433,TrafficSign,266.07258202509036,-176.4298026352429,0.5,0,18
115,115:29,Vehicle:1,scene_28_1,5772143433,Vehicle-SemiTruck-Trailer,199.71118933728965,1.3274225043919483,0.0,2,635
115,115:29,Vehicle:1,scene_28_1,5772143433,Vehicle-SemiTruck-Trailer,199.71118933728965,1.3274225043919483,0.5,4,691
115,115:30,Vehicle:12,scene_28_1,5772143433,Vehicle-Passenger,285.23104756223324,-0.5138326940506349,0.0,1,102
115,115:30,Vehicle:12,scene_28_1,5772143433,Vehicle-Passenger,285.23104756223324,-0.5138326940506349,0.5,1,113
115,115:31,Vehicle:13,scene_28_1,5772143433,Vehicle,324.87769684245666,0.383934095632132,0.0,0,1
115,115:31,Vehicle:13,scene_28_1,5772143433,Vehicle,324.87769684245666,0.383934095632132,0.5,0,5
115,115:32,Vehicle:15,scene_28_1,5772143433,Vehicle-Passenger,23.222489528776837,58.26960370334907,0.0,9,344
115,115:32,Vehicle:15,scene_28_1,5772143433,Vehicle-Passenger,23.222489528776837,58.26960370334907,0.5,10,386
115,115:33,Vehicle:17,scene_28_1,5772143433,Vehicle-Passenger,251.02441737369594,-178.56818305603744,0.0,0,11
115,115:33,Vehicle:17,scene_28_1,5772143433,Vehicle-Passenger,251.02441737369594,-178.56818305603744,0.5,0,16
115,115:34,Vehicle:2,scene_28_1,5772143433,Vehicle-SemiTruck-Trailer,204.53707530766067,0.193346930444835,0.0,3,518
115,115:34,Vehicle:2,scene_28_1,5772143433,Vehicle-SemiTruck-Trailer,204.53707530766067,0.193346930444835,0.5,4,598
115,115:35,Vehicle:23,scene_28_1,5772143433,Vehicle-SemiTruck-Trailer,152.25863603282306,172.57518010304972,0.0,0,26
115,115:35,Vehicle:23,scene_28_1,5772143433,Vehicle-SemiTruck-Trailer,152.25863603282306,172.57518010304972,0.5,1,29
115,115:36,Vehicle:24,scene_28_1,5772143433,Vehicle-SemiTruck-Cab,47.411050790145396,25.232350378104467,0.0,0,11
115,115:36,Vehicle:24,scene_28_1,5772143433,Vehicle-SemiTruck-Cab,47.411050790145396,25.232350378104467,0.5,1,15
115,115:37,Vehicle:26,scene_28_1,5772143433,Vehicle-Passenger,111.17678309120855,7.8649672197404845,0.0,2,9
115,115:37,Vehicle:26,scene_28_1,5772143433,Vehicle-Passenger,111.17678309120855,7.8649672197404845,0.5,2,44
115,115:38,Vehicle:28,scene_28_1,5772143433,Vehicle-Trailer,26.276213346412224,170.27701050045417,0.0,10,674
115,115:38,Vehicle:28,scene_28_1,5772143433,Vehicle-Trailer,26.276213346412224,170.27701050045417,0.5,20,886
115,115:39,Vehicle:3,scene_28_1,5772143433,Vehicle-SemiTruck-Cab,32.769173114442246,8.222935352515222,0.0,19,1701
115,115:39,Vehicle:3,scene_28_1,5772143433,Vehicle-SemiTruck-Cab,32.769173114442246,8.222935352515222,0.5,28,2390
115,115:40,Vehicle:39,scene_28_1,5772143433,Vehicle-SemiTruck-Cab,210.48690424076278,1.283498650045418,0.0,0,1
115,115:40,Vehicle:39,scene_28_1,5772143433,Vehicle-SemiTruck-Cab,210.48690424076278,1.283498650045418,0.5,0,1
115,115:41,Vehicle:4,scene_28_1,5772143433,Vehicle-SemiTruck-Trailer,21.51100109327971,12.422033195854143,0.0,88,26167
115,115:41,Vehicle:4,scene_28_1,5772143433,Vehicle-SemiTruck-Trailer,21.51100109327971,12.422033195854143,0.5,101,28293
115,115:42,Vehicle:5,scene_28_1,5772143433,Vehicle-Passenger,19.063716270489977,166.3210917719708,0.0,13,154
115,115:42,Vehicle:5,scene_28_1,5772143433,Vehicle-Passenger,19.063716270489977,166.3210917719708,0.5,19,855
115,115:43,Vehicle:53,scene_28_1,5772143433,Vehicle-Other,26.245324339139334,170.26414316792645,0.0,11,687
115,115:43,Vehicle:53,scene_28_1,5772143433,Vehicle-Other,26.245324339139334,170.26414316792645,0.5,15,700
115,115:46,Vehicle:8,scene_28_1,5772143433,Vehicle,52.454818190984255,174.97019672513724,0.0,4,3
115,115:46,Vehicle:8,scene_28_1,5772143433,Vehicle,52.454818190984255,174.97019672513724,0.5,5,113
115,115:47,RoadObstruction:29,scene_28_1,5772143433,RoadObstruction-Barrel,54.6965622947196,9.38452015854867,0.0,0,0
115,115:47,RoadObstruction:29,scene_28_1,5772143433,RoadObstruction-Barrel,54.6965622947196,9.38452015854867,0.5,0,0
115,115:48,RoadObstruction:31,scene_28_1,5772143433,RoadObstruction-Barrel,43.94728739253609,167.64829471651413,0.0,0,0
115,115:48,RoadObstruction:31,scene_28_1,5772143433,RoadObstruction-Barrel,43.94728739253609,167.64829471651413,0.5,1,30
115,115:49,RoadObstruction:36,scene_28_1,5772143433,RoadObstruction-Barrel,296.9769879253048,-176.44130915700413,0.0,0,0
115,115:49,RoadObstruction:36,scene_28_1,5772143433,RoadObstruction-Barrel,296.9769879253048,-176.44130915700413,0.5,0,0
115,115:50,Vehicle:14,scene_28_1,5772143433,Vehicle-Passenger,40.82355890593986,22.06014179313448,0.0,0,0
115,115:50,Vehicle:14,scene_28_1,5772143433,Vehicle-Passenger,40.82355890593986,22.06014179313448,0.5,0,0
125,125:0,RoadObstruction:1,scene_28_1,6272125008,RoadObstruction-Barrel,74.3945896898499,-173.03175533980323,0.0,1,79
125,125:0,RoadObstruction:1,scene_28_1,6272125008,RoadObstruction-Barrel,74.3945896898499,-173.03175533980323,0.5,2,83
125,125:1,RoadObstruction:10,scene_28_1,6272125008,RoadObstruction-Barrel,143.7312003747022,-3.1215936811906,0.0,0,54
125,125:1,RoadObstruction:10,scene_28_1,6272125008,RoadObstruction-Barrel,143.7312003747022,-3.1215936811906,0.5,1,60
125,125:2,RoadObstruction:11,scene_28_1,6272125008,RoadObstruction-Barrel,163.61189438622236,-3.2984240714369073,0.0,0,37
125,125:2,RoadObstruction:11,scene_28_1,6272125008,RoadObstruction-Barrel,163.61189438622236,-3.2984240714369073,0.5,0,43
125,125:3,RoadObstruction:12,scene_28_1,6272125008,RoadObstruction-Barrel,191.23489021971525,-2.708848916265337,0.0,0,45
125,125:3,RoadObstruction:12,scene_28_1,6272125008,RoadObstruction-Barrel,191.23489021971525,-2.708848916265337,0.5,1,50
125,125:4,RoadObstruction:13,scene_28_1,6272125008,RoadObstruction-Barrel,209.83155684705363,-2.540799512997047,0.0,0,39
125,125:4,RoadObstruction:13,scene_28_1,6272125008,RoadObstruction-Barrel,209.83155684705363,-2.540799512997047,0.5,0,48
125,125:5,RoadObstruction:14,scene_28_1,6272125008,RoadObstruction-Barrel,232.0371815373822,-2.3447149691507687,0.0,0,25
125,125:5,RoadObstruction:14,scene_28_1,6272125008,RoadObstruction-Barrel,232.0371815373822,-2.3447149691507687,0.5,0,29
125,125:6,RoadObstruction:15,scene_28_1,6272125008,RoadObstruction-Barrel,247.36276488429067,-2.1980910504293685,0.0,0,26
125,125:6,RoadObstruction:15,scene_28_1,6272125008,RoadObstruction-Barrel,247.36276488429067,-2.1980910504293685,0.5,1,29
125,125:7,RoadObstruction:16,scene_28_1,6272125008,RoadObstruction-Barrel,257.9933080283039,-2.0513893290007945,0.0,0,21
125,125:7,RoadObstruction:16,scene_28_1,6272125008,RoadObstruction-Barrel,257.9933080283039,-2.0513893290007945,0.5,2,21
125,125:8,RoadObstruction:17,scene_28_1,6272125008,RoadObstruction-Barrel,275.1876270283373,-1.9789499916192115,0.0,0,9
125,125:8,RoadObstruction:17,scene_28_1,6272125008,RoadObstruction-Barrel,275.1876270283373,-1.9789499916192115,0.5,1,15
125,125:9,RoadObstruction:18,scene_28_1,6272125008,RoadObstruction-Barrel,289.9452454638711,-1.7953909095446956,0.0,0,11
125,125:9,RoadObstruction:18,scene_28_1,6272125008,RoadObstruction-Barrel,289.9452454638711,-1.7953909095446956,0.5,2,16
125,125:10,RoadObstruction:19,scene_28_1,6272125008,RoadObstruction-Barrel,308.52005272017425,-1.3900062226318755,0.0,1,9
125,125:10,RoadObstruction:19,scene_28_1,6272125008,RoadObstruction-Barrel,308.52005272017425,-1.3900062226318755,0.5,1,18
125,125:11,RoadObstruction:2,scene_28_1,6272125008,RoadObstruction-Barrel,114.4462994142746,-175.24742124837755,0.0,0,26
125,125:11,RoadObstruction:2,scene_28_1,6272125008,RoadObstruction-Barrel,114.4462994142746,-175.24742124837755,0.5,3,31
125,125:12,RoadObstruction:21,scene_28_1,6272125008,RoadObstruction-Barrel,348.5240138228542,-1.4957041479428208,0.0,0,4
125,125:12,RoadObstruction:21,scene_28_1,6272125008,RoadObstruction-Barrel,348.5240138228542,-1.4957041479428208,0.5,0,8
125,125:13,RoadObstruction:27,scene_28_1,6272125008,RoadObstruction-Barrel,147.54472863078973,-176.01152399609364,0.0,0,15
125,125:13,RoadObstruction:27,scene_28_1,6272125008,RoadObstruction-Barrel,147.54472863078973,-176.01152399609364,0.5,1,37
125,125:14,RoadObstruction:28,scene_28_1,6272125008,RoadObstruction-Barrel,89.45571057590794,5.559407660935176,0.0,0,77
125,125:14,RoadObstruction:28,scene_28_1,6272125008,RoadObstruction-Barrel,89.45571057590794,5.559407660935176,0.5,2,128
125,125:15,RoadObstruction:3,scene_28_1,6272125008,RoadObstruction-Barrel,36.22094647053168,-167.46928587534225,0.0,1,121
125,125:15,RoadObstruction:3,scene_28_1,6272125008,RoadObstruction-Barrel,36.22094647053168,-167.46928587534225,0.5,5,197
125,125:16,RoadObstruction:30,scene_28_1,6272125008,RoadObstruction-Barrel,12.62019678399828,134.40678089553464,0.0,2,293
125,125:16,RoadObstruction:30,scene_28_1,6272125008,RoadObstruction-Barrel,12.62019678399828,134.40678089553464,0.5,6,1150
125,125:17,RoadObstruction:35,scene_28_1,6272125008,RoadObstruction-Barrel,246.6396397561003,-177.11866121942631,0.0,0,2
125,125:17,RoadObstruction:35,scene_28_1,6272125008,RoadObstruction-Barrel,246.6396397561003,-177.11866121942631,0.5,0,9
125,125:18,RoadObstruction:36,scene_28_1,6272125008,RoadObstruction-Barrel,311.4657521210667,-176.71924282344526,0.0,0,0
125,125:18,RoadObstruction:36,scene_28_1,6272125008,RoadObstruction-Barrel,311.4657521210667,-176.71924282344526,0.5,0,5
125,125:19,RoadObstruction:4,scene_28_1,6272125008,RoadObstruction-Barrel,8.10251548438775,-108.64104607224822,0.0,0,12
125,125:19,RoadObstruction:4,scene_28_1,6272125008,RoadObstruction-Barrel,8.10251548438775,-108.64104607224822,0.5,0,193
125,125:20,RoadObstruction:5,scene_28_1,6272125008,RoadObstruction-Barrel,31.793098581445587,-14.140908854325408,0.0,2,284
125,125:20,RoadObstruction:5,scene_28_1,6272125008,RoadObstruction-Barrel,31.793098581445587,-14.140908854325408,0.5,4,547
125,125:21,RoadObstruction:6,scene_28_1,6272125008,RoadObstruction-Barrel,47.18273388230501,-9.879220427638929,0.0,0,199
125,125:21,RoadObstruction:6,scene_28_1,6272125008,RoadObstruction-Barrel,47.18273388230501,-9.879220427638929,0.5,7,427
125,125:22,RoadObstruction:7,scene_28_1,6272125008,RoadObstruction-Barrel,80.40860531763566,-5.742572836439914,0.0,0,132
125,125:22,RoadObstruction:7,scene_28_1,6272125008,RoadObstruction-Barrel,80.40860531763566,-5.742572836439914,0.5,3,161
125,125:23,RoadObstruction:8,scene_28_1,6272125008,RoadObstruction-Barrel,93.43496165347733,-5.067089606363456,0.0,0,107
125,125:23,RoadObstruction:8,scene_28_1,6272125008,RoadObstruction-Barrel,93.43496165347733,-5.067089606363456,0.5,1,127
125,125:24,RoadObstruction:9,scene_28_1,6272125008,RoadObstruction-Barrel,124.1451166866906,-3.731760763730732,0.0,0,67
125,125:24,RoadObstruction:9,scene_28_1,6272125008,RoadObstruction-Barrel,124.1451166866906,-3.731760763730732,0.5,2,74
125,125:25,TrafficSign:1,scene_28_1,6272125008,TrafficSign,103.09865505641065,-5.033218259032619,0.0,0,192
125,125:25,TrafficSign:1,scene_28_1,6272125008,TrafficSign,103.09865505641065,-5.033218259032619,0.5,1,585
125,125:26,TrafficSign:2,scene_28_1,6272125008,TrafficSign,233.17449943364147,-2.651302350275629,0.0,0,35
125,125:26,TrafficSign:2,scene_28_1,6272125008,TrafficSign,233.17449943364147,-2.651302350275629,0.5,1,119
125,125:27,TrafficSign:3,scene_28_1,6272125008,TrafficSign,212.23691491896537,4.949928193884746,0.0,0,43
125,125:27,TrafficSign:3,scene_28_1,6272125008,TrafficSign,212.23691491896537,4.949928193884746,0.5,2,112
125,125:28,TrafficSign:4,scene_28_1,6272125008,TrafficSign,66.89624694539206,156.54720499616758,0.0,0,49
125,125:28,TrafficSign:4,scene_28_1,6272125008,TrafficSign,66.89624694539206,156.54720499616758,0.5,2,476
125,125:29,TrafficSign:6,scene_28_1,6272125008,TrafficSign,280.6731724239008,-176.72188701023083,0.0,0,0
125,125:29,TrafficSign:6,scene_28_1,6272125008,TrafficSign,280.6731724239008,-176.72188701023083,0.5,0,25
125,125:30,Vehicle:1,scene_28_1,6272125008,Vehicle-SemiTruck-Trailer,198.5991008210369,1.2564542010014557,0.0,4,596
125,125:30,Vehicle:1,scene_28_1,6272125008,Vehicle-SemiTruck-Trailer,198.5991008210369,1.2564542010014557,0.5,7,678
125,125:31,Vehicle:12,scene_28_1,6272125008,Vehicle-Passenger,282.404042526347,-0.6547067746867503,0.0,1,111
125,125:31,Vehicle:12,scene_28_1,6272125008,Vehicle-Passenger,282.404042526347,-0.6547067746867503,0.5,2,117
125,125:32,Vehicle:14,scene_28_1,6272125008,Vehicle-Passenger,15.461415817776174,77.1911424826571,0.0,6,5148
125,125:32,Vehicle:14,scene_28_1,6272125008,Vehicle-Passenger,15.461415817776174,77.1911424826571,0.5,7,6006
125,125:33,Vehicle:15,scene_28_1,6272125008,Vehicle-Passenger,26.894987407236524,131.9958397998115,0.0,0,76
125,125:33,Vehicle:15,scene_28_1,6272125008,Vehicle-Passenger,26.894987407236524,131.9958397998115,0.5,4,103
125,125:34,Vehicle:17,scene_28_1,6272125008,Vehicle-Passenger,251.8247573371109,-178.85778965101764,0.0,0,5
125,125:34,Vehicle:17,scene_28_1,6272125008,Vehicle-Passenger,251.8247573371109,-178.85778965101764,0.5,1,5
125,125:35,Vehicle:2,scene_28_1,6272125008,Vehicle-SemiTruck-Trailer,201.5346224906543,0.10802387910050408,0.0,1,471
125,125:35,Vehicle:2,scene_28_1,6272125008,Vehicle-SemiTruck-Trailer,201.5346224906543,0.10802387910050408,0.5,8,539
125,125:36,Vehicle:23,scene_28_1,6272125008,Vehicle-SemiTruck-Trailer,182.18619628223135,173.70043965629628,0.0,0,16
125,125:36,Vehicle:23,scene_28_1,6272125008,Vehicle-SemiTruck-Trailer,182.18619628223135,173.70043965629628,0.5,0,17
125,125:37,Vehicle:24,scene_28_1,6272125008,Vehicle-SemiTruck-Cab,23.91218859705949,57.021995252738144,0.0,13,3805
125,125:37,Vehicle:24,scene_28_1,6272125008,Vehicle-SemiTruck-Cab,23.91218859705949,57.021995252738144,0.5,13,4285
125,125:38,Vehicle:25,scene_28_1,6272125008,Vehicle-SemiTruck-Trailer,31.630650618501733,39.49816502672916,0.0,20,5863
125,125:38,Vehicle:25,scene_28_1,6272125008,Vehicle-SemiTruck-Trailer,31.630650618501733,39.49816502672916,0.5,21,6925
125,125:39,Vehicle:26,scene_28_1,6272125008,Vehicle,80.87323848193297,10.696995700206656,0.0,2,9
125,125:39,Vehicle:26,scene_28_1,6272125008,Vehicle,80.87323848193297,10.696995700206656,0.5,3,9
125,125:40,Vehicle:28,scene_28_1,6272125008,Vehicle-Trailer,24.317942703931752,169.28776358571056,0.0,9,900
125,125:40,Vehicle:28,scene_28_1,6272125008,Vehicle-Trailer,24.317942703931752,169.28776358571056,0.5,20,1166
125,125:41,Vehicle:3,scene_28_1,6272125008,Vehicle-SemiTruck-Cab,34.650756053874645,7.63837448882263,0.0,14,1110
125,125:41,Vehicle:3,scene_28_1,6272125008,Vehicle-SemiTruck-Cab,34.650756053874645,7.63837448882263,0.5,25,1555
125,125:42,Vehicle:39,scene_28_1,6272125008,Vehicle-SemiTruck-Cab,209.38405014211298,1.214246414076901,0.0,1,1
125,125:42,Vehicle:39,scene_28_1,6272125008,Vehicle-SemiTruck-Cab,209.38405014211298,1.214246414076901,0.5,2,1
125,125:43,Vehicle:4,scene_28_1,6272125008,Vehicle-SemiTruck-Trailer,23.373104827528117,11.325799927876675,0.0,82,21057
125,125:43,Vehicle:4,scene_28_1,6272125008,Vehicle-SemiTruck-Trailer,23.373104827528117,11.325799927876675,0.5,93,22973
125,125:44,Vehicle:5,scene_28_1,6272125008,Vehicle-Passenger,17.13912355086555,164.52212012638503,0.0,12,212
125,125:44,Vehicle:5,scene_28_1,6272125008,Vehicle-Passenger,17.13912355086555,164.52212012638503,0.5,17,1292
125,125:45,Vehicle:53,scene_28_1,6272125008,Vehicle-Other,24.15400432361328,169.1915941223016,0.0,11,898
125,125:45,Vehicle:53,scene_28_1,6272125008,Vehicle-Other,24.15400432361328,169.1915941223016,0.5,16,929
125,125:48,Vehicle:8,scene_28_1,6272125008,Vehicle-Passenger,49.707870970719696,174.53325497938044,0.0,2,2
125,125:48,Vehicle:8,scene_28_1,6272125008,Vehicle-Passenger,49.707870970719696,174.53325497938044,0.5,2,126
125,125:49,RoadObstruction:29,scene_28_1,6272125008,RoadObstruction-Barrel,40.362969488671204,12.786358080588027,0.0,0,0
125,125:49,RoadObstruction:29,scene_28_1,6272125008,RoadObstruction-Barrel,40.362969488671204,12.786358080588027,0.5,0,0
125,125:50,Vehicle:13,scene_28_1,6272125008,Vehicle-SingleUnitTruck,326.1869556661083,0.037636589838337495,0.0,0,0
125,125:50,Vehicle:13,scene_28_1,6272125008,Vehicle-SingleUnitTruck,326.1869556661083,0.037636589838337495,0.5,0,0
135,135:0,RoadObstruction:1,scene_28_1,6772096233,RoadObstruction-Barrel,88.77161293277017,-174.30660313620038,0.0,1,66
135,135:0,RoadObstruction:1,scene_28_1,6772096233,RoadObstruction-Barrel,88.77161293277017,-174.30660313620038,0.5,2,71
135,135:1,RoadObstruction:10,scene_28_1,6772096233,RoadObstruction-Barrel,129.14940713084914,-3.5842871969465717,0.0,0,89
135,135:1,RoadObstruction:10,scene_28_1,6772096233,RoadObstruction-Barrel,129.14940713084914,-3.5842871969465717,0.5,2,100
135,135:2,RoadObstruction:11,scene_28_1,6772096233,RoadObstruction-Barrel,149.13143208197903,-3.728457733767406,0.0,0,33
135,135:2,RoadObstruction:11,scene_28_1,6772096233,RoadObstruction-Barrel,149.13143208197903,-3.728457733767406,0.5,0,42
135,135:3,RoadObstruction:12,scene_28_1,6772096233,RoadObstruction-Barrel,176.72474751515375,-3.0485492246509116,0.0,0,36
135,135:3,RoadObstruction:12,scene_28_1,6772096233,RoadObstruction-Barrel,176.72474751515375,-3.0485492246509116,0.5,1,42
135,135:4,RoadObstruction:13,scene_28_1,6772096233,RoadObstruction-Barrel,195.2812204992419,-2.851859201282635,0.0,0,34
135,135:4,RoadObstruction:13,scene_28_1,6772096233,RoadObstruction-Barrel,195.2812204992419,-2.851859201282635,0.5,0,38
135,135:5,RoadObstruction:14,scene_28_1,6772096233,RoadObstruction-Barrel,217.47253306760254,-2.624025601342296,0.0,0,32
135,135:5,RoadObstruction:14,scene_28_1,6772096233,RoadObstruction-Barrel,217.47253306760254,-2.624025601342296,0.5,0,51
135,135:6,RoadObstruction:15,scene_28_1,6772096233,RoadObstruction-Barrel,232.82502288509502,-2.455880268639328,0.0,0,21
135,135:6,RoadObstruction:15,scene_28_1,6772096233,RoadObstruction-Barrel,232.82502288509502,-2.455880268639328,0.5,1,37
135,135:7,RoadObstruction:16,scene_28_1,6772096233,RoadObstruction-Barrel,243.43655226773987,-2.2994959635948926,0.0,0,13
135,135:7,RoadObstruction:16,scene_28_1,6772096233,RoadObstruction-Barrel,243.43655226773987,-2.2994959635948926,0.5,0,21
135,135:8,RoadObstruction:17,scene_28_1,6772096233,RoadObstruction-Barrel,260.62839234557447,-2.214562041157361,0.0,0,16
135,135:8,RoadObstruction:17,scene_28_1,6772096233,RoadObstruction-Barrel,260.62839234557447,-2.214562041157361,0.5,0,17
135,135:9,RoadObstruction:18,scene_28_1,6772096233,RoadObstruction-Barrel,275.39967908235883,-2.0133557418155363,0.0,0,14
135,135:9,RoadObstruction:18,scene_28_1,6772096233,RoadObstruction-Barrel,275.39967908235883,-2.0133557418155363,0.5,2,25
135,135:10,RoadObstruction:19,scene_28_1,6772096233,RoadObstruction-Barrel,293.90225797647014,-1.579022296698063,0.0,0,11
135,135:10,RoadObstruction:19,scene_28_1,6772096233,RoadObstruction-Barrel,293.90225797647014,-1.579022296698063,0.5,0,11
135,135:11,RoadObstruction:2,scene_28_1,6772096233,RoadObstruction-Barrel,128.9127524892161,-175.90016429238565,0.0,0,25
135,135:11,RoadObstruction:2,scene_28_1,6772096233,RoadObstruction-Barrel,128.9127524892161,-175.90016429238565,0.5,3,34
135,135:12,RoadObstruction:21,scene_28_1,6772096233,RoadObstruction-Barrel,334.0126941892839,-1.6862245810127594,0.0,0,0
135,135:12,RoadObstruction:21,scene_28_1,6772096233,RoadObstruction-Barrel,334.0126941892839,-1.6862245810127594,0.5,0,3
135,135:13,RoadObstruction:27,scene_28_1,6772096233,RoadObstruction-Barrel,162.07409202195697,-176.49228894847232,0.0,0,27
135,135:13,RoadObstruction:27,scene_28_1,6772096233,RoadObstruction-Barrel,162.07409202195697,-176.49228894847232,0.5,1,48
135,135:14,RoadObstruction:28,scene_28_1,6772096233,RoadObstruction-Barrel,74.93828019635588,6.635879706158309,0.0,0,0
135,135:14,RoadObstruction:28,scene_28_1,6772096233,RoadObstruction-Barrel,74.93828019635588,6.635879706158309,0.5,0,0
135,135:15,RoadObstruction:29,scene_28_1,6772096233,RoadObstruction-Barrel,26.450999597718656,19.72922906557141,0.0,1,8
135,135:15,RoadObstruction:29,scene_28_1,6772096233,RoadObstruction-Barrel,26.450999597718656,19.72922906557141,0.5,1,170
135,135:16,RoadObstruction:3,scene_28_1,6772096233,RoadObstruction-Barrel,50.49464575675604,-171.1317458157549,0.0,0,63
135,135:16,RoadObstruction:3,scene_28_1,6772096233,RoadObstruction-Barrel,50.49464575675604,-171.1317458157549,0.5,2,70
135,135:17,RoadObstruction:30,scene_28_1,6772096233,RoadObstruction-Barrel,25.03254526827181,158.33305053244746,0.0,0,203
135,135:17,RoadObstruction:30,scene_28_1,6772096233,RoadObstruction-Barrel,25.03254526827181,158.33305053244746,0.5,1,479
135,135:18,RoadObstruction:35,scene_28_1,6772096233,RoadObstruction-Barrel,261.1596691371449,-177.41144005357526,0.0,0,8
135,135:18,RoadObstruction:35,scene_28_1,6772096233,RoadObstruction-Barrel,261.1596691371449,-177.41144005357526,0.5,0,8
135,135:19,RoadObstruction:4,scene_28_1,6772096233,RoadObstruction-Barrel,18.742370399760684,-155.82637020128308,0.0,0,242
135,135:19,RoadObstruction:4,scene_28_1,6772096233,RoadObstruction-Barrel,18.742370399760684,-155.82637020128308,0.5,0,406
135,135:20,RoadObstruction:5,scene_28_1,6772096233,RoadObstruction-Barrel,18.05815505920926,-25.39082356649197,0.0,2,219
135,135:20,RoadObstruction:5,scene_28_1,6772096233,RoadObstruction-Barrel,18.05815505920926,-25.39082356649197,0.5,3,390
135,135:21,RoadObstruction:6,scene_28_1,6772096233,RoadObstruction-Barrel,32.991502055785375,-14.178374658460136,0.0,1,332
135,135:21,RoadObstruction:6,scene_28_1,6772096233,RoadObstruction-Barrel,32.991502055785375,-14.178374658460136,0.5,6,497
135,135:22,RoadObstruction:7,scene_28_1,6772096233,RoadObstruction-Barrel,65.96806855797307,-7.088021218177784,0.0,0,171
135,135:22,RoadObstruction:7,scene_28_1,6772096233,RoadObstruction-Barrel,65.96806855797307,-7.088021218177784,0.5,4,217
135,135:23,RoadObstruction:8,scene_28_1,6772096233,RoadObstruction-Barrel,78.91651580204727,-6.093623223121006,0.0,0,159
135,135:23,RoadObstruction:8,scene_28_1,6772096233,RoadObstruction-Barrel,78.91651580204727,-6.093623223121006,0.5,4,192
135,135:24,RoadObstruction:9,scene_28_1,6772096233,RoadObstruction-Barrel,109.61445862242029,-4.334660672158102,0.0,0,95
135,135:24,RoadObstruction:9,scene_28_1,6772096233,RoadObstruction-Barrel,109.61445862242029,-4.334660672158102,0.5,0,108
135,135:25,TrafficSign:1,scene_28_1,6772096233,TrafficSign,88.58087931777143,-5.9615477178060585,0.0,0,204
135,135:25,TrafficSign:1,scene_28_1,6772096233,TrafficSign,88.58087931777143,-5.9615477178060585,0.5,1,782
135,135:26,TrafficSign:2,scene_28_1,6772096233,TrafficSign,218.64135474113834,-2.9439891569803334,0.0,0,49
135,135:26,TrafficSign:2,scene_28_1,6772096233,TrafficSign,218.64135474113834,-2.9439891569803334,0.5,1,109
135,135:27,TrafficSign:3,scene_28_1,6772096233,TrafficSign,197.7037545806078,5.199970547399058,0.0,0,67
135,135:27,TrafficSign:3,scene_28_1,6772096233,TrafficSign,197.7037545806078,5.199970547399058,0.5,0,147
135,135:28,TrafficSign:4,scene_28_1,6772096233,TrafficSign,80.50723872291101,160.42727439055122,0.0,0,77
135,135:28,TrafficSign:4,scene_28_1,6772096233,TrafficSign,80.50723872291101,160.42727439055122,0.5,0,346
135,135:29,TrafficSign:6,scene_28_1,6772096233,TrafficSign,295.28354573102484,-177.02913690700612,0.0,0,0
135,135:29,TrafficSign:6,scene_28_1,6772096233,TrafficSign,295.28354573102484,-177.02913690700612,0.5,0,11
135,135:30,Vehicle:1,scene_28_1,6772096233,Vehicle-SemiTruck-Trailer,197.47586836871523,1.1513422682074013,0.0,4,503
135,135:30,Vehicle:1,scene_28_1,6772096233,Vehicle-SemiTruck-Trailer,197.47586836871523,1.1513422682074013,0.5,7,533
135,135:31,Vehicle:12,scene_28_1,6772096233,Vehicle-Passenger,279.6445349357073,-0.8283321136048813,0.0,1,73
135,135:31,Vehicle:12,scene_28_1,6772096233,Vehicle-Passenger,279.6445349357073,-0.8283321136048813,0.5,1,91
135,135:32,Vehicle:13,scene_28_1,6772096233,Vehicle-SingleUnitTruck,327.58548461227315,-0.3459037251838447,0.0,0,13
135,135:32,Vehicle:13,scene_28_1,6772096233,Vehicle-SingleUnitTruck,327.58548461227315,-0.3459037251838447,0.5,0,15
135,135:33,Vehicle:14,scene_28_1,6772096233,Vehicle-Passenger,33.35246103867351,152.479008208765,0.0,6,23
135,135:33,Vehicle:14,scene_28_1,6772096233,Vehicle-Passenger,33.35246103867351,152.479008208765,0.5,8,32
135,135:34,Vehicle:15,scene_28_1,6772096233,Vehicle-Passenger,53.015131247396056,157.34607130543654,0.0,2,3
135,135:34,Vehicle:15,scene_28_1,6772096233,Vehicle-Passenger,53.015131247396056,157.34607130543654,0.5,4,3
135,135:35,Vehicle:17,scene_28_1,6772096233,Vehicle-Passenger,252.72379206138416,-179.16552019931538,0.0,0,6
135,135:35,Vehicle:17,scene_28_1,6772096233,Vehicle-Passenger,252.72379206138416,-179.16552019931538,0.5,2,6
135,135:36,Vehicle:2,scene_28_1,6772096233,Vehicle-SemiTruck-Trailer,198.61504354982588,-0.01095183280946995,0.0,2,425
135,135:36,Vehicle:2,scene_28_1,6772096233,Vehicle-SemiTruck-Trailer,198.61504354982588,-0.01095183280946995,0.5,3,478
135,135:37,Vehicle:23,scene_28_1,6772096233,Vehicle-SemiTruck-Trailer,211.31763874129018,174.50490860686725,0.0,0,8
135,135:37,Vehicle:23,scene_28_1,6772096233,Vehicle-SemiTruck-Trailer,211.31763874129018,174.50490860686725,0.5,0,10
135,135:38,Vehicle:24,scene_28_1,6772096233,Vehicle-SemiTruck-Cab,26.17766715722474,129.75273416377127,0.0,8,1093
135,135:38,Vehicle:24,scene_28_1,6772096233,Vehicle-SemiTruck-Cab,26.17766715722474,129.75273416377127,0.5,9,1310
135,135:39,Vehicle:25,scene_28_1,6772096233,Vehicle-SemiTruck-Trailer,20.94557135505932,105.80040305809304,0.0,19,19977
135,135:39,Vehicle:25,scene_28_1,6772096233,Vehicle-SemiTruck-Trailer,20.94557135505932,105.80040305809304,0.5,22,21360
135,135:40,Vehicle:28,scene_28_1,6772096233,Vehicle-Trailer,22.38481143295573,168.30921455805827,0.0,5,621
135,135:40,Vehicle:28,scene_28_1,6772096233,Vehicle-Trailer,22.38481143295573,168.30921455805827,0.5,12,1006
135,135:41,Vehicle:3,scene_28_1,6772096233,Vehicle-SemiTruck-Cab,36.58098181032381,7.104868316996672,0.0,15,848
135,135:41,Vehicle:3,scene_28_1,6772096233,Vehicle-SemiTruck-Cab,36.58098181032381,7.104868316996672,0.5,26,1461
135,135:42,Vehicle:4,scene_28_1,6772096233,Vehicle-SemiTruck-Trailer,25.285935430035025,10.350462565755041,0.0,68,15853
135,135:42,Vehicle:4,scene_28_1,6772096233,Vehicle-SemiTruck-Trailer,25.285935430035025,10.350462565755041,0.5,79,18953
135,135:43,Vehicle:5,scene_28_1,6772096233,Vehicle-Passenger,15.246879888737721,162.5558149781185,0.0,12,229
135,135:43,Vehicle:5,scene_28_1,6772096233,Vehicle-Passenger,15.246879888737721,162.5558149781185,0.5,14,885
135,135:44,Vehicle:53,scene_28_1,6772096233,Vehicle-Other,22.144678495528282,168.15588132838363,0.0,6,593
135,135:44,Vehicle:53,scene_28_1,6772096233,Vehicle-Other,22.144678495528282,168.15588132838363,0.5,8,651
135,135:47,Vehicle:8,scene_28_1,6772096233,Vehicle-Passenger,47.10335391378782,174.29839526748887,0.0,2,6
135,135:47,Vehicle:8,scene_28_1,6772096233,Vehicle-Passenger,47.10335391378782,174.29839526748887,0.5,4,128
135,135:48,RoadObstruction:36,scene_28_1,6772096233,RoadObstruction-Barrel,325.78555242203583,-176.99330719294244,0.0,0,0
135,135:48,RoadObstruction:36,scene_28_1,6772096233,RoadObstruction-Barrel,325.78555242203583,-176.99330719294244,0.5,0,0
135,135:49,Vehicle:26,scene_28_1,6772096233,Vehicle-Passenger,49.91694817168872,17.665248577892747,0.0,0,0
135,135:49,Vehicle:26,scene_28_1,6772096233,Vehicle-Passenger,49.91694817168872,17.665248577892747,0.5,0,0
135,135:50,Vehicle:39,scene_28_1,6772096233,Vehicle-SemiTruck-Cab,208.28062723616392,1.1059533648680315,0.0,0,0
135,135:50,Vehicle:39,scene_28_1,6772096233,Vehicle-SemiTruck-Cab,208.28062723616392,1.1059533648680315,0.5,1,0
145,145:0,RoadObstruction:1,scene_28_1,7272077408,RoadObstruction-Barrel,103.24851437688908,-175.2006175555153,0.0,1,46
145,145:0,RoadObstruction:1,scene_28_1,7272077408,RoadObstruction-Barrel,103.24851437688908,-175.2006175555153,0.5,2,50
145,145:1,RoadObstruction:10,scene_28_1,7272077408,RoadObstruction-Barrel,114.63351087876293,-4.11294913469022,0.0,0,82
145,145:1,RoadObstruction:10,scene_28_1,7272077408,RoadObstruction-Barrel,114.63351087876293,-4.11294913469022,0.5,4,91
145,145:2,RoadObstruction:11,scene_28_1,7272077408,RoadObstruction-Barrel,134.6434315583785,-4.189054174380705,0.0,0,26
145,145:2,RoadObstruction:11,scene_28_1,7272077408,RoadObstruction-Barrel,134.6434315583785,-4.189054174380705,0.5,0,32
145,145:3,RoadObstruction:12,scene_28_1,7272077408,RoadObstruction-Barrel,162.20303467631018,-3.3958853200749624,0.0,0,56
145,145:3,RoadObstruction:12,scene_28_1,7272077408,RoadObstruction-Barrel,162.20303467631018,-3.3958853200749624,0.5,1,61
145,145:4,RoadObstruction:13,scene_28_1,7272077408,RoadObstruction-Barrel,180.75431484470096,-3.159134576437861,0.0,0,52
145,145:4,RoadObstruction:13,scene_28_1,7272077408,RoadObstruction-Barrel,180.75431484470096,-3.159134576437861,0.5,0,61
145,145:5,RoadObstruction:14,scene_28_1,7272077408,RoadObstruction-Barrel,202.9771999000332,-2.890998465746888,0.0,0,33
145,145:5,RoadObstruction:14,scene_28_1,7272077408,RoadObstruction-Barrel,202.9771999000332,-2.890998465746888,0.5,0,43
145,145:6,RoadObstruction:15,scene_28_1,7272077408,RoadObstruction-Barrel,218.29559235393398,-2.6969300772489895,0.0,0,25
145,145:6,RoadObstruction:15,scene_28_1,7272077408,RoadObstruction-Barrel,218.29559235393398,-2.6969300772489895,0.5,2,28
145,145:7,RoadObstruction:16,scene_28_1,7272077408,RoadObstruction-Barrel,228.91139007240696,-2.5249411262046637,0.0,0,25
145,145:7,RoadObstruction:16,scene_28_1,7272077408,RoadObstruction-Barrel,228.91139007240696,-2.5249411262046637,0.5,0,28
145,145:8,RoadObstruction:17,scene_28_1,7272077408,RoadObstruction-Barrel,246.13211349406038,-2.4204362551321985,0.0,0,24
145,145:8,RoadObstruction:17,scene_28_1,7272077408,RoadObstruction-Barrel,246.13211349406038,-2.4204362551321985,0.5,1,27
145,145:9,RoadObstruction:18,scene_28_1,7272077408,RoadObstruction-Barrel,260.90697077965854,-2.2077018202300183,0.0,0,24
145,145:9,RoadObstruction:18,scene_28_1,7272077408,RoadObstruction-Barrel,260.90697077965854,-2.2077018202300183,0.5,0,27
145,145:10,RoadObstruction:19,scene_28_1,7272077408,RoadObstruction-Barrel,279.31054920366637,-1.7425206171590595,0.0,0,19
145,145:10,RoadObstruction:19,scene_28_1,7272077408,RoadObstruction-Barrel,279.31054920366637,-1.7425206171590595,0.5,1,20
145,145:11,RoadObstruction:2,scene_28_1,7272077408,RoadObstruction-Barrel,143.43339818573065,-176.39108130954324,0.0,0,32
145,145:11,RoadObstruction:2,scene_28_1,7272077408,RoadObstruction-Barrel,143.43339818573065,-176.39108130954324,0.5,1,39
145,145:12,RoadObstruction:21,scene_28_1,7272077408,RoadObstruction-Barrel,319.49221060261294,-1.8472791136008735,0.0,0,0
145,145:12,RoadObstruction:21,scene_28_1,7272077408,RoadObstruction-Barrel,319.49221060261294,-1.8472791136008735,0.5,1,6
145,145:13,RoadObstruction:27,scene_28_1,7272077408,RoadObstruction-Barrel,176.6230149806294,-176.8544299559387,0.0,0,17
145,145:13,RoadObstruction:27,scene_28_1,7272077408,RoadObstruction-Barrel,176.6230149806294,-176.8544299559387,0.5,1,38
145,145:14,RoadObstruction:29,scene_28_1,7272077408,RoadObstruction-Barrel,13.856287757802338,40.135815419796565,0.0,2,55
145,145:14,RoadObstruction:29,scene_28_1,7272077408,RoadObstruction-Barrel,13.856287757802338,40.135815419796565,0.5,4,520
145,145:15,RoadObstruction:3,scene_28_1,7272077408,RoadObstruction-Barrel,64.80870615895999,-173.17407040398984,0.0,0,46
145,145:15,RoadObstruction:3,scene_28_1,7272077408,RoadObstruction-Barrel,64.80870615895999,-173.17407040398984,0.5,2,52
145,145:16,RoadObstruction:30,scene_28_1,7272077408,RoadObstruction-Barrel,38.87157262597497,165.81962826131976,0.0,0,23
145,145:16,RoadObstruction:30,scene_28_1,7272077408,RoadObstruction-Barrel,38.87157262597497,165.81962826131976,0.5,0,57
145,145:17,RoadObstruction:35,scene_28_1,7272077408,RoadObstruction-Barrel,275.70997341319134,-177.63209086591,0.0,0,0
145,145:17,RoadObstruction:35,scene_28_1,7272077408,RoadObstruction-Barrel,275.70997341319134,-177.63209086591,0.5,0,0
145,145:18,RoadObstruction:36,scene_28_1,7272077408,RoadObstruction-Barrel,340.2498953719789,-177.20921225937977,0.0,0,0
145,145:18,RoadObstruction:36,scene_28_1,7272077408,RoadObstruction-Barrel,340.2498953719789,-177.20921225937977,0.5,0,5
145,145:19,RoadObstruction:4,scene_28_1,7272077408,RoadObstruction-Barrel,32.518706221665404,-166.3742066004104,0.0,2,155
145,145:19,RoadObstruction:4,scene_28_1,7272077408,RoadObstruction-Barrel,32.518706221665404,-166.3742066004104,0.5,3,179
145,145:20,RoadObstruction:5,scene_28_1,7272077408,RoadObstruction-Barrel,7.943606346945797,-76.5983017251497,0.0,0,14
145,145:20,RoadObstruction:5,scene_28_1,7272077408,RoadObstruction-Barrel,7.943606346945797,-76.5983017251497,0.5,0,277
145,145:21,RoadObstruction:6,scene_28_1,7272077408,RoadObstruction-Barrel,19.249260221213454,-24.70562334747243,0.0,3,241
145,145:21,RoadObstruction:6,scene_28_1,7272077408,RoadObstruction-Barrel,19.249260221213454,-24.70562334747243,0.5,4,334
145,145:22,RoadObstruction:7,scene_28_1,7272077408,RoadObstruction-Barrel,51.630261164848164,-9.085013412019338,0.0,0,183
145,145:22,RoadObstruction:7,scene_28_1,7272077408,RoadObstruction-Barrel,51.630261164848164,-9.085013412019338,0.5,5,400
145,145:23,RoadObstruction:8,scene_28_1,7272077408,RoadObstruction-Barrel,64.4832778730414,-7.506754305299276,0.0,0,184
145,145:23,RoadObstruction:8,scene_28_1,7272077408,RoadObstruction-Barrel,64.4832778730414,-7.506754305299276,0.5,2,242
145,145:24,RoadObstruction:9,scene_28_1,7272077408,RoadObstruction-Barrel,95.10809028157642,-5.048520127518392,0.0,0,96
145,145:24,RoadObstruction:9,scene_28_1,7272077408,RoadObstruction-Barrel,95.10809028157642,-5.048520127518392,0.5,3,109
145,145:25,TrafficSign:1,scene_28_1,7272077408,TrafficSign,74.14900168856968,-7.167588316723864,0.0,0,315
145,145:25,TrafficSign:1,scene_28_1,7272077408,TrafficSign,74.14900168856968,-7.167588316723864,0.5,1,1041
145,145:26,TrafficSign:2,scene_28_1,7272077408,TrafficSign,204.12690866950064,-3.22720987966583,0.0,0,32
145,145:26,TrafficSign:2,scene_28_1,7272077408,TrafficSign,204.12690866950064,-3.22720987966583,0.5,0,124
145,145:27,TrafficSign:3,scene_28_1,7272077408,TrafficSign,183.1805798297004,5.551278365020315,0.0,0,7
145,145:27,TrafficSign:3,scene_28_1,7272077408,TrafficSign,183.1805798297004,5.551278365020315,0.5,0,18
145,145:28,TrafficSign:4,scene_28_1,7272077408,TrafficSign,94.3815338224842,163.1955251670507,0.0,0,30
145,145:28,TrafficSign:4,scene_28_1,7272077408,TrafficSign,94.3815338224842,163.1955251670507,0.5,0,229
145,145:29,TrafficSign:6,scene_28_1,7272077408,TrafficSign,309.79406121868243,-177.2971488158258,0.0,0,0
145,145:29,TrafficSign:6,scene_28_1,7272077408,TrafficSign,309.79406121868243,-177.2971488158258,0.5,0,3
145,145:30,Vehicle:1,scene_28_1,7272077408,Vehicle-SemiTruck-Trailer,196.40718255957708,1.081157896258874,0.0,2,472
145,145:30,Vehicle:1,scene_28_1,7272077408,Vehicle-SemiTruck-Trailer,196.40718255957708,1.081157896258874,0.5,7,538
145,145:31,Vehicle:12,scene_28_1,7272077408,Vehicle-Passenger,276.90647668137547,-0.9824954584978532,0.0,1,113
145,145:31,Vehicle:12,scene_28_1,7272077408,Vehicle-Passenger,276.90647668137547,-0.9824954584978532,0.5,2,117
145,145:32,Vehicle:13,scene_28_1,7272077408,Vehicle-SingleUnitTruck,328.8050544061019,-0.7100994095586031,0.0,1,23
145,145:32,Vehicle:13,scene_28_1,7272077408,Vehicle-SingleUnitTruck,328.8050544061019,-0.7100994095586031,0.5,1,28
145,145:33,Vehicle:14,scene_28_1,7272077408,Vehicle-Passenger,62.98360595383169,165.0727353817852,0.0,0,11
145,145:33,Vehicle:14,scene_28_1,7272077408,Vehicle-Passenger,62.98360595383169,165.0727353817852,0.5,5,21
145,145:34,Vehicle:17,scene_28_1,7272077408,Vehicle-Passenger,253.81013635625976,-179.40976044068745,0.0,0,5
145,145:34,Vehicle:17,scene_28_1,7272077408,Vehicle-Passenger,253.81013635625976,-179.40976044068745,0.5,0,6
145,145:35,Vehicle:2,scene_28_1,7272077408,Vehicle-SemiTruck-Trailer,195.77306702748305,-0.0948004223732253,0.0,1,470
145,145:35,Vehicle:2,scene_28_1,7272077408,Vehicle-SemiTruck-Trailer,195.77306702748305,-0.0948004223732253,0.5,1,494
145,145:36,Vehicle:23,scene_28_1,7272077408,Vehicle-SemiTruck-Trailer,240.5537241522084,175.2205307527857,0.0,0,0
145,145:36,Vehicle:23,scene_28_1,7272077408,Vehicle-SemiTruck-Trailer,240.5537241522084,175.2205307527857,0.5,1,3
145,145:37,Vehicle:24,scene_28_1,7272077408,Vehicle-SemiTruck-Cab,50.48500193467715,156.29103321361941,0.0,7,16
145,145:37,Vehicle:24,scene_28_1,7272077408,Vehicle-SemiTruck-Cab,50.48500193467715,156.29103321361941,0.5,9,25
145,145:38,Vehicle:25,scene_28_1,7272077408,Vehicle-SemiTruck-Trailer,40.88105105780612,150.1402398746599,0.0,30,352
145,145:38,Vehicle:25,scene_28_1,7272077408,Vehicle-SemiTruck-Trailer,40.88105105780612,150.1402398746599,0.5,45,412
145,145:39,Vehicle:26,scene_28_1,7272077408,Vehicle-Passenger,21.81890214614341,45.06404126706976,0.0,10,152
145,145:39,Vehicle:26,scene_28_1,7272077408,Vehicle-Passenger,21.81890214614341,45.06404126706976,0.5,13,216
145,145:40,Vehicle:28,scene_28_1,7272077408,Vehicle-Trailer,20.493546133468996,167.3926434588883,0.0,12,433
145,145:40,Vehicle:28,scene_28_1,7272077408,Vehicle-Trailer,20.493546133468996,167.3926434588883,0.5,22,883
145,145:41,Vehicle:3,scene_28_1,7272077408,Vehicle-SemiTruck-Cab,38.562317034816424,6.658427439223615,0.0,13,118
145,145:41,Vehicle:3,scene_28_1,7272077408,Vehicle-SemiTruck-Cab,38.562317034816424,6.658427439223615,0.5,22,760
145,145:42,Vehicle:4,scene_28_1,7272077408,Vehicle-SemiTruck-Trailer,27.2517694768287,9.523921602774047,0.0,58,11579
145,145:42,Vehicle:4,scene_28_1,7272077408,Vehicle-SemiTruck-Trailer,27.2517694768287,9.523921602774047,0.5,71,14631
145,145:43,Vehicle:5,scene_28_1,7272077408,Vehicle-Passenger,13.400601356526606,160.40076158222777,0.0,15,317
145,145:43,Vehicle:5,scene_28_1,7272077408,Vehicle-Passenger,13.400601356526606,160.40076158222777,0.5,15,964
145,145:44,Vehicle:53,scene_28_1,7272077408,Vehicle-Other,20.31915006218491,167.2492406557736,0.0,11,397
145,145:44,Vehicle:53,scene_28_1,7272077408,Vehicle-Other,20.31915006218491,167.2492406557736,0.5,17,449
145,145:47,Vehicle:8,scene_28_1,7272077408,Vehicle-Passenger,44.66948508701021,174.16454499354407,0.0,3,7
145,145:47,Vehicle:8,scene_28_1,7272077408,Vehicle-Passenger,44.66948508701021,174.16454499354407,0.5,3,7
145,145:48,RoadObstruction:20,scene_28_1,7272077408,RoadObstruction-Barrel,294.92547811061735,-1.6892310497720258,0.0,0,0
145,145:48,RoadObstruction:20,scene_28_1,7272077408,RoadObstruction-Barrel,294.92547811061735,-1.6892310497720258,0.5,0,0
145,145:49,RoadObstruction:28,scene_28_1,7272077408,RoadObstruction-Barrel,60.571842284331225,8.228658134926842,0.0,0,0
145,145:49,RoadObstruction:28,scene_28_1,7272077408,RoadObstruction-Barrel,60.571842284331225,8.228658134926842,0.5,0,0
145,145:50,Vehicle:39,scene_28_1,7272077408,Vehicle-SemiTruck-Cab,207.19576893493098,1.0354751817522365,0.0,0,0
145,145:50,Vehicle:39,scene_28_1,7272077408,Vehicle-SemiTruck-Cab,207.19576893493098,1.0354751817522365,0.5,1,0
155,155:0,RoadObstruction:1,scene_28_1,7772048708,RoadObstruction-Barrel,117.73878829749955,-175.84509062704103,0.0,1,49
155,155:0,RoadObstruction:1,scene_28_1,7772048708,RoadObstruction-Barrel,117.73878829749955,-175.84509062704103,0.5,2,66
155,155:1,RoadObstruction:10,scene_28_1,7772048708,RoadObstruction-Barrel,100.16919330514027,-4.744003020046767,0.0,0,74
155,155:1,RoadObstruction:10,scene_28_1,7772048708,RoadObstruction-Barrel,100.16919330514027,-4.744003020046767,0.5,4,106
155,155:2,RoadObstruction:11,scene_28_1,7772048708,RoadObstruction-Barrel,120.11214911293948,-4.720766385816387,0.0,0,56
155,155:2,RoadObstruction:11,scene_28_1,7772048708,RoadObstruction-Barrel,120.11214911293948,-4.720766385816387,0.5,1,64
155,155:3,RoadObstruction:12,scene_28_1,7772048708,RoadObstruction-Barrel,147.6939340172698,-3.7666945237235856,0.0,0,70
155,155:3,RoadObstruction:12,scene_28_1,7772048708,RoadObstruction-Barrel,147.6939340172698,-3.7666945237235856,0.5,1,74
155,155:4,RoadObstruction:13,scene_28_1,7772048708,RoadObstruction-Barrel,166.25843592993127,-3.477577176750864,0.0,0,42
155,155:4,RoadObstruction:13,scene_28_1,7772048708,RoadObstruction-Barrel,166.25843592993127,-3.477577176750864,0.5,1,48
155,155:5,RoadObstruction:14,scene_28_1,7772048708,RoadObstruction-Barrel,188.54249777203682,-3.156857481279602,0.0,0,31
155,155:5,RoadObstruction:14,scene_28_1,7772048708,RoadObstruction-Barrel,188.54249777203682,-3.156857481279602,0.5,0,41
155,155:6,RoadObstruction:15,scene_28_1,7772048708,RoadObstruction-Barrel,203.79469154675428,-2.937289433470909,0.0,0,34
155,155:6,RoadObstruction:15,scene_28_1,7772048708,RoadObstruction-Barrel,203.79469154675428,-2.937289433470909,0.5,1,46
155,155:7,RoadObstruction:16,scene_28_1,7772048708,RoadObstruction-Barrel,214.40856802524533,-2.7414103129766825,0.0,0,24
155,155:7,RoadObstruction:16,scene_28_1,7772048708,RoadObstruction-Barrel,214.40856802524533,-2.7414103129766825,0.5,2,36
155,155:8,RoadObstruction:17,scene_28_1,7772048708,RoadObstruction-Barrel,231.66824834442355,-2.6157487380568347,0.0,0,26
155,155:8,RoadObstruction:17,scene_28_1,7772048708,RoadObstruction-Barrel,231.66824834442355,-2.6157487380568347,0.5,2,30
155,155:9,RoadObstruction:18,scene_28_1,7772048708,RoadObstruction-Barrel,246.39454421348051,-2.39214411426699,0.0,1,28
155,155:9,RoadObstruction:18,scene_28_1,7772048708,RoadObstruction-Barrel,246.39454421348051,-2.39214411426699,0.5,1,31
155,155:10,RoadObstruction:19,scene_28_1,7772048708,RoadObstruction-Barrel,264.77361333538266,-1.8922216923636053,0.0,0,22
155,155:10,RoadObstruction:19,scene_28_1,7772048708,RoadObstruction-Barrel,264.77361333538266,-1.8922216923636053,0.5,0,28
155,155:11,RoadObstruction:2,scene_28_1,7772048708,RoadObstruction-Barrel,158.01789239759518,-176.77824568251322,0.0,0,26
155,155:11,RoadObstruction:2,scene_28_1,7772048708,RoadObstruction-Barrel,158.01789239759518,-176.77824568251322,0.5,0,32
155,155:12,RoadObstruction:21,scene_28_1,7772048708,RoadObstruction-Barrel,304.9614491472763,-1.9891514140601283,0.0,0,13
155,155:12,RoadObstruction:21,scene_28_1,7772048708,RoadObstruction-Barrel,304.9614491472763,-1.9891514140601283,0.5,0,14
155,155:13,RoadObstruction:27,scene_28_1,7772048708,RoadObstruction-Barrel,191.18436723480198,-177.14524713028374,0.0,0,4
155,155:13,RoadObstruction:27,scene_28_1,7772048708,RoadObstruction-Barrel,191.18436723480198,-177.14524713028374,0.5,1,11
155,155:14,RoadObstruction:28,scene_28_1,7772048708,RoadObstruction-Barrel,46.30415094227332,10.869705229948456,0.0,1,0
155,155:14,RoadObstruction:28,scene_28_1,7772048708,RoadObstruction-Barrel,46.30415094227332,10.869705229948456,0.5,2,4
155,155:15,RoadObstruction:29,scene_28_1,7772048708,RoadObstruction-Barrel,9.750002631698656,112.10220559200269,0.0,1,254
155,155:15,RoadObstruction:29,scene_28_1,7772048708,RoadObstruction-Barrel,9.750002631698656,112.10220559200269,0.5,2,1292
155,155:16,RoadObstruction:3,scene_28_1,7772048708,RoadObstruction-Barrel,79.16702008531817,-174.48918973978948,0.0,1,49
155,155:16,RoadObstruction:3,scene_28_1,7772048708,RoadObstruction-Barrel,79.16702008531817,-174.48918973978948,0.5,2,55
155,155:17,RoadObstruction:35,scene_28_1,7772048708,RoadObstruction-Barrel,290.12446273611806,-177.80549288673657,0.0,0,3
155,155:17,RoadObstruction:35,scene_28_1,7772048708,RoadObstruction-Barrel,290.12446273611806,-177.80549288673657,0.5,0,8
155,155:18,RoadObstruction:4,scene_28_1,7772048708,RoadObstruction-Barrel,46.692895384988255,-170.59841698896054,0.0,0,70
155,155:18,RoadObstruction:4,scene_28_1,7772048708,RoadObstruction-Barrel,46.692895384988255,-170.59841698896054,0.5,2,73
155,155:19,RoadObstruction:5,scene_28_1,7772048708,RoadObstruction-Barrel,14.795046144510641,-148.44393711239968,0.0,1,357
155,155:19,RoadObstruction:5,scene_28_1,7772048708,RoadObstruction-Barrel,14.795046144510641,-148.44393711239968,0.5,3,594
155,155:20,RoadObstruction:6,scene_28_1,7772048708,RoadObstruction-Barrel,8.591548591691636,-69.28374534378646,0.0,0,15
155,155:20,RoadObstruction:6,scene_28_1,7772048708,RoadObstruction-Barrel,8.591548591691636,-69.28374534378646,0.5,0,225
155,155:21,RoadObstruction:7,scene_28_1,7772048708,RoadObstruction-Barrel,37.409120008949074,-12.527865387659862,0.0,2,332
155,155:21,RoadObstruction:7,scene_28_1,7772048708,RoadObstruction-Barrel,37.409120008949074,-12.527865387659862,0.5,5,529
155,155:22,RoadObstruction:8,scene_28_1,7772048708,RoadObstruction-Barrel,50.19332030127145,-9.649948444779836,0.0,0,113
155,155:22,RoadObstruction:8,scene_28_1,7772048708,RoadObstruction-Barrel,50.19332030127145,-9.649948444779836,0.5,5,283
155,155:23,RoadObstruction:9,scene_28_1,7772048708,RoadObstruction-Barrel,80.64707451378744,-5.957843649607045,0.0,0,130
155,155:23,RoadObstruction:9,scene_28_1,7772048708,RoadObstruction-Barrel,80.64707451378744,-5.957843649607045,0.5,3,149
155,155:24,TrafficSign:1,scene_28_1,7772048708,TrafficSign,59.801644266717055,-8.907169003247436,0.0,0,386
155,155:24,TrafficSign:1,scene_28_1,7772048708,TrafficSign,59.801644266717055,-8.907169003247436,0.5,0,918
155,155:25,TrafficSign:2,scene_28_1,7772048708,TrafficSign,189.64368718502544,-3.521968077271699,0.0,0,64
155,155:25,TrafficSign:2,scene_28_1,7772048708,TrafficSign,189.64368718502544,-3.521968077271699,0.5,2,179
155,155:26,TrafficSign:4,scene_28_1,7772048708,TrafficSign,108.39655593064302,165.23991373375296,0.0,0,5
155,155:26,TrafficSign:4,scene_28_1,7772048708,TrafficSign,108.39655593064302,165.23991373375296,0.5,0,52
155,155:27,Vehicle:1,scene_28_1,7772048708,Vehicle-SemiTruck-Trailer,195.3306689322763,1.0367459368809764,0.0,1,588
155,155:27,Vehicle:1,scene_28_1,7772048708,Vehicle-SemiTruck-Trailer,195.3306689322763,1.0367459368809764,0.5,4,677
155,155:28,Vehicle:12,scene_28_1,7772048708,Vehicle-Passenger,274.07940619299995,-1.1240262825778908,0.0,0,91
155,155:28,Vehicle:12,scene_28_1,7772048708,Vehicle-Passenger,274.07940619299995,-1.1240262825778908,0.5,1,93
155,155:29,Vehicle:13,scene_28_1,7772048708,Vehicle-SingleUnitTruck,329.7553626574043,-1.0710012250831717,0.0,1,30
155,155:29,Vehicle:13,scene_28_1,7772048708,Vehicle-SingleUnitTruck,329.7553626574043,-1.0710012250831717,0.5,1,40
155,155:30,Vehicle:17,scene_28_1,7772048708,Vehicle-Passenger,254.92659949945588,-179.5817338983998,0.0,0,5
155,155:30,Vehicle:17,scene_28_1,7772048708,Vehicle-Passenger,254.92659949945588,-179.5817338983998,0.5,0,5
155,155:31,Vehicle:2,scene_28_1,7772048708,Vehicle-SemiTruck-Trailer,192.94748235566658,-0.15812222772918336,0.0,1,621
155,155:31,Vehicle:2,scene_28_1,7772048708,Vehicle-SemiTruck-Trailer,192.94748235566658,-0.15812222772918336,0.5,2,661
155,155:32,Vehicle:23,scene_28_1,7772048708,Vehicle-SemiTruck-Trailer,269.8675644608845,175.80506440589812,0.0,0,6
155,155:32,Vehicle:23,scene_28_1,7772048708,Vehicle-SemiTruck-Trailer,269.8675644608845,175.80506440589812,0.5,0,6
155,155:33,Vehicle:24,scene_28_1,7772048708,Vehicle-SemiTruck-Cab,77.96366880372899,164.77629128772958,0.0,6,1
155,155:33,Vehicle:24,scene_28_1,7772048708,Vehicle-SemiTruck-Cab,77.96366880372899,164.77629128772958,0.5,6,1
155,155:34,Vehicle:25,scene_28_1,7772048708,Vehicle-SemiTruck-Trailer,66.58541459068812,161.84765977824955,0.0,16,31
155,155:34,Vehicle:25,scene_28_1,7772048708,Vehicle-SemiTruck-Trailer,66.58541459068812,161.84765977824955,0.5,38,32
155,155:35,Vehicle:26,scene_28_1,7772048708,Vehicle-Passenger,22.88390616752439,136.295821247829,0.0,0,61
155,155:35,Vehicle:26,scene_28_1,7772048708,Vehicle-Passenger,22.88390616752439,136.295821247829,0.5,0,195
155,155:36,Vehicle:28,scene_28_1,7772048708,Vehicle-Trailer,18.636123155887336,166.35111765920323,0.0,11,651
155,155:36,Vehicle:28,scene_28_1,7772048708,Vehicle-Trailer,18.636123155887336,166.35111765920323,0.5,22,1099
155,155:37,Vehicle:3,scene_28_1,7772048708,Vehicle-SemiTruck-Cab,40.56674232380719,6.231105299407285,0.0,14,431
155,155:37,Vehicle:3,scene_28_1,7772048708,Vehicle-SemiTruck-Cab,40.56674232380719,6.231105299407285,0.5,19,702
155,155:38,Vehicle:4,scene_28_1,7772048708,Vehicle-SemiTruck-Trailer,29.242214871279668,8.763287331039637,0.0,65,11259
155,155:38,Vehicle:4,scene_28_1,7772048708,Vehicle-SemiTruck-Trailer,29.242214871279668,8.763287331039637,0.5,80,14639
155,155:39,Vehicle:5,scene_28_1,7772048708,Vehicle-Passenger,11.605303853833183,157.6566444506184,0.0,13,461
155,155:39,Vehicle:5,scene_28_1,7772048708,Vehicle-Passenger,11.605303853833183,157.6566444506184,0.5,15,834
155,155:40,Vehicle:53,scene_28_1,7772048708,Vehicle-Other,18.573700043632382,166.2838096611965,0.0,14,657
155,155:40,Vehicle:53,scene_28_1,7772048708,Vehicle-Other,18.573700043632382,166.2838096611965,0.5,20,795
155,155:43,Vehicle:8,scene_28_1,7772048708,Vehicle-Passenger,42.43005835047581,173.92813810740623,0.0,6,7
155,155:43,Vehicle:8,scene_28_1,7772048708,Vehicle-Passenger,42.43005835047581,173.92813810740623,0.5,7,128
155,155:44,RoadObstruction:20,scene_28_1,7772048708,RoadObstruction-Barrel,280.41339927631856,-1.8269102994328679,0.0,0,0
155,155:44,RoadObstruction:20,scene_28_1,7772048708,RoadObstruction-Barrel,280.41339927631856,-1.8269102994328679,0.5,0,0
155,155:45,RoadObstruction:30,scene_28_1,7772048708,RoadObstruction-Barrel,53.16078643878582,169.37211243961053,0.0,0,0
155,155:45,RoadObstruction:30,scene_28_1,7772048708,RoadObstruction-Barrel,53.16078643878582,169.37211243961053,0.5,0,0
155,155:46,RoadObstruction:36,scene_28_1,7772048708,RoadObstruction-Barrel,354.8755514414704,-177.3872767680638,0.0,0,0
155,155:46,RoadObstruction:36,scene_28_1,7772048708,RoadObstruction-Barrel,354.8755514414704,-177.3872767680638,0.5,0,0
155,155:47,TrafficSign:3,scene_28_1,7772048708,TrafficSign,168.80594862502014,5.981861517724091,0.0,0,0
155,155:47,TrafficSign:3,scene_28_1,7772048708,TrafficSign,168.80594862502014,5.981861517724091,0.5,1,0
155,155:48,Vehicle:39,scene_28_1,7772048708,Vehicle-SemiTruck-Cab,206.1325305493556,0.9871477612858104,0.0,0,0
155,155:48,Vehicle:39,scene_28_1,7772048708,Vehicle-SemiTruck-Cab,206.1325305493556,0.9871477612858104,0.5,1,0
165,165:0,RoadObstruction:1,scene_28_1,8272030058,RoadObstruction-Barrel,132.20647205346606,-176.3376031823173,0.0,1,36
165,165:0,RoadObstruction:1,scene_28_1,8272030058,RoadObstruction-Barrel,132.20647205346606,-176.3376031823173,0.5,2,46
165,165:1,RoadObstruction:10,scene_28_1,8272030058,RoadObstruction-Barrel,85.73844726732877,-5.550393266758463,0.0,0,118
165,165:1,RoadObstruction:10,scene_28_1,8272030058,RoadObstruction-Barrel,85.73844726732877,-5.550393266758463,0.5,3,148
165,165:2,RoadObstruction:11,scene_28_1,8272030058,RoadObstruction-Barrel,105.62659280045239,-5.3831686775029315,0.0,0,90
165,165:2,RoadObstruction:11,scene_28_1,8272030058,RoadObstruction-Barrel,105.62659280045239,-5.3831686775029315,0.5,0,98
165,165:3,RoadObstruction:12,scene_28_1,8272030058,RoadObstruction-Barrel,133.19230471763694,-4.198169658781486,0.0,0,67
165,165:3,RoadObstruction:12,scene_28_1,8272030058,RoadObstruction-Barrel,133.19230471763694,-4.198169658781486,0.5,2,83
165,165:4,RoadObstruction:13,scene_28_1,8272030058,RoadObstruction-Barrel,151.76047559265632,-3.8375542346122735,0.0,0,54
165,165:4,RoadObstruction:13,scene_28_1,8272030058,RoadObstruction-Barrel,151.76047559265632,-3.8375542346122735,0.5,2,66
165,165:5,RoadObstruction:14,scene_28_1,8272030058,RoadObstruction-Barrel,174.15022446757072,-3.4524279692587396,0.0,0,47
165,165:5,RoadObstruction:14,scene_28_1,8272030058,RoadObstruction-Barrel,174.15022446757072,-3.4524279692587396,0.5,0,66
165,165:6,RoadObstruction:15,scene_28_1,8272030058,RoadObstruction-Barrel,189.3388274969824,-3.1992384459366208,0.0,1,37
165,165:6,RoadObstruction:15,scene_28_1,8272030058,RoadObstruction-Barrel,189.3388274969824,-3.1992384459366208,0.5,2,48
165,165:7,RoadObstruction:16,scene_28_1,8272030058,RoadObstruction-Barrel,199.9384513570718,-2.97342405186683,0.0,0,36
165,165:7,RoadObstruction:16,scene_28_1,8272030058,RoadObstruction-Barrel,199.9384513570718,-2.97342405186683,0.5,0,45
165,165:8,RoadObstruction:17,scene_28_1,8272030058,RoadObstruction-Barrel,217.20098237691676,-2.828784389895549,0.0,0,26
165,165:8,RoadObstruction:17,scene_28_1,8272030058,RoadObstruction-Barrel,217.20098237691676,-2.828784389895549,0.5,1,30
165,165:9,RoadObstruction:18,scene_28_1,8272030058,RoadObstruction-Barrel,231.88636330550273,-2.5857759238245155,0.0,0,26
165,165:9,RoadObstruction:18,scene_28_1,8272030058,RoadObstruction-Barrel,231.88636330550273,-2.5857759238245155,0.5,1,33
165,165:10,RoadObstruction:19,scene_28_1,8272030058,RoadObstruction-Barrel,250.28325197553792,-2.045514892895337,0.0,0,24
165,165:10,RoadObstruction:19,scene_28_1,8272030058,RoadObstruction-Barrel,250.28325197553792,-2.045514892895337,0.5,0,29
165,165:11,RoadObstruction:2,scene_28_1,8272030058,RoadObstruction-Barrel,172.5568829741573,-177.09478596052048,0.0,0,19
165,165:11,RoadObstruction:2,scene_28_1,8272030058,RoadObstruction-Barrel,172.5568829741573,-177.09478596052048,0.5,0,24
165,165:12,RoadObstruction:20,scene_28_1,8272030058,RoadObstruction-Barrel,265.84552833112343,-1.9632513009654105,0.0,0,4
165,165:12,RoadObstruction:20,scene_28_1,8272030058,RoadObstruction-Barrel,265.84552833112343,-1.9632513009654105,0.5,0,4
165,165:13,RoadObstruction:21,scene_28_1,8272030058,RoadObstruction-Barrel,290.4464671004074,-2.1350311642718753,0.0,0,6
165,165:13,RoadObstruction:21,scene_28_1,8272030058,RoadObstruction-Barrel,290.4464671004074,-2.1350311642718753,0.5,0,10
165,165:14,RoadObstruction:27,scene_28_1,8272030058,RoadObstruction-Barrel,205.62427920877283,-177.39665494429218,0.0,0,5
165,165:14,RoadObstruction:27,scene_28_1,8272030058,RoadObstruction-Barrel,205.62427920877283,-177.39665494429218,0.5,0,5
165,165:15,RoadObstruction:28,scene_28_1,8272030058,RoadObstruction-Barrel,32.30057724861069,15.570121382634706,0.0,2,233
165,165:15,RoadObstruction:28,scene_28_1,8272030058,RoadObstruction-Barrel,32.30057724861069,15.570121382634706,0.5,4,594
165,165:16,RoadObstruction:29,scene_28_1,8272030058,RoadObstruction-Barrel,20.24246518205204,152.87118029112744,0.0,3,134
165,165:16,RoadObstruction:29,scene_28_1,8272030058,RoadObstruction-Barrel,20.24246518205204,152.87118029112744,0.5,3,473
165,165:17,RoadObstruction:3,scene_28_1,8272030058,RoadObstruction-Barrel,93.55714923886958,-175.39950817661187,0.0,1,48
165,165:17,RoadObstruction:3,scene_28_1,8272030058,RoadObstruction-Barrel,93.55714923886958,-175.39950817661187,0.5,3,50
165,165:18,RoadObstruction:35,scene_28_1,8272030058,RoadObstruction-Barrel,304.5683375416202,-177.95808208735346,0.0,0,0
165,165:18,RoadObstruction:35,scene_28_1,8272030058,RoadObstruction-Barrel,304.5683375416202,-177.95808208735346,0.5,0,7
165,165:19,RoadObstruction:4,scene_28_1,8272030058,RoadObstruction-Barrel,60.933265089226296,-172.8581595490011,0.0,1,30
165,165:19,RoadObstruction:4,scene_28_1,8272030058,RoadObstruction-Barrel,60.933265089226296,-172.8581595490011,0.5,2,32
165,165:20,RoadObstruction:5,scene_28_1,8272030058,RoadObstruction-Barrel,28.181048600307896,-164.00662484829337,0.0,0,141
165,165:20,RoadObstruction:5,scene_28_1,8272030058,RoadObstruction-Barrel,28.181048600307896,-164.00662484829337,0.5,3,266
165,165:21,RoadObstruction:6,scene_28_1,8272030058,RoadObstruction-Barrel,13.931651201234267,-144.7279300046854,0.0,2,151
165,165:21,RoadObstruction:6,scene_28_1,8272030058,RoadObstruction-Barrel,13.931651201234267,-144.7279300046854,0.5,2,273
165,165:22,RoadObstruction:7,scene_28_1,8272030058,RoadObstruction-Barrel,23.52112960375894,-20.03822480070723,0.0,2,313
165,165:22,RoadObstruction:7,scene_28_1,8272030058,RoadObstruction-Barrel,23.52112960375894,-20.03822480070723,0.5,4,510
165,165:23,RoadObstruction:8,scene_28_1,8272030058,RoadObstruction-Barrel,36.055198878140615,-13.411635848682414,0.0,1,322
165,165:23,RoadObstruction:8,scene_28_1,8272030058,RoadObstruction-Barrel,36.055198878140615,-13.411635848682414,0.5,3,540
165,165:24,RoadObstruction:9,scene_28_1,8272030058,RoadObstruction-Barrel,66.27190253672218,-7.241055159561687,0.0,0,154
165,165:24,RoadObstruction:9,scene_28_1,8272030058,RoadObstruction-Barrel,66.27190253672218,-7.241055159561687,0.5,7,214
165,165:25,TrafficSign:1,scene_28_1,8272030058,TrafficSign,45.557996695966445,-11.705609603452292,0.0,0,92
165,165:25,TrafficSign:1,scene_28_1,8272030058,TrafficSign,45.557996695966445,-11.705609603452292,0.5,1,1501
165,165:26,TrafficSign:2,scene_28_1,8272030058,TrafficSign,175.16069308782625,-3.850041144821608,0.0,0,64
165,165:26,TrafficSign:2,scene_28_1,8272030058,TrafficSign,175.16069308782625,-3.850041144821608,0.5,0,198
165,165:27,Vehicle:1,scene_28_1,8272030058,Vehicle-SemiTruck-Trailer,194.2857187825852,0.993331772916331,0.0,5,509
165,165:27,Vehicle:1,scene_28_1,8272030058,Vehicle-SemiTruck-Trailer,194.2857187825852,0.993331772916331,0.5,6,585
165,165:28,Vehicle:12,scene_28_1,8272030058,Vehicle-Passenger,271.1596123310069,-1.2682486110027853,0.0,0,85
165,165:28,Vehicle:12,scene_28_1,8272030058,Vehicle-Passenger,271.1596123310069,-1.2682486110027853,0.5,2,94
165,165:29,Vehicle:13,scene_28_1,8272030058,Vehicle-SingleUnitTruck,330.73128199710214,-1.4854260867786573,0.0,1,41
165,165:29,Vehicle:13,scene_28_1,8272030058,Vehicle-SingleUnitTruck,330.73128199710214,-1.4854260867786573,0.5,2,45
165,165:30,Vehicle:2,scene_28_1,8272030058,Vehicle-SemiTruck-Trailer,190.15421478983274,-0.22661312013337287,0.0,2,603
165,165:30,Vehicle:2,scene_28_1,8272030058,Vehicle-SemiTruck-Trailer,190.15421478983274,-0.22661312013337287,0.5,4,645
165,165:31,Vehicle:23,scene_28_1,8272030058,Vehicle-SemiTruck-Trailer,299.5495255467652,176.1958206640608,0.0,1,7
165,165:31,Vehicle:23,scene_28_1,8272030058,Vehicle-SemiTruck-Trailer,299.5495255467652,176.1958206640608,0.5,2,7
165,165:32,Vehicle:25,scene_28_1,8272030058,Vehicle-SemiTruck-Trailer,90.04754744647198,166.257644598542,0.0,4,29
165,165:32,Vehicle:25,scene_28_1,8272030058,Vehicle-SemiTruck-Trailer,90.04754744647198,166.257644598542,0.5,10,32
165,165:33,Vehicle:26,scene_28_1,8272030058,Vehicle-Passenger,50.81261238445334,161.28298559332052,0.0,0,7
165,165:33,Vehicle:26,scene_28_1,8272030058,Vehicle-Passenger,50.81261238445334,161.28298559332052,0.5,3,9
165,165:34,Vehicle:28,scene_28_1,8272030058,Vehicle-Trailer,16.78404006207866,165.0203764684467,0.0,6,957
165,165:34,Vehicle:28,scene_28_1,8272030058,Vehicle-Trailer,16.78404006207866,165.0203764684467,0.5,17,1501
165,165:35,Vehicle:3,scene_28_1,8272030058,Vehicle-SemiTruck-Cab,42.597847031263214,5.816647629251908,0.0,15,428
165,165:35,Vehicle:3,scene_28_1,8272030058,Vehicle-SemiTruck-Cab,42.597847031263214,5.816647629251908,0.5,22,1391
165,165:36,Vehicle:33,scene_28_1,8272030058,Vehicle-Passenger,49.68893399547021,22.649800953063213,0.0,3,6
165,165:36,Vehicle:33,scene_28_1,8272030058,Vehicle-Passenger,49.68893399547021,22.649800953063213,0.5,5,6
165,165:37,Vehicle:4,scene_28_1,8272030058,Vehicle-SemiTruck-Trailer,31.26022061943747,8.061829144201619,0.0,53,31595
165,165:37,Vehicle:4,scene_28_1,8272030058,Vehicle-SemiTruck-Trailer,31.26022061943747,8.061829144201619,0.5,65,35341
165,165:38,Vehicle:5,scene_28_1,8272030058,Vehicle-Passenger,9.848727781355523,153.81291469791577,0.0,15,562
165,165:38,Vehicle:5,scene_28_1,8272030058,Vehicle-Passenger,9.848727781355523,153.81291469791577,0.5,17,1099
165,165:39,Vehicle:53,scene_28_1,8272030058,Vehicle-Other,16.760596737016357,165.0242157950414,0.0,15,836
165,165:39,Vehicle:53,scene_28_1,8272030058,Vehicle-Other,16.760596737016357,165.0242157950414,0.5,18,972
165,165:42,Vehicle:8,scene_28_1,8272030058,Vehicle-Passenger,40.37019682749157,173.5341411385191,0.0,2,19
165,165:42,Vehicle:8,scene_28_1,8272030058,Vehicle-Passenger,40.37019682749157,173.5341411385191,0.5,2,161
165,165:43,RoadObstruction:30,scene_28_1,8272030058,RoadObstruction-Barrel,67.65672323447157,171.42908228137867,0.0,0,0
165,165:43,RoadObstruction:30,scene_28_1,8272030058,RoadObstruction-Barrel,67.65672323447157,171.42908228137867,0.5,0,0
165,165:44,TrafficSign:3,scene_28_1,8272030058,TrafficSign,154.44103105819073,6.498216783895629,0.0,0,0
165,165:44,TrafficSign:3,scene_28_1,8272030058,TrafficSign,154.44103105819073,6.498216783895629,0.5,0,0
165,165:45,TrafficSign:4,scene_28_1,8272030058,TrafficSign,122.47270405191902,166.77311579422488,0.0,0,0
165,165:45,TrafficSign:4,scene_28_1,8272030058,TrafficSign,122.47270405191902,166.77311579422488,0.5,0,0
165,165:46,Vehicle:17,scene_28_1,8272030058,Vehicle-Passenger,255.88661912031452,-179.70460393235933,0.0,0,0
165,165:46,Vehicle:17,scene_28_1,8272030058,Vehicle-Passenger,255.88661912031452,-179.70460393235933,0.5,0,0
165,165:47,Vehicle:39,scene_28_1,8272030058,Vehicle-SemiTruck-Cab,205.0742816702245,0.9381566019177916,0.0,0,0
165,165:47,Vehicle:39,scene_28_1,8272030058,Vehicle-SemiTruck-Cab,205.0742816702245,0.9381566019177916,0.5,2,0
175,175:0,RoadObstruction:1,scene_28_1,8772001358,RoadObstruction-Barrel,146.68286862439152,-176.69152462462748,0.0,0,28
175,175:0,RoadObstruction:1,scene_28_1,8772001358,RoadObstruction-Barrel,146.68286862439152,-176.69152462462748,0.5,2,28
175,175:1,RoadObstruction:10,scene_28_1,8772001358,RoadObstruction-Barrel,71.3453831064688,-6.594051649194122,0.0,0,149
175,175:1,RoadObstruction:10,scene_28_1,8772001358,RoadObstruction-Barrel,71.3453831064688,-6.594051649194122,0.5,6,191
175,175:2,RoadObstruction:11,scene_28_1,8772001358,RoadObstruction-Barrel,91.22254479146885,-6.1902626334345845,0.0,0,89
175,175:2,RoadObstruction:11,scene_28_1,8772001358,RoadObstruction-Barrel,91.22254479146885,-6.1902626334345845,0.5,2,101
175,175:3,RoadObstruction:12,scene_28_1,8772001358,RoadObstruction-Barrel,118.71882586855983,-4.674829751934379,0.0,0,71
175,175:3,RoadObstruction:12,scene_28_1,8772001358,RoadObstruction-Barrel,118.71882586855983,-4.674829751934379,0.5,0,84
175,175:4,RoadObstruction:13,scene_28_1,8772001358,RoadObstruction-Barrel,137.3300704655598,-4.212642017016637,0.0,0,57
175,175:4,RoadObstruction:13,scene_28_1,8772001358,RoadObstruction-Barrel,137.3300704655598,-4.212642017016637,0.5,2,75
175,175:5,RoadObstruction:14,scene_28_1,8772001358,RoadObstruction-Barrel,159.71650387296665,-3.744068524739921,0.0,0,55
175,175:5,RoadObstruction:14,scene_28_1,8772001358,RoadObstruction-Barrel,159.71650387296665,-3.744068524739921,0.5,0,68
175,175:6,RoadObstruction:15,scene_28_1,8772001358,RoadObstruction-Barrel,174.93443903485732,-3.4427144585282337,0.0,0,47
175,175:6,RoadObstruction:15,scene_28_1,8772001358,RoadObstruction-Barrel,174.93443903485732,-3.4427144585282337,0.5,2,57
175,175:7,RoadObstruction:16,scene_28_1,8772001358,RoadObstruction-Barrel,185.49432864034614,-3.1822912446634644,0.0,0,33
175,175:7,RoadObstruction:16,scene_28_1,8772001358,RoadObstruction-Barrel,185.49432864034614,-3.1822912446634644,0.5,1,37
175,175:8,RoadObstruction:17,scene_28_1,8772001358,RoadObstruction-Barrel,202.73951120662971,-3.0168722490504103,0.0,0,32
175,175:8,RoadObstruction:17,scene_28_1,8772001358,RoadObstruction-Barrel,202.73951120662971,-3.0168722490504103,0.5,2,38
175,175:9,RoadObstruction:18,scene_28_1,8772001358,RoadObstruction-Barrel,217.37990831807448,-2.7432254129792226,0.0,0,32
175,175:9,RoadObstruction:18,scene_28_1,8772001358,RoadObstruction-Barrel,217.37990831807448,-2.7432254129792226,0.5,0,34
175,175:10,RoadObstruction:19,scene_28_1,8772001358,RoadObstruction-Barrel,235.7995004023185,-2.1585599287597192,0.0,0,15
175,175:10,RoadObstruction:19,scene_28_1,8772001358,RoadObstruction-Barrel,235.7995004023185,-2.1585599287597192,0.5,2,20
175,175:11,RoadObstruction:2,scene_28_1,8772001358,RoadObstruction,186.9550009696457,-177.3126738772616,0.0,0,17
175,175:11,RoadObstruction:2,scene_28_1,8772001358,RoadObstruction,186.9550009696457,-177.3126738772616,0.5,0,18
175,175:12,RoadObstruction:20,scene_28_1,8772001358,RoadObstruction-Barrel,251.27346559984045,-2.0628287751269627,0.0,0,15
175,175:12,RoadObstruction:20,scene_28_1,8772001358,RoadObstruction-Barrel,251.27346559984045,-2.0628287751269627,0.5,0,16
175,175:13,RoadObstruction:21,scene_28_1,8772001358,RoadObstruction-Barrel,276.0245258431676,-2.2449256850784205,0.0,0,14
175,175:13,RoadObstruction:21,scene_28_1,8772001358,RoadObstruction-Barrel,276.0245258431676,-2.2449256850784205,0.5,1,14
175,175:14,RoadObstruction:27,scene_28_1,8772001358,RoadObstruction-Barrel,220.00310872460594,-177.56961009819418,0.0,0,8
175,175:14,RoadObstruction:27,scene_28_1,8772001358,RoadObstruction-Barrel,220.00310872460594,-177.56961009819418,0.5,0,9
175,175:15,RoadObstruction:28,scene_28_1,8772001358,RoadObstruction-Barrel,18.850363372517624,27.340839032954154,0.0,2,128
175,175:15,RoadObstruction:28,scene_28_1,8772001358,RoadObstruction-Barrel,18.850363372517624,27.340839032954154,0.5,4,590
175,175:16,RoadObstruction:29,scene_28_1,8772001358,RoadObstruction-Barrel,33.810408524742485,163.78078970646732,0.0,1,89
175,175:16,RoadObstruction:29,scene_28_1,8772001358,RoadObstruction-Barrel,33.810408524742485,163.78078970646732,0.5,3,188
175,175:17,RoadObstruction:3,scene_28_1,8772001358,RoadObstruction-Barrel,107.96895999641987,-176.00736383084774,0.0,1,61
175,175:17,RoadObstruction:3,scene_28_1,8772001358,RoadObstruction-Barrel,107.96895999641987,-176.00736383084774,0.5,1,61
175,175:18,RoadObstruction:30,scene_28_1,8772001358,RoadObstruction-Barrel,82.20697840113387,172.80931267772291,0.0,0,0
175,175:18,RoadObstruction:30,scene_28_1,8772001358,RoadObstruction-Barrel,82.20697840113387,172.80931267772291,0.5,0,5
175,175:19,RoadObstruction:4,scene_28_1,8772001358,RoadObstruction-Barrel,75.24546062232928,-174.22146011949246,0.0,0,47
175,175:19,RoadObstruction:4,scene_28_1,8772001358,RoadObstruction-Barrel,75.24546062232928,-174.22146011949246,0.5,2,53
175,175:20,RoadObstruction:5,scene_28_1,8772001358,RoadObstruction-Barrel,42.25219776619216,-169.34416659531698,0.0,0,106
175,175:20,RoadObstruction:5,scene_28_1,8772001358,RoadObstruction-Barrel,42.25219776619216,-169.34416659531698,0.5,2,119
175,175:21,RoadObstruction:6,scene_28_1,8772001358,RoadObstruction-Barrel,27.041908370158605,-162.6276494170969,0.0,2,178
175,175:21,RoadObstruction:6,scene_28_1,8772001358,RoadObstruction-Barrel,27.041908370158605,-162.6276494170969,0.5,3,276
175,175:22,RoadObstruction:7,scene_28_1,8772001358,RoadObstruction-Barrel,11.125569719839776,-46.0675057153156,0.0,2,17
175,175:22,RoadObstruction:7,scene_28_1,8772001358,RoadObstruction-Barrel,11.125569719839776,-46.0675057153156,0.5,2,166
175,175:23,RoadObstruction:8,scene_28_1,8772001358,RoadObstruction-Barrel,22.284114392692832,-21.771619395529967,0.0,2,327
175,175:23,RoadObstruction:8,scene_28_1,8772001358,RoadObstruction-Barrel,22.284114392692832,-21.771619395529967,0.5,4,424
175,175:24,RoadObstruction:9,scene_28_1,8772001358,RoadObstruction-Barrel,51.9922589499099,-9.161226719770584,0.0,0,159
175,175:24,RoadObstruction:9,scene_28_1,8772001358,RoadObstruction-Barrel,51.9922589499099,-9.161226719770584,0.5,4,368
175,175:25,TrafficSign:1,scene_28_1,8772001358,TrafficSign,31.507534760588104,-16.891625309585017,0.0,0,55
175,175:25,TrafficSign:1,scene_28_1,8772001358,TrafficSign,31.507534760588104,-16.891625309585017,0.5,0,545
175,175:26,TrafficSign:2,scene_28_1,8772001358,TrafficSign,160.72014948819205,-4.175785000045369,0.0,0,65
175,175:26,TrafficSign:2,scene_28_1,8772001358,TrafficSign,160.72014948819205,-4.175785000045369,0.5,1,235
175,175:27,TrafficSign:4,scene_28_1,8772001358,TrafficSign,136.58367070714576,168.03982260935473,0.0,0,20
175,175:27,TrafficSign:4,scene_28_1,8772001358,TrafficSign,136.58367070714576,168.03982260935473,0.5,0,90
175,175:28,Vehicle:1,scene_28_1,8772001358,Vehicle-SemiTruck-Trailer,193.27415493588663,0.9873256524259645,0.0,2,572
175,175:28,Vehicle:1,scene_28_1,8772001358,Vehicle-SemiTruck-Trailer,193.27415493588663,0.9873256524259645,0.5,8,642
175,175:29,Vehicle:12,scene_28_1,8772001358,Vehicle-Passenger,268.1552782742977,-1.3807753206553028,0.0,0,65
175,175:29,Vehicle:12,scene_28_1,8772001358,Vehicle-Passenger,268.1552782742977,-1.3807753206553028,0.5,3,68
175,175:30,Vehicle:13,scene_28_1,8772001358,Vehicle-SingleUnitTruck,331.8932954526256,-1.928876578051035,0.0,0,37
175,175:30,Vehicle:13,scene_28_1,8772001358,Vehicle-SingleUnitTruck,331.8932954526256,-1.928876578051035,0.5,2,58
175,175:31,Vehicle:2,scene_28_1,8772001358,Vehicle-SemiTruck-Trailer,187.39844306184386,-0.26004811031015873,0.0,0,656
175,175:31,Vehicle:2,scene_28_1,8772001358,Vehicle-SemiTruck-Trailer,187.39844306184386,-0.26004811031015873,0.5,8,703
175,175:32,Vehicle:28,scene_28_1,8772001358,Vehicle-Trailer,14.951914785126567,163.38563068570286,0.0,9,1400
175,175:32,Vehicle:28,scene_28_1,8772001358,Vehicle-Trailer,14.951914785126567,163.38563068570286,0.5,22,1900
175,175:33,Vehicle:3,scene_28_1,8772001358,Vehicle-SemiTruck-Cab,44.734395602155175,5.488170698250891,0.0,13,311
175,175:33,Vehicle:3,scene_28_1,8772001358,Vehicle-SemiTruck-Cab,44.734395602155175,5.488170698250891,0.5,18,1077
175,175:34,Vehicle:33,scene_28_1,8772001358,Vehicle-Passenger,25.598781040588303,48.871812032011924,0.0,4,119
175,175:34,Vehicle:33,scene_28_1,8772001358,Vehicle-Passenger,25.598781040588303,48.871812032011924,0.5,4,143
175,175:35,Vehicle:39,scene_28_1,8772001358,Vehicle-SemiTruck-Cab,204.04310448131778,0.9279808772114134,0.0,2,8
175,175:35,Vehicle:39,scene_28_1,8772001358,Vehicle-SemiTruck-Cab,204.04310448131778,0.9279808772114134,0.5,3,12
175,175:36,Vehicle:4,scene_28_1,8772001358,Vehicle-SemiTruck-Trailer,33.3865860075428,7.481608236372244,0.0,68,46264
175,175:36,Vehicle:4,scene_28_1,8772001358,Vehicle-SemiTruck-Trailer,33.3865860075428,7.481608236372244,0.5,80,50911
175,175:37,Vehicle:5,scene_28_1,8772001358,Vehicle-Passenger,8.166090196805154,148.35675931863412,0.0,16,738
175,175:37,Vehicle:5,scene_28_1,8772001358,Vehicle-Passenger,8.166090196805154,148.35675931863412,0.5,18,1639
175,175:38,Vehicle:53,scene_28_1,8772001358,Vehicle-Other,14.889781206434309,163.38644237179437,0.0,19,1283
175,175:38,Vehicle:53,scene_28_1,8772001358,Vehicle-Other,14.889781206434309,163.38644237179437,0.5,20,1503
175,175:41,Vehicle:8,scene_28_1,8772001358,Vehicle-Passenger,38.42927467702112,173.1495781540772,0.0,5,13
175,175:41,Vehicle:8,scene_28_1,8772001358,Vehicle-Passenger,38.42927467702112,173.1495781540772,0.5,5,125
175,175:42,RoadObstruction:35,scene_28_1,8772001358,RoadObstruction-Barrel,319.07850365649836,-178.048063001144,0.0,0,0
175,175:42,RoadObstruction:35,scene_28_1,8772001358,RoadObstruction-Barrel,319.07850365649836,-178.048063001144,0.5,0,0
175,175:43,TrafficSign:3,scene_28_1,8772001358,TrafficSign,140.10317067540194,7.176847669471345,0.0,0,0
175,175:43,TrafficSign:3,scene_28_1,8772001358,TrafficSign,140.10317067540194,7.176847669471345,0.5,0,0
175,175:44,TrafficSign:5,scene_28_1,8772001358,TrafficSign,74.65945587818416,20.528519221540453,0.0,0,0
175,175:44,TrafficSign:5,scene_28_1,8772001358,TrafficSign,74.65945587818416,20.528519221540453,0.5,0,0
175,175:45,Vehicle:17,scene_28_1,8772001358,Vehicle-Passenger,256.60052916465736,-179.76815574644723,0.0,0,0
175,175:45,Vehicle:17,scene_28_1,8772001358,Vehicle-Passenger,256.60052916465736,-179.76815574644723,0.5,0,0
175,175:46,Vehicle:23,scene_28_1,8772001358,Vehicle-SemiTruck-Trailer,329.99136844753826,176.48730056962611,0.0,0,0
175,175:46,Vehicle:23,scene_28_1,8772001358,Vehicle-SemiTruck-Trailer,329.99136844753826,176.48730056962611,0.5,0,0
175,175:47,Vehicle:27,scene_28_1,8772001358,Vehicle-Passenger,305.3321725206024,2.170793049094574,0.0,0,0
175,175:47,Vehicle:27,scene_28_1,8772001358,Vehicle-Passenger,305.3321725206024,2.170793049094574,0.5,0,0
185,185:0,RoadObstruction:1,scene_28_1,9272150058,RoadObstruction-Barrel,161.18889503543755,-176.85813787978645,0.0,0,18
185,185:0,RoadObstruction:1,scene_28_1,9272150058,RoadObstruction-Barrel,161.18889503543755,-176.85813787978645,0.5,0,18
185,185:1,RoadObstruction:10,scene_28_1,9272150058,RoadObstruction-Barrel,57.04693621938717,-8.033085924605512,0.0,0,162
185,185:1,RoadObstruction:10,scene_28_1,9272150058,RoadObstruction-Barrel,57.04693621938717,-8.033085924605512,0.5,5,305
185,185:2,RoadObstruction:11,scene_28_1,9272150058,RoadObstruction-Barrel,76.87193421940472,-7.16542433350209,0.0,0,115
185,185:2,RoadObstruction:11,scene_28_1,9272150058,RoadObstruction-Barrel,76.87193421940472,-7.16542433350209,0.5,3,197
185,185:3,RoadObstruction:12,scene_28_1,9272150058,RoadObstruction-Barrel,104.3175682475757,-5.158689905501465,0.0,0,73
185,185:3,RoadObstruction:12,scene_28_1,9272150058,RoadObstruction-Barrel,104.3175682475757,-5.158689905501465,0.5,2,84
185,185:4,RoadObstruction:13,scene_28_1,9272150058,RoadObstruction-Barrel,122.99090418579263,-4.554722155709761,0.0,0,69
185,185:4,RoadObstruction:13,scene_28_1,9272150058,RoadObstruction-Barrel,122.99090418579263,-4.554722155709761,0.5,2,95
185,185:5,RoadObstruction:14,scene_28_1,9272150058,RoadObstruction-Barrel,145.28782493779886,-3.9692051318837898,0.0,0,43
185,185:5,RoadObstruction:14,scene_28_1,9272150058,RoadObstruction-Barrel,145.28782493779886,-3.9692051318837898,0.5,1,72
185,185:6,RoadObstruction:15,scene_28_1,9272150058,RoadObstruction-Barrel,160.51587718365775,-3.603509761928778,0.0,0,41
185,185:6,RoadObstruction:15,scene_28_1,9272150058,RoadObstruction-Barrel,160.51587718365775,-3.603509761928778,0.5,2,51
185,185:7,RoadObstruction:16,scene_28_1,9272150058,RoadObstruction-Barrel,171.06472043069746,-3.3022014996695006,0.0,0,49
185,185:7,RoadObstruction:16,scene_28_1,9272150058,RoadObstruction-Barrel,171.06472043069746,-3.3022014996695006,0.5,0,57
185,185:8,RoadObstruction:17,scene_28_1,9272150058,RoadObstruction-Barrel,188.27774057742,-3.1075904298123413,0.0,1,35
185,185:8,RoadObstruction:17,scene_28_1,9272150058,RoadObstruction-Barrel,188.27774057742,-3.1075904298123413,0.5,2,46
185,185:9,RoadObstruction:18,scene_28_1,9272150058,RoadObstruction-Barrel,202.8862891912548,-2.7965810902305903,0.0,0,30
185,185:9,RoadObstruction:18,scene_28_1,9272150058,RoadObstruction-Barrel,202.8862891912548,-2.7965810902305903,0.5,1,33
185,185:10,RoadObstruction:19,scene_28_1,9272150058,RoadObstruction-Barrel,221.34002221465406,-2.164000712122092,0.0,0,22
185,185:10,RoadObstruction:19,scene_28_1,9272150058,RoadObstruction-Barrel,221.34002221465406,-2.164000712122092,0.5,1,29
185,185:11,RoadObstruction:20,scene_28_1,9272150058,RoadObstruction-Barrel,236.7443639769184,-2.061608971672546,0.0,0,7
185,185:11,RoadObstruction:20,scene_28_1,9272150058,RoadObstruction-Barrel,236.7443639769184,-2.061608971672546,0.5,0,13
185,185:12,RoadObstruction:21,scene_28_1,9272150058,RoadObstruction-Barrel,261.64380778672614,-2.242236485370102,0.0,0,12
185,185:12,RoadObstruction:21,scene_28_1,9272150058,RoadObstruction-Barrel,261.64380778672614,-2.242236485370102,0.5,1,19
185,185:13,RoadObstruction:27,scene_28_1,9272150058,RoadObstruction-Barrel,234.4531482942729,-177.58901395607884,0.0,0,3
185,185:13,RoadObstruction:27,scene_28_1,9272150058,RoadObstruction-Barrel,234.4531482942729,-177.58901395607884,0.5,0,4
185,185:14,RoadObstruction:28,scene_28_1,9272150058,RoadObstruction-Barrel,9.059255168568658,74.70102560057545,0.0,0,27
185,185:14,RoadObstruction:28,scene_28_1,9272150058,RoadObstruction-Barrel,9.059255168568658,74.70102560057545,0.5,4,559
185,185:15,RoadObstruction:3,scene_28_1,9272150058,RoadObstruction-Barrel,122.43127077091117,-176.33789102226547,0.0,0,27
185,185:15,RoadObstruction:3,scene_28_1,9272150058,RoadObstruction-Barrel,122.43127077091117,-176.33789102226547,0.5,1,32
185,185:16,RoadObstruction:30,scene_28_1,9272150058,RoadObstruction,96.28323388441157,173.91006348330464,0.0,0,12
185,185:16,RoadObstruction:30,scene_28_1,9272150058,RoadObstruction,96.28323388441157,173.91006348330464,0.5,1,22
185,185:17,RoadObstruction:35,scene_28_1,9272150058,RoadObstruction-Barrel,333.49263325626134,-178.01229772745788,0.0,0,7
185,185:17,RoadObstruction:35,scene_28_1,9272150058,RoadObstruction-Barrel,333.49263325626134,-178.01229772745788,0.5,0,8
185,185:18,RoadObstruction:4,scene_28_1,9272150058,RoadObstruction-Barrel,89.65999525438916,-175.02342935860878,0.0,1,103
185,185:18,RoadObstruction:4,scene_28_1,9272150058,RoadObstruction-Barrel,89.65999525438916,-175.02342935860878,0.5,2,112
185,185:19,RoadObstruction:5,scene_28_1,9272150058,RoadObstruction-Barrel,56.45095000696479,-171.8909307796127,0.0,1,18
185,185:19,RoadObstruction:5,scene_28_1,9272150058,RoadObstruction-Barrel,56.45095000696479,-171.8909307796127,0.5,2,27
185,185:20,RoadObstruction:6,scene_28_1,9272150058,RoadObstruction-Barrel,41.09475907556535,-168.483562752405,0.0,0,85
185,185:20,RoadObstruction:6,scene_28_1,9272150058,RoadObstruction-Barrel,41.09475907556535,-168.483562752405,0.5,3,115
185,185:21,RoadObstruction:7,scene_28_1,9272150058,RoadObstruction-Barrel,10.407565899402217,-129.50403189198659,0.0,1,55
185,185:21,RoadObstruction:7,scene_28_1,9272150058,RoadObstruction-Barrel,10.407565899402217,-129.50403189198659,0.5,1,144
185,185:22,RoadObstruction:8,scene_28_1,9272150058,RoadObstruction-Barrel,10.393299886305767,-51.947676257199426,0.0,0,22
185,185:22,RoadObstruction:8,scene_28_1,9272150058,RoadObstruction-Barrel,10.393299886305767,-51.947676257199426,0.5,0,180
185,185:23,RoadObstruction:9,scene_28_1,9272150058,RoadObstruction-Barrel,37.78847946013821,-12.382311951808326,0.0,1,275
185,185:23,RoadObstruction:9,scene_28_1,9272150058,RoadObstruction-Barrel,37.78847946013821,-12.382311951808326,0.5,4,458
185,185:24,TrafficSign:1,scene_28_1,9272150058,TrafficSign,18.179690960223763,-29.67207846397857,0.0,0,0
185,185:24,TrafficSign:1,scene_28_1,9272150058,TrafficSign,18.179690960223763,-29.67207846397857,0.5,0,1
185,185:25,TrafficSign:2,scene_28_1,9272150058,TrafficSign,146.29854233767963,-4.425851940941155,0.0,0,109
185,185:25,TrafficSign:2,scene_28_1,9272150058,TrafficSign,146.29854233767963,-4.425851940941155,0.5,1,332
185,185:26,TrafficSign:4,scene_28_1,9272150058,TrafficSign,150.72592570279625,169.23296522169758,0.0,0,8
185,185:26,TrafficSign:4,scene_28_1,9272150058,TrafficSign,150.72592570279625,169.23296522169758,0.5,0,52
185,185:27,TrafficSign:5,scene_28_1,9272150058,TrafficSign,61.33218346805149,25.310760722425435,0.0,0,0
185,185:27,TrafficSign:5,scene_28_1,9272150058,TrafficSign,61.33218346805149,25.310760722425435,0.5,2,2
185,185:28,Vehicle:1,scene_28_1,9272150058,Vehicle-SemiTruck-Trailer,192.2880390468124,1.086494284810041,0.0,5,714
185,185:28,Vehicle:1,scene_28_1,9272150058,Vehicle-SemiTruck-Trailer,192.2880390468124,1.086494284810041,0.5,10,801
185,185:29,Vehicle:12,scene_28_1,9272150058,Vehicle-Passenger,265.0406693642867,-1.4001022296275896,0.0,0,97
185,185:29,Vehicle:12,scene_28_1,9272150058,Vehicle-Passenger,265.0406693642867,-1.4001022296275896,0.5,2,114
185,185:30,Vehicle:13,scene_28_1,9272150058,Vehicle-SingleUnitTruck,333.0800194031252,-2.3270669603882266,0.0,0,29
185,185:30,Vehicle:13,scene_28_1,9272150058,Vehicle-SingleUnitTruck,333.0800194031252,-2.3270669603882266,0.5,0,45
185,185:31,Vehicle:2,scene_28_1,9272150058,Vehicle-SemiTruck-Trailer,184.687409084193,-0.18127187952365978,0.0,1,758
185,185:31,Vehicle:2,scene_28_1,9272150058,Vehicle-SemiTruck-Trailer,184.687409084193,-0.18127187952365978,0.5,11,798
185,185:32,Vehicle:23,scene_28_1,9272150058,Vehicle-SemiTruck-Trailer,360.39229981232,176.81809368832575,0.0,0,0
185,185:32,Vehicle:23,scene_28_1,9272150058,Vehicle-SemiTruck-Trailer,360.39229981232,176.81809368832575,0.5,0,0
185,185:33,Vehicle:28,scene_28_1,9272150058,Vehicle-Trailer,13.163486840763733,161.42786725277216,0.0,16,2073
185,185:33,Vehicle:28,scene_28_1,9272150058,Vehicle-Trailer,13.163486840763733,161.42786725277216,0.5,26,2888
185,185:34,Vehicle:3,scene_28_1,9272150058,Vehicle-SemiTruck-Cab,46.926391316516046,5.360941257734116,0.0,13,285
185,185:34,Vehicle:3,scene_28_1,9272150058,Vehicle-SemiTruck-Cab,46.926391316516046,5.360941257734116,0.5,18,879
185,185:35,Vehicle:33,scene_28_1,9272150058,Vehicle-Passenger,23.237717921242687,122.52159274759882,0.0,0,179
185,185:35,Vehicle:33,scene_28_1,9272150058,Vehicle-Passenger,23.237717921242687,122.52159274759882,0.5,6,275
185,185:36,Vehicle:39,scene_28_1,9272150058,Vehicle-SemiTruck-Cab,203.03674782895388,1.0078483122798387,0.0,2,11
185,185:36,Vehicle:39,scene_28_1,9272150058,Vehicle-SemiTruck-Cab,203.03674782895388,1.0078483122798387,0.5,3,14
185,185:37,Vehicle:4,scene_28_1,9272150058,Vehicle-SemiTruck-Trailer,35.57198874456629,7.147297546592274,0.0,63,6152
185,185:37,Vehicle:4,scene_28_1,9272150058,Vehicle-SemiTruck-Trailer,35.57198874456629,7.147297546592274,0.5,79,8789
185,185:38,Vehicle:5,scene_28_1,9272150058,Vehicle-Passenger,6.619879776528627,140.44384790589052,0.0,8,1195
185,185:38,Vehicle:5,scene_28_1,9272150058,Vehicle-Passenger,6.619879776528627,140.44384790589052,0.5,8,2867
185,185:39,Vehicle:53,scene_28_1,9272150058,Vehicle-Other,13.073203798831027,161.30402466651526,0.0,20,2072
185,185:39,Vehicle:53,scene_28_1,9272150058,Vehicle-Other,13.073203798831027,161.30402466651526,0.5,27,2300
185,185:42,Vehicle:8,scene_28_1,9272150058,Vehicle-Passenger,36.58331851637738,172.96107025891013,0.0,3,10
185,185:42,Vehicle:8,scene_28_1,9272150058,Vehicle-Passenger,36.58331851637738,172.96107025891013,0.5,3,152
185,185:43,RoadObstruction:2,scene_28_1,9272150058,RoadObstruction,201.24117252683058,-177.37788538269197,0.0,0,0
185,185:43,RoadObstruction:2,scene_28_1,9272150058,RoadObstruction,201.24117252683058,-177.37788538269197,0.5,0,0
185,185:44,RoadObstruction:29,scene_28_1,9272150058,RoadObstruction-Barrel,47.90623245907197,168.4897394696204,0.0,0,0
185,185:44,RoadObstruction:29,scene_28_1,9272150058,RoadObstruction-Barrel,47.90623245907197,168.4897394696204,0.5,0,0
185,185:45,TrafficSign:3,scene_28_1,9272150058,TrafficSign,125.84532307400251,8.17249897871552,0.0,0,0
185,185:45,TrafficSign:3,scene_28_1,9272150058,TrafficSign,125.84532307400251,8.17249897871552,0.5,0,0
185,185:46,Vehicle:17,scene_28_1,9272150058,Vehicle-Passenger,257.29525159278495,-179.7041301277442,0.0,0,0
185,185:46,Vehicle:17,scene_28_1,9272150058,Vehicle-Passenger,257.29525159278495,-179.7041301277442,0.5,0,0
185,185:47,Vehicle:27,scene_28_1,9272150058,Vehicle-Passenger,275.69838487619046,2.853244154306179,0.0,0,0
185,185:47,Vehicle:27,scene_28_1,9272150058,Vehicle-Passenger,275.69838487619046,2.853244154306179,0.5,0,0
195,195:0,RoadObstruction:1,scene_28_1,9772121283,RoadObstruction-Barrel,175.64669267728377,-177.03030610628966,0.0,0,11
195,195:0,RoadObstruction:1,scene_28_1,9772121283,RoadObstruction-Barrel,175.64669267728377,-177.03030610628966,0.5,0,14
195,195:1,RoadObstruction:10,scene_28_1,9772121283,RoadObstruction-Barrel,42.868799631962894,-10.515742572445317,0.0,1,212
195,195:1,RoadObstruction:10,scene_28_1,9772121283,RoadObstruction-Barrel,42.868799631962894,-10.515742572445317,0.5,4,489
195,195:2,RoadObstruction:11,scene_28_1,9772121283,RoadObstruction-Barrel,62.603320144493324,-8.637456876691552,0.0,0,144
195,195:2,RoadObstruction:11,scene_28_1,9772121283,RoadObstruction-Barrel,62.603320144493324,-8.637456876691552,0.5,4,246
195,195:3,RoadObstruction:12,scene_28_1,9772121283,RoadObstruction-Barrel,89.98392616281077,-5.83977052899092,0.0,0,93
195,195:3,RoadObstruction:12,scene_28_1,9772121283,RoadObstruction-Barrel,89.98392616281077,-5.83977052899092,0.5,3,114
195,195:4,RoadObstruction:13,scene_28_1,9772121283,RoadObstruction-Barrel,108.66698200245992,-5.028198519341464,0.0,0,72
195,195:4,RoadObstruction:13,scene_28_1,9772121283,RoadObstruction-Barrel,108.66698200245992,-5.028198519341464,0.5,2,95
195,195:5,RoadObstruction:14,scene_28_1,9772121283,RoadObstruction-Barrel,130.83737904606875,-4.282993470826009,0.0,0,76
195,195:5,RoadObstruction:14,scene_28_1,9772121283,RoadObstruction-Barrel,130.83737904606875,-4.282993470826009,0.5,0,107
195,195:6,RoadObstruction:15,scene_28_1,9772121283,RoadObstruction-Barrel,146.05204012139498,-3.836698812024715,0.0,0,74
195,195:6,RoadObstruction:15,scene_28_1,9772121283,RoadObstruction-Barrel,146.05204012139498,-3.836698812024715,0.5,1,85
195,195:7,RoadObstruction:16,scene_28_1,9772121283,RoadObstruction-Barrel,156.63799006691715,-3.4899445030907006,0.0,0,47
195,195:7,RoadObstruction:16,scene_28_1,9772121283,RoadObstruction-Barrel,156.63799006691715,-3.4899445030907006,0.5,1,54
195,195:8,RoadObstruction:17,scene_28_1,9772121283,RoadObstruction-Barrel,173.83502546577415,-3.252301643334037,0.0,0,41
195,195:8,RoadObstruction:17,scene_28_1,9772121283,RoadObstruction-Barrel,173.83502546577415,-3.252301643334037,0.5,2,56
195,195:9,RoadObstruction:18,scene_28_1,9772121283,RoadObstruction-Barrel,188.51080044444382,-2.89567959051958,0.0,0,36
195,195:9,RoadObstruction:18,scene_28_1,9772121283,RoadObstruction-Barrel,188.51080044444382,-2.89567959051958,0.5,1,44
195,195:10,RoadObstruction:19,scene_28_1,9772121283,RoadObstruction-Barrel,206.93261793872603,-2.2111431278588607,0.0,0,42
195,195:10,RoadObstruction:19,scene_28_1,9772121283,RoadObstruction-Barrel,206.93261793872603,-2.2111431278588607,0.5,2,44
195,195:11,RoadObstruction:2,scene_28_1,9772121283,RoadObstruction,215.5342548094616,-177.4742825004148,0.0,0,1
195,195:11,RoadObstruction:2,scene_28_1,9772121283,RoadObstruction,215.5342548094616,-177.4742825004148,0.5,0,12
195,195:12,RoadObstruction:20,scene_28_1,9772121283,RoadObstruction-Barrel,222.24266257208163,-2.0961942618720335,0.0,0,27
195,195:12,RoadObstruction:20,scene_28_1,9772121283,RoadObstruction-Barrel,222.24266257208163,-2.0961942618720335,0.5,0,27
195,195:13,RoadObstruction:21,scene_28_1,9772121283,RoadObstruction-Barrel,247.24646318360578,-2.262113313658117,0.0,0,4
195,195:13,RoadObstruction:21,scene_28_1,9772121283,RoadObstruction-Barrel,247.24646318360578,-2.262113313658117,0.5,1,4
195,195:14,RoadObstruction:27,scene_28_1,9772121283,RoadObstruction-Barrel,248.9212116039758,-177.6323568155336,0.0,0,0
195,195:14,RoadObstruction:27,scene_28_1,9772121283,RoadObstruction-Barrel,248.9212116039758,-177.6323568155336,0.5,0,1
195,195:15,RoadObstruction:28,scene_28_1,9772121283,RoadObstruction-Barrel,14.83498238602017,143.31282627371132,0.0,0,10
195,195:15,RoadObstruction:28,scene_28_1,9772121283,RoadObstruction-Barrel,14.83498238602017,143.31282627371132,0.5,1,237
195,195:16,RoadObstruction:3,scene_28_1,9772121283,RoadObstruction-Barrel,136.86117213198744,-176.62863208080122,0.0,0,21
195,195:16,RoadObstruction:3,scene_28_1,9772121283,RoadObstruction-Barrel,136.86117213198744,-176.62863208080122,0.5,2,21
195,195:17,RoadObstruction:30,scene_28_1,9772121283,RoadObstruction-Barrel,108.29063697512441,174.56267547578173,0.0,0,0
195,195:17,RoadObstruction:30,scene_28_1,9772121283,RoadObstruction-Barrel,108.29063697512441,174.56267547578173,0.5,0,3
195,195:18,RoadObstruction:35,scene_28_1,9772121283,RoadObstruction-Barrel,347.5808761313765,-178.02287425539868,0.0,0,7
195,195:18,RoadObstruction:35,scene_28_1,9772121283,RoadObstruction-Barrel,347.5808761313765,-178.02287425539868,0.5,0,9
195,195:19,RoadObstruction:4,scene_28_1,9772121283,RoadObstruction-Barrel,104.06958069314739,-175.61979389804668,0.0,1,72
195,195:19,RoadObstruction:4,scene_28_1,9772121283,RoadObstruction-Barrel,104.06958069314739,-175.61979389804668,0.5,3,82
195,195:20,RoadObstruction:5,scene_28_1,9772121283,RoadObstruction-Barrel,70.65143669052559,-173.4552357339969,0.0,0,26
195,195:20,RoadObstruction:5,scene_28_1,9772121283,RoadObstruction-Barrel,70.65143669052559,-173.4552357339969,0.5,2,51
195,195:21,RoadObstruction:6,scene_28_1,9772121283,RoadObstruction-Barrel,55.283765094768064,-171.34923857771227,0.0,0,51
195,195:21,RoadObstruction:6,scene_28_1,9772121283,RoadObstruction-Barrel,55.283765094768064,-171.34923857771227,0.5,3,79
195,195:22,RoadObstruction:7,scene_28_1,9772121283,RoadObstruction-Barrel,22.491666179289776,-158.93120351773962,0.0,0,223
195,195:22,RoadObstruction:7,scene_28_1,9772121283,RoadObstruction-Barrel,22.491666179289776,-158.93120351773962,0.5,1,336
195,195:23,RoadObstruction:8,scene_28_1,9772121283,RoadObstruction-Barrel,11.354525761872504,-133.88716655283778,0.0,0,140
195,195:23,RoadObstruction:8,scene_28_1,9772121283,RoadObstruction-Barrel,11.354525761872504,-133.88716655283778,0.5,0,201
195,195:24,RoadObstruction:9,scene_28_1,9772121283,RoadObstruction-Barrel,23.889331202587684,-19.4599464232924,0.0,2,272
195,195:24,RoadObstruction:9,scene_28_1,9772121283,RoadObstruction-Barrel,23.889331202587684,-19.4599464232924,0.5,5,444
195,195:25,TrafficSign:1,scene_28_1,9772121283,TrafficSign,9.082084093303768,-80.917112941515,0.0,0,3
195,195:25,TrafficSign:1,scene_28_1,9772121283,TrafficSign,9.082084093303768,-80.917112941515,0.5,5,390
195,195:26,TrafficSign:2,scene_28_1,9772121283,TrafficSign,131.87738965853836,-4.793386097082947,0.0,0,115
195,195:26,TrafficSign:2,scene_28_1,9772121283,TrafficSign,131.87738965853836,-4.793386097082947,0.5,0,353
195,195:27,TrafficSign:3,scene_28_1,9772121283,TrafficSign,111.58844279416779,9.330900421708717,0.0,0,36
195,195:27,TrafficSign:3,scene_28_1,9772121283,TrafficSign,111.58844279416779,9.330900421708717,0.5,0,130
195,195:28,TrafficSign:4,scene_28_1,9772121283,TrafficSign,164.91820584601862,170.24550801412911,0.0,0,7
195,195:28,TrafficSign:4,scene_28_1,9772121283,TrafficSign,164.91820584601862,170.24550801412911,0.5,0,41
195,195:29,TrafficSign:5,scene_28_1,9772121283,TrafficSign,48.62411269372211,32.623794610172965,0.0,0,0
195,195:29,TrafficSign:5,scene_28_1,9772121283,TrafficSign,48.62411269372211,32.623794610172965,0.5,2,9
195,195:30,Vehicle:1,scene_28_1,9772121283,Vehicle-SemiTruck-Trailer,191.27699890722516,1.1258515706614598,0.0,4,593
195,195:30,Vehicle:1,scene_28_1,9772121283,Vehicle-SemiTruck-Trailer,191.27699890722516,1.1258515706614598,0.5,11,675
195,195:31,Vehicle:12,scene_28_1,9772121283,Vehicle-Passenger,261.8253579445671,-1.4896446892264499,0.0,1,60
195,195:31,Vehicle:12,scene_28_1,9772121283,Vehicle-Passenger,261.8253579445671,-1.4896446892264499,0.5,4,63
195,195:32,Vehicle:13,scene_28_1,9772121283,Vehicle-SingleUnitTruck,334.0879888175012,-2.8185374937675176,0.0,0,49
195,195:32,Vehicle:13,scene_28_1,9772121283,Vehicle-SingleUnitTruck,334.0879888175012,-2.8185374937675176,0.5,0,55
195,195:33,Vehicle:2,scene_28_1,9772121283,Vehicle-SemiTruck-Trailer,182.03598844474055,-0.13856481118645045,0.0,2,693
195,195:33,Vehicle:2,scene_28_1,9772121283,Vehicle-SemiTruck-Trailer,182.03598844474055,-0.13856481118645045,0.5,7,721
195,195:34,Vehicle:28,scene_28_1,9772121283,Vehicle-Trailer,11.47546042967934,158.80885015545067,0.0,7,2951
195,195:34,Vehicle:28,scene_28_1,9772121283,Vehicle-Trailer,11.47546042967934,158.80885015545067,0.5,27,4161
195,195:35,Vehicle:3,scene_28_1,9772121283,Vehicle-SemiTruck-Cab,48.984283514352825,5.252562898334525,0.0,10,197
195,195:35,Vehicle:3,scene_28_1,9772121283,Vehicle-SemiTruck-Cab,48.984283514352825,5.252562898334525,0.5,17,701
195,195:36,Vehicle:33,scene_28_1,9772121283,Vehicle-Passenger,46.65779885861852,154.66906482787195,0.0,0,9
195,195:36,Vehicle:33,scene_28_1,9772121283,Vehicle-Passenger,46.65779885861852,154.66906482787195,0.5,1,9
195,195:37,Vehicle:39,scene_28_1,9772121283,Vehicle-SemiTruck-Cab,202.01642920623905,1.0166288765945584,0.0,4,7
195,195:37,Vehicle:39,scene_28_1,9772121283,Vehicle-SemiTruck-Cab,202.01642920623905,1.0166288765945584,0.5,5,7
195,195:38,Vehicle:4,scene_28_1,9772121283,Vehicle-SemiTruck-Trailer,37.62585278391011,6.877931972373761,0.0,60,5847
195,195:38,Vehicle:4,scene_28_1,9772121283,Vehicle-SemiTruck-Trailer,37.62585278391011,6.877931972373761,0.5,72,8093
195,195:39,Vehicle:5,scene_28_1,9772121283,Vehicle-Passenger,5.342036094481964,128.46925299903995,0.0,12,1875
195,195:39,Vehicle:5,scene_28_1,9772121283,Vehicle-Passenger,5.342036094481964,128.46925299903995,0.5,13,5068
195,195:40,Vehicle:53,scene_28_1,9772121283,Vehicle-Other,11.419794605325592,158.68203145005404,0.0,24,3335
195,195:40,Vehicle:53,scene_28_1,9772121283,Vehicle-Other,11.419794605325592,158.68203145005404,0.5,27,3643
195,195:43,Vehicle:8,scene_28_1,9772121283,Vehicle-Passenger,34.870920479592954,172.7857225396605,0.0,3,14
195,195:43,Vehicle:8,scene_28_1,9772121283,Vehicle-Passenger,34.870920479592954,172.7857225396605,0.5,7,204
195,195:44,RoadObstruction:29,scene_28_1,9772121283,RoadObstruction-Barrel,62.15127222676367,171.03096824095485,0.0,0,0
195,195:44,RoadObstruction:29,scene_28_1,9772121283,RoadObstruction-Barrel,62.15127222676367,171.03096824095485,0.5,1,0
195,195:45,Vehicle:17,scene_28_1,9772121283,Vehicle-Passenger,257.9747238638148,-179.68162841383213,0.0,0,0
195,195:45,Vehicle:17,scene_28_1,9772121283,Vehicle-Passenger,257.9747238638148,-179.68162841383213,0.5,0,0
195,195:46,Vehicle:27,scene_28_1,9772121283,Vehicle-Passenger,247.83329383700854,3.602759141773761,0.0,0,0
195,195:46,Vehicle:27,scene_28_1,9772121283,Vehicle-Passenger,247.83329383700854,3.602759141773761,0.5,0,0
205,205:0,RoadObstruction:1,scene_28_1,10272102658,RoadObstruction,190.13691240850196,-177.1491392318472,0.0,0,10
205,205:0,RoadObstruction:1,scene_28_1,10272102658,RoadObstruction,190.13691240850196,-177.1491392318472,0.5,1,18
205,205:1,RoadObstruction:10,scene_28_1,10272102658,RoadObstruction-Barrel,28.853873495580196,-15.478524391058302,0.0,1,362
205,205:1,RoadObstruction:10,scene_28_1,10272102658,RoadObstruction-Barrel,28.853873495580196,-15.478524391058302,0.5,4,479
205,205:2,RoadObstruction:11,scene_28_1,10272102658,RoadObstruction-Barrel,48.4443734031186,-10.983103673990993,0.0,0,170
205,205:2,RoadObstruction:11,scene_28_1,10272102658,RoadObstruction-Barrel,48.4443734031186,-10.983103673990993,0.5,4,407
205,205:3,RoadObstruction:12,scene_28_1,10272102658,RoadObstruction-Barrel,75.69581266515497,-6.780387307529285,0.0,0,173
205,205:3,RoadObstruction:12,scene_28_1,10272102658,RoadObstruction-Barrel,75.69581266515497,-6.780387307529285,0.5,4,209
205,205:4,RoadObstruction:13,scene_28_1,10272102658,RoadObstruction-Barrel,94.28733385286567,-5.63898209960588,0.0,0,83
205,205:4,RoadObstruction:13,scene_28_1,10272102658,RoadObstruction-Barrel,94.28733385286567,-5.63898209960588,0.5,1,109
205,205:5,RoadObstruction:14,scene_28_1,10272102658,RoadObstruction-Barrel,116.42798949730819,-4.669403805425461,0.0,0,67
205,205:5,RoadObstruction:14,scene_28_1,10272102658,RoadObstruction-Barrel,116.42798949730819,-4.669403805425461,0.5,1,79
205,205:6,RoadObstruction:15,scene_28_1,10272102658,RoadObstruction-Barrel,131.62047947068845,-4.1174462482608805,0.0,0,57
205,205:6,RoadObstruction:15,scene_28_1,10272102658,RoadObstruction-Barrel,131.62047947068845,-4.1174462482608805,0.5,0,73
205,205:7,RoadObstruction:16,scene_28_1,10272102658,RoadObstruction-Barrel,142.27016889458156,-3.7167942125808806,0.0,0,70
205,205:7,RoadObstruction:16,scene_28_1,10272102658,RoadObstruction-Barrel,142.27016889458156,-3.7167942125808806,0.5,2,81
205,205:8,RoadObstruction:17,scene_28_1,10272102658,RoadObstruction-Barrel,159.42134861036968,-3.4196770439913853,0.0,0,44
205,205:8,RoadObstruction:17,scene_28_1,10272102658,RoadObstruction-Barrel,159.42134861036968,-3.4196770439913853,0.5,1,59
205,205:9,RoadObstruction:18,scene_28_1,10272102658,RoadObstruction-Barrel,174.14718849973252,-3.0065572501001756,0.0,0,38
205,205:9,RoadObstruction:18,scene_28_1,10272102658,RoadObstruction-Barrel,174.14718849973252,-3.0065572501001756,0.5,2,44
205,205:10,RoadObstruction:19,scene_28_1,10272102658,RoadObstruction-Barrel,192.53237045922114,-2.253617640970556,0.0,0,30
205,205:10,RoadObstruction:19,scene_28_1,10272102658,RoadObstruction-Barrel,192.53237045922114,-2.253617640970556,0.5,2,35
205,205:11,RoadObstruction:2,scene_28_1,10272102658,RoadObstruction,229.96122740676887,-177.52954452900207,0.0,0,1
205,205:11,RoadObstruction:2,scene_28_1,10272102658,RoadObstruction,229.96122740676887,-177.52954452900207,0.5,0,5
205,205:12,RoadObstruction:20,scene_28_1,10272102658,RoadObstruction-Barrel,207.8019379794747,-2.1166521644719003,0.0,0,26
205,205:12,RoadObstruction:20,scene_28_1,10272102658,RoadObstruction-Barrel,207.8019379794747,-2.1166521644719003,0.5,1,29
205,205:13,RoadObstruction:21,scene_28_1,10272102658,RoadObstruction-Barrel,232.84459070715442,-2.2673771193970222,0.0,1,13
205,205:13,RoadObstruction:21,scene_28_1,10272102658,RoadObstruction-Barrel,232.84459070715442,-2.2673771193970222,0.5,1,16
205,205:14,RoadObstruction:27,scene_28_1,10272102658,RoadObstruction-Barrel,263.28319044457913,-177.64683007418424,0.0,0,0
205,205:14,RoadObstruction:27,scene_28_1,10272102658,RoadObstruction-Barrel,263.28319044457913,-177.64683007418424,0.5,0,0
205,205:15,RoadObstruction:29,scene_28_1,10272102658,RoadObstruction-Barrel,76.47497506478825,172.66931395488405,0.0,0,37
205,205:15,RoadObstruction:29,scene_28_1,10272102658,RoadObstruction-Barrel,76.47497506478825,172.66931395488405,0.5,1,46
205,205:16,RoadObstruction:3,scene_28_1,10272102658,RoadObstruction-Barrel,151.25675627087404,-176.83483126400068,0.0,1,15
205,205:16,RoadObstruction:3,scene_28_1,10272102658,RoadObstruction-Barrel,151.25675627087404,-176.83483126400068,0.5,1,18
205,205:17,RoadObstruction:35,scene_28_1,10272102658,RoadObstruction-Barrel,361.36451407727947,-178.00526601089695,0.0,0,0
205,205:17,RoadObstruction:35,scene_28_1,10272102658,RoadObstruction-Barrel,361.36451407727947,-178.00526601089695,0.5,0,0
205,205:18,RoadObstruction:4,scene_28_1,10272102658,RoadObstruction-Barrel,118.50491192261808,-176.03317937560698,0.0,0,26
205,205:18,RoadObstruction:4,scene_28_1,10272102658,RoadObstruction-Barrel,118.50491192261808,-176.03317937560698,0.5,0,38
205,205:19,RoadObstruction:5,scene_28_1,10272102658,RoadObstruction-Barrel,84.96950879384708,-174.47297875041218,0.0,0,100
205,205:19,RoadObstruction:5,scene_28_1,10272102658,RoadObstruction-Barrel,84.96950879384708,-174.47297875041218,0.5,3,112
205,205:20,RoadObstruction:6,scene_28_1,10272102658,RoadObstruction-Barrel,69.46994936239533,-173.02233409940473,0.0,0,47
205,205:20,RoadObstruction:6,scene_28_1,10272102658,RoadObstruction-Barrel,69.46994936239533,-173.02233409940473,0.5,2,52
205,205:21,RoadObstruction:7,scene_28_1,10272102658,RoadObstruction-Barrel,36.316551843096,-166.9679840116227,0.0,1,110
205,205:21,RoadObstruction:7,scene_28_1,10272102658,RoadObstruction-Barrel,36.316551843096,-166.9679840116227,0.5,2,128
205,205:22,RoadObstruction:8,scene_28_1,10272102658,RoadObstruction-Barrel,23.714503557577743,-159.6043216589564,0.0,0,228
205,205:22,RoadObstruction:8,scene_28_1,10272102658,RoadObstruction-Barrel,23.714503557577743,-159.6043216589564,0.5,1,352
205,205:23,RoadObstruction:9,scene_28_1,10272102658,RoadObstruction-Barrel,11.38398007700476,-43.80516688945364,0.0,3,5
205,205:23,RoadObstruction:9,scene_28_1,10272102658,RoadObstruction-Barrel,11.38398007700476,-43.80516688945364,0.5,4,123
205,205:24,TrafficSign:1,scene_28_1,10272102658,TrafficSign,15.841370508447175,-145.36002347490415,0.0,0,0
205,205:24,TrafficSign:1,scene_28_1,10272102658,TrafficSign,15.841370508447175,-145.36002347490415,0.5,2,78
205,205:25,TrafficSign:2,scene_28_1,10272102658,TrafficSign,117.4971620689195,-5.239674903883212,0.0,0,201
205,205:25,TrafficSign:2,scene_28_1,10272102658,TrafficSign,117.4971620689195,-5.239674903883212,0.5,1,456
205,205:26,TrafficSign:3,scene_28_1,10272102658,TrafficSign,97.3812215105273,10.8546810776322,0.0,0,102
205,205:26,TrafficSign:3,scene_28_1,10272102658,TrafficSign,97.3812215105273,10.8546810776322,0.5,1,276
205,205:27,TrafficSign:4,scene_28_1,10272102658,TrafficSign,179.16955437360002,171.12849506301228,0.0,0,5
205,205:27,TrafficSign:4,scene_28_1,10272102658,TrafficSign,179.16955437360002,171.12849506301228,0.5,0,72
205,205:28,TrafficSign:5,scene_28_1,10272102658,TrafficSign,37.33794465434686,44.56138007026114,0.0,0,0
205,205:28,TrafficSign:5,scene_28_1,10272102658,TrafficSign,37.33794465434686,44.56138007026114,0.5,2,13
205,205:29,Vehicle:1,scene_28_1,10272102658,Vehicle-SemiTruck-Trailer,190.32916617387244,1.1648474554369244,0.0,6,669
205,205:29,Vehicle:1,scene_28_1,10272102658,Vehicle-SemiTruck-Trailer,190.32916617387244,1.1648474554369244,0.5,10,733
205,205:30,Vehicle:10,scene_28_1,10272102658,Vehicle-Passenger,76.32811764451368,11.637928781318676,0.0,2,2
205,205:30,Vehicle:10,scene_28_1,10272102658,Vehicle-Passenger,76.32811764451368,11.637928781318676,0.5,2,25
205,205:31,Vehicle:12,scene_28_1,10272102658,Vehicle-Passenger,258.47796300835074,-1.6068905095617496,0.0,0,96
205,205:31,Vehicle:12,scene_28_1,10272102658,Vehicle-Passenger,258.47796300835074,-1.6068905095617496,0.5,3,98
205,205:32,Vehicle:13,scene_28_1,10272102658,Vehicle,334.8785602315927,-3.326671369097116,0.0,0,47
205,205:32,Vehicle:13,scene_28_1,10272102658,Vehicle,334.8785602315927,-3.326671369097116,0.5,0,55
205,205:33,Vehicle:2,scene_28_1,10272102658,Vehicle-SemiTruck-Trailer,179.5031926388957,-0.06589945539721948,0.0,1,870
205,205:33,Vehicle:2,scene_28_1,10272102658,Vehicle-SemiTruck-Trailer,179.5031926388957,-0.06589945539721948,0.5,5,931
205,205:34,Vehicle:27,scene_28_1,10272102658,Vehicle-Passenger,224.32119611924423,4.445023113274035,0.0,0,5
205,205:34,Vehicle:27,scene_28_1,10272102658,Vehicle-Passenger,224.32119611924423,4.445023113274035,0.5,0,5
205,205:35,Vehicle:28,scene_28_1,10272102658,Vehicle-Trailer,9.90737258028516,155.27867579994737,0.0,8,2898
205,205:35,Vehicle:28,scene_28_1,10272102658,Vehicle-Trailer,9.90737258028516,155.27867579994737,0.5,20,4001
205,205:36,Vehicle:3,scene_28_1,10272102658,Vehicle-SemiTruck-Cab,51.03895668007661,5.200800922743959,0.0,12,147
205,205:36,Vehicle:3,scene_28_1,10272102658,Vehicle-SemiTruck-Cab,51.03895668007661,5.200800922743959,0.5,19,636
205,205:37,Vehicle:39,scene_28_1,10272102658,Vehicle-SemiTruck-Cab,201.06925163807026,1.027849196012815,0.0,1,5
205,205:37,Vehicle:39,scene_28_1,10272102658,Vehicle-SemiTruck-Cab,201.06925163807026,1.027849196012815,0.5,4,5
205,205:38,Vehicle:4,scene_28_1,10272102658,Vehicle-SemiTruck-Trailer,39.67542744680521,6.702646320627161,0.0,51,21049
205,205:38,Vehicle:4,scene_28_1,10272102658,Vehicle-SemiTruck-Trailer,39.67542744680521,6.702646320627161,0.5,61,23227
205,205:39,Vehicle:5,scene_28_1,10272102658,Vehicle-Passenger,4.492572275729766,111.16697052638747,0.0,6,3494
205,205:39,Vehicle:5,scene_28_1,10272102658,Vehicle-Passenger,4.492572275729766,111.16697052638747,0.5,6,9034
205,205:40,Vehicle:53,scene_28_1,10272102658,Vehicle-Other,9.924600538638778,155.27823819010962,0.0,16,3095
205,205:40,Vehicle:53,scene_28_1,10272102658,Vehicle-Other,9.924600538638778,155.27823819010962,0.5,23,3449
205,205:43,Vehicle:8,scene_28_1,10272102658,Vehicle-Passenger,33.27955441874507,172.6319653059749,0.0,3,15
205,205:43,Vehicle:8,scene_28_1,10272102658,Vehicle-Passenger,33.27955441874507,172.6319653059749,0.5,5,171
205,205:44,RoadObstruction:28,scene_28_1,10272102658,RoadObstruction-Barrel,27.671689686180642,161.05396916006995,0.0,0,0
205,205:44,RoadObstruction:28,scene_28_1,10272102658,RoadObstruction-Barrel,27.671689686180642,161.05396916006995,0.5,0,0
205,205:45,Vehicle:17,scene_28_1,10272102658,Vehicle-Passenger,258.6458548084266,-179.64554119500045,0.0,0,0
205,205:45,Vehicle:17,scene_28_1,10272102658,Vehicle-Passenger,258.6458548084266,-179.64554119500045,0.5,0,0
205,205:46,Vehicle:33,scene_28_1,10272102658,Vehicle-Passenger,74.57792308410987,164.30165459274855,0.0,0,0
205,205:46,Vehicle:33,scene_28_1,10272102658,Vehicle-Passenger,74.57792308410987,164.30165459274855,0.5,0,0
217,217:0,RoadObstruction:1,scene_28_1,10872001233,RoadObstruction,207.43372076557864,-177.26287388928282,0.0,0,0
217,217:0,RoadObstruction:1,scene_28_1,10872001233,RoadObstruction,207.43372076557864,-177.26287388928282,0.5,1,5
217,217:1,RoadObstruction:10,scene_28_1,10872001233,RoadObstruction-Barrel,13.035175639385761,-35.706123348085214,0.0,1,89
217,217:1,RoadObstruction:10,scene_28_1,10872001233,RoadObstruction-Barrel,13.035175639385761,-35.706123348085214,0.5,3,141
217,217:2,RoadObstruction:11,scene_28_1,10872001233,RoadObstruction-Barrel,31.67388265595307,-16.613064252433663,0.0,1,152
217,217:2,RoadObstruction:11,scene_28_1,10872001233,RoadObstruction-Barrel,31.67388265595307,-16.613064252433663,0.5,5,337
217,217:3,RoadObstruction:12,scene_28_1,10872001233,RoadObstruction-Barrel,58.66248729160734,-8.53932421524785,0.0,0,145
217,217:3,RoadObstruction:12,scene_28_1,10872001233,RoadObstruction-Barrel,58.66248729160734,-8.53932421524785,0.5,5,254
217,217:4,RoadObstruction:13,scene_28_1,10872001233,RoadObstruction-Barrel,77.02588442728015,-6.703122459536968,0.0,0,144
217,217:4,RoadObstruction:13,scene_28_1,10872001233,RoadObstruction-Barrel,77.02588442728015,-6.703122459536968,0.5,2,201
217,217:5,RoadObstruction:14,scene_28_1,10872001233,RoadObstruction-Barrel,99.15837167978802,-5.301302292273956,0.0,0,107
217,217:5,RoadObstruction:14,scene_28_1,10872001233,RoadObstruction-Barrel,99.15837167978802,-5.301302292273956,0.5,3,134
217,217:6,RoadObstruction:15,scene_28_1,10872001233,RoadObstruction-Barrel,114.37850860080916,-4.567986230642112,0.0,0,68
217,217:6,RoadObstruction:15,scene_28_1,10872001233,RoadObstruction-Barrel,114.37850860080916,-4.567986230642112,0.5,3,82
217,217:7,RoadObstruction:16,scene_28_1,10872001233,RoadObstruction-Barrel,125.04301032290238,-4.066551195433934,0.0,0,66
217,217:7,RoadObstruction:16,scene_28_1,10872001233,RoadObstruction-Barrel,125.04301032290238,-4.066551195433934,0.5,1,76
217,217:8,RoadObstruction:17,scene_28_1,10872001233,RoadObstruction-Barrel,142.12739100628187,-3.677238282928308,0.0,0,79
217,217:8,RoadObstruction:17,scene_28_1,10872001233,RoadObstruction-Barrel,142.12739100628187,-3.677238282928308,0.5,2,89
217,217:9,RoadObstruction:18,scene_28_1,10872001233,RoadObstruction-Barrel,156.86812597444336,-3.1894682042665785,0.0,0,53
217,217:9,RoadObstruction:18,scene_28_1,10872001233,RoadObstruction-Barrel,156.86812597444336,-3.1894682042665785,0.5,1,64
217,217:10,RoadObstruction:19,scene_28_1,10872001233,RoadObstruction-Barrel,175.1897816235304,-2.319108297572689,0.0,0,34
217,217:10,RoadObstruction:19,scene_28_1,10872001233,RoadObstruction-Barrel,175.1897816235304,-2.319108297572689,0.5,1,44
217,217:11,RoadObstruction:2,scene_28_1,10872001233,RoadObstruction,247.47989628419884,-177.57473453036138,0.0,0,0
217,217:11,RoadObstruction:2,scene_28_1,10872001233,RoadObstruction,247.47989628419884,-177.57473453036138,0.5,0,8
217,217:12,RoadObstruction:20,scene_28_1,10872001233,RoadObstruction-Barrel,190.53944433346695,-2.1618832508882213,0.0,0,20
217,217:12,RoadObstruction:20,scene_28_1,10872001233,RoadObstruction-Barrel,190.53944433346695,-2.1618832508882213,0.5,0,25
217,217:13,RoadObstruction:21,scene_28_1,10872001233,RoadObstruction-Barrel,215.5186921522401,-2.2919179300624197,0.0,0,13
217,217:13,RoadObstruction:21,scene_28_1,10872001233,RoadObstruction-Barrel,215.5186921522401,-2.2919179300624197,0.5,1,17
217,217:14,RoadObstruction:27,scene_28_1,10872001233,RoadObstruction-Barrel,280.2807377718485,-177.67833637675074,0.0,0,0
217,217:14,RoadObstruction:27,scene_28_1,10872001233,RoadObstruction-Barrel,280.2807377718485,-177.67833637675074,0.5,0,0
217,217:15,RoadObstruction:28,scene_28_1,10872001233,RoadObstruction-Barrel,44.30974942234398,168.10743270334976,0.0,0,1
217,217:15,RoadObstruction:28,scene_28_1,10872001233,RoadObstruction-Barrel,44.30974942234398,168.10743270334976,0.5,1,1
217,217:16,RoadObstruction:29,scene_28_1,10872001233,RoadObstruction-Barrel,93.64058983807246,174.02738401238162,0.0,0,23
217,217:16,RoadObstruction:29,scene_28_1,10872001233,RoadObstruction-Barrel,93.64058983807246,174.02738401238162,0.5,2,32
217,217:17,RoadObstruction:3,scene_28_1,10872001233,RoadObstruction,168.49049586783963,-177.02880441607715,0.0,0,20
217,217:17,RoadObstruction:3,scene_28_1,10872001233,RoadObstruction,168.49049586783963,-177.02880441607715,0.5,3,37
217,217:18,RoadObstruction:4,scene_28_1,10872001233,RoadObstruction-Barrel,135.7920416836995,-176.4010451898537,0.0,0,39
217,217:18,RoadObstruction:4,scene_28_1,10872001233,RoadObstruction-Barrel,135.7920416836995,-176.4010451898537,0.5,1,43
217,217:19,RoadObstruction:5,scene_28_1,10872001233,RoadObstruction-Barrel,102.22052202056385,-175.28341004151807,0.0,1,35
217,217:19,RoadObstruction:5,scene_28_1,10872001233,RoadObstruction-Barrel,102.22052202056385,-175.28341004151807,0.5,2,36
217,217:20,RoadObstruction:6,scene_28_1,10872001233,RoadObstruction-Barrel,86.5458723894393,-174.29329698122248,0.0,0,30
217,217:20,RoadObstruction:6,scene_28_1,10872001233,RoadObstruction-Barrel,86.5458723894393,-174.29329698122248,0.5,1,53
217,217:21,RoadObstruction:7,scene_28_1,10872001233,RoadObstruction-Barrel,53.31653474528978,-170.99651246776003,0.0,0,39
217,217:21,RoadObstruction:7,scene_28_1,10872001233,RoadObstruction-Barrel,53.31653474528978,-170.99651246776003,0.5,1,46
217,217:22,RoadObstruction:8,scene_28_1,10872001233,RoadObstruction-Barrel,40.4020126476142,-167.97700682501812,0.0,0,62
217,217:22,RoadObstruction:8,scene_28_1,10872001233,RoadObstruction-Barrel,40.4020126476142,-167.97700682501812,0.5,2,96
217,217:23,RoadObstruction:9,scene_28_1,10872001233,RoadObstruction-Barrel,11.911546283721911,-138.40731177871527,0.0,0,129
217,217:23,RoadObstruction:9,scene_28_1,10872001233,RoadObstruction-Barrel,11.911546283721911,-138.40731177871527,0.5,0,230
217,217:24,TrafficSign:1,scene_28_1,10872001233,TrafficSign,31.7210206769188,-163.29570970581747,0.0,0,342
217,217:24,TrafficSign:1,scene_28_1,10872001233,TrafficSign,31.7210206769188,-163.29570970581747,0.5,4,1479
217,217:25,TrafficSign:2,scene_28_1,10872001233,TrafficSign,100.23295842675192,-5.97022172757795,0.0,0,188
217,217:25,TrafficSign:2,scene_28_1,10872001233,TrafficSign,100.23295842675192,-5.97022172757795,0.5,0,628
217,217:26,TrafficSign:3,scene_28_1,10872001233,TrafficSign,80.3751033572785,13.466753958523782,0.0,0,110
217,217:26,TrafficSign:3,scene_28_1,10872001233,TrafficSign,80.3751033572785,13.466753958523782,0.5,6,409
217,217:27,TrafficSign:4,scene_28_1,10872001233,TrafficSign,196.32584163344654,171.97325091956358,0.0,0,7
217,217:27,TrafficSign:4,scene_28_1,10872001233,TrafficSign,196.32584163344654,171.97325091956358,0.5,0,63
217,217:28,TrafficSign:5,scene_28_1,10872001233,TrafficSign,27.836308436488984,70.083556901055,0.0,1,40
217,217:28,TrafficSign:5,scene_28_1,10872001233,TrafficSign,27.836308436488984,70.083556901055,0.5,4,164
217,217:29,Vehicle:1,scene_28_1,10872001233,Vehicle-SemiTruck-Trailer,189.22734564923107,1.1803950839694728,0.0,10,543
217,217:29,Vehicle:1,scene_28_1,10872001233,Vehicle-SemiTruck-Trailer,189.22734564923107,1.1803950839694728,0.5,17,613
217,217:30,Vehicle:10,scene_28_1,10872001233,Vehicle-Passenger,40.86915425596985,21.9797868258872,0.0,14,42
217,217:30,Vehicle:10,scene_28_1,10872001233,Vehicle-Passenger,40.86915425596985,21.9797868258872,0.5,16,91
217,217:31,Vehicle:12,scene_28_1,10872001233,Vehicle-Passenger,254.2497290200678,-1.801783234760844,0.0,1,66
217,217:31,Vehicle:12,scene_28_1,10872001233,Vehicle-Passenger,254.2497290200678,-1.801783234760844,0.5,1,82
217,217:32,Vehicle:2,scene_28_1,10872001233,Vehicle-SemiTruck-Trailer,176.5140828946438,-0.002144050607159756,0.0,2,718
217,217:32,Vehicle:2,scene_28_1,10872001233,Vehicle-SemiTruck-Trailer,176.5140828946438,-0.002144050607159756,0.5,6,773
217,217:33,Vehicle:20,scene_28_1,10872001233,Vehicle-Trailer,47.74058912173165,18.781418853468207,0.0,38,70
217,217:33,Vehicle:20,scene_28_1,10872001233,Vehicle-Trailer,47.74058912173165,18.781418853468207,0.5,42,145
217,217:34,Vehicle:28,scene_28_1,10872001233,Vehicle-Trailer,8.098995557124331,148.91265490684899,0.0,8,4597
217,217:34,Vehicle:28,scene_28_1,10872001233,Vehicle-Trailer,8.098995557124331,148.91265490684899,0.5,25,6660
217,217:35,Vehicle:3,scene_28_1,10872001233,Vehicle-SemiTruck-Cab,53.64048334706646,5.157114023266641,0.0,10,120
217,217:35,Vehicle:3,scene_28_1,10872001233,Vehicle-SemiTruck-Cab,53.64048334706646,5.157114023266641,0.5,17,530
217,217:36,Vehicle:33,scene_28_1,10872001233,Vehicle-Passenger,108.97645854805495,169.27646392165187,0.0,0,2
217,217:36,Vehicle:33,scene_28_1,10872001233,Vehicle-Passenger,108.97645854805495,169.27646392165187,0.5,0,2
217,217:37,Vehicle:39,scene_28_1,10872001233,Vehicle-SemiTruck-Cab,199.9727196236663,1.0280015727491967,0.0,3,4
217,217:37,Vehicle:39,scene_28_1,10872001233,Vehicle-SemiTruck-Cab,199.9727196236663,1.0280015727491967,0.5,7,4
217,217:38,Vehicle:4,scene_28_1,10872001233,Vehicle-SemiTruck-Trailer,42.27442260414962,6.543469277256952,0.0,47,22510
217,217:38,Vehicle:4,scene_28_1,10872001233,Vehicle-SemiTruck-Trailer,42.27442260414962,6.543469277256952,0.5,61,25219
217,217:39,Vehicle:5,scene_28_1,10872001233,Vehicle-Passenger,4.268117935996614,84.07946277692056,0.0,5,7263
217,217:39,Vehicle:5,scene_28_1,10872001233,Vehicle-Passenger,4.268117935996614,84.07946277692056,0.5,7,14888
217,217:40,Vehicle:53,scene_28_1,10872001233,Vehicle-Other,8.143612411928071,149.22117586858866,0.0,29,5297
217,217:40,Vehicle:53,scene_28_1,10872001233,Vehicle-Other,8.143612411928071,149.22117586858866,0.5,32,5851
217,217:43,Vehicle:8,scene_28_1,10872001233,Vehicle-Passenger,31.39229640306658,172.19718186507194,0.0,4,34
217,217:43,Vehicle:8,scene_28_1,10872001233,Vehicle-Passenger,31.39229640306658,172.19718186507194,0.5,7,140
217,217:44,Vehicle:17,scene_28_1,10872001233,Vehicle-Passenger,259.4404159657309,-179.61247497747965,0.0,0,0
217,217:44,Vehicle:17,scene_28_1,10872001233,Vehicle-Passenger,259.4404159657309,-179.61247497747965,0.5,0,0
217,217:45,Vehicle:27,scene_28_1,10872001233,Vehicle-Passenger,196.90799662528667,5.569623502273611,0.0,0,0
217,217:45,Vehicle:27,scene_28_1,10872001233,Vehicle-Passenger,196.90799662528667,5.569623502273611,0.5,0,0
227,227:0,RoadObstruction:1,scene_28_1,11372149908,RoadObstruction,221.5389215036659,-177.3123955771999,0.0,0,3
227,227:0,RoadObstruction:1,scene_28_1,11372149908,RoadObstruction,221.5389215036659,-177.3123955771999,0.5,0,3
227,227:1,RoadObstruction:10,scene_28_1,11372149908,RoadObstruction-Barrel,8.476812583578806,-116.04561605894565,0.0,1,21
227,227:1,RoadObstruction:10,scene_28_1,11372149908,RoadObstruction-Barrel,8.476812583578806,-116.04561605894565,0.5,1,155
227,227:2,RoadObstruction:11,scene_28_1,11372149908,RoadObstruction-Barrel,18.354479964365694,-29.16744679619846,0.0,3,264
227,227:2,RoadObstruction:11,scene_28_1,11372149908,RoadObstruction-Barrel,18.354479964365694,-29.16744679619846,0.5,11,453
227,227:3,RoadObstruction:12,scene_28_1,11372149908,RoadObstruction-Barrel,44.54403363782035,-11.036202998263342,0.0,1,216
227,227:3,RoadObstruction:12,scene_28_1,11372149908,RoadObstruction-Barrel,44.54403363782035,-11.036202998263342,0.5,5,500
227,227:4,RoadObstruction:13,scene_28_1,11372149908,RoadObstruction-Barrel,62.76490545153412,-8.050944148880474,0.0,0,179
227,227:4,RoadObstruction:13,scene_28_1,11372149908,RoadObstruction-Barrel,62.76490545153412,-8.050944148880474,0.5,4,324
227,227:5,RoadObstruction:14,scene_28_1,11372149908,RoadObstruction-Barrel,84.8378551728951,-6.017517647008405,0.0,0,147
227,227:5,RoadObstruction:14,scene_28_1,11372149908,RoadObstruction-Barrel,84.8378551728951,-6.017517647008405,0.5,3,183
227,227:6,RoadObstruction:15,scene_28_1,11372149908,RoadObstruction-Barrel,100.01457537159469,-5.055111326866906,0.0,0,100
227,227:6,RoadObstruction:15,scene_28_1,11372149908,RoadObstruction-Barrel,100.01457537159469,-5.055111326866906,0.5,4,111
227,227:7,RoadObstruction:16,scene_28_1,11372149908,RoadObstruction-Barrel,110.66079699833102,-4.419455289448967,0.0,0,89
227,227:7,RoadObstruction:16,scene_28_1,11372149908,RoadObstruction-Barrel,110.66079699833102,-4.419455289448967,0.5,4,93
227,227:8,RoadObstruction:17,scene_28_1,11372149908,RoadObstruction-Barrel,127.76797954285365,-3.9293984576005334,0.0,0,70
227,227:8,RoadObstruction:17,scene_28_1,11372149908,RoadObstruction-Barrel,127.76797954285365,-3.9293984576005334,0.5,3,89
227,227:9,RoadObstruction:18,scene_28_1,11372149908,RoadObstruction-Barrel,142.46131918189056,-3.361801942499314,0.0,0,77
227,227:9,RoadObstruction:18,scene_28_1,11372149908,RoadObstruction-Barrel,142.46131918189056,-3.361801942499314,0.5,2,91
227,227:10,RoadObstruction:19,scene_28_1,11372149908,RoadObstruction-Barrel,160.7896188249442,-2.3674043373128097,0.0,0,59
227,227:10,RoadObstruction:19,scene_28_1,11372149908,RoadObstruction-Barrel,160.7896188249442,-2.3674043373128097,0.5,2,63
227,227:11,RoadObstruction:2,scene_28_1,11372149908,RoadObstruction,262.11233269053497,-177.5785712246416,0.0,0,7
227,227:11,RoadObstruction:2,scene_28_1,11372149908,RoadObstruction,262.11233269053497,-177.5785712246416,0.5,0,13
227,227:12,RoadObstruction:20,scene_28_1,11372149908,RoadObstruction-Barrel,176.18832311132869,-2.2035760300061753,0.0,0,27
227,227:12,RoadObstruction:20,scene_28_1,11372149908,RoadObstruction-Barrel,176.18832311132869,-2.2035760300061753,0.5,0,35
227,227:13,RoadObstruction:21,scene_28_1,11372149908,RoadObstruction-Barrel,201.05206730044418,-2.310358188962497,0.0,0,12
227,227:13,RoadObstruction:21,scene_28_1,11372149908,RoadObstruction-Barrel,201.05206730044418,-2.310358188962497,0.5,2,20
227,227:14,RoadObstruction:27,scene_28_1,11372149908,RoadObstruction-Barrel,294.66911333429135,-177.6798398848809,0.0,0,0
227,227:14,RoadObstruction:27,scene_28_1,11372149908,RoadObstruction-Barrel,294.66911333429135,-177.6798398848809,0.5,0,0
227,227:15,RoadObstruction:28,scene_28_1,11372149908,RoadObstruction-Barrel,58.59796886300697,170.91491649154028,0.0,0,38
227,227:15,RoadObstruction:28,scene_28_1,11372149908,RoadObstruction-Barrel,58.59796886300697,170.91491649154028,0.5,2,101
227,227:16,RoadObstruction:29,scene_28_1,11372149908,RoadObstruction-Barrel,107.94492739280614,174.9126236826009,0.0,0,0
227,227:16,RoadObstruction:29,scene_28_1,11372149908,RoadObstruction-Barrel,107.94492739280614,174.9126236826009,0.5,2,0
227,227:17,RoadObstruction:3,scene_28_1,11372149908,RoadObstruction,182.85730890738543,-177.13249877989344,0.0,0,10
227,227:17,RoadObstruction:3,scene_28_1,11372149908,RoadObstruction,182.85730890738543,-177.13249877989344,0.5,1,18
227,227:18,RoadObstruction:4,scene_28_1,11372149908,RoadObstruction,150.12315334501665,-176.61058765481332,0.0,1,34
227,227:18,RoadObstruction:4,scene_28_1,11372149908,RoadObstruction,150.12315334501665,-176.61058765481332,0.5,3,43
227,227:19,RoadObstruction:5,scene_28_1,11372149908,RoadObstruction-Barrel,116.59838260638686,-175.72050790094616,0.0,0,28
227,227:19,RoadObstruction:5,scene_28_1,11372149908,RoadObstruction-Barrel,116.59838260638686,-175.72050790094616,0.5,1,32
227,227:20,RoadObstruction:6,scene_28_1,11372149908,RoadObstruction-Barrel,100.88707431827231,-174.97110319544709,0.0,1,32
227,227:20,RoadObstruction:6,scene_28_1,11372149908,RoadObstruction-Barrel,100.88707431827231,-174.97110319544709,0.5,2,40
227,227:21,RoadObstruction:7,scene_28_1,11372149908,RoadObstruction-Barrel,67.51982298662871,-172.76335316022167,0.0,0,41
227,227:21,RoadObstruction:7,scene_28_1,11372149908,RoadObstruction-Barrel,67.51982298662871,-172.76335316022167,0.5,3,68
227,227:22,RoadObstruction:8,scene_28_1,11372149908,RoadObstruction-Barrel,54.58702098788057,-170.94892628565165,0.0,0,54
227,227:22,RoadObstruction:8,scene_28_1,11372149908,RoadObstruction-Barrel,54.58702098788057,-170.94892628565165,0.5,2,68
227,227:23,RoadObstruction:9,scene_28_1,11372149908,RoadObstruction-Barrel,24.58285017903038,-160.98169763823844,0.0,0,223
227,227:23,RoadObstruction:9,scene_28_1,11372149908,RoadObstruction-Barrel,24.58285017903038,-160.98169763823844,0.5,2,321
227,227:24,TrafficSign:1,scene_28_1,11372149908,TrafficSign,45.61944473881304,-168.30675485143996,0.0,0,19
227,227:24,TrafficSign:1,scene_28_1,11372149908,TrafficSign,45.61944473881304,-168.30675485143996,0.5,0,192
227,227:25,TrafficSign:2,scene_28_1,11372149908,TrafficSign,85.86886049756427,-6.796264261833523,0.0,0,169
227,227:25,TrafficSign:2,scene_28_1,11372149908,TrafficSign,85.86886049756427,-6.796264261833523,0.5,1,824
227,227:26,TrafficSign:3,scene_28_1,11372149908,TrafficSign,66.44171538612754,16.779179538001063,0.0,0,2
227,227:26,TrafficSign:3,scene_28_1,11372149908,TrafficSign,66.44171538612754,16.779179538001063,0.5,4,13
227,227:27,TrafficSign:4,scene_28_1,11372149908,TrafficSign,210.62587599146602,172.58447975934027,0.0,0,2
227,227:27,TrafficSign:4,scene_28_1,11372149908,TrafficSign,210.62587599146602,172.58447975934027,0.5,0,35
227,227:28,TrafficSign:5,scene_28_1,11372149908,TrafficSign,26.669310051333024,100.35525887467813,0.0,1,192
227,227:28,TrafficSign:5,scene_28_1,11372149908,TrafficSign,26.669310051333024,100.35525887467813,0.5,5,557
227,227:29,Vehicle:1,scene_28_1,11372149908,Vehicle-SemiTruck-Trailer,188.3295905774364,1.1715162504505385,0.0,12,524
227,227:29,Vehicle:1,scene_28_1,11372149908,Vehicle-SemiTruck-Trailer,188.3295905774364,1.1715162504505385,0.5,22,624
227,227:30,Vehicle:10,scene_28_1,11372149908,Vehicle-Passenger,17.080706000984385,63.92037073815417,0.0,8,1060
227,227:30,Vehicle:10,scene_28_1,11372149908,Vehicle-Passenger,17.080706000984385,63.92037073815417,0.5,8,2027
227,227:31,Vehicle:11,scene_28_1,11372149908,Vehicle-SemiTruck-Cab,184.74661906620378,-0.08527912227678272,0.0,0,4
227,227:31,Vehicle:11,scene_28_1,11372149908,Vehicle-SemiTruck-Cab,184.74661906620378,-0.08527912227678272,0.5,1,4
227,227:32,Vehicle:12,scene_28_1,11372149908,Vehicle-Passenger,250.60822551614362,-1.9854192382671214,0.0,0,81
227,227:32,Vehicle:12,scene_28_1,11372149908,Vehicle-Passenger,250.60822551614362,-1.9854192382671214,0.5,3,86
227,227:33,Vehicle:17,scene_28_1,11372149908,Vehicle-Passenger,260.04065123480353,-179.56142754575592,0.0,0,4
227,227:33,Vehicle:17,scene_28_1,11372149908,Vehicle-Passenger,260.04065123480353,-179.56142754575592,0.5,0,6
227,227:34,Vehicle:2,scene_28_1,11372149908,Vehicle-SemiTruck-Trailer,174.02819679387392,0.020282568384487387,0.0,3,724
227,227:34,Vehicle:2,scene_28_1,11372149908,Vehicle-SemiTruck-Trailer,174.02819679387392,0.020282568384487387,0.5,6,769
227,227:35,Vehicle:20,scene_28_1,11372149908,Vehicle-Trailer,21.60032488109863,45.965965331348215,0.0,53,3520
227,227:35,Vehicle:20,scene_28_1,11372149908,Vehicle-Trailer,21.60032488109863,45.965965331348215,0.5,53,3821
227,227:36,Vehicle:21,scene_28_1,11372149908,Vehicle-Passenger,33.56218891105648,33.7238226856431,0.0,0,50
227,227:36,Vehicle:21,scene_28_1,11372149908,Vehicle-Passenger,33.56218891105648,33.7238226856431,0.5,0,93
227,227:37,Vehicle:28,scene_28_1,11372149908,Vehicle-Trailer,6.620503790912491,140.05973905141343,0.0,8,7497
227,227:37,Vehicle:28,scene_28_1,11372149908,Vehicle-Trailer,6.620503790912491,140.05973905141343,0.5,27,16465
227,227:38,Vehicle:3,scene_28_1,11372149908,Vehicle-SemiTruck-Cab,55.87732836872713,5.203285758465986,0.0,17,50
227,227:38,Vehicle:3,scene_28_1,11372149908,Vehicle-SemiTruck-Cab,55.87732836872713,5.203285758465986,0.5,26,417
227,227:39,Vehicle:33,scene_28_1,11372149908,Vehicle-Passenger,137.7019127353863,171.52798937165383,0.0,0,0
227,227:39,Vehicle:33,scene_28_1,11372149908,Vehicle-Passenger,137.7019127353863,171.52798937165383,0.5,0,4
227,227:40,Vehicle:34,scene_28_1,11372149908,Vehicle-Passenger,57.07129510109455,15.561995025451893,0.0,5,8
227,227:40,Vehicle:34,scene_28_1,11372149908,Vehicle-Passenger,57.07129510109455,15.561995025451893,0.5,5,16
227,227:41,Vehicle:39,scene_28_1,11372149908,Vehicle-SemiTruck-Cab,199.07668808853646,1.0067187316341641,0.0,2,13
227,227:41,Vehicle:39,scene_28_1,11372149908,Vehicle-SemiTruck-Cab,199.07668808853646,1.0067187316341641,0.5,5,26
227,227:42,Vehicle:4,scene_28_1,11372149908,Vehicle-SemiTruck-Trailer,44.5116991398073,6.528505018969516,0.0,42,22481
227,227:42,Vehicle:4,scene_28_1,11372149908,Vehicle-SemiTruck-Trailer,44.5116991398073,6.528505018969516,0.5,60,26139
227,227:43,Vehicle:5,scene_28_1,11372149908,Vehicle-Passenger,4.904520351367944,62.026712972279,0.0,0,10273
227,227:43,Vehicle:5,scene_28_1,11372149908,Vehicle-Passenger,4.904520351367944,62.026712972279,0.5,0,18866
227,227:44,Vehicle:53,scene_28_1,11372149908,Vehicle-Other,6.631985348128725,140.47160664703796,0.0,31,14446
227,227:44,Vehicle:53,scene_28_1,11372149908,Vehicle-Other,6.631985348128725,140.47160664703796,0.5,37,15449
227,227:47,Vehicle:8,scene_28_1,11372149908,Vehicle-Passenger,29.725182971957082,171.6603431431436,0.0,6,41
227,227:47,Vehicle:8,scene_28_1,11372149908,Vehicle-Passenger,29.725182971957082,171.6603431431436,0.5,7,43
227,227:48,Vehicle:27,scene_28_1,11372149908,Vehicle-Passenger,164.15239788446831,6.912654650273542,0.0,0,0
227,227:48,Vehicle:27,scene_28_1,11372149908,Vehicle-Passenger,164.15239788446831,6.912654650273542,0.5,0,0
237,237:0,RoadObstruction:10,scene_28_1,11872121208,RoadObstruction-Barrel,19.62656964499796,-156.93266459025853,0.0,0,268
237,237:0,RoadObstruction:10,scene_28_1,11872121208,RoadObstruction-Barrel,19.62656964499796,-156.93266459025853,0.5,1,305
237,237:1,RoadObstruction:11,scene_28_1,11872121208,RoadObstruction-Barrel,9.075418478252429,-78.96164119912103,0.0,0,8
237,237:1,RoadObstruction:11,scene_28_1,11872121208,RoadObstruction-Barrel,9.075418478252429,-78.96164119912103,0.5,0,233
237,237:2,RoadObstruction:12,scene_28_1,11872121208,RoadObstruction-Barrel,30.527400395712064,-15.941025577749782,0.0,1,249
237,237:2,RoadObstruction:12,scene_28_1,11872121208,RoadObstruction-Barrel,30.527400395712064,-15.941025577749782,0.5,8,429
237,237:3,RoadObstruction:13,scene_28_1,11872121208,RoadObstruction-Barrel,48.64931031257001,-10.23130389122025,0.0,0,109
237,237:3,RoadObstruction:13,scene_28_1,11872121208,RoadObstruction-Barrel,48.64931031257001,-10.23130389122025,0.5,3,350
237,237:4,RoadObstruction:14,scene_28_1,11872121208,RoadObstruction-Barrel,70.53834137632674,-7.061442443377823,0.0,0,161
237,237:4,RoadObstruction:14,scene_28_1,11872121208,RoadObstruction-Barrel,70.53834137632674,-7.061442443377823,0.5,4,221
237,237:5,RoadObstruction:15,scene_28_1,11872121208,RoadObstruction-Barrel,85.62623422418967,-5.734379295433595,0.0,0,129
237,237:5,RoadObstruction:15,scene_28_1,11872121208,RoadObstruction-Barrel,85.62623422418967,-5.734379295433595,0.5,3,157
237,237:6,RoadObstruction:16,scene_28_1,11872121208,RoadObstruction-Barrel,96.27452991910694,-4.90900304070138,0.0,1,110
237,237:6,RoadObstruction:16,scene_28_1,11872121208,RoadObstruction-Barrel,96.27452991910694,-4.90900304070138,0.5,4,119
237,237:7,RoadObstruction:17,scene_28_1,11872121208,RoadObstruction-Barrel,113.41600939665119,-4.276127233361417,0.0,0,76
237,237:7,RoadObstruction:17,scene_28_1,11872121208,RoadObstruction-Barrel,113.41600939665119,-4.276127233361417,0.5,2,85
237,237:8,RoadObstruction:18,scene_28_1,11872121208,RoadObstruction-Barrel,128.06255991676719,-3.594010151489913,0.0,0,70
237,237:8,RoadObstruction:18,scene_28_1,11872121208,RoadObstruction-Barrel,128.06255991676719,-3.594010151489913,0.5,2,77
237,237:9,RoadObstruction:19,scene_28_1,11872121208,RoadObstruction-Barrel,146.42792986098476,-2.4542121175943836,0.0,0,58
237,237:9,RoadObstruction:19,scene_28_1,11872121208,RoadObstruction-Barrel,146.42792986098476,-2.4542121175943836,0.5,2,66
237,237:10,RoadObstruction:2,scene_28_1,11872121208,RoadObstruction,276.5878609335743,-177.58864080146859,0.0,0,5
237,237:10,RoadObstruction:2,scene_28_1,11872121208,RoadObstruction,276.5878609335743,-177.58864080146859,0.5,0,5
237,237:11,RoadObstruction:20,scene_28_1,11872121208,RoadObstruction-Barrel,161.80174379311208,-2.277765860644338,0.0,0,30
237,237:11,RoadObstruction:20,scene_28_1,11872121208,RoadObstruction-Barrel,161.80174379311208,-2.277765860644338,0.5,2,46
237,237:12,RoadObstruction:21,scene_28_1,11872121208,RoadObstruction-Barrel,186.5743802764754,-2.3597839420646225,0.0,0,21
237,237:12,RoadObstruction:21,scene_28_1,11872121208,RoadObstruction-Barrel,186.5743802764754,-2.3597839420646225,0.5,1,24
237,237:13,RoadObstruction:27,scene_28_1,11872121208,RoadObstruction-Barrel,309.2905652850743,-177.6858765949785,0.0,0,0
237,237:13,RoadObstruction:27,scene_28_1,11872121208,RoadObstruction-Barrel,309.2905652850743,-177.6858765949785,0.5,0,4
237,237:14,RoadObstruction:28,scene_28_1,11872121208,RoadObstruction-Barrel,72.97020732717289,172.6665281014479,0.0,0,34
237,237:14,RoadObstruction:28,scene_28_1,11872121208,RoadObstruction-Barrel,72.97020732717289,172.6665281014479,0.5,1,53
237,237:15,RoadObstruction:29,scene_28_1,11872121208,RoadObstruction-Barrel,122.24590510801221,175.58756368658516,0.0,0,0
237,237:15,RoadObstruction:29,scene_28_1,11872121208,RoadObstruction-Barrel,122.24590510801221,175.58756368658516,0.5,4,0
237,237:16,RoadObstruction:3,scene_28_1,11872121208,RoadObstruction,197.23586048707256,-177.22512193884754,0.0,0,7
237,237:16,RoadObstruction:3,scene_28_1,11872121208,RoadObstruction,197.23586048707256,-177.22512193884754,0.5,0,13
237,237:17,RoadObstruction:4,scene_28_1,11872121208,RoadObstruction,164.51951015291033,-176.78691487741924,0.0,0,19
237,237:17,RoadObstruction:4,scene_28_1,11872121208,RoadObstruction,164.51951015291033,-176.78691487741924,0.5,0,20
237,237:18,RoadObstruction:5,scene_28_1,11872121208,RoadObstruction-Barrel,130.946899145653,-176.06042283418043,0.0,0,36
237,237:18,RoadObstruction:5,scene_28_1,11872121208,RoadObstruction-Barrel,130.946899145653,-176.06042283418043,0.5,1,48
237,237:19,RoadObstruction:6,scene_28_1,11872121208,RoadObstruction-Barrel,115.31748135296881,-175.4764451371855,0.0,0,57
237,237:19,RoadObstruction:6,scene_28_1,11872121208,RoadObstruction-Barrel,115.31748135296881,-175.4764451371855,0.5,1,73
237,237:20,RoadObstruction:7,scene_28_1,11872121208,RoadObstruction-Barrel,81.75492714070083,-173.92241403697193,0.0,0,55
237,237:20,RoadObstruction:7,scene_28_1,11872121208,RoadObstruction-Barrel,81.75492714070083,-173.92241403697193,0.5,2,73
237,237:21,RoadObstruction:8,scene_28_1,11872121208,RoadObstruction-Barrel,68.78270649016964,-172.7018080704953,0.0,0,51
237,237:21,RoadObstruction:8,scene_28_1,11872121208,RoadObstruction-Barrel,68.78270649016964,-172.7018080704953,0.5,2,54
237,237:22,RoadObstruction:9,scene_28_1,11872121208,RoadObstruction-Barrel,38.4657345975087,-167.79354274382754,0.0,0,82
237,237:22,RoadObstruction:9,scene_28_1,11872121208,RoadObstruction-Barrel,38.4657345975087,-167.79354274382754,0.5,1,149
237,237:23,TrafficSign:1,scene_28_1,11872121208,TrafficSign,59.66559532942589,-170.9498192523577,0.0,0,277
237,237:23,TrafficSign:1,scene_28_1,11872121208,TrafficSign,59.66559532942589,-170.9498192523577,0.5,0,851
237,237:24,TrafficSign:2,scene_28_1,11872121208,TrafficSign,71.58233867487141,-8.001163778325035,0.0,0,281
237,237:24,TrafficSign:2,scene_28_1,11872121208,TrafficSign,71.58233867487141,-8.001163778325035,0.5,0,1174
237,237:25,TrafficSign:3,scene_28_1,11872121208,TrafficSign,52.889784590829414,21.61466816437094,0.0,0,7
237,237:25,TrafficSign:3,scene_28_1,11872121208,TrafficSign,52.889784590829414,21.61466816437094,0.5,14,58
237,237:26,TrafficSign:4,scene_28_1,11872121208,TrafficSign,224.98465046007254,173.14272830132546,0.0,0,5
237,237:26,TrafficSign:4,scene_28_1,11872121208,TrafficSign,224.98465046007254,173.14272830132546,0.5,0,59
237,237:27,TrafficSign:5,scene_28_1,11872121208,TrafficSign,32.605906315210326,126.03142856040623,0.0,0,53
237,237:27,TrafficSign:5,scene_28_1,11872121208,TrafficSign,32.605906315210326,126.03142856040623,0.5,0,147
237,237:28,Vehicle:1,scene_28_1,11872121208,Vehicle-SemiTruck-Trailer,187.44315867300628,1.0924776687422053,0.0,19,505
237,237:28,Vehicle:1,scene_28_1,11872121208,Vehicle-SemiTruck-Trailer,187.44315867300628,1.0924776687422053,0.5,24,578
237,237:29,Vehicle:11,scene_28_1,11872121208,Vehicle-SemiTruck-Cab,182.2951067394914,-0.16880436357773465,0.0,1,2
237,237:29,Vehicle:11,scene_28_1,11872121208,Vehicle-SemiTruck-Cab,182.2951067394914,-0.16880436357773465,0.5,2,3
237,237:30,Vehicle:12,scene_28_1,11872121208,Vehicle-Passenger,246.81883024879065,-2.241741888712747,0.0,1,85
237,237:30,Vehicle:12,scene_28_1,11872121208,Vehicle-Passenger,246.81883024879065,-2.241741888712747,0.5,3,98
237,237:31,Vehicle:2,scene_28_1,11872121208,Vehicle-SemiTruck-Trailer,171.545678955149,-0.012730102159037237,0.0,12,809
237,237:31,Vehicle:2,scene_28_1,11872121208,Vehicle-SemiTruck-Trailer,171.545678955149,-0.012730102159037237,0.5,16,880
237,237:32,Vehicle:20,scene_28_1,11872121208,Vehicle-Trailer,21.769038437301386,134.0973458929309,0.0,9,413
237,237:32,Vehicle:20,scene_28_1,11872121208,Vehicle-Trailer,21.769038437301386,134.0973458929309,0.5,26,468
237,237:33,Vehicle:21,scene_28_1,11872121208,Vehicle-Passenger,19.341895033651753,102.23863774329925,0.0,0,2423
237,237:33,Vehicle:21,scene_28_1,11872121208,Vehicle-Passenger,19.341895033651753,102.23863774329925,0.5,2,2958
237,237:34,Vehicle:28,scene_28_1,11872121208,Vehicle-Trailer,5.393647702276882,125.65488393855512,0.0,7,11870
237,237:34,Vehicle:28,scene_28_1,11872121208,Vehicle-Trailer,5.393647702276882,125.65488393855512,0.5,30,21010
237,237:35,Vehicle:3,scene_28_1,11872121208,Vehicle-SemiTruck-Cab,58.08520649526384,5.256612474804121,0.0,8,26
237,237:35,Vehicle:3,scene_28_1,11872121208,Vehicle-SemiTruck-Cab,58.08520649526384,5.256612474804121,0.5,16,293
237,237:36,Vehicle:33,scene_28_1,11872121208,Vehicle-Passenger,166.6029054759852,172.98937050402748,0.0,0,1
237,237:36,Vehicle:33,scene_28_1,11872121208,Vehicle-Passenger,166.6029054759852,172.98937050402748,0.5,0,1
237,237:37,Vehicle:34,scene_28_1,11872121208,Vehicle-Passenger,27.34903617835814,34.0226038087182,0.0,4,41
237,237:37,Vehicle:34,scene_28_1,11872121208,Vehicle-Passenger,27.34903617835814,34.0226038087182,0.5,4,76
237,237:38,Vehicle:35,scene_28_1,11872121208,Vehicle-Passenger,39.36024256240571,30.08146911848257,0.0,1,24
237,237:38,Vehicle:35,scene_28_1,11872121208,Vehicle-Passenger,39.36024256240571,30.08146911848257,0.5,1,29
237,237:39,Vehicle:4,scene_28_1,11872121208,Vehicle-SemiTruck-Trailer,46.720522226267484,6.542797766563657,0.0,50,19232
237,237:39,Vehicle:4,scene_28_1,11872121208,Vehicle-SemiTruck-Trailer,46.720522226267484,6.542797766563657,0.5,67,23466
237,237:40,Vehicle:5,scene_28_1,11872121208,Vehicle-Passenger,6.1598903200295965,46.61566874404283,0.0,6,12873
237,237:40,Vehicle:5,scene_28_1,11872121208,Vehicle-Passenger,6.1598903200295965,46.61566874404283,0.5,7,21295
237,237:41,Vehicle:53,scene_28_1,11872121208,Vehicle-Other,5.410892361413958,126.25108541238664,0.0,37,16433
237,237:41,Vehicle:53,scene_28_1,11872121208,Vehicle-Other,5.410892361413958,126.25108541238664,0.5,43,18604
237,237:44,Vehicle:8,scene_28_1,11872121208,Vehicle-Passenger,27.99285839234226,170.98310469250623,0.0,5,59
237,237:44,Vehicle:8,scene_28_1,11872121208,Vehicle-Passenger,27.99285839234226,170.98310469250623,0.5,11,125
237,237:45,Vehicle:17,scene_28_1,11872121208,Vehicle-Passenger,260.3353388591164,-179.51031275266058,0.0,0,0
237,237:45,Vehicle:17,scene_28_1,11872121208,Vehicle-Passenger,260.3353388591164,-179.51031275266058,0.5,0,0
237,237:46,Vehicle:27,scene_28_1,11872121208,Vehicle-Passenger,131.5246324925311,8.861418712048994,0.0,0,0
237,237:46,Vehicle:27,scene_28_1,11872121208,Vehicle-Passenger,131.5246324925311,8.861418712048994,0.5,0,0
237,237:47,Vehicle:36,scene_28_1,11872121208,Vehicle-Passenger,69.2729505326659,13.755240267656173,0.0,1,0
237,237:47,Vehicle:36,scene_28_1,11872121208,Vehicle-Passenger,69.2729505326659,13.755240267656173,0.5,3,14
237,237:48,Vehicle:39,scene_28_1,11872121208,Vehicle-SemiTruck-Cab,198.17843848450778,0.8858833717087128,0.0,1,0
237,237:48,Vehicle:39,scene_28_1,11872121208,Vehicle-SemiTruck-Cab,198.17843848450778,0.8858833717087128,0.5,3,0
247,247:0,RoadObstruction:10,scene_28_1,12372102583,RoadObstruction-Barrel,33.33223115643819,-166.45973609304787,0.0,0,133
247,247:0,RoadObstruction:10,scene_28_1,12372102583,RoadObstruction-Barrel,33.33223115643819,-166.45973609304787,0.5,1,163
247,247:1,RoadObstruction:11,scene_28_1,12372102583,RoadObstruction-Barrel,15.422183388127003,-144.52446149568473,0.0,1,384
247,247:1,RoadObstruction:11,scene_28_1,12372102583,RoadObstruction-Barrel,15.422183388127003,-144.52446149568473,0.5,3,623
247,247:2,RoadObstruction:12,scene_28_1,12372102583,RoadObstruction-Barrel,17.136685687983757,-29.015289067988732,0.0,2,206
247,247:2,RoadObstruction:12,scene_28_1,12372102583,RoadObstruction-Barrel,17.136685687983757,-29.015289067988732,0.5,4,345
247,247:3,RoadObstruction:13,scene_28_1,12372102583,RoadObstruction-Barrel,34.613101243480635,-14.222577563780442,0.0,1,329
247,247:3,RoadObstruction:13,scene_28_1,12372102583,RoadObstruction-Barrel,34.613101243480635,-14.222577563780442,0.5,5,629
247,247:4,RoadObstruction:14,scene_28_1,12372102583,RoadObstruction-Barrel,56.295549203664436,-8.680511249550849,0.0,0,124
247,247:4,RoadObstruction:14,scene_28_1,12372102583,RoadObstruction-Barrel,56.295549203664436,-8.680511249550849,0.5,4,281
247,247:5,RoadObstruction:15,scene_28_1,12372102583,RoadObstruction-Barrel,71.29436324654417,-6.718179777546646,0.0,0,204
247,247:5,RoadObstruction:15,scene_28_1,12372102583,RoadObstruction-Barrel,71.29436324654417,-6.718179777546646,0.5,3,253
247,247:6,RoadObstruction:16,scene_28_1,12372102583,RoadObstruction-Barrel,81.91160312627771,-5.608197378857957,0.0,0,129
247,247:6,RoadObstruction:16,scene_28_1,12372102583,RoadObstruction-Barrel,81.91160312627771,-5.608197378857957,0.5,3,168
247,247:7,RoadObstruction:17,scene_28_1,12372102583,RoadObstruction-Barrel,99.05223617325134,-4.75301258516738,0.0,0,75
247,247:7,RoadObstruction:17,scene_28_1,12372102583,RoadObstruction-Barrel,99.05223617325134,-4.75301258516738,0.5,4,82
247,247:8,RoadObstruction:18,scene_28_1,12372102583,RoadObstruction-Barrel,113.67906021399902,-3.9096983498732962,0.0,0,54
247,247:8,RoadObstruction:18,scene_28_1,12372102583,RoadObstruction-Barrel,113.67906021399902,-3.9096983498732962,0.5,2,56
247,247:9,RoadObstruction:19,scene_28_1,12372102583,RoadObstruction-Barrel,132.03984112886496,-2.590714799501877,0.0,0,66
247,247:9,RoadObstruction:19,scene_28_1,12372102583,RoadObstruction-Barrel,132.03984112886496,-2.590714799501877,0.5,1,70
247,247:10,RoadObstruction:2,scene_28_1,12372102583,RoadObstruction,290.93512442165746,-177.59737091997573,0.0,0,5
247,247:10,RoadObstruction:2,scene_28_1,12372102583,RoadObstruction,290.93512442165746,-177.59737091997573,0.5,0,7
247,247:11,RoadObstruction:20,scene_28_1,12372102583,RoadObstruction-Barrel,147.37517520793276,-2.3848471299464995,0.0,0,56
247,247:11,RoadObstruction:20,scene_28_1,12372102583,RoadObstruction-Barrel,147.37517520793276,-2.3848471299464995,0.5,3,58
247,247:12,RoadObstruction:21,scene_28_1,12372102583,RoadObstruction-Barrel,172.13407146787594,-2.4301561581307216,0.0,0,22
247,247:12,RoadObstruction:21,scene_28_1,12372102583,RoadObstruction-Barrel,172.13407146787594,-2.4301561581307216,0.5,0,31
247,247:13,RoadObstruction:27,scene_28_1,12372102583,RoadObstruction-Barrel,323.993844625048,-177.68825051373912,0.0,0,0
247,247:13,RoadObstruction:27,scene_28_1,12372102583,RoadObstruction-Barrel,323.993844625048,-177.68825051373912,0.5,0,1
247,247:14,RoadObstruction:28,scene_28_1,12372102583,RoadObstruction-Barrel,87.29719907305827,173.90780176020553,0.0,0,11
247,247:14,RoadObstruction:28,scene_28_1,12372102583,RoadObstruction-Barrel,87.29719907305827,173.90780176020553,0.5,1,31
247,247:15,RoadObstruction:3,scene_28_1,12372102583,RoadObstruction,211.82053249127387,-177.31362780771366,0.0,0,0
247,247:15,RoadObstruction:3,scene_28_1,12372102583,RoadObstruction,211.82053249127387,-177.31362780771366,0.5,0,2
247,247:16,RoadObstruction:4,scene_28_1,12372102583,RoadObstruction,178.95756334575736,-176.93182599472615,0.0,0,12
247,247:16,RoadObstruction:4,scene_28_1,12372102583,RoadObstruction,178.95756334575736,-176.93182599472615,0.5,1,18
247,247:17,RoadObstruction:5,scene_28_1,12372102583,RoadObstruction,145.2940934507138,-176.33694267652396,0.0,0,17
247,247:17,RoadObstruction:5,scene_28_1,12372102583,RoadObstruction,145.2940934507138,-176.33694267652396,0.5,1,26
247,247:18,RoadObstruction:6,scene_28_1,12372102583,RoadObstruction-Barrel,129.7508138121375,-175.86601055008416,0.0,0,25
247,247:18,RoadObstruction:6,scene_28_1,12372102583,RoadObstruction-Barrel,129.7508138121375,-175.86601055008416,0.5,1,29
247,247:19,RoadObstruction:7,scene_28_1,12372102583,RoadObstruction-Barrel,96.03639991013154,-174.71759388685982,0.0,0,68
247,247:19,RoadObstruction:7,scene_28_1,12372102583,RoadObstruction-Barrel,96.03639991013154,-174.71759388685982,0.5,2,85
247,247:20,RoadObstruction:8,scene_28_1,12372102583,RoadObstruction-Barrel,82.98954152027505,-173.8617885005913,0.0,0,65
247,247:20,RoadObstruction:8,scene_28_1,12372102583,RoadObstruction-Barrel,82.98954152027505,-173.8617885005913,0.5,1,74
247,247:21,RoadObstruction:9,scene_28_1,12372102583,RoadObstruction-Barrel,52.579494097083916,-170.9733359384789,0.0,0,51
247,247:21,RoadObstruction:9,scene_28_1,12372102583,RoadObstruction-Barrel,52.579494097083916,-170.9733359384789,0.5,2,54
247,247:22,TrafficSign:1,scene_28_1,12372102583,TrafficSign,73.89323374760872,-172.57894897094317,0.0,0,232
247,247:22,TrafficSign:1,scene_28_1,12372102583,TrafficSign,73.89323374760872,-172.57894897094317,0.5,1,689
247,247:23,TrafficSign:2,scene_28_1,12372102583,TrafficSign,57.40577163433634,-9.850724487531036,0.0,0,383
247,247:23,TrafficSign:2,scene_28_1,12372102583,TrafficSign,57.40577163433634,-9.850724487531036,0.5,0,1002
247,247:24,TrafficSign:3,scene_28_1,12372102583,TrafficSign,39.887796019178936,29.283671342625688,0.0,0,13
247,247:24,TrafficSign:3,scene_28_1,12372102583,TrafficSign,39.887796019178936,29.283671342625688,0.5,6,117
247,247:25,TrafficSign:4,scene_28_1,12372102583,TrafficSign,239.34058348569846,173.63061419500883,0.0,0,7
247,247:25,TrafficSign:4,scene_28_1,12372102583,TrafficSign,239.34058348569846,173.63061419500883,0.5,0,67
247,247:26,TrafficSign:5,scene_28_1,12372102583,TrafficSign,42.77819597619254,141.69455313170386,0.0,0,77
247,247:26,TrafficSign:5,scene_28_1,12372102583,TrafficSign,42.77819597619254,141.69455313170386,0.5,0,297
247,247:27,Vehicle:1,scene_28_1,12372102583,Vehicle-SemiTruck-Trailer,186.49985603367526,0.9440085900204535,0.0,6,603
247,247:27,Vehicle:1,scene_28_1,12372102583,Vehicle-SemiTruck-Trailer,186.49985603367526,0.9440085900204535,0.5,12,672
247,247:28,Vehicle:12,scene_28_1,12372102583,Vehicle-Passenger,242.84775969606596,-2.5976762663342363,0.0,0,80
247,247:28,Vehicle:12,scene_28_1,12372102583,Vehicle-Passenger,242.84775969606596,-2.5976762663342363,0.5,2,86
247,247:29,Vehicle:17,scene_28_1,12372102583,Vehicle-Passenger,260.56620385864977,-179.475813004673,0.0,0,5
247,247:29,Vehicle:17,scene_28_1,12372102583,Vehicle-Passenger,260.56620385864977,-179.475813004673,0.5,0,6
247,247:30,Vehicle:2,scene_28_1,12372102583,Vehicle-SemiTruck-Trailer,169.0821662408147,-0.07346823379691553,0.0,9,882
247,247:30,Vehicle:2,scene_28_1,12372102583,Vehicle-SemiTruck-Trailer,169.0821662408147,-0.07346823379691553,0.5,14,959
247,247:31,Vehicle:20,scene_28_1,12372102583,Vehicle-Trailer,47.9853367726662,160.84673669367618,0.0,5,20
247,247:31,Vehicle:20,scene_28_1,12372102583,Vehicle-Trailer,47.9853367726662,160.84673669367618,0.5,25,25
247,247:32,Vehicle:28,scene_28_1,12372102583,Vehicle-Trailer,4.746214212130803,105.13094696677544,0.0,3,13495
247,247:32,Vehicle:28,scene_28_1,12372102583,Vehicle-Trailer,4.746214212130803,105.13094696677544,0.5,33,29969
247,247:33,Vehicle:3,scene_28_1,12372102583,Vehicle-SemiTruck-Cab,60.26137931991978,5.287598180768115,0.0,11,58
247,247:33,Vehicle:3,scene_28_1,12372102583,Vehicle-SemiTruck-Cab,60.26137931991978,5.287598180768115,0.5,19,319
247,247:34,Vehicle:33,scene_28_1,12372102583,Vehicle-Passenger,195.7138178787828,174.04617214811753,0.0,0,2
247,247:34,Vehicle:33,scene_28_1,12372102583,Vehicle-Passenger,195.7138178787828,174.04617214811753,0.5,0,2
247,247:35,Vehicle:35,scene_28_1,12372102583,Vehicle-Passenger,20.372768775571195,75.97068778790417,0.0,5,2976
247,247:35,Vehicle:35,scene_28_1,12372102583,Vehicle-Passenger,20.372768775571195,75.97068778790417,0.5,6,3671
247,247:36,Vehicle:36,scene_28_1,12372102583,Vehicle-Passenger,37.70649201101567,25.438568896336378,0.0,3,13
247,247:36,Vehicle:36,scene_28_1,12372102583,Vehicle-Passenger,37.70649201101567,25.438568896336378,0.5,4,14
247,247:37,Vehicle:4,scene_28_1,12372102583,Vehicle-SemiTruck-Trailer,48.89548352816494,6.535706281529964,0.0,48,18046
247,247:37,Vehicle:4,scene_28_1,12372102583,Vehicle-SemiTruck-Trailer,48.89548352816494,6.535706281529964,0.5,64,20253
247,247:38,Vehicle:5,scene_28_1,12372102583,Vehicle-Passenger,7.718716943609559,37.37697001429463,0.0,8,11928
247,247:38,Vehicle:5,scene_28_1,12372102583,Vehicle-Passenger,7.718716943609559,37.37697001429463,0.5,9,19020
247,247:39,Vehicle:53,scene_28_1,12372102583,Vehicle-Other,4.8174934170872055,107.14540607106309,0.0,44,21467
247,247:39,Vehicle:53,scene_28_1,12372102583,Vehicle-Other,4.8174934170872055,107.14540607106309,0.5,49,23351
247,247:42,Vehicle:8,scene_28_1,12372102583,Vehicle-Passenger,26.283102268378656,170.10996796396958,0.0,7,91
247,247:42,Vehicle:8,scene_28_1,12372102583,Vehicle-Passenger,26.283102268378656,170.10996796396958,0.5,10,330
247,247:43,RoadObstruction:29,scene_28_1,12372102583,RoadObstruction-Barrel,136.53986890105546,176.08541852223627,0.0,1,0
247,247:43,RoadObstruction:29,scene_28_1,12372102583,RoadObstruction-Barrel,136.53986890105546,176.08541852223627,0.5,2,0
247,247:44,Vehicle:11,scene_28_1,12372102583,Vehicle-SemiTruck-Cab,179.82431816654457,-0.2653342425339513,0.0,0,0
247,247:44,Vehicle:11,scene_28_1,12372102583,Vehicle-SemiTruck-Cab,179.82431816654457,-0.2653342425339513,0.5,3,0
247,247:45,Vehicle:21,scene_28_1,12372102583,Vehicle-Passenger,42.03263710889868,152.79072635906198,0.0,0,0
247,247:45,Vehicle:21,scene_28_1,12372102583,Vehicle-Passenger,42.03263710889868,152.79072635906198,0.5,2,0
247,247:46,Vehicle:27,scene_28_1,12372102583,Vehicle-Passenger,98.5877903377946,12.020186051493262,0.0,1,0
247,247:46,Vehicle:27,scene_28_1,12372102583,Vehicle-Passenger,98.5877903377946,12.020186051493262,0.5,2,0
247,247:47,Vehicle:34,scene_28_1,12372102583,Vehicle-Passenger,18.23503235501674,121.91877393621564,0.0,1,0
247,247:47,Vehicle:34,scene_28_1,12372102583,Vehicle-Passenger,18.23503235501674,121.91877393621564,0.5,1,4
247,247:48,Vehicle:39,scene_28_1,12372102583,Vehicle-SemiTruck-Cab,197.01957020808226,0.41195680029824516,0.0,0,1
247,247:48,Vehicle:39,scene_28_1,12372102583,Vehicle-SemiTruck-Cab,197.01957020808226,0.41195680029824516,0.5,1,1
257,257:0,RoadObstruction:10,scene_28_1,12872073733,RoadObstruction-Barrel,47.377660895082784,-170.28781589185328,0.0,0,54
257,257:0,RoadObstruction:10,scene_28_1,12872073733,RoadObstruction-Barrel,47.377660895082784,-170.28781589185328,0.5,2,58
257,257:1,RoadObstruction:11,scene_28_1,12872073733,RoadObstruction-Barrel,28.390042634328577,-161.308992613828,0.0,0,168
257,257:1,RoadObstruction:11,scene_28_1,12872073733,RoadObstruction-Barrel,28.390042634328577,-161.308992613828,0.5,0,231
257,257:2,RoadObstruction:12,scene_28_1,12872073733,RoadObstruction-Barrel,8.33876198775379,-85.25911182559186,0.0,0,23
257,257:2,RoadObstruction:12,scene_28_1,12872073733,RoadObstruction-Barrel,8.33876198775379,-85.25911182559186,0.5,0,239
257,257:3,RoadObstruction:13,scene_28_1,12872073733,RoadObstruction-Barrel,20.966552539135492,-23.48117519686588,0.0,1,349
257,257:3,RoadObstruction:13,scene_28_1,12872073733,RoadObstruction-Barrel,20.966552539135492,-23.48117519686588,0.5,9,507
257,257:4,RoadObstruction:14,scene_28_1,12872073733,RoadObstruction-Barrel,42.16867306433237,-11.342614296024923,0.0,1,417
257,257:4,RoadObstruction:14,scene_28_1,12872073733,RoadObstruction-Barrel,42.16867306433237,-11.342614296024923,0.5,7,710
257,257:5,RoadObstruction:15,scene_28_1,12872073733,RoadObstruction-Barrel,57.09349075425782,-8.146802980533545,0.0,0,194
257,257:5,RoadObstruction:15,scene_28_1,12872073733,RoadObstruction-Barrel,57.09349075425782,-8.146802980533545,0.5,3,328
257,257:6,RoadObstruction:16,scene_28_1,12872073733,RoadObstruction-Barrel,67.61998609392549,-6.557923368060544,0.0,0,197
257,257:6,RoadObstruction:16,scene_28_1,12872073733,RoadObstruction-Barrel,67.61998609392549,-6.557923368060544,0.5,4,255
257,257:7,RoadObstruction:17,scene_28_1,12872073733,RoadObstruction-Barrel,84.6837179428098,-5.33424922085197,0.0,0,122
257,257:7,RoadObstruction:17,scene_28_1,12872073733,RoadObstruction-Barrel,84.6837179428098,-5.33424922085197,0.5,3,159
257,257:8,RoadObstruction:18,scene_28_1,12872073733,RoadObstruction-Barrel,99.29291462142021,-4.255598569853656,0.0,0,82
257,257:8,RoadObstruction:18,scene_28_1,12872073733,RoadObstruction-Barrel,99.29291462142021,-4.255598569853656,0.5,2,93
257,257:9,RoadObstruction:19,scene_28_1,12872073733,RoadObstruction-Barrel,117.61856210413576,-2.7028979393429036,0.0,0,84
257,257:9,RoadObstruction:19,scene_28_1,12872073733,RoadObstruction-Barrel,117.61856210413576,-2.7028979393429036,0.5,1,87
257,257:10,RoadObstruction:2,scene_28_1,12872073733,RoadObstruction,305.19339503640856,-177.53332629895309,0.0,0,2
257,257:10,RoadObstruction:2,scene_28_1,12872073733,RoadObstruction,305.19339503640856,-177.53332629895309,0.5,0,6
257,257:11,RoadObstruction:20,scene_28_1,12872073733,RoadObstruction-Barrel,132.971357095367,-2.4492462684178715,0.0,0,68
257,257:11,RoadObstruction:20,scene_28_1,12872073733,RoadObstruction-Barrel,132.971357095367,-2.4492462684178715,0.5,0,74
257,257:12,RoadObstruction:21,scene_28_1,12872073733,RoadObstruction-Barrel,157.74700820291827,-2.4432360640164394,0.0,0,29
257,257:12,RoadObstruction:21,scene_28_1,12872073733,RoadObstruction-Barrel,157.74700820291827,-2.4432360640164394,0.5,1,34
257,257:13,RoadObstruction:22,scene_28_1,12872073733,RoadObstruction-Barrel,193.62374083550895,-2.8901038451158447,0.0,0,13
257,257:13,RoadObstruction:22,scene_28_1,12872073733,RoadObstruction-Barrel,193.62374083550895,-2.8901038451158447,0.5,0,14
257,257:14,RoadObstruction:28,scene_28_1,12872073733,RoadObstruction-Barrel,101.51557040934024,174.8923959927184,0.0,0,0
257,257:14,RoadObstruction:28,scene_28_1,12872073733,RoadObstruction-Barrel,101.51557040934024,174.8923959927184,0.5,2,12
257,257:15,RoadObstruction:29,scene_28_1,12872073733,RoadObstruction-Barrel,150.81901759751824,176.5466833908045,0.0,0,3
257,257:15,RoadObstruction:29,scene_28_1,12872073733,RoadObstruction-Barrel,150.81901759751824,176.5466833908045,0.5,1,7
257,257:16,RoadObstruction:3,scene_28_1,12872073733,RoadObstruction,226.79629271190774,-177.32515614652618,0.0,0,8
257,257:16,RoadObstruction:3,scene_28_1,12872073733,RoadObstruction,226.79629271190774,-177.32515614652618,0.5,0,11
257,257:17,RoadObstruction:4,scene_28_1,12872073733,RoadObstruction,193.38806181536913,-176.97603600611137,0.0,0,10
257,257:17,RoadObstruction:4,scene_28_1,12872073733,RoadObstruction,193.38806181536913,-176.97603600611137,0.5,0,10
257,257:18,RoadObstruction:5,scene_28_1,12872073733,RoadObstruction,159.6649333432652,-176.484018926238,0.0,0,10
257,257:18,RoadObstruction:5,scene_28_1,12872073733,RoadObstruction,159.6649333432652,-176.484018926238,0.5,0,13
257,257:19,RoadObstruction:6,scene_28_1,12872073733,RoadObstruction-Barrel,144.1111418524845,-176.0950613435603,0.0,0,15
257,257:19,RoadObstruction:6,scene_28_1,12872073733,RoadObstruction-Barrel,144.1111418524845,-176.0950613435603,0.5,0,17
257,257:20,RoadObstruction:7,scene_28_1,12872073733,RoadObstruction-Barrel,110.36388139454328,-175.21442297410252,0.0,1,55
257,257:20,RoadObstruction:7,scene_28_1,12872073733,RoadObstruction-Barrel,110.36388139454328,-175.21442297410252,0.5,1,66
257,257:21,RoadObstruction:8,scene_28_1,12872073733,RoadObstruction-Barrel,97.2708661858658,-174.5950471890189,0.0,0,70
257,257:21,RoadObstruction:8,scene_28_1,12872073733,RoadObstruction-Barrel,97.2708661858658,-174.5950471890189,0.5,2,88
257,257:22,RoadObstruction:9,scene_28_1,12872073733,RoadObstruction-Barrel,66.76042656866808,-172.72632902603587,0.0,0,44
257,257:22,RoadObstruction:9,scene_28_1,12872073733,RoadObstruction-Barrel,66.76042656866808,-172.72632902603587,0.5,1,53
257,257:23,TrafficSign:1,scene_28_1,12872073733,TrafficSign,88.20942579705363,-173.61518062256656,0.0,0,237
257,257:23,TrafficSign:1,scene_28_1,12872073733,TrafficSign,88.20942579705363,-173.61518062256656,0.5,0,552
257,257:24,TrafficSign:2,scene_28_1,12872073733,TrafficSign,43.33884204125311,-12.806685728159898,0.0,0,106
257,257:24,TrafficSign:2,scene_28_1,12872073733,TrafficSign,43.33884204125311,-12.806685728159898,0.5,0,1361
257,257:25,TrafficSign:3,scene_28_1,12872073733,TrafficSign,28.231888932733803,43.754889748121975,0.0,0,16
257,257:25,TrafficSign:3,scene_28_1,12872073733,TrafficSign,28.231888932733803,43.754889748121975,0.5,6,111
257,257:26,TrafficSign:4,scene_28_1,12872073733,TrafficSign,253.6482097085313,174.10044926548758,0.0,0,0
257,257:26,TrafficSign:4,scene_28_1,12872073733,TrafficSign,253.6482097085313,174.10044926548758,0.5,0,39
257,257:27,TrafficSign:5,scene_28_1,12872073733,TrafficSign,54.906577765893665,151.04721535979994,0.0,0,37
257,257:27,TrafficSign:5,scene_28_1,12872073733,TrafficSign,54.906577765893665,151.04721535979994,0.5,0,194
257,257:28,Vehicle:1,scene_28_1,12872073733,Vehicle-SemiTruck-Trailer,185.55736048388457,0.7986577721297612,0.0,1,535
257,257:28,Vehicle:1,scene_28_1,12872073733,Vehicle-SemiTruck-Trailer,185.55736048388457,0.7986577721297612,0.5,3,600
257,257:29,Vehicle:12,scene_28_1,12872073733,Vehicle-Passenger,238.77552734216965,-2.98519176584806,0.0,0,79
257,257:29,Vehicle:12,scene_28_1,12872073733,Vehicle-Passenger,238.77552734216965,-2.98519176584806,0.5,2,86
257,257:30,Vehicle:17,scene_28_1,12872073733,Vehicle-Passenger,260.6349113476931,-179.3785589913084,0.0,0,4
257,257:30,Vehicle:17,scene_28_1,12872073733,Vehicle-Passenger,260.6349113476931,-179.3785589913084,0.5,0,5
257,257:31,Vehicle:2,scene_28_1,12872073733,Vehicle-SemiTruck-Trailer,166.6518236575367,-0.09840938926763174,0.0,14,838
257,257:31,Vehicle:2,scene_28_1,12872073733,Vehicle-SemiTruck-Trailer,166.6518236575367,-0.09840938926763174,0.5,20,887
257,257:32,Vehicle:20,scene_28_1,12872073733,Vehicle-Trailer,77.3362595973265,168.2471784868782,0.0,4,36
257,257:32,Vehicle:20,scene_28_1,12872073733,Vehicle-Trailer,77.3362595973265,168.2471784868782,0.5,24,37
257,257:33,Vehicle:21,scene_28_1,12872073733,Vehicle-Passenger,73.36718773173872,164.68779709202403,0.0,0,2
257,257:33,Vehicle:21,scene_28_1,12872073733,Vehicle-Passenger,73.36718773173872,164.68779709202403,0.5,0,2
257,257:34,Vehicle:28,scene_28_1,12872073733,Vehicle-Trailer,4.873362660430166,83.35907135464369,0.0,4,14217
257,257:34,Vehicle:28,scene_28_1,12872073733,Vehicle-Trailer,4.873362660430166,83.35907135464369,0.5,32,45692
257,257:35,Vehicle:3,scene_28_1,12872073733,Vehicle-SemiTruck-Cab,62.45630115509367,5.423655147102497,0.0,17,7
257,257:35,Vehicle:3,scene_28_1,12872073733,Vehicle-SemiTruck-Cab,62.45630115509367,5.423655147102497,0.5,23,242
257,257:36,Vehicle:33,scene_28_1,12872073733,Vehicle-Passenger,224.98178193592975,174.9488710344663,0.0,0,0
257,257:36,Vehicle:33,scene_28_1,12872073733,Vehicle-Passenger,224.98178193592975,174.9488710344663,0.5,0,1
257,257:37,Vehicle:34,scene_28_1,12872073733,Vehicle-Passenger,44.77621664844391,159.52156864709806,0.0,0,41
257,257:37,Vehicle:34,scene_28_1,12872073733,Vehicle-Passenger,44.77621664844391,159.52156864709806,0.5,2,62
257,257:38,Vehicle:4,scene_28_1,12872073733,Vehicle-SemiTruck-Trailer,51.090636665043604,6.628344888953914,0.0,43,14733
257,257:38,Vehicle:4,scene_28_1,12872073733,Vehicle-SemiTruck-Trailer,51.090636665043604,6.628344888953914,0.5,53,18233
257,257:39,Vehicle:5,scene_28_1,12872073733,Vehicle-Passenger,9.36140553319998,32.02623936631114,0.0,21,11074
257,257:39,Vehicle:5,scene_28_1,12872073733,Vehicle-Passenger,9.36140553319998,32.02623936631114,0.5,23,16412
257,257:40,Vehicle:53,scene_28_1,12872073733,Vehicle-Other,4.907404994117549,87.78207713538622,0.0,43,34593
257,257:40,Vehicle:53,scene_28_1,12872073733,Vehicle-Other,4.907404994117549,87.78207713538622,0.5,47,37351
257,257:43,Vehicle:8,scene_28_1,12872073733,Vehicle-Passenger,24.657597046296345,169.02179279798773,0.0,5,131
257,257:43,Vehicle:8,scene_28_1,12872073733,Vehicle-Passenger,24.657597046296345,169.02179279798773,0.5,9,409
257,257:44,Vehicle:11,scene_28_1,12872073733,Vehicle-SemiTruck-Cab,177.3730303418389,-0.3298814371317858,0.0,1,0
257,257:44,Vehicle:11,scene_28_1,12872073733,Vehicle-SemiTruck-Cab,177.3730303418389,-0.3298814371317858,0.5,5,4
257,257:45,Vehicle:27,scene_28_1,12872073733,Vehicle-Passenger,66.11525238186371,17.94487604147369,0.0,0,0
257,257:45,Vehicle:27,scene_28_1,12872073733,Vehicle-Passenger,66.11525238186371,17.94487604147369,0.5,2,3
257,257:46,Vehicle:35,scene_28_1,12872073733,Vehicle-Passenger,31.610402178073183,140.8076963293308,0.0,2,0
257,257:46,Vehicle:35,scene_28_1,12872073733,Vehicle-Passenger,31.610402178073183,140.8076963293308,0.5,5,0
257,257:47,Vehicle:36,scene_28_1,12872073733,Vehicle-Passenger,15.999058823620189,89.5923552524767,0.0,0,0
257,257:47,Vehicle:36,scene_28_1,12872073733,Vehicle-Passenger,15.999058823620189,89.5923552524767,0.5,1,0
257,257:48,Vehicle:39,scene_28_1,12872073733,Vehicle-SemiTruck-Cab,195.7176268181709,-0.18023174855618085,0.0,0,0
257,257:48,Vehicle:39,scene_28_1,12872073733,Vehicle-SemiTruck-Cab,195.7176268181709,-0.18023174855618085,0.5,0,0
267,267:0,RoadObstruction:10,scene_28_1,13372054983,RoadObstruction-Barrel,61.50107114731463,-172.42161612149712,0.0,0,34
267,267:0,RoadObstruction:10,scene_28_1,13372054983,RoadObstruction-Barrel,61.50107114731463,-172.42161612149712,0.5,2,40
267,267:1,RoadObstruction:11,scene_28_1,13372054983,RoadObstruction-Barrel,42.297712524263275,-167.36098633778622,0.0,0,86
267,267:1,RoadObstruction:11,scene_28_1,13372054983,RoadObstruction-Barrel,42.297712524263275,-167.36098633778622,0.5,2,100
267,267:2,RoadObstruction:12,scene_28_1,13372054983,RoadObstruction-Barrel,15.972011387029038,-148.4452056086243,0.0,1,357
267,267:2,RoadObstruction:12,scene_28_1,13372054983,RoadObstruction-Barrel,15.972011387029038,-148.4452056086243,0.5,2,573
267,267:3,RoadObstruction:13,scene_28_1,13372054983,RoadObstruction-Barrel,9.663774553191121,-59.13981622119896,0.0,0,31
267,267:3,RoadObstruction:13,scene_28_1,13372054983,RoadObstruction-Barrel,9.663774553191121,-59.13981622119896,0.5,0,247
267,267:4,RoadObstruction:14,scene_28_1,13372054983,RoadObstruction-Barrel,28.263902048839324,-16.78805743991338,0.0,1,240
267,267:4,RoadObstruction:14,scene_28_1,13372054983,RoadObstruction-Barrel,28.263902048839324,-16.78805743991338,0.5,6,355
267,267:5,RoadObstruction:15,scene_28_1,13372054983,RoadObstruction-Barrel,42.977482437174665,-10.657546004582542,0.0,1,317
267,267:5,RoadObstruction:15,scene_28_1,13372054983,RoadObstruction-Barrel,42.977482437174665,-10.657546004582542,0.5,6,577
267,267:6,RoadObstruction:16,scene_28_1,13372054983,RoadObstruction-Barrel,53.40206708171461,-8.151421208074334,0.0,0,175
267,267:6,RoadObstruction:16,scene_28_1,13372054983,RoadObstruction-Barrel,53.40206708171461,-8.151421208074334,0.5,4,378
267,267:7,RoadObstruction:17,scene_28_1,13372054983,RoadObstruction-Barrel,70.35301214295563,-6.275378597349565,0.0,0,191
267,267:7,RoadObstruction:17,scene_28_1,13372054983,RoadObstruction-Barrel,70.35301214295563,-6.275378597349565,0.5,4,237
267,267:8,RoadObstruction:18,scene_28_1,13372054983,RoadObstruction-Barrel,84.94301448060453,-4.834755220957569,0.0,0,90
267,267:8,RoadObstruction:18,scene_28_1,13372054983,RoadObstruction-Barrel,84.94301448060453,-4.834755220957569,0.5,5,116
267,267:9,RoadObstruction:19,scene_28_1,13372054983,RoadObstruction-Barrel,103.20698432451994,-2.9541509218822086,0.0,0,85
267,267:9,RoadObstruction:19,scene_28_1,13372054983,RoadObstruction-Barrel,103.20698432451994,-2.9541509218822086,0.5,3,103
267,267:10,RoadObstruction:20,scene_28_1,13372054983,RoadObstruction-Barrel,118.58607952732548,-2.6249024340341043,0.0,0,73
267,267:10,RoadObstruction:20,scene_28_1,13372054983,RoadObstruction-Barrel,118.58607952732548,-2.6249024340341043,0.5,1,74
267,267:11,RoadObstruction:21,scene_28_1,13372054983,RoadObstruction-Barrel,143.39505842175765,-2.569806394675375,0.0,0,47
267,267:11,RoadObstruction:21,scene_28_1,13372054983,RoadObstruction-Barrel,143.39505842175765,-2.569806394675375,0.5,1,54
267,267:12,RoadObstruction:22,scene_28_1,13372054983,RoadObstruction-Barrel,179.10437788142588,-3.015180342436363,0.0,0,19
267,267:12,RoadObstruction:22,scene_28_1,13372054983,RoadObstruction-Barrel,179.10437788142588,-3.015180342436363,0.5,0,21
267,267:13,RoadObstruction:28,scene_28_1,13372054983,RoadObstruction-Barrel,115.87055633915557,175.5366335257552,0.0,0,10
267,267:13,RoadObstruction:28,scene_28_1,13372054983,RoadObstruction-Barrel,115.87055633915557,175.5366335257552,0.5,1,10
267,267:14,RoadObstruction:4,scene_28_1,13372054983,RoadObstruction,207.8662946351981,-177.0951468898214,0.0,0,4
267,267:14,RoadObstruction:4,scene_28_1,13372054983,RoadObstruction,207.8662946351981,-177.0951468898214,0.5,0,9
267,267:15,RoadObstruction:5,scene_28_1,13372054983,RoadObstruction,174.11596200356183,-176.6812637088611,0.0,0,17
267,267:15,RoadObstruction:5,scene_28_1,13372054983,RoadObstruction,174.11596200356183,-176.6812637088611,0.5,0,19
267,267:16,RoadObstruction:6,scene_28_1,13372054983,RoadObstruction-Barrel,158.388836656842,-176.35546486586463,0.0,0,12
267,267:16,RoadObstruction:6,scene_28_1,13372054983,RoadObstruction-Barrel,158.388836656842,-176.35546486586463,0.5,1,21
267,267:17,RoadObstruction:7,scene_28_1,13372054983,RoadObstruction-Barrel,124.74539983962683,-175.67153946918157,0.0,1,30
267,267:17,RoadObstruction:7,scene_28_1,13372054983,RoadObstruction-Barrel,124.74539983962683,-175.67153946918157,0.5,1,31
267,267:18,RoadObstruction:8,scene_28_1,13372054983,RoadObstruction-Barrel,111.5960065442481,-175.19941573676596,0.0,0,42
267,267:18,RoadObstruction:8,scene_28_1,13372054983,RoadObstruction-Barrel,111.5960065442481,-175.19941573676596,0.5,2,59
267,267:19,RoadObstruction:9,scene_28_1,13372054983,RoadObstruction-Barrel,81.06951110008804,-173.9210212560875,0.0,0,56
267,267:19,RoadObstruction:9,scene_28_1,13372054983,RoadObstruction-Barrel,81.06951110008804,-173.9210212560875,0.5,2,64
267,267:20,TrafficSign:1,scene_28_1,13372054983,TrafficSign,102.54044799223878,-174.4159603241882,0.0,0,74
267,267:20,TrafficSign:1,scene_28_1,13372054983,TrafficSign,102.54044799223878,-174.4159603241882,0.5,0,337
267,267:21,TrafficSign:2,scene_28_1,13372054983,TrafficSign,29.47490843002947,-18.71991748072273,0.0,0,42
267,267:21,TrafficSign:2,scene_28_1,13372054983,TrafficSign,29.47490843002947,-18.71991748072273,0.5,0,443
267,267:22,TrafficSign:3,scene_28_1,13372054983,TrafficSign,20.44023688480407,72.73262532083923,0.0,2,3
267,267:22,TrafficSign:3,scene_28_1,13372054983,TrafficSign,20.44023688480407,72.73262532083923,0.5,3,25
267,267:23,TrafficSign:4,scene_28_1,13372054983,TrafficSign,267.9101704925575,174.40566773418203,0.0,0,6
267,267:23,TrafficSign:4,scene_28_1,13372054983,TrafficSign,267.9101704925575,174.40566773418203,0.5,0,24
267,267:24,TrafficSign:5,scene_28_1,13372054983,TrafficSign,67.90115914263689,156.90030632439675,0.0,0,65
267,267:24,TrafficSign:5,scene_28_1,13372054983,TrafficSign,67.90115914263689,156.90030632439675,0.5,1,288
267,267:25,Vehicle:1,scene_28_1,13372054983,Vehicle-SemiTruck-Trailer,184.5373425460753,0.46705439123641157,0.0,0,473
267,267:25,Vehicle:1,scene_28_1,13372054983,Vehicle-SemiTruck-Trailer,184.5373425460753,0.46705439123641157,0.5,2,507
267,267:26,Vehicle:12,scene_28_1,13372054983,Vehicle-Passenger,234.73404055129862,-3.5417987893671814,0.0,2,85
267,267:26,Vehicle:12,scene_28_1,13372054983,Vehicle-Passenger,234.73404055129862,-3.5417987893671814,0.5,4,100
267,267:27,Vehicle:17,scene_28_1,13372054983,Vehicle-Passenger,260.53954101955975,-179.34660023014226,0.0,0,5
267,267:27,Vehicle:17,scene_28_1,13372054983,Vehicle-Passenger,260.53954101955975,-179.34660023014226,0.5,0,6
267,267:28,Vehicle:2,scene_28_1,13372054983,Vehicle-SemiTruck-Trailer,164.28398920023116,-0.3031631467316456,0.0,23,840
267,267:28,Vehicle:2,scene_28_1,13372054983,Vehicle-SemiTruck-Trailer,164.28398920023116,-0.3031631467316456,0.5,27,900
267,267:29,Vehicle:20,scene_28_1,13372054983,Vehicle-Trailer,107.46517102208448,171.55877957561702,0.0,1,16
267,267:29,Vehicle:20,scene_28_1,13372054983,Vehicle-Trailer,107.46517102208448,171.55877957561702,0.5,9,20
267,267:30,Vehicle:27,scene_28_1,13372054983,Vehicle-Passenger,38.38121558358678,31.70284501046523,0.0,0,29
267,267:30,Vehicle:27,scene_28_1,13372054983,Vehicle-Passenger,38.38121558358678,31.70284501046523,0.5,2,39
267,267:31,Vehicle:28,scene_28_1,13372054983,Vehicle-Trailer,5.6452084747042415,65.32121146466554,0.0,6,14622
267,267:31,Vehicle:28,scene_28_1,13372054983,Vehicle-Trailer,5.6452084747042415,65.32121146466554,0.5,27,44175
267,267:32,Vehicle:3,scene_28_1,13372054983,Vehicle-SemiTruck-Cab,64.62843791710067,5.534211795308554,0.0,12,17
267,267:32,Vehicle:3,scene_28_1,13372054983,Vehicle-SemiTruck-Cab,64.62843791710067,5.534211795308554,0.5,20,210
267,267:33,Vehicle:34,scene_28_1,13372054983,Vehicle-Passenger,75.61068987627937,167.92698885241612,0.0,1,1
267,267:33,Vehicle:34,scene_28_1,13372054983,Vehicle-Passenger,75.61068987627937,167.92698885241612,0.5,2,1
267,267:34,Vehicle:35,scene_28_1,13372054983,Vehicle-Passenger,57.602532856884004,159.39140676406785,0.0,1,1
267,267:34,Vehicle:35,scene_28_1,13372054983,Vehicle-Passenger,57.602532856884004,159.39140676406785,0.5,3,7
267,267:35,Vehicle:36,scene_28_1,13372054983,Vehicle-Passenger,36.84416489802475,154.23549959418432,0.0,0,7
267,267:35,Vehicle:36,scene_28_1,13372054983,Vehicle-Passenger,36.84416489802475,154.23549959418432,0.5,2,13
267,267:36,Vehicle:4,scene_28_1,13372054983,Vehicle-SemiTruck-Trailer,53.26568508681829,6.698329891051214,0.0,48,7697
267,267:36,Vehicle:4,scene_28_1,13372054983,Vehicle-SemiTruck-Trailer,53.26568508681829,6.698329891051214,0.5,68,10186
267,267:37,Vehicle:5,scene_28_1,13372054983,Vehicle-Passenger,11.067429654098373,28.41588490673753,0.0,39,8917
267,267:37,Vehicle:5,scene_28_1,13372054983,Vehicle-Passenger,11.067429654098373,28.41588490673753,0.5,43,12570
267,267:38,Vehicle:53,scene_28_1,13372054983,Vehicle-Other,5.510359015220858,70.14376174749006,0.0,37,31484
267,267:38,Vehicle:53,scene_28_1,13372054983,Vehicle-Other,5.510359015220858,70.14376174749006,0.5,42,33858
267,267:41,Vehicle:8,scene_28_1,13372054983,Vehicle-Passenger,23.037079999652665,167.4875696438652,0.0,5,143
267,267:41,Vehicle:8,scene_28_1,13372054983,Vehicle-Passenger,23.037079999652665,167.4875696438652,0.5,8,338
267,267:42,Vehicle:11,scene_28_1,13372054983,Vehicle-SemiTruck-Cab,174.99144066658909,-0.6012127021240333,0.0,4,0
267,267:42,Vehicle:11,scene_28_1,13372054983,Vehicle-SemiTruck-Cab,174.99144066658909,-0.6012127021240333,0.5,5,0
267,267:43,Vehicle:21,scene_28_1,13372054983,Vehicle-Passenger,103.25284269759703,169.2598731144434,0.0,0,0
267,267:43,Vehicle:21,scene_28_1,13372054983,Vehicle-Passenger,103.25284269759703,169.2598731144434,0.5,0,0
267,267:44,Vehicle:39,scene_28_1,13372054983,Vehicle-SemiTruck-Cab,194.45671103886013,-0.8624501459473972,0.0,0,0
267,267:44,Vehicle:39,scene_28_1,13372054983,Vehicle-SemiTruck-Cab,194.45671103886013,-0.8624501459473972,0.5,0,0
277,277:0,RoadObstruction:10,scene_28_1,13872026383,RoadObstruction-Barrel,75.72775682224626,-173.77836233736045,0.0,1,98
277,277:0,RoadObstruction:10,scene_28_1,13872026383,RoadObstruction-Barrel,75.72775682224626,-173.77836233736045,0.5,2,118
277,277:1,RoadObstruction:11,scene_28_1,13872026383,RoadObstruction-Barrel,56.41951297430662,-170.42145027376176,0.0,1,28
277,277:1,RoadObstruction:11,scene_28_1,13872026383,RoadObstruction-Barrel,56.41951297430662,-170.42145027376176,0.5,2,40
277,277:2,RoadObstruction:12,scene_28_1,13872026383,RoadObstruction-Barrel,29.215478941896368,-163.2078771654991,0.0,1,170
277,277:2,RoadObstruction:12,scene_28_1,13872026383,RoadObstruction-Barrel,29.215478941896368,-163.2078771654991,0.5,2,265
277,277:3,RoadObstruction:13,scene_28_1,13872026383,RoadObstruction-Barrel,12.473316278882946,-138.15107753119653,0.0,1,141
277,277:3,RoadObstruction:13,scene_28_1,13872026383,RoadObstruction-Barrel,12.473316278882946,-138.15107753119653,0.5,3,283
277,277:4,RoadObstruction:14,scene_28_1,13872026383,RoadObstruction-Barrel,15.103506658514657,-32.37153745159008,0.0,4,266
277,277:4,RoadObstruction:14,scene_28_1,13872026383,RoadObstruction-Barrel,15.103506658514657,-32.37153745159008,0.5,8,435
277,277:5,RoadObstruction:15,scene_28_1,13872026383,RoadObstruction-Barrel,29.00841557906811,-15.678117950838582,0.0,2,356
277,277:5,RoadObstruction:15,scene_28_1,13872026383,RoadObstruction-Barrel,29.00841557906811,-15.678117950838582,0.5,6,478
277,277:6,RoadObstruction:16,scene_28_1,13872026383,RoadObstruction-Barrel,39.259804349854875,-10.94783583975409,0.0,1,369
277,277:6,RoadObstruction:16,scene_28_1,13872026383,RoadObstruction-Barrel,39.259804349854875,-10.94783583975409,0.5,7,616
277,277:7,RoadObstruction:17,scene_28_1,13872026383,RoadObstruction-Barrel,56.13864670261851,-7.74451158599243,0.0,0,176
277,277:7,RoadObstruction:17,scene_28_1,13872026383,RoadObstruction-Barrel,56.13864670261851,-7.74451158599243,0.5,5,350
277,277:8,RoadObstruction:18,scene_28_1,13872026383,RoadObstruction-Barrel,70.60968050631828,-5.7096697937582,0.0,0,190
277,277:8,RoadObstruction:18,scene_28_1,13872026383,RoadObstruction-Barrel,70.60968050631828,-5.7096697937582,0.5,3,215
277,277:9,RoadObstruction:19,scene_28_1,13872026383,RoadObstruction-Barrel,88.83061454385698,-3.327438022030544,0.0,0,112
277,277:9,RoadObstruction:19,scene_28_1,13872026383,RoadObstruction-Barrel,88.83061454385698,-3.327438022030544,0.5,3,140
277,277:10,RoadObstruction:20,scene_28_1,13872026383,RoadObstruction-Barrel,104.2059278781928,-2.8763399550368702,0.0,0,100
277,277:10,RoadObstruction:20,scene_28_1,13872026383,RoadObstruction-Barrel,104.2059278781928,-2.8763399550368702,0.5,1,111
277,277:11,RoadObstruction:21,scene_28_1,13872026383,RoadObstruction-Barrel,129.0298077219272,-2.7741899336250757,0.0,0,45
277,277:11,RoadObstruction:21,scene_28_1,13872026383,RoadObstruction-Barrel,129.0298077219272,-2.7741899336250757,0.5,3,59
277,277:12,RoadObstruction:22,scene_28_1,13872026383,RoadObstruction-Barrel,164.7130017365175,-3.189719509390058,0.0,0,33
277,277:12,RoadObstruction:22,scene_28_1,13872026383,RoadObstruction-Barrel,164.7130017365175,-3.189719509390058,0.5,0,41
277,277:13,RoadObstruction:4,scene_28_1,13872026383,RoadObstruction,222.3362668528685,-177.21072975866778,0.0,0,0
277,277:13,RoadObstruction:4,scene_28_1,13872026383,RoadObstruction,222.3362668528685,-177.21072975866778,0.5,0,1
277,277:14,RoadObstruction:5,scene_28_1,13872026383,RoadObstruction,188.52219585648635,-176.8574520822649,0.0,0,16
277,277:14,RoadObstruction:5,scene_28_1,13872026383,RoadObstruction,188.52219585648635,-176.8574520822649,0.5,0,17
277,277:15,RoadObstruction:6,scene_28_1,13872026383,RoadObstruction-Barrel,172.72340730772734,-176.5810318698892,0.0,0,8
277,277:15,RoadObstruction:6,scene_28_1,13872026383,RoadObstruction-Barrel,172.72340730772734,-176.5810318698892,0.5,0,9
277,277:16,RoadObstruction:7,scene_28_1,13872026383,RoadObstruction-Barrel,139.13041278949933,-176.03916170745345,0.0,0,16
277,277:16,RoadObstruction:7,scene_28_1,13872026383,RoadObstruction-Barrel,139.13041278949933,-176.03916170745345,0.5,1,18
277,277:17,RoadObstruction:8,scene_28_1,13872026383,RoadObstruction-Barrel,125.97239084866088,-175.67192731802976,0.0,0,14
277,277:17,RoadObstruction:8,scene_28_1,13872026383,RoadObstruction-Barrel,125.97239084866088,-175.67192731802976,0.5,2,17
277,277:18,RoadObstruction:9,scene_28_1,13872026383,RoadObstruction-Barrel,95.46181451928794,-174.749413654975,0.0,0,62
277,277:18,RoadObstruction:9,scene_28_1,13872026383,RoadObstruction-Barrel,95.46181451928794,-174.749413654975,0.5,1,87
277,277:19,TrafficSign:1,scene_28_1,13872026383,TrafficSign,116.85480478498849,-175.0263580715808,0.0,0,51
277,277:19,TrafficSign:1,scene_28_1,13872026383,TrafficSign,116.85480478498849,-175.0263580715808,0.5,0,160
277,277:20,TrafficSign:2,scene_28_1,13872026383,TrafficSign,16.51460646680417,-34.530042045524766,0.0,0,0
277,277:20,TrafficSign:2,scene_28_1,13872026383,TrafficSign,16.51460646680417,-34.530042045524766,0.5,0,69
277,277:21,TrafficSign:3,scene_28_1,13872026383,TrafficSign,21.264343391542102,112.65008047229449,0.0,0,0
277,277:21,TrafficSign:3,scene_28_1,13872026383,TrafficSign,21.264343391542102,112.65008047229449,0.5,1,18
277,277:22,TrafficSign:4,scene_28_1,13872026383,TrafficSign,282.19745975356597,174.64173077852243,0.0,0,2
277,277:22,TrafficSign:4,scene_28_1,13872026383,TrafficSign,282.19745975356597,174.64173077852243,0.5,0,25
277,277:23,TrafficSign:5,scene_28_1,13872026383,TrafficSign,81.36681721571412,160.8251691352841,0.0,0,56
277,277:23,TrafficSign:5,scene_28_1,13872026383,TrafficSign,81.36681721571412,160.8251691352841,0.5,1,182
277,277:24,Vehicle:1,scene_28_1,13872026383,Vehicle-SemiTruck-Trailer,183.48413116619932,-0.011041130853628338,0.0,0,282
277,277:24,Vehicle:1,scene_28_1,13872026383,Vehicle-SemiTruck-Trailer,183.48413116619932,-0.011041130853628338,0.5,2,311
277,277:25,Vehicle:12,scene_28_1,13872026383,Vehicle-Passenger,230.7581564703505,-4.177713739557702,0.0,0,65
277,277:25,Vehicle:12,scene_28_1,13872026383,Vehicle-Passenger,230.7581564703505,-4.177713739557702,0.5,2,72
277,277:26,Vehicle:2,scene_28_1,13872026383,Vehicle-SemiTruck-Trailer,161.92907078942804,-0.6424484640334245,0.0,17,788
277,277:26,Vehicle:2,scene_28_1,13872026383,Vehicle-SemiTruck-Trailer,161.92907078942804,-0.6424484640334245,0.5,24,823
277,277:27,Vehicle:20,scene_28_1,13872026383,Vehicle-Trailer,137.8854069714319,173.47496515919946,0.0,4,4
277,277:27,Vehicle:20,scene_28_1,13872026383,Vehicle-Trailer,137.8854069714319,173.47496515919946,0.5,6,6
277,277:28,Vehicle:28,scene_28_1,13872026383,Vehicle-Trailer,6.910945372506029,51.733279732246466,0.0,9,20850
277,277:28,Vehicle:28,scene_28_1,13872026383,Vehicle-Trailer,6.910945372506029,51.733279732246466,0.5,30,43335
277,277:29,Vehicle:3,scene_28_1,13872026383,Vehicle-SemiTruck-Cab,66.78347605916015,5.681746598095913,0.0,13,8
277,277:29,Vehicle:3,scene_28_1,13872026383,Vehicle-SemiTruck-Cab,66.78347605916015,5.681746598095913,0.5,20,190
277,277:30,Vehicle:35,scene_28_1,13872026383,Vehicle-Passenger,85.40159872758876,166.1440698493765,0.0,0,1
277,277:30,Vehicle:35,scene_28_1,13872026383,Vehicle-Passenger,85.40159872758876,166.1440698493765,0.5,0,1
277,277:31,Vehicle:36,scene_28_1,13872026383,Vehicle-Passenger,67.61874454603593,166.17038409348928,0.0,0,4
277,277:31,Vehicle:36,scene_28_1,13872026383,Vehicle-Passenger,67.61874454603593,166.17038409348928,0.5,0,5
277,277:32,Vehicle:4,scene_28_1,13872026383,Vehicle-SemiTruck-Trailer,55.423737427545824,6.80290334092745,0.0,51,11334
277,277:32,Vehicle:4,scene_28_1,13872026383,Vehicle-SemiTruck-Trailer,55.423737427545824,6.80290334092745,0.5,60,14291
277,277:33,Vehicle:5,scene_28_1,13872026383,Vehicle-Passenger,12.921069507485502,25.563754748855697,0.0,35,5611
277,277:33,Vehicle:5,scene_28_1,13872026383,Vehicle-Passenger,12.921069507485502,25.563754748855697,0.5,41,8214
277,277:34,Vehicle:53,scene_28_1,13872026383,Vehicle-Other,6.621916702015874,55.42818170587864,0.0,33,31532
277,277:34,Vehicle:53,scene_28_1,13872026383,Vehicle-Other,6.621916702015874,55.42818170587864,0.5,38,34051
277,277:37,Vehicle:8,scene_28_1,13872026383,Vehicle-Passenger,21.3158118376426,165.56828602578693,0.0,4,165
277,277:37,Vehicle:8,scene_28_1,13872026383,Vehicle-Passenger,21.3158118376426,165.56828602578693,0.5,12,513
277,277:38,RoadObstruction:28,scene_28_1,13872026383,RoadObstruction-Barrel,130.3063181142162,176.0265700352901,0.0,0,0
277,277:38,RoadObstruction:28,scene_28_1,13872026383,RoadObstruction-Barrel,130.3063181142162,176.0265700352901,0.5,0,0
277,277:39,Vehicle:11,scene_28_1,13872026383,Vehicle-SemiTruck-Cab,172.64693457275152,-0.9744053010565752,0.0,3,0
277,277:39,Vehicle:11,scene_28_1,13872026383,Vehicle-SemiTruck-Cab,172.64693457275152,-0.9744053010565752,0.5,4,0
277,277:40,Vehicle:17,scene_28_1,13872026383,Vehicle-Passenger,260.37083434283545,-179.3152601997449,0.0,0,0
277,277:40,Vehicle:17,scene_28_1,13872026383,Vehicle-Passenger,260.37083434283545,-179.3152601997449,0.5,0,0
277,277:41,Vehicle:21,scene_28_1,13872026383,Vehicle-Passenger,126.45438936753712,171.66235198551058,0.0,0,0
277,277:41,Vehicle:21,scene_28_1,13872026383,Vehicle-Passenger,126.45438936753712,171.66235198551058,0.5,0,0
277,277:42,Vehicle:27,scene_28_1,13872026383,Vehicle-Passenger,20.371172175470736,80.98662491749234,0.0,0,0
277,277:42,Vehicle:27,scene_28_1,13872026383,Vehicle-Passenger,20.371172175470736,80.98662491749234,0.5,0,0
277,277:43,Vehicle:39,scene_28_1,13872026383,Vehicle-SemiTruck-Cab,193.24036284644046,-1.5686866657656602,0.0,0,0
277,277:43,Vehicle:39,scene_28_1,13872026383,Vehicle-SemiTruck-Cab,193.24036284644046,-1.5686866657656602,0.5,0,0
287,287:0,RoadObstruction:10,scene_28_1,14372008083,RoadObstruction-Barrel,90.0429954363281,-174.71386527207622,0.0,0,94
287,287:0,RoadObstruction:10,scene_28_1,14372008083,RoadObstruction-Barrel,90.0429954363281,-174.71386527207622,0.5,1,109
287,287:1,RoadObstruction:11,scene_28_1,14372008083,RoadObstruction-Barrel,70.54640752739982,-172.2903649161733,0.0,0,41
287,287:1,RoadObstruction:11,scene_28_1,14372008083,RoadObstruction-Barrel,70.54640752739982,-172.2903649161733,0.5,3,55
287,287:2,RoadObstruction:12,scene_28_1,14372008083,RoadObstruction-Barrel,43.20797490923263,-168.59690778458304,0.0,1,86
287,287:2,RoadObstruction:12,scene_28_1,14372008083,RoadObstruction-Barrel,43.20797490923263,-168.59690778458304,0.5,3,98
287,287:3,RoadObstruction:13,scene_28_1,14372008083,RoadObstruction-Barrel,25.05091158899865,-160.45395325208915,0.0,1,210
287,287:3,RoadObstruction:13,scene_28_1,14372008083,RoadObstruction-Barrel,25.05091158899865,-160.45395325208915,0.5,3,304
287,287:4,RoadObstruction:14,scene_28_1,14372008083,RoadObstruction-Barrel,8.228624664258218,-100.8406859268322,0.0,0,17
287,287:4,RoadObstruction:14,scene_28_1,14372008083,RoadObstruction-Barrel,8.228624664258218,-100.8406859268322,0.5,0,203
287,287:5,RoadObstruction:15,scene_28_1,14372008083,RoadObstruction-Barrel,15.673501657781939,-29.66214591814464,0.0,2,243
287,287:5,RoadObstruction:15,scene_28_1,14372008083,RoadObstruction-Barrel,15.673501657781939,-29.66214591814464,0.5,4,361
287,287:6,RoadObstruction:16,scene_28_1,14372008083,RoadObstruction-Barrel,25.326196712807974,-16.846912253435676,0.0,2,270
287,287:6,RoadObstruction:16,scene_28_1,14372008083,RoadObstruction-Barrel,25.326196712807974,-16.846912253435676,0.5,6,381
287,287:7,RoadObstruction:17,scene_28_1,14372008083,RoadObstruction-Barrel,42.01018494046671,-10.19527248432845,0.0,1,360
287,287:7,RoadObstruction:17,scene_28_1,14372008083,RoadObstruction-Barrel,42.01018494046671,-10.19527248432845,0.5,4,686
287,287:8,RoadObstruction:18,scene_28_1,14372008083,RoadObstruction-Barrel,56.38694322908441,-7.03287716449656,0.0,0,217
287,287:8,RoadObstruction:18,scene_28_1,14372008083,RoadObstruction-Barrel,56.38694322908441,-7.03287716449656,0.5,4,314
287,287:9,RoadObstruction:19,scene_28_1,14372008083,RoadObstruction-Barrel,74.47743881378287,-3.8495724316796824,0.0,0,171
287,287:9,RoadObstruction:19,scene_28_1,14372008083,RoadObstruction-Barrel,74.47743881378287,-3.8495724316796824,0.5,3,279
287,287:10,RoadObstruction:20,scene_28_1,14372008083,RoadObstruction-Barrel,89.84675200505245,-3.2138246538471176,0.0,0,97
287,287:10,RoadObstruction:20,scene_28_1,14372008083,RoadObstruction-Barrel,89.84675200505245,-3.2138246538471176,0.5,1,114
287,287:11,RoadObstruction:21,scene_28_1,14372008083,RoadObstruction-Barrel,114.67621565639067,-3.0267159673166977,0.0,0,83
287,287:11,RoadObstruction:21,scene_28_1,14372008083,RoadObstruction-Barrel,114.67621565639067,-3.0267159673166977,0.5,2,92
287,287:12,RoadObstruction:22,scene_28_1,14372008083,RoadObstruction-Barrel,150.4164248582573,-3.406853816660498,0.0,0,48
287,287:12,RoadObstruction:22,scene_28_1,14372008083,RoadObstruction-Barrel,150.4164248582573,-3.406853816660498,0.5,0,52
287,287:13,RoadObstruction:5,scene_28_1,14372008083,RoadObstruction,202.86583251867583,-177.01010285388747,0.0,0,5
287,287:13,RoadObstruction:5,scene_28_1,14372008083,RoadObstruction,202.86583251867583,-177.01010285388747,0.5,1,13
287,287:14,RoadObstruction:6,scene_28_1,14372008083,RoadObstruction-Barrel,187.18959928586045,-176.7708062994407,0.0,0,6
287,287:14,RoadObstruction:6,scene_28_1,14372008083,RoadObstruction-Barrel,187.18959928586045,-176.7708062994407,0.5,1,6
287,287:15,RoadObstruction:7,scene_28_1,14372008083,RoadObstruction,153.50530300735699,-176.3364306382244,0.0,0,12
287,287:15,RoadObstruction:7,scene_28_1,14372008083,RoadObstruction,153.50530300735699,-176.3364306382244,0.5,1,13
287,287:16,RoadObstruction:8,scene_28_1,14372008083,RoadObstruction-Barrel,140.3107409913741,-176.04111683560853,0.0,0,13
287,287:16,RoadObstruction:8,scene_28_1,14372008083,RoadObstruction-Barrel,140.3107409913741,-176.04111683560853,0.5,1,21
287,287:17,RoadObstruction:9,scene_28_1,14372008083,RoadObstruction-Barrel,109.78147993301886,-175.3524409934632,0.0,0,31
287,287:17,RoadObstruction:9,scene_28_1,14372008083,RoadObstruction-Barrel,109.78147993301886,-175.3524409934632,0.5,1,35
287,287:18,TrafficSign:1,scene_28_1,14372008083,TrafficSign,131.18555249354668,-175.49178614696464,0.0,0,33
287,287:18,TrafficSign:1,scene_28_1,14372008083,TrafficSign,131.18555249354668,-175.49178614696464,0.5,0,154
287,287:19,TrafficSign:2,scene_28_1,14372008083,TrafficSign,9.411443713012982,-94.44952634388392,0.0,2,21
287,287:19,TrafficSign:2,scene_28_1,14372008083,TrafficSign,9.411443713012982,-94.44952634388392,0.5,6,308
287,287:20,TrafficSign:3,scene_28_1,14372008083,TrafficSign,29.87304155747389,138.6753356970181,0.0,1,0
287,287:20,TrafficSign:3,scene_28_1,14372008083,TrafficSign,29.87304155747389,138.6753356970181,0.5,2,0
287,287:21,TrafficSign:5,scene_28_1,14372008083,TrafficSign,95.09068181415172,163.62285042631808,0.0,0,27
287,287:21,TrafficSign:5,scene_28_1,14372008083,TrafficSign,95.09068181415172,163.62285042631808,0.5,0,130
287,287:22,Vehicle:1,scene_28_1,14372008083,Vehicle-SemiTruck-Trailer,182.451286163729,-0.6063862129713161,0.0,0,149
287,287:22,Vehicle:1,scene_28_1,14372008083,Vehicle-SemiTruck-Trailer,182.451286163729,-0.6063862129713161,0.5,2,170
287,287:23,Vehicle:11,scene_28_1,14372008083,Vehicle-SemiTruck-Cab,170.30138085418045,-1.4510799671539139,0.0,4,5
287,287:23,Vehicle:11,scene_28_1,14372008083,Vehicle-SemiTruck-Cab,170.30138085418045,-1.4510799671539139,0.5,10,8
287,287:24,Vehicle:12,scene_28_1,14372008083,Vehicle-Passenger,226.9445088987416,-4.854003102414506,0.0,0,74
287,287:24,Vehicle:12,scene_28_1,14372008083,Vehicle-Passenger,226.9445088987416,-4.854003102414506,0.5,2,85
287,287:25,Vehicle:17,scene_28_1,14372008083,Vehicle-Passenger,260.5073297796027,-179.30247170294734,0.0,0,8
287,287:25,Vehicle:17,scene_28_1,14372008083,Vehicle-Passenger,260.5073297796027,-179.30247170294734,0.5,0,9
287,287:26,Vehicle:2,scene_28_1,14372008083,Vehicle-SemiTruck-Trailer,159.58778642581538,-1.0846768169564758,0.0,17,493
287,287:26,Vehicle:2,scene_28_1,14372008083,Vehicle-SemiTruck-Trailer,159.58778642581538,-1.0846768169564758,0.5,24,532
287,287:27,Vehicle:20,scene_28_1,14372008083,Vehicle-Trailer,168.07941557968434,174.72992440472586,0.0,3,1
287,287:27,Vehicle:20,scene_28_1,14372008083,Vehicle-Trailer,168.07941557968434,174.72992440472586,0.5,6,1
287,287:28,Vehicle:27,scene_28_1,14372008083,Vehicle-Passenger,33.64915804598269,143.1920276181322,0.0,1,50
287,287:28,Vehicle:27,scene_28_1,14372008083,Vehicle-Passenger,33.64915804598269,143.1920276181322,0.5,5,53
287,287:29,Vehicle:28,scene_28_1,14372008083,Vehicle-Trailer,8.505385122830013,42.35654965045734,0.0,22,25430
287,287:29,Vehicle:28,scene_28_1,14372008083,Vehicle-Trailer,8.505385122830013,42.35654965045734,0.5,44,43631
287,287:30,Vehicle:3,scene_28_1,14372008083,Vehicle-SemiTruck-Cab,68.90831433049321,5.793706299972101,0.0,11,70
287,287:30,Vehicle:3,scene_28_1,14372008083,Vehicle-SemiTruck-Cab,68.90831433049321,5.793706299972101,0.5,20,123
287,287:31,Vehicle:36,scene_28_1,14372008083,Vehicle-Passenger,99.0256875966767,170.6349000689537,0.0,0,3
287,287:31,Vehicle:36,scene_28_1,14372008083,Vehicle-Passenger,99.0256875966767,170.6349000689537,0.5,0,3
287,287:32,Vehicle:4,scene_28_1,14372008083,Vehicle-SemiTruck-Trailer,57.54512251250169,6.848855011486883,0.0,45,11334
287,287:32,Vehicle:4,scene_28_1,14372008083,Vehicle-SemiTruck-Trailer,57.54512251250169,6.848855011486883,0.5,57,12571
287,287:33,Vehicle:5,scene_28_1,14372008083,Vehicle-Passenger,14.879036153075088,23.336298034739198,0.0,33,4396
287,287:33,Vehicle:5,scene_28_1,14372008083,Vehicle-Passenger,14.879036153075088,23.336298034739198,0.5,40,6306
287,287:34,Vehicle:53,scene_28_1,14372008083,Vehicle-Other,8.091838300157573,45.055830554952664,0.0,33,32882
287,287:34,Vehicle:53,scene_28_1,14372008083,Vehicle-Other,8.091838300157573,45.055830554952664,0.5,42,35519
287,287:37,Vehicle:8,scene_28_1,14372008083,Vehicle-Passenger,19.531856563138973,163.28708964052154,0.0,4,209
287,287:37,Vehicle:8,scene_28_1,14372008083,Vehicle-Passenger,19.531856563138973,163.28708964052154,0.5,10,593
287,287:38,Vehicle:21,scene_28_1,14372008083,Vehicle-Passenger,146.94963558038964,173.3055736959845,0.0,0,0
287,287:38,Vehicle:21,scene_28_1,14372008083,Vehicle-Passenger,146.94963558038964,173.3055736959845,0.5,0,0
287,287:39,Vehicle:35,scene_28_1,14372008083,Vehicle-Passenger,113.27108792505098,169.67259049773682,0.0,0,0
287,287:39,Vehicle:35,scene_28_1,14372008083,Vehicle-Passenger,113.27108792505098,169.67259049773682,0.5,0,0
287,287:40,Vehicle:39,scene_28_1,14372008083,Vehicle-SemiTruck-Cab,192.0573445182247,-2.2817704197811617,0.0,0,0
287,287:40,Vehicle:39,scene_28_1,14372008083,Vehicle-SemiTruck-Cab,192.0573445182247,-2.2817704197811617,0.5,0,0
297,297:0,RoadObstruction:10,scene_28_1,14872146683,RoadObstruction-Barrel,104.42182894963813,-175.3618094586222,0.0,1,25
297,297:0,RoadObstruction:10,scene_28_1,14872146683,RoadObstruction-Barrel,104.42182894963813,-175.3618094586222,0.5,2,42
297,297:1,RoadObstruction:11,scene_28_1,14872146683,RoadObstruction-Barrel,84.7392776168971,-173.52303729538863,0.0,0,86
297,297:1,RoadObstruction:11,scene_28_1,14872146683,RoadObstruction-Barrel,84.7392776168971,-173.52303729538863,0.5,1,108
297,297:2,RoadObstruction:12,scene_28_1,14872146683,RoadObstruction-Barrel,57.339359546760754,-171.3016561721799,0.0,0,35
297,297:2,RoadObstruction:12,scene_28_1,14872146683,RoadObstruction-Barrel,57.339359546760754,-171.3016561721799,0.5,3,44
297,297:3,RoadObstruction:13,scene_28_1,14872146683,RoadObstruction-Barrel,38.910272762929374,-167.41969931988203,0.0,0,109
297,297:3,RoadObstruction:13,scene_28_1,14872146683,RoadObstruction-Barrel,38.910272762929374,-167.41969931988203,0.5,2,142
297,297:4,RoadObstruction:14,scene_28_1,14872146683,RoadObstruction-Barrel,17.8379105812397,-152.78192485757998,0.0,0,293
297,297:4,RoadObstruction:14,scene_28_1,14872146683,RoadObstruction-Barrel,17.8379105812397,-152.78192485757998,0.5,0,367
297,297:5,RoadObstruction:15,scene_28_1,14872146683,RoadObstruction-Barrel,7.774627945657916,-94.75580183834509,0.0,0,15
297,297:5,RoadObstruction:15,scene_28_1,14872146683,RoadObstruction-Barrel,7.774627945657916,-94.75580183834509,0.5,0,251
297,297:6,RoadObstruction:16,scene_28_1,14872146683,RoadObstruction-Barrel,12.342686772539082,-36.09893159020187,0.0,3,46
297,297:6,RoadObstruction:16,scene_28_1,14872146683,RoadObstruction-Barrel,12.342686772539082,-36.09893159020187,0.5,3,132
297,297:7,RoadObstruction:17,scene_28_1,14872146683,RoadObstruction-Barrel,28.021653629398266,-15.110922808351928,0.0,2,363
297,297:7,RoadObstruction:17,scene_28_1,14872146683,RoadObstruction-Barrel,28.021653629398266,-15.110922808351928,0.5,5,504
297,297:8,RoadObstruction:18,scene_28_1,14872146683,RoadObstruction-Barrel,42.25209526137241,-9.231655132541722,0.0,2,365
297,297:8,RoadObstruction:18,scene_28_1,14872146683,RoadObstruction-Barrel,42.25209526137241,-9.231655132541722,0.5,6,700
297,297:9,RoadObstruction:19,scene_28_1,14872146683,RoadObstruction-Barrel,60.1730157776651,-4.623898095748675,0.0,0,128
297,297:9,RoadObstruction:19,scene_28_1,14872146683,RoadObstruction-Barrel,60.1730157776651,-4.623898095748675,0.5,2,246
297,297:10,RoadObstruction:20,scene_28_1,14872146683,RoadObstruction-Barrel,75.4927181498365,-3.6965279596830576,0.0,0,153
297,297:10,RoadObstruction:20,scene_28_1,14872146683,RoadObstruction-Barrel,75.4927181498365,-3.6965279596830576,0.5,5,167
297,297:11,RoadObstruction:21,scene_28_1,14872146683,RoadObstruction-Barrel,100.31556638625356,-3.333415605771965,0.0,1,106
297,297:11,RoadObstruction:21,scene_28_1,14872146683,RoadObstruction-Barrel,100.31556638625356,-3.333415605771965,0.5,2,108
297,297:12,RoadObstruction:22,scene_28_1,14872146683,RoadObstruction-Barrel,136.10434628800118,-3.6702390872347266,0.0,0,76
297,297:12,RoadObstruction:22,scene_28_1,14872146683,RoadObstruction-Barrel,136.10434628800118,-3.6702390872347266,0.5,1,90
297,297:13,RoadObstruction:5,scene_28_1,14872146683,RoadObstruction,217.13228631965742,-177.12032512511414,0.0,0,8
297,297:13,RoadObstruction:5,scene_28_1,14872146683,RoadObstruction,217.13228631965742,-177.12032512511414,0.5,0,18
297,297:14,RoadObstruction:6,scene_28_1,14872146683,RoadObstruction-Barrel,201.73951442165443,-176.90527603095325,0.0,0,9
297,297:14,RoadObstruction:6,scene_28_1,14872146683,RoadObstruction-Barrel,201.73951442165443,-176.90527603095325,0.5,1,11
297,297:15,RoadObstruction:7,scene_28_1,14872146683,RoadObstruction,167.8925067431432,-176.56303834776162,0.0,0,13
297,297:15,RoadObstruction:7,scene_28_1,14872146683,RoadObstruction,167.8925067431432,-176.56303834776162,0.5,1,14
297,297:16,RoadObstruction:8,scene_28_1,14872146683,RoadObstruction-Barrel,154.72552634443812,-176.31109745946728,0.0,0,19
297,297:16,RoadObstruction:8,scene_28_1,14872146683,RoadObstruction-Barrel,154.72552634443812,-176.31109745946728,0.5,1,20
297,297:17,RoadObstruction:9,scene_28_1,14872146683,RoadObstruction-Barrel,124.08166349106003,-175.79688638967338,0.0,0,15
297,297:17,RoadObstruction:9,scene_28_1,14872146683,RoadObstruction-Barrel,124.08166349106003,-175.79688638967338,0.5,1,18
297,297:18,TrafficSign:1,scene_28_1,14872146683,TrafficSign,145.53133625613975,-175.8536814405374,0.0,0,27
297,297:18,TrafficSign:1,scene_28_1,14872146683,TrafficSign,145.53133625613975,-175.8536814405374,0.5,0,106
297,297:19,TrafficSign:2,scene_28_1,14872146683,TrafficSign,17.85044813768247,-148.01192151125937,0.0,0,756
297,297:19,TrafficSign:2,scene_28_1,14872146683,TrafficSign,17.85044813768247,-148.01192151125937,0.5,3,3431
297,297:20,TrafficSign:3,scene_28_1,14872146683,TrafficSign,41.75089988893363,151.6250410418706,0.0,0,4
297,297:20,TrafficSign:3,scene_28_1,14872146683,TrafficSign,41.75089988893363,151.6250410418706,0.5,4,1143
297,297:21,TrafficSign:5,scene_28_1,14872146683,TrafficSign,108.96504641713831,165.7441361599225,0.0,0,11
297,297:21,TrafficSign:5,scene_28_1,14872146683,TrafficSign,108.96504641713831,165.7441361599225,0.5,1,112
297,297:22,Vehicle:1,scene_28_1,14872146683,Vehicle-SemiTruck-Trailer,181.480852608469,-1.277486550830098,0.0,0,58
297,297:22,Vehicle:1,scene_28_1,14872146683,Vehicle-SemiTruck-Trailer,181.480852608469,-1.277486550830098,0.5,0,62
297,297:23,Vehicle:12,scene_28_1,14872146683,Vehicle-Passenger,223.25998963495564,-5.540936149489766,0.0,0,41
297,297:23,Vehicle:12,scene_28_1,14872146683,Vehicle-Passenger,223.25998963495564,-5.540936149489766,0.5,1,42
297,297:24,Vehicle:17,scene_28_1,14872146683,Vehicle-Passenger,261.0281892535024,-179.2950134955601,0.0,0,5
297,297:24,Vehicle:17,scene_28_1,14872146683,Vehicle-Passenger,261.0281892535024,-179.2950134955601,0.5,0,14
297,297:25,Vehicle:2,scene_28_1,14872146683,Vehicle-SemiTruck-Trailer,157.21496779880945,-1.5971230961208551,0.0,16,396
297,297:25,Vehicle:2,scene_28_1,14872146683,Vehicle-SemiTruck-Trailer,157.21496779880945,-1.5971230961208551,0.5,23,444
297,297:26,Vehicle:27,scene_28_1,14872146683,Vehicle-Passenger,60.80930908687607,160.5927476255747,0.0,0,3
297,297:26,Vehicle:27,scene_28_1,14872146683,Vehicle-Passenger,60.80930908687607,160.5927476255747,0.5,3,3
297,297:27,Vehicle:28,scene_28_1,14872146683,Vehicle-Trailer,10.22262586911521,36.10677285587536,0.0,28,20491
297,297:27,Vehicle:28,scene_28_1,14872146683,Vehicle-Trailer,10.22262586911521,36.10677285587536,0.5,49,34756
297,297:28,Vehicle:3,scene_28_1,14872146683,Vehicle-SemiTruck-Cab,71.11814735322227,5.672887182761787,0.0,12,9
297,297:28,Vehicle:3,scene_28_1,14872146683,Vehicle-SemiTruck-Cab,71.11814735322227,5.672887182761787,0.5,22,65
297,297:29,Vehicle:35,scene_28_1,14872146683,Vehicle-Passenger,141.2715513245029,171.91332902879472,0.0,2,5
297,297:29,Vehicle:35,scene_28_1,14872146683,Vehicle-Passenger,141.2715513245029,171.91332902879472,0.5,2,5
297,297:30,Vehicle:36,scene_28_1,14872146683,Vehicle-Passenger,130.85546715463013,173.1187145227573,0.0,0,1
297,297:30,Vehicle:36,scene_28_1,14872146683,Vehicle-Passenger,130.85546715463013,173.1187145227573,0.5,0,1
297,297:31,Vehicle:4,scene_28_1,14872146683,Vehicle-SemiTruck-Trailer,59.75093397595195,6.666309351646528,0.0,36,9904
297,297:31,Vehicle:4,scene_28_1,14872146683,Vehicle-SemiTruck-Trailer,59.75093397595195,6.666309351646528,0.5,50,11588
297,297:32,Vehicle:5,scene_28_1,14872146683,Vehicle-Passenger,16.81403056632524,21.603146552020466,0.0,31,2965
297,297:32,Vehicle:5,scene_28_1,14872146683,Vehicle-Passenger,16.81403056632524,21.603146552020466,0.5,38,4210
297,297:33,Vehicle:53,scene_28_1,14872146683,Vehicle-Other,9.712053195854597,38.300298394045186,0.0,29,26530
297,297:33,Vehicle:53,scene_28_1,14872146683,Vehicle-Other,9.712053195854597,38.300298394045186,0.5,40,29761
297,297:36,Vehicle:8,scene_28_1,14872146683,Vehicle-Passenger,17.692179943391963,160.71179969603767,0.0,7,280
297,297:36,Vehicle:8,scene_28_1,14872146683,Vehicle-Passenger,17.692179943391963,160.71179969603767,0.5,16,731
297,297:37,Vehicle:11,scene_28_1,14872146683,Vehicle-SemiTruck-Cab,167.89029723266233,-2.0233332566122266,0.0,2,0
297,297:37,Vehicle:11,scene_28_1,14872146683,Vehicle-SemiTruck-Cab,167.89029723266233,-2.0233332566122266,0.5,7,0
297,297:38,Vehicle:39,scene_28_1,14872146683,Vehicle-SemiTruck-Cab,190.9277841789688,-2.979870950496195,0.0,0,0
297,297:38,Vehicle:39,scene_28_1,14872146683,Vehicle-SemiTruck-Cab,190.9277841789688,-2.979870950496195,0.5,0,0
307,307:0,RoadObstruction:10,scene_28_1,15372127658,RoadObstruction-Barrel,118.71428146988251,-175.77519533667808,0.0,0,26
307,307:0,RoadObstruction:10,scene_28_1,15372127658,RoadObstruction-Barrel,118.71428146988251,-175.77519533667808,0.5,1,31
307,307:1,RoadObstruction:11,scene_28_1,15372127658,RoadObstruction-Barrel,98.97638381523066,-174.33487242336284,0.0,0,37
307,307:1,RoadObstruction:11,scene_28_1,15372127658,RoadObstruction-Barrel,98.97638381523066,-174.33487242336284,0.5,2,63
307,307:2,RoadObstruction:12,scene_28_1,15372127658,RoadObstruction-Barrel,71.47015241808967,-172.89785222573332,0.0,0,25
307,307:2,RoadObstruction:12,scene_28_1,15372127658,RoadObstruction-Barrel,71.47015241808967,-172.89785222573332,0.5,1,33
307,307:3,RoadObstruction:13,scene_28_1,15372127658,RoadObstruction-Barrel,52.97560806767629,-170.62460518786898,0.0,0,52
307,307:3,RoadObstruction:13,scene_28_1,15372127658,RoadObstruction-Barrel,52.97560806767629,-170.62460518786898,0.5,3,70
307,307:4,RoadObstruction:14,scene_28_1,15372127658,RoadObstruction-Barrel,31.291207745819992,-164.65616468936514,0.0,0,171
307,307:4,RoadObstruction:14,scene_28_1,15372127658,RoadObstruction-Barrel,31.291207745819992,-164.65616468936514,0.5,2,193
307,307:5,RoadObstruction:15,scene_28_1,15372127658,RoadObstruction-Barrel,16.826864733274117,-152.3559728234387,0.0,1,309
307,307:5,RoadObstruction:15,scene_28_1,15372127658,RoadObstruction-Barrel,16.826864733274117,-152.3559728234387,0.5,2,404
307,307:6,RoadObstruction:16,scene_28_1,15372127658,RoadObstruction-Barrel,8.42787824822475,-120.3002940620598,0.0,0,16
307,307:6,RoadObstruction:16,scene_28_1,15372127658,RoadObstruction-Barrel,8.42787824822475,-120.3002940620598,0.5,0,153
307,307:7,RoadObstruction:17,scene_28_1,15372127658,RoadObstruction-Barrel,14.647955932733602,-29.42732220271751,0.0,1,167
307,307:7,RoadObstruction:17,scene_28_1,15372127658,RoadObstruction-Barrel,14.647955932733602,-29.42732220271751,0.5,2,294
307,307:8,RoadObstruction:18,scene_28_1,15372127658,RoadObstruction-Barrel,28.224107623141357,-13.558817537024144,0.0,2,370
307,307:8,RoadObstruction:18,scene_28_1,15372127658,RoadObstruction-Barrel,28.224107623141357,-13.558817537024144,0.5,5,567
307,307:9,RoadObstruction:19,scene_28_1,15372127658,RoadObstruction-Barrel,45.93303715276252,-5.8263909368031905,0.0,0,221
307,307:9,RoadObstruction:19,scene_28_1,15372127658,RoadObstruction-Barrel,45.93303715276252,-5.8263909368031905,0.5,5,571
307,307:10,RoadObstruction:20,scene_28_1,15372127658,RoadObstruction-Barrel,61.20149516649613,-4.355685128750213,0.0,0,167
307,307:10,RoadObstruction:20,scene_28_1,15372127658,RoadObstruction-Barrel,61.20149516649613,-4.355685128750213,0.5,5,293
307,307:11,RoadObstruction:21,scene_28_1,15372127658,RoadObstruction-Barrel,85.94529409183563,-3.692680050682903,0.0,1,109
307,307:11,RoadObstruction:21,scene_28_1,15372127658,RoadObstruction-Barrel,85.94529409183563,-3.692680050682903,0.5,3,151
307,307:12,RoadObstruction:22,scene_28_1,15372127658,RoadObstruction-Barrel,121.75840556754224,-3.9401047739731085,0.0,0,90
307,307:12,RoadObstruction:22,scene_28_1,15372127658,RoadObstruction-Barrel,121.75840556754224,-3.9401047739731085,0.5,0,93
307,307:13,RoadObstruction:23,scene_28_1,15372127658,RoadObstruction-Barrel,169.86203763662039,-5.202838108008538,0.0,0,10
307,307:13,RoadObstruction:23,scene_28_1,15372127658,RoadObstruction-Barrel,169.86203763662039,-5.202838108008538,0.5,0,12
307,307:14,RoadObstruction:5,scene_28_1,15372127658,RoadObstruction,231.45029144769174,-177.16062847853772,0.0,0,0
307,307:14,RoadObstruction:5,scene_28_1,15372127658,RoadObstruction,231.45029144769174,-177.16062847853772,0.5,0,2
307,307:15,RoadObstruction:6,scene_28_1,15372127658,RoadObstruction-Barrel,216.13419842091298,-176.96367959472792,0.0,0,0
307,307:15,RoadObstruction:6,scene_28_1,15372127658,RoadObstruction-Barrel,216.13419842091298,-176.96367959472792,0.5,0,0
307,307:16,RoadObstruction:7,scene_28_1,15372127658,RoadObstruction,182.23373280890578,-176.6990289715887,0.0,0,0
307,307:16,RoadObstruction:7,scene_28_1,15372127658,RoadObstruction,182.23373280890578,-176.6990289715887,0.5,0,6
307,307:17,RoadObstruction:8,scene_28_1,15372127658,RoadObstruction,169.1609062322708,-176.4785845348194,0.0,0,3
307,307:17,RoadObstruction:8,scene_28_1,15372127658,RoadObstruction,169.1609062322708,-176.4785845348194,0.5,0,8
307,307:18,RoadObstruction:9,scene_28_1,15372127658,RoadObstruction-Barrel,138.3868510341158,-176.10170368525638,0.0,0,15
307,307:18,RoadObstruction:9,scene_28_1,15372127658,RoadObstruction-Barrel,138.3868510341158,-176.10170368525638,0.5,1,16
307,307:19,TrafficSign:1,scene_28_1,15372127658,TrafficSign,159.89236501843632,-176.08717475879646,0.0,0,20
307,307:19,TrafficSign:1,scene_28_1,15372127658,TrafficSign,159.89236501843632,-176.08717475879646,0.5,0,93
307,307:20,TrafficSign:2,scene_28_1,15372127658,TrafficSign,31.061130201719415,-162.10821469554594,0.0,0,319
307,307:20,TrafficSign:2,scene_28_1,15372127658,TrafficSign,31.061130201719415,-162.10821469554594,0.5,2,1418
307,307:21,TrafficSign:3,scene_28_1,15372127658,TrafficSign,54.86193376115112,158.77072590285957,0.0,0,1093
307,307:21,TrafficSign:3,scene_28_1,15372127658,TrafficSign,54.86193376115112,158.77072590285957,0.5,2,3309
307,307:22,TrafficSign:5,scene_28_1,15372127658,TrafficSign,122.9553803400811,167.44168389804614,0.0,0,8
307,307:22,TrafficSign:5,scene_28_1,15372127658,TrafficSign,122.9553803400811,167.44168389804614,0.5,1,102
307,307:23,Vehicle:1,scene_28_1,15372127658,Vehicle-SemiTruck-Trailer,180.41150935019832,-1.9887851383538138,0.0,0,9
307,307:23,Vehicle:1,scene_28_1,15372127658,Vehicle-SemiTruck-Trailer,180.41150935019832,-1.9887851383538138,0.5,0,12
307,307:24,Vehicle:11,scene_28_1,15372127658,Vehicle-SemiTruck-Cab,165.4015874721798,-2.6243855692320626,0.0,8,5
307,307:24,Vehicle:11,scene_28_1,15372127658,Vehicle-SemiTruck-Cab,165.4015874721798,-2.6243855692320626,0.5,8,5
307,307:25,Vehicle:12,scene_28_1,15372127658,Vehicle-Passenger,219.66861917202147,-6.206510121682993,0.0,0,25
307,307:25,Vehicle:12,scene_28_1,15372127658,Vehicle-Passenger,219.66861917202147,-6.206510121682993,0.5,0,25
307,307:26,Vehicle:17,scene_28_1,15372127658,Vehicle-Passenger,261.3700391838657,-179.2421024573044,0.0,0,1
307,307:26,Vehicle:17,scene_28_1,15372127658,Vehicle-Passenger,261.3700391838657,-179.2421024573044,0.5,0,20
307,307:27,Vehicle:2,scene_28_1,15372127658,Vehicle-SemiTruck-Trailer,154.75602995787062,-2.132295667233067,0.0,14,337
307,307:27,Vehicle:2,scene_28_1,15372127658,Vehicle-SemiTruck-Trailer,154.75602995787062,-2.132295667233067,0.5,19,409
307,307:28,Vehicle:27,scene_28_1,15372127658,Vehicle-Passenger,89.66751915574947,167.0095225766941,0.0,0,2
307,307:28,Vehicle:27,scene_28_1,15372127658,Vehicle-Passenger,89.66751915574947,167.0095225766941,0.5,0,3
307,307:29,Vehicle:28,scene_28_1,15372127658,Vehicle-Trailer,11.945299222445824,31.84990579084867,0.0,44,20187
307,307:29,Vehicle:28,scene_28_1,15372127658,Vehicle-Trailer,11.945299222445824,31.84990579084867,0.5,70,32822
307,307:30,Vehicle:3,scene_28_1,15372127658,Vehicle-SemiTruck-Cab,73.29870200487541,5.211364431418541,0.0,11,58
307,307:30,Vehicle:3,scene_28_1,15372127658,Vehicle-SemiTruck-Cab,73.29870200487541,5.211364431418541,0.5,22,106
307,307:31,Vehicle:4,scene_28_1,15372127658,Vehicle-SemiTruck-Trailer,61.94711717695831,6.252990487055618,0.0,52,4810
307,307:31,Vehicle:4,scene_28_1,15372127658,Vehicle-SemiTruck-Trailer,61.94711717695831,6.252990487055618,0.5,65,5419
307,307:32,Vehicle:5,scene_28_1,15372127658,Vehicle-Passenger,18.67035410391564,20.1949091006717,0.0,28,2575
307,307:32,Vehicle:5,scene_28_1,15372127658,Vehicle-Passenger,18.67035410391564,20.1949091006717,0.5,39,3866
307,307:33,Vehicle:53,scene_28_1,15372127658,Vehicle-Other,11.370412787973823,33.66405935993795,0.0,45,25011
307,307:33,Vehicle:53,scene_28_1,15372127658,Vehicle-Other,11.370412787973823,33.66405935993795,0.5,54,28365
307,307:36,Vehicle:8,scene_28_1,15372127658,Vehicle-Passenger,15.802862168200996,157.64071323525945,0.0,5,1072
307,307:36,Vehicle:8,scene_28_1,15372127658,Vehicle-Passenger,15.802862168200996,157.64071323525945,0.5,9,1396
307,307:37,Vehicle:39,scene_28_1,15372127658,Vehicle-SemiTruck-Cab,189.82068037337123,-3.6286409263647483,0.0,0,0
307,307:37,Vehicle:39,scene_28_1,15372127658,Vehicle-SemiTruck-Cab,189.82068037337123,-3.6286409263647483,0.5,0,0
319,319:0,RoadObstruction:10,scene_28_1,15972026533,RoadObstruction-Barrel,135.83370953172656,-176.0754586870455,0.0,1,31
319,319:0,RoadObstruction:10,scene_28_1,15972026533,RoadObstruction-Barrel,135.83370953172656,-176.0754586870455,0.5,1,31
319,319:1,RoadObstruction:11,scene_28_1,15972026533,RoadObstruction-Barrel,116.13903468183555,-174.96400983221733,0.0,0,34
319,319:1,RoadObstruction:11,scene_28_1,15972026533,RoadObstruction-Barrel,116.13903468183555,-174.96400983221733,0.5,1,45
319,319:2,RoadObstruction:12,scene_28_1,15972026533,RoadObstruction-Barrel,88.52374378983677,-174.0798843587785,0.0,0,42
319,319:2,RoadObstruction:12,scene_28_1,15972026533,RoadObstruction-Barrel,88.52374378983677,-174.0798843587785,0.5,1,46
319,319:3,RoadObstruction:13,scene_28_1,15972026533,RoadObstruction-Barrel,69.91114779988689,-172.7008500873753,0.0,1,28
319,319:3,RoadObstruction:13,scene_28_1,15972026533,RoadObstruction-Barrel,69.91114779988689,-172.7008500873753,0.5,2,54
319,319:4,RoadObstruction:14,scene_28_1,15972026533,RoadObstruction-Barrel,47.9953865634103,-169.84513467640858,0.0,0,66
319,319:4,RoadObstruction:14,scene_28_1,15972026533,RoadObstruction-Barrel,47.9953865634103,-169.84513467640858,0.5,2,71
319,319:5,RoadObstruction:15,scene_28_1,15972026533,RoadObstruction-Barrel,33.033247159740675,-166.06687348487347,0.0,0,179
319,319:5,RoadObstruction:15,scene_28_1,15972026533,RoadObstruction-Barrel,33.033247159740675,-166.06687348487347,0.5,2,212
319,319:6,RoadObstruction:16,scene_28_1,15972026533,RoadObstruction-Barrel,22.630449329595926,-160.95308429944487,0.0,0,216
319,319:6,RoadObstruction:16,scene_28_1,15972026533,RoadObstruction-Barrel,22.630449329595926,-160.95308429944487,0.5,2,387
319,319:7,RoadObstruction:17,scene_28_1,15972026533,RoadObstruction-Barrel,8.404307421375943,-121.08745855781815,0.0,0,16
319,319:7,RoadObstruction:17,scene_28_1,15972026533,RoadObstruction-Barrel,8.404307421375943,-121.08745855781815,0.5,1,162
319,319:8,RoadObstruction:18,scene_28_1,15972026533,RoadObstruction-Barrel,12.190768843108433,-32.093061210680396,0.0,1,17
319,319:8,RoadObstruction:18,scene_28_1,15972026533,RoadObstruction-Barrel,12.190768843108433,-32.093061210680396,0.5,2,98
319,319:9,RoadObstruction:19,scene_28_1,15972026533,RoadObstruction-Barrel,28.924871252680063,-8.80057125441888,0.0,2,498
319,319:9,RoadObstruction:19,scene_28_1,15972026533,RoadObstruction-Barrel,28.924871252680063,-8.80057125441888,0.5,4,1018
319,319:10,RoadObstruction:20,scene_28_1,15972026533,RoadObstruction-Barrel,44.118156852877405,-5.677120371324098,0.0,0,158
319,319:10,RoadObstruction:20,scene_28_1,15972026533,RoadObstruction-Barrel,44.118156852877405,-5.677120371324098,0.5,4,545
319,319:11,RoadObstruction:21,scene_28_1,15972026533,RoadObstruction-Barrel,68.7428005720749,-4.313862938091293,0.0,0,191
319,319:11,RoadObstruction:21,scene_28_1,15972026533,RoadObstruction-Barrel,68.7428005720749,-4.313862938091293,0.5,4,293
319,319:12,RoadObstruction:22,scene_28_1,15972026533,RoadObstruction-Barrel,104.53428970585142,-4.307148078929938,0.0,0,127
319,319:12,RoadObstruction:22,scene_28_1,15972026533,RoadObstruction-Barrel,104.53428970585142,-4.307148078929938,0.5,1,146
319,319:13,RoadObstruction:23,scene_28_1,15972026533,RoadObstruction-Barrel,152.59184409854035,-5.5398613530281,0.0,0,6
319,319:13,RoadObstruction:23,scene_28_1,15972026533,RoadObstruction-Barrel,152.59184409854035,-5.5398613530281,0.5,0,11
319,319:14,RoadObstruction:5,scene_28_1,15972026533,RoadObstruction,249.01143860608167,-177.1405416231215,0.0,0,8
319,319:14,RoadObstruction:5,scene_28_1,15972026533,RoadObstruction,249.01143860608167,-177.1405416231215,0.5,0,11
319,319:15,RoadObstruction:6,scene_28_1,15972026533,RoadObstruction-Barrel,233.05769490117993,-176.9814461584658,0.0,0,10
319,319:15,RoadObstruction:6,scene_28_1,15972026533,RoadObstruction-Barrel,233.05769490117993,-176.9814461584658,0.5,1,11
319,319:16,RoadObstruction:7,scene_28_1,15972026533,RoadObstruction,199.34786625091186,-176.76618131483377,0.0,0,6
319,319:16,RoadObstruction:7,scene_28_1,15972026533,RoadObstruction,199.34786625091186,-176.76618131483377,0.5,0,13
319,319:17,RoadObstruction:8,scene_28_1,15972026533,RoadObstruction,186.40384100273698,-176.58825678147755,0.0,0,15
319,319:17,RoadObstruction:8,scene_28_1,15972026533,RoadObstruction,186.40384100273698,-176.58825678147755,0.5,1,19
319,319:18,RoadObstruction:9,scene_28_1,15972026533,RoadObstruction-Barrel,155.57563332240898,-176.33027421187575,0.0,0,17
319,319:18,RoadObstruction:9,scene_28_1,15972026533,RoadObstruction-Barrel,155.57563332240898,-176.33027421187575,0.5,0,29
319,319:19,TrafficSign:1,scene_28_1,15972026533,TrafficSign,177.09596132479538,-176.24808155767613,0.0,0,21
319,319:19,TrafficSign:1,scene_28_1,15972026533,TrafficSign,177.09596132479538,-176.24808155767613,0.5,0,110
319,319:20,TrafficSign:2,scene_28_1,15972026533,TrafficSign,47.65320373122857,-168.273374549513,0.0,0,22
319,319:20,TrafficSign:2,scene_28_1,15972026533,TrafficSign,47.65320373122857,-168.273374549513,0.5,1,123
319,319:21,TrafficSign:3,scene_28_1,15972026533,TrafficSign,71.29999580888973,163.83415461419037,0.0,0,1076
319,319:21,TrafficSign:3,scene_28_1,15972026533,TrafficSign,71.29999580888973,163.83415461419037,0.5,0,2744
319,319:22,TrafficSign:5,scene_28_1,15972026533,TrafficSign,139.87062927213975,169.09518162409816,0.0,0,6
319,319:22,TrafficSign:5,scene_28_1,15972026533,TrafficSign,139.87062927213975,169.09518162409816,0.5,0,86
319,319:23,Vehicle:1,scene_28_1,15972026533,Vehicle-SemiTruck-Trailer,178.84764654004366,-2.8880415562594637,0.0,1,25
319,319:23,Vehicle:1,scene_28_1,15972026533,Vehicle-SemiTruck-Trailer,178.84764654004366,-2.8880415562594637,0.5,1,28
319,319:24,Vehicle:11,scene_28_1,15972026533,Vehicle-SemiTruck-Cab,162.46194499815178,-3.3759346967649595,0.0,8,11
319,319:24,Vehicle:11,scene_28_1,15972026533,Vehicle-SemiTruck-Cab,162.46194499815178,-3.3759346967649595,0.5,12,11
319,319:25,Vehicle:12,scene_28_1,15972026533,Vehicle-Passenger,215.4587419941183,-7.015467026913592,0.0,0,42
319,319:25,Vehicle:12,scene_28_1,15972026533,Vehicle-Passenger,215.4587419941183,-7.015467026913592,0.5,1,48
319,319:26,Vehicle:17,scene_28_1,15972026533,Vehicle-Passenger,261.4023044291959,-179.12931730334304,0.0,2,5
319,319:26,Vehicle:17,scene_28_1,15972026533,Vehicle-Passenger,261.4023044291959,-179.12931730334304,0.5,2,8
319,319:27,Vehicle:2,scene_28_1,15972026533,Vehicle-SemiTruck-Trailer,151.82880867643766,-2.8187742150721973,0.0,18,294
319,319:27,Vehicle:2,scene_28_1,15972026533,Vehicle-SemiTruck-Trailer,151.82880867643766,-2.8187742150721973,0.5,20,316
319,319:28,Vehicle:27,scene_28_1,15972026533,Vehicle-Passenger,124.66196957870372,170.88244668501696,0.0,0,0
319,319:28,Vehicle:27,scene_28_1,15972026533,Vehicle-Passenger,124.66196957870372,170.88244668501696,0.5,0,1
319,319:29,Vehicle:28,scene_28_1,15972026533,Vehicle-Trailer,14.091761027372993,27.95936565500599,0.0,43,19928
319,319:29,Vehicle:28,scene_28_1,15972026533,Vehicle-Trailer,14.091761027372993,27.95936565500599,0.5,55,27928
319,319:30,Vehicle:3,scene_28_1,15972026533,Vehicle-SemiTruck-Cab,75.899453273696,4.425394450570837,0.0,11,1
319,319:30,Vehicle:3,scene_28_1,15972026533,Vehicle-SemiTruck-Cab,75.899453273696,4.425394450570837,0.5,21,90
319,319:31,Vehicle:4,scene_28_1,15972026533,Vehicle-SemiTruck-Trailer,64.57957694414117,5.641903963330357,0.0,29,3410
319,319:31,Vehicle:4,scene_28_1,15972026533,Vehicle-SemiTruck-Trailer,64.57957694414117,5.641903963330357,0.5,48,4134
319,319:32,Vehicle:41,scene_28_1,15972026533,Vehicle-Passenger,64.33945639194685,18.258077910760274,0.0,2,0
319,319:32,Vehicle:41,scene_28_1,15972026533,Vehicle-Passenger,64.33945639194685,18.258077910760274,0.5,4,0
319,319:33,Vehicle:5,scene_28_1,15972026533,Vehicle-Passenger,20.91476658031759,18.59351325681657,0.0,12,1622
319,319:33,Vehicle:5,scene_28_1,15972026533,Vehicle-Passenger,20.91476658031759,18.59351325681657,0.5,21,2750
319,319:34,Vehicle:53,scene_28_1,15972026533,Vehicle-Other,13.426615281813493,29.489657414995456,0.0,31,20749
319,319:34,Vehicle:53,scene_28_1,15972026533,Vehicle-Other,13.426615281813493,29.489657414995456,0.5,37,23603
319,319:37,Vehicle:8,scene_28_1,15972026533,Vehicle-Passenger,13.55821951014367,152.70803827936564,0.0,9,480
319,319:37,Vehicle:8,scene_28_1,15972026533,Vehicle-Passenger,13.55821951014367,152.70803827936564,0.5,12,757
319,319:38,Vehicle:39,scene_28_1,15972026533,Vehicle-SemiTruck-Cab,188.5381289400827,-4.338542152425607,0.0,1,0
319,319:38,Vehicle:39,scene_28_1,15972026533,Vehicle-SemiTruck-Cab,188.5381289400827,-4.338542152425607,0.5,1,0
329,329:0,RoadObstruction:10,scene_28_1,16472008333,RoadObstruction-Barrel,150.18881488316208,-176.23337545049978,0.0,0,18
329,329:0,RoadObstruction:10,scene_28_1,16472008333,RoadObstruction-Barrel,150.18881488316208,-176.23337545049978,0.5,0,24
329,329:1,RoadObstruction:11,scene_28_1,16472008333,RoadObstruction-Barrel,130.45853884609025,-175.30375716065228,0.0,0,7
329,329:1,RoadObstruction:11,scene_28_1,16472008333,RoadObstruction-Barrel,130.45853884609025,-175.30375716065228,0.5,0,16
329,329:2,RoadObstruction:12,scene_28_1,16472008333,RoadObstruction-Barrel,102.76271779249642,-174.69068508159387,0.0,0,51
329,329:2,RoadObstruction:12,scene_28_1,16472008333,RoadObstruction-Barrel,102.76271779249642,-174.69068508159387,0.5,1,73
329,329:3,RoadObstruction:13,scene_28_1,16472008333,RoadObstruction-Barrel,84.12050408773062,-173.73680219827583,0.0,0,73
329,329:3,RoadObstruction:13,scene_28_1,16472008333,RoadObstruction-Barrel,84.12050408773062,-173.73680219827583,0.5,2,104
329,329:4,RoadObstruction:14,scene_28_1,16472008333,RoadObstruction-Barrel,62.046120399157125,-171.9660638044627,0.0,0,50
329,329:4,RoadObstruction:14,scene_28_1,16472008333,RoadObstruction-Barrel,62.046120399157125,-171.9660638044627,0.5,2,52
329,329:5,RoadObstruction:15,scene_28_1,16472008333,RoadObstruction-Barrel,47.05450868301616,-170.0497957462444,0.0,0,49
329,329:5,RoadObstruction:15,scene_28_1,16472008333,RoadObstruction-Barrel,47.05450868301616,-170.0497957462444,0.5,2,52
329,329:6,RoadObstruction:16,scene_28_1,16472008333,RoadObstruction-Barrel,36.502511616890416,-168.06909525487592,0.0,0,97
329,329:6,RoadObstruction:16,scene_28_1,16472008333,RoadObstruction-Barrel,36.502511616890416,-168.06909525487592,0.5,2,155
329,329:7,RoadObstruction:17,scene_28_1,16472008333,RoadObstruction-Barrel,19.978292474256666,-158.6262130689209,0.0,0,266
329,329:7,RoadObstruction:17,scene_28_1,16472008333,RoadObstruction-Barrel,19.978292474256666,-158.6262130689209,0.5,0,356
329,329:8,RoadObstruction:18,scene_28_1,16472008333,RoadObstruction-Barrel,7.550112531339322,-121.09066230768754,0.0,0,26
329,329:8,RoadObstruction:18,scene_28_1,16472008333,RoadObstruction-Barrel,7.550112531339322,-121.09066230768754,0.5,0,188
329,329:9,RoadObstruction:19,scene_28_1,16472008333,RoadObstruction-Barrel,14.956321065321292,-16.58708790424982,0.0,2,0
329,329:9,RoadObstruction:19,scene_28_1,16472008333,RoadObstruction-Barrel,14.956321065321292,-16.58708790424982,0.5,4,172
329,329:10,RoadObstruction:20,scene_28_1,16472008333,RoadObstruction-Barrel,29.918188640841105,-7.972646730003787,0.0,2,362
329,329:10,RoadObstruction:20,scene_28_1,16472008333,RoadObstruction-Barrel,29.918188640841105,-7.972646730003787,0.5,5,576
329,329:11,RoadObstruction:21,scene_28_1,16472008333,RoadObstruction-Barrel,54.49718766258646,-5.153741342528886,0.0,1,186
329,329:11,RoadObstruction:21,scene_28_1,16472008333,RoadObstruction-Barrel,54.49718766258646,-5.153741342528886,0.5,6,457
329,329:12,RoadObstruction:22,scene_28_1,16472008333,RoadObstruction-Barrel,90.21002425284607,-4.709484289296435,0.0,0,111
329,329:12,RoadObstruction:22,scene_28_1,16472008333,RoadObstruction-Barrel,90.21002425284607,-4.709484289296435,0.5,0,120
329,329:13,RoadObstruction:23,scene_28_1,16472008333,RoadObstruction-Barrel,138.24957452919804,-5.8721939803718906,0.0,0,12
329,329:13,RoadObstruction:23,scene_28_1,16472008333,RoadObstruction-Barrel,138.24957452919804,-5.8721939803718906,0.5,0,18
329,329:14,RoadObstruction:7,scene_28_1,16472008333,RoadObstruction,213.631334173373,-176.77158383503027,0.0,0,2
329,329:14,RoadObstruction:7,scene_28_1,16472008333,RoadObstruction,213.631334173373,-176.77158383503027,0.5,0,6
329,329:15,RoadObstruction:8,scene_28_1,16472008333,RoadObstruction,200.63495369006688,-176.62864106457008,0.0,0,13
329,329:15,RoadObstruction:8,scene_28_1,16472008333,RoadObstruction,200.63495369006688,-176.62864106457008,0.5,1,13
329,329:16,RoadObstruction:9,scene_28_1,16472008333,RoadObstruction,169.9018339538531,-176.43244495583295,0.0,0,3
329,329:16,RoadObstruction:9,scene_28_1,16472008333,RoadObstruction,169.9018339538531,-176.43244495583295,0.5,1,9
329,329:17,TrafficSign:1,scene_28_1,16472008333,TrafficSign,191.40470254179678,-176.31829067310701,0.0,0,17
329,329:17,TrafficSign:1,scene_28_1,16472008333,TrafficSign,191.40470254179678,-176.31829067310701,0.5,0,100
329,329:18,TrafficSign:2,scene_28_1,16472008333,TrafficSign,61.649888248917804,-170.74889035220426,0.0,0,138
329,329:18,TrafficSign:2,scene_28_1,16472008333,TrafficSign,61.649888248917804,-170.74889035220426,0.5,1,849
329,329:19,TrafficSign:3,scene_28_1,16472008333,TrafficSign,85.24381839719744,166.60205829780804,0.0,0,841
329,329:19,TrafficSign:3,scene_28_1,16472008333,TrafficSign,85.24381839719744,166.60205829780804,0.5,2,2112
329,329:20,TrafficSign:5,scene_28_1,16472008333,TrafficSign,154.03313977247134,170.26913109943567,0.0,0,5
329,329:20,TrafficSign:5,scene_28_1,16472008333,TrafficSign,154.03313977247134,170.26913109943567,0.5,0,52
329,329:21,Vehicle:1,scene_28_1,16472008333,Vehicle-SemiTruck-Trailer,177.64113346907106,-3.6541026021308456,0.0,1,3
329,329:21,Vehicle:1,scene_28_1,16472008333,Vehicle-SemiTruck-Trailer,177.64113346907106,-3.6541026021308456,0.5,2,4
329,329:22,Vehicle:11,scene_28_1,16472008333,Vehicle-SemiTruck-Cab,160.1483469583643,-4.046953147265484,0.0,6,12
329,329:22,Vehicle:11,scene_28_1,16472008333,Vehicle-SemiTruck-Cab,160.1483469583643,-4.046953147265484,0.5,7,15
329,329:23,Vehicle:12,scene_28_1,16472008333,Vehicle-Passenger,212.02327413320057,-7.742903246904186,0.0,0,51
329,329:23,Vehicle:12,scene_28_1,16472008333,Vehicle-Passenger,212.02327413320057,-7.742903246904186,0.5,0,55
329,329:24,Vehicle:17,scene_28_1,16472008333,Vehicle-Passenger,261.49970992864303,-179.00735286570702,0.0,0,9
329,329:24,Vehicle:17,scene_28_1,16472008333,Vehicle-Passenger,261.49970992864303,-179.00735286570702,0.5,2,9
329,329:25,Vehicle:2,scene_28_1,16472008333,Vehicle-SemiTruck-Trailer,149.51235788763145,-3.4748761193188304,0.0,17,217
329,329:25,Vehicle:2,scene_28_1,16472008333,Vehicle-SemiTruck-Trailer,149.51235788763145,-3.4748761193188304,0.5,22,243
329,329:26,Vehicle:27,scene_28_1,16472008333,Vehicle-Passenger,154.03596802110513,172.88738306262977,0.0,0,0
329,329:26,Vehicle:27,scene_28_1,16472008333,Vehicle-Passenger,154.03596802110513,172.88738306262977,0.5,0,0
329,329:27,Vehicle:28,scene_28_1,16472008333,Vehicle-Trailer,15.919962737103981,25.203116632299754,0.0,52,14538
329,329:27,Vehicle:28,scene_28_1,16472008333,Vehicle-Trailer,15.919962737103981,25.203116632299754,0.5,68,20776
329,329:28,Vehicle:3,scene_28_1,16472008333,Vehicle-SemiTruck-Cab,78.03400444919633,3.8008137441159637,0.0,14,39
329,329:28,Vehicle:3,scene_28_1,16472008333,Vehicle-SemiTruck-Cab,78.03400444919633,3.8008137441159637,0.5,25,81
329,329:29,Vehicle:4,scene_28_1,16472008333,Vehicle-SemiTruck-Trailer,66.71704396819206,5.064217721086576,0.0,46,3382
329,329:29,Vehicle:4,scene_28_1,16472008333,Vehicle-SemiTruck-Trailer,66.71704396819206,5.064217721086576,0.5,66,4064
329,329:30,Vehicle:40,scene_28_1,16472008333,Vehicle-Passenger,21.096124730754116,90.51699102029642,0.0,7,2260
329,329:30,Vehicle:40,scene_28_1,16472008333,Vehicle-Passenger,21.096124730754116,90.51699102029642,0.5,10,3051
329,329:31,Vehicle:5,scene_28_1,16472008333,Vehicle-Passenger,22.802499970742932,17.221634488255642,0.0,24,1182
329,329:31,Vehicle:5,scene_28_1,16472008333,Vehicle-Passenger,22.802499970742932,17.221634488255642,0.5,35,2449
329,329:32,Vehicle:53,scene_28_1,16472008333,Vehicle-Other,15.161817766285909,26.56061422777827,0.0,18,15794
329,329:32,Vehicle:53,scene_28_1,16472008333,Vehicle-Other,15.161817766285909,26.56061422777827,0.5,27,17943
329,329:35,Vehicle:8,scene_28_1,16472008333,Vehicle-Passenger,11.826214191219478,147.2162252432502,0.0,9,915
329,329:35,Vehicle:8,scene_28_1,16472008333,Vehicle-Passenger,11.826214191219478,147.2162252432502,0.5,11,1164
329,329:36,Vehicle:39,scene_28_1,16472008333,Vehicle-SemiTruck-Cab,187.55359885437028,-4.8867973114123915,0.0,1,0
329,329:36,Vehicle:39,scene_28_1,16472008333,Vehicle-SemiTruck-Cab,187.55359885437028,-4.8867973114123915,0.5,6,0
329,329:37,Vehicle:41,scene_28_1,16472008333,Vehicle-Passenger,37.61205558590055,34.53094558339779,0.0,0,0
329,329:37,Vehicle:41,scene_28_1,16472008333,Vehicle-Passenger,37.61205558590055,34.53094558339779,0.5,0,0
339,339:0,RoadObstruction:10,scene_28_1,16972147258,RoadObstruction-Barrel,164.58383303955324,-176.27076799136552,0.0,0,12
339,339:0,RoadObstruction:10,scene_28_1,16972147258,RoadObstruction-Barrel,164.58383303955324,-176.27076799136552,0.5,0,16
339,339:1,RoadObstruction:11,scene_28_1,16972147258,RoadObstruction-Barrel,144.78093687908478,-175.46884286604674,0.0,0,13
339,339:1,RoadObstruction:11,scene_28_1,16972147258,RoadObstruction-Barrel,144.78093687908478,-175.46884286604674,0.5,2,19
339,339:2,RoadObstruction:12,scene_28_1,16972147258,RoadObstruction-Barrel,117.03339032110581,-175.0289944194228,0.0,0,25
339,339:2,RoadObstruction:12,scene_28_1,16972147258,RoadObstruction-Barrel,117.03339032110581,-175.0289944194228,0.5,1,27
339,339:3,RoadObstruction:13,scene_28_1,16972147258,RoadObstruction-Barrel,98.43657090384468,-174.3307348396776,0.0,0,73
339,339:3,RoadObstruction:13,scene_28_1,16972147258,RoadObstruction-Barrel,98.43657090384468,-174.3307348396776,0.5,2,96
339,339:4,RoadObstruction:14,scene_28_1,16972147258,RoadObstruction-Barrel,76.2397298413981,-173.16467899868476,0.0,1,85
339,339:4,RoadObstruction:14,scene_28_1,16972147258,RoadObstruction-Barrel,76.2397298413981,-173.16467899868476,0.5,2,90
339,339:5,RoadObstruction:15,scene_28_1,16972147258,RoadObstruction-Barrel,61.15731194697357,-172.06777902096132,0.0,0,45
339,339:5,RoadObstruction:15,scene_28_1,16972147258,RoadObstruction-Barrel,61.15731194697357,-172.06777902096132,0.5,2,47
339,339:6,RoadObstruction:16,scene_28_1,16972147258,RoadObstruction-Barrel,50.583977591437915,-171.0991557957476,0.0,0,53
339,339:6,RoadObstruction:16,scene_28_1,16972147258,RoadObstruction-Barrel,50.583977591437915,-171.0991557957476,0.5,3,81
339,339:7,RoadObstruction:17,scene_28_1,16972147258,RoadObstruction-Barrel,33.69096188133532,-167.23928810665348,0.0,1,146
339,339:7,RoadObstruction:17,scene_28_1,16972147258,RoadObstruction-Barrel,33.69096188133532,-167.23928810665348,0.5,3,155
339,339:8,RoadObstruction:18,scene_28_1,16972147258,RoadObstruction-Barrel,19.33372598462668,-160.1154379320152,0.0,0,211
339,339:8,RoadObstruction:18,scene_28_1,16972147258,RoadObstruction-Barrel,19.33372598462668,-160.1154379320152,0.5,0,244
339,339:9,RoadObstruction:19,scene_28_1,16972147258,RoadObstruction-Barrel,4.218879336928139,-88.48794371882927,0.0,0,78
339,339:9,RoadObstruction:19,scene_28_1,16972147258,RoadObstruction-Barrel,4.218879336928139,-88.48794371882927,0.5,0,1491
339,339:10,RoadObstruction:20,scene_28_1,16972147258,RoadObstruction-Barrel,15.858861252859983,-14.539814691371529,0.0,1,31
339,339:10,RoadObstruction:20,scene_28_1,16972147258,RoadObstruction-Barrel,15.858861252859983,-14.539814691371529,0.5,2,138
339,339:11,RoadObstruction:21,scene_28_1,16972147258,RoadObstruction-Barrel,40.313463549074186,-6.552804345722957,0.0,1,422
339,339:11,RoadObstruction:21,scene_28_1,16972147258,RoadObstruction-Barrel,40.313463549074186,-6.552804345722957,0.5,5,1117
339,339:12,RoadObstruction:22,scene_28_1,16972147258,RoadObstruction-Barrel,75.94834737726444,-5.224880493698648,0.0,1,144
339,339:12,RoadObstruction:22,scene_28_1,16972147258,RoadObstruction-Barrel,75.94834737726444,-5.224880493698648,0.5,5,175
339,339:13,RoadObstruction:23,scene_28_1,16972147258,RoadObstruction-Barrel,123.97054208067775,-6.201426574508859,0.0,0,27
339,339:13,RoadObstruction:23,scene_28_1,16972147258,RoadObstruction-Barrel,123.97054208067775,-6.201426574508859,0.5,0,34
339,339:14,RoadObstruction:7,scene_28_1,16972147258,RoadObstruction,228.10326563429646,-176.68071258939364,0.0,0,4
339,339:14,RoadObstruction:7,scene_28_1,16972147258,RoadObstruction,228.10326563429646,-176.68071258939364,0.5,0,7
339,339:15,RoadObstruction:8,scene_28_1,16972147258,RoadObstruction,214.6820071224826,-176.56887043143547,0.0,0,3
339,339:15,RoadObstruction:8,scene_28_1,16972147258,RoadObstruction,214.6820071224826,-176.56887043143547,0.5,0,3
339,339:16,RoadObstruction:9,scene_28_1,16972147258,RoadObstruction,184.10162020938202,-176.40356953391247,0.0,0,0
339,339:16,RoadObstruction:9,scene_28_1,16972147258,RoadObstruction,184.10162020938202,-176.40356953391247,0.5,0,4
339,339:17,TrafficSign:1,scene_28_1,16972147258,TrafficSign,205.74951342447633,-176.2691489467573,0.0,0,8
339,339:17,TrafficSign:1,scene_28_1,16972147258,TrafficSign,205.74951342447633,-176.2691489467573,0.5,0,59
339,339:18,TrafficSign:2,scene_28_1,16972147258,TrafficSign,75.79150421401843,-172.2005114763194,0.0,1,200
339,339:18,TrafficSign:2,scene_28_1,16972147258,TrafficSign,75.79150421401843,-172.2005114763194,0.5,1,644
339,339:19,TrafficSign:3,scene_28_1,16972147258,TrafficSign,99.3264961761632,168.70001799643634,0.0,0,634
339,339:19,TrafficSign:3,scene_28_1,16972147258,TrafficSign,99.3264961761632,168.70001799643634,0.5,0,1625
339,339:20,TrafficSign:5,scene_28_1,16972147258,TrafficSign,168.18711949332783,171.3513425496751,0.0,0,13
339,339:20,TrafficSign:5,scene_28_1,16972147258,TrafficSign,168.18711949332783,171.3513425496751,0.5,0,66
339,339:21,Vehicle:1,scene_28_1,16972147258,Vehicle-SemiTruck-Trailer,176.50605544906034,-4.378009112526732,0.0,0,23
339,339:21,Vehicle:1,scene_28_1,16972147258,Vehicle-SemiTruck-Trailer,176.50605544906034,-4.378009112526732,0.5,1,23
339,339:22,Vehicle:11,scene_28_1,16972147258,Vehicle-SemiTruck-Cab,157.8187013597459,-4.713468812022295,0.0,3,5
339,339:22,Vehicle:11,scene_28_1,16972147258,Vehicle-SemiTruck-Cab,157.8187013597459,-4.713468812022295,0.5,6,5
339,339:23,Vehicle:12,scene_28_1,16972147258,Vehicle-Passenger,208.54736158095992,-8.461888853555468,0.0,0,13
339,339:23,Vehicle:12,scene_28_1,16972147258,Vehicle-Passenger,208.54736158095992,-8.461888853555468,0.5,0,15
339,339:24,Vehicle:17,scene_28_1,16972147258,Vehicle-Passenger,261.96232746451926,-178.79085717461487,0.0,1,8
339,339:24,Vehicle:17,scene_28_1,16972147258,Vehicle-Passenger,261.96232746451926,-178.79085717461487,0.5,4,8
339,339:25,Vehicle:2,scene_28_1,16972147258,Vehicle-SemiTruck-Trailer,147.17701921334418,-4.151854861893707,0.0,11,288
339,339:25,Vehicle:2,scene_28_1,16972147258,Vehicle-SemiTruck-Trailer,147.17701921334418,-4.151854861893707,0.5,17,346
339,339:26,Vehicle:27,scene_28_1,16972147258,Vehicle-Passenger,183.63828174105504,174.4204786441685,0.0,0,1
339,339:26,Vehicle:27,scene_28_1,16972147258,Vehicle-Passenger,183.63828174105504,174.4204786441685,0.5,0,2
339,339:27,Vehicle:28,scene_28_1,16972147258,Vehicle-Trailer,17.69739071897591,22.777597663054575,0.0,45,12362
339,339:27,Vehicle:28,scene_28_1,16972147258,Vehicle-Trailer,17.69739071897591,22.777597663054575,0.5,60,16651
339,339:28,Vehicle:3,scene_28_1,16972147258,Vehicle-SemiTruck-Cab,80.14806021827516,3.206065934216802,0.0,8,1
339,339:28,Vehicle:3,scene_28_1,16972147258,Vehicle-SemiTruck-Cab,80.14806021827516,3.206065934216802,0.5,15,26
339,339:29,Vehicle:4,scene_28_1,16972147258,Vehicle-SemiTruck-Trailer,68.81331300950698,4.416462869326382,0.0,34,2576
339,339:29,Vehicle:4,scene_28_1,16972147258,Vehicle-SemiTruck-Trailer,68.81331300950698,4.416462869326382,0.5,56,3278
339,339:30,Vehicle:40,scene_28_1,16972147258,Vehicle-Passenger,38.36436285140171,146.83077240093226,0.0,0,11
339,339:30,Vehicle:40,scene_28_1,16972147258,Vehicle-Passenger,38.36436285140171,146.83077240093226,0.5,0,12
339,339:31,Vehicle:41,scene_28_1,16972147258,Vehicle-Passenger,21.677533906086456,91.30239824823042,0.0,9,3346
339,339:31,Vehicle:41,scene_28_1,16972147258,Vehicle-Passenger,21.677533906086456,91.30239824823042,0.5,12,4556
339,339:32,Vehicle:5,scene_28_1,16972147258,Vehicle-Passenger,24.63246329176369,15.89833374678047,0.0,27,1029
339,339:32,Vehicle:5,scene_28_1,16972147258,Vehicle-Passenger,24.63246329176369,15.89833374678047,0.5,41,2494
339,339:33,Vehicle:53,scene_28_1,16972147258,Vehicle-Other,16.910011728443088,23.924649301596215,0.0,17,12537
339,339:33,Vehicle:53,scene_28_1,16972147258,Vehicle-Other,16.910011728443088,23.924649301596215,0.5,31,14278
339,339:36,Vehicle:8,scene_28_1,16972147258,Vehicle-Passenger,10.229039697206119,139.79380848461335,0.0,9,1276
339,339:36,Vehicle:8,scene_28_1,16972147258,Vehicle-Passenger,10.229039697206119,139.79380848461335,0.5,14,1521
339,339:37,Vehicle:39,scene_28_1,16972147258,Vehicle-SemiTruck-Cab,186.56799898136248,-5.323544696226809,0.0,5,0
339,339:37,Vehicle:39,scene_28_1,16972147258,Vehicle-SemiTruck-Cab,186.56799898136248,-5.323544696226809,0.5,12,0
349,349:0,RoadObstruction:10,scene_28_1,17472128983,RoadObstruction-Barrel,178.94383617898276,-176.1518044018363,0.0,0,10
349,349:0,RoadObstruction:10,scene_28_1,17472128983,RoadObstruction-Barrel,178.94383617898276,-176.1518044018363,0.5,1,13
349,349:1,RoadObstruction:11,scene_28_1,17472128983,RoadObstruction,159.03768624824122,-175.45084398309083,0.0,0,13
349,349:1,RoadObstruction:11,scene_28_1,17472128983,RoadObstruction,159.03768624824122,-175.45084398309083,0.5,1,33
349,349:2,RoadObstruction:12,scene_28_1,17472128983,RoadObstruction-Barrel,131.38960746879093,-175.13445496128895,0.0,0,15
349,349:2,RoadObstruction:12,scene_28_1,17472128983,RoadObstruction-Barrel,131.38960746879093,-175.13445496128895,0.5,1,15
349,349:3,RoadObstruction:13,scene_28_1,17472128983,RoadObstruction-Barrel,112.77168360831571,-174.5829780813606,0.0,0,27
349,349:3,RoadObstruction:13,scene_28_1,17472128983,RoadObstruction-Barrel,112.77168360831571,-174.5829780813606,0.5,2,40
349,349:4,RoadObstruction:14,scene_28_1,17472128983,RoadObstruction-Barrel,90.55261705128856,-173.7900271170393,0.0,0,84
349,349:4,RoadObstruction:14,scene_28_1,17472128983,RoadObstruction-Barrel,90.55261705128856,-173.7900271170393,0.5,2,110
349,349:5,RoadObstruction:15,scene_28_1,17472128983,RoadObstruction-Barrel,75.34327519463972,-173.13958441459357,0.0,0,103
349,349:5,RoadObstruction:15,scene_28_1,17472128983,RoadObstruction-Barrel,75.34327519463972,-173.13958441459357,0.5,2,120
349,349:6,RoadObstruction:16,scene_28_1,17472128983,RoadObstruction-Barrel,64.68957240682266,-172.6113612452715,0.0,0,84
349,349:6,RoadObstruction:16,scene_28_1,17472128983,RoadObstruction-Barrel,64.68957240682266,-172.6113612452715,0.5,4,100
349,349:7,RoadObstruction:17,scene_28_1,17472128983,RoadObstruction-Barrel,47.711942165631626,-170.61769369771542,0.0,0,54
349,349:7,RoadObstruction:17,scene_28_1,17472128983,RoadObstruction-Barrel,47.711942165631626,-170.61769369771542,0.5,1,63
349,349:8,RoadObstruction:18,scene_28_1,17472128983,RoadObstruction-Barrel,33.200686793187145,-168.10554425421753,0.0,0,52
349,349:8,RoadObstruction:18,scene_28_1,17472128983,RoadObstruction-Barrel,33.200686793187145,-168.10554425421753,0.5,1,52
349,349:9,RoadObstruction:19,scene_28_1,17472128983,RoadObstruction-Barrel,14.76310658959843,-163.04507370008946,0.0,0,141
349,349:9,RoadObstruction:19,scene_28_1,17472128983,RoadObstruction-Barrel,14.76310658959843,-163.04507370008946,0.5,0,223
349,349:10,RoadObstruction:20,scene_28_1,17472128983,RoadObstruction-Barrel,4.0667924260772725,-74.11208088351323,0.0,0,171
349,349:10,RoadObstruction:20,scene_28_1,17472128983,RoadObstruction-Barrel,4.0667924260772725,-74.11208088351323,0.5,0,1865
349,349:11,RoadObstruction:21,scene_28_1,17472128983,RoadObstruction-Barrel,26.14990184218925,-9.430791679327106,0.0,2,369
349,349:11,RoadObstruction:21,scene_28_1,17472128983,RoadObstruction-Barrel,26.14990184218925,-9.430791679327106,0.5,6,807
349,349:12,RoadObstruction:22,scene_28_1,17472128983,RoadObstruction-Barrel,61.750253822248276,-5.905388851434981,0.0,0,192
349,349:12,RoadObstruction:22,scene_28_1,17472128983,RoadObstruction-Barrel,61.750253822248276,-5.905388851434981,0.5,5,310
349,349:13,RoadObstruction:23,scene_28_1,17472128983,RoadObstruction-Barrel,109.70028196567867,-6.4932507890175195,0.0,0,72
349,349:13,RoadObstruction:23,scene_28_1,17472128983,RoadObstruction-Barrel,109.70028196567867,-6.4932507890175195,0.5,2,74
349,349:14,RoadObstruction:7,scene_28_1,17472128983,RoadObstruction,242.63095046945836,-176.44658242861948,0.0,0,0
349,349:14,RoadObstruction:7,scene_28_1,17472128983,RoadObstruction,242.63095046945836,-176.44658242861948,0.5,0,5
349,349:15,TrafficSign:1,scene_28_1,17472128983,TrafficSign,220.08158173847454,-176.0536737987762,0.0,0,1
349,349:15,TrafficSign:1,scene_28_1,17472128983,TrafficSign,220.08158173847454,-176.0536737987762,0.5,0,25
349,349:16,TrafficSign:2,scene_28_1,17472128983,TrafficSign,90.00518070072647,-173.03633161976776,0.0,0,135
349,349:16,TrafficSign:2,scene_28_1,17472128983,TrafficSign,90.00518070072647,-173.03633161976776,0.5,0,457
349,349:17,TrafficSign:3,scene_28_1,17472128983,TrafficSign,113.44767729897367,170.43646282023752,0.0,0,461
349,349:17,TrafficSign:3,scene_28_1,17472128983,TrafficSign,113.44767729897367,170.43646282023752,0.5,1,1242
349,349:18,TrafficSign:5,scene_28_1,17472128983,TrafficSign,182.37451126053247,172.40998382802454,0.0,0,8
349,349:18,TrafficSign:5,scene_28_1,17472128983,TrafficSign,182.37451126053247,172.40998382802454,0.5,0,44
349,349:19,Vehicle:1,scene_28_1,17472128983,Vehicle-SemiTruck-Trailer,175.22363405401038,-5.0651758925961285,0.0,1,45
349,349:19,Vehicle:1,scene_28_1,17472128983,Vehicle-SemiTruck-Trailer,175.22363405401038,-5.0651758925961285,0.5,2,54
349,349:20,Vehicle:11,scene_28_1,17472128983,Vehicle-SemiTruck-Cab,155.3457678878583,-5.33734998957222,0.0,10,3
349,349:20,Vehicle:11,scene_28_1,17472128983,Vehicle-SemiTruck-Cab,155.3457678878583,-5.33734998957222,0.5,11,3
349,349:21,Vehicle:12,scene_28_1,17472128983,Vehicle-Passenger,205.15603714254644,-9.100189382835563,0.0,0,15
349,349:21,Vehicle:12,scene_28_1,17472128983,Vehicle-Passenger,205.15603714254644,-9.100189382835563,0.5,2,15
349,349:22,Vehicle:17,scene_28_1,17472128983,Vehicle-Passenger,262.56512626299957,-178.4441139464543,0.0,2,3
349,349:22,Vehicle:17,scene_28_1,17472128983,Vehicle-Passenger,262.56512626299957,-178.4441139464543,0.5,2,6
349,349:23,Vehicle:2,scene_28_1,17472128983,Vehicle-SemiTruck-Trailer,144.70086892686598,-4.778455908765402,0.0,12,317
349,349:23,Vehicle:2,scene_28_1,17472128983,Vehicle-SemiTruck-Trailer,144.70086892686598,-4.778455908765402,0.5,17,362
349,349:24,Vehicle:28,scene_28_1,17472128983,Vehicle-Trailer,19.3960459429815,20.583891119555098,0.0,43,11024
349,349:24,Vehicle:28,scene_28_1,17472128983,Vehicle-Trailer,19.3960459429815,20.583891119555098,0.5,51,14462
349,349:25,Vehicle:39,scene_28_1,17472128983,Vehicle-SemiTruck-Cab,185.53233428050916,-5.675160294512047,0.0,6,9
349,349:25,Vehicle:39,scene_28_1,17472128983,Vehicle-SemiTruck-Cab,185.53233428050916,-5.675160294512047,0.5,8,11
349,349:26,Vehicle:4,scene_28_1,17472128983,Vehicle-SemiTruck-Trailer,70.83903864556225,3.7064868074870776,0.0,31,1004
349,349:26,Vehicle:4,scene_28_1,17472128983,Vehicle-SemiTruck-Trailer,70.83903864556225,3.7064868074870776,0.5,57,1554
349,349:27,Vehicle:40,scene_28_1,17472128983,Vehicle-Passenger,66.76975858834012,162.30505182612035,0.0,0,4
349,349:27,Vehicle:40,scene_28_1,17472128983,Vehicle-Passenger,66.76975858834012,162.30505182612035,0.5,1,5
349,349:28,Vehicle:41,scene_28_1,17472128983,Vehicle-Passenger,38.62051015913,146.4460854821904,0.0,2,43
349,349:28,Vehicle:41,scene_28_1,17472128983,Vehicle-Passenger,38.62051015913,146.4460854821904,0.5,5,55
349,349:29,Vehicle:5,scene_28_1,17472128983,Vehicle-Passenger,26.384736304586077,14.623760129853144,0.0,18,819
349,349:29,Vehicle:5,scene_28_1,17472128983,Vehicle-Passenger,26.384736304586077,14.623760129853144,0.5,22,2320
349,349:30,Vehicle:53,scene_28_1,17472128983,Vehicle-Other,18.59056405473214,21.521675328565923,0.0,21,11165
349,349:30,Vehicle:53,scene_28_1,17472128983,Vehicle-Other,18.59056405473214,21.521675328565923,0.5,34,12765
349,349:33,Vehicle:8,scene_28_1,17472128983,Vehicle-Passenger,8.812972965088665,129.00044327805537,0.0,7,1576
349,349:33,Vehicle:8,scene_28_1,17472128983,Vehicle-Passenger,8.812972965088665,129.00044327805537,0.5,11,1954
349,349:34,Vehicle:3,scene_28_1,17472128983,Vehicle-SemiTruck-Cab,82.18804861403926,2.532358627832063,0.0,9,0
349,349:34,Vehicle:3,scene_28_1,17472128983,Vehicle-SemiTruck-Cab,82.18804861403926,2.532358627832063,0.5,20,11
359,359:0,RoadObstruction:10,scene_28_1,17972100533,RoadObstruction-Barrel,193.25043957836792,-175.71306622640026,0.0,0,20
359,359:0,RoadObstruction:10,scene_28_1,17972100533,RoadObstruction-Barrel,193.25043957836792,-175.71306622640026,0.5,1,23
359,359:1,RoadObstruction:11,scene_28_1,17972100533,RoadObstruction,173.25678894037395,-175.09110588499826,0.0,0,15
359,359:1,RoadObstruction:11,scene_28_1,17972100533,RoadObstruction,173.25678894037395,-175.09110588499826,0.5,0,27
359,359:2,RoadObstruction:12,scene_28_1,17972100533,RoadObstruction-Barrel,145.76332438743947,-174.88710259135183,0.0,1,31
359,359:2,RoadObstruction:12,scene_28_1,17972100533,RoadObstruction-Barrel,145.76332438743947,-174.88710259135183,0.5,3,46
359,359:3,RoadObstruction:13,scene_28_1,17972100533,RoadObstruction-Barrel,127.1145211982327,-174.43876905067688,0.0,0,19
359,359:3,RoadObstruction:13,scene_28_1,17972100533,RoadObstruction-Barrel,127.1145211982327,-174.43876905067688,0.5,2,45
359,359:4,RoadObstruction:14,scene_28_1,17972100533,RoadObstruction-Barrel,104.82836883304147,-173.92699269827932,0.0,0,33
359,359:4,RoadObstruction:14,scene_28_1,17972100533,RoadObstruction-Barrel,104.82836883304147,-173.92699269827932,0.5,2,52
359,359:5,RoadObstruction:15,scene_28_1,17972100533,RoadObstruction-Barrel,89.57533107829748,-173.53232773235516,0.0,0,21
359,359:5,RoadObstruction:15,scene_28_1,17972100533,RoadObstruction-Barrel,89.57533107829748,-173.53232773235516,0.5,2,33
359,359:6,RoadObstruction:16,scene_28_1,17972100533,RoadObstruction-Barrel,78.85742493365157,-173.2206499374017,0.0,1,86
359,359:6,RoadObstruction:16,scene_28_1,17972100533,RoadObstruction-Barrel,78.85742493365157,-173.2206499374017,0.5,1,132
359,359:7,RoadObstruction:17,scene_28_1,17972100533,RoadObstruction-Barrel,61.845508465217975,-172.05519138204514,0.0,1,104
359,359:7,RoadObstruction:17,scene_28_1,17972100533,RoadObstruction-Barrel,61.845508465217975,-172.05519138204514,0.5,2,116
359,359:8,RoadObstruction:18,scene_28_1,17972100533,RoadObstruction-Barrel,47.262130459437664,-170.99075874308832,0.0,1,13
359,359:8,RoadObstruction:18,scene_28_1,17972100533,RoadObstruction-Barrel,47.262130459437664,-170.99075874308832,0.5,1,15
359,359:9,RoadObstruction:19,scene_28_1,17972100533,RoadObstruction-Barrel,28.755410007188246,-170.7215332057695,0.0,0,156
359,359:9,RoadObstruction:19,scene_28_1,17972100533,RoadObstruction-Barrel,28.755410007188246,-170.7215332057695,0.5,0,227
359,359:10,RoadObstruction:20,scene_28_1,17972100533,RoadObstruction-Barrel,13.705687040482402,-163.0185753112611,0.0,0,204
359,359:10,RoadObstruction:20,scene_28_1,17972100533,RoadObstruction-Barrel,13.705687040482402,-163.0185753112611,0.5,0,364
359,359:11,RoadObstruction:21,scene_28_1,17972100533,RoadObstruction-Barrel,12.220357451731479,-19.034854098177775,0.0,2,4
359,359:11,RoadObstruction:21,scene_28_1,17972100533,RoadObstruction-Barrel,12.220357451731479,-19.034854098177775,0.5,8,287
359,359:12,RoadObstruction:22,scene_28_1,17972100533,RoadObstruction-Barrel,47.56167504983205,-6.753555841741274,0.0,0,209
359,359:12,RoadObstruction:22,scene_28_1,17972100533,RoadObstruction-Barrel,47.56167504983205,-6.753555841741274,0.5,8,471
359,359:13,RoadObstruction:23,scene_28_1,17972100533,RoadObstruction-Barrel,95.41735171272612,-6.625041844265022,0.0,0,129
359,359:13,RoadObstruction:23,scene_28_1,17972100533,RoadObstruction-Barrel,95.41735171272612,-6.625041844265022,0.5,0,166
359,359:14,RoadObstruction:24,scene_28_1,17972100533,RoadObstruction-Barrel,144.74641574224324,-8.221019512328038,0.0,0,8
359,359:14,RoadObstruction:24,scene_28_1,17972100533,RoadObstruction-Barrel,144.74641574224324,-8.221019512328038,0.5,0,8
359,359:15,TrafficSign:1,scene_28_1,17972100533,TrafficSign,234.37221198646074,-175.53999063342118,0.0,0,0
359,359:15,TrafficSign:1,scene_28_1,17972100533,TrafficSign,234.37221198646074,-175.53999063342118,0.5,0,24
359,359:16,TrafficSign:2,scene_28_1,17972100533,TrafficSign,104.24369961151137,-173.27079080738724,0.0,0,110
359,359:16,TrafficSign:2,scene_28_1,17972100533,TrafficSign,104.24369961151137,-173.27079080738724,0.5,0,385
359,359:17,TrafficSign:3,scene_28_1,17972100533,TrafficSign,127.62218211415689,172.1492496700402,0.0,0,350
359,359:17,TrafficSign:3,scene_28_1,17972100533,TrafficSign,127.62218211415689,172.1492496700402,0.5,0,1046
359,359:18,TrafficSign:5,scene_28_1,17972100533,TrafficSign,196.60574823723454,173.62871280482395,0.0,0,9
359,359:18,TrafficSign:5,scene_28_1,17972100533,TrafficSign,196.60574823723454,173.62871280482395,0.5,0,36
359,359:19,Vehicle:1,scene_28_1,17972100533,Vehicle-SemiTruck-Trailer,173.92064457442865,-5.566536073836578,0.0,2,10
359,359:19,Vehicle:1,scene_28_1,17972100533,Vehicle-SemiTruck-Trailer,173.92064457442865,-5.566536073836578,0.5,4,10
359,359:20,Vehicle:12,scene_28_1,17972100533,Vehicle-Passenger,201.91332212775274,-9.504292890204987,0.0,0,25
359,359:20,Vehicle:12,scene_28_1,17972100533,Vehicle-Passenger,201.91332212775274,-9.504292890204987,0.5,0,25
359,359:21,Vehicle:17,scene_28_1,17972100533,Vehicle-Passenger,263.15587376965533,-177.82010567269234,0.0,0,1
359,359:21,Vehicle:17,scene_28_1,17972100533,Vehicle-Passenger,263.15587376965533,-177.82010567269234,0.5,1,8
359,359:22,Vehicle:2,scene_28_1,17972100533,Vehicle-SemiTruck-Trailer,142.17481402474573,-5.193837373050686,0.0,6,324
359,359:22,Vehicle:2,scene_28_1,17972100533,Vehicle-SemiTruck-Trailer,142.17481402474573,-5.193837373050686,0.5,10,351
359,359:23,Vehicle:28,scene_28_1,17972100533,Vehicle-Trailer,21.009153191733677,18.6238686090955,0.0,37,9251
359,359:23,Vehicle:28,scene_28_1,17972100533,Vehicle-Trailer,21.009153191733677,18.6238686090955,0.5,51,11656
359,359:24,Vehicle:3,scene_28_1,17972100533,Vehicle-SemiTruck-Cab,84.09834397194842,1.8952704628124357,0.0,7,0
359,359:24,Vehicle:3,scene_28_1,17972100533,Vehicle-SemiTruck-Cab,84.09834397194842,1.8952704628124357,0.5,13,22
359,359:25,Vehicle:4,scene_28_1,17972100533,Vehicle-SemiTruck-Trailer,72.769968444296,3.063177360945631,0.0,33,1734
359,359:25,Vehicle:4,scene_28_1,17972100533,Vehicle-SemiTruck-Trailer,72.769968444296,3.063177360945631,0.5,60,2471
359,359:26,Vehicle:40,scene_28_1,17972100533,Vehicle-Passenger,96.60447427783258,168.8784118470948,0.0,0,3
359,359:26,Vehicle:40,scene_28_1,17972100533,Vehicle-Passenger,96.60447427783258,168.8784118470948,0.5,2,5
359,359:27,Vehicle:41,scene_28_1,17972100533,Vehicle-Passenger,66.62770549983331,162.2608774453979,0.0,2,7
359,359:27,Vehicle:41,scene_28_1,17972100533,Vehicle-Passenger,66.62770549983331,162.2608774453979,0.5,4,7
359,359:28,Vehicle:5,scene_28_1,17972100533,Vehicle-Passenger,28.050367894406005,13.46572493227161,0.0,22,1667
359,359:28,Vehicle:5,scene_28_1,17972100533,Vehicle-Passenger,28.050367894406005,13.46572493227161,0.5,37,2848
359,359:29,Vehicle:53,scene_28_1,17972100533,Vehicle-Other,20.181875216087057,19.411647813371303,0.0,14,8709
359,359:29,Vehicle:53,scene_28_1,17972100533,Vehicle-Other,20.181875216087057,19.411647813371303,0.5,30,10043
359,359:32,Vehicle:8,scene_28_1,17972100533,Vehicle-Passenger,7.811804645967033,114.14697537820004,0.0,6,1803
359,359:32,Vehicle:8,scene_28_1,17972100533,Vehicle-Passenger,7.811804645967033,114.14697537820004,0.5,9,2498
359,359:33,Vehicle:11,scene_28_1,17972100533,Vehicle-SemiTruck-Cab,152.80888612321513,-5.777597332083316,0.0,8,0
359,359:33,Vehicle:11,scene_28_1,17972100533,Vehicle-SemiTruck-Cab,152.80888612321513,-5.777597332083316,0.5,10,0
359,359:34,Vehicle:39,scene_28_1,17972100533,Vehicle-SemiTruck-Cab,184.25247295375092,-6.152681638061257,0.0,4,0
359,359:34,Vehicle:39,scene_28_1,17972100533,Vehicle-SemiTruck-Cab,184.25247295375092,-6.152681638061257,0.5,7,0
369,369:0,RoadObstruction:10,scene_28_1,18472082308,RoadObstruction,207.52263678702684,-174.8802913702152,0.0,0,2
369,369:0,RoadObstruction:10,scene_28_1,18472082308,RoadObstruction,207.52263678702684,-174.8802913702152,0.5,0,5
369,369:1,RoadObstruction:11,scene_28_1,18472082308,RoadObstruction,187.56532526990733,-174.32692108226334,0.0,0,5
369,369:1,RoadObstruction:11,scene_28_1,18472082308,RoadObstruction,187.56532526990733,-174.32692108226334,0.5,0,12
369,369:2,RoadObstruction:12,scene_28_1,18472082308,RoadObstruction-Barrel,160.01660936584307,-174.2393160708127,0.0,0,15
369,369:2,RoadObstruction:12,scene_28_1,18472082308,RoadObstruction-Barrel,160.01660936584307,-174.2393160708127,0.5,2,21
369,369:3,RoadObstruction:13,scene_28_1,18472082308,RoadObstruction-Barrel,141.42504188243777,-173.91567984454204,0.0,1,15
369,369:3,RoadObstruction:13,scene_28_1,18472082308,RoadObstruction-Barrel,141.42504188243777,-173.91567984454204,0.5,3,27
369,369:4,RoadObstruction:14,scene_28_1,18472082308,RoadObstruction-Barrel,119.13030116007567,-173.58815974861378,0.0,0,37
369,369:4,RoadObstruction:14,scene_28_1,18472082308,RoadObstruction-Barrel,119.13030116007567,-173.58815974861378,0.5,1,52
369,369:5,RoadObstruction:15,scene_28_1,18472082308,RoadObstruction-Barrel,103.7787961950105,-173.38981361366842,0.0,0,9
369,369:5,RoadObstruction:15,scene_28_1,18472082308,RoadObstruction-Barrel,103.7787961950105,-173.38981361366842,0.5,2,12
369,369:6,RoadObstruction:16,scene_28_1,18472082308,RoadObstruction-Barrel,93.0629276208385,-173.19656110310586,0.0,0,65
369,369:6,RoadObstruction:16,scene_28_1,18472082308,RoadObstruction-Barrel,93.0629276208385,-173.19656110310586,0.5,3,93
369,369:7,RoadObstruction:17,scene_28_1,18472082308,RoadObstruction-Barrel,76.0478592436113,-172.47191888917615,0.0,1,49
369,369:7,RoadObstruction:17,scene_28_1,18472082308,RoadObstruction-Barrel,76.0478592436113,-172.47191888917615,0.5,4,61
369,369:8,RoadObstruction:18,scene_28_1,18472082308,RoadObstruction-Barrel,61.348304302949856,-172.04751254195506,0.0,1,32
369,369:8,RoadObstruction:18,scene_28_1,18472082308,RoadObstruction-Barrel,61.348304302949856,-172.04751254195506,0.5,1,41
369,369:9,RoadObstruction:19,scene_28_1,18472082308,RoadObstruction-Barrel,42.91883332906821,-172.77423240638382,0.0,1,65
369,369:9,RoadObstruction:19,scene_28_1,18472082308,RoadObstruction-Barrel,42.91883332906821,-172.77423240638382,0.5,3,78
369,369:10,RoadObstruction:20,scene_28_1,18472082308,RoadObstruction-Barrel,27.697431419823598,-170.7479783903098,0.0,0,205
369,369:10,RoadObstruction:20,scene_28_1,18472082308,RoadObstruction-Barrel,27.697431419823598,-170.7479783903098,0.5,1,232
369,369:11,RoadObstruction:21,scene_28_1,18472082308,RoadObstruction-Barrel,4.709231572264038,-124.08225872534177,0.0,0,70
369,369:11,RoadObstruction:21,scene_28_1,18472082308,RoadObstruction-Barrel,4.709231572264038,-124.08225872534177,0.5,0,664
369,369:12,RoadObstruction:22,scene_28_1,18472082308,RoadObstruction-Barrel,33.36736311232525,-8.144425620270217,0.0,1,437
369,369:12,RoadObstruction:22,scene_28_1,18472082308,RoadObstruction-Barrel,33.36736311232525,-8.144425620270217,0.5,6,1213
369,369:13,RoadObstruction:23,scene_28_1,18472082308,RoadObstruction-Barrel,81.19169902726351,-6.548739686281288,0.0,0,132
369,369:13,RoadObstruction:23,scene_28_1,18472082308,RoadObstruction-Barrel,81.19169902726351,-6.548739686281288,0.5,3,161
369,369:14,RoadObstruction:24,scene_28_1,18472082308,RoadObstruction-Barrel,130.47906418949944,-7.9316777230504085,0.0,0,0
369,369:14,RoadObstruction:24,scene_28_1,18472082308,RoadObstruction-Barrel,130.47906418949944,-7.9316777230504085,0.5,0,7
369,369:15,TrafficSign:1,scene_28_1,18472082308,TrafficSign,248.62343818733174,-174.7122410727508,0.0,0,20
369,369:15,TrafficSign:1,scene_28_1,18472082308,TrafficSign,248.62343818733174,-174.7122410727508,0.5,0,75
369,369:16,TrafficSign:2,scene_28_1,18472082308,TrafficSign,118.48028806818625,-173.00879186036303,0.0,0,79
369,369:16,TrafficSign:2,scene_28_1,18472082308,TrafficSign,118.48028806818625,-173.00879186036303,0.5,2,351
369,369:17,TrafficSign:3,scene_28_1,18472082308,TrafficSign,141.87144186052498,173.92930962308637,0.0,0,303
369,369:17,TrafficSign:3,scene_28_1,18472082308,TrafficSign,141.87144186052498,173.92930962308637,0.5,1,797
369,369:18,TrafficSign:5,scene_28_1,18472082308,TrafficSign,210.92465120451934,175.0926663123304,0.0,0,9
369,369:18,TrafficSign:5,scene_28_1,18472082308,TrafficSign,210.92465120451934,175.0926663123304,0.5,0,36
369,369:19,Vehicle:1,scene_28_1,18472082308,Vehicle-SemiTruck-Trailer,172.6660809014877,-5.725881556219693,0.0,4,35
369,369:19,Vehicle:1,scene_28_1,18472082308,Vehicle-SemiTruck-Trailer,172.6660809014877,-5.725881556219693,0.5,5,35
369,369:20,Vehicle:11,scene_28_1,18472082308,Vehicle-SemiTruck-Cab,150.28445056882035,-5.916262379473741,0.0,11,6
369,369:20,Vehicle:11,scene_28_1,18472082308,Vehicle-SemiTruck-Cab,150.28445056882035,-5.916262379473741,0.5,13,6
369,369:21,Vehicle:12,scene_28_1,18472082308,Vehicle-Passenger,198.75333675562098,-9.591092552004378,0.0,0,43
369,369:21,Vehicle:12,scene_28_1,18472082308,Vehicle-Passenger,198.75333675562098,-9.591092552004378,0.5,2,45
369,369:22,Vehicle:17,scene_28_1,18472082308,Vehicle-Passenger,263.6475475591669,-176.87767778127687,0.0,0,1
369,369:22,Vehicle:17,scene_28_1,18472082308,Vehicle-Passenger,263.6475475591669,-176.87767778127687,0.5,1,1
369,369:23,Vehicle:2,scene_28_1,18472082308,Vehicle-SemiTruck-Trailer,139.66297551511192,-5.301504207664561,0.0,7,352
369,369:23,Vehicle:2,scene_28_1,18472082308,Vehicle-SemiTruck-Trailer,139.66297551511192,-5.301504207664561,0.5,18,383
369,369:24,Vehicle:28,scene_28_1,18472082308,Vehicle-Trailer,22.537671831456297,17.13082213670457,0.0,39,8145
369,369:24,Vehicle:28,scene_28_1,18472082308,Vehicle-Trailer,22.537671831456297,17.13082213670457,0.5,46,10958
369,369:25,Vehicle:3,scene_28_1,18472082308,Vehicle-SemiTruck-Cab,85.85416173853174,1.473067870524381,0.0,12,0
369,369:25,Vehicle:3,scene_28_1,18472082308,Vehicle-SemiTruck-Cab,85.85416173853174,1.473067870524381,0.5,17,17
369,369:26,Vehicle:4,scene_28_1,18472082308,Vehicle-SemiTruck-Trailer,74.53659083944713,2.6560255640940094,0.0,22,4266
369,369:26,Vehicle:4,scene_28_1,18472082308,Vehicle-SemiTruck-Trailer,74.53659083944713,2.6560255640940094,0.5,42,5183
369,369:27,Vehicle:40,scene_28_1,18472082308,Vehicle-Passenger,126.89216347307585,172.86317982844218,0.0,0,0
369,369:27,Vehicle:40,scene_28_1,18472082308,Vehicle-Passenger,126.89216347307585,172.86317982844218,0.5,0,1
369,369:28,Vehicle:41,scene_28_1,18472082308,Vehicle-Passenger,96.5943309209265,169.25404162433452,0.0,1,4
369,369:28,Vehicle:41,scene_28_1,18472082308,Vehicle-Passenger,96.5943309209265,169.25404162433452,0.5,1,4
369,369:29,Vehicle:5,scene_28_1,18472082308,Vehicle-Passenger,29.626777527095424,12.615343356122699,0.0,25,830
369,369:29,Vehicle:5,scene_28_1,18472082308,Vehicle-Passenger,29.626777527095424,12.615343356122699,0.5,32,2235
369,369:30,Vehicle:53,scene_28_1,18472082308,Vehicle-Other,21.715787852832012,17.829413486098794,0.0,17,8597
369,369:30,Vehicle:53,scene_28_1,18472082308,Vehicle-Other,21.715787852832012,17.829413486098794,0.5,39,9859
369,369:33,Vehicle:8,scene_28_1,18472082308,Vehicle-Passenger,7.489537809000012,98.11228417343558,0.0,0,1810
369,369:33,Vehicle:8,scene_28_1,18472082308,Vehicle-Passenger,7.489537809000012,98.11228417343558,0.5,5,2837
369,369:34,Vehicle:39,scene_28_1,18472082308,Vehicle-SemiTruck-Cab,183.09296223167163,-6.299421610890139,0.0,7,0
369,369:34,Vehicle:39,scene_28_1,18472082308,Vehicle-SemiTruck-Cab,183.09296223167163,-6.299421610890139,0.5,10,8
379,379:0,RoadObstruction:10,scene_28_1,18972053933,RoadObstruction,221.76598169851005,-173.7440409186755,0.0,0,1
379,379:0,RoadObstruction:10,scene_28_1,18972053933,RoadObstruction,221.76598169851005,-173.7440409186755,0.5,0,5
379,379:1,RoadObstruction:11,scene_28_1,18972053933,RoadObstruction,202.00654830833878,-173.26650411247547,0.0,0,2
379,379:1,RoadObstruction:11,scene_28_1,18972053933,RoadObstruction,202.00654830833878,-173.26650411247547,0.5,0,9
379,379:2,RoadObstruction:12,scene_28_1,18972053933,RoadObstruction-Barrel,174.11209532723302,-173.29487237047533,0.0,0,14
379,379:2,RoadObstruction:12,scene_28_1,18972053933,RoadObstruction-Barrel,174.11209532723302,-173.29487237047533,0.5,1,14
379,379:3,RoadObstruction:13,scene_28_1,18972053933,RoadObstruction-Barrel,155.66282496895568,-173.08996780059744,0.0,0,6
379,379:3,RoadObstruction:13,scene_28_1,18972053933,RoadObstruction-Barrel,155.66282496895568,-173.08996780059744,0.5,1,13
379,379:4,RoadObstruction:14,scene_28_1,18972053933,RoadObstruction-Barrel,133.42013872837316,-172.84433415888006,0.0,0,2
379,379:4,RoadObstruction:14,scene_28_1,18972053933,RoadObstruction-Barrel,133.42013872837316,-172.84433415888006,0.5,0,6
379,379:5,RoadObstruction:15,scene_28_1,18972053933,RoadObstruction-Barrel,118.03331895164528,-172.81551835842225,0.0,1,9
379,379:5,RoadObstruction:15,scene_28_1,18972053933,RoadObstruction-Barrel,118.03331895164528,-172.81551835842225,0.5,2,26
379,379:6,RoadObstruction:16,scene_28_1,18972053933,RoadObstruction-Barrel,107.27588817020023,-172.74210370115722,0.0,1,39
379,379:6,RoadObstruction:16,scene_28_1,18972053933,RoadObstruction-Barrel,107.27588817020023,-172.74210370115722,0.5,1,50
379,379:7,RoadObstruction:17,scene_28_1,18972053933,RoadObstruction-Barrel,90.27031034091587,-172.33663051086648,0.0,0,46
379,379:7,RoadObstruction:17,scene_28_1,18972053933,RoadObstruction-Barrel,90.27031034091587,-172.33663051086648,0.5,0,77
379,379:8,RoadObstruction:18,scene_28_1,18972053933,RoadObstruction-Barrel,75.47163362883718,-172.21388318326336,0.0,1,59
379,379:8,RoadObstruction:18,scene_28_1,18972053933,RoadObstruction-Barrel,75.47163362883718,-172.21388318326336,0.5,2,86
379,379:9,RoadObstruction:19,scene_28_1,18972053933,RoadObstruction-Barrel,57.11157293632609,-173.21385418522044,0.0,0,97
379,379:9,RoadObstruction:19,scene_28_1,18972053933,RoadObstruction-Barrel,57.11157293632609,-173.21385418522044,0.5,2,135
379,379:10,RoadObstruction:20,scene_28_1,18972053933,RoadObstruction-Barrel,41.8366855469727,-172.55828088216364,0.0,0,90
379,379:10,RoadObstruction:20,scene_28_1,18972053933,RoadObstruction-Barrel,41.8366855469727,-172.55828088216364,0.5,3,106
379,379:11,RoadObstruction:21,scene_28_1,18972053933,RoadObstruction-Barrel,17.32920577085624,-165.98443274620348,0.0,0,171
379,379:11,RoadObstruction:21,scene_28_1,18972053933,RoadObstruction-Barrel,17.32920577085624,-165.98443274620348,0.5,1,268
379,379:12,RoadObstruction:22,scene_28_1,18972053933,RoadObstruction-Barrel,19.25223268266871,-12.097301125872248,0.0,2,531
379,379:12,RoadObstruction:22,scene_28_1,18972053933,RoadObstruction-Barrel,19.25223268266871,-12.097301125872248,0.5,4,1241
379,379:13,RoadObstruction:23,scene_28_1,18972053933,RoadObstruction-Barrel,67.01998607219092,-6.360789972496607,0.0,1,202
379,379:13,RoadObstruction:23,scene_28_1,18972053933,RoadObstruction-Barrel,67.01998607219092,-6.360789972496607,0.5,3,289
379,379:14,RoadObstruction:24,scene_28_1,18972053933,RoadObstruction-Barrel,116.22359910026985,-7.380736647362321,0.0,0,17
379,379:14,RoadObstruction:24,scene_28_1,18972053933,RoadObstruction-Barrel,116.22359910026985,-7.380736647362321,0.5,0,44
379,379:15,RoadObstruction:25,scene_28_1,18972053933,RoadObstruction-Barrel,139.0977319774881,-8.286781771458383,0.0,0,6
379,379:15,RoadObstruction:25,scene_28_1,18972053933,RoadObstruction-Barrel,139.0977319774881,-8.286781771458383,0.5,0,6
379,379:16,TrafficSign:1,scene_28_1,18972053933,TrafficSign,262.9030635227057,-173.6191958816291,0.0,0,7
379,379:16,TrafficSign:1,scene_28_1,18972053933,TrafficSign,262.9030635227057,-173.6191958816291,0.5,0,64
379,379:17,TrafficSign:2,scene_28_1,18972053933,TrafficSign,132.7016431848658,-172.38800377868375,0.0,0,89
379,379:17,TrafficSign:2,scene_28_1,18972053933,TrafficSign,132.7016431848658,-172.38800377868375,0.5,1,268
379,379:18,TrafficSign:3,scene_28_1,18972053933,TrafficSign,156.1634167446178,175.76195266353645,0.0,0,259
379,379:18,TrafficSign:3,scene_28_1,18972053933,TrafficSign,156.1634167446178,175.76195266353645,0.5,2,581
379,379:19,TrafficSign:5,scene_28_1,18972053933,TrafficSign,225.36233931903607,176.74810297748738,0.0,0,14
379,379:19,TrafficSign:5,scene_28_1,18972053933,TrafficSign,225.36233931903607,176.74810297748738,0.5,0,33
379,379:20,Vehicle:1,scene_28_1,18972053933,Vehicle-SemiTruck-Trailer,171.4300131705864,-5.600935284601916,0.0,4,28
379,379:20,Vehicle:1,scene_28_1,18972053933,Vehicle-SemiTruck-Trailer,171.4300131705864,-5.600935284601916,0.5,6,28
379,379:21,Vehicle:11,scene_28_1,18972053933,Vehicle-SemiTruck-Cab,147.84398735180793,-5.749614525461512,0.0,6,3
379,379:21,Vehicle:11,scene_28_1,18972053933,Vehicle-SemiTruck-Cab,147.84398735180793,-5.749614525461512,0.5,8,3
379,379:22,Vehicle:12,scene_28_1,18972053933,Vehicle-Passenger,195.6060727127137,-9.429138462219832,0.0,0,119
379,379:22,Vehicle:12,scene_28_1,18972053933,Vehicle-Passenger,195.6060727127137,-9.429138462219832,0.5,3,125
379,379:23,Vehicle:17,scene_28_1,18972053933,Vehicle-Passenger,264.1129026688672,-175.66633043270315,0.0,0,6
379,379:23,Vehicle:17,scene_28_1,18972053933,Vehicle-Passenger,264.1129026688672,-175.66633043270315,0.5,2,9
379,379:24,Vehicle:2,scene_28_1,18972053933,Vehicle-SemiTruck-Trailer,137.21828448879862,-5.117954475371944,0.0,8,394
379,379:24,Vehicle:2,scene_28_1,18972053933,Vehicle-SemiTruck-Trailer,137.21828448879862,-5.117954475371944,0.5,17,416
379,379:25,Vehicle:28,scene_28_1,18972053933,Vehicle-Trailer,23.93531407816703,16.209370651287724,0.0,35,7695
379,379:25,Vehicle:28,scene_28_1,18972053933,Vehicle-Trailer,23.93531407816703,16.209370651287724,0.5,50,10106
379,379:26,Vehicle:3,scene_28_1,18972053933,Vehicle-SemiTruck-Cab,87.37665910628951,1.3323906344683434,0.0,12,7
379,379:26,Vehicle:3,scene_28_1,18972053933,Vehicle-SemiTruck-Cab,87.37665910628951,1.3323906344683434,0.5,20,20
379,379:27,Vehicle:39,scene_28_1,18972053933,Vehicle-SemiTruck-Cab,181.90013061872196,-6.18290972659979,0.0,7,19
379,379:27,Vehicle:39,scene_28_1,18972053933,Vehicle-SemiTruck-Cab,181.90013061872196,-6.18290972659979,0.5,8,21
379,379:28,Vehicle:4,scene_28_1,18972053933,Vehicle-SemiTruck-Trailer,76.0646171209991,2.5115194148383773,0.0,24,1573
379,379:28,Vehicle:4,scene_28_1,18972053933,Vehicle-SemiTruck-Trailer,76.0646171209991,2.5115194148383773,0.5,45,1946
379,379:29,Vehicle:41,scene_28_1,18972053933,Vehicle-Passenger,127.89710850804518,173.7283267461421,0.0,0,4
379,379:29,Vehicle:41,scene_28_1,18972053933,Vehicle-Passenger,127.89710850804518,173.7283267461421,0.5,0,4
379,379:30,Vehicle:47,scene_28_1,18972053933,Vehicle-SemiTruck-Cab,112.60253570154885,6.73827003568261,0.0,10,5
379,379:30,Vehicle:47,scene_28_1,18972053933,Vehicle-SemiTruck-Cab,112.60253570154885,6.73827003568261,0.5,14,7
379,379:31,Vehicle:5,scene_28_1,18972053933,Vehicle-Passenger,31.052140774732422,12.116368017309922,0.0,17,1830
379,379:31,Vehicle:5,scene_28_1,18972053933,Vehicle-Passenger,31.052140774732422,12.116368017309922,0.5,30,3731
379,379:32,Vehicle:53,scene_28_1,18972053933,Vehicle-Other,23.286143539094947,16.781983893053486,0.0,10,7036
379,379:32,Vehicle:53,scene_28_1,18972053933,Vehicle-Other,23.286143539094947,16.781983893053486,0.5,20,8759
379,379:35,Vehicle:8,scene_28_1,18972053933,Vehicle-Passenger,7.731413044507527,84.84960110135368,0.0,5,2748
379,379:35,Vehicle:8,scene_28_1,18972053933,Vehicle-Passenger,7.731413044507527,84.84960110135368,0.5,10,3847
389,389:0,RoadObstruction:10,scene_28_1,19472035608,RoadObstruction,236.0471981193642,-172.77686905760297,0.0,0,4
389,389:0,RoadObstruction:10,scene_28_1,19472035608,RoadObstruction,236.0471981193642,-172.77686905760297,0.5,1,22
389,389:1,RoadObstruction:11,scene_28_1,19472035608,RoadObstruction,216.27820867222133,-172.3508698776526,0.0,0,4
389,389:1,RoadObstruction:11,scene_28_1,19472035608,RoadObstruction,216.27820867222133,-172.3508698776526,0.5,0,16
389,389:2,RoadObstruction:12,scene_28_1,19472035608,RoadObstruction-Barrel,188.3903187617667,-172.48437117492313,0.0,0,5
389,389:2,RoadObstruction:12,scene_28_1,19472035608,RoadObstruction-Barrel,188.3903187617667,-172.48437117492313,0.5,0,10
389,389:3,RoadObstruction:13,scene_28_1,19472035608,RoadObstruction-Barrel,169.87389353842076,-172.35191512938104,0.0,0,6
389,389:3,RoadObstruction:13,scene_28_1,19472035608,RoadObstruction-Barrel,169.87389353842076,-172.35191512938104,0.5,0,11
389,389:4,RoadObstruction:14,scene_28_1,19472035608,RoadObstruction-Barrel,147.63152927970108,-172.17270425339973,0.0,0,2
389,389:4,RoadObstruction:14,scene_28_1,19472035608,RoadObstruction-Barrel,147.63152927970108,-172.17270425339973,0.5,0,8
389,389:5,RoadObstruction:15,scene_28_1,19472035608,RoadObstruction-Barrel,132.30748579180602,-172.2594417259319,0.0,1,10
389,389:5,RoadObstruction:15,scene_28_1,19472035608,RoadObstruction-Barrel,132.30748579180602,-172.2594417259319,0.5,2,17
389,389:6,RoadObstruction:16,scene_28_1,19472035608,RoadObstruction-Barrel,121.48924052325893,-172.29108891532212,0.0,0,15
389,389:6,RoadObstruction:16,scene_28_1,19472035608,RoadObstruction-Barrel,121.48924052325893,-172.29108891532212,0.5,1,27
389,389:7,RoadObstruction:17,scene_28_1,19472035608,RoadObstruction-Barrel,104.4851352116099,-172.1306700804229,0.0,0,38
389,389:7,RoadObstruction:17,scene_28_1,19472035608,RoadObstruction-Barrel,104.4851352116099,-172.1306700804229,0.5,1,54
389,389:8,RoadObstruction:18,scene_28_1,19472035608,RoadObstruction-Barrel,89.66238146196415,-172.18728240523333,0.0,0,85
389,389:8,RoadObstruction:18,scene_28_1,19472035608,RoadObstruction-Barrel,89.66238146196415,-172.18728240523333,0.5,2,112
389,389:9,RoadObstruction:19,scene_28_1,19472035608,RoadObstruction-Barrel,71.2819382322645,-173.301299863409,0.0,0,104
389,389:9,RoadObstruction:19,scene_28_1,19472035608,RoadObstruction-Barrel,71.2819382322645,-173.301299863409,0.5,2,123
389,389:10,RoadObstruction:20,scene_28_1,19472035608,RoadObstruction-Barrel,55.966586173499486,-173.15593183995745,0.0,0,95
389,389:10,RoadObstruction:20,scene_28_1,19472035608,RoadObstruction-Barrel,55.966586173499486,-173.15593183995745,0.5,2,122
389,389:11,RoadObstruction:21,scene_28_1,19472035608,RoadObstruction-Barrel,31.367832177541512,-171.12720043933473,0.0,0,150
389,389:11,RoadObstruction:21,scene_28_1,19472035608,RoadObstruction-Barrel,31.367832177541512,-171.12720043933473,0.5,3,254
389,389:12,RoadObstruction:22,scene_28_1,19472035608,RoadObstruction-Barrel,6.001810040326309,-39.02623774189922,0.0,0,161
389,389:12,RoadObstruction:22,scene_28_1,19472035608,RoadObstruction-Barrel,6.001810040326309,-39.02623774189922,0.5,0,2868
389,389:13,RoadObstruction:23,scene_28_1,19472035608,RoadObstruction-Barrel,52.864867734735036,-6.5624804440682185,0.0,0,102
389,389:13,RoadObstruction:23,scene_28_1,19472035608,RoadObstruction-Barrel,52.864867734735036,-6.5624804440682185,0.5,5,360
389,389:14,RoadObstruction:24,scene_28_1,19472035608,RoadObstruction-Barrel,101.93993715586909,-6.964435248903762,0.0,0,91
389,389:14,RoadObstruction:24,scene_28_1,19472035608,RoadObstruction-Barrel,101.93993715586909,-6.964435248903762,0.5,2,129
389,389:15,RoadObstruction:25,scene_28_1,19472035608,RoadObstruction-Barrel,125.11917943582849,-7.7186671201095525,0.0,0,5
389,389:15,RoadObstruction:25,scene_28_1,19472035608,RoadObstruction-Barrel,125.11917943582849,-7.7186671201095525,0.5,0,10
389,389:16,TrafficSign:1,scene_28_1,19472035608,TrafficSign,277.10385586154393,-172.66398566630218,0.0,0,9
389,389:16,TrafficSign:1,scene_28_1,19472035608,TrafficSign,277.10385586154393,-172.66398566630218,0.5,0,41
389,389:17,TrafficSign:2,scene_28_1,19472035608,TrafficSign,146.88066661124245,-171.84540837823153,0.0,0,45
389,389:17,TrafficSign:2,scene_28_1,19472035608,TrafficSign,146.88066661124245,-171.84540837823153,0.5,1,168
389,389:18,TrafficSign:3,scene_28_1,19472035608,TrafficSign,170.44959563558334,177.30070378714984,0.0,0,168
389,389:18,TrafficSign:3,scene_28_1,19472035608,TrafficSign,170.44959563558334,177.30070378714984,0.5,0,447
389,389:19,Vehicle:1,scene_28_1,19472035608,Vehicle-SemiTruck-Trailer,170.3123939470525,-5.597175479854811,0.0,7,14
389,389:19,Vehicle:1,scene_28_1,19472035608,Vehicle-SemiTruck-Trailer,170.3123939470525,-5.597175479854811,0.5,7,14
389,389:20,Vehicle:11,scene_28_1,19472035608,Vehicle-SemiTruck-Cab,145.47190057458963,-5.623962657830227,0.0,7,7
389,389:20,Vehicle:11,scene_28_1,19472035608,Vehicle-SemiTruck-Cab,145.47190057458963,-5.623962657830227,0.5,9,8
389,389:21,Vehicle:12,scene_28_1,19472035608,Vehicle-Passenger,192.54270583507972,-9.391329705539125,0.0,1,134
389,389:21,Vehicle:12,scene_28_1,19472035608,Vehicle-Passenger,192.54270583507972,-9.391329705539125,0.5,2,137
389,389:22,Vehicle:17,scene_28_1,19472035608,Vehicle-Passenger,264.6117950482862,-174.57879630814875,0.0,1,14
389,389:22,Vehicle:17,scene_28_1,19472035608,Vehicle-Passenger,264.6117950482862,-174.57879630814875,0.5,2,16
389,389:23,Vehicle:2,scene_28_1,19472035608,Vehicle-SemiTruck-Trailer,134.83303178539032,-5.003861574150592,0.0,9,411
389,389:23,Vehicle:2,scene_28_1,19472035608,Vehicle-SemiTruck-Trailer,134.83303178539032,-5.003861574150592,0.5,14,449
389,389:24,Vehicle:28,scene_28_1,19472035608,Vehicle-Trailer,25.31439688316307,15.4004759506244,0.0,29,5213
389,389:24,Vehicle:28,scene_28_1,19472035608,Vehicle-Trailer,25.31439688316307,15.4004759506244,0.5,41,7058
389,389:25,Vehicle:3,scene_28_1,19472035608,Vehicle-SemiTruck-Cab,88.81645661557654,1.1776563932268496,0.0,7,4
389,389:25,Vehicle:3,scene_28_1,19472035608,Vehicle-SemiTruck-Cab,88.81645661557654,1.1776563932268496,0.5,16,14
389,389:26,Vehicle:39,scene_28_1,19472035608,Vehicle-SemiTruck-Cab,180.61266394937917,-6.192448538311905,0.0,5,11
389,389:26,Vehicle:39,scene_28_1,19472035608,Vehicle-SemiTruck-Cab,180.61266394937917,-6.192448538311905,0.5,7,12
389,389:27,Vehicle:4,scene_28_1,19472035608,Vehicle-SemiTruck-Trailer,77.49951240626369,2.3332230858871985,0.0,21,3560
389,389:27,Vehicle:4,scene_28_1,19472035608,Vehicle-SemiTruck-Trailer,77.49951240626369,2.3332230858871985,0.5,53,4009
389,389:28,Vehicle:47,scene_28_1,19472035608,Vehicle-SemiTruck-Cab,85.10387797299896,11.718961515798936,0.0,4,0
389,389:28,Vehicle:47,scene_28_1,19472035608,Vehicle-SemiTruck-Cab,85.10387797299896,11.718961515798936,0.5,8,8
389,389:29,Vehicle:48,scene_28_1,19472035608,Vehicle-SemiTruck-Trailer,95.34923944594593,9.50035119052933,0.0,20,2
389,389:29,Vehicle:48,scene_28_1,19472035608,Vehicle-SemiTruck-Trailer,95.34923944594593,9.50035119052933,0.5,29,2
389,389:30,Vehicle:5,scene_28_1,19472035608,Vehicle-Passenger,32.44020486042616,11.580715872703976,0.0,20,1026
389,389:30,Vehicle:5,scene_28_1,19472035608,Vehicle-Passenger,32.44020486042616,11.580715872703976,0.5,29,1788
389,389:31,Vehicle:53,scene_28_1,19472035608,Vehicle-Other,24.84105971525601,15.816006575870068,0.0,9,4995
389,389:31,Vehicle:53,scene_28_1,19472035608,Vehicle-Other,24.84105971525601,15.816006575870068,0.5,24,5822
389,389:34,Vehicle:8,scene_28_1,19472035608,Vehicle-Passenger,8.27671746336303,74.02837863860897,0.0,5,3245
389,389:34,Vehicle:8,scene_28_1,19472035608,Vehicle-Passenger,8.27671746336303,74.02837863860897,0.5,7,4232
399,399:0,RoadObstruction:10,scene_28_1,19972007158,RoadObstruction,250.2288925344351,-171.99201667481435,0.0,0,2
399,399:0,RoadObstruction:10,scene_28_1,19972007158,RoadObstruction,250.2288925344351,-171.99201667481435,0.5,0,12
399,399:1,RoadObstruction:11,scene_28_1,19972007158,RoadObstruction,230.2232045535116,-171.58610681438444,0.0,0,3
399,399:1,RoadObstruction:11,scene_28_1,19972007158,RoadObstruction,230.2232045535116,-171.58610681438444,0.5,0,16
399,399:2,RoadObstruction:12,scene_28_1,19972007158,RoadObstruction-Barrel,203.15883492140486,-171.7818748232314,0.0,0,0
399,399:2,RoadObstruction:12,scene_28_1,19972007158,RoadObstruction-Barrel,203.15883492140486,-171.7818748232314,0.5,0,0
399,399:3,RoadObstruction:13,scene_28_1,19972007158,RoadObstruction-Barrel,184.0214989352781,-171.73845985636072,0.0,0,11
399,399:3,RoadObstruction:13,scene_28_1,19972007158,RoadObstruction-Barrel,184.0214989352781,-171.73845985636072,0.5,0,18
399,399:4,RoadObstruction:14,scene_28_1,19972007158,RoadObstruction-Barrel,161.75974688255985,-171.63486224229462,0.0,0,12
399,399:4,RoadObstruction:14,scene_28_1,19972007158,RoadObstruction-Barrel,161.75974688255985,-171.63486224229462,0.5,0,37
399,399:5,RoadObstruction:15,scene_28_1,19972007158,RoadObstruction-Barrel,146.54568008484082,-171.7374999195,0.0,0,9
399,399:5,RoadObstruction:15,scene_28_1,19972007158,RoadObstruction-Barrel,146.54568008484082,-171.7374999195,0.5,2,22
399,399:6,RoadObstruction:16,scene_28_1,19972007158,RoadObstruction-Barrel,135.66596219112625,-171.84651798623247,0.0,0,0
399,399:6,RoadObstruction:16,scene_28_1,19972007158,RoadObstruction-Barrel,135.66596219112625,-171.84651798623247,0.5,1,12
399,399:7,RoadObstruction:17,scene_28_1,19972007158,RoadObstruction-Barrel,118.63769603521368,-171.83427595128148,0.0,0,23
399,399:7,RoadObstruction:17,scene_28_1,19972007158,RoadObstruction-Barrel,118.63769603521368,-171.83427595128148,0.5,1,36
399,399:8,RoadObstruction:18,scene_28_1,19972007158,RoadObstruction-Barrel,103.84504610770276,-172.0508423307776,0.0,0,34
399,399:8,RoadObstruction:18,scene_28_1,19972007158,RoadObstruction-Barrel,103.84504610770276,-172.0508423307776,0.5,1,42
399,399:9,RoadObstruction:19,scene_28_1,19972007158,RoadObstruction-Barrel,85.49596733286153,-173.22742477588474,0.0,0,98
399,399:9,RoadObstruction:19,scene_28_1,19972007158,RoadObstruction-Barrel,85.49596733286153,-173.22742477588474,0.5,2,118
399,399:10,RoadObstruction:20,scene_28_1,19972007158,RoadObstruction-Barrel,70.13168848293607,-173.3456152931184,0.0,0,121
399,399:10,RoadObstruction:20,scene_28_1,19972007158,RoadObstruction-Barrel,70.13168848293607,-173.3456152931184,0.5,2,162
399,399:11,RoadObstruction:21,scene_28_1,19972007158,RoadObstruction-Barrel,45.488282631299526,-172.6880239328344,0.0,0,74
399,399:11,RoadObstruction:21,scene_28_1,19972007158,RoadObstruction-Barrel,45.488282631299526,-172.6880239328344,0.5,2,83
399,399:12,RoadObstruction:22,scene_28_1,19972007158,RoadObstruction-Barrel,10.235675295972028,-157.66732564537293,0.0,0,37
399,399:12,RoadObstruction:22,scene_28_1,19972007158,RoadObstruction-Barrel,10.235675295972028,-157.66732564537293,0.5,0,111
399,399:13,RoadObstruction:23,scene_28_1,19972007158,RoadObstruction-Barrel,38.71267745178898,-7.465455700114738,0.0,1,472
399,399:13,RoadObstruction:23,scene_28_1,19972007158,RoadObstruction-Barrel,38.71267745178898,-7.465455700114738,0.5,5,1168
399,399:14,RoadObstruction:24,scene_28_1,19972007158,RoadObstruction-Barrel,87.67391902151495,-6.732605934895615,0.0,1,180
399,399:14,RoadObstruction:24,scene_28_1,19972007158,RoadObstruction-Barrel,87.67391902151495,-6.732605934895615,0.5,4,242
399,399:15,RoadObstruction:25,scene_28_1,19972007158,RoadObstruction-Barrel,111.03819288942246,-7.338702662194324,0.0,0,37
399,399:15,RoadObstruction:25,scene_28_1,19972007158,RoadObstruction-Barrel,111.03819288942246,-7.338702662194324,0.5,0,59
399,399:16,RoadObstruction:26,scene_28_1,19972007158,RoadObstruction-Barrel,145.9609821104458,-8.825190415279879,0.0,0,0
399,399:16,RoadObstruction:26,scene_28_1,19972007158,RoadObstruction-Barrel,145.9609821104458,-8.825190415279879,0.5,0,8
399,399:17,TrafficSign:1,scene_28_1,19972007158,TrafficSign,291.2186126204526,-171.7979997860268,0.0,0,0
399,399:17,TrafficSign:1,scene_28_1,19972007158,TrafficSign,291.2186126204526,-171.7979997860268,0.5,0,4
399,399:18,TrafficSign:2,scene_28_1,19972007158,TrafficSign,161.02411346460784,-171.31945735595644,0.0,0,24
399,399:18,TrafficSign:2,scene_28_1,19972007158,TrafficSign,161.02411346460784,-171.31945735595644,0.5,0,77
399,399:19,TrafficSign:3,scene_28_1,19972007158,TrafficSign,184.71795101540485,178.76619623486323,0.0,0,168
399,399:19,TrafficSign:3,scene_28_1,19972007158,TrafficSign,184.71795101540485,178.76619623486323,0.5,0,363
399,399:20,TrafficSign:7,scene_28_1,19972007158,TrafficSign,129.54081231729057,7.145432986099826,0.0,0,0
399,399:20,TrafficSign:7,scene_28_1,19972007158,TrafficSign,129.54081231729057,7.145432986099826,0.5,0,20
399,399:21,Vehicle:1,scene_28_1,19972007158,Vehicle-SemiTruck-Trailer,168.89836680621977,-5.729664064989424,0.0,9,27
399,399:21,Vehicle:1,scene_28_1,19972007158,Vehicle-SemiTruck-Trailer,168.89836680621977,-5.729664064989424,0.5,16,27
399,399:22,Vehicle:11,scene_28_1,19972007158,Vehicle-SemiTruck-Cab,143.05647047754488,-5.605225605762939,0.0,8,8
399,399:22,Vehicle:11,scene_28_1,19972007158,Vehicle-SemiTruck-Cab,143.05647047754488,-5.605225605762939,0.5,9,8
399,399:23,Vehicle:12,scene_28_1,19972007158,Vehicle-Passenger,189.60607199995675,-9.49028302932397,0.0,0,100
399,399:23,Vehicle:12,scene_28_1,19972007158,Vehicle-Passenger,189.60607199995675,-9.49028302932397,0.5,1,105
399,399:24,Vehicle:17,scene_28_1,19972007158,Vehicle-Passenger,265.1519430822872,-173.6402174082031,0.0,2,9
399,399:24,Vehicle:17,scene_28_1,19972007158,Vehicle-Passenger,265.1519430822872,-173.6402174082031,0.5,3,19
399,399:25,Vehicle:19,scene_28_1,19972007158,Vehicle-Passenger,33.70113205596746,30.564867974247615,0.0,1,42
399,399:25,Vehicle:19,scene_28_1,19972007158,Vehicle-Passenger,33.70113205596746,30.564867974247615,0.5,1,58
399,399:26,Vehicle:2,scene_28_1,19972007158,Vehicle-SemiTruck-Trailer,132.405628414005,-5.001868092915774,0.0,8,398
399,399:26,Vehicle:2,scene_28_1,19972007158,Vehicle-SemiTruck-Trailer,132.405628414005,-5.001868092915774,0.5,14,488
399,399:27,Vehicle:28,scene_28_1,19972007158,Vehicle-Trailer,26.75705860617886,14.505013247516358,0.0,29,4740
399,399:27,Vehicle:28,scene_28_1,19972007158,Vehicle-Trailer,26.75705860617886,14.505013247516358,0.5,44,6848
399,399:28,Vehicle:4,scene_28_1,19972007158,Vehicle-SemiTruck-Trailer,78.90876314164673,2.0615554611620976,0.0,29,3644
399,399:28,Vehicle:4,scene_28_1,19972007158,Vehicle-SemiTruck-Trailer,78.90876314164673,2.0615554611620976,0.5,57,4140
399,399:29,Vehicle:47,scene_28_1,19972007158,Vehicle-SemiTruck-Cab,58.12485383464164,20.36227997665928,0.0,17,24
399,399:29,Vehicle:47,scene_28_1,19972007158,Vehicle-SemiTruck-Cab,58.12485383464164,20.36227997665928,0.5,22,30
399,399:30,Vehicle:48,scene_28_1,19972007158,Vehicle-SemiTruck-Trailer,68.2095869825883,16.242274751358753,0.0,19,6
399,399:30,Vehicle:48,scene_28_1,19972007158,Vehicle-SemiTruck-Trailer,68.2095869825883,16.242274751358753,0.5,23,6
399,399:31,Vehicle:5,scene_28_1,19972007158,Vehicle-Passenger,33.889373218357996,10.930727955187022,0.0,30,1111
399,399:31,Vehicle:5,scene_28_1,19972007158,Vehicle-Passenger,33.889373218357996,10.930727955187022,0.5,39,1903
399,399:32,Vehicle:53,scene_28_1,19972007158,Vehicle-Other,26.374786315577804,14.80010703587531,0.0,13,4453
399,399:32,Vehicle:53,scene_28_1,19972007158,Vehicle-Other,26.374786315577804,14.80010703587531,0.5,33,5425
399,399:34,Vehicle:63,scene_28_1,19972007158,Vehicle,153.9345667754653,130.81920801609334,0.0,1,4
399,399:34,Vehicle:63,scene_28_1,19972007158,Vehicle,153.9345667754653,130.81920801609334,0.5,2,4
399,399:36,Vehicle:8,scene_28_1,19972007158,Vehicle-Passenger,9.02754491731889,63.92089595444218,0.0,7,3168
399,399:36,Vehicle:8,scene_28_1,19972007158,Vehicle-Passenger,9.02754491731889,63.92089595444218,0.5,11,4263
399,399:37,Vehicle:3,scene_28_1,19972007158,Vehicle-SemiTruck-Cab,90.19620007284966,0.8700041442186194,0.0,15,0
399,399:37,Vehicle:3,scene_28_1,19972007158,Vehicle-SemiTruck-Cab,90.19620007284966,0.8700041442186194,0.5,27,16
399,399:38,Vehicle:39,scene_28_1,19972007158,Vehicle-SemiTruck-Cab,178.93665500753616,-6.317811182237009,0.0,6,6
399,399:38,Vehicle:39,scene_28_1,19972007158,Vehicle-SemiTruck-Cab,178.93665500753616,-6.317811182237009,0.5,10,6
409,409:0,RoadObstruction:10,scene_28_1,20472156283,RoadObstruction,264.2009945738972,-171.22085255640707,0.0,0,6
409,409:0,RoadObstruction:10,scene_28_1,20472156283,RoadObstruction,264.2009945738972,-171.22085255640707,0.5,0,8
409,409:1,RoadObstruction:11,scene_28_1,20472156283,RoadObstruction,244.21227341780306,-170.8752318534277,0.0,0,3
409,409:1,RoadObstruction:11,scene_28_1,20472156283,RoadObstruction,244.21227341780306,-170.8752318534277,0.5,0,3
409,409:2,RoadObstruction:13,scene_28_1,20472156283,RoadObstruction-Barrel,198.19172388908444,-171.12075653153644,0.0,0,7
409,409:2,RoadObstruction:13,scene_28_1,20472156283,RoadObstruction-Barrel,198.19172388908444,-171.12075653153644,0.5,1,9
409,409:3,RoadObstruction:14,scene_28_1,20472156283,RoadObstruction-Barrel,175.86513967328852,-171.0736983787272,0.0,0,12
409,409:3,RoadObstruction:14,scene_28_1,20472156283,RoadObstruction-Barrel,175.86513967328852,-171.0736983787272,0.5,2,19
409,409:4,RoadObstruction:15,scene_28_1,20472156283,RoadObstruction-Barrel,160.66254531849108,-171.1643765148433,0.0,0,13
409,409:4,RoadObstruction:15,scene_28_1,20472156283,RoadObstruction-Barrel,160.66254531849108,-171.1643765148433,0.5,2,27
409,409:5,RoadObstruction:16,scene_28_1,20472156283,RoadObstruction-Barrel,149.85105342932135,-171.32260339724303,0.0,0,17
409,409:5,RoadObstruction:16,scene_28_1,20472156283,RoadObstruction-Barrel,149.85105342932135,-171.32260339724303,0.5,1,24
409,409:6,RoadObstruction:17,scene_28_1,20472156283,RoadObstruction-Barrel,132.7759186546424,-171.35648301310923,0.0,0,43
409,409:6,RoadObstruction:17,scene_28_1,20472156283,RoadObstruction-Barrel,132.7759186546424,-171.35648301310923,0.5,2,70
409,409:7,RoadObstruction:18,scene_28_1,20472156283,RoadObstruction-Barrel,117.98919235997866,-171.716625213359,0.0,0,42
409,409:7,RoadObstruction:18,scene_28_1,20472156283,RoadObstruction-Barrel,117.98919235997866,-171.716625213359,0.5,0,54
409,409:8,RoadObstruction:19,scene_28_1,20472156283,RoadObstruction-Barrel,99.6867591909411,-172.91875891934814,0.0,1,25
409,409:8,RoadObstruction:19,scene_28_1,20472156283,RoadObstruction-Barrel,99.6867591909411,-172.91875891934814,0.5,2,36
409,409:9,RoadObstruction:20,scene_28_1,20472156283,RoadObstruction-Barrel,84.33679094962767,-173.23472122368162,0.0,1,76
409,409:9,RoadObstruction:20,scene_28_1,20472156283,RoadObstruction-Barrel,84.33679094962767,-173.23472122368162,0.5,2,131
409,409:10,RoadObstruction:21,scene_28_1,20472156283,RoadObstruction-Barrel,59.583514049413125,-173.15123428813192,0.0,1,113
409,409:10,RoadObstruction:21,scene_28_1,20472156283,RoadObstruction-Barrel,59.583514049413125,-173.15123428813192,0.5,3,149
409,409:11,RoadObstruction:22,scene_28_1,20472156283,RoadObstruction-Barrel,23.98946124242435,-169.55681745285986,0.0,0,167
409,409:11,RoadObstruction:22,scene_28_1,20472156283,RoadObstruction-Barrel,23.98946124242435,-169.55681745285986,0.5,1,298
409,409:12,RoadObstruction:23,scene_28_1,20472156283,RoadObstruction-Barrel,24.646866769216114,-9.957441859244847,0.0,1,475
409,409:12,RoadObstruction:23,scene_28_1,20472156283,RoadObstruction-Barrel,24.646866769216114,-9.957441859244847,0.5,2,1183
409,409:13,RoadObstruction:24,scene_28_1,20472156283,RoadObstruction-Barrel,73.4947942308737,-6.573044904678434,0.0,0,177
409,409:13,RoadObstruction:24,scene_28_1,20472156283,RoadObstruction-Barrel,73.4947942308737,-6.573044904678434,0.5,4,236
409,409:14,RoadObstruction:25,scene_28_1,20472156283,RoadObstruction-Barrel,96.92239820348817,-7.003436195544763,0.0,0,148
409,409:14,RoadObstruction:25,scene_28_1,20472156283,RoadObstruction-Barrel,96.92239820348817,-7.003436195544763,0.5,2,172
409,409:15,RoadObstruction:26,scene_28_1,20472156283,RoadObstruction-Barrel,132.21651783719466,-8.255335240265362,0.0,0,2
409,409:15,RoadObstruction:26,scene_28_1,20472156283,RoadObstruction-Barrel,132.21651783719466,-8.255335240265362,0.5,0,3
409,409:16,TrafficSign:2,scene_28_1,20472156283,TrafficSign,175.21205903205225,-170.63350252319776,0.0,0,8
409,409:16,TrafficSign:2,scene_28_1,20472156283,TrafficSign,175.21205903205225,-170.63350252319776,0.5,0,13
409,409:17,TrafficSign:3,scene_28_1,20472156283,TrafficSign,199.00700278624328,-179.56968719389576,0.0,0,2
409,409:17,TrafficSign:3,scene_28_1,20472156283,TrafficSign,199.00700278624328,-179.56968719389576,0.5,0,32
409,409:18,TrafficSign:7,scene_28_1,20472156283,TrafficSign,115.55524247105411,9.423193456644572,0.0,0,4
409,409:18,TrafficSign:7,scene_28_1,20472156283,TrafficSign,115.55524247105411,9.423193456644572,0.5,0,34
409,409:19,Vehicle:1,scene_28_1,20472156283,Vehicle-SemiTruck-Trailer,167.14952257990083,-5.768847062095366,0.0,7,20
409,409:19,Vehicle:1,scene_28_1,20472156283,Vehicle-SemiTruck-Trailer,167.14952257990083,-5.768847062095366,0.5,12,23
409,409:20,Vehicle:11,scene_28_1,20472156283,Vehicle-SemiTruck-Cab,140.55015872766094,-5.5394219275200545,0.0,10,11
409,409:20,Vehicle:11,scene_28_1,20472156283,Vehicle-SemiTruck-Cab,140.55015872766094,-5.5394219275200545,0.5,15,11
409,409:21,Vehicle:12,scene_28_1,20472156283,Vehicle-Passenger,186.77945563169348,-9.501899769527522,0.0,0,123
409,409:21,Vehicle:12,scene_28_1,20472156283,Vehicle-Passenger,186.77945563169348,-9.501899769527522,0.5,0,127
409,409:22,Vehicle:17,scene_28_1,20472156283,Vehicle,265.7698768253654,-172.74130125967235,0.0,0,8
409,409:22,Vehicle:17,scene_28_1,20472156283,Vehicle,265.7698768253654,-172.74130125967235,0.5,0,13
409,409:23,Vehicle:19,scene_28_1,20472156283,Vehicle-Passenger,17.91086001006574,93.47683537603699,0.0,2,2362
409,409:23,Vehicle:19,scene_28_1,20472156283,Vehicle-Passenger,17.91086001006574,93.47683537603699,0.5,3,2680
409,409:24,Vehicle:2,scene_28_1,20472156283,Vehicle-SemiTruck-Trailer,129.8942616147903,-4.933853643014438,0.0,18,468
409,409:24,Vehicle:2,scene_28_1,20472156283,Vehicle-SemiTruck-Trailer,129.8942616147903,-4.933853643014438,0.5,32,571
409,409:25,Vehicle:28,scene_28_1,20472156283,Vehicle-Trailer,28.247069568584667,13.657562719299838,0.0,33,10799
409,409:25,Vehicle:28,scene_28_1,20472156283,Vehicle-Trailer,28.247069568584667,13.657562719299838,0.5,50,14202
409,409:26,Vehicle:3,scene_28_1,20472156283,Vehicle-SemiTruck-Cab,91.57478979582922,0.7476551535108484,0.0,16,11
409,409:26,Vehicle:3,scene_28_1,20472156283,Vehicle-SemiTruck-Cab,91.57478979582922,0.7476551535108484,0.5,28,29
409,409:27,Vehicle:4,scene_28_1,20472156283,Vehicle-SemiTruck-Trailer,80.28167349871585,1.8654069794111063,0.0,25,3358
409,409:27,Vehicle:4,scene_28_1,20472156283,Vehicle-SemiTruck-Trailer,80.28167349871585,1.8654069794111063,0.5,47,3960
409,409:28,Vehicle:47,scene_28_1,20472156283,Vehicle-SemiTruck-Cab,34.161087313991075,40.28637080518207,0.0,9,764
409,409:28,Vehicle:47,scene_28_1,20472156283,Vehicle-SemiTruck-Cab,34.161087313991075,40.28637080518207,0.5,11,1161
409,409:29,Vehicle:48,scene_28_1,20472156283,Vehicle-SemiTruck-Trailer,43.0422802571067,29.795576194815386,0.0,51,1526
409,409:29,Vehicle:48,scene_28_1,20472156283,Vehicle-SemiTruck-Trailer,43.0422802571067,29.795576194815386,0.5,57,2368
409,409:30,Vehicle:5,scene_28_1,20472156283,Vehicle-Passenger,35.388295164273316,10.33071768970128,0.0,23,2424
409,409:30,Vehicle:5,scene_28_1,20472156283,Vehicle-Passenger,35.388295164273316,10.33071768970128,0.5,35,3730
409,409:31,Vehicle:53,scene_28_1,20472156283,Vehicle-Other,27.91598699863166,13.854269519368097,0.0,12,11988
409,409:31,Vehicle:53,scene_28_1,20472156283,Vehicle-Other,27.91598699863166,13.854269519368097,0.5,32,14082
409,409:33,Vehicle:63,scene_28_1,20472156283,Vehicle-Equipment,163.3873574148229,135.79266858536442,0.0,0,2
409,409:33,Vehicle:63,scene_28_1,20472156283,Vehicle-Equipment,163.3873574148229,135.79266858536442,0.5,1,3
409,409:35,Vehicle:8,scene_28_1,20472156283,Vehicle-Passenger,9.993577223190284,54.58341407897276,0.0,8,3035
409,409:35,Vehicle:8,scene_28_1,20472156283,Vehicle-Passenger,9.993577223190284,54.58341407897276,0.5,13,4133
409,409:36,Vehicle:39,scene_28_1,20472156283,Vehicle-SemiTruck-Cab,177.02041253651961,-6.339171761637379,0.0,8,19
409,409:36,Vehicle:39,scene_28_1,20472156283,Vehicle-SemiTruck-Cab,177.02041253651961,-6.339171761637379,0.5,10,19
421,421:0,RoadObstruction:15,scene_28_1,21072055158,RoadObstruction-Barrel,177.42433446831288,-170.6046115445298,0.0,0,6
421,421:0,RoadObstruction:15,scene_28_1,21072055158,RoadObstruction-Barrel,177.42433446831288,-170.6046115445298,0.5,0,14
421,421:1,RoadObstruction:16,scene_28_1,21072055158,RoadObstruction-Barrel,166.7229990029399,-170.80362699764098,0.0,0,16
421,421:1,RoadObstruction:16,scene_28_1,21072055158,RoadObstruction-Barrel,166.7229990029399,-170.80362699764098,0.5,0,24
421,421:2,RoadObstruction:17,scene_28_1,21072055158,RoadObstruction-Barrel,149.68830938969535,-170.82218925945267,0.0,0,13
421,421:2,RoadObstruction:17,scene_28_1,21072055158,RoadObstruction-Barrel,149.68830938969535,-170.82218925945267,0.5,2,19
421,421:3,RoadObstruction:18,scene_28_1,21072055158,RoadObstruction-Barrel,134.9294746809489,-171.24019813248256,0.0,0,18
421,421:3,RoadObstruction:18,scene_28_1,21072055158,RoadObstruction-Barrel,134.9294746809489,-171.24019813248256,0.5,0,31
421,421:4,RoadObstruction:19,scene_28_1,21072055158,RoadObstruction-Barrel,116.6877733558436,-172.43980932550087,0.0,0,9
421,421:4,RoadObstruction:19,scene_28_1,21072055158,RoadObstruction-Barrel,116.6877733558436,-172.43980932550087,0.5,0,16
421,421:5,RoadObstruction:20,scene_28_1,21072055158,RoadObstruction-Barrel,101.40851506115766,-172.89124434812132,0.0,0,47
421,421:5,RoadObstruction:20,scene_28_1,21072055158,RoadObstruction-Barrel,101.40851506115766,-172.89124434812132,0.5,0,60
421,421:6,RoadObstruction:21,scene_28_1,21072055158,RoadObstruction-Barrel,76.55683713559698,-173.25298808483294,0.0,0,80
421,421:6,RoadObstruction:21,scene_28_1,21072055158,RoadObstruction-Barrel,76.55683713559698,-173.25298808483294,0.5,3,120
421,421:7,RoadObstruction:22,scene_28_1,21072055158,RoadObstruction-Barrel,40.80087219464218,-172.5280274461634,0.0,0,68
421,421:7,RoadObstruction:22,scene_28_1,21072055158,RoadObstruction-Barrel,40.80087219464218,-172.5280274461634,0.5,1,127
421,421:8,RoadObstruction:23,scene_28_1,21072055158,RoadObstruction-Barrel,8.330931174686283,-27.538792723941228,0.0,2,112
421,421:8,RoadObstruction:23,scene_28_1,21072055158,RoadObstruction-Barrel,8.330931174686283,-27.538792723941228,0.5,2,2441
421,421:9,RoadObstruction:24,scene_28_1,21072055158,RoadObstruction-Barrel,56.60033562192845,-6.772331093596615,0.0,1,125
421,421:9,RoadObstruction:24,scene_28_1,21072055158,RoadObstruction-Barrel,56.60033562192845,-6.772331093596615,0.5,3,250
421,421:10,RoadObstruction:25,scene_28_1,21072055158,RoadObstruction-Barrel,79.97698697797225,-6.831725245273656,0.0,0,167
421,421:10,RoadObstruction:25,scene_28_1,21072055158,RoadObstruction-Barrel,79.97698697797225,-6.831725245273656,0.5,2,193
421,421:11,RoadObstruction:26,scene_28_1,21072055158,RoadObstruction-Barrel,115.46833417716822,-7.720975210730676,0.0,0,12
421,421:11,RoadObstruction:26,scene_28_1,21072055158,RoadObstruction-Barrel,115.46833417716822,-7.720975210730676,0.5,0,27
421,421:12,TrafficSign:3,scene_28_1,21072055158,TrafficSign,215.97580325778515,-177.76973640732854,0.0,0,139
421,421:12,TrafficSign:3,scene_28_1,21072055158,TrafficSign,215.97580325778515,-177.76973640732854,0.5,0,370
421,421:13,TrafficSign:7,scene_28_1,21072055158,TrafficSign,98.80413320394489,12.68330075094858,0.0,0,11
421,421:13,TrafficSign:7,scene_28_1,21072055158,TrafficSign,98.80413320394489,12.68330075094858,0.5,0,47
421,421:14,Vehicle:1,scene_28_1,21072055158,Vehicle-SemiTruck-Trailer,165.2416515206112,-5.9067728900846665,0.0,10,7
421,421:14,Vehicle:1,scene_28_1,21072055158,Vehicle-SemiTruck-Trailer,165.2416515206112,-5.9067728900846665,0.5,20,8
421,421:15,Vehicle:12,scene_28_1,21072055158,Vehicle-Passenger,183.2870096460093,-9.565795989548773,0.0,0,45
421,421:15,Vehicle:12,scene_28_1,21072055158,Vehicle-Passenger,183.2870096460093,-9.565795989548773,0.5,0,45
421,421:16,Vehicle:17,scene_28_1,21072055158,Vehicle,266.5301235947158,-171.82670467645718,0.0,0,2
421,421:16,Vehicle:17,scene_28_1,21072055158,Vehicle,266.5301235947158,-171.82670467645718,0.5,0,5
421,421:17,Vehicle:18,scene_28_1,21072055158,Vehicle-Passenger,20.098812554061933,59.54100516097884,0.0,10,34
421,421:17,Vehicle:18,scene_28_1,21072055158,Vehicle-Passenger,20.098812554061933,59.54100516097884,0.5,12,38
421,421:18,Vehicle:19,scene_28_1,21072055158,Vehicle-Passenger,40.885410295755975,155.16653770058892,0.0,1,12
421,421:18,Vehicle:19,scene_28_1,21072055158,Vehicle-Passenger,40.885410295755975,155.16653770058892,0.5,7,14
421,421:19,Vehicle:2,scene_28_1,21072055158,Vehicle-SemiTruck-Trailer,126.76633927117342,-4.881610588293173,0.0,16,489
421,421:19,Vehicle:2,scene_28_1,21072055158,Vehicle-SemiTruck-Trailer,126.76633927117342,-4.881610588293173,0.5,28,552
421,421:20,Vehicle:28,scene_28_1,21072055158,Vehicle-Trailer,29.93238798953941,12.576765039353738,0.0,31,4937
421,421:20,Vehicle:28,scene_28_1,21072055158,Vehicle-Trailer,29.93238798953941,12.576765039353738,0.5,57,7488
421,421:21,Vehicle:3,scene_28_1,21072055158,Vehicle-SemiTruck-Cab,92.97932742893758,0.42989799158382447,0.0,15,3
421,421:21,Vehicle:3,scene_28_1,21072055158,Vehicle-SemiTruck-Cab,92.97932742893758,0.42989799158382447,0.5,22,5
421,421:22,Vehicle:39,scene_28_1,21072055158,Vehicle-SemiTruck-Cab,175.06612165410783,-6.433921979841656,0.0,7,7
421,421:22,Vehicle:39,scene_28_1,21072055158,Vehicle-SemiTruck-Cab,175.06612165410783,-6.433921979841656,0.5,14,7
421,421:23,Vehicle:4,scene_28_1,21072055158,Vehicle-SemiTruck-Trailer,81.69108415810341,1.5615702622642647,0.0,26,3426
421,421:23,Vehicle:4,scene_28_1,21072055158,Vehicle-SemiTruck-Trailer,81.69108415810341,1.5615702622642647,0.5,45,3825
421,421:24,Vehicle:47,scene_28_1,21072055158,Vehicle-SemiTruck-Cab,23.82670215810808,108.55565643776583,0.0,1,1760
421,421:24,Vehicle:47,scene_28_1,21072055158,Vehicle-SemiTruck-Cab,23.82670215810808,108.55565643776583,0.5,8,3031
421,421:25,Vehicle:48,scene_28_1,21072055158,Vehicle-SemiTruck-Trailer,22.759949745098254,80.45310781008239,0.0,4,27532
421,421:25,Vehicle:48,scene_28_1,21072055158,Vehicle-SemiTruck-Trailer,22.759949745098254,80.45310781008239,0.5,9,35847
421,421:26,Vehicle:5,scene_28_1,21072055158,Vehicle-Passenger,37.090054818729676,9.530527261859154,0.0,27,1343
421,421:26,Vehicle:5,scene_28_1,21072055158,Vehicle-Passenger,37.090054818729676,9.530527261859154,0.5,45,2939
421,421:27,Vehicle:53,scene_28_1,21072055158,Vehicle-Other,29.696596773280692,12.706088655347623,0.0,10,4463
421,421:27,Vehicle:53,scene_28_1,21072055158,Vehicle-Other,29.696596773280692,12.706088655347623,0.5,28,6270
421,421:29,Vehicle:63,scene_28_1,21072055158,Vehicle-Equipment,176.7192198830252,141.40411154532262,0.0,1,7
421,421:29,Vehicle:63,scene_28_1,21072055158,Vehicle-Equipment,176.7192198830252,141.40411154532262,0.5,2,8
421,421:31,Vehicle:8,scene_28_1,21072055158,Vehicle-Passenger,11.166184662695061,45.168249466220175,0.0,6,3166
421,421:31,Vehicle:8,scene_28_1,21072055158,Vehicle-Passenger,11.166184662695061,45.168249466220175,0.5,13,4434
421,421:32,Vehicle:11,scene_28_1,21072055158,Vehicle-SemiTruck-Cab,137.40750933946148,-5.490886145232686,0.0,9,0
421,421:32,Vehicle:11,scene_28_1,21072055158,Vehicle-SemiTruck-Cab,137.40750933946148,-5.490886145232686,0.5,12,0
431,431:0,RoadObstruction:17,scene_28_1,21572036658,RoadObstruction-Barrel,163.76801490406817,-170.31493310629835,0.0,0,11
431,431:0,RoadObstruction:17,scene_28_1,21572036658,RoadObstruction-Barrel,163.76801490406817,-170.31493310629835,0.5,0,30
431,431:1,RoadObstruction:18,scene_28_1,21572036658,RoadObstruction-Barrel,148.93171212910138,-170.68052975815255,0.0,0,25
431,431:1,RoadObstruction:18,scene_28_1,21572036658,RoadObstruction-Barrel,148.93171212910138,-170.68052975815255,0.5,1,35
431,431:2,RoadObstruction:19,scene_28_1,21572036658,RoadObstruction-Barrel,130.8718581966067,-171.86681520351036,0.0,0,8
431,431:2,RoadObstruction:19,scene_28_1,21572036658,RoadObstruction-Barrel,130.8718581966067,-171.86681520351036,0.5,0,9
431,431:3,RoadObstruction:20,scene_28_1,21572036658,RoadObstruction-Barrel,115.58094800267169,-172.36631043380459,0.0,0,10
431,431:3,RoadObstruction:20,scene_28_1,21572036658,RoadObstruction-Barrel,115.58094800267169,-172.36631043380459,0.5,0,16
431,431:4,RoadObstruction:21,scene_28_1,21572036658,RoadObstruction-Barrel,90.72344448801861,-173.00446934508432,0.0,1,68
431,431:4,RoadObstruction:21,scene_28_1,21572036658,RoadObstruction-Barrel,90.72344448801861,-173.00446934508432,0.5,1,99
431,431:5,RoadObstruction:22,scene_28_1,21572036658,RoadObstruction-Barrel,54.80754735635826,-173.13224269257876,0.0,0,53
431,431:5,RoadObstruction:22,scene_28_1,21572036658,RoadObstruction-Barrel,54.80754735635826,-173.13224269257876,0.5,0,90
431,431:6,RoadObstruction:23,scene_28_1,21572036658,RoadObstruction-Barrel,7.679970725723607,-149.55622998924613,0.0,0,50
431,431:6,RoadObstruction:23,scene_28_1,21572036658,RoadObstruction-Barrel,7.679970725723607,-149.55622998924613,0.5,1,212
431,431:7,RoadObstruction:24,scene_28_1,21572036658,RoadObstruction-Barrel,42.55718237717202,-7.395543982394991,0.0,2,233
431,431:7,RoadObstruction:24,scene_28_1,21572036658,RoadObstruction-Barrel,42.55718237717202,-7.395543982394991,0.5,4,818
431,431:8,RoadObstruction:25,scene_28_1,21572036658,RoadObstruction-Barrel,65.89658204146664,-6.755067319408008,0.0,0,169
431,431:8,RoadObstruction:25,scene_28_1,21572036658,RoadObstruction-Barrel,65.89658204146664,-6.755067319408008,0.5,3,275
431,431:9,RoadObstruction:26,scene_28_1,21572036658,RoadObstruction-Barrel,101.40029341681928,-7.328893195955502,0.0,0,62
431,431:9,RoadObstruction:26,scene_28_1,21572036658,RoadObstruction-Barrel,101.40029341681928,-7.328893195955502,0.5,1,89
431,431:10,TrafficSign:3,scene_28_1,21572036658,TrafficSign,230.21485807155142,-176.46805080830504,0.0,0,131
431,431:10,TrafficSign:3,scene_28_1,21572036658,TrafficSign,230.21485807155142,-176.46805080830504,0.5,0,292
431,431:11,TrafficSign:7,scene_28_1,21572036658,TrafficSign,84.9555188728048,16.239644097243666,0.0,0,2
431,431:11,TrafficSign:7,scene_28_1,21572036658,TrafficSign,84.9555188728048,16.239644097243666,0.5,0,5
431,431:12,Vehicle:1,scene_28_1,21572036658,Vehicle-SemiTruck-Trailer,163.61251693269676,-5.906469701856204,0.0,18,15
431,431:12,Vehicle:1,scene_28_1,21572036658,Vehicle-SemiTruck-Trailer,163.61251693269676,-5.906469701856204,0.5,26,22
431,431:13,Vehicle:11,scene_28_1,21572036658,Vehicle-SemiTruck-Cab,134.81055092506787,-5.285903965538203,0.0,8,10
431,431:13,Vehicle:11,scene_28_1,21572036658,Vehicle-SemiTruck-Cab,134.81055092506787,-5.285903965538203,0.5,11,11
431,431:14,Vehicle:12,scene_28_1,21572036658,Vehicle-Passenger,180.36008376873548,-9.517432357059254,0.0,0,8
431,431:14,Vehicle:12,scene_28_1,21572036658,Vehicle-Passenger,180.36008376873548,-9.517432357059254,0.5,0,11
431,431:15,Vehicle:18,scene_28_1,21572036658,Vehicle-Passenger,27.91434027270952,142.48451405916222,0.0,0,7
431,431:15,Vehicle:18,scene_28_1,21572036658,Vehicle-Passenger,27.91434027270952,142.48451405916222,0.5,0,7
431,431:16,Vehicle:19,scene_28_1,21572036658,Vehicle-Passenger,68.40376108935546,167.16286180346086,0.0,0,8
431,431:16,Vehicle:19,scene_28_1,21572036658,Vehicle-Passenger,68.40376108935546,167.16286180346086,0.5,0,11
431,431:17,Vehicle:2,scene_28_1,21572036658,Vehicle-SemiTruck-Trailer,124.18692547699466,-4.694058252125947,0.0,19,645
431,431:17,Vehicle:2,scene_28_1,21572036658,Vehicle-SemiTruck-Trailer,124.18692547699466,-4.694058252125947,0.5,26,736
431,431:18,Vehicle:28,scene_28_1,21572036658,Vehicle-Trailer,31.263781191777895,11.833337673921799,0.0,26,4571
431,431:18,Vehicle:28,scene_28_1,21572036658,Vehicle-Trailer,31.263781191777895,11.833337673921799,0.5,53,7317
431,431:19,Vehicle:3,scene_28_1,21572036658,Vehicle-SemiTruck-Cab,94.00265722350012,0.2949984699281885,0.0,9,2
431,431:19,Vehicle:3,scene_28_1,21572036658,Vehicle-SemiTruck-Cab,94.00265722350012,0.2949984699281885,0.5,17,7
431,431:20,Vehicle:39,scene_28_1,21572036658,Vehicle-SemiTruck-Cab,173.7155826137312,-6.413511054199019,0.0,10,2
431,431:20,Vehicle:39,scene_28_1,21572036658,Vehicle-SemiTruck-Cab,173.7155826137312,-6.413511054199019,0.5,14,10
431,431:21,Vehicle:4,scene_28_1,21572036658,Vehicle-SemiTruck-Trailer,82.70766905438778,1.422752743182567,0.0,26,3381
431,431:21,Vehicle:4,scene_28_1,21572036658,Vehicle-SemiTruck-Trailer,82.70766905438778,1.422752743182567,0.5,49,3670
431,431:22,Vehicle:47,scene_28_1,21572036658,Vehicle-SemiTruck-Cab,41.83588790785418,148.97494912957782,0.0,10,116
431,431:22,Vehicle:47,scene_28_1,21572036658,Vehicle-SemiTruck-Cab,41.83588790785418,148.97494912957782,0.5,20,227
431,431:23,Vehicle:48,scene_28_1,21572036658,Vehicle-SemiTruck-Trailer,32.95620221005169,138.25500504679425,0.0,15,2440
431,431:23,Vehicle:48,scene_28_1,21572036658,Vehicle-SemiTruck-Trailer,32.95620221005169,138.25500504679425,0.5,33,3063
431,431:24,Vehicle:5,scene_28_1,21572036658,Vehicle-Passenger,38.43381894230638,8.99596388964288,0.0,28,1376
431,431:24,Vehicle:5,scene_28_1,21572036658,Vehicle-Passenger,38.43381894230638,8.99596388964288,0.5,43,2581
431,431:25,Vehicle:53,scene_28_1,21572036658,Vehicle-Other,31.021096543368905,11.977387197521452,0.0,8,4368
431,431:25,Vehicle:53,scene_28_1,21572036658,Vehicle-Other,31.021096543368905,11.977387197521452,0.5,23,5392
431,431:28,Vehicle:8,scene_28_1,21572036658,Vehicle-Passenger,12.148336739393697,38.034522876582784,0.0,14,3666
431,431:28,Vehicle:8,scene_28_1,21572036658,Vehicle-Passenger,12.148336739393697,38.034522876582784,0.5,20,4827
441,441:0,RoadObstruction:18,scene_28_1,22072008083,RoadObstruction-Barrel,162.85528295100977,-170.0619770645582,0.0,0,5
441,441:0,RoadObstruction:18,scene_28_1,22072008083,RoadObstruction-Barrel,162.85528295100977,-170.0619770645582,0.5,0,11
441,441:1,RoadObstruction:19,scene_28_1,22072008083,RoadObstruction-Barrel,145.0645718570794,-171.24517098267225,0.0,0,7
441,441:1,RoadObstruction:19,scene_28_1,22072008083,RoadObstruction-Barrel,145.0645718570794,-171.24517098267225,0.5,0,7
441,441:2,RoadObstruction:20,scene_28_1,22072008083,RoadObstruction-Barrel,129.63141554001092,-171.82015985947126,0.0,0,2
441,441:2,RoadObstruction:20,scene_28_1,22072008083,RoadObstruction-Barrel,129.63141554001092,-171.82015985947126,0.5,0,18
441,441:3,RoadObstruction:21,scene_28_1,22072008083,RoadObstruction-Barrel,104.83136088739049,-172.5756520210573,0.0,0,27
441,441:3,RoadObstruction:21,scene_28_1,22072008083,RoadObstruction-Barrel,104.83136088739049,-172.5756520210573,0.5,1,33
441,441:4,RoadObstruction:22,scene_28_1,22072008083,RoadObstruction-Barrel,68.83299406704735,-173.17786144812712,0.0,0,118
441,441:4,RoadObstruction:22,scene_28_1,22072008083,RoadObstruction-Barrel,68.83299406704735,-173.17786144812712,0.5,0,163
441,441:5,RoadObstruction:23,scene_28_1,22072008083,RoadObstruction-Barrel,21.07816144405612,-168.24814277546386,0.0,1,245
441,441:5,RoadObstruction:23,scene_28_1,22072008083,RoadObstruction-Barrel,21.07816144405612,-168.24814277546386,0.5,2,322
441,441:6,RoadObstruction:24,scene_28_1,22072008083,RoadObstruction-Barrel,28.563759399501585,-9.247639887588763,0.0,2,418
441,441:6,RoadObstruction:24,scene_28_1,22072008083,RoadObstruction-Barrel,28.563759399501585,-9.247639887588763,0.5,2,1017
441,441:7,RoadObstruction:25,scene_28_1,22072008083,RoadObstruction-Barrel,51.84494536219362,-6.983951115755991,0.0,0,124
441,441:7,RoadObstruction:25,scene_28_1,22072008083,RoadObstruction-Barrel,51.84494536219362,-6.983951115755991,0.5,3,374
441,441:8,RoadObstruction:26,scene_28_1,22072008083,RoadObstruction-Barrel,87.3524110520831,-7.046820215026454,0.0,0,151
441,441:8,RoadObstruction:26,scene_28_1,22072008083,RoadObstruction-Barrel,87.3524110520831,-7.046820215026454,0.5,1,177
441,441:9,RoadObstruction:34,scene_28_1,22072008083,RoadObstruction,124.0458251007249,-8.080149119147086,0.0,0,7
441,441:9,RoadObstruction:34,scene_28_1,22072008083,RoadObstruction,124.0458251007249,-8.080149119147086,0.5,0,10
441,441:10,TrafficSign:3,scene_28_1,22072008083,TrafficSign,244.33377900498192,-175.31860030584525,0.0,0,58
441,441:10,TrafficSign:3,scene_28_1,22072008083,TrafficSign,244.33377900498192,-175.31860030584525,0.5,0,225
441,441:11,Vehicle:1,scene_28_1,22072008083,Vehicle-SemiTruck-Trailer,161.93824902162802,-5.872335249685356,0.0,16,22
441,441:11,Vehicle:1,scene_28_1,22072008083,Vehicle-SemiTruck-Trailer,161.93824902162802,-5.872335249685356,0.5,30,22
441,441:12,Vehicle:11,scene_28_1,22072008083,Vehicle-SemiTruck-Cab,132.1618132419113,-5.11221671818137,0.0,8,13
441,441:12,Vehicle:11,scene_28_1,22072008083,Vehicle-SemiTruck-Cab,132.1618132419113,-5.11221671818137,0.5,11,13
441,441:13,Vehicle:12,scene_28_1,22072008083,Vehicle,177.66030580339623,-9.44069883745623,0.0,0,6
441,441:13,Vehicle:12,scene_28_1,22072008083,Vehicle,177.66030580339623,-9.44069883745623,0.5,0,6
441,441:14,Vehicle:19,scene_28_1,22072008083,Vehicle-Passenger,96.85892551688958,172.9134023086519,0.0,0,6
441,441:14,Vehicle:19,scene_28_1,22072008083,Vehicle-Passenger,96.85892551688958,172.9134023086519,0.5,0,7
441,441:15,Vehicle:2,scene_28_1,22072008083,Vehicle-SemiTruck-Trailer,121.53760684001023,-4.52824382959344,0.0,19,697
441,441:15,Vehicle:2,scene_28_1,22072008083,Vehicle-SemiTruck-Trailer,121.53760684001023,-4.52824382959344,0.5,34,806
441,441:16,Vehicle:28,scene_28_1,22072008083,Vehicle-Trailer,32.61763707850593,11.137039505165097,0.0,31,14511
441,441:16,Vehicle:28,scene_28_1,22072008083,Vehicle-Trailer,32.61763707850593,11.137039505165097,0.5,50,18736
441,441:17,Vehicle:39,scene_28_1,22072008083,Vehicle-SemiTruck-Cab,172.39461392219664,-6.379167556070916,0.0,11,29
441,441:17,Vehicle:39,scene_28_1,22072008083,Vehicle-SemiTruck-Cab,172.39461392219664,-6.379167556070916,0.5,17,29
441,441:18,Vehicle:4,scene_28_1,22072008083,Vehicle-SemiTruck-Trailer,83.62105721736947,1.3068978786421668,0.0,19,3003
441,441:18,Vehicle:4,scene_28_1,22072008083,Vehicle-SemiTruck-Trailer,83.62105721736947,1.3068978786421668,0.5,45,3336
441,441:19,Vehicle:48,scene_28_1,22072008083,Vehicle-SemiTruck-Trailer,56.64085417728537,159.1012008234316,0.0,18,104
441,441:19,Vehicle:48,scene_28_1,22072008083,Vehicle-SemiTruck-Trailer,56.64085417728537,159.1012008234316,0.5,36,126
441,441:20,Vehicle:5,scene_28_1,22072008083,Vehicle-Passenger,39.80240537529619,8.494021293123666,0.0,18,2781
441,441:20,Vehicle:5,scene_28_1,22072008083,Vehicle-Passenger,39.80240537529619,8.494021293123666,0.5,29,3786
441,441:21,Vehicle:53,scene_28_1,22072008083,Vehicle-Other,32.29043265505642,11.331534260343451,0.0,9,13205
441,441:21,Vehicle:53,scene_28_1,22072008083,Vehicle-Other,32.29043265505642,11.331534260343451,0.5,24,16202
441,441:24,Vehicle:8,scene_28_1,22072008083,Vehicle-Passenger,13.261301277057619,31.023104567708426,0.0,11,4179
441,441:24,Vehicle:8,scene_28_1,22072008083,Vehicle-Passenger,13.261301277057619,31.023104567708426,0.5,24,5122
441,441:25,TrafficSign:7,scene_28_1,22072008083,TrafficSign,71.39043032040145,20.87250925855432,0.0,0,0
441,441:25,TrafficSign:7,scene_28_1,22072008083,TrafficSign,71.39043032040145,20.87250925855432,0.5,1,0
441,441:26,Vehicle:3,scene_28_1,22072008083,Vehicle-SemiTruck-Cab,94.89783372808509,0.17745745631177348,0.0,18,5
441,441:26,Vehicle:3,scene_28_1,22072008083,Vehicle-SemiTruck-Cab,94.89783372808509,0.17745745631177348,0.5,23,10
451,451:0,RoadObstruction:20,scene_28_1,22572156883,RoadObstruction-Barrel,143.60587413347642,-171.1859911708619,0.0,0,7
451,451:0,RoadObstruction:20,scene_28_1,22572156883,RoadObstruction-Barrel,143.60587413347642,-171.1859911708619,0.5,0,12
451,451:1,RoadObstruction:21,scene_28_1,22572156883,RoadObstruction-Barrel,118.85087018377891,-171.9987981473075,0.0,0,6
451,451:1,RoadObstruction:21,scene_28_1,22572156883,RoadObstruction-Barrel,118.85087018377891,-171.9987981473075,0.5,0,16
451,451:2,RoadObstruction:22,scene_28_1,22572156883,RoadObstruction-Barrel,82.88221455551297,-172.93539491056018,0.0,1,61
451,451:2,RoadObstruction:22,scene_28_1,22572156883,RoadObstruction-Barrel,82.88221455551297,-172.93539491056018,0.5,2,98
451,451:3,RoadObstruction:23,scene_28_1,22572156883,RoadObstruction-Barrel,35.00360690676789,-171.6517945509295,0.0,0,111
451,451:3,RoadObstruction:23,scene_28_1,22572156883,RoadObstruction-Barrel,35.00360690676789,-171.6517945509295,0.5,3,210
451,451:4,RoadObstruction:24,scene_28_1,22572156883,RoadObstruction-Barrel,14.776286826070248,-15.835770852991766,0.0,1,0
451,451:4,RoadObstruction:24,scene_28_1,22572156883,RoadObstruction-Barrel,14.776286826070248,-15.835770852991766,0.5,5,130
451,451:5,RoadObstruction:25,scene_28_1,22572156883,RoadObstruction-Barrel,37.83626262212685,-7.886233704490448,0.0,0,576
451,451:5,RoadObstruction:25,scene_28_1,22572156883,RoadObstruction-Barrel,37.83626262212685,-7.886233704490448,0.5,3,1338
451,451:6,RoadObstruction:26,scene_28_1,22572156883,RoadObstruction-Barrel,73.33567587140945,-6.819187193115695,0.0,1,190
451,451:6,RoadObstruction:26,scene_28_1,22572156883,RoadObstruction-Barrel,73.33567587140945,-6.819187193115695,0.5,5,231
451,451:7,RoadObstruction:34,scene_28_1,22572156883,RoadObstruction-Barrel,109.9736823709654,-7.6153136487060475,0.0,0,29
451,451:7,RoadObstruction:34,scene_28_1,22572156883,RoadObstruction-Barrel,109.9736823709654,-7.6153136487060475,0.5,0,34
451,451:8,TrafficSign:3,scene_28_1,22572156883,TrafficSign,258.37381796371244,-174.13281050336727,0.0,0,66
451,451:8,TrafficSign:3,scene_28_1,22572156883,TrafficSign,258.37381796371244,-174.13281050336727,0.5,0,194
451,451:9,TrafficSign:7,scene_28_1,22572156883,TrafficSign,58.390801415166145,27.355559361115724,0.0,0,2
451,451:9,TrafficSign:7,scene_28_1,22572156883,TrafficSign,58.390801415166145,27.355559361115724,0.5,0,6
451,451:10,Vehicle:1,scene_28_1,22572156883,Vehicle-SemiTruck-Trailer,161.2224926096085,-5.699224063819859,0.0,17,11
451,451:10,Vehicle:1,scene_28_1,22572156883,Vehicle-SemiTruck-Trailer,161.2224926096085,-5.699224063819859,0.5,25,18
451,451:11,Vehicle:11,scene_28_1,22572156883,Vehicle-SemiTruck-Cab,129.44891152066796,-4.943782677878762,0.0,8,2
451,451:11,Vehicle:11,scene_28_1,22572156883,Vehicle-SemiTruck-Cab,129.44891152066796,-4.943782677878762,0.5,14,2
451,451:12,Vehicle:12,scene_28_1,22572156883,Vehicle,175.3097312259531,-9.236083678557813,0.0,0,7
451,451:12,Vehicle:12,scene_28_1,22572156883,Vehicle,175.3097312259531,-9.236083678557813,0.5,1,7
451,451:13,Vehicle:2,scene_28_1,22572156883,Vehicle-SemiTruck-Trailer,118.804026997041,-4.331541702559595,0.0,26,793
451,451:13,Vehicle:2,scene_28_1,22572156883,Vehicle-SemiTruck-Trailer,118.804026997041,-4.331541702559595,0.5,44,845
451,451:14,Vehicle:28,scene_28_1,22572156883,Vehicle-Trailer,34.083702556135705,10.578132268121356,0.0,28,14723
451,451:14,Vehicle:28,scene_28_1,22572156883,Vehicle-Trailer,34.083702556135705,10.578132268121356,0.5,54,19765
451,451:15,Vehicle:3,scene_28_1,22572156883,Vehicle-SemiTruck-Cab,95.74105460319124,0.11488254632588837,0.0,16,11
451,451:15,Vehicle:3,scene_28_1,22572156883,Vehicle-SemiTruck-Cab,95.74105460319124,0.11488254632588837,0.5,23,15
451,451:16,Vehicle:4,scene_28_1,22572156883,Vehicle-SemiTruck-Trailer,84.45641578483642,1.2401805540538786,0.0,28,3252
451,451:16,Vehicle:4,scene_28_1,22572156883,Vehicle-SemiTruck-Trailer,84.45641578483642,1.2401805540538786,0.5,48,3479
451,451:17,Vehicle:48,scene_28_1,22572156883,Vehicle-SemiTruck-Trailer,82.588203509433,168.0287685657405,0.0,12,31
451,451:17,Vehicle:48,scene_28_1,22572156883,Vehicle-SemiTruck-Trailer,82.588203509433,168.0287685657405,0.5,24,32
451,451:18,Vehicle:5,scene_28_1,22572156883,Vehicle-Passenger,41.26924224536124,8.078244573622847,0.0,23,2687
451,451:18,Vehicle:5,scene_28_1,22572156883,Vehicle-Passenger,41.26924224536124,8.078244573622847,0.5,38,3698
451,451:19,Vehicle:53,scene_28_1,22572156883,Vehicle-Other,33.69906056252981,10.783098211735394,0.0,6,13654
451,451:19,Vehicle:53,scene_28_1,22572156883,Vehicle-Other,33.69906056252981,10.783098211735394,0.5,23,16851
451,451:22,Vehicle:8,scene_28_1,22572156883,Vehicle-Passenger,14.654672531261879,24.55196947624297,0.0,8,3457
451,451:22,Vehicle:8,scene_28_1,22572156883,Vehicle-Passenger,14.654672531261879,24.55196947624297,0.5,29,4169
451,451:23,Vehicle:9,scene_28_1,22572156883,Vehicle-Passenger,32.85525744908466,31.949104275581778,0.0,3,5
451,451:23,Vehicle:9,scene_28_1,22572156883,Vehicle-Passenger,32.85525744908466,31.949104275581778,0.5,3,15
451,451:24,Vehicle:39,scene_28_1,22572156883,Vehicle-SemiTruck-Cab,171.76512107680034,-6.228211234751231,0.0,6,18
451,451:24,Vehicle:39,scene_28_1,22572156883,Vehicle-SemiTruck-Cab,171.76512107680034,-6.228211234751231,0.5,12,18
