frame,scene,variant,elevation_deg,band_m,group,tolerance_m,reference_voxels,lidar_supported,radar_supported,both,neither
29ec7b00-f07b-5ac5-b295-42115708e936,scene-0003,static,10,2-10,traversable_label,0.4,54,50,2,2,4
29ec7b00-f07b-5ac5-b295-42115708e936,scene-0003,static,10,2-10,traversable_label,0.8,54,54,7,7,0
29ec7b00-f07b-5ac5-b295-42115708e936,scene-0003,static,10,2-10,traversable_label,1.2,54,54,13,13,0
29ec7b00-f07b-5ac5-b295-42115708e936,scene-0003,static,10,2-10,potential_label,0.4,559,556,2,2,3
29ec7b00-f07b-5ac5-b295-42115708e936,scene-0003,static,10,2-10,potential_label,0.8,559,559,32,32,0
29ec7b00-f07b-5ac5-b295-42115708e936,scene-0003,static,10,2-10,potential_label,1.2,559,559,84,84,0
29ec7b00-f07b-5ac5-b295-42115708e936,scene-0003,static,10,2-10,nontraversable_label,0.4,2098,2051,75,75,47
29ec7b00-f07b-5ac5-b295-42115708e936,scene-0003,static,10,2-10,nontraversable_label,0.8,2098,2094,367,366,3
29ec7b00-f07b-5ac5-b295-42115708e936,scene-0003,static,10,2-10,nontraversable_label,1.2,2098,2098,713,713,0
29ec7b00-f07b-5ac5-b295-42115708e936,scene-0003,static,10,2-10,near_ground_geometry,0.4,104,104,0,0,0
29ec7b00-f07b-5ac5-b295-42115708e936,scene-0003,static,10,2-10,near_ground_geometry,0.8,104,104,0,0,0
29ec7b00-f07b-5ac5-b295-42115708e936,scene-0003,static,10,2-10,near_ground_geometry,1.2,104,104,0,0,0
29ec7b00-f07b-5ac5-b295-42115708e936,scene-0003,static,10,2-10,raised_geometry,0.4,21,13,2,2,8
29ec7b00-f07b-5ac5-b295-42115708e936,scene-0003,static,10,2-10,raised_geometry,0.8,21,21,11,11,0
29ec7b00-f07b-5ac5-b295-42115708e936,scene-0003,static,10,2-10,raised_geometry,1.2,21,21,17,17,0
29ec7b00-f07b-5ac5-b295-42115708e936,scene-0003,static,10,10-20,traversable_label,0.4,84,84,0,0,0
29ec7b00-f07b-5ac5-b295-42115708e936,scene-0003,static,10,10-20,traversable_label,0.8,84,84,0,0,0
29ec7b00-f07b-5ac5-b295-42115708e936,scene-0003,static,10,10-20,traversable_label,1.2,84,84,0,0,0
29ec7b00-f07b-5ac5-b295-42115708e936,scene-0003,static,10,10-20,potential_label,0.4,622,617,7,7,5
29ec7b00-f07b-5ac5-b295-42115708e936,scene-0003,static,10,10-20,potential_label,0.8,622,622,47,47,0
29ec7b00-f07b-5ac5-b295-42115708e936,scene-0003,static,10,10-20,potential_label,1.2,622,622,131,131,0
29ec7b00-f07b-5ac5-b295-42115708e936,scene-0003,static,10,10-20,nontraversable_label,0.4,2760,2579,106,104,179
29ec7b00-f07b-5ac5-b295-42115708e936,scene-0003,static,10,10-20,nontraversable_label,0.8,2760,2709,459,459,51
29ec7b00-f07b-5ac5-b295-42115708e936,scene-0003,static,10,10-20,nontraversable_label,1.2,2760,2741,840,839,18
29ec7b00-f07b-5ac5-b295-42115708e936,scene-0003,static,10,10-20,near_ground_geometry,0.4,210,210,0,0,0
29ec7b00-f07b-5ac5-b295-42115708e936,scene-0003,static,10,10-20,near_ground_geometry,0.8,210,210,0,0,0
29ec7b00-f07b-5ac5-b295-42115708e936,scene-0003,static,10,10-20,near_ground_geometry,1.2,210,210,0,0,0
29ec7b00-f07b-5ac5-b295-42115708e936,scene-0003,static,10,20-30,traversable_label,0.4,43,41,0,0,2
29ec7b00-f07b-5ac5-b295-42115708e936,scene-0003,static,10,20-30,traversable_label,0.8,43,43,0,0,0
29ec7b00-f07b-5ac5-b295-42115708e936,scene-0003,static,10,20-30,traversable_label,1.2,43,43,0,0,0
29ec7b00-f07b-5ac5-b295-42115708e936,scene-0003,static,10,20-30,potential_label,0.4,85,80,2,2,5
29ec7b00-f07b-5ac5-b295-42115708e936,scene-0003,static,10,20-30,potential_label,0.8,85,84,11,11,1
29ec7b00-f07b-5ac5-b295-42115708e936,scene-0003,static,10,20-30,potential_label,1.2,85,85,20,20,0
29ec7b00-f07b-5ac5-b295-42115708e936,scene-0003,static,10,20-30,nontraversable_label,0.4,2861,2733,109,105,124
29ec7b00-f07b-5ac5-b295-42115708e936,scene-0003,static,10,20-30,nontraversable_label,0.8,2861,2850,530,529,10
29ec7b00-f07b-5ac5-b295-42115708e936,scene-0003,static,10,20-30,nontraversable_label,1.2,2861,2854,1022,1022,7
29ec7b00-f07b-5ac5-b295-42115708e936,scene-0003,static,10,20-30,near_ground_geometry,0.4,113,110,0,0,3
29ec7b00-f07b-5ac5-b295-42115708e936,scene-0003,static,10,20-30,near_ground_geometry,0.8,113,113,0,0,0
29ec7b00-f07b-5ac5-b295-42115708e936,scene-0003,static,10,20-30,near_ground_geometry,1.2,113,113,0,0,0
29ec7b00-f07b-5ac5-b295-42115708e936,scene-0003,static,10,30-40,traversable_label,0.4,17,14,0,0,3
29ec7b00-f07b-5ac5-b295-42115708e936,scene-0003,static,10,30-40,traversable_label,0.8,17,17,0,0,0
29ec7b00-f07b-5ac5-b295-42115708e936,scene-0003,static,10,30-40,traversable_label,1.2,17,17,0,0,0
29ec7b00-f07b-5ac5-b295-42115708e936,scene-0003,static,10,30-40,potential_label,0.4,27,26,1,1,1
29ec7b00-f07b-5ac5-b295-42115708e936,scene-0003,static,10,30-40,potential_label,0.8,27,27,7,7,0
29ec7b00-f07b-5ac5-b295-42115708e936,scene-0003,static,10,30-40,potential_label,1.2,27,27,10,10,0
29ec7b00-f07b-5ac5-b295-42115708e936,scene-0003,static,10,30-40,nontraversable_label,0.4,1405,1276,58,55,126
29ec7b00-f07b-5ac5-b295-42115708e936,scene-0003,static,10,30-40,nontraversable_label,0.8,1405,1393,275,275,12
29ec7b00-f07b-5ac5-b295-42115708e936,scene-0003,static,10,30-40,nontraversable_label,1.2,1405,1400,593,593,5
29ec7b00-f07b-5ac5-b295-42115708e936,scene-0003,static,10,30-40,near_ground_geometry,0.4,32,29,0,0,3
29ec7b00-f07b-5ac5-b295-42115708e936,scene-0003,static,10,30-40,near_ground_geometry,0.8,32,32,0,0,0
29ec7b00-f07b-5ac5-b295-42115708e936,scene-0003,static,10,30-40,near_ground_geometry,1.2,32,32,0,0,0
29ec7b00-f07b-5ac5-b295-42115708e936,scene-0003,static,20,2-10,traversable_label,0.4,92,84,4,4,8
29ec7b00-f07b-5ac5-b295-42115708e936,scene-0003,static,20,2-10,traversable_label,0.8,92,91,13,13,1
29ec7b00-f07b-5ac5-b295-42115708e936,scene-0003,static,20,2-10,traversable_label,1.2,92,92,26,26,0
29ec7b00-f07b-5ac5-b295-42115708e936,scene-0003,static,20,2-10,potential_label,0.4,943,940,2,2,3
29ec7b00-f07b-5ac5-b295-42115708e936,scene-0003,static,20,2-10,potential_label,0.8,943,943,43,43,0
29ec7b00-f07b-5ac5-b295-42115708e936,scene-0003,static,20,2-10,potential_label,1.2,943,943,135,135,0
29ec7b00-f07b-5ac5-b295-42115708e936,scene-0003,static,20,2-10,nontraversable_label,0.4,2426,2376,81,81,50
29ec7b00-f07b-5ac5-b295-42115708e936,scene-0003,static,20,2-10,nontraversable_label,0.8,2426,2421,400,399,4
29ec7b00-f07b-5ac5-b295-42115708e936,scene-0003,static,20,2-10,nontraversable_label,1.2,2426,2426,810,810,0
29ec7b00-f07b-5ac5-b295-42115708e936,scene-0003,static,20,2-10,near_ground_geometry,0.4,174,174,0,0,0
29ec7b00-f07b-5ac5-b295-42115708e936,scene-0003,static,20,2-10,near_ground_geometry,0.8,174,174,3,3,0
29ec7b00-f07b-5ac5-b295-42115708e936,scene-0003,static,20,2-10,near_ground_geometry,1.2,174,174,9,9,0
29ec7b00-f07b-5ac5-b295-42115708e936,scene-0003,static,20,2-10,raised_geometry,0.4,31,18,2,2,13
29ec7b00-f07b-5ac5-b295-42115708e936,scene-0003,static,20,2-10,raised_geometry,0.8,31,29,12,12,2
29ec7b00-f07b-5ac5-b295-42115708e936,scene-0003,static,20,2-10,raised_geometry,1.2,31,31,24,24,0
29ec7b00-f07b-5ac5-b295-42115708e936,scene-0003,static,20,10-20,traversable_label,0.4,84,84,0,0,0
29ec7b00-f07b-5ac5-b295-42115708e936,scene-0003,static,20,10-20,traversable_label,0.8,84,84,0,0,0
29ec7b00-f07b-5ac5-b295-42115708e936,scene-0003,static,20,10-20,traversable_label,1.2,84,84,0,0,0
29ec7b00-f07b-5ac5-b295-42115708e936,scene-0003,static,20,10-20,potential_label,0.4,622,617,7,7,5
29ec7b00-f07b-5ac5-b295-42115708e936,scene-0003,static,20,10-20,potential_label,0.8,622,622,47,47,0
29ec7b00-f07b-5ac5-b295-42115708e936,scene-0003,static,20,10-20,potential_label,1.2,622,622,131,131,0
29ec7b00-f07b-5ac5-b295-42115708e936,scene-0003,static,20,10-20,nontraversable_label,0.4,2995,2806,107,105,187
29ec7b00-f07b-5ac5-b295-42115708e936,scene-0003,static,20,10-20,nontraversable_label,0.8,2995,2944,466,466,51
29ec7b00-f07b-5ac5-b295-42115708e936,scene-0003,static,20,10-20,nontraversable_label,1.2,2995,2976,855,854,18
29ec7b00-f07b-5ac5-b295-42115708e936,scene-0003,static,20,10-20,near_ground_geometry,0.4,210,210,0,0,0
29ec7b00-f07b-5ac5-b295-42115708e936,scene-0003,static,20,10-20,near_ground_geometry,0.8,210,210,0,0,0
29ec7b00-f07b-5ac5-b295-42115708e936,scene-0003,static,20,10-20,near_ground_geometry,1.2,210,210,0,0,0
29ec7b00-f07b-5ac5-b295-42115708e936,scene-0003,static,20,20-30,traversable_label,0.4,43,41,0,0,2
29ec7b00-f07b-5ac5-b295-42115708e936,scene-0003,static,20,20-30,traversable_label,0.8,43,43,0,0,0
29ec7b00-f07b-5ac5-b295-42115708e936,scene-0003,static,20,20-30,traversable_label,1.2,43,43,0,0,0
29ec7b00-f07b-5ac5-b295-42115708e936,scene-0003,static,20,20-30,potential_label,0.4,85,80,2,2,5
29ec7b00-f07b-5ac5-b295-42115708e936,scene-0003,static,20,20-30,potential_label,0.8,85,84,11,11,1
29ec7b00-f07b-5ac5-b295-42115708e936,scene-0003,static,20,20-30,potential_label,1.2,85,85,20,20,0
29ec7b00-f07b-5ac5-b295-42115708e936,scene-0003,static,20,20-30,nontraversable_label,0.4,2983,2852,109,105,127
29ec7b00-f07b-5ac5-b295-42115708e936,scene-0003,static,20,20-30,nontraversable_label,0.8,2983,2971,530,529,11
29ec7b00-f07b-5ac5-b295-42115708e936,scene-0003,static,20,20-30,nontraversable_label,1.2,2983,2976,1024,1024,7
29ec7b00-f07b-5ac5-b295-42115708e936,scene-0003,static,20,20-30,near_ground_geometry,0.4,113,110,0,0,3
29ec7b00-f07b-5ac5-b295-42115708e936,scene-0003,static,20,20-30,near_ground_geometry,0.8,113,113,0,0,0
29ec7b00-f07b-5ac5-b295-42115708e936,scene-0003,static,20,20-30,near_ground_geometry,1.2,113,113,0,0,0
29ec7b00-f07b-5ac5-b295-42115708e936,scene-0003,static,20,30-40,traversable_label,0.4,17,14,0,0,3
29ec7b00-f07b-5ac5-b295-42115708e936,scene-0003,static,20,30-40,traversable_label,0.8,17,17,0,0,0
29ec7b00-f07b-5ac5-b295-42115708e936,scene-0003,static,20,30-40,traversable_label,1.2,17,17,0,0,0
29ec7b00-f07b-5ac5-b295-42115708e936,scene-0003,static,20,30-40,potential_label,0.4,27,26,1,1,1
29ec7b00-f07b-5ac5-b295-42115708e936,scene-0003,static,20,30-40,potential_label,0.8,27,27,7,7,0
29ec7b00-f07b-5ac5-b295-42115708e936,scene-0003,static,20,30-40,potential_label,1.2,27,27,10,10,0
29ec7b00-f07b-5ac5-b295-42115708e936,scene-0003,static,20,30-40,nontraversable_label,0.4,1405,1276,58,55,126
29ec7b00-f07b-5ac5-b295-42115708e936,scene-0003,static,20,30-40,nontraversable_label,0.8,1405,1393,275,275,12
29ec7b00-f07b-5ac5-b295-42115708e936,scene-0003,static,20,30-40,nontraversable_label,1.2,1405,1400,593,593,5
29ec7b00-f07b-5ac5-b295-42115708e936,scene-0003,static,20,30-40,near_ground_geometry,0.4,32,29,0,0,3
29ec7b00-f07b-5ac5-b295-42115708e936,scene-0003,static,20,30-40,near_ground_geometry,0.8,32,32,0,0,0
29ec7b00-f07b-5ac5-b295-42115708e936,scene-0003,static,20,30-40,near_ground_geometry,1.2,32,32,0,0,0
29ec7b00-f07b-5ac5-b295-42115708e936,scene-0003,aligned,10,2-10,traversable_label,0.4,54,50,2,2,4
29ec7b00-f07b-5ac5-b295-42115708e936,scene-0003,aligned,10,2-10,traversable_label,0.8,54,54,7,7,0
29ec7b00-f07b-5ac5-b295-42115708e936,scene-0003,aligned,10,2-10,traversable_label,1.2,54,54,13,13,0
29ec7b00-f07b-5ac5-b295-42115708e936,scene-0003,aligned,10,2-10,potential_label,0.4,559,556,2,2,3
29ec7b00-f07b-5ac5-b295-42115708e936,scene-0003,aligned,10,2-10,potential_label,0.8,559,559,32,32,0
29ec7b00-f07b-5ac5-b295-42115708e936,scene-0003,aligned,10,2-10,potential_label,1.2,559,559,84,84,0
29ec7b00-f07b-5ac5-b295-42115708e936,scene-0003,aligned,10,2-10,nontraversable_label,0.4,2098,2051,75,75,47
29ec7b00-f07b-5ac5-b295-42115708e936,scene-0003,aligned,10,2-10,nontraversable_label,0.8,2098,2094,367,366,3
29ec7b00-f07b-5ac5-b295-42115708e936,scene-0003,aligned,10,2-10,nontraversable_label,1.2,2098,2098,713,713,0
29ec7b00-f07b-5ac5-b295-42115708e936,scene-0003,aligned,10,2-10,near_ground_geometry,0.4,104,104,0,0,0
29ec7b00-f07b-5ac5-b295-42115708e936,scene-0003,aligned,10,2-10,near_ground_geometry,0.8,104,104,0,0,0
29ec7b00-f07b-5ac5-b295-42115708e936,scene-0003,aligned,10,2-10,near_ground_geometry,1.2,104,104,0,0,0
29ec7b00-f07b-5ac5-b295-42115708e936,scene-0003,aligned,10,2-10,raised_geometry,0.4,21,13,2,2,8
29ec7b00-f07b-5ac5-b295-42115708e936,scene-0003,aligned,10,2-10,raised_geometry,0.8,21,21,11,11,0
29ec7b00-f07b-5ac5-b295-42115708e936,scene-0003,aligned,10,2-10,raised_geometry,1.2,21,21,17,17,0
29ec7b00-f07b-5ac5-b295-42115708e936,scene-0003,aligned,10,10-20,traversable_label,0.4,84,84,0,0,0
29ec7b00-f07b-5ac5-b295-42115708e936,scene-0003,aligned,10,10-20,traversable_label,0.8,84,84,0,0,0
29ec7b00-f07b-5ac5-b295-42115708e936,scene-0003,aligned,10,10-20,traversable_label,1.2,84,84,0,0,0
29ec7b00-f07b-5ac5-b295-42115708e936,scene-0003,aligned,10,10-20,potential_label,0.4,622,617,7,7,5
29ec7b00-f07b-5ac5-b295-42115708e936,scene-0003,aligned,10,10-20,potential_label,0.8,622,622,47,47,0
29ec7b00-f07b-5ac5-b295-42115708e936,scene-0003,aligned,10,10-20,potential_label,1.2,622,622,131,131,0
29ec7b00-f07b-5ac5-b295-42115708e936,scene-0003,aligned,10,10-20,nontraversable_label,0.4,2760,2579,107,105,179
29ec7b00-f07b-5ac5-b295-42115708e936,scene-0003,aligned,10,10-20,nontraversable_label,0.8,2760,2709,459,459,51
29ec7b00-f07b-5ac5-b295-42115708e936,scene-0003,aligned,10,10-20,nontraversable_label,1.2,2760,2741,840,839,18
29ec7b00-f07b-5ac5-b295-42115708e936,scene-0003,aligned,10,10-20,near_ground_geometry,0.4,210,210,0,0,0
29ec7b00-f07b-5ac5-b295-42115708e936,scene-0003,aligned,10,10-20,near_ground_geometry,0.8,210,210,0,0,0
29ec7b00-f07b-5ac5-b295-42115708e936,scene-0003,aligned,10,10-20,near_ground_geometry,1.2,210,210,0,0,0
29ec7b00-f07b-5ac5-b295-42115708e936,scene-0003,aligned,10,20-30,traversable_label,0.4,43,41,0,0,2
29ec7b00-f07b-5ac5-b295-42115708e936,scene-0003,aligned,10,20-30,traversable_label,0.8,43,43,0,0,0
29ec7b00-f07b-5ac5-b295-42115708e936,scene-0003,aligned,10,20-30,traversable_label,1.2,43,43,0,0,0
29ec7b00-f07b-5ac5-b295-42115708e936,scene-0003,aligned,10,20-30,potential_label,0.4,85,80,2,2,5
29ec7b00-f07b-5ac5-b295-42115708e936,scene-0003,aligned,10,20-30,potential_label,0.8,85,84,11,11,1
29ec7b00-f07b-5ac5-b295-42115708e936,scene-0003,aligned,10,20-30,potential_label,1.2,85,85,20,20,0
29ec7b00-f07b-5ac5-b295-42115708e936,scene-0003,aligned,10,20-30,nontraversable_label,0.4,2861,2733,109,105,124
29ec7b00-f07b-5ac5-b295-42115708e936,scene-0003,aligned,10,20-30,nontraversable_label,0.8,2861,2850,530,529,10
29ec7b00-f07b-5ac5-b295-42115708e936,scene-0003,aligned,10,20-30,nontraversable_label,1.2,2861,2854,1022,1022,7
29ec7b00-f07b-5ac5-b295-42115708e936,scene-0003,aligned,10,20-30,near_ground_geometry,0.4,113,110,0,0,3
29ec7b00-f07b-5ac5-b295-42115708e936,scene-0003,aligned,10,20-30,near_ground_geometry,0.8,113,113,0,0,0
29ec7b00-f07b-5ac5-b295-42115708e936,scene-0003,aligned,10,20-30,near_ground_geometry,1.2,113,113,0,0,0
29ec7b00-f07b-5ac5-b295-42115708e936,scene-0003,aligned,10,30-40,traversable_label,0.4,17,14,0,0,3
29ec7b00-f07b-5ac5-b295-42115708e936,scene-0003,aligned,10,30-40,traversable_label,0.8,17,17,0,0,0
29ec7b00-f07b-5ac5-b295-42115708e936,scene-0003,aligned,10,30-40,traversable_label,1.2,17,17,0,0,0
29ec7b00-f07b-5ac5-b295-42115708e936,scene-0003,aligned,10,30-40,potential_label,0.4,27,26,1,1,1
29ec7b00-f07b-5ac5-b295-42115708e936,scene-0003,aligned,10,30-40,potential_label,0.8,27,27,7,7,0
29ec7b00-f07b-5ac5-b295-42115708e936,scene-0003,aligned,10,30-40,potential_label,1.2,27,27,10,10,0
29ec7b00-f07b-5ac5-b295-42115708e936,scene-0003,aligned,10,30-40,nontraversable_label,0.4,1405,1276,58,55,126
29ec7b00-f07b-5ac5-b295-42115708e936,scene-0003,aligned,10,30-40,nontraversable_label,0.8,1405,1393,275,275,12
29ec7b00-f07b-5ac5-b295-42115708e936,scene-0003,aligned,10,30-40,nontraversable_label,1.2,1405,1400,593,593,5
29ec7b00-f07b-5ac5-b295-42115708e936,scene-0003,aligned,10,30-40,near_ground_geometry,0.4,32,29,0,0,3
29ec7b00-f07b-5ac5-b295-42115708e936,scene-0003,aligned,10,30-40,near_ground_geometry,0.8,32,32,0,0,0
29ec7b00-f07b-5ac5-b295-42115708e936,scene-0003,aligned,10,30-40,near_ground_geometry,1.2,32,32,0,0,0
29ec7b00-f07b-5ac5-b295-42115708e936,scene-0003,aligned,20,2-10,traversable_label,0.4,92,84,4,4,8
29ec7b00-f07b-5ac5-b295-42115708e936,scene-0003,aligned,20,2-10,traversable_label,0.8,92,91,13,13,1
29ec7b00-f07b-5ac5-b295-42115708e936,scene-0003,aligned,20,2-10,traversable_label,1.2,92,92,26,26,0
29ec7b00-f07b-5ac5-b295-42115708e936,scene-0003,aligned,20,2-10,potential_label,0.4,943,940,2,2,3
29ec7b00-f07b-5ac5-b295-42115708e936,scene-0003,aligned,20,2-10,potential_label,0.8,943,943,43,43,0
29ec7b00-f07b-5ac5-b295-42115708e936,scene-0003,aligned,20,2-10,potential_label,1.2,943,943,135,135,0
29ec7b00-f07b-5ac5-b295-42115708e936,scene-0003,aligned,20,2-10,nontraversable_label,0.4,2426,2376,81,81,50
29ec7b00-f07b-5ac5-b295-42115708e936,scene-0003,aligned,20,2-10,nontraversable_label,0.8,2426,2421,400,399,4
29ec7b00-f07b-5ac5-b295-42115708e936,scene-0003,aligned,20,2-10,nontraversable_label,1.2,2426,2426,810,810,0
29ec7b00-f07b-5ac5-b295-42115708e936,scene-0003,aligned,20,2-10,near_ground_geometry,0.4,174,174,0,0,0
29ec7b00-f07b-5ac5-b295-42115708e936,scene-0003,aligned,20,2-10,near_ground_geometry,0.8,174,174,3,3,0
29ec7b00-f07b-5ac5-b295-42115708e936,scene-0003,aligned,20,2-10,near_ground_geometry,1.2,174,174,9,9,0
29ec7b00-f07b-5ac5-b295-42115708e936,scene-0003,aligned,20,2-10,raised_geometry,0.4,31,18,2,2,13
29ec7b00-f07b-5ac5-b295-42115708e936,scene-0003,aligned,20,2-10,raised_geometry,0.8,31,29,12,12,2
29ec7b00-f07b-5ac5-b295-42115708e936,scene-0003,aligned,20,2-10,raised_geometry,1.2,31,31,24,24,0
29ec7b00-f07b-5ac5-b295-42115708e936,scene-0003,aligned,20,10-20,traversable_label,0.4,84,84,0,0,0
29ec7b00-f07b-5ac5-b295-42115708e936,scene-0003,aligned,20,10-20,traversable_label,0.8,84,84,0,0,0
29ec7b00-f07b-5ac5-b295-42115708e936,scene-0003,aligned,20,10-20,traversable_label,1.2,84,84,0,0,0
29ec7b00-f07b-5ac5-b295-42115708e936,scene-0003,aligned,20,10-20,potential_label,0.4,622,617,7,7,5
29ec7b00-f07b-5ac5-b295-42115708e936,scene-0003,aligned,20,10-20,potential_label,0.8,622,622,47,47,0
29ec7b00-f07b-5ac5-b295-42115708e936,scene-0003,aligned,20,10-20,potential_label,1.2,622,622,131,131,0
29ec7b00-f07b-5ac5-b295-42115708e936,scene-0003,aligned,20,10-20,nontraversable_label,0.4,2995,2806,108,106,187
29ec7b00-f07b-5ac5-b295-42115708e936,scene-0003,aligned,20,10-20,nontraversable_label,0.8,2995,2944,466,466,51
29ec7b00-f07b-5ac5-b295-42115708e936,scene-0003,aligned,20,10-20,nontraversable_label,1.2,2995,2976,855,854,18
29ec7b00-f07b-5ac5-b295-42115708e936,scene-0003,aligned,20,10-20,near_ground_geometry,0.4,210,210,0,0,0
29ec7b00-f07b-5ac5-b295-42115708e936,scene-0003,aligned,20,10-20,near_ground_geometry,0.8,210,210,0,0,0
29ec7b00-f07b-5ac5-b295-42115708e936,scene-0003,aligned,20,10-20,near_ground_geometry,1.2,210,210,0,0,0
29ec7b00-f07b-5ac5-b295-42115708e936,scene-0003,aligned,20,20-30,traversable_label,0.4,43,41,0,0,2
29ec7b00-f07b-5ac5-b295-42115708e936,scene-0003,aligned,20,20-30,traversable_label,0.8,43,43,0,0,0
29ec7b00-f07b-5ac5-b295-42115708e936,scene-0003,aligned,20,20-30,traversable_label,1.2,43,43,0,0,0
29ec7b00-f07b-5ac5-b295-42115708e936,scene-0003,aligned,20,20-30,potential_label,0.4,85,80,2,2,5
29ec7b00-f07b-5ac5-b295-42115708e936,scene-0003,aligned,20,20-30,potential_label,0.8,85,84,11,11,1
29ec7b00-f07b-5ac5-b295-42115708e936,scene-0003,aligned,20,20-30,potential_label,1.2,85,85,20,20,0
29ec7b00-f07b-5ac5-b295-42115708e936,scene-0003,aligned,20,20-30,nontraversable_label,0.4,2983,2852,109,105,127
29ec7b00-f07b-5ac5-b295-42115708e936,scene-0003,aligned,20,20-30,nontraversable_label,0.8,2983,2971,530,529,11
29ec7b00-f07b-5ac5-b295-42115708e936,scene-0003,aligned,20,20-30,nontraversable_label,1.2,2983,2976,1024,1024,7
29ec7b00-f07b-5ac5-b295-42115708e936,scene-0003,aligned,20,20-30,near_ground_geometry,0.4,113,110,0,0,3
29ec7b00-f07b-5ac5-b295-42115708e936,scene-0003,aligned,20,20-30,near_ground_geometry,0.8,113,113,0,0,0
29ec7b00-f07b-5ac5-b295-42115708e936,scene-0003,aligned,20,20-30,near_ground_geometry,1.2,113,113,0,0,0
29ec7b00-f07b-5ac5-b295-42115708e936,scene-0003,aligned,20,30-40,traversable_label,0.4,17,14,0,0,3
29ec7b00-f07b-5ac5-b295-42115708e936,scene-0003,aligned,20,30-40,traversable_label,0.8,17,17,0,0,0
29ec7b00-f07b-5ac5-b295-42115708e936,scene-0003,aligned,20,30-40,traversable_label,1.2,17,17,0,0,0
29ec7b00-f07b-5ac5-b295-42115708e936,scene-0003,aligned,20,30-40,potential_label,0.4,27,26,1,1,1
29ec7b00-f07b-5ac5-b295-42115708e936,scene-0003,aligned,20,30-40,potential_label,0.8,27,27,7,7,0
29ec7b00-f07b-5ac5-b295-42115708e936,scene-0003,aligned,20,30-40,potential_label,1.2,27,27,10,10,0
29ec7b00-f07b-5ac5-b295-42115708e936,scene-0003,aligned,20,30-40,nontraversable_label,0.4,1405,1276,58,55,126
29ec7b00-f07b-5ac5-b295-42115708e936,scene-0003,aligned,20,30-40,nontraversable_label,0.8,1405,1393,275,275,12
29ec7b00-f07b-5ac5-b295-42115708e936,scene-0003,aligned,20,30-40,nontraversable_label,1.2,1405,1400,593,593,5
29ec7b00-f07b-5ac5-b295-42115708e936,scene-0003,aligned,20,30-40,near_ground_geometry,0.4,32,29,0,0,3
29ec7b00-f07b-5ac5-b295-42115708e936,scene-0003,aligned,20,30-40,near_ground_geometry,0.8,32,32,0,0,0
29ec7b00-f07b-5ac5-b295-42115708e936,scene-0003,aligned,20,30-40,near_ground_geometry,1.2,32,32,0,0,0
29ec7b00-f07b-5ac5-b295-42115708e936,scene-0003,ros_origin,10,2-10,traversable_label,0.4,54,50,0,0,4
29ec7b00-f07b-5ac5-b295-42115708e936,scene-0003,ros_origin,10,2-10,traversable_label,0.8,54,54,2,2,0
29ec7b00-f07b-5ac5-b295-42115708e936,scene-0003,ros_origin,10,2-10,traversable_label,1.2,54,54,10,10,0
29ec7b00-f07b-5ac5-b295-42115708e936,scene-0003,ros_origin,10,2-10,potential_label,0.4,559,556,8,8,3
29ec7b00-f07b-5ac5-b295-42115708e936,scene-0003,ros_origin,10,2-10,potential_label,0.8,559,559,42,42,0
29ec7b00-f07b-5ac5-b295-42115708e936,scene-0003,ros_origin,10,2-10,potential_label,1.2,559,559,93,93,0
29ec7b00-f07b-5ac5-b295-42115708e936,scene-0003,ros_origin,10,2-10,nontraversable_label,0.4,2098,2051,63,63,47
29ec7b00-f07b-5ac5-b295-42115708e936,scene-0003,ros_origin,10,2-10,nontraversable_label,0.8,2098,2094,340,340,4
29ec7b00-f07b-5ac5-b295-42115708e936,scene-0003,ros_origin,10,2-10,nontraversable_label,1.2,2098,2098,678,678,0
29ec7b00-f07b-5ac5-b295-42115708e936,scene-0003,ros_origin,10,2-10,near_ground_geometry,0.4,104,104,0,0,0
29ec7b00-f07b-5ac5-b295-42115708e936,scene-0003,ros_origin,10,2-10,near_ground_geometry,0.8,104,104,0,0,0
29ec7b00-f07b-5ac5-b295-42115708e936,scene-0003,ros_origin,10,2-10,near_ground_geometry,1.2,104,104,0,0,0
29ec7b00-f07b-5ac5-b295-42115708e936,scene-0003,ros_origin,10,2-10,raised_geometry,0.4,21,13,0,0,8
29ec7b00-f07b-5ac5-b295-42115708e936,scene-0003,ros_origin,10,2-10,raised_geometry,0.8,21,21,3,3,0
29ec7b00-f07b-5ac5-b295-42115708e936,scene-0003,ros_origin,10,2-10,raised_geometry,1.2,21,21,13,13,0
29ec7b00-f07b-5ac5-b295-42115708e936,scene-0003,ros_origin,10,10-20,traversable_label,0.4,84,84,0,0,0
29ec7b00-f07b-5ac5-b295-42115708e936,scene-0003,ros_origin,10,10-20,traversable_label,0.8,84,84,0,0,0
29ec7b00-f07b-5ac5-b295-42115708e936,scene-0003,ros_origin,10,10-20,traversable_label,1.2,84,84,0,0,0
29ec7b00-f07b-5ac5-b295-42115708e936,scene-0003,ros_origin,10,10-20,potential_label,0.4,622,617,1,1,5
29ec7b00-f07b-5ac5-b295-42115708e936,scene-0003,ros_origin,10,10-20,potential_label,0.8,622,622,59,59,0
29ec7b00-f07b-5ac5-b295-42115708e936,scene-0003,ros_origin,10,10-20,potential_label,1.2,622,622,147,147,0
29ec7b00-f07b-5ac5-b295-42115708e936,scene-0003,ros_origin,10,10-20,nontraversable_label,0.4,2760,2579,115,112,178
29ec7b00-f07b-5ac5-b295-42115708e936,scene-0003,ros_origin,10,10-20,nontraversable_label,0.8,2760,2709,451,451,51
29ec7b00-f07b-5ac5-b295-42115708e936,scene-0003,ros_origin,10,10-20,nontraversable_label,1.2,2760,2741,791,791,19
29ec7b00-f07b-5ac5-b295-42115708e936,scene-0003,ros_origin,10,10-20,near_ground_geometry,0.4,210,210,0,0,0
29ec7b00-f07b-5ac5-b295-42115708e936,scene-0003,ros_origin,10,10-20,near_ground_geometry,0.8,210,210,0,0,0
29ec7b00-f07b-5ac5-b295-42115708e936,scene-0003,ros_origin,10,10-20,near_ground_geometry,1.2,210,210,0,0,0
29ec7b00-f07b-5ac5-b295-42115708e936,scene-0003,ros_origin,10,20-30,traversable_label,0.4,43,41,0,0,2
29ec7b00-f07b-5ac5-b295-42115708e936,scene-0003,ros_origin,10,20-30,traversable_label,0.8,43,43,0,0,0
29ec7b00-f07b-5ac5-b295-42115708e936,scene-0003,ros_origin,10,20-30,traversable_label,1.2,43,43,0,0,0
29ec7b00-f07b-5ac5-b295-42115708e936,scene-0003,ros_origin,10,20-30,potential_label,0.4,85,80,3,3,5
29ec7b00-f07b-5ac5-b295-42115708e936,scene-0003,ros_origin,10,20-30,potential_label,0.8,85,84,11,11,1
29ec7b00-f07b-5ac5-b295-42115708e936,scene-0003,ros_origin,10,20-30,potential_label,1.2,85,85,23,23,0
29ec7b00-f07b-5ac5-b295-42115708e936,scene-0003,ros_origin,10,20-30,nontraversable_label,0.4,2861,2733,102,99,125
29ec7b00-f07b-5ac5-b295-42115708e936,scene-0003,ros_origin,10,20-30,nontraversable_label,0.8,2861,2850,478,478,11
29ec7b00-f07b-5ac5-b295-42115708e936,scene-0003,ros_origin,10,20-30,nontraversable_label,1.2,2861,2854,942,942,7
29ec7b00-f07b-5ac5-b295-42115708e936,scene-0003,ros_origin,10,20-30,near_ground_geometry,0.4,113,110,0,0,3
29ec7b00-f07b-5ac5-b295-42115708e936,scene-0003,ros_origin,10,20-30,near_ground_geometry,0.8,113,113,0,0,0
29ec7b00-f07b-5ac5-b295-42115708e936,scene-0003,ros_origin,10,20-30,near_ground_geometry,1.2,113,113,0,0,0
29ec7b00-f07b-5ac5-b295-42115708e936,scene-0003,ros_origin,10,30-40,traversable_label,0.4,17,14,0,0,3
29ec7b00-f07b-5ac5-b295-42115708e936,scene-0003,ros_origin,10,30-40,traversable_label,0.8,17,17,0,0,0
29ec7b00-f07b-5ac5-b295-42115708e936,scene-0003,ros_origin,10,30-40,traversable_label,1.2,17,17,0,0,0
29ec7b00-f07b-5ac5-b295-42115708e936,scene-0003,ros_origin,10,30-40,potential_label,0.4,27,26,3,3,1
29ec7b00-f07b-5ac5-b295-42115708e936,scene-0003,ros_origin,10,30-40,potential_label,0.8,27,27,9,9,0
29ec7b00-f07b-5ac5-b295-42115708e936,scene-0003,ros_origin,10,30-40,potential_label,1.2,27,27,11,11,0
29ec7b00-f07b-5ac5-b295-42115708e936,scene-0003,ros_origin,10,30-40,nontraversable_label,0.4,1405,1276,64,62,127
29ec7b00-f07b-5ac5-b295-42115708e936,scene-0003,ros_origin,10,30-40,nontraversable_label,0.8,1405,1393,325,325,12
29ec7b00-f07b-5ac5-b295-42115708e936,scene-0003,ros_origin,10,30-40,nontraversable_label,1.2,1405,1400,598,598,5
29ec7b00-f07b-5ac5-b295-42115708e936,scene-0003,ros_origin,10,30-40,near_ground_geometry,0.4,32,29,0,0,3
29ec7b00-f07b-5ac5-b295-42115708e936,scene-0003,ros_origin,10,30-40,near_ground_geometry,0.8,32,32,0,0,0
29ec7b00-f07b-5ac5-b295-42115708e936,scene-0003,ros_origin,10,30-40,near_ground_geometry,1.2,32,32,0,0,0
29ec7b00-f07b-5ac5-b295-42115708e936,scene-0003,ros_origin,20,2-10,traversable_label,0.4,92,84,2,2,8
29ec7b00-f07b-5ac5-b295-42115708e936,scene-0003,ros_origin,20,2-10,traversable_label,0.8,92,91,6,6,1
29ec7b00-f07b-5ac5-b295-42115708e936,scene-0003,ros_origin,20,2-10,traversable_label,1.2,92,92,18,18,0
29ec7b00-f07b-5ac5-b295-42115708e936,scene-0003,ros_origin,20,2-10,potential_label,0.4,943,940,9,9,3
29ec7b00-f07b-5ac5-b295-42115708e936,scene-0003,ros_origin,20,2-10,potential_label,0.8,943,943,59,59,0
29ec7b00-f07b-5ac5-b295-42115708e936,scene-0003,ros_origin,20,2-10,potential_label,1.2,943,943,167,167,0
29ec7b00-f07b-5ac5-b295-42115708e936,scene-0003,ros_origin,20,2-10,nontraversable_label,0.4,2426,2376,68,68,50
29ec7b00-f07b-5ac5-b295-42115708e936,scene-0003,ros_origin,20,2-10,nontraversable_label,0.8,2426,2421,381,381,5
29ec7b00-f07b-5ac5-b295-42115708e936,scene-0003,ros_origin,20,2-10,nontraversable_label,1.2,2426,2426,789,789,0
29ec7b00-f07b-5ac5-b295-42115708e936,scene-0003,ros_origin,20,2-10,near_ground_geometry,0.4,174,174,0,0,0
29ec7b00-f07b-5ac5-b295-42115708e936,scene-0003,ros_origin,20,2-10,near_ground_geometry,0.8,174,174,3,3,0
29ec7b00-f07b-5ac5-b295-42115708e936,scene-0003,ros_origin,20,2-10,near_ground_geometry,1.2,174,174,10,10,0
29ec7b00-f07b-5ac5-b295-42115708e936,scene-0003,ros_origin,20,2-10,raised_geometry,0.4,31,18,0,0,13
29ec7b00-f07b-5ac5-b295-42115708e936,scene-0003,ros_origin,20,2-10,raised_geometry,0.8,31,29,3,3,2
29ec7b00-f07b-5ac5-b295-42115708e936,scene-0003,ros_origin,20,2-10,raised_geometry,1.2,31,31,13,13,0
29ec7b00-f07b-5ac5-b295-42115708e936,scene-0003,ros_origin,20,10-20,traversable_label,0.4,84,84,0,0,0
29ec7b00-f07b-5ac5-b295-42115708e936,scene-0003,ros_origin,20,10-20,traversable_label,0.8,84,84,0,0,0
29ec7b00-f07b-5ac5-b295-42115708e936,scene-0003,ros_origin,20,10-20,traversable_label,1.2,84,84,0,0,0
29ec7b00-f07b-5ac5-b295-42115708e936,scene-0003,ros_origin,20,10-20,potential_label,0.4,622,617,1,1,5
29ec7b00-f07b-5ac5-b295-42115708e936,scene-0003,ros_origin,20,10-20,potential_label,0.8,622,622,59,59,0
29ec7b00-f07b-5ac5-b295-42115708e936,scene-0003,ros_origin,20,10-20,potential_label,1.2,622,622,147,147,0
29ec7b00-f07b-5ac5-b295-42115708e936,scene-0003,ros_origin,20,10-20,nontraversable_label,0.4,2995,2806,115,112,186
29ec7b00-f07b-5ac5-b295-42115708e936,scene-0003,ros_origin,20,10-20,nontraversable_label,0.8,2995,2944,451,451,51
29ec7b00-f07b-5ac5-b295-42115708e936,scene-0003,ros_origin,20,10-20,nontraversable_label,1.2,2995,2976,796,796,19
29ec7b00-f07b-5ac5-b295-42115708e936,scene-0003,ros_origin,20,10-20,near_ground_geometry,0.4,210,210,0,0,0
29ec7b00-f07b-5ac5-b295-42115708e936,scene-0003,ros_origin,20,10-20,near_ground_geometry,0.8,210,210,0,0,0
29ec7b00-f07b-5ac5-b295-42115708e936,scene-0003,ros_origin,20,10-20,near_ground_geometry,1.2,210,210,0,0,0
29ec7b00-f07b-5ac5-b295-42115708e936,scene-0003,ros_origin,20,20-30,traversable_label,0.4,43,41,0,0,2
29ec7b00-f07b-5ac5-b295-42115708e936,scene-0003,ros_origin,20,20-30,traversable_label,0.8,43,43,0,0,0
29ec7b00-f07b-5ac5-b295-42115708e936,scene-0003,ros_origin,20,20-30,traversable_label,1.2,43,43,0,0,0
29ec7b00-f07b-5ac5-b295-42115708e936,scene-0003,ros_origin,20,20-30,potential_label,0.4,85,80,3,3,5
29ec7b00-f07b-5ac5-b295-42115708e936,scene-0003,ros_origin,20,20-30,potential_label,0.8,85,84,11,11,1
29ec7b00-f07b-5ac5-b295-42115708e936,scene-0003,ros_origin,20,20-30,potential_label,1.2,85,85,23,23,0
29ec7b00-f07b-5ac5-b295-42115708e936,scene-0003,ros_origin,20,20-30,nontraversable_label,0.4,2983,2852,102,99,128
29ec7b00-f07b-5ac5-b295-42115708e936,scene-0003,ros_origin,20,20-30,nontraversable_label,0.8,2983,2971,478,478,12
29ec7b00-f07b-5ac5-b295-42115708e936,scene-0003,ros_origin,20,20-30,nontraversable_label,1.2,2983,2976,942,942,7
29ec7b00-f07b-5ac5-b295-42115708e936,scene-0003,ros_origin,20,20-30,near_ground_geometry,0.4,113,110,0,0,3
29ec7b00-f07b-5ac5-b295-42115708e936,scene-0003,ros_origin,20,20-30,near_ground_geometry,0.8,113,113,0,0,0
29ec7b00-f07b-5ac5-b295-42115708e936,scene-0003,ros_origin,20,20-30,near_ground_geometry,1.2,113,113,0,0,0
29ec7b00-f07b-5ac5-b295-42115708e936,scene-0003,ros_origin,20,30-40,traversable_label,0.4,17,14,0,0,3
29ec7b00-f07b-5ac5-b295-42115708e936,scene-0003,ros_origin,20,30-40,traversable_label,0.8,17,17,0,0,0
29ec7b00-f07b-5ac5-b295-42115708e936,scene-0003,ros_origin,20,30-40,traversable_label,1.2,17,17,0,0,0
29ec7b00-f07b-5ac5-b295-42115708e936,scene-0003,ros_origin,20,30-40,potential_label,0.4,27,26,3,3,1
29ec7b00-f07b-5ac5-b295-42115708e936,scene-0003,ros_origin,20,30-40,potential_label,0.8,27,27,9,9,0
29ec7b00-f07b-5ac5-b295-42115708e936,scene-0003,ros_origin,20,30-40,potential_label,1.2,27,27,11,11,0
29ec7b00-f07b-5ac5-b295-42115708e936,scene-0003,ros_origin,20,30-40,nontraversable_label,0.4,1405,1276,64,62,127
29ec7b00-f07b-5ac5-b295-42115708e936,scene-0003,ros_origin,20,30-40,nontraversable_label,0.8,1405,1393,325,325,12
29ec7b00-f07b-5ac5-b295-42115708e936,scene-0003,ros_origin,20,30-40,nontraversable_label,1.2,1405,1400,598,598,5
29ec7b00-f07b-5ac5-b295-42115708e936,scene-0003,ros_origin,20,30-40,near_ground_geometry,0.4,32,29,0,0,3
29ec7b00-f07b-5ac5-b295-42115708e936,scene-0003,ros_origin,20,30-40,near_ground_geometry,0.8,32,32,0,0,0
29ec7b00-f07b-5ac5-b295-42115708e936,scene-0003,ros_origin,20,30-40,near_ground_geometry,1.2,32,32,0,0,0
51994dd3-6e72-510d-925a-1d475d998f95,scene-0003,static,10,2-10,traversable_label,0.4,64,58,6,6,6
51994dd3-6e72-510d-925a-1d475d998f95,scene-0003,static,10,2-10,traversable_label,0.8,64,64,25,25,0
51994dd3-6e72-510d-925a-1d475d998f95,scene-0003,static,10,2-10,traversable_label,1.2,64,64,37,37,0
51994dd3-6e72-510d-925a-1d475d998f95,scene-0003,static,10,2-10,potential_label,0.4,820,811,10,10,9
51994dd3-6e72-510d-925a-1d475d998f95,scene-0003,static,10,2-10,potential_label,0.8,820,820,54,54,0
51994dd3-6e72-510d-925a-1d475d998f95,scene-0003,static,10,2-10,potential_label,1.2,820,820,116,116,0
51994dd3-6e72-510d-925a-1d475d998f95,scene-0003,static,10,2-10,nontraversable_label,0.4,2000,1969,107,107,31
51994dd3-6e72-510d-925a-1d475d998f95,scene-0003,static,10,2-10,nontraversable_label,0.8,2000,2000,441,441,0
51994dd3-6e72-510d-925a-1d475d998f95,scene-0003,static,10,2-10,nontraversable_label,1.2,2000,2000,777,777,0
51994dd3-6e72-510d-925a-1d475d998f95,scene-0003,static,10,2-10,near_ground_geometry,0.4,104,104,0,0,0
51994dd3-6e72-510d-925a-1d475d998f95,scene-0003,static,10,2-10,near_ground_geometry,0.8,104,104,4,4,0
51994dd3-6e72-510d-925a-1d475d998f95,scene-0003,static,10,2-10,near_ground_geometry,1.2,104,104,16,16,0
51994dd3-6e72-510d-925a-1d475d998f95,scene-0003,static,10,2-10,raised_geometry,0.4,23,14,6,6,9
51994dd3-6e72-510d-925a-1d475d998f95,scene-0003,static,10,2-10,raised_geometry,0.8,23,23,18,18,0
51994dd3-6e72-510d-925a-1d475d998f95,scene-0003,static,10,2-10,raised_geometry,1.2,23,23,23,23,0
51994dd3-6e72-510d-925a-1d475d998f95,scene-0003,static,10,10-20,traversable_label,0.4,90,90,0,0,0
51994dd3-6e72-510d-925a-1d475d998f95,scene-0003,static,10,10-20,traversable_label,0.8,90,90,0,0,0
51994dd3-6e72-510d-925a-1d475d998f95,scene-0003,static,10,10-20,traversable_label,1.2,90,90,0,0,0
51994dd3-6e72-510d-925a-1d475d998f95,scene-0003,static,10,10-20,potential_label,0.4,1216,1188,4,4,28
51994dd3-6e72-510d-925a-1d475d998f95,scene-0003,static,10,10-20,potential_label,0.8,1216,1215,42,42,1
51994dd3-6e72-510d-925a-1d475d998f95,scene-0003,static,10,10-20,potential_label,1.2,1216,1216,130,130,0
51994dd3-6e72-510d-925a-1d475d998f95,scene-0003,static,10,10-20,nontraversable_label,0.4,2740,2567,136,133,170
51994dd3-6e72-510d-925a-1d475d998f95,scene-0003,static,10,10-20,nontraversable_label,0.8,2740,2733,559,559,7
51994dd3-6e72-510d-925a-1d475d998f95,scene-0003,static,10,10-20,nontraversable_label,1.2,2740,2739,958,958,1
51994dd3-6e72-510d-925a-1d475d998f95,scene-0003,static,10,10-20,near_ground_geometry,0.4,233,215,0,0,18
51994dd3-6e72-510d-925a-1d475d998f95,scene-0003,static,10,10-20,near_ground_geometry,0.8,233,232,0,0,1
51994dd3-6e72-510d-925a-1d475d998f95,scene-0003,static,10,10-20,near_ground_geometry,1.2,233,233,0,0,0
51994dd3-6e72-510d-925a-1d475d998f95,scene-0003,static,10,20-30,traversable_label,0.4,91,81,0,0,10
51994dd3-6e72-510d-925a-1d475d998f95,scene-0003,static,10,20-30,traversable_label,0.8,91,91,0,0,0
51994dd3-6e72-510d-925a-1d475d998f95,scene-0003,static,10,20-30,traversable_label,1.2,91,91,0,0,0
51994dd3-6e72-510d-925a-1d475d998f95,scene-0003,static,10,20-30,potential_label,0.4,639,578,0,0,61
51994dd3-6e72-510d-925a-1d475d998f95,scene-0003,static,10,20-30,potential_label,0.8,639,637,5,5,2
51994dd3-6e72-510d-925a-1d475d998f95,scene-0003,static,10,20-30,potential_label,1.2,639,639,26,26,0
51994dd3-6e72-510d-925a-1d475d998f95,scene-0003,static,10,20-30,nontraversable_label,0.4,3370,3060,102,101,309
51994dd3-6e72-510d-925a-1d475d998f95,scene-0003,static,10,20-30,nontraversable_label,0.8,3370,3346,539,539,24
51994dd3-6e72-510d-925a-1d475d998f95,scene-0003,static,10,20-30,nontraversable_label,1.2,3370,3367,1126,1126,3
51994dd3-6e72-510d-925a-1d475d998f95,scene-0003,static,10,20-30,near_ground_geometry,0.4,210,165,0,0,45
51994dd3-6e72-510d-925a-1d475d998f95,scene-0003,static,10,20-30,near_ground_geometry,0.8,210,206,0,0,4
51994dd3-6e72-510d-925a-1d475d998f95,scene-0003,static,10,20-30,near_ground_geometry,1.2,210,210,0,0,0
51994dd3-6e72-510d-925a-1d475d998f95,scene-0003,static,10,30-40,traversable_label,0.4,31,23,0,0,8
51994dd3-6e72-510d-925a-1d475d998f95,scene-0003,static,10,30-40,traversable_label,0.8,31,31,0,0,0
51994dd3-6e72-510d-925a-1d475d998f95,scene-0003,static,10,30-40,traversable_label,1.2,31,31,0,0,0
51994dd3-6e72-510d-925a-1d475d998f95,scene-0003,static,10,30-40,potential_label,0.4,124,109,0,0,15
51994dd3-6e72-510d-925a-1d475d998f95,scene-0003,static,10,30-40,potential_label,0.8,124,124,0,0,0
51994dd3-6e72-510d-925a-1d475d998f95,scene-0003,static,10,30-40,potential_label,1.2,124,124,3,3,0
51994dd3-6e72-510d-925a-1d475d998f95,scene-0003,static,10,30-40,nontraversable_label,0.4,2242,1826,66,58,408
51994dd3-6e72-510d-925a-1d475d998f95,scene-0003,static,10,30-40,nontraversable_label,0.8,2242,2191,439,439,51
51994dd3-6e72-510d-925a-1d475d998f95,scene-0003,static,10,30-40,nontraversable_label,1.2,2242,2225,975,975,17
51994dd3-6e72-510d-925a-1d475d998f95,scene-0003,static,10,30-40,near_ground_geometry,0.4,75,59,0,0,16
51994dd3-6e72-510d-925a-1d475d998f95,scene-0003,static,10,30-40,near_ground_geometry,0.8,75,73,0,0,2
51994dd3-6e72-510d-925a-1d475d998f95,scene-0003,static,10,30-40,near_ground_geometry,1.2,75,75,0,0,0
51994dd3-6e72-510d-925a-1d475d998f95,scene-0003,static,20,2-10,traversable_label,0.4,95,87,6,6,8
51994dd3-6e72-510d-925a-1d475d998f95,scene-0003,static,20,2-10,traversable_label,0.8,95,94,25,25,1
51994dd3-6e72-510d-925a-1d475d998f95,scene-0003,static,20,2-10,traversable_label,1.2,95,95,40,40,0
51994dd3-6e72-510d-925a-1d475d998f95,scene-0003,static,20,2-10,potential_label,0.4,1247,1238,11,11,9
51994dd3-6e72-510d-925a-1d475d998f95,scene-0003,static,20,2-10,potential_label,0.8,1247,1247,73,73,0
51994dd3-6e72-510d-925a-1d475d998f95,scene-0003,static,20,2-10,potential_label,1.2,1247,1247,170,170,0
51994dd3-6e72-510d-925a-1d475d998f95,scene-0003,static,20,2-10,nontraversable_label,0.4,2310,2271,110,110,39
51994dd3-6e72-510d-925a-1d475d998f95,scene-0003,static,20,2-10,nontraversable_label,0.8,2310,2310,471,471,0
51994dd3-6e72-510d-925a-1d475d998f95,scene-0003,static,20,2-10,nontraversable_label,1.2,2310,2310,857,857,0
51994dd3-6e72-510d-925a-1d475d998f95,scene-0003,static,20,2-10,near_ground_geometry,0.4,174,174,0,0,0
51994dd3-6e72-510d-925a-1d475d998f95,scene-0003,static,20,2-10,near_ground_geometry,0.8,174,174,4,4,0
51994dd3-6e72-510d-925a-1d475d998f95,scene-0003,static,20,2-10,near_ground_geometry,1.2,174,174,22,22,0
51994dd3-6e72-510d-925a-1d475d998f95,scene-0003,static,20,2-10,raised_geometry,0.4,26,15,6,6,11
51994dd3-6e72-510d-925a-1d475d998f95,scene-0003,static,20,2-10,raised_geometry,0.8,26,25,18,18,1
51994dd3-6e72-510d-925a-1d475d998f95,scene-0003,static,20,2-10,raised_geometry,1.2,26,26,24,24,0
51994dd3-6e72-510d-925a-1d475d998f95,scene-0003,static,20,10-20,traversable_label,0.4,90,90,0,0,0
51994dd3-6e72-510d-925a-1d475d998f95,scene-0003,static,20,10-20,traversable_label,0.8,90,90,0,0,0
51994dd3-6e72-510d-925a-1d475d998f95,scene-0003,static,20,10-20,traversable_label,1.2,90,90,0,0,0
51994dd3-6e72-510d-925a-1d475d998f95,scene-0003,static,20,10-20,potential_label,0.4,1216,1188,4,4,28
51994dd3-6e72-510d-925a-1d475d998f95,scene-0003,static,20,10-20,potential_label,0.8,1216,1215,42,42,1
51994dd3-6e72-510d-925a-1d475d998f95,scene-0003,static,20,10-20,potential_label,1.2,1216,1216,130,130,0
51994dd3-6e72-510d-925a-1d475d998f95,scene-0003,static,20,10-20,nontraversable_label,0.4,3034,2845,136,133,186
51994dd3-6e72-510d-925a-1d475d998f95,scene-0003,static,20,10-20,nontraversable_label,0.8,3034,3027,559,559,7
51994dd3-6e72-510d-925a-1d475d998f95,scene-0003,static,20,10-20,nontraversable_label,1.2,3034,3033,959,959,1
51994dd3-6e72-510d-925a-1d475d998f95,scene-0003,static,20,10-20,near_ground_geometry,0.4,233,215,0,0,18
51994dd3-6e72-510d-925a-1d475d998f95,scene-0003,static,20,10-20,near_ground_geometry,0.8,233,232,0,0,1
51994dd3-6e72-510d-925a-1d475d998f95,scene-0003,static,20,10-20,near_ground_geometry,1.2,233,233,0,0,0
51994dd3-6e72-510d-925a-1d475d998f95,scene-0003,static,20,20-30,traversable_label,0.4,91,81,0,0,10
51994dd3-6e72-510d-925a-1d475d998f95,scene-0003,static,20,20-30,traversable_label,0.8,91,91,0,0,0
51994dd3-6e72-510d-925a-1d475d998f95,scene-0003,static,20,20-30,traversable_label,1.2,91,91,0,0,0
51994dd3-6e72-510d-925a-1d475d998f95,scene-0003,static,20,20-30,potential_label,0.4,639,578,0,0,61
51994dd3-6e72-510d-925a-1d475d998f95,scene-0003,static,20,20-30,potential_label,0.8,639,637,5,5,2
51994dd3-6e72-510d-925a-1d475d998f95,scene-0003,static,20,20-30,potential_label,1.2,639,639,26,26,0
51994dd3-6e72-510d-925a-1d475d998f95,scene-0003,static,20,20-30,nontraversable_label,0.4,3554,3227,102,101,326
51994dd3-6e72-510d-925a-1d475d998f95,scene-0003,static,20,20-30,nontraversable_label,0.8,3554,3530,544,544,24
51994dd3-6e72-510d-925a-1d475d998f95,scene-0003,static,20,20-30,nontraversable_label,1.2,3554,3551,1142,1142,3
51994dd3-6e72-510d-925a-1d475d998f95,scene-0003,static,20,20-30,near_ground_geometry,0.4,210,165,0,0,45
51994dd3-6e72-510d-925a-1d475d998f95,scene-0003,static,20,20-30,near_ground_geometry,0.8,210,206,0,0,4
51994dd3-6e72-510d-925a-1d475d998f95,scene-0003,static,20,20-30,near_ground_geometry,1.2,210,210,0,0,0
51994dd3-6e72-510d-925a-1d475d998f95,scene-0003,static,20,30-40,traversable_label,0.4,31,23,0,0,8
51994dd3-6e72-510d-925a-1d475d998f95,scene-0003,static,20,30-40,traversable_label,0.8,31,31,0,0,0
51994dd3-6e72-510d-925a-1d475d998f95,scene-0003,static,20,30-40,traversable_label,1.2,31,31,0,0,0
51994dd3-6e72-510d-925a-1d475d998f95,scene-0003,static,20,30-40,potential_label,0.4,124,109,0,0,15
51994dd3-6e72-510d-925a-1d475d998f95,scene-0003,static,20,30-40,potential_label,0.8,124,124,0,0,0
51994dd3-6e72-510d-925a-1d475d998f95,scene-0003,static,20,30-40,potential_label,1.2,124,124,3,3,0
51994dd3-6e72-510d-925a-1d475d998f95,scene-0003,static,20,30-40,nontraversable_label,0.4,2242,1826,66,58,408
51994dd3-6e72-510d-925a-1d475d998f95,scene-0003,static,20,30-40,nontraversable_label,0.8,2242,2191,439,439,51
51994dd3-6e72-510d-925a-1d475d998f95,scene-0003,static,20,30-40,nontraversable_label,1.2,2242,2225,975,975,17
51994dd3-6e72-510d-925a-1d475d998f95,scene-0003,static,20,30-40,near_ground_geometry,0.4,75,59,0,0,16
51994dd3-6e72-510d-925a-1d475d998f95,scene-0003,static,20,30-40,near_ground_geometry,0.8,75,73,0,0,2
51994dd3-6e72-510d-925a-1d475d998f95,scene-0003,static,20,30-40,near_ground_geometry,1.2,75,75,0,0,0
51994dd3-6e72-510d-925a-1d475d998f95,scene-0003,aligned,10,2-10,traversable_label,0.4,64,58,6,6,6
51994dd3-6e72-510d-925a-1d475d998f95,scene-0003,aligned,10,2-10,traversable_label,0.8,64,64,25,25,0
51994dd3-6e72-510d-925a-1d475d998f95,scene-0003,aligned,10,2-10,traversable_label,1.2,64,64,37,37,0
51994dd3-6e72-510d-925a-1d475d998f95,scene-0003,aligned,10,2-10,potential_label,0.4,820,811,10,10,9
51994dd3-6e72-510d-925a-1d475d998f95,scene-0003,aligned,10,2-10,potential_label,0.8,820,820,54,54,0
51994dd3-6e72-510d-925a-1d475d998f95,scene-0003,aligned,10,2-10,potential_label,1.2,820,820,116,116,0
51994dd3-6e72-510d-925a-1d475d998f95,scene-0003,aligned,10,2-10,nontraversable_label,0.4,2000,1969,107,107,31
51994dd3-6e72-510d-925a-1d475d998f95,scene-0003,aligned,10,2-10,nontraversable_label,0.8,2000,2000,440,440,0
51994dd3-6e72-510d-925a-1d475d998f95,scene-0003,aligned,10,2-10,nontraversable_label,1.2,2000,2000,778,778,0
51994dd3-6e72-510d-925a-1d475d998f95,scene-0003,aligned,10,2-10,near_ground_geometry,0.4,104,104,0,0,0
51994dd3-6e72-510d-925a-1d475d998f95,scene-0003,aligned,10,2-10,near_ground_geometry,0.8,104,104,4,4,0
51994dd3-6e72-510d-925a-1d475d998f95,scene-0003,aligned,10,2-10,near_ground_geometry,1.2,104,104,16,16,0
51994dd3-6e72-510d-925a-1d475d998f95,scene-0003,aligned,10,2-10,raised_geometry,0.4,23,14,6,6,9
51994dd3-6e72-510d-925a-1d475d998f95,scene-0003,aligned,10,2-10,raised_geometry,0.8,23,23,18,18,0
51994dd3-6e72-510d-925a-1d475d998f95,scene-0003,aligned,10,2-10,raised_geometry,1.2,23,23,23,23,0
51994dd3-6e72-510d-925a-1d475d998f95,scene-0003,aligned,10,10-20,traversable_label,0.4,90,90,0,0,0
51994dd3-6e72-510d-925a-1d475d998f95,scene-0003,aligned,10,10-20,traversable_label,0.8,90,90,0,0,0
51994dd3-6e72-510d-925a-1d475d998f95,scene-0003,aligned,10,10-20,traversable_label,1.2,90,90,0,0,0
51994dd3-6e72-510d-925a-1d475d998f95,scene-0003,aligned,10,10-20,potential_label,0.4,1216,1188,4,4,28
51994dd3-6e72-510d-925a-1d475d998f95,scene-0003,aligned,10,10-20,potential_label,0.8,1216,1215,43,43,1
51994dd3-6e72-510d-925a-1d475d998f95,scene-0003,aligned,10,10-20,potential_label,1.2,1216,1216,130,130,0
51994dd3-6e72-510d-925a-1d475d998f95,scene-0003,aligned,10,10-20,nontraversable_label,0.4,2740,2567,136,133,170
51994dd3-6e72-510d-925a-1d475d998f95,scene-0003,aligned,10,10-20,nontraversable_label,0.8,2740,2733,558,558,7
51994dd3-6e72-510d-925a-1d475d998f95,scene-0003,aligned,10,10-20,nontraversable_label,1.2,2740,2739,957,957,1
51994dd3-6e72-510d-925a-1d475d998f95,scene-0003,aligned,10,10-20,near_ground_geometry,0.4,233,215,0,0,18
51994dd3-6e72-510d-925a-1d475d998f95,scene-0003,aligned,10,10-20,near_ground_geometry,0.8,233,232,0,0,1
51994dd3-6e72-510d-925a-1d475d998f95,scene-0003,aligned,10,10-20,near_ground_geometry,1.2,233,233,0,0,0
51994dd3-6e72-510d-925a-1d475d998f95,scene-0003,aligned,10,20-30,traversable_label,0.4,91,81,0,0,10
51994dd3-6e72-510d-925a-1d475d998f95,scene-0003,aligned,10,20-30,traversable_label,0.8,91,91,0,0,0
51994dd3-6e72-510d-925a-1d475d998f95,scene-0003,aligned,10,20-30,traversable_label,1.2,91,91,0,0,0
51994dd3-6e72-510d-925a-1d475d998f95,scene-0003,aligned,10,20-30,potential_label,0.4,639,578,0,0,61
51994dd3-6e72-510d-925a-1d475d998f95,scene-0003,aligned,10,20-30,potential_label,0.8,639,637,5,5,2
51994dd3-6e72-510d-925a-1d475d998f95,scene-0003,aligned,10,20-30,potential_label,1.2,639,639,26,26,0
51994dd3-6e72-510d-925a-1d475d998f95,scene-0003,aligned,10,20-30,nontraversable_label,0.4,3370,3060,102,101,309
51994dd3-6e72-510d-925a-1d475d998f95,scene-0003,aligned,10,20-30,nontraversable_label,0.8,3370,3346,538,538,24
51994dd3-6e72-510d-925a-1d475d998f95,scene-0003,aligned,10,20-30,nontraversable_label,1.2,3370,3367,1124,1124,3
51994dd3-6e72-510d-925a-1d475d998f95,scene-0003,aligned,10,20-30,near_ground_geometry,0.4,210,165,0,0,45
51994dd3-6e72-510d-925a-1d475d998f95,scene-0003,aligned,10,20-30,near_ground_geometry,0.8,210,206,0,0,4
51994dd3-6e72-510d-925a-1d475d998f95,scene-0003,aligned,10,20-30,near_ground_geometry,1.2,210,210,0,0,0
51994dd3-6e72-510d-925a-1d475d998f95,scene-0003,aligned,10,30-40,traversable_label,0.4,31,23,0,0,8
51994dd3-6e72-510d-925a-1d475d998f95,scene-0003,aligned,10,30-40,traversable_label,0.8,31,31,0,0,0
51994dd3-6e72-510d-925a-1d475d998f95,scene-0003,aligned,10,30-40,traversable_label,1.2,31,31,0,0,0
51994dd3-6e72-510d-925a-1d475d998f95,scene-0003,aligned,10,30-40,potential_label,0.4,124,109,0,0,15
51994dd3-6e72-510d-925a-1d475d998f95,scene-0003,aligned,10,30-40,potential_label,0.8,124,124,0,0,0
51994dd3-6e72-510d-925a-1d475d998f95,scene-0003,aligned,10,30-40,potential_label,1.2,124,124,3,3,0
51994dd3-6e72-510d-925a-1d475d998f95,scene-0003,aligned,10,30-40,nontraversable_label,0.4,2242,1826,65,58,409
51994dd3-6e72-510d-925a-1d475d998f95,scene-0003,aligned,10,30-40,nontraversable_label,0.8,2242,2191,436,435,50
51994dd3-6e72-510d-925a-1d475d998f95,scene-0003,aligned,10,30-40,nontraversable_label,1.2,2242,2225,975,975,17
51994dd3-6e72-510d-925a-1d475d998f95,scene-0003,aligned,10,30-40,near_ground_geometry,0.4,75,59,0,0,16
51994dd3-6e72-510d-925a-1d475d998f95,scene-0003,aligned,10,30-40,near_ground_geometry,0.8,75,73,0,0,2
51994dd3-6e72-510d-925a-1d475d998f95,scene-0003,aligned,10,30-40,near_ground_geometry,1.2,75,75,0,0,0
51994dd3-6e72-510d-925a-1d475d998f95,scene-0003,aligned,20,2-10,traversable_label,0.4,95,87,6,6,8
51994dd3-6e72-510d-925a-1d475d998f95,scene-0003,aligned,20,2-10,traversable_label,0.8,95,94,25,25,1
51994dd3-6e72-510d-925a-1d475d998f95,scene-0003,aligned,20,2-10,traversable_label,1.2,95,95,40,40,0
51994dd3-6e72-510d-925a-1d475d998f95,scene-0003,aligned,20,2-10,potential_label,0.4,1247,1238,11,11,9
51994dd3-6e72-510d-925a-1d475d998f95,scene-0003,aligned,20,2-10,potential_label,0.8,1247,1247,73,73,0
51994dd3-6e72-510d-925a-1d475d998f95,scene-0003,aligned,20,2-10,potential_label,1.2,1247,1247,170,170,0
51994dd3-6e72-510d-925a-1d475d998f95,scene-0003,aligned,20,2-10,nontraversable_label,0.4,2310,2271,110,110,39
51994dd3-6e72-510d-925a-1d475d998f95,scene-0003,aligned,20,2-10,nontraversable_label,0.8,2310,2310,470,470,0
51994dd3-6e72-510d-925a-1d475d998f95,scene-0003,aligned,20,2-10,nontraversable_label,1.2,2310,2310,859,859,0
51994dd3-6e72-510d-925a-1d475d998f95,scene-0003,aligned,20,2-10,near_ground_geometry,0.4,174,174,0,0,0
51994dd3-6e72-510d-925a-1d475d998f95,scene-0003,aligned,20,2-10,near_ground_geometry,0.8,174,174,4,4,0
51994dd3-6e72-510d-925a-1d475d998f95,scene-0003,aligned,20,2-10,near_ground_geometry,1.2,174,174,22,22,0
51994dd3-6e72-510d-925a-1d475d998f95,scene-0003,aligned,20,2-10,raised_geometry,0.4,26,15,6,6,11
51994dd3-6e72-510d-925a-1d475d998f95,scene-0003,aligned,20,2-10,raised_geometry,0.8,26,25,18,18,1
51994dd3-6e72-510d-925a-1d475d998f95,scene-0003,aligned,20,2-10,raised_geometry,1.2,26,26,24,24,0
51994dd3-6e72-510d-925a-1d475d998f95,scene-0003,aligned,20,10-20,traversable_label,0.4,90,90,0,0,0
51994dd3-6e72-510d-925a-1d475d998f95,scene-0003,aligned,20,10-20,traversable_label,0.8,90,90,0,0,0
51994dd3-6e72-510d-925a-1d475d998f95,scene-0003,aligned,20,10-20,traversable_label,1.2,90,90,0,0,0
51994dd3-6e72-510d-925a-1d475d998f95,scene-0003,aligned,20,10-20,potential_label,0.4,1216,1188,4,4,28
51994dd3-6e72-510d-925a-1d475d998f95,scene-0003,aligned,20,10-20,potential_label,0.8,1216,1215,43,43,1
51994dd3-6e72-510d-925a-1d475d998f95,scene-0003,aligned,20,10-20,potential_label,1.2,1216,1216,130,130,0
51994dd3-6e72-510d-925a-1d475d998f95,scene-0003,aligned,20,10-20,nontraversable_label,0.4,3034,2845,136,133,186
51994dd3-6e72-510d-925a-1d475d998f95,scene-0003,aligned,20,10-20,nontraversable_label,0.8,3034,3027,558,558,7
51994dd3-6e72-510d-925a-1d475d998f95,scene-0003,aligned,20,10-20,nontraversable_label,1.2,3034,3033,958,958,1
51994dd3-6e72-510d-925a-1d475d998f95,scene-0003,aligned,20,10-20,near_ground_geometry,0.4,233,215,0,0,18
51994dd3-6e72-510d-925a-1d475d998f95,scene-0003,aligned,20,10-20,near_ground_geometry,0.8,233,232,0,0,1
51994dd3-6e72-510d-925a-1d475d998f95,scene-0003,aligned,20,10-20,near_ground_geometry,1.2,233,233,0,0,0
51994dd3-6e72-510d-925a-1d475d998f95,scene-0003,aligned,20,20-30,traversable_label,0.4,91,81,0,0,10
51994dd3-6e72-510d-925a-1d475d998f95,scene-0003,aligned,20,20-30,traversable_label,0.8,91,91,0,0,0
51994dd3-6e72-510d-925a-1d475d998f95,scene-0003,aligned,20,20-30,traversable_label,1.2,91,91,0,0,0
51994dd3-6e72-510d-925a-1d475d998f95,scene-0003,aligned,20,20-30,potential_label,0.4,639,578,0,0,61
51994dd3-6e72-510d-925a-1d475d998f95,scene-0003,aligned,20,20-30,potential_label,0.8,639,637,5,5,2
51994dd3-6e72-510d-925a-1d475d998f95,scene-0003,aligned,20,20-30,potential_label,1.2,639,639,26,26,0
51994dd3-6e72-510d-925a-1d475d998f95,scene-0003,aligned,20,20-30,nontraversable_label,0.4,3554,3227,102,101,326
51994dd3-6e72-510d-925a-1d475d998f95,scene-0003,aligned,20,20-30,nontraversable_label,0.8,3554,3530,543,543,24
51994dd3-6e72-510d-925a-1d475d998f95,scene-0003,aligned,20,20-30,nontraversable_label,1.2,3554,3551,1140,1140,3
51994dd3-6e72-510d-925a-1d475d998f95,scene-0003,aligned,20,20-30,near_ground_geometry,0.4,210,165,0,0,45
51994dd3-6e72-510d-925a-1d475d998f95,scene-0003,aligned,20,20-30,near_ground_geometry,0.8,210,206,0,0,4
51994dd3-6e72-510d-925a-1d475d998f95,scene-0003,aligned,20,20-30,near_ground_geometry,1.2,210,210,0,0,0
51994dd3-6e72-510d-925a-1d475d998f95,scene-0003,aligned,20,30-40,traversable_label,0.4,31,23,0,0,8
51994dd3-6e72-510d-925a-1d475d998f95,scene-0003,aligned,20,30-40,traversable_label,0.8,31,31,0,0,0
51994dd3-6e72-510d-925a-1d475d998f95,scene-0003,aligned,20,30-40,traversable_label,1.2,31,31,0,0,0
51994dd3-6e72-510d-925a-1d475d998f95,scene-0003,aligned,20,30-40,potential_label,0.4,124,109,0,0,15
51994dd3-6e72-510d-925a-1d475d998f95,scene-0003,aligned,20,30-40,potential_label,0.8,124,124,0,0,0
51994dd3-6e72-510d-925a-1d475d998f95,scene-0003,aligned,20,30-40,potential_label,1.2,124,124,3,3,0
51994dd3-6e72-510d-925a-1d475d998f95,scene-0003,aligned,20,30-40,nontraversable_label,0.4,2242,1826,65,58,409
51994dd3-6e72-510d-925a-1d475d998f95,scene-0003,aligned,20,30-40,nontraversable_label,0.8,2242,2191,436,435,50
51994dd3-6e72-510d-925a-1d475d998f95,scene-0003,aligned,20,30-40,nontraversable_label,1.2,2242,2225,975,975,17
51994dd3-6e72-510d-925a-1d475d998f95,scene-0003,aligned,20,30-40,near_ground_geometry,0.4,75,59,0,0,16
51994dd3-6e72-510d-925a-1d475d998f95,scene-0003,aligned,20,30-40,near_ground_geometry,0.8,75,73,0,0,2
51994dd3-6e72-510d-925a-1d475d998f95,scene-0003,aligned,20,30-40,near_ground_geometry,1.2,75,75,0,0,0
51994dd3-6e72-510d-925a-1d475d998f95,scene-0003,ros_origin,10,2-10,traversable_label,0.4,64,58,5,5,6
51994dd3-6e72-510d-925a-1d475d998f95,scene-0003,ros_origin,10,2-10,traversable_label,0.8,64,64,18,18,0
51994dd3-6e72-510d-925a-1d475d998f95,scene-0003,ros_origin,10,2-10,traversable_label,1.2,64,64,31,31,0
51994dd3-6e72-510d-925a-1d475d998f95,scene-0003,ros_origin,10,2-10,potential_label,0.4,820,811,4,4,9
51994dd3-6e72-510d-925a-1d475d998f95,scene-0003,ros_origin,10,2-10,potential_label,0.8,820,820,66,66,0
51994dd3-6e72-510d-925a-1d475d998f95,scene-0003,ros_origin,10,2-10,potential_label,1.2,820,820,134,134,0
51994dd3-6e72-510d-925a-1d475d998f95,scene-0003,ros_origin,10,2-10,nontraversable_label,0.4,2000,1969,94,94,31
51994dd3-6e72-510d-925a-1d475d998f95,scene-0003,ros_origin,10,2-10,nontraversable_label,0.8,2000,2000,401,401,0
51994dd3-6e72-510d-925a-1d475d998f95,scene-0003,ros_origin,10,2-10,nontraversable_label,1.2,2000,2000,747,747,0
51994dd3-6e72-510d-925a-1d475d998f95,scene-0003,ros_origin,10,2-10,near_ground_geometry,0.4,104,104,2,2,0
51994dd3-6e72-510d-925a-1d475d998f95,scene-0003,ros_origin,10,2-10,near_ground_geometry,0.8,104,104,9,9,0
51994dd3-6e72-510d-925a-1d475d998f95,scene-0003,ros_origin,10,2-10,near_ground_geometry,1.2,104,104,20,20,0
51994dd3-6e72-510d-925a-1d475d998f95,scene-0003,ros_origin,10,2-10,raised_geometry,0.4,23,14,0,0,9
51994dd3-6e72-510d-925a-1d475d998f95,scene-0003,ros_origin,10,2-10,raised_geometry,0.8,23,23,7,7,0
51994dd3-6e72-510d-925a-1d475d998f95,scene-0003,ros_origin,10,2-10,raised_geometry,1.2,23,23,16,16,0
51994dd3-6e72-510d-925a-1d475d998f95,scene-0003,ros_origin,10,10-20,traversable_label,0.4,90,90,0,0,0
51994dd3-6e72-510d-925a-1d475d998f95,scene-0003,ros_origin,10,10-20,traversable_label,0.8,90,90,0,0,0
51994dd3-6e72-510d-925a-1d475d998f95,scene-0003,ros_origin,10,10-20,traversable_label,1.2,90,90,0,0,0
51994dd3-6e72-510d-925a-1d475d998f95,scene-0003,ros_origin,10,10-20,potential_label,0.4,1216,1188,9,9,28
51994dd3-6e72-510d-925a-1d475d998f95,scene-0003,ros_origin,10,10-20,potential_label,0.8,1216,1215,60,60,1
51994dd3-6e72-510d-925a-1d475d998f95,scene-0003,ros_origin,10,10-20,potential_label,1.2,1216,1216,160,160,0
51994dd3-6e72-510d-925a-1d475d998f95,scene-0003,ros_origin,10,10-20,nontraversable_label,0.4,2740,2567,120,118,171
51994dd3-6e72-510d-925a-1d475d998f95,scene-0003,ros_origin,10,10-20,nontraversable_label,0.8,2740,2733,553,553,7
51994dd3-6e72-510d-925a-1d475d998f95,scene-0003,ros_origin,10,10-20,nontraversable_label,1.2,2740,2739,915,915,1
51994dd3-6e72-510d-925a-1d475d998f95,scene-0003,ros_origin,10,10-20,near_ground_geometry,0.4,233,215,0,0,18
51994dd3-6e72-510d-925a-1d475d998f95,scene-0003,ros_origin,10,10-20,near_ground_geometry,0.8,233,232,0,0,1
51994dd3-6e72-510d-925a-1d475d998f95,scene-0003,ros_origin,10,10-20,near_ground_geometry,1.2,233,233,0,0,0
51994dd3-6e72-510d-925a-1d475d998f95,scene-0003,ros_origin,10,20-30,traversable_label,0.4,91,81,0,0,10
51994dd3-6e72-510d-925a-1d475d998f95,scene-0003,ros_origin,10,20-30,traversable_label,0.8,91,91,0,0,0
51994dd3-6e72-510d-925a-1d475d998f95,scene-0003,ros_origin,10,20-30,traversable_label,1.2,91,91,0,0,0
51994dd3-6e72-510d-925a-1d475d998f95,scene-0003,ros_origin,10,20-30,potential_label,0.4,639,578,0,0,61
51994dd3-6e72-510d-925a-1d475d998f95,scene-0003,ros_origin,10,20-30,potential_label,0.8,639,637,9,9,2
51994dd3-6e72-510d-925a-1d475d998f95,scene-0003,ros_origin,10,20-30,potential_label,1.2,639,639,31,31,0
51994dd3-6e72-510d-925a-1d475d998f95,scene-0003,ros_origin,10,20-30,nontraversable_label,0.4,3370,3060,99,95,306
51994dd3-6e72-510d-925a-1d475d998f95,scene-0003,ros_origin,10,20-30,nontraversable_label,0.8,3370,3346,536,536,24
51994dd3-6e72-510d-925a-1d475d998f95,scene-0003,ros_origin,10,20-30,nontraversable_label,1.2,3370,3367,1138,1138,3
51994dd3-6e72-510d-925a-1d475d998f95,scene-0003,ros_origin,10,20-30,near_ground_geometry,0.4,210,165,0,0,45
51994dd3-6e72-510d-925a-1d475d998f95,scene-0003,ros_origin,10,20-30,near_ground_geometry,0.8,210,206,0,0,4
51994dd3-6e72-510d-925a-1d475d998f95,scene-0003,ros_origin,10,20-30,near_ground_geometry,1.2,210,210,0,0,0
51994dd3-6e72-510d-925a-1d475d998f95,scene-0003,ros_origin,10,30-40,traversable_label,0.4,31,23,0,0,8
51994dd3-6e72-510d-925a-1d475d998f95,scene-0003,ros_origin,10,30-40,traversable_label,0.8,31,31,0,0,0
51994dd3-6e72-510d-925a-1d475d998f95,scene-0003,ros_origin,10,30-40,traversable_label,1.2,31,31,0,0,0
51994dd3-6e72-510d-925a-1d475d998f95,scene-0003,ros_origin,10,30-40,potential_label,0.4,124,109,0,0,15
51994dd3-6e72-510d-925a-1d475d998f95,scene-0003,ros_origin,10,30-40,potential_label,0.8,124,124,2,2,0
51994dd3-6e72-510d-925a-1d475d998f95,scene-0003,ros_origin,10,30-40,potential_label,1.2,124,124,9,9,0
51994dd3-6e72-510d-925a-1d475d998f95,scene-0003,ros_origin,10,30-40,nontraversable_label,0.4,2242,1826,107,99,408
51994dd3-6e72-510d-925a-1d475d998f95,scene-0003,ros_origin,10,30-40,nontraversable_label,0.8,2242,2191,487,484,48
51994dd3-6e72-510d-925a-1d475d998f95,scene-0003,ros_origin,10,30-40,nontraversable_label,1.2,2242,2225,969,969,17
51994dd3-6e72-510d-925a-1d475d998f95,scene-0003,ros_origin,10,30-40,near_ground_geometry,0.4,75,59,0,0,16
51994dd3-6e72-510d-925a-1d475d998f95,scene-0003,ros_origin,10,30-40,near_ground_geometry,0.8,75,73,0,0,2
51994dd3-6e72-510d-925a-1d475d998f95,scene-0003,ros_origin,10,30-40,near_ground_geometry,1.2,75,75,1,1,0
51994dd3-6e72-510d-925a-1d475d998f95,scene-0003,ros_origin,20,2-10,traversable_label,0.4,95,87,5,5,8
51994dd3-6e72-510d-925a-1d475d998f95,scene-0003,ros_origin,20,2-10,traversable_label,0.8,95,94,20,20,1
51994dd3-6e72-510d-925a-1d475d998f95,scene-0003,ros_origin,20,2-10,traversable_label,1.2,95,95,37,37,0
51994dd3-6e72-510d-925a-1d475d998f95,scene-0003,ros_origin,20,2-10,potential_label,0.4,1247,1238,10,10,9
51994dd3-6e72-510d-925a-1d475d998f95,scene-0003,ros_origin,20,2-10,potential_label,0.8,1247,1247,89,89,0
51994dd3-6e72-510d-925a-1d475d998f95,scene-0003,ros_origin,20,2-10,potential_label,1.2,1247,1247,199,199,0
51994dd3-6e72-510d-925a-1d475d998f95,scene-0003,ros_origin,20,2-10,nontraversable_label,0.4,2310,2271,104,103,38
51994dd3-6e72-510d-925a-1d475d998f95,scene-0003,ros_origin,20,2-10,nontraversable_label,0.8,2310,2310,436,436,0
51994dd3-6e72-510d-925a-1d475d998f95,scene-0003,ros_origin,20,2-10,nontraversable_label,1.2,2310,2310,824,824,0
51994dd3-6e72-510d-925a-1d475d998f95,scene-0003,ros_origin,20,2-10,near_ground_geometry,0.4,174,174,2,2,0
51994dd3-6e72-510d-925a-1d475d998f95,scene-0003,ros_origin,20,2-10,near_ground_geometry,0.8,174,174,11,11,0
51994dd3-6e72-510d-925a-1d475d998f95,scene-0003,ros_origin,20,2-10,near_ground_geometry,1.2,174,174,29,29,0
51994dd3-6e72-510d-925a-1d475d998f95,scene-0003,ros_origin,20,2-10,raised_geometry,0.4,26,15,0,0,11
51994dd3-6e72-510d-925a-1d475d998f95,scene-0003,ros_origin,20,2-10,raised_geometry,0.8,26,25,7,7,1
51994dd3-6e72-510d-925a-1d475d998f95,scene-0003,ros_origin,20,2-10,raised_geometry,1.2,26,26,16,16,0
51994dd3-6e72-510d-925a-1d475d998f95,scene-0003,ros_origin,20,10-20,traversable_label,0.4,90,90,0,0,0
51994dd3-6e72-510d-925a-1d475d998f95,scene-0003,ros_origin,20,10-20,traversable_label,0.8,90,90,0,0,0
51994dd3-6e72-510d-925a-1d475d998f95,scene-0003,ros_origin,20,10-20,traversable_label,1.2,90,90,0,0,0
51994dd3-6e72-510d-925a-1d475d998f95,scene-0003,ros_origin,20,10-20,potential_label,0.4,1216,1188,9,9,28
51994dd3-6e72-510d-925a-1d475d998f95,scene-0003,ros_origin,20,10-20,potential_label,0.8,1216,1215,60,60,1
51994dd3-6e72-510d-925a-1d475d998f95,scene-0003,ros_origin,20,10-20,potential_label,1.2,1216,1216,160,160,0
51994dd3-6e72-510d-925a-1d475d998f95,scene-0003,ros_origin,20,10-20,nontraversable_label,0.4,3034,2845,120,118,187
51994dd3-6e72-510d-925a-1d475d998f95,scene-0003,ros_origin,20,10-20,nontraversable_label,0.8,3034,3027,553,553,7
51994dd3-6e72-510d-925a-1d475d998f95,scene-0003,ros_origin,20,10-20,nontraversable_label,1.2,3034,3033,915,915,1
51994dd3-6e72-510d-925a-1d475d998f95,scene-0003,ros_origin,20,10-20,near_ground_geometry,0.4,233,215,0,0,18
51994dd3-6e72-510d-925a-1d475d998f95,scene-0003,ros_origin,20,10-20,near_ground_geometry,0.8,233,232,0,0,1
51994dd3-6e72-510d-925a-1d475d998f95,scene-0003,ros_origin,20,10-20,near_ground_geometry,1.2,233,233,0,0,0
51994dd3-6e72-510d-925a-1d475d998f95,scene-0003,ros_origin,20,20-30,traversable_label,0.4,91,81,0,0,10
51994dd3-6e72-510d-925a-1d475d998f95,scene-0003,ros_origin,20,20-30,traversable_label,0.8,91,91,0,0,0
51994dd3-6e72-510d-925a-1d475d998f95,scene-0003,ros_origin,20,20-30,traversable_label,1.2,91,91,0,0,0
51994dd3-6e72-510d-925a-1d475d998f95,scene-0003,ros_origin,20,20-30,potential_label,0.4,639,578,0,0,61
51994dd3-6e72-510d-925a-1d475d998f95,scene-0003,ros_origin,20,20-30,potential_label,0.8,639,637,9,9,2
51994dd3-6e72-510d-925a-1d475d998f95,scene-0003,ros_origin,20,20-30,potential_label,1.2,639,639,31,31,0
51994dd3-6e72-510d-925a-1d475d998f95,scene-0003,ros_origin,20,20-30,nontraversable_label,0.4,3554,3227,99,95,323
51994dd3-6e72-510d-925a-1d475d998f95,scene-0003,ros_origin,20,20-30,nontraversable_label,0.8,3554,3530,536,536,24
51994dd3-6e72-510d-925a-1d475d998f95,scene-0003,ros_origin,20,20-30,nontraversable_label,1.2,3554,3551,1145,1145,3
51994dd3-6e72-510d-925a-1d475d998f95,scene-0003,ros_origin,20,20-30,near_ground_geometry,0.4,210,165,0,0,45
51994dd3-6e72-510d-925a-1d475d998f95,scene-0003,ros_origin,20,20-30,near_ground_geometry,0.8,210,206,0,0,4
51994dd3-6e72-510d-925a-1d475d998f95,scene-0003,ros_origin,20,20-30,near_ground_geometry,1.2,210,210,0,0,0
51994dd3-6e72-510d-925a-1d475d998f95,scene-0003,ros_origin,20,30-40,traversable_label,0.4,31,23,0,0,8
51994dd3-6e72-510d-925a-1d475d998f95,scene-0003,ros_origin,20,30-40,traversable_label,0.8,31,31,0,0,0
51994dd3-6e72-510d-925a-1d475d998f95,scene-0003,ros_origin,20,30-40,traversable_label,1.2,31,31,0,0,0
51994dd3-6e72-510d-925a-1d475d998f95,scene-0003,ros_origin,20,30-40,potential_label,0.4,124,109,0,0,15
51994dd3-6e72-510d-925a-1d475d998f95,scene-0003,ros_origin,20,30-40,potential_label,0.8,124,124,2,2,0
51994dd3-6e72-510d-925a-1d475d998f95,scene-0003,ros_origin,20,30-40,potential_label,1.2,124,124,9,9,0
51994dd3-6e72-510d-925a-1d475d998f95,scene-0003,ros_origin,20,30-40,nontraversable_label,0.4,2242,1826,107,99,408
51994dd3-6e72-510d-925a-1d475d998f95,scene-0003,ros_origin,20,30-40,nontraversable_label,0.8,2242,2191,487,484,48
51994dd3-6e72-510d-925a-1d475d998f95,scene-0003,ros_origin,20,30-40,nontraversable_label,1.2,2242,2225,969,969,17
51994dd3-6e72-510d-925a-1d475d998f95,scene-0003,ros_origin,20,30-40,near_ground_geometry,0.4,75,59,0,0,16
51994dd3-6e72-510d-925a-1d475d998f95,scene-0003,ros_origin,20,30-40,near_ground_geometry,0.8,75,73,0,0,2
51994dd3-6e72-510d-925a-1d475d998f95,scene-0003,ros_origin,20,30-40,near_ground_geometry,1.2,75,75,1,1,0
79e43b11-f541-5839-bef9-4058534850b5,scene-0003,static,10,2-10,traversable_label,0.4,65,50,7,7,15
79e43b11-f541-5839-bef9-4058534850b5,scene-0003,static,10,2-10,traversable_label,0.8,65,60,27,27,5
79e43b11-f541-5839-bef9-4058534850b5,scene-0003,static,10,2-10,traversable_label,1.2,65,65,45,45,0
79e43b11-f541-5839-bef9-4058534850b5,scene-0003,static,10,2-10,potential_label,0.4,874,843,7,7,31
79e43b11-f541-5839-bef9-4058534850b5,scene-0003,static,10,2-10,potential_label,0.8,874,874,49,49,0
79e43b11-f541-5839-bef9-4058534850b5,scene-0003,static,10,2-10,potential_label,1.2,874,874,128,128,0
79e43b11-f541-5839-bef9-4058534850b5,scene-0003,static,10,2-10,nontraversable_label,0.4,2500,2411,97,97,89
79e43b11-f541-5839-bef9-4058534850b5,scene-0003,static,10,2-10,nontraversable_label,0.8,2500,2496,465,465,4
79e43b11-f541-5839-bef9-4058534850b5,scene-0003,static,10,2-10,nontraversable_label,1.2,2500,2500,923,923,0
79e43b11-f541-5839-bef9-4058534850b5,scene-0003,static,10,2-10,near_ground_geometry,0.4,103,103,2,2,0
79e43b11-f541-5839-bef9-4058534850b5,scene-0003,static,10,2-10,near_ground_geometry,0.8,103,103,12,12,0
79e43b11-f541-5839-bef9-4058534850b5,scene-0003,static,10,2-10,near_ground_geometry,1.2,103,103,26,26,0
79e43b11-f541-5839-bef9-4058534850b5,scene-0003,static,10,2-10,raised_geometry,0.4,31,15,7,7,16
79e43b11-f541-5839-bef9-4058534850b5,scene-0003,static,10,2-10,raised_geometry,0.8,31,25,22,22,6
79e43b11-f541-5839-bef9-4058534850b5,scene-0003,static,10,2-10,raised_geometry,1.2,31,31,31,31,0
79e43b11-f541-5839-bef9-4058534850b5,scene-0003,static,10,10-20,traversable_label,0.4,78,77,0,0,1
79e43b11-f541-5839-bef9-4058534850b5,scene-0003,static,10,10-20,traversable_label,0.8,78,78,0,0,0
79e43b11-f541-5839-bef9-4058534850b5,scene-0003,static,10,10-20,traversable_label,1.2,78,78,0,0,0
79e43b11-f541-5839-bef9-4058534850b5,scene-0003,static,10,10-20,potential_label,0.4,1404,1329,3,3,75
79e43b11-f541-5839-bef9-4058534850b5,scene-0003,static,10,10-20,potential_label,0.8,1404,1404,31,31,0
79e43b11-f541-5839-bef9-4058534850b5,scene-0003,static,10,10-20,potential_label,1.2,1404,1404,101,101,0
79e43b11-f541-5839-bef9-4058534850b5,scene-0003,static,10,10-20,nontraversable_label,0.4,3697,3292,128,120,397
79e43b11-f541-5839-bef9-4058534850b5,scene-0003,static,10,10-20,nontraversable_label,0.8,3697,3692,565,565,5
79e43b11-f541-5839-bef9-4058534850b5,scene-0003,static,10,10-20,nontraversable_label,1.2,3697,3695,1020,1020,2
79e43b11-f541-5839-bef9-4058534850b5,scene-0003,static,10,10-20,near_ground_geometry,0.4,228,216,0,0,12
79e43b11-f541-5839-bef9-4058534850b5,scene-0003,static,10,10-20,near_ground_geometry,0.8,228,228,0,0,0
79e43b11-f541-5839-bef9-4058534850b5,scene-0003,static,10,10-20,near_ground_geometry,1.2,228,228,0,0,0
79e43b11-f541-5839-bef9-4058534850b5,scene-0003,static,10,20-30,traversable_label,0.4,76,64,0,0,12
79e43b11-f541-5839-bef9-4058534850b5,scene-0003,static,10,20-30,traversable_label,0.8,76,74,0,0,2
79e43b11-f541-5839-bef9-4058534850b5,scene-0003,static,10,20-30,traversable_label,1.2,76,76,0,0,0
79e43b11-f541-5839-bef9-4058534850b5,scene-0003,static,10,20-30,potential_label,0.4,725,568,2,2,157
79e43b11-f541-5839-bef9-4058534850b5,scene-0003,static,10,20-30,potential_label,0.8,725,720,12,12,5
79e43b11-f541-5839-bef9-4058534850b5,scene-0003,static,10,20-30,potential_label,1.2,725,725,41,41,0
79e43b11-f541-5839-bef9-4058534850b5,scene-0003,static,10,20-30,nontraversable_label,0.4,3341,2386,57,45,943
79e43b11-f541-5839-bef9-4058534850b5,scene-0003,static,10,20-30,nontraversable_label,0.8,3341,3147,368,363,189
79e43b11-f541-5839-bef9-4058534850b5,scene-0003,static,10,20-30,nontraversable_label,1.2,3341,3252,804,804,89
79e43b11-f541-5839-bef9-4058534850b5,scene-0003,static,10,20-30,near_ground_geometry,0.4,170,129,0,0,41
79e43b11-f541-5839-bef9-4058534850b5,scene-0003,static,10,20-30,near_ground_geometry,0.8,170,168,0,0,2
79e43b11-f541-5839-bef9-4058534850b5,scene-0003,static,10,20-30,near_ground_geometry,1.2,170,170,0,0,0
79e43b11-f541-5839-bef9-4058534850b5,scene-0003,static,10,20-30,raised_geometry,0.4,1,1,0,0,0
79e43b11-f541-5839-bef9-4058534850b5,scene-0003,static,10,20-30,raised_geometry,0.8,1,1,0,0,0
79e43b11-f541-5839-bef9-4058534850b5,scene-0003,static,10,20-30,raised_geometry,1.2,1,1,0,0,0
79e43b11-f541-5839-bef9-4058534850b5,scene-0003,static,10,30-40,traversable_label,0.4,73,43,0,0,30
79e43b11-f541-5839-bef9-4058534850b5,scene-0003,static,10,30-40,traversable_label,0.8,73,71,0,0,2
79e43b11-f541-5839-bef9-4058534850b5,scene-0003,static,10,30-40,traversable_label,1.2,73,73,0,0,0
79e43b11-f541-5839-bef9-4058534850b5,scene-0003,static,10,30-40,potential_label,0.4,302,179,0,0,123
79e43b11-f541-5839-bef9-4058534850b5,scene-0003,static,10,30-40,potential_label,0.8,302,271,4,4,31
79e43b11-f541-5839-bef9-4058534850b5,scene-0003,static,10,30-40,potential_label,1.2,302,290,22,22,12
79e43b11-f541-5839-bef9-4058534850b5,scene-0003,static,10,30-40,nontraversable_label,0.4,3373,2077,86,56,1266
79e43b11-f541-5839-bef9-4058534850b5,scene-0003,static,10,30-40,nontraversable_label,0.8,3373,3032,512,497,326
79e43b11-f541-5839-bef9-4058534850b5,scene-0003,static,10,30-40,nontraversable_label,1.2,3373,3191,1151,1142,173
79e43b11-f541-5839-bef9-4058534850b5,scene-0003,static,10,30-40,near_ground_geometry,0.4,118,63,0,0,55
79e43b11-f541-5839-bef9-4058534850b5,scene-0003,static,10,30-40,near_ground_geometry,0.8,118,110,0,0,8
79e43b11-f541-5839-bef9-4058534850b5,scene-0003,static,10,30-40,near_ground_geometry,1.2,118,115,0,0,3
79e43b11-f541-5839-bef9-4058534850b5,scene-0003,static,20,2-10,traversable_label,0.4,97,82,7,7,15
79e43b11-f541-5839-bef9-4058534850b5,scene-0003,static,20,2-10,traversable_label,0.8,97,92,27,27,5
79e43b11-f541-5839-bef9-4058534850b5,scene-0003,static,20,2-10,traversable_label,1.2,97,97,45,45,0
79e43b11-f541-5839-bef9-4058534850b5,scene-0003,static,20,2-10,potential_label,0.4,1260,1226,9,9,34
79e43b11-f541-5839-bef9-4058534850b5,scene-0003,static,20,2-10,potential_label,0.8,1260,1260,61,61,0
79e43b11-f541-5839-bef9-4058534850b5,scene-0003,static,20,2-10,potential_label,1.2,1260,1260,157,157,0
79e43b11-f541-5839-bef9-4058534850b5,scene-0003,static,20,2-10,nontraversable_label,0.4,2911,2797,109,109,114
79e43b11-f541-5839-bef9-4058534850b5,scene-0003,static,20,2-10,nontraversable_label,0.8,2911,2907,507,507,4
79e43b11-f541-5839-bef9-4058534850b5,scene-0003,static,20,2-10,nontraversable_label,1.2,2911,2911,1010,1010,0
79e43b11-f541-5839-bef9-4058534850b5,scene-0003,static,20,2-10,near_ground_geometry,0.4,197,197,2,2,0
79e43b11-f541-5839-bef9-4058534850b5,scene-0003,static,20,2-10,near_ground_geometry,0.8,197,197,12,12,0
79e43b11-f541-5839-bef9-4058534850b5,scene-0003,static,20,2-10,near_ground_geometry,1.2,197,197,26,26,0
79e43b11-f541-5839-bef9-4058534850b5,scene-0003,static,20,2-10,raised_geometry,0.4,31,15,7,7,16
79e43b11-f541-5839-bef9-4058534850b5,scene-0003,static,20,2-10,raised_geometry,0.8,31,25,22,22,6
79e43b11-f541-5839-bef9-4058534850b5,scene-0003,static,20,2-10,raised_geometry,1.2,31,31,31,31,0
79e43b11-f541-5839-bef9-4058534850b5,scene-0003,static,20,10-20,traversable_label,0.4,78,77,0,0,1
79e43b11-f541-5839-bef9-4058534850b5,scene-0003,static,20,10-20,traversable_label,0.8,78,78,0,0,0
79e43b11-f541-5839-bef9-4058534850b5,scene-0003,static,20,10-20,traversable_label,1.2,78,78,0,0,0
79e43b11-f541-5839-bef9-4058534850b5,scene-0003,static,20,10-20,potential_label,0.4,1404,1329,3,3,75
79e43b11-f541-5839-bef9-4058534850b5,scene-0003,static,20,10-20,potential_label,0.8,1404,1404,31,31,0
79e43b11-f541-5839-bef9-4058534850b5,scene-0003,static,20,10-20,potential_label,1.2,1404,1404,101,101,0
79e43b11-f541-5839-bef9-4058534850b5,scene-0003,static,20,10-20,nontraversable_label,0.4,4185,3699,128,120,478
79e43b11-f541-5839-bef9-4058534850b5,scene-0003,static,20,10-20,nontraversable_label,0.8,4185,4179,565,565,6
79e43b11-f541-5839-bef9-4058534850b5,scene-0003,static,20,10-20,nontraversable_label,1.2,4185,4183,1023,1023,2
79e43b11-f541-5839-bef9-4058534850b5,scene-0003,static,20,10-20,near_ground_geometry,0.4,228,216,0,0,12
79e43b11-f541-5839-bef9-4058534850b5,scene-0003,static,20,10-20,near_ground_geometry,0.8,228,228,0,0,0
79e43b11-f541-5839-bef9-4058534850b5,scene-0003,static,20,10-20,near_ground_geometry,1.2,228,228,0,0,0
79e43b11-f541-5839-bef9-4058534850b5,scene-0003,static,20,20-30,traversable_label,0.4,76,64,0,0,12
79e43b11-f541-5839-bef9-4058534850b5,scene-0003,static,20,20-30,traversable_label,0.8,76,74,0,0,2
79e43b11-f541-5839-bef9-4058534850b5,scene-0003,static,20,20-30,traversable_label,1.2,76,76,0,0,0
79e43b11-f541-5839-bef9-4058534850b5,scene-0003,static,20,20-30,potential_label,0.4,725,568,2,2,157
79e43b11-f541-5839-bef9-4058534850b5,scene-0003,static,20,20-30,potential_label,0.8,725,720,12,12,5
79e43b11-f541-5839-bef9-4058534850b5,scene-0003,static,20,20-30,potential_label,1.2,725,725,41,41,0
79e43b11-f541-5839-bef9-4058534850b5,scene-0003,static,20,20-30,nontraversable_label,0.4,3610,2590,57,45,1008
79e43b11-f541-5839-bef9-4058534850b5,scene-0003,static,20,20-30,nontraversable_label,0.8,3610,3413,368,363,192
79e43b11-f541-5839-bef9-4058534850b5,scene-0003,static,20,20-30,nontraversable_label,1.2,3610,3521,804,804,89
79e43b11-f541-5839-bef9-4058534850b5,scene-0003,static,20,20-30,near_ground_geometry,0.4,170,129,0,0,41
79e43b11-f541-5839-bef9-4058534850b5,scene-0003,static,20,20-30,near_ground_geometry,0.8,170,168,0,0,2
79e43b11-f541-5839-bef9-4058534850b5,scene-0003,static,20,20-30,near_ground_geometry,1.2,170,170,0,0,0
79e43b11-f541-5839-bef9-4058534850b5,scene-0003,static,20,20-30,raised_geometry,0.4,1,1,0,0,0
79e43b11-f541-5839-bef9-4058534850b5,scene-0003,static,20,20-30,raised_geometry,0.8,1,1,0,0,0
79e43b11-f541-5839-bef9-4058534850b5,scene-0003,static,20,20-30,raised_geometry,1.2,1,1,0,0,0
79e43b11-f541-5839-bef9-4058534850b5,scene-0003,static,20,30-40,traversable_label,0.4,73,43,0,0,30
79e43b11-f541-5839-bef9-4058534850b5,scene-0003,static,20,30-40,traversable_label,0.8,73,71,0,0,2
79e43b11-f541-5839-bef9-4058534850b5,scene-0003,static,20,30-40,traversable_label,1.2,73,73,0,0,0
79e43b11-f541-5839-bef9-4058534850b5,scene-0003,static,20,30-40,potential_label,0.4,302,179,0,0,123
79e43b11-f541-5839-bef9-4058534850b5,scene-0003,static,20,30-40,potential_label,0.8,302,271,4,4,31
79e43b11-f541-5839-bef9-4058534850b5,scene-0003,static,20,30-40,potential_label,1.2,302,290,22,22,12
79e43b11-f541-5839-bef9-4058534850b5,scene-0003,static,20,30-40,nontraversable_label,0.4,3373,2077,86,56,1266
79e43b11-f541-5839-bef9-4058534850b5,scene-0003,static,20,30-40,nontraversable_label,0.8,3373,3032,512,497,326
79e43b11-f541-5839-bef9-4058534850b5,scene-0003,static,20,30-40,nontraversable_label,1.2,3373,3191,1151,1142,173
79e43b11-f541-5839-bef9-4058534850b5,scene-0003,static,20,30-40,near_ground_geometry,0.4,118,63,0,0,55
79e43b11-f541-5839-bef9-4058534850b5,scene-0003,static,20,30-40,near_ground_geometry,0.8,118,110,0,0,8
79e43b11-f541-5839-bef9-4058534850b5,scene-0003,static,20,30-40,near_ground_geometry,1.2,118,115,0,0,3
79e43b11-f541-5839-bef9-4058534850b5,scene-0003,aligned,10,2-10,traversable_label,0.4,65,50,7,7,15
79e43b11-f541-5839-bef9-4058534850b5,scene-0003,aligned,10,2-10,traversable_label,0.8,65,60,27,27,5
79e43b11-f541-5839-bef9-4058534850b5,scene-0003,aligned,10,2-10,traversable_label,1.2,65,65,45,45,0
79e43b11-f541-5839-bef9-4058534850b5,scene-0003,aligned,10,2-10,potential_label,0.4,874,843,7,7,31
79e43b11-f541-5839-bef9-4058534850b5,scene-0003,aligned,10,2-10,potential_label,0.8,874,874,51,51,0
79e43b11-f541-5839-bef9-4058534850b5,scene-0003,aligned,10,2-10,potential_label,1.2,874,874,130,130,0
79e43b11-f541-5839-bef9-4058534850b5,scene-0003,aligned,10,2-10,nontraversable_label,0.4,2500,2411,96,96,89
79e43b11-f541-5839-bef9-4058534850b5,scene-0003,aligned,10,2-10,nontraversable_label,0.8,2500,2496,464,464,4
79e43b11-f541-5839-bef9-4058534850b5,scene-0003,aligned,10,2-10,nontraversable_label,1.2,2500,2500,931,931,0
79e43b11-f541-5839-bef9-4058534850b5,scene-0003,aligned,10,2-10,near_ground_geometry,0.4,103,103,2,2,0
79e43b11-f541-5839-bef9-4058534850b5,scene-0003,aligned,10,2-10,near_ground_geometry,0.8,103,103,12,12,0
79e43b11-f541-5839-bef9-4058534850b5,scene-0003,aligned,10,2-10,near_ground_geometry,1.2,103,103,26,26,0
79e43b11-f541-5839-bef9-4058534850b5,scene-0003,aligned,10,2-10,raised_geometry,0.4,31,15,7,7,16
79e43b11-f541-5839-bef9-4058534850b5,scene-0003,aligned,10,2-10,raised_geometry,0.8,31,25,22,22,6
79e43b11-f541-5839-bef9-4058534850b5,scene-0003,aligned,10,2-10,raised_geometry,1.2,31,31,31,31,0
79e43b11-f541-5839-bef9-4058534850b5,scene-0003,aligned,10,10-20,traversable_label,0.4,78,77,0,0,1
79e43b11-f541-5839-bef9-4058534850b5,scene-0003,aligned,10,10-20,traversable_label,0.8,78,78,0,0,0
79e43b11-f541-5839-bef9-4058534850b5,scene-0003,aligned,10,10-20,traversable_label,1.2,78,78,0,0,0
79e43b11-f541-5839-bef9-4058534850b5,scene-0003,aligned,10,10-20,potential_label,0.4,1404,1329,4,4,75
79e43b11-f541-5839-bef9-4058534850b5,scene-0003,aligned,10,10-20,potential_label,0.8,1404,1404,32,32,0
79e43b11-f541-5839-bef9-4058534850b5,scene-0003,aligned,10,10-20,potential_label,1.2,1404,1404,107,107,0
79e43b11-f541-5839-bef9-4058534850b5,scene-0003,aligned,10,10-20,nontraversable_label,0.4,3697,3292,123,114,396
79e43b11-f541-5839-bef9-4058534850b5,scene-0003,aligned,10,10-20,nontraversable_label,0.8,3697,3692,579,579,5
79e43b11-f541-5839-bef9-4058534850b5,scene-0003,aligned,10,10-20,nontraversable_label,1.2,3697,3695,1028,1028,2
79e43b11-f541-5839-bef9-4058534850b5,scene-0003,aligned,10,10-20,near_ground_geometry,0.4,228,216,0,0,12
79e43b11-f541-5839-bef9-4058534850b5,scene-0003,aligned,10,10-20,near_ground_geometry,0.8,228,228,0,0,0
79e43b11-f541-5839-bef9-4058534850b5,scene-0003,aligned,10,10-20,near_ground_geometry,1.2,228,228,0,0,0
79e43b11-f541-5839-bef9-4058534850b5,scene-0003,aligned,10,20-30,traversable_label,0.4,76,64,0,0,12
79e43b11-f541-5839-bef9-4058534850b5,scene-0003,aligned,10,20-30,traversable_label,0.8,76,74,0,0,2
79e43b11-f541-5839-bef9-4058534850b5,scene-0003,aligned,10,20-30,traversable_label,1.2,76,76,0,0,0
79e43b11-f541-5839-bef9-4058534850b5,scene-0003,aligned,10,20-30,potential_label,0.4,725,568,4,3,156
79e43b11-f541-5839-bef9-4058534850b5,scene-0003,aligned,10,20-30,potential_label,0.8,725,720,12,12,5
79e43b11-f541-5839-bef9-4058534850b5,scene-0003,aligned,10,20-30,potential_label,1.2,725,725,41,41,0
79e43b11-f541-5839-bef9-4058534850b5,scene-0003,aligned,10,20-30,nontraversable_label,0.4,3341,2386,55,44,944
79e43b11-f541-5839-bef9-4058534850b5,scene-0003,aligned,10,20-30,nontraversable_label,0.8,3341,3147,372,367,189
79e43b11-f541-5839-bef9-4058534850b5,scene-0003,aligned,10,20-30,nontraversable_label,1.2,3341,3252,811,811,89
79e43b11-f541-5839-bef9-4058534850b5,scene-0003,aligned,10,20-30,near_ground_geometry,0.4,170,129,0,0,41
79e43b11-f541-5839-bef9-4058534850b5,scene-0003,aligned,10,20-30,near_ground_geometry,0.8,170,168,0,0,2
79e43b11-f541-5839-bef9-4058534850b5,scene-0003,aligned,10,20-30,near_ground_geometry,1.2,170,170,0,0,0
79e43b11-f541-5839-bef9-4058534850b5,scene-0003,aligned,10,20-30,raised_geometry,0.4,1,1,0,0,0
79e43b11-f541-5839-bef9-4058534850b5,scene-0003,aligned,10,20-30,raised_geometry,0.8,1,1,0,0,0
79e43b11-f541-5839-bef9-4058534850b5,scene-0003,aligned,10,20-30,raised_geometry,1.2,1,1,0,0,0
79e43b11-f541-5839-bef9-4058534850b5,scene-0003,aligned,10,30-40,traversable_label,0.4,73,43,0,0,30
79e43b11-f541-5839-bef9-4058534850b5,scene-0003,aligned,10,30-40,traversable_label,0.8,73,71,0,0,2
79e43b11-f541-5839-bef9-4058534850b5,scene-0003,aligned,10,30-40,traversable_label,1.2,73,73,0,0,0
79e43b11-f541-5839-bef9-4058534850b5,scene-0003,aligned,10,30-40,potential_label,0.4,302,179,2,0,121
79e43b11-f541-5839-bef9-4058534850b5,scene-0003,aligned,10,30-40,potential_label,0.8,302,271,5,5,31
79e43b11-f541-5839-bef9-4058534850b5,scene-0003,aligned,10,30-40,potential_label,1.2,302,290,22,22,12
79e43b11-f541-5839-bef9-4058534850b5,scene-0003,aligned,10,30-40,nontraversable_label,0.4,3373,2077,93,62,1265
79e43b11-f541-5839-bef9-4058534850b5,scene-0003,aligned,10,30-40,nontraversable_label,0.8,3373,3032,540,526,327
79e43b11-f541-5839-bef9-4058534850b5,scene-0003,aligned,10,30-40,nontraversable_label,1.2,3373,3191,1177,1169,174
79e43b11-f541-5839-bef9-4058534850b5,scene-0003,aligned,10,30-40,near_ground_geometry,0.4,118,63,0,0,55
79e43b11-f541-5839-bef9-4058534850b5,scene-0003,aligned,10,30-40,near_ground_geometry,0.8,118,110,0,0,8
79e43b11-f541-5839-bef9-4058534850b5,scene-0003,aligned,10,30-40,near_ground_geometry,1.2,118,115,0,0,3
79e43b11-f541-5839-bef9-4058534850b5,scene-0003,aligned,20,2-10,traversable_label,0.4,97,82,7,7,15
79e43b11-f541-5839-bef9-4058534850b5,scene-0003,aligned,20,2-10,traversable_label,0.8,97,92,27,27,5
79e43b11-f541-5839-bef9-4058534850b5,scene-0003,aligned,20,2-10,traversable_label,1.2,97,97,45,45,0
79e43b11-f541-5839-bef9-4058534850b5,scene-0003,aligned,20,2-10,potential_label,0.4,1260,1226,9,9,34
79e43b11-f541-5839-bef9-4058534850b5,scene-0003,aligned,20,2-10,potential_label,0.8,1260,1260,63,63,0
79e43b11-f541-5839-bef9-4058534850b5,scene-0003,aligned,20,2-10,potential_label,1.2,1260,1260,160,160,0
79e43b11-f541-5839-bef9-4058534850b5,scene-0003,aligned,20,2-10,nontraversable_label,0.4,2911,2797,108,108,114
79e43b11-f541-5839-bef9-4058534850b5,scene-0003,aligned,20,2-10,nontraversable_label,0.8,2911,2907,505,505,4
79e43b11-f541-5839-bef9-4058534850b5,scene-0003,aligned,20,2-10,nontraversable_label,1.2,2911,2911,1018,1018,0
79e43b11-f541-5839-bef9-4058534850b5,scene-0003,aligned,20,2-10,near_ground_geometry,0.4,197,197,2,2,0
79e43b11-f541-5839-bef9-4058534850b5,scene-0003,aligned,20,2-10,near_ground_geometry,0.8,197,197,12,12,0
79e43b11-f541-5839-bef9-4058534850b5,scene-0003,aligned,20,2-10,near_ground_geometry,1.2,197,197,26,26,0
79e43b11-f541-5839-bef9-4058534850b5,scene-0003,aligned,20,2-10,raised_geometry,0.4,31,15,7,7,16
79e43b11-f541-5839-bef9-4058534850b5,scene-0003,aligned,20,2-10,raised_geometry,0.8,31,25,22,22,6
79e43b11-f541-5839-bef9-4058534850b5,scene-0003,aligned,20,2-10,raised_geometry,1.2,31,31,31,31,0
79e43b11-f541-5839-bef9-4058534850b5,scene-0003,aligned,20,10-20,traversable_label,0.4,78,77,0,0,1
79e43b11-f541-5839-bef9-4058534850b5,scene-0003,aligned,20,10-20,traversable_label,0.8,78,78,0,0,0
79e43b11-f541-5839-bef9-4058534850b5,scene-0003,aligned,20,10-20,traversable_label,1.2,78,78,0,0,0
79e43b11-f541-5839-bef9-4058534850b5,scene-0003,aligned,20,10-20,potential_label,0.4,1404,1329,4,4,75
79e43b11-f541-5839-bef9-4058534850b5,scene-0003,aligned,20,10-20,potential_label,0.8,1404,1404,32,32,0
79e43b11-f541-5839-bef9-4058534850b5,scene-0003,aligned,20,10-20,potential_label,1.2,1404,1404,107,107,0
79e43b11-f541-5839-bef9-4058534850b5,scene-0003,aligned,20,10-20,nontraversable_label,0.4,4185,3699,123,114,477
79e43b11-f541-5839-bef9-4058534850b5,scene-0003,aligned,20,10-20,nontraversable_label,0.8,4185,4179,579,579,6
79e43b11-f541-5839-bef9-4058534850b5,scene-0003,aligned,20,10-20,nontraversable_label,1.2,4185,4183,1031,1031,2
79e43b11-f541-5839-bef9-4058534850b5,scene-0003,aligned,20,10-20,near_ground_geometry,0.4,228,216,0,0,12
79e43b11-f541-5839-bef9-4058534850b5,scene-0003,aligned,20,10-20,near_ground_geometry,0.8,228,228,0,0,0
79e43b11-f541-5839-bef9-4058534850b5,scene-0003,aligned,20,10-20,near_ground_geometry,1.2,228,228,0,0,0
79e43b11-f541-5839-bef9-4058534850b5,scene-0003,aligned,20,20-30,traversable_label,0.4,76,64,0,0,12
79e43b11-f541-5839-bef9-4058534850b5,scene-0003,aligned,20,20-30,traversable_label,0.8,76,74,0,0,2
79e43b11-f541-5839-bef9-4058534850b5,scene-0003,aligned,20,20-30,traversable_label,1.2,76,76,0,0,0
79e43b11-f541-5839-bef9-4058534850b5,scene-0003,aligned,20,20-30,potential_label,0.4,725,568,4,3,156
79e43b11-f541-5839-bef9-4058534850b5,scene-0003,aligned,20,20-30,potential_label,0.8,725,720,12,12,5
79e43b11-f541-5839-bef9-4058534850b5,scene-0003,aligned,20,20-30,potential_label,1.2,725,725,41,41,0
79e43b11-f541-5839-bef9-4058534850b5,scene-0003,aligned,20,20-30,nontraversable_label,0.4,3610,2590,55,44,1009
79e43b11-f541-5839-bef9-4058534850b5,scene-0003,aligned,20,20-30,nontraversable_label,0.8,3610,3413,372,367,192
79e43b11-f541-5839-bef9-4058534850b5,scene-0003,aligned,20,20-30,nontraversable_label,1.2,3610,3521,811,811,89
79e43b11-f541-5839-bef9-4058534850b5,scene-0003,aligned,20,20-30,near_ground_geometry,0.4,170,129,0,0,41
79e43b11-f541-5839-bef9-4058534850b5,scene-0003,aligned,20,20-30,near_ground_geometry,0.8,170,168,0,0,2
79e43b11-f541-5839-bef9-4058534850b5,scene-0003,aligned,20,20-30,near_ground_geometry,1.2,170,170,0,0,0
79e43b11-f541-5839-bef9-4058534850b5,scene-0003,aligned,20,20-30,raised_geometry,0.4,1,1,0,0,0
79e43b11-f541-5839-bef9-4058534850b5,scene-0003,aligned,20,20-30,raised_geometry,0.8,1,1,0,0,0
79e43b11-f541-5839-bef9-4058534850b5,scene-0003,aligned,20,20-30,raised_geometry,1.2,1,1,0,0,0
79e43b11-f541-5839-bef9-4058534850b5,scene-0003,aligned,20,30-40,traversable_label,0.4,73,43,0,0,30
79e43b11-f541-5839-bef9-4058534850b5,scene-0003,aligned,20,30-40,traversable_label,0.8,73,71,0,0,2
79e43b11-f541-5839-bef9-4058534850b5,scene-0003,aligned,20,30-40,traversable_label,1.2,73,73,0,0,0
79e43b11-f541-5839-bef9-4058534850b5,scene-0003,aligned,20,30-40,potential_label,0.4,302,179,2,0,121
79e43b11-f541-5839-bef9-4058534850b5,scene-0003,aligned,20,30-40,potential_label,0.8,302,271,5,5,31
79e43b11-f541-5839-bef9-4058534850b5,scene-0003,aligned,20,30-40,potential_label,1.2,302,290,22,22,12
79e43b11-f541-5839-bef9-4058534850b5,scene-0003,aligned,20,30-40,nontraversable_label,0.4,3373,2077,93,62,1265
79e43b11-f541-5839-bef9-4058534850b5,scene-0003,aligned,20,30-40,nontraversable_label,0.8,3373,3032,540,526,327
79e43b11-f541-5839-bef9-4058534850b5,scene-0003,aligned,20,30-40,nontraversable_label,1.2,3373,3191,1177,1169,174
79e43b11-f541-5839-bef9-4058534850b5,scene-0003,aligned,20,30-40,near_ground_geometry,0.4,118,63,0,0,55
79e43b11-f541-5839-bef9-4058534850b5,scene-0003,aligned,20,30-40,near_ground_geometry,0.8,118,110,0,0,8
79e43b11-f541-5839-bef9-4058534850b5,scene-0003,aligned,20,30-40,near_ground_geometry,1.2,118,115,0,0,3
79e43b11-f541-5839-bef9-4058534850b5,scene-0003,ros_origin,10,2-10,traversable_label,0.4,65,50,11,9,13
79e43b11-f541-5839-bef9-4058534850b5,scene-0003,ros_origin,10,2-10,traversable_label,0.8,65,60,30,28,3
79e43b11-f541-5839-bef9-4058534850b5,scene-0003,ros_origin,10,2-10,traversable_label,1.2,65,65,46,46,0
79e43b11-f541-5839-bef9-4058534850b5,scene-0003,ros_origin,10,2-10,potential_label,0.4,874,843,5,5,31
79e43b11-f541-5839-bef9-4058534850b5,scene-0003,ros_origin,10,2-10,potential_label,0.8,874,874,64,64,0
79e43b11-f541-5839-bef9-4058534850b5,scene-0003,ros_origin,10,2-10,potential_label,1.2,874,874,153,153,0
79e43b11-f541-5839-bef9-4058534850b5,scene-0003,ros_origin,10,2-10,nontraversable_label,0.4,2500,2411,82,81,88
79e43b11-f541-5839-bef9-4058534850b5,scene-0003,ros_origin,10,2-10,nontraversable_label,0.8,2500,2496,436,436,4
79e43b11-f541-5839-bef9-4058534850b5,scene-0003,ros_origin,10,2-10,nontraversable_label,1.2,2500,2500,864,864,0
79e43b11-f541-5839-bef9-4058534850b5,scene-0003,ros_origin,10,2-10,near_ground_geometry,0.4,103,103,0,0,0
79e43b11-f541-5839-bef9-4058534850b5,scene-0003,ros_origin,10,2-10,near_ground_geometry,0.8,103,103,7,7,0
79e43b11-f541-5839-bef9-4058534850b5,scene-0003,ros_origin,10,2-10,near_ground_geometry,1.2,103,103,24,24,0
79e43b11-f541-5839-bef9-4058534850b5,scene-0003,ros_origin,10,2-10,raised_geometry,0.4,31,15,9,7,14
79e43b11-f541-5839-bef9-4058534850b5,scene-0003,ros_origin,10,2-10,raised_geometry,0.8,31,25,24,22,4
79e43b11-f541-5839-bef9-4058534850b5,scene-0003,ros_origin,10,2-10,raised_geometry,1.2,31,31,31,31,0
79e43b11-f541-5839-bef9-4058534850b5,scene-0003,ros_origin,10,10-20,traversable_label,0.4,78,77,0,0,1
79e43b11-f541-5839-bef9-4058534850b5,scene-0003,ros_origin,10,10-20,traversable_label,0.8,78,78,0,0,0
79e43b11-f541-5839-bef9-4058534850b5,scene-0003,ros_origin,10,10-20,traversable_label,1.2,78,78,0,0,0
79e43b11-f541-5839-bef9-4058534850b5,scene-0003,ros_origin,10,10-20,potential_label,0.4,1404,1329,10,10,75
79e43b11-f541-5839-bef9-4058534850b5,scene-0003,ros_origin,10,10-20,potential_label,0.8,1404,1404,62,62,0
79e43b11-f541-5839-bef9-4058534850b5,scene-0003,ros_origin,10,10-20,potential_label,1.2,1404,1404,151,151,0
79e43b11-f541-5839-bef9-4058534850b5,scene-0003,ros_origin,10,10-20,nontraversable_label,0.4,3697,3292,151,148,402
79e43b11-f541-5839-bef9-4058534850b5,scene-0003,ros_origin,10,10-20,nontraversable_label,0.8,3697,3692,619,619,5
79e43b11-f541-5839-bef9-4058534850b5,scene-0003,ros_origin,10,10-20,nontraversable_label,1.2,3697,3695,1057,1057,2
79e43b11-f541-5839-bef9-4058534850b5,scene-0003,ros_origin,10,10-20,near_ground_geometry,0.4,228,216,0,0,12
79e43b11-f541-5839-bef9-4058534850b5,scene-0003,ros_origin,10,10-20,near_ground_geometry,0.8,228,228,0,0,0
79e43b11-f541-5839-bef9-4058534850b5,scene-0003,ros_origin,10,10-20,near_ground_geometry,1.2,228,228,0,0,0
79e43b11-f541-5839-bef9-4058534850b5,scene-0003,ros_origin,10,20-30,traversable_label,0.4,76,64,0,0,12
79e43b11-f541-5839-bef9-4058534850b5,scene-0003,ros_origin,10,20-30,traversable_label,0.8,76,74,0,0,2
79e43b11-f541-5839-bef9-4058534850b5,scene-0003,ros_origin,10,20-30,traversable_label,1.2,76,76,0,0,0
79e43b11-f541-5839-bef9-4058534850b5,scene-0003,ros_origin,10,20-30,potential_label,0.4,725,568,3,3,157
79e43b11-f541-5839-bef9-4058534850b5,scene-0003,ros_origin,10,20-30,potential_label,0.8,725,720,22,22,5
79e43b11-f541-5839-bef9-4058534850b5,scene-0003,ros_origin,10,20-30,potential_label,1.2,725,725,55,55,0
79e43b11-f541-5839-bef9-4058534850b5,scene-0003,ros_origin,10,20-30,nontraversable_label,0.4,3341,2386,46,42,951
79e43b11-f541-5839-bef9-4058534850b5,scene-0003,ros_origin,10,20-30,nontraversable_label,0.8,3341,3147,315,314,193
79e43b11-f541-5839-bef9-4058534850b5,scene-0003,ros_origin,10,20-30,nontraversable_label,1.2,3341,3252,705,705,89
79e43b11-f541-5839-bef9-4058534850b5,scene-0003,ros_origin,10,20-30,near_ground_geometry,0.4,170,129,0,0,41
79e43b11-f541-5839-bef9-4058534850b5,scene-0003,ros_origin,10,20-30,near_ground_geometry,0.8,170,168,0,0,2
79e43b11-f541-5839-bef9-4058534850b5,scene-0003,ros_origin,10,20-30,near_ground_geometry,1.2,170,170,0,0,0
79e43b11-f541-5839-bef9-4058534850b5,scene-0003,ros_origin,10,20-30,raised_geometry,0.4,1,1,0,0,0
79e43b11-f541-5839-bef9-4058534850b5,scene-0003,ros_origin,10,20-30,raised_geometry,0.8,1,1,0,0,0
79e43b11-f541-5839-bef9-4058534850b5,scene-0003,ros_origin,10,20-30,raised_geometry,1.2,1,1,0,0,0
79e43b11-f541-5839-bef9-4058534850b5,scene-0003,ros_origin,10,30-40,traversable_label,0.4,73,43,0,0,30
79e43b11-f541-5839-bef9-4058534850b5,scene-0003,ros_origin,10,30-40,traversable_label,0.8,73,71,0,0,2
79e43b11-f541-5839-bef9-4058534850b5,scene-0003,ros_origin,10,30-40,traversable_label,1.2,73,73,0,0,0
79e43b11-f541-5839-bef9-4058534850b5,scene-0003,ros_origin,10,30-40,potential_label,0.4,302,179,1,1,123
79e43b11-f541-5839-bef9-4058534850b5,scene-0003,ros_origin,10,30-40,potential_label,0.8,302,271,15,15,31
79e43b11-f541-5839-bef9-4058534850b5,scene-0003,ros_origin,10,30-40,potential_label,1.2,302,290,45,45,12
79e43b11-f541-5839-bef9-4058534850b5,scene-0003,ros_origin,10,30-40,nontraversable_label,0.4,3373,2077,73,62,1285
79e43b11-f541-5839-bef9-4058534850b5,scene-0003,ros_origin,10,30-40,nontraversable_label,0.8,3373,3032,527,518,332
79e43b11-f541-5839-bef9-4058534850b5,scene-0003,ros_origin,10,30-40,nontraversable_label,1.2,3373,3191,1094,1087,175
79e43b11-f541-5839-bef9-4058534850b5,scene-0003,ros_origin,10,30-40,near_ground_geometry,0.4,118,63,0,0,55
79e43b11-f541-5839-bef9-4058534850b5,scene-0003,ros_origin,10,30-40,near_ground_geometry,0.8,118,110,0,0,8
79e43b11-f541-5839-bef9-4058534850b5,scene-0003,ros_origin,10,30-40,near_ground_geometry,1.2,118,115,0,0,3
79e43b11-f541-5839-bef9-4058534850b5,scene-0003,ros_origin,20,2-10,traversable_label,0.4,97,82,11,9,13
79e43b11-f541-5839-bef9-4058534850b5,scene-0003,ros_origin,20,2-10,traversable_label,0.8,97,92,30,28,3
79e43b11-f541-5839-bef9-4058534850b5,scene-0003,ros_origin,20,2-10,traversable_label,1.2,97,97,46,46,0
79e43b11-f541-5839-bef9-4058534850b5,scene-0003,ros_origin,20,2-10,potential_label,0.4,1260,1226,8,8,34
79e43b11-f541-5839-bef9-4058534850b5,scene-0003,ros_origin,20,2-10,potential_label,0.8,1260,1260,78,78,0
79e43b11-f541-5839-bef9-4058534850b5,scene-0003,ros_origin,20,2-10,potential_label,1.2,1260,1260,187,187,0
79e43b11-f541-5839-bef9-4058534850b5,scene-0003,ros_origin,20,2-10,nontraversable_label,0.4,2911,2797,101,99,112
79e43b11-f541-5839-bef9-4058534850b5,scene-0003,ros_origin,20,2-10,nontraversable_label,0.8,2911,2907,488,488,4
79e43b11-f541-5839-bef9-4058534850b5,scene-0003,ros_origin,20,2-10,nontraversable_label,1.2,2911,2911,952,952,0
79e43b11-f541-5839-bef9-4058534850b5,scene-0003,ros_origin,20,2-10,near_ground_geometry,0.4,197,197,0,0,0
79e43b11-f541-5839-bef9-4058534850b5,scene-0003,ros_origin,20,2-10,near_ground_geometry,0.8,197,197,7,7,0
79e43b11-f541-5839-bef9-4058534850b5,scene-0003,ros_origin,20,2-10,near_ground_geometry,1.2,197,197,24,24,0
79e43b11-f541-5839-bef9-4058534850b5,scene-0003,ros_origin,20,2-10,raised_geometry,0.4,31,15,9,7,14
79e43b11-f541-5839-bef9-4058534850b5,scene-0003,ros_origin,20,2-10,raised_geometry,0.8,31,25,24,22,4
79e43b11-f541-5839-bef9-4058534850b5,scene-0003,ros_origin,20,2-10,raised_geometry,1.2,31,31,31,31,0
79e43b11-f541-5839-bef9-4058534850b5,scene-0003,ros_origin,20,10-20,traversable_label,0.4,78,77,0,0,1
79e43b11-f541-5839-bef9-4058534850b5,scene-0003,ros_origin,20,10-20,traversable_label,0.8,78,78,0,0,0
79e43b11-f541-5839-bef9-4058534850b5,scene-0003,ros_origin,20,10-20,traversable_label,1.2,78,78,0,0,0
79e43b11-f541-5839-bef9-4058534850b5,scene-0003,ros_origin,20,10-20,potential_label,0.4,1404,1329,10,10,75
79e43b11-f541-5839-bef9-4058534850b5,scene-0003,ros_origin,20,10-20,potential_label,0.8,1404,1404,62,62,0
79e43b11-f541-5839-bef9-4058534850b5,scene-0003,ros_origin,20,10-20,potential_label,1.2,1404,1404,151,151,0
79e43b11-f541-5839-bef9-4058534850b5,scene-0003,ros_origin,20,10-20,nontraversable_label,0.4,4185,3699,151,148,483
79e43b11-f541-5839-bef9-4058534850b5,scene-0003,ros_origin,20,10-20,nontraversable_label,0.8,4185,4179,619,619,6
79e43b11-f541-5839-bef9-4058534850b5,scene-0003,ros_origin,20,10-20,nontraversable_label,1.2,4185,4183,1057,1057,2
79e43b11-f541-5839-bef9-4058534850b5,scene-0003,ros_origin,20,10-20,near_ground_geometry,0.4,228,216,0,0,12
79e43b11-f541-5839-bef9-4058534850b5,scene-0003,ros_origin,20,10-20,near_ground_geometry,0.8,228,228,0,0,0
79e43b11-f541-5839-bef9-4058534850b5,scene-0003,ros_origin,20,10-20,near_ground_geometry,1.2,228,228,0,0,0
79e43b11-f541-5839-bef9-4058534850b5,scene-0003,ros_origin,20,20-30,traversable_label,0.4,76,64,0,0,12
79e43b11-f541-5839-bef9-4058534850b5,scene-0003,ros_origin,20,20-30,traversable_label,0.8,76,74,0,0,2
79e43b11-f541-5839-bef9-4058534850b5,scene-0003,ros_origin,20,20-30,traversable_label,1.2,76,76,0,0,0
79e43b11-f541-5839-bef9-4058534850b5,scene-0003,ros_origin,20,20-30,potential_label,0.4,725,568,3,3,157
79e43b11-f541-5839-bef9-4058534850b5,scene-0003,ros_origin,20,20-30,potential_label,0.8,725,720,22,22,5
79e43b11-f541-5839-bef9-4058534850b5,scene-0003,ros_origin,20,20-30,potential_label,1.2,725,725,55,55,0
79e43b11-f541-5839-bef9-4058534850b5,scene-0003,ros_origin,20,20-30,nontraversable_label,0.4,3610,2590,46,42,1016
79e43b11-f541-5839-bef9-4058534850b5,scene-0003,ros_origin,20,20-30,nontraversable_label,0.8,3610,3413,315,314,196
79e43b11-f541-5839-bef9-4058534850b5,scene-0003,ros_origin,20,20-30,nontraversable_label,1.2,3610,3521,705,705,89
79e43b11-f541-5839-bef9-4058534850b5,scene-0003,ros_origin,20,20-30,near_ground_geometry,0.4,170,129,0,0,41
79e43b11-f541-5839-bef9-4058534850b5,scene-0003,ros_origin,20,20-30,near_ground_geometry,0.8,170,168,0,0,2
79e43b11-f541-5839-bef9-4058534850b5,scene-0003,ros_origin,20,20-30,near_ground_geometry,1.2,170,170,0,0,0
79e43b11-f541-5839-bef9-4058534850b5,scene-0003,ros_origin,20,20-30,raised_geometry,0.4,1,1,0,0,0
79e43b11-f541-5839-bef9-4058534850b5,scene-0003,ros_origin,20,20-30,raised_geometry,0.8,1,1,0,0,0
79e43b11-f541-5839-bef9-4058534850b5,scene-0003,ros_origin,20,20-30,raised_geometry,1.2,1,1,0,0,0
79e43b11-f541-5839-bef9-4058534850b5,scene-0003,ros_origin,20,30-40,traversable_label,0.4,73,43,0,0,30
79e43b11-f541-5839-bef9-4058534850b5,scene-0003,ros_origin,20,30-40,traversable_label,0.8,73,71,0,0,2
79e43b11-f541-5839-bef9-4058534850b5,scene-0003,ros_origin,20,30-40,traversable_label,1.2,73,73,0,0,0
79e43b11-f541-5839-bef9-4058534850b5,scene-0003,ros_origin,20,30-40,potential_label,0.4,302,179,1,1,123
79e43b11-f541-5839-bef9-4058534850b5,scene-0003,ros_origin,20,30-40,potential_label,0.8,302,271,15,15,31
79e43b11-f541-5839-bef9-4058534850b5,scene-0003,ros_origin,20,30-40,potential_label,1.2,302,290,45,45,12
79e43b11-f541-5839-bef9-4058534850b5,scene-0003,ros_origin,20,30-40,nontraversable_label,0.4,3373,2077,73,62,1285
79e43b11-f541-5839-bef9-4058534850b5,scene-0003,ros_origin,20,30-40,nontraversable_label,0.8,3373,3032,527,518,332
79e43b11-f541-5839-bef9-4058534850b5,scene-0003,ros_origin,20,30-40,nontraversable_label,1.2,3373,3191,1094,1087,175
79e43b11-f541-5839-bef9-4058534850b5,scene-0003,ros_origin,20,30-40,near_ground_geometry,0.4,118,63,0,0,55
79e43b11-f541-5839-bef9-4058534850b5,scene-0003,ros_origin,20,30-40,near_ground_geometry,0.8,118,110,0,0,8
79e43b11-f541-5839-bef9-4058534850b5,scene-0003,ros_origin,20,30-40,near_ground_geometry,1.2,118,115,0,0,3
95066f88-31ed-5f3f-b7a2-c4b00bdd5e40,scene-0003,static,10,2-10,traversable_label,0.4,97,77,10,10,20
95066f88-31ed-5f3f-b7a2-c4b00bdd5e40,scene-0003,static,10,2-10,traversable_label,0.8,97,94,43,43,3
95066f88-31ed-5f3f-b7a2-c4b00bdd5e40,scene-0003,static,10,2-10,traversable_label,1.2,97,97,62,62,0
95066f88-31ed-5f3f-b7a2-c4b00bdd5e40,scene-0003,static,10,2-10,potential_label,0.4,820,799,13,13,21
95066f88-31ed-5f3f-b7a2-c4b00bdd5e40,scene-0003,static,10,2-10,potential_label,0.8,820,820,53,53,0
95066f88-31ed-5f3f-b7a2-c4b00bdd5e40,scene-0003,static,10,2-10,potential_label,1.2,820,820,137,137,0
95066f88-31ed-5f3f-b7a2-c4b00bdd5e40,scene-0003,static,10,2-10,nontraversable_label,0.4,2228,2123,94,94,105
95066f88-31ed-5f3f-b7a2-c4b00bdd5e40,scene-0003,static,10,2-10,nontraversable_label,0.8,2228,2228,508,508,0
95066f88-31ed-5f3f-b7a2-c4b00bdd5e40,scene-0003,static,10,2-10,nontraversable_label,1.2,2228,2228,1029,1029,0
95066f88-31ed-5f3f-b7a2-c4b00bdd5e40,scene-0003,static,10,2-10,near_ground_geometry,0.4,127,127,0,0,0
95066f88-31ed-5f3f-b7a2-c4b00bdd5e40,scene-0003,static,10,2-10,near_ground_geometry,0.8,127,127,1,1,0
95066f88-31ed-5f3f-b7a2-c4b00bdd5e40,scene-0003,static,10,2-10,near_ground_geometry,1.2,127,127,20,20,0
95066f88-31ed-5f3f-b7a2-c4b00bdd5e40,scene-0003,static,10,2-10,raised_geometry,0.4,45,25,10,10,20
95066f88-31ed-5f3f-b7a2-c4b00bdd5e40,scene-0003,static,10,2-10,raised_geometry,0.8,45,42,38,38,3
95066f88-31ed-5f3f-b7a2-c4b00bdd5e40,scene-0003,static,10,2-10,raised_geometry,1.2,45,45,42,42,0
95066f88-31ed-5f3f-b7a2-c4b00bdd5e40,scene-0003,static,10,10-20,traversable_label,0.4,82,81,1,1,1
95066f88-31ed-5f3f-b7a2-c4b00bdd5e40,scene-0003,static,10,10-20,traversable_label,0.8,82,82,17,17,0
95066f88-31ed-5f3f-b7a2-c4b00bdd5e40,scene-0003,static,10,10-20,traversable_label,1.2,82,82,30,30,0
95066f88-31ed-5f3f-b7a2-c4b00bdd5e40,scene-0003,static,10,10-20,potential_label,0.4,1090,1053,3,3,37
95066f88-31ed-5f3f-b7a2-c4b00bdd5e40,scene-0003,static,10,10-20,potential_label,0.8,1090,1090,30,30,0
95066f88-31ed-5f3f-b7a2-c4b00bdd5e40,scene-0003,static,10,10-20,potential_label,1.2,1090,1090,108,108,0
95066f88-31ed-5f3f-b7a2-c4b00bdd5e40,scene-0003,static,10,10-20,nontraversable_label,0.4,4529,4001,124,124,528
95066f88-31ed-5f3f-b7a2-c4b00bdd5e40,scene-0003,static,10,10-20,nontraversable_label,0.8,4529,4492,663,663,37
95066f88-31ed-5f3f-b7a2-c4b00bdd5e40,scene-0003,static,10,10-20,nontraversable_label,1.2,4529,4525,1334,1334,4
95066f88-31ed-5f3f-b7a2-c4b00bdd5e40,scene-0003,static,10,10-20,near_ground_geometry,0.4,222,221,1,1,1
95066f88-31ed-5f3f-b7a2-c4b00bdd5e40,scene-0003,static,10,10-20,near_ground_geometry,0.8,222,222,17,17,0
95066f88-31ed-5f3f-b7a2-c4b00bdd5e40,scene-0003,static,10,10-20,near_ground_geometry,1.2,222,222,45,45,0
95066f88-31ed-5f3f-b7a2-c4b00bdd5e40,scene-0003,static,10,20-30,traversable_label,0.4,44,36,0,0,8
95066f88-31ed-5f3f-b7a2-c4b00bdd5e40,scene-0003,static,10,20-30,traversable_label,0.8,44,44,0,0,0
95066f88-31ed-5f3f-b7a2-c4b00bdd5e40,scene-0003,static,10,20-30,traversable_label,1.2,44,44,0,0,0
95066f88-31ed-5f3f-b7a2-c4b00bdd5e40,scene-0003,static,10,20-30,potential_label,0.4,484,396,1,1,88
95066f88-31ed-5f3f-b7a2-c4b00bdd5e40,scene-0003,static,10,20-30,potential_label,0.8,484,479,11,11,5
95066f88-31ed-5f3f-b7a2-c4b00bdd5e40,scene-0003,static,10,20-30,potential_label,1.2,484,484,29,29,0
95066f88-31ed-5f3f-b7a2-c4b00bdd5e40,scene-0003,static,10,20-30,nontraversable_label,0.4,2141,1566,58,55,572
95066f88-31ed-5f3f-b7a2-c4b00bdd5e40,scene-0003,static,10,20-30,nontraversable_label,0.8,2141,2069,282,281,71
95066f88-31ed-5f3f-b7a2-c4b00bdd5e40,scene-0003,static,10,20-30,nontraversable_label,1.2,2141,2129,581,581,12
95066f88-31ed-5f3f-b7a2-c4b00bdd5e40,scene-0003,static,10,20-30,near_ground_geometry,0.4,92,81,0,0,11
95066f88-31ed-5f3f-b7a2-c4b00bdd5e40,scene-0003,static,10,20-30,near_ground_geometry,0.8,92,92,0,0,0
95066f88-31ed-5f3f-b7a2-c4b00bdd5e40,scene-0003,static,10,20-30,near_ground_geometry,1.2,92,92,0,0,0
95066f88-31ed-5f3f-b7a2-c4b00bdd5e40,scene-0003,static,10,30-40,potential_label,0.4,89,48,0,0,41
95066f88-31ed-5f3f-b7a2-c4b00bdd5e40,scene-0003,static,10,30-40,potential_label,0.8,89,79,3,3,10
95066f88-31ed-5f3f-b7a2-c4b00bdd5e40,scene-0003,static,10,30-40,potential_label,1.2,89,88,7,7,1
95066f88-31ed-5f3f-b7a2-c4b00bdd5e40,scene-0003,static,10,30-40,nontraversable_label,0.4,3622,2539,122,95,1056
95066f88-31ed-5f3f-b7a2-c4b00bdd5e40,scene-0003,static,10,30-40,nontraversable_label,0.8,3622,3484,639,635,134
95066f88-31ed-5f3f-b7a2-c4b00bdd5e40,scene-0003,static,10,30-40,nontraversable_label,1.2,3622,3595,1313,1311,25
95066f88-31ed-5f3f-b7a2-c4b00bdd5e40,scene-0003,static,20,2-10,traversable_label,0.4,152,132,10,10,20
95066f88-31ed-5f3f-b7a2-c4b00bdd5e40,scene-0003,static,20,2-10,traversable_label,0.8,152,149,43,43,3
95066f88-31ed-5f3f-b7a2-c4b00bdd5e40,scene-0003,static,20,2-10,traversable_label,1.2,152,152,62,62,0
95066f88-31ed-5f3f-b7a2-c4b00bdd5e40,scene-0003,static,20,2-10,potential_label,0.4,1168,1135,14,14,33
95066f88-31ed-5f3f-b7a2-c4b00bdd5e40,scene-0003,static,20,2-10,potential_label,0.8,1168,1168,73,73,0
95066f88-31ed-5f3f-b7a2-c4b00bdd5e40,scene-0003,static,20,2-10,potential_label,1.2,1168,1168,188,188,0
95066f88-31ed-5f3f-b7a2-c4b00bdd5e40,scene-0003,static,20,2-10,nontraversable_label,0.4,2575,2451,99,99,124
95066f88-31ed-5f3f-b7a2-c4b00bdd5e40,scene-0003,static,20,2-10,nontraversable_label,0.8,2575,2575,557,557,0
95066f88-31ed-5f3f-b7a2-c4b00bdd5e40,scene-0003,static,20,2-10,nontraversable_label,1.2,2575,2575,1154,1154,0
95066f88-31ed-5f3f-b7a2-c4b00bdd5e40,scene-0003,static,20,2-10,near_ground_geometry,0.4,285,285,0,0,0
95066f88-31ed-5f3f-b7a2-c4b00bdd5e40,scene-0003,static,20,2-10,near_ground_geometry,0.8,285,285,1,1,0
95066f88-31ed-5f3f-b7a2-c4b00bdd5e40,scene-0003,static,20,2-10,near_ground_geometry,1.2,285,285,23,23,0
95066f88-31ed-5f3f-b7a2-c4b00bdd5e40,scene-0003,static,20,2-10,raised_geometry,0.4,45,25,10,10,20
95066f88-31ed-5f3f-b7a2-c4b00bdd5e40,scene-0003,static,20,2-10,raised_geometry,0.8,45,42,38,38,3
95066f88-31ed-5f3f-b7a2-c4b00bdd5e40,scene-0003,static,20,2-10,raised_geometry,1.2,45,45,42,42,0
95066f88-31ed-5f3f-b7a2-c4b00bdd5e40,scene-0003,static,20,10-20,traversable_label,0.4,82,81,1,1,1
95066f88-31ed-5f3f-b7a2-c4b00bdd5e40,scene-0003,static,20,10-20,traversable_label,0.8,82,82,17,17,0
95066f88-31ed-5f3f-b7a2-c4b00bdd5e40,scene-0003,static,20,10-20,traversable_label,1.2,82,82,30,30,0
95066f88-31ed-5f3f-b7a2-c4b00bdd5e40,scene-0003,static,20,10-20,potential_label,0.4,1090,1053,3,3,37
95066f88-31ed-5f3f-b7a2-c4b00bdd5e40,scene-0003,static,20,10-20,potential_label,0.8,1090,1090,30,30,0
95066f88-31ed-5f3f-b7a2-c4b00bdd5e40,scene-0003,static,20,10-20,potential_label,1.2,1090,1090,108,108,0
95066f88-31ed-5f3f-b7a2-c4b00bdd5e40,scene-0003,static,20,10-20,nontraversable_label,0.4,5333,4661,124,124,672
95066f88-31ed-5f3f-b7a2-c4b00bdd5e40,scene-0003,static,20,10-20,nontraversable_label,0.8,5333,5271,663,663,62
95066f88-31ed-5f3f-b7a2-c4b00bdd5e40,scene-0003,static,20,10-20,nontraversable_label,1.2,5333,5325,1343,1343,8
95066f88-31ed-5f3f-b7a2-c4b00bdd5e40,scene-0003,static,20,10-20,near_ground_geometry,0.4,222,221,1,1,1
95066f88-31ed-5f3f-b7a2-c4b00bdd5e40,scene-0003,static,20,10-20,near_ground_geometry,0.8,222,222,17,17,0
95066f88-31ed-5f3f-b7a2-c4b00bdd5e40,scene-0003,static,20,10-20,near_ground_geometry,1.2,222,222,45,45,0
95066f88-31ed-5f3f-b7a2-c4b00bdd5e40,scene-0003,static,20,20-30,traversable_label,0.4,44,36,0,0,8
95066f88-31ed-5f3f-b7a2-c4b00bdd5e40,scene-0003,static,20,20-30,traversable_label,0.8,44,44,0,0,0
95066f88-31ed-5f3f-b7a2-c4b00bdd5e40,scene-0003,static,20,20-30,traversable_label,1.2,44,44,0,0,0
95066f88-31ed-5f3f-b7a2-c4b00bdd5e40,scene-0003,static,20,20-30,potential_label,0.4,484,396,1,1,88
95066f88-31ed-5f3f-b7a2-c4b00bdd5e40,scene-0003,static,20,20-30,potential_label,0.8,484,479,11,11,5
95066f88-31ed-5f3f-b7a2-c4b00bdd5e40,scene-0003,static,20,20-30,potential_label,1.2,484,484,29,29,0
95066f88-31ed-5f3f-b7a2-c4b00bdd5e40,scene-0003,static,20,20-30,nontraversable_label,0.4,2446,1707,58,55,736
95066f88-31ed-5f3f-b7a2-c4b00bdd5e40,scene-0003,static,20,20-30,nontraversable_label,0.8,2446,2335,285,284,110
95066f88-31ed-5f3f-b7a2-c4b00bdd5e40,scene-0003,static,20,20-30,nontraversable_label,1.2,2446,2419,594,594,27
95066f88-31ed-5f3f-b7a2-c4b00bdd5e40,scene-0003,static,20,20-30,near_ground_geometry,0.4,92,81,0,0,11
95066f88-31ed-5f3f-b7a2-c4b00bdd5e40,scene-0003,static,20,20-30,near_ground_geometry,0.8,92,92,0,0,0
95066f88-31ed-5f3f-b7a2-c4b00bdd5e40,scene-0003,static,20,20-30,near_ground_geometry,1.2,92,92,0,0,0
95066f88-31ed-5f3f-b7a2-c4b00bdd5e40,scene-0003,static,20,30-40,potential_label,0.4,89,48,0,0,41
95066f88-31ed-5f3f-b7a2-c4b00bdd5e40,scene-0003,static,20,30-40,potential_label,0.8,89,79,3,3,10
95066f88-31ed-5f3f-b7a2-c4b00bdd5e40,scene-0003,static,20,30-40,potential_label,1.2,89,88,7,7,1
95066f88-31ed-5f3f-b7a2-c4b00bdd5e40,scene-0003,static,20,30-40,nontraversable_label,0.4,3622,2539,122,95,1056
95066f88-31ed-5f3f-b7a2-c4b00bdd5e40,scene-0003,static,20,30-40,nontraversable_label,0.8,3622,3484,639,635,134
95066f88-31ed-5f3f-b7a2-c4b00bdd5e40,scene-0003,static,20,30-40,nontraversable_label,1.2,3622,3595,1313,1311,25
95066f88-31ed-5f3f-b7a2-c4b00bdd5e40,scene-0003,aligned,10,2-10,traversable_label,0.4,97,77,10,10,20
95066f88-31ed-5f3f-b7a2-c4b00bdd5e40,scene-0003,aligned,10,2-10,traversable_label,0.8,97,94,43,43,3
95066f88-31ed-5f3f-b7a2-c4b00bdd5e40,scene-0003,aligned,10,2-10,traversable_label,1.2,97,97,62,62,0
95066f88-31ed-5f3f-b7a2-c4b00bdd5e40,scene-0003,aligned,10,2-10,potential_label,0.4,820,799,13,13,21
95066f88-31ed-5f3f-b7a2-c4b00bdd5e40,scene-0003,aligned,10,2-10,potential_label,0.8,820,820,54,54,0
95066f88-31ed-5f3f-b7a2-c4b00bdd5e40,scene-0003,aligned,10,2-10,potential_label,1.2,820,820,139,139,0
95066f88-31ed-5f3f-b7a2-c4b00bdd5e40,scene-0003,aligned,10,2-10,nontraversable_label,0.4,2228,2123,96,96,105
95066f88-31ed-5f3f-b7a2-c4b00bdd5e40,scene-0003,aligned,10,2-10,nontraversable_label,0.8,2228,2228,509,509,0
95066f88-31ed-5f3f-b7a2-c4b00bdd5e40,scene-0003,aligned,10,2-10,nontraversable_label,1.2,2228,2228,1024,1024,0
95066f88-31ed-5f3f-b7a2-c4b00bdd5e40,scene-0003,aligned,10,2-10,near_ground_geometry,0.4,127,127,0,0,0
95066f88-31ed-5f3f-b7a2-c4b00bdd5e40,scene-0003,aligned,10,2-10,near_ground_geometry,0.8,127,127,1,1,0
95066f88-31ed-5f3f-b7a2-c4b00bdd5e40,scene-0003,aligned,10,2-10,near_ground_geometry,1.2,127,127,20,20,0
95066f88-31ed-5f3f-b7a2-c4b00bdd5e40,scene-0003,aligned,10,2-10,raised_geometry,0.4,45,25,10,10,20
95066f88-31ed-5f3f-b7a2-c4b00bdd5e40,scene-0003,aligned,10,2-10,raised_geometry,0.8,45,42,38,38,3
95066f88-31ed-5f3f-b7a2-c4b00bdd5e40,scene-0003,aligned,10,2-10,raised_geometry,1.2,45,45,42,42,0
95066f88-31ed-5f3f-b7a2-c4b00bdd5e40,scene-0003,aligned,10,10-20,traversable_label,0.4,82,81,2,2,1
95066f88-31ed-5f3f-b7a2-c4b00bdd5e40,scene-0003,aligned,10,10-20,traversable_label,0.8,82,82,17,17,0
95066f88-31ed-5f3f-b7a2-c4b00bdd5e40,scene-0003,aligned,10,10-20,traversable_label,1.2,82,82,30,30,0
95066f88-31ed-5f3f-b7a2-c4b00bdd5e40,scene-0003,aligned,10,10-20,potential_label,0.4,1090,1053,3,3,37
95066f88-31ed-5f3f-b7a2-c4b00bdd5e40,scene-0003,aligned,10,10-20,potential_label,0.8,1090,1090,29,29,0
95066f88-31ed-5f3f-b7a2-c4b00bdd5e40,scene-0003,aligned,10,10-20,potential_label,1.2,1090,1090,111,111,0
95066f88-31ed-5f3f-b7a2-c4b00bdd5e40,scene-0003,aligned,10,10-20,nontraversable_label,0.4,4529,4001,122,122,528
95066f88-31ed-5f3f-b7a2-c4b00bdd5e40,scene-0003,aligned,10,10-20,nontraversable_label,0.8,4529,4492,654,654,37
95066f88-31ed-5f3f-b7a2-c4b00bdd5e40,scene-0003,aligned,10,10-20,nontraversable_label,1.2,4529,4525,1331,1331,4
95066f88-31ed-5f3f-b7a2-c4b00bdd5e40,scene-0003,aligned,10,10-20,near_ground_geometry,0.4,222,221,2,2,1
95066f88-31ed-5f3f-b7a2-c4b00bdd5e40,scene-0003,aligned,10,10-20,near_ground_geometry,0.8,222,222,17,17,0
95066f88-31ed-5f3f-b7a2-c4b00bdd5e40,scene-0003,aligned,10,10-20,near_ground_geometry,1.2,222,222,45,45,0
95066f88-31ed-5f3f-b7a2-c4b00bdd5e40,scene-0003,aligned,10,20-30,traversable_label,0.4,44,36,0,0,8
95066f88-31ed-5f3f-b7a2-c4b00bdd5e40,scene-0003,aligned,10,20-30,traversable_label,0.8,44,44,0,0,0
95066f88-31ed-5f3f-b7a2-c4b00bdd5e40,scene-0003,aligned,10,20-30,traversable_label,1.2,44,44,0,0,0
95066f88-31ed-5f3f-b7a2-c4b00bdd5e40,scene-0003,aligned,10,20-30,potential_label,0.4,484,396,0,0,88
95066f88-31ed-5f3f-b7a2-c4b00bdd5e40,scene-0003,aligned,10,20-30,potential_label,0.8,484,479,11,11,5
95066f88-31ed-5f3f-b7a2-c4b00bdd5e40,scene-0003,aligned,10,20-30,potential_label,1.2,484,484,29,29,0
95066f88-31ed-5f3f-b7a2-c4b00bdd5e40,scene-0003,aligned,10,20-30,nontraversable_label,0.4,2141,1566,53,50,572
95066f88-31ed-5f3f-b7a2-c4b00bdd5e40,scene-0003,aligned,10,20-30,nontraversable_label,0.8,2141,2069,275,274,71
95066f88-31ed-5f3f-b7a2-c4b00bdd5e40,scene-0003,aligned,10,20-30,nontraversable_label,1.2,2141,2129,576,576,12
95066f88-31ed-5f3f-b7a2-c4b00bdd5e40,scene-0003,aligned,10,20-30,near_ground_geometry,0.4,92,81,0,0,11
95066f88-31ed-5f3f-b7a2-c4b00bdd5e40,scene-0003,aligned,10,20-30,near_ground_geometry,0.8,92,92,0,0,0
95066f88-31ed-5f3f-b7a2-c4b00bdd5e40,scene-0003,aligned,10,20-30,near_ground_geometry,1.2,92,92,0,0,0
95066f88-31ed-5f3f-b7a2-c4b00bdd5e40,scene-0003,aligned,10,30-40,potential_label,0.4,89,48,0,0,41
95066f88-31ed-5f3f-b7a2-c4b00bdd5e40,scene-0003,aligned,10,30-40,potential_label,0.8,89,79,0,0,10
95066f88-31ed-5f3f-b7a2-c4b00bdd5e40,scene-0003,aligned,10,30-40,potential_label,1.2,89,88,7,7,1
95066f88-31ed-5f3f-b7a2-c4b00bdd5e40,scene-0003,aligned,10,30-40,nontraversable_label,0.4,3622,2539,105,80,1058
95066f88-31ed-5f3f-b7a2-c4b00bdd5e40,scene-0003,aligned,10,30-40,nontraversable_label,0.8,3622,3484,615,610,133
95066f88-31ed-5f3f-b7a2-c4b00bdd5e40,scene-0003,aligned,10,30-40,nontraversable_label,1.2,3622,3595,1287,1285,25
95066f88-31ed-5f3f-b7a2-c4b00bdd5e40,scene-0003,aligned,20,2-10,traversable_label,0.4,152,132,10,10,20
95066f88-31ed-5f3f-b7a2-c4b00bdd5e40,scene-0003,aligned,20,2-10,traversable_label,0.8,152,149,43,43,3
95066f88-31ed-5f3f-b7a2-c4b00bdd5e40,scene-0003,aligned,20,2-10,traversable_label,1.2,152,152,62,62,0
95066f88-31ed-5f3f-b7a2-c4b00bdd5e40,scene-0003,aligned,20,2-10,potential_label,0.4,1168,1135,14,14,33
95066f88-31ed-5f3f-b7a2-c4b00bdd5e40,scene-0003,aligned,20,2-10,potential_label,0.8,1168,1168,73,73,0
95066f88-31ed-5f3f-b7a2-c4b00bdd5e40,scene-0003,aligned,20,2-10,potential_label,1.2,1168,1168,190,190,0
95066f88-31ed-5f3f-b7a2-c4b00bdd5e40,scene-0003,aligned,20,2-10,nontraversable_label,0.4,2575,2451,101,101,124
95066f88-31ed-5f3f-b7a2-c4b00bdd5e40,scene-0003,aligned,20,2-10,nontraversable_label,0.8,2575,2575,556,556,0
95066f88-31ed-5f3f-b7a2-c4b00bdd5e40,scene-0003,aligned,20,2-10,nontraversable_label,1.2,2575,2575,1148,1148,0
95066f88-31ed-5f3f-b7a2-c4b00bdd5e40,scene-0003,aligned,20,2-10,near_ground_geometry,0.4,285,285,0,0,0
95066f88-31ed-5f3f-b7a2-c4b00bdd5e40,scene-0003,aligned,20,2-10,near_ground_geometry,0.8,285,285,1,1,0
95066f88-31ed-5f3f-b7a2-c4b00bdd5e40,scene-0003,aligned,20,2-10,near_ground_geometry,1.2,285,285,23,23,0
95066f88-31ed-5f3f-b7a2-c4b00bdd5e40,scene-0003,aligned,20,2-10,raised_geometry,0.4,45,25,10,10,20
95066f88-31ed-5f3f-b7a2-c4b00bdd5e40,scene-0003,aligned,20,2-10,raised_geometry,0.8,45,42,38,38,3
95066f88-31ed-5f3f-b7a2-c4b00bdd5e40,scene-0003,aligned,20,2-10,raised_geometry,1.2,45,45,42,42,0
95066f88-31ed-5f3f-b7a2-c4b00bdd5e40,scene-0003,aligned,20,10-20,traversable_label,0.4,82,81,2,2,1
95066f88-31ed-5f3f-b7a2-c4b00bdd5e40,scene-0003,aligned,20,10-20,traversable_label,0.8,82,82,17,17,0
95066f88-31ed-5f3f-b7a2-c4b00bdd5e40,scene-0003,aligned,20,10-20,traversable_label,1.2,82,82,30,30,0
95066f88-31ed-5f3f-b7a2-c4b00bdd5e40,scene-0003,aligned,20,10-20,potential_label,0.4,1090,1053,3,3,37
95066f88-31ed-5f3f-b7a2-c4b00bdd5e40,scene-0003,aligned,20,10-20,potential_label,0.8,1090,1090,29,29,0
95066f88-31ed-5f3f-b7a2-c4b00bdd5e40,scene-0003,aligned,20,10-20,potential_label,1.2,1090,1090,111,111,0
95066f88-31ed-5f3f-b7a2-c4b00bdd5e40,scene-0003,aligned,20,10-20,nontraversable_label,0.4,5333,4661,122,122,672
95066f88-31ed-5f3f-b7a2-c4b00bdd5e40,scene-0003,aligned,20,10-20,nontraversable_label,0.8,5333,5271,654,654,62
95066f88-31ed-5f3f-b7a2-c4b00bdd5e40,scene-0003,aligned,20,10-20,nontraversable_label,1.2,5333,5325,1338,1338,8
95066f88-31ed-5f3f-b7a2-c4b00bdd5e40,scene-0003,aligned,20,10-20,near_ground_geometry,0.4,222,221,2,2,1
95066f88-31ed-5f3f-b7a2-c4b00bdd5e40,scene-0003,aligned,20,10-20,near_ground_geometry,0.8,222,222,17,17,0
95066f88-31ed-5f3f-b7a2-c4b00bdd5e40,scene-0003,aligned,20,10-20,near_ground_geometry,1.2,222,222,45,45,0
95066f88-31ed-5f3f-b7a2-c4b00bdd5e40,scene-0003,aligned,20,20-30,traversable_label,0.4,44,36,0,0,8
95066f88-31ed-5f3f-b7a2-c4b00bdd5e40,scene-0003,aligned,20,20-30,traversable_label,0.8,44,44,0,0,0
95066f88-31ed-5f3f-b7a2-c4b00bdd5e40,scene-0003,aligned,20,20-30,traversable_label,1.2,44,44,0,0,0
95066f88-31ed-5f3f-b7a2-c4b00bdd5e40,scene-0003,aligned,20,20-30,potential_label,0.4,484,396,0,0,88
95066f88-31ed-5f3f-b7a2-c4b00bdd5e40,scene-0003,aligned,20,20-30,potential_label,0.8,484,479,11,11,5
95066f88-31ed-5f3f-b7a2-c4b00bdd5e40,scene-0003,aligned,20,20-30,potential_label,1.2,484,484,29,29,0
95066f88-31ed-5f3f-b7a2-c4b00bdd5e40,scene-0003,aligned,20,20-30,nontraversable_label,0.4,2446,1707,53,50,736
95066f88-31ed-5f3f-b7a2-c4b00bdd5e40,scene-0003,aligned,20,20-30,nontraversable_label,0.8,2446,2335,278,277,110
95066f88-31ed-5f3f-b7a2-c4b00bdd5e40,scene-0003,aligned,20,20-30,nontraversable_label,1.2,2446,2419,589,589,27
95066f88-31ed-5f3f-b7a2-c4b00bdd5e40,scene-0003,aligned,20,20-30,near_ground_geometry,0.4,92,81,0,0,11
95066f88-31ed-5f3f-b7a2-c4b00bdd5e40,scene-0003,aligned,20,20-30,near_ground_geometry,0.8,92,92,0,0,0
95066f88-31ed-5f3f-b7a2-c4b00bdd5e40,scene-0003,aligned,20,20-30,near_ground_geometry,1.2,92,92,0,0,0
95066f88-31ed-5f3f-b7a2-c4b00bdd5e40,scene-0003,aligned,20,30-40,potential_label,0.4,89,48,0,0,41
95066f88-31ed-5f3f-b7a2-c4b00bdd5e40,scene-0003,aligned,20,30-40,potential_label,0.8,89,79,0,0,10
95066f88-31ed-5f3f-b7a2-c4b00bdd5e40,scene-0003,aligned,20,30-40,potential_label,1.2,89,88,7,7,1
95066f88-31ed-5f3f-b7a2-c4b00bdd5e40,scene-0003,aligned,20,30-40,nontraversable_label,0.4,3622,2539,105,80,1058
95066f88-31ed-5f3f-b7a2-c4b00bdd5e40,scene-0003,aligned,20,30-40,nontraversable_label,0.8,3622,3484,615,610,133
95066f88-31ed-5f3f-b7a2-c4b00bdd5e40,scene-0003,aligned,20,30-40,nontraversable_label,1.2,3622,3595,1287,1285,25
95066f88-31ed-5f3f-b7a2-c4b00bdd5e40,scene-0003,ros_origin,10,2-10,traversable_label,0.4,97,77,10,10,20
95066f88-31ed-5f3f-b7a2-c4b00bdd5e40,scene-0003,ros_origin,10,2-10,traversable_label,0.8,97,94,46,46,3
95066f88-31ed-5f3f-b7a2-c4b00bdd5e40,scene-0003,ros_origin,10,2-10,traversable_label,1.2,97,97,68,68,0
95066f88-31ed-5f3f-b7a2-c4b00bdd5e40,scene-0003,ros_origin,10,2-10,potential_label,0.4,820,799,6,6,21
95066f88-31ed-5f3f-b7a2-c4b00bdd5e40,scene-0003,ros_origin,10,2-10,potential_label,0.8,820,820,57,57,0
95066f88-31ed-5f3f-b7a2-c4b00bdd5e40,scene-0003,ros_origin,10,2-10,potential_label,1.2,820,820,166,166,0
95066f88-31ed-5f3f-b7a2-c4b00bdd5e40,scene-0003,ros_origin,10,2-10,nontraversable_label,0.4,2228,2123,71,70,104
95066f88-31ed-5f3f-b7a2-c4b00bdd5e40,scene-0003,ros_origin,10,2-10,nontraversable_label,0.8,2228,2228,439,439,0
95066f88-31ed-5f3f-b7a2-c4b00bdd5e40,scene-0003,ros_origin,10,2-10,nontraversable_label,1.2,2228,2228,912,912,0
95066f88-31ed-5f3f-b7a2-c4b00bdd5e40,scene-0003,ros_origin,10,2-10,near_ground_geometry,0.4,127,127,1,1,0
95066f88-31ed-5f3f-b7a2-c4b00bdd5e40,scene-0003,ros_origin,10,2-10,near_ground_geometry,0.8,127,127,12,12,0
95066f88-31ed-5f3f-b7a2-c4b00bdd5e40,scene-0003,ros_origin,10,2-10,near_ground_geometry,1.2,127,127,31,31,0
95066f88-31ed-5f3f-b7a2-c4b00bdd5e40,scene-0003,ros_origin,10,2-10,raised_geometry,0.4,45,25,7,7,20
95066f88-31ed-5f3f-b7a2-c4b00bdd5e40,scene-0003,ros_origin,10,2-10,raised_geometry,0.8,45,42,30,30,3
95066f88-31ed-5f3f-b7a2-c4b00bdd5e40,scene-0003,ros_origin,10,2-10,raised_geometry,1.2,45,45,42,42,0
95066f88-31ed-5f3f-b7a2-c4b00bdd5e40,scene-0003,ros_origin,10,10-20,traversable_label,0.4,82,81,6,6,1
95066f88-31ed-5f3f-b7a2-c4b00bdd5e40,scene-0003,ros_origin,10,10-20,traversable_label,0.8,82,82,21,21,0
95066f88-31ed-5f3f-b7a2-c4b00bdd5e40,scene-0003,ros_origin,10,10-20,traversable_label,1.2,82,82,31,31,0
95066f88-31ed-5f3f-b7a2-c4b00bdd5e40,scene-0003,ros_origin,10,10-20,potential_label,0.4,1090,1053,4,4,37
95066f88-31ed-5f3f-b7a2-c4b00bdd5e40,scene-0003,ros_origin,10,10-20,potential_label,0.8,1090,1090,37,37,0
95066f88-31ed-5f3f-b7a2-c4b00bdd5e40,scene-0003,ros_origin,10,10-20,potential_label,1.2,1090,1090,128,128,0
95066f88-31ed-5f3f-b7a2-c4b00bdd5e40,scene-0003,ros_origin,10,10-20,nontraversable_label,0.4,4529,4001,105,101,524
95066f88-31ed-5f3f-b7a2-c4b00bdd5e40,scene-0003,ros_origin,10,10-20,nontraversable_label,0.8,4529,4492,615,615,37
95066f88-31ed-5f3f-b7a2-c4b00bdd5e40,scene-0003,ros_origin,10,10-20,nontraversable_label,1.2,4529,4525,1307,1306,3
95066f88-31ed-5f3f-b7a2-c4b00bdd5e40,scene-0003,ros_origin,10,10-20,near_ground_geometry,0.4,222,221,6,6,1
95066f88-31ed-5f3f-b7a2-c4b00bdd5e40,scene-0003,ros_origin,10,10-20,near_ground_geometry,0.8,222,222,25,25,0
95066f88-31ed-5f3f-b7a2-c4b00bdd5e40,scene-0003,ros_origin,10,10-20,near_ground_geometry,1.2,222,222,49,49,0
95066f88-31ed-5f3f-b7a2-c4b00bdd5e40,scene-0003,ros_origin,10,20-30,traversable_label,0.4,44,36,0,0,8
95066f88-31ed-5f3f-b7a2-c4b00bdd5e40,scene-0003,ros_origin,10,20-30,traversable_label,0.8,44,44,0,0,0
95066f88-31ed-5f3f-b7a2-c4b00bdd5e40,scene-0003,ros_origin,10,20-30,traversable_label,1.2,44,44,0,0,0
95066f88-31ed-5f3f-b7a2-c4b00bdd5e40,scene-0003,ros_origin,10,20-30,potential_label,0.4,484,396,1,1,88
95066f88-31ed-5f3f-b7a2-c4b00bdd5e40,scene-0003,ros_origin,10,20-30,potential_label,0.8,484,479,4,4,5
95066f88-31ed-5f3f-b7a2-c4b00bdd5e40,scene-0003,ros_origin,10,20-30,potential_label,1.2,484,484,25,25,0
95066f88-31ed-5f3f-b7a2-c4b00bdd5e40,scene-0003,ros_origin,10,20-30,nontraversable_label,0.4,2141,1566,60,52,567
95066f88-31ed-5f3f-b7a2-c4b00bdd5e40,scene-0003,ros_origin,10,20-30,nontraversable_label,0.8,2141,2069,319,318,71
95066f88-31ed-5f3f-b7a2-c4b00bdd5e40,scene-0003,ros_origin,10,20-30,nontraversable_label,1.2,2141,2129,597,597,12
95066f88-31ed-5f3f-b7a2-c4b00bdd5e40,scene-0003,ros_origin,10,20-30,near_ground_geometry,0.4,92,81,0,0,11
95066f88-31ed-5f3f-b7a2-c4b00bdd5e40,scene-0003,ros_origin,10,20-30,near_ground_geometry,0.8,92,92,0,0,0
95066f88-31ed-5f3f-b7a2-c4b00bdd5e40,scene-0003,ros_origin,10,20-30,near_ground_geometry,1.2,92,92,0,0,0
95066f88-31ed-5f3f-b7a2-c4b00bdd5e40,scene-0003,ros_origin,10,30-40,potential_label,0.4,89,48,0,0,41
95066f88-31ed-5f3f-b7a2-c4b00bdd5e40,scene-0003,ros_origin,10,30-40,potential_label,0.8,89,79,0,0,10
95066f88-31ed-5f3f-b7a2-c4b00bdd5e40,scene-0003,ros_origin,10,30-40,potential_label,1.2,89,88,3,3,1
95066f88-31ed-5f3f-b7a2-c4b00bdd5e40,scene-0003,ros_origin,10,30-40,nontraversable_label,0.4,3622,2539,121,103,1065
95066f88-31ed-5f3f-b7a2-c4b00bdd5e40,scene-0003,ros_origin,10,30-40,nontraversable_label,0.8,3622,3484,664,663,137
95066f88-31ed-5f3f-b7a2-c4b00bdd5e40,scene-0003,ros_origin,10,30-40,nontraversable_label,1.2,3622,3595,1332,1330,25
95066f88-31ed-5f3f-b7a2-c4b00bdd5e40,scene-0003,ros_origin,20,2-10,traversable_label,0.4,152,132,10,10,20
95066f88-31ed-5f3f-b7a2-c4b00bdd5e40,scene-0003,ros_origin,20,2-10,traversable_label,0.8,152,149,46,46,3
95066f88-31ed-5f3f-b7a2-c4b00bdd5e40,scene-0003,ros_origin,20,2-10,traversable_label,1.2,152,152,68,68,0
95066f88-31ed-5f3f-b7a2-c4b00bdd5e40,scene-0003,ros_origin,20,2-10,potential_label,0.4,1168,1135,15,15,33
95066f88-31ed-5f3f-b7a2-c4b00bdd5e40,scene-0003,ros_origin,20,2-10,potential_label,0.8,1168,1168,88,88,0
95066f88-31ed-5f3f-b7a2-c4b00bdd5e40,scene-0003,ros_origin,20,2-10,potential_label,1.2,1168,1168,234,234,0
95066f88-31ed-5f3f-b7a2-c4b00bdd5e40,scene-0003,ros_origin,20,2-10,nontraversable_label,0.4,2575,2451,88,85,121
95066f88-31ed-5f3f-b7a2-c4b00bdd5e40,scene-0003,ros_origin,20,2-10,nontraversable_label,0.8,2575,2575,510,510,0
95066f88-31ed-5f3f-b7a2-c4b00bdd5e40,scene-0003,ros_origin,20,2-10,nontraversable_label,1.2,2575,2575,1011,1011,0
95066f88-31ed-5f3f-b7a2-c4b00bdd5e40,scene-0003,ros_origin,20,2-10,near_ground_geometry,0.4,285,285,1,1,0
95066f88-31ed-5f3f-b7a2-c4b00bdd5e40,scene-0003,ros_origin,20,2-10,near_ground_geometry,0.8,285,285,12,12,0
95066f88-31ed-5f3f-b7a2-c4b00bdd5e40,scene-0003,ros_origin,20,2-10,near_ground_geometry,1.2,285,285,36,36,0
95066f88-31ed-5f3f-b7a2-c4b00bdd5e40,scene-0003,ros_origin,20,2-10,raised_geometry,0.4,45,25,7,7,20
95066f88-31ed-5f3f-b7a2-c4b00bdd5e40,scene-0003,ros_origin,20,2-10,raised_geometry,0.8,45,42,30,30,3
95066f88-31ed-5f3f-b7a2-c4b00bdd5e40,scene-0003,ros_origin,20,2-10,raised_geometry,1.2,45,45,42,42,0
95066f88-31ed-5f3f-b7a2-c4b00bdd5e40,scene-0003,ros_origin,20,10-20,traversable_label,0.4,82,81,6,6,1
95066f88-31ed-5f3f-b7a2-c4b00bdd5e40,scene-0003,ros_origin,20,10-20,traversable_label,0.8,82,82,21,21,0
95066f88-31ed-5f3f-b7a2-c4b00bdd5e40,scene-0003,ros_origin,20,10-20,traversable_label,1.2,82,82,31,31,0
95066f88-31ed-5f3f-b7a2-c4b00bdd5e40,scene-0003,ros_origin,20,10-20,potential_label,0.4,1090,1053,4,4,37
95066f88-31ed-5f3f-b7a2-c4b00bdd5e40,scene-0003,ros_origin,20,10-20,potential_label,0.8,1090,1090,37,37,0
95066f88-31ed-5f3f-b7a2-c4b00bdd5e40,scene-0003,ros_origin,20,10-20,potential_label,1.2,1090,1090,128,128,0
95066f88-31ed-5f3f-b7a2-c4b00bdd5e40,scene-0003,ros_origin,20,10-20,nontraversable_label,0.4,5333,4661,105,101,668
95066f88-31ed-5f3f-b7a2-c4b00bdd5e40,scene-0003,ros_origin,20,10-20,nontraversable_label,0.8,5333,5271,615,615,62
95066f88-31ed-5f3f-b7a2-c4b00bdd5e40,scene-0003,ros_origin,20,10-20,nontraversable_label,1.2,5333,5325,1307,1306,7
95066f88-31ed-5f3f-b7a2-c4b00bdd5e40,scene-0003,ros_origin,20,10-20,near_ground_geometry,0.4,222,221,6,6,1
95066f88-31ed-5f3f-b7a2-c4b00bdd5e40,scene-0003,ros_origin,20,10-20,near_ground_geometry,0.8,222,222,25,25,0
95066f88-31ed-5f3f-b7a2-c4b00bdd5e40,scene-0003,ros_origin,20,10-20,near_ground_geometry,1.2,222,222,49,49,0
95066f88-31ed-5f3f-b7a2-c4b00bdd5e40,scene-0003,ros_origin,20,20-30,traversable_label,0.4,44,36,0,0,8
95066f88-31ed-5f3f-b7a2-c4b00bdd5e40,scene-0003,ros_origin,20,20-30,traversable_label,0.8,44,44,0,0,0
95066f88-31ed-5f3f-b7a2-c4b00bdd5e40,scene-0003,ros_origin,20,20-30,traversable_label,1.2,44,44,0,0,0
95066f88-31ed-5f3f-b7a2-c4b00bdd5e40,scene-0003,ros_origin,20,20-30,potential_label,0.4,484,396,1,1,88
95066f88-31ed-5f3f-b7a2-c4b00bdd5e40,scene-0003,ros_origin,20,20-30,potential_label,0.8,484,479,4,4,5
95066f88-31ed-5f3f-b7a2-c4b00bdd5e40,scene-0003,ros_origin,20,20-30,potential_label,1.2,484,484,25,25,0
95066f88-31ed-5f3f-b7a2-c4b00bdd5e40,scene-0003,ros_origin,20,20-30,nontraversable_label,0.4,2446,1707,60,52,731
95066f88-31ed-5f3f-b7a2-c4b00bdd5e40,scene-0003,ros_origin,20,20-30,nontraversable_label,0.8,2446,2335,319,318,110
95066f88-31ed-5f3f-b7a2-c4b00bdd5e40,scene-0003,ros_origin,20,20-30,nontraversable_label,1.2,2446,2419,606,606,27
95066f88-31ed-5f3f-b7a2-c4b00bdd5e40,scene-0003,ros_origin,20,20-30,near_ground_geometry,0.4,92,81,0,0,11
95066f88-31ed-5f3f-b7a2-c4b00bdd5e40,scene-0003,ros_origin,20,20-30,near_ground_geometry,0.8,92,92,0,0,0
95066f88-31ed-5f3f-b7a2-c4b00bdd5e40,scene-0003,ros_origin,20,20-30,near_ground_geometry,1.2,92,92,0,0,0
95066f88-31ed-5f3f-b7a2-c4b00bdd5e40,scene-0003,ros_origin,20,30-40,potential_label,0.4,89,48,0,0,41
95066f88-31ed-5f3f-b7a2-c4b00bdd5e40,scene-0003,ros_origin,20,30-40,potential_label,0.8,89,79,0,0,10
95066f88-31ed-5f3f-b7a2-c4b00bdd5e40,scene-0003,ros_origin,20,30-40,potential_label,1.2,89,88,3,3,1
95066f88-31ed-5f3f-b7a2-c4b00bdd5e40,scene-0003,ros_origin,20,30-40,nontraversable_label,0.4,3622,2539,121,103,1065
95066f88-31ed-5f3f-b7a2-c4b00bdd5e40,scene-0003,ros_origin,20,30-40,nontraversable_label,0.8,3622,3484,664,663,137
95066f88-31ed-5f3f-b7a2-c4b00bdd5e40,scene-0003,ros_origin,20,30-40,nontraversable_label,1.2,3622,3595,1332,1330,25
1c23250b-8d99-5698-9831-85d8367d1bde,scene-0003,static,10,2-10,traversable_label,0.4,125,110,6,6,15
1c23250b-8d99-5698-9831-85d8367d1bde,scene-0003,static,10,2-10,traversable_label,0.8,125,122,23,23,3
1c23250b-8d99-5698-9831-85d8367d1bde,scene-0003,static,10,2-10,traversable_label,1.2,125,125,39,39,0
1c23250b-8d99-5698-9831-85d8367d1bde,scene-0003,static,10,2-10,potential_label,0.4,951,923,12,12,28
1c23250b-8d99-5698-9831-85d8367d1bde,scene-0003,static,10,2-10,potential_label,0.8,951,951,77,77,0
1c23250b-8d99-5698-9831-85d8367d1bde,scene-0003,static,10,2-10,potential_label,1.2,951,951,168,168,0
1c23250b-8d99-5698-9831-85d8367d1bde,scene-0003,static,10,2-10,nontraversable_label,0.4,1861,1787,83,83,74
1c23250b-8d99-5698-9831-85d8367d1bde,scene-0003,static,10,2-10,nontraversable_label,0.8,1861,1851,434,434,10
1c23250b-8d99-5698-9831-85d8367d1bde,scene-0003,static,10,2-10,nontraversable_label,1.2,1861,1861,822,822,0
1c23250b-8d99-5698-9831-85d8367d1bde,scene-0003,static,10,2-10,near_ground_geometry,0.4,218,218,0,0,0
1c23250b-8d99-5698-9831-85d8367d1bde,scene-0003,static,10,2-10,near_ground_geometry,0.8,218,218,0,0,0
1c23250b-8d99-5698-9831-85d8367d1bde,scene-0003,static,10,2-10,near_ground_geometry,1.2,218,218,14,14,0
1c23250b-8d99-5698-9831-85d8367d1bde,scene-0003,static,10,2-10,raised_geometry,0.4,62,38,8,8,24
1c23250b-8d99-5698-9831-85d8367d1bde,scene-0003,static,10,2-10,raised_geometry,0.8,62,56,31,31,6
1c23250b-8d99-5698-9831-85d8367d1bde,scene-0003,static,10,2-10,raised_geometry,1.2,62,62,40,40,0
1c23250b-8d99-5698-9831-85d8367d1bde,scene-0003,static,10,10-20,traversable_label,0.4,80,80,0,0,0
1c23250b-8d99-5698-9831-85d8367d1bde,scene-0003,static,10,10-20,traversable_label,0.8,80,80,0,0,0
1c23250b-8d99-5698-9831-85d8367d1bde,scene-0003,static,10,10-20,traversable_label,1.2,80,80,0,0,0
1c23250b-8d99-5698-9831-85d8367d1bde,scene-0003,static,10,10-20,potential_label,0.4,1348,1310,1,1,38
1c23250b-8d99-5698-9831-85d8367d1bde,scene-0003,static,10,10-20,potential_label,0.8,1348,1347,28,28,1
1c23250b-8d99-5698-9831-85d8367d1bde,scene-0003,static,10,10-20,potential_label,1.2,1348,1348,110,110,0
1c23250b-8d99-5698-9831-85d8367d1bde,scene-0003,static,10,10-20,nontraversable_label,0.4,4380,3959,150,150,421
1c23250b-8d99-5698-9831-85d8367d1bde,scene-0003,static,10,10-20,nontraversable_label,0.8,4380,4353,781,781,27
1c23250b-8d99-5698-9831-85d8367d1bde,scene-0003,static,10,10-20,nontraversable_label,1.2,4380,4377,1477,1477,3
1c23250b-8d99-5698-9831-85d8367d1bde,scene-0003,static,10,10-20,near_ground_geometry,0.4,235,230,0,0,5
1c23250b-8d99-5698-9831-85d8367d1bde,scene-0003,static,10,10-20,near_ground_geometry,0.8,235,235,0,0,0
1c23250b-8d99-5698-9831-85d8367d1bde,scene-0003,static,10,10-20,near_ground_geometry,1.2,235,235,0,0,0
1c23250b-8d99-5698-9831-85d8367d1bde,scene-0003,static,10,10-20,raised_geometry,0.4,6,0,0,0,6
1c23250b-8d99-5698-9831-85d8367d1bde,scene-0003,static,10,10-20,raised_geometry,0.8,6,6,0,0,0
1c23250b-8d99-5698-9831-85d8367d1bde,scene-0003,static,10,10-20,raised_geometry,1.2,6,6,0,0,0
1c23250b-8d99-5698-9831-85d8367d1bde,scene-0003,static,10,20-30,traversable_label,0.4,80,63,0,0,17
1c23250b-8d99-5698-9831-85d8367d1bde,scene-0003,static,10,20-30,traversable_label,0.8,80,76,0,0,4
1c23250b-8d99-5698-9831-85d8367d1bde,scene-0003,static,10,20-30,traversable_label,1.2,80,80,0,0,0
1c23250b-8d99-5698-9831-85d8367d1bde,scene-0003,static,10,20-30,potential_label,0.4,778,654,0,0,124
1c23250b-8d99-5698-9831-85d8367d1bde,scene-0003,static,10,20-30,potential_label,0.8,778,775,15,15,3
1c23250b-8d99-5698-9831-85d8367d1bde,scene-0003,static,10,20-30,potential_label,1.2,778,778,59,59,0
1c23250b-8d99-5698-9831-85d8367d1bde,scene-0003,static,10,20-30,nontraversable_label,0.4,2265,1754,67,61,505
1c23250b-8d99-5698-9831-85d8367d1bde,scene-0003,static,10,20-30,nontraversable_label,0.8,2265,2162,355,344,92
1c23250b-8d99-5698-9831-85d8367d1bde,scene-0003,static,10,20-30,nontraversable_label,1.2,2265,2236,694,691,26
1c23250b-8d99-5698-9831-85d8367d1bde,scene-0003,static,10,20-30,near_ground_geometry,0.4,159,131,0,0,28
1c23250b-8d99-5698-9831-85d8367d1bde,scene-0003,static,10,20-30,near_ground_geometry,0.8,159,155,0,0,4
1c23250b-8d99-5698-9831-85d8367d1bde,scene-0003,static,10,20-30,near_ground_geometry,1.2,159,159,0,0,0
1c23250b-8d99-5698-9831-85d8367d1bde,scene-0003,static,10,30-40,traversable_label,0.4,36,22,0,0,14
1c23250b-8d99-5698-9831-85d8367d1bde,scene-0003,static,10,30-40,traversable_label,0.8,36,33,0,0,3
1c23250b-8d99-5698-9831-85d8367d1bde,scene-0003,static,10,30-40,traversable_label,1.2,36,36,0,0,0
1c23250b-8d99-5698-9831-85d8367d1bde,scene-0003,static,10,30-40,potential_label,0.4,304,224,0,0,80
1c23250b-8d99-5698-9831-85d8367d1bde,scene-0003,static,10,30-40,potential_label,0.8,304,291,2,2,13
1c23250b-8d99-5698-9831-85d8367d1bde,scene-0003,static,10,30-40,potential_label,1.2,304,303,8,8,1
1c23250b-8d99-5698-9831-85d8367d1bde,scene-0003,static,10,30-40,nontraversable_label,0.4,1603,1088,56,51,510
1c23250b-8d99-5698-9831-85d8367d1bde,scene-0003,static,10,30-40,nontraversable_label,0.8,1603,1512,290,289,90
1c23250b-8d99-5698-9831-85d8367d1bde,scene-0003,static,10,30-40,nontraversable_label,1.2,1603,1581,534,534,22
1c23250b-8d99-5698-9831-85d8367d1bde,scene-0003,static,10,30-40,near_ground_geometry,0.4,69,52,0,0,17
1c23250b-8d99-5698-9831-85d8367d1bde,scene-0003,static,10,30-40,near_ground_geometry,0.8,69,67,0,0,2
1c23250b-8d99-5698-9831-85d8367d1bde,scene-0003,static,10,30-40,near_ground_geometry,1.2,69,69,0,0,0
1c23250b-8d99-5698-9831-85d8367d1bde,scene-0003,static,20,2-10,traversable_label,0.4,170,155,6,6,15
1c23250b-8d99-5698-9831-85d8367d1bde,scene-0003,static,20,2-10,traversable_label,0.8,170,167,23,23,3
1c23250b-8d99-5698-9831-85d8367d1bde,scene-0003,static,20,2-10,traversable_label,1.2,170,170,39,39,0
1c23250b-8d99-5698-9831-85d8367d1bde,scene-0003,static,20,2-10,potential_label,0.4,1250,1222,16,16,28
1c23250b-8d99-5698-9831-85d8367d1bde,scene-0003,static,20,2-10,potential_label,0.8,1250,1250,101,101,0
1c23250b-8d99-5698-9831-85d8367d1bde,scene-0003,static,20,2-10,potential_label,1.2,1250,1250,235,235,0
1c23250b-8d99-5698-9831-85d8367d1bde,scene-0003,static,20,2-10,nontraversable_label,0.4,2114,2038,87,87,76
1c23250b-8d99-5698-9831-85d8367d1bde,scene-0003,static,20,2-10,nontraversable_label,0.8,2114,2104,453,453,10
1c23250b-8d99-5698-9831-85d8367d1bde,scene-0003,static,20,2-10,nontraversable_label,1.2,2114,2114,904,904,0
1c23250b-8d99-5698-9831-85d8367d1bde,scene-0003,static,20,2-10,near_ground_geometry,0.4,349,349,0,0,0
1c23250b-8d99-5698-9831-85d8367d1bde,scene-0003,static,20,2-10,near_ground_geometry,0.8,349,349,0,0,0
1c23250b-8d99-5698-9831-85d8367d1bde,scene-0003,static,20,2-10,near_ground_geometry,1.2,349,349,14,14,0
1c23250b-8d99-5698-9831-85d8367d1bde,scene-0003,static,20,2-10,raised_geometry,0.4,62,38,8,8,24
1c23250b-8d99-5698-9831-85d8367d1bde,scene-0003,static,20,2-10,raised_geometry,0.8,62,56,31,31,6
1c23250b-8d99-5698-9831-85d8367d1bde,scene-0003,static,20,2-10,raised_geometry,1.2,62,62,40,40,0
1c23250b-8d99-5698-9831-85d8367d1bde,scene-0003,static,20,10-20,traversable_label,0.4,80,80,0,0,0
1c23250b-8d99-5698-9831-85d8367d1bde,scene-0003,static,20,10-20,traversable_label,0.8,80,80,0,0,0
1c23250b-8d99-5698-9831-85d8367d1bde,scene-0003,static,20,10-20,traversable_label,1.2,80,80,0,0,0
1c23250b-8d99-5698-9831-85d8367d1bde,scene-0003,static,20,10-20,potential_label,0.4,1348,1310,1,1,38
1c23250b-8d99-5698-9831-85d8367d1bde,scene-0003,static,20,10-20,potential_label,0.8,1348,1347,28,28,1
1c23250b-8d99-5698-9831-85d8367d1bde,scene-0003,static,20,10-20,potential_label,1.2,1348,1348,110,110,0
1c23250b-8d99-5698-9831-85d8367d1bde,scene-0003,static,20,10-20,nontraversable_label,0.4,5398,4829,150,150,569
1c23250b-8d99-5698-9831-85d8367d1bde,scene-0003,static,20,10-20,nontraversable_label,0.8,5398,5361,783,783,37
1c23250b-8d99-5698-9831-85d8367d1bde,scene-0003,static,20,10-20,nontraversable_label,1.2,5398,5389,1486,1486,9
1c23250b-8d99-5698-9831-85d8367d1bde,scene-0003,static,20,10-20,near_ground_geometry,0.4,235,230,0,0,5
1c23250b-8d99-5698-9831-85d8367d1bde,scene-0003,static,20,10-20,near_ground_geometry,0.8,235,235,0,0,0
1c23250b-8d99-5698-9831-85d8367d1bde,scene-0003,static,20,10-20,near_ground_geometry,1.2,235,235,0,0,0
1c23250b-8d99-5698-9831-85d8367d1bde,scene-0003,static,20,10-20,raised_geometry,0.4,6,0,0,0,6
1c23250b-8d99-5698-9831-85d8367d1bde,scene-0003,static,20,10-20,raised_geometry,0.8,6,6,0,0,0
1c23250b-8d99-5698-9831-85d8367d1bde,scene-0003,static,20,10-20,raised_geometry,1.2,6,6,0,0,0
1c23250b-8d99-5698-9831-85d8367d1bde,scene-0003,static,20,20-30,traversable_label,0.4,80,63,0,0,17
1c23250b-8d99-5698-9831-85d8367d1bde,scene-0003,static,20,20-30,traversable_label,0.8,80,76,0,0,4
1c23250b-8d99-5698-9831-85d8367d1bde,scene-0003,static,20,20-30,traversable_label,1.2,80,80,0,0,0
1c23250b-8d99-5698-9831-85d8367d1bde,scene-0003,static,20,20-30,potential_label,0.4,778,654,0,0,124
1c23250b-8d99-5698-9831-85d8367d1bde,scene-0003,static,20,20-30,potential_label,0.8,778,775,15,15,3
1c23250b-8d99-5698-9831-85d8367d1bde,scene-0003,static,20,20-30,potential_label,1.2,778,778,59,59,0
1c23250b-8d99-5698-9831-85d8367d1bde,scene-0003,static,20,20-30,nontraversable_label,0.4,2348,1805,67,61,537
1c23250b-8d99-5698-9831-85d8367d1bde,scene-0003,static,20,20-30,nontraversable_label,0.8,2348,2242,355,344,95
1c23250b-8d99-5698-9831-85d8367d1bde,scene-0003,static,20,20-30,nontraversable_label,1.2,2348,2319,694,691,26
1c23250b-8d99-5698-9831-85d8367d1bde,scene-0003,static,20,20-30,near_ground_geometry,0.4,159,131,0,0,28
1c23250b-8d99-5698-9831-85d8367d1bde,scene-0003,static,20,20-30,near_ground_geometry,0.8,159,155,0,0,4
1c23250b-8d99-5698-9831-85d8367d1bde,scene-0003,static,20,20-30,near_ground_geometry,1.2,159,159,0,0,0
1c23250b-8d99-5698-9831-85d8367d1bde,scene-0003,static,20,30-40,traversable_label,0.4,36,22,0,0,14
1c23250b-8d99-5698-9831-85d8367d1bde,scene-0003,static,20,30-40,traversable_label,0.8,36,33,0,0,3
1c23250b-8d99-5698-9831-85d8367d1bde,scene-0003,static,20,30-40,traversable_label,1.2,36,36,0,0,0
1c23250b-8d99-5698-9831-85d8367d1bde,scene-0003,static,20,30-40,potential_label,0.4,304,224,0,0,80
1c23250b-8d99-5698-9831-85d8367d1bde,scene-0003,static,20,30-40,potential_label,0.8,304,291,2,2,13
1c23250b-8d99-5698-9831-85d8367d1bde,scene-0003,static,20,30-40,potential_label,1.2,304,303,8,8,1
1c23250b-8d99-5698-9831-85d8367d1bde,scene-0003,static,20,30-40,nontraversable_label,0.4,1603,1088,56,51,510
1c23250b-8d99-5698-9831-85d8367d1bde,scene-0003,static,20,30-40,nontraversable_label,0.8,1603,1512,290,289,90
1c23250b-8d99-5698-9831-85d8367d1bde,scene-0003,static,20,30-40,nontraversable_label,1.2,1603,1581,534,534,22
1c23250b-8d99-5698-9831-85d8367d1bde,scene-0003,static,20,30-40,near_ground_geometry,0.4,69,52,0,0,17
1c23250b-8d99-5698-9831-85d8367d1bde,scene-0003,static,20,30-40,near_ground_geometry,0.8,69,67,0,0,2
1c23250b-8d99-5698-9831-85d8367d1bde,scene-0003,static,20,30-40,near_ground_geometry,1.2,69,69,0,0,0
1c23250b-8d99-5698-9831-85d8367d1bde,scene-0003,aligned,10,2-10,traversable_label,0.4,125,110,6,6,15
1c23250b-8d99-5698-9831-85d8367d1bde,scene-0003,aligned,10,2-10,traversable_label,0.8,125,122,23,23,3
1c23250b-8d99-5698-9831-85d8367d1bde,scene-0003,aligned,10,2-10,traversable_label,1.2,125,125,38,38,0
1c23250b-8d99-5698-9831-85d8367d1bde,scene-0003,aligned,10,2-10,potential_label,0.4,951,923,13,13,28
1c23250b-8d99-5698-9831-85d8367d1bde,scene-0003,aligned,10,2-10,potential_label,0.8,951,951,76,76,0
1c23250b-8d99-5698-9831-85d8367d1bde,scene-0003,aligned,10,2-10,potential_label,1.2,951,951,168,168,0
1c23250b-8d99-5698-9831-85d8367d1bde,scene-0003,aligned,10,2-10,nontraversable_label,0.4,1861,1787,87,86,73
1c23250b-8d99-5698-9831-85d8367d1bde,scene-0003,aligned,10,2-10,nontraversable_label,0.8,1861,1851,431,431,10
1c23250b-8d99-5698-9831-85d8367d1bde,scene-0003,aligned,10,2-10,nontraversable_label,1.2,1861,1861,821,821,0
1c23250b-8d99-5698-9831-85d8367d1bde,scene-0003,aligned,10,2-10,near_ground_geometry,0.4,218,218,0,0,0
1c23250b-8d99-5698-9831-85d8367d1bde,scene-0003,aligned,10,2-10,near_ground_geometry,0.8,218,218,0,0,0
1c23250b-8d99-5698-9831-85d8367d1bde,scene-0003,aligned,10,2-10,near_ground_geometry,1.2,218,218,13,13,0
1c23250b-8d99-5698-9831-85d8367d1bde,scene-0003,aligned,10,2-10,raised_geometry,0.4,62,38,8,8,24
1c23250b-8d99-5698-9831-85d8367d1bde,scene-0003,aligned,10,2-10,raised_geometry,0.8,62,56,31,31,6
1c23250b-8d99-5698-9831-85d8367d1bde,scene-0003,aligned,10,2-10,raised_geometry,1.2,62,62,40,40,0
1c23250b-8d99-5698-9831-85d8367d1bde,scene-0003,aligned,10,10-20,traversable_label,0.4,80,80,0,0,0
1c23250b-8d99-5698-9831-85d8367d1bde,scene-0003,aligned,10,10-20,traversable_label,0.8,80,80,0,0,0
1c23250b-8d99-5698-9831-85d8367d1bde,scene-0003,aligned,10,10-20,traversable_label,1.2,80,80,0,0,0
1c23250b-8d99-5698-9831-85d8367d1bde,scene-0003,aligned,10,10-20,potential_label,0.4,1348,1310,1,1,38
1c23250b-8d99-5698-9831-85d8367d1bde,scene-0003,aligned,10,10-20,potential_label,0.8,1348,1347,28,28,1
1c23250b-8d99-5698-9831-85d8367d1bde,scene-0003,aligned,10,10-20,potential_label,1.2,1348,1348,113,113,0
1c23250b-8d99-5698-9831-85d8367d1bde,scene-0003,aligned,10,10-20,nontraversable_label,0.4,4380,3959,151,151,421
1c23250b-8d99-5698-9831-85d8367d1bde,scene-0003,aligned,10,10-20,nontraversable_label,0.8,4380,4353,783,783,27
1c23250b-8d99-5698-9831-85d8367d1bde,scene-0003,aligned,10,10-20,nontraversable_label,1.2,4380,4377,1481,1481,3
1c23250b-8d99-5698-9831-85d8367d1bde,scene-0003,aligned,10,10-20,near_ground_geometry,0.4,235,230,0,0,5
1c23250b-8d99-5698-9831-85d8367d1bde,scene-0003,aligned,10,10-20,near_ground_geometry,0.8,235,235,0,0,0
1c23250b-8d99-5698-9831-85d8367d1bde,scene-0003,aligned,10,10-20,near_ground_geometry,1.2,235,235,0,0,0
1c23250b-8d99-5698-9831-85d8367d1bde,scene-0003,aligned,10,10-20,raised_geometry,0.4,6,0,0,0,6
1c23250b-8d99-5698-9831-85d8367d1bde,scene-0003,aligned,10,10-20,raised_geometry,0.8,6,6,0,0,0
1c23250b-8d99-5698-9831-85d8367d1bde,scene-0003,aligned,10,10-20,raised_geometry,1.2,6,6,0,0,0
1c23250b-8d99-5698-9831-85d8367d1bde,scene-0003,aligned,10,20-30,traversable_label,0.4,80,63,0,0,17
1c23250b-8d99-5698-9831-85d8367d1bde,scene-0003,aligned,10,20-30,traversable_label,0.8,80,76,0,0,4
1c23250b-8d99-5698-9831-85d8367d1bde,scene-0003,aligned,10,20-30,traversable_label,1.2,80,80,0,0,0
1c23250b-8d99-5698-9831-85d8367d1bde,scene-0003,aligned,10,20-30,potential_label,0.4,778,654,0,0,124
1c23250b-8d99-5698-9831-85d8367d1bde,scene-0003,aligned,10,20-30,potential_label,0.8,778,775,15,15,3
1c23250b-8d99-5698-9831-85d8367d1bde,scene-0003,aligned,10,20-30,potential_label,1.2,778,778,58,58,0
1c23250b-8d99-5698-9831-85d8367d1bde,scene-0003,aligned,10,20-30,nontraversable_label,0.4,2265,1754,69,63,505
1c23250b-8d99-5698-9831-85d8367d1bde,scene-0003,aligned,10,20-30,nontraversable_label,0.8,2265,2162,352,341,92
1c23250b-8d99-5698-9831-85d8367d1bde,scene-0003,aligned,10,20-30,nontraversable_label,1.2,2265,2236,696,693,26
1c23250b-8d99-5698-9831-85d8367d1bde,scene-0003,aligned,10,20-30,near_ground_geometry,0.4,159,131,0,0,28
1c23250b-8d99-5698-9831-85d8367d1bde,scene-0003,aligned,10,20-30,near_ground_geometry,0.8,159,155,0,0,4
1c23250b-8d99-5698-9831-85d8367d1bde,scene-0003,aligned,10,20-30,near_ground_geometry,1.2,159,159,0,0,0
1c23250b-8d99-5698-9831-85d8367d1bde,scene-0003,aligned,10,30-40,traversable_label,0.4,36,22,0,0,14
1c23250b-8d99-5698-9831-85d8367d1bde,scene-0003,aligned,10,30-40,traversable_label,0.8,36,33,0,0,3
1c23250b-8d99-5698-9831-85d8367d1bde,scene-0003,aligned,10,30-40,traversable_label,1.2,36,36,0,0,0
1c23250b-8d99-5698-9831-85d8367d1bde,scene-0003,aligned,10,30-40,potential_label,0.4,304,224,0,0,80
1c23250b-8d99-5698-9831-85d8367d1bde,scene-0003,aligned,10,30-40,potential_label,0.8,304,291,2,2,13
1c23250b-8d99-5698-9831-85d8367d1bde,scene-0003,aligned,10,30-40,potential_label,1.2,304,303,8,8,1
1c23250b-8d99-5698-9831-85d8367d1bde,scene-0003,aligned,10,30-40,nontraversable_label,0.4,1603,1088,56,51,510
1c23250b-8d99-5698-9831-85d8367d1bde,scene-0003,aligned,10,30-40,nontraversable_label,0.8,1603,1512,291,290,90
1c23250b-8d99-5698-9831-85d8367d1bde,scene-0003,aligned,10,30-40,nontraversable_label,1.2,1603,1581,532,532,22
1c23250b-8d99-5698-9831-85d8367d1bde,scene-0003,aligned,10,30-40,near_ground_geometry,0.4,69,52,0,0,17
1c23250b-8d99-5698-9831-85d8367d1bde,scene-0003,aligned,10,30-40,near_ground_geometry,0.8,69,67,0,0,2
1c23250b-8d99-5698-9831-85d8367d1bde,scene-0003,aligned,10,30-40,near_ground_geometry,1.2,69,69,0,0,0
1c23250b-8d99-5698-9831-85d8367d1bde,scene-0003,aligned,20,2-10,traversable_label,0.4,170,155,6,6,15
1c23250b-8d99-5698-9831-85d8367d1bde,scene-0003,aligned,20,2-10,traversable_label,0.8,170,167,23,23,3
1c23250b-8d99-5698-9831-85d8367d1bde,scene-0003,aligned,20,2-10,traversable_label,1.2,170,170,38,38,0
1c23250b-8d99-5698-9831-85d8367d1bde,scene-0003,aligned,20,2-10,potential_label,0.4,1250,1222,17,17,28
1c23250b-8d99-5698-9831-85d8367d1bde,scene-0003,aligned,20,2-10,potential_label,0.8,1250,1250,100,100,0
1c23250b-8d99-5698-9831-85d8367d1bde,scene-0003,aligned,20,2-10,potential_label,1.2,1250,1250,235,235,0
1c23250b-8d99-5698-9831-85d8367d1bde,scene-0003,aligned,20,2-10,nontraversable_label,0.4,2114,2038,91,90,75
1c23250b-8d99-5698-9831-85d8367d1bde,scene-0003,aligned,20,2-10,nontraversable_label,0.8,2114,2104,450,450,10
1c23250b-8d99-5698-9831-85d8367d1bde,scene-0003,aligned,20,2-10,nontraversable_label,1.2,2114,2114,903,903,0
1c23250b-8d99-5698-9831-85d8367d1bde,scene-0003,aligned,20,2-10,near_ground_geometry,0.4,349,349,0,0,0
1c23250b-8d99-5698-9831-85d8367d1bde,scene-0003,aligned,20,2-10,near_ground_geometry,0.8,349,349,0,0,0
1c23250b-8d99-5698-9831-85d8367d1bde,scene-0003,aligned,20,2-10,near_ground_geometry,1.2,349,349,13,13,0
1c23250b-8d99-5698-9831-85d8367d1bde,scene-0003,aligned,20,2-10,raised_geometry,0.4,62,38,8,8,24
1c23250b-8d99-5698-9831-85d8367d1bde,scene-0003,aligned,20,2-10,raised_geometry,0.8,62,56,31,31,6
1c23250b-8d99-5698-9831-85d8367d1bde,scene-0003,aligned,20,2-10,raised_geometry,1.2,62,62,40,40,0
1c23250b-8d99-5698-9831-85d8367d1bde,scene-0003,aligned,20,10-20,traversable_label,0.4,80,80,0,0,0
1c23250b-8d99-5698-9831-85d8367d1bde,scene-0003,aligned,20,10-20,traversable_label,0.8,80,80,0,0,0
1c23250b-8d99-5698-9831-85d8367d1bde,scene-0003,aligned,20,10-20,traversable_label,1.2,80,80,0,0,0
1c23250b-8d99-5698-9831-85d8367d1bde,scene-0003,aligned,20,10-20,potential_label,0.4,1348,1310,1,1,38
1c23250b-8d99-5698-9831-85d8367d1bde,scene-0003,aligned,20,10-20,potential_label,0.8,1348,1347,28,28,1
1c23250b-8d99-5698-9831-85d8367d1bde,scene-0003,aligned,20,10-20,potential_label,1.2,1348,1348,113,113,0
1c23250b-8d99-5698-9831-85d8367d1bde,scene-0003,aligned,20,10-20,nontraversable_label,0.4,5398,4829,151,151,569
1c23250b-8d99-5698-9831-85d8367d1bde,scene-0003,aligned,20,10-20,nontraversable_label,0.8,5398,5361,785,785,37
1c23250b-8d99-5698-9831-85d8367d1bde,scene-0003,aligned,20,10-20,nontraversable_label,1.2,5398,5389,1490,1490,9
1c23250b-8d99-5698-9831-85d8367d1bde,scene-0003,aligned,20,10-20,near_ground_geometry,0.4,235,230,0,0,5
1c23250b-8d99-5698-9831-85d8367d1bde,scene-0003,aligned,20,10-20,near_ground_geometry,0.8,235,235,0,0,0
1c23250b-8d99-5698-9831-85d8367d1bde,scene-0003,aligned,20,10-20,near_ground_geometry,1.2,235,235,0,0,0
1c23250b-8d99-5698-9831-85d8367d1bde,scene-0003,aligned,20,10-20,raised_geometry,0.4,6,0,0,0,6
1c23250b-8d99-5698-9831-85d8367d1bde,scene-0003,aligned,20,10-20,raised_geometry,0.8,6,6,0,0,0
1c23250b-8d99-5698-9831-85d8367d1bde,scene-0003,aligned,20,10-20,raised_geometry,1.2,6,6,0,0,0
1c23250b-8d99-5698-9831-85d8367d1bde,scene-0003,aligned,20,20-30,traversable_label,0.4,80,63,0,0,17
1c23250b-8d99-5698-9831-85d8367d1bde,scene-0003,aligned,20,20-30,traversable_label,0.8,80,76,0,0,4
1c23250b-8d99-5698-9831-85d8367d1bde,scene-0003,aligned,20,20-30,traversable_label,1.2,80,80,0,0,0
1c23250b-8d99-5698-9831-85d8367d1bde,scene-0003,aligned,20,20-30,potential_label,0.4,778,654,0,0,124
1c23250b-8d99-5698-9831-85d8367d1bde,scene-0003,aligned,20,20-30,potential_label,0.8,778,775,15,15,3
1c23250b-8d99-5698-9831-85d8367d1bde,scene-0003,aligned,20,20-30,potential_label,1.2,778,778,58,58,0
1c23250b-8d99-5698-9831-85d8367d1bde,scene-0003,aligned,20,20-30,nontraversable_label,0.4,2348,1805,69,63,537
1c23250b-8d99-5698-9831-85d8367d1bde,scene-0003,aligned,20,20-30,nontraversable_label,0.8,2348,2242,352,341,95
1c23250b-8d99-5698-9831-85d8367d1bde,scene-0003,aligned,20,20-30,nontraversable_label,1.2,2348,2319,696,693,26
1c23250b-8d99-5698-9831-85d8367d1bde,scene-0003,aligned,20,20-30,near_ground_geometry,0.4,159,131,0,0,28
1c23250b-8d99-5698-9831-85d8367d1bde,scene-0003,aligned,20,20-30,near_ground_geometry,0.8,159,155,0,0,4
1c23250b-8d99-5698-9831-85d8367d1bde,scene-0003,aligned,20,20-30,near_ground_geometry,1.2,159,159,0,0,0
1c23250b-8d99-5698-9831-85d8367d1bde,scene-0003,aligned,20,30-40,traversable_label,0.4,36,22,0,0,14
1c23250b-8d99-5698-9831-85d8367d1bde,scene-0003,aligned,20,30-40,traversable_label,0.8,36,33,0,0,3
1c23250b-8d99-5698-9831-85d8367d1bde,scene-0003,aligned,20,30-40,traversable_label,1.2,36,36,0,0,0
1c23250b-8d99-5698-9831-85d8367d1bde,scene-0003,aligned,20,30-40,potential_label,0.4,304,224,0,0,80
1c23250b-8d99-5698-9831-85d8367d1bde,scene-0003,aligned,20,30-40,potential_label,0.8,304,291,2,2,13
1c23250b-8d99-5698-9831-85d8367d1bde,scene-0003,aligned,20,30-40,potential_label,1.2,304,303,8,8,1
1c23250b-8d99-5698-9831-85d8367d1bde,scene-0003,aligned,20,30-40,nontraversable_label,0.4,1603,1088,56,51,510
1c23250b-8d99-5698-9831-85d8367d1bde,scene-0003,aligned,20,30-40,nontraversable_label,0.8,1603,1512,291,290,90
1c23250b-8d99-5698-9831-85d8367d1bde,scene-0003,aligned,20,30-40,nontraversable_label,1.2,1603,1581,532,532,22
1c23250b-8d99-5698-9831-85d8367d1bde,scene-0003,aligned,20,30-40,near_ground_geometry,0.4,69,52,0,0,17
1c23250b-8d99-5698-9831-85d8367d1bde,scene-0003,aligned,20,30-40,near_ground_geometry,0.8,69,67,0,0,2
1c23250b-8d99-5698-9831-85d8367d1bde,scene-0003,aligned,20,30-40,near_ground_geometry,1.2,69,69,0,0,0
1c23250b-8d99-5698-9831-85d8367d1bde,scene-0003,ros_origin,10,2-10,traversable_label,0.4,125,110,4,3,14
1c23250b-8d99-5698-9831-85d8367d1bde,scene-0003,ros_origin,10,2-10,traversable_label,0.8,125,122,27,26,2
1c23250b-8d99-5698-9831-85d8367d1bde,scene-0003,ros_origin,10,2-10,traversable_label,1.2,125,125,44,44,0
1c23250b-8d99-5698-9831-85d8367d1bde,scene-0003,ros_origin,10,2-10,potential_label,0.4,951,923,11,11,28
1c23250b-8d99-5698-9831-85d8367d1bde,scene-0003,ros_origin,10,2-10,potential_label,0.8,951,951,70,70,0
1c23250b-8d99-5698-9831-85d8367d1bde,scene-0003,ros_origin,10,2-10,potential_label,1.2,951,951,179,179,0
1c23250b-8d99-5698-9831-85d8367d1bde,scene-0003,ros_origin,10,2-10,nontraversable_label,0.4,1861,1787,80,78,72
1c23250b-8d99-5698-9831-85d8367d1bde,scene-0003,ros_origin,10,2-10,nontraversable_label,0.8,1861,1851,374,373,9
1c23250b-8d99-5698-9831-85d8367d1bde,scene-0003,ros_origin,10,2-10,nontraversable_label,1.2,1861,1861,729,729,0
1c23250b-8d99-5698-9831-85d8367d1bde,scene-0003,ros_origin,10,2-10,near_ground_geometry,0.4,218,218,0,0,0
1c23250b-8d99-5698-9831-85d8367d1bde,scene-0003,ros_origin,10,2-10,near_ground_geometry,0.8,218,218,9,9,0
1c23250b-8d99-5698-9831-85d8367d1bde,scene-0003,ros_origin,10,2-10,near_ground_geometry,1.2,218,218,26,26,0
1c23250b-8d99-5698-9831-85d8367d1bde,scene-0003,ros_origin,10,2-10,raised_geometry,0.4,62,38,6,4,22
1c23250b-8d99-5698-9831-85d8367d1bde,scene-0003,ros_origin,10,2-10,raised_geometry,0.8,62,56,28,26,4
1c23250b-8d99-5698-9831-85d8367d1bde,scene-0003,ros_origin,10,2-10,raised_geometry,1.2,62,62,41,41,0
1c23250b-8d99-5698-9831-85d8367d1bde,scene-0003,ros_origin,10,10-20,traversable_label,0.4,80,80,0,0,0
1c23250b-8d99-5698-9831-85d8367d1bde,scene-0003,ros_origin,10,10-20,traversable_label,0.8,80,80,0,0,0
1c23250b-8d99-5698-9831-85d8367d1bde,scene-0003,ros_origin,10,10-20,traversable_label,1.2,80,80,0,0,0
1c23250b-8d99-5698-9831-85d8367d1bde,scene-0003,ros_origin,10,10-20,potential_label,0.4,1348,1310,6,6,38
1c23250b-8d99-5698-9831-85d8367d1bde,scene-0003,ros_origin,10,10-20,potential_label,0.8,1348,1347,50,50,1
1c23250b-8d99-5698-9831-85d8367d1bde,scene-0003,ros_origin,10,10-20,potential_label,1.2,1348,1348,145,145,0
1c23250b-8d99-5698-9831-85d8367d1bde,scene-0003,ros_origin,10,10-20,nontraversable_label,0.4,4380,3959,113,111,419
1c23250b-8d99-5698-9831-85d8367d1bde,scene-0003,ros_origin,10,10-20,nontraversable_label,0.8,4380,4353,722,721,26
1c23250b-8d99-5698-9831-85d8367d1bde,scene-0003,ros_origin,10,10-20,nontraversable_label,1.2,4380,4377,1472,1472,3
1c23250b-8d99-5698-9831-85d8367d1bde,scene-0003,ros_origin,10,10-20,near_ground_geometry,0.4,235,230,0,0,5
1c23250b-8d99-5698-9831-85d8367d1bde,scene-0003,ros_origin,10,10-20,near_ground_geometry,0.8,235,235,0,0,0
1c23250b-8d99-5698-9831-85d8367d1bde,scene-0003,ros_origin,10,10-20,near_ground_geometry,1.2,235,235,0,0,0
1c23250b-8d99-5698-9831-85d8367d1bde,scene-0003,ros_origin,10,10-20,raised_geometry,0.4,6,0,0,0,6
1c23250b-8d99-5698-9831-85d8367d1bde,scene-0003,ros_origin,10,10-20,raised_geometry,0.8,6,6,0,0,0
1c23250b-8d99-5698-9831-85d8367d1bde,scene-0003,ros_origin,10,10-20,raised_geometry,1.2,6,6,0,0,0
1c23250b-8d99-5698-9831-85d8367d1bde,scene-0003,ros_origin,10,20-30,traversable_label,0.4,80,63,0,0,17
1c23250b-8d99-5698-9831-85d8367d1bde,scene-0003,ros_origin,10,20-30,traversable_label,0.8,80,76,0,0,4
1c23250b-8d99-5698-9831-85d8367d1bde,scene-0003,ros_origin,10,20-30,traversable_label,1.2,80,80,0,0,0
1c23250b-8d99-5698-9831-85d8367d1bde,scene-0003,ros_origin,10,20-30,potential_label,0.4,778,654,1,1,124
1c23250b-8d99-5698-9831-85d8367d1bde,scene-0003,ros_origin,10,20-30,potential_label,0.8,778,775,21,21,3
1c23250b-8d99-5698-9831-85d8367d1bde,scene-0003,ros_origin,10,20-30,potential_label,1.2,778,778,70,70,0
1c23250b-8d99-5698-9831-85d8367d1bde,scene-0003,ros_origin,10,20-30,nontraversable_label,0.4,2265,1754,66,55,500
1c23250b-8d99-5698-9831-85d8367d1bde,scene-0003,ros_origin,10,20-30,nontraversable_label,0.8,2265,2162,332,320,91
1c23250b-8d99-5698-9831-85d8367d1bde,scene-0003,ros_origin,10,20-30,nontraversable_label,1.2,2265,2236,717,714,26
1c23250b-8d99-5698-9831-85d8367d1bde,scene-0003,ros_origin,10,20-30,near_ground_geometry,0.4,159,131,0,0,28
1c23250b-8d99-5698-9831-85d8367d1bde,scene-0003,ros_origin,10,20-30,near_ground_geometry,0.8,159,155,0,0,4
1c23250b-8d99-5698-9831-85d8367d1bde,scene-0003,ros_origin,10,20-30,near_ground_geometry,1.2,159,159,0,0,0
1c23250b-8d99-5698-9831-85d8367d1bde,scene-0003,ros_origin,10,30-40,traversable_label,0.4,36,22,0,0,14
1c23250b-8d99-5698-9831-85d8367d1bde,scene-0003,ros_origin,10,30-40,traversable_label,0.8,36,33,0,0,3
1c23250b-8d99-5698-9831-85d8367d1bde,scene-0003,ros_origin,10,30-40,traversable_label,1.2,36,36,0,0,0
1c23250b-8d99-5698-9831-85d8367d1bde,scene-0003,ros_origin,10,30-40,potential_label,0.4,304,224,0,0,80
1c23250b-8d99-5698-9831-85d8367d1bde,scene-0003,ros_origin,10,30-40,potential_label,0.8,304,291,2,2,13
1c23250b-8d99-5698-9831-85d8367d1bde,scene-0003,ros_origin,10,30-40,potential_label,1.2,304,303,8,8,1
1c23250b-8d99-5698-9831-85d8367d1bde,scene-0003,ros_origin,10,30-40,nontraversable_label,0.4,1603,1088,63,55,507
1c23250b-8d99-5698-9831-85d8367d1bde,scene-0003,ros_origin,10,30-40,nontraversable_label,0.8,1603,1512,303,302,90
1c23250b-8d99-5698-9831-85d8367d1bde,scene-0003,ros_origin,10,30-40,nontraversable_label,1.2,1603,1581,582,582,22
1c23250b-8d99-5698-9831-85d8367d1bde,scene-0003,ros_origin,10,30-40,near_ground_geometry,0.4,69,52,0,0,17
1c23250b-8d99-5698-9831-85d8367d1bde,scene-0003,ros_origin,10,30-40,near_ground_geometry,0.8,69,67,0,0,2
1c23250b-8d99-5698-9831-85d8367d1bde,scene-0003,ros_origin,10,30-40,near_ground_geometry,1.2,69,69,0,0,0
1c23250b-8d99-5698-9831-85d8367d1bde,scene-0003,ros_origin,20,2-10,traversable_label,0.4,170,155,4,3,14
1c23250b-8d99-5698-9831-85d8367d1bde,scene-0003,ros_origin,20,2-10,traversable_label,0.8,170,167,27,26,2
1c23250b-8d99-5698-9831-85d8367d1bde,scene-0003,ros_origin,20,2-10,traversable_label,1.2,170,170,44,44,0
1c23250b-8d99-5698-9831-85d8367d1bde,scene-0003,ros_origin,20,2-10,potential_label,0.4,1250,1222,18,18,28
1c23250b-8d99-5698-9831-85d8367d1bde,scene-0003,ros_origin,20,2-10,potential_label,0.8,1250,1250,107,107,0
1c23250b-8d99-5698-9831-85d8367d1bde,scene-0003,ros_origin,20,2-10,potential_label,1.2,1250,1250,253,253,0
1c23250b-8d99-5698-9831-85d8367d1bde,scene-0003,ros_origin,20,2-10,nontraversable_label,0.4,2114,2038,97,95,74
1c23250b-8d99-5698-9831-85d8367d1bde,scene-0003,ros_origin,20,2-10,nontraversable_label,0.8,2114,2104,429,428,9
1c23250b-8d99-5698-9831-85d8367d1bde,scene-0003,ros_origin,20,2-10,nontraversable_label,1.2,2114,2114,799,799,0
1c23250b-8d99-5698-9831-85d8367d1bde,scene-0003,ros_origin,20,2-10,near_ground_geometry,0.4,349,349,0,0,0
1c23250b-8d99-5698-9831-85d8367d1bde,scene-0003,ros_origin,20,2-10,near_ground_geometry,0.8,349,349,9,9,0
1c23250b-8d99-5698-9831-85d8367d1bde,scene-0003,ros_origin,20,2-10,near_ground_geometry,1.2,349,349,26,26,0
1c23250b-8d99-5698-9831-85d8367d1bde,scene-0003,ros_origin,20,2-10,raised_geometry,0.4,62,38,6,4,22
1c23250b-8d99-5698-9831-85d8367d1bde,scene-0003,ros_origin,20,2-10,raised_geometry,0.8,62,56,28,26,4
1c23250b-8d99-5698-9831-85d8367d1bde,scene-0003,ros_origin,20,2-10,raised_geometry,1.2,62,62,41,41,0
1c23250b-8d99-5698-9831-85d8367d1bde,scene-0003,ros_origin,20,10-20,traversable_label,0.4,80,80,0,0,0
1c23250b-8d99-5698-9831-85d8367d1bde,scene-0003,ros_origin,20,10-20,traversable_label,0.8,80,80,0,0,0
1c23250b-8d99-5698-9831-85d8367d1bde,scene-0003,ros_origin,20,10-20,traversable_label,1.2,80,80,0,0,0
1c23250b-8d99-5698-9831-85d8367d1bde,scene-0003,ros_origin,20,10-20,potential_label,0.4,1348,1310,6,6,38
1c23250b-8d99-5698-9831-85d8367d1bde,scene-0003,ros_origin,20,10-20,potential_label,0.8,1348,1347,50,50,1
1c23250b-8d99-5698-9831-85d8367d1bde,scene-0003,ros_origin,20,10-20,potential_label,1.2,1348,1348,145,145,0
1c23250b-8d99-5698-9831-85d8367d1bde,scene-0003,ros_origin,20,10-20,nontraversable_label,0.4,5398,4829,113,111,567
1c23250b-8d99-5698-9831-85d8367d1bde,scene-0003,ros_origin,20,10-20,nontraversable_label,0.8,5398,5361,722,721,36
1c23250b-8d99-5698-9831-85d8367d1bde,scene-0003,ros_origin,20,10-20,nontraversable_label,1.2,5398,5389,1475,1475,9
1c23250b-8d99-5698-9831-85d8367d1bde,scene-0003,ros_origin,20,10-20,near_ground_geometry,0.4,235,230,0,0,5
1c23250b-8d99-5698-9831-85d8367d1bde,scene-0003,ros_origin,20,10-20,near_ground_geometry,0.8,235,235,0,0,0
1c23250b-8d99-5698-9831-85d8367d1bde,scene-0003,ros_origin,20,10-20,near_ground_geometry,1.2,235,235,0,0,0
1c23250b-8d99-5698-9831-85d8367d1bde,scene-0003,ros_origin,20,10-20,raised_geometry,0.4,6,0,0,0,6
1c23250b-8d99-5698-9831-85d8367d1bde,scene-0003,ros_origin,20,10-20,raised_geometry,0.8,6,6,0,0,0
1c23250b-8d99-5698-9831-85d8367d1bde,scene-0003,ros_origin,20,10-20,raised_geometry,1.2,6,6,0,0,0
1c23250b-8d99-5698-9831-85d8367d1bde,scene-0003,ros_origin,20,20-30,traversable_label,0.4,80,63,0,0,17
1c23250b-8d99-5698-9831-85d8367d1bde,scene-0003,ros_origin,20,20-30,traversable_label,0.8,80,76,0,0,4
1c23250b-8d99-5698-9831-85d8367d1bde,scene-0003,ros_origin,20,20-30,traversable_label,1.2,80,80,0,0,0
1c23250b-8d99-5698-9831-85d8367d1bde,scene-0003,ros_origin,20,20-30,potential_label,0.4,778,654,1,1,124
1c23250b-8d99-5698-9831-85d8367d1bde,scene-0003,ros_origin,20,20-30,potential_label,0.8,778,775,21,21,3
1c23250b-8d99-5698-9831-85d8367d1bde,scene-0003,ros_origin,20,20-30,potential_label,1.2,778,778,70,70,0
1c23250b-8d99-5698-9831-85d8367d1bde,scene-0003,ros_origin,20,20-30,nontraversable_label,0.4,2348,1805,66,55,532
1c23250b-8d99-5698-9831-85d8367d1bde,scene-0003,ros_origin,20,20-30,nontraversable_label,0.8,2348,2242,332,320,94
1c23250b-8d99-5698-9831-85d8367d1bde,scene-0003,ros_origin,20,20-30,nontraversable_label,1.2,2348,2319,717,714,26
1c23250b-8d99-5698-9831-85d8367d1bde,scene-0003,ros_origin,20,20-30,near_ground_geometry,0.4,159,131,0,0,28
1c23250b-8d99-5698-9831-85d8367d1bde,scene-0003,ros_origin,20,20-30,near_ground_geometry,0.8,159,155,0,0,4
1c23250b-8d99-5698-9831-85d8367d1bde,scene-0003,ros_origin,20,20-30,near_ground_geometry,1.2,159,159,0,0,0
1c23250b-8d99-5698-9831-85d8367d1bde,scene-0003,ros_origin,20,30-40,traversable_label,0.4,36,22,0,0,14
1c23250b-8d99-5698-9831-85d8367d1bde,scene-0003,ros_origin,20,30-40,traversable_label,0.8,36,33,0,0,3
1c23250b-8d99-5698-9831-85d8367d1bde,scene-0003,ros_origin,20,30-40,traversable_label,1.2,36,36,0,0,0
1c23250b-8d99-5698-9831-85d8367d1bde,scene-0003,ros_origin,20,30-40,potential_label,0.4,304,224,0,0,80
1c23250b-8d99-5698-9831-85d8367d1bde,scene-0003,ros_origin,20,30-40,potential_label,0.8,304,291,2,2,13
1c23250b-8d99-5698-9831-85d8367d1bde,scene-0003,ros_origin,20,30-40,potential_label,1.2,304,303,8,8,1
1c23250b-8d99-5698-9831-85d8367d1bde,scene-0003,ros_origin,20,30-40,nontraversable_label,0.4,1603,1088,63,55,507
1c23250b-8d99-5698-9831-85d8367d1bde,scene-0003,ros_origin,20,30-40,nontraversable_label,0.8,1603,1512,303,302,90
1c23250b-8d99-5698-9831-85d8367d1bde,scene-0003,ros_origin,20,30-40,nontraversable_label,1.2,1603,1581,582,582,22
1c23250b-8d99-5698-9831-85d8367d1bde,scene-0003,ros_origin,20,30-40,near_ground_geometry,0.4,69,52,0,0,17
1c23250b-8d99-5698-9831-85d8367d1bde,scene-0003,ros_origin,20,30-40,near_ground_geometry,0.8,69,67,0,0,2
1c23250b-8d99-5698-9831-85d8367d1bde,scene-0003,ros_origin,20,30-40,near_ground_geometry,1.2,69,69,0,0,0
61475eca-2e0d-5ab9-9733-665aa35a358a,scene-0003,static,10,2-10,traversable_label,0.4,119,111,6,6,8
61475eca-2e0d-5ab9-9733-665aa35a358a,scene-0003,static,10,2-10,traversable_label,0.8,119,118,23,23,1
61475eca-2e0d-5ab9-9733-665aa35a358a,scene-0003,static,10,2-10,traversable_label,1.2,119,119,36,36,0
61475eca-2e0d-5ab9-9733-665aa35a358a,scene-0003,static,10,2-10,potential_label,0.4,927,904,8,8,23
61475eca-2e0d-5ab9-9733-665aa35a358a,scene-0003,static,10,2-10,potential_label,0.8,927,926,68,68,1
61475eca-2e0d-5ab9-9733-665aa35a358a,scene-0003,static,10,2-10,potential_label,1.2,927,927,177,177,0
61475eca-2e0d-5ab9-9733-665aa35a358a,scene-0003,static,10,2-10,nontraversable_label,0.4,1887,1797,88,88,90
61475eca-2e0d-5ab9-9733-665aa35a358a,scene-0003,static,10,2-10,nontraversable_label,0.8,1887,1881,529,528,5
61475eca-2e0d-5ab9-9733-665aa35a358a,scene-0003,static,10,2-10,nontraversable_label,1.2,1887,1887,1002,1002,0
61475eca-2e0d-5ab9-9733-665aa35a358a,scene-0003,static,10,2-10,near_ground_geometry,0.4,190,190,1,1,0
61475eca-2e0d-5ab9-9733-665aa35a358a,scene-0003,static,10,2-10,near_ground_geometry,0.8,190,190,15,15,0
61475eca-2e0d-5ab9-9733-665aa35a358a,scene-0003,static,10,2-10,near_ground_geometry,1.2,190,190,39,39,0
61475eca-2e0d-5ab9-9733-665aa35a358a,scene-0003,static,10,2-10,raised_geometry,0.4,53,35,8,8,18
61475eca-2e0d-5ab9-9733-665aa35a358a,scene-0003,static,10,2-10,raised_geometry,0.8,53,51,28,28,2
61475eca-2e0d-5ab9-9733-665aa35a358a,scene-0003,static,10,2-10,raised_geometry,1.2,53,53,37,37,0
61475eca-2e0d-5ab9-9733-665aa35a358a,scene-0003,static,10,10-20,traversable_label,0.4,158,148,0,0,10
61475eca-2e0d-5ab9-9733-665aa35a358a,scene-0003,static,10,10-20,traversable_label,0.8,158,155,0,0,3
61475eca-2e0d-5ab9-9733-665aa35a358a,scene-0003,static,10,10-20,traversable_label,1.2,158,158,0,0,0
61475eca-2e0d-5ab9-9733-665aa35a358a,scene-0003,static,10,10-20,potential_label,0.4,1189,1164,4,4,25
61475eca-2e0d-5ab9-9733-665aa35a358a,scene-0003,static,10,10-20,potential_label,0.8,1189,1189,28,28,0
61475eca-2e0d-5ab9-9733-665aa35a358a,scene-0003,static,10,10-20,potential_label,1.2,1189,1189,67,67,0
61475eca-2e0d-5ab9-9733-665aa35a358a,scene-0003,static,10,10-20,nontraversable_label,0.4,4365,3985,116,114,378
61475eca-2e0d-5ab9-9733-665aa35a358a,scene-0003,static,10,10-20,nontraversable_label,0.8,4365,4339,587,587,26
61475eca-2e0d-5ab9-9733-665aa35a358a,scene-0003,static,10,10-20,nontraversable_label,1.2,4365,4361,1153,1153,4
61475eca-2e0d-5ab9-9733-665aa35a358a,scene-0003,static,10,10-20,near_ground_geometry,0.4,302,297,0,0,5
61475eca-2e0d-5ab9-9733-665aa35a358a,scene-0003,static,10,10-20,near_ground_geometry,0.8,302,302,0,0,0
61475eca-2e0d-5ab9-9733-665aa35a358a,scene-0003,static,10,10-20,near_ground_geometry,1.2,302,302,0,0,0
61475eca-2e0d-5ab9-9733-665aa35a358a,scene-0003,static,10,10-20,raised_geometry,0.4,26,14,0,0,12
61475eca-2e0d-5ab9-9733-665aa35a358a,scene-0003,static,10,10-20,raised_geometry,0.8,26,23,0,0,3
61475eca-2e0d-5ab9-9733-665aa35a358a,scene-0003,static,10,10-20,raised_geometry,1.2,26,26,0,0,0
61475eca-2e0d-5ab9-9733-665aa35a358a,scene-0003,static,10,20-30,traversable_label,0.4,68,47,0,0,21
61475eca-2e0d-5ab9-9733-665aa35a358a,scene-0003,static,10,20-30,traversable_label,0.8,68,64,0,0,4
61475eca-2e0d-5ab9-9733-665aa35a358a,scene-0003,static,10,20-30,traversable_label,1.2,68,68,0,0,0
61475eca-2e0d-5ab9-9733-665aa35a358a,scene-0003,static,10,20-30,potential_label,0.4,647,572,0,0,75
61475eca-2e0d-5ab9-9733-665aa35a358a,scene-0003,static,10,20-30,potential_label,0.8,647,644,1,1,3
61475eca-2e0d-5ab9-9733-665aa35a358a,scene-0003,static,10,20-30,potential_label,1.2,647,647,23,23,0
61475eca-2e0d-5ab9-9733-665aa35a358a,scene-0003,static,10,20-30,nontraversable_label,0.4,2950,2485,76,73,462
61475eca-2e0d-5ab9-9733-665aa35a358a,scene-0003,static,10,20-30,nontraversable_label,0.8,2950,2877,489,487,71
61475eca-2e0d-5ab9-9733-665aa35a358a,scene-0003,static,10,20-30,nontraversable_label,1.2,2950,2917,1045,1045,33
61475eca-2e0d-5ab9-9733-665aa35a358a,scene-0003,static,10,20-30,near_ground_geometry,0.4,165,120,0,0,45
61475eca-2e0d-5ab9-9733-665aa35a358a,scene-0003,static,10,20-30,near_ground_geometry,0.8,165,158,0,0,7
61475eca-2e0d-5ab9-9733-665aa35a358a,scene-0003,static,10,20-30,near_ground_geometry,1.2,165,165,0,0,0
61475eca-2e0d-5ab9-9733-665aa35a358a,scene-0003,static,10,30-40,traversable_label,0.4,39,27,0,0,12
61475eca-2e0d-5ab9-9733-665aa35a358a,scene-0003,static,10,30-40,traversable_label,0.8,39,36,0,0,3
61475eca-2e0d-5ab9-9733-665aa35a358a,scene-0003,static,10,30-40,traversable_label,1.2,39,39,0,0,0
61475eca-2e0d-5ab9-9733-665aa35a358a,scene-0003,static,10,30-40,potential_label,0.4,183,149,0,0,34
61475eca-2e0d-5ab9-9733-665aa35a358a,scene-0003,static,10,30-40,potential_label,0.8,183,182,1,1,1
61475eca-2e0d-5ab9-9733-665aa35a358a,scene-0003,static,10,30-40,potential_label,1.2,183,183,10,10,0
61475eca-2e0d-5ab9-9733-665aa35a358a,scene-0003,static,10,30-40,nontraversable_label,0.4,1542,1070,27,25,470
61475eca-2e0d-5ab9-9733-665aa35a358a,scene-0003,static,10,30-40,nontraversable_label,0.8,1542,1478,133,133,64
61475eca-2e0d-5ab9-9733-665aa35a358a,scene-0003,static,10,30-40,nontraversable_label,1.2,1542,1535,290,290,7
61475eca-2e0d-5ab9-9733-665aa35a358a,scene-0003,static,10,30-40,near_ground_geometry,0.4,100,61,0,0,39
61475eca-2e0d-5ab9-9733-665aa35a358a,scene-0003,static,10,30-40,near_ground_geometry,0.8,100,92,0,0,8
61475eca-2e0d-5ab9-9733-665aa35a358a,scene-0003,static,10,30-40,near_ground_geometry,1.2,100,100,0,0,0
61475eca-2e0d-5ab9-9733-665aa35a358a,scene-0003,static,20,2-10,traversable_label,0.4,174,166,6,6,8
61475eca-2e0d-5ab9-9733-665aa35a358a,scene-0003,static,20,2-10,traversable_label,0.8,174,173,23,23,1
61475eca-2e0d-5ab9-9733-665aa35a358a,scene-0003,static,20,2-10,traversable_label,1.2,174,174,36,36,0
61475eca-2e0d-5ab9-9733-665aa35a358a,scene-0003,static,20,2-10,potential_label,0.4,1282,1258,17,17,24
61475eca-2e0d-5ab9-9733-665aa35a358a,scene-0003,static,20,2-10,potential_label,0.8,1282,1281,97,97,1
61475eca-2e0d-5ab9-9733-665aa35a358a,scene-0003,static,20,2-10,potential_label,1.2,1282,1282,249,249,0
61475eca-2e0d-5ab9-9733-665aa35a358a,scene-0003,static,20,2-10,nontraversable_label,0.4,2138,2016,92,92,122
61475eca-2e0d-5ab9-9733-665aa35a358a,scene-0003,static,20,2-10,nontraversable_label,0.8,2138,2129,563,562,8
61475eca-2e0d-5ab9-9733-665aa35a358a,scene-0003,static,20,2-10,nontraversable_label,1.2,2138,2138,1105,1105,0
61475eca-2e0d-5ab9-9733-665aa35a358a,scene-0003,static,20,2-10,near_ground_geometry,0.4,342,342,1,1,0
61475eca-2e0d-5ab9-9733-665aa35a358a,scene-0003,static,20,2-10,near_ground_geometry,0.8,342,342,15,15,0
61475eca-2e0d-5ab9-9733-665aa35a358a,scene-0003,static,20,2-10,near_ground_geometry,1.2,342,342,39,39,0
61475eca-2e0d-5ab9-9733-665aa35a358a,scene-0003,static,20,2-10,raised_geometry,0.4,53,35,8,8,18
61475eca-2e0d-5ab9-9733-665aa35a358a,scene-0003,static,20,2-10,raised_geometry,0.8,53,51,28,28,2
61475eca-2e0d-5ab9-9733-665aa35a358a,scene-0003,static,20,2-10,raised_geometry,1.2,53,53,37,37,0
61475eca-2e0d-5ab9-9733-665aa35a358a,scene-0003,static,20,10-20,traversable_label,0.4,158,148,0,0,10
61475eca-2e0d-5ab9-9733-665aa35a358a,scene-0003,static,20,10-20,traversable_label,0.8,158,155,0,0,3
61475eca-2e0d-5ab9-9733-665aa35a358a,scene-0003,static,20,10-20,traversable_label,1.2,158,158,0,0,0
61475eca-2e0d-5ab9-9733-665aa35a358a,scene-0003,static,20,10-20,potential_label,0.4,1189,1164,4,4,25
61475eca-2e0d-5ab9-9733-665aa35a358a,scene-0003,static,20,10-20,potential_label,0.8,1189,1189,28,28,0
61475eca-2e0d-5ab9-9733-665aa35a358a,scene-0003,static,20,10-20,potential_label,1.2,1189,1189,67,67,0
61475eca-2e0d-5ab9-9733-665aa35a358a,scene-0003,static,20,10-20,nontraversable_label,0.4,5436,4897,119,117,537
61475eca-2e0d-5ab9-9733-665aa35a358a,scene-0003,static,20,10-20,nontraversable_label,0.8,5436,5397,604,604,39
61475eca-2e0d-5ab9-9733-665aa35a358a,scene-0003,static,20,10-20,nontraversable_label,1.2,5436,5427,1230,1230,9
61475eca-2e0d-5ab9-9733-665aa35a358a,scene-0003,static,20,10-20,near_ground_geometry,0.4,302,297,0,0,5
61475eca-2e0d-5ab9-9733-665aa35a358a,scene-0003,static,20,10-20,near_ground_geometry,0.8,302,302,0,0,0
61475eca-2e0d-5ab9-9733-665aa35a358a,scene-0003,static,20,10-20,near_ground_geometry,1.2,302,302,0,0,0
61475eca-2e0d-5ab9-9733-665aa35a358a,scene-0003,static,20,10-20,raised_geometry,0.4,26,14,0,0,12
61475eca-2e0d-5ab9-9733-665aa35a358a,scene-0003,static,20,10-20,raised_geometry,0.8,26,23,0,0,3
61475eca-2e0d-5ab9-9733-665aa35a358a,scene-0003,static,20,10-20,raised_geometry,1.2,26,26,0,0,0
61475eca-2e0d-5ab9-9733-665aa35a358a,scene-0003,static,20,20-30,traversable_label,0.4,68,47,0,0,21
61475eca-2e0d-5ab9-9733-665aa35a358a,scene-0003,static,20,20-30,traversable_label,0.8,68,64,0,0,4
61475eca-2e0d-5ab9-9733-665aa35a358a,scene-0003,static,20,20-30,traversable_label,1.2,68,68,0,0,0
61475eca-2e0d-5ab9-9733-665aa35a358a,scene-0003,static,20,20-30,potential_label,0.4,647,572,0,0,75
61475eca-2e0d-5ab9-9733-665aa35a358a,scene-0003,static,20,20-30,potential_label,0.8,647,644,1,1,3
61475eca-2e0d-5ab9-9733-665aa35a358a,scene-0003,static,20,20-30,potential_label,1.2,647,647,23,23,0
61475eca-2e0d-5ab9-9733-665aa35a358a,scene-0003,static,20,20-30,nontraversable_label,0.4,3099,2581,76,73,515
61475eca-2e0d-5ab9-9733-665aa35a358a,scene-0003,static,20,20-30,nontraversable_label,0.8,3099,3008,490,488,89
61475eca-2e0d-5ab9-9733-665aa35a358a,scene-0003,static,20,20-30,nontraversable_label,1.2,3099,3065,1051,1051,34
61475eca-2e0d-5ab9-9733-665aa35a358a,scene-0003,static,20,20-30,near_ground_geometry,0.4,165,120,0,0,45
61475eca-2e0d-5ab9-9733-665aa35a358a,scene-0003,static,20,20-30,near_ground_geometry,0.8,165,158,0,0,7
61475eca-2e0d-5ab9-9733-665aa35a358a,scene-0003,static,20,20-30,near_ground_geometry,1.2,165,165,0,0,0
61475eca-2e0d-5ab9-9733-665aa35a358a,scene-0003,static,20,30-40,traversable_label,0.4,39,27,0,0,12
61475eca-2e0d-5ab9-9733-665aa35a358a,scene-0003,static,20,30-40,traversable_label,0.8,39,36,0,0,3
61475eca-2e0d-5ab9-9733-665aa35a358a,scene-0003,static,20,30-40,traversable_label,1.2,39,39,0,0,0
61475eca-2e0d-5ab9-9733-665aa35a358a,scene-0003,static,20,30-40,potential_label,0.4,183,149,0,0,34
61475eca-2e0d-5ab9-9733-665aa35a358a,scene-0003,static,20,30-40,potential_label,0.8,183,182,1,1,1
61475eca-2e0d-5ab9-9733-665aa35a358a,scene-0003,static,20,30-40,potential_label,1.2,183,183,10,10,0
61475eca-2e0d-5ab9-9733-665aa35a358a,scene-0003,static,20,30-40,nontraversable_label,0.4,1542,1070,27,25,470
61475eca-2e0d-5ab9-9733-665aa35a358a,scene-0003,static,20,30-40,nontraversable_label,0.8,1542,1478,133,133,64
61475eca-2e0d-5ab9-9733-665aa35a358a,scene-0003,static,20,30-40,nontraversable_label,1.2,1542,1535,290,290,7
61475eca-2e0d-5ab9-9733-665aa35a358a,scene-0003,static,20,30-40,near_ground_geometry,0.4,100,61,0,0,39
61475eca-2e0d-5ab9-9733-665aa35a358a,scene-0003,static,20,30-40,near_ground_geometry,0.8,100,92,0,0,8
61475eca-2e0d-5ab9-9733-665aa35a358a,scene-0003,static,20,30-40,near_ground_geometry,1.2,100,100,0,0,0
61475eca-2e0d-5ab9-9733-665aa35a358a,scene-0003,aligned,10,2-10,traversable_label,0.4,119,111,6,6,8
61475eca-2e0d-5ab9-9733-665aa35a358a,scene-0003,aligned,10,2-10,traversable_label,0.8,119,118,23,23,1
61475eca-2e0d-5ab9-9733-665aa35a358a,scene-0003,aligned,10,2-10,traversable_label,1.2,119,119,36,36,0
61475eca-2e0d-5ab9-9733-665aa35a358a,scene-0003,aligned,10,2-10,potential_label,0.4,927,904,8,8,23
61475eca-2e0d-5ab9-9733-665aa35a358a,scene-0003,aligned,10,2-10,potential_label,0.8,927,926,69,69,1
61475eca-2e0d-5ab9-9733-665aa35a358a,scene-0003,aligned,10,2-10,potential_label,1.2,927,927,179,179,0
61475eca-2e0d-5ab9-9733-665aa35a358a,scene-0003,aligned,10,2-10,nontraversable_label,0.4,1887,1797,90,90,90
61475eca-2e0d-5ab9-9733-665aa35a358a,scene-0003,aligned,10,2-10,nontraversable_label,0.8,1887,1881,521,520,5
61475eca-2e0d-5ab9-9733-665aa35a358a,scene-0003,aligned,10,2-10,nontraversable_label,1.2,1887,1887,1002,1002,0
61475eca-2e0d-5ab9-9733-665aa35a358a,scene-0003,aligned,10,2-10,near_ground_geometry,0.4,190,190,1,1,0
61475eca-2e0d-5ab9-9733-665aa35a358a,scene-0003,aligned,10,2-10,near_ground_geometry,0.8,190,190,15,15,0
61475eca-2e0d-5ab9-9733-665aa35a358a,scene-0003,aligned,10,2-10,near_ground_geometry,1.2,190,190,39,39,0
61475eca-2e0d-5ab9-9733-665aa35a358a,scene-0003,aligned,10,2-10,raised_geometry,0.4,53,35,8,8,18
61475eca-2e0d-5ab9-9733-665aa35a358a,scene-0003,aligned,10,2-10,raised_geometry,0.8,53,51,28,28,2
61475eca-2e0d-5ab9-9733-665aa35a358a,scene-0003,aligned,10,2-10,raised_geometry,1.2,53,53,37,37,0
61475eca-2e0d-5ab9-9733-665aa35a358a,scene-0003,aligned,10,10-20,traversable_label,0.4,158,148,0,0,10
61475eca-2e0d-5ab9-9733-665aa35a358a,scene-0003,aligned,10,10-20,traversable_label,0.8,158,155,0,0,3
61475eca-2e0d-5ab9-9733-665aa35a358a,scene-0003,aligned,10,10-20,traversable_label,1.2,158,158,0,0,0
61475eca-2e0d-5ab9-9733-665aa35a358a,scene-0003,aligned,10,10-20,potential_label,0.4,1189,1164,4,4,25
61475eca-2e0d-5ab9-9733-665aa35a358a,scene-0003,aligned,10,10-20,potential_label,0.8,1189,1189,28,28,0
61475eca-2e0d-5ab9-9733-665aa35a358a,scene-0003,aligned,10,10-20,potential_label,1.2,1189,1189,68,68,0
61475eca-2e0d-5ab9-9733-665aa35a358a,scene-0003,aligned,10,10-20,nontraversable_label,0.4,4365,3985,115,113,378
61475eca-2e0d-5ab9-9733-665aa35a358a,scene-0003,aligned,10,10-20,nontraversable_label,0.8,4365,4339,580,580,26
61475eca-2e0d-5ab9-9733-665aa35a358a,scene-0003,aligned,10,10-20,nontraversable_label,1.2,4365,4361,1151,1151,4
61475eca-2e0d-5ab9-9733-665aa35a358a,scene-0003,aligned,10,10-20,near_ground_geometry,0.4,302,297,0,0,5
61475eca-2e0d-5ab9-9733-665aa35a358a,scene-0003,aligned,10,10-20,near_ground_geometry,0.8,302,302,0,0,0
61475eca-2e0d-5ab9-9733-665aa35a358a,scene-0003,aligned,10,10-20,near_ground_geometry,1.2,302,302,0,0,0
61475eca-2e0d-5ab9-9733-665aa35a358a,scene-0003,aligned,10,10-20,raised_geometry,0.4,26,14,0,0,12
61475eca-2e0d-5ab9-9733-665aa35a358a,scene-0003,aligned,10,10-20,raised_geometry,0.8,26,23,0,0,3
61475eca-2e0d-5ab9-9733-665aa35a358a,scene-0003,aligned,10,10-20,raised_geometry,1.2,26,26,0,0,0
61475eca-2e0d-5ab9-9733-665aa35a358a,scene-0003,aligned,10,20-30,traversable_label,0.4,68,47,0,0,21
61475eca-2e0d-5ab9-9733-665aa35a358a,scene-0003,aligned,10,20-30,traversable_label,0.8,68,64,0,0,4
61475eca-2e0d-5ab9-9733-665aa35a358a,scene-0003,aligned,10,20-30,traversable_label,1.2,68,68,0,0,0
61475eca-2e0d-5ab9-9733-665aa35a358a,scene-0003,aligned,10,20-30,potential_label,0.4,647,572,0,0,75
61475eca-2e0d-5ab9-9733-665aa35a358a,scene-0003,aligned,10,20-30,potential_label,0.8,647,644,1,1,3
61475eca-2e0d-5ab9-9733-665aa35a358a,scene-0003,aligned,10,20-30,potential_label,1.2,647,647,23,23,0
61475eca-2e0d-5ab9-9733-665aa35a358a,scene-0003,aligned,10,20-30,nontraversable_label,0.4,2950,2485,76,73,462
61475eca-2e0d-5ab9-9733-665aa35a358a,scene-0003,aligned,10,20-30,nontraversable_label,0.8,2950,2877,488,486,71
61475eca-2e0d-5ab9-9733-665aa35a358a,scene-0003,aligned,10,20-30,nontraversable_label,1.2,2950,2917,1040,1040,33
61475eca-2e0d-5ab9-9733-665aa35a358a,scene-0003,aligned,10,20-30,near_ground_geometry,0.4,165,120,0,0,45
61475eca-2e0d-5ab9-9733-665aa35a358a,scene-0003,aligned,10,20-30,near_ground_geometry,0.8,165,158,0,0,7
61475eca-2e0d-5ab9-9733-665aa35a358a,scene-0003,aligned,10,20-30,near_ground_geometry,1.2,165,165,0,0,0
61475eca-2e0d-5ab9-9733-665aa35a358a,scene-0003,aligned,10,30-40,traversable_label,0.4,39,27,0,0,12
61475eca-2e0d-5ab9-9733-665aa35a358a,scene-0003,aligned,10,30-40,traversable_label,0.8,39,36,0,0,3
61475eca-2e0d-5ab9-9733-665aa35a358a,scene-0003,aligned,10,30-40,traversable_label,1.2,39,39,0,0,0
61475eca-2e0d-5ab9-9733-665aa35a358a,scene-0003,aligned,10,30-40,potential_label,0.4,183,149,0,0,34
61475eca-2e0d-5ab9-9733-665aa35a358a,scene-0003,aligned,10,30-40,potential_label,0.8,183,182,1,1,1
61475eca-2e0d-5ab9-9733-665aa35a358a,scene-0003,aligned,10,30-40,potential_label,1.2,183,183,10,10,0
61475eca-2e0d-5ab9-9733-665aa35a358a,scene-0003,aligned,10,30-40,nontraversable_label,0.4,1542,1070,27,25,470
61475eca-2e0d-5ab9-9733-665aa35a358a,scene-0003,aligned,10,30-40,nontraversable_label,0.8,1542,1478,132,132,64
61475eca-2e0d-5ab9-9733-665aa35a358a,scene-0003,aligned,10,30-40,nontraversable_label,1.2,1542,1535,290,290,7
61475eca-2e0d-5ab9-9733-665aa35a358a,scene-0003,aligned,10,30-40,near_ground_geometry,0.4,100,61,0,0,39
61475eca-2e0d-5ab9-9733-665aa35a358a,scene-0003,aligned,10,30-40,near_ground_geometry,0.8,100,92,0,0,8
61475eca-2e0d-5ab9-9733-665aa35a358a,scene-0003,aligned,10,30-40,near_ground_geometry,1.2,100,100,0,0,0
61475eca-2e0d-5ab9-9733-665aa35a358a,scene-0003,aligned,20,2-10,traversable_label,0.4,174,166,6,6,8
61475eca-2e0d-5ab9-9733-665aa35a358a,scene-0003,aligned,20,2-10,traversable_label,0.8,174,173,23,23,1
61475eca-2e0d-5ab9-9733-665aa35a358a,scene-0003,aligned,20,2-10,traversable_label,1.2,174,174,36,36,0
61475eca-2e0d-5ab9-9733-665aa35a358a,scene-0003,aligned,20,2-10,potential_label,0.4,1282,1258,18,18,24
61475eca-2e0d-5ab9-9733-665aa35a358a,scene-0003,aligned,20,2-10,potential_label,0.8,1282,1281,97,97,1
61475eca-2e0d-5ab9-9733-665aa35a358a,scene-0003,aligned,20,2-10,potential_label,1.2,1282,1282,250,250,0
61475eca-2e0d-5ab9-9733-665aa35a358a,scene-0003,aligned,20,2-10,nontraversable_label,0.4,2138,2016,94,94,122
61475eca-2e0d-5ab9-9733-665aa35a358a,scene-0003,aligned,20,2-10,nontraversable_label,0.8,2138,2129,555,554,8
61475eca-2e0d-5ab9-9733-665aa35a358a,scene-0003,aligned,20,2-10,nontraversable_label,1.2,2138,2138,1104,1104,0
61475eca-2e0d-5ab9-9733-665aa35a358a,scene-0003,aligned,20,2-10,near_ground_geometry,0.4,342,342,1,1,0
61475eca-2e0d-5ab9-9733-665aa35a358a,scene-0003,aligned,20,2-10,near_ground_geometry,0.8,342,342,15,15,0
61475eca-2e0d-5ab9-9733-665aa35a358a,scene-0003,aligned,20,2-10,near_ground_geometry,1.2,342,342,39,39,0
61475eca-2e0d-5ab9-9733-665aa35a358a,scene-0003,aligned,20,2-10,raised_geometry,0.4,53,35,8,8,18
61475eca-2e0d-5ab9-9733-665aa35a358a,scene-0003,aligned,20,2-10,raised_geometry,0.8,53,51,28,28,2
61475eca-2e0d-5ab9-9733-665aa35a358a,scene-0003,aligned,20,2-10,raised_geometry,1.2,53,53,37,37,0
61475eca-2e0d-5ab9-9733-665aa35a358a,scene-0003,aligned,20,10-20,traversable_label,0.4,158,148,0,0,10
61475eca-2e0d-5ab9-9733-665aa35a358a,scene-0003,aligned,20,10-20,traversable_label,0.8,158,155,0,0,3
61475eca-2e0d-5ab9-9733-665aa35a358a,scene-0003,aligned,20,10-20,traversable_label,1.2,158,158,0,0,0
61475eca-2e0d-5ab9-9733-665aa35a358a,scene-0003,aligned,20,10-20,potential_label,0.4,1189,1164,4,4,25
61475eca-2e0d-5ab9-9733-665aa35a358a,scene-0003,aligned,20,10-20,potential_label,0.8,1189,1189,28,28,0
61475eca-2e0d-5ab9-9733-665aa35a358a,scene-0003,aligned,20,10-20,potential_label,1.2,1189,1189,68,68,0
61475eca-2e0d-5ab9-9733-665aa35a358a,scene-0003,aligned,20,10-20,nontraversable_label,0.4,5436,4897,118,116,537
61475eca-2e0d-5ab9-9733-665aa35a358a,scene-0003,aligned,20,10-20,nontraversable_label,0.8,5436,5397,595,595,39
61475eca-2e0d-5ab9-9733-665aa35a358a,scene-0003,aligned,20,10-20,nontraversable_label,1.2,5436,5427,1228,1228,9
61475eca-2e0d-5ab9-9733-665aa35a358a,scene-0003,aligned,20,10-20,near_ground_geometry,0.4,302,297,0,0,5
61475eca-2e0d-5ab9-9733-665aa35a358a,scene-0003,aligned,20,10-20,near_ground_geometry,0.8,302,302,0,0,0
61475eca-2e0d-5ab9-9733-665aa35a358a,scene-0003,aligned,20,10-20,near_ground_geometry,1.2,302,302,0,0,0
61475eca-2e0d-5ab9-9733-665aa35a358a,scene-0003,aligned,20,10-20,raised_geometry,0.4,26,14,0,0,12
61475eca-2e0d-5ab9-9733-665aa35a358a,scene-0003,aligned,20,10-20,raised_geometry,0.8,26,23,0,0,3
61475eca-2e0d-5ab9-9733-665aa35a358a,scene-0003,aligned,20,10-20,raised_geometry,1.2,26,26,0,0,0
61475eca-2e0d-5ab9-9733-665aa35a358a,scene-0003,aligned,20,20-30,traversable_label,0.4,68,47,0,0,21
61475eca-2e0d-5ab9-9733-665aa35a358a,scene-0003,aligned,20,20-30,traversable_label,0.8,68,64,0,0,4
61475eca-2e0d-5ab9-9733-665aa35a358a,scene-0003,aligned,20,20-30,traversable_label,1.2,68,68,0,0,0
61475eca-2e0d-5ab9-9733-665aa35a358a,scene-0003,aligned,20,20-30,potential_label,0.4,647,572,0,0,75
61475eca-2e0d-5ab9-9733-665aa35a358a,scene-0003,aligned,20,20-30,potential_label,0.8,647,644,1,1,3
61475eca-2e0d-5ab9-9733-665aa35a358a,scene-0003,aligned,20,20-30,potential_label,1.2,647,647,23,23,0
61475eca-2e0d-5ab9-9733-665aa35a358a,scene-0003,aligned,20,20-30,nontraversable_label,0.4,3099,2581,76,73,515
61475eca-2e0d-5ab9-9733-665aa35a358a,scene-0003,aligned,20,20-30,nontraversable_label,0.8,3099,3008,489,487,89
61475eca-2e0d-5ab9-9733-665aa35a358a,scene-0003,aligned,20,20-30,nontraversable_label,1.2,3099,3065,1046,1046,34
61475eca-2e0d-5ab9-9733-665aa35a358a,scene-0003,aligned,20,20-30,near_ground_geometry,0.4,165,120,0,0,45
61475eca-2e0d-5ab9-9733-665aa35a358a,scene-0003,aligned,20,20-30,near_ground_geometry,0.8,165,158,0,0,7
61475eca-2e0d-5ab9-9733-665aa35a358a,scene-0003,aligned,20,20-30,near_ground_geometry,1.2,165,165,0,0,0
61475eca-2e0d-5ab9-9733-665aa35a358a,scene-0003,aligned,20,30-40,traversable_label,0.4,39,27,0,0,12
61475eca-2e0d-5ab9-9733-665aa35a358a,scene-0003,aligned,20,30-40,traversable_label,0.8,39,36,0,0,3
61475eca-2e0d-5ab9-9733-665aa35a358a,scene-0003,aligned,20,30-40,traversable_label,1.2,39,39,0,0,0
61475eca-2e0d-5ab9-9733-665aa35a358a,scene-0003,aligned,20,30-40,potential_label,0.4,183,149,0,0,34
61475eca-2e0d-5ab9-9733-665aa35a358a,scene-0003,aligned,20,30-40,potential_label,0.8,183,182,1,1,1
61475eca-2e0d-5ab9-9733-665aa35a358a,scene-0003,aligned,20,30-40,potential_label,1.2,183,183,10,10,0
61475eca-2e0d-5ab9-9733-665aa35a358a,scene-0003,aligned,20,30-40,nontraversable_label,0.4,1542,1070,27,25,470
61475eca-2e0d-5ab9-9733-665aa35a358a,scene-0003,aligned,20,30-40,nontraversable_label,0.8,1542,1478,132,132,64
61475eca-2e0d-5ab9-9733-665aa35a358a,scene-0003,aligned,20,30-40,nontraversable_label,1.2,1542,1535,290,290,7
61475eca-2e0d-5ab9-9733-665aa35a358a,scene-0003,aligned,20,30-40,near_ground_geometry,0.4,100,61,0,0,39
61475eca-2e0d-5ab9-9733-665aa35a358a,scene-0003,aligned,20,30-40,near_ground_geometry,0.8,100,92,0,0,8
61475eca-2e0d-5ab9-9733-665aa35a358a,scene-0003,aligned,20,30-40,near_ground_geometry,1.2,100,100,0,0,0
61475eca-2e0d-5ab9-9733-665aa35a358a,scene-0003,ros_origin,10,2-10,traversable_label,0.4,119,111,7,7,8
61475eca-2e0d-5ab9-9733-665aa35a358a,scene-0003,ros_origin,10,2-10,traversable_label,0.8,119,118,28,28,1
61475eca-2e0d-5ab9-9733-665aa35a358a,scene-0003,ros_origin,10,2-10,traversable_label,1.2,119,119,38,38,0
61475eca-2e0d-5ab9-9733-665aa35a358a,scene-0003,ros_origin,10,2-10,potential_label,0.4,927,904,7,7,23
61475eca-2e0d-5ab9-9733-665aa35a358a,scene-0003,ros_origin,10,2-10,potential_label,0.8,927,926,76,76,1
61475eca-2e0d-5ab9-9733-665aa35a358a,scene-0003,ros_origin,10,2-10,potential_label,1.2,927,927,225,225,0
61475eca-2e0d-5ab9-9733-665aa35a358a,scene-0003,ros_origin,10,2-10,nontraversable_label,0.4,1887,1797,114,114,90
61475eca-2e0d-5ab9-9733-665aa35a358a,scene-0003,ros_origin,10,2-10,nontraversable_label,0.8,1887,1881,520,520,6
61475eca-2e0d-5ab9-9733-665aa35a358a,scene-0003,ros_origin,10,2-10,nontraversable_label,1.2,1887,1887,953,953,0
61475eca-2e0d-5ab9-9733-665aa35a358a,scene-0003,ros_origin,10,2-10,near_ground_geometry,0.4,190,190,6,6,0
61475eca-2e0d-5ab9-9733-665aa35a358a,scene-0003,ros_origin,10,2-10,near_ground_geometry,0.8,190,190,23,23,0
61475eca-2e0d-5ab9-9733-665aa35a358a,scene-0003,ros_origin,10,2-10,near_ground_geometry,1.2,190,190,48,48,0
61475eca-2e0d-5ab9-9733-665aa35a358a,scene-0003,ros_origin,10,2-10,raised_geometry,0.4,53,35,6,6,18
61475eca-2e0d-5ab9-9733-665aa35a358a,scene-0003,ros_origin,10,2-10,raised_geometry,0.8,53,51,29,29,2
61475eca-2e0d-5ab9-9733-665aa35a358a,scene-0003,ros_origin,10,2-10,raised_geometry,1.2,53,53,40,40,0
61475eca-2e0d-5ab9-9733-665aa35a358a,scene-0003,ros_origin,10,10-20,traversable_label,0.4,158,148,0,0,10
61475eca-2e0d-5ab9-9733-665aa35a358a,scene-0003,ros_origin,10,10-20,traversable_label,0.8,158,155,0,0,3
61475eca-2e0d-5ab9-9733-665aa35a358a,scene-0003,ros_origin,10,10-20,traversable_label,1.2,158,158,0,0,0
61475eca-2e0d-5ab9-9733-665aa35a358a,scene-0003,ros_origin,10,10-20,potential_label,0.4,1189,1164,4,4,25
61475eca-2e0d-5ab9-9733-665aa35a358a,scene-0003,ros_origin,10,10-20,potential_label,0.8,1189,1189,33,33,0
61475eca-2e0d-5ab9-9733-665aa35a358a,scene-0003,ros_origin,10,10-20,potential_label,1.2,1189,1189,87,87,0
61475eca-2e0d-5ab9-9733-665aa35a358a,scene-0003,ros_origin,10,10-20,nontraversable_label,0.4,4365,3985,100,98,378
61475eca-2e0d-5ab9-9733-665aa35a358a,scene-0003,ros_origin,10,10-20,nontraversable_label,0.8,4365,4339,542,542,26
61475eca-2e0d-5ab9-9733-665aa35a358a,scene-0003,ros_origin,10,10-20,nontraversable_label,1.2,4365,4361,1121,1121,4
61475eca-2e0d-5ab9-9733-665aa35a358a,scene-0003,ros_origin,10,10-20,near_ground_geometry,0.4,302,297,0,0,5
61475eca-2e0d-5ab9-9733-665aa35a358a,scene-0003,ros_origin,10,10-20,near_ground_geometry,0.8,302,302,0,0,0
61475eca-2e0d-5ab9-9733-665aa35a358a,scene-0003,ros_origin,10,10-20,near_ground_geometry,1.2,302,302,1,1,0
61475eca-2e0d-5ab9-9733-665aa35a358a,scene-0003,ros_origin,10,10-20,raised_geometry,0.4,26,14,0,0,12
61475eca-2e0d-5ab9-9733-665aa35a358a,scene-0003,ros_origin,10,10-20,raised_geometry,0.8,26,23,0,0,3
61475eca-2e0d-5ab9-9733-665aa35a358a,scene-0003,ros_origin,10,10-20,raised_geometry,1.2,26,26,0,0,0
61475eca-2e0d-5ab9-9733-665aa35a358a,scene-0003,ros_origin,10,20-30,traversable_label,0.4,68,47,0,0,21
61475eca-2e0d-5ab9-9733-665aa35a358a,scene-0003,ros_origin,10,20-30,traversable_label,0.8,68,64,0,0,4
61475eca-2e0d-5ab9-9733-665aa35a358a,scene-0003,ros_origin,10,20-30,traversable_label,1.2,68,68,0,0,0
61475eca-2e0d-5ab9-9733-665aa35a358a,scene-0003,ros_origin,10,20-30,potential_label,0.4,647,572,0,0,75
61475eca-2e0d-5ab9-9733-665aa35a358a,scene-0003,ros_origin,10,20-30,potential_label,0.8,647,644,5,5,3
61475eca-2e0d-5ab9-9733-665aa35a358a,scene-0003,ros_origin,10,20-30,potential_label,1.2,647,647,28,28,0
61475eca-2e0d-5ab9-9733-665aa35a358a,scene-0003,ros_origin,10,20-30,nontraversable_label,0.4,2950,2485,97,92,460
61475eca-2e0d-5ab9-9733-665aa35a358a,scene-0003,ros_origin,10,20-30,nontraversable_label,0.8,2950,2877,504,498,67
61475eca-2e0d-5ab9-9733-665aa35a358a,scene-0003,ros_origin,10,20-30,nontraversable_label,1.2,2950,2917,1041,1041,33
61475eca-2e0d-5ab9-9733-665aa35a358a,scene-0003,ros_origin,10,20-30,near_ground_geometry,0.4,165,120,0,0,45
61475eca-2e0d-5ab9-9733-665aa35a358a,scene-0003,ros_origin,10,20-30,near_ground_geometry,0.8,165,158,0,0,7
61475eca-2e0d-5ab9-9733-665aa35a358a,scene-0003,ros_origin,10,20-30,near_ground_geometry,1.2,165,165,0,0,0
61475eca-2e0d-5ab9-9733-665aa35a358a,scene-0003,ros_origin,10,30-40,traversable_label,0.4,39,27,0,0,12
61475eca-2e0d-5ab9-9733-665aa35a358a,scene-0003,ros_origin,10,30-40,traversable_label,0.8,39,36,0,0,3
61475eca-2e0d-5ab9-9733-665aa35a358a,scene-0003,ros_origin,10,30-40,traversable_label,1.2,39,39,0,0,0
61475eca-2e0d-5ab9-9733-665aa35a358a,scene-0003,ros_origin,10,30-40,potential_label,0.4,183,149,0,0,34
61475eca-2e0d-5ab9-9733-665aa35a358a,scene-0003,ros_origin,10,30-40,potential_label,0.8,183,182,2,2,1
61475eca-2e0d-5ab9-9733-665aa35a358a,scene-0003,ros_origin,10,30-40,potential_label,1.2,183,183,4,4,0
61475eca-2e0d-5ab9-9733-665aa35a358a,scene-0003,ros_origin,10,30-40,nontraversable_label,0.4,1542,1070,28,27,471
61475eca-2e0d-5ab9-9733-665aa35a358a,scene-0003,ros_origin,10,30-40,nontraversable_label,0.8,1542,1478,129,129,64
61475eca-2e0d-5ab9-9733-665aa35a358a,scene-0003,ros_origin,10,30-40,nontraversable_label,1.2,1542,1535,309,309,7
61475eca-2e0d-5ab9-9733-665aa35a358a,scene-0003,ros_origin,10,30-40,near_ground_geometry,0.4,100,61,0,0,39
61475eca-2e0d-5ab9-9733-665aa35a358a,scene-0003,ros_origin,10,30-40,near_ground_geometry,0.8,100,92,0,0,8
61475eca-2e0d-5ab9-9733-665aa35a358a,scene-0003,ros_origin,10,30-40,near_ground_geometry,1.2,100,100,0,0,0
61475eca-2e0d-5ab9-9733-665aa35a358a,scene-0003,ros_origin,20,2-10,traversable_label,0.4,174,166,7,7,8
61475eca-2e0d-5ab9-9733-665aa35a358a,scene-0003,ros_origin,20,2-10,traversable_label,0.8,174,173,28,28,1
61475eca-2e0d-5ab9-9733-665aa35a358a,scene-0003,ros_origin,20,2-10,traversable_label,1.2,174,174,38,38,0
61475eca-2e0d-5ab9-9733-665aa35a358a,scene-0003,ros_origin,20,2-10,potential_label,0.4,1282,1258,8,8,24
61475eca-2e0d-5ab9-9733-665aa35a358a,scene-0003,ros_origin,20,2-10,potential_label,0.8,1282,1281,109,109,1
61475eca-2e0d-5ab9-9733-665aa35a358a,scene-0003,ros_origin,20,2-10,potential_label,1.2,1282,1282,310,310,0
61475eca-2e0d-5ab9-9733-665aa35a358a,scene-0003,ros_origin,20,2-10,nontraversable_label,0.4,2138,2016,122,122,122
61475eca-2e0d-5ab9-9733-665aa35a358a,scene-0003,ros_origin,20,2-10,nontraversable_label,0.8,2138,2129,558,558,9
61475eca-2e0d-5ab9-9733-665aa35a358a,scene-0003,ros_origin,20,2-10,nontraversable_label,1.2,2138,2138,1034,1034,0
61475eca-2e0d-5ab9-9733-665aa35a358a,scene-0003,ros_origin,20,2-10,near_ground_geometry,0.4,342,342,6,6,0
61475eca-2e0d-5ab9-9733-665aa35a358a,scene-0003,ros_origin,20,2-10,near_ground_geometry,0.8,342,342,23,23,0
61475eca-2e0d-5ab9-9733-665aa35a358a,scene-0003,ros_origin,20,2-10,near_ground_geometry,1.2,342,342,49,49,0
61475eca-2e0d-5ab9-9733-665aa35a358a,scene-0003,ros_origin,20,2-10,raised_geometry,0.4,53,35,6,6,18
61475eca-2e0d-5ab9-9733-665aa35a358a,scene-0003,ros_origin,20,2-10,raised_geometry,0.8,53,51,29,29,2
61475eca-2e0d-5ab9-9733-665aa35a358a,scene-0003,ros_origin,20,2-10,raised_geometry,1.2,53,53,40,40,0
61475eca-2e0d-5ab9-9733-665aa35a358a,scene-0003,ros_origin,20,10-20,traversable_label,0.4,158,148,0,0,10
61475eca-2e0d-5ab9-9733-665aa35a358a,scene-0003,ros_origin,20,10-20,traversable_label,0.8,158,155,0,0,3
61475eca-2e0d-5ab9-9733-665aa35a358a,scene-0003,ros_origin,20,10-20,traversable_label,1.2,158,158,0,0,0
61475eca-2e0d-5ab9-9733-665aa35a358a,scene-0003,ros_origin,20,10-20,potential_label,0.4,1189,1164,4,4,25
61475eca-2e0d-5ab9-9733-665aa35a358a,scene-0003,ros_origin,20,10-20,potential_label,0.8,1189,1189,33,33,0
61475eca-2e0d-5ab9-9733-665aa35a358a,scene-0003,ros_origin,20,10-20,potential_label,1.2,1189,1189,87,87,0
61475eca-2e0d-5ab9-9733-665aa35a358a,scene-0003,ros_origin,20,10-20,nontraversable_label,0.4,5436,4897,100,98,537
61475eca-2e0d-5ab9-9733-665aa35a358a,scene-0003,ros_origin,20,10-20,nontraversable_label,0.8,5436,5397,548,548,39
61475eca-2e0d-5ab9-9733-665aa35a358a,scene-0003,ros_origin,20,10-20,nontraversable_label,1.2,5436,5427,1145,1145,9
61475eca-2e0d-5ab9-9733-665aa35a358a,scene-0003,ros_origin,20,10-20,near_ground_geometry,0.4,302,297,0,0,5
61475eca-2e0d-5ab9-9733-665aa35a358a,scene-0003,ros_origin,20,10-20,near_ground_geometry,0.8,302,302,0,0,0
61475eca-2e0d-5ab9-9733-665aa35a358a,scene-0003,ros_origin,20,10-20,near_ground_geometry,1.2,302,302,1,1,0
61475eca-2e0d-5ab9-9733-665aa35a358a,scene-0003,ros_origin,20,10-20,raised_geometry,0.4,26,14,0,0,12
61475eca-2e0d-5ab9-9733-665aa35a358a,scene-0003,ros_origin,20,10-20,raised_geometry,0.8,26,23,0,0,3
61475eca-2e0d-5ab9-9733-665aa35a358a,scene-0003,ros_origin,20,10-20,raised_geometry,1.2,26,26,0,0,0
61475eca-2e0d-5ab9-9733-665aa35a358a,scene-0003,ros_origin,20,20-30,traversable_label,0.4,68,47,0,0,21
61475eca-2e0d-5ab9-9733-665aa35a358a,scene-0003,ros_origin,20,20-30,traversable_label,0.8,68,64,0,0,4
61475eca-2e0d-5ab9-9733-665aa35a358a,scene-0003,ros_origin,20,20-30,traversable_label,1.2,68,68,0,0,0
61475eca-2e0d-5ab9-9733-665aa35a358a,scene-0003,ros_origin,20,20-30,potential_label,0.4,647,572,0,0,75
61475eca-2e0d-5ab9-9733-665aa35a358a,scene-0003,ros_origin,20,20-30,potential_label,0.8,647,644,5,5,3
61475eca-2e0d-5ab9-9733-665aa35a358a,scene-0003,ros_origin,20,20-30,potential_label,1.2,647,647,28,28,0
61475eca-2e0d-5ab9-9733-665aa35a358a,scene-0003,ros_origin,20,20-30,nontraversable_label,0.4,3099,2581,97,92,513
61475eca-2e0d-5ab9-9733-665aa35a358a,scene-0003,ros_origin,20,20-30,nontraversable_label,0.8,3099,3008,504,498,85
61475eca-2e0d-5ab9-9733-665aa35a358a,scene-0003,ros_origin,20,20-30,nontraversable_label,1.2,3099,3065,1041,1041,34
61475eca-2e0d-5ab9-9733-665aa35a358a,scene-0003,ros_origin,20,20-30,near_ground_geometry,0.4,165,120,0,0,45
61475eca-2e0d-5ab9-9733-665aa35a358a,scene-0003,ros_origin,20,20-30,near_ground_geometry,0.8,165,158,0,0,7
61475eca-2e0d-5ab9-9733-665aa35a358a,scene-0003,ros_origin,20,20-30,near_ground_geometry,1.2,165,165,0,0,0
61475eca-2e0d-5ab9-9733-665aa35a358a,scene-0003,ros_origin,20,30-40,traversable_label,0.4,39,27,0,0,12
61475eca-2e0d-5ab9-9733-665aa35a358a,scene-0003,ros_origin,20,30-40,traversable_label,0.8,39,36,0,0,3
61475eca-2e0d-5ab9-9733-665aa35a358a,scene-0003,ros_origin,20,30-40,traversable_label,1.2,39,39,0,0,0
61475eca-2e0d-5ab9-9733-665aa35a358a,scene-0003,ros_origin,20,30-40,potential_label,0.4,183,149,0,0,34
61475eca-2e0d-5ab9-9733-665aa35a358a,scene-0003,ros_origin,20,30-40,potential_label,0.8,183,182,2,2,1
61475eca-2e0d-5ab9-9733-665aa35a358a,scene-0003,ros_origin,20,30-40,potential_label,1.2,183,183,4,4,0
61475eca-2e0d-5ab9-9733-665aa35a358a,scene-0003,ros_origin,20,30-40,nontraversable_label,0.4,1542,1070,28,27,471
61475eca-2e0d-5ab9-9733-665aa35a358a,scene-0003,ros_origin,20,30-40,nontraversable_label,0.8,1542,1478,129,129,64
61475eca-2e0d-5ab9-9733-665aa35a358a,scene-0003,ros_origin,20,30-40,nontraversable_label,1.2,1542,1535,309,309,7
61475eca-2e0d-5ab9-9733-665aa35a358a,scene-0003,ros_origin,20,30-40,near_ground_geometry,0.4,100,61,0,0,39
61475eca-2e0d-5ab9-9733-665aa35a358a,scene-0003,ros_origin,20,30-40,near_ground_geometry,0.8,100,92,0,0,8
61475eca-2e0d-5ab9-9733-665aa35a358a,scene-0003,ros_origin,20,30-40,near_ground_geometry,1.2,100,100,0,0,0
54411744-ed31-52aa-a7f5-4d2f6de5baf1,scene-0003,static,10,2-10,traversable_label,0.4,63,62,1,1,1
54411744-ed31-52aa-a7f5-4d2f6de5baf1,scene-0003,static,10,2-10,traversable_label,0.8,63,63,10,10,0
54411744-ed31-52aa-a7f5-4d2f6de5baf1,scene-0003,static,10,2-10,traversable_label,1.2,63,63,18,18,0
54411744-ed31-52aa-a7f5-4d2f6de5baf1,scene-0003,static,10,2-10,potential_label,0.4,813,794,12,12,19
54411744-ed31-52aa-a7f5-4d2f6de5baf1,scene-0003,static,10,2-10,potential_label,0.8,813,813,85,85,0
54411744-ed31-52aa-a7f5-4d2f6de5baf1,scene-0003,static,10,2-10,potential_label,1.2,813,813,218,218,0
54411744-ed31-52aa-a7f5-4d2f6de5baf1,scene-0003,static,10,2-10,nontraversable_label,0.4,1982,1889,89,88,92
54411744-ed31-52aa-a7f5-4d2f6de5baf1,scene-0003,static,10,2-10,nontraversable_label,0.8,1982,1968,490,490,14
54411744-ed31-52aa-a7f5-4d2f6de5baf1,scene-0003,static,10,2-10,nontraversable_label,1.2,1982,1977,896,896,5
54411744-ed31-52aa-a7f5-4d2f6de5baf1,scene-0003,static,10,2-10,near_ground_geometry,0.4,177,177,3,3,0
54411744-ed31-52aa-a7f5-4d2f6de5baf1,scene-0003,static,10,2-10,near_ground_geometry,0.8,177,177,19,19,0
54411744-ed31-52aa-a7f5-4d2f6de5baf1,scene-0003,static,10,2-10,near_ground_geometry,1.2,177,177,36,36,0
54411744-ed31-52aa-a7f5-4d2f6de5baf1,scene-0003,static,10,2-10,raised_geometry,0.4,32,15,4,4,17
54411744-ed31-52aa-a7f5-4d2f6de5baf1,scene-0003,static,10,2-10,raised_geometry,0.8,32,28,18,18,4
54411744-ed31-52aa-a7f5-4d2f6de5baf1,scene-0003,static,10,2-10,raised_geometry,1.2,32,32,31,31,0
54411744-ed31-52aa-a7f5-4d2f6de5baf1,scene-0003,static,10,10-20,traversable_label,0.4,181,168,0,0,13
54411744-ed31-52aa-a7f5-4d2f6de5baf1,scene-0003,static,10,10-20,traversable_label,0.8,181,179,0,0,2
54411744-ed31-52aa-a7f5-4d2f6de5baf1,scene-0003,static,10,10-20,traversable_label,1.2,181,181,0,0,0
54411744-ed31-52aa-a7f5-4d2f6de5baf1,scene-0003,static,10,10-20,potential_label,0.4,999,965,3,3,34
54411744-ed31-52aa-a7f5-4d2f6de5baf1,scene-0003,static,10,10-20,potential_label,0.8,999,998,44,44,1
54411744-ed31-52aa-a7f5-4d2f6de5baf1,scene-0003,static,10,10-20,potential_label,1.2,999,999,117,117,0
54411744-ed31-52aa-a7f5-4d2f6de5baf1,scene-0003,static,10,10-20,nontraversable_label,0.4,4494,3972,116,114,520
54411744-ed31-52aa-a7f5-4d2f6de5baf1,scene-0003,static,10,10-20,nontraversable_label,0.8,4494,4467,576,576,27
54411744-ed31-52aa-a7f5-4d2f6de5baf1,scene-0003,static,10,10-20,nontraversable_label,1.2,4494,4491,1084,1084,3
54411744-ed31-52aa-a7f5-4d2f6de5baf1,scene-0003,static,10,10-20,near_ground_geometry,0.4,393,382,0,0,11
54411744-ed31-52aa-a7f5-4d2f6de5baf1,scene-0003,static,10,10-20,near_ground_geometry,0.8,393,393,1,1,0
54411744-ed31-52aa-a7f5-4d2f6de5baf1,scene-0003,static,10,10-20,near_ground_geometry,1.2,393,393,6,6,0
54411744-ed31-52aa-a7f5-4d2f6de5baf1,scene-0003,static,10,10-20,raised_geometry,0.4,32,21,0,0,11
54411744-ed31-52aa-a7f5-4d2f6de5baf1,scene-0003,static,10,10-20,raised_geometry,0.8,32,29,0,0,3
54411744-ed31-52aa-a7f5-4d2f6de5baf1,scene-0003,static,10,10-20,raised_geometry,1.2,32,32,0,0,0
54411744-ed31-52aa-a7f5-4d2f6de5baf1,scene-0003,static,10,20-30,traversable_label,0.4,76,51,0,0,25
54411744-ed31-52aa-a7f5-4d2f6de5baf1,scene-0003,static,10,20-30,traversable_label,0.8,76,74,0,0,2
54411744-ed31-52aa-a7f5-4d2f6de5baf1,scene-0003,static,10,20-30,traversable_label,1.2,76,76,0,0,0
54411744-ed31-52aa-a7f5-4d2f6de5baf1,scene-0003,static,10,20-30,potential_label,0.4,452,350,0,0,102
54411744-ed31-52aa-a7f5-4d2f6de5baf1,scene-0003,static,10,20-30,potential_label,0.8,452,450,1,1,2
54411744-ed31-52aa-a7f5-4d2f6de5baf1,scene-0003,static,10,20-30,potential_label,1.2,452,452,13,13,0
54411744-ed31-52aa-a7f5-4d2f6de5baf1,scene-0003,static,10,20-30,nontraversable_label,0.4,3375,2718,83,78,652
54411744-ed31-52aa-a7f5-4d2f6de5baf1,scene-0003,static,10,20-30,nontraversable_label,0.8,3375,3301,452,452,74
54411744-ed31-52aa-a7f5-4d2f6de5baf1,scene-0003,static,10,20-30,nontraversable_label,1.2,3375,3355,991,991,20
54411744-ed31-52aa-a7f5-4d2f6de5baf1,scene-0003,static,10,20-30,near_ground_geometry,0.4,193,138,0,0,55
54411744-ed31-52aa-a7f5-4d2f6de5baf1,scene-0003,static,10,20-30,near_ground_geometry,0.8,193,190,0,0,3
54411744-ed31-52aa-a7f5-4d2f6de5baf1,scene-0003,static,10,20-30,near_ground_geometry,1.2,193,193,0,0,0
54411744-ed31-52aa-a7f5-4d2f6de5baf1,scene-0003,static,10,30-40,potential_label,0.4,80,31,0,0,49
54411744-ed31-52aa-a7f5-4d2f6de5baf1,scene-0003,static,10,30-40,potential_label,0.8,80,80,0,0,0
54411744-ed31-52aa-a7f5-4d2f6de5baf1,scene-0003,static,10,30-40,potential_label,1.2,80,80,3,3,0
54411744-ed31-52aa-a7f5-4d2f6de5baf1,scene-0003,static,10,30-40,nontraversable_label,0.4,2669,1640,46,37,1020
54411744-ed31-52aa-a7f5-4d2f6de5baf1,scene-0003,static,10,30-40,nontraversable_label,0.8,2669,2469,237,231,194
54411744-ed31-52aa-a7f5-4d2f6de5baf1,scene-0003,static,10,30-40,nontraversable_label,1.2,2669,2599,509,507,68
54411744-ed31-52aa-a7f5-4d2f6de5baf1,scene-0003,static,10,30-40,near_ground_geometry,0.4,5,2,0,0,3
54411744-ed31-52aa-a7f5-4d2f6de5baf1,scene-0003,static,10,30-40,near_ground_geometry,0.8,5,5,0,0,0
54411744-ed31-52aa-a7f5-4d2f6de5baf1,scene-0003,static,10,30-40,near_ground_geometry,1.2,5,5,0,0,0
54411744-ed31-52aa-a7f5-4d2f6de5baf1,scene-0003,static,20,2-10,traversable_label,0.4,136,135,1,1,1
54411744-ed31-52aa-a7f5-4d2f6de5baf1,scene-0003,static,20,2-10,traversable_label,0.8,136,136,10,10,0
54411744-ed31-52aa-a7f5-4d2f6de5baf1,scene-0003,static,20,2-10,traversable_label,1.2,136,136,18,18,0
54411744-ed31-52aa-a7f5-4d2f6de5baf1,scene-0003,static,20,2-10,potential_label,0.4,1269,1250,26,26,19
54411744-ed31-52aa-a7f5-4d2f6de5baf1,scene-0003,static,20,2-10,potential_label,0.8,1269,1269,156,156,0
54411744-ed31-52aa-a7f5-4d2f6de5baf1,scene-0003,static,20,2-10,potential_label,1.2,1269,1269,382,382,0
54411744-ed31-52aa-a7f5-4d2f6de5baf1,scene-0003,static,20,2-10,nontraversable_label,0.4,2265,2136,93,92,128
54411744-ed31-52aa-a7f5-4d2f6de5baf1,scene-0003,static,20,2-10,nontraversable_label,0.8,2265,2249,517,517,16
54411744-ed31-52aa-a7f5-4d2f6de5baf1,scene-0003,static,20,2-10,nontraversable_label,1.2,2265,2260,956,956,5
54411744-ed31-52aa-a7f5-4d2f6de5baf1,scene-0003,static,20,2-10,near_ground_geometry,0.4,372,372,3,3,0
54411744-ed31-52aa-a7f5-4d2f6de5baf1,scene-0003,static,20,2-10,near_ground_geometry,0.8,372,372,19,19,0
54411744-ed31-52aa-a7f5-4d2f6de5baf1,scene-0003,static,20,2-10,near_ground_geometry,1.2,372,372,38,38,0
54411744-ed31-52aa-a7f5-4d2f6de5baf1,scene-0003,static,20,2-10,raised_geometry,0.4,32,15,4,4,17
54411744-ed31-52aa-a7f5-4d2f6de5baf1,scene-0003,static,20,2-10,raised_geometry,0.8,32,28,18,18,4
54411744-ed31-52aa-a7f5-4d2f6de5baf1,scene-0003,static,20,2-10,raised_geometry,1.2,32,32,31,31,0
54411744-ed31-52aa-a7f5-4d2f6de5baf1,scene-0003,static,20,10-20,traversable_label,0.4,181,168,0,0,13
54411744-ed31-52aa-a7f5-4d2f6de5baf1,scene-0003,static,20,10-20,traversable_label,0.8,181,179,0,0,2
54411744-ed31-52aa-a7f5-4d2f6de5baf1,scene-0003,static,20,10-20,traversable_label,1.2,181,181,0,0,0
54411744-ed31-52aa-a7f5-4d2f6de5baf1,scene-0003,static,20,10-20,potential_label,0.4,999,965,3,3,34
54411744-ed31-52aa-a7f5-4d2f6de5baf1,scene-0003,static,20,10-20,potential_label,0.8,999,998,44,44,1
54411744-ed31-52aa-a7f5-4d2f6de5baf1,scene-0003,static,20,10-20,potential_label,1.2,999,999,117,117,0
54411744-ed31-52aa-a7f5-4d2f6de5baf1,scene-0003,static,20,10-20,nontraversable_label,0.4,5316,4677,117,115,637
54411744-ed31-52aa-a7f5-4d2f6de5baf1,scene-0003,static,20,10-20,nontraversable_label,0.8,5316,5286,585,585,30
54411744-ed31-52aa-a7f5-4d2f6de5baf1,scene-0003,static,20,10-20,nontraversable_label,1.2,5316,5313,1111,1111,3
54411744-ed31-52aa-a7f5-4d2f6de5baf1,scene-0003,static,20,10-20,near_ground_geometry,0.4,393,382,0,0,11
54411744-ed31-52aa-a7f5-4d2f6de5baf1,scene-0003,static,20,10-20,near_ground_geometry,0.8,393,393,1,1,0
54411744-ed31-52aa-a7f5-4d2f6de5baf1,scene-0003,static,20,10-20,near_ground_geometry,1.2,393,393,6,6,0
54411744-ed31-52aa-a7f5-4d2f6de5baf1,scene-0003,static,20,10-20,raised_geometry,0.4,32,21,0,0,11
54411744-ed31-52aa-a7f5-4d2f6de5baf1,scene-0003,static,20,10-20,raised_geometry,0.8,32,29,0,0,3
54411744-ed31-52aa-a7f5-4d2f6de5baf1,scene-0003,static,20,10-20,raised_geometry,1.2,32,32,0,0,0
54411744-ed31-52aa-a7f5-4d2f6de5baf1,scene-0003,static,20,20-30,traversable_label,0.4,76,51,0,0,25
54411744-ed31-52aa-a7f5-4d2f6de5baf1,scene-0003,static,20,20-30,traversable_label,0.8,76,74,0,0,2
54411744-ed31-52aa-a7f5-4d2f6de5baf1,scene-0003,static,20,20-30,traversable_label,1.2,76,76,0,0,0
54411744-ed31-52aa-a7f5-4d2f6de5baf1,scene-0003,static,20,20-30,potential_label,0.4,452,350,0,0,102
54411744-ed31-52aa-a7f5-4d2f6de5baf1,scene-0003,static,20,20-30,potential_label,0.8,452,450,1,1,2
54411744-ed31-52aa-a7f5-4d2f6de5baf1,scene-0003,static,20,20-30,potential_label,1.2,452,452,13,13,0
54411744-ed31-52aa-a7f5-4d2f6de5baf1,scene-0003,static,20,20-30,nontraversable_label,0.4,3693,2940,115,106,744
54411744-ed31-52aa-a7f5-4d2f6de5baf1,scene-0003,static,20,20-30,nontraversable_label,0.8,3693,3606,543,541,85
54411744-ed31-52aa-a7f5-4d2f6de5baf1,scene-0003,static,20,20-30,nontraversable_label,1.2,3693,3669,1102,1102,24
54411744-ed31-52aa-a7f5-4d2f6de5baf1,scene-0003,static,20,20-30,near_ground_geometry,0.4,193,138,0,0,55
54411744-ed31-52aa-a7f5-4d2f6de5baf1,scene-0003,static,20,20-30,near_ground_geometry,0.8,193,190,0,0,3
54411744-ed31-52aa-a7f5-4d2f6de5baf1,scene-0003,static,20,20-30,near_ground_geometry,1.2,193,193,0,0,0
54411744-ed31-52aa-a7f5-4d2f6de5baf1,scene-0003,static,20,30-40,potential_label,0.4,80,31,0,0,49
54411744-ed31-52aa-a7f5-4d2f6de5baf1,scene-0003,static,20,30-40,potential_label,0.8,80,80,0,0,0
54411744-ed31-52aa-a7f5-4d2f6de5baf1,scene-0003,static,20,30-40,potential_label,1.2,80,80,3,3,0
54411744-ed31-52aa-a7f5-4d2f6de5baf1,scene-0003,static,20,30-40,nontraversable_label,0.4,2669,1640,46,37,1020
54411744-ed31-52aa-a7f5-4d2f6de5baf1,scene-0003,static,20,30-40,nontraversable_label,0.8,2669,2469,237,231,194
54411744-ed31-52aa-a7f5-4d2f6de5baf1,scene-0003,static,20,30-40,nontraversable_label,1.2,2669,2599,509,507,68
54411744-ed31-52aa-a7f5-4d2f6de5baf1,scene-0003,static,20,30-40,near_ground_geometry,0.4,5,2,0,0,3
54411744-ed31-52aa-a7f5-4d2f6de5baf1,scene-0003,static,20,30-40,near_ground_geometry,0.8,5,5,0,0,0
54411744-ed31-52aa-a7f5-4d2f6de5baf1,scene-0003,static,20,30-40,near_ground_geometry,1.2,5,5,0,0,0
54411744-ed31-52aa-a7f5-4d2f6de5baf1,scene-0003,aligned,10,2-10,traversable_label,0.4,63,62,1,1,1
54411744-ed31-52aa-a7f5-4d2f6de5baf1,scene-0003,aligned,10,2-10,traversable_label,0.8,63,63,10,10,0
54411744-ed31-52aa-a7f5-4d2f6de5baf1,scene-0003,aligned,10,2-10,traversable_label,1.2,63,63,18,18,0
54411744-ed31-52aa-a7f5-4d2f6de5baf1,scene-0003,aligned,10,2-10,potential_label,0.4,813,794,12,12,19
54411744-ed31-52aa-a7f5-4d2f6de5baf1,scene-0003,aligned,10,2-10,potential_label,0.8,813,813,86,86,0
54411744-ed31-52aa-a7f5-4d2f6de5baf1,scene-0003,aligned,10,2-10,potential_label,1.2,813,813,217,217,0
54411744-ed31-52aa-a7f5-4d2f6de5baf1,scene-0003,aligned,10,2-10,nontraversable_label,0.4,1982,1889,88,87,92
54411744-ed31-52aa-a7f5-4d2f6de5baf1,scene-0003,aligned,10,2-10,nontraversable_label,0.8,1982,1968,495,495,14
54411744-ed31-52aa-a7f5-4d2f6de5baf1,scene-0003,aligned,10,2-10,nontraversable_label,1.2,1982,1977,895,895,5
54411744-ed31-52aa-a7f5-4d2f6de5baf1,scene-0003,aligned,10,2-10,near_ground_geometry,0.4,177,177,3,3,0
54411744-ed31-52aa-a7f5-4d2f6de5baf1,scene-0003,aligned,10,2-10,near_ground_geometry,0.8,177,177,19,19,0
54411744-ed31-52aa-a7f5-4d2f6de5baf1,scene-0003,aligned,10,2-10,near_ground_geometry,1.2,177,177,36,36,0
54411744-ed31-52aa-a7f5-4d2f6de5baf1,scene-0003,aligned,10,2-10,raised_geometry,0.4,32,15,4,4,17
54411744-ed31-52aa-a7f5-4d2f6de5baf1,scene-0003,aligned,10,2-10,raised_geometry,0.8,32,28,18,18,4
54411744-ed31-52aa-a7f5-4d2f6de5baf1,scene-0003,aligned,10,2-10,raised_geometry,1.2,32,32,31,31,0
54411744-ed31-52aa-a7f5-4d2f6de5baf1,scene-0003,aligned,10,10-20,traversable_label,0.4,181,168,0,0,13
54411744-ed31-52aa-a7f5-4d2f6de5baf1,scene-0003,aligned,10,10-20,traversable_label,0.8,181,179,0,0,2
54411744-ed31-52aa-a7f5-4d2f6de5baf1,scene-0003,aligned,10,10-20,traversable_label,1.2,181,181,0,0,0
54411744-ed31-52aa-a7f5-4d2f6de5baf1,scene-0003,aligned,10,10-20,potential_label,0.4,999,965,4,4,34
54411744-ed31-52aa-a7f5-4d2f6de5baf1,scene-0003,aligned,10,10-20,potential_label,0.8,999,998,45,45,1
54411744-ed31-52aa-a7f5-4d2f6de5baf1,scene-0003,aligned,10,10-20,potential_label,1.2,999,999,118,118,0
54411744-ed31-52aa-a7f5-4d2f6de5baf1,scene-0003,aligned,10,10-20,nontraversable_label,0.4,4494,3972,112,110,520
54411744-ed31-52aa-a7f5-4d2f6de5baf1,scene-0003,aligned,10,10-20,nontraversable_label,0.8,4494,4467,577,577,27
54411744-ed31-52aa-a7f5-4d2f6de5baf1,scene-0003,aligned,10,10-20,nontraversable_label,1.2,4494,4491,1087,1087,3
54411744-ed31-52aa-a7f5-4d2f6de5baf1,scene-0003,aligned,10,10-20,near_ground_geometry,0.4,393,382,0,0,11
54411744-ed31-52aa-a7f5-4d2f6de5baf1,scene-0003,aligned,10,10-20,near_ground_geometry,0.8,393,393,1,1,0
54411744-ed31-52aa-a7f5-4d2f6de5baf1,scene-0003,aligned,10,10-20,near_ground_geometry,1.2,393,393,5,5,0
54411744-ed31-52aa-a7f5-4d2f6de5baf1,scene-0003,aligned,10,10-20,raised_geometry,0.4,32,21,0,0,11
54411744-ed31-52aa-a7f5-4d2f6de5baf1,scene-0003,aligned,10,10-20,raised_geometry,0.8,32,29,0,0,3
54411744-ed31-52aa-a7f5-4d2f6de5baf1,scene-0003,aligned,10,10-20,raised_geometry,1.2,32,32,0,0,0
54411744-ed31-52aa-a7f5-4d2f6de5baf1,scene-0003,aligned,10,20-30,traversable_label,0.4,76,51,0,0,25
54411744-ed31-52aa-a7f5-4d2f6de5baf1,scene-0003,aligned,10,20-30,traversable_label,0.8,76,74,0,0,2
54411744-ed31-52aa-a7f5-4d2f6de5baf1,scene-0003,aligned,10,20-30,traversable_label,1.2,76,76,0,0,0
54411744-ed31-52aa-a7f5-4d2f6de5baf1,scene-0003,aligned,10,20-30,potential_label,0.4,452,350,0,0,102
54411744-ed31-52aa-a7f5-4d2f6de5baf1,scene-0003,aligned,10,20-30,potential_label,0.8,452,450,1,1,2
54411744-ed31-52aa-a7f5-4d2f6de5baf1,scene-0003,aligned,10,20-30,potential_label,1.2,452,452,13,13,0
54411744-ed31-52aa-a7f5-4d2f6de5baf1,scene-0003,aligned,10,20-30,nontraversable_label,0.4,3375,2718,82,78,653
54411744-ed31-52aa-a7f5-4d2f6de5baf1,scene-0003,aligned,10,20-30,nontraversable_label,0.8,3375,3301,457,457,74
54411744-ed31-52aa-a7f5-4d2f6de5baf1,scene-0003,aligned,10,20-30,nontraversable_label,1.2,3375,3355,989,989,20
54411744-ed31-52aa-a7f5-4d2f6de5baf1,scene-0003,aligned,10,20-30,near_ground_geometry,0.4,193,138,0,0,55
54411744-ed31-52aa-a7f5-4d2f6de5baf1,scene-0003,aligned,10,20-30,near_ground_geometry,0.8,193,190,0,0,3
54411744-ed31-52aa-a7f5-4d2f6de5baf1,scene-0003,aligned,10,20-30,near_ground_geometry,1.2,193,193,0,0,0
54411744-ed31-52aa-a7f5-4d2f6de5baf1,scene-0003,aligned,10,30-40,potential_label,0.4,80,31,0,0,49
54411744-ed31-52aa-a7f5-4d2f6de5baf1,scene-0003,aligned,10,30-40,potential_label,0.8,80,80,0,0,0
54411744-ed31-52aa-a7f5-4d2f6de5baf1,scene-0003,aligned,10,30-40,potential_label,1.2,80,80,3,3,0
54411744-ed31-52aa-a7f5-4d2f6de5baf1,scene-0003,aligned,10,30-40,nontraversable_label,0.4,2669,1640,46,38,1021
54411744-ed31-52aa-a7f5-4d2f6de5baf1,scene-0003,aligned,10,30-40,nontraversable_label,0.8,2669,2469,235,229,194
54411744-ed31-52aa-a7f5-4d2f6de5baf1,scene-0003,aligned,10,30-40,nontraversable_label,1.2,2669,2599,510,508,68
54411744-ed31-52aa-a7f5-4d2f6de5baf1,scene-0003,aligned,10,30-40,near_ground_geometry,0.4,5,2,0,0,3
54411744-ed31-52aa-a7f5-4d2f6de5baf1,scene-0003,aligned,10,30-40,near_ground_geometry,0.8,5,5,0,0,0
54411744-ed31-52aa-a7f5-4d2f6de5baf1,scene-0003,aligned,10,30-40,near_ground_geometry,1.2,5,5,0,0,0
54411744-ed31-52aa-a7f5-4d2f6de5baf1,scene-0003,aligned,20,2-10,traversable_label,0.4,136,135,1,1,1
54411744-ed31-52aa-a7f5-4d2f6de5baf1,scene-0003,aligned,20,2-10,traversable_label,0.8,136,136,10,10,0
54411744-ed31-52aa-a7f5-4d2f6de5baf1,scene-0003,aligned,20,2-10,traversable_label,1.2,136,136,18,18,0
54411744-ed31-52aa-a7f5-4d2f6de5baf1,scene-0003,aligned,20,2-10,potential_label,0.4,1269,1250,27,27,19
54411744-ed31-52aa-a7f5-4d2f6de5baf1,scene-0003,aligned,20,2-10,potential_label,0.8,1269,1269,159,159,0
54411744-ed31-52aa-a7f5-4d2f6de5baf1,scene-0003,aligned,20,2-10,potential_label,1.2,1269,1269,383,383,0
54411744-ed31-52aa-a7f5-4d2f6de5baf1,scene-0003,aligned,20,2-10,nontraversable_label,0.4,2265,2136,92,91,128
54411744-ed31-52aa-a7f5-4d2f6de5baf1,scene-0003,aligned,20,2-10,nontraversable_label,0.8,2265,2249,525,525,16
54411744-ed31-52aa-a7f5-4d2f6de5baf1,scene-0003,aligned,20,2-10,nontraversable_label,1.2,2265,2260,956,956,5
54411744-ed31-52aa-a7f5-4d2f6de5baf1,scene-0003,aligned,20,2-10,near_ground_geometry,0.4,372,372,3,3,0
54411744-ed31-52aa-a7f5-4d2f6de5baf1,scene-0003,aligned,20,2-10,near_ground_geometry,0.8,372,372,19,19,0
54411744-ed31-52aa-a7f5-4d2f6de5baf1,scene-0003,aligned,20,2-10,near_ground_geometry,1.2,372,372,38,38,0
54411744-ed31-52aa-a7f5-4d2f6de5baf1,scene-0003,aligned,20,2-10,raised_geometry,0.4,32,15,4,4,17
54411744-ed31-52aa-a7f5-4d2f6de5baf1,scene-0003,aligned,20,2-10,raised_geometry,0.8,32,28,18,18,4
54411744-ed31-52aa-a7f5-4d2f6de5baf1,scene-0003,aligned,20,2-10,raised_geometry,1.2,32,32,31,31,0
54411744-ed31-52aa-a7f5-4d2f6de5baf1,scene-0003,aligned,20,10-20,traversable_label,0.4,181,168,0,0,13
54411744-ed31-52aa-a7f5-4d2f6de5baf1,scene-0003,aligned,20,10-20,traversable_label,0.8,181,179,0,0,2
54411744-ed31-52aa-a7f5-4d2f6de5baf1,scene-0003,aligned,20,10-20,traversable_label,1.2,181,181,0,0,0
54411744-ed31-52aa-a7f5-4d2f6de5baf1,scene-0003,aligned,20,10-20,potential_label,0.4,999,965,4,4,34
54411744-ed31-52aa-a7f5-4d2f6de5baf1,scene-0003,aligned,20,10-20,potential_label,0.8,999,998,45,45,1
54411744-ed31-52aa-a7f5-4d2f6de5baf1,scene-0003,aligned,20,10-20,potential_label,1.2,999,999,118,118,0
54411744-ed31-52aa-a7f5-4d2f6de5baf1,scene-0003,aligned,20,10-20,nontraversable_label,0.4,5316,4677,113,111,637
54411744-ed31-52aa-a7f5-4d2f6de5baf1,scene-0003,aligned,20,10-20,nontraversable_label,0.8,5316,5286,586,586,30
54411744-ed31-52aa-a7f5-4d2f6de5baf1,scene-0003,aligned,20,10-20,nontraversable_label,1.2,5316,5313,1113,1113,3
54411744-ed31-52aa-a7f5-4d2f6de5baf1,scene-0003,aligned,20,10-20,near_ground_geometry,0.4,393,382,0,0,11
54411744-ed31-52aa-a7f5-4d2f6de5baf1,scene-0003,aligned,20,10-20,near_ground_geometry,0.8,393,393,1,1,0
54411744-ed31-52aa-a7f5-4d2f6de5baf1,scene-0003,aligned,20,10-20,near_ground_geometry,1.2,393,393,5,5,0
54411744-ed31-52aa-a7f5-4d2f6de5baf1,scene-0003,aligned,20,10-20,raised_geometry,0.4,32,21,0,0,11
54411744-ed31-52aa-a7f5-4d2f6de5baf1,scene-0003,aligned,20,10-20,raised_geometry,0.8,32,29,0,0,3
54411744-ed31-52aa-a7f5-4d2f6de5baf1,scene-0003,aligned,20,10-20,raised_geometry,1.2,32,32,0,0,0
54411744-ed31-52aa-a7f5-4d2f6de5baf1,scene-0003,aligned,20,20-30,traversable_label,0.4,76,51,0,0,25
54411744-ed31-52aa-a7f5-4d2f6de5baf1,scene-0003,aligned,20,20-30,traversable_label,0.8,76,74,0,0,2
54411744-ed31-52aa-a7f5-4d2f6de5baf1,scene-0003,aligned,20,20-30,traversable_label,1.2,76,76,0,0,0
54411744-ed31-52aa-a7f5-4d2f6de5baf1,scene-0003,aligned,20,20-30,potential_label,0.4,452,350,0,0,102
54411744-ed31-52aa-a7f5-4d2f6de5baf1,scene-0003,aligned,20,20-30,potential_label,0.8,452,450,1,1,2
54411744-ed31-52aa-a7f5-4d2f6de5baf1,scene-0003,aligned,20,20-30,potential_label,1.2,452,452,13,13,0
54411744-ed31-52aa-a7f5-4d2f6de5baf1,scene-0003,aligned,20,20-30,nontraversable_label,0.4,3693,2940,113,105,745
54411744-ed31-52aa-a7f5-4d2f6de5baf1,scene-0003,aligned,20,20-30,nontraversable_label,0.8,3693,3606,548,546,85
54411744-ed31-52aa-a7f5-4d2f6de5baf1,scene-0003,aligned,20,20-30,nontraversable_label,1.2,3693,3669,1100,1100,24
54411744-ed31-52aa-a7f5-4d2f6de5baf1,scene-0003,aligned,20,20-30,near_ground_geometry,0.4,193,138,0,0,55
54411744-ed31-52aa-a7f5-4d2f6de5baf1,scene-0003,aligned,20,20-30,near_ground_geometry,0.8,193,190,0,0,3
54411744-ed31-52aa-a7f5-4d2f6de5baf1,scene-0003,aligned,20,20-30,near_ground_geometry,1.2,193,193,0,0,0
54411744-ed31-52aa-a7f5-4d2f6de5baf1,scene-0003,aligned,20,30-40,potential_label,0.4,80,31,0,0,49
54411744-ed31-52aa-a7f5-4d2f6de5baf1,scene-0003,aligned,20,30-40,potential_label,0.8,80,80,0,0,0
54411744-ed31-52aa-a7f5-4d2f6de5baf1,scene-0003,aligned,20,30-40,potential_label,1.2,80,80,3,3,0
54411744-ed31-52aa-a7f5-4d2f6de5baf1,scene-0003,aligned,20,30-40,nontraversable_label,0.4,2669,1640,46,38,1021
54411744-ed31-52aa-a7f5-4d2f6de5baf1,scene-0003,aligned,20,30-40,nontraversable_label,0.8,2669,2469,235,229,194
54411744-ed31-52aa-a7f5-4d2f6de5baf1,scene-0003,aligned,20,30-40,nontraversable_label,1.2,2669,2599,510,508,68
54411744-ed31-52aa-a7f5-4d2f6de5baf1,scene-0003,aligned,20,30-40,near_ground_geometry,0.4,5,2,0,0,3
54411744-ed31-52aa-a7f5-4d2f6de5baf1,scene-0003,aligned,20,30-40,near_ground_geometry,0.8,5,5,0,0,0
54411744-ed31-52aa-a7f5-4d2f6de5baf1,scene-0003,aligned,20,30-40,near_ground_geometry,1.2,5,5,0,0,0
54411744-ed31-52aa-a7f5-4d2f6de5baf1,scene-0003,ros_origin,10,2-10,traversable_label,0.4,63,62,0,0,1
54411744-ed31-52aa-a7f5-4d2f6de5baf1,scene-0003,ros_origin,10,2-10,traversable_label,0.8,63,63,5,5,0
54411744-ed31-52aa-a7f5-4d2f6de5baf1,scene-0003,ros_origin,10,2-10,traversable_label,1.2,63,63,15,15,0
54411744-ed31-52aa-a7f5-4d2f6de5baf1,scene-0003,ros_origin,10,2-10,potential_label,0.4,813,794,13,13,19
54411744-ed31-52aa-a7f5-4d2f6de5baf1,scene-0003,ros_origin,10,2-10,potential_label,0.8,813,813,87,87,0
54411744-ed31-52aa-a7f5-4d2f6de5baf1,scene-0003,ros_origin,10,2-10,potential_label,1.2,813,813,241,241,0
54411744-ed31-52aa-a7f5-4d2f6de5baf1,scene-0003,ros_origin,10,2-10,nontraversable_label,0.4,1982,1889,83,82,92
54411744-ed31-52aa-a7f5-4d2f6de5baf1,scene-0003,ros_origin,10,2-10,nontraversable_label,0.8,1982,1968,411,411,14
54411744-ed31-52aa-a7f5-4d2f6de5baf1,scene-0003,ros_origin,10,2-10,nontraversable_label,1.2,1982,1977,782,782,5
54411744-ed31-52aa-a7f5-4d2f6de5baf1,scene-0003,ros_origin,10,2-10,near_ground_geometry,0.4,177,177,3,3,0
54411744-ed31-52aa-a7f5-4d2f6de5baf1,scene-0003,ros_origin,10,2-10,near_ground_geometry,0.8,177,177,17,17,0
54411744-ed31-52aa-a7f5-4d2f6de5baf1,scene-0003,ros_origin,10,2-10,near_ground_geometry,1.2,177,177,35,35,0
54411744-ed31-52aa-a7f5-4d2f6de5baf1,scene-0003,ros_origin,10,2-10,raised_geometry,0.4,32,15,1,1,17
54411744-ed31-52aa-a7f5-4d2f6de5baf1,scene-0003,ros_origin,10,2-10,raised_geometry,0.8,32,28,14,14,4
54411744-ed31-52aa-a7f5-4d2f6de5baf1,scene-0003,ros_origin,10,2-10,raised_geometry,1.2,32,32,30,30,0
54411744-ed31-52aa-a7f5-4d2f6de5baf1,scene-0003,ros_origin,10,10-20,traversable_label,0.4,181,168,0,0,13
54411744-ed31-52aa-a7f5-4d2f6de5baf1,scene-0003,ros_origin,10,10-20,traversable_label,0.8,181,179,0,0,2
54411744-ed31-52aa-a7f5-4d2f6de5baf1,scene-0003,ros_origin,10,10-20,traversable_label,1.2,181,181,0,0,0
54411744-ed31-52aa-a7f5-4d2f6de5baf1,scene-0003,ros_origin,10,10-20,potential_label,0.4,999,965,5,5,34
54411744-ed31-52aa-a7f5-4d2f6de5baf1,scene-0003,ros_origin,10,10-20,potential_label,0.8,999,998,47,47,1
54411744-ed31-52aa-a7f5-4d2f6de5baf1,scene-0003,ros_origin,10,10-20,potential_label,1.2,999,999,117,117,0
54411744-ed31-52aa-a7f5-4d2f6de5baf1,scene-0003,ros_origin,10,10-20,nontraversable_label,0.4,4494,3972,117,115,520
54411744-ed31-52aa-a7f5-4d2f6de5baf1,scene-0003,ros_origin,10,10-20,nontraversable_label,0.8,4494,4467,560,560,27
54411744-ed31-52aa-a7f5-4d2f6de5baf1,scene-0003,ros_origin,10,10-20,nontraversable_label,1.2,4494,4491,1047,1047,3
54411744-ed31-52aa-a7f5-4d2f6de5baf1,scene-0003,ros_origin,10,10-20,near_ground_geometry,0.4,393,382,0,0,11
54411744-ed31-52aa-a7f5-4d2f6de5baf1,scene-0003,ros_origin,10,10-20,near_ground_geometry,0.8,393,393,0,0,0
54411744-ed31-52aa-a7f5-4d2f6de5baf1,scene-0003,ros_origin,10,10-20,near_ground_geometry,1.2,393,393,2,2,0
54411744-ed31-52aa-a7f5-4d2f6de5baf1,scene-0003,ros_origin,10,10-20,raised_geometry,0.4,32,21,0,0,11
54411744-ed31-52aa-a7f5-4d2f6de5baf1,scene-0003,ros_origin,10,10-20,raised_geometry,0.8,32,29,0,0,3
54411744-ed31-52aa-a7f5-4d2f6de5baf1,scene-0003,ros_origin,10,10-20,raised_geometry,1.2,32,32,0,0,0
54411744-ed31-52aa-a7f5-4d2f6de5baf1,scene-0003,ros_origin,10,20-30,traversable_label,0.4,76,51,0,0,25
54411744-ed31-52aa-a7f5-4d2f6de5baf1,scene-0003,ros_origin,10,20-30,traversable_label,0.8,76,74,0,0,2
54411744-ed31-52aa-a7f5-4d2f6de5baf1,scene-0003,ros_origin,10,20-30,traversable_label,1.2,76,76,0,0,0
54411744-ed31-52aa-a7f5-4d2f6de5baf1,scene-0003,ros_origin,10,20-30,potential_label,0.4,452,350,0,0,102
54411744-ed31-52aa-a7f5-4d2f6de5baf1,scene-0003,ros_origin,10,20-30,potential_label,0.8,452,450,2,2,2
54411744-ed31-52aa-a7f5-4d2f6de5baf1,scene-0003,ros_origin,10,20-30,potential_label,1.2,452,452,16,16,0
54411744-ed31-52aa-a7f5-4d2f6de5baf1,scene-0003,ros_origin,10,20-30,nontraversable_label,0.4,3375,2718,91,84,650
54411744-ed31-52aa-a7f5-4d2f6de5baf1,scene-0003,ros_origin,10,20-30,nontraversable_label,0.8,3375,3301,487,486,73
54411744-ed31-52aa-a7f5-4d2f6de5baf1,scene-0003,ros_origin,10,20-30,nontraversable_label,1.2,3375,3355,1010,1010,20
54411744-ed31-52aa-a7f5-4d2f6de5baf1,scene-0003,ros_origin,10,20-30,near_ground_geometry,0.4,193,138,0,0,55
54411744-ed31-52aa-a7f5-4d2f6de5baf1,scene-0003,ros_origin,10,20-30,near_ground_geometry,0.8,193,190,0,0,3
54411744-ed31-52aa-a7f5-4d2f6de5baf1,scene-0003,ros_origin,10,20-30,near_ground_geometry,1.2,193,193,0,0,0
54411744-ed31-52aa-a7f5-4d2f6de5baf1,scene-0003,ros_origin,10,30-40,potential_label,0.4,80,31,0,0,49
54411744-ed31-52aa-a7f5-4d2f6de5baf1,scene-0003,ros_origin,10,30-40,potential_label,0.8,80,80,0,0,0
54411744-ed31-52aa-a7f5-4d2f6de5baf1,scene-0003,ros_origin,10,30-40,potential_label,1.2,80,80,0,0,0
54411744-ed31-52aa-a7f5-4d2f6de5baf1,scene-0003,ros_origin,10,30-40,nontraversable_label,0.4,2669,1640,53,45,1021
54411744-ed31-52aa-a7f5-4d2f6de5baf1,scene-0003,ros_origin,10,30-40,nontraversable_label,0.8,2669,2469,269,264,195
54411744-ed31-52aa-a7f5-4d2f6de5baf1,scene-0003,ros_origin,10,30-40,nontraversable_label,1.2,2669,2599,577,574,67
54411744-ed31-52aa-a7f5-4d2f6de5baf1,scene-0003,ros_origin,10,30-40,near_ground_geometry,0.4,5,2,0,0,3
54411744-ed31-52aa-a7f5-4d2f6de5baf1,scene-0003,ros_origin,10,30-40,near_ground_geometry,0.8,5,5,0,0,0
54411744-ed31-52aa-a7f5-4d2f6de5baf1,scene-0003,ros_origin,10,30-40,near_ground_geometry,1.2,5,5,0,0,0
54411744-ed31-52aa-a7f5-4d2f6de5baf1,scene-0003,ros_origin,20,2-10,traversable_label,0.4,136,135,0,0,1
54411744-ed31-52aa-a7f5-4d2f6de5baf1,scene-0003,ros_origin,20,2-10,traversable_label,0.8,136,136,5,5,0
54411744-ed31-52aa-a7f5-4d2f6de5baf1,scene-0003,ros_origin,20,2-10,traversable_label,1.2,136,136,15,15,0
54411744-ed31-52aa-a7f5-4d2f6de5baf1,scene-0003,ros_origin,20,2-10,potential_label,0.4,1269,1250,25,25,19
54411744-ed31-52aa-a7f5-4d2f6de5baf1,scene-0003,ros_origin,20,2-10,potential_label,0.8,1269,1269,164,164,0
54411744-ed31-52aa-a7f5-4d2f6de5baf1,scene-0003,ros_origin,20,2-10,potential_label,1.2,1269,1269,414,414,0
54411744-ed31-52aa-a7f5-4d2f6de5baf1,scene-0003,ros_origin,20,2-10,nontraversable_label,0.4,2265,2136,98,96,127
54411744-ed31-52aa-a7f5-4d2f6de5baf1,scene-0003,ros_origin,20,2-10,nontraversable_label,0.8,2265,2249,451,451,16
54411744-ed31-52aa-a7f5-4d2f6de5baf1,scene-0003,ros_origin,20,2-10,nontraversable_label,1.2,2265,2260,842,842,5
54411744-ed31-52aa-a7f5-4d2f6de5baf1,scene-0003,ros_origin,20,2-10,near_ground_geometry,0.4,372,372,3,3,0
54411744-ed31-52aa-a7f5-4d2f6de5baf1,scene-0003,ros_origin,20,2-10,near_ground_geometry,0.8,372,372,17,17,0
54411744-ed31-52aa-a7f5-4d2f6de5baf1,scene-0003,ros_origin,20,2-10,near_ground_geometry,1.2,372,372,39,39,0
54411744-ed31-52aa-a7f5-4d2f6de5baf1,scene-0003,ros_origin,20,2-10,raised_geometry,0.4,32,15,1,1,17
54411744-ed31-52aa-a7f5-4d2f6de5baf1,scene-0003,ros_origin,20,2-10,raised_geometry,0.8,32,28,14,14,4
54411744-ed31-52aa-a7f5-4d2f6de5baf1,scene-0003,ros_origin,20,2-10,raised_geometry,1.2,32,32,30,30,0
54411744-ed31-52aa-a7f5-4d2f6de5baf1,scene-0003,ros_origin,20,10-20,traversable_label,0.4,181,168,0,0,13
54411744-ed31-52aa-a7f5-4d2f6de5baf1,scene-0003,ros_origin,20,10-20,traversable_label,0.8,181,179,0,0,2
54411744-ed31-52aa-a7f5-4d2f6de5baf1,scene-0003,ros_origin,20,10-20,traversable_label,1.2,181,181,0,0,0
54411744-ed31-52aa-a7f5-4d2f6de5baf1,scene-0003,ros_origin,20,10-20,potential_label,0.4,999,965,5,5,34
54411744-ed31-52aa-a7f5-4d2f6de5baf1,scene-0003,ros_origin,20,10-20,potential_label,0.8,999,998,47,47,1
54411744-ed31-52aa-a7f5-4d2f6de5baf1,scene-0003,ros_origin,20,10-20,potential_label,1.2,999,999,117,117,0
54411744-ed31-52aa-a7f5-4d2f6de5baf1,scene-0003,ros_origin,20,10-20,nontraversable_label,0.4,5316,4677,117,115,637
54411744-ed31-52aa-a7f5-4d2f6de5baf1,scene-0003,ros_origin,20,10-20,nontraversable_label,0.8,5316,5286,566,566,30
54411744-ed31-52aa-a7f5-4d2f6de5baf1,scene-0003,ros_origin,20,10-20,nontraversable_label,1.2,5316,5313,1061,1061,3
54411744-ed31-52aa-a7f5-4d2f6de5baf1,scene-0003,ros_origin,20,10-20,near_ground_geometry,0.4,393,382,0,0,11
54411744-ed31-52aa-a7f5-4d2f6de5baf1,scene-0003,ros_origin,20,10-20,near_ground_geometry,0.8,393,393,0,0,0
54411744-ed31-52aa-a7f5-4d2f6de5baf1,scene-0003,ros_origin,20,10-20,near_ground_geometry,1.2,393,393,2,2,0
54411744-ed31-52aa-a7f5-4d2f6de5baf1,scene-0003,ros_origin,20,10-20,raised_geometry,0.4,32,21,0,0,11
54411744-ed31-52aa-a7f5-4d2f6de5baf1,scene-0003,ros_origin,20,10-20,raised_geometry,0.8,32,29,0,0,3
54411744-ed31-52aa-a7f5-4d2f6de5baf1,scene-0003,ros_origin,20,10-20,raised_geometry,1.2,32,32,0,0,0
54411744-ed31-52aa-a7f5-4d2f6de5baf1,scene-0003,ros_origin,20,20-30,traversable_label,0.4,76,51,0,0,25
54411744-ed31-52aa-a7f5-4d2f6de5baf1,scene-0003,ros_origin,20,20-30,traversable_label,0.8,76,74,0,0,2
54411744-ed31-52aa-a7f5-4d2f6de5baf1,scene-0003,ros_origin,20,20-30,traversable_label,1.2,76,76,0,0,0
54411744-ed31-52aa-a7f5-4d2f6de5baf1,scene-0003,ros_origin,20,20-30,potential_label,0.4,452,350,0,0,102
54411744-ed31-52aa-a7f5-4d2f6de5baf1,scene-0003,ros_origin,20,20-30,potential_label,0.8,452,450,2,2,2
54411744-ed31-52aa-a7f5-4d2f6de5baf1,scene-0003,ros_origin,20,20-30,potential_label,1.2,452,452,16,16,0
54411744-ed31-52aa-a7f5-4d2f6de5baf1,scene-0003,ros_origin,20,20-30,nontraversable_label,0.4,3693,2940,100,92,745
54411744-ed31-52aa-a7f5-4d2f6de5baf1,scene-0003,ros_origin,20,20-30,nontraversable_label,0.8,3693,3606,555,552,84
54411744-ed31-52aa-a7f5-4d2f6de5baf1,scene-0003,ros_origin,20,20-30,nontraversable_label,1.2,3693,3669,1119,1119,24
54411744-ed31-52aa-a7f5-4d2f6de5baf1,scene-0003,ros_origin,20,20-30,near_ground_geometry,0.4,193,138,0,0,55
54411744-ed31-52aa-a7f5-4d2f6de5baf1,scene-0003,ros_origin,20,20-30,near_ground_geometry,0.8,193,190,0,0,3
54411744-ed31-52aa-a7f5-4d2f6de5baf1,scene-0003,ros_origin,20,20-30,near_ground_geometry,1.2,193,193,0,0,0
54411744-ed31-52aa-a7f5-4d2f6de5baf1,scene-0003,ros_origin,20,30-40,potential_label,0.4,80,31,0,0,49
54411744-ed31-52aa-a7f5-4d2f6de5baf1,scene-0003,ros_origin,20,30-40,potential_label,0.8,80,80,0,0,0
54411744-ed31-52aa-a7f5-4d2f6de5baf1,scene-0003,ros_origin,20,30-40,potential_label,1.2,80,80,0,0,0
54411744-ed31-52aa-a7f5-4d2f6de5baf1,scene-0003,ros_origin,20,30-40,nontraversable_label,0.4,2669,1640,53,45,1021
54411744-ed31-52aa-a7f5-4d2f6de5baf1,scene-0003,ros_origin,20,30-40,nontraversable_label,0.8,2669,2469,269,264,195
54411744-ed31-52aa-a7f5-4d2f6de5baf1,scene-0003,ros_origin,20,30-40,nontraversable_label,1.2,2669,2599,577,574,67
54411744-ed31-52aa-a7f5-4d2f6de5baf1,scene-0003,ros_origin,20,30-40,near_ground_geometry,0.4,5,2,0,0,3
54411744-ed31-52aa-a7f5-4d2f6de5baf1,scene-0003,ros_origin,20,30-40,near_ground_geometry,0.8,5,5,0,0,0
54411744-ed31-52aa-a7f5-4d2f6de5baf1,scene-0003,ros_origin,20,30-40,near_ground_geometry,1.2,5,5,0,0,0
c60fa7ac-9f29-554b-9926-fb3ced0f720f,scene-0004,static,10,2-10,traversable_label,0.4,101,93,4,4,8
c60fa7ac-9f29-554b-9926-fb3ced0f720f,scene-0004,static,10,2-10,traversable_label,0.8,101,99,13,13,2
c60fa7ac-9f29-554b-9926-fb3ced0f720f,scene-0004,static,10,2-10,traversable_label,1.2,101,101,20,20,0
c60fa7ac-9f29-554b-9926-fb3ced0f720f,scene-0004,static,10,2-10,potential_label,0.4,832,805,31,31,27
c60fa7ac-9f29-554b-9926-fb3ced0f720f,scene-0004,static,10,2-10,potential_label,0.8,832,832,121,121,0
c60fa7ac-9f29-554b-9926-fb3ced0f720f,scene-0004,static,10,2-10,potential_label,1.2,832,832,254,254,0
c60fa7ac-9f29-554b-9926-fb3ced0f720f,scene-0004,static,10,2-10,nontraversable_label,0.4,1745,1649,97,96,95
c60fa7ac-9f29-554b-9926-fb3ced0f720f,scene-0004,static,10,2-10,nontraversable_label,0.8,1745,1739,488,488,6
c60fa7ac-9f29-554b-9926-fb3ced0f720f,scene-0004,static,10,2-10,nontraversable_label,1.2,1745,1745,986,986,0
c60fa7ac-9f29-554b-9926-fb3ced0f720f,scene-0004,static,10,2-10,near_ground_geometry,0.4,231,229,0,0,2
c60fa7ac-9f29-554b-9926-fb3ced0f720f,scene-0004,static,10,2-10,near_ground_geometry,0.8,231,231,0,0,0
c60fa7ac-9f29-554b-9926-fb3ced0f720f,scene-0004,static,10,2-10,near_ground_geometry,1.2,231,231,2,2,0
c60fa7ac-9f29-554b-9926-fb3ced0f720f,scene-0004,static,10,2-10,raised_geometry,0.4,40,17,8,8,23
c60fa7ac-9f29-554b-9926-fb3ced0f720f,scene-0004,static,10,2-10,raised_geometry,0.8,40,34,29,29,6
c60fa7ac-9f29-554b-9926-fb3ced0f720f,scene-0004,static,10,2-10,raised_geometry,1.2,40,40,39,39,0
c60fa7ac-9f29-554b-9926-fb3ced0f720f,scene-0004,static,10,10-20,traversable_label,0.4,277,254,0,0,23
c60fa7ac-9f29-554b-9926-fb3ced0f720f,scene-0004,static,10,10-20,traversable_label,0.8,277,274,0,0,3
c60fa7ac-9f29-554b-9926-fb3ced0f720f,scene-0004,static,10,10-20,traversable_label,1.2,277,277,0,0,0
c60fa7ac-9f29-554b-9926-fb3ced0f720f,scene-0004,static,10,10-20,potential_label,0.4,1342,1308,11,11,34
c60fa7ac-9f29-554b-9926-fb3ced0f720f,scene-0004,static,10,10-20,potential_label,0.8,1342,1342,75,75,0
c60fa7ac-9f29-554b-9926-fb3ced0f720f,scene-0004,static,10,10-20,potential_label,1.2,1342,1342,165,165,0
c60fa7ac-9f29-554b-9926-fb3ced0f720f,scene-0004,static,10,10-20,nontraversable_label,0.4,4528,4071,112,106,451
c60fa7ac-9f29-554b-9926-fb3ced0f720f,scene-0004,static,10,10-20,nontraversable_label,0.8,4528,4513,637,637,15
c60fa7ac-9f29-554b-9926-fb3ced0f720f,scene-0004,static,10,10-20,nontraversable_label,1.2,4528,4523,1294,1294,5
c60fa7ac-9f29-554b-9926-fb3ced0f720f,scene-0004,static,10,10-20,near_ground_geometry,0.4,472,462,0,0,10
c60fa7ac-9f29-554b-9926-fb3ced0f720f,scene-0004,static,10,10-20,near_ground_geometry,0.8,472,472,0,0,0
c60fa7ac-9f29-554b-9926-fb3ced0f720f,scene-0004,static,10,10-20,near_ground_geometry,1.2,472,472,0,0,0
c60fa7ac-9f29-554b-9926-fb3ced0f720f,scene-0004,static,10,10-20,raised_geometry,0.4,44,24,0,0,20
c60fa7ac-9f29-554b-9926-fb3ced0f720f,scene-0004,static,10,10-20,raised_geometry,0.8,44,41,0,0,3
c60fa7ac-9f29-554b-9926-fb3ced0f720f,scene-0004,static,10,10-20,raised_geometry,1.2,44,44,0,0,0
c60fa7ac-9f29-554b-9926-fb3ced0f720f,scene-0004,static,10,20-30,traversable_label,0.4,105,87,0,0,18
c60fa7ac-9f29-554b-9926-fb3ced0f720f,scene-0004,static,10,20-30,traversable_label,0.8,105,105,0,0,0
c60fa7ac-9f29-554b-9926-fb3ced0f720f,scene-0004,static,10,20-30,traversable_label,1.2,105,105,0,0,0
c60fa7ac-9f29-554b-9926-fb3ced0f720f,scene-0004,static,10,20-30,potential_label,0.4,643,535,0,0,108
c60fa7ac-9f29-554b-9926-fb3ced0f720f,scene-0004,static,10,20-30,potential_label,0.8,643,638,3,3,5
c60fa7ac-9f29-554b-9926-fb3ced0f720f,scene-0004,static,10,20-30,potential_label,1.2,643,642,23,23,1
c60fa7ac-9f29-554b-9926-fb3ced0f720f,scene-0004,static,10,20-30,nontraversable_label,0.4,3783,2801,50,47,979
c60fa7ac-9f29-554b-9926-fb3ced0f720f,scene-0004,static,10,20-30,nontraversable_label,0.8,3783,3686,377,376,96
c60fa7ac-9f29-554b-9926-fb3ced0f720f,scene-0004,static,10,20-30,nontraversable_label,1.2,3783,3752,879,879,31
c60fa7ac-9f29-554b-9926-fb3ced0f720f,scene-0004,static,10,20-30,near_ground_geometry,0.4,246,198,0,0,48
c60fa7ac-9f29-554b-9926-fb3ced0f720f,scene-0004,static,10,20-30,near_ground_geometry,0.8,246,244,0,0,2
c60fa7ac-9f29-554b-9926-fb3ced0f720f,scene-0004,static,10,20-30,near_ground_geometry,1.2,246,246,0,0,0
c60fa7ac-9f29-554b-9926-fb3ced0f720f,scene-0004,static,10,30-40,traversable_label,0.4,39,14,0,0,25
c60fa7ac-9f29-554b-9926-fb3ced0f720f,scene-0004,static,10,30-40,traversable_label,0.8,39,28,0,0,11
c60fa7ac-9f29-554b-9926-fb3ced0f720f,scene-0004,static,10,30-40,traversable_label,1.2,39,34,0,0,5
c60fa7ac-9f29-554b-9926-fb3ced0f720f,scene-0004,static,10,30-40,potential_label,0.4,339,221,0,0,118
c60fa7ac-9f29-554b-9926-fb3ced0f720f,scene-0004,static,10,30-40,potential_label,0.8,339,327,1,1,12
c60fa7ac-9f29-554b-9926-fb3ced0f720f,scene-0004,static,10,30-40,potential_label,1.2,339,336,13,13,3
c60fa7ac-9f29-554b-9926-fb3ced0f720f,scene-0004,static,10,30-40,nontraversable_label,0.4,4701,2885,51,43,1808
c60fa7ac-9f29-554b-9926-fb3ced0f720f,scene-0004,static,10,30-40,nontraversable_label,0.8,4701,4477,345,345,224
c60fa7ac-9f29-554b-9926-fb3ced0f720f,scene-0004,static,10,30-40,nontraversable_label,1.2,4701,4660,820,820,41
c60fa7ac-9f29-554b-9926-fb3ced0f720f,scene-0004,static,10,30-40,near_ground_geometry,0.4,88,35,0,0,53
c60fa7ac-9f29-554b-9926-fb3ced0f720f,scene-0004,static,10,30-40,near_ground_geometry,0.8,88,65,0,0,23
c60fa7ac-9f29-554b-9926-fb3ced0f720f,scene-0004,static,10,30-40,near_ground_geometry,1.2,88,80,0,0,8
c60fa7ac-9f29-554b-9926-fb3ced0f720f,scene-0004,static,20,2-10,traversable_label,0.4,146,138,4,4,8
c60fa7ac-9f29-554b-9926-fb3ced0f720f,scene-0004,static,20,2-10,traversable_label,0.8,146,144,13,13,2
c60fa7ac-9f29-554b-9926-fb3ced0f720f,scene-0004,static,20,2-10,traversable_label,1.2,146,146,20,20,0
c60fa7ac-9f29-554b-9926-fb3ced0f720f,scene-0004,static,20,2-10,potential_label,0.4,1119,1092,35,35,27
c60fa7ac-9f29-554b-9926-fb3ced0f720f,scene-0004,static,20,2-10,potential_label,0.8,1119,1119,149,149,0
c60fa7ac-9f29-554b-9926-fb3ced0f720f,scene-0004,static,20,2-10,potential_label,1.2,1119,1119,331,331,0
c60fa7ac-9f29-554b-9926-fb3ced0f720f,scene-0004,static,20,2-10,nontraversable_label,0.4,2163,2032,112,111,130
c60fa7ac-9f29-554b-9926-fb3ced0f720f,scene-0004,static,20,2-10,nontraversable_label,0.8,2163,2156,565,565,7
c60fa7ac-9f29-554b-9926-fb3ced0f720f,scene-0004,static,20,2-10,nontraversable_label,1.2,2163,2163,1129,1129,0
c60fa7ac-9f29-554b-9926-fb3ced0f720f,scene-0004,static,20,2-10,near_ground_geometry,0.4,365,363,0,0,2
c60fa7ac-9f29-554b-9926-fb3ced0f720f,scene-0004,static,20,2-10,near_ground_geometry,0.8,365,365,0,0,0
c60fa7ac-9f29-554b-9926-fb3ced0f720f,scene-0004,static,20,2-10,near_ground_geometry,1.2,365,365,3,3,0
c60fa7ac-9f29-554b-9926-fb3ced0f720f,scene-0004,static,20,2-10,raised_geometry,0.4,40,17,8,8,23
c60fa7ac-9f29-554b-9926-fb3ced0f720f,scene-0004,static,20,2-10,raised_geometry,0.8,40,34,29,29,6
c60fa7ac-9f29-554b-9926-fb3ced0f720f,scene-0004,static,20,2-10,raised_geometry,1.2,40,40,39,39,0
c60fa7ac-9f29-554b-9926-fb3ced0f720f,scene-0004,static,20,10-20,traversable_label,0.4,277,254,0,0,23
c60fa7ac-9f29-554b-9926-fb3ced0f720f,scene-0004,static,20,10-20,traversable_label,0.8,277,274,0,0,3
c60fa7ac-9f29-554b-9926-fb3ced0f720f,scene-0004,static,20,10-20,traversable_label,1.2,277,277,0,0,0
c60fa7ac-9f29-554b-9926-fb3ced0f720f,scene-0004,static,20,10-20,potential_label,0.4,1342,1308,11,11,34
c60fa7ac-9f29-554b-9926-fb3ced0f720f,scene-0004,static,20,10-20,potential_label,0.8,1342,1342,75,75,0
c60fa7ac-9f29-554b-9926-fb3ced0f720f,scene-0004,static,20,10-20,potential_label,1.2,1342,1342,165,165,0
c60fa7ac-9f29-554b-9926-fb3ced0f720f,scene-0004,static,20,10-20,nontraversable_label,0.4,5236,4678,116,110,552
c60fa7ac-9f29-554b-9926-fb3ced0f720f,scene-0004,static,20,10-20,nontraversable_label,0.8,5236,5212,660,660,24
c60fa7ac-9f29-554b-9926-fb3ced0f720f,scene-0004,static,20,10-20,nontraversable_label,1.2,5236,5229,1358,1358,7
c60fa7ac-9f29-554b-9926-fb3ced0f720f,scene-0004,static,20,10-20,near_ground_geometry,0.4,472,462,0,0,10
c60fa7ac-9f29-554b-9926-fb3ced0f720f,scene-0004,static,20,10-20,near_ground_geometry,0.8,472,472,0,0,0
c60fa7ac-9f29-554b-9926-fb3ced0f720f,scene-0004,static,20,10-20,near_ground_geometry,1.2,472,472,0,0,0
c60fa7ac-9f29-554b-9926-fb3ced0f720f,scene-0004,static,20,10-20,raised_geometry,0.4,44,24,0,0,20
c60fa7ac-9f29-554b-9926-fb3ced0f720f,scene-0004,static,20,10-20,raised_geometry,0.8,44,41,0,0,3
c60fa7ac-9f29-554b-9926-fb3ced0f720f,scene-0004,static,20,10-20,raised_geometry,1.2,44,44,0,0,0
c60fa7ac-9f29-554b-9926-fb3ced0f720f,scene-0004,static,20,20-30,traversable_label,0.4,105,87,0,0,18
c60fa7ac-9f29-554b-9926-fb3ced0f720f,scene-0004,static,20,20-30,traversable_label,0.8,105,105,0,0,0
c60fa7ac-9f29-554b-9926-fb3ced0f720f,scene-0004,static,20,20-30,traversable_label,1.2,105,105,0,0,0
c60fa7ac-9f29-554b-9926-fb3ced0f720f,scene-0004,static,20,20-30,potential_label,0.4,643,535,0,0,108
c60fa7ac-9f29-554b-9926-fb3ced0f720f,scene-0004,static,20,20-30,potential_label,0.8,643,638,3,3,5
c60fa7ac-9f29-554b-9926-fb3ced0f720f,scene-0004,static,20,20-30,potential_label,1.2,643,642,23,23,1
c60fa7ac-9f29-554b-9926-fb3ced0f720f,scene-0004,static,20,20-30,nontraversable_label,0.4,3954,2912,50,47,1039
c60fa7ac-9f29-554b-9926-fb3ced0f720f,scene-0004,static,20,20-30,nontraversable_label,0.8,3954,3842,377,376,111
c60fa7ac-9f29-554b-9926-fb3ced0f720f,scene-0004,static,20,20-30,nontraversable_label,1.2,3954,3920,893,893,34
c60fa7ac-9f29-554b-9926-fb3ced0f720f,scene-0004,static,20,20-30,near_ground_geometry,0.4,246,198,0,0,48
c60fa7ac-9f29-554b-9926-fb3ced0f720f,scene-0004,static,20,20-30,near_ground_geometry,0.8,246,244,0,0,2
c60fa7ac-9f29-554b-9926-fb3ced0f720f,scene-0004,static,20,20-30,near_ground_geometry,1.2,246,246,0,0,0
c60fa7ac-9f29-554b-9926-fb3ced0f720f,scene-0004,static,20,30-40,traversable_label,0.4,39,14,0,0,25
c60fa7ac-9f29-554b-9926-fb3ced0f720f,scene-0004,static,20,30-40,traversable_label,0.8,39,28,0,0,11
c60fa7ac-9f29-554b-9926-fb3ced0f720f,scene-0004,static,20,30-40,traversable_label,1.2,39,34,0,0,5
c60fa7ac-9f29-554b-9926-fb3ced0f720f,scene-0004,static,20,30-40,potential_label,0.4,339,221,0,0,118
c60fa7ac-9f29-554b-9926-fb3ced0f720f,scene-0004,static,20,30-40,potential_label,0.8,339,327,1,1,12
c60fa7ac-9f29-554b-9926-fb3ced0f720f,scene-0004,static,20,30-40,potential_label,1.2,339,336,13,13,3
c60fa7ac-9f29-554b-9926-fb3ced0f720f,scene-0004,static,20,30-40,nontraversable_label,0.4,4701,2885,51,43,1808
c60fa7ac-9f29-554b-9926-fb3ced0f720f,scene-0004,static,20,30-40,nontraversable_label,0.8,4701,4477,345,345,224
c60fa7ac-9f29-554b-9926-fb3ced0f720f,scene-0004,static,20,30-40,nontraversable_label,1.2,4701,4660,820,820,41
c60fa7ac-9f29-554b-9926-fb3ced0f720f,scene-0004,static,20,30-40,near_ground_geometry,0.4,88,35,0,0,53
c60fa7ac-9f29-554b-9926-fb3ced0f720f,scene-0004,static,20,30-40,near_ground_geometry,0.8,88,65,0,0,23
c60fa7ac-9f29-554b-9926-fb3ced0f720f,scene-0004,static,20,30-40,near_ground_geometry,1.2,88,80,0,0,8
c60fa7ac-9f29-554b-9926-fb3ced0f720f,scene-0004,aligned,10,2-10,traversable_label,0.4,101,93,4,4,8
c60fa7ac-9f29-554b-9926-fb3ced0f720f,scene-0004,aligned,10,2-10,traversable_label,0.8,101,99,12,12,2
c60fa7ac-9f29-554b-9926-fb3ced0f720f,scene-0004,aligned,10,2-10,traversable_label,1.2,101,101,20,20,0
c60fa7ac-9f29-554b-9926-fb3ced0f720f,scene-0004,aligned,10,2-10,potential_label,0.4,832,805,32,32,27
c60fa7ac-9f29-554b-9926-fb3ced0f720f,scene-0004,aligned,10,2-10,potential_label,0.8,832,832,123,123,0
c60fa7ac-9f29-554b-9926-fb3ced0f720f,scene-0004,aligned,10,2-10,potential_label,1.2,832,832,255,255,0
c60fa7ac-9f29-554b-9926-fb3ced0f720f,scene-0004,aligned,10,2-10,nontraversable_label,0.4,1745,1649,92,91,95
c60fa7ac-9f29-554b-9926-fb3ced0f720f,scene-0004,aligned,10,2-10,nontraversable_label,0.8,1745,1739,492,492,6
c60fa7ac-9f29-554b-9926-fb3ced0f720f,scene-0004,aligned,10,2-10,nontraversable_label,1.2,1745,1745,984,984,0
c60fa7ac-9f29-554b-9926-fb3ced0f720f,scene-0004,aligned,10,2-10,near_ground_geometry,0.4,231,229,0,0,2
c60fa7ac-9f29-554b-9926-fb3ced0f720f,scene-0004,aligned,10,2-10,near_ground_geometry,0.8,231,231,0,0,0
c60fa7ac-9f29-554b-9926-fb3ced0f720f,scene-0004,aligned,10,2-10,near_ground_geometry,1.2,231,231,2,2,0
c60fa7ac-9f29-554b-9926-fb3ced0f720f,scene-0004,aligned,10,2-10,raised_geometry,0.4,40,17,8,8,23
c60fa7ac-9f29-554b-9926-fb3ced0f720f,scene-0004,aligned,10,2-10,raised_geometry,0.8,40,34,28,28,6
c60fa7ac-9f29-554b-9926-fb3ced0f720f,scene-0004,aligned,10,2-10,raised_geometry,1.2,40,40,39,39,0
c60fa7ac-9f29-554b-9926-fb3ced0f720f,scene-0004,aligned,10,10-20,traversable_label,0.4,277,254,0,0,23
c60fa7ac-9f29-554b-9926-fb3ced0f720f,scene-0004,aligned,10,10-20,traversable_label,0.8,277,274,0,0,3
c60fa7ac-9f29-554b-9926-fb3ced0f720f,scene-0004,aligned,10,10-20,traversable_label,1.2,277,277,0,0,0
c60fa7ac-9f29-554b-9926-fb3ced0f720f,scene-0004,aligned,10,10-20,potential_label,0.4,1342,1308,10,10,34
c60fa7ac-9f29-554b-9926-fb3ced0f720f,scene-0004,aligned,10,10-20,potential_label,0.8,1342,1342,73,73,0
c60fa7ac-9f29-554b-9926-fb3ced0f720f,scene-0004,aligned,10,10-20,potential_label,1.2,1342,1342,162,162,0
c60fa7ac-9f29-554b-9926-fb3ced0f720f,scene-0004,aligned,10,10-20,nontraversable_label,0.4,4528,4071,114,108,451
c60fa7ac-9f29-554b-9926-fb3ced0f720f,scene-0004,aligned,10,10-20,nontraversable_label,0.8,4528,4513,645,645,15
c60fa7ac-9f29-554b-9926-fb3ced0f720f,scene-0004,aligned,10,10-20,nontraversable_label,1.2,4528,4523,1303,1303,5
c60fa7ac-9f29-554b-9926-fb3ced0f720f,scene-0004,aligned,10,10-20,near_ground_geometry,0.4,472,462,0,0,10
c60fa7ac-9f29-554b-9926-fb3ced0f720f,scene-0004,aligned,10,10-20,near_ground_geometry,0.8,472,472,0,0,0
c60fa7ac-9f29-554b-9926-fb3ced0f720f,scene-0004,aligned,10,10-20,near_ground_geometry,1.2,472,472,0,0,0
c60fa7ac-9f29-554b-9926-fb3ced0f720f,scene-0004,aligned,10,10-20,raised_geometry,0.4,44,24,0,0,20
c60fa7ac-9f29-554b-9926-fb3ced0f720f,scene-0004,aligned,10,10-20,raised_geometry,0.8,44,41,0,0,3
c60fa7ac-9f29-554b-9926-fb3ced0f720f,scene-0004,aligned,10,10-20,raised_geometry,1.2,44,44,0,0,0
c60fa7ac-9f29-554b-9926-fb3ced0f720f,scene-0004,aligned,10,20-30,traversable_label,0.4,105,87,0,0,18
c60fa7ac-9f29-554b-9926-fb3ced0f720f,scene-0004,aligned,10,20-30,traversable_label,0.8,105,105,0,0,0
c60fa7ac-9f29-554b-9926-fb3ced0f720f,scene-0004,aligned,10,20-30,traversable_label,1.2,105,105,0,0,0
c60fa7ac-9f29-554b-9926-fb3ced0f720f,scene-0004,aligned,10,20-30,potential_label,0.4,643,535,0,0,108
c60fa7ac-9f29-554b-9926-fb3ced0f720f,scene-0004,aligned,10,20-30,potential_label,0.8,643,638,3,3,5
c60fa7ac-9f29-554b-9926-fb3ced0f720f,scene-0004,aligned,10,20-30,potential_label,1.2,643,642,23,23,1
c60fa7ac-9f29-554b-9926-fb3ced0f720f,scene-0004,aligned,10,20-30,nontraversable_label,0.4,3783,2801,54,51,979
c60fa7ac-9f29-554b-9926-fb3ced0f720f,scene-0004,aligned,10,20-30,nontraversable_label,0.8,3783,3686,389,388,96
c60fa7ac-9f29-554b-9926-fb3ced0f720f,scene-0004,aligned,10,20-30,nontraversable_label,1.2,3783,3752,889,889,31
c60fa7ac-9f29-554b-9926-fb3ced0f720f,scene-0004,aligned,10,20-30,near_ground_geometry,0.4,246,198,0,0,48
c60fa7ac-9f29-554b-9926-fb3ced0f720f,scene-0004,aligned,10,20-30,near_ground_geometry,0.8,246,244,0,0,2
c60fa7ac-9f29-554b-9926-fb3ced0f720f,scene-0004,aligned,10,20-30,near_ground_geometry,1.2,246,246,0,0,0
c60fa7ac-9f29-554b-9926-fb3ced0f720f,scene-0004,aligned,10,30-40,traversable_label,0.4,39,14,0,0,25
c60fa7ac-9f29-554b-9926-fb3ced0f720f,scene-0004,aligned,10,30-40,traversable_label,0.8,39,28,0,0,11
c60fa7ac-9f29-554b-9926-fb3ced0f720f,scene-0004,aligned,10,30-40,traversable_label,1.2,39,34,0,0,5
c60fa7ac-9f29-554b-9926-fb3ced0f720f,scene-0004,aligned,10,30-40,potential_label,0.4,339,221,0,0,118
c60fa7ac-9f29-554b-9926-fb3ced0f720f,scene-0004,aligned,10,30-40,potential_label,0.8,339,327,1,1,12
c60fa7ac-9f29-554b-9926-fb3ced0f720f,scene-0004,aligned,10,30-40,potential_label,1.2,339,336,13,13,3
c60fa7ac-9f29-554b-9926-fb3ced0f720f,scene-0004,aligned,10,30-40,nontraversable_label,0.4,4701,2885,54,45,1807
c60fa7ac-9f29-554b-9926-fb3ced0f720f,scene-0004,aligned,10,30-40,nontraversable_label,0.8,4701,4477,364,364,224
c60fa7ac-9f29-554b-9926-fb3ced0f720f,scene-0004,aligned,10,30-40,nontraversable_label,1.2,4701,4660,835,835,41
c60fa7ac-9f29-554b-9926-fb3ced0f720f,scene-0004,aligned,10,30-40,near_ground_geometry,0.4,88,35,0,0,53
c60fa7ac-9f29-554b-9926-fb3ced0f720f,scene-0004,aligned,10,30-40,near_ground_geometry,0.8,88,65,0,0,23
c60fa7ac-9f29-554b-9926-fb3ced0f720f,scene-0004,aligned,10,30-40,near_ground_geometry,1.2,88,80,0,0,8
c60fa7ac-9f29-554b-9926-fb3ced0f720f,scene-0004,aligned,20,2-10,traversable_label,0.4,146,138,4,4,8
c60fa7ac-9f29-554b-9926-fb3ced0f720f,scene-0004,aligned,20,2-10,traversable_label,0.8,146,144,12,12,2
c60fa7ac-9f29-554b-9926-fb3ced0f720f,scene-0004,aligned,20,2-10,traversable_label,1.2,146,146,20,20,0
c60fa7ac-9f29-554b-9926-fb3ced0f720f,scene-0004,aligned,20,2-10,potential_label,0.4,1119,1092,36,36,27
c60fa7ac-9f29-554b-9926-fb3ced0f720f,scene-0004,aligned,20,2-10,potential_label,0.8,1119,1119,152,152,0
c60fa7ac-9f29-554b-9926-fb3ced0f720f,scene-0004,aligned,20,2-10,potential_label,1.2,1119,1119,333,333,0
c60fa7ac-9f29-554b-9926-fb3ced0f720f,scene-0004,aligned,20,2-10,nontraversable_label,0.4,2163,2032,106,105,130
c60fa7ac-9f29-554b-9926-fb3ced0f720f,scene-0004,aligned,20,2-10,nontraversable_label,0.8,2163,2156,568,568,7
c60fa7ac-9f29-554b-9926-fb3ced0f720f,scene-0004,aligned,20,2-10,nontraversable_label,1.2,2163,2163,1125,1125,0
c60fa7ac-9f29-554b-9926-fb3ced0f720f,scene-0004,aligned,20,2-10,near_ground_geometry,0.4,365,363,0,0,2
c60fa7ac-9f29-554b-9926-fb3ced0f720f,scene-0004,aligned,20,2-10,near_ground_geometry,0.8,365,365,0,0,0
c60fa7ac-9f29-554b-9926-fb3ced0f720f,scene-0004,aligned,20,2-10,near_ground_geometry,1.2,365,365,3,3,0
c60fa7ac-9f29-554b-9926-fb3ced0f720f,scene-0004,aligned,20,2-10,raised_geometry,0.4,40,17,8,8,23
c60fa7ac-9f29-554b-9926-fb3ced0f720f,scene-0004,aligned,20,2-10,raised_geometry,0.8,40,34,28,28,6
c60fa7ac-9f29-554b-9926-fb3ced0f720f,scene-0004,aligned,20,2-10,raised_geometry,1.2,40,40,39,39,0
c60fa7ac-9f29-554b-9926-fb3ced0f720f,scene-0004,aligned,20,10-20,traversable_label,0.4,277,254,0,0,23
c60fa7ac-9f29-554b-9926-fb3ced0f720f,scene-0004,aligned,20,10-20,traversable_label,0.8,277,274,0,0,3
c60fa7ac-9f29-554b-9926-fb3ced0f720f,scene-0004,aligned,20,10-20,traversable_label,1.2,277,277,0,0,0
c60fa7ac-9f29-554b-9926-fb3ced0f720f,scene-0004,aligned,20,10-20,potential_label,0.4,1342,1308,10,10,34
c60fa7ac-9f29-554b-9926-fb3ced0f720f,scene-0004,aligned,20,10-20,potential_label,0.8,1342,1342,73,73,0
c60fa7ac-9f29-554b-9926-fb3ced0f720f,scene-0004,aligned,20,10-20,potential_label,1.2,1342,1342,162,162,0
c60fa7ac-9f29-554b-9926-fb3ced0f720f,scene-0004,aligned,20,10-20,nontraversable_label,0.4,5236,4678,117,111,552
c60fa7ac-9f29-554b-9926-fb3ced0f720f,scene-0004,aligned,20,10-20,nontraversable_label,0.8,5236,5212,668,668,24
c60fa7ac-9f29-554b-9926-fb3ced0f720f,scene-0004,aligned,20,10-20,nontraversable_label,1.2,5236,5229,1369,1369,7
c60fa7ac-9f29-554b-9926-fb3ced0f720f,scene-0004,aligned,20,10-20,near_ground_geometry,0.4,472,462,0,0,10
c60fa7ac-9f29-554b-9926-fb3ced0f720f,scene-0004,aligned,20,10-20,near_ground_geometry,0.8,472,472,0,0,0
c60fa7ac-9f29-554b-9926-fb3ced0f720f,scene-0004,aligned,20,10-20,near_ground_geometry,1.2,472,472,0,0,0
c60fa7ac-9f29-554b-9926-fb3ced0f720f,scene-0004,aligned,20,10-20,raised_geometry,0.4,44,24,0,0,20
c60fa7ac-9f29-554b-9926-fb3ced0f720f,scene-0004,aligned,20,10-20,raised_geometry,0.8,44,41,0,0,3
c60fa7ac-9f29-554b-9926-fb3ced0f720f,scene-0004,aligned,20,10-20,raised_geometry,1.2,44,44,0,0,0
c60fa7ac-9f29-554b-9926-fb3ced0f720f,scene-0004,aligned,20,20-30,traversable_label,0.4,105,87,0,0,18
c60fa7ac-9f29-554b-9926-fb3ced0f720f,scene-0004,aligned,20,20-30,traversable_label,0.8,105,105,0,0,0
c60fa7ac-9f29-554b-9926-fb3ced0f720f,scene-0004,aligned,20,20-30,traversable_label,1.2,105,105,0,0,0
c60fa7ac-9f29-554b-9926-fb3ced0f720f,scene-0004,aligned,20,20-30,potential_label,0.4,643,535,0,0,108
c60fa7ac-9f29-554b-9926-fb3ced0f720f,scene-0004,aligned,20,20-30,potential_label,0.8,643,638,3,3,5
c60fa7ac-9f29-554b-9926-fb3ced0f720f,scene-0004,aligned,20,20-30,potential_label,1.2,643,642,23,23,1
c60fa7ac-9f29-554b-9926-fb3ced0f720f,scene-0004,aligned,20,20-30,nontraversable_label,0.4,3954,2912,54,51,1039
c60fa7ac-9f29-554b-9926-fb3ced0f720f,scene-0004,aligned,20,20-30,nontraversable_label,0.8,3954,3842,389,388,111
c60fa7ac-9f29-554b-9926-fb3ced0f720f,scene-0004,aligned,20,20-30,nontraversable_label,1.2,3954,3920,904,904,34
c60fa7ac-9f29-554b-9926-fb3ced0f720f,scene-0004,aligned,20,20-30,near_ground_geometry,0.4,246,198,0,0,48
c60fa7ac-9f29-554b-9926-fb3ced0f720f,scene-0004,aligned,20,20-30,near_ground_geometry,0.8,246,244,0,0,2
c60fa7ac-9f29-554b-9926-fb3ced0f720f,scene-0004,aligned,20,20-30,near_ground_geometry,1.2,246,246,0,0,0
c60fa7ac-9f29-554b-9926-fb3ced0f720f,scene-0004,aligned,20,30-40,traversable_label,0.4,39,14,0,0,25
c60fa7ac-9f29-554b-9926-fb3ced0f720f,scene-0004,aligned,20,30-40,traversable_label,0.8,39,28,0,0,11
c60fa7ac-9f29-554b-9926-fb3ced0f720f,scene-0004,aligned,20,30-40,traversable_label,1.2,39,34,0,0,5
c60fa7ac-9f29-554b-9926-fb3ced0f720f,scene-0004,aligned,20,30-40,potential_label,0.4,339,221,0,0,118
c60fa7ac-9f29-554b-9926-fb3ced0f720f,scene-0004,aligned,20,30-40,potential_label,0.8,339,327,1,1,12
c60fa7ac-9f29-554b-9926-fb3ced0f720f,scene-0004,aligned,20,30-40,potential_label,1.2,339,336,13,13,3
c60fa7ac-9f29-554b-9926-fb3ced0f720f,scene-0004,aligned,20,30-40,nontraversable_label,0.4,4701,2885,54,45,1807
c60fa7ac-9f29-554b-9926-fb3ced0f720f,scene-0004,aligned,20,30-40,nontraversable_label,0.8,4701,4477,364,364,224
c60fa7ac-9f29-554b-9926-fb3ced0f720f,scene-0004,aligned,20,30-40,nontraversable_label,1.2,4701,4660,835,835,41
c60fa7ac-9f29-554b-9926-fb3ced0f720f,scene-0004,aligned,20,30-40,near_ground_geometry,0.4,88,35,0,0,53
c60fa7ac-9f29-554b-9926-fb3ced0f720f,scene-0004,aligned,20,30-40,near_ground_geometry,0.8,88,65,0,0,23
c60fa7ac-9f29-554b-9926-fb3ced0f720f,scene-0004,aligned,20,30-40,near_ground_geometry,1.2,88,80,0,0,8
c60fa7ac-9f29-554b-9926-fb3ced0f720f,scene-0004,ros_origin,10,2-10,traversable_label,0.4,101,93,1,1,8
c60fa7ac-9f29-554b-9926-fb3ced0f720f,scene-0004,ros_origin,10,2-10,traversable_label,0.8,101,99,13,13,2
c60fa7ac-9f29-554b-9926-fb3ced0f720f,scene-0004,ros_origin,10,2-10,traversable_label,1.2,101,101,28,28,0
c60fa7ac-9f29-554b-9926-fb3ced0f720f,scene-0004,ros_origin,10,2-10,potential_label,0.4,832,805,21,21,27
c60fa7ac-9f29-554b-9926-fb3ced0f720f,scene-0004,ros_origin,10,2-10,potential_label,0.8,832,832,118,118,0
c60fa7ac-9f29-554b-9926-fb3ced0f720f,scene-0004,ros_origin,10,2-10,potential_label,1.2,832,832,265,265,0
c60fa7ac-9f29-554b-9926-fb3ced0f720f,scene-0004,ros_origin,10,2-10,nontraversable_label,0.4,1745,1649,78,78,96
c60fa7ac-9f29-554b-9926-fb3ced0f720f,scene-0004,ros_origin,10,2-10,nontraversable_label,0.8,1745,1739,420,420,6
c60fa7ac-9f29-554b-9926-fb3ced0f720f,scene-0004,ros_origin,10,2-10,nontraversable_label,1.2,1745,1745,861,861,0
c60fa7ac-9f29-554b-9926-fb3ced0f720f,scene-0004,ros_origin,10,2-10,near_ground_geometry,0.4,231,229,0,0,2
c60fa7ac-9f29-554b-9926-fb3ced0f720f,scene-0004,ros_origin,10,2-10,near_ground_geometry,0.8,231,231,4,4,0
c60fa7ac-9f29-554b-9926-fb3ced0f720f,scene-0004,ros_origin,10,2-10,near_ground_geometry,1.2,231,231,24,24,0
c60fa7ac-9f29-554b-9926-fb3ced0f720f,scene-0004,ros_origin,10,2-10,raised_geometry,0.4,40,17,5,5,23
c60fa7ac-9f29-554b-9926-fb3ced0f720f,scene-0004,ros_origin,10,2-10,raised_geometry,0.8,40,34,22,22,6
c60fa7ac-9f29-554b-9926-fb3ced0f720f,scene-0004,ros_origin,10,2-10,raised_geometry,1.2,40,40,38,38,0
c60fa7ac-9f29-554b-9926-fb3ced0f720f,scene-0004,ros_origin,10,10-20,traversable_label,0.4,277,254,0,0,23
c60fa7ac-9f29-554b-9926-fb3ced0f720f,scene-0004,ros_origin,10,10-20,traversable_label,0.8,277,274,0,0,3
c60fa7ac-9f29-554b-9926-fb3ced0f720f,scene-0004,ros_origin,10,10-20,traversable_label,1.2,277,277,0,0,0
c60fa7ac-9f29-554b-9926-fb3ced0f720f,scene-0004,ros_origin,10,10-20,potential_label,0.4,1342,1308,14,14,34
c60fa7ac-9f29-554b-9926-fb3ced0f720f,scene-0004,ros_origin,10,10-20,potential_label,0.8,1342,1342,87,87,0
c60fa7ac-9f29-554b-9926-fb3ced0f720f,scene-0004,ros_origin,10,10-20,potential_label,1.2,1342,1342,182,182,0
c60fa7ac-9f29-554b-9926-fb3ced0f720f,scene-0004,ros_origin,10,10-20,nontraversable_label,0.4,4528,4071,106,103,454
c60fa7ac-9f29-554b-9926-fb3ced0f720f,scene-0004,ros_origin,10,10-20,nontraversable_label,0.8,4528,4513,574,574,15
c60fa7ac-9f29-554b-9926-fb3ced0f720f,scene-0004,ros_origin,10,10-20,nontraversable_label,1.2,4528,4523,1183,1183,5
c60fa7ac-9f29-554b-9926-fb3ced0f720f,scene-0004,ros_origin,10,10-20,near_ground_geometry,0.4,472,462,0,0,10
c60fa7ac-9f29-554b-9926-fb3ced0f720f,scene-0004,ros_origin,10,10-20,near_ground_geometry,0.8,472,472,0,0,0
c60fa7ac-9f29-554b-9926-fb3ced0f720f,scene-0004,ros_origin,10,10-20,near_ground_geometry,1.2,472,472,0,0,0
c60fa7ac-9f29-554b-9926-fb3ced0f720f,scene-0004,ros_origin,10,10-20,raised_geometry,0.4,44,24,0,0,20
c60fa7ac-9f29-554b-9926-fb3ced0f720f,scene-0004,ros_origin,10,10-20,raised_geometry,0.8,44,41,0,0,3
c60fa7ac-9f29-554b-9926-fb3ced0f720f,scene-0004,ros_origin,10,10-20,raised_geometry,1.2,44,44,0,0,0
c60fa7ac-9f29-554b-9926-fb3ced0f720f,scene-0004,ros_origin,10,20-30,traversable_label,0.4,105,87,0,0,18
c60fa7ac-9f29-554b-9926-fb3ced0f720f,scene-0004,ros_origin,10,20-30,traversable_label,0.8,105,105,0,0,0
c60fa7ac-9f29-554b-9926-fb3ced0f720f,scene-0004,ros_origin,10,20-30,traversable_label,1.2,105,105,0,0,0
c60fa7ac-9f29-554b-9926-fb3ced0f720f,scene-0004,ros_origin,10,20-30,potential_label,0.4,643,535,0,0,108
c60fa7ac-9f29-554b-9926-fb3ced0f720f,scene-0004,ros_origin,10,20-30,potential_label,0.8,643,638,1,1,5
c60fa7ac-9f29-554b-9926-fb3ced0f720f,scene-0004,ros_origin,10,20-30,potential_label,1.2,643,642,14,14,1
c60fa7ac-9f29-554b-9926-fb3ced0f720f,scene-0004,ros_origin,10,20-30,nontraversable_label,0.4,3783,2801,52,49,979
c60fa7ac-9f29-554b-9926-fb3ced0f720f,scene-0004,ros_origin,10,20-30,nontraversable_label,0.8,3783,3686,345,345,97
c60fa7ac-9f29-554b-9926-fb3ced0f720f,scene-0004,ros_origin,10,20-30,nontraversable_label,1.2,3783,3752,850,850,31
c60fa7ac-9f29-554b-9926-fb3ced0f720f,scene-0004,ros_origin,10,20-30,near_ground_geometry,0.4,246,198,0,0,48
c60fa7ac-9f29-554b-9926-fb3ced0f720f,scene-0004,ros_origin,10,20-30,near_ground_geometry,0.8,246,244,0,0,2
c60fa7ac-9f29-554b-9926-fb3ced0f720f,scene-0004,ros_origin,10,20-30,near_ground_geometry,1.2,246,246,0,0,0
c60fa7ac-9f29-554b-9926-fb3ced0f720f,scene-0004,ros_origin,10,30-40,traversable_label,0.4,39,14,0,0,25
c60fa7ac-9f29-554b-9926-fb3ced0f720f,scene-0004,ros_origin,10,30-40,traversable_label,0.8,39,28,0,0,11
c60fa7ac-9f29-554b-9926-fb3ced0f720f,scene-0004,ros_origin,10,30-40,traversable_label,1.2,39,34,0,0,5
c60fa7ac-9f29-554b-9926-fb3ced0f720f,scene-0004,ros_origin,10,30-40,potential_label,0.4,339,221,0,0,118
c60fa7ac-9f29-554b-9926-fb3ced0f720f,scene-0004,ros_origin,10,30-40,potential_label,0.8,339,327,1,1,12
c60fa7ac-9f29-554b-9926-fb3ced0f720f,scene-0004,ros_origin,10,30-40,potential_label,1.2,339,336,2,2,3
c60fa7ac-9f29-554b-9926-fb3ced0f720f,scene-0004,ros_origin,10,30-40,nontraversable_label,0.4,4701,2885,75,59,1800
c60fa7ac-9f29-554b-9926-fb3ced0f720f,scene-0004,ros_origin,10,30-40,nontraversable_label,0.8,4701,4477,423,423,224
c60fa7ac-9f29-554b-9926-fb3ced0f720f,scene-0004,ros_origin,10,30-40,nontraversable_label,1.2,4701,4660,881,880,40
c60fa7ac-9f29-554b-9926-fb3ced0f720f,scene-0004,ros_origin,10,30-40,near_ground_geometry,0.4,88,35,0,0,53
c60fa7ac-9f29-554b-9926-fb3ced0f720f,scene-0004,ros_origin,10,30-40,near_ground_geometry,0.8,88,65,0,0,23
c60fa7ac-9f29-554b-9926-fb3ced0f720f,scene-0004,ros_origin,10,30-40,near_ground_geometry,1.2,88,80,0,0,8
c60fa7ac-9f29-554b-9926-fb3ced0f720f,scene-0004,ros_origin,20,2-10,traversable_label,0.4,146,138,1,1,8
c60fa7ac-9f29-554b-9926-fb3ced0f720f,scene-0004,ros_origin,20,2-10,traversable_label,0.8,146,144,13,13,2
c60fa7ac-9f29-554b-9926-fb3ced0f720f,scene-0004,ros_origin,20,2-10,traversable_label,1.2,146,146,28,28,0
c60fa7ac-9f29-554b-9926-fb3ced0f720f,scene-0004,ros_origin,20,2-10,potential_label,0.4,1119,1092,29,29,27
c60fa7ac-9f29-554b-9926-fb3ced0f720f,scene-0004,ros_origin,20,2-10,potential_label,0.8,1119,1119,157,157,0
c60fa7ac-9f29-554b-9926-fb3ced0f720f,scene-0004,ros_origin,20,2-10,potential_label,1.2,1119,1119,355,355,0
c60fa7ac-9f29-554b-9926-fb3ced0f720f,scene-0004,ros_origin,20,2-10,nontraversable_label,0.4,2163,2032,96,96,131
c60fa7ac-9f29-554b-9926-fb3ced0f720f,scene-0004,ros_origin,20,2-10,nontraversable_label,0.8,2163,2156,501,501,7
c60fa7ac-9f29-554b-9926-fb3ced0f720f,scene-0004,ros_origin,20,2-10,nontraversable_label,1.2,2163,2163,980,980,0
c60fa7ac-9f29-554b-9926-fb3ced0f720f,scene-0004,ros_origin,20,2-10,near_ground_geometry,0.4,365,363,0,0,2
c60fa7ac-9f29-554b-9926-fb3ced0f720f,scene-0004,ros_origin,20,2-10,near_ground_geometry,0.8,365,365,4,4,0
c60fa7ac-9f29-554b-9926-fb3ced0f720f,scene-0004,ros_origin,20,2-10,near_ground_geometry,1.2,365,365,26,26,0
c60fa7ac-9f29-554b-9926-fb3ced0f720f,scene-0004,ros_origin,20,2-10,raised_geometry,0.4,40,17,5,5,23
c60fa7ac-9f29-554b-9926-fb3ced0f720f,scene-0004,ros_origin,20,2-10,raised_geometry,0.8,40,34,22,22,6
c60fa7ac-9f29-554b-9926-fb3ced0f720f,scene-0004,ros_origin,20,2-10,raised_geometry,1.2,40,40,38,38,0
c60fa7ac-9f29-554b-9926-fb3ced0f720f,scene-0004,ros_origin,20,10-20,traversable_label,0.4,277,254,0,0,23
c60fa7ac-9f29-554b-9926-fb3ced0f720f,scene-0004,ros_origin,20,10-20,traversable_label,0.8,277,274,0,0,3
c60fa7ac-9f29-554b-9926-fb3ced0f720f,scene-0004,ros_origin,20,10-20,traversable_label,1.2,277,277,0,0,0
c60fa7ac-9f29-554b-9926-fb3ced0f720f,scene-0004,ros_origin,20,10-20,potential_label,0.4,1342,1308,14,14,34
c60fa7ac-9f29-554b-9926-fb3ced0f720f,scene-0004,ros_origin,20,10-20,potential_label,0.8,1342,1342,87,87,0
c60fa7ac-9f29-554b-9926-fb3ced0f720f,scene-0004,ros_origin,20,10-20,potential_label,1.2,1342,1342,182,182,0
c60fa7ac-9f29-554b-9926-fb3ced0f720f,scene-0004,ros_origin,20,10-20,nontraversable_label,0.4,5236,4678,107,104,555
c60fa7ac-9f29-554b-9926-fb3ced0f720f,scene-0004,ros_origin,20,10-20,nontraversable_label,0.8,5236,5212,583,583,24
c60fa7ac-9f29-554b-9926-fb3ced0f720f,scene-0004,ros_origin,20,10-20,nontraversable_label,1.2,5236,5229,1212,1212,7
c60fa7ac-9f29-554b-9926-fb3ced0f720f,scene-0004,ros_origin,20,10-20,near_ground_geometry,0.4,472,462,0,0,10
c60fa7ac-9f29-554b-9926-fb3ced0f720f,scene-0004,ros_origin,20,10-20,near_ground_geometry,0.8,472,472,0,0,0
c60fa7ac-9f29-554b-9926-fb3ced0f720f,scene-0004,ros_origin,20,10-20,near_ground_geometry,1.2,472,472,0,0,0
c60fa7ac-9f29-554b-9926-fb3ced0f720f,scene-0004,ros_origin,20,10-20,raised_geometry,0.4,44,24,0,0,20
c60fa7ac-9f29-554b-9926-fb3ced0f720f,scene-0004,ros_origin,20,10-20,raised_geometry,0.8,44,41,0,0,3
c60fa7ac-9f29-554b-9926-fb3ced0f720f,scene-0004,ros_origin,20,10-20,raised_geometry,1.2,44,44,0,0,0
c60fa7ac-9f29-554b-9926-fb3ced0f720f,scene-0004,ros_origin,20,20-30,traversable_label,0.4,105,87,0,0,18
c60fa7ac-9f29-554b-9926-fb3ced0f720f,scene-0004,ros_origin,20,20-30,traversable_label,0.8,105,105,0,0,0
c60fa7ac-9f29-554b-9926-fb3ced0f720f,scene-0004,ros_origin,20,20-30,traversable_label,1.2,105,105,0,0,0
c60fa7ac-9f29-554b-9926-fb3ced0f720f,scene-0004,ros_origin,20,20-30,potential_label,0.4,643,535,0,0,108
c60fa7ac-9f29-554b-9926-fb3ced0f720f,scene-0004,ros_origin,20,20-30,potential_label,0.8,643,638,1,1,5
c60fa7ac-9f29-554b-9926-fb3ced0f720f,scene-0004,ros_origin,20,20-30,potential_label,1.2,643,642,14,14,1
c60fa7ac-9f29-554b-9926-fb3ced0f720f,scene-0004,ros_origin,20,20-30,nontraversable_label,0.4,3954,2912,52,49,1039
c60fa7ac-9f29-554b-9926-fb3ced0f720f,scene-0004,ros_origin,20,20-30,nontraversable_label,0.8,3954,3842,345,345,112
c60fa7ac-9f29-554b-9926-fb3ced0f720f,scene-0004,ros_origin,20,20-30,nontraversable_label,1.2,3954,3920,850,850,34
c60fa7ac-9f29-554b-9926-fb3ced0f720f,scene-0004,ros_origin,20,20-30,near_ground_geometry,0.4,246,198,0,0,48
c60fa7ac-9f29-554b-9926-fb3ced0f720f,scene-0004,ros_origin,20,20-30,near_ground_geometry,0.8,246,244,0,0,2
c60fa7ac-9f29-554b-9926-fb3ced0f720f,scene-0004,ros_origin,20,20-30,near_ground_geometry,1.2,246,246,0,0,0
c60fa7ac-9f29-554b-9926-fb3ced0f720f,scene-0004,ros_origin,20,30-40,traversable_label,0.4,39,14,0,0,25
c60fa7ac-9f29-554b-9926-fb3ced0f720f,scene-0004,ros_origin,20,30-40,traversable_label,0.8,39,28,0,0,11
c60fa7ac-9f29-554b-9926-fb3ced0f720f,scene-0004,ros_origin,20,30-40,traversable_label,1.2,39,34,0,0,5
c60fa7ac-9f29-554b-9926-fb3ced0f720f,scene-0004,ros_origin,20,30-40,potential_label,0.4,339,221,0,0,118
c60fa7ac-9f29-554b-9926-fb3ced0f720f,scene-0004,ros_origin,20,30-40,potential_label,0.8,339,327,1,1,12
c60fa7ac-9f29-554b-9926-fb3ced0f720f,scene-0004,ros_origin,20,30-40,potential_label,1.2,339,336,2,2,3
c60fa7ac-9f29-554b-9926-fb3ced0f720f,scene-0004,ros_origin,20,30-40,nontraversable_label,0.4,4701,2885,75,59,1800
c60fa7ac-9f29-554b-9926-fb3ced0f720f,scene-0004,ros_origin,20,30-40,nontraversable_label,0.8,4701,4477,423,423,224
c60fa7ac-9f29-554b-9926-fb3ced0f720f,scene-0004,ros_origin,20,30-40,nontraversable_label,1.2,4701,4660,881,880,40
c60fa7ac-9f29-554b-9926-fb3ced0f720f,scene-0004,ros_origin,20,30-40,near_ground_geometry,0.4,88,35,0,0,53
c60fa7ac-9f29-554b-9926-fb3ced0f720f,scene-0004,ros_origin,20,30-40,near_ground_geometry,0.8,88,65,0,0,23
c60fa7ac-9f29-554b-9926-fb3ced0f720f,scene-0004,ros_origin,20,30-40,near_ground_geometry,1.2,88,80,0,0,8
921a3fb4-7181-55ab-b7c8-f9386b43415b,scene-0004,static,10,2-10,traversable_label,0.4,96,88,4,4,8
921a3fb4-7181-55ab-b7c8-f9386b43415b,scene-0004,static,10,2-10,traversable_label,0.8,96,94,14,14,2
921a3fb4-7181-55ab-b7c8-f9386b43415b,scene-0004,static,10,2-10,traversable_label,1.2,96,96,22,22,0
921a3fb4-7181-55ab-b7c8-f9386b43415b,scene-0004,static,10,2-10,potential_label,0.4,564,550,26,26,14
921a3fb4-7181-55ab-b7c8-f9386b43415b,scene-0004,static,10,2-10,potential_label,0.8,564,564,97,97,0
921a3fb4-7181-55ab-b7c8-f9386b43415b,scene-0004,static,10,2-10,potential_label,1.2,564,564,180,180,0
921a3fb4-7181-55ab-b7c8-f9386b43415b,scene-0004,static,10,2-10,nontraversable_label,0.4,1909,1789,124,124,120
921a3fb4-7181-55ab-b7c8-f9386b43415b,scene-0004,static,10,2-10,nontraversable_label,0.8,1909,1899,658,657,9
921a3fb4-7181-55ab-b7c8-f9386b43415b,scene-0004,static,10,2-10,nontraversable_label,1.2,1909,1907,1184,1182,0
921a3fb4-7181-55ab-b7c8-f9386b43415b,scene-0004,static,10,2-10,near_ground_geometry,0.4,212,212,0,0,0
921a3fb4-7181-55ab-b7c8-f9386b43415b,scene-0004,static,10,2-10,near_ground_geometry,0.8,212,212,0,0,0
921a3fb4-7181-55ab-b7c8-f9386b43415b,scene-0004,static,10,2-10,near_ground_geometry,1.2,212,212,2,2,0
921a3fb4-7181-55ab-b7c8-f9386b43415b,scene-0004,static,10,2-10,raised_geometry,0.4,32,17,4,4,15
921a3fb4-7181-55ab-b7c8-f9386b43415b,scene-0004,static,10,2-10,raised_geometry,0.8,32,28,23,23,4
921a3fb4-7181-55ab-b7c8-f9386b43415b,scene-0004,static,10,2-10,raised_geometry,1.2,32,32,32,32,0
921a3fb4-7181-55ab-b7c8-f9386b43415b,scene-0004,static,10,10-20,traversable_label,0.4,195,183,0,0,12
921a3fb4-7181-55ab-b7c8-f9386b43415b,scene-0004,static,10,10-20,traversable_label,0.8,195,195,0,0,0
921a3fb4-7181-55ab-b7c8-f9386b43415b,scene-0004,static,10,10-20,traversable_label,1.2,195,195,0,0,0
921a3fb4-7181-55ab-b7c8-f9386b43415b,scene-0004,static,10,10-20,potential_label,0.4,1212,1167,16,16,45
921a3fb4-7181-55ab-b7c8-f9386b43415b,scene-0004,static,10,10-20,potential_label,0.8,1212,1209,118,118,3
921a3fb4-7181-55ab-b7c8-f9386b43415b,scene-0004,static,10,10-20,potential_label,1.2,1212,1211,285,284,0
921a3fb4-7181-55ab-b7c8-f9386b43415b,scene-0004,static,10,10-20,nontraversable_label,0.4,3968,3561,129,129,407
921a3fb4-7181-55ab-b7c8-f9386b43415b,scene-0004,static,10,10-20,nontraversable_label,0.8,3968,3929,656,656,39
921a3fb4-7181-55ab-b7c8-f9386b43415b,scene-0004,static,10,10-20,nontraversable_label,1.2,3968,3960,1349,1349,8
921a3fb4-7181-55ab-b7c8-f9386b43415b,scene-0004,static,10,10-20,near_ground_geometry,0.4,452,442,0,0,10
921a3fb4-7181-55ab-b7c8-f9386b43415b,scene-0004,static,10,10-20,near_ground_geometry,0.8,452,452,0,0,0
921a3fb4-7181-55ab-b7c8-f9386b43415b,scene-0004,static,10,10-20,near_ground_geometry,1.2,452,452,0,0,0
921a3fb4-7181-55ab-b7c8-f9386b43415b,scene-0004,static,10,10-20,raised_geometry,0.4,22,16,0,0,6
921a3fb4-7181-55ab-b7c8-f9386b43415b,scene-0004,static,10,10-20,raised_geometry,0.8,22,22,0,0,0
921a3fb4-7181-55ab-b7c8-f9386b43415b,scene-0004,static,10,10-20,raised_geometry,1.2,22,22,0,0,0
921a3fb4-7181-55ab-b7c8-f9386b43415b,scene-0004,static,10,20-30,traversable_label,0.4,159,124,0,0,35
921a3fb4-7181-55ab-b7c8-f9386b43415b,scene-0004,static,10,20-30,traversable_label,0.8,159,158,0,0,1
921a3fb4-7181-55ab-b7c8-f9386b43415b,scene-0004,static,10,20-30,traversable_label,1.2,159,159,0,0,0
921a3fb4-7181-55ab-b7c8-f9386b43415b,scene-0004,static,10,20-30,potential_label,0.4,544,436,0,0,108
921a3fb4-7181-55ab-b7c8-f9386b43415b,scene-0004,static,10,20-30,potential_label,0.8,544,541,0,0,3
921a3fb4-7181-55ab-b7c8-f9386b43415b,scene-0004,static,10,20-30,potential_label,1.2,544,544,6,6,0
921a3fb4-7181-55ab-b7c8-f9386b43415b,scene-0004,static,10,20-30,nontraversable_label,0.4,3531,2759,50,47,769
921a3fb4-7181-55ab-b7c8-f9386b43415b,scene-0004,static,10,20-30,nontraversable_label,0.8,3531,3403,296,296,128
921a3fb4-7181-55ab-b7c8-f9386b43415b,scene-0004,static,10,20-30,nontraversable_label,1.2,3531,3471,716,716,60
921a3fb4-7181-55ab-b7c8-f9386b43415b,scene-0004,static,10,20-30,near_ground_geometry,0.4,312,243,0,0,69
921a3fb4-7181-55ab-b7c8-f9386b43415b,scene-0004,static,10,20-30,near_ground_geometry,0.8,312,307,0,0,5
921a3fb4-7181-55ab-b7c8-f9386b43415b,scene-0004,static,10,20-30,near_ground_geometry,1.2,312,312,0,0,0
921a3fb4-7181-55ab-b7c8-f9386b43415b,scene-0004,static,10,20-30,raised_geometry,0.4,7,6,0,0,1
921a3fb4-7181-55ab-b7c8-f9386b43415b,scene-0004,static,10,20-30,raised_geometry,0.8,7,7,0,0,0
921a3fb4-7181-55ab-b7c8-f9386b43415b,scene-0004,static,10,20-30,raised_geometry,1.2,7,7,0,0,0
921a3fb4-7181-55ab-b7c8-f9386b43415b,scene-0004,static,10,30-40,traversable_label,0.4,49,31,0,0,18
921a3fb4-7181-55ab-b7c8-f9386b43415b,scene-0004,static,10,30-40,traversable_label,0.8,49,48,0,0,1
921a3fb4-7181-55ab-b7c8-f9386b43415b,scene-0004,static,10,30-40,traversable_label,1.2,49,49,0,0,0
921a3fb4-7181-55ab-b7c8-f9386b43415b,scene-0004,static,10,30-40,potential_label,0.4,333,245,0,0,88
921a3fb4-7181-55ab-b7c8-f9386b43415b,scene-0004,static,10,30-40,potential_label,0.8,333,329,2,2,4
921a3fb4-7181-55ab-b7c8-f9386b43415b,scene-0004,static,10,30-40,potential_label,1.2,333,333,6,6,0
921a3fb4-7181-55ab-b7c8-f9386b43415b,scene-0004,static,10,30-40,nontraversable_label,0.4,3663,2272,40,29,1380
921a3fb4-7181-55ab-b7c8-f9386b43415b,scene-0004,static,10,30-40,nontraversable_label,0.8,3663,3406,242,227,242
921a3fb4-7181-55ab-b7c8-f9386b43415b,scene-0004,static,10,30-40,nontraversable_label,1.2,3663,3593,616,605,59
921a3fb4-7181-55ab-b7c8-f9386b43415b,scene-0004,static,10,30-40,near_ground_geometry,0.4,100,64,0,0,36
921a3fb4-7181-55ab-b7c8-f9386b43415b,scene-0004,static,10,30-40,near_ground_geometry,0.8,100,97,0,0,3
921a3fb4-7181-55ab-b7c8-f9386b43415b,scene-0004,static,10,30-40,near_ground_geometry,1.2,100,100,0,0,0
921a3fb4-7181-55ab-b7c8-f9386b43415b,scene-0004,static,20,2-10,traversable_label,0.4,138,130,4,4,8
921a3fb4-7181-55ab-b7c8-f9386b43415b,scene-0004,static,20,2-10,traversable_label,0.8,138,136,14,14,2
921a3fb4-7181-55ab-b7c8-f9386b43415b,scene-0004,static,20,2-10,traversable_label,1.2,138,138,22,22,0
921a3fb4-7181-55ab-b7c8-f9386b43415b,scene-0004,static,20,2-10,potential_label,0.4,836,822,27,27,14
921a3fb4-7181-55ab-b7c8-f9386b43415b,scene-0004,static,20,2-10,potential_label,0.8,836,836,112,112,0
921a3fb4-7181-55ab-b7c8-f9386b43415b,scene-0004,static,20,2-10,potential_label,1.2,836,836,230,230,0
921a3fb4-7181-55ab-b7c8-f9386b43415b,scene-0004,static,20,2-10,nontraversable_label,0.4,2532,2368,134,134,164
921a3fb4-7181-55ab-b7c8-f9386b43415b,scene-0004,static,20,2-10,nontraversable_label,0.8,2532,2518,713,712,13
921a3fb4-7181-55ab-b7c8-f9386b43415b,scene-0004,static,20,2-10,nontraversable_label,1.2,2532,2528,1387,1385,2
921a3fb4-7181-55ab-b7c8-f9386b43415b,scene-0004,static,20,2-10,near_ground_geometry,0.4,342,342,0,0,0
921a3fb4-7181-55ab-b7c8-f9386b43415b,scene-0004,static,20,2-10,near_ground_geometry,0.8,342,342,0,0,0
921a3fb4-7181-55ab-b7c8-f9386b43415b,scene-0004,static,20,2-10,near_ground_geometry,1.2,342,342,2,2,0
921a3fb4-7181-55ab-b7c8-f9386b43415b,scene-0004,static,20,2-10,raised_geometry,0.4,32,17,4,4,15
921a3fb4-7181-55ab-b7c8-f9386b43415b,scene-0004,static,20,2-10,raised_geometry,0.8,32,28,23,23,4
921a3fb4-7181-55ab-b7c8-f9386b43415b,scene-0004,static,20,2-10,raised_geometry,1.2,32,32,32,32,0
921a3fb4-7181-55ab-b7c8-f9386b43415b,scene-0004,static,20,10-20,traversable_label,0.4,195,183,0,0,12
921a3fb4-7181-55ab-b7c8-f9386b43415b,scene-0004,static,20,10-20,traversable_label,0.8,195,195,0,0,0
921a3fb4-7181-55ab-b7c8-f9386b43415b,scene-0004,static,20,10-20,traversable_label,1.2,195,195,0,0,0
921a3fb4-7181-55ab-b7c8-f9386b43415b,scene-0004,static,20,10-20,potential_label,0.4,1212,1167,16,16,45
921a3fb4-7181-55ab-b7c8-f9386b43415b,scene-0004,static,20,10-20,potential_label,0.8,1212,1209,118,118,3
921a3fb4-7181-55ab-b7c8-f9386b43415b,scene-0004,static,20,10-20,potential_label,1.2,1212,1211,285,284,0
921a3fb4-7181-55ab-b7c8-f9386b43415b,scene-0004,static,20,10-20,nontraversable_label,0.4,4472,3972,129,129,500
921a3fb4-7181-55ab-b7c8-f9386b43415b,scene-0004,static,20,10-20,nontraversable_label,0.8,4472,4421,656,656,51
921a3fb4-7181-55ab-b7c8-f9386b43415b,scene-0004,static,20,10-20,nontraversable_label,1.2,4472,4456,1353,1353,16
921a3fb4-7181-55ab-b7c8-f9386b43415b,scene-0004,static,20,10-20,near_ground_geometry,0.4,452,442,0,0,10
921a3fb4-7181-55ab-b7c8-f9386b43415b,scene-0004,static,20,10-20,near_ground_geometry,0.8,452,452,0,0,0
921a3fb4-7181-55ab-b7c8-f9386b43415b,scene-0004,static,20,10-20,near_ground_geometry,1.2,452,452,0,0,0
921a3fb4-7181-55ab-b7c8-f9386b43415b,scene-0004,static,20,10-20,raised_geometry,0.4,22,16,0,0,6
921a3fb4-7181-55ab-b7c8-f9386b43415b,scene-0004,static,20,10-20,raised_geometry,0.8,22,22,0,0,0
921a3fb4-7181-55ab-b7c8-f9386b43415b,scene-0004,static,20,10-20,raised_geometry,1.2,22,22,0,0,0
921a3fb4-7181-55ab-b7c8-f9386b43415b,scene-0004,static,20,20-30,traversable_label,0.4,159,124,0,0,35
921a3fb4-7181-55ab-b7c8-f9386b43415b,scene-0004,static,20,20-30,traversable_label,0.8,159,158,0,0,1
921a3fb4-7181-55ab-b7c8-f9386b43415b,scene-0004,static,20,20-30,traversable_label,1.2,159,159,0,0,0
921a3fb4-7181-55ab-b7c8-f9386b43415b,scene-0004,static,20,20-30,potential_label,0.4,544,436,0,0,108
921a3fb4-7181-55ab-b7c8-f9386b43415b,scene-0004,static,20,20-30,potential_label,0.8,544,541,0,0,3
921a3fb4-7181-55ab-b7c8-f9386b43415b,scene-0004,static,20,20-30,potential_label,1.2,544,544,6,6,0
921a3fb4-7181-55ab-b7c8-f9386b43415b,scene-0004,static,20,20-30,nontraversable_label,0.4,3639,2842,50,47,794
921a3fb4-7181-55ab-b7c8-f9386b43415b,scene-0004,static,20,20-30,nontraversable_label,0.8,3639,3510,296,296,129
921a3fb4-7181-55ab-b7c8-f9386b43415b,scene-0004,static,20,20-30,nontraversable_label,1.2,3639,3579,716,716,60
921a3fb4-7181-55ab-b7c8-f9386b43415b,scene-0004,static,20,20-30,near_ground_geometry,0.4,312,243,0,0,69
921a3fb4-7181-55ab-b7c8-f9386b43415b,scene-0004,static,20,20-30,near_ground_geometry,0.8,312,307,0,0,5
921a3fb4-7181-55ab-b7c8-f9386b43415b,scene-0004,static,20,20-30,near_ground_geometry,1.2,312,312,0,0,0
921a3fb4-7181-55ab-b7c8-f9386b43415b,scene-0004,static,20,20-30,raised_geometry,0.4,7,6,0,0,1
921a3fb4-7181-55ab-b7c8-f9386b43415b,scene-0004,static,20,20-30,raised_geometry,0.8,7,7,0,0,0
921a3fb4-7181-55ab-b7c8-f9386b43415b,scene-0004,static,20,20-30,raised_geometry,1.2,7,7,0,0,0
921a3fb4-7181-55ab-b7c8-f9386b43415b,scene-0004,static,20,30-40,traversable_label,0.4,49,31,0,0,18
921a3fb4-7181-55ab-b7c8-f9386b43415b,scene-0004,static,20,30-40,traversable_label,0.8,49,48,0,0,1
921a3fb4-7181-55ab-b7c8-f9386b43415b,scene-0004,static,20,30-40,traversable_label,1.2,49,49,0,0,0
921a3fb4-7181-55ab-b7c8-f9386b43415b,scene-0004,static,20,30-40,potential_label,0.4,333,245,0,0,88
921a3fb4-7181-55ab-b7c8-f9386b43415b,scene-0004,static,20,30-40,potential_label,0.8,333,329,2,2,4
921a3fb4-7181-55ab-b7c8-f9386b43415b,scene-0004,static,20,30-40,potential_label,1.2,333,333,6,6,0
921a3fb4-7181-55ab-b7c8-f9386b43415b,scene-0004,static,20,30-40,nontraversable_label,0.4,3663,2272,40,29,1380
921a3fb4-7181-55ab-b7c8-f9386b43415b,scene-0004,static,20,30-40,nontraversable_label,0.8,3663,3406,242,227,242
921a3fb4-7181-55ab-b7c8-f9386b43415b,scene-0004,static,20,30-40,nontraversable_label,1.2,3663,3593,616,605,59
921a3fb4-7181-55ab-b7c8-f9386b43415b,scene-0004,static,20,30-40,near_ground_geometry,0.4,100,64,0,0,36
921a3fb4-7181-55ab-b7c8-f9386b43415b,scene-0004,static,20,30-40,near_ground_geometry,0.8,100,97,0,0,3
921a3fb4-7181-55ab-b7c8-f9386b43415b,scene-0004,static,20,30-40,near_ground_geometry,1.2,100,100,0,0,0
921a3fb4-7181-55ab-b7c8-f9386b43415b,scene-0004,aligned,10,2-10,traversable_label,0.4,96,88,4,4,8
921a3fb4-7181-55ab-b7c8-f9386b43415b,scene-0004,aligned,10,2-10,traversable_label,0.8,96,94,14,14,2
921a3fb4-7181-55ab-b7c8-f9386b43415b,scene-0004,aligned,10,2-10,traversable_label,1.2,96,96,23,23,0
921a3fb4-7181-55ab-b7c8-f9386b43415b,scene-0004,aligned,10,2-10,potential_label,0.4,564,550,25,25,14
921a3fb4-7181-55ab-b7c8-f9386b43415b,scene-0004,aligned,10,2-10,potential_label,0.8,564,564,98,98,0
921a3fb4-7181-55ab-b7c8-f9386b43415b,scene-0004,aligned,10,2-10,potential_label,1.2,564,564,180,180,0
921a3fb4-7181-55ab-b7c8-f9386b43415b,scene-0004,aligned,10,2-10,nontraversable_label,0.4,1909,1789,119,119,120
921a3fb4-7181-55ab-b7c8-f9386b43415b,scene-0004,aligned,10,2-10,nontraversable_label,0.8,1909,1899,655,654,9
921a3fb4-7181-55ab-b7c8-f9386b43415b,scene-0004,aligned,10,2-10,nontraversable_label,1.2,1909,1907,1183,1181,0
921a3fb4-7181-55ab-b7c8-f9386b43415b,scene-0004,aligned,10,2-10,near_ground_geometry,0.4,212,212,0,0,0
921a3fb4-7181-55ab-b7c8-f9386b43415b,scene-0004,aligned,10,2-10,near_ground_geometry,0.8,212,212,0,0,0
921a3fb4-7181-55ab-b7c8-f9386b43415b,scene-0004,aligned,10,2-10,near_ground_geometry,1.2,212,212,1,1,0
921a3fb4-7181-55ab-b7c8-f9386b43415b,scene-0004,aligned,10,2-10,raised_geometry,0.4,32,17,4,4,15
921a3fb4-7181-55ab-b7c8-f9386b43415b,scene-0004,aligned,10,2-10,raised_geometry,0.8,32,28,23,23,4
921a3fb4-7181-55ab-b7c8-f9386b43415b,scene-0004,aligned,10,2-10,raised_geometry,1.2,32,32,32,32,0
921a3fb4-7181-55ab-b7c8-f9386b43415b,scene-0004,aligned,10,10-20,traversable_label,0.4,195,183,0,0,12
921a3fb4-7181-55ab-b7c8-f9386b43415b,scene-0004,aligned,10,10-20,traversable_label,0.8,195,195,0,0,0
921a3fb4-7181-55ab-b7c8-f9386b43415b,scene-0004,aligned,10,10-20,traversable_label,1.2,195,195,0,0,0
921a3fb4-7181-55ab-b7c8-f9386b43415b,scene-0004,aligned,10,10-20,potential_label,0.4,1212,1167,19,19,45
921a3fb4-7181-55ab-b7c8-f9386b43415b,scene-0004,aligned,10,10-20,potential_label,0.8,1212,1209,118,118,3
921a3fb4-7181-55ab-b7c8-f9386b43415b,scene-0004,aligned,10,10-20,potential_label,1.2,1212,1211,283,282,0
921a3fb4-7181-55ab-b7c8-f9386b43415b,scene-0004,aligned,10,10-20,nontraversable_label,0.4,3968,3561,132,132,407
921a3fb4-7181-55ab-b7c8-f9386b43415b,scene-0004,aligned,10,10-20,nontraversable_label,0.8,3968,3929,657,657,39
921a3fb4-7181-55ab-b7c8-f9386b43415b,scene-0004,aligned,10,10-20,nontraversable_label,1.2,3968,3960,1350,1350,8
921a3fb4-7181-55ab-b7c8-f9386b43415b,scene-0004,aligned,10,10-20,near_ground_geometry,0.4,452,442,0,0,10
921a3fb4-7181-55ab-b7c8-f9386b43415b,scene-0004,aligned,10,10-20,near_ground_geometry,0.8,452,452,0,0,0
921a3fb4-7181-55ab-b7c8-f9386b43415b,scene-0004,aligned,10,10-20,near_ground_geometry,1.2,452,452,0,0,0
921a3fb4-7181-55ab-b7c8-f9386b43415b,scene-0004,aligned,10,10-20,raised_geometry,0.4,22,16,0,0,6
921a3fb4-7181-55ab-b7c8-f9386b43415b,scene-0004,aligned,10,10-20,raised_geometry,0.8,22,22,0,0,0
921a3fb4-7181-55ab-b7c8-f9386b43415b,scene-0004,aligned,10,10-20,raised_geometry,1.2,22,22,0,0,0
921a3fb4-7181-55ab-b7c8-f9386b43415b,scene-0004,aligned,10,20-30,traversable_label,0.4,159,124,0,0,35
921a3fb4-7181-55ab-b7c8-f9386b43415b,scene-0004,aligned,10,20-30,traversable_label,0.8,159,158,0,0,1
921a3fb4-7181-55ab-b7c8-f9386b43415b,scene-0004,aligned,10,20-30,traversable_label,1.2,159,159,0,0,0
921a3fb4-7181-55ab-b7c8-f9386b43415b,scene-0004,aligned,10,20-30,potential_label,0.4,544,436,0,0,108
921a3fb4-7181-55ab-b7c8-f9386b43415b,scene-0004,aligned,10,20-30,potential_label,0.8,544,541,0,0,3
921a3fb4-7181-55ab-b7c8-f9386b43415b,scene-0004,aligned,10,20-30,potential_label,1.2,544,544,7,7,0
921a3fb4-7181-55ab-b7c8-f9386b43415b,scene-0004,aligned,10,20-30,nontraversable_label,0.4,3531,2759,51,49,770
921a3fb4-7181-55ab-b7c8-f9386b43415b,scene-0004,aligned,10,20-30,nontraversable_label,0.8,3531,3403,302,301,127
921a3fb4-7181-55ab-b7c8-f9386b43415b,scene-0004,aligned,10,20-30,nontraversable_label,1.2,3531,3471,717,717,60
921a3fb4-7181-55ab-b7c8-f9386b43415b,scene-0004,aligned,10,20-30,near_ground_geometry,0.4,312,243,0,0,69
921a3fb4-7181-55ab-b7c8-f9386b43415b,scene-0004,aligned,10,20-30,near_ground_geometry,0.8,312,307,0,0,5
921a3fb4-7181-55ab-b7c8-f9386b43415b,scene-0004,aligned,10,20-30,near_ground_geometry,1.2,312,312,0,0,0
921a3fb4-7181-55ab-b7c8-f9386b43415b,scene-0004,aligned,10,20-30,raised_geometry,0.4,7,6,0,0,1
921a3fb4-7181-55ab-b7c8-f9386b43415b,scene-0004,aligned,10,20-30,raised_geometry,0.8,7,7,0,0,0
921a3fb4-7181-55ab-b7c8-f9386b43415b,scene-0004,aligned,10,20-30,raised_geometry,1.2,7,7,0,0,0
921a3fb4-7181-55ab-b7c8-f9386b43415b,scene-0004,aligned,10,30-40,traversable_label,0.4,49,31,0,0,18
921a3fb4-7181-55ab-b7c8-f9386b43415b,scene-0004,aligned,10,30-40,traversable_label,0.8,49,48,0,0,1
921a3fb4-7181-55ab-b7c8-f9386b43415b,scene-0004,aligned,10,30-40,traversable_label,1.2,49,49,0,0,0
921a3fb4-7181-55ab-b7c8-f9386b43415b,scene-0004,aligned,10,30-40,potential_label,0.4,333,245,0,0,88
921a3fb4-7181-55ab-b7c8-f9386b43415b,scene-0004,aligned,10,30-40,potential_label,0.8,333,329,2,2,4
921a3fb4-7181-55ab-b7c8-f9386b43415b,scene-0004,aligned,10,30-40,potential_label,1.2,333,333,6,6,0
921a3fb4-7181-55ab-b7c8-f9386b43415b,scene-0004,aligned,10,30-40,nontraversable_label,0.4,3663,2272,40,29,1380
921a3fb4-7181-55ab-b7c8-f9386b43415b,scene-0004,aligned,10,30-40,nontraversable_label,0.8,3663,3406,244,229,242
921a3fb4-7181-55ab-b7c8-f9386b43415b,scene-0004,aligned,10,30-40,nontraversable_label,1.2,3663,3593,620,609,59
921a3fb4-7181-55ab-b7c8-f9386b43415b,scene-0004,aligned,10,30-40,near_ground_geometry,0.4,100,64,0,0,36
921a3fb4-7181-55ab-b7c8-f9386b43415b,scene-0004,aligned,10,30-40,near_ground_geometry,0.8,100,97,0,0,3
921a3fb4-7181-55ab-b7c8-f9386b43415b,scene-0004,aligned,10,30-40,near_ground_geometry,1.2,100,100,0,0,0
921a3fb4-7181-55ab-b7c8-f9386b43415b,scene-0004,aligned,20,2-10,traversable_label,0.4,138,130,4,4,8
921a3fb4-7181-55ab-b7c8-f9386b43415b,scene-0004,aligned,20,2-10,traversable_label,0.8,138,136,14,14,2
921a3fb4-7181-55ab-b7c8-f9386b43415b,scene-0004,aligned,20,2-10,traversable_label,1.2,138,138,23,23,0
921a3fb4-7181-55ab-b7c8-f9386b43415b,scene-0004,aligned,20,2-10,potential_label,0.4,836,822,26,26,14
921a3fb4-7181-55ab-b7c8-f9386b43415b,scene-0004,aligned,20,2-10,potential_label,0.8,836,836,112,112,0
921a3fb4-7181-55ab-b7c8-f9386b43415b,scene-0004,aligned,20,2-10,potential_label,1.2,836,836,230,230,0
921a3fb4-7181-55ab-b7c8-f9386b43415b,scene-0004,aligned,20,2-10,nontraversable_label,0.4,2532,2368,129,129,164
921a3fb4-7181-55ab-b7c8-f9386b43415b,scene-0004,aligned,20,2-10,nontraversable_label,0.8,2532,2518,709,708,13
921a3fb4-7181-55ab-b7c8-f9386b43415b,scene-0004,aligned,20,2-10,nontraversable_label,1.2,2532,2528,1387,1385,2
921a3fb4-7181-55ab-b7c8-f9386b43415b,scene-0004,aligned,20,2-10,near_ground_geometry,0.4,342,342,0,0,0
921a3fb4-7181-55ab-b7c8-f9386b43415b,scene-0004,aligned,20,2-10,near_ground_geometry,0.8,342,342,0,0,0
921a3fb4-7181-55ab-b7c8-f9386b43415b,scene-0004,aligned,20,2-10,near_ground_geometry,1.2,342,342,1,1,0
921a3fb4-7181-55ab-b7c8-f9386b43415b,scene-0004,aligned,20,2-10,raised_geometry,0.4,32,17,4,4,15
921a3fb4-7181-55ab-b7c8-f9386b43415b,scene-0004,aligned,20,2-10,raised_geometry,0.8,32,28,23,23,4
921a3fb4-7181-55ab-b7c8-f9386b43415b,scene-0004,aligned,20,2-10,raised_geometry,1.2,32,32,32,32,0
921a3fb4-7181-55ab-b7c8-f9386b43415b,scene-0004,aligned,20,10-20,traversable_label,0.4,195,183,0,0,12
921a3fb4-7181-55ab-b7c8-f9386b43415b,scene-0004,aligned,20,10-20,traversable_label,0.8,195,195,0,0,0
921a3fb4-7181-55ab-b7c8-f9386b43415b,scene-0004,aligned,20,10-20,traversable_label,1.2,195,195,0,0,0
921a3fb4-7181-55ab-b7c8-f9386b43415b,scene-0004,aligned,20,10-20,potential_label,0.4,1212,1167,19,19,45
921a3fb4-7181-55ab-b7c8-f9386b43415b,scene-0004,aligned,20,10-20,potential_label,0.8,1212,1209,118,118,3
921a3fb4-7181-55ab-b7c8-f9386b43415b,scene-0004,aligned,20,10-20,potential_label,1.2,1212,1211,283,282,0
921a3fb4-7181-55ab-b7c8-f9386b43415b,scene-0004,aligned,20,10-20,nontraversable_label,0.4,4472,3972,132,132,500
921a3fb4-7181-55ab-b7c8-f9386b43415b,scene-0004,aligned,20,10-20,nontraversable_label,0.8,4472,4421,657,657,51
921a3fb4-7181-55ab-b7c8-f9386b43415b,scene-0004,aligned,20,10-20,nontraversable_label,1.2,4472,4456,1354,1354,16
921a3fb4-7181-55ab-b7c8-f9386b43415b,scene-0004,aligned,20,10-20,near_ground_geometry,0.4,452,442,0,0,10
921a3fb4-7181-55ab-b7c8-f9386b43415b,scene-0004,aligned,20,10-20,near_ground_geometry,0.8,452,452,0,0,0
921a3fb4-7181-55ab-b7c8-f9386b43415b,scene-0004,aligned,20,10-20,near_ground_geometry,1.2,452,452,0,0,0
921a3fb4-7181-55ab-b7c8-f9386b43415b,scene-0004,aligned,20,10-20,raised_geometry,0.4,22,16,0,0,6
921a3fb4-7181-55ab-b7c8-f9386b43415b,scene-0004,aligned,20,10-20,raised_geometry,0.8,22,22,0,0,0
921a3fb4-7181-55ab-b7c8-f9386b43415b,scene-0004,aligned,20,10-20,raised_geometry,1.2,22,22,0,0,0
921a3fb4-7181-55ab-b7c8-f9386b43415b,scene-0004,aligned,20,20-30,traversable_label,0.4,159,124,0,0,35
921a3fb4-7181-55ab-b7c8-f9386b43415b,scene-0004,aligned,20,20-30,traversable_label,0.8,159,158,0,0,1
921a3fb4-7181-55ab-b7c8-f9386b43415b,scene-0004,aligned,20,20-30,traversable_label,1.2,159,159,0,0,0
921a3fb4-7181-55ab-b7c8-f9386b43415b,scene-0004,aligned,20,20-30,potential_label,0.4,544,436,0,0,108
921a3fb4-7181-55ab-b7c8-f9386b43415b,scene-0004,aligned,20,20-30,potential_label,0.8,544,541,0,0,3
921a3fb4-7181-55ab-b7c8-f9386b43415b,scene-0004,aligned,20,20-30,potential_label,1.2,544,544,7,7,0
921a3fb4-7181-55ab-b7c8-f9386b43415b,scene-0004,aligned,20,20-30,nontraversable_label,0.4,3639,2842,51,49,795
921a3fb4-7181-55ab-b7c8-f9386b43415b,scene-0004,aligned,20,20-30,nontraversable_label,0.8,3639,3510,302,301,128
921a3fb4-7181-55ab-b7c8-f9386b43415b,scene-0004,aligned,20,20-30,nontraversable_label,1.2,3639,3579,717,717,60
921a3fb4-7181-55ab-b7c8-f9386b43415b,scene-0004,aligned,20,20-30,near_ground_geometry,0.4,312,243,0,0,69
921a3fb4-7181-55ab-b7c8-f9386b43415b,scene-0004,aligned,20,20-30,near_ground_geometry,0.8,312,307,0,0,5
921a3fb4-7181-55ab-b7c8-f9386b43415b,scene-0004,aligned,20,20-30,near_ground_geometry,1.2,312,312,0,0,0
921a3fb4-7181-55ab-b7c8-f9386b43415b,scene-0004,aligned,20,20-30,raised_geometry,0.4,7,6,0,0,1
921a3fb4-7181-55ab-b7c8-f9386b43415b,scene-0004,aligned,20,20-30,raised_geometry,0.8,7,7,0,0,0
921a3fb4-7181-55ab-b7c8-f9386b43415b,scene-0004,aligned,20,20-30,raised_geometry,1.2,7,7,0,0,0
921a3fb4-7181-55ab-b7c8-f9386b43415b,scene-0004,aligned,20,30-40,traversable_label,0.4,49,31,0,0,18
921a3fb4-7181-55ab-b7c8-f9386b43415b,scene-0004,aligned,20,30-40,traversable_label,0.8,49,48,0,0,1
921a3fb4-7181-55ab-b7c8-f9386b43415b,scene-0004,aligned,20,30-40,traversable_label,1.2,49,49,0,0,0
921a3fb4-7181-55ab-b7c8-f9386b43415b,scene-0004,aligned,20,30-40,potential_label,0.4,333,245,0,0,88
921a3fb4-7181-55ab-b7c8-f9386b43415b,scene-0004,aligned,20,30-40,potential_label,0.8,333,329,2,2,4
921a3fb4-7181-55ab-b7c8-f9386b43415b,scene-0004,aligned,20,30-40,potential_label,1.2,333,333,6,6,0
921a3fb4-7181-55ab-b7c8-f9386b43415b,scene-0004,aligned,20,30-40,nontraversable_label,0.4,3663,2272,40,29,1380
921a3fb4-7181-55ab-b7c8-f9386b43415b,scene-0004,aligned,20,30-40,nontraversable_label,0.8,3663,3406,244,229,242
921a3fb4-7181-55ab-b7c8-f9386b43415b,scene-0004,aligned,20,30-40,nontraversable_label,1.2,3663,3593,620,609,59
921a3fb4-7181-55ab-b7c8-f9386b43415b,scene-0004,aligned,20,30-40,near_ground_geometry,0.4,100,64,0,0,36
921a3fb4-7181-55ab-b7c8-f9386b43415b,scene-0004,aligned,20,30-40,near_ground_geometry,0.8,100,97,0,0,3
921a3fb4-7181-55ab-b7c8-f9386b43415b,scene-0004,aligned,20,30-40,near_ground_geometry,1.2,100,100,0,0,0
921a3fb4-7181-55ab-b7c8-f9386b43415b,scene-0004,ros_origin,10,2-10,traversable_label,0.4,96,88,2,2,8
921a3fb4-7181-55ab-b7c8-f9386b43415b,scene-0004,ros_origin,10,2-10,traversable_label,0.8,96,94,14,14,2
921a3fb4-7181-55ab-b7c8-f9386b43415b,scene-0004,ros_origin,10,2-10,traversable_label,1.2,96,96,31,31,0
921a3fb4-7181-55ab-b7c8-f9386b43415b,scene-0004,ros_origin,10,2-10,potential_label,0.4,564,550,9,9,14
921a3fb4-7181-55ab-b7c8-f9386b43415b,scene-0004,ros_origin,10,2-10,potential_label,0.8,564,564,69,69,0
921a3fb4-7181-55ab-b7c8-f9386b43415b,scene-0004,ros_origin,10,2-10,potential_label,1.2,564,564,182,182,0
921a3fb4-7181-55ab-b7c8-f9386b43415b,scene-0004,ros_origin,10,2-10,nontraversable_label,0.4,1909,1789,89,89,120
921a3fb4-7181-55ab-b7c8-f9386b43415b,scene-0004,ros_origin,10,2-10,nontraversable_label,0.8,1909,1899,515,514,9
921a3fb4-7181-55ab-b7c8-f9386b43415b,scene-0004,ros_origin,10,2-10,nontraversable_label,1.2,1909,1907,1036,1035,1
921a3fb4-7181-55ab-b7c8-f9386b43415b,scene-0004,ros_origin,10,2-10,near_ground_geometry,0.4,212,212,0,0,0
921a3fb4-7181-55ab-b7c8-f9386b43415b,scene-0004,ros_origin,10,2-10,near_ground_geometry,0.8,212,212,1,1,0
921a3fb4-7181-55ab-b7c8-f9386b43415b,scene-0004,ros_origin,10,2-10,near_ground_geometry,1.2,212,212,19,19,0
921a3fb4-7181-55ab-b7c8-f9386b43415b,scene-0004,ros_origin,10,2-10,raised_geometry,0.4,32,17,3,3,15
921a3fb4-7181-55ab-b7c8-f9386b43415b,scene-0004,ros_origin,10,2-10,raised_geometry,0.8,32,28,18,18,4
921a3fb4-7181-55ab-b7c8-f9386b43415b,scene-0004,ros_origin,10,2-10,raised_geometry,1.2,32,32,31,31,0
921a3fb4-7181-55ab-b7c8-f9386b43415b,scene-0004,ros_origin,10,10-20,traversable_label,0.4,195,183,0,0,12
921a3fb4-7181-55ab-b7c8-f9386b43415b,scene-0004,ros_origin,10,10-20,traversable_label,0.8,195,195,0,0,0
921a3fb4-7181-55ab-b7c8-f9386b43415b,scene-0004,ros_origin,10,10-20,traversable_label,1.2,195,195,0,0,0
921a3fb4-7181-55ab-b7c8-f9386b43415b,scene-0004,ros_origin,10,10-20,potential_label,0.4,1212,1167,12,11,44
921a3fb4-7181-55ab-b7c8-f9386b43415b,scene-0004,ros_origin,10,10-20,potential_label,0.8,1212,1209,102,102,3
921a3fb4-7181-55ab-b7c8-f9386b43415b,scene-0004,ros_origin,10,10-20,potential_label,1.2,1212,1211,278,277,0
921a3fb4-7181-55ab-b7c8-f9386b43415b,scene-0004,ros_origin,10,10-20,nontraversable_label,0.4,3968,3561,131,130,406
921a3fb4-7181-55ab-b7c8-f9386b43415b,scene-0004,ros_origin,10,10-20,nontraversable_label,0.8,3968,3929,603,603,39
921a3fb4-7181-55ab-b7c8-f9386b43415b,scene-0004,ros_origin,10,10-20,nontraversable_label,1.2,3968,3960,1208,1208,8
921a3fb4-7181-55ab-b7c8-f9386b43415b,scene-0004,ros_origin,10,10-20,near_ground_geometry,0.4,452,442,0,0,10
921a3fb4-7181-55ab-b7c8-f9386b43415b,scene-0004,ros_origin,10,10-20,near_ground_geometry,0.8,452,452,0,0,0
921a3fb4-7181-55ab-b7c8-f9386b43415b,scene-0004,ros_origin,10,10-20,near_ground_geometry,1.2,452,452,0,0,0
921a3fb4-7181-55ab-b7c8-f9386b43415b,scene-0004,ros_origin,10,10-20,raised_geometry,0.4,22,16,0,0,6
921a3fb4-7181-55ab-b7c8-f9386b43415b,scene-0004,ros_origin,10,10-20,raised_geometry,0.8,22,22,0,0,0
921a3fb4-7181-55ab-b7c8-f9386b43415b,scene-0004,ros_origin,10,10-20,raised_geometry,1.2,22,22,0,0,0
921a3fb4-7181-55ab-b7c8-f9386b43415b,scene-0004,ros_origin,10,20-30,traversable_label,0.4,159,124,0,0,35
921a3fb4-7181-55ab-b7c8-f9386b43415b,scene-0004,ros_origin,10,20-30,traversable_label,0.8,159,158,0,0,1
921a3fb4-7181-55ab-b7c8-f9386b43415b,scene-0004,ros_origin,10,20-30,traversable_label,1.2,159,159,0,0,0
921a3fb4-7181-55ab-b7c8-f9386b43415b,scene-0004,ros_origin,10,20-30,potential_label,0.4,544,436,0,0,108
921a3fb4-7181-55ab-b7c8-f9386b43415b,scene-0004,ros_origin,10,20-30,potential_label,0.8,544,541,2,2,3
921a3fb4-7181-55ab-b7c8-f9386b43415b,scene-0004,ros_origin,10,20-30,potential_label,1.2,544,544,7,7,0
921a3fb4-7181-55ab-b7c8-f9386b43415b,scene-0004,ros_origin,10,20-30,nontraversable_label,0.4,3531,2759,49,44,767
921a3fb4-7181-55ab-b7c8-f9386b43415b,scene-0004,ros_origin,10,20-30,nontraversable_label,0.8,3531,3403,275,275,128
921a3fb4-7181-55ab-b7c8-f9386b43415b,scene-0004,ros_origin,10,20-30,nontraversable_label,1.2,3531,3471,686,686,60
921a3fb4-7181-55ab-b7c8-f9386b43415b,scene-0004,ros_origin,10,20-30,near_ground_geometry,0.4,312,243,0,0,69
921a3fb4-7181-55ab-b7c8-f9386b43415b,scene-0004,ros_origin,10,20-30,near_ground_geometry,0.8,312,307,0,0,5
921a3fb4-7181-55ab-b7c8-f9386b43415b,scene-0004,ros_origin,10,20-30,near_ground_geometry,1.2,312,312,0,0,0
921a3fb4-7181-55ab-b7c8-f9386b43415b,scene-0004,ros_origin,10,20-30,raised_geometry,0.4,7,6,0,0,1
921a3fb4-7181-55ab-b7c8-f9386b43415b,scene-0004,ros_origin,10,20-30,raised_geometry,0.8,7,7,0,0,0
921a3fb4-7181-55ab-b7c8-f9386b43415b,scene-0004,ros_origin,10,20-30,raised_geometry,1.2,7,7,0,0,0
921a3fb4-7181-55ab-b7c8-f9386b43415b,scene-0004,ros_origin,10,30-40,traversable_label,0.4,49,31,0,0,18
921a3fb4-7181-55ab-b7c8-f9386b43415b,scene-0004,ros_origin,10,30-40,traversable_label,0.8,49,48,0,0,1
921a3fb4-7181-55ab-b7c8-f9386b43415b,scene-0004,ros_origin,10,30-40,traversable_label,1.2,49,49,0,0,0
921a3fb4-7181-55ab-b7c8-f9386b43415b,scene-0004,ros_origin,10,30-40,potential_label,0.4,333,245,0,0,88
921a3fb4-7181-55ab-b7c8-f9386b43415b,scene-0004,ros_origin,10,30-40,potential_label,0.8,333,329,1,1,4
921a3fb4-7181-55ab-b7c8-f9386b43415b,scene-0004,ros_origin,10,30-40,potential_label,1.2,333,333,10,10,0
921a3fb4-7181-55ab-b7c8-f9386b43415b,scene-0004,ros_origin,10,30-40,nontraversable_label,0.4,3663,2272,55,37,1373
921a3fb4-7181-55ab-b7c8-f9386b43415b,scene-0004,ros_origin,10,30-40,nontraversable_label,0.8,3663,3406,293,264,228
921a3fb4-7181-55ab-b7c8-f9386b43415b,scene-0004,ros_origin,10,30-40,nontraversable_label,1.2,3663,3593,670,652,52
921a3fb4-7181-55ab-b7c8-f9386b43415b,scene-0004,ros_origin,10,30-40,near_ground_geometry,0.4,100,64,0,0,36
921a3fb4-7181-55ab-b7c8-f9386b43415b,scene-0004,ros_origin,10,30-40,near_ground_geometry,0.8,100,97,0,0,3
921a3fb4-7181-55ab-b7c8-f9386b43415b,scene-0004,ros_origin,10,30-40,near_ground_geometry,1.2,100,100,0,0,0
921a3fb4-7181-55ab-b7c8-f9386b43415b,scene-0004,ros_origin,20,2-10,traversable_label,0.4,138,130,2,2,8
921a3fb4-7181-55ab-b7c8-f9386b43415b,scene-0004,ros_origin,20,2-10,traversable_label,0.8,138,136,14,14,2
921a3fb4-7181-55ab-b7c8-f9386b43415b,scene-0004,ros_origin,20,2-10,traversable_label,1.2,138,138,31,31,0
921a3fb4-7181-55ab-b7c8-f9386b43415b,scene-0004,ros_origin,20,2-10,potential_label,0.4,836,822,14,14,14
921a3fb4-7181-55ab-b7c8-f9386b43415b,scene-0004,ros_origin,20,2-10,potential_label,0.8,836,836,91,91,0
921a3fb4-7181-55ab-b7c8-f9386b43415b,scene-0004,ros_origin,20,2-10,potential_label,1.2,836,836,242,242,0
921a3fb4-7181-55ab-b7c8-f9386b43415b,scene-0004,ros_origin,20,2-10,nontraversable_label,0.4,2532,2368,106,106,164
921a3fb4-7181-55ab-b7c8-f9386b43415b,scene-0004,ros_origin,20,2-10,nontraversable_label,0.8,2532,2518,605,604,13
921a3fb4-7181-55ab-b7c8-f9386b43415b,scene-0004,ros_origin,20,2-10,nontraversable_label,1.2,2532,2528,1198,1197,3
921a3fb4-7181-55ab-b7c8-f9386b43415b,scene-0004,ros_origin,20,2-10,near_ground_geometry,0.4,342,342,0,0,0
921a3fb4-7181-55ab-b7c8-f9386b43415b,scene-0004,ros_origin,20,2-10,near_ground_geometry,0.8,342,342,1,1,0
921a3fb4-7181-55ab-b7c8-f9386b43415b,scene-0004,ros_origin,20,2-10,near_ground_geometry,1.2,342,342,20,20,0
921a3fb4-7181-55ab-b7c8-f9386b43415b,scene-0004,ros_origin,20,2-10,raised_geometry,0.4,32,17,3,3,15
921a3fb4-7181-55ab-b7c8-f9386b43415b,scene-0004,ros_origin,20,2-10,raised_geometry,0.8,32,28,18,18,4
921a3fb4-7181-55ab-b7c8-f9386b43415b,scene-0004,ros_origin,20,2-10,raised_geometry,1.2,32,32,31,31,0
921a3fb4-7181-55ab-b7c8-f9386b43415b,scene-0004,ros_origin,20,10-20,traversable_label,0.4,195,183,0,0,12
921a3fb4-7181-55ab-b7c8-f9386b43415b,scene-0004,ros_origin,20,10-20,traversable_label,0.8,195,195,0,0,0
921a3fb4-7181-55ab-b7c8-f9386b43415b,scene-0004,ros_origin,20,10-20,traversable_label,1.2,195,195,0,0,0
921a3fb4-7181-55ab-b7c8-f9386b43415b,scene-0004,ros_origin,20,10-20,potential_label,0.4,1212,1167,12,11,44
921a3fb4-7181-55ab-b7c8-f9386b43415b,scene-0004,ros_origin,20,10-20,potential_label,0.8,1212,1209,102,102,3
921a3fb4-7181-55ab-b7c8-f9386b43415b,scene-0004,ros_origin,20,10-20,potential_label,1.2,1212,1211,278,277,0
921a3fb4-7181-55ab-b7c8-f9386b43415b,scene-0004,ros_origin,20,10-20,nontraversable_label,0.4,4472,3972,131,130,499
921a3fb4-7181-55ab-b7c8-f9386b43415b,scene-0004,ros_origin,20,10-20,nontraversable_label,0.8,4472,4421,603,603,51
921a3fb4-7181-55ab-b7c8-f9386b43415b,scene-0004,ros_origin,20,10-20,nontraversable_label,1.2,4472,4456,1208,1208,16
921a3fb4-7181-55ab-b7c8-f9386b43415b,scene-0004,ros_origin,20,10-20,near_ground_geometry,0.4,452,442,0,0,10
921a3fb4-7181-55ab-b7c8-f9386b43415b,scene-0004,ros_origin,20,10-20,near_ground_geometry,0.8,452,452,0,0,0
921a3fb4-7181-55ab-b7c8-f9386b43415b,scene-0004,ros_origin,20,10-20,near_ground_geometry,1.2,452,452,0,0,0
921a3fb4-7181-55ab-b7c8-f9386b43415b,scene-0004,ros_origin,20,10-20,raised_geometry,0.4,22,16,0,0,6
921a3fb4-7181-55ab-b7c8-f9386b43415b,scene-0004,ros_origin,20,10-20,raised_geometry,0.8,22,22,0,0,0
921a3fb4-7181-55ab-b7c8-f9386b43415b,scene-0004,ros_origin,20,10-20,raised_geometry,1.2,22,22,0,0,0
921a3fb4-7181-55ab-b7c8-f9386b43415b,scene-0004,ros_origin,20,20-30,traversable_label,0.4,159,124,0,0,35
921a3fb4-7181-55ab-b7c8-f9386b43415b,scene-0004,ros_origin,20,20-30,traversable_label,0.8,159,158,0,0,1
921a3fb4-7181-55ab-b7c8-f9386b43415b,scene-0004,ros_origin,20,20-30,traversable_label,1.2,159,159,0,0,0
921a3fb4-7181-55ab-b7c8-f9386b43415b,scene-0004,ros_origin,20,20-30,potential_label,0.4,544,436,0,0,108
921a3fb4-7181-55ab-b7c8-f9386b43415b,scene-0004,ros_origin,20,20-30,potential_label,0.8,544,541,2,2,3
921a3fb4-7181-55ab-b7c8-f9386b43415b,scene-0004,ros_origin,20,20-30,potential_label,1.2,544,544,7,7,0
921a3fb4-7181-55ab-b7c8-f9386b43415b,scene-0004,ros_origin,20,20-30,nontraversable_label,0.4,3639,2842,49,44,792
921a3fb4-7181-55ab-b7c8-f9386b43415b,scene-0004,ros_origin,20,20-30,nontraversable_label,0.8,3639,3510,275,275,129
921a3fb4-7181-55ab-b7c8-f9386b43415b,scene-0004,ros_origin,20,20-30,nontraversable_label,1.2,3639,3579,686,686,60
921a3fb4-7181-55ab-b7c8-f9386b43415b,scene-0004,ros_origin,20,20-30,near_ground_geometry,0.4,312,243,0,0,69
921a3fb4-7181-55ab-b7c8-f9386b43415b,scene-0004,ros_origin,20,20-30,near_ground_geometry,0.8,312,307,0,0,5
921a3fb4-7181-55ab-b7c8-f9386b43415b,scene-0004,ros_origin,20,20-30,near_ground_geometry,1.2,312,312,0,0,0
921a3fb4-7181-55ab-b7c8-f9386b43415b,scene-0004,ros_origin,20,20-30,raised_geometry,0.4,7,6,0,0,1
921a3fb4-7181-55ab-b7c8-f9386b43415b,scene-0004,ros_origin,20,20-30,raised_geometry,0.8,7,7,0,0,0
921a3fb4-7181-55ab-b7c8-f9386b43415b,scene-0004,ros_origin,20,20-30,raised_geometry,1.2,7,7,0,0,0
921a3fb4-7181-55ab-b7c8-f9386b43415b,scene-0004,ros_origin,20,30-40,traversable_label,0.4,49,31,0,0,18
921a3fb4-7181-55ab-b7c8-f9386b43415b,scene-0004,ros_origin,20,30-40,traversable_label,0.8,49,48,0,0,1
921a3fb4-7181-55ab-b7c8-f9386b43415b,scene-0004,ros_origin,20,30-40,traversable_label,1.2,49,49,0,0,0
921a3fb4-7181-55ab-b7c8-f9386b43415b,scene-0004,ros_origin,20,30-40,potential_label,0.4,333,245,0,0,88
921a3fb4-7181-55ab-b7c8-f9386b43415b,scene-0004,ros_origin,20,30-40,potential_label,0.8,333,329,1,1,4
921a3fb4-7181-55ab-b7c8-f9386b43415b,scene-0004,ros_origin,20,30-40,potential_label,1.2,333,333,10,10,0
921a3fb4-7181-55ab-b7c8-f9386b43415b,scene-0004,ros_origin,20,30-40,nontraversable_label,0.4,3663,2272,55,37,1373
921a3fb4-7181-55ab-b7c8-f9386b43415b,scene-0004,ros_origin,20,30-40,nontraversable_label,0.8,3663,3406,293,264,228
921a3fb4-7181-55ab-b7c8-f9386b43415b,scene-0004,ros_origin,20,30-40,nontraversable_label,1.2,3663,3593,670,652,52
921a3fb4-7181-55ab-b7c8-f9386b43415b,scene-0004,ros_origin,20,30-40,near_ground_geometry,0.4,100,64,0,0,36
921a3fb4-7181-55ab-b7c8-f9386b43415b,scene-0004,ros_origin,20,30-40,near_ground_geometry,0.8,100,97,0,0,3
921a3fb4-7181-55ab-b7c8-f9386b43415b,scene-0004,ros_origin,20,30-40,near_ground_geometry,1.2,100,100,0,0,0
1f79acb0-3e91-5ed5-afd9-d5654cf45089,scene-0004,static,10,2-10,traversable_label,0.4,114,103,11,11,11
1f79acb0-3e91-5ed5-afd9-d5654cf45089,scene-0004,static,10,2-10,traversable_label,0.8,114,114,31,31,0
1f79acb0-3e91-5ed5-afd9-d5654cf45089,scene-0004,static,10,2-10,traversable_label,1.2,114,114,46,46,0
1f79acb0-3e91-5ed5-afd9-d5654cf45089,scene-0004,static,10,2-10,potential_label,0.4,430,425,3,3,5
1f79acb0-3e91-5ed5-afd9-d5654cf45089,scene-0004,static,10,2-10,potential_label,0.8,430,430,22,22,0
1f79acb0-3e91-5ed5-afd9-d5654cf45089,scene-0004,static,10,2-10,potential_label,1.2,430,430,72,72,0
1f79acb0-3e91-5ed5-afd9-d5654cf45089,scene-0004,static,10,2-10,nontraversable_label,0.4,2556,2397,94,92,157
1f79acb0-3e91-5ed5-afd9-d5654cf45089,scene-0004,static,10,2-10,nontraversable_label,0.8,2556,2554,585,585,2
1f79acb0-3e91-5ed5-afd9-d5654cf45089,scene-0004,static,10,2-10,nontraversable_label,1.2,2556,2556,1273,1273,0
1f79acb0-3e91-5ed5-afd9-d5654cf45089,scene-0004,static,10,2-10,near_ground_geometry,0.4,216,215,0,0,1
1f79acb0-3e91-5ed5-afd9-d5654cf45089,scene-0004,static,10,2-10,near_ground_geometry,0.8,216,216,4,4,0
1f79acb0-3e91-5ed5-afd9-d5654cf45089,scene-0004,static,10,2-10,near_ground_geometry,1.2,216,216,24,24,0
1f79acb0-3e91-5ed5-afd9-d5654cf45089,scene-0004,static,10,2-10,raised_geometry,0.4,25,16,7,7,9
1f79acb0-3e91-5ed5-afd9-d5654cf45089,scene-0004,static,10,2-10,raised_geometry,0.8,25,25,21,21,0
1f79acb0-3e91-5ed5-afd9-d5654cf45089,scene-0004,static,10,2-10,raised_geometry,1.2,25,25,25,25,0
1f79acb0-3e91-5ed5-afd9-d5654cf45089,scene-0004,static,10,10-20,traversable_label,0.4,271,254,0,0,17
1f79acb0-3e91-5ed5-afd9-d5654cf45089,scene-0004,static,10,10-20,traversable_label,0.8,271,268,0,0,3
1f79acb0-3e91-5ed5-afd9-d5654cf45089,scene-0004,static,10,10-20,traversable_label,1.2,271,271,0,0,0
1f79acb0-3e91-5ed5-afd9-d5654cf45089,scene-0004,static,10,10-20,potential_label,0.4,1225,1199,2,2,26
1f79acb0-3e91-5ed5-afd9-d5654cf45089,scene-0004,static,10,10-20,potential_label,0.8,1225,1225,27,27,0
1f79acb0-3e91-5ed5-afd9-d5654cf45089,scene-0004,static,10,10-20,potential_label,1.2,1225,1225,75,75,0
1f79acb0-3e91-5ed5-afd9-d5654cf45089,scene-0004,static,10,10-20,nontraversable_label,0.4,3368,2951,87,86,416
1f79acb0-3e91-5ed5-afd9-d5654cf45089,scene-0004,static,10,10-20,nontraversable_label,0.8,3368,3358,526,526,10
1f79acb0-3e91-5ed5-afd9-d5654cf45089,scene-0004,static,10,10-20,nontraversable_label,1.2,3368,3368,1097,1097,0
1f79acb0-3e91-5ed5-afd9-d5654cf45089,scene-0004,static,10,10-20,near_ground_geometry,0.4,447,437,0,0,10
1f79acb0-3e91-5ed5-afd9-d5654cf45089,scene-0004,static,10,10-20,near_ground_geometry,0.8,447,447,0,0,0
1f79acb0-3e91-5ed5-afd9-d5654cf45089,scene-0004,static,10,10-20,near_ground_geometry,1.2,447,447,0,0,0
1f79acb0-3e91-5ed5-afd9-d5654cf45089,scene-0004,static,10,10-20,raised_geometry,0.4,39,23,0,0,16
1f79acb0-3e91-5ed5-afd9-d5654cf45089,scene-0004,static,10,10-20,raised_geometry,0.8,39,36,0,0,3
1f79acb0-3e91-5ed5-afd9-d5654cf45089,scene-0004,static,10,10-20,raised_geometry,1.2,39,39,0,0,0
1f79acb0-3e91-5ed5-afd9-d5654cf45089,scene-0004,static,10,20-30,traversable_label,0.4,206,149,0,0,57
1f79acb0-3e91-5ed5-afd9-d5654cf45089,scene-0004,static,10,20-30,traversable_label,0.8,206,206,0,0,0
1f79acb0-3e91-5ed5-afd9-d5654cf45089,scene-0004,static,10,20-30,traversable_label,1.2,206,206,0,0,0
1f79acb0-3e91-5ed5-afd9-d5654cf45089,scene-0004,static,10,20-30,potential_label,0.4,586,471,0,0,115
1f79acb0-3e91-5ed5-afd9-d5654cf45089,scene-0004,static,10,20-30,potential_label,0.8,586,584,4,4,2
1f79acb0-3e91-5ed5-afd9-d5654cf45089,scene-0004,static,10,20-30,potential_label,1.2,586,586,31,31,0
1f79acb0-3e91-5ed5-afd9-d5654cf45089,scene-0004,static,10,20-30,nontraversable_label,0.4,3591,2657,68,62,928
1f79acb0-3e91-5ed5-afd9-d5654cf45089,scene-0004,static,10,20-30,nontraversable_label,0.8,3591,3425,434,434,166
1f79acb0-3e91-5ed5-afd9-d5654cf45089,scene-0004,static,10,20-30,nontraversable_label,1.2,3591,3523,976,976,68
1f79acb0-3e91-5ed5-afd9-d5654cf45089,scene-0004,static,10,20-30,near_ground_geometry,0.4,380,276,1,1,104
1f79acb0-3e91-5ed5-afd9-d5654cf45089,scene-0004,static,10,20-30,near_ground_geometry,0.8,380,378,9,9,2
1f79acb0-3e91-5ed5-afd9-d5654cf45089,scene-0004,static,10,20-30,near_ground_geometry,1.2,380,380,27,27,0
1f79acb0-3e91-5ed5-afd9-d5654cf45089,scene-0004,static,10,20-30,raised_geometry,0.4,25,19,1,1,6
1f79acb0-3e91-5ed5-afd9-d5654cf45089,scene-0004,static,10,20-30,raised_geometry,0.8,25,25,4,4,0
1f79acb0-3e91-5ed5-afd9-d5654cf45089,scene-0004,static,10,20-30,raised_geometry,1.2,25,25,7,7,0
1f79acb0-3e91-5ed5-afd9-d5654cf45089,scene-0004,static,10,30-40,traversable_label,0.4,57,35,0,0,22
1f79acb0-3e91-5ed5-afd9-d5654cf45089,scene-0004,static,10,30-40,traversable_label,0.8,57,54,0,0,3
1f79acb0-3e91-5ed5-afd9-d5654cf45089,scene-0004,static,10,30-40,traversable_label,1.2,57,57,0,0,0
1f79acb0-3e91-5ed5-afd9-d5654cf45089,scene-0004,static,10,30-40,potential_label,0.4,372,227,0,0,145
1f79acb0-3e91-5ed5-afd9-d5654cf45089,scene-0004,static,10,30-40,potential_label,0.8,372,348,4,4,24
1f79acb0-3e91-5ed5-afd9-d5654cf45089,scene-0004,static,10,30-40,potential_label,1.2,372,369,6,6,3
1f79acb0-3e91-5ed5-afd9-d5654cf45089,scene-0004,static,10,30-40,nontraversable_label,0.4,3162,1893,26,21,1264
1f79acb0-3e91-5ed5-afd9-d5654cf45089,scene-0004,static,10,30-40,nontraversable_label,0.8,3162,2942,240,238,218
1f79acb0-3e91-5ed5-afd9-d5654cf45089,scene-0004,static,10,30-40,nontraversable_label,1.2,3162,3095,652,650,65
1f79acb0-3e91-5ed5-afd9-d5654cf45089,scene-0004,static,10,30-40,near_ground_geometry,0.4,114,62,0,0,52
1f79acb0-3e91-5ed5-afd9-d5654cf45089,scene-0004,static,10,30-40,near_ground_geometry,0.8,114,103,0,0,11
1f79acb0-3e91-5ed5-afd9-d5654cf45089,scene-0004,static,10,30-40,near_ground_geometry,1.2,114,113,0,0,1
1f79acb0-3e91-5ed5-afd9-d5654cf45089,scene-0004,static,20,2-10,traversable_label,0.4,158,147,11,11,11
1f79acb0-3e91-5ed5-afd9-d5654cf45089,scene-0004,static,20,2-10,traversable_label,0.8,158,158,31,31,0
1f79acb0-3e91-5ed5-afd9-d5654cf45089,scene-0004,static,20,2-10,traversable_label,1.2,158,158,46,46,0
1f79acb0-3e91-5ed5-afd9-d5654cf45089,scene-0004,static,20,2-10,potential_label,0.4,686,681,5,5,5
1f79acb0-3e91-5ed5-afd9-d5654cf45089,scene-0004,static,20,2-10,potential_label,0.8,686,686,33,33,0
1f79acb0-3e91-5ed5-afd9-d5654cf45089,scene-0004,static,20,2-10,potential_label,1.2,686,686,101,101,0
1f79acb0-3e91-5ed5-afd9-d5654cf45089,scene-0004,static,20,2-10,nontraversable_label,0.4,3341,3116,116,112,221
1f79acb0-3e91-5ed5-afd9-d5654cf45089,scene-0004,static,20,2-10,nontraversable_label,0.8,3341,3339,714,714,2
1f79acb0-3e91-5ed5-afd9-d5654cf45089,scene-0004,static,20,2-10,nontraversable_label,1.2,3341,3341,1559,1559,0
1f79acb0-3e91-5ed5-afd9-d5654cf45089,scene-0004,static,20,2-10,near_ground_geometry,0.4,349,348,0,0,1
1f79acb0-3e91-5ed5-afd9-d5654cf45089,scene-0004,static,20,2-10,near_ground_geometry,0.8,349,349,4,4,0
1f79acb0-3e91-5ed5-afd9-d5654cf45089,scene-0004,static,20,2-10,near_ground_geometry,1.2,349,349,24,24,0
1f79acb0-3e91-5ed5-afd9-d5654cf45089,scene-0004,static,20,2-10,raised_geometry,0.4,25,16,7,7,9
1f79acb0-3e91-5ed5-afd9-d5654cf45089,scene-0004,static,20,2-10,raised_geometry,0.8,25,25,21,21,0
1f79acb0-3e91-5ed5-afd9-d5654cf45089,scene-0004,static,20,2-10,raised_geometry,1.2,25,25,25,25,0
1f79acb0-3e91-5ed5-afd9-d5654cf45089,scene-0004,static,20,10-20,traversable_label,0.4,271,254,0,0,17
1f79acb0-3e91-5ed5-afd9-d5654cf45089,scene-0004,static,20,10-20,traversable_label,0.8,271,268,0,0,3
1f79acb0-3e91-5ed5-afd9-d5654cf45089,scene-0004,static,20,10-20,traversable_label,1.2,271,271,0,0,0
1f79acb0-3e91-5ed5-afd9-d5654cf45089,scene-0004,static,20,10-20,potential_label,0.4,1225,1199,2,2,26
1f79acb0-3e91-5ed5-afd9-d5654cf45089,scene-0004,static,20,10-20,potential_label,0.8,1225,1225,27,27,0
1f79acb0-3e91-5ed5-afd9-d5654cf45089,scene-0004,static,20,10-20,potential_label,1.2,1225,1225,75,75,0
1f79acb0-3e91-5ed5-afd9-d5654cf45089,scene-0004,static,20,10-20,nontraversable_label,0.4,3746,3249,91,87,493
1f79acb0-3e91-5ed5-afd9-d5654cf45089,scene-0004,static,20,10-20,nontraversable_label,0.8,3746,3728,552,552,18
1f79acb0-3e91-5ed5-afd9-d5654cf45089,scene-0004,static,20,10-20,nontraversable_label,1.2,3746,3744,1156,1156,2
1f79acb0-3e91-5ed5-afd9-d5654cf45089,scene-0004,static,20,10-20,near_ground_geometry,0.4,447,437,0,0,10
1f79acb0-3e91-5ed5-afd9-d5654cf45089,scene-0004,static,20,10-20,near_ground_geometry,0.8,447,447,0,0,0
1f79acb0-3e91-5ed5-afd9-d5654cf45089,scene-0004,static,20,10-20,near_ground_geometry,1.2,447,447,0,0,0
1f79acb0-3e91-5ed5-afd9-d5654cf45089,scene-0004,static,20,10-20,raised_geometry,0.4,39,23,0,0,16
1f79acb0-3e91-5ed5-afd9-d5654cf45089,scene-0004,static,20,10-20,raised_geometry,0.8,39,36,0,0,3
1f79acb0-3e91-5ed5-afd9-d5654cf45089,scene-0004,static,20,10-20,raised_geometry,1.2,39,39,0,0,0
1f79acb0-3e91-5ed5-afd9-d5654cf45089,scene-0004,static,20,20-30,traversable_label,0.4,206,149,0,0,57
1f79acb0-3e91-5ed5-afd9-d5654cf45089,scene-0004,static,20,20-30,traversable_label,0.8,206,206,0,0,0
1f79acb0-3e91-5ed5-afd9-d5654cf45089,scene-0004,static,20,20-30,traversable_label,1.2,206,206,0,0,0
1f79acb0-3e91-5ed5-afd9-d5654cf45089,scene-0004,static,20,20-30,potential_label,0.4,586,471,0,0,115
1f79acb0-3e91-5ed5-afd9-d5654cf45089,scene-0004,static,20,20-30,potential_label,0.8,586,584,4,4,2
1f79acb0-3e91-5ed5-afd9-d5654cf45089,scene-0004,static,20,20-30,potential_label,1.2,586,586,31,31,0
1f79acb0-3e91-5ed5-afd9-d5654cf45089,scene-0004,static,20,20-30,nontraversable_label,0.4,3696,2737,68,62,953
1f79acb0-3e91-5ed5-afd9-d5654cf45089,scene-0004,static,20,20-30,nontraversable_label,0.8,3696,3524,434,434,172
1f79acb0-3e91-5ed5-afd9-d5654cf45089,scene-0004,static,20,20-30,nontraversable_label,1.2,3696,3628,977,977,68
1f79acb0-3e91-5ed5-afd9-d5654cf45089,scene-0004,static,20,20-30,near_ground_geometry,0.4,380,276,1,1,104
1f79acb0-3e91-5ed5-afd9-d5654cf45089,scene-0004,static,20,20-30,near_ground_geometry,0.8,380,378,9,9,2
1f79acb0-3e91-5ed5-afd9-d5654cf45089,scene-0004,static,20,20-30,near_ground_geometry,1.2,380,380,27,27,0
1f79acb0-3e91-5ed5-afd9-d5654cf45089,scene-0004,static,20,20-30,raised_geometry,0.4,25,19,1,1,6
1f79acb0-3e91-5ed5-afd9-d5654cf45089,scene-0004,static,20,20-30,raised_geometry,0.8,25,25,4,4,0
1f79acb0-3e91-5ed5-afd9-d5654cf45089,scene-0004,static,20,20-30,raised_geometry,1.2,25,25,7,7,0
1f79acb0-3e91-5ed5-afd9-d5654cf45089,scene-0004,static,20,30-40,traversable_label,0.4,57,35,0,0,22
1f79acb0-3e91-5ed5-afd9-d5654cf45089,scene-0004,static,20,30-40,traversable_label,0.8,57,54,0,0,3
1f79acb0-3e91-5ed5-afd9-d5654cf45089,scene-0004,static,20,30-40,traversable_label,1.2,57,57,0,0,0
1f79acb0-3e91-5ed5-afd9-d5654cf45089,scene-0004,static,20,30-40,potential_label,0.4,372,227,0,0,145
1f79acb0-3e91-5ed5-afd9-d5654cf45089,scene-0004,static,20,30-40,potential_label,0.8,372,348,4,4,24
1f79acb0-3e91-5ed5-afd9-d5654cf45089,scene-0004,static,20,30-40,potential_label,1.2,372,369,6,6,3
1f79acb0-3e91-5ed5-afd9-d5654cf45089,scene-0004,static,20,30-40,nontraversable_label,0.4,3162,1893,26,21,1264
1f79acb0-3e91-5ed5-afd9-d5654cf45089,scene-0004,static,20,30-40,nontraversable_label,0.8,3162,2942,240,238,218
1f79acb0-3e91-5ed5-afd9-d5654cf45089,scene-0004,static,20,30-40,nontraversable_label,1.2,3162,3095,652,650,65
1f79acb0-3e91-5ed5-afd9-d5654cf45089,scene-0004,static,20,30-40,near_ground_geometry,0.4,114,62,0,0,52
1f79acb0-3e91-5ed5-afd9-d5654cf45089,scene-0004,static,20,30-40,near_ground_geometry,0.8,114,103,0,0,11
1f79acb0-3e91-5ed5-afd9-d5654cf45089,scene-0004,static,20,30-40,near_ground_geometry,1.2,114,113,0,0,1
1f79acb0-3e91-5ed5-afd9-d5654cf45089,scene-0004,aligned,10,2-10,traversable_label,0.4,114,103,13,13,11
1f79acb0-3e91-5ed5-afd9-d5654cf45089,scene-0004,aligned,10,2-10,traversable_label,0.8,114,114,30,30,0
1f79acb0-3e91-5ed5-afd9-d5654cf45089,scene-0004,aligned,10,2-10,traversable_label,1.2,114,114,46,46,0
1f79acb0-3e91-5ed5-afd9-d5654cf45089,scene-0004,aligned,10,2-10,potential_label,0.4,430,425,3,3,5
1f79acb0-3e91-5ed5-afd9-d5654cf45089,scene-0004,aligned,10,2-10,potential_label,0.8,430,430,23,23,0
1f79acb0-3e91-5ed5-afd9-d5654cf45089,scene-0004,aligned,10,2-10,potential_label,1.2,430,430,72,72,0
1f79acb0-3e91-5ed5-afd9-d5654cf45089,scene-0004,aligned,10,2-10,nontraversable_label,0.4,2556,2397,97,95,157
1f79acb0-3e91-5ed5-afd9-d5654cf45089,scene-0004,aligned,10,2-10,nontraversable_label,0.8,2556,2554,591,591,2
1f79acb0-3e91-5ed5-afd9-d5654cf45089,scene-0004,aligned,10,2-10,nontraversable_label,1.2,2556,2556,1271,1271,0
1f79acb0-3e91-5ed5-afd9-d5654cf45089,scene-0004,aligned,10,2-10,near_ground_geometry,0.4,216,215,0,0,1
1f79acb0-3e91-5ed5-afd9-d5654cf45089,scene-0004,aligned,10,2-10,near_ground_geometry,0.8,216,216,4,4,0
1f79acb0-3e91-5ed5-afd9-d5654cf45089,scene-0004,aligned,10,2-10,near_ground_geometry,1.2,216,216,24,24,0
1f79acb0-3e91-5ed5-afd9-d5654cf45089,scene-0004,aligned,10,2-10,raised_geometry,0.4,25,16,9,9,9
1f79acb0-3e91-5ed5-afd9-d5654cf45089,scene-0004,aligned,10,2-10,raised_geometry,0.8,25,25,20,20,0
1f79acb0-3e91-5ed5-afd9-d5654cf45089,scene-0004,aligned,10,2-10,raised_geometry,1.2,25,25,25,25,0
1f79acb0-3e91-5ed5-afd9-d5654cf45089,scene-0004,aligned,10,10-20,traversable_label,0.4,271,254,0,0,17
1f79acb0-3e91-5ed5-afd9-d5654cf45089,scene-0004,aligned,10,10-20,traversable_label,0.8,271,268,0,0,3
1f79acb0-3e91-5ed5-afd9-d5654cf45089,scene-0004,aligned,10,10-20,traversable_label,1.2,271,271,0,0,0
1f79acb0-3e91-5ed5-afd9-d5654cf45089,scene-0004,aligned,10,10-20,potential_label,0.4,1225,1199,2,2,26
1f79acb0-3e91-5ed5-afd9-d5654cf45089,scene-0004,aligned,10,10-20,potential_label,0.8,1225,1225,25,25,0
1f79acb0-3e91-5ed5-afd9-d5654cf45089,scene-0004,aligned,10,10-20,potential_label,1.2,1225,1225,75,75,0
1f79acb0-3e91-5ed5-afd9-d5654cf45089,scene-0004,aligned,10,10-20,nontraversable_label,0.4,3368,2951,83,82,416
1f79acb0-3e91-5ed5-afd9-d5654cf45089,scene-0004,aligned,10,10-20,nontraversable_label,0.8,3368,3358,532,532,10
1f79acb0-3e91-5ed5-afd9-d5654cf45089,scene-0004,aligned,10,10-20,nontraversable_label,1.2,3368,3368,1100,1100,0
1f79acb0-3e91-5ed5-afd9-d5654cf45089,scene-0004,aligned,10,10-20,near_ground_geometry,0.4,447,437,0,0,10
1f79acb0-3e91-5ed5-afd9-d5654cf45089,scene-0004,aligned,10,10-20,near_ground_geometry,0.8,447,447,0,0,0
1f79acb0-3e91-5ed5-afd9-d5654cf45089,scene-0004,aligned,10,10-20,near_ground_geometry,1.2,447,447,0,0,0
1f79acb0-3e91-5ed5-afd9-d5654cf45089,scene-0004,aligned,10,10-20,raised_geometry,0.4,39,23,0,0,16
1f79acb0-3e91-5ed5-afd9-d5654cf45089,scene-0004,aligned,10,10-20,raised_geometry,0.8,39,36,0,0,3
1f79acb0-3e91-5ed5-afd9-d5654cf45089,scene-0004,aligned,10,10-20,raised_geometry,1.2,39,39,0,0,0
1f79acb0-3e91-5ed5-afd9-d5654cf45089,scene-0004,aligned,10,20-30,traversable_label,0.4,206,149,0,0,57
1f79acb0-3e91-5ed5-afd9-d5654cf45089,scene-0004,aligned,10,20-30,traversable_label,0.8,206,206,0,0,0
1f79acb0-3e91-5ed5-afd9-d5654cf45089,scene-0004,aligned,10,20-30,traversable_label,1.2,206,206,0,0,0
1f79acb0-3e91-5ed5-afd9-d5654cf45089,scene-0004,aligned,10,20-30,potential_label,0.4,586,471,0,0,115
1f79acb0-3e91-5ed5-afd9-d5654cf45089,scene-0004,aligned,10,20-30,potential_label,0.8,586,584,4,4,2
1f79acb0-3e91-5ed5-afd9-d5654cf45089,scene-0004,aligned,10,20-30,potential_label,1.2,586,586,31,31,0
1f79acb0-3e91-5ed5-afd9-d5654cf45089,scene-0004,aligned,10,20-30,nontraversable_label,0.4,3591,2657,70,64,928
1f79acb0-3e91-5ed5-afd9-d5654cf45089,scene-0004,aligned,10,20-30,nontraversable_label,0.8,3591,3425,434,434,166
1f79acb0-3e91-5ed5-afd9-d5654cf45089,scene-0004,aligned,10,20-30,nontraversable_label,1.2,3591,3523,984,984,68
1f79acb0-3e91-5ed5-afd9-d5654cf45089,scene-0004,aligned,10,20-30,near_ground_geometry,0.4,380,276,1,1,104
1f79acb0-3e91-5ed5-afd9-d5654cf45089,scene-0004,aligned,10,20-30,near_ground_geometry,0.8,380,378,8,8,2
1f79acb0-3e91-5ed5-afd9-d5654cf45089,scene-0004,aligned,10,20-30,near_ground_geometry,1.2,380,380,27,27,0
1f79acb0-3e91-5ed5-afd9-d5654cf45089,scene-0004,aligned,10,20-30,raised_geometry,0.4,25,19,1,1,6
1f79acb0-3e91-5ed5-afd9-d5654cf45089,scene-0004,aligned,10,20-30,raised_geometry,0.8,25,25,4,4,0
1f79acb0-3e91-5ed5-afd9-d5654cf45089,scene-0004,aligned,10,20-30,raised_geometry,1.2,25,25,7,7,0
1f79acb0-3e91-5ed5-afd9-d5654cf45089,scene-0004,aligned,10,30-40,traversable_label,0.4,57,35,0,0,22
1f79acb0-3e91-5ed5-afd9-d5654cf45089,scene-0004,aligned,10,30-40,traversable_label,0.8,57,54,0,0,3
1f79acb0-3e91-5ed5-afd9-d5654cf45089,scene-0004,aligned,10,30-40,traversable_label,1.2,57,57,0,0,0
1f79acb0-3e91-5ed5-afd9-d5654cf45089,scene-0004,aligned,10,30-40,potential_label,0.4,372,227,0,0,145
1f79acb0-3e91-5ed5-afd9-d5654cf45089,scene-0004,aligned,10,30-40,potential_label,0.8,372,348,4,4,24
1f79acb0-3e91-5ed5-afd9-d5654cf45089,scene-0004,aligned,10,30-40,potential_label,1.2,372,369,6,6,3
1f79acb0-3e91-5ed5-afd9-d5654cf45089,scene-0004,aligned,10,30-40,nontraversable_label,0.4,3162,1893,27,21,1263
1f79acb0-3e91-5ed5-afd9-d5654cf45089,scene-0004,aligned,10,30-40,nontraversable_label,0.8,3162,2942,262,260,218
1f79acb0-3e91-5ed5-afd9-d5654cf45089,scene-0004,aligned,10,30-40,nontraversable_label,1.2,3162,3095,676,674,65
1f79acb0-3e91-5ed5-afd9-d5654cf45089,scene-0004,aligned,10,30-40,near_ground_geometry,0.4,114,62,0,0,52
1f79acb0-3e91-5ed5-afd9-d5654cf45089,scene-0004,aligned,10,30-40,near_ground_geometry,0.8,114,103,0,0,11
1f79acb0-3e91-5ed5-afd9-d5654cf45089,scene-0004,aligned,10,30-40,near_ground_geometry,1.2,114,113,0,0,1
1f79acb0-3e91-5ed5-afd9-d5654cf45089,scene-0004,aligned,20,2-10,traversable_label,0.4,158,147,13,13,11
1f79acb0-3e91-5ed5-afd9-d5654cf45089,scene-0004,aligned,20,2-10,traversable_label,0.8,158,158,30,30,0
1f79acb0-3e91-5ed5-afd9-d5654cf45089,scene-0004,aligned,20,2-10,traversable_label,1.2,158,158,46,46,0
1f79acb0-3e91-5ed5-afd9-d5654cf45089,scene-0004,aligned,20,2-10,potential_label,0.4,686,681,6,6,5
1f79acb0-3e91-5ed5-afd9-d5654cf45089,scene-0004,aligned,20,2-10,potential_label,0.8,686,686,34,34,0
1f79acb0-3e91-5ed5-afd9-d5654cf45089,scene-0004,aligned,20,2-10,potential_label,1.2,686,686,101,101,0
1f79acb0-3e91-5ed5-afd9-d5654cf45089,scene-0004,aligned,20,2-10,nontraversable_label,0.4,3341,3116,116,112,221
1f79acb0-3e91-5ed5-afd9-d5654cf45089,scene-0004,aligned,20,2-10,nontraversable_label,0.8,3341,3339,716,716,2
1f79acb0-3e91-5ed5-afd9-d5654cf45089,scene-0004,aligned,20,2-10,nontraversable_label,1.2,3341,3341,1558,1558,0
1f79acb0-3e91-5ed5-afd9-d5654cf45089,scene-0004,aligned,20,2-10,near_ground_geometry,0.4,349,348,0,0,1
1f79acb0-3e91-5ed5-afd9-d5654cf45089,scene-0004,aligned,20,2-10,near_ground_geometry,0.8,349,349,4,4,0
1f79acb0-3e91-5ed5-afd9-d5654cf45089,scene-0004,aligned,20,2-10,near_ground_geometry,1.2,349,349,24,24,0
1f79acb0-3e91-5ed5-afd9-d5654cf45089,scene-0004,aligned,20,2-10,raised_geometry,0.4,25,16,9,9,9
1f79acb0-3e91-5ed5-afd9-d5654cf45089,scene-0004,aligned,20,2-10,raised_geometry,0.8,25,25,20,20,0
1f79acb0-3e91-5ed5-afd9-d5654cf45089,scene-0004,aligned,20,2-10,raised_geometry,1.2,25,25,25,25,0
1f79acb0-3e91-5ed5-afd9-d5654cf45089,scene-0004,aligned,20,10-20,traversable_label,0.4,271,254,0,0,17
1f79acb0-3e91-5ed5-afd9-d5654cf45089,scene-0004,aligned,20,10-20,traversable_label,0.8,271,268,0,0,3
1f79acb0-3e91-5ed5-afd9-d5654cf45089,scene-0004,aligned,20,10-20,traversable_label,1.2,271,271,0,0,0
1f79acb0-3e91-5ed5-afd9-d5654cf45089,scene-0004,aligned,20,10-20,potential_label,0.4,1225,1199,2,2,26
1f79acb0-3e91-5ed5-afd9-d5654cf45089,scene-0004,aligned,20,10-20,potential_label,0.8,1225,1225,25,25,0
1f79acb0-3e91-5ed5-afd9-d5654cf45089,scene-0004,aligned,20,10-20,potential_label,1.2,1225,1225,75,75,0
1f79acb0-3e91-5ed5-afd9-d5654cf45089,scene-0004,aligned,20,10-20,nontraversable_label,0.4,3746,3249,87,83,493
1f79acb0-3e91-5ed5-afd9-d5654cf45089,scene-0004,aligned,20,10-20,nontraversable_label,0.8,3746,3728,558,558,18
1f79acb0-3e91-5ed5-afd9-d5654cf45089,scene-0004,aligned,20,10-20,nontraversable_label,1.2,3746,3744,1160,1160,2
1f79acb0-3e91-5ed5-afd9-d5654cf45089,scene-0004,aligned,20,10-20,near_ground_geometry,0.4,447,437,0,0,10
1f79acb0-3e91-5ed5-afd9-d5654cf45089,scene-0004,aligned,20,10-20,near_ground_geometry,0.8,447,447,0,0,0
1f79acb0-3e91-5ed5-afd9-d5654cf45089,scene-0004,aligned,20,10-20,near_ground_geometry,1.2,447,447,0,0,0
1f79acb0-3e91-5ed5-afd9-d5654cf45089,scene-0004,aligned,20,10-20,raised_geometry,0.4,39,23,0,0,16
1f79acb0-3e91-5ed5-afd9-d5654cf45089,scene-0004,aligned,20,10-20,raised_geometry,0.8,39,36,0,0,3
1f79acb0-3e91-5ed5-afd9-d5654cf45089,scene-0004,aligned,20,10-20,raised_geometry,1.2,39,39,0,0,0
1f79acb0-3e91-5ed5-afd9-d5654cf45089,scene-0004,aligned,20,20-30,traversable_label,0.4,206,149,0,0,57
1f79acb0-3e91-5ed5-afd9-d5654cf45089,scene-0004,aligned,20,20-30,traversable_label,0.8,206,206,0,0,0
1f79acb0-3e91-5ed5-afd9-d5654cf45089,scene-0004,aligned,20,20-30,traversable_label,1.2,206,206,0,0,0
1f79acb0-3e91-5ed5-afd9-d5654cf45089,scene-0004,aligned,20,20-30,potential_label,0.4,586,471,0,0,115
1f79acb0-3e91-5ed5-afd9-d5654cf45089,scene-0004,aligned,20,20-30,potential_label,0.8,586,584,4,4,2
1f79acb0-3e91-5ed5-afd9-d5654cf45089,scene-0004,aligned,20,20-30,potential_label,1.2,586,586,31,31,0
1f79acb0-3e91-5ed5-afd9-d5654cf45089,scene-0004,aligned,20,20-30,nontraversable_label,0.4,3696,2737,70,64,953
1f79acb0-3e91-5ed5-afd9-d5654cf45089,scene-0004,aligned,20,20-30,nontraversable_label,0.8,3696,3524,434,434,172
1f79acb0-3e91-5ed5-afd9-d5654cf45089,scene-0004,aligned,20,20-30,nontraversable_label,1.2,3696,3628,985,985,68
1f79acb0-3e91-5ed5-afd9-d5654cf45089,scene-0004,aligned,20,20-30,near_ground_geometry,0.4,380,276,1,1,104
1f79acb0-3e91-5ed5-afd9-d5654cf45089,scene-0004,aligned,20,20-30,near_ground_geometry,0.8,380,378,8,8,2
1f79acb0-3e91-5ed5-afd9-d5654cf45089,scene-0004,aligned,20,20-30,near_ground_geometry,1.2,380,380,27,27,0
1f79acb0-3e91-5ed5-afd9-d5654cf45089,scene-0004,aligned,20,20-30,raised_geometry,0.4,25,19,1,1,6
1f79acb0-3e91-5ed5-afd9-d5654cf45089,scene-0004,aligned,20,20-30,raised_geometry,0.8,25,25,4,4,0
1f79acb0-3e91-5ed5-afd9-d5654cf45089,scene-0004,aligned,20,20-30,raised_geometry,1.2,25,25,7,7,0
1f79acb0-3e91-5ed5-afd9-d5654cf45089,scene-0004,aligned,20,30-40,traversable_label,0.4,57,35,0,0,22
1f79acb0-3e91-5ed5-afd9-d5654cf45089,scene-0004,aligned,20,30-40,traversable_label,0.8,57,54,0,0,3
1f79acb0-3e91-5ed5-afd9-d5654cf45089,scene-0004,aligned,20,30-40,traversable_label,1.2,57,57,0,0,0
1f79acb0-3e91-5ed5-afd9-d5654cf45089,scene-0004,aligned,20,30-40,potential_label,0.4,372,227,0,0,145
1f79acb0-3e91-5ed5-afd9-d5654cf45089,scene-0004,aligned,20,30-40,potential_label,0.8,372,348,4,4,24
1f79acb0-3e91-5ed5-afd9-d5654cf45089,scene-0004,aligned,20,30-40,potential_label,1.2,372,369,6,6,3
1f79acb0-3e91-5ed5-afd9-d5654cf45089,scene-0004,aligned,20,30-40,nontraversable_label,0.4,3162,1893,27,21,1263
1f79acb0-3e91-5ed5-afd9-d5654cf45089,scene-0004,aligned,20,30-40,nontraversable_label,0.8,3162,2942,262,260,218
1f79acb0-3e91-5ed5-afd9-d5654cf45089,scene-0004,aligned,20,30-40,nontraversable_label,1.2,3162,3095,676,674,65
1f79acb0-3e91-5ed5-afd9-d5654cf45089,scene-0004,aligned,20,30-40,near_ground_geometry,0.4,114,62,0,0,52
1f79acb0-3e91-5ed5-afd9-d5654cf45089,scene-0004,aligned,20,30-40,near_ground_geometry,0.8,114,103,0,0,11
1f79acb0-3e91-5ed5-afd9-d5654cf45089,scene-0004,aligned,20,30-40,near_ground_geometry,1.2,114,113,0,0,1
1f79acb0-3e91-5ed5-afd9-d5654cf45089,scene-0004,ros_origin,10,2-10,traversable_label,0.4,114,103,13,13,11
1f79acb0-3e91-5ed5-afd9-d5654cf45089,scene-0004,ros_origin,10,2-10,traversable_label,0.8,114,114,35,35,0
1f79acb0-3e91-5ed5-afd9-d5654cf45089,scene-0004,ros_origin,10,2-10,traversable_label,1.2,114,114,47,47,0
1f79acb0-3e91-5ed5-afd9-d5654cf45089,scene-0004,ros_origin,10,2-10,potential_label,0.4,430,425,2,2,5
1f79acb0-3e91-5ed5-afd9-d5654cf45089,scene-0004,ros_origin,10,2-10,potential_label,0.8,430,430,37,37,0
1f79acb0-3e91-5ed5-afd9-d5654cf45089,scene-0004,ros_origin,10,2-10,potential_label,1.2,430,430,96,96,0
1f79acb0-3e91-5ed5-afd9-d5654cf45089,scene-0004,ros_origin,10,2-10,nontraversable_label,0.4,2556,2397,99,96,156
1f79acb0-3e91-5ed5-afd9-d5654cf45089,scene-0004,ros_origin,10,2-10,nontraversable_label,0.8,2556,2554,599,599,2
1f79acb0-3e91-5ed5-afd9-d5654cf45089,scene-0004,ros_origin,10,2-10,nontraversable_label,1.2,2556,2556,1246,1246,0
1f79acb0-3e91-5ed5-afd9-d5654cf45089,scene-0004,ros_origin,10,2-10,near_ground_geometry,0.4,216,215,3,3,1
1f79acb0-3e91-5ed5-afd9-d5654cf45089,scene-0004,ros_origin,10,2-10,near_ground_geometry,0.8,216,216,14,14,0
1f79acb0-3e91-5ed5-afd9-d5654cf45089,scene-0004,ros_origin,10,2-10,near_ground_geometry,1.2,216,216,29,29,0
1f79acb0-3e91-5ed5-afd9-d5654cf45089,scene-0004,ros_origin,10,2-10,raised_geometry,0.4,25,16,8,8,9
1f79acb0-3e91-5ed5-afd9-d5654cf45089,scene-0004,ros_origin,10,2-10,raised_geometry,0.8,25,25,20,20,0
1f79acb0-3e91-5ed5-afd9-d5654cf45089,scene-0004,ros_origin,10,2-10,raised_geometry,1.2,25,25,25,25,0
1f79acb0-3e91-5ed5-afd9-d5654cf45089,scene-0004,ros_origin,10,10-20,traversable_label,0.4,271,254,0,0,17
1f79acb0-3e91-5ed5-afd9-d5654cf45089,scene-0004,ros_origin,10,10-20,traversable_label,0.8,271,268,0,0,3
1f79acb0-3e91-5ed5-afd9-d5654cf45089,scene-0004,ros_origin,10,10-20,traversable_label,1.2,271,271,0,0,0
1f79acb0-3e91-5ed5-afd9-d5654cf45089,scene-0004,ros_origin,10,10-20,potential_label,0.4,1225,1199,3,3,26
1f79acb0-3e91-5ed5-afd9-d5654cf45089,scene-0004,ros_origin,10,10-20,potential_label,0.8,1225,1225,21,21,0
1f79acb0-3e91-5ed5-afd9-d5654cf45089,scene-0004,ros_origin,10,10-20,potential_label,1.2,1225,1225,103,103,0
1f79acb0-3e91-5ed5-afd9-d5654cf45089,scene-0004,ros_origin,10,10-20,nontraversable_label,0.4,3368,2951,87,83,413
1f79acb0-3e91-5ed5-afd9-d5654cf45089,scene-0004,ros_origin,10,10-20,nontraversable_label,0.8,3368,3358,490,490,10
1f79acb0-3e91-5ed5-afd9-d5654cf45089,scene-0004,ros_origin,10,10-20,nontraversable_label,1.2,3368,3368,1028,1028,0
1f79acb0-3e91-5ed5-afd9-d5654cf45089,scene-0004,ros_origin,10,10-20,near_ground_geometry,0.4,447,437,0,0,10
1f79acb0-3e91-5ed5-afd9-d5654cf45089,scene-0004,ros_origin,10,10-20,near_ground_geometry,0.8,447,447,0,0,0
1f79acb0-3e91-5ed5-afd9-d5654cf45089,scene-0004,ros_origin,10,10-20,near_ground_geometry,1.2,447,447,0,0,0
1f79acb0-3e91-5ed5-afd9-d5654cf45089,scene-0004,ros_origin,10,10-20,raised_geometry,0.4,39,23,0,0,16
1f79acb0-3e91-5ed5-afd9-d5654cf45089,scene-0004,ros_origin,10,10-20,raised_geometry,0.8,39,36,0,0,3
1f79acb0-3e91-5ed5-afd9-d5654cf45089,scene-0004,ros_origin,10,10-20,raised_geometry,1.2,39,39,0,0,0
1f79acb0-3e91-5ed5-afd9-d5654cf45089,scene-0004,ros_origin,10,20-30,traversable_label,0.4,206,149,0,0,57
1f79acb0-3e91-5ed5-afd9-d5654cf45089,scene-0004,ros_origin,10,20-30,traversable_label,0.8,206,206,0,0,0
1f79acb0-3e91-5ed5-afd9-d5654cf45089,scene-0004,ros_origin,10,20-30,traversable_label,1.2,206,206,0,0,0
1f79acb0-3e91-5ed5-afd9-d5654cf45089,scene-0004,ros_origin,10,20-30,potential_label,0.4,586,471,0,0,115
1f79acb0-3e91-5ed5-afd9-d5654cf45089,scene-0004,ros_origin,10,20-30,potential_label,0.8,586,584,6,6,2
1f79acb0-3e91-5ed5-afd9-d5654cf45089,scene-0004,ros_origin,10,20-30,potential_label,1.2,586,586,38,38,0
1f79acb0-3e91-5ed5-afd9-d5654cf45089,scene-0004,ros_origin,10,20-30,nontraversable_label,0.4,3591,2657,68,53,919
1f79acb0-3e91-5ed5-afd9-d5654cf45089,scene-0004,ros_origin,10,20-30,nontraversable_label,0.8,3591,3425,427,426,165
1f79acb0-3e91-5ed5-afd9-d5654cf45089,scene-0004,ros_origin,10,20-30,nontraversable_label,1.2,3591,3523,970,969,67
1f79acb0-3e91-5ed5-afd9-d5654cf45089,scene-0004,ros_origin,10,20-30,near_ground_geometry,0.4,380,276,1,1,104
1f79acb0-3e91-5ed5-afd9-d5654cf45089,scene-0004,ros_origin,10,20-30,near_ground_geometry,0.8,380,378,5,5,2
1f79acb0-3e91-5ed5-afd9-d5654cf45089,scene-0004,ros_origin,10,20-30,near_ground_geometry,1.2,380,380,18,18,0
1f79acb0-3e91-5ed5-afd9-d5654cf45089,scene-0004,ros_origin,10,20-30,raised_geometry,0.4,25,19,0,0,6
1f79acb0-3e91-5ed5-afd9-d5654cf45089,scene-0004,ros_origin,10,20-30,raised_geometry,0.8,25,25,1,1,0
1f79acb0-3e91-5ed5-afd9-d5654cf45089,scene-0004,ros_origin,10,20-30,raised_geometry,1.2,25,25,6,6,0
1f79acb0-3e91-5ed5-afd9-d5654cf45089,scene-0004,ros_origin,10,30-40,traversable_label,0.4,57,35,0,0,22
1f79acb0-3e91-5ed5-afd9-d5654cf45089,scene-0004,ros_origin,10,30-40,traversable_label,0.8,57,54,0,0,3
1f79acb0-3e91-5ed5-afd9-d5654cf45089,scene-0004,ros_origin,10,30-40,traversable_label,1.2,57,57,0,0,0
1f79acb0-3e91-5ed5-afd9-d5654cf45089,scene-0004,ros_origin,10,30-40,potential_label,0.4,372,227,0,0,145
1f79acb0-3e91-5ed5-afd9-d5654cf45089,scene-0004,ros_origin,10,30-40,potential_label,0.8,372,348,3,3,24
1f79acb0-3e91-5ed5-afd9-d5654cf45089,scene-0004,ros_origin,10,30-40,potential_label,1.2,372,369,7,7,3
1f79acb0-3e91-5ed5-afd9-d5654cf45089,scene-0004,ros_origin,10,30-40,nontraversable_label,0.4,3162,1893,55,42,1256
1f79acb0-3e91-5ed5-afd9-d5654cf45089,scene-0004,ros_origin,10,30-40,nontraversable_label,0.8,3162,2942,317,313,216
1f79acb0-3e91-5ed5-afd9-d5654cf45089,scene-0004,ros_origin,10,30-40,nontraversable_label,1.2,3162,3095,761,759,65
1f79acb0-3e91-5ed5-afd9-d5654cf45089,scene-0004,ros_origin,10,30-40,near_ground_geometry,0.4,114,62,0,0,52
1f79acb0-3e91-5ed5-afd9-d5654cf45089,scene-0004,ros_origin,10,30-40,near_ground_geometry,0.8,114,103,0,0,11
1f79acb0-3e91-5ed5-afd9-d5654cf45089,scene-0004,ros_origin,10,30-40,near_ground_geometry,1.2,114,113,0,0,1
1f79acb0-3e91-5ed5-afd9-d5654cf45089,scene-0004,ros_origin,20,2-10,traversable_label,0.4,158,147,13,13,11
1f79acb0-3e91-5ed5-afd9-d5654cf45089,scene-0004,ros_origin,20,2-10,traversable_label,0.8,158,158,35,35,0
1f79acb0-3e91-5ed5-afd9-d5654cf45089,scene-0004,ros_origin,20,2-10,traversable_label,1.2,158,158,49,49,0
1f79acb0-3e91-5ed5-afd9-d5654cf45089,scene-0004,ros_origin,20,2-10,potential_label,0.4,686,681,3,3,5
1f79acb0-3e91-5ed5-afd9-d5654cf45089,scene-0004,ros_origin,20,2-10,potential_label,0.8,686,686,49,49,0
1f79acb0-3e91-5ed5-afd9-d5654cf45089,scene-0004,ros_origin,20,2-10,potential_label,1.2,686,686,135,135,0
1f79acb0-3e91-5ed5-afd9-d5654cf45089,scene-0004,ros_origin,20,2-10,nontraversable_label,0.4,3341,3116,117,114,222
1f79acb0-3e91-5ed5-afd9-d5654cf45089,scene-0004,ros_origin,20,2-10,nontraversable_label,0.8,3341,3339,727,727,2
1f79acb0-3e91-5ed5-afd9-d5654cf45089,scene-0004,ros_origin,20,2-10,nontraversable_label,1.2,3341,3341,1540,1540,0
1f79acb0-3e91-5ed5-afd9-d5654cf45089,scene-0004,ros_origin,20,2-10,near_ground_geometry,0.4,349,348,3,3,1
1f79acb0-3e91-5ed5-afd9-d5654cf45089,scene-0004,ros_origin,20,2-10,near_ground_geometry,0.8,349,349,14,14,0
1f79acb0-3e91-5ed5-afd9-d5654cf45089,scene-0004,ros_origin,20,2-10,near_ground_geometry,1.2,349,349,32,32,0
1f79acb0-3e91-5ed5-afd9-d5654cf45089,scene-0004,ros_origin,20,2-10,raised_geometry,0.4,25,16,8,8,9
1f79acb0-3e91-5ed5-afd9-d5654cf45089,scene-0004,ros_origin,20,2-10,raised_geometry,0.8,25,25,20,20,0
1f79acb0-3e91-5ed5-afd9-d5654cf45089,scene-0004,ros_origin,20,2-10,raised_geometry,1.2,25,25,25,25,0
1f79acb0-3e91-5ed5-afd9-d5654cf45089,scene-0004,ros_origin,20,10-20,traversable_label,0.4,271,254,0,0,17
1f79acb0-3e91-5ed5-afd9-d5654cf45089,scene-0004,ros_origin,20,10-20,traversable_label,0.8,271,268,0,0,3
1f79acb0-3e91-5ed5-afd9-d5654cf45089,scene-0004,ros_origin,20,10-20,traversable_label,1.2,271,271,0,0,0
1f79acb0-3e91-5ed5-afd9-d5654cf45089,scene-0004,ros_origin,20,10-20,potential_label,0.4,1225,1199,3,3,26
1f79acb0-3e91-5ed5-afd9-d5654cf45089,scene-0004,ros_origin,20,10-20,potential_label,0.8,1225,1225,21,21,0
1f79acb0-3e91-5ed5-afd9-d5654cf45089,scene-0004,ros_origin,20,10-20,potential_label,1.2,1225,1225,103,103,0
1f79acb0-3e91-5ed5-afd9-d5654cf45089,scene-0004,ros_origin,20,10-20,nontraversable_label,0.4,3746,3249,88,83,492
1f79acb0-3e91-5ed5-afd9-d5654cf45089,scene-0004,ros_origin,20,10-20,nontraversable_label,0.8,3746,3728,495,495,18
1f79acb0-3e91-5ed5-afd9-d5654cf45089,scene-0004,ros_origin,20,10-20,nontraversable_label,1.2,3746,3744,1060,1060,2
1f79acb0-3e91-5ed5-afd9-d5654cf45089,scene-0004,ros_origin,20,10-20,near_ground_geometry,0.4,447,437,0,0,10
1f79acb0-3e91-5ed5-afd9-d5654cf45089,scene-0004,ros_origin,20,10-20,near_ground_geometry,0.8,447,447,0,0,0
1f79acb0-3e91-5ed5-afd9-d5654cf45089,scene-0004,ros_origin,20,10-20,near_ground_geometry,1.2,447,447,0,0,0
1f79acb0-3e91-5ed5-afd9-d5654cf45089,scene-0004,ros_origin,20,10-20,raised_geometry,0.4,39,23,0,0,16
1f79acb0-3e91-5ed5-afd9-d5654cf45089,scene-0004,ros_origin,20,10-20,raised_geometry,0.8,39,36,0,0,3
1f79acb0-3e91-5ed5-afd9-d5654cf45089,scene-0004,ros_origin,20,10-20,raised_geometry,1.2,39,39,0,0,0
1f79acb0-3e91-5ed5-afd9-d5654cf45089,scene-0004,ros_origin,20,20-30,traversable_label,0.4,206,149,0,0,57
1f79acb0-3e91-5ed5-afd9-d5654cf45089,scene-0004,ros_origin,20,20-30,traversable_label,0.8,206,206,0,0,0
1f79acb0-3e91-5ed5-afd9-d5654cf45089,scene-0004,ros_origin,20,20-30,traversable_label,1.2,206,206,0,0,0
1f79acb0-3e91-5ed5-afd9-d5654cf45089,scene-0004,ros_origin,20,20-30,potential_label,0.4,586,471,0,0,115
1f79acb0-3e91-5ed5-afd9-d5654cf45089,scene-0004,ros_origin,20,20-30,potential_label,0.8,586,584,6,6,2
1f79acb0-3e91-5ed5-afd9-d5654cf45089,scene-0004,ros_origin,20,20-30,potential_label,1.2,586,586,38,38,0
1f79acb0-3e91-5ed5-afd9-d5654cf45089,scene-0004,ros_origin,20,20-30,nontraversable_label,0.4,3696,2737,68,53,944
1f79acb0-3e91-5ed5-afd9-d5654cf45089,scene-0004,ros_origin,20,20-30,nontraversable_label,0.8,3696,3524,428,427,171
1f79acb0-3e91-5ed5-afd9-d5654cf45089,scene-0004,ros_origin,20,20-30,nontraversable_label,1.2,3696,3628,972,971,67
1f79acb0-3e91-5ed5-afd9-d5654cf45089,scene-0004,ros_origin,20,20-30,near_ground_geometry,0.4,380,276,1,1,104
1f79acb0-3e91-5ed5-afd9-d5654cf45089,scene-0004,ros_origin,20,20-30,near_ground_geometry,0.8,380,378,5,5,2
1f79acb0-3e91-5ed5-afd9-d5654cf45089,scene-0004,ros_origin,20,20-30,near_ground_geometry,1.2,380,380,18,18,0
1f79acb0-3e91-5ed5-afd9-d5654cf45089,scene-0004,ros_origin,20,20-30,raised_geometry,0.4,25,19,0,0,6
1f79acb0-3e91-5ed5-afd9-d5654cf45089,scene-0004,ros_origin,20,20-30,raised_geometry,0.8,25,25,1,1,0
1f79acb0-3e91-5ed5-afd9-d5654cf45089,scene-0004,ros_origin,20,20-30,raised_geometry,1.2,25,25,6,6,0
1f79acb0-3e91-5ed5-afd9-d5654cf45089,scene-0004,ros_origin,20,30-40,traversable_label,0.4,57,35,0,0,22
1f79acb0-3e91-5ed5-afd9-d5654cf45089,scene-0004,ros_origin,20,30-40,traversable_label,0.8,57,54,0,0,3
1f79acb0-3e91-5ed5-afd9-d5654cf45089,scene-0004,ros_origin,20,30-40,traversable_label,1.2,57,57,0,0,0
1f79acb0-3e91-5ed5-afd9-d5654cf45089,scene-0004,ros_origin,20,30-40,potential_label,0.4,372,227,0,0,145
1f79acb0-3e91-5ed5-afd9-d5654cf45089,scene-0004,ros_origin,20,30-40,potential_label,0.8,372,348,3,3,24
1f79acb0-3e91-5ed5-afd9-d5654cf45089,scene-0004,ros_origin,20,30-40,potential_label,1.2,372,369,7,7,3
1f79acb0-3e91-5ed5-afd9-d5654cf45089,scene-0004,ros_origin,20,30-40,nontraversable_label,0.4,3162,1893,55,42,1256
1f79acb0-3e91-5ed5-afd9-d5654cf45089,scene-0004,ros_origin,20,30-40,nontraversable_label,0.8,3162,2942,317,313,216
1f79acb0-3e91-5ed5-afd9-d5654cf45089,scene-0004,ros_origin,20,30-40,nontraversable_label,1.2,3162,3095,761,759,65
1f79acb0-3e91-5ed5-afd9-d5654cf45089,scene-0004,ros_origin,20,30-40,near_ground_geometry,0.4,114,62,0,0,52
1f79acb0-3e91-5ed5-afd9-d5654cf45089,scene-0004,ros_origin,20,30-40,near_ground_geometry,0.8,114,103,0,0,11
1f79acb0-3e91-5ed5-afd9-d5654cf45089,scene-0004,ros_origin,20,30-40,near_ground_geometry,1.2,114,113,0,0,1
91de5c20-5c47-523a-ae79-4e8329451b30,scene-0004,static,10,2-10,traversable_label,0.4,97,84,14,14,13
91de5c20-5c47-523a-ae79-4e8329451b30,scene-0004,static,10,2-10,traversable_label,0.8,97,94,38,38,3
91de5c20-5c47-523a-ae79-4e8329451b30,scene-0004,static,10,2-10,traversable_label,1.2,97,97,49,49,0
91de5c20-5c47-523a-ae79-4e8329451b30,scene-0004,static,10,2-10,potential_label,0.4,415,405,6,5,9
91de5c20-5c47-523a-ae79-4e8329451b30,scene-0004,static,10,2-10,potential_label,0.8,415,415,38,38,0
91de5c20-5c47-523a-ae79-4e8329451b30,scene-0004,static,10,2-10,potential_label,1.2,415,415,95,95,0
91de5c20-5c47-523a-ae79-4e8329451b30,scene-0004,static,10,2-10,nontraversable_label,0.4,2612,2430,130,130,182
91de5c20-5c47-523a-ae79-4e8329451b30,scene-0004,static,10,2-10,nontraversable_label,0.8,2612,2598,629,629,14
91de5c20-5c47-523a-ae79-4e8329451b30,scene-0004,static,10,2-10,nontraversable_label,1.2,2612,2612,1200,1200,0
91de5c20-5c47-523a-ae79-4e8329451b30,scene-0004,static,10,2-10,near_ground_geometry,0.4,165,165,2,2,0
91de5c20-5c47-523a-ae79-4e8329451b30,scene-0004,static,10,2-10,near_ground_geometry,0.8,165,165,10,10,0
91de5c20-5c47-523a-ae79-4e8329451b30,scene-0004,static,10,2-10,near_ground_geometry,1.2,165,165,19,19,0
91de5c20-5c47-523a-ae79-4e8329451b30,scene-0004,static,10,2-10,raised_geometry,0.4,34,17,8,8,17
91de5c20-5c47-523a-ae79-4e8329451b30,scene-0004,static,10,2-10,raised_geometry,0.8,34,30,26,26,4
91de5c20-5c47-523a-ae79-4e8329451b30,scene-0004,static,10,2-10,raised_geometry,1.2,34,34,34,34,0
91de5c20-5c47-523a-ae79-4e8329451b30,scene-0004,static,10,10-20,traversable_label,0.4,196,171,0,0,25
91de5c20-5c47-523a-ae79-4e8329451b30,scene-0004,static,10,10-20,traversable_label,0.8,196,196,0,0,0
91de5c20-5c47-523a-ae79-4e8329451b30,scene-0004,static,10,10-20,traversable_label,1.2,196,196,0,0,0
91de5c20-5c47-523a-ae79-4e8329451b30,scene-0004,static,10,10-20,potential_label,0.4,682,633,7,7,49
91de5c20-5c47-523a-ae79-4e8329451b30,scene-0004,static,10,10-20,potential_label,0.8,682,673,37,37,9
91de5c20-5c47-523a-ae79-4e8329451b30,scene-0004,static,10,10-20,potential_label,1.2,682,678,107,107,4
91de5c20-5c47-523a-ae79-4e8329451b30,scene-0004,static,10,10-20,nontraversable_label,0.4,2962,2585,131,128,374
91de5c20-5c47-523a-ae79-4e8329451b30,scene-0004,static,10,10-20,nontraversable_label,0.8,2962,2924,602,602,38
91de5c20-5c47-523a-ae79-4e8329451b30,scene-0004,static,10,10-20,nontraversable_label,1.2,2962,2947,1154,1154,15
91de5c20-5c47-523a-ae79-4e8329451b30,scene-0004,static,10,10-20,near_ground_geometry,0.4,420,392,0,0,28
91de5c20-5c47-523a-ae79-4e8329451b30,scene-0004,static,10,10-20,near_ground_geometry,0.8,420,420,0,0,0
91de5c20-5c47-523a-ae79-4e8329451b30,scene-0004,static,10,10-20,near_ground_geometry,1.2,420,420,0,0,0
91de5c20-5c47-523a-ae79-4e8329451b30,scene-0004,static,10,10-20,raised_geometry,0.4,24,14,0,0,10
91de5c20-5c47-523a-ae79-4e8329451b30,scene-0004,static,10,10-20,raised_geometry,0.8,24,24,0,0,0
91de5c20-5c47-523a-ae79-4e8329451b30,scene-0004,static,10,10-20,raised_geometry,1.2,24,24,0,0,0
91de5c20-5c47-523a-ae79-4e8329451b30,scene-0004,static,10,20-30,traversable_label,0.4,98,62,0,0,36
91de5c20-5c47-523a-ae79-4e8329451b30,scene-0004,static,10,20-30,traversable_label,0.8,98,98,0,0,0
91de5c20-5c47-523a-ae79-4e8329451b30,scene-0004,static,10,20-30,traversable_label,1.2,98,98,0,0,0
91de5c20-5c47-523a-ae79-4e8329451b30,scene-0004,static,10,20-30,potential_label,0.4,334,276,0,0,58
91de5c20-5c47-523a-ae79-4e8329451b30,scene-0004,static,10,20-30,potential_label,0.8,334,333,5,5,1
91de5c20-5c47-523a-ae79-4e8329451b30,scene-0004,static,10,20-30,potential_label,1.2,334,334,20,20,0
91de5c20-5c47-523a-ae79-4e8329451b30,scene-0004,static,10,20-30,nontraversable_label,0.4,2277,1688,74,69,584
91de5c20-5c47-523a-ae79-4e8329451b30,scene-0004,static,10,20-30,nontraversable_label,0.8,2277,2210,430,430,67
91de5c20-5c47-523a-ae79-4e8329451b30,scene-0004,static,10,20-30,nontraversable_label,1.2,2277,2245,917,917,32
91de5c20-5c47-523a-ae79-4e8329451b30,scene-0004,static,10,20-30,near_ground_geometry,0.4,234,139,0,0,95
91de5c20-5c47-523a-ae79-4e8329451b30,scene-0004,static,10,20-30,near_ground_geometry,0.8,234,234,0,0,0
91de5c20-5c47-523a-ae79-4e8329451b30,scene-0004,static,10,20-30,near_ground_geometry,1.2,234,234,3,3,0
91de5c20-5c47-523a-ae79-4e8329451b30,scene-0004,static,10,30-40,traversable_label,0.4,19,0,0,0,19
91de5c20-5c47-523a-ae79-4e8329451b30,scene-0004,static,10,30-40,traversable_label,0.8,19,17,0,0,2
91de5c20-5c47-523a-ae79-4e8329451b30,scene-0004,static,10,30-40,traversable_label,1.2,19,19,0,0,0
91de5c20-5c47-523a-ae79-4e8329451b30,scene-0004,static,10,30-40,potential_label,0.4,32,22,0,0,10
91de5c20-5c47-523a-ae79-4e8329451b30,scene-0004,static,10,30-40,potential_label,0.8,32,31,1,1,1
91de5c20-5c47-523a-ae79-4e8329451b30,scene-0004,static,10,30-40,potential_label,1.2,32,32,1,1,0
91de5c20-5c47-523a-ae79-4e8329451b30,scene-0004,static,10,30-40,nontraversable_label,0.4,2943,1892,58,45,1038
91de5c20-5c47-523a-ae79-4e8329451b30,scene-0004,static,10,30-40,nontraversable_label,0.8,2943,2785,332,324,150
91de5c20-5c47-523a-ae79-4e8329451b30,scene-0004,static,10,30-40,nontraversable_label,1.2,2943,2889,798,793,49
91de5c20-5c47-523a-ae79-4e8329451b30,scene-0004,static,10,30-40,near_ground_geometry,0.4,28,6,0,0,22
91de5c20-5c47-523a-ae79-4e8329451b30,scene-0004,static,10,30-40,near_ground_geometry,0.8,28,26,0,0,2
91de5c20-5c47-523a-ae79-4e8329451b30,scene-0004,static,10,30-40,near_ground_geometry,1.2,28,28,0,0,0
91de5c20-5c47-523a-ae79-4e8329451b30,scene-0004,static,20,2-10,traversable_label,0.4,169,154,14,14,15
91de5c20-5c47-523a-ae79-4e8329451b30,scene-0004,static,20,2-10,traversable_label,0.8,169,165,42,42,4
91de5c20-5c47-523a-ae79-4e8329451b30,scene-0004,static,20,2-10,traversable_label,1.2,169,169,58,58,0
91de5c20-5c47-523a-ae79-4e8329451b30,scene-0004,static,20,2-10,potential_label,0.4,776,766,9,8,9
91de5c20-5c47-523a-ae79-4e8329451b30,scene-0004,static,20,2-10,potential_label,0.8,776,776,61,61,0
91de5c20-5c47-523a-ae79-4e8329451b30,scene-0004,static,20,2-10,potential_label,1.2,776,776,183,183,0
91de5c20-5c47-523a-ae79-4e8329451b30,scene-0004,static,20,2-10,nontraversable_label,0.4,3504,3192,133,133,312
91de5c20-5c47-523a-ae79-4e8329451b30,scene-0004,static,20,2-10,nontraversable_label,0.8,3504,3471,692,692,33
91de5c20-5c47-523a-ae79-4e8329451b30,scene-0004,static,20,2-10,nontraversable_label,1.2,3504,3494,1388,1388,10
91de5c20-5c47-523a-ae79-4e8329451b30,scene-0004,static,20,2-10,near_ground_geometry,0.4,351,351,2,2,0
91de5c20-5c47-523a-ae79-4e8329451b30,scene-0004,static,20,2-10,near_ground_geometry,0.8,351,351,12,12,0
91de5c20-5c47-523a-ae79-4e8329451b30,scene-0004,static,20,2-10,near_ground_geometry,1.2,351,351,31,31,0
91de5c20-5c47-523a-ae79-4e8329451b30,scene-0004,static,20,2-10,raised_geometry,0.4,37,18,8,8,19
91de5c20-5c47-523a-ae79-4e8329451b30,scene-0004,static,20,2-10,raised_geometry,0.8,37,32,28,28,5
91de5c20-5c47-523a-ae79-4e8329451b30,scene-0004,static,20,2-10,raised_geometry,1.2,37,37,37,37,0
91de5c20-5c47-523a-ae79-4e8329451b30,scene-0004,static,20,10-20,traversable_label,0.4,196,171,0,0,25
91de5c20-5c47-523a-ae79-4e8329451b30,scene-0004,static,20,10-20,traversable_label,0.8,196,196,0,0,0
91de5c20-5c47-523a-ae79-4e8329451b30,scene-0004,static,20,10-20,traversable_label,1.2,196,196,0,0,0
91de5c20-5c47-523a-ae79-4e8329451b30,scene-0004,static,20,10-20,potential_label,0.4,682,633,7,7,49
91de5c20-5c47-523a-ae79-4e8329451b30,scene-0004,static,20,10-20,potential_label,0.8,682,673,37,37,9
91de5c20-5c47-523a-ae79-4e8329451b30,scene-0004,static,20,10-20,potential_label,1.2,682,678,107,107,4
91de5c20-5c47-523a-ae79-4e8329451b30,scene-0004,static,20,10-20,nontraversable_label,0.4,3646,3065,131,128,578
91de5c20-5c47-523a-ae79-4e8329451b30,scene-0004,static,20,10-20,nontraversable_label,0.8,3646,3567,602,602,79
91de5c20-5c47-523a-ae79-4e8329451b30,scene-0004,static,20,10-20,nontraversable_label,1.2,3646,3625,1164,1164,21
91de5c20-5c47-523a-ae79-4e8329451b30,scene-0004,static,20,10-20,near_ground_geometry,0.4,420,392,0,0,28
91de5c20-5c47-523a-ae79-4e8329451b30,scene-0004,static,20,10-20,near_ground_geometry,0.8,420,420,0,0,0
91de5c20-5c47-523a-ae79-4e8329451b30,scene-0004,static,20,10-20,near_ground_geometry,1.2,420,420,0,0,0
91de5c20-5c47-523a-ae79-4e8329451b30,scene-0004,static,20,10-20,raised_geometry,0.4,24,14,0,0,10
91de5c20-5c47-523a-ae79-4e8329451b30,scene-0004,static,20,10-20,raised_geometry,0.8,24,24,0,0,0
91de5c20-5c47-523a-ae79-4e8329451b30,scene-0004,static,20,10-20,raised_geometry,1.2,24,24,0,0,0
91de5c20-5c47-523a-ae79-4e8329451b30,scene-0004,static,20,20-30,traversable_label,0.4,98,62,0,0,36
91de5c20-5c47-523a-ae79-4e8329451b30,scene-0004,static,20,20-30,traversable_label,0.8,98,98,0,0,0
91de5c20-5c47-523a-ae79-4e8329451b30,scene-0004,static,20,20-30,traversable_label,1.2,98,98,0,0,0
91de5c20-5c47-523a-ae79-4e8329451b30,scene-0004,static,20,20-30,potential_label,0.4,334,276,0,0,58
91de5c20-5c47-523a-ae79-4e8329451b30,scene-0004,static,20,20-30,potential_label,0.8,334,333,5,5,1
91de5c20-5c47-523a-ae79-4e8329451b30,scene-0004,static,20,20-30,potential_label,1.2,334,334,20,20,0
91de5c20-5c47-523a-ae79-4e8329451b30,scene-0004,static,20,20-30,nontraversable_label,0.4,2356,1730,74,69,621
91de5c20-5c47-523a-ae79-4e8329451b30,scene-0004,static,20,20-30,nontraversable_label,0.8,2356,2288,430,430,68
91de5c20-5c47-523a-ae79-4e8329451b30,scene-0004,static,20,20-30,nontraversable_label,1.2,2356,2324,917,917,32
91de5c20-5c47-523a-ae79-4e8329451b30,scene-0004,static,20,20-30,near_ground_geometry,0.4,234,139,0,0,95
91de5c20-5c47-523a-ae79-4e8329451b30,scene-0004,static,20,20-30,near_ground_geometry,0.8,234,234,0,0,0
91de5c20-5c47-523a-ae79-4e8329451b30,scene-0004,static,20,20-30,near_ground_geometry,1.2,234,234,3,3,0
91de5c20-5c47-523a-ae79-4e8329451b30,scene-0004,static,20,30-40,traversable_label,0.4,19,0,0,0,19
91de5c20-5c47-523a-ae79-4e8329451b30,scene-0004,static,20,30-40,traversable_label,0.8,19,17,0,0,2
91de5c20-5c47-523a-ae79-4e8329451b30,scene-0004,static,20,30-40,traversable_label,1.2,19,19,0,0,0
91de5c20-5c47-523a-ae79-4e8329451b30,scene-0004,static,20,30-40,potential_label,0.4,32,22,0,0,10
91de5c20-5c47-523a-ae79-4e8329451b30,scene-0004,static,20,30-40,potential_label,0.8,32,31,1,1,1
91de5c20-5c47-523a-ae79-4e8329451b30,scene-0004,static,20,30-40,potential_label,1.2,32,32,1,1,0
91de5c20-5c47-523a-ae79-4e8329451b30,scene-0004,static,20,30-40,nontraversable_label,0.4,2943,1892,58,45,1038
91de5c20-5c47-523a-ae79-4e8329451b30,scene-0004,static,20,30-40,nontraversable_label,0.8,2943,2785,332,324,150
91de5c20-5c47-523a-ae79-4e8329451b30,scene-0004,static,20,30-40,nontraversable_label,1.2,2943,2889,798,793,49
91de5c20-5c47-523a-ae79-4e8329451b30,scene-0004,static,20,30-40,near_ground_geometry,0.4,28,6,0,0,22
91de5c20-5c47-523a-ae79-4e8329451b30,scene-0004,static,20,30-40,near_ground_geometry,0.8,28,26,0,0,2
91de5c20-5c47-523a-ae79-4e8329451b30,scene-0004,static,20,30-40,near_ground_geometry,1.2,28,28,0,0,0
91de5c20-5c47-523a-ae79-4e8329451b30,scene-0004,aligned,10,2-10,traversable_label,0.4,97,84,14,14,13
91de5c20-5c47-523a-ae79-4e8329451b30,scene-0004,aligned,10,2-10,traversable_label,0.8,97,94,38,38,3
91de5c20-5c47-523a-ae79-4e8329451b30,scene-0004,aligned,10,2-10,traversable_label,1.2,97,97,49,49,0
91de5c20-5c47-523a-ae79-4e8329451b30,scene-0004,aligned,10,2-10,potential_label,0.4,415,405,6,5,9
91de5c20-5c47-523a-ae79-4e8329451b30,scene-0004,aligned,10,2-10,potential_label,0.8,415,415,39,39,0
91de5c20-5c47-523a-ae79-4e8329451b30,scene-0004,aligned,10,2-10,potential_label,1.2,415,415,95,95,0
91de5c20-5c47-523a-ae79-4e8329451b30,scene-0004,aligned,10,2-10,nontraversable_label,0.4,2612,2430,124,124,182
91de5c20-5c47-523a-ae79-4e8329451b30,scene-0004,aligned,10,2-10,nontraversable_label,0.8,2612,2598,627,627,14
91de5c20-5c47-523a-ae79-4e8329451b30,scene-0004,aligned,10,2-10,nontraversable_label,1.2,2612,2612,1199,1199,0
91de5c20-5c47-523a-ae79-4e8329451b30,scene-0004,aligned,10,2-10,near_ground_geometry,0.4,165,165,2,2,0
91de5c20-5c47-523a-ae79-4e8329451b30,scene-0004,aligned,10,2-10,near_ground_geometry,0.8,165,165,10,10,0
91de5c20-5c47-523a-ae79-4e8329451b30,scene-0004,aligned,10,2-10,near_ground_geometry,1.2,165,165,19,19,0
91de5c20-5c47-523a-ae79-4e8329451b30,scene-0004,aligned,10,2-10,raised_geometry,0.4,34,17,8,8,17
91de5c20-5c47-523a-ae79-4e8329451b30,scene-0004,aligned,10,2-10,raised_geometry,0.8,34,30,26,26,4
91de5c20-5c47-523a-ae79-4e8329451b30,scene-0004,aligned,10,2-10,raised_geometry,1.2,34,34,34,34,0
91de5c20-5c47-523a-ae79-4e8329451b30,scene-0004,aligned,10,10-20,traversable_label,0.4,196,171,0,0,25
91de5c20-5c47-523a-ae79-4e8329451b30,scene-0004,aligned,10,10-20,traversable_label,0.8,196,196,0,0,0
91de5c20-5c47-523a-ae79-4e8329451b30,scene-0004,aligned,10,10-20,traversable_label,1.2,196,196,0,0,0
91de5c20-5c47-523a-ae79-4e8329451b30,scene-0004,aligned,10,10-20,potential_label,0.4,682,633,7,7,49
91de5c20-5c47-523a-ae79-4e8329451b30,scene-0004,aligned,10,10-20,potential_label,0.8,682,673,38,38,9
91de5c20-5c47-523a-ae79-4e8329451b30,scene-0004,aligned,10,10-20,potential_label,1.2,682,678,107,107,4
91de5c20-5c47-523a-ae79-4e8329451b30,scene-0004,aligned,10,10-20,nontraversable_label,0.4,2962,2585,127,124,374
91de5c20-5c47-523a-ae79-4e8329451b30,scene-0004,aligned,10,10-20,nontraversable_label,0.8,2962,2924,601,601,38
91de5c20-5c47-523a-ae79-4e8329451b30,scene-0004,aligned,10,10-20,nontraversable_label,1.2,2962,2947,1153,1153,15
91de5c20-5c47-523a-ae79-4e8329451b30,scene-0004,aligned,10,10-20,near_ground_geometry,0.4,420,392,0,0,28
91de5c20-5c47-523a-ae79-4e8329451b30,scene-0004,aligned,10,10-20,near_ground_geometry,0.8,420,420,0,0,0
91de5c20-5c47-523a-ae79-4e8329451b30,scene-0004,aligned,10,10-20,near_ground_geometry,1.2,420,420,0,0,0
91de5c20-5c47-523a-ae79-4e8329451b30,scene-0004,aligned,10,10-20,raised_geometry,0.4,24,14,0,0,10
91de5c20-5c47-523a-ae79-4e8329451b30,scene-0004,aligned,10,10-20,raised_geometry,0.8,24,24,0,0,0
91de5c20-5c47-523a-ae79-4e8329451b30,scene-0004,aligned,10,10-20,raised_geometry,1.2,24,24,0,0,0
91de5c20-5c47-523a-ae79-4e8329451b30,scene-0004,aligned,10,20-30,traversable_label,0.4,98,62,0,0,36
91de5c20-5c47-523a-ae79-4e8329451b30,scene-0004,aligned,10,20-30,traversable_label,0.8,98,98,0,0,0
91de5c20-5c47-523a-ae79-4e8329451b30,scene-0004,aligned,10,20-30,traversable_label,1.2,98,98,0,0,0
91de5c20-5c47-523a-ae79-4e8329451b30,scene-0004,aligned,10,20-30,potential_label,0.4,334,276,0,0,58
91de5c20-5c47-523a-ae79-4e8329451b30,scene-0004,aligned,10,20-30,potential_label,0.8,334,333,5,5,1
91de5c20-5c47-523a-ae79-4e8329451b30,scene-0004,aligned,10,20-30,potential_label,1.2,334,334,20,20,0
91de5c20-5c47-523a-ae79-4e8329451b30,scene-0004,aligned,10,20-30,nontraversable_label,0.4,2277,1688,76,71,584
91de5c20-5c47-523a-ae79-4e8329451b30,scene-0004,aligned,10,20-30,nontraversable_label,0.8,2277,2210,429,429,67
91de5c20-5c47-523a-ae79-4e8329451b30,scene-0004,aligned,10,20-30,nontraversable_label,1.2,2277,2245,918,918,32
91de5c20-5c47-523a-ae79-4e8329451b30,scene-0004,aligned,10,20-30,near_ground_geometry,0.4,234,139,0,0,95
91de5c20-5c47-523a-ae79-4e8329451b30,scene-0004,aligned,10,20-30,near_ground_geometry,0.8,234,234,0,0,0
91de5c20-5c47-523a-ae79-4e8329451b30,scene-0004,aligned,10,20-30,near_ground_geometry,1.2,234,234,3,3,0
91de5c20-5c47-523a-ae79-4e8329451b30,scene-0004,aligned,10,30-40,traversable_label,0.4,19,0,0,0,19
91de5c20-5c47-523a-ae79-4e8329451b30,scene-0004,aligned,10,30-40,traversable_label,0.8,19,17,0,0,2
91de5c20-5c47-523a-ae79-4e8329451b30,scene-0004,aligned,10,30-40,traversable_label,1.2,19,19,0,0,0
91de5c20-5c47-523a-ae79-4e8329451b30,scene-0004,aligned,10,30-40,potential_label,0.4,32,22,0,0,10
91de5c20-5c47-523a-ae79-4e8329451b30,scene-0004,aligned,10,30-40,potential_label,0.8,32,31,0,0,1
91de5c20-5c47-523a-ae79-4e8329451b30,scene-0004,aligned,10,30-40,potential_label,1.2,32,32,1,1,0
91de5c20-5c47-523a-ae79-4e8329451b30,scene-0004,aligned,10,30-40,nontraversable_label,0.4,2943,1892,54,42,1039
91de5c20-5c47-523a-ae79-4e8329451b30,scene-0004,aligned,10,30-40,nontraversable_label,0.8,2943,2785,334,326,150
91de5c20-5c47-523a-ae79-4e8329451b30,scene-0004,aligned,10,30-40,nontraversable_label,1.2,2943,2889,799,794,49
91de5c20-5c47-523a-ae79-4e8329451b30,scene-0004,aligned,10,30-40,near_ground_geometry,0.4,28,6,0,0,22
91de5c20-5c47-523a-ae79-4e8329451b30,scene-0004,aligned,10,30-40,near_ground_geometry,0.8,28,26,0,0,2
91de5c20-5c47-523a-ae79-4e8329451b30,scene-0004,aligned,10,30-40,near_ground_geometry,1.2,28,28,0,0,0
91de5c20-5c47-523a-ae79-4e8329451b30,scene-0004,aligned,20,2-10,traversable_label,0.4,169,154,14,14,15
91de5c20-5c47-523a-ae79-4e8329451b30,scene-0004,aligned,20,2-10,traversable_label,0.8,169,165,42,42,4
91de5c20-5c47-523a-ae79-4e8329451b30,scene-0004,aligned,20,2-10,traversable_label,1.2,169,169,58,58,0
91de5c20-5c47-523a-ae79-4e8329451b30,scene-0004,aligned,20,2-10,potential_label,0.4,776,766,9,8,9
91de5c20-5c47-523a-ae79-4e8329451b30,scene-0004,aligned,20,2-10,potential_label,0.8,776,776,63,63,0
91de5c20-5c47-523a-ae79-4e8329451b30,scene-0004,aligned,20,2-10,potential_label,1.2,776,776,183,183,0
91de5c20-5c47-523a-ae79-4e8329451b30,scene-0004,aligned,20,2-10,nontraversable_label,0.4,3504,3192,127,127,312
91de5c20-5c47-523a-ae79-4e8329451b30,scene-0004,aligned,20,2-10,nontraversable_label,0.8,3504,3471,693,693,33
91de5c20-5c47-523a-ae79-4e8329451b30,scene-0004,aligned,20,2-10,nontraversable_label,1.2,3504,3494,1387,1387,10
91de5c20-5c47-523a-ae79-4e8329451b30,scene-0004,aligned,20,2-10,near_ground_geometry,0.4,351,351,2,2,0
91de5c20-5c47-523a-ae79-4e8329451b30,scene-0004,aligned,20,2-10,near_ground_geometry,0.8,351,351,12,12,0
91de5c20-5c47-523a-ae79-4e8329451b30,scene-0004,aligned,20,2-10,near_ground_geometry,1.2,351,351,31,31,0
91de5c20-5c47-523a-ae79-4e8329451b30,scene-0004,aligned,20,2-10,raised_geometry,0.4,37,18,8,8,19
91de5c20-5c47-523a-ae79-4e8329451b30,scene-0004,aligned,20,2-10,raised_geometry,0.8,37,32,28,28,5
91de5c20-5c47-523a-ae79-4e8329451b30,scene-0004,aligned,20,2-10,raised_geometry,1.2,37,37,37,37,0
91de5c20-5c47-523a-ae79-4e8329451b30,scene-0004,aligned,20,10-20,traversable_label,0.4,196,171,0,0,25
91de5c20-5c47-523a-ae79-4e8329451b30,scene-0004,aligned,20,10-20,traversable_label,0.8,196,196,0,0,0
91de5c20-5c47-523a-ae79-4e8329451b30,scene-0004,aligned,20,10-20,traversable_label,1.2,196,196,0,0,0
91de5c20-5c47-523a-ae79-4e8329451b30,scene-0004,aligned,20,10-20,potential_label,0.4,682,633,7,7,49
91de5c20-5c47-523a-ae79-4e8329451b30,scene-0004,aligned,20,10-20,potential_label,0.8,682,673,38,38,9
91de5c20-5c47-523a-ae79-4e8329451b30,scene-0004,aligned,20,10-20,potential_label,1.2,682,678,107,107,4
91de5c20-5c47-523a-ae79-4e8329451b30,scene-0004,aligned,20,10-20,nontraversable_label,0.4,3646,3065,127,124,578
91de5c20-5c47-523a-ae79-4e8329451b30,scene-0004,aligned,20,10-20,nontraversable_label,0.8,3646,3567,601,601,79
91de5c20-5c47-523a-ae79-4e8329451b30,scene-0004,aligned,20,10-20,nontraversable_label,1.2,3646,3625,1163,1163,21
91de5c20-5c47-523a-ae79-4e8329451b30,scene-0004,aligned,20,10-20,near_ground_geometry,0.4,420,392,0,0,28
91de5c20-5c47-523a-ae79-4e8329451b30,scene-0004,aligned,20,10-20,near_ground_geometry,0.8,420,420,0,0,0
91de5c20-5c47-523a-ae79-4e8329451b30,scene-0004,aligned,20,10-20,near_ground_geometry,1.2,420,420,0,0,0
91de5c20-5c47-523a-ae79-4e8329451b30,scene-0004,aligned,20,10-20,raised_geometry,0.4,24,14,0,0,10
91de5c20-5c47-523a-ae79-4e8329451b30,scene-0004,aligned,20,10-20,raised_geometry,0.8,24,24,0,0,0
91de5c20-5c47-523a-ae79-4e8329451b30,scene-0004,aligned,20,10-20,raised_geometry,1.2,24,24,0,0,0
91de5c20-5c47-523a-ae79-4e8329451b30,scene-0004,aligned,20,20-30,traversable_label,0.4,98,62,0,0,36
91de5c20-5c47-523a-ae79-4e8329451b30,scene-0004,aligned,20,20-30,traversable_label,0.8,98,98,0,0,0
91de5c20-5c47-523a-ae79-4e8329451b30,scene-0004,aligned,20,20-30,traversable_label,1.2,98,98,0,0,0
91de5c20-5c47-523a-ae79-4e8329451b30,scene-0004,aligned,20,20-30,potential_label,0.4,334,276,0,0,58
91de5c20-5c47-523a-ae79-4e8329451b30,scene-0004,aligned,20,20-30,potential_label,0.8,334,333,5,5,1
91de5c20-5c47-523a-ae79-4e8329451b30,scene-0004,aligned,20,20-30,potential_label,1.2,334,334,20,20,0
91de5c20-5c47-523a-ae79-4e8329451b30,scene-0004,aligned,20,20-30,nontraversable_label,0.4,2356,1730,76,71,621
91de5c20-5c47-523a-ae79-4e8329451b30,scene-0004,aligned,20,20-30,nontraversable_label,0.8,2356,2288,429,429,68
91de5c20-5c47-523a-ae79-4e8329451b30,scene-0004,aligned,20,20-30,nontraversable_label,1.2,2356,2324,918,918,32
91de5c20-5c47-523a-ae79-4e8329451b30,scene-0004,aligned,20,20-30,near_ground_geometry,0.4,234,139,0,0,95
91de5c20-5c47-523a-ae79-4e8329451b30,scene-0004,aligned,20,20-30,near_ground_geometry,0.8,234,234,0,0,0
91de5c20-5c47-523a-ae79-4e8329451b30,scene-0004,aligned,20,20-30,near_ground_geometry,1.2,234,234,3,3,0
91de5c20-5c47-523a-ae79-4e8329451b30,scene-0004,aligned,20,30-40,traversable_label,0.4,19,0,0,0,19
91de5c20-5c47-523a-ae79-4e8329451b30,scene-0004,aligned,20,30-40,traversable_label,0.8,19,17,0,0,2
91de5c20-5c47-523a-ae79-4e8329451b30,scene-0004,aligned,20,30-40,traversable_label,1.2,19,19,0,0,0
91de5c20-5c47-523a-ae79-4e8329451b30,scene-0004,aligned,20,30-40,potential_label,0.4,32,22,0,0,10
91de5c20-5c47-523a-ae79-4e8329451b30,scene-0004,aligned,20,30-40,potential_label,0.8,32,31,0,0,1
91de5c20-5c47-523a-ae79-4e8329451b30,scene-0004,aligned,20,30-40,potential_label,1.2,32,32,1,1,0
91de5c20-5c47-523a-ae79-4e8329451b30,scene-0004,aligned,20,30-40,nontraversable_label,0.4,2943,1892,54,42,1039
91de5c20-5c47-523a-ae79-4e8329451b30,scene-0004,aligned,20,30-40,nontraversable_label,0.8,2943,2785,334,326,150
91de5c20-5c47-523a-ae79-4e8329451b30,scene-0004,aligned,20,30-40,nontraversable_label,1.2,2943,2889,799,794,49
91de5c20-5c47-523a-ae79-4e8329451b30,scene-0004,aligned,20,30-40,near_ground_geometry,0.4,28,6,0,0,22
91de5c20-5c47-523a-ae79-4e8329451b30,scene-0004,aligned,20,30-40,near_ground_geometry,0.8,28,26,0,0,2
91de5c20-5c47-523a-ae79-4e8329451b30,scene-0004,aligned,20,30-40,near_ground_geometry,1.2,28,28,0,0,0
91de5c20-5c47-523a-ae79-4e8329451b30,scene-0004,ros_origin,10,2-10,traversable_label,0.4,97,84,5,4,12
91de5c20-5c47-523a-ae79-4e8329451b30,scene-0004,ros_origin,10,2-10,traversable_label,0.8,97,94,26,26,3
91de5c20-5c47-523a-ae79-4e8329451b30,scene-0004,ros_origin,10,2-10,traversable_label,1.2,97,97,46,46,0
91de5c20-5c47-523a-ae79-4e8329451b30,scene-0004,ros_origin,10,2-10,potential_label,0.4,415,405,5,5,10
91de5c20-5c47-523a-ae79-4e8329451b30,scene-0004,ros_origin,10,2-10,potential_label,0.8,415,415,49,49,0
91de5c20-5c47-523a-ae79-4e8329451b30,scene-0004,ros_origin,10,2-10,potential_label,1.2,415,415,121,121,0
91de5c20-5c47-523a-ae79-4e8329451b30,scene-0004,ros_origin,10,2-10,nontraversable_label,0.4,2612,2430,118,118,182
91de5c20-5c47-523a-ae79-4e8329451b30,scene-0004,ros_origin,10,2-10,nontraversable_label,0.8,2612,2598,569,568,13
91de5c20-5c47-523a-ae79-4e8329451b30,scene-0004,ros_origin,10,2-10,nontraversable_label,1.2,2612,2612,1080,1080,0
91de5c20-5c47-523a-ae79-4e8329451b30,scene-0004,ros_origin,10,2-10,near_ground_geometry,0.4,165,165,2,2,0
91de5c20-5c47-523a-ae79-4e8329451b30,scene-0004,ros_origin,10,2-10,near_ground_geometry,0.8,165,165,8,8,0
91de5c20-5c47-523a-ae79-4e8329451b30,scene-0004,ros_origin,10,2-10,near_ground_geometry,1.2,165,165,18,18,0
91de5c20-5c47-523a-ae79-4e8329451b30,scene-0004,ros_origin,10,2-10,raised_geometry,0.4,34,17,4,3,16
91de5c20-5c47-523a-ae79-4e8329451b30,scene-0004,ros_origin,10,2-10,raised_geometry,0.8,34,30,18,18,4
91de5c20-5c47-523a-ae79-4e8329451b30,scene-0004,ros_origin,10,2-10,raised_geometry,1.2,34,34,33,33,0
91de5c20-5c47-523a-ae79-4e8329451b30,scene-0004,ros_origin,10,10-20,traversable_label,0.4,196,171,0,0,25
91de5c20-5c47-523a-ae79-4e8329451b30,scene-0004,ros_origin,10,10-20,traversable_label,0.8,196,196,0,0,0
91de5c20-5c47-523a-ae79-4e8329451b30,scene-0004,ros_origin,10,10-20,traversable_label,1.2,196,196,0,0,0
91de5c20-5c47-523a-ae79-4e8329451b30,scene-0004,ros_origin,10,10-20,potential_label,0.4,682,633,3,3,49
91de5c20-5c47-523a-ae79-4e8329451b30,scene-0004,ros_origin,10,10-20,potential_label,0.8,682,673,38,38,9
91de5c20-5c47-523a-ae79-4e8329451b30,scene-0004,ros_origin,10,10-20,potential_label,1.2,682,678,110,110,4
91de5c20-5c47-523a-ae79-4e8329451b30,scene-0004,ros_origin,10,10-20,nontraversable_label,0.4,2962,2585,122,117,372
91de5c20-5c47-523a-ae79-4e8329451b30,scene-0004,ros_origin,10,10-20,nontraversable_label,0.8,2962,2924,582,581,37
91de5c20-5c47-523a-ae79-4e8329451b30,scene-0004,ros_origin,10,10-20,nontraversable_label,1.2,2962,2947,1118,1118,15
91de5c20-5c47-523a-ae79-4e8329451b30,scene-0004,ros_origin,10,10-20,near_ground_geometry,0.4,420,392,0,0,28
91de5c20-5c47-523a-ae79-4e8329451b30,scene-0004,ros_origin,10,10-20,near_ground_geometry,0.8,420,420,0,0,0
91de5c20-5c47-523a-ae79-4e8329451b30,scene-0004,ros_origin,10,10-20,near_ground_geometry,1.2,420,420,0,0,0
91de5c20-5c47-523a-ae79-4e8329451b30,scene-0004,ros_origin,10,10-20,raised_geometry,0.4,24,14,0,0,10
91de5c20-5c47-523a-ae79-4e8329451b30,scene-0004,ros_origin,10,10-20,raised_geometry,0.8,24,24,0,0,0
91de5c20-5c47-523a-ae79-4e8329451b30,scene-0004,ros_origin,10,10-20,raised_geometry,1.2,24,24,0,0,0
91de5c20-5c47-523a-ae79-4e8329451b30,scene-0004,ros_origin,10,20-30,traversable_label,0.4,98,62,0,0,36
91de5c20-5c47-523a-ae79-4e8329451b30,scene-0004,ros_origin,10,20-30,traversable_label,0.8,98,98,0,0,0
91de5c20-5c47-523a-ae79-4e8329451b30,scene-0004,ros_origin,10,20-30,traversable_label,1.2,98,98,0,0,0
91de5c20-5c47-523a-ae79-4e8329451b30,scene-0004,ros_origin,10,20-30,potential_label,0.4,334,276,0,0,58
91de5c20-5c47-523a-ae79-4e8329451b30,scene-0004,ros_origin,10,20-30,potential_label,0.8,334,333,3,3,1
91de5c20-5c47-523a-ae79-4e8329451b30,scene-0004,ros_origin,10,20-30,potential_label,1.2,334,334,22,22,0
91de5c20-5c47-523a-ae79-4e8329451b30,scene-0004,ros_origin,10,20-30,nontraversable_label,0.4,2277,1688,69,56,576
91de5c20-5c47-523a-ae79-4e8329451b30,scene-0004,ros_origin,10,20-30,nontraversable_label,0.8,2277,2210,407,406,66
91de5c20-5c47-523a-ae79-4e8329451b30,scene-0004,ros_origin,10,20-30,nontraversable_label,1.2,2277,2245,888,888,32
91de5c20-5c47-523a-ae79-4e8329451b30,scene-0004,ros_origin,10,20-30,near_ground_geometry,0.4,234,139,0,0,95
91de5c20-5c47-523a-ae79-4e8329451b30,scene-0004,ros_origin,10,20-30,near_ground_geometry,0.8,234,234,0,0,0
91de5c20-5c47-523a-ae79-4e8329451b30,scene-0004,ros_origin,10,20-30,near_ground_geometry,1.2,234,234,3,3,0
91de5c20-5c47-523a-ae79-4e8329451b30,scene-0004,ros_origin,10,30-40,traversable_label,0.4,19,0,0,0,19
91de5c20-5c47-523a-ae79-4e8329451b30,scene-0004,ros_origin,10,30-40,traversable_label,0.8,19,17,0,0,2
91de5c20-5c47-523a-ae79-4e8329451b30,scene-0004,ros_origin,10,30-40,traversable_label,1.2,19,19,0,0,0
91de5c20-5c47-523a-ae79-4e8329451b30,scene-0004,ros_origin,10,30-40,potential_label,0.4,32,22,1,1,10
91de5c20-5c47-523a-ae79-4e8329451b30,scene-0004,ros_origin,10,30-40,potential_label,0.8,32,31,1,1,1
91de5c20-5c47-523a-ae79-4e8329451b30,scene-0004,ros_origin,10,30-40,potential_label,1.2,32,32,1,1,0
91de5c20-5c47-523a-ae79-4e8329451b30,scene-0004,ros_origin,10,30-40,nontraversable_label,0.4,2943,1892,68,44,1027
91de5c20-5c47-523a-ae79-4e8329451b30,scene-0004,ros_origin,10,30-40,nontraversable_label,0.8,2943,2785,427,420,151
91de5c20-5c47-523a-ae79-4e8329451b30,scene-0004,ros_origin,10,30-40,nontraversable_label,1.2,2943,2889,990,985,49
91de5c20-5c47-523a-ae79-4e8329451b30,scene-0004,ros_origin,10,30-40,near_ground_geometry,0.4,28,6,0,0,22
91de5c20-5c47-523a-ae79-4e8329451b30,scene-0004,ros_origin,10,30-40,near_ground_geometry,0.8,28,26,0,0,2
91de5c20-5c47-523a-ae79-4e8329451b30,scene-0004,ros_origin,10,30-40,near_ground_geometry,1.2,28,28,0,0,0
91de5c20-5c47-523a-ae79-4e8329451b30,scene-0004,ros_origin,20,2-10,traversable_label,0.4,169,154,5,4,14
91de5c20-5c47-523a-ae79-4e8329451b30,scene-0004,ros_origin,20,2-10,traversable_label,0.8,169,165,29,29,4
91de5c20-5c47-523a-ae79-4e8329451b30,scene-0004,ros_origin,20,2-10,traversable_label,1.2,169,169,55,55,0
91de5c20-5c47-523a-ae79-4e8329451b30,scene-0004,ros_origin,20,2-10,potential_label,0.4,776,766,10,10,10
91de5c20-5c47-523a-ae79-4e8329451b30,scene-0004,ros_origin,20,2-10,potential_label,0.8,776,776,88,88,0
91de5c20-5c47-523a-ae79-4e8329451b30,scene-0004,ros_origin,20,2-10,potential_label,1.2,776,776,211,211,0
91de5c20-5c47-523a-ae79-4e8329451b30,scene-0004,ros_origin,20,2-10,nontraversable_label,0.4,3504,3192,140,140,312
91de5c20-5c47-523a-ae79-4e8329451b30,scene-0004,ros_origin,20,2-10,nontraversable_label,0.8,3504,3471,645,644,32
91de5c20-5c47-523a-ae79-4e8329451b30,scene-0004,ros_origin,20,2-10,nontraversable_label,1.2,3504,3494,1224,1224,10
91de5c20-5c47-523a-ae79-4e8329451b30,scene-0004,ros_origin,20,2-10,near_ground_geometry,0.4,351,351,2,2,0
91de5c20-5c47-523a-ae79-4e8329451b30,scene-0004,ros_origin,20,2-10,near_ground_geometry,0.8,351,351,12,12,0
91de5c20-5c47-523a-ae79-4e8329451b30,scene-0004,ros_origin,20,2-10,near_ground_geometry,1.2,351,351,32,32,0
91de5c20-5c47-523a-ae79-4e8329451b30,scene-0004,ros_origin,20,2-10,raised_geometry,0.4,37,18,4,3,18
91de5c20-5c47-523a-ae79-4e8329451b30,scene-0004,ros_origin,20,2-10,raised_geometry,0.8,37,32,18,18,5
91de5c20-5c47-523a-ae79-4e8329451b30,scene-0004,ros_origin,20,2-10,raised_geometry,1.2,37,37,35,35,0
91de5c20-5c47-523a-ae79-4e8329451b30,scene-0004,ros_origin,20,10-20,traversable_label,0.4,196,171,0,0,25
91de5c20-5c47-523a-ae79-4e8329451b30,scene-0004,ros_origin,20,10-20,traversable_label,0.8,196,196,0,0,0
91de5c20-5c47-523a-ae79-4e8329451b30,scene-0004,ros_origin,20,10-20,traversable_label,1.2,196,196,0,0,0
91de5c20-5c47-523a-ae79-4e8329451b30,scene-0004,ros_origin,20,10-20,potential_label,0.4,682,633,3,3,49
91de5c20-5c47-523a-ae79-4e8329451b30,scene-0004,ros_origin,20,10-20,potential_label,0.8,682,673,38,38,9
91de5c20-5c47-523a-ae79-4e8329451b30,scene-0004,ros_origin,20,10-20,potential_label,1.2,682,678,110,110,4
91de5c20-5c47-523a-ae79-4e8329451b30,scene-0004,ros_origin,20,10-20,nontraversable_label,0.4,3646,3065,122,117,576
91de5c20-5c47-523a-ae79-4e8329451b30,scene-0004,ros_origin,20,10-20,nontraversable_label,0.8,3646,3567,582,581,78
91de5c20-5c47-523a-ae79-4e8329451b30,scene-0004,ros_origin,20,10-20,nontraversable_label,1.2,3646,3625,1118,1118,21
91de5c20-5c47-523a-ae79-4e8329451b30,scene-0004,ros_origin,20,10-20,near_ground_geometry,0.4,420,392,0,0,28
91de5c20-5c47-523a-ae79-4e8329451b30,scene-0004,ros_origin,20,10-20,near_ground_geometry,0.8,420,420,0,0,0
91de5c20-5c47-523a-ae79-4e8329451b30,scene-0004,ros_origin,20,10-20,near_ground_geometry,1.2,420,420,0,0,0
91de5c20-5c47-523a-ae79-4e8329451b30,scene-0004,ros_origin,20,10-20,raised_geometry,0.4,24,14,0,0,10
91de5c20-5c47-523a-ae79-4e8329451b30,scene-0004,ros_origin,20,10-20,raised_geometry,0.8,24,24,0,0,0
91de5c20-5c47-523a-ae79-4e8329451b30,scene-0004,ros_origin,20,10-20,raised_geometry,1.2,24,24,0,0,0
91de5c20-5c47-523a-ae79-4e8329451b30,scene-0004,ros_origin,20,20-30,traversable_label,0.4,98,62,0,0,36
91de5c20-5c47-523a-ae79-4e8329451b30,scene-0004,ros_origin,20,20-30,traversable_label,0.8,98,98,0,0,0
91de5c20-5c47-523a-ae79-4e8329451b30,scene-0004,ros_origin,20,20-30,traversable_label,1.2,98,98,0,0,0
91de5c20-5c47-523a-ae79-4e8329451b30,scene-0004,ros_origin,20,20-30,potential_label,0.4,334,276,0,0,58
91de5c20-5c47-523a-ae79-4e8329451b30,scene-0004,ros_origin,20,20-30,potential_label,0.8,334,333,3,3,1
91de5c20-5c47-523a-ae79-4e8329451b30,scene-0004,ros_origin,20,20-30,potential_label,1.2,334,334,22,22,0
91de5c20-5c47-523a-ae79-4e8329451b30,scene-0004,ros_origin,20,20-30,nontraversable_label,0.4,2356,1730,69,56,613
91de5c20-5c47-523a-ae79-4e8329451b30,scene-0004,ros_origin,20,20-30,nontraversable_label,0.8,2356,2288,407,406,67
91de5c20-5c47-523a-ae79-4e8329451b30,scene-0004,ros_origin,20,20-30,nontraversable_label,1.2,2356,2324,888,888,32
91de5c20-5c47-523a-ae79-4e8329451b30,scene-0004,ros_origin,20,20-30,near_ground_geometry,0.4,234,139,0,0,95
91de5c20-5c47-523a-ae79-4e8329451b30,scene-0004,ros_origin,20,20-30,near_ground_geometry,0.8,234,234,0,0,0
91de5c20-5c47-523a-ae79-4e8329451b30,scene-0004,ros_origin,20,20-30,near_ground_geometry,1.2,234,234,3,3,0
91de5c20-5c47-523a-ae79-4e8329451b30,scene-0004,ros_origin,20,30-40,traversable_label,0.4,19,0,0,0,19
91de5c20-5c47-523a-ae79-4e8329451b30,scene-0004,ros_origin,20,30-40,traversable_label,0.8,19,17,0,0,2
91de5c20-5c47-523a-ae79-4e8329451b30,scene-0004,ros_origin,20,30-40,traversable_label,1.2,19,19,0,0,0
91de5c20-5c47-523a-ae79-4e8329451b30,scene-0004,ros_origin,20,30-40,potential_label,0.4,32,22,1,1,10
91de5c20-5c47-523a-ae79-4e8329451b30,scene-0004,ros_origin,20,30-40,potential_label,0.8,32,31,1,1,1
91de5c20-5c47-523a-ae79-4e8329451b30,scene-0004,ros_origin,20,30-40,potential_label,1.2,32,32,1,1,0
91de5c20-5c47-523a-ae79-4e8329451b30,scene-0004,ros_origin,20,30-40,nontraversable_label,0.4,2943,1892,68,44,1027
91de5c20-5c47-523a-ae79-4e8329451b30,scene-0004,ros_origin,20,30-40,nontraversable_label,0.8,2943,2785,427,420,151
91de5c20-5c47-523a-ae79-4e8329451b30,scene-0004,ros_origin,20,30-40,nontraversable_label,1.2,2943,2889,990,985,49
91de5c20-5c47-523a-ae79-4e8329451b30,scene-0004,ros_origin,20,30-40,near_ground_geometry,0.4,28,6,0,0,22
91de5c20-5c47-523a-ae79-4e8329451b30,scene-0004,ros_origin,20,30-40,near_ground_geometry,0.8,28,26,0,0,2
91de5c20-5c47-523a-ae79-4e8329451b30,scene-0004,ros_origin,20,30-40,near_ground_geometry,1.2,28,28,0,0,0
c44b6b3e-aeab-5a8f-9bb6-b8b9cb41b65d,scene-0004,static,10,2-10,traversable_label,0.4,110,101,7,7,9
c44b6b3e-aeab-5a8f-9bb6-b8b9cb41b65d,scene-0004,static,10,2-10,traversable_label,0.8,110,109,31,31,1
c44b6b3e-aeab-5a8f-9bb6-b8b9cb41b65d,scene-0004,static,10,2-10,traversable_label,1.2,110,110,44,44,0
c44b6b3e-aeab-5a8f-9bb6-b8b9cb41b65d,scene-0004,static,10,2-10,potential_label,0.4,422,415,1,1,7
c44b6b3e-aeab-5a8f-9bb6-b8b9cb41b65d,scene-0004,static,10,2-10,potential_label,0.8,422,422,12,12,0
c44b6b3e-aeab-5a8f-9bb6-b8b9cb41b65d,scene-0004,static,10,2-10,potential_label,1.2,422,422,49,49,0
c44b6b3e-aeab-5a8f-9bb6-b8b9cb41b65d,scene-0004,static,10,2-10,nontraversable_label,0.4,3036,2840,132,132,196
c44b6b3e-aeab-5a8f-9bb6-b8b9cb41b65d,scene-0004,static,10,2-10,nontraversable_label,0.8,3036,3031,687,687,5
c44b6b3e-aeab-5a8f-9bb6-b8b9cb41b65d,scene-0004,static,10,2-10,nontraversable_label,1.2,3036,3036,1291,1291,0
c44b6b3e-aeab-5a8f-9bb6-b8b9cb41b65d,scene-0004,static,10,2-10,near_ground_geometry,0.4,183,182,0,0,1
c44b6b3e-aeab-5a8f-9bb6-b8b9cb41b65d,scene-0004,static,10,2-10,near_ground_geometry,0.8,183,183,6,6,0
c44b6b3e-aeab-5a8f-9bb6-b8b9cb41b65d,scene-0004,static,10,2-10,near_ground_geometry,1.2,183,183,14,14,0
c44b6b3e-aeab-5a8f-9bb6-b8b9cb41b65d,scene-0004,static,10,2-10,raised_geometry,0.4,25,16,7,7,9
c44b6b3e-aeab-5a8f-9bb6-b8b9cb41b65d,scene-0004,static,10,2-10,raised_geometry,0.8,25,24,22,22,1
c44b6b3e-aeab-5a8f-9bb6-b8b9cb41b65d,scene-0004,static,10,2-10,raised_geometry,1.2,25,25,25,25,0
c44b6b3e-aeab-5a8f-9bb6-b8b9cb41b65d,scene-0004,static,10,10-20,traversable_label,0.4,175,133,3,2,41
c44b6b3e-aeab-5a8f-9bb6-b8b9cb41b65d,scene-0004,static,10,10-20,traversable_label,0.8,175,174,14,14,1
c44b6b3e-aeab-5a8f-9bb6-b8b9cb41b65d,scene-0004,static,10,10-20,traversable_label,1.2,175,175,25,25,0
c44b6b3e-aeab-5a8f-9bb6-b8b9cb41b65d,scene-0004,static,10,10-20,potential_label,0.4,694,632,0,0,62
c44b6b3e-aeab-5a8f-9bb6-b8b9cb41b65d,scene-0004,static,10,10-20,potential_label,0.8,694,693,8,8,1
c44b6b3e-aeab-5a8f-9bb6-b8b9cb41b65d,scene-0004,static,10,10-20,potential_label,1.2,694,693,33,33,1
c44b6b3e-aeab-5a8f-9bb6-b8b9cb41b65d,scene-0004,static,10,10-20,nontraversable_label,0.4,2881,2535,93,91,344
c44b6b3e-aeab-5a8f-9bb6-b8b9cb41b65d,scene-0004,static,10,10-20,nontraversable_label,0.8,2881,2845,538,538,36
c44b6b3e-aeab-5a8f-9bb6-b8b9cb41b65d,scene-0004,static,10,10-20,nontraversable_label,1.2,2881,2867,1149,1149,14
c44b6b3e-aeab-5a8f-9bb6-b8b9cb41b65d,scene-0004,static,10,10-20,near_ground_geometry,0.4,413,359,0,0,54
c44b6b3e-aeab-5a8f-9bb6-b8b9cb41b65d,scene-0004,static,10,10-20,near_ground_geometry,0.8,413,413,0,0,0
c44b6b3e-aeab-5a8f-9bb6-b8b9cb41b65d,scene-0004,static,10,10-20,near_ground_geometry,1.2,413,413,0,0,0
c44b6b3e-aeab-5a8f-9bb6-b8b9cb41b65d,scene-0004,static,10,10-20,raised_geometry,0.4,31,15,3,2,15
c44b6b3e-aeab-5a8f-9bb6-b8b9cb41b65d,scene-0004,static,10,10-20,raised_geometry,0.8,31,30,17,17,1
c44b6b3e-aeab-5a8f-9bb6-b8b9cb41b65d,scene-0004,static,10,10-20,raised_geometry,1.2,31,31,31,31,0
c44b6b3e-aeab-5a8f-9bb6-b8b9cb41b65d,scene-0004,static,10,20-30,traversable_label,0.4,68,39,0,0,29
c44b6b3e-aeab-5a8f-9bb6-b8b9cb41b65d,scene-0004,static,10,20-30,traversable_label,0.8,68,67,0,0,1
c44b6b3e-aeab-5a8f-9bb6-b8b9cb41b65d,scene-0004,static,10,20-30,traversable_label,1.2,68,68,0,0,0
c44b6b3e-aeab-5a8f-9bb6-b8b9cb41b65d,scene-0004,static,10,20-30,potential_label,0.4,230,199,0,0,31
c44b6b3e-aeab-5a8f-9bb6-b8b9cb41b65d,scene-0004,static,10,20-30,potential_label,0.8,230,228,1,1,2
c44b6b3e-aeab-5a8f-9bb6-b8b9cb41b65d,scene-0004,static,10,20-30,potential_label,1.2,230,230,15,15,0
c44b6b3e-aeab-5a8f-9bb6-b8b9cb41b65d,scene-0004,static,10,20-30,nontraversable_label,0.4,1540,1237,70,67,300
c44b6b3e-aeab-5a8f-9bb6-b8b9cb41b65d,scene-0004,static,10,20-30,nontraversable_label,0.8,1540,1523,339,339,17
c44b6b3e-aeab-5a8f-9bb6-b8b9cb41b65d,scene-0004,static,10,20-30,nontraversable_label,1.2,1540,1538,645,645,2
c44b6b3e-aeab-5a8f-9bb6-b8b9cb41b65d,scene-0004,static,10,20-30,near_ground_geometry,0.4,155,108,0,0,47
c44b6b3e-aeab-5a8f-9bb6-b8b9cb41b65d,scene-0004,static,10,20-30,near_ground_geometry,0.8,155,152,0,0,3
c44b6b3e-aeab-5a8f-9bb6-b8b9cb41b65d,scene-0004,static,10,20-30,near_ground_geometry,1.2,155,155,0,0,0
c44b6b3e-aeab-5a8f-9bb6-b8b9cb41b65d,scene-0004,static,10,30-40,potential_label,0.4,12,10,0,0,2
c44b6b3e-aeab-5a8f-9bb6-b8b9cb41b65d,scene-0004,static,10,30-40,potential_label,0.8,12,12,0,0,0
c44b6b3e-aeab-5a8f-9bb6-b8b9cb41b65d,scene-0004,static,10,30-40,potential_label,1.2,12,12,4,4,0
c44b6b3e-aeab-5a8f-9bb6-b8b9cb41b65d,scene-0004,static,10,30-40,nontraversable_label,0.4,1748,1140,52,39,595
c44b6b3e-aeab-5a8f-9bb6-b8b9cb41b65d,scene-0004,static,10,30-40,nontraversable_label,0.8,1748,1639,222,220,107
c44b6b3e-aeab-5a8f-9bb6-b8b9cb41b65d,scene-0004,static,10,30-40,nontraversable_label,1.2,1748,1721,439,439,27
c44b6b3e-aeab-5a8f-9bb6-b8b9cb41b65d,scene-0004,static,20,2-10,traversable_label,0.4,178,165,9,9,13
c44b6b3e-aeab-5a8f-9bb6-b8b9cb41b65d,scene-0004,static,20,2-10,traversable_label,0.8,178,177,40,40,1
c44b6b3e-aeab-5a8f-9bb6-b8b9cb41b65d,scene-0004,static,20,2-10,traversable_label,1.2,178,178,61,61,0
c44b6b3e-aeab-5a8f-9bb6-b8b9cb41b65d,scene-0004,static,20,2-10,potential_label,0.4,753,746,6,6,7
c44b6b3e-aeab-5a8f-9bb6-b8b9cb41b65d,scene-0004,static,20,2-10,potential_label,0.8,753,753,45,45,0
c44b6b3e-aeab-5a8f-9bb6-b8b9cb41b65d,scene-0004,static,20,2-10,potential_label,1.2,753,753,137,137,0
c44b6b3e-aeab-5a8f-9bb6-b8b9cb41b65d,scene-0004,static,20,2-10,nontraversable_label,0.4,4142,3804,153,151,336
c44b6b3e-aeab-5a8f-9bb6-b8b9cb41b65d,scene-0004,static,20,2-10,nontraversable_label,0.8,4142,4133,828,828,9
c44b6b3e-aeab-5a8f-9bb6-b8b9cb41b65d,scene-0004,static,20,2-10,nontraversable_label,1.2,4142,4141,1619,1619,1
c44b6b3e-aeab-5a8f-9bb6-b8b9cb41b65d,scene-0004,static,20,2-10,near_ground_geometry,0.4,360,359,4,4,1
c44b6b3e-aeab-5a8f-9bb6-b8b9cb41b65d,scene-0004,static,20,2-10,near_ground_geometry,0.8,360,360,17,17,0
c44b6b3e-aeab-5a8f-9bb6-b8b9cb41b65d,scene-0004,static,20,2-10,near_ground_geometry,1.2,360,360,39,39,0
c44b6b3e-aeab-5a8f-9bb6-b8b9cb41b65d,scene-0004,static,20,2-10,raised_geometry,0.4,33,20,7,7,13
c44b6b3e-aeab-5a8f-9bb6-b8b9cb41b65d,scene-0004,static,20,2-10,raised_geometry,0.8,33,32,26,26,1
c44b6b3e-aeab-5a8f-9bb6-b8b9cb41b65d,scene-0004,static,20,2-10,raised_geometry,1.2,33,33,33,33,0
c44b6b3e-aeab-5a8f-9bb6-b8b9cb41b65d,scene-0004,static,20,10-20,traversable_label,0.4,175,133,3,2,41
c44b6b3e-aeab-5a8f-9bb6-b8b9cb41b65d,scene-0004,static,20,10-20,traversable_label,0.8,175,174,14,14,1
c44b6b3e-aeab-5a8f-9bb6-b8b9cb41b65d,scene-0004,static,20,10-20,traversable_label,1.2,175,175,25,25,0
c44b6b3e-aeab-5a8f-9bb6-b8b9cb41b65d,scene-0004,static,20,10-20,potential_label,0.4,694,632,0,0,62
c44b6b3e-aeab-5a8f-9bb6-b8b9cb41b65d,scene-0004,static,20,10-20,potential_label,0.8,694,693,8,8,1
c44b6b3e-aeab-5a8f-9bb6-b8b9cb41b65d,scene-0004,static,20,10-20,potential_label,1.2,694,693,33,33,1
c44b6b3e-aeab-5a8f-9bb6-b8b9cb41b65d,scene-0004,static,20,10-20,nontraversable_label,0.4,3632,3085,93,91,545
c44b6b3e-aeab-5a8f-9bb6-b8b9cb41b65d,scene-0004,static,20,10-20,nontraversable_label,0.8,3632,3555,539,539,77
c44b6b3e-aeab-5a8f-9bb6-b8b9cb41b65d,scene-0004,static,20,10-20,nontraversable_label,1.2,3632,3609,1178,1178,23
c44b6b3e-aeab-5a8f-9bb6-b8b9cb41b65d,scene-0004,static,20,10-20,near_ground_geometry,0.4,413,359,0,0,54
c44b6b3e-aeab-5a8f-9bb6-b8b9cb41b65d,scene-0004,static,20,10-20,near_ground_geometry,0.8,413,413,0,0,0
c44b6b3e-aeab-5a8f-9bb6-b8b9cb41b65d,scene-0004,static,20,10-20,near_ground_geometry,1.2,413,413,0,0,0
c44b6b3e-aeab-5a8f-9bb6-b8b9cb41b65d,scene-0004,static,20,10-20,raised_geometry,0.4,31,15,3,2,15
c44b6b3e-aeab-5a8f-9bb6-b8b9cb41b65d,scene-0004,static,20,10-20,raised_geometry,0.8,31,30,17,17,1
c44b6b3e-aeab-5a8f-9bb6-b8b9cb41b65d,scene-0004,static,20,10-20,raised_geometry,1.2,31,31,31,31,0
c44b6b3e-aeab-5a8f-9bb6-b8b9cb41b65d,scene-0004,static,20,20-30,traversable_label,0.4,68,39,0,0,29
c44b6b3e-aeab-5a8f-9bb6-b8b9cb41b65d,scene-0004,static,20,20-30,traversable_label,0.8,68,67,0,0,1
c44b6b3e-aeab-5a8f-9bb6-b8b9cb41b65d,scene-0004,static,20,20-30,traversable_label,1.2,68,68,0,0,0
c44b6b3e-aeab-5a8f-9bb6-b8b9cb41b65d,scene-0004,static,20,20-30,potential_label,0.4,230,199,0,0,31
c44b6b3e-aeab-5a8f-9bb6-b8b9cb41b65d,scene-0004,static,20,20-30,potential_label,0.8,230,228,1,1,2
c44b6b3e-aeab-5a8f-9bb6-b8b9cb41b65d,scene-0004,static,20,20-30,potential_label,1.2,230,230,15,15,0
c44b6b3e-aeab-5a8f-9bb6-b8b9cb41b65d,scene-0004,static,20,20-30,nontraversable_label,0.4,1626,1293,70,67,330
c44b6b3e-aeab-5a8f-9bb6-b8b9cb41b65d,scene-0004,static,20,20-30,nontraversable_label,0.8,1626,1603,344,344,23
c44b6b3e-aeab-5a8f-9bb6-b8b9cb41b65d,scene-0004,static,20,20-30,nontraversable_label,1.2,1626,1622,652,652,4
c44b6b3e-aeab-5a8f-9bb6-b8b9cb41b65d,scene-0004,static,20,20-30,near_ground_geometry,0.4,155,108,0,0,47
c44b6b3e-aeab-5a8f-9bb6-b8b9cb41b65d,scene-0004,static,20,20-30,near_ground_geometry,0.8,155,152,0,0,3
c44b6b3e-aeab-5a8f-9bb6-b8b9cb41b65d,scene-0004,static,20,20-30,near_ground_geometry,1.2,155,155,0,0,0
c44b6b3e-aeab-5a8f-9bb6-b8b9cb41b65d,scene-0004,static,20,30-40,potential_label,0.4,12,10,0,0,2
c44b6b3e-aeab-5a8f-9bb6-b8b9cb41b65d,scene-0004,static,20,30-40,potential_label,0.8,12,12,0,0,0
c44b6b3e-aeab-5a8f-9bb6-b8b9cb41b65d,scene-0004,static,20,30-40,potential_label,1.2,12,12,4,4,0
c44b6b3e-aeab-5a8f-9bb6-b8b9cb41b65d,scene-0004,static,20,30-40,nontraversable_label,0.4,1748,1140,52,39,595
c44b6b3e-aeab-5a8f-9bb6-b8b9cb41b65d,scene-0004,static,20,30-40,nontraversable_label,0.8,1748,1639,222,220,107
c44b6b3e-aeab-5a8f-9bb6-b8b9cb41b65d,scene-0004,static,20,30-40,nontraversable_label,1.2,1748,1721,439,439,27
c44b6b3e-aeab-5a8f-9bb6-b8b9cb41b65d,scene-0004,aligned,10,2-10,traversable_label,0.4,110,101,5,5,9
c44b6b3e-aeab-5a8f-9bb6-b8b9cb41b65d,scene-0004,aligned,10,2-10,traversable_label,0.8,110,109,30,30,1
c44b6b3e-aeab-5a8f-9bb6-b8b9cb41b65d,scene-0004,aligned,10,2-10,traversable_label,1.2,110,110,44,44,0
c44b6b3e-aeab-5a8f-9bb6-b8b9cb41b65d,scene-0004,aligned,10,2-10,potential_label,0.4,422,415,1,1,7
c44b6b3e-aeab-5a8f-9bb6-b8b9cb41b65d,scene-0004,aligned,10,2-10,potential_label,0.8,422,422,12,12,0
c44b6b3e-aeab-5a8f-9bb6-b8b9cb41b65d,scene-0004,aligned,10,2-10,potential_label,1.2,422,422,47,47,0
c44b6b3e-aeab-5a8f-9bb6-b8b9cb41b65d,scene-0004,aligned,10,2-10,nontraversable_label,0.4,3036,2840,133,133,196
c44b6b3e-aeab-5a8f-9bb6-b8b9cb41b65d,scene-0004,aligned,10,2-10,nontraversable_label,0.8,3036,3031,682,682,5
c44b6b3e-aeab-5a8f-9bb6-b8b9cb41b65d,scene-0004,aligned,10,2-10,nontraversable_label,1.2,3036,3036,1287,1287,0
c44b6b3e-aeab-5a8f-9bb6-b8b9cb41b65d,scene-0004,aligned,10,2-10,near_ground_geometry,0.4,183,182,0,0,1
c44b6b3e-aeab-5a8f-9bb6-b8b9cb41b65d,scene-0004,aligned,10,2-10,near_ground_geometry,0.8,183,183,6,6,0
c44b6b3e-aeab-5a8f-9bb6-b8b9cb41b65d,scene-0004,aligned,10,2-10,near_ground_geometry,1.2,183,183,14,14,0
c44b6b3e-aeab-5a8f-9bb6-b8b9cb41b65d,scene-0004,aligned,10,2-10,raised_geometry,0.4,25,16,5,5,9
c44b6b3e-aeab-5a8f-9bb6-b8b9cb41b65d,scene-0004,aligned,10,2-10,raised_geometry,0.8,25,24,21,21,1
c44b6b3e-aeab-5a8f-9bb6-b8b9cb41b65d,scene-0004,aligned,10,2-10,raised_geometry,1.2,25,25,25,25,0
c44b6b3e-aeab-5a8f-9bb6-b8b9cb41b65d,scene-0004,aligned,10,10-20,traversable_label,0.4,175,133,2,2,42
c44b6b3e-aeab-5a8f-9bb6-b8b9cb41b65d,scene-0004,aligned,10,10-20,traversable_label,0.8,175,174,13,13,1
c44b6b3e-aeab-5a8f-9bb6-b8b9cb41b65d,scene-0004,aligned,10,10-20,traversable_label,1.2,175,175,25,25,0
c44b6b3e-aeab-5a8f-9bb6-b8b9cb41b65d,scene-0004,aligned,10,10-20,potential_label,0.4,694,632,0,0,62
c44b6b3e-aeab-5a8f-9bb6-b8b9cb41b65d,scene-0004,aligned,10,10-20,potential_label,0.8,694,693,7,7,1
c44b6b3e-aeab-5a8f-9bb6-b8b9cb41b65d,scene-0004,aligned,10,10-20,potential_label,1.2,694,693,33,33,1
c44b6b3e-aeab-5a8f-9bb6-b8b9cb41b65d,scene-0004,aligned,10,10-20,nontraversable_label,0.4,2881,2535,97,95,344
c44b6b3e-aeab-5a8f-9bb6-b8b9cb41b65d,scene-0004,aligned,10,10-20,nontraversable_label,0.8,2881,2845,535,535,36
c44b6b3e-aeab-5a8f-9bb6-b8b9cb41b65d,scene-0004,aligned,10,10-20,nontraversable_label,1.2,2881,2867,1150,1150,14
c44b6b3e-aeab-5a8f-9bb6-b8b9cb41b65d,scene-0004,aligned,10,10-20,near_ground_geometry,0.4,413,359,0,0,54
c44b6b3e-aeab-5a8f-9bb6-b8b9cb41b65d,scene-0004,aligned,10,10-20,near_ground_geometry,0.8,413,413,0,0,0
c44b6b3e-aeab-5a8f-9bb6-b8b9cb41b65d,scene-0004,aligned,10,10-20,near_ground_geometry,1.2,413,413,0,0,0
c44b6b3e-aeab-5a8f-9bb6-b8b9cb41b65d,scene-0004,aligned,10,10-20,raised_geometry,0.4,31,15,2,2,16
c44b6b3e-aeab-5a8f-9bb6-b8b9cb41b65d,scene-0004,aligned,10,10-20,raised_geometry,0.8,31,30,16,16,1
c44b6b3e-aeab-5a8f-9bb6-b8b9cb41b65d,scene-0004,aligned,10,10-20,raised_geometry,1.2,31,31,31,31,0
c44b6b3e-aeab-5a8f-9bb6-b8b9cb41b65d,scene-0004,aligned,10,20-30,traversable_label,0.4,68,39,0,0,29
c44b6b3e-aeab-5a8f-9bb6-b8b9cb41b65d,scene-0004,aligned,10,20-30,traversable_label,0.8,68,67,0,0,1
c44b6b3e-aeab-5a8f-9bb6-b8b9cb41b65d,scene-0004,aligned,10,20-30,traversable_label,1.2,68,68,0,0,0
c44b6b3e-aeab-5a8f-9bb6-b8b9cb41b65d,scene-0004,aligned,10,20-30,potential_label,0.4,230,199,0,0,31
c44b6b3e-aeab-5a8f-9bb6-b8b9cb41b65d,scene-0004,aligned,10,20-30,potential_label,0.8,230,228,1,1,2
c44b6b3e-aeab-5a8f-9bb6-b8b9cb41b65d,scene-0004,aligned,10,20-30,potential_label,1.2,230,230,15,15,0
c44b6b3e-aeab-5a8f-9bb6-b8b9cb41b65d,scene-0004,aligned,10,20-30,nontraversable_label,0.4,1540,1237,69,66,300
c44b6b3e-aeab-5a8f-9bb6-b8b9cb41b65d,scene-0004,aligned,10,20-30,nontraversable_label,0.8,1540,1523,338,338,17
c44b6b3e-aeab-5a8f-9bb6-b8b9cb41b65d,scene-0004,aligned,10,20-30,nontraversable_label,1.2,1540,1538,644,644,2
c44b6b3e-aeab-5a8f-9bb6-b8b9cb41b65d,scene-0004,aligned,10,20-30,near_ground_geometry,0.4,155,108,0,0,47
c44b6b3e-aeab-5a8f-9bb6-b8b9cb41b65d,scene-0004,aligned,10,20-30,near_ground_geometry,0.8,155,152,0,0,3
c44b6b3e-aeab-5a8f-9bb6-b8b9cb41b65d,scene-0004,aligned,10,20-30,near_ground_geometry,1.2,155,155,0,0,0
c44b6b3e-aeab-5a8f-9bb6-b8b9cb41b65d,scene-0004,aligned,10,30-40,potential_label,0.4,12,10,0,0,2
c44b6b3e-aeab-5a8f-9bb6-b8b9cb41b65d,scene-0004,aligned,10,30-40,potential_label,0.8,12,12,0,0,0
c44b6b3e-aeab-5a8f-9bb6-b8b9cb41b65d,scene-0004,aligned,10,30-40,potential_label,1.2,12,12,4,4,0
c44b6b3e-aeab-5a8f-9bb6-b8b9cb41b65d,scene-0004,aligned,10,30-40,nontraversable_label,0.4,1748,1140,50,38,596
c44b6b3e-aeab-5a8f-9bb6-b8b9cb41b65d,scene-0004,aligned,10,30-40,nontraversable_label,0.8,1748,1639,222,220,107
c44b6b3e-aeab-5a8f-9bb6-b8b9cb41b65d,scene-0004,aligned,10,30-40,nontraversable_label,1.2,1748,1721,441,441,27
c44b6b3e-aeab-5a8f-9bb6-b8b9cb41b65d,scene-0004,aligned,20,2-10,traversable_label,0.4,178,165,7,7,13
c44b6b3e-aeab-5a8f-9bb6-b8b9cb41b65d,scene-0004,aligned,20,2-10,traversable_label,0.8,178,177,39,39,1
c44b6b3e-aeab-5a8f-9bb6-b8b9cb41b65d,scene-0004,aligned,20,2-10,traversable_label,1.2,178,178,61,61,0
c44b6b3e-aeab-5a8f-9bb6-b8b9cb41b65d,scene-0004,aligned,20,2-10,potential_label,0.4,753,746,6,6,7
c44b6b3e-aeab-5a8f-9bb6-b8b9cb41b65d,scene-0004,aligned,20,2-10,potential_label,0.8,753,753,45,45,0
c44b6b3e-aeab-5a8f-9bb6-b8b9cb41b65d,scene-0004,aligned,20,2-10,potential_label,1.2,753,753,135,135,0
c44b6b3e-aeab-5a8f-9bb6-b8b9cb41b65d,scene-0004,aligned,20,2-10,nontraversable_label,0.4,4142,3804,153,151,336
c44b6b3e-aeab-5a8f-9bb6-b8b9cb41b65d,scene-0004,aligned,20,2-10,nontraversable_label,0.8,4142,4133,825,825,9
c44b6b3e-aeab-5a8f-9bb6-b8b9cb41b65d,scene-0004,aligned,20,2-10,nontraversable_label,1.2,4142,4141,1616,1616,1
c44b6b3e-aeab-5a8f-9bb6-b8b9cb41b65d,scene-0004,aligned,20,2-10,near_ground_geometry,0.4,360,359,4,4,1
c44b6b3e-aeab-5a8f-9bb6-b8b9cb41b65d,scene-0004,aligned,20,2-10,near_ground_geometry,0.8,360,360,17,17,0
c44b6b3e-aeab-5a8f-9bb6-b8b9cb41b65d,scene-0004,aligned,20,2-10,near_ground_geometry,1.2,360,360,39,39,0
c44b6b3e-aeab-5a8f-9bb6-b8b9cb41b65d,scene-0004,aligned,20,2-10,raised_geometry,0.4,33,20,5,5,13
c44b6b3e-aeab-5a8f-9bb6-b8b9cb41b65d,scene-0004,aligned,20,2-10,raised_geometry,0.8,33,32,25,25,1
c44b6b3e-aeab-5a8f-9bb6-b8b9cb41b65d,scene-0004,aligned,20,2-10,raised_geometry,1.2,33,33,33,33,0
c44b6b3e-aeab-5a8f-9bb6-b8b9cb41b65d,scene-0004,aligned,20,10-20,traversable_label,0.4,175,133,2,2,42
c44b6b3e-aeab-5a8f-9bb6-b8b9cb41b65d,scene-0004,aligned,20,10-20,traversable_label,0.8,175,174,13,13,1
c44b6b3e-aeab-5a8f-9bb6-b8b9cb41b65d,scene-0004,aligned,20,10-20,traversable_label,1.2,175,175,25,25,0
c44b6b3e-aeab-5a8f-9bb6-b8b9cb41b65d,scene-0004,aligned,20,10-20,potential_label,0.4,694,632,0,0,62
c44b6b3e-aeab-5a8f-9bb6-b8b9cb41b65d,scene-0004,aligned,20,10-20,potential_label,0.8,694,693,7,7,1
c44b6b3e-aeab-5a8f-9bb6-b8b9cb41b65d,scene-0004,aligned,20,10-20,potential_label,1.2,694,693,33,33,1
c44b6b3e-aeab-5a8f-9bb6-b8b9cb41b65d,scene-0004,aligned,20,10-20,nontraversable_label,0.4,3632,3085,97,95,545
c44b6b3e-aeab-5a8f-9bb6-b8b9cb41b65d,scene-0004,aligned,20,10-20,nontraversable_label,0.8,3632,3555,536,536,77
c44b6b3e-aeab-5a8f-9bb6-b8b9cb41b65d,scene-0004,aligned,20,10-20,nontraversable_label,1.2,3632,3609,1178,1178,23
c44b6b3e-aeab-5a8f-9bb6-b8b9cb41b65d,scene-0004,aligned,20,10-20,near_ground_geometry,0.4,413,359,0,0,54
c44b6b3e-aeab-5a8f-9bb6-b8b9cb41b65d,scene-0004,aligned,20,10-20,near_ground_geometry,0.8,413,413,0,0,0
c44b6b3e-aeab-5a8f-9bb6-b8b9cb41b65d,scene-0004,aligned,20,10-20,near_ground_geometry,1.2,413,413,0,0,0
c44b6b3e-aeab-5a8f-9bb6-b8b9cb41b65d,scene-0004,aligned,20,10-20,raised_geometry,0.4,31,15,2,2,16
c44b6b3e-aeab-5a8f-9bb6-b8b9cb41b65d,scene-0004,aligned,20,10-20,raised_geometry,0.8,31,30,16,16,1
c44b6b3e-aeab-5a8f-9bb6-b8b9cb41b65d,scene-0004,aligned,20,10-20,raised_geometry,1.2,31,31,31,31,0
c44b6b3e-aeab-5a8f-9bb6-b8b9cb41b65d,scene-0004,aligned,20,20-30,traversable_label,0.4,68,39,0,0,29
c44b6b3e-aeab-5a8f-9bb6-b8b9cb41b65d,scene-0004,aligned,20,20-30,traversable_label,0.8,68,67,0,0,1
c44b6b3e-aeab-5a8f-9bb6-b8b9cb41b65d,scene-0004,aligned,20,20-30,traversable_label,1.2,68,68,0,0,0
c44b6b3e-aeab-5a8f-9bb6-b8b9cb41b65d,scene-0004,aligned,20,20-30,potential_label,0.4,230,199,0,0,31
c44b6b3e-aeab-5a8f-9bb6-b8b9cb41b65d,scene-0004,aligned,20,20-30,potential_label,0.8,230,228,1,1,2
c44b6b3e-aeab-5a8f-9bb6-b8b9cb41b65d,scene-0004,aligned,20,20-30,potential_label,1.2,230,230,15,15,0
c44b6b3e-aeab-5a8f-9bb6-b8b9cb41b65d,scene-0004,aligned,20,20-30,nontraversable_label,0.4,1626,1293,69,66,330
c44b6b3e-aeab-5a8f-9bb6-b8b9cb41b65d,scene-0004,aligned,20,20-30,nontraversable_label,0.8,1626,1603,343,343,23
c44b6b3e-aeab-5a8f-9bb6-b8b9cb41b65d,scene-0004,aligned,20,20-30,nontraversable_label,1.2,1626,1622,651,651,4
c44b6b3e-aeab-5a8f-9bb6-b8b9cb41b65d,scene-0004,aligned,20,20-30,near_ground_geometry,0.4,155,108,0,0,47
c44b6b3e-aeab-5a8f-9bb6-b8b9cb41b65d,scene-0004,aligned,20,20-30,near_ground_geometry,0.8,155,152,0,0,3
c44b6b3e-aeab-5a8f-9bb6-b8b9cb41b65d,scene-0004,aligned,20,20-30,near_ground_geometry,1.2,155,155,0,0,0
c44b6b3e-aeab-5a8f-9bb6-b8b9cb41b65d,scene-0004,aligned,20,30-40,potential_label,0.4,12,10,0,0,2
c44b6b3e-aeab-5a8f-9bb6-b8b9cb41b65d,scene-0004,aligned,20,30-40,potential_label,0.8,12,12,0,0,0
c44b6b3e-aeab-5a8f-9bb6-b8b9cb41b65d,scene-0004,aligned,20,30-40,potential_label,1.2,12,12,4,4,0
c44b6b3e-aeab-5a8f-9bb6-b8b9cb41b65d,scene-0004,aligned,20,30-40,nontraversable_label,0.4,1748,1140,50,38,596
c44b6b3e-aeab-5a8f-9bb6-b8b9cb41b65d,scene-0004,aligned,20,30-40,nontraversable_label,0.8,1748,1639,222,220,107
c44b6b3e-aeab-5a8f-9bb6-b8b9cb41b65d,scene-0004,aligned,20,30-40,nontraversable_label,1.2,1748,1721,441,441,27
c44b6b3e-aeab-5a8f-9bb6-b8b9cb41b65d,scene-0004,ros_origin,10,2-10,traversable_label,0.4,110,101,4,4,9
c44b6b3e-aeab-5a8f-9bb6-b8b9cb41b65d,scene-0004,ros_origin,10,2-10,traversable_label,0.8,110,109,22,22,1
c44b6b3e-aeab-5a8f-9bb6-b8b9cb41b65d,scene-0004,ros_origin,10,2-10,traversable_label,1.2,110,110,40,40,0
c44b6b3e-aeab-5a8f-9bb6-b8b9cb41b65d,scene-0004,ros_origin,10,2-10,potential_label,0.4,422,415,0,0,7
c44b6b3e-aeab-5a8f-9bb6-b8b9cb41b65d,scene-0004,ros_origin,10,2-10,potential_label,0.8,422,422,18,18,0
c44b6b3e-aeab-5a8f-9bb6-b8b9cb41b65d,scene-0004,ros_origin,10,2-10,potential_label,1.2,422,422,53,53,0
c44b6b3e-aeab-5a8f-9bb6-b8b9cb41b65d,scene-0004,ros_origin,10,2-10,nontraversable_label,0.4,3036,2840,132,131,195
c44b6b3e-aeab-5a8f-9bb6-b8b9cb41b65d,scene-0004,ros_origin,10,2-10,nontraversable_label,0.8,3036,3031,599,599,5
c44b6b3e-aeab-5a8f-9bb6-b8b9cb41b65d,scene-0004,ros_origin,10,2-10,nontraversable_label,1.2,3036,3036,1186,1186,0
c44b6b3e-aeab-5a8f-9bb6-b8b9cb41b65d,scene-0004,ros_origin,10,2-10,near_ground_geometry,0.4,183,182,0,0,1
c44b6b3e-aeab-5a8f-9bb6-b8b9cb41b65d,scene-0004,ros_origin,10,2-10,near_ground_geometry,0.8,183,183,0,0,0
c44b6b3e-aeab-5a8f-9bb6-b8b9cb41b65d,scene-0004,ros_origin,10,2-10,near_ground_geometry,1.2,183,183,8,8,0
c44b6b3e-aeab-5a8f-9bb6-b8b9cb41b65d,scene-0004,ros_origin,10,2-10,raised_geometry,0.4,25,16,4,4,9
c44b6b3e-aeab-5a8f-9bb6-b8b9cb41b65d,scene-0004,ros_origin,10,2-10,raised_geometry,0.8,25,24,15,15,1
c44b6b3e-aeab-5a8f-9bb6-b8b9cb41b65d,scene-0004,ros_origin,10,2-10,raised_geometry,1.2,25,25,24,24,0
c44b6b3e-aeab-5a8f-9bb6-b8b9cb41b65d,scene-0004,ros_origin,10,10-20,traversable_label,0.4,175,133,4,4,42
c44b6b3e-aeab-5a8f-9bb6-b8b9cb41b65d,scene-0004,ros_origin,10,10-20,traversable_label,0.8,175,174,24,24,1
c44b6b3e-aeab-5a8f-9bb6-b8b9cb41b65d,scene-0004,ros_origin,10,10-20,traversable_label,1.2,175,175,38,38,0
c44b6b3e-aeab-5a8f-9bb6-b8b9cb41b65d,scene-0004,ros_origin,10,10-20,potential_label,0.4,694,632,1,1,62
c44b6b3e-aeab-5a8f-9bb6-b8b9cb41b65d,scene-0004,ros_origin,10,10-20,potential_label,0.8,694,693,7,7,1
c44b6b3e-aeab-5a8f-9bb6-b8b9cb41b65d,scene-0004,ros_origin,10,10-20,potential_label,1.2,694,693,42,42,1
c44b6b3e-aeab-5a8f-9bb6-b8b9cb41b65d,scene-0004,ros_origin,10,10-20,nontraversable_label,0.4,2881,2535,97,95,344
c44b6b3e-aeab-5a8f-9bb6-b8b9cb41b65d,scene-0004,ros_origin,10,10-20,nontraversable_label,0.8,2881,2845,481,481,36
c44b6b3e-aeab-5a8f-9bb6-b8b9cb41b65d,scene-0004,ros_origin,10,10-20,nontraversable_label,1.2,2881,2867,1143,1143,14
c44b6b3e-aeab-5a8f-9bb6-b8b9cb41b65d,scene-0004,ros_origin,10,10-20,near_ground_geometry,0.4,413,359,0,0,54
c44b6b3e-aeab-5a8f-9bb6-b8b9cb41b65d,scene-0004,ros_origin,10,10-20,near_ground_geometry,0.8,413,413,0,0,0
c44b6b3e-aeab-5a8f-9bb6-b8b9cb41b65d,scene-0004,ros_origin,10,10-20,near_ground_geometry,1.2,413,413,8,8,0
c44b6b3e-aeab-5a8f-9bb6-b8b9cb41b65d,scene-0004,ros_origin,10,10-20,raised_geometry,0.4,31,15,4,4,16
c44b6b3e-aeab-5a8f-9bb6-b8b9cb41b65d,scene-0004,ros_origin,10,10-20,raised_geometry,0.8,31,30,26,26,1
c44b6b3e-aeab-5a8f-9bb6-b8b9cb41b65d,scene-0004,ros_origin,10,10-20,raised_geometry,1.2,31,31,31,31,0
c44b6b3e-aeab-5a8f-9bb6-b8b9cb41b65d,scene-0004,ros_origin,10,20-30,traversable_label,0.4,68,39,0,0,29
c44b6b3e-aeab-5a8f-9bb6-b8b9cb41b65d,scene-0004,ros_origin,10,20-30,traversable_label,0.8,68,67,0,0,1
c44b6b3e-aeab-5a8f-9bb6-b8b9cb41b65d,scene-0004,ros_origin,10,20-30,traversable_label,1.2,68,68,0,0,0
c44b6b3e-aeab-5a8f-9bb6-b8b9cb41b65d,scene-0004,ros_origin,10,20-30,potential_label,0.4,230,199,0,0,31
c44b6b3e-aeab-5a8f-9bb6-b8b9cb41b65d,scene-0004,ros_origin,10,20-30,potential_label,0.8,230,228,2,2,2
c44b6b3e-aeab-5a8f-9bb6-b8b9cb41b65d,scene-0004,ros_origin,10,20-30,potential_label,1.2,230,230,17,17,0
c44b6b3e-aeab-5a8f-9bb6-b8b9cb41b65d,scene-0004,ros_origin,10,20-30,nontraversable_label,0.4,1540,1237,67,65,301
c44b6b3e-aeab-5a8f-9bb6-b8b9cb41b65d,scene-0004,ros_origin,10,20-30,nontraversable_label,0.8,1540,1523,311,311,17
c44b6b3e-aeab-5a8f-9bb6-b8b9cb41b65d,scene-0004,ros_origin,10,20-30,nontraversable_label,1.2,1540,1538,606,606,2
c44b6b3e-aeab-5a8f-9bb6-b8b9cb41b65d,scene-0004,ros_origin,10,20-30,near_ground_geometry,0.4,155,108,0,0,47
c44b6b3e-aeab-5a8f-9bb6-b8b9cb41b65d,scene-0004,ros_origin,10,20-30,near_ground_geometry,0.8,155,152,0,0,3
c44b6b3e-aeab-5a8f-9bb6-b8b9cb41b65d,scene-0004,ros_origin,10,20-30,near_ground_geometry,1.2,155,155,0,0,0
c44b6b3e-aeab-5a8f-9bb6-b8b9cb41b65d,scene-0004,ros_origin,10,30-40,potential_label,0.4,12,10,0,0,2
c44b6b3e-aeab-5a8f-9bb6-b8b9cb41b65d,scene-0004,ros_origin,10,30-40,potential_label,0.8,12,12,1,1,0
c44b6b3e-aeab-5a8f-9bb6-b8b9cb41b65d,scene-0004,ros_origin,10,30-40,potential_label,1.2,12,12,1,1,0
c44b6b3e-aeab-5a8f-9bb6-b8b9cb41b65d,scene-0004,ros_origin,10,30-40,nontraversable_label,0.4,1748,1140,30,17,595
c44b6b3e-aeab-5a8f-9bb6-b8b9cb41b65d,scene-0004,ros_origin,10,30-40,nontraversable_label,0.8,1748,1639,172,169,106
c44b6b3e-aeab-5a8f-9bb6-b8b9cb41b65d,scene-0004,ros_origin,10,30-40,nontraversable_label,1.2,1748,1721,403,402,26
c44b6b3e-aeab-5a8f-9bb6-b8b9cb41b65d,scene-0004,ros_origin,20,2-10,traversable_label,0.4,178,165,4,4,13
c44b6b3e-aeab-5a8f-9bb6-b8b9cb41b65d,scene-0004,ros_origin,20,2-10,traversable_label,0.8,178,177,22,22,1
c44b6b3e-aeab-5a8f-9bb6-b8b9cb41b65d,scene-0004,ros_origin,20,2-10,traversable_label,1.2,178,178,49,49,0
c44b6b3e-aeab-5a8f-9bb6-b8b9cb41b65d,scene-0004,ros_origin,20,2-10,potential_label,0.4,753,746,2,2,7
c44b6b3e-aeab-5a8f-9bb6-b8b9cb41b65d,scene-0004,ros_origin,20,2-10,potential_label,0.8,753,753,47,47,0
c44b6b3e-aeab-5a8f-9bb6-b8b9cb41b65d,scene-0004,ros_origin,20,2-10,potential_label,1.2,753,753,140,140,0
c44b6b3e-aeab-5a8f-9bb6-b8b9cb41b65d,scene-0004,ros_origin,20,2-10,nontraversable_label,0.4,4142,3804,167,166,337
c44b6b3e-aeab-5a8f-9bb6-b8b9cb41b65d,scene-0004,ros_origin,20,2-10,nontraversable_label,0.8,4142,4133,755,755,9
c44b6b3e-aeab-5a8f-9bb6-b8b9cb41b65d,scene-0004,ros_origin,20,2-10,nontraversable_label,1.2,4142,4141,1482,1482,1
c44b6b3e-aeab-5a8f-9bb6-b8b9cb41b65d,scene-0004,ros_origin,20,2-10,near_ground_geometry,0.4,360,359,1,1,1
c44b6b3e-aeab-5a8f-9bb6-b8b9cb41b65d,scene-0004,ros_origin,20,2-10,near_ground_geometry,0.8,360,360,5,5,0
c44b6b3e-aeab-5a8f-9bb6-b8b9cb41b65d,scene-0004,ros_origin,20,2-10,near_ground_geometry,1.2,360,360,31,31,0
c44b6b3e-aeab-5a8f-9bb6-b8b9cb41b65d,scene-0004,ros_origin,20,2-10,raised_geometry,0.4,33,20,4,4,13
c44b6b3e-aeab-5a8f-9bb6-b8b9cb41b65d,scene-0004,ros_origin,20,2-10,raised_geometry,0.8,33,32,15,15,1
c44b6b3e-aeab-5a8f-9bb6-b8b9cb41b65d,scene-0004,ros_origin,20,2-10,raised_geometry,1.2,33,33,24,24,0
c44b6b3e-aeab-5a8f-9bb6-b8b9cb41b65d,scene-0004,ros_origin,20,10-20,traversable_label,0.4,175,133,4,4,42
c44b6b3e-aeab-5a8f-9bb6-b8b9cb41b65d,scene-0004,ros_origin,20,10-20,traversable_label,0.8,175,174,24,24,1
c44b6b3e-aeab-5a8f-9bb6-b8b9cb41b65d,scene-0004,ros_origin,20,10-20,traversable_label,1.2,175,175,38,38,0
c44b6b3e-aeab-5a8f-9bb6-b8b9cb41b65d,scene-0004,ros_origin,20,10-20,potential_label,0.4,694,632,1,1,62
c44b6b3e-aeab-5a8f-9bb6-b8b9cb41b65d,scene-0004,ros_origin,20,10-20,potential_label,0.8,694,693,7,7,1
c44b6b3e-aeab-5a8f-9bb6-b8b9cb41b65d,scene-0004,ros_origin,20,10-20,potential_label,1.2,694,693,42,42,1
c44b6b3e-aeab-5a8f-9bb6-b8b9cb41b65d,scene-0004,ros_origin,20,10-20,nontraversable_label,0.4,3632,3085,97,95,545
c44b6b3e-aeab-5a8f-9bb6-b8b9cb41b65d,scene-0004,ros_origin,20,10-20,nontraversable_label,0.8,3632,3555,481,481,77
c44b6b3e-aeab-5a8f-9bb6-b8b9cb41b65d,scene-0004,ros_origin,20,10-20,nontraversable_label,1.2,3632,3609,1143,1143,23
c44b6b3e-aeab-5a8f-9bb6-b8b9cb41b65d,scene-0004,ros_origin,20,10-20,near_ground_geometry,0.4,413,359,0,0,54
c44b6b3e-aeab-5a8f-9bb6-b8b9cb41b65d,scene-0004,ros_origin,20,10-20,near_ground_geometry,0.8,413,413,0,0,0
c44b6b3e-aeab-5a8f-9bb6-b8b9cb41b65d,scene-0004,ros_origin,20,10-20,near_ground_geometry,1.2,413,413,8,8,0
c44b6b3e-aeab-5a8f-9bb6-b8b9cb41b65d,scene-0004,ros_origin,20,10-20,raised_geometry,0.4,31,15,4,4,16
c44b6b3e-aeab-5a8f-9bb6-b8b9cb41b65d,scene-0004,ros_origin,20,10-20,raised_geometry,0.8,31,30,26,26,1
c44b6b3e-aeab-5a8f-9bb6-b8b9cb41b65d,scene-0004,ros_origin,20,10-20,raised_geometry,1.2,31,31,31,31,0
c44b6b3e-aeab-5a8f-9bb6-b8b9cb41b65d,scene-0004,ros_origin,20,20-30,traversable_label,0.4,68,39,0,0,29
c44b6b3e-aeab-5a8f-9bb6-b8b9cb41b65d,scene-0004,ros_origin,20,20-30,traversable_label,0.8,68,67,0,0,1
c44b6b3e-aeab-5a8f-9bb6-b8b9cb41b65d,scene-0004,ros_origin,20,20-30,traversable_label,1.2,68,68,0,0,0
c44b6b3e-aeab-5a8f-9bb6-b8b9cb41b65d,scene-0004,ros_origin,20,20-30,potential_label,0.4,230,199,0,0,31
c44b6b3e-aeab-5a8f-9bb6-b8b9cb41b65d,scene-0004,ros_origin,20,20-30,potential_label,0.8,230,228,2,2,2
c44b6b3e-aeab-5a8f-9bb6-b8b9cb41b65d,scene-0004,ros_origin,20,20-30,potential_label,1.2,230,230,17,17,0
c44b6b3e-aeab-5a8f-9bb6-b8b9cb41b65d,scene-0004,ros_origin,20,20-30,nontraversable_label,0.4,1626,1293,67,65,331
c44b6b3e-aeab-5a8f-9bb6-b8b9cb41b65d,scene-0004,ros_origin,20,20-30,nontraversable_label,0.8,1626,1603,311,311,23
c44b6b3e-aeab-5a8f-9bb6-b8b9cb41b65d,scene-0004,ros_origin,20,20-30,nontraversable_label,1.2,1626,1622,611,611,4
c44b6b3e-aeab-5a8f-9bb6-b8b9cb41b65d,scene-0004,ros_origin,20,20-30,near_ground_geometry,0.4,155,108,0,0,47
c44b6b3e-aeab-5a8f-9bb6-b8b9cb41b65d,scene-0004,ros_origin,20,20-30,near_ground_geometry,0.8,155,152,0,0,3
c44b6b3e-aeab-5a8f-9bb6-b8b9cb41b65d,scene-0004,ros_origin,20,20-30,near_ground_geometry,1.2,155,155,0,0,0
c44b6b3e-aeab-5a8f-9bb6-b8b9cb41b65d,scene-0004,ros_origin,20,30-40,potential_label,0.4,12,10,0,0,2
c44b6b3e-aeab-5a8f-9bb6-b8b9cb41b65d,scene-0004,ros_origin,20,30-40,potential_label,0.8,12,12,1,1,0
c44b6b3e-aeab-5a8f-9bb6-b8b9cb41b65d,scene-0004,ros_origin,20,30-40,potential_label,1.2,12,12,1,1,0
c44b6b3e-aeab-5a8f-9bb6-b8b9cb41b65d,scene-0004,ros_origin,20,30-40,nontraversable_label,0.4,1748,1140,30,17,595
c44b6b3e-aeab-5a8f-9bb6-b8b9cb41b65d,scene-0004,ros_origin,20,30-40,nontraversable_label,0.8,1748,1639,172,169,106
c44b6b3e-aeab-5a8f-9bb6-b8b9cb41b65d,scene-0004,ros_origin,20,30-40,nontraversable_label,1.2,1748,1721,403,402,26
7d1bb91a-a999-5260-a601-a4504c271edf,scene-0004,static,10,2-10,traversable_label,0.4,141,127,13,13,14
7d1bb91a-a999-5260-a601-a4504c271edf,scene-0004,static,10,2-10,traversable_label,0.8,141,141,34,34,0
7d1bb91a-a999-5260-a601-a4504c271edf,scene-0004,static,10,2-10,traversable_label,1.2,141,141,43,43,0
7d1bb91a-a999-5260-a601-a4504c271edf,scene-0004,static,10,2-10,potential_label,0.4,382,375,0,0,7
7d1bb91a-a999-5260-a601-a4504c271edf,scene-0004,static,10,2-10,potential_label,0.8,382,382,9,9,0
7d1bb91a-a999-5260-a601-a4504c271edf,scene-0004,static,10,2-10,potential_label,1.2,382,382,52,52,0
7d1bb91a-a999-5260-a601-a4504c271edf,scene-0004,static,10,2-10,nontraversable_label,0.4,3181,2965,121,121,216
7d1bb91a-a999-5260-a601-a4504c271edf,scene-0004,static,10,2-10,nontraversable_label,0.8,3181,3172,597,597,9
7d1bb91a-a999-5260-a601-a4504c271edf,scene-0004,static,10,2-10,nontraversable_label,1.2,3181,3181,1088,1088,0
7d1bb91a-a999-5260-a601-a4504c271edf,scene-0004,static,10,2-10,near_ground_geometry,0.4,173,167,0,0,6
7d1bb91a-a999-5260-a601-a4504c271edf,scene-0004,static,10,2-10,near_ground_geometry,0.8,173,173,5,5,0
7d1bb91a-a999-5260-a601-a4504c271edf,scene-0004,static,10,2-10,near_ground_geometry,1.2,173,173,13,13,0
7d1bb91a-a999-5260-a601-a4504c271edf,scene-0004,static,10,2-10,raised_geometry,0.4,32,20,9,9,12
7d1bb91a-a999-5260-a601-a4504c271edf,scene-0004,static,10,2-10,raised_geometry,0.8,32,32,27,27,0
7d1bb91a-a999-5260-a601-a4504c271edf,scene-0004,static,10,2-10,raised_geometry,1.2,32,32,31,31,0
7d1bb91a-a999-5260-a601-a4504c271edf,scene-0004,static,10,10-20,traversable_label,0.4,269,247,6,6,22
7d1bb91a-a999-5260-a601-a4504c271edf,scene-0004,static,10,10-20,traversable_label,0.8,269,269,21,21,0
7d1bb91a-a999-5260-a601-a4504c271edf,scene-0004,static,10,10-20,traversable_label,1.2,269,269,40,40,0
7d1bb91a-a999-5260-a601-a4504c271edf,scene-0004,static,10,10-20,potential_label,0.4,971,921,1,1,50
7d1bb91a-a999-5260-a601-a4504c271edf,scene-0004,static,10,10-20,potential_label,0.8,971,969,12,12,2
7d1bb91a-a999-5260-a601-a4504c271edf,scene-0004,static,10,10-20,potential_label,1.2,971,971,76,76,0
7d1bb91a-a999-5260-a601-a4504c271edf,scene-0004,static,10,10-20,nontraversable_label,0.4,2776,2452,141,141,324
7d1bb91a-a999-5260-a601-a4504c271edf,scene-0004,static,10,10-20,nontraversable_label,0.8,2776,2745,768,768,31
7d1bb91a-a999-5260-a601-a4504c271edf,scene-0004,static,10,10-20,nontraversable_label,1.2,2776,2773,1442,1442,3
7d1bb91a-a999-5260-a601-a4504c271edf,scene-0004,static,10,10-20,near_ground_geometry,0.4,452,434,0,0,18
7d1bb91a-a999-5260-a601-a4504c271edf,scene-0004,static,10,10-20,near_ground_geometry,0.8,452,452,0,0,0
7d1bb91a-a999-5260-a601-a4504c271edf,scene-0004,static,10,10-20,near_ground_geometry,1.2,452,452,1,1,0
7d1bb91a-a999-5260-a601-a4504c271edf,scene-0004,static,10,10-20,raised_geometry,0.4,35,19,6,6,16
7d1bb91a-a999-5260-a601-a4504c271edf,scene-0004,static,10,10-20,raised_geometry,0.8,35,35,21,21,0
7d1bb91a-a999-5260-a601-a4504c271edf,scene-0004,static,10,10-20,raised_geometry,1.2,35,35,33,33,0
7d1bb91a-a999-5260-a601-a4504c271edf,scene-0004,static,10,20-30,traversable_label,0.4,190,168,0,0,22
7d1bb91a-a999-5260-a601-a4504c271edf,scene-0004,static,10,20-30,traversable_label,0.8,190,190,0,0,0
7d1bb91a-a999-5260-a601-a4504c271edf,scene-0004,static,10,20-30,traversable_label,1.2,190,190,0,0,0
7d1bb91a-a999-5260-a601-a4504c271edf,scene-0004,static,10,20-30,potential_label,0.4,587,454,0,0,133
7d1bb91a-a999-5260-a601-a4504c271edf,scene-0004,static,10,20-30,potential_label,0.8,587,580,10,10,7
7d1bb91a-a999-5260-a601-a4504c271edf,scene-0004,static,10,20-30,potential_label,1.2,587,587,33,33,0
7d1bb91a-a999-5260-a601-a4504c271edf,scene-0004,static,10,20-30,nontraversable_label,0.4,1904,1490,93,90,411
7d1bb91a-a999-5260-a601-a4504c271edf,scene-0004,static,10,20-30,nontraversable_label,0.8,1904,1862,448,448,42
7d1bb91a-a999-5260-a601-a4504c271edf,scene-0004,static,10,20-30,nontraversable_label,1.2,1904,1885,840,840,19
7d1bb91a-a999-5260-a601-a4504c271edf,scene-0004,static,10,20-30,near_ground_geometry,0.4,374,299,0,0,75
7d1bb91a-a999-5260-a601-a4504c271edf,scene-0004,static,10,20-30,near_ground_geometry,0.8,374,372,0,0,2
7d1bb91a-a999-5260-a601-a4504c271edf,scene-0004,static,10,20-30,near_ground_geometry,1.2,374,374,0,0,0
7d1bb91a-a999-5260-a601-a4504c271edf,scene-0004,static,10,30-40,traversable_label,0.4,70,51,0,0,19
7d1bb91a-a999-5260-a601-a4504c271edf,scene-0004,static,10,30-40,traversable_label,0.8,70,70,0,0,0
7d1bb91a-a999-5260-a601-a4504c271edf,scene-0004,static,10,30-40,traversable_label,1.2,70,70,0,0,0
7d1bb91a-a999-5260-a601-a4504c271edf,scene-0004,static,10,30-40,potential_label,0.4,285,177,0,0,108
7d1bb91a-a999-5260-a601-a4504c271edf,scene-0004,static,10,30-40,potential_label,0.8,285,283,5,5,2
7d1bb91a-a999-5260-a601-a4504c271edf,scene-0004,static,10,30-40,potential_label,1.2,285,285,10,10,0
7d1bb91a-a999-5260-a601-a4504c271edf,scene-0004,static,10,30-40,nontraversable_label,0.4,1344,914,55,43,418
7d1bb91a-a999-5260-a601-a4504c271edf,scene-0004,static,10,30-40,nontraversable_label,0.8,1344,1287,288,287,56
7d1bb91a-a999-5260-a601-a4504c271edf,scene-0004,static,10,30-40,nontraversable_label,1.2,1344,1315,573,573,29
7d1bb91a-a999-5260-a601-a4504c271edf,scene-0004,static,10,30-40,near_ground_geometry,0.4,142,103,0,0,39
7d1bb91a-a999-5260-a601-a4504c271edf,scene-0004,static,10,30-40,near_ground_geometry,0.8,142,142,0,0,0
7d1bb91a-a999-5260-a601-a4504c271edf,scene-0004,static,10,30-40,near_ground_geometry,1.2,142,142,0,0,0
7d1bb91a-a999-5260-a601-a4504c271edf,scene-0004,static,20,2-10,traversable_label,0.4,203,187,17,17,16
7d1bb91a-a999-5260-a601-a4504c271edf,scene-0004,static,20,2-10,traversable_label,0.8,203,203,46,46,0
7d1bb91a-a999-5260-a601-a4504c271edf,scene-0004,static,20,2-10,traversable_label,1.2,203,203,60,60,0
7d1bb91a-a999-5260-a601-a4504c271edf,scene-0004,static,20,2-10,potential_label,0.4,689,682,2,2,7
7d1bb91a-a999-5260-a601-a4504c271edf,scene-0004,static,20,2-10,potential_label,0.8,689,689,28,28,0
7d1bb91a-a999-5260-a601-a4504c271edf,scene-0004,static,20,2-10,potential_label,1.2,689,689,106,106,0
7d1bb91a-a999-5260-a601-a4504c271edf,scene-0004,static,20,2-10,nontraversable_label,0.4,4633,4254,135,135,379
7d1bb91a-a999-5260-a601-a4504c271edf,scene-0004,static,20,2-10,nontraversable_label,0.8,4633,4619,702,702,14
7d1bb91a-a999-5260-a601-a4504c271edf,scene-0004,static,20,2-10,nontraversable_label,1.2,4633,4632,1394,1394,1
7d1bb91a-a999-5260-a601-a4504c271edf,scene-0004,static,20,2-10,near_ground_geometry,0.4,331,325,4,4,6
7d1bb91a-a999-5260-a601-a4504c271edf,scene-0004,static,20,2-10,near_ground_geometry,0.8,331,331,17,17,0
7d1bb91a-a999-5260-a601-a4504c271edf,scene-0004,static,20,2-10,near_ground_geometry,1.2,331,331,38,38,0
7d1bb91a-a999-5260-a601-a4504c271edf,scene-0004,static,20,2-10,raised_geometry,0.4,37,23,9,9,14
7d1bb91a-a999-5260-a601-a4504c271edf,scene-0004,static,20,2-10,raised_geometry,0.8,37,37,31,31,0
7d1bb91a-a999-5260-a601-a4504c271edf,scene-0004,static,20,2-10,raised_geometry,1.2,37,37,36,36,0
7d1bb91a-a999-5260-a601-a4504c271edf,scene-0004,static,20,10-20,traversable_label,0.4,269,247,6,6,22
7d1bb91a-a999-5260-a601-a4504c271edf,scene-0004,static,20,10-20,traversable_label,0.8,269,269,21,21,0
7d1bb91a-a999-5260-a601-a4504c271edf,scene-0004,static,20,10-20,traversable_label,1.2,269,269,40,40,0
7d1bb91a-a999-5260-a601-a4504c271edf,scene-0004,static,20,10-20,potential_label,0.4,971,921,1,1,50
7d1bb91a-a999-5260-a601-a4504c271edf,scene-0004,static,20,10-20,potential_label,0.8,971,969,12,12,2
7d1bb91a-a999-5260-a601-a4504c271edf,scene-0004,static,20,10-20,potential_label,1.2,971,971,76,76,0
7d1bb91a-a999-5260-a601-a4504c271edf,scene-0004,static,20,10-20,nontraversable_label,0.4,3260,2814,143,143,446
7d1bb91a-a999-5260-a601-a4504c271edf,scene-0004,static,20,10-20,nontraversable_label,0.8,3260,3212,780,780,48
7d1bb91a-a999-5260-a601-a4504c271edf,scene-0004,static,20,10-20,nontraversable_label,1.2,3260,3253,1490,1490,7
7d1bb91a-a999-5260-a601-a4504c271edf,scene-0004,static,20,10-20,near_ground_geometry,0.4,452,434,0,0,18
7d1bb91a-a999-5260-a601-a4504c271edf,scene-0004,static,20,10-20,near_ground_geometry,0.8,452,452,0,0,0
7d1bb91a-a999-5260-a601-a4504c271edf,scene-0004,static,20,10-20,near_ground_geometry,1.2,452,452,1,1,0
7d1bb91a-a999-5260-a601-a4504c271edf,scene-0004,static,20,10-20,raised_geometry,0.4,35,19,6,6,16
7d1bb91a-a999-5260-a601-a4504c271edf,scene-0004,static,20,10-20,raised_geometry,0.8,35,35,21,21,0
7d1bb91a-a999-5260-a601-a4504c271edf,scene-0004,static,20,10-20,raised_geometry,1.2,35,35,33,33,0
7d1bb91a-a999-5260-a601-a4504c271edf,scene-0004,static,20,20-30,traversable_label,0.4,190,168,0,0,22
7d1bb91a-a999-5260-a601-a4504c271edf,scene-0004,static,20,20-30,traversable_label,0.8,190,190,0,0,0
7d1bb91a-a999-5260-a601-a4504c271edf,scene-0004,static,20,20-30,traversable_label,1.2,190,190,0,0,0
7d1bb91a-a999-5260-a601-a4504c271edf,scene-0004,static,20,20-30,potential_label,0.4,587,454,0,0,133
7d1bb91a-a999-5260-a601-a4504c271edf,scene-0004,static,20,20-30,potential_label,0.8,587,580,10,10,7
7d1bb91a-a999-5260-a601-a4504c271edf,scene-0004,static,20,20-30,potential_label,1.2,587,587,33,33,0
7d1bb91a-a999-5260-a601-a4504c271edf,scene-0004,static,20,20-30,nontraversable_label,0.4,1977,1531,95,90,441
7d1bb91a-a999-5260-a601-a4504c271edf,scene-0004,static,20,20-30,nontraversable_label,0.8,1977,1934,452,452,43
7d1bb91a-a999-5260-a601-a4504c271edf,scene-0004,static,20,20-30,nontraversable_label,1.2,1977,1958,849,849,19
7d1bb91a-a999-5260-a601-a4504c271edf,scene-0004,static,20,20-30,near_ground_geometry,0.4,374,299,0,0,75
7d1bb91a-a999-5260-a601-a4504c271edf,scene-0004,static,20,20-30,near_ground_geometry,0.8,374,372,0,0,2
7d1bb91a-a999-5260-a601-a4504c271edf,scene-0004,static,20,20-30,near_ground_geometry,1.2,374,374,0,0,0
7d1bb91a-a999-5260-a601-a4504c271edf,scene-0004,static,20,30-40,traversable_label,0.4,70,51,0,0,19
7d1bb91a-a999-5260-a601-a4504c271edf,scene-0004,static,20,30-40,traversable_label,0.8,70,70,0,0,0
7d1bb91a-a999-5260-a601-a4504c271edf,scene-0004,static,20,30-40,traversable_label,1.2,70,70,0,0,0
7d1bb91a-a999-5260-a601-a4504c271edf,scene-0004,static,20,30-40,potential_label,0.4,285,177,0,0,108
7d1bb91a-a999-5260-a601-a4504c271edf,scene-0004,static,20,30-40,potential_label,0.8,285,283,5,5,2
7d1bb91a-a999-5260-a601-a4504c271edf,scene-0004,static,20,30-40,potential_label,1.2,285,285,10,10,0
7d1bb91a-a999-5260-a601-a4504c271edf,scene-0004,static,20,30-40,nontraversable_label,0.4,1344,914,55,43,418
7d1bb91a-a999-5260-a601-a4504c271edf,scene-0004,static,20,30-40,nontraversable_label,0.8,1344,1287,288,287,56
7d1bb91a-a999-5260-a601-a4504c271edf,scene-0004,static,20,30-40,nontraversable_label,1.2,1344,1315,573,573,29
7d1bb91a-a999-5260-a601-a4504c271edf,scene-0004,static,20,30-40,near_ground_geometry,0.4,142,103,0,0,39
7d1bb91a-a999-5260-a601-a4504c271edf,scene-0004,static,20,30-40,near_ground_geometry,0.8,142,142,0,0,0
7d1bb91a-a999-5260-a601-a4504c271edf,scene-0004,static,20,30-40,near_ground_geometry,1.2,142,142,0,0,0
7d1bb91a-a999-5260-a601-a4504c271edf,scene-0004,aligned,10,2-10,traversable_label,0.4,141,127,13,13,14
7d1bb91a-a999-5260-a601-a4504c271edf,scene-0004,aligned,10,2-10,traversable_label,0.8,141,141,36,36,0
7d1bb91a-a999-5260-a601-a4504c271edf,scene-0004,aligned,10,2-10,traversable_label,1.2,141,141,43,43,0
7d1bb91a-a999-5260-a601-a4504c271edf,scene-0004,aligned,10,2-10,potential_label,0.4,382,375,0,0,7
7d1bb91a-a999-5260-a601-a4504c271edf,scene-0004,aligned,10,2-10,potential_label,0.8,382,382,9,9,0
7d1bb91a-a999-5260-a601-a4504c271edf,scene-0004,aligned,10,2-10,potential_label,1.2,382,382,51,51,0
7d1bb91a-a999-5260-a601-a4504c271edf,scene-0004,aligned,10,2-10,nontraversable_label,0.4,3181,2965,121,121,216
7d1bb91a-a999-5260-a601-a4504c271edf,scene-0004,aligned,10,2-10,nontraversable_label,0.8,3181,3172,597,597,9
7d1bb91a-a999-5260-a601-a4504c271edf,scene-0004,aligned,10,2-10,nontraversable_label,1.2,3181,3181,1091,1091,0
7d1bb91a-a999-5260-a601-a4504c271edf,scene-0004,aligned,10,2-10,near_ground_geometry,0.4,173,167,0,0,6
7d1bb91a-a999-5260-a601-a4504c271edf,scene-0004,aligned,10,2-10,near_ground_geometry,0.8,173,173,6,6,0
7d1bb91a-a999-5260-a601-a4504c271edf,scene-0004,aligned,10,2-10,near_ground_geometry,1.2,173,173,13,13,0
7d1bb91a-a999-5260-a601-a4504c271edf,scene-0004,aligned,10,2-10,raised_geometry,0.4,32,20,9,9,12
7d1bb91a-a999-5260-a601-a4504c271edf,scene-0004,aligned,10,2-10,raised_geometry,0.8,32,32,28,28,0
7d1bb91a-a999-5260-a601-a4504c271edf,scene-0004,aligned,10,2-10,raised_geometry,1.2,32,32,31,31,0
7d1bb91a-a999-5260-a601-a4504c271edf,scene-0004,aligned,10,10-20,traversable_label,0.4,269,247,5,5,22
7d1bb91a-a999-5260-a601-a4504c271edf,scene-0004,aligned,10,10-20,traversable_label,0.8,269,269,21,21,0
7d1bb91a-a999-5260-a601-a4504c271edf,scene-0004,aligned,10,10-20,traversable_label,1.2,269,269,40,40,0
7d1bb91a-a999-5260-a601-a4504c271edf,scene-0004,aligned,10,10-20,potential_label,0.4,971,921,1,1,50
7d1bb91a-a999-5260-a601-a4504c271edf,scene-0004,aligned,10,10-20,potential_label,0.8,971,969,11,11,2
7d1bb91a-a999-5260-a601-a4504c271edf,scene-0004,aligned,10,10-20,potential_label,1.2,971,971,76,76,0
7d1bb91a-a999-5260-a601-a4504c271edf,scene-0004,aligned,10,10-20,nontraversable_label,0.4,2776,2452,141,141,324
7d1bb91a-a999-5260-a601-a4504c271edf,scene-0004,aligned,10,10-20,nontraversable_label,0.8,2776,2745,765,765,31
7d1bb91a-a999-5260-a601-a4504c271edf,scene-0004,aligned,10,10-20,nontraversable_label,1.2,2776,2773,1451,1451,3
7d1bb91a-a999-5260-a601-a4504c271edf,scene-0004,aligned,10,10-20,near_ground_geometry,0.4,452,434,0,0,18
7d1bb91a-a999-5260-a601-a4504c271edf,scene-0004,aligned,10,10-20,near_ground_geometry,0.8,452,452,0,0,0
7d1bb91a-a999-5260-a601-a4504c271edf,scene-0004,aligned,10,10-20,near_ground_geometry,1.2,452,452,2,2,0
7d1bb91a-a999-5260-a601-a4504c271edf,scene-0004,aligned,10,10-20,raised_geometry,0.4,35,19,5,5,16
7d1bb91a-a999-5260-a601-a4504c271edf,scene-0004,aligned,10,10-20,raised_geometry,0.8,35,35,21,21,0
7d1bb91a-a999-5260-a601-a4504c271edf,scene-0004,aligned,10,10-20,raised_geometry,1.2,35,35,33,33,0
7d1bb91a-a999-5260-a601-a4504c271edf,scene-0004,aligned,10,20-30,traversable_label,0.4,190,168,0,0,22
7d1bb91a-a999-5260-a601-a4504c271edf,scene-0004,aligned,10,20-30,traversable_label,0.8,190,190,0,0,0
7d1bb91a-a999-5260-a601-a4504c271edf,scene-0004,aligned,10,20-30,traversable_label,1.2,190,190,0,0,0
7d1bb91a-a999-5260-a601-a4504c271edf,scene-0004,aligned,10,20-30,potential_label,0.4,587,454,0,0,133
7d1bb91a-a999-5260-a601-a4504c271edf,scene-0004,aligned,10,20-30,potential_label,0.8,587,580,10,10,7
7d1bb91a-a999-5260-a601-a4504c271edf,scene-0004,aligned,10,20-30,potential_label,1.2,587,587,32,32,0
7d1bb91a-a999-5260-a601-a4504c271edf,scene-0004,aligned,10,20-30,nontraversable_label,0.4,1904,1490,93,90,411
7d1bb91a-a999-5260-a601-a4504c271edf,scene-0004,aligned,10,20-30,nontraversable_label,0.8,1904,1862,446,446,42
7d1bb91a-a999-5260-a601-a4504c271edf,scene-0004,aligned,10,20-30,nontraversable_label,1.2,1904,1885,844,844,19
7d1bb91a-a999-5260-a601-a4504c271edf,scene-0004,aligned,10,20-30,near_ground_geometry,0.4,374,299,0,0,75
7d1bb91a-a999-5260-a601-a4504c271edf,scene-0004,aligned,10,20-30,near_ground_geometry,0.8,374,372,0,0,2
7d1bb91a-a999-5260-a601-a4504c271edf,scene-0004,aligned,10,20-30,near_ground_geometry,1.2,374,374,0,0,0
7d1bb91a-a999-5260-a601-a4504c271edf,scene-0004,aligned,10,30-40,traversable_label,0.4,70,51,0,0,19
7d1bb91a-a999-5260-a601-a4504c271edf,scene-0004,aligned,10,30-40,traversable_label,0.8,70,70,0,0,0
7d1bb91a-a999-5260-a601-a4504c271edf,scene-0004,aligned,10,30-40,traversable_label,1.2,70,70,0,0,0
7d1bb91a-a999-5260-a601-a4504c271edf,scene-0004,aligned,10,30-40,potential_label,0.4,285,177,0,0,108
7d1bb91a-a999-5260-a601-a4504c271edf,scene-0004,aligned,10,30-40,potential_label,0.8,285,283,3,3,2
7d1bb91a-a999-5260-a601-a4504c271edf,scene-0004,aligned,10,30-40,potential_label,1.2,285,285,8,8,0
7d1bb91a-a999-5260-a601-a4504c271edf,scene-0004,aligned,10,30-40,nontraversable_label,0.4,1344,914,57,44,417
7d1bb91a-a999-5260-a601-a4504c271edf,scene-0004,aligned,10,30-40,nontraversable_label,0.8,1344,1287,292,291,56
7d1bb91a-a999-5260-a601-a4504c271edf,scene-0004,aligned,10,30-40,nontraversable_label,1.2,1344,1315,576,576,29
7d1bb91a-a999-5260-a601-a4504c271edf,scene-0004,aligned,10,30-40,near_ground_geometry,0.4,142,103,0,0,39
7d1bb91a-a999-5260-a601-a4504c271edf,scene-0004,aligned,10,30-40,near_ground_geometry,0.8,142,142,0,0,0
7d1bb91a-a999-5260-a601-a4504c271edf,scene-0004,aligned,10,30-40,near_ground_geometry,1.2,142,142,0,0,0
7d1bb91a-a999-5260-a601-a4504c271edf,scene-0004,aligned,20,2-10,traversable_label,0.4,203,187,17,17,16
7d1bb91a-a999-5260-a601-a4504c271edf,scene-0004,aligned,20,2-10,traversable_label,0.8,203,203,48,48,0
7d1bb91a-a999-5260-a601-a4504c271edf,scene-0004,aligned,20,2-10,traversable_label,1.2,203,203,60,60,0
7d1bb91a-a999-5260-a601-a4504c271edf,scene-0004,aligned,20,2-10,potential_label,0.4,689,682,2,2,7
7d1bb91a-a999-5260-a601-a4504c271edf,scene-0004,aligned,20,2-10,potential_label,0.8,689,689,28,28,0
7d1bb91a-a999-5260-a601-a4504c271edf,scene-0004,aligned,20,2-10,potential_label,1.2,689,689,105,105,0
7d1bb91a-a999-5260-a601-a4504c271edf,scene-0004,aligned,20,2-10,nontraversable_label,0.4,4633,4254,136,136,379
7d1bb91a-a999-5260-a601-a4504c271edf,scene-0004,aligned,20,2-10,nontraversable_label,0.8,4633,4619,703,703,14
7d1bb91a-a999-5260-a601-a4504c271edf,scene-0004,aligned,20,2-10,nontraversable_label,1.2,4633,4632,1394,1394,1
7d1bb91a-a999-5260-a601-a4504c271edf,scene-0004,aligned,20,2-10,near_ground_geometry,0.4,331,325,3,3,6
7d1bb91a-a999-5260-a601-a4504c271edf,scene-0004,aligned,20,2-10,near_ground_geometry,0.8,331,331,18,18,0
7d1bb91a-a999-5260-a601-a4504c271edf,scene-0004,aligned,20,2-10,near_ground_geometry,1.2,331,331,38,38,0
7d1bb91a-a999-5260-a601-a4504c271edf,scene-0004,aligned,20,2-10,raised_geometry,0.4,37,23,10,10,14
7d1bb91a-a999-5260-a601-a4504c271edf,scene-0004,aligned,20,2-10,raised_geometry,0.8,37,37,32,32,0
7d1bb91a-a999-5260-a601-a4504c271edf,scene-0004,aligned,20,2-10,raised_geometry,1.2,37,37,36,36,0
7d1bb91a-a999-5260-a601-a4504c271edf,scene-0004,aligned,20,10-20,traversable_label,0.4,269,247,5,5,22
7d1bb91a-a999-5260-a601-a4504c271edf,scene-0004,aligned,20,10-20,traversable_label,0.8,269,269,21,21,0
7d1bb91a-a999-5260-a601-a4504c271edf,scene-0004,aligned,20,10-20,traversable_label,1.2,269,269,40,40,0
7d1bb91a-a999-5260-a601-a4504c271edf,scene-0004,aligned,20,10-20,potential_label,0.4,971,921,1,1,50
7d1bb91a-a999-5260-a601-a4504c271edf,scene-0004,aligned,20,10-20,potential_label,0.8,971,969,11,11,2
7d1bb91a-a999-5260-a601-a4504c271edf,scene-0004,aligned,20,10-20,potential_label,1.2,971,971,76,76,0
7d1bb91a-a999-5260-a601-a4504c271edf,scene-0004,aligned,20,10-20,nontraversable_label,0.4,3260,2814,143,143,446
7d1bb91a-a999-5260-a601-a4504c271edf,scene-0004,aligned,20,10-20,nontraversable_label,0.8,3260,3212,774,774,48
7d1bb91a-a999-5260-a601-a4504c271edf,scene-0004,aligned,20,10-20,nontraversable_label,1.2,3260,3253,1498,1498,7
7d1bb91a-a999-5260-a601-a4504c271edf,scene-0004,aligned,20,10-20,near_ground_geometry,0.4,452,434,0,0,18
7d1bb91a-a999-5260-a601-a4504c271edf,scene-0004,aligned,20,10-20,near_ground_geometry,0.8,452,452,0,0,0
7d1bb91a-a999-5260-a601-a4504c271edf,scene-0004,aligned,20,10-20,near_ground_geometry,1.2,452,452,2,2,0
7d1bb91a-a999-5260-a601-a4504c271edf,scene-0004,aligned,20,10-20,raised_geometry,0.4,35,19,5,5,16
7d1bb91a-a999-5260-a601-a4504c271edf,scene-0004,aligned,20,10-20,raised_geometry,0.8,35,35,21,21,0
7d1bb91a-a999-5260-a601-a4504c271edf,scene-0004,aligned,20,10-20,raised_geometry,1.2,35,35,33,33,0
7d1bb91a-a999-5260-a601-a4504c271edf,scene-0004,aligned,20,20-30,traversable_label,0.4,190,168,0,0,22
7d1bb91a-a999-5260-a601-a4504c271edf,scene-0004,aligned,20,20-30,traversable_label,0.8,190,190,0,0,0
7d1bb91a-a999-5260-a601-a4504c271edf,scene-0004,aligned,20,20-30,traversable_label,1.2,190,190,0,0,0
7d1bb91a-a999-5260-a601-a4504c271edf,scene-0004,aligned,20,20-30,potential_label,0.4,587,454,0,0,133
7d1bb91a-a999-5260-a601-a4504c271edf,scene-0004,aligned,20,20-30,potential_label,0.8,587,580,10,10,7
7d1bb91a-a999-5260-a601-a4504c271edf,scene-0004,aligned,20,20-30,potential_label,1.2,587,587,32,32,0
7d1bb91a-a999-5260-a601-a4504c271edf,scene-0004,aligned,20,20-30,nontraversable_label,0.4,1977,1531,95,90,441
7d1bb91a-a999-5260-a601-a4504c271edf,scene-0004,aligned,20,20-30,nontraversable_label,0.8,1977,1934,450,450,43
7d1bb91a-a999-5260-a601-a4504c271edf,scene-0004,aligned,20,20-30,nontraversable_label,1.2,1977,1958,853,853,19
7d1bb91a-a999-5260-a601-a4504c271edf,scene-0004,aligned,20,20-30,near_ground_geometry,0.4,374,299,0,0,75
7d1bb91a-a999-5260-a601-a4504c271edf,scene-0004,aligned,20,20-30,near_ground_geometry,0.8,374,372,0,0,2
7d1bb91a-a999-5260-a601-a4504c271edf,scene-0004,aligned,20,20-30,near_ground_geometry,1.2,374,374,0,0,0
7d1bb91a-a999-5260-a601-a4504c271edf,scene-0004,aligned,20,30-40,traversable_label,0.4,70,51,0,0,19
7d1bb91a-a999-5260-a601-a4504c271edf,scene-0004,aligned,20,30-40,traversable_label,0.8,70,70,0,0,0
7d1bb91a-a999-5260-a601-a4504c271edf,scene-0004,aligned,20,30-40,traversable_label,1.2,70,70,0,0,0
7d1bb91a-a999-5260-a601-a4504c271edf,scene-0004,aligned,20,30-40,potential_label,0.4,285,177,0,0,108
7d1bb91a-a999-5260-a601-a4504c271edf,scene-0004,aligned,20,30-40,potential_label,0.8,285,283,3,3,2
7d1bb91a-a999-5260-a601-a4504c271edf,scene-0004,aligned,20,30-40,potential_label,1.2,285,285,8,8,0
7d1bb91a-a999-5260-a601-a4504c271edf,scene-0004,aligned,20,30-40,nontraversable_label,0.4,1344,914,57,44,417
7d1bb91a-a999-5260-a601-a4504c271edf,scene-0004,aligned,20,30-40,nontraversable_label,0.8,1344,1287,292,291,56
7d1bb91a-a999-5260-a601-a4504c271edf,scene-0004,aligned,20,30-40,nontraversable_label,1.2,1344,1315,576,576,29
7d1bb91a-a999-5260-a601-a4504c271edf,scene-0004,aligned,20,30-40,near_ground_geometry,0.4,142,103,0,0,39
7d1bb91a-a999-5260-a601-a4504c271edf,scene-0004,aligned,20,30-40,near_ground_geometry,0.8,142,142,0,0,0
7d1bb91a-a999-5260-a601-a4504c271edf,scene-0004,aligned,20,30-40,near_ground_geometry,1.2,142,142,0,0,0
7d1bb91a-a999-5260-a601-a4504c271edf,scene-0004,ros_origin,10,2-10,traversable_label,0.4,141,127,8,8,14
7d1bb91a-a999-5260-a601-a4504c271edf,scene-0004,ros_origin,10,2-10,traversable_label,0.8,141,141,31,31,0
7d1bb91a-a999-5260-a601-a4504c271edf,scene-0004,ros_origin,10,2-10,traversable_label,1.2,141,141,41,41,0
7d1bb91a-a999-5260-a601-a4504c271edf,scene-0004,ros_origin,10,2-10,potential_label,0.4,382,375,0,0,7
7d1bb91a-a999-5260-a601-a4504c271edf,scene-0004,ros_origin,10,2-10,potential_label,0.8,382,382,15,15,0
7d1bb91a-a999-5260-a601-a4504c271edf,scene-0004,ros_origin,10,2-10,potential_label,1.2,382,382,57,57,0
7d1bb91a-a999-5260-a601-a4504c271edf,scene-0004,ros_origin,10,2-10,nontraversable_label,0.4,3181,2965,111,109,214
7d1bb91a-a999-5260-a601-a4504c271edf,scene-0004,ros_origin,10,2-10,nontraversable_label,0.8,3181,3172,509,509,9
7d1bb91a-a999-5260-a601-a4504c271edf,scene-0004,ros_origin,10,2-10,nontraversable_label,1.2,3181,3181,949,949,0
7d1bb91a-a999-5260-a601-a4504c271edf,scene-0004,ros_origin,10,2-10,near_ground_geometry,0.4,173,167,0,0,6
7d1bb91a-a999-5260-a601-a4504c271edf,scene-0004,ros_origin,10,2-10,near_ground_geometry,0.8,173,173,3,3,0
7d1bb91a-a999-5260-a601-a4504c271edf,scene-0004,ros_origin,10,2-10,near_ground_geometry,1.2,173,173,12,12,0
7d1bb91a-a999-5260-a601-a4504c271edf,scene-0004,ros_origin,10,2-10,raised_geometry,0.4,32,20,8,8,12
7d1bb91a-a999-5260-a601-a4504c271edf,scene-0004,ros_origin,10,2-10,raised_geometry,0.8,32,32,26,26,0
7d1bb91a-a999-5260-a601-a4504c271edf,scene-0004,ros_origin,10,2-10,raised_geometry,1.2,32,32,31,31,0
7d1bb91a-a999-5260-a601-a4504c271edf,scene-0004,ros_origin,10,10-20,traversable_label,0.4,269,247,5,5,22
7d1bb91a-a999-5260-a601-a4504c271edf,scene-0004,ros_origin,10,10-20,traversable_label,0.8,269,269,26,26,0
7d1bb91a-a999-5260-a601-a4504c271edf,scene-0004,ros_origin,10,10-20,traversable_label,1.2,269,269,51,51,0
7d1bb91a-a999-5260-a601-a4504c271edf,scene-0004,ros_origin,10,10-20,potential_label,0.4,971,921,1,1,50
7d1bb91a-a999-5260-a601-a4504c271edf,scene-0004,ros_origin,10,10-20,potential_label,0.8,971,969,36,36,2
7d1bb91a-a999-5260-a601-a4504c271edf,scene-0004,ros_origin,10,10-20,potential_label,1.2,971,971,96,96,0
7d1bb91a-a999-5260-a601-a4504c271edf,scene-0004,ros_origin,10,10-20,nontraversable_label,0.4,2776,2452,133,126,317
7d1bb91a-a999-5260-a601-a4504c271edf,scene-0004,ros_origin,10,10-20,nontraversable_label,0.8,2776,2745,695,695,31
7d1bb91a-a999-5260-a601-a4504c271edf,scene-0004,ros_origin,10,10-20,nontraversable_label,1.2,2776,2773,1378,1378,3
7d1bb91a-a999-5260-a601-a4504c271edf,scene-0004,ros_origin,10,10-20,near_ground_geometry,0.4,452,434,0,0,18
7d1bb91a-a999-5260-a601-a4504c271edf,scene-0004,ros_origin,10,10-20,near_ground_geometry,0.8,452,452,0,0,0
7d1bb91a-a999-5260-a601-a4504c271edf,scene-0004,ros_origin,10,10-20,near_ground_geometry,1.2,452,452,16,16,0
7d1bb91a-a999-5260-a601-a4504c271edf,scene-0004,ros_origin,10,10-20,raised_geometry,0.4,35,19,5,5,16
7d1bb91a-a999-5260-a601-a4504c271edf,scene-0004,ros_origin,10,10-20,raised_geometry,0.8,35,35,20,20,0
7d1bb91a-a999-5260-a601-a4504c271edf,scene-0004,ros_origin,10,10-20,raised_geometry,1.2,35,35,31,31,0
7d1bb91a-a999-5260-a601-a4504c271edf,scene-0004,ros_origin,10,20-30,traversable_label,0.4,190,168,0,0,22
7d1bb91a-a999-5260-a601-a4504c271edf,scene-0004,ros_origin,10,20-30,traversable_label,0.8,190,190,0,0,0
7d1bb91a-a999-5260-a601-a4504c271edf,scene-0004,ros_origin,10,20-30,traversable_label,1.2,190,190,0,0,0
7d1bb91a-a999-5260-a601-a4504c271edf,scene-0004,ros_origin,10,20-30,potential_label,0.4,587,454,0,0,133
7d1bb91a-a999-5260-a601-a4504c271edf,scene-0004,ros_origin,10,20-30,potential_label,0.8,587,580,7,7,7
7d1bb91a-a999-5260-a601-a4504c271edf,scene-0004,ros_origin,10,20-30,potential_label,1.2,587,587,40,40,0
7d1bb91a-a999-5260-a601-a4504c271edf,scene-0004,ros_origin,10,20-30,nontraversable_label,0.4,1904,1490,90,72,396
7d1bb91a-a999-5260-a601-a4504c271edf,scene-0004,ros_origin,10,20-30,nontraversable_label,0.8,1904,1862,440,440,42
7d1bb91a-a999-5260-a601-a4504c271edf,scene-0004,ros_origin,10,20-30,nontraversable_label,1.2,1904,1885,869,869,19
7d1bb91a-a999-5260-a601-a4504c271edf,scene-0004,ros_origin,10,20-30,near_ground_geometry,0.4,374,299,0,0,75
7d1bb91a-a999-5260-a601-a4504c271edf,scene-0004,ros_origin,10,20-30,near_ground_geometry,0.8,374,372,0,0,2
7d1bb91a-a999-5260-a601-a4504c271edf,scene-0004,ros_origin,10,20-30,near_ground_geometry,1.2,374,374,0,0,0
7d1bb91a-a999-5260-a601-a4504c271edf,scene-0004,ros_origin,10,30-40,traversable_label,0.4,70,51,0,0,19
7d1bb91a-a999-5260-a601-a4504c271edf,scene-0004,ros_origin,10,30-40,traversable_label,0.8,70,70,0,0,0
7d1bb91a-a999-5260-a601-a4504c271edf,scene-0004,ros_origin,10,30-40,traversable_label,1.2,70,70,0,0,0
7d1bb91a-a999-5260-a601-a4504c271edf,scene-0004,ros_origin,10,30-40,potential_label,0.4,285,177,0,0,108
7d1bb91a-a999-5260-a601-a4504c271edf,scene-0004,ros_origin,10,30-40,potential_label,0.8,285,283,1,1,2
7d1bb91a-a999-5260-a601-a4504c271edf,scene-0004,ros_origin,10,30-40,potential_label,1.2,285,285,11,11,0
7d1bb91a-a999-5260-a601-a4504c271edf,scene-0004,ros_origin,10,30-40,nontraversable_label,0.4,1344,914,32,22,420
7d1bb91a-a999-5260-a601-a4504c271edf,scene-0004,ros_origin,10,30-40,nontraversable_label,0.8,1344,1287,223,222,56
7d1bb91a-a999-5260-a601-a4504c271edf,scene-0004,ros_origin,10,30-40,nontraversable_label,1.2,1344,1315,496,496,29
7d1bb91a-a999-5260-a601-a4504c271edf,scene-0004,ros_origin,10,30-40,near_ground_geometry,0.4,142,103,0,0,39
7d1bb91a-a999-5260-a601-a4504c271edf,scene-0004,ros_origin,10,30-40,near_ground_geometry,0.8,142,142,0,0,0
7d1bb91a-a999-5260-a601-a4504c271edf,scene-0004,ros_origin,10,30-40,near_ground_geometry,1.2,142,142,0,0,0
7d1bb91a-a999-5260-a601-a4504c271edf,scene-0004,ros_origin,20,2-10,traversable_label,0.4,203,187,12,12,16
7d1bb91a-a999-5260-a601-a4504c271edf,scene-0004,ros_origin,20,2-10,traversable_label,0.8,203,203,39,39,0
7d1bb91a-a999-5260-a601-a4504c271edf,scene-0004,ros_origin,20,2-10,traversable_label,1.2,203,203,58,58,0
7d1bb91a-a999-5260-a601-a4504c271edf,scene-0004,ros_origin,20,2-10,potential_label,0.4,689,682,0,0,7
7d1bb91a-a999-5260-a601-a4504c271edf,scene-0004,ros_origin,20,2-10,potential_label,0.8,689,689,25,25,0
7d1bb91a-a999-5260-a601-a4504c271edf,scene-0004,ros_origin,20,2-10,potential_label,1.2,689,689,113,113,0
7d1bb91a-a999-5260-a601-a4504c271edf,scene-0004,ros_origin,20,2-10,nontraversable_label,0.4,4633,4254,137,135,377
7d1bb91a-a999-5260-a601-a4504c271edf,scene-0004,ros_origin,20,2-10,nontraversable_label,0.8,4633,4619,633,633,14
7d1bb91a-a999-5260-a601-a4504c271edf,scene-0004,ros_origin,20,2-10,nontraversable_label,1.2,4633,4632,1221,1221,1
7d1bb91a-a999-5260-a601-a4504c271edf,scene-0004,ros_origin,20,2-10,near_ground_geometry,0.4,331,325,4,4,6
7d1bb91a-a999-5260-a601-a4504c271edf,scene-0004,ros_origin,20,2-10,near_ground_geometry,0.8,331,331,13,13,0
7d1bb91a-a999-5260-a601-a4504c271edf,scene-0004,ros_origin,20,2-10,near_ground_geometry,1.2,331,331,36,36,0
7d1bb91a-a999-5260-a601-a4504c271edf,scene-0004,ros_origin,20,2-10,raised_geometry,0.4,37,23,8,8,14
7d1bb91a-a999-5260-a601-a4504c271edf,scene-0004,ros_origin,20,2-10,raised_geometry,0.8,37,37,26,26,0
7d1bb91a-a999-5260-a601-a4504c271edf,scene-0004,ros_origin,20,2-10,raised_geometry,1.2,37,37,36,36,0
7d1bb91a-a999-5260-a601-a4504c271edf,scene-0004,ros_origin,20,10-20,traversable_label,0.4,269,247,5,5,22
7d1bb91a-a999-5260-a601-a4504c271edf,scene-0004,ros_origin,20,10-20,traversable_label,0.8,269,269,26,26,0
7d1bb91a-a999-5260-a601-a4504c271edf,scene-0004,ros_origin,20,10-20,traversable_label,1.2,269,269,51,51,0
7d1bb91a-a999-5260-a601-a4504c271edf,scene-0004,ros_origin,20,10-20,potential_label,0.4,971,921,1,1,50
7d1bb91a-a999-5260-a601-a4504c271edf,scene-0004,ros_origin,20,10-20,potential_label,0.8,971,969,36,36,2
7d1bb91a-a999-5260-a601-a4504c271edf,scene-0004,ros_origin,20,10-20,potential_label,1.2,971,971,96,96,0
7d1bb91a-a999-5260-a601-a4504c271edf,scene-0004,ros_origin,20,10-20,nontraversable_label,0.4,3260,2814,133,126,439
7d1bb91a-a999-5260-a601-a4504c271edf,scene-0004,ros_origin,20,10-20,nontraversable_label,0.8,3260,3212,698,698,48
7d1bb91a-a999-5260-a601-a4504c271edf,scene-0004,ros_origin,20,10-20,nontraversable_label,1.2,3260,3253,1396,1396,7
7d1bb91a-a999-5260-a601-a4504c271edf,scene-0004,ros_origin,20,10-20,near_ground_geometry,0.4,452,434,0,0,18
7d1bb91a-a999-5260-a601-a4504c271edf,scene-0004,ros_origin,20,10-20,near_ground_geometry,0.8,452,452,0,0,0
7d1bb91a-a999-5260-a601-a4504c271edf,scene-0004,ros_origin,20,10-20,near_ground_geometry,1.2,452,452,16,16,0
7d1bb91a-a999-5260-a601-a4504c271edf,scene-0004,ros_origin,20,10-20,raised_geometry,0.4,35,19,5,5,16
7d1bb91a-a999-5260-a601-a4504c271edf,scene-0004,ros_origin,20,10-20,raised_geometry,0.8,35,35,20,20,0
7d1bb91a-a999-5260-a601-a4504c271edf,scene-0004,ros_origin,20,10-20,raised_geometry,1.2,35,35,31,31,0
7d1bb91a-a999-5260-a601-a4504c271edf,scene-0004,ros_origin,20,20-30,traversable_label,0.4,190,168,0,0,22
7d1bb91a-a999-5260-a601-a4504c271edf,scene-0004,ros_origin,20,20-30,traversable_label,0.8,190,190,0,0,0
7d1bb91a-a999-5260-a601-a4504c271edf,scene-0004,ros_origin,20,20-30,traversable_label,1.2,190,190,0,0,0
7d1bb91a-a999-5260-a601-a4504c271edf,scene-0004,ros_origin,20,20-30,potential_label,0.4,587,454,0,0,133
7d1bb91a-a999-5260-a601-a4504c271edf,scene-0004,ros_origin,20,20-30,potential_label,0.8,587,580,7,7,7
7d1bb91a-a999-5260-a601-a4504c271edf,scene-0004,ros_origin,20,20-30,potential_label,1.2,587,587,40,40,0
7d1bb91a-a999-5260-a601-a4504c271edf,scene-0004,ros_origin,20,20-30,nontraversable_label,0.4,1977,1531,90,72,428
7d1bb91a-a999-5260-a601-a4504c271edf,scene-0004,ros_origin,20,20-30,nontraversable_label,0.8,1977,1934,440,440,43
7d1bb91a-a999-5260-a601-a4504c271edf,scene-0004,ros_origin,20,20-30,nontraversable_label,1.2,1977,1958,872,872,19
7d1bb91a-a999-5260-a601-a4504c271edf,scene-0004,ros_origin,20,20-30,near_ground_geometry,0.4,374,299,0,0,75
7d1bb91a-a999-5260-a601-a4504c271edf,scene-0004,ros_origin,20,20-30,near_ground_geometry,0.8,374,372,0,0,2
7d1bb91a-a999-5260-a601-a4504c271edf,scene-0004,ros_origin,20,20-30,near_ground_geometry,1.2,374,374,0,0,0
7d1bb91a-a999-5260-a601-a4504c271edf,scene-0004,ros_origin,20,30-40,traversable_label,0.4,70,51,0,0,19
7d1bb91a-a999-5260-a601-a4504c271edf,scene-0004,ros_origin,20,30-40,traversable_label,0.8,70,70,0,0,0
7d1bb91a-a999-5260-a601-a4504c271edf,scene-0004,ros_origin,20,30-40,traversable_label,1.2,70,70,0,0,0
7d1bb91a-a999-5260-a601-a4504c271edf,scene-0004,ros_origin,20,30-40,potential_label,0.4,285,177,0,0,108
7d1bb91a-a999-5260-a601-a4504c271edf,scene-0004,ros_origin,20,30-40,potential_label,0.8,285,283,1,1,2
7d1bb91a-a999-5260-a601-a4504c271edf,scene-0004,ros_origin,20,30-40,potential_label,1.2,285,285,11,11,0
7d1bb91a-a999-5260-a601-a4504c271edf,scene-0004,ros_origin,20,30-40,nontraversable_label,0.4,1344,914,32,22,420
7d1bb91a-a999-5260-a601-a4504c271edf,scene-0004,ros_origin,20,30-40,nontraversable_label,0.8,1344,1287,223,222,56
7d1bb91a-a999-5260-a601-a4504c271edf,scene-0004,ros_origin,20,30-40,nontraversable_label,1.2,1344,1315,496,496,29
7d1bb91a-a999-5260-a601-a4504c271edf,scene-0004,ros_origin,20,30-40,near_ground_geometry,0.4,142,103,0,0,39
7d1bb91a-a999-5260-a601-a4504c271edf,scene-0004,ros_origin,20,30-40,near_ground_geometry,0.8,142,142,0,0,0
7d1bb91a-a999-5260-a601-a4504c271edf,scene-0004,ros_origin,20,30-40,near_ground_geometry,1.2,142,142,0,0,0
8e3bfc30-11ec-5437-b2e4-56b598a0f09d,scene-0005,static,10,2-10,traversable_label,0.4,85,79,2,2,6
8e3bfc30-11ec-5437-b2e4-56b598a0f09d,scene-0005,static,10,2-10,traversable_label,0.8,85,83,12,12,2
8e3bfc30-11ec-5437-b2e4-56b598a0f09d,scene-0005,static,10,2-10,traversable_label,1.2,85,85,17,17,0
8e3bfc30-11ec-5437-b2e4-56b598a0f09d,scene-0005,static,10,2-10,potential_label,0.4,377,372,0,0,5
8e3bfc30-11ec-5437-b2e4-56b598a0f09d,scene-0005,static,10,2-10,potential_label,0.8,377,377,10,10,0
8e3bfc30-11ec-5437-b2e4-56b598a0f09d,scene-0005,static,10,2-10,potential_label,1.2,377,377,39,39,0
8e3bfc30-11ec-5437-b2e4-56b598a0f09d,scene-0005,static,10,2-10,nontraversable_label,0.4,3384,3169,153,150,212
8e3bfc30-11ec-5437-b2e4-56b598a0f09d,scene-0005,static,10,2-10,nontraversable_label,0.8,3384,3378,778,778,6
8e3bfc30-11ec-5437-b2e4-56b598a0f09d,scene-0005,static,10,2-10,nontraversable_label,1.2,3384,3384,1472,1472,0
8e3bfc30-11ec-5437-b2e4-56b598a0f09d,scene-0005,static,10,2-10,near_ground_geometry,0.4,182,182,0,0,0
8e3bfc30-11ec-5437-b2e4-56b598a0f09d,scene-0005,static,10,2-10,near_ground_geometry,0.8,182,182,0,0,0
8e3bfc30-11ec-5437-b2e4-56b598a0f09d,scene-0005,static,10,2-10,near_ground_geometry,1.2,182,182,2,2,0
8e3bfc30-11ec-5437-b2e4-56b598a0f09d,scene-0005,static,10,2-10,raised_geometry,0.4,25,13,5,5,12
8e3bfc30-11ec-5437-b2e4-56b598a0f09d,scene-0005,static,10,2-10,raised_geometry,0.8,25,23,20,20,2
8e3bfc30-11ec-5437-b2e4-56b598a0f09d,scene-0005,static,10,2-10,raised_geometry,1.2,25,25,25,25,0
8e3bfc30-11ec-5437-b2e4-56b598a0f09d,scene-0005,static,10,10-20,traversable_label,0.4,221,195,3,3,26
8e3bfc30-11ec-5437-b2e4-56b598a0f09d,scene-0005,static,10,10-20,traversable_label,0.8,221,220,22,22,1
8e3bfc30-11ec-5437-b2e4-56b598a0f09d,scene-0005,static,10,10-20,traversable_label,1.2,221,221,40,40,0
8e3bfc30-11ec-5437-b2e4-56b598a0f09d,scene-0005,static,10,10-20,potential_label,0.4,774,735,1,1,39
8e3bfc30-11ec-5437-b2e4-56b598a0f09d,scene-0005,static,10,10-20,potential_label,0.8,774,772,37,37,2
8e3bfc30-11ec-5437-b2e4-56b598a0f09d,scene-0005,static,10,10-20,potential_label,1.2,774,774,123,123,0
8e3bfc30-11ec-5437-b2e4-56b598a0f09d,scene-0005,static,10,10-20,nontraversable_label,0.4,2578,2293,145,144,284
8e3bfc30-11ec-5437-b2e4-56b598a0f09d,scene-0005,static,10,10-20,nontraversable_label,0.8,2578,2554,688,688,24
8e3bfc30-11ec-5437-b2e4-56b598a0f09d,scene-0005,static,10,10-20,nontraversable_label,1.2,2578,2574,1301,1300,3
8e3bfc30-11ec-5437-b2e4-56b598a0f09d,scene-0005,static,10,10-20,near_ground_geometry,0.4,457,418,0,0,39
8e3bfc30-11ec-5437-b2e4-56b598a0f09d,scene-0005,static,10,10-20,near_ground_geometry,0.8,457,455,12,12,2
8e3bfc30-11ec-5437-b2e4-56b598a0f09d,scene-0005,static,10,10-20,near_ground_geometry,1.2,457,457,37,37,0
8e3bfc30-11ec-5437-b2e4-56b598a0f09d,scene-0005,static,10,10-20,raised_geometry,0.4,25,13,1,1,12
8e3bfc30-11ec-5437-b2e4-56b598a0f09d,scene-0005,static,10,10-20,raised_geometry,0.8,25,24,7,7,1
8e3bfc30-11ec-5437-b2e4-56b598a0f09d,scene-0005,static,10,10-20,raised_geometry,1.2,25,25,17,17,0
8e3bfc30-11ec-5437-b2e4-56b598a0f09d,scene-0005,static,10,20-30,traversable_label,0.4,99,69,0,0,30
8e3bfc30-11ec-5437-b2e4-56b598a0f09d,scene-0005,static,10,20-30,traversable_label,0.8,99,99,0,0,0
8e3bfc30-11ec-5437-b2e4-56b598a0f09d,scene-0005,static,10,20-30,traversable_label,1.2,99,99,0,0,0
8e3bfc30-11ec-5437-b2e4-56b598a0f09d,scene-0005,static,10,20-30,potential_label,0.4,588,425,2,1,162
8e3bfc30-11ec-5437-b2e4-56b598a0f09d,scene-0005,static,10,20-30,potential_label,0.8,588,555,17,17,33
8e3bfc30-11ec-5437-b2e4-56b598a0f09d,scene-0005,static,10,20-30,potential_label,1.2,588,583,44,44,5
8e3bfc30-11ec-5437-b2e4-56b598a0f09d,scene-0005,static,10,20-30,nontraversable_label,0.4,1832,1497,62,61,334
8e3bfc30-11ec-5437-b2e4-56b598a0f09d,scene-0005,static,10,20-30,nontraversable_label,0.8,1832,1789,319,319,43
8e3bfc30-11ec-5437-b2e4-56b598a0f09d,scene-0005,static,10,20-30,nontraversable_label,1.2,1832,1811,683,682,20
8e3bfc30-11ec-5437-b2e4-56b598a0f09d,scene-0005,static,10,20-30,near_ground_geometry,0.4,243,171,0,0,72
8e3bfc30-11ec-5437-b2e4-56b598a0f09d,scene-0005,static,10,20-30,near_ground_geometry,0.8,243,235,0,0,8
8e3bfc30-11ec-5437-b2e4-56b598a0f09d,scene-0005,static,10,20-30,near_ground_geometry,1.2,243,243,0,0,0
8e3bfc30-11ec-5437-b2e4-56b598a0f09d,scene-0005,static,10,30-40,traversable_label,0.4,12,3,0,0,9
8e3bfc30-11ec-5437-b2e4-56b598a0f09d,scene-0005,static,10,30-40,traversable_label,0.8,12,9,0,0,3
8e3bfc30-11ec-5437-b2e4-56b598a0f09d,scene-0005,static,10,30-40,traversable_label,1.2,12,12,0,0,0
8e3bfc30-11ec-5437-b2e4-56b598a0f09d,scene-0005,static,10,30-40,potential_label,0.4,132,66,0,0,66
8e3bfc30-11ec-5437-b2e4-56b598a0f09d,scene-0005,static,10,30-40,potential_label,0.8,132,108,1,1,24
8e3bfc30-11ec-5437-b2e4-56b598a0f09d,scene-0005,static,10,30-40,potential_label,1.2,132,128,5,5,4
8e3bfc30-11ec-5437-b2e4-56b598a0f09d,scene-0005,static,10,30-40,nontraversable_label,0.4,1006,678,34,27,321
8e3bfc30-11ec-5437-b2e4-56b598a0f09d,scene-0005,static,10,30-40,nontraversable_label,0.8,1006,932,172,172,74
8e3bfc30-11ec-5437-b2e4-56b598a0f09d,scene-0005,static,10,30-40,nontraversable_label,1.2,1006,977,358,358,29
8e3bfc30-11ec-5437-b2e4-56b598a0f09d,scene-0005,static,10,30-40,near_ground_geometry,0.4,26,13,0,0,13
8e3bfc30-11ec-5437-b2e4-56b598a0f09d,scene-0005,static,10,30-40,near_ground_geometry,0.8,26,23,0,0,3
8e3bfc30-11ec-5437-b2e4-56b598a0f09d,scene-0005,static,10,30-40,near_ground_geometry,1.2,26,26,0,0,0
8e3bfc30-11ec-5437-b2e4-56b598a0f09d,scene-0005,static,20,2-10,traversable_label,0.4,152,145,2,2,7
8e3bfc30-11ec-5437-b2e4-56b598a0f09d,scene-0005,static,20,2-10,traversable_label,0.8,152,150,13,13,2
8e3bfc30-11ec-5437-b2e4-56b598a0f09d,scene-0005,static,20,2-10,traversable_label,1.2,152,152,21,21,0
8e3bfc30-11ec-5437-b2e4-56b598a0f09d,scene-0005,static,20,2-10,potential_label,0.4,677,672,0,0,5
8e3bfc30-11ec-5437-b2e4-56b598a0f09d,scene-0005,static,20,2-10,potential_label,0.8,677,677,11,11,0
8e3bfc30-11ec-5437-b2e4-56b598a0f09d,scene-0005,static,20,2-10,potential_label,1.2,677,677,54,54,0
8e3bfc30-11ec-5437-b2e4-56b598a0f09d,scene-0005,static,20,2-10,nontraversable_label,0.4,4785,4446,160,156,335
8e3bfc30-11ec-5437-b2e4-56b598a0f09d,scene-0005,static,20,2-10,nontraversable_label,0.8,4785,4775,857,857,10
8e3bfc30-11ec-5437-b2e4-56b598a0f09d,scene-0005,static,20,2-10,nontraversable_label,1.2,4785,4785,1784,1784,0
8e3bfc30-11ec-5437-b2e4-56b598a0f09d,scene-0005,static,20,2-10,near_ground_geometry,0.4,364,364,0,0,0
8e3bfc30-11ec-5437-b2e4-56b598a0f09d,scene-0005,static,20,2-10,near_ground_geometry,0.8,364,364,0,0,0
8e3bfc30-11ec-5437-b2e4-56b598a0f09d,scene-0005,static,20,2-10,near_ground_geometry,1.2,364,364,7,7,0
8e3bfc30-11ec-5437-b2e4-56b598a0f09d,scene-0005,static,20,2-10,raised_geometry,0.4,29,16,5,5,13
8e3bfc30-11ec-5437-b2e4-56b598a0f09d,scene-0005,static,20,2-10,raised_geometry,0.8,29,27,22,22,2
8e3bfc30-11ec-5437-b2e4-56b598a0f09d,scene-0005,static,20,2-10,raised_geometry,1.2,29,29,29,29,0
8e3bfc30-11ec-5437-b2e4-56b598a0f09d,scene-0005,static,20,10-20,traversable_label,0.4,221,195,3,3,26
8e3bfc30-11ec-5437-b2e4-56b598a0f09d,scene-0005,static,20,10-20,traversable_label,0.8,221,220,22,22,1
8e3bfc30-11ec-5437-b2e4-56b598a0f09d,scene-0005,static,20,10-20,traversable_label,1.2,221,221,40,40,0
8e3bfc30-11ec-5437-b2e4-56b598a0f09d,scene-0005,static,20,10-20,potential_label,0.4,774,735,1,1,39
8e3bfc30-11ec-5437-b2e4-56b598a0f09d,scene-0005,static,20,10-20,potential_label,0.8,774,772,37,37,2
8e3bfc30-11ec-5437-b2e4-56b598a0f09d,scene-0005,static,20,10-20,potential_label,1.2,774,774,123,123,0
8e3bfc30-11ec-5437-b2e4-56b598a0f09d,scene-0005,static,20,10-20,nontraversable_label,0.4,2906,2532,145,144,373
8e3bfc30-11ec-5437-b2e4-56b598a0f09d,scene-0005,static,20,10-20,nontraversable_label,0.8,2906,2871,689,689,35
8e3bfc30-11ec-5437-b2e4-56b598a0f09d,scene-0005,static,20,10-20,nontraversable_label,1.2,2906,2900,1320,1319,5
8e3bfc30-11ec-5437-b2e4-56b598a0f09d,scene-0005,static,20,10-20,near_ground_geometry,0.4,457,418,0,0,39
8e3bfc30-11ec-5437-b2e4-56b598a0f09d,scene-0005,static,20,10-20,near_ground_geometry,0.8,457,455,12,12,2
8e3bfc30-11ec-5437-b2e4-56b598a0f09d,scene-0005,static,20,10-20,near_ground_geometry,1.2,457,457,37,37,0
8e3bfc30-11ec-5437-b2e4-56b598a0f09d,scene-0005,static,20,10-20,raised_geometry,0.4,25,13,1,1,12
8e3bfc30-11ec-5437-b2e4-56b598a0f09d,scene-0005,static,20,10-20,raised_geometry,0.8,25,24,7,7,1
8e3bfc30-11ec-5437-b2e4-56b598a0f09d,scene-0005,static,20,10-20,raised_geometry,1.2,25,25,17,17,0
8e3bfc30-11ec-5437-b2e4-56b598a0f09d,scene-0005,static,20,20-30,traversable_label,0.4,99,69,0,0,30
8e3bfc30-11ec-5437-b2e4-56b598a0f09d,scene-0005,static,20,20-30,traversable_label,0.8,99,99,0,0,0
8e3bfc30-11ec-5437-b2e4-56b598a0f09d,scene-0005,static,20,20-30,traversable_label,1.2,99,99,0,0,0
8e3bfc30-11ec-5437-b2e4-56b598a0f09d,scene-0005,static,20,20-30,potential_label,0.4,588,425,2,1,162
8e3bfc30-11ec-5437-b2e4-56b598a0f09d,scene-0005,static,20,20-30,potential_label,0.8,588,555,17,17,33
8e3bfc30-11ec-5437-b2e4-56b598a0f09d,scene-0005,static,20,20-30,potential_label,1.2,588,583,44,44,5
8e3bfc30-11ec-5437-b2e4-56b598a0f09d,scene-0005,static,20,20-30,nontraversable_label,0.4,1942,1594,62,61,347
8e3bfc30-11ec-5437-b2e4-56b598a0f09d,scene-0005,static,20,20-30,nontraversable_label,0.8,1942,1897,319,319,45
8e3bfc30-11ec-5437-b2e4-56b598a0f09d,scene-0005,static,20,20-30,nontraversable_label,1.2,1942,1919,683,682,22
8e3bfc30-11ec-5437-b2e4-56b598a0f09d,scene-0005,static,20,20-30,near_ground_geometry,0.4,243,171,0,0,72
8e3bfc30-11ec-5437-b2e4-56b598a0f09d,scene-0005,static,20,20-30,near_ground_geometry,0.8,243,235,0,0,8
8e3bfc30-11ec-5437-b2e4-56b598a0f09d,scene-0005,static,20,20-30,near_ground_geometry,1.2,243,243,0,0,0
8e3bfc30-11ec-5437-b2e4-56b598a0f09d,scene-0005,static,20,30-40,traversable_label,0.4,12,3,0,0,9
8e3bfc30-11ec-5437-b2e4-56b598a0f09d,scene-0005,static,20,30-40,traversable_label,0.8,12,9,0,0,3
8e3bfc30-11ec-5437-b2e4-56b598a0f09d,scene-0005,static,20,30-40,traversable_label,1.2,12,12,0,0,0
8e3bfc30-11ec-5437-b2e4-56b598a0f09d,scene-0005,static,20,30-40,potential_label,0.4,132,66,0,0,66
8e3bfc30-11ec-5437-b2e4-56b598a0f09d,scene-0005,static,20,30-40,potential_label,0.8,132,108,1,1,24
8e3bfc30-11ec-5437-b2e4-56b598a0f09d,scene-0005,static,20,30-40,potential_label,1.2,132,128,5,5,4
8e3bfc30-11ec-5437-b2e4-56b598a0f09d,scene-0005,static,20,30-40,nontraversable_label,0.4,1006,678,34,27,321
8e3bfc30-11ec-5437-b2e4-56b598a0f09d,scene-0005,static,20,30-40,nontraversable_label,0.8,1006,932,172,172,74
8e3bfc30-11ec-5437-b2e4-56b598a0f09d,scene-0005,static,20,30-40,nontraversable_label,1.2,1006,977,358,358,29
8e3bfc30-11ec-5437-b2e4-56b598a0f09d,scene-0005,static,20,30-40,near_ground_geometry,0.4,26,13,0,0,13
8e3bfc30-11ec-5437-b2e4-56b598a0f09d,scene-0005,static,20,30-40,near_ground_geometry,0.8,26,23,0,0,3
8e3bfc30-11ec-5437-b2e4-56b598a0f09d,scene-0005,static,20,30-40,near_ground_geometry,1.2,26,26,0,0,0
8e3bfc30-11ec-5437-b2e4-56b598a0f09d,scene-0005,aligned,10,2-10,traversable_label,0.4,85,79,4,4,6
8e3bfc30-11ec-5437-b2e4-56b598a0f09d,scene-0005,aligned,10,2-10,traversable_label,0.8,85,83,10,10,2
8e3bfc30-11ec-5437-b2e4-56b598a0f09d,scene-0005,aligned,10,2-10,traversable_label,1.2,85,85,17,17,0
8e3bfc30-11ec-5437-b2e4-56b598a0f09d,scene-0005,aligned,10,2-10,potential_label,0.4,377,372,0,0,5
8e3bfc30-11ec-5437-b2e4-56b598a0f09d,scene-0005,aligned,10,2-10,potential_label,0.8,377,377,11,11,0
8e3bfc30-11ec-5437-b2e4-56b598a0f09d,scene-0005,aligned,10,2-10,potential_label,1.2,377,377,39,39,0
8e3bfc30-11ec-5437-b2e4-56b598a0f09d,scene-0005,aligned,10,2-10,nontraversable_label,0.4,3384,3169,152,149,212
8e3bfc30-11ec-5437-b2e4-56b598a0f09d,scene-0005,aligned,10,2-10,nontraversable_label,0.8,3384,3378,784,784,6
8e3bfc30-11ec-5437-b2e4-56b598a0f09d,scene-0005,aligned,10,2-10,nontraversable_label,1.2,3384,3384,1476,1476,0
8e3bfc30-11ec-5437-b2e4-56b598a0f09d,scene-0005,aligned,10,2-10,near_ground_geometry,0.4,182,182,0,0,0
8e3bfc30-11ec-5437-b2e4-56b598a0f09d,scene-0005,aligned,10,2-10,near_ground_geometry,0.8,182,182,0,0,0
8e3bfc30-11ec-5437-b2e4-56b598a0f09d,scene-0005,aligned,10,2-10,near_ground_geometry,1.2,182,182,2,2,0
8e3bfc30-11ec-5437-b2e4-56b598a0f09d,scene-0005,aligned,10,2-10,raised_geometry,0.4,25,13,7,7,12
8e3bfc30-11ec-5437-b2e4-56b598a0f09d,scene-0005,aligned,10,2-10,raised_geometry,0.8,25,23,19,19,2
8e3bfc30-11ec-5437-b2e4-56b598a0f09d,scene-0005,aligned,10,2-10,raised_geometry,1.2,25,25,25,25,0
8e3bfc30-11ec-5437-b2e4-56b598a0f09d,scene-0005,aligned,10,10-20,traversable_label,0.4,221,195,3,3,26
8e3bfc30-11ec-5437-b2e4-56b598a0f09d,scene-0005,aligned,10,10-20,traversable_label,0.8,221,220,22,22,1
8e3bfc30-11ec-5437-b2e4-56b598a0f09d,scene-0005,aligned,10,10-20,traversable_label,1.2,221,221,40,40,0
8e3bfc30-11ec-5437-b2e4-56b598a0f09d,scene-0005,aligned,10,10-20,potential_label,0.4,774,735,2,2,39
8e3bfc30-11ec-5437-b2e4-56b598a0f09d,scene-0005,aligned,10,10-20,potential_label,0.8,774,772,38,38,2
8e3bfc30-11ec-5437-b2e4-56b598a0f09d,scene-0005,aligned,10,10-20,potential_label,1.2,774,774,124,124,0
8e3bfc30-11ec-5437-b2e4-56b598a0f09d,scene-0005,aligned,10,10-20,nontraversable_label,0.4,2578,2293,146,145,284
8e3bfc30-11ec-5437-b2e4-56b598a0f09d,scene-0005,aligned,10,10-20,nontraversable_label,0.8,2578,2554,694,694,24
8e3bfc30-11ec-5437-b2e4-56b598a0f09d,scene-0005,aligned,10,10-20,nontraversable_label,1.2,2578,2574,1309,1308,3
8e3bfc30-11ec-5437-b2e4-56b598a0f09d,scene-0005,aligned,10,10-20,near_ground_geometry,0.4,457,418,0,0,39
8e3bfc30-11ec-5437-b2e4-56b598a0f09d,scene-0005,aligned,10,10-20,near_ground_geometry,0.8,457,455,12,12,2
8e3bfc30-11ec-5437-b2e4-56b598a0f09d,scene-0005,aligned,10,10-20,near_ground_geometry,1.2,457,457,37,37,0
8e3bfc30-11ec-5437-b2e4-56b598a0f09d,scene-0005,aligned,10,10-20,raised_geometry,0.4,25,13,1,1,12
8e3bfc30-11ec-5437-b2e4-56b598a0f09d,scene-0005,aligned,10,10-20,raised_geometry,0.8,25,24,7,7,1
8e3bfc30-11ec-5437-b2e4-56b598a0f09d,scene-0005,aligned,10,10-20,raised_geometry,1.2,25,25,17,17,0
8e3bfc30-11ec-5437-b2e4-56b598a0f09d,scene-0005,aligned,10,20-30,traversable_label,0.4,99,69,0,0,30
8e3bfc30-11ec-5437-b2e4-56b598a0f09d,scene-0005,aligned,10,20-30,traversable_label,0.8,99,99,0,0,0
8e3bfc30-11ec-5437-b2e4-56b598a0f09d,scene-0005,aligned,10,20-30,traversable_label,1.2,99,99,0,0,0
8e3bfc30-11ec-5437-b2e4-56b598a0f09d,scene-0005,aligned,10,20-30,potential_label,0.4,588,425,4,3,162
8e3bfc30-11ec-5437-b2e4-56b598a0f09d,scene-0005,aligned,10,20-30,potential_label,0.8,588,555,18,18,33
8e3bfc30-11ec-5437-b2e4-56b598a0f09d,scene-0005,aligned,10,20-30,potential_label,1.2,588,583,43,43,5
8e3bfc30-11ec-5437-b2e4-56b598a0f09d,scene-0005,aligned,10,20-30,nontraversable_label,0.4,1832,1497,62,60,333
8e3bfc30-11ec-5437-b2e4-56b598a0f09d,scene-0005,aligned,10,20-30,nontraversable_label,0.8,1832,1789,316,316,43
8e3bfc30-11ec-5437-b2e4-56b598a0f09d,scene-0005,aligned,10,20-30,nontraversable_label,1.2,1832,1811,676,675,20
8e3bfc30-11ec-5437-b2e4-56b598a0f09d,scene-0005,aligned,10,20-30,near_ground_geometry,0.4,243,171,0,0,72
8e3bfc30-11ec-5437-b2e4-56b598a0f09d,scene-0005,aligned,10,20-30,near_ground_geometry,0.8,243,235,0,0,8
8e3bfc30-11ec-5437-b2e4-56b598a0f09d,scene-0005,aligned,10,20-30,near_ground_geometry,1.2,243,243,1,1,0
8e3bfc30-11ec-5437-b2e4-56b598a0f09d,scene-0005,aligned,10,30-40,traversable_label,0.4,12,3,0,0,9
8e3bfc30-11ec-5437-b2e4-56b598a0f09d,scene-0005,aligned,10,30-40,traversable_label,0.8,12,9,0,0,3
8e3bfc30-11ec-5437-b2e4-56b598a0f09d,scene-0005,aligned,10,30-40,traversable_label,1.2,12,12,0,0,0
8e3bfc30-11ec-5437-b2e4-56b598a0f09d,scene-0005,aligned,10,30-40,potential_label,0.4,132,66,0,0,66
8e3bfc30-11ec-5437-b2e4-56b598a0f09d,scene-0005,aligned,10,30-40,potential_label,0.8,132,108,1,1,24
8e3bfc30-11ec-5437-b2e4-56b598a0f09d,scene-0005,aligned,10,30-40,potential_label,1.2,132,128,5,5,4
8e3bfc30-11ec-5437-b2e4-56b598a0f09d,scene-0005,aligned,10,30-40,nontraversable_label,0.4,1006,678,34,28,322
8e3bfc30-11ec-5437-b2e4-56b598a0f09d,scene-0005,aligned,10,30-40,nontraversable_label,0.8,1006,932,179,179,74
8e3bfc30-11ec-5437-b2e4-56b598a0f09d,scene-0005,aligned,10,30-40,nontraversable_label,1.2,1006,977,363,363,29
8e3bfc30-11ec-5437-b2e4-56b598a0f09d,scene-0005,aligned,10,30-40,near_ground_geometry,0.4,26,13,0,0,13
8e3bfc30-11ec-5437-b2e4-56b598a0f09d,scene-0005,aligned,10,30-40,near_ground_geometry,0.8,26,23,0,0,3
8e3bfc30-11ec-5437-b2e4-56b598a0f09d,scene-0005,aligned,10,30-40,near_ground_geometry,1.2,26,26,0,0,0
8e3bfc30-11ec-5437-b2e4-56b598a0f09d,scene-0005,aligned,20,2-10,traversable_label,0.4,152,145,4,4,7
8e3bfc30-11ec-5437-b2e4-56b598a0f09d,scene-0005,aligned,20,2-10,traversable_label,0.8,152,150,11,11,2
8e3bfc30-11ec-5437-b2e4-56b598a0f09d,scene-0005,aligned,20,2-10,traversable_label,1.2,152,152,21,21,0
8e3bfc30-11ec-5437-b2e4-56b598a0f09d,scene-0005,aligned,20,2-10,potential_label,0.4,677,672,0,0,5
8e3bfc30-11ec-5437-b2e4-56b598a0f09d,scene-0005,aligned,20,2-10,potential_label,0.8,677,677,12,12,0
8e3bfc30-11ec-5437-b2e4-56b598a0f09d,scene-0005,aligned,20,2-10,potential_label,1.2,677,677,53,53,0
8e3bfc30-11ec-5437-b2e4-56b598a0f09d,scene-0005,aligned,20,2-10,nontraversable_label,0.4,4785,4446,159,155,335
8e3bfc30-11ec-5437-b2e4-56b598a0f09d,scene-0005,aligned,20,2-10,nontraversable_label,0.8,4785,4775,861,861,10
8e3bfc30-11ec-5437-b2e4-56b598a0f09d,scene-0005,aligned,20,2-10,nontraversable_label,1.2,4785,4785,1792,1792,0
8e3bfc30-11ec-5437-b2e4-56b598a0f09d,scene-0005,aligned,20,2-10,near_ground_geometry,0.4,364,364,0,0,0
8e3bfc30-11ec-5437-b2e4-56b598a0f09d,scene-0005,aligned,20,2-10,near_ground_geometry,0.8,364,364,0,0,0
8e3bfc30-11ec-5437-b2e4-56b598a0f09d,scene-0005,aligned,20,2-10,near_ground_geometry,1.2,364,364,7,7,0
8e3bfc30-11ec-5437-b2e4-56b598a0f09d,scene-0005,aligned,20,2-10,raised_geometry,0.4,29,16,7,7,13
8e3bfc30-11ec-5437-b2e4-56b598a0f09d,scene-0005,aligned,20,2-10,raised_geometry,0.8,29,27,21,21,2
8e3bfc30-11ec-5437-b2e4-56b598a0f09d,scene-0005,aligned,20,2-10,raised_geometry,1.2,29,29,29,29,0
8e3bfc30-11ec-5437-b2e4-56b598a0f09d,scene-0005,aligned,20,10-20,traversable_label,0.4,221,195,3,3,26
8e3bfc30-11ec-5437-b2e4-56b598a0f09d,scene-0005,aligned,20,10-20,traversable_label,0.8,221,220,22,22,1
8e3bfc30-11ec-5437-b2e4-56b598a0f09d,scene-0005,aligned,20,10-20,traversable_label,1.2,221,221,40,40,0
8e3bfc30-11ec-5437-b2e4-56b598a0f09d,scene-0005,aligned,20,10-20,potential_label,0.4,774,735,2,2,39
8e3bfc30-11ec-5437-b2e4-56b598a0f09d,scene-0005,aligned,20,10-20,potential_label,0.8,774,772,38,38,2
8e3bfc30-11ec-5437-b2e4-56b598a0f09d,scene-0005,aligned,20,10-20,potential_label,1.2,774,774,124,124,0
8e3bfc30-11ec-5437-b2e4-56b598a0f09d,scene-0005,aligned,20,10-20,nontraversable_label,0.4,2906,2532,146,145,373
8e3bfc30-11ec-5437-b2e4-56b598a0f09d,scene-0005,aligned,20,10-20,nontraversable_label,0.8,2906,2871,695,695,35
8e3bfc30-11ec-5437-b2e4-56b598a0f09d,scene-0005,aligned,20,10-20,nontraversable_label,1.2,2906,2900,1325,1324,5
8e3bfc30-11ec-5437-b2e4-56b598a0f09d,scene-0005,aligned,20,10-20,near_ground_geometry,0.4,457,418,0,0,39
8e3bfc30-11ec-5437-b2e4-56b598a0f09d,scene-0005,aligned,20,10-20,near_ground_geometry,0.8,457,455,12,12,2
8e3bfc30-11ec-5437-b2e4-56b598a0f09d,scene-0005,aligned,20,10-20,near_ground_geometry,1.2,457,457,37,37,0
8e3bfc30-11ec-5437-b2e4-56b598a0f09d,scene-0005,aligned,20,10-20,raised_geometry,0.4,25,13,1,1,12
8e3bfc30-11ec-5437-b2e4-56b598a0f09d,scene-0005,aligned,20,10-20,raised_geometry,0.8,25,24,7,7,1
8e3bfc30-11ec-5437-b2e4-56b598a0f09d,scene-0005,aligned,20,10-20,raised_geometry,1.2,25,25,17,17,0
8e3bfc30-11ec-5437-b2e4-56b598a0f09d,scene-0005,aligned,20,20-30,traversable_label,0.4,99,69,0,0,30
8e3bfc30-11ec-5437-b2e4-56b598a0f09d,scene-0005,aligned,20,20-30,traversable_label,0.8,99,99,0,0,0
8e3bfc30-11ec-5437-b2e4-56b598a0f09d,scene-0005,aligned,20,20-30,traversable_label,1.2,99,99,0,0,0
8e3bfc30-11ec-5437-b2e4-56b598a0f09d,scene-0005,aligned,20,20-30,potential_label,0.4,588,425,4,3,162
8e3bfc30-11ec-5437-b2e4-56b598a0f09d,scene-0005,aligned,20,20-30,potential_label,0.8,588,555,18,18,33
8e3bfc30-11ec-5437-b2e4-56b598a0f09d,scene-0005,aligned,20,20-30,potential_label,1.2,588,583,43,43,5
8e3bfc30-11ec-5437-b2e4-56b598a0f09d,scene-0005,aligned,20,20-30,nontraversable_label,0.4,1942,1594,62,60,346
8e3bfc30-11ec-5437-b2e4-56b598a0f09d,scene-0005,aligned,20,20-30,nontraversable_label,0.8,1942,1897,316,316,45
8e3bfc30-11ec-5437-b2e4-56b598a0f09d,scene-0005,aligned,20,20-30,nontraversable_label,1.2,1942,1919,676,675,22
8e3bfc30-11ec-5437-b2e4-56b598a0f09d,scene-0005,aligned,20,20-30,near_ground_geometry,0.4,243,171,0,0,72
8e3bfc30-11ec-5437-b2e4-56b598a0f09d,scene-0005,aligned,20,20-30,near_ground_geometry,0.8,243,235,0,0,8
8e3bfc30-11ec-5437-b2e4-56b598a0f09d,scene-0005,aligned,20,20-30,near_ground_geometry,1.2,243,243,1,1,0
8e3bfc30-11ec-5437-b2e4-56b598a0f09d,scene-0005,aligned,20,30-40,traversable_label,0.4,12,3,0,0,9
8e3bfc30-11ec-5437-b2e4-56b598a0f09d,scene-0005,aligned,20,30-40,traversable_label,0.8,12,9,0,0,3
8e3bfc30-11ec-5437-b2e4-56b598a0f09d,scene-0005,aligned,20,30-40,traversable_label,1.2,12,12,0,0,0
8e3bfc30-11ec-5437-b2e4-56b598a0f09d,scene-0005,aligned,20,30-40,potential_label,0.4,132,66,0,0,66
8e3bfc30-11ec-5437-b2e4-56b598a0f09d,scene-0005,aligned,20,30-40,potential_label,0.8,132,108,1,1,24
8e3bfc30-11ec-5437-b2e4-56b598a0f09d,scene-0005,aligned,20,30-40,potential_label,1.2,132,128,5,5,4
8e3bfc30-11ec-5437-b2e4-56b598a0f09d,scene-0005,aligned,20,30-40,nontraversable_label,0.4,1006,678,34,28,322
8e3bfc30-11ec-5437-b2e4-56b598a0f09d,scene-0005,aligned,20,30-40,nontraversable_label,0.8,1006,932,179,179,74
8e3bfc30-11ec-5437-b2e4-56b598a0f09d,scene-0005,aligned,20,30-40,nontraversable_label,1.2,1006,977,363,363,29
8e3bfc30-11ec-5437-b2e4-56b598a0f09d,scene-0005,aligned,20,30-40,near_ground_geometry,0.4,26,13,0,0,13
8e3bfc30-11ec-5437-b2e4-56b598a0f09d,scene-0005,aligned,20,30-40,near_ground_geometry,0.8,26,23,0,0,3
8e3bfc30-11ec-5437-b2e4-56b598a0f09d,scene-0005,aligned,20,30-40,near_ground_geometry,1.2,26,26,0,0,0
8e3bfc30-11ec-5437-b2e4-56b598a0f09d,scene-0005,ros_origin,10,2-10,traversable_label,0.4,85,79,1,1,6
8e3bfc30-11ec-5437-b2e4-56b598a0f09d,scene-0005,ros_origin,10,2-10,traversable_label,0.8,85,83,10,10,2
8e3bfc30-11ec-5437-b2e4-56b598a0f09d,scene-0005,ros_origin,10,2-10,traversable_label,1.2,85,85,17,17,0
8e3bfc30-11ec-5437-b2e4-56b598a0f09d,scene-0005,ros_origin,10,2-10,potential_label,0.4,377,372,0,0,5
8e3bfc30-11ec-5437-b2e4-56b598a0f09d,scene-0005,ros_origin,10,2-10,potential_label,0.8,377,377,14,14,0
8e3bfc30-11ec-5437-b2e4-56b598a0f09d,scene-0005,ros_origin,10,2-10,potential_label,1.2,377,377,60,60,0
8e3bfc30-11ec-5437-b2e4-56b598a0f09d,scene-0005,ros_origin,10,2-10,nontraversable_label,0.4,3384,3169,112,112,215
8e3bfc30-11ec-5437-b2e4-56b598a0f09d,scene-0005,ros_origin,10,2-10,nontraversable_label,0.8,3384,3378,648,648,6
8e3bfc30-11ec-5437-b2e4-56b598a0f09d,scene-0005,ros_origin,10,2-10,nontraversable_label,1.2,3384,3384,1332,1332,0
8e3bfc30-11ec-5437-b2e4-56b598a0f09d,scene-0005,ros_origin,10,2-10,near_ground_geometry,0.4,182,182,0,0,0
8e3bfc30-11ec-5437-b2e4-56b598a0f09d,scene-0005,ros_origin,10,2-10,near_ground_geometry,0.8,182,182,1,1,0
8e3bfc30-11ec-5437-b2e4-56b598a0f09d,scene-0005,ros_origin,10,2-10,near_ground_geometry,1.2,182,182,8,8,0
8e3bfc30-11ec-5437-b2e4-56b598a0f09d,scene-0005,ros_origin,10,2-10,raised_geometry,0.4,25,13,3,3,12
8e3bfc30-11ec-5437-b2e4-56b598a0f09d,scene-0005,ros_origin,10,2-10,raised_geometry,0.8,25,23,14,14,2
8e3bfc30-11ec-5437-b2e4-56b598a0f09d,scene-0005,ros_origin,10,2-10,raised_geometry,1.2,25,25,23,23,0
8e3bfc30-11ec-5437-b2e4-56b598a0f09d,scene-0005,ros_origin,10,10-20,traversable_label,0.4,221,195,3,3,26
8e3bfc30-11ec-5437-b2e4-56b598a0f09d,scene-0005,ros_origin,10,10-20,traversable_label,0.8,221,220,17,17,1
8e3bfc30-11ec-5437-b2e4-56b598a0f09d,scene-0005,ros_origin,10,10-20,traversable_label,1.2,221,221,35,35,0
8e3bfc30-11ec-5437-b2e4-56b598a0f09d,scene-0005,ros_origin,10,10-20,potential_label,0.4,774,735,5,5,39
8e3bfc30-11ec-5437-b2e4-56b598a0f09d,scene-0005,ros_origin,10,10-20,potential_label,0.8,774,772,53,53,2
8e3bfc30-11ec-5437-b2e4-56b598a0f09d,scene-0005,ros_origin,10,10-20,potential_label,1.2,774,774,167,167,0
8e3bfc30-11ec-5437-b2e4-56b598a0f09d,scene-0005,ros_origin,10,10-20,nontraversable_label,0.4,2578,2293,145,139,279
8e3bfc30-11ec-5437-b2e4-56b598a0f09d,scene-0005,ros_origin,10,10-20,nontraversable_label,0.8,2578,2554,672,672,24
8e3bfc30-11ec-5437-b2e4-56b598a0f09d,scene-0005,ros_origin,10,10-20,nontraversable_label,1.2,2578,2574,1303,1302,3
8e3bfc30-11ec-5437-b2e4-56b598a0f09d,scene-0005,ros_origin,10,10-20,near_ground_geometry,0.4,457,418,4,4,39
8e3bfc30-11ec-5437-b2e4-56b598a0f09d,scene-0005,ros_origin,10,10-20,near_ground_geometry,0.8,457,455,17,17,2
8e3bfc30-11ec-5437-b2e4-56b598a0f09d,scene-0005,ros_origin,10,10-20,near_ground_geometry,1.2,457,457,48,48,0
8e3bfc30-11ec-5437-b2e4-56b598a0f09d,scene-0005,ros_origin,10,10-20,raised_geometry,0.4,25,13,0,0,12
8e3bfc30-11ec-5437-b2e4-56b598a0f09d,scene-0005,ros_origin,10,10-20,raised_geometry,0.8,25,24,0,0,1
8e3bfc30-11ec-5437-b2e4-56b598a0f09d,scene-0005,ros_origin,10,10-20,raised_geometry,1.2,25,25,8,8,0
8e3bfc30-11ec-5437-b2e4-56b598a0f09d,scene-0005,ros_origin,10,20-30,traversable_label,0.4,99,69,0,0,30
8e3bfc30-11ec-5437-b2e4-56b598a0f09d,scene-0005,ros_origin,10,20-30,traversable_label,0.8,99,99,0,0,0
8e3bfc30-11ec-5437-b2e4-56b598a0f09d,scene-0005,ros_origin,10,20-30,traversable_label,1.2,99,99,0,0,0
8e3bfc30-11ec-5437-b2e4-56b598a0f09d,scene-0005,ros_origin,10,20-30,potential_label,0.4,588,425,0,0,163
8e3bfc30-11ec-5437-b2e4-56b598a0f09d,scene-0005,ros_origin,10,20-30,potential_label,0.8,588,555,14,14,33
8e3bfc30-11ec-5437-b2e4-56b598a0f09d,scene-0005,ros_origin,10,20-30,potential_label,1.2,588,583,52,52,5
8e3bfc30-11ec-5437-b2e4-56b598a0f09d,scene-0005,ros_origin,10,20-30,nontraversable_label,0.4,1832,1497,53,48,330
8e3bfc30-11ec-5437-b2e4-56b598a0f09d,scene-0005,ros_origin,10,20-30,nontraversable_label,0.8,1832,1789,296,295,42
8e3bfc30-11ec-5437-b2e4-56b598a0f09d,scene-0005,ros_origin,10,20-30,nontraversable_label,1.2,1832,1811,631,630,20
8e3bfc30-11ec-5437-b2e4-56b598a0f09d,scene-0005,ros_origin,10,20-30,near_ground_geometry,0.4,243,171,0,0,72
8e3bfc30-11ec-5437-b2e4-56b598a0f09d,scene-0005,ros_origin,10,20-30,near_ground_geometry,0.8,243,235,0,0,8
8e3bfc30-11ec-5437-b2e4-56b598a0f09d,scene-0005,ros_origin,10,20-30,near_ground_geometry,1.2,243,243,1,1,0
8e3bfc30-11ec-5437-b2e4-56b598a0f09d,scene-0005,ros_origin,10,30-40,traversable_label,0.4,12,3,0,0,9
8e3bfc30-11ec-5437-b2e4-56b598a0f09d,scene-0005,ros_origin,10,30-40,traversable_label,0.8,12,9,0,0,3
8e3bfc30-11ec-5437-b2e4-56b598a0f09d,scene-0005,ros_origin,10,30-40,traversable_label,1.2,12,12,0,0,0
8e3bfc30-11ec-5437-b2e4-56b598a0f09d,scene-0005,ros_origin,10,30-40,potential_label,0.4,132,66,0,0,66
8e3bfc30-11ec-5437-b2e4-56b598a0f09d,scene-0005,ros_origin,10,30-40,potential_label,0.8,132,108,0,0,24
8e3bfc30-11ec-5437-b2e4-56b598a0f09d,scene-0005,ros_origin,10,30-40,potential_label,1.2,132,128,6,6,4
8e3bfc30-11ec-5437-b2e4-56b598a0f09d,scene-0005,ros_origin,10,30-40,nontraversable_label,0.4,1006,678,33,29,324
8e3bfc30-11ec-5437-b2e4-56b598a0f09d,scene-0005,ros_origin,10,30-40,nontraversable_label,0.8,1006,932,176,176,74
8e3bfc30-11ec-5437-b2e4-56b598a0f09d,scene-0005,ros_origin,10,30-40,nontraversable_label,1.2,1006,977,331,331,29
8e3bfc30-11ec-5437-b2e4-56b598a0f09d,scene-0005,ros_origin,10,30-40,near_ground_geometry,0.4,26,13,0,0,13
8e3bfc30-11ec-5437-b2e4-56b598a0f09d,scene-0005,ros_origin,10,30-40,near_ground_geometry,0.8,26,23,0,0,3
8e3bfc30-11ec-5437-b2e4-56b598a0f09d,scene-0005,ros_origin,10,30-40,near_ground_geometry,1.2,26,26,0,0,0
8e3bfc30-11ec-5437-b2e4-56b598a0f09d,scene-0005,ros_origin,20,2-10,traversable_label,0.4,152,145,1,1,7
8e3bfc30-11ec-5437-b2e4-56b598a0f09d,scene-0005,ros_origin,20,2-10,traversable_label,0.8,152,150,13,13,2
8e3bfc30-11ec-5437-b2e4-56b598a0f09d,scene-0005,ros_origin,20,2-10,traversable_label,1.2,152,152,26,26,0
8e3bfc30-11ec-5437-b2e4-56b598a0f09d,scene-0005,ros_origin,20,2-10,potential_label,0.4,677,672,0,0,5
8e3bfc30-11ec-5437-b2e4-56b598a0f09d,scene-0005,ros_origin,20,2-10,potential_label,0.8,677,677,24,24,0
8e3bfc30-11ec-5437-b2e4-56b598a0f09d,scene-0005,ros_origin,20,2-10,potential_label,1.2,677,677,90,90,0
8e3bfc30-11ec-5437-b2e4-56b598a0f09d,scene-0005,ros_origin,20,2-10,nontraversable_label,0.4,4785,4446,132,132,339
8e3bfc30-11ec-5437-b2e4-56b598a0f09d,scene-0005,ros_origin,20,2-10,nontraversable_label,0.8,4785,4775,744,744,10
8e3bfc30-11ec-5437-b2e4-56b598a0f09d,scene-0005,ros_origin,20,2-10,nontraversable_label,1.2,4785,4785,1563,1563,0
8e3bfc30-11ec-5437-b2e4-56b598a0f09d,scene-0005,ros_origin,20,2-10,near_ground_geometry,0.4,364,364,0,0,0
8e3bfc30-11ec-5437-b2e4-56b598a0f09d,scene-0005,ros_origin,20,2-10,near_ground_geometry,0.8,364,364,8,8,0
8e3bfc30-11ec-5437-b2e4-56b598a0f09d,scene-0005,ros_origin,20,2-10,near_ground_geometry,1.2,364,364,25,25,0
8e3bfc30-11ec-5437-b2e4-56b598a0f09d,scene-0005,ros_origin,20,2-10,raised_geometry,0.4,29,16,3,3,13
8e3bfc30-11ec-5437-b2e4-56b598a0f09d,scene-0005,ros_origin,20,2-10,raised_geometry,0.8,29,27,14,14,2
8e3bfc30-11ec-5437-b2e4-56b598a0f09d,scene-0005,ros_origin,20,2-10,raised_geometry,1.2,29,29,23,23,0
8e3bfc30-11ec-5437-b2e4-56b598a0f09d,scene-0005,ros_origin,20,10-20,traversable_label,0.4,221,195,3,3,26
8e3bfc30-11ec-5437-b2e4-56b598a0f09d,scene-0005,ros_origin,20,10-20,traversable_label,0.8,221,220,17,17,1
8e3bfc30-11ec-5437-b2e4-56b598a0f09d,scene-0005,ros_origin,20,10-20,traversable_label,1.2,221,221,35,35,0
8e3bfc30-11ec-5437-b2e4-56b598a0f09d,scene-0005,ros_origin,20,10-20,potential_label,0.4,774,735,5,5,39
8e3bfc30-11ec-5437-b2e4-56b598a0f09d,scene-0005,ros_origin,20,10-20,potential_label,0.8,774,772,53,53,2
8e3bfc30-11ec-5437-b2e4-56b598a0f09d,scene-0005,ros_origin,20,10-20,potential_label,1.2,774,774,167,167,0
8e3bfc30-11ec-5437-b2e4-56b598a0f09d,scene-0005,ros_origin,20,10-20,nontraversable_label,0.4,2906,2532,145,139,368
8e3bfc30-11ec-5437-b2e4-56b598a0f09d,scene-0005,ros_origin,20,10-20,nontraversable_label,0.8,2906,2871,672,672,35
8e3bfc30-11ec-5437-b2e4-56b598a0f09d,scene-0005,ros_origin,20,10-20,nontraversable_label,1.2,2906,2900,1304,1303,5
8e3bfc30-11ec-5437-b2e4-56b598a0f09d,scene-0005,ros_origin,20,10-20,near_ground_geometry,0.4,457,418,4,4,39
8e3bfc30-11ec-5437-b2e4-56b598a0f09d,scene-0005,ros_origin,20,10-20,near_ground_geometry,0.8,457,455,17,17,2
8e3bfc30-11ec-5437-b2e4-56b598a0f09d,scene-0005,ros_origin,20,10-20,near_ground_geometry,1.2,457,457,48,48,0
8e3bfc30-11ec-5437-b2e4-56b598a0f09d,scene-0005,ros_origin,20,10-20,raised_geometry,0.4,25,13,0,0,12
8e3bfc30-11ec-5437-b2e4-56b598a0f09d,scene-0005,ros_origin,20,10-20,raised_geometry,0.8,25,24,0,0,1
8e3bfc30-11ec-5437-b2e4-56b598a0f09d,scene-0005,ros_origin,20,10-20,raised_geometry,1.2,25,25,8,8,0
8e3bfc30-11ec-5437-b2e4-56b598a0f09d,scene-0005,ros_origin,20,20-30,traversable_label,0.4,99,69,0,0,30
8e3bfc30-11ec-5437-b2e4-56b598a0f09d,scene-0005,ros_origin,20,20-30,traversable_label,0.8,99,99,0,0,0
8e3bfc30-11ec-5437-b2e4-56b598a0f09d,scene-0005,ros_origin,20,20-30,traversable_label,1.2,99,99,0,0,0
8e3bfc30-11ec-5437-b2e4-56b598a0f09d,scene-0005,ros_origin,20,20-30,potential_label,0.4,588,425,0,0,163
8e3bfc30-11ec-5437-b2e4-56b598a0f09d,scene-0005,ros_origin,20,20-30,potential_label,0.8,588,555,14,14,33
8e3bfc30-11ec-5437-b2e4-56b598a0f09d,scene-0005,ros_origin,20,20-30,potential_label,1.2,588,583,52,52,5
8e3bfc30-11ec-5437-b2e4-56b598a0f09d,scene-0005,ros_origin,20,20-30,nontraversable_label,0.4,1942,1594,53,48,343
8e3bfc30-11ec-5437-b2e4-56b598a0f09d,scene-0005,ros_origin,20,20-30,nontraversable_label,0.8,1942,1897,296,295,44
8e3bfc30-11ec-5437-b2e4-56b598a0f09d,scene-0005,ros_origin,20,20-30,nontraversable_label,1.2,1942,1919,631,630,22
8e3bfc30-11ec-5437-b2e4-56b598a0f09d,scene-0005,ros_origin,20,20-30,near_ground_geometry,0.4,243,171,0,0,72
8e3bfc30-11ec-5437-b2e4-56b598a0f09d,scene-0005,ros_origin,20,20-30,near_ground_geometry,0.8,243,235,0,0,8
8e3bfc30-11ec-5437-b2e4-56b598a0f09d,scene-0005,ros_origin,20,20-30,near_ground_geometry,1.2,243,243,1,1,0
8e3bfc30-11ec-5437-b2e4-56b598a0f09d,scene-0005,ros_origin,20,30-40,traversable_label,0.4,12,3,0,0,9
8e3bfc30-11ec-5437-b2e4-56b598a0f09d,scene-0005,ros_origin,20,30-40,traversable_label,0.8,12,9,0,0,3
8e3bfc30-11ec-5437-b2e4-56b598a0f09d,scene-0005,ros_origin,20,30-40,traversable_label,1.2,12,12,0,0,0
8e3bfc30-11ec-5437-b2e4-56b598a0f09d,scene-0005,ros_origin,20,30-40,potential_label,0.4,132,66,0,0,66
8e3bfc30-11ec-5437-b2e4-56b598a0f09d,scene-0005,ros_origin,20,30-40,potential_label,0.8,132,108,0,0,24
8e3bfc30-11ec-5437-b2e4-56b598a0f09d,scene-0005,ros_origin,20,30-40,potential_label,1.2,132,128,6,6,4
8e3bfc30-11ec-5437-b2e4-56b598a0f09d,scene-0005,ros_origin,20,30-40,nontraversable_label,0.4,1006,678,33,29,324
8e3bfc30-11ec-5437-b2e4-56b598a0f09d,scene-0005,ros_origin,20,30-40,nontraversable_label,0.8,1006,932,176,176,74
8e3bfc30-11ec-5437-b2e4-56b598a0f09d,scene-0005,ros_origin,20,30-40,nontraversable_label,1.2,1006,977,331,331,29
8e3bfc30-11ec-5437-b2e4-56b598a0f09d,scene-0005,ros_origin,20,30-40,near_ground_geometry,0.4,26,13,0,0,13
8e3bfc30-11ec-5437-b2e4-56b598a0f09d,scene-0005,ros_origin,20,30-40,near_ground_geometry,0.8,26,23,0,0,3
8e3bfc30-11ec-5437-b2e4-56b598a0f09d,scene-0005,ros_origin,20,30-40,near_ground_geometry,1.2,26,26,0,0,0
a963154b-efda-5817-a7b1-a7c2db53885b,scene-0005,static,10,2-10,traversable_label,0.4,127,117,5,5,10
a963154b-efda-5817-a7b1-a7c2db53885b,scene-0005,static,10,2-10,traversable_label,0.8,127,127,28,28,0
a963154b-efda-5817-a7b1-a7c2db53885b,scene-0005,static,10,2-10,traversable_label,1.2,127,127,31,31,0
a963154b-efda-5817-a7b1-a7c2db53885b,scene-0005,static,10,2-10,potential_label,0.4,403,384,1,1,19
a963154b-efda-5817-a7b1-a7c2db53885b,scene-0005,static,10,2-10,potential_label,0.8,403,402,8,8,1
a963154b-efda-5817-a7b1-a7c2db53885b,scene-0005,static,10,2-10,potential_label,1.2,403,402,31,31,1
a963154b-efda-5817-a7b1-a7c2db53885b,scene-0005,static,10,2-10,nontraversable_label,0.4,3112,2886,101,101,226
a963154b-efda-5817-a7b1-a7c2db53885b,scene-0005,static,10,2-10,nontraversable_label,0.8,3112,3103,581,581,9
a963154b-efda-5817-a7b1-a7c2db53885b,scene-0005,static,10,2-10,nontraversable_label,1.2,3112,3110,1233,1233,2
a963154b-efda-5817-a7b1-a7c2db53885b,scene-0005,static,10,2-10,near_ground_geometry,0.4,205,205,0,0,0
a963154b-efda-5817-a7b1-a7c2db53885b,scene-0005,static,10,2-10,near_ground_geometry,0.8,205,205,0,0,0
a963154b-efda-5817-a7b1-a7c2db53885b,scene-0005,static,10,2-10,near_ground_geometry,1.2,205,205,6,6,0
a963154b-efda-5817-a7b1-a7c2db53885b,scene-0005,static,10,2-10,raised_geometry,0.4,38,28,6,6,10
a963154b-efda-5817-a7b1-a7c2db53885b,scene-0005,static,10,2-10,raised_geometry,0.8,38,38,24,24,0
a963154b-efda-5817-a7b1-a7c2db53885b,scene-0005,static,10,2-10,raised_geometry,1.2,38,38,26,26,0
a963154b-efda-5817-a7b1-a7c2db53885b,scene-0005,static,10,10-20,traversable_label,0.4,273,222,0,0,51
a963154b-efda-5817-a7b1-a7c2db53885b,scene-0005,static,10,10-20,traversable_label,0.8,273,268,0,0,5
a963154b-efda-5817-a7b1-a7c2db53885b,scene-0005,static,10,10-20,traversable_label,1.2,273,273,0,0,0
a963154b-efda-5817-a7b1-a7c2db53885b,scene-0005,static,10,10-20,potential_label,0.4,882,831,7,7,51
a963154b-efda-5817-a7b1-a7c2db53885b,scene-0005,static,10,10-20,potential_label,0.8,882,878,35,35,4
a963154b-efda-5817-a7b1-a7c2db53885b,scene-0005,static,10,10-20,potential_label,1.2,882,881,94,94,1
a963154b-efda-5817-a7b1-a7c2db53885b,scene-0005,static,10,10-20,nontraversable_label,0.4,2925,2495,133,130,427
a963154b-efda-5817-a7b1-a7c2db53885b,scene-0005,static,10,10-20,nontraversable_label,0.8,2925,2887,700,700,38
a963154b-efda-5817-a7b1-a7c2db53885b,scene-0005,static,10,10-20,nontraversable_label,1.2,2925,2908,1373,1373,17
a963154b-efda-5817-a7b1-a7c2db53885b,scene-0005,static,10,10-20,near_ground_geometry,0.4,470,409,0,0,61
a963154b-efda-5817-a7b1-a7c2db53885b,scene-0005,static,10,10-20,near_ground_geometry,0.8,470,469,0,0,1
a963154b-efda-5817-a7b1-a7c2db53885b,scene-0005,static,10,10-20,near_ground_geometry,1.2,470,470,1,1,0
a963154b-efda-5817-a7b1-a7c2db53885b,scene-0005,static,10,10-20,raised_geometry,0.4,37,22,0,0,15
a963154b-efda-5817-a7b1-a7c2db53885b,scene-0005,static,10,10-20,raised_geometry,0.8,37,33,0,0,4
a963154b-efda-5817-a7b1-a7c2db53885b,scene-0005,static,10,10-20,raised_geometry,1.2,37,37,0,0,0
a963154b-efda-5817-a7b1-a7c2db53885b,scene-0005,static,10,20-30,traversable_label,0.4,128,64,0,0,64
a963154b-efda-5817-a7b1-a7c2db53885b,scene-0005,static,10,20-30,traversable_label,0.8,128,123,0,0,5
a963154b-efda-5817-a7b1-a7c2db53885b,scene-0005,static,10,20-30,traversable_label,1.2,128,128,0,0,0
a963154b-efda-5817-a7b1-a7c2db53885b,scene-0005,static,10,20-30,potential_label,0.4,636,423,6,6,213
a963154b-efda-5817-a7b1-a7c2db53885b,scene-0005,static,10,20-30,potential_label,0.8,636,609,28,28,27
a963154b-efda-5817-a7b1-a7c2db53885b,scene-0005,static,10,20-30,potential_label,1.2,636,634,65,65,2
a963154b-efda-5817-a7b1-a7c2db53885b,scene-0005,static,10,20-30,nontraversable_label,0.4,2406,1899,95,90,502
a963154b-efda-5817-a7b1-a7c2db53885b,scene-0005,static,10,20-30,nontraversable_label,0.8,2406,2340,505,504,65
a963154b-efda-5817-a7b1-a7c2db53885b,scene-0005,static,10,20-30,nontraversable_label,1.2,2406,2379,1040,1037,24
a963154b-efda-5817-a7b1-a7c2db53885b,scene-0005,static,10,20-30,near_ground_geometry,0.4,284,148,0,0,136
a963154b-efda-5817-a7b1-a7c2db53885b,scene-0005,static,10,20-30,near_ground_geometry,0.8,284,276,0,0,8
a963154b-efda-5817-a7b1-a7c2db53885b,scene-0005,static,10,20-30,near_ground_geometry,1.2,284,284,0,0,0
a963154b-efda-5817-a7b1-a7c2db53885b,scene-0005,static,10,20-30,raised_geometry,0.4,1,1,0,0,0
a963154b-efda-5817-a7b1-a7c2db53885b,scene-0005,static,10,20-30,raised_geometry,0.8,1,1,0,0,0
a963154b-efda-5817-a7b1-a7c2db53885b,scene-0005,static,10,20-30,raised_geometry,1.2,1,1,0,0,0
a963154b-efda-5817-a7b1-a7c2db53885b,scene-0005,static,10,30-40,traversable_label,0.4,63,23,0,0,40
a963154b-efda-5817-a7b1-a7c2db53885b,scene-0005,static,10,30-40,traversable_label,0.8,63,54,0,0,9
a963154b-efda-5817-a7b1-a7c2db53885b,scene-0005,static,10,30-40,traversable_label,1.2,63,62,0,0,1
a963154b-efda-5817-a7b1-a7c2db53885b,scene-0005,static,10,30-40,potential_label,0.4,311,155,0,0,156
a963154b-efda-5817-a7b1-a7c2db53885b,scene-0005,static,10,30-40,potential_label,0.8,311,277,6,6,34
a963154b-efda-5817-a7b1-a7c2db53885b,scene-0005,static,10,30-40,potential_label,1.2,311,301,21,21,10
a963154b-efda-5817-a7b1-a7c2db53885b,scene-0005,static,10,30-40,nontraversable_label,0.4,1567,960,43,37,601
a963154b-efda-5817-a7b1-a7c2db53885b,scene-0005,static,10,30-40,nontraversable_label,0.8,1567,1388,252,248,175
a963154b-efda-5817-a7b1-a7c2db53885b,scene-0005,static,10,30-40,nontraversable_label,1.2,1567,1499,542,538,64
a963154b-efda-5817-a7b1-a7c2db53885b,scene-0005,static,10,30-40,near_ground_geometry,0.4,184,76,0,0,108
a963154b-efda-5817-a7b1-a7c2db53885b,scene-0005,static,10,30-40,near_ground_geometry,0.8,184,163,0,0,21
a963154b-efda-5817-a7b1-a7c2db53885b,scene-0005,static,10,30-40,near_ground_geometry,1.2,184,181,0,0,3
a963154b-efda-5817-a7b1-a7c2db53885b,scene-0005,static,10,30-40,raised_geometry,0.4,2,0,0,0,2
a963154b-efda-5817-a7b1-a7c2db53885b,scene-0005,static,10,30-40,raised_geometry,0.8,2,0,0,0,2
a963154b-efda-5817-a7b1-a7c2db53885b,scene-0005,static,10,30-40,raised_geometry,1.2,2,2,0,0,0
a963154b-efda-5817-a7b1-a7c2db53885b,scene-0005,static,20,2-10,traversable_label,0.4,181,169,5,5,12
a963154b-efda-5817-a7b1-a7c2db53885b,scene-0005,static,20,2-10,traversable_label,0.8,181,181,36,36,0
a963154b-efda-5817-a7b1-a7c2db53885b,scene-0005,static,20,2-10,traversable_label,1.2,181,181,48,48,0
a963154b-efda-5817-a7b1-a7c2db53885b,scene-0005,static,20,2-10,potential_label,0.4,641,622,1,1,19
a963154b-efda-5817-a7b1-a7c2db53885b,scene-0005,static,20,2-10,potential_label,0.8,641,640,21,21,1
a963154b-efda-5817-a7b1-a7c2db53885b,scene-0005,static,20,2-10,potential_label,1.2,641,640,77,77,1
a963154b-efda-5817-a7b1-a7c2db53885b,scene-0005,static,20,2-10,nontraversable_label,0.4,4242,3903,119,119,339
a963154b-efda-5817-a7b1-a7c2db53885b,scene-0005,static,20,2-10,nontraversable_label,0.8,4242,4232,681,681,10
a963154b-efda-5817-a7b1-a7c2db53885b,scene-0005,static,20,2-10,nontraversable_label,1.2,4242,4240,1522,1522,2
a963154b-efda-5817-a7b1-a7c2db53885b,scene-0005,static,20,2-10,near_ground_geometry,0.4,344,344,0,0,0
a963154b-efda-5817-a7b1-a7c2db53885b,scene-0005,static,20,2-10,near_ground_geometry,0.8,344,344,7,7,0
a963154b-efda-5817-a7b1-a7c2db53885b,scene-0005,static,20,2-10,near_ground_geometry,1.2,344,344,27,27,0
a963154b-efda-5817-a7b1-a7c2db53885b,scene-0005,static,20,2-10,raised_geometry,0.4,41,29,6,6,12
a963154b-efda-5817-a7b1-a7c2db53885b,scene-0005,static,20,2-10,raised_geometry,0.8,41,41,27,27,0
a963154b-efda-5817-a7b1-a7c2db53885b,scene-0005,static,20,2-10,raised_geometry,1.2,41,41,29,29,0
a963154b-efda-5817-a7b1-a7c2db53885b,scene-0005,static,20,10-20,traversable_label,0.4,273,222,0,0,51
a963154b-efda-5817-a7b1-a7c2db53885b,scene-0005,static,20,10-20,traversable_label,0.8,273,268,0,0,5
a963154b-efda-5817-a7b1-a7c2db53885b,scene-0005,static,20,10-20,traversable_label,1.2,273,273,0,0,0
a963154b-efda-5817-a7b1-a7c2db53885b,scene-0005,static,20,10-20,potential_label,0.4,882,831,7,7,51
a963154b-efda-5817-a7b1-a7c2db53885b,scene-0005,static,20,10-20,potential_label,0.8,882,878,35,35,4
a963154b-efda-5817-a7b1-a7c2db53885b,scene-0005,static,20,10-20,potential_label,1.2,882,881,94,94,1
a963154b-efda-5817-a7b1-a7c2db53885b,scene-0005,static,20,10-20,nontraversable_label,0.4,3487,2937,133,130,547
a963154b-efda-5817-a7b1-a7c2db53885b,scene-0005,static,20,10-20,nontraversable_label,0.8,3487,3437,700,700,50
a963154b-efda-5817-a7b1-a7c2db53885b,scene-0005,static,20,10-20,nontraversable_label,1.2,3487,3466,1381,1381,21
a963154b-efda-5817-a7b1-a7c2db53885b,scene-0005,static,20,10-20,near_ground_geometry,0.4,470,409,0,0,61
a963154b-efda-5817-a7b1-a7c2db53885b,scene-0005,static,20,10-20,near_ground_geometry,0.8,470,469,0,0,1
a963154b-efda-5817-a7b1-a7c2db53885b,scene-0005,static,20,10-20,near_ground_geometry,1.2,470,470,1,1,0
a963154b-efda-5817-a7b1-a7c2db53885b,scene-0005,static,20,10-20,raised_geometry,0.4,37,22,0,0,15
a963154b-efda-5817-a7b1-a7c2db53885b,scene-0005,static,20,10-20,raised_geometry,0.8,37,33,0,0,4
a963154b-efda-5817-a7b1-a7c2db53885b,scene-0005,static,20,10-20,raised_geometry,1.2,37,37,0,0,0
a963154b-efda-5817-a7b1-a7c2db53885b,scene-0005,static,20,20-30,traversable_label,0.4,128,64,0,0,64
a963154b-efda-5817-a7b1-a7c2db53885b,scene-0005,static,20,20-30,traversable_label,0.8,128,123,0,0,5
a963154b-efda-5817-a7b1-a7c2db53885b,scene-0005,static,20,20-30,traversable_label,1.2,128,128,0,0,0
a963154b-efda-5817-a7b1-a7c2db53885b,scene-0005,static,20,20-30,potential_label,0.4,636,423,6,6,213
a963154b-efda-5817-a7b1-a7c2db53885b,scene-0005,static,20,20-30,potential_label,0.8,636,609,28,28,27
a963154b-efda-5817-a7b1-a7c2db53885b,scene-0005,static,20,20-30,potential_label,1.2,636,634,65,65,2
a963154b-efda-5817-a7b1-a7c2db53885b,scene-0005,static,20,20-30,nontraversable_label,0.4,2439,1923,95,90,511
a963154b-efda-5817-a7b1-a7c2db53885b,scene-0005,static,20,20-30,nontraversable_label,0.8,2439,2373,508,507,65
a963154b-efda-5817-a7b1-a7c2db53885b,scene-0005,static,20,20-30,nontraversable_label,1.2,2439,2412,1046,1043,24
a963154b-efda-5817-a7b1-a7c2db53885b,scene-0005,static,20,20-30,near_ground_geometry,0.4,284,148,0,0,136
a963154b-efda-5817-a7b1-a7c2db53885b,scene-0005,static,20,20-30,near_ground_geometry,0.8,284,276,0,0,8
a963154b-efda-5817-a7b1-a7c2db53885b,scene-0005,static,20,20-30,near_ground_geometry,1.2,284,284,0,0,0
a963154b-efda-5817-a7b1-a7c2db53885b,scene-0005,static,20,20-30,raised_geometry,0.4,1,1,0,0,0
a963154b-efda-5817-a7b1-a7c2db53885b,scene-0005,static,20,20-30,raised_geometry,0.8,1,1,0,0,0
a963154b-efda-5817-a7b1-a7c2db53885b,scene-0005,static,20,20-30,raised_geometry,1.2,1,1,0,0,0
a963154b-efda-5817-a7b1-a7c2db53885b,scene-0005,static,20,30-40,traversable_label,0.4,63,23,0,0,40
a963154b-efda-5817-a7b1-a7c2db53885b,scene-0005,static,20,30-40,traversable_label,0.8,63,54,0,0,9
a963154b-efda-5817-a7b1-a7c2db53885b,scene-0005,static,20,30-40,traversable_label,1.2,63,62,0,0,1
a963154b-efda-5817-a7b1-a7c2db53885b,scene-0005,static,20,30-40,potential_label,0.4,311,155,0,0,156
a963154b-efda-5817-a7b1-a7c2db53885b,scene-0005,static,20,30-40,potential_label,0.8,311,277,6,6,34
a963154b-efda-5817-a7b1-a7c2db53885b,scene-0005,static,20,30-40,potential_label,1.2,311,301,21,21,10
a963154b-efda-5817-a7b1-a7c2db53885b,scene-0005,static,20,30-40,nontraversable_label,0.4,1567,960,43,37,601
a963154b-efda-5817-a7b1-a7c2db53885b,scene-0005,static,20,30-40,nontraversable_label,0.8,1567,1388,252,248,175
a963154b-efda-5817-a7b1-a7c2db53885b,scene-0005,static,20,30-40,nontraversable_label,1.2,1567,1499,542,538,64
a963154b-efda-5817-a7b1-a7c2db53885b,scene-0005,static,20,30-40,near_ground_geometry,0.4,184,76,0,0,108
a963154b-efda-5817-a7b1-a7c2db53885b,scene-0005,static,20,30-40,near_ground_geometry,0.8,184,163,0,0,21
a963154b-efda-5817-a7b1-a7c2db53885b,scene-0005,static,20,30-40,near_ground_geometry,1.2,184,181,0,0,3
a963154b-efda-5817-a7b1-a7c2db53885b,scene-0005,static,20,30-40,raised_geometry,0.4,2,0,0,0,2
a963154b-efda-5817-a7b1-a7c2db53885b,scene-0005,static,20,30-40,raised_geometry,0.8,2,0,0,0,2
a963154b-efda-5817-a7b1-a7c2db53885b,scene-0005,static,20,30-40,raised_geometry,1.2,2,2,0,0,0
a963154b-efda-5817-a7b1-a7c2db53885b,scene-0005,aligned,10,2-10,traversable_label,0.4,127,117,5,5,10
a963154b-efda-5817-a7b1-a7c2db53885b,scene-0005,aligned,10,2-10,traversable_label,0.8,127,127,27,27,0
a963154b-efda-5817-a7b1-a7c2db53885b,scene-0005,aligned,10,2-10,traversable_label,1.2,127,127,31,31,0
a963154b-efda-5817-a7b1-a7c2db53885b,scene-0005,aligned,10,2-10,potential_label,0.4,403,384,1,1,19
a963154b-efda-5817-a7b1-a7c2db53885b,scene-0005,aligned,10,2-10,potential_label,0.8,403,402,9,9,1
a963154b-efda-5817-a7b1-a7c2db53885b,scene-0005,aligned,10,2-10,potential_label,1.2,403,402,31,31,1
a963154b-efda-5817-a7b1-a7c2db53885b,scene-0005,aligned,10,2-10,nontraversable_label,0.4,3112,2886,101,101,226
a963154b-efda-5817-a7b1-a7c2db53885b,scene-0005,aligned,10,2-10,nontraversable_label,0.8,3112,3103,579,579,9
a963154b-efda-5817-a7b1-a7c2db53885b,scene-0005,aligned,10,2-10,nontraversable_label,1.2,3112,3110,1224,1224,2
a963154b-efda-5817-a7b1-a7c2db53885b,scene-0005,aligned,10,2-10,near_ground_geometry,0.4,205,205,0,0,0
a963154b-efda-5817-a7b1-a7c2db53885b,scene-0005,aligned,10,2-10,near_ground_geometry,0.8,205,205,0,0,0
a963154b-efda-5817-a7b1-a7c2db53885b,scene-0005,aligned,10,2-10,near_ground_geometry,1.2,205,205,6,6,0
a963154b-efda-5817-a7b1-a7c2db53885b,scene-0005,aligned,10,2-10,raised_geometry,0.4,38,28,6,6,10
a963154b-efda-5817-a7b1-a7c2db53885b,scene-0005,aligned,10,2-10,raised_geometry,0.8,38,38,24,24,0
a963154b-efda-5817-a7b1-a7c2db53885b,scene-0005,aligned,10,2-10,raised_geometry,1.2,38,38,26,26,0
a963154b-efda-5817-a7b1-a7c2db53885b,scene-0005,aligned,10,10-20,traversable_label,0.4,273,222,0,0,51
a963154b-efda-5817-a7b1-a7c2db53885b,scene-0005,aligned,10,10-20,traversable_label,0.8,273,268,0,0,5
a963154b-efda-5817-a7b1-a7c2db53885b,scene-0005,aligned,10,10-20,traversable_label,1.2,273,273,0,0,0
a963154b-efda-5817-a7b1-a7c2db53885b,scene-0005,aligned,10,10-20,potential_label,0.4,882,831,7,7,51
a963154b-efda-5817-a7b1-a7c2db53885b,scene-0005,aligned,10,10-20,potential_label,0.8,882,878,36,36,4
a963154b-efda-5817-a7b1-a7c2db53885b,scene-0005,aligned,10,10-20,potential_label,1.2,882,881,91,91,1
a963154b-efda-5817-a7b1-a7c2db53885b,scene-0005,aligned,10,10-20,nontraversable_label,0.4,2925,2495,129,126,427
a963154b-efda-5817-a7b1-a7c2db53885b,scene-0005,aligned,10,10-20,nontraversable_label,0.8,2925,2887,696,696,38
a963154b-efda-5817-a7b1-a7c2db53885b,scene-0005,aligned,10,10-20,nontraversable_label,1.2,2925,2908,1369,1369,17
a963154b-efda-5817-a7b1-a7c2db53885b,scene-0005,aligned,10,10-20,near_ground_geometry,0.4,470,409,0,0,61
a963154b-efda-5817-a7b1-a7c2db53885b,scene-0005,aligned,10,10-20,near_ground_geometry,0.8,470,469,0,0,1
a963154b-efda-5817-a7b1-a7c2db53885b,scene-0005,aligned,10,10-20,near_ground_geometry,1.2,470,470,1,1,0
a963154b-efda-5817-a7b1-a7c2db53885b,scene-0005,aligned,10,10-20,raised_geometry,0.4,37,22,0,0,15
a963154b-efda-5817-a7b1-a7c2db53885b,scene-0005,aligned,10,10-20,raised_geometry,0.8,37,33,0,0,4
a963154b-efda-5817-a7b1-a7c2db53885b,scene-0005,aligned,10,10-20,raised_geometry,1.2,37,37,0,0,0
a963154b-efda-5817-a7b1-a7c2db53885b,scene-0005,aligned,10,20-30,traversable_label,0.4,128,64,0,0,64
a963154b-efda-5817-a7b1-a7c2db53885b,scene-0005,aligned,10,20-30,traversable_label,0.8,128,123,0,0,5
a963154b-efda-5817-a7b1-a7c2db53885b,scene-0005,aligned,10,20-30,traversable_label,1.2,128,128,0,0,0
a963154b-efda-5817-a7b1-a7c2db53885b,scene-0005,aligned,10,20-30,potential_label,0.4,636,423,6,6,213
a963154b-efda-5817-a7b1-a7c2db53885b,scene-0005,aligned,10,20-30,potential_label,0.8,636,609,30,30,27
a963154b-efda-5817-a7b1-a7c2db53885b,scene-0005,aligned,10,20-30,potential_label,1.2,636,634,65,65,2
a963154b-efda-5817-a7b1-a7c2db53885b,scene-0005,aligned,10,20-30,nontraversable_label,0.4,2406,1899,86,82,503
a963154b-efda-5817-a7b1-a7c2db53885b,scene-0005,aligned,10,20-30,nontraversable_label,0.8,2406,2340,497,496,65
a963154b-efda-5817-a7b1-a7c2db53885b,scene-0005,aligned,10,20-30,nontraversable_label,1.2,2406,2379,1041,1038,24
a963154b-efda-5817-a7b1-a7c2db53885b,scene-0005,aligned,10,20-30,near_ground_geometry,0.4,284,148,0,0,136
a963154b-efda-5817-a7b1-a7c2db53885b,scene-0005,aligned,10,20-30,near_ground_geometry,0.8,284,276,0,0,8
a963154b-efda-5817-a7b1-a7c2db53885b,scene-0005,aligned,10,20-30,near_ground_geometry,1.2,284,284,0,0,0
a963154b-efda-5817-a7b1-a7c2db53885b,scene-0005,aligned,10,20-30,raised_geometry,0.4,1,1,0,0,0
a963154b-efda-5817-a7b1-a7c2db53885b,scene-0005,aligned,10,20-30,raised_geometry,0.8,1,1,0,0,0
a963154b-efda-5817-a7b1-a7c2db53885b,scene-0005,aligned,10,20-30,raised_geometry,1.2,1,1,0,0,0
a963154b-efda-5817-a7b1-a7c2db53885b,scene-0005,aligned,10,30-40,traversable_label,0.4,63,23,0,0,40
a963154b-efda-5817-a7b1-a7c2db53885b,scene-0005,aligned,10,30-40,traversable_label,0.8,63,54,0,0,9
a963154b-efda-5817-a7b1-a7c2db53885b,scene-0005,aligned,10,30-40,traversable_label,1.2,63,62,0,0,1
a963154b-efda-5817-a7b1-a7c2db53885b,scene-0005,aligned,10,30-40,potential_label,0.4,311,155,0,0,156
a963154b-efda-5817-a7b1-a7c2db53885b,scene-0005,aligned,10,30-40,potential_label,0.8,311,277,6,6,34
a963154b-efda-5817-a7b1-a7c2db53885b,scene-0005,aligned,10,30-40,potential_label,1.2,311,301,21,21,10
a963154b-efda-5817-a7b1-a7c2db53885b,scene-0005,aligned,10,30-40,nontraversable_label,0.4,1567,960,44,37,600
a963154b-efda-5817-a7b1-a7c2db53885b,scene-0005,aligned,10,30-40,nontraversable_label,0.8,1567,1388,247,245,177
a963154b-efda-5817-a7b1-a7c2db53885b,scene-0005,aligned,10,30-40,nontraversable_label,1.2,1567,1499,539,536,65
a963154b-efda-5817-a7b1-a7c2db53885b,scene-0005,aligned,10,30-40,near_ground_geometry,0.4,184,76,0,0,108
a963154b-efda-5817-a7b1-a7c2db53885b,scene-0005,aligned,10,30-40,near_ground_geometry,0.8,184,163,0,0,21
a963154b-efda-5817-a7b1-a7c2db53885b,scene-0005,aligned,10,30-40,near_ground_geometry,1.2,184,181,0,0,3
a963154b-efda-5817-a7b1-a7c2db53885b,scene-0005,aligned,10,30-40,raised_geometry,0.4,2,0,0,0,2
a963154b-efda-5817-a7b1-a7c2db53885b,scene-0005,aligned,10,30-40,raised_geometry,0.8,2,0,0,0,2
a963154b-efda-5817-a7b1-a7c2db53885b,scene-0005,aligned,10,30-40,raised_geometry,1.2,2,2,0,0,0
a963154b-efda-5817-a7b1-a7c2db53885b,scene-0005,aligned,20,2-10,traversable_label,0.4,181,169,5,5,12
a963154b-efda-5817-a7b1-a7c2db53885b,scene-0005,aligned,20,2-10,traversable_label,0.8,181,181,35,35,0
a963154b-efda-5817-a7b1-a7c2db53885b,scene-0005,aligned,20,2-10,traversable_label,1.2,181,181,48,48,0
a963154b-efda-5817-a7b1-a7c2db53885b,scene-0005,aligned,20,2-10,potential_label,0.4,641,622,1,1,19
a963154b-efda-5817-a7b1-a7c2db53885b,scene-0005,aligned,20,2-10,potential_label,0.8,641,640,22,22,1
a963154b-efda-5817-a7b1-a7c2db53885b,scene-0005,aligned,20,2-10,potential_label,1.2,641,640,75,75,1
a963154b-efda-5817-a7b1-a7c2db53885b,scene-0005,aligned,20,2-10,nontraversable_label,0.4,4242,3903,119,119,339
a963154b-efda-5817-a7b1-a7c2db53885b,scene-0005,aligned,20,2-10,nontraversable_label,0.8,4242,4232,680,680,10
a963154b-efda-5817-a7b1-a7c2db53885b,scene-0005,aligned,20,2-10,nontraversable_label,1.2,4242,4240,1512,1512,2
a963154b-efda-5817-a7b1-a7c2db53885b,scene-0005,aligned,20,2-10,near_ground_geometry,0.4,344,344,0,0,0
a963154b-efda-5817-a7b1-a7c2db53885b,scene-0005,aligned,20,2-10,near_ground_geometry,0.8,344,344,7,7,0
a963154b-efda-5817-a7b1-a7c2db53885b,scene-0005,aligned,20,2-10,near_ground_geometry,1.2,344,344,27,27,0
a963154b-efda-5817-a7b1-a7c2db53885b,scene-0005,aligned,20,2-10,raised_geometry,0.4,41,29,6,6,12
a963154b-efda-5817-a7b1-a7c2db53885b,scene-0005,aligned,20,2-10,raised_geometry,0.8,41,41,27,27,0
a963154b-efda-5817-a7b1-a7c2db53885b,scene-0005,aligned,20,2-10,raised_geometry,1.2,41,41,29,29,0
a963154b-efda-5817-a7b1-a7c2db53885b,scene-0005,aligned,20,10-20,traversable_label,0.4,273,222,0,0,51
a963154b-efda-5817-a7b1-a7c2db53885b,scene-0005,aligned,20,10-20,traversable_label,0.8,273,268,0,0,5
a963154b-efda-5817-a7b1-a7c2db53885b,scene-0005,aligned,20,10-20,traversable_label,1.2,273,273,0,0,0
a963154b-efda-5817-a7b1-a7c2db53885b,scene-0005,aligned,20,10-20,potential_label,0.4,882,831,7,7,51
a963154b-efda-5817-a7b1-a7c2db53885b,scene-0005,aligned,20,10-20,potential_label,0.8,882,878,36,36,4
a963154b-efda-5817-a7b1-a7c2db53885b,scene-0005,aligned,20,10-20,potential_label,1.2,882,881,91,91,1
a963154b-efda-5817-a7b1-a7c2db53885b,scene-0005,aligned,20,10-20,nontraversable_label,0.4,3487,2937,129,126,547
a963154b-efda-5817-a7b1-a7c2db53885b,scene-0005,aligned,20,10-20,nontraversable_label,0.8,3487,3437,696,696,50
a963154b-efda-5817-a7b1-a7c2db53885b,scene-0005,aligned,20,10-20,nontraversable_label,1.2,3487,3466,1377,1377,21
a963154b-efda-5817-a7b1-a7c2db53885b,scene-0005,aligned,20,10-20,near_ground_geometry,0.4,470,409,0,0,61
a963154b-efda-5817-a7b1-a7c2db53885b,scene-0005,aligned,20,10-20,near_ground_geometry,0.8,470,469,0,0,1
a963154b-efda-5817-a7b1-a7c2db53885b,scene-0005,aligned,20,10-20,near_ground_geometry,1.2,470,470,1,1,0
a963154b-efda-5817-a7b1-a7c2db53885b,scene-0005,aligned,20,10-20,raised_geometry,0.4,37,22,0,0,15
a963154b-efda-5817-a7b1-a7c2db53885b,scene-0005,aligned,20,10-20,raised_geometry,0.8,37,33,0,0,4
a963154b-efda-5817-a7b1-a7c2db53885b,scene-0005,aligned,20,10-20,raised_geometry,1.2,37,37,0,0,0
a963154b-efda-5817-a7b1-a7c2db53885b,scene-0005,aligned,20,20-30,traversable_label,0.4,128,64,0,0,64
a963154b-efda-5817-a7b1-a7c2db53885b,scene-0005,aligned,20,20-30,traversable_label,0.8,128,123,0,0,5
a963154b-efda-5817-a7b1-a7c2db53885b,scene-0005,aligned,20,20-30,traversable_label,1.2,128,128,0,0,0
a963154b-efda-5817-a7b1-a7c2db53885b,scene-0005,aligned,20,20-30,potential_label,0.4,636,423,6,6,213
a963154b-efda-5817-a7b1-a7c2db53885b,scene-0005,aligned,20,20-30,potential_label,0.8,636,609,30,30,27
a963154b-efda-5817-a7b1-a7c2db53885b,scene-0005,aligned,20,20-30,potential_label,1.2,636,634,65,65,2
a963154b-efda-5817-a7b1-a7c2db53885b,scene-0005,aligned,20,20-30,nontraversable_label,0.4,2439,1923,86,82,512
a963154b-efda-5817-a7b1-a7c2db53885b,scene-0005,aligned,20,20-30,nontraversable_label,0.8,2439,2373,499,498,65
a963154b-efda-5817-a7b1-a7c2db53885b,scene-0005,aligned,20,20-30,nontraversable_label,1.2,2439,2412,1047,1044,24
a963154b-efda-5817-a7b1-a7c2db53885b,scene-0005,aligned,20,20-30,near_ground_geometry,0.4,284,148,0,0,136
a963154b-efda-5817-a7b1-a7c2db53885b,scene-0005,aligned,20,20-30,near_ground_geometry,0.8,284,276,0,0,8
a963154b-efda-5817-a7b1-a7c2db53885b,scene-0005,aligned,20,20-30,near_ground_geometry,1.2,284,284,0,0,0
a963154b-efda-5817-a7b1-a7c2db53885b,scene-0005,aligned,20,20-30,raised_geometry,0.4,1,1,0,0,0
a963154b-efda-5817-a7b1-a7c2db53885b,scene-0005,aligned,20,20-30,raised_geometry,0.8,1,1,0,0,0
a963154b-efda-5817-a7b1-a7c2db53885b,scene-0005,aligned,20,20-30,raised_geometry,1.2,1,1,0,0,0
a963154b-efda-5817-a7b1-a7c2db53885b,scene-0005,aligned,20,30-40,traversable_label,0.4,63,23,0,0,40
a963154b-efda-5817-a7b1-a7c2db53885b,scene-0005,aligned,20,30-40,traversable_label,0.8,63,54,0,0,9
a963154b-efda-5817-a7b1-a7c2db53885b,scene-0005,aligned,20,30-40,traversable_label,1.2,63,62,0,0,1
a963154b-efda-5817-a7b1-a7c2db53885b,scene-0005,aligned,20,30-40,potential_label,0.4,311,155,0,0,156
a963154b-efda-5817-a7b1-a7c2db53885b,scene-0005,aligned,20,30-40,potential_label,0.8,311,277,6,6,34
a963154b-efda-5817-a7b1-a7c2db53885b,scene-0005,aligned,20,30-40,potential_label,1.2,311,301,21,21,10
a963154b-efda-5817-a7b1-a7c2db53885b,scene-0005,aligned,20,30-40,nontraversable_label,0.4,1567,960,44,37,600
a963154b-efda-5817-a7b1-a7c2db53885b,scene-0005,aligned,20,30-40,nontraversable_label,0.8,1567,1388,247,245,177
a963154b-efda-5817-a7b1-a7c2db53885b,scene-0005,aligned,20,30-40,nontraversable_label,1.2,1567,1499,539,536,65
a963154b-efda-5817-a7b1-a7c2db53885b,scene-0005,aligned,20,30-40,near_ground_geometry,0.4,184,76,0,0,108
a963154b-efda-5817-a7b1-a7c2db53885b,scene-0005,aligned,20,30-40,near_ground_geometry,0.8,184,163,0,0,21
a963154b-efda-5817-a7b1-a7c2db53885b,scene-0005,aligned,20,30-40,near_ground_geometry,1.2,184,181,0,0,3
a963154b-efda-5817-a7b1-a7c2db53885b,scene-0005,aligned,20,30-40,raised_geometry,0.4,2,0,0,0,2
a963154b-efda-5817-a7b1-a7c2db53885b,scene-0005,aligned,20,30-40,raised_geometry,0.8,2,0,0,0,2
a963154b-efda-5817-a7b1-a7c2db53885b,scene-0005,aligned,20,30-40,raised_geometry,1.2,2,2,0,0,0
a963154b-efda-5817-a7b1-a7c2db53885b,scene-0005,ros_origin,10,2-10,traversable_label,0.4,127,117,5,5,10
a963154b-efda-5817-a7b1-a7c2db53885b,scene-0005,ros_origin,10,2-10,traversable_label,0.8,127,127,22,22,0
a963154b-efda-5817-a7b1-a7c2db53885b,scene-0005,ros_origin,10,2-10,traversable_label,1.2,127,127,30,30,0
a963154b-efda-5817-a7b1-a7c2db53885b,scene-0005,ros_origin,10,2-10,potential_label,0.4,403,384,0,0,19
a963154b-efda-5817-a7b1-a7c2db53885b,scene-0005,ros_origin,10,2-10,potential_label,0.8,403,402,7,7,1
a963154b-efda-5817-a7b1-a7c2db53885b,scene-0005,ros_origin,10,2-10,potential_label,1.2,403,402,42,42,1
a963154b-efda-5817-a7b1-a7c2db53885b,scene-0005,ros_origin,10,2-10,nontraversable_label,0.4,3112,2886,88,86,224
a963154b-efda-5817-a7b1-a7c2db53885b,scene-0005,ros_origin,10,2-10,nontraversable_label,0.8,3112,3103,479,479,9
a963154b-efda-5817-a7b1-a7c2db53885b,scene-0005,ros_origin,10,2-10,nontraversable_label,1.2,3112,3110,1068,1068,2
a963154b-efda-5817-a7b1-a7c2db53885b,scene-0005,ros_origin,10,2-10,near_ground_geometry,0.4,205,205,0,0,0
a963154b-efda-5817-a7b1-a7c2db53885b,scene-0005,ros_origin,10,2-10,near_ground_geometry,0.8,205,205,0,0,0
a963154b-efda-5817-a7b1-a7c2db53885b,scene-0005,ros_origin,10,2-10,near_ground_geometry,1.2,205,205,1,1,0
a963154b-efda-5817-a7b1-a7c2db53885b,scene-0005,ros_origin,10,2-10,raised_geometry,0.4,38,28,3,3,10
a963154b-efda-5817-a7b1-a7c2db53885b,scene-0005,ros_origin,10,2-10,raised_geometry,0.8,38,38,17,17,0
a963154b-efda-5817-a7b1-a7c2db53885b,scene-0005,ros_origin,10,2-10,raised_geometry,1.2,38,38,25,25,0
a963154b-efda-5817-a7b1-a7c2db53885b,scene-0005,ros_origin,10,10-20,traversable_label,0.4,273,222,0,0,51
a963154b-efda-5817-a7b1-a7c2db53885b,scene-0005,ros_origin,10,10-20,traversable_label,0.8,273,268,0,0,5
a963154b-efda-5817-a7b1-a7c2db53885b,scene-0005,ros_origin,10,10-20,traversable_label,1.2,273,273,0,0,0
a963154b-efda-5817-a7b1-a7c2db53885b,scene-0005,ros_origin,10,10-20,potential_label,0.4,882,831,3,3,51
a963154b-efda-5817-a7b1-a7c2db53885b,scene-0005,ros_origin,10,10-20,potential_label,0.8,882,878,34,34,4
a963154b-efda-5817-a7b1-a7c2db53885b,scene-0005,ros_origin,10,10-20,potential_label,1.2,882,881,101,101,1
a963154b-efda-5817-a7b1-a7c2db53885b,scene-0005,ros_origin,10,10-20,nontraversable_label,0.4,2925,2495,108,98,420
a963154b-efda-5817-a7b1-a7c2db53885b,scene-0005,ros_origin,10,10-20,nontraversable_label,0.8,2925,2887,607,606,37
a963154b-efda-5817-a7b1-a7c2db53885b,scene-0005,ros_origin,10,10-20,nontraversable_label,1.2,2925,2908,1246,1246,17
a963154b-efda-5817-a7b1-a7c2db53885b,scene-0005,ros_origin,10,10-20,near_ground_geometry,0.4,470,409,0,0,61
a963154b-efda-5817-a7b1-a7c2db53885b,scene-0005,ros_origin,10,10-20,near_ground_geometry,0.8,470,469,0,0,1
a963154b-efda-5817-a7b1-a7c2db53885b,scene-0005,ros_origin,10,10-20,near_ground_geometry,1.2,470,470,0,0,0
a963154b-efda-5817-a7b1-a7c2db53885b,scene-0005,ros_origin,10,10-20,raised_geometry,0.4,37,22,0,0,15
a963154b-efda-5817-a7b1-a7c2db53885b,scene-0005,ros_origin,10,10-20,raised_geometry,0.8,37,33,0,0,4
a963154b-efda-5817-a7b1-a7c2db53885b,scene-0005,ros_origin,10,10-20,raised_geometry,1.2,37,37,0,0,0
a963154b-efda-5817-a7b1-a7c2db53885b,scene-0005,ros_origin,10,20-30,traversable_label,0.4,128,64,0,0,64
a963154b-efda-5817-a7b1-a7c2db53885b,scene-0005,ros_origin,10,20-30,traversable_label,0.8,128,123,0,0,5
a963154b-efda-5817-a7b1-a7c2db53885b,scene-0005,ros_origin,10,20-30,traversable_label,1.2,128,128,0,0,0
a963154b-efda-5817-a7b1-a7c2db53885b,scene-0005,ros_origin,10,20-30,potential_label,0.4,636,423,4,4,213
a963154b-efda-5817-a7b1-a7c2db53885b,scene-0005,ros_origin,10,20-30,potential_label,0.8,636,609,30,30,27
a963154b-efda-5817-a7b1-a7c2db53885b,scene-0005,ros_origin,10,20-30,potential_label,1.2,636,634,67,67,2
a963154b-efda-5817-a7b1-a7c2db53885b,scene-0005,ros_origin,10,20-30,nontraversable_label,0.4,2406,1899,85,75,497
a963154b-efda-5817-a7b1-a7c2db53885b,scene-0005,ros_origin,10,20-30,nontraversable_label,0.8,2406,2340,483,483,66
a963154b-efda-5817-a7b1-a7c2db53885b,scene-0005,ros_origin,10,20-30,nontraversable_label,1.2,2406,2379,1010,1009,26
a963154b-efda-5817-a7b1-a7c2db53885b,scene-0005,ros_origin,10,20-30,near_ground_geometry,0.4,284,148,0,0,136
a963154b-efda-5817-a7b1-a7c2db53885b,scene-0005,ros_origin,10,20-30,near_ground_geometry,0.8,284,276,0,0,8
a963154b-efda-5817-a7b1-a7c2db53885b,scene-0005,ros_origin,10,20-30,near_ground_geometry,1.2,284,284,0,0,0
a963154b-efda-5817-a7b1-a7c2db53885b,scene-0005,ros_origin,10,20-30,raised_geometry,0.4,1,1,0,0,0
a963154b-efda-5817-a7b1-a7c2db53885b,scene-0005,ros_origin,10,20-30,raised_geometry,0.8,1,1,0,0,0
a963154b-efda-5817-a7b1-a7c2db53885b,scene-0005,ros_origin,10,20-30,raised_geometry,1.2,1,1,0,0,0
a963154b-efda-5817-a7b1-a7c2db53885b,scene-0005,ros_origin,10,30-40,traversable_label,0.4,63,23,0,0,40
a963154b-efda-5817-a7b1-a7c2db53885b,scene-0005,ros_origin,10,30-40,traversable_label,0.8,63,54,0,0,9
a963154b-efda-5817-a7b1-a7c2db53885b,scene-0005,ros_origin,10,30-40,traversable_label,1.2,63,62,0,0,1
a963154b-efda-5817-a7b1-a7c2db53885b,scene-0005,ros_origin,10,30-40,potential_label,0.4,311,155,1,0,155
a963154b-efda-5817-a7b1-a7c2db53885b,scene-0005,ros_origin,10,30-40,potential_label,0.8,311,277,4,3,33
a963154b-efda-5817-a7b1-a7c2db53885b,scene-0005,ros_origin,10,30-40,potential_label,1.2,311,301,12,12,10
a963154b-efda-5817-a7b1-a7c2db53885b,scene-0005,ros_origin,10,30-40,nontraversable_label,0.4,1567,960,35,28,600
a963154b-efda-5817-a7b1-a7c2db53885b,scene-0005,ros_origin,10,30-40,nontraversable_label,0.8,1567,1388,185,181,175
a963154b-efda-5817-a7b1-a7c2db53885b,scene-0005,ros_origin,10,30-40,nontraversable_label,1.2,1567,1499,436,431,63
a963154b-efda-5817-a7b1-a7c2db53885b,scene-0005,ros_origin,10,30-40,near_ground_geometry,0.4,184,76,0,0,108
a963154b-efda-5817-a7b1-a7c2db53885b,scene-0005,ros_origin,10,30-40,near_ground_geometry,0.8,184,163,0,0,21
a963154b-efda-5817-a7b1-a7c2db53885b,scene-0005,ros_origin,10,30-40,near_ground_geometry,1.2,184,181,0,0,3
a963154b-efda-5817-a7b1-a7c2db53885b,scene-0005,ros_origin,10,30-40,raised_geometry,0.4,2,0,0,0,2
a963154b-efda-5817-a7b1-a7c2db53885b,scene-0005,ros_origin,10,30-40,raised_geometry,0.8,2,0,0,0,2
a963154b-efda-5817-a7b1-a7c2db53885b,scene-0005,ros_origin,10,30-40,raised_geometry,1.2,2,2,0,0,0
a963154b-efda-5817-a7b1-a7c2db53885b,scene-0005,ros_origin,20,2-10,traversable_label,0.4,181,169,7,7,12
a963154b-efda-5817-a7b1-a7c2db53885b,scene-0005,ros_origin,20,2-10,traversable_label,0.8,181,181,32,32,0
a963154b-efda-5817-a7b1-a7c2db53885b,scene-0005,ros_origin,20,2-10,traversable_label,1.2,181,181,51,51,0
a963154b-efda-5817-a7b1-a7c2db53885b,scene-0005,ros_origin,20,2-10,potential_label,0.4,641,622,1,1,19
a963154b-efda-5817-a7b1-a7c2db53885b,scene-0005,ros_origin,20,2-10,potential_label,0.8,641,640,26,26,1
a963154b-efda-5817-a7b1-a7c2db53885b,scene-0005,ros_origin,20,2-10,potential_label,1.2,641,640,94,94,1
a963154b-efda-5817-a7b1-a7c2db53885b,scene-0005,ros_origin,20,2-10,nontraversable_label,0.4,4242,3903,100,98,337
a963154b-efda-5817-a7b1-a7c2db53885b,scene-0005,ros_origin,20,2-10,nontraversable_label,0.8,4242,4232,581,581,10
a963154b-efda-5817-a7b1-a7c2db53885b,scene-0005,ros_origin,20,2-10,nontraversable_label,1.2,4242,4240,1290,1290,2
a963154b-efda-5817-a7b1-a7c2db53885b,scene-0005,ros_origin,20,2-10,near_ground_geometry,0.4,344,344,2,2,0
a963154b-efda-5817-a7b1-a7c2db53885b,scene-0005,ros_origin,20,2-10,near_ground_geometry,0.8,344,344,12,12,0
a963154b-efda-5817-a7b1-a7c2db53885b,scene-0005,ros_origin,20,2-10,near_ground_geometry,1.2,344,344,27,27,0
a963154b-efda-5817-a7b1-a7c2db53885b,scene-0005,ros_origin,20,2-10,raised_geometry,0.4,41,29,3,3,12
a963154b-efda-5817-a7b1-a7c2db53885b,scene-0005,ros_origin,20,2-10,raised_geometry,0.8,41,41,17,17,0
a963154b-efda-5817-a7b1-a7c2db53885b,scene-0005,ros_origin,20,2-10,raised_geometry,1.2,41,41,27,27,0
a963154b-efda-5817-a7b1-a7c2db53885b,scene-0005,ros_origin,20,10-20,traversable_label,0.4,273,222,0,0,51
a963154b-efda-5817-a7b1-a7c2db53885b,scene-0005,ros_origin,20,10-20,traversable_label,0.8,273,268,0,0,5
a963154b-efda-5817-a7b1-a7c2db53885b,scene-0005,ros_origin,20,10-20,traversable_label,1.2,273,273,0,0,0
a963154b-efda-5817-a7b1-a7c2db53885b,scene-0005,ros_origin,20,10-20,potential_label,0.4,882,831,3,3,51
a963154b-efda-5817-a7b1-a7c2db53885b,scene-0005,ros_origin,20,10-20,potential_label,0.8,882,878,34,34,4
a963154b-efda-5817-a7b1-a7c2db53885b,scene-0005,ros_origin,20,10-20,potential_label,1.2,882,881,101,101,1
a963154b-efda-5817-a7b1-a7c2db53885b,scene-0005,ros_origin,20,10-20,nontraversable_label,0.4,3487,2937,108,98,540
a963154b-efda-5817-a7b1-a7c2db53885b,scene-0005,ros_origin,20,10-20,nontraversable_label,0.8,3487,3437,607,606,49
a963154b-efda-5817-a7b1-a7c2db53885b,scene-0005,ros_origin,20,10-20,nontraversable_label,1.2,3487,3466,1246,1246,21
a963154b-efda-5817-a7b1-a7c2db53885b,scene-0005,ros_origin,20,10-20,near_ground_geometry,0.4,470,409,0,0,61
a963154b-efda-5817-a7b1-a7c2db53885b,scene-0005,ros_origin,20,10-20,near_ground_geometry,0.8,470,469,0,0,1
a963154b-efda-5817-a7b1-a7c2db53885b,scene-0005,ros_origin,20,10-20,near_ground_geometry,1.2,470,470,0,0,0
a963154b-efda-5817-a7b1-a7c2db53885b,scene-0005,ros_origin,20,10-20,raised_geometry,0.4,37,22,0,0,15
a963154b-efda-5817-a7b1-a7c2db53885b,scene-0005,ros_origin,20,10-20,raised_geometry,0.8,37,33,0,0,4
a963154b-efda-5817-a7b1-a7c2db53885b,scene-0005,ros_origin,20,10-20,raised_geometry,1.2,37,37,0,0,0
a963154b-efda-5817-a7b1-a7c2db53885b,scene-0005,ros_origin,20,20-30,traversable_label,0.4,128,64,0,0,64
a963154b-efda-5817-a7b1-a7c2db53885b,scene-0005,ros_origin,20,20-30,traversable_label,0.8,128,123,0,0,5
a963154b-efda-5817-a7b1-a7c2db53885b,scene-0005,ros_origin,20,20-30,traversable_label,1.2,128,128,0,0,0
a963154b-efda-5817-a7b1-a7c2db53885b,scene-0005,ros_origin,20,20-30,potential_label,0.4,636,423,4,4,213
a963154b-efda-5817-a7b1-a7c2db53885b,scene-0005,ros_origin,20,20-30,potential_label,0.8,636,609,30,30,27
a963154b-efda-5817-a7b1-a7c2db53885b,scene-0005,ros_origin,20,20-30,potential_label,1.2,636,634,67,67,2
a963154b-efda-5817-a7b1-a7c2db53885b,scene-0005,ros_origin,20,20-30,nontraversable_label,0.4,2439,1923,85,75,506
a963154b-efda-5817-a7b1-a7c2db53885b,scene-0005,ros_origin,20,20-30,nontraversable_label,0.8,2439,2373,483,483,66
a963154b-efda-5817-a7b1-a7c2db53885b,scene-0005,ros_origin,20,20-30,nontraversable_label,1.2,2439,2412,1013,1012,26
a963154b-efda-5817-a7b1-a7c2db53885b,scene-0005,ros_origin,20,20-30,near_ground_geometry,0.4,284,148,0,0,136
a963154b-efda-5817-a7b1-a7c2db53885b,scene-0005,ros_origin,20,20-30,near_ground_geometry,0.8,284,276,0,0,8
a963154b-efda-5817-a7b1-a7c2db53885b,scene-0005,ros_origin,20,20-30,near_ground_geometry,1.2,284,284,0,0,0
a963154b-efda-5817-a7b1-a7c2db53885b,scene-0005,ros_origin,20,20-30,raised_geometry,0.4,1,1,0,0,0
a963154b-efda-5817-a7b1-a7c2db53885b,scene-0005,ros_origin,20,20-30,raised_geometry,0.8,1,1,0,0,0
a963154b-efda-5817-a7b1-a7c2db53885b,scene-0005,ros_origin,20,20-30,raised_geometry,1.2,1,1,0,0,0
a963154b-efda-5817-a7b1-a7c2db53885b,scene-0005,ros_origin,20,30-40,traversable_label,0.4,63,23,0,0,40
a963154b-efda-5817-a7b1-a7c2db53885b,scene-0005,ros_origin,20,30-40,traversable_label,0.8,63,54,0,0,9
a963154b-efda-5817-a7b1-a7c2db53885b,scene-0005,ros_origin,20,30-40,traversable_label,1.2,63,62,0,0,1
a963154b-efda-5817-a7b1-a7c2db53885b,scene-0005,ros_origin,20,30-40,potential_label,0.4,311,155,1,0,155
a963154b-efda-5817-a7b1-a7c2db53885b,scene-0005,ros_origin,20,30-40,potential_label,0.8,311,277,4,3,33
a963154b-efda-5817-a7b1-a7c2db53885b,scene-0005,ros_origin,20,30-40,potential_label,1.2,311,301,12,12,10
a963154b-efda-5817-a7b1-a7c2db53885b,scene-0005,ros_origin,20,30-40,nontraversable_label,0.4,1567,960,35,28,600
a963154b-efda-5817-a7b1-a7c2db53885b,scene-0005,ros_origin,20,30-40,nontraversable_label,0.8,1567,1388,185,181,175
a963154b-efda-5817-a7b1-a7c2db53885b,scene-0005,ros_origin,20,30-40,nontraversable_label,1.2,1567,1499,436,431,63
a963154b-efda-5817-a7b1-a7c2db53885b,scene-0005,ros_origin,20,30-40,near_ground_geometry,0.4,184,76,0,0,108
a963154b-efda-5817-a7b1-a7c2db53885b,scene-0005,ros_origin,20,30-40,near_ground_geometry,0.8,184,163,0,0,21
a963154b-efda-5817-a7b1-a7c2db53885b,scene-0005,ros_origin,20,30-40,near_ground_geometry,1.2,184,181,0,0,3
a963154b-efda-5817-a7b1-a7c2db53885b,scene-0005,ros_origin,20,30-40,raised_geometry,0.4,2,0,0,0,2
a963154b-efda-5817-a7b1-a7c2db53885b,scene-0005,ros_origin,20,30-40,raised_geometry,0.8,2,0,0,0,2
a963154b-efda-5817-a7b1-a7c2db53885b,scene-0005,ros_origin,20,30-40,raised_geometry,1.2,2,2,0,0,0
4bee8254-4de1-5800-b929-588ef0e0c4f0,scene-0005,static,10,2-10,traversable_label,0.4,103,96,2,2,7
4bee8254-4de1-5800-b929-588ef0e0c4f0,scene-0005,static,10,2-10,traversable_label,0.8,103,101,12,12,2
4bee8254-4de1-5800-b929-588ef0e0c4f0,scene-0005,static,10,2-10,traversable_label,1.2,103,103,17,17,0
4bee8254-4de1-5800-b929-588ef0e0c4f0,scene-0005,static,10,2-10,potential_label,0.4,416,391,2,2,25
4bee8254-4de1-5800-b929-588ef0e0c4f0,scene-0005,static,10,2-10,potential_label,0.8,416,414,27,27,2
4bee8254-4de1-5800-b929-588ef0e0c4f0,scene-0005,static,10,2-10,potential_label,1.2,416,416,54,54,0
4bee8254-4de1-5800-b929-588ef0e0c4f0,scene-0005,static,10,2-10,nontraversable_label,0.4,3301,3108,133,133,193
4bee8254-4de1-5800-b929-588ef0e0c4f0,scene-0005,static,10,2-10,nontraversable_label,0.8,3301,3293,689,689,8
4bee8254-4de1-5800-b929-588ef0e0c4f0,scene-0005,static,10,2-10,nontraversable_label,1.2,3301,3299,1334,1334,2
4bee8254-4de1-5800-b929-588ef0e0c4f0,scene-0005,static,10,2-10,near_ground_geometry,0.4,227,227,0,0,0
4bee8254-4de1-5800-b929-588ef0e0c4f0,scene-0005,static,10,2-10,near_ground_geometry,0.8,227,227,2,2,0
4bee8254-4de1-5800-b929-588ef0e0c4f0,scene-0005,static,10,2-10,near_ground_geometry,1.2,227,227,8,8,0
4bee8254-4de1-5800-b929-588ef0e0c4f0,scene-0005,static,10,2-10,raised_geometry,0.4,33,21,5,5,12
4bee8254-4de1-5800-b929-588ef0e0c4f0,scene-0005,static,10,2-10,raised_geometry,0.8,33,29,25,25,4
4bee8254-4de1-5800-b929-588ef0e0c4f0,scene-0005,static,10,2-10,raised_geometry,1.2,33,33,32,32,0
4bee8254-4de1-5800-b929-588ef0e0c4f0,scene-0005,static,10,10-20,traversable_label,0.4,295,254,7,7,41
4bee8254-4de1-5800-b929-588ef0e0c4f0,scene-0005,static,10,10-20,traversable_label,0.8,295,294,32,32,1
4bee8254-4de1-5800-b929-588ef0e0c4f0,scene-0005,static,10,10-20,traversable_label,1.2,295,295,52,52,0
4bee8254-4de1-5800-b929-588ef0e0c4f0,scene-0005,static,10,10-20,potential_label,0.4,1058,899,0,0,159
4bee8254-4de1-5800-b929-588ef0e0c4f0,scene-0005,static,10,10-20,potential_label,0.8,1058,1047,26,26,11
4bee8254-4de1-5800-b929-588ef0e0c4f0,scene-0005,static,10,10-20,potential_label,1.2,1058,1054,79,79,4
4bee8254-4de1-5800-b929-588ef0e0c4f0,scene-0005,static,10,10-20,nontraversable_label,0.4,3442,3020,116,115,421
4bee8254-4de1-5800-b929-588ef0e0c4f0,scene-0005,static,10,10-20,nontraversable_label,0.8,3442,3399,594,594,43
4bee8254-4de1-5800-b929-588ef0e0c4f0,scene-0005,static,10,10-20,nontraversable_label,1.2,3442,3420,1121,1121,22
4bee8254-4de1-5800-b929-588ef0e0c4f0,scene-0005,static,10,10-20,near_ground_geometry,0.4,438,373,0,0,65
4bee8254-4de1-5800-b929-588ef0e0c4f0,scene-0005,static,10,10-20,near_ground_geometry,0.8,438,438,0,0,0
4bee8254-4de1-5800-b929-588ef0e0c4f0,scene-0005,static,10,10-20,near_ground_geometry,1.2,438,438,17,17,0
4bee8254-4de1-5800-b929-588ef0e0c4f0,scene-0005,static,10,10-20,raised_geometry,0.4,37,24,7,7,13
4bee8254-4de1-5800-b929-588ef0e0c4f0,scene-0005,static,10,10-20,raised_geometry,0.8,37,36,32,32,1
4bee8254-4de1-5800-b929-588ef0e0c4f0,scene-0005,static,10,10-20,raised_geometry,1.2,37,37,37,37,0
4bee8254-4de1-5800-b929-588ef0e0c4f0,scene-0005,static,10,20-30,traversable_label,0.4,126,53,0,0,73
4bee8254-4de1-5800-b929-588ef0e0c4f0,scene-0005,static,10,20-30,traversable_label,0.8,126,117,0,0,9
4bee8254-4de1-5800-b929-588ef0e0c4f0,scene-0005,static,10,20-30,traversable_label,1.2,126,126,0,0,0
4bee8254-4de1-5800-b929-588ef0e0c4f0,scene-0005,static,10,20-30,potential_label,0.4,787,480,0,0,307
4bee8254-4de1-5800-b929-588ef0e0c4f0,scene-0005,static,10,20-30,potential_label,0.8,787,728,17,17,59
4bee8254-4de1-5800-b929-588ef0e0c4f0,scene-0005,static,10,20-30,potential_label,1.2,787,769,90,90,18
4bee8254-4de1-5800-b929-588ef0e0c4f0,scene-0005,static,10,20-30,nontraversable_label,0.4,2244,1712,70,69,531
4bee8254-4de1-5800-b929-588ef0e0c4f0,scene-0005,static,10,20-30,nontraversable_label,0.8,2244,2176,333,333,68
4bee8254-4de1-5800-b929-588ef0e0c4f0,scene-0005,static,10,20-30,nontraversable_label,1.2,2244,2211,634,634,33
4bee8254-4de1-5800-b929-588ef0e0c4f0,scene-0005,static,10,20-30,near_ground_geometry,0.4,221,70,0,0,151
4bee8254-4de1-5800-b929-588ef0e0c4f0,scene-0005,static,10,20-30,near_ground_geometry,0.8,221,206,0,0,15
4bee8254-4de1-5800-b929-588ef0e0c4f0,scene-0005,static,10,20-30,near_ground_geometry,1.2,221,221,0,0,0
4bee8254-4de1-5800-b929-588ef0e0c4f0,scene-0005,static,10,20-30,raised_geometry,0.4,10,9,0,0,1
4bee8254-4de1-5800-b929-588ef0e0c4f0,scene-0005,static,10,20-30,raised_geometry,0.8,10,10,0,0,0
4bee8254-4de1-5800-b929-588ef0e0c4f0,scene-0005,static,10,20-30,raised_geometry,1.2,10,10,0,0,0
4bee8254-4de1-5800-b929-588ef0e0c4f0,scene-0005,static,10,30-40,traversable_label,0.4,87,22,0,0,65
4bee8254-4de1-5800-b929-588ef0e0c4f0,scene-0005,static,10,30-40,traversable_label,0.8,87,57,0,0,30
4bee8254-4de1-5800-b929-588ef0e0c4f0,scene-0005,static,10,30-40,traversable_label,1.2,87,85,0,0,2
4bee8254-4de1-5800-b929-588ef0e0c4f0,scene-0005,static,10,30-40,potential_label,0.4,263,102,0,0,161
4bee8254-4de1-5800-b929-588ef0e0c4f0,scene-0005,static,10,30-40,potential_label,0.8,263,217,12,12,46
4bee8254-4de1-5800-b929-588ef0e0c4f0,scene-0005,static,10,30-40,potential_label,1.2,263,248,28,28,15
4bee8254-4de1-5800-b929-588ef0e0c4f0,scene-0005,static,10,30-40,nontraversable_label,0.4,1633,1026,67,62,602
4bee8254-4de1-5800-b929-588ef0e0c4f0,scene-0005,static,10,30-40,nontraversable_label,0.8,1633,1494,334,334,139
4bee8254-4de1-5800-b929-588ef0e0c4f0,scene-0005,static,10,30-40,nontraversable_label,1.2,1633,1586,570,570,47
4bee8254-4de1-5800-b929-588ef0e0c4f0,scene-0005,static,10,30-40,near_ground_geometry,0.4,170,46,0,0,124
4bee8254-4de1-5800-b929-588ef0e0c4f0,scene-0005,static,10,30-40,near_ground_geometry,0.8,170,121,0,0,49
4bee8254-4de1-5800-b929-588ef0e0c4f0,scene-0005,static,10,30-40,near_ground_geometry,1.2,170,168,0,0,2
4bee8254-4de1-5800-b929-588ef0e0c4f0,scene-0005,static,10,30-40,raised_geometry,0.4,2,2,0,0,0
4bee8254-4de1-5800-b929-588ef0e0c4f0,scene-0005,static,10,30-40,raised_geometry,0.8,2,2,0,0,0
4bee8254-4de1-5800-b929-588ef0e0c4f0,scene-0005,static,10,30-40,raised_geometry,1.2,2,2,0,0,0
4bee8254-4de1-5800-b929-588ef0e0c4f0,scene-0005,static,20,2-10,traversable_label,0.4,161,153,2,2,8
4bee8254-4de1-5800-b929-588ef0e0c4f0,scene-0005,static,20,2-10,traversable_label,0.8,161,158,14,14,3
4bee8254-4de1-5800-b929-588ef0e0c4f0,scene-0005,static,20,2-10,traversable_label,1.2,161,161,28,28,0
4bee8254-4de1-5800-b929-588ef0e0c4f0,scene-0005,static,20,2-10,potential_label,0.4,637,612,2,2,25
4bee8254-4de1-5800-b929-588ef0e0c4f0,scene-0005,static,20,2-10,potential_label,0.8,637,635,40,40,2
4bee8254-4de1-5800-b929-588ef0e0c4f0,scene-0005,static,20,2-10,potential_label,1.2,637,637,90,90,0
4bee8254-4de1-5800-b929-588ef0e0c4f0,scene-0005,static,20,2-10,nontraversable_label,0.4,4532,4207,152,151,324
4bee8254-4de1-5800-b929-588ef0e0c4f0,scene-0005,static,20,2-10,nontraversable_label,0.8,4532,4519,795,793,11
4bee8254-4de1-5800-b929-588ef0e0c4f0,scene-0005,static,20,2-10,nontraversable_label,1.2,4532,4530,1597,1597,2
4bee8254-4de1-5800-b929-588ef0e0c4f0,scene-0005,static,20,2-10,near_ground_geometry,0.4,366,366,0,0,0
4bee8254-4de1-5800-b929-588ef0e0c4f0,scene-0005,static,20,2-10,near_ground_geometry,0.8,366,366,12,12,0
4bee8254-4de1-5800-b929-588ef0e0c4f0,scene-0005,static,20,2-10,near_ground_geometry,1.2,366,366,41,41,0
4bee8254-4de1-5800-b929-588ef0e0c4f0,scene-0005,static,20,2-10,raised_geometry,0.4,36,22,5,5,14
4bee8254-4de1-5800-b929-588ef0e0c4f0,scene-0005,static,20,2-10,raised_geometry,0.8,36,31,26,26,5
4bee8254-4de1-5800-b929-588ef0e0c4f0,scene-0005,static,20,2-10,raised_geometry,1.2,36,36,35,35,0
4bee8254-4de1-5800-b929-588ef0e0c4f0,scene-0005,static,20,10-20,traversable_label,0.4,295,254,7,7,41
4bee8254-4de1-5800-b929-588ef0e0c4f0,scene-0005,static,20,10-20,traversable_label,0.8,295,294,32,32,1
4bee8254-4de1-5800-b929-588ef0e0c4f0,scene-0005,static,20,10-20,traversable_label,1.2,295,295,52,52,0
4bee8254-4de1-5800-b929-588ef0e0c4f0,scene-0005,static,20,10-20,potential_label,0.4,1058,899,0,0,159
4bee8254-4de1-5800-b929-588ef0e0c4f0,scene-0005,static,20,10-20,potential_label,0.8,1058,1047,26,26,11
4bee8254-4de1-5800-b929-588ef0e0c4f0,scene-0005,static,20,10-20,potential_label,1.2,1058,1054,79,79,4
4bee8254-4de1-5800-b929-588ef0e0c4f0,scene-0005,static,20,10-20,nontraversable_label,0.4,4011,3432,117,116,578
4bee8254-4de1-5800-b929-588ef0e0c4f0,scene-0005,static,20,10-20,nontraversable_label,0.8,4011,3943,606,606,68
4bee8254-4de1-5800-b929-588ef0e0c4f0,scene-0005,static,20,10-20,nontraversable_label,1.2,4011,3980,1152,1152,31
4bee8254-4de1-5800-b929-588ef0e0c4f0,scene-0005,static,20,10-20,near_ground_geometry,0.4,438,373,0,0,65
4bee8254-4de1-5800-b929-588ef0e0c4f0,scene-0005,static,20,10-20,near_ground_geometry,0.8,438,438,0,0,0
4bee8254-4de1-5800-b929-588ef0e0c4f0,scene-0005,static,20,10-20,near_ground_geometry,1.2,438,438,17,17,0
4bee8254-4de1-5800-b929-588ef0e0c4f0,scene-0005,static,20,10-20,raised_geometry,0.4,37,24,7,7,13
4bee8254-4de1-5800-b929-588ef0e0c4f0,scene-0005,static,20,10-20,raised_geometry,0.8,37,36,32,32,1
4bee8254-4de1-5800-b929-588ef0e0c4f0,scene-0005,static,20,10-20,raised_geometry,1.2,37,37,37,37,0
4bee8254-4de1-5800-b929-588ef0e0c4f0,scene-0005,static,20,20-30,traversable_label,0.4,126,53,0,0,73
4bee8254-4de1-5800-b929-588ef0e0c4f0,scene-0005,static,20,20-30,traversable_label,0.8,126,117,0,0,9
4bee8254-4de1-5800-b929-588ef0e0c4f0,scene-0005,static,20,20-30,traversable_label,1.2,126,126,0,0,0
4bee8254-4de1-5800-b929-588ef0e0c4f0,scene-0005,static,20,20-30,potential_label,0.4,787,480,0,0,307
4bee8254-4de1-5800-b929-588ef0e0c4f0,scene-0005,static,20,20-30,potential_label,0.8,787,728,17,17,59
4bee8254-4de1-5800-b929-588ef0e0c4f0,scene-0005,static,20,20-30,potential_label,1.2,787,769,90,90,18
4bee8254-4de1-5800-b929-588ef0e0c4f0,scene-0005,static,20,20-30,nontraversable_label,0.4,2255,1719,70,69,535
4bee8254-4de1-5800-b929-588ef0e0c4f0,scene-0005,static,20,20-30,nontraversable_label,0.8,2255,2186,333,333,69
4bee8254-4de1-5800-b929-588ef0e0c4f0,scene-0005,static,20,20-30,nontraversable_label,1.2,2255,2222,634,634,33
4bee8254-4de1-5800-b929-588ef0e0c4f0,scene-0005,static,20,20-30,near_ground_geometry,0.4,221,70,0,0,151
4bee8254-4de1-5800-b929-588ef0e0c4f0,scene-0005,static,20,20-30,near_ground_geometry,0.8,221,206,0,0,15
4bee8254-4de1-5800-b929-588ef0e0c4f0,scene-0005,static,20,20-30,near_ground_geometry,1.2,221,221,0,0,0
4bee8254-4de1-5800-b929-588ef0e0c4f0,scene-0005,static,20,20-30,raised_geometry,0.4,10,9,0,0,1
4bee8254-4de1-5800-b929-588ef0e0c4f0,scene-0005,static,20,20-30,raised_geometry,0.8,10,10,0,0,0
4bee8254-4de1-5800-b929-588ef0e0c4f0,scene-0005,static,20,20-30,raised_geometry,1.2,10,10,0,0,0
4bee8254-4de1-5800-b929-588ef0e0c4f0,scene-0005,static,20,30-40,traversable_label,0.4,87,22,0,0,65
4bee8254-4de1-5800-b929-588ef0e0c4f0,scene-0005,static,20,30-40,traversable_label,0.8,87,57,0,0,30
4bee8254-4de1-5800-b929-588ef0e0c4f0,scene-0005,static,20,30-40,traversable_label,1.2,87,85,0,0,2
4bee8254-4de1-5800-b929-588ef0e0c4f0,scene-0005,static,20,30-40,potential_label,0.4,263,102,0,0,161
4bee8254-4de1-5800-b929-588ef0e0c4f0,scene-0005,static,20,30-40,potential_label,0.8,263,217,12,12,46
4bee8254-4de1-5800-b929-588ef0e0c4f0,scene-0005,static,20,30-40,potential_label,1.2,263,248,28,28,15
4bee8254-4de1-5800-b929-588ef0e0c4f0,scene-0005,static,20,30-40,nontraversable_label,0.4,1633,1026,67,62,602
4bee8254-4de1-5800-b929-588ef0e0c4f0,scene-0005,static,20,30-40,nontraversable_label,0.8,1633,1494,334,334,139
4bee8254-4de1-5800-b929-588ef0e0c4f0,scene-0005,static,20,30-40,nontraversable_label,1.2,1633,1586,570,570,47
4bee8254-4de1-5800-b929-588ef0e0c4f0,scene-0005,static,20,30-40,near_ground_geometry,0.4,170,46,0,0,124
4bee8254-4de1-5800-b929-588ef0e0c4f0,scene-0005,static,20,30-40,near_ground_geometry,0.8,170,121,0,0,49
4bee8254-4de1-5800-b929-588ef0e0c4f0,scene-0005,static,20,30-40,near_ground_geometry,1.2,170,168,0,0,2
4bee8254-4de1-5800-b929-588ef0e0c4f0,scene-0005,static,20,30-40,raised_geometry,0.4,2,2,0,0,0
4bee8254-4de1-5800-b929-588ef0e0c4f0,scene-0005,static,20,30-40,raised_geometry,0.8,2,2,0,0,0
4bee8254-4de1-5800-b929-588ef0e0c4f0,scene-0005,static,20,30-40,raised_geometry,1.2,2,2,0,0,0
4bee8254-4de1-5800-b929-588ef0e0c4f0,scene-0005,aligned,10,2-10,traversable_label,0.4,103,96,2,2,7
4bee8254-4de1-5800-b929-588ef0e0c4f0,scene-0005,aligned,10,2-10,traversable_label,0.8,103,101,11,11,2
4bee8254-4de1-5800-b929-588ef0e0c4f0,scene-0005,aligned,10,2-10,traversable_label,1.2,103,103,17,17,0
4bee8254-4de1-5800-b929-588ef0e0c4f0,scene-0005,aligned,10,2-10,potential_label,0.4,416,391,2,2,25
4bee8254-4de1-5800-b929-588ef0e0c4f0,scene-0005,aligned,10,2-10,potential_label,0.8,416,414,27,27,2
4bee8254-4de1-5800-b929-588ef0e0c4f0,scene-0005,aligned,10,2-10,potential_label,1.2,416,416,54,54,0
4bee8254-4de1-5800-b929-588ef0e0c4f0,scene-0005,aligned,10,2-10,nontraversable_label,0.4,3301,3108,136,136,193
4bee8254-4de1-5800-b929-588ef0e0c4f0,scene-0005,aligned,10,2-10,nontraversable_label,0.8,3301,3293,686,686,8
4bee8254-4de1-5800-b929-588ef0e0c4f0,scene-0005,aligned,10,2-10,nontraversable_label,1.2,3301,3299,1328,1328,2
4bee8254-4de1-5800-b929-588ef0e0c4f0,scene-0005,aligned,10,2-10,near_ground_geometry,0.4,227,227,0,0,0
4bee8254-4de1-5800-b929-588ef0e0c4f0,scene-0005,aligned,10,2-10,near_ground_geometry,0.8,227,227,2,2,0
4bee8254-4de1-5800-b929-588ef0e0c4f0,scene-0005,aligned,10,2-10,near_ground_geometry,1.2,227,227,8,8,0
4bee8254-4de1-5800-b929-588ef0e0c4f0,scene-0005,aligned,10,2-10,raised_geometry,0.4,33,21,6,6,12
4bee8254-4de1-5800-b929-588ef0e0c4f0,scene-0005,aligned,10,2-10,raised_geometry,0.8,33,29,24,24,4
4bee8254-4de1-5800-b929-588ef0e0c4f0,scene-0005,aligned,10,2-10,raised_geometry,1.2,33,33,32,32,0
4bee8254-4de1-5800-b929-588ef0e0c4f0,scene-0005,aligned,10,10-20,traversable_label,0.4,295,254,8,8,41
4bee8254-4de1-5800-b929-588ef0e0c4f0,scene-0005,aligned,10,10-20,traversable_label,0.8,295,294,33,33,1
4bee8254-4de1-5800-b929-588ef0e0c4f0,scene-0005,aligned,10,10-20,traversable_label,1.2,295,295,53,53,0
4bee8254-4de1-5800-b929-588ef0e0c4f0,scene-0005,aligned,10,10-20,potential_label,0.4,1058,899,0,0,159
4bee8254-4de1-5800-b929-588ef0e0c4f0,scene-0005,aligned,10,10-20,potential_label,0.8,1058,1047,27,27,11
4bee8254-4de1-5800-b929-588ef0e0c4f0,scene-0005,aligned,10,10-20,potential_label,1.2,1058,1054,85,85,4
4bee8254-4de1-5800-b929-588ef0e0c4f0,scene-0005,aligned,10,10-20,nontraversable_label,0.4,3442,3020,120,119,421
4bee8254-4de1-5800-b929-588ef0e0c4f0,scene-0005,aligned,10,10-20,nontraversable_label,0.8,3442,3399,595,595,43
4bee8254-4de1-5800-b929-588ef0e0c4f0,scene-0005,aligned,10,10-20,nontraversable_label,1.2,3442,3420,1115,1115,22
4bee8254-4de1-5800-b929-588ef0e0c4f0,scene-0005,aligned,10,10-20,near_ground_geometry,0.4,438,373,0,0,65
4bee8254-4de1-5800-b929-588ef0e0c4f0,scene-0005,aligned,10,10-20,near_ground_geometry,0.8,438,438,1,1,0
4bee8254-4de1-5800-b929-588ef0e0c4f0,scene-0005,aligned,10,10-20,near_ground_geometry,1.2,438,438,20,20,0
4bee8254-4de1-5800-b929-588ef0e0c4f0,scene-0005,aligned,10,10-20,raised_geometry,0.4,37,24,8,8,13
4bee8254-4de1-5800-b929-588ef0e0c4f0,scene-0005,aligned,10,10-20,raised_geometry,0.8,37,36,32,32,1
4bee8254-4de1-5800-b929-588ef0e0c4f0,scene-0005,aligned,10,10-20,raised_geometry,1.2,37,37,37,37,0
4bee8254-4de1-5800-b929-588ef0e0c4f0,scene-0005,aligned,10,20-30,traversable_label,0.4,126,53,0,0,73
4bee8254-4de1-5800-b929-588ef0e0c4f0,scene-0005,aligned,10,20-30,traversable_label,0.8,126,117,0,0,9
4bee8254-4de1-5800-b929-588ef0e0c4f0,scene-0005,aligned,10,20-30,traversable_label,1.2,126,126,0,0,0
4bee8254-4de1-5800-b929-588ef0e0c4f0,scene-0005,aligned,10,20-30,potential_label,0.4,787,480,0,0,307
4bee8254-4de1-5800-b929-588ef0e0c4f0,scene-0005,aligned,10,20-30,potential_label,0.8,787,728,19,19,59
4bee8254-4de1-5800-b929-588ef0e0c4f0,scene-0005,aligned,10,20-30,potential_label,1.2,787,769,93,93,18
4bee8254-4de1-5800-b929-588ef0e0c4f0,scene-0005,aligned,10,20-30,nontraversable_label,0.4,2244,1712,68,66,530
4bee8254-4de1-5800-b929-588ef0e0c4f0,scene-0005,aligned,10,20-30,nontraversable_label,0.8,2244,2176,335,335,68
4bee8254-4de1-5800-b929-588ef0e0c4f0,scene-0005,aligned,10,20-30,nontraversable_label,1.2,2244,2211,634,634,33
4bee8254-4de1-5800-b929-588ef0e0c4f0,scene-0005,aligned,10,20-30,near_ground_geometry,0.4,221,70,0,0,151
4bee8254-4de1-5800-b929-588ef0e0c4f0,scene-0005,aligned,10,20-30,near_ground_geometry,0.8,221,206,0,0,15
4bee8254-4de1-5800-b929-588ef0e0c4f0,scene-0005,aligned,10,20-30,near_ground_geometry,1.2,221,221,0,0,0
4bee8254-4de1-5800-b929-588ef0e0c4f0,scene-0005,aligned,10,20-30,raised_geometry,0.4,10,9,0,0,1
4bee8254-4de1-5800-b929-588ef0e0c4f0,scene-0005,aligned,10,20-30,raised_geometry,0.8,10,10,0,0,0
4bee8254-4de1-5800-b929-588ef0e0c4f0,scene-0005,aligned,10,20-30,raised_geometry,1.2,10,10,0,0,0
4bee8254-4de1-5800-b929-588ef0e0c4f0,scene-0005,aligned,10,30-40,traversable_label,0.4,87,22,0,0,65
4bee8254-4de1-5800-b929-588ef0e0c4f0,scene-0005,aligned,10,30-40,traversable_label,0.8,87,57,0,0,30
4bee8254-4de1-5800-b929-588ef0e0c4f0,scene-0005,aligned,10,30-40,traversable_label,1.2,87,85,0,0,2
4bee8254-4de1-5800-b929-588ef0e0c4f0,scene-0005,aligned,10,30-40,potential_label,0.4,263,102,1,1,161
4bee8254-4de1-5800-b929-588ef0e0c4f0,scene-0005,aligned,10,30-40,potential_label,0.8,263,217,13,13,46
4bee8254-4de1-5800-b929-588ef0e0c4f0,scene-0005,aligned,10,30-40,potential_label,1.2,263,248,31,31,15
4bee8254-4de1-5800-b929-588ef0e0c4f0,scene-0005,aligned,10,30-40,nontraversable_label,0.4,1633,1026,76,68,599
4bee8254-4de1-5800-b929-588ef0e0c4f0,scene-0005,aligned,10,30-40,nontraversable_label,0.8,1633,1494,341,341,139
4bee8254-4de1-5800-b929-588ef0e0c4f0,scene-0005,aligned,10,30-40,nontraversable_label,1.2,1633,1586,571,571,47
4bee8254-4de1-5800-b929-588ef0e0c4f0,scene-0005,aligned,10,30-40,near_ground_geometry,0.4,170,46,0,0,124
4bee8254-4de1-5800-b929-588ef0e0c4f0,scene-0005,aligned,10,30-40,near_ground_geometry,0.8,170,121,0,0,49
4bee8254-4de1-5800-b929-588ef0e0c4f0,scene-0005,aligned,10,30-40,near_ground_geometry,1.2,170,168,0,0,2
4bee8254-4de1-5800-b929-588ef0e0c4f0,scene-0005,aligned,10,30-40,raised_geometry,0.4,2,2,0,0,0
4bee8254-4de1-5800-b929-588ef0e0c4f0,scene-0005,aligned,10,30-40,raised_geometry,0.8,2,2,0,0,0
4bee8254-4de1-5800-b929-588ef0e0c4f0,scene-0005,aligned,10,30-40,raised_geometry,1.2,2,2,0,0,0
4bee8254-4de1-5800-b929-588ef0e0c4f0,scene-0005,aligned,20,2-10,traversable_label,0.4,161,153,2,2,8
4bee8254-4de1-5800-b929-588ef0e0c4f0,scene-0005,aligned,20,2-10,traversable_label,0.8,161,158,13,13,3
4bee8254-4de1-5800-b929-588ef0e0c4f0,scene-0005,aligned,20,2-10,traversable_label,1.2,161,161,28,28,0
4bee8254-4de1-5800-b929-588ef0e0c4f0,scene-0005,aligned,20,2-10,potential_label,0.4,637,612,2,2,25
4bee8254-4de1-5800-b929-588ef0e0c4f0,scene-0005,aligned,20,2-10,potential_label,0.8,637,635,39,39,2
4bee8254-4de1-5800-b929-588ef0e0c4f0,scene-0005,aligned,20,2-10,potential_label,1.2,637,637,89,89,0
4bee8254-4de1-5800-b929-588ef0e0c4f0,scene-0005,aligned,20,2-10,nontraversable_label,0.4,4532,4207,155,154,324
4bee8254-4de1-5800-b929-588ef0e0c4f0,scene-0005,aligned,20,2-10,nontraversable_label,0.8,4532,4519,792,790,11
4bee8254-4de1-5800-b929-588ef0e0c4f0,scene-0005,aligned,20,2-10,nontraversable_label,1.2,4532,4530,1587,1587,2
4bee8254-4de1-5800-b929-588ef0e0c4f0,scene-0005,aligned,20,2-10,near_ground_geometry,0.4,366,366,0,0,0
4bee8254-4de1-5800-b929-588ef0e0c4f0,scene-0005,aligned,20,2-10,near_ground_geometry,0.8,366,366,12,12,0
4bee8254-4de1-5800-b929-588ef0e0c4f0,scene-0005,aligned,20,2-10,near_ground_geometry,1.2,366,366,40,40,0
4bee8254-4de1-5800-b929-588ef0e0c4f0,scene-0005,aligned,20,2-10,raised_geometry,0.4,36,22,6,6,14
4bee8254-4de1-5800-b929-588ef0e0c4f0,scene-0005,aligned,20,2-10,raised_geometry,0.8,36,31,25,25,5
4bee8254-4de1-5800-b929-588ef0e0c4f0,scene-0005,aligned,20,2-10,raised_geometry,1.2,36,36,35,35,0
4bee8254-4de1-5800-b929-588ef0e0c4f0,scene-0005,aligned,20,10-20,traversable_label,0.4,295,254,8,8,41
4bee8254-4de1-5800-b929-588ef0e0c4f0,scene-0005,aligned,20,10-20,traversable_label,0.8,295,294,33,33,1
4bee8254-4de1-5800-b929-588ef0e0c4f0,scene-0005,aligned,20,10-20,traversable_label,1.2,295,295,53,53,0
4bee8254-4de1-5800-b929-588ef0e0c4f0,scene-0005,aligned,20,10-20,potential_label,0.4,1058,899,0,0,159
4bee8254-4de1-5800-b929-588ef0e0c4f0,scene-0005,aligned,20,10-20,potential_label,0.8,1058,1047,27,27,11
4bee8254-4de1-5800-b929-588ef0e0c4f0,scene-0005,aligned,20,10-20,potential_label,1.2,1058,1054,85,85,4
4bee8254-4de1-5800-b929-588ef0e0c4f0,scene-0005,aligned,20,10-20,nontraversable_label,0.4,4011,3432,121,120,578
4bee8254-4de1-5800-b929-588ef0e0c4f0,scene-0005,aligned,20,10-20,nontraversable_label,0.8,4011,3943,607,607,68
4bee8254-4de1-5800-b929-588ef0e0c4f0,scene-0005,aligned,20,10-20,nontraversable_label,1.2,4011,3980,1146,1146,31
4bee8254-4de1-5800-b929-588ef0e0c4f0,scene-0005,aligned,20,10-20,near_ground_geometry,0.4,438,373,0,0,65
4bee8254-4de1-5800-b929-588ef0e0c4f0,scene-0005,aligned,20,10-20,near_ground_geometry,0.8,438,438,1,1,0
4bee8254-4de1-5800-b929-588ef0e0c4f0,scene-0005,aligned,20,10-20,near_ground_geometry,1.2,438,438,20,20,0
4bee8254-4de1-5800-b929-588ef0e0c4f0,scene-0005,aligned,20,10-20,raised_geometry,0.4,37,24,8,8,13
4bee8254-4de1-5800-b929-588ef0e0c4f0,scene-0005,aligned,20,10-20,raised_geometry,0.8,37,36,32,32,1
4bee8254-4de1-5800-b929-588ef0e0c4f0,scene-0005,aligned,20,10-20,raised_geometry,1.2,37,37,37,37,0
4bee8254-4de1-5800-b929-588ef0e0c4f0,scene-0005,aligned,20,20-30,traversable_label,0.4,126,53,0,0,73
4bee8254-4de1-5800-b929-588ef0e0c4f0,scene-0005,aligned,20,20-30,traversable_label,0.8,126,117,0,0,9
4bee8254-4de1-5800-b929-588ef0e0c4f0,scene-0005,aligned,20,20-30,traversable_label,1.2,126,126,0,0,0
4bee8254-4de1-5800-b929-588ef0e0c4f0,scene-0005,aligned,20,20-30,potential_label,0.4,787,480,0,0,307
4bee8254-4de1-5800-b929-588ef0e0c4f0,scene-0005,aligned,20,20-30,potential_label,0.8,787,728,19,19,59
4bee8254-4de1-5800-b929-588ef0e0c4f0,scene-0005,aligned,20,20-30,potential_label,1.2,787,769,93,93,18
4bee8254-4de1-5800-b929-588ef0e0c4f0,scene-0005,aligned,20,20-30,nontraversable_label,0.4,2255,1719,68,66,534
4bee8254-4de1-5800-b929-588ef0e0c4f0,scene-0005,aligned,20,20-30,nontraversable_label,0.8,2255,2186,335,335,69
4bee8254-4de1-5800-b929-588ef0e0c4f0,scene-0005,aligned,20,20-30,nontraversable_label,1.2,2255,2222,634,634,33
4bee8254-4de1-5800-b929-588ef0e0c4f0,scene-0005,aligned,20,20-30,near_ground_geometry,0.4,221,70,0,0,151
4bee8254-4de1-5800-b929-588ef0e0c4f0,scene-0005,aligned,20,20-30,near_ground_geometry,0.8,221,206,0,0,15
4bee8254-4de1-5800-b929-588ef0e0c4f0,scene-0005,aligned,20,20-30,near_ground_geometry,1.2,221,221,0,0,0
4bee8254-4de1-5800-b929-588ef0e0c4f0,scene-0005,aligned,20,20-30,raised_geometry,0.4,10,9,0,0,1
4bee8254-4de1-5800-b929-588ef0e0c4f0,scene-0005,aligned,20,20-30,raised_geometry,0.8,10,10,0,0,0
4bee8254-4de1-5800-b929-588ef0e0c4f0,scene-0005,aligned,20,20-30,raised_geometry,1.2,10,10,0,0,0
4bee8254-4de1-5800-b929-588ef0e0c4f0,scene-0005,aligned,20,30-40,traversable_label,0.4,87,22,0,0,65
4bee8254-4de1-5800-b929-588ef0e0c4f0,scene-0005,aligned,20,30-40,traversable_label,0.8,87,57,0,0,30
4bee8254-4de1-5800-b929-588ef0e0c4f0,scene-0005,aligned,20,30-40,traversable_label,1.2,87,85,0,0,2
4bee8254-4de1-5800-b929-588ef0e0c4f0,scene-0005,aligned,20,30-40,potential_label,0.4,263,102,1,1,161
4bee8254-4de1-5800-b929-588ef0e0c4f0,scene-0005,aligned,20,30-40,potential_label,0.8,263,217,13,13,46
4bee8254-4de1-5800-b929-588ef0e0c4f0,scene-0005,aligned,20,30-40,potential_label,1.2,263,248,31,31,15
4bee8254-4de1-5800-b929-588ef0e0c4f0,scene-0005,aligned,20,30-40,nontraversable_label,0.4,1633,1026,76,68,599
4bee8254-4de1-5800-b929-588ef0e0c4f0,scene-0005,aligned,20,30-40,nontraversable_label,0.8,1633,1494,341,341,139
4bee8254-4de1-5800-b929-588ef0e0c4f0,scene-0005,aligned,20,30-40,nontraversable_label,1.2,1633,1586,571,571,47
4bee8254-4de1-5800-b929-588ef0e0c4f0,scene-0005,aligned,20,30-40,near_ground_geometry,0.4,170,46,0,0,124
4bee8254-4de1-5800-b929-588ef0e0c4f0,scene-0005,aligned,20,30-40,near_ground_geometry,0.8,170,121,0,0,49
4bee8254-4de1-5800-b929-588ef0e0c4f0,scene-0005,aligned,20,30-40,near_ground_geometry,1.2,170,168,0,0,2
4bee8254-4de1-5800-b929-588ef0e0c4f0,scene-0005,aligned,20,30-40,raised_geometry,0.4,2,2,0,0,0
4bee8254-4de1-5800-b929-588ef0e0c4f0,scene-0005,aligned,20,30-40,raised_geometry,0.8,2,2,0,0,0
4bee8254-4de1-5800-b929-588ef0e0c4f0,scene-0005,aligned,20,30-40,raised_geometry,1.2,2,2,0,0,0
4bee8254-4de1-5800-b929-588ef0e0c4f0,scene-0005,ros_origin,10,2-10,traversable_label,0.4,103,96,2,2,7
4bee8254-4de1-5800-b929-588ef0e0c4f0,scene-0005,ros_origin,10,2-10,traversable_label,0.8,103,101,10,10,2
4bee8254-4de1-5800-b929-588ef0e0c4f0,scene-0005,ros_origin,10,2-10,traversable_label,1.2,103,103,18,18,0
4bee8254-4de1-5800-b929-588ef0e0c4f0,scene-0005,ros_origin,10,2-10,potential_label,0.4,416,391,1,1,25
4bee8254-4de1-5800-b929-588ef0e0c4f0,scene-0005,ros_origin,10,2-10,potential_label,0.8,416,414,23,23,2
4bee8254-4de1-5800-b929-588ef0e0c4f0,scene-0005,ros_origin,10,2-10,potential_label,1.2,416,416,49,49,0
4bee8254-4de1-5800-b929-588ef0e0c4f0,scene-0005,ros_origin,10,2-10,nontraversable_label,0.4,3301,3108,104,102,191
4bee8254-4de1-5800-b929-588ef0e0c4f0,scene-0005,ros_origin,10,2-10,nontraversable_label,0.8,3301,3293,564,563,7
4bee8254-4de1-5800-b929-588ef0e0c4f0,scene-0005,ros_origin,10,2-10,nontraversable_label,1.2,3301,3299,1165,1165,2
4bee8254-4de1-5800-b929-588ef0e0c4f0,scene-0005,ros_origin,10,2-10,near_ground_geometry,0.4,227,227,0,0,0
4bee8254-4de1-5800-b929-588ef0e0c4f0,scene-0005,ros_origin,10,2-10,near_ground_geometry,0.8,227,227,0,0,0
4bee8254-4de1-5800-b929-588ef0e0c4f0,scene-0005,ros_origin,10,2-10,near_ground_geometry,1.2,227,227,4,4,0
4bee8254-4de1-5800-b929-588ef0e0c4f0,scene-0005,ros_origin,10,2-10,raised_geometry,0.4,33,21,4,3,11
4bee8254-4de1-5800-b929-588ef0e0c4f0,scene-0005,ros_origin,10,2-10,raised_geometry,0.8,33,29,17,16,3
4bee8254-4de1-5800-b929-588ef0e0c4f0,scene-0005,ros_origin,10,2-10,raised_geometry,1.2,33,33,32,32,0
4bee8254-4de1-5800-b929-588ef0e0c4f0,scene-0005,ros_origin,10,10-20,traversable_label,0.4,295,254,9,9,41
4bee8254-4de1-5800-b929-588ef0e0c4f0,scene-0005,ros_origin,10,10-20,traversable_label,0.8,295,294,43,43,1
4bee8254-4de1-5800-b929-588ef0e0c4f0,scene-0005,ros_origin,10,10-20,traversable_label,1.2,295,295,67,67,0
4bee8254-4de1-5800-b929-588ef0e0c4f0,scene-0005,ros_origin,10,10-20,potential_label,0.4,1058,899,2,2,159
4bee8254-4de1-5800-b929-588ef0e0c4f0,scene-0005,ros_origin,10,10-20,potential_label,0.8,1058,1047,28,28,11
4bee8254-4de1-5800-b929-588ef0e0c4f0,scene-0005,ros_origin,10,10-20,potential_label,1.2,1058,1054,101,101,4
4bee8254-4de1-5800-b929-588ef0e0c4f0,scene-0005,ros_origin,10,10-20,nontraversable_label,0.4,3442,3020,107,103,418
4bee8254-4de1-5800-b929-588ef0e0c4f0,scene-0005,ros_origin,10,10-20,nontraversable_label,0.8,3442,3399,515,515,43
4bee8254-4de1-5800-b929-588ef0e0c4f0,scene-0005,ros_origin,10,10-20,nontraversable_label,1.2,3442,3420,1024,1024,22
4bee8254-4de1-5800-b929-588ef0e0c4f0,scene-0005,ros_origin,10,10-20,near_ground_geometry,0.4,438,373,2,2,65
4bee8254-4de1-5800-b929-588ef0e0c4f0,scene-0005,ros_origin,10,10-20,near_ground_geometry,0.8,438,438,13,13,0
4bee8254-4de1-5800-b929-588ef0e0c4f0,scene-0005,ros_origin,10,10-20,near_ground_geometry,1.2,438,438,40,40,0
4bee8254-4de1-5800-b929-588ef0e0c4f0,scene-0005,ros_origin,10,10-20,raised_geometry,0.4,37,24,7,7,13
4bee8254-4de1-5800-b929-588ef0e0c4f0,scene-0005,ros_origin,10,10-20,raised_geometry,0.8,37,36,28,28,1
4bee8254-4de1-5800-b929-588ef0e0c4f0,scene-0005,ros_origin,10,10-20,raised_geometry,1.2,37,37,37,37,0
4bee8254-4de1-5800-b929-588ef0e0c4f0,scene-0005,ros_origin,10,20-30,traversable_label,0.4,126,53,0,0,73
4bee8254-4de1-5800-b929-588ef0e0c4f0,scene-0005,ros_origin,10,20-30,traversable_label,0.8,126,117,0,0,9
4bee8254-4de1-5800-b929-588ef0e0c4f0,scene-0005,ros_origin,10,20-30,traversable_label,1.2,126,126,0,0,0
4bee8254-4de1-5800-b929-588ef0e0c4f0,scene-0005,ros_origin,10,20-30,potential_label,0.4,787,480,0,0,307
4bee8254-4de1-5800-b929-588ef0e0c4f0,scene-0005,ros_origin,10,20-30,potential_label,0.8,787,728,11,11,59
4bee8254-4de1-5800-b929-588ef0e0c4f0,scene-0005,ros_origin,10,20-30,potential_label,1.2,787,769,66,66,18
4bee8254-4de1-5800-b929-588ef0e0c4f0,scene-0005,ros_origin,10,20-30,nontraversable_label,0.4,2244,1712,45,38,525
4bee8254-4de1-5800-b929-588ef0e0c4f0,scene-0005,ros_origin,10,20-30,nontraversable_label,0.8,2244,2176,249,249,68
4bee8254-4de1-5800-b929-588ef0e0c4f0,scene-0005,ros_origin,10,20-30,nontraversable_label,1.2,2244,2211,569,569,33
4bee8254-4de1-5800-b929-588ef0e0c4f0,scene-0005,ros_origin,10,20-30,near_ground_geometry,0.4,221,70,0,0,151
4bee8254-4de1-5800-b929-588ef0e0c4f0,scene-0005,ros_origin,10,20-30,near_ground_geometry,0.8,221,206,0,0,15
4bee8254-4de1-5800-b929-588ef0e0c4f0,scene-0005,ros_origin,10,20-30,near_ground_geometry,1.2,221,221,0,0,0
4bee8254-4de1-5800-b929-588ef0e0c4f0,scene-0005,ros_origin,10,20-30,raised_geometry,0.4,10,9,0,0,1
4bee8254-4de1-5800-b929-588ef0e0c4f0,scene-0005,ros_origin,10,20-30,raised_geometry,0.8,10,10,0,0,0
4bee8254-4de1-5800-b929-588ef0e0c4f0,scene-0005,ros_origin,10,20-30,raised_geometry,1.2,10,10,0,0,0
4bee8254-4de1-5800-b929-588ef0e0c4f0,scene-0005,ros_origin,10,30-40,traversable_label,0.4,87,22,0,0,65
4bee8254-4de1-5800-b929-588ef0e0c4f0,scene-0005,ros_origin,10,30-40,traversable_label,0.8,87,57,0,0,30
4bee8254-4de1-5800-b929-588ef0e0c4f0,scene-0005,ros_origin,10,30-40,traversable_label,1.2,87,85,0,0,2
4bee8254-4de1-5800-b929-588ef0e0c4f0,scene-0005,ros_origin,10,30-40,potential_label,0.4,263,102,0,0,161
4bee8254-4de1-5800-b929-588ef0e0c4f0,scene-0005,ros_origin,10,30-40,potential_label,0.8,263,217,4,4,46
4bee8254-4de1-5800-b929-588ef0e0c4f0,scene-0005,ros_origin,10,30-40,potential_label,1.2,263,248,29,29,15
4bee8254-4de1-5800-b929-588ef0e0c4f0,scene-0005,ros_origin,10,30-40,nontraversable_label,0.4,1633,1026,47,34,594
4bee8254-4de1-5800-b929-588ef0e0c4f0,scene-0005,ros_origin,10,30-40,nontraversable_label,0.8,1633,1494,251,251,139
4bee8254-4de1-5800-b929-588ef0e0c4f0,scene-0005,ros_origin,10,30-40,nontraversable_label,1.2,1633,1586,498,498,47
4bee8254-4de1-5800-b929-588ef0e0c4f0,scene-0005,ros_origin,10,30-40,near_ground_geometry,0.4,170,46,0,0,124
4bee8254-4de1-5800-b929-588ef0e0c4f0,scene-0005,ros_origin,10,30-40,near_ground_geometry,0.8,170,121,0,0,49
4bee8254-4de1-5800-b929-588ef0e0c4f0,scene-0005,ros_origin,10,30-40,near_ground_geometry,1.2,170,168,0,0,2
4bee8254-4de1-5800-b929-588ef0e0c4f0,scene-0005,ros_origin,10,30-40,raised_geometry,0.4,2,2,0,0,0
4bee8254-4de1-5800-b929-588ef0e0c4f0,scene-0005,ros_origin,10,30-40,raised_geometry,0.8,2,2,0,0,0
4bee8254-4de1-5800-b929-588ef0e0c4f0,scene-0005,ros_origin,10,30-40,raised_geometry,1.2,2,2,0,0,0
4bee8254-4de1-5800-b929-588ef0e0c4f0,scene-0005,ros_origin,20,2-10,traversable_label,0.4,161,153,3,3,8
4bee8254-4de1-5800-b929-588ef0e0c4f0,scene-0005,ros_origin,20,2-10,traversable_label,0.8,161,158,15,15,3
4bee8254-4de1-5800-b929-588ef0e0c4f0,scene-0005,ros_origin,20,2-10,traversable_label,1.2,161,161,30,30,0
4bee8254-4de1-5800-b929-588ef0e0c4f0,scene-0005,ros_origin,20,2-10,potential_label,0.4,637,612,1,1,25
4bee8254-4de1-5800-b929-588ef0e0c4f0,scene-0005,ros_origin,20,2-10,potential_label,0.8,637,635,32,32,2
4bee8254-4de1-5800-b929-588ef0e0c4f0,scene-0005,ros_origin,20,2-10,potential_label,1.2,637,637,81,81,0
4bee8254-4de1-5800-b929-588ef0e0c4f0,scene-0005,ros_origin,20,2-10,nontraversable_label,0.4,4532,4207,127,125,323
4bee8254-4de1-5800-b929-588ef0e0c4f0,scene-0005,ros_origin,20,2-10,nontraversable_label,0.8,4532,4519,686,684,11
4bee8254-4de1-5800-b929-588ef0e0c4f0,scene-0005,ros_origin,20,2-10,nontraversable_label,1.2,4532,4530,1434,1434,2
4bee8254-4de1-5800-b929-588ef0e0c4f0,scene-0005,ros_origin,20,2-10,near_ground_geometry,0.4,366,366,3,3,0
4bee8254-4de1-5800-b929-588ef0e0c4f0,scene-0005,ros_origin,20,2-10,near_ground_geometry,0.8,366,366,16,16,0
4bee8254-4de1-5800-b929-588ef0e0c4f0,scene-0005,ros_origin,20,2-10,near_ground_geometry,1.2,366,366,37,37,0
4bee8254-4de1-5800-b929-588ef0e0c4f0,scene-0005,ros_origin,20,2-10,raised_geometry,0.4,36,22,4,3,13
4bee8254-4de1-5800-b929-588ef0e0c4f0,scene-0005,ros_origin,20,2-10,raised_geometry,0.8,36,31,17,16,4
4bee8254-4de1-5800-b929-588ef0e0c4f0,scene-0005,ros_origin,20,2-10,raised_geometry,1.2,36,36,33,33,0
4bee8254-4de1-5800-b929-588ef0e0c4f0,scene-0005,ros_origin,20,10-20,traversable_label,0.4,295,254,9,9,41
4bee8254-4de1-5800-b929-588ef0e0c4f0,scene-0005,ros_origin,20,10-20,traversable_label,0.8,295,294,43,43,1
4bee8254-4de1-5800-b929-588ef0e0c4f0,scene-0005,ros_origin,20,10-20,traversable_label,1.2,295,295,67,67,0
4bee8254-4de1-5800-b929-588ef0e0c4f0,scene-0005,ros_origin,20,10-20,potential_label,0.4,1058,899,2,2,159
4bee8254-4de1-5800-b929-588ef0e0c4f0,scene-0005,ros_origin,20,10-20,potential_label,0.8,1058,1047,28,28,11
4bee8254-4de1-5800-b929-588ef0e0c4f0,scene-0005,ros_origin,20,10-20,potential_label,1.2,1058,1054,101,101,4
4bee8254-4de1-5800-b929-588ef0e0c4f0,scene-0005,ros_origin,20,10-20,nontraversable_label,0.4,4011,3432,107,103,575
4bee8254-4de1-5800-b929-588ef0e0c4f0,scene-0005,ros_origin,20,10-20,nontraversable_label,0.8,4011,3943,520,520,68
4bee8254-4de1-5800-b929-588ef0e0c4f0,scene-0005,ros_origin,20,10-20,nontraversable_label,1.2,4011,3980,1040,1040,31
4bee8254-4de1-5800-b929-588ef0e0c4f0,scene-0005,ros_origin,20,10-20,near_ground_geometry,0.4,438,373,2,2,65
4bee8254-4de1-5800-b929-588ef0e0c4f0,scene-0005,ros_origin,20,10-20,near_ground_geometry,0.8,438,438,13,13,0
4bee8254-4de1-5800-b929-588ef0e0c4f0,scene-0005,ros_origin,20,10-20,near_ground_geometry,1.2,438,438,40,40,0
4bee8254-4de1-5800-b929-588ef0e0c4f0,scene-0005,ros_origin,20,10-20,raised_geometry,0.4,37,24,7,7,13
4bee8254-4de1-5800-b929-588ef0e0c4f0,scene-0005,ros_origin,20,10-20,raised_geometry,0.8,37,36,28,28,1
4bee8254-4de1-5800-b929-588ef0e0c4f0,scene-0005,ros_origin,20,10-20,raised_geometry,1.2,37,37,37,37,0
4bee8254-4de1-5800-b929-588ef0e0c4f0,scene-0005,ros_origin,20,20-30,traversable_label,0.4,126,53,0,0,73
4bee8254-4de1-5800-b929-588ef0e0c4f0,scene-0005,ros_origin,20,20-30,traversable_label,0.8,126,117,0,0,9
4bee8254-4de1-5800-b929-588ef0e0c4f0,scene-0005,ros_origin,20,20-30,traversable_label,1.2,126,126,0,0,0
4bee8254-4de1-5800-b929-588ef0e0c4f0,scene-0005,ros_origin,20,20-30,potential_label,0.4,787,480,0,0,307
4bee8254-4de1-5800-b929-588ef0e0c4f0,scene-0005,ros_origin,20,20-30,potential_label,0.8,787,728,11,11,59
4bee8254-4de1-5800-b929-588ef0e0c4f0,scene-0005,ros_origin,20,20-30,potential_label,1.2,787,769,66,66,18
4bee8254-4de1-5800-b929-588ef0e0c4f0,scene-0005,ros_origin,20,20-30,nontraversable_label,0.4,2255,1719,45,38,529
4bee8254-4de1-5800-b929-588ef0e0c4f0,scene-0005,ros_origin,20,20-30,nontraversable_label,0.8,2255,2186,249,249,69
4bee8254-4de1-5800-b929-588ef0e0c4f0,scene-0005,ros_origin,20,20-30,nontraversable_label,1.2,2255,2222,569,569,33
4bee8254-4de1-5800-b929-588ef0e0c4f0,scene-0005,ros_origin,20,20-30,near_ground_geometry,0.4,221,70,0,0,151
4bee8254-4de1-5800-b929-588ef0e0c4f0,scene-0005,ros_origin,20,20-30,near_ground_geometry,0.8,221,206,0,0,15
4bee8254-4de1-5800-b929-588ef0e0c4f0,scene-0005,ros_origin,20,20-30,near_ground_geometry,1.2,221,221,0,0,0
4bee8254-4de1-5800-b929-588ef0e0c4f0,scene-0005,ros_origin,20,20-30,raised_geometry,0.4,10,9,0,0,1
4bee8254-4de1-5800-b929-588ef0e0c4f0,scene-0005,ros_origin,20,20-30,raised_geometry,0.8,10,10,0,0,0
4bee8254-4de1-5800-b929-588ef0e0c4f0,scene-0005,ros_origin,20,20-30,raised_geometry,1.2,10,10,0,0,0
4bee8254-4de1-5800-b929-588ef0e0c4f0,scene-0005,ros_origin,20,30-40,traversable_label,0.4,87,22,0,0,65
4bee8254-4de1-5800-b929-588ef0e0c4f0,scene-0005,ros_origin,20,30-40,traversable_label,0.8,87,57,0,0,30
4bee8254-4de1-5800-b929-588ef0e0c4f0,scene-0005,ros_origin,20,30-40,traversable_label,1.2,87,85,0,0,2
4bee8254-4de1-5800-b929-588ef0e0c4f0,scene-0005,ros_origin,20,30-40,potential_label,0.4,263,102,0,0,161
4bee8254-4de1-5800-b929-588ef0e0c4f0,scene-0005,ros_origin,20,30-40,potential_label,0.8,263,217,4,4,46
4bee8254-4de1-5800-b929-588ef0e0c4f0,scene-0005,ros_origin,20,30-40,potential_label,1.2,263,248,29,29,15
4bee8254-4de1-5800-b929-588ef0e0c4f0,scene-0005,ros_origin,20,30-40,nontraversable_label,0.4,1633,1026,47,34,594
4bee8254-4de1-5800-b929-588ef0e0c4f0,scene-0005,ros_origin,20,30-40,nontraversable_label,0.8,1633,1494,251,251,139
4bee8254-4de1-5800-b929-588ef0e0c4f0,scene-0005,ros_origin,20,30-40,nontraversable_label,1.2,1633,1586,498,498,47
4bee8254-4de1-5800-b929-588ef0e0c4f0,scene-0005,ros_origin,20,30-40,near_ground_geometry,0.4,170,46,0,0,124
4bee8254-4de1-5800-b929-588ef0e0c4f0,scene-0005,ros_origin,20,30-40,near_ground_geometry,0.8,170,121,0,0,49
4bee8254-4de1-5800-b929-588ef0e0c4f0,scene-0005,ros_origin,20,30-40,near_ground_geometry,1.2,170,168,0,0,2
4bee8254-4de1-5800-b929-588ef0e0c4f0,scene-0005,ros_origin,20,30-40,raised_geometry,0.4,2,2,0,0,0
4bee8254-4de1-5800-b929-588ef0e0c4f0,scene-0005,ros_origin,20,30-40,raised_geometry,0.8,2,2,0,0,0
4bee8254-4de1-5800-b929-588ef0e0c4f0,scene-0005,ros_origin,20,30-40,raised_geometry,1.2,2,2,0,0,0
182a5517-c4b9-5eaa-aa3a-ec584d63a1be,scene-0005,static,10,2-10,traversable_label,0.4,123,110,6,4,11
182a5517-c4b9-5eaa-aa3a-ec584d63a1be,scene-0005,static,10,2-10,traversable_label,0.8,123,123,27,27,0
182a5517-c4b9-5eaa-aa3a-ec584d63a1be,scene-0005,static,10,2-10,traversable_label,1.2,123,123,51,51,0
182a5517-c4b9-5eaa-aa3a-ec584d63a1be,scene-0005,static,10,2-10,potential_label,0.4,530,500,9,9,30
182a5517-c4b9-5eaa-aa3a-ec584d63a1be,scene-0005,static,10,2-10,potential_label,0.8,530,530,58,58,0
182a5517-c4b9-5eaa-aa3a-ec584d63a1be,scene-0005,static,10,2-10,potential_label,1.2,530,530,120,120,0
182a5517-c4b9-5eaa-aa3a-ec584d63a1be,scene-0005,static,10,2-10,nontraversable_label,0.4,3299,3090,112,110,207
182a5517-c4b9-5eaa-aa3a-ec584d63a1be,scene-0005,static,10,2-10,nontraversable_label,0.8,3299,3289,601,601,10
182a5517-c4b9-5eaa-aa3a-ec584d63a1be,scene-0005,static,10,2-10,nontraversable_label,1.2,3299,3298,1274,1274,1
182a5517-c4b9-5eaa-aa3a-ec584d63a1be,scene-0005,static,10,2-10,near_ground_geometry,0.4,214,214,0,0,0
182a5517-c4b9-5eaa-aa3a-ec584d63a1be,scene-0005,static,10,2-10,near_ground_geometry,0.8,214,214,7,7,0
182a5517-c4b9-5eaa-aa3a-ec584d63a1be,scene-0005,static,10,2-10,near_ground_geometry,1.2,214,214,31,31,0
182a5517-c4b9-5eaa-aa3a-ec584d63a1be,scene-0005,static,10,2-10,raised_geometry,0.4,31,21,5,3,8
182a5517-c4b9-5eaa-aa3a-ec584d63a1be,scene-0005,static,10,2-10,raised_geometry,0.8,31,31,20,20,0
182a5517-c4b9-5eaa-aa3a-ec584d63a1be,scene-0005,static,10,2-10,raised_geometry,1.2,31,31,30,30,0
182a5517-c4b9-5eaa-aa3a-ec584d63a1be,scene-0005,static,10,10-20,traversable_label,0.4,262,224,0,0,38
182a5517-c4b9-5eaa-aa3a-ec584d63a1be,scene-0005,static,10,10-20,traversable_label,0.8,262,257,0,0,5
182a5517-c4b9-5eaa-aa3a-ec584d63a1be,scene-0005,static,10,10-20,traversable_label,1.2,262,262,0,0,0
182a5517-c4b9-5eaa-aa3a-ec584d63a1be,scene-0005,static,10,10-20,potential_label,0.4,1333,1229,5,4,103
182a5517-c4b9-5eaa-aa3a-ec584d63a1be,scene-0005,static,10,10-20,potential_label,0.8,1333,1319,56,56,14
182a5517-c4b9-5eaa-aa3a-ec584d63a1be,scene-0005,static,10,10-20,potential_label,1.2,1333,1330,176,176,3
182a5517-c4b9-5eaa-aa3a-ec584d63a1be,scene-0005,static,10,10-20,nontraversable_label,0.4,3739,3082,65,45,637
182a5517-c4b9-5eaa-aa3a-ec584d63a1be,scene-0005,static,10,10-20,nontraversable_label,0.8,3739,3665,506,499,67
182a5517-c4b9-5eaa-aa3a-ec584d63a1be,scene-0005,static,10,10-20,nontraversable_label,1.2,3739,3719,1350,1347,17
182a5517-c4b9-5eaa-aa3a-ec584d63a1be,scene-0005,static,10,10-20,near_ground_geometry,0.4,326,319,0,0,7
182a5517-c4b9-5eaa-aa3a-ec584d63a1be,scene-0005,static,10,10-20,near_ground_geometry,0.8,326,326,4,4,0
182a5517-c4b9-5eaa-aa3a-ec584d63a1be,scene-0005,static,10,10-20,near_ground_geometry,1.2,326,326,13,13,0
182a5517-c4b9-5eaa-aa3a-ec584d63a1be,scene-0005,static,10,10-20,raised_geometry,0.4,61,25,0,0,36
182a5517-c4b9-5eaa-aa3a-ec584d63a1be,scene-0005,static,10,10-20,raised_geometry,0.8,61,53,0,0,8
182a5517-c4b9-5eaa-aa3a-ec584d63a1be,scene-0005,static,10,10-20,raised_geometry,1.2,61,61,0,0,0
182a5517-c4b9-5eaa-aa3a-ec584d63a1be,scene-0005,static,10,20-30,traversable_label,0.4,129,87,0,0,42
182a5517-c4b9-5eaa-aa3a-ec584d63a1be,scene-0005,static,10,20-30,traversable_label,0.8,129,119,0,0,10
182a5517-c4b9-5eaa-aa3a-ec584d63a1be,scene-0005,static,10,20-30,traversable_label,1.2,129,127,1,1,2
182a5517-c4b9-5eaa-aa3a-ec584d63a1be,scene-0005,static,10,20-30,potential_label,0.4,769,529,5,3,238
182a5517-c4b9-5eaa-aa3a-ec584d63a1be,scene-0005,static,10,20-30,potential_label,0.8,769,724,44,41,42
182a5517-c4b9-5eaa-aa3a-ec584d63a1be,scene-0005,static,10,20-30,potential_label,1.2,769,761,122,122,8
182a5517-c4b9-5eaa-aa3a-ec584d63a1be,scene-0005,static,10,20-30,nontraversable_label,0.4,3295,2354,16,13,938
182a5517-c4b9-5eaa-aa3a-ec584d63a1be,scene-0005,static,10,20-30,nontraversable_label,0.8,3295,3079,141,140,215
182a5517-c4b9-5eaa-aa3a-ec584d63a1be,scene-0005,static,10,20-30,nontraversable_label,1.2,3295,3158,433,433,137
182a5517-c4b9-5eaa-aa3a-ec584d63a1be,scene-0005,static,10,20-30,near_ground_geometry,0.4,226,167,1,1,59
182a5517-c4b9-5eaa-aa3a-ec584d63a1be,scene-0005,static,10,20-30,near_ground_geometry,0.8,226,210,8,8,16
182a5517-c4b9-5eaa-aa3a-ec584d63a1be,scene-0005,static,10,20-30,near_ground_geometry,1.2,226,223,22,22,3
182a5517-c4b9-5eaa-aa3a-ec584d63a1be,scene-0005,static,10,20-30,raised_geometry,0.4,30,3,0,0,27
182a5517-c4b9-5eaa-aa3a-ec584d63a1be,scene-0005,static,10,20-30,raised_geometry,0.8,30,30,0,0,0
182a5517-c4b9-5eaa-aa3a-ec584d63a1be,scene-0005,static,10,20-30,raised_geometry,1.2,30,30,1,1,0
182a5517-c4b9-5eaa-aa3a-ec584d63a1be,scene-0005,static,10,30-40,traversable_label,0.4,50,17,0,0,33
182a5517-c4b9-5eaa-aa3a-ec584d63a1be,scene-0005,static,10,30-40,traversable_label,0.8,50,31,0,0,19
182a5517-c4b9-5eaa-aa3a-ec584d63a1be,scene-0005,static,10,30-40,traversable_label,1.2,50,48,0,0,2
182a5517-c4b9-5eaa-aa3a-ec584d63a1be,scene-0005,static,10,30-40,potential_label,0.4,306,182,3,1,122
182a5517-c4b9-5eaa-aa3a-ec584d63a1be,scene-0005,static,10,30-40,potential_label,0.8,306,276,20,19,29
182a5517-c4b9-5eaa-aa3a-ec584d63a1be,scene-0005,static,10,30-40,potential_label,1.2,306,295,83,82,10
182a5517-c4b9-5eaa-aa3a-ec584d63a1be,scene-0005,static,10,30-40,nontraversable_label,0.4,2759,1262,12,7,1492
182a5517-c4b9-5eaa-aa3a-ec584d63a1be,scene-0005,static,10,30-40,nontraversable_label,0.8,2759,2095,91,82,655
182a5517-c4b9-5eaa-aa3a-ec584d63a1be,scene-0005,static,10,30-40,nontraversable_label,1.2,2759,2376,317,290,356
182a5517-c4b9-5eaa-aa3a-ec584d63a1be,scene-0005,static,10,30-40,near_ground_geometry,0.4,57,31,0,0,26
182a5517-c4b9-5eaa-aa3a-ec584d63a1be,scene-0005,static,10,30-40,near_ground_geometry,0.8,57,49,2,2,8
182a5517-c4b9-5eaa-aa3a-ec584d63a1be,scene-0005,static,10,30-40,near_ground_geometry,1.2,57,55,10,10,2
182a5517-c4b9-5eaa-aa3a-ec584d63a1be,scene-0005,static,10,30-40,raised_geometry,0.4,7,0,0,0,7
182a5517-c4b9-5eaa-aa3a-ec584d63a1be,scene-0005,static,10,30-40,raised_geometry,0.8,7,2,0,0,5
182a5517-c4b9-5eaa-aa3a-ec584d63a1be,scene-0005,static,10,30-40,raised_geometry,1.2,7,7,0,0,0
182a5517-c4b9-5eaa-aa3a-ec584d63a1be,scene-0005,static,20,2-10,traversable_label,0.4,175,160,8,6,13
182a5517-c4b9-5eaa-aa3a-ec584d63a1be,scene-0005,static,20,2-10,traversable_label,0.8,175,174,37,37,1
182a5517-c4b9-5eaa-aa3a-ec584d63a1be,scene-0005,static,20,2-10,traversable_label,1.2,175,175,71,71,0
182a5517-c4b9-5eaa-aa3a-ec584d63a1be,scene-0005,static,20,2-10,potential_label,0.4,767,737,9,9,30
182a5517-c4b9-5eaa-aa3a-ec584d63a1be,scene-0005,static,20,2-10,potential_label,0.8,767,767,64,64,0
182a5517-c4b9-5eaa-aa3a-ec584d63a1be,scene-0005,static,20,2-10,potential_label,1.2,767,767,153,153,0
182a5517-c4b9-5eaa-aa3a-ec584d63a1be,scene-0005,static,20,2-10,nontraversable_label,0.4,4466,4122,124,122,342
182a5517-c4b9-5eaa-aa3a-ec584d63a1be,scene-0005,static,20,2-10,nontraversable_label,0.8,4466,4456,701,701,10
182a5517-c4b9-5eaa-aa3a-ec584d63a1be,scene-0005,static,20,2-10,nontraversable_label,1.2,4466,4465,1566,1566,1
182a5517-c4b9-5eaa-aa3a-ec584d63a1be,scene-0005,static,20,2-10,near_ground_geometry,0.4,351,351,2,2,0
182a5517-c4b9-5eaa-aa3a-ec584d63a1be,scene-0005,static,20,2-10,near_ground_geometry,0.8,351,351,18,18,0
182a5517-c4b9-5eaa-aa3a-ec584d63a1be,scene-0005,static,20,2-10,near_ground_geometry,1.2,351,351,62,62,0
182a5517-c4b9-5eaa-aa3a-ec584d63a1be,scene-0005,static,20,2-10,raised_geometry,0.4,33,21,5,3,10
182a5517-c4b9-5eaa-aa3a-ec584d63a1be,scene-0005,static,20,2-10,raised_geometry,0.8,33,32,20,20,1
182a5517-c4b9-5eaa-aa3a-ec584d63a1be,scene-0005,static,20,2-10,raised_geometry,1.2,33,33,32,32,0
182a5517-c4b9-5eaa-aa3a-ec584d63a1be,scene-0005,static,20,10-20,traversable_label,0.4,262,224,0,0,38
182a5517-c4b9-5eaa-aa3a-ec584d63a1be,scene-0005,static,20,10-20,traversable_label,0.8,262,257,0,0,5
182a5517-c4b9-5eaa-aa3a-ec584d63a1be,scene-0005,static,20,10-20,traversable_label,1.2,262,262,0,0,0
182a5517-c4b9-5eaa-aa3a-ec584d63a1be,scene-0005,static,20,10-20,potential_label,0.4,1333,1229,5,4,103
182a5517-c4b9-5eaa-aa3a-ec584d63a1be,scene-0005,static,20,10-20,potential_label,0.8,1333,1319,56,56,14
182a5517-c4b9-5eaa-aa3a-ec584d63a1be,scene-0005,static,20,10-20,potential_label,1.2,1333,1330,176,176,3
182a5517-c4b9-5eaa-aa3a-ec584d63a1be,scene-0005,static,20,10-20,nontraversable_label,0.4,4383,3520,71,48,840
182a5517-c4b9-5eaa-aa3a-ec584d63a1be,scene-0005,static,20,10-20,nontraversable_label,0.8,4383,4275,528,519,99
182a5517-c4b9-5eaa-aa3a-ec584d63a1be,scene-0005,static,20,10-20,nontraversable_label,1.2,4383,4361,1394,1391,19
182a5517-c4b9-5eaa-aa3a-ec584d63a1be,scene-0005,static,20,10-20,near_ground_geometry,0.4,326,319,0,0,7
182a5517-c4b9-5eaa-aa3a-ec584d63a1be,scene-0005,static,20,10-20,near_ground_geometry,0.8,326,326,4,4,0
182a5517-c4b9-5eaa-aa3a-ec584d63a1be,scene-0005,static,20,10-20,near_ground_geometry,1.2,326,326,13,13,0
182a5517-c4b9-5eaa-aa3a-ec584d63a1be,scene-0005,static,20,10-20,raised_geometry,0.4,61,25,0,0,36
182a5517-c4b9-5eaa-aa3a-ec584d63a1be,scene-0005,static,20,10-20,raised_geometry,0.8,61,53,0,0,8
182a5517-c4b9-5eaa-aa3a-ec584d63a1be,scene-0005,static,20,10-20,raised_geometry,1.2,61,61,0,0,0
182a5517-c4b9-5eaa-aa3a-ec584d63a1be,scene-0005,static,20,20-30,traversable_label,0.4,129,87,0,0,42
182a5517-c4b9-5eaa-aa3a-ec584d63a1be,scene-0005,static,20,20-30,traversable_label,0.8,129,119,0,0,10
182a5517-c4b9-5eaa-aa3a-ec584d63a1be,scene-0005,static,20,20-30,traversable_label,1.2,129,127,1,1,2
182a5517-c4b9-5eaa-aa3a-ec584d63a1be,scene-0005,static,20,20-30,potential_label,0.4,769,529,5,3,238
182a5517-c4b9-5eaa-aa3a-ec584d63a1be,scene-0005,static,20,20-30,potential_label,0.8,769,724,44,41,42
182a5517-c4b9-5eaa-aa3a-ec584d63a1be,scene-0005,static,20,20-30,potential_label,1.2,769,761,122,122,8
182a5517-c4b9-5eaa-aa3a-ec584d63a1be,scene-0005,static,20,20-30,nontraversable_label,0.4,3332,2378,16,13,951
182a5517-c4b9-5eaa-aa3a-ec584d63a1be,scene-0005,static,20,20-30,nontraversable_label,0.8,3332,3116,141,140,215
182a5517-c4b9-5eaa-aa3a-ec584d63a1be,scene-0005,static,20,20-30,nontraversable_label,1.2,3332,3195,433,433,137
182a5517-c4b9-5eaa-aa3a-ec584d63a1be,scene-0005,static,20,20-30,near_ground_geometry,0.4,226,167,1,1,59
182a5517-c4b9-5eaa-aa3a-ec584d63a1be,scene-0005,static,20,20-30,near_ground_geometry,0.8,226,210,8,8,16
182a5517-c4b9-5eaa-aa3a-ec584d63a1be,scene-0005,static,20,20-30,near_ground_geometry,1.2,226,223,22,22,3
182a5517-c4b9-5eaa-aa3a-ec584d63a1be,scene-0005,static,20,20-30,raised_geometry,0.4,30,3,0,0,27
182a5517-c4b9-5eaa-aa3a-ec584d63a1be,scene-0005,static,20,20-30,raised_geometry,0.8,30,30,0,0,0
182a5517-c4b9-5eaa-aa3a-ec584d63a1be,scene-0005,static,20,20-30,raised_geometry,1.2,30,30,1,1,0
182a5517-c4b9-5eaa-aa3a-ec584d63a1be,scene-0005,static,20,30-40,traversable_label,0.4,50,17,0,0,33
182a5517-c4b9-5eaa-aa3a-ec584d63a1be,scene-0005,static,20,30-40,traversable_label,0.8,50,31,0,0,19
182a5517-c4b9-5eaa-aa3a-ec584d63a1be,scene-0005,static,20,30-40,traversable_label,1.2,50,48,0,0,2
182a5517-c4b9-5eaa-aa3a-ec584d63a1be,scene-0005,static,20,30-40,potential_label,0.4,306,182,3,1,122
182a5517-c4b9-5eaa-aa3a-ec584d63a1be,scene-0005,static,20,30-40,potential_label,0.8,306,276,20,19,29
182a5517-c4b9-5eaa-aa3a-ec584d63a1be,scene-0005,static,20,30-40,potential_label,1.2,306,295,83,82,10
182a5517-c4b9-5eaa-aa3a-ec584d63a1be,scene-0005,static,20,30-40,nontraversable_label,0.4,2759,1262,12,7,1492
182a5517-c4b9-5eaa-aa3a-ec584d63a1be,scene-0005,static,20,30-40,nontraversable_label,0.8,2759,2095,91,82,655
182a5517-c4b9-5eaa-aa3a-ec584d63a1be,scene-0005,static,20,30-40,nontraversable_label,1.2,2759,2376,317,290,356
182a5517-c4b9-5eaa-aa3a-ec584d63a1be,scene-0005,static,20,30-40,near_ground_geometry,0.4,57,31,0,0,26
182a5517-c4b9-5eaa-aa3a-ec584d63a1be,scene-0005,static,20,30-40,near_ground_geometry,0.8,57,49,2,2,8
182a5517-c4b9-5eaa-aa3a-ec584d63a1be,scene-0005,static,20,30-40,near_ground_geometry,1.2,57,55,10,10,2
182a5517-c4b9-5eaa-aa3a-ec584d63a1be,scene-0005,static,20,30-40,raised_geometry,0.4,7,0,0,0,7
182a5517-c4b9-5eaa-aa3a-ec584d63a1be,scene-0005,static,20,30-40,raised_geometry,0.8,7,2,0,0,5
182a5517-c4b9-5eaa-aa3a-ec584d63a1be,scene-0005,static,20,30-40,raised_geometry,1.2,7,7,0,0,0
182a5517-c4b9-5eaa-aa3a-ec584d63a1be,scene-0005,aligned,10,2-10,traversable_label,0.4,123,110,4,4,13
182a5517-c4b9-5eaa-aa3a-ec584d63a1be,scene-0005,aligned,10,2-10,traversable_label,0.8,123,123,24,24,0
182a5517-c4b9-5eaa-aa3a-ec584d63a1be,scene-0005,aligned,10,2-10,traversable_label,1.2,123,123,47,47,0
182a5517-c4b9-5eaa-aa3a-ec584d63a1be,scene-0005,aligned,10,2-10,potential_label,0.4,530,500,10,10,30
182a5517-c4b9-5eaa-aa3a-ec584d63a1be,scene-0005,aligned,10,2-10,potential_label,0.8,530,530,61,61,0
182a5517-c4b9-5eaa-aa3a-ec584d63a1be,scene-0005,aligned,10,2-10,potential_label,1.2,530,530,124,124,0
182a5517-c4b9-5eaa-aa3a-ec584d63a1be,scene-0005,aligned,10,2-10,nontraversable_label,0.4,3299,3090,103,102,208
182a5517-c4b9-5eaa-aa3a-ec584d63a1be,scene-0005,aligned,10,2-10,nontraversable_label,0.8,3299,3289,594,594,10
182a5517-c4b9-5eaa-aa3a-ec584d63a1be,scene-0005,aligned,10,2-10,nontraversable_label,1.2,3299,3298,1259,1259,1
182a5517-c4b9-5eaa-aa3a-ec584d63a1be,scene-0005,aligned,10,2-10,near_ground_geometry,0.4,214,214,0,0,0
182a5517-c4b9-5eaa-aa3a-ec584d63a1be,scene-0005,aligned,10,2-10,near_ground_geometry,0.8,214,214,9,9,0
182a5517-c4b9-5eaa-aa3a-ec584d63a1be,scene-0005,aligned,10,2-10,near_ground_geometry,1.2,214,214,28,28,0
182a5517-c4b9-5eaa-aa3a-ec584d63a1be,scene-0005,aligned,10,2-10,raised_geometry,0.4,31,21,3,3,10
182a5517-c4b9-5eaa-aa3a-ec584d63a1be,scene-0005,aligned,10,2-10,raised_geometry,0.8,31,31,17,17,0
182a5517-c4b9-5eaa-aa3a-ec584d63a1be,scene-0005,aligned,10,2-10,raised_geometry,1.2,31,31,31,31,0
182a5517-c4b9-5eaa-aa3a-ec584d63a1be,scene-0005,aligned,10,10-20,traversable_label,0.4,262,224,0,0,38
182a5517-c4b9-5eaa-aa3a-ec584d63a1be,scene-0005,aligned,10,10-20,traversable_label,0.8,262,257,0,0,5
182a5517-c4b9-5eaa-aa3a-ec584d63a1be,scene-0005,aligned,10,10-20,traversable_label,1.2,262,262,0,0,0
182a5517-c4b9-5eaa-aa3a-ec584d63a1be,scene-0005,aligned,10,10-20,potential_label,0.4,1333,1229,4,4,104
182a5517-c4b9-5eaa-aa3a-ec584d63a1be,scene-0005,aligned,10,10-20,potential_label,0.8,1333,1319,59,59,14
182a5517-c4b9-5eaa-aa3a-ec584d63a1be,scene-0005,aligned,10,10-20,potential_label,1.2,1333,1330,188,188,3
182a5517-c4b9-5eaa-aa3a-ec584d63a1be,scene-0005,aligned,10,10-20,nontraversable_label,0.4,3739,3082,71,53,639
182a5517-c4b9-5eaa-aa3a-ec584d63a1be,scene-0005,aligned,10,10-20,nontraversable_label,0.8,3739,3665,477,470,67
182a5517-c4b9-5eaa-aa3a-ec584d63a1be,scene-0005,aligned,10,10-20,nontraversable_label,1.2,3739,3719,1291,1288,17
182a5517-c4b9-5eaa-aa3a-ec584d63a1be,scene-0005,aligned,10,10-20,near_ground_geometry,0.4,326,319,0,0,7
182a5517-c4b9-5eaa-aa3a-ec584d63a1be,scene-0005,aligned,10,10-20,near_ground_geometry,0.8,326,326,4,4,0
182a5517-c4b9-5eaa-aa3a-ec584d63a1be,scene-0005,aligned,10,10-20,near_ground_geometry,1.2,326,326,15,15,0
182a5517-c4b9-5eaa-aa3a-ec584d63a1be,scene-0005,aligned,10,10-20,raised_geometry,0.4,61,25,0,0,36
182a5517-c4b9-5eaa-aa3a-ec584d63a1be,scene-0005,aligned,10,10-20,raised_geometry,0.8,61,53,0,0,8
182a5517-c4b9-5eaa-aa3a-ec584d63a1be,scene-0005,aligned,10,10-20,raised_geometry,1.2,61,61,0,0,0
182a5517-c4b9-5eaa-aa3a-ec584d63a1be,scene-0005,aligned,10,20-30,traversable_label,0.4,129,87,0,0,42
182a5517-c4b9-5eaa-aa3a-ec584d63a1be,scene-0005,aligned,10,20-30,traversable_label,0.8,129,119,0,0,10
182a5517-c4b9-5eaa-aa3a-ec584d63a1be,scene-0005,aligned,10,20-30,traversable_label,1.2,129,127,0,0,2
182a5517-c4b9-5eaa-aa3a-ec584d63a1be,scene-0005,aligned,10,20-30,potential_label,0.4,769,529,4,2,238
182a5517-c4b9-5eaa-aa3a-ec584d63a1be,scene-0005,aligned,10,20-30,potential_label,0.8,769,724,39,37,43
182a5517-c4b9-5eaa-aa3a-ec584d63a1be,scene-0005,aligned,10,20-30,potential_label,1.2,769,761,107,107,8
182a5517-c4b9-5eaa-aa3a-ec584d63a1be,scene-0005,aligned,10,20-30,nontraversable_label,0.4,3295,2354,12,9,938
182a5517-c4b9-5eaa-aa3a-ec584d63a1be,scene-0005,aligned,10,20-30,nontraversable_label,0.8,3295,3079,153,152,215
182a5517-c4b9-5eaa-aa3a-ec584d63a1be,scene-0005,aligned,10,20-30,nontraversable_label,1.2,3295,3158,445,445,137
182a5517-c4b9-5eaa-aa3a-ec584d63a1be,scene-0005,aligned,10,20-30,near_ground_geometry,0.4,226,167,1,1,59
182a5517-c4b9-5eaa-aa3a-ec584d63a1be,scene-0005,aligned,10,20-30,near_ground_geometry,0.8,226,210,7,7,16
182a5517-c4b9-5eaa-aa3a-ec584d63a1be,scene-0005,aligned,10,20-30,near_ground_geometry,1.2,226,223,16,16,3
182a5517-c4b9-5eaa-aa3a-ec584d63a1be,scene-0005,aligned,10,20-30,raised_geometry,0.4,30,3,0,0,27
182a5517-c4b9-5eaa-aa3a-ec584d63a1be,scene-0005,aligned,10,20-30,raised_geometry,0.8,30,30,0,0,0
182a5517-c4b9-5eaa-aa3a-ec584d63a1be,scene-0005,aligned,10,20-30,raised_geometry,1.2,30,30,0,0,0
182a5517-c4b9-5eaa-aa3a-ec584d63a1be,scene-0005,aligned,10,30-40,traversable_label,0.4,50,17,0,0,33
182a5517-c4b9-5eaa-aa3a-ec584d63a1be,scene-0005,aligned,10,30-40,traversable_label,0.8,50,31,0,0,19
182a5517-c4b9-5eaa-aa3a-ec584d63a1be,scene-0005,aligned,10,30-40,traversable_label,1.2,50,48,0,0,2
182a5517-c4b9-5eaa-aa3a-ec584d63a1be,scene-0005,aligned,10,30-40,potential_label,0.4,306,182,2,1,123
182a5517-c4b9-5eaa-aa3a-ec584d63a1be,scene-0005,aligned,10,30-40,potential_label,0.8,306,276,23,22,29
182a5517-c4b9-5eaa-aa3a-ec584d63a1be,scene-0005,aligned,10,30-40,potential_label,1.2,306,295,75,75,11
182a5517-c4b9-5eaa-aa3a-ec584d63a1be,scene-0005,aligned,10,30-40,nontraversable_label,0.4,2759,1262,13,8,1492
182a5517-c4b9-5eaa-aa3a-ec584d63a1be,scene-0005,aligned,10,30-40,nontraversable_label,0.8,2759,2095,125,106,645
182a5517-c4b9-5eaa-aa3a-ec584d63a1be,scene-0005,aligned,10,30-40,nontraversable_label,1.2,2759,2376,356,321,348
182a5517-c4b9-5eaa-aa3a-ec584d63a1be,scene-0005,aligned,10,30-40,near_ground_geometry,0.4,57,31,0,0,26
182a5517-c4b9-5eaa-aa3a-ec584d63a1be,scene-0005,aligned,10,30-40,near_ground_geometry,0.8,57,49,1,1,8
182a5517-c4b9-5eaa-aa3a-ec584d63a1be,scene-0005,aligned,10,30-40,near_ground_geometry,1.2,57,55,8,8,2
182a5517-c4b9-5eaa-aa3a-ec584d63a1be,scene-0005,aligned,10,30-40,raised_geometry,0.4,7,0,0,0,7
182a5517-c4b9-5eaa-aa3a-ec584d63a1be,scene-0005,aligned,10,30-40,raised_geometry,0.8,7,2,0,0,5
182a5517-c4b9-5eaa-aa3a-ec584d63a1be,scene-0005,aligned,10,30-40,raised_geometry,1.2,7,7,0,0,0
182a5517-c4b9-5eaa-aa3a-ec584d63a1be,scene-0005,aligned,20,2-10,traversable_label,0.4,175,160,6,6,15
182a5517-c4b9-5eaa-aa3a-ec584d63a1be,scene-0005,aligned,20,2-10,traversable_label,0.8,175,174,34,34,1
182a5517-c4b9-5eaa-aa3a-ec584d63a1be,scene-0005,aligned,20,2-10,traversable_label,1.2,175,175,67,67,0
182a5517-c4b9-5eaa-aa3a-ec584d63a1be,scene-0005,aligned,20,2-10,potential_label,0.4,767,737,10,10,30
182a5517-c4b9-5eaa-aa3a-ec584d63a1be,scene-0005,aligned,20,2-10,potential_label,0.8,767,767,68,68,0
182a5517-c4b9-5eaa-aa3a-ec584d63a1be,scene-0005,aligned,20,2-10,potential_label,1.2,767,767,158,158,0
182a5517-c4b9-5eaa-aa3a-ec584d63a1be,scene-0005,aligned,20,2-10,nontraversable_label,0.4,4466,4122,115,114,343
182a5517-c4b9-5eaa-aa3a-ec584d63a1be,scene-0005,aligned,20,2-10,nontraversable_label,0.8,4466,4456,691,691,10
182a5517-c4b9-5eaa-aa3a-ec584d63a1be,scene-0005,aligned,20,2-10,nontraversable_label,1.2,4466,4465,1548,1548,1
182a5517-c4b9-5eaa-aa3a-ec584d63a1be,scene-0005,aligned,20,2-10,near_ground_geometry,0.4,351,351,2,2,0
182a5517-c4b9-5eaa-aa3a-ec584d63a1be,scene-0005,aligned,20,2-10,near_ground_geometry,0.8,351,351,21,21,0
182a5517-c4b9-5eaa-aa3a-ec584d63a1be,scene-0005,aligned,20,2-10,near_ground_geometry,1.2,351,351,59,59,0
182a5517-c4b9-5eaa-aa3a-ec584d63a1be,scene-0005,aligned,20,2-10,raised_geometry,0.4,33,21,3,3,12
182a5517-c4b9-5eaa-aa3a-ec584d63a1be,scene-0005,aligned,20,2-10,raised_geometry,0.8,33,32,17,17,1
182a5517-c4b9-5eaa-aa3a-ec584d63a1be,scene-0005,aligned,20,2-10,raised_geometry,1.2,33,33,33,33,0
182a5517-c4b9-5eaa-aa3a-ec584d63a1be,scene-0005,aligned,20,10-20,traversable_label,0.4,262,224,0,0,38
182a5517-c4b9-5eaa-aa3a-ec584d63a1be,scene-0005,aligned,20,10-20,traversable_label,0.8,262,257,0,0,5
182a5517-c4b9-5eaa-aa3a-ec584d63a1be,scene-0005,aligned,20,10-20,traversable_label,1.2,262,262,0,0,0
182a5517-c4b9-5eaa-aa3a-ec584d63a1be,scene-0005,aligned,20,10-20,potential_label,0.4,1333,1229,4,4,104
182a5517-c4b9-5eaa-aa3a-ec584d63a1be,scene-0005,aligned,20,10-20,potential_label,0.8,1333,1319,59,59,14
182a5517-c4b9-5eaa-aa3a-ec584d63a1be,scene-0005,aligned,20,10-20,potential_label,1.2,1333,1330,188,188,3
182a5517-c4b9-5eaa-aa3a-ec584d63a1be,scene-0005,aligned,20,10-20,nontraversable_label,0.4,4383,3520,76,55,842
182a5517-c4b9-5eaa-aa3a-ec584d63a1be,scene-0005,aligned,20,10-20,nontraversable_label,0.8,4383,4275,496,487,99
182a5517-c4b9-5eaa-aa3a-ec584d63a1be,scene-0005,aligned,20,10-20,nontraversable_label,1.2,4383,4361,1334,1331,19
182a5517-c4b9-5eaa-aa3a-ec584d63a1be,scene-0005,aligned,20,10-20,near_ground_geometry,0.4,326,319,0,0,7
182a5517-c4b9-5eaa-aa3a-ec584d63a1be,scene-0005,aligned,20,10-20,near_ground_geometry,0.8,326,326,4,4,0
182a5517-c4b9-5eaa-aa3a-ec584d63a1be,scene-0005,aligned,20,10-20,near_ground_geometry,1.2,326,326,15,15,0
182a5517-c4b9-5eaa-aa3a-ec584d63a1be,scene-0005,aligned,20,10-20,raised_geometry,0.4,61,25,0,0,36
182a5517-c4b9-5eaa-aa3a-ec584d63a1be,scene-0005,aligned,20,10-20,raised_geometry,0.8,61,53,0,0,8
182a5517-c4b9-5eaa-aa3a-ec584d63a1be,scene-0005,aligned,20,10-20,raised_geometry,1.2,61,61,0,0,0
182a5517-c4b9-5eaa-aa3a-ec584d63a1be,scene-0005,aligned,20,20-30,traversable_label,0.4,129,87,0,0,42
182a5517-c4b9-5eaa-aa3a-ec584d63a1be,scene-0005,aligned,20,20-30,traversable_label,0.8,129,119,0,0,10
182a5517-c4b9-5eaa-aa3a-ec584d63a1be,scene-0005,aligned,20,20-30,traversable_label,1.2,129,127,0,0,2
182a5517-c4b9-5eaa-aa3a-ec584d63a1be,scene-0005,aligned,20,20-30,potential_label,0.4,769,529,4,2,238
182a5517-c4b9-5eaa-aa3a-ec584d63a1be,scene-0005,aligned,20,20-30,potential_label,0.8,769,724,39,37,43
182a5517-c4b9-5eaa-aa3a-ec584d63a1be,scene-0005,aligned,20,20-30,potential_label,1.2,769,761,107,107,8
182a5517-c4b9-5eaa-aa3a-ec584d63a1be,scene-0005,aligned,20,20-30,nontraversable_label,0.4,3332,2378,12,9,951
182a5517-c4b9-5eaa-aa3a-ec584d63a1be,scene-0005,aligned,20,20-30,nontraversable_label,0.8,3332,3116,153,152,215
182a5517-c4b9-5eaa-aa3a-ec584d63a1be,scene-0005,aligned,20,20-30,nontraversable_label,1.2,3332,3195,445,445,137
182a5517-c4b9-5eaa-aa3a-ec584d63a1be,scene-0005,aligned,20,20-30,near_ground_geometry,0.4,226,167,1,1,59
182a5517-c4b9-5eaa-aa3a-ec584d63a1be,scene-0005,aligned,20,20-30,near_ground_geometry,0.8,226,210,7,7,16
182a5517-c4b9-5eaa-aa3a-ec584d63a1be,scene-0005,aligned,20,20-30,near_ground_geometry,1.2,226,223,16,16,3
182a5517-c4b9-5eaa-aa3a-ec584d63a1be,scene-0005,aligned,20,20-30,raised_geometry,0.4,30,3,0,0,27
182a5517-c4b9-5eaa-aa3a-ec584d63a1be,scene-0005,aligned,20,20-30,raised_geometry,0.8,30,30,0,0,0
182a5517-c4b9-5eaa-aa3a-ec584d63a1be,scene-0005,aligned,20,20-30,raised_geometry,1.2,30,30,0,0,0
182a5517-c4b9-5eaa-aa3a-ec584d63a1be,scene-0005,aligned,20,30-40,traversable_label,0.4,50,17,0,0,33
182a5517-c4b9-5eaa-aa3a-ec584d63a1be,scene-0005,aligned,20,30-40,traversable_label,0.8,50,31,0,0,19
182a5517-c4b9-5eaa-aa3a-ec584d63a1be,scene-0005,aligned,20,30-40,traversable_label,1.2,50,48,0,0,2
182a5517-c4b9-5eaa-aa3a-ec584d63a1be,scene-0005,aligned,20,30-40,potential_label,0.4,306,182,2,1,123
182a5517-c4b9-5eaa-aa3a-ec584d63a1be,scene-0005,aligned,20,30-40,potential_label,0.8,306,276,23,22,29
182a5517-c4b9-5eaa-aa3a-ec584d63a1be,scene-0005,aligned,20,30-40,potential_label,1.2,306,295,75,75,11
182a5517-c4b9-5eaa-aa3a-ec584d63a1be,scene-0005,aligned,20,30-40,nontraversable_label,0.4,2759,1262,13,8,1492
182a5517-c4b9-5eaa-aa3a-ec584d63a1be,scene-0005,aligned,20,30-40,nontraversable_label,0.8,2759,2095,125,106,645
182a5517-c4b9-5eaa-aa3a-ec584d63a1be,scene-0005,aligned,20,30-40,nontraversable_label,1.2,2759,2376,356,321,348
182a5517-c4b9-5eaa-aa3a-ec584d63a1be,scene-0005,aligned,20,30-40,near_ground_geometry,0.4,57,31,0,0,26
182a5517-c4b9-5eaa-aa3a-ec584d63a1be,scene-0005,aligned,20,30-40,near_ground_geometry,0.8,57,49,1,1,8
182a5517-c4b9-5eaa-aa3a-ec584d63a1be,scene-0005,aligned,20,30-40,near_ground_geometry,1.2,57,55,8,8,2
182a5517-c4b9-5eaa-aa3a-ec584d63a1be,scene-0005,aligned,20,30-40,raised_geometry,0.4,7,0,0,0,7
182a5517-c4b9-5eaa-aa3a-ec584d63a1be,scene-0005,aligned,20,30-40,raised_geometry,0.8,7,2,0,0,5
182a5517-c4b9-5eaa-aa3a-ec584d63a1be,scene-0005,aligned,20,30-40,raised_geometry,1.2,7,7,0,0,0
182a5517-c4b9-5eaa-aa3a-ec584d63a1be,scene-0005,ros_origin,10,2-10,traversable_label,0.4,123,110,6,5,12
182a5517-c4b9-5eaa-aa3a-ec584d63a1be,scene-0005,ros_origin,10,2-10,traversable_label,0.8,123,123,27,27,0
182a5517-c4b9-5eaa-aa3a-ec584d63a1be,scene-0005,ros_origin,10,2-10,traversable_label,1.2,123,123,50,50,0
182a5517-c4b9-5eaa-aa3a-ec584d63a1be,scene-0005,ros_origin,10,2-10,potential_label,0.4,530,500,11,11,30
182a5517-c4b9-5eaa-aa3a-ec584d63a1be,scene-0005,ros_origin,10,2-10,potential_label,0.8,530,530,61,61,0
182a5517-c4b9-5eaa-aa3a-ec584d63a1be,scene-0005,ros_origin,10,2-10,potential_label,1.2,530,530,118,118,0
182a5517-c4b9-5eaa-aa3a-ec584d63a1be,scene-0005,ros_origin,10,2-10,nontraversable_label,0.4,3299,3090,80,79,208
182a5517-c4b9-5eaa-aa3a-ec584d63a1be,scene-0005,ros_origin,10,2-10,nontraversable_label,0.8,3299,3289,502,502,10
182a5517-c4b9-5eaa-aa3a-ec584d63a1be,scene-0005,ros_origin,10,2-10,nontraversable_label,1.2,3299,3298,1172,1172,1
182a5517-c4b9-5eaa-aa3a-ec584d63a1be,scene-0005,ros_origin,10,2-10,near_ground_geometry,0.4,214,214,3,3,0
182a5517-c4b9-5eaa-aa3a-ec584d63a1be,scene-0005,ros_origin,10,2-10,near_ground_geometry,0.8,214,214,15,15,0
182a5517-c4b9-5eaa-aa3a-ec584d63a1be,scene-0005,ros_origin,10,2-10,near_ground_geometry,1.2,214,214,36,36,0
182a5517-c4b9-5eaa-aa3a-ec584d63a1be,scene-0005,ros_origin,10,2-10,raised_geometry,0.4,31,21,2,1,9
182a5517-c4b9-5eaa-aa3a-ec584d63a1be,scene-0005,ros_origin,10,2-10,raised_geometry,0.8,31,31,13,13,0
182a5517-c4b9-5eaa-aa3a-ec584d63a1be,scene-0005,ros_origin,10,2-10,raised_geometry,1.2,31,31,26,26,0
182a5517-c4b9-5eaa-aa3a-ec584d63a1be,scene-0005,ros_origin,10,10-20,traversable_label,0.4,262,224,0,0,38
182a5517-c4b9-5eaa-aa3a-ec584d63a1be,scene-0005,ros_origin,10,10-20,traversable_label,0.8,262,257,0,0,5
182a5517-c4b9-5eaa-aa3a-ec584d63a1be,scene-0005,ros_origin,10,10-20,traversable_label,1.2,262,262,0,0,0
182a5517-c4b9-5eaa-aa3a-ec584d63a1be,scene-0005,ros_origin,10,10-20,potential_label,0.4,1333,1229,26,26,104
182a5517-c4b9-5eaa-aa3a-ec584d63a1be,scene-0005,ros_origin,10,10-20,potential_label,0.8,1333,1319,108,107,13
182a5517-c4b9-5eaa-aa3a-ec584d63a1be,scene-0005,ros_origin,10,10-20,potential_label,1.2,1333,1330,202,202,3
182a5517-c4b9-5eaa-aa3a-ec584d63a1be,scene-0005,ros_origin,10,10-20,nontraversable_label,0.4,3739,3082,99,73,631
182a5517-c4b9-5eaa-aa3a-ec584d63a1be,scene-0005,ros_origin,10,10-20,nontraversable_label,0.8,3739,3665,555,551,70
182a5517-c4b9-5eaa-aa3a-ec584d63a1be,scene-0005,ros_origin,10,10-20,nontraversable_label,1.2,3739,3719,1250,1247,17
182a5517-c4b9-5eaa-aa3a-ec584d63a1be,scene-0005,ros_origin,10,10-20,near_ground_geometry,0.4,326,319,0,0,7
182a5517-c4b9-5eaa-aa3a-ec584d63a1be,scene-0005,ros_origin,10,10-20,near_ground_geometry,0.8,326,326,5,5,0
182a5517-c4b9-5eaa-aa3a-ec584d63a1be,scene-0005,ros_origin,10,10-20,near_ground_geometry,1.2,326,326,18,18,0
182a5517-c4b9-5eaa-aa3a-ec584d63a1be,scene-0005,ros_origin,10,10-20,raised_geometry,0.4,61,25,0,0,36
182a5517-c4b9-5eaa-aa3a-ec584d63a1be,scene-0005,ros_origin,10,10-20,raised_geometry,0.8,61,53,0,0,8
182a5517-c4b9-5eaa-aa3a-ec584d63a1be,scene-0005,ros_origin,10,10-20,raised_geometry,1.2,61,61,0,0,0
182a5517-c4b9-5eaa-aa3a-ec584d63a1be,scene-0005,ros_origin,10,20-30,traversable_label,0.4,129,87,0,0,42
182a5517-c4b9-5eaa-aa3a-ec584d63a1be,scene-0005,ros_origin,10,20-30,traversable_label,0.8,129,119,0,0,10
182a5517-c4b9-5eaa-aa3a-ec584d63a1be,scene-0005,ros_origin,10,20-30,traversable_label,1.2,129,127,6,6,2
182a5517-c4b9-5eaa-aa3a-ec584d63a1be,scene-0005,ros_origin,10,20-30,potential_label,0.4,769,529,10,6,236
182a5517-c4b9-5eaa-aa3a-ec584d63a1be,scene-0005,ros_origin,10,20-30,potential_label,0.8,769,724,53,53,45
182a5517-c4b9-5eaa-aa3a-ec584d63a1be,scene-0005,ros_origin,10,20-30,potential_label,1.2,769,761,140,140,8
182a5517-c4b9-5eaa-aa3a-ec584d63a1be,scene-0005,ros_origin,10,20-30,nontraversable_label,0.4,3295,2354,13,9,937
182a5517-c4b9-5eaa-aa3a-ec584d63a1be,scene-0005,ros_origin,10,20-30,nontraversable_label,0.8,3295,3079,103,102,215
182a5517-c4b9-5eaa-aa3a-ec584d63a1be,scene-0005,ros_origin,10,20-30,nontraversable_label,1.2,3295,3158,378,378,137
182a5517-c4b9-5eaa-aa3a-ec584d63a1be,scene-0005,ros_origin,10,20-30,near_ground_geometry,0.4,226,167,6,5,58
182a5517-c4b9-5eaa-aa3a-ec584d63a1be,scene-0005,ros_origin,10,20-30,near_ground_geometry,0.8,226,210,16,16,16
182a5517-c4b9-5eaa-aa3a-ec584d63a1be,scene-0005,ros_origin,10,20-30,near_ground_geometry,1.2,226,223,33,33,3
182a5517-c4b9-5eaa-aa3a-ec584d63a1be,scene-0005,ros_origin,10,20-30,raised_geometry,0.4,30,3,0,0,27
182a5517-c4b9-5eaa-aa3a-ec584d63a1be,scene-0005,ros_origin,10,20-30,raised_geometry,0.8,30,30,1,1,0
182a5517-c4b9-5eaa-aa3a-ec584d63a1be,scene-0005,ros_origin,10,20-30,raised_geometry,1.2,30,30,2,2,0
182a5517-c4b9-5eaa-aa3a-ec584d63a1be,scene-0005,ros_origin,10,30-40,traversable_label,0.4,50,17,0,0,33
182a5517-c4b9-5eaa-aa3a-ec584d63a1be,scene-0005,ros_origin,10,30-40,traversable_label,0.8,50,31,0,0,19
182a5517-c4b9-5eaa-aa3a-ec584d63a1be,scene-0005,ros_origin,10,30-40,traversable_label,1.2,50,48,2,2,2
182a5517-c4b9-5eaa-aa3a-ec584d63a1be,scene-0005,ros_origin,10,30-40,potential_label,0.4,306,182,12,8,120
182a5517-c4b9-5eaa-aa3a-ec584d63a1be,scene-0005,ros_origin,10,30-40,potential_label,0.8,306,276,54,53,29
182a5517-c4b9-5eaa-aa3a-ec584d63a1be,scene-0005,ros_origin,10,30-40,potential_label,1.2,306,295,104,103,10
182a5517-c4b9-5eaa-aa3a-ec584d63a1be,scene-0005,ros_origin,10,30-40,nontraversable_label,0.4,2759,1262,16,4,1485
182a5517-c4b9-5eaa-aa3a-ec584d63a1be,scene-0005,ros_origin,10,30-40,nontraversable_label,0.8,2759,2095,103,91,652
182a5517-c4b9-5eaa-aa3a-ec584d63a1be,scene-0005,ros_origin,10,30-40,nontraversable_label,1.2,2759,2376,266,241,358
182a5517-c4b9-5eaa-aa3a-ec584d63a1be,scene-0005,ros_origin,10,30-40,near_ground_geometry,0.4,57,31,1,1,26
182a5517-c4b9-5eaa-aa3a-ec584d63a1be,scene-0005,ros_origin,10,30-40,near_ground_geometry,0.8,57,49,9,9,8
182a5517-c4b9-5eaa-aa3a-ec584d63a1be,scene-0005,ros_origin,10,30-40,near_ground_geometry,1.2,57,55,17,17,2
182a5517-c4b9-5eaa-aa3a-ec584d63a1be,scene-0005,ros_origin,10,30-40,raised_geometry,0.4,7,0,0,0,7
182a5517-c4b9-5eaa-aa3a-ec584d63a1be,scene-0005,ros_origin,10,30-40,raised_geometry,0.8,7,2,0,0,5
182a5517-c4b9-5eaa-aa3a-ec584d63a1be,scene-0005,ros_origin,10,30-40,raised_geometry,1.2,7,7,0,0,0
182a5517-c4b9-5eaa-aa3a-ec584d63a1be,scene-0005,ros_origin,20,2-10,traversable_label,0.4,175,160,8,7,14
182a5517-c4b9-5eaa-aa3a-ec584d63a1be,scene-0005,ros_origin,20,2-10,traversable_label,0.8,175,174,39,39,1
182a5517-c4b9-5eaa-aa3a-ec584d63a1be,scene-0005,ros_origin,20,2-10,traversable_label,1.2,175,175,69,69,0
182a5517-c4b9-5eaa-aa3a-ec584d63a1be,scene-0005,ros_origin,20,2-10,potential_label,0.4,767,737,13,13,30
182a5517-c4b9-5eaa-aa3a-ec584d63a1be,scene-0005,ros_origin,20,2-10,potential_label,0.8,767,767,74,74,0
182a5517-c4b9-5eaa-aa3a-ec584d63a1be,scene-0005,ros_origin,20,2-10,potential_label,1.2,767,767,159,159,0
182a5517-c4b9-5eaa-aa3a-ec584d63a1be,scene-0005,ros_origin,20,2-10,nontraversable_label,0.4,4466,4122,100,99,343
182a5517-c4b9-5eaa-aa3a-ec584d63a1be,scene-0005,ros_origin,20,2-10,nontraversable_label,0.8,4466,4456,605,605,10
182a5517-c4b9-5eaa-aa3a-ec584d63a1be,scene-0005,ros_origin,20,2-10,nontraversable_label,1.2,4466,4465,1416,1416,1
182a5517-c4b9-5eaa-aa3a-ec584d63a1be,scene-0005,ros_origin,20,2-10,near_ground_geometry,0.4,351,351,5,5,0
182a5517-c4b9-5eaa-aa3a-ec584d63a1be,scene-0005,ros_origin,20,2-10,near_ground_geometry,0.8,351,351,28,28,0
182a5517-c4b9-5eaa-aa3a-ec584d63a1be,scene-0005,ros_origin,20,2-10,near_ground_geometry,1.2,351,351,69,69,0
182a5517-c4b9-5eaa-aa3a-ec584d63a1be,scene-0005,ros_origin,20,2-10,raised_geometry,0.4,33,21,2,1,11
182a5517-c4b9-5eaa-aa3a-ec584d63a1be,scene-0005,ros_origin,20,2-10,raised_geometry,0.8,33,32,13,13,1
182a5517-c4b9-5eaa-aa3a-ec584d63a1be,scene-0005,ros_origin,20,2-10,raised_geometry,1.2,33,33,26,26,0
182a5517-c4b9-5eaa-aa3a-ec584d63a1be,scene-0005,ros_origin,20,10-20,traversable_label,0.4,262,224,0,0,38
182a5517-c4b9-5eaa-aa3a-ec584d63a1be,scene-0005,ros_origin,20,10-20,traversable_label,0.8,262,257,0,0,5
182a5517-c4b9-5eaa-aa3a-ec584d63a1be,scene-0005,ros_origin,20,10-20,traversable_label,1.2,262,262,0,0,0
182a5517-c4b9-5eaa-aa3a-ec584d63a1be,scene-0005,ros_origin,20,10-20,potential_label,0.4,1333,1229,26,26,104
182a5517-c4b9-5eaa-aa3a-ec584d63a1be,scene-0005,ros_origin,20,10-20,potential_label,0.8,1333,1319,108,107,13
182a5517-c4b9-5eaa-aa3a-ec584d63a1be,scene-0005,ros_origin,20,10-20,potential_label,1.2,1333,1330,202,202,3
182a5517-c4b9-5eaa-aa3a-ec584d63a1be,scene-0005,ros_origin,20,10-20,nontraversable_label,0.4,4383,3520,99,73,837
182a5517-c4b9-5eaa-aa3a-ec584d63a1be,scene-0005,ros_origin,20,10-20,nontraversable_label,0.8,4383,4275,568,562,102
182a5517-c4b9-5eaa-aa3a-ec584d63a1be,scene-0005,ros_origin,20,10-20,nontraversable_label,1.2,4383,4361,1282,1279,19
182a5517-c4b9-5eaa-aa3a-ec584d63a1be,scene-0005,ros_origin,20,10-20,near_ground_geometry,0.4,326,319,0,0,7
182a5517-c4b9-5eaa-aa3a-ec584d63a1be,scene-0005,ros_origin,20,10-20,near_ground_geometry,0.8,326,326,5,5,0
182a5517-c4b9-5eaa-aa3a-ec584d63a1be,scene-0005,ros_origin,20,10-20,near_ground_geometry,1.2,326,326,18,18,0
182a5517-c4b9-5eaa-aa3a-ec584d63a1be,scene-0005,ros_origin,20,10-20,raised_geometry,0.4,61,25,0,0,36
182a5517-c4b9-5eaa-aa3a-ec584d63a1be,scene-0005,ros_origin,20,10-20,raised_geometry,0.8,61,53,0,0,8
182a5517-c4b9-5eaa-aa3a-ec584d63a1be,scene-0005,ros_origin,20,10-20,raised_geometry,1.2,61,61,0,0,0
182a5517-c4b9-5eaa-aa3a-ec584d63a1be,scene-0005,ros_origin,20,20-30,traversable_label,0.4,129,87,0,0,42
182a5517-c4b9-5eaa-aa3a-ec584d63a1be,scene-0005,ros_origin,20,20-30,traversable_label,0.8,129,119,0,0,10
182a5517-c4b9-5eaa-aa3a-ec584d63a1be,scene-0005,ros_origin,20,20-30,traversable_label,1.2,129,127,6,6,2
182a5517-c4b9-5eaa-aa3a-ec584d63a1be,scene-0005,ros_origin,20,20-30,potential_label,0.4,769,529,10,6,236
182a5517-c4b9-5eaa-aa3a-ec584d63a1be,scene-0005,ros_origin,20,20-30,potential_label,0.8,769,724,53,53,45
182a5517-c4b9-5eaa-aa3a-ec584d63a1be,scene-0005,ros_origin,20,20-30,potential_label,1.2,769,761,140,140,8
182a5517-c4b9-5eaa-aa3a-ec584d63a1be,scene-0005,ros_origin,20,20-30,nontraversable_label,0.4,3332,2378,13,9,950
182a5517-c4b9-5eaa-aa3a-ec584d63a1be,scene-0005,ros_origin,20,20-30,nontraversable_label,0.8,3332,3116,103,102,215
182a5517-c4b9-5eaa-aa3a-ec584d63a1be,scene-0005,ros_origin,20,20-30,nontraversable_label,1.2,3332,3195,378,378,137
182a5517-c4b9-5eaa-aa3a-ec584d63a1be,scene-0005,ros_origin,20,20-30,near_ground_geometry,0.4,226,167,6,5,58
182a5517-c4b9-5eaa-aa3a-ec584d63a1be,scene-0005,ros_origin,20,20-30,near_ground_geometry,0.8,226,210,16,16,16
182a5517-c4b9-5eaa-aa3a-ec584d63a1be,scene-0005,ros_origin,20,20-30,near_ground_geometry,1.2,226,223,33,33,3
182a5517-c4b9-5eaa-aa3a-ec584d63a1be,scene-0005,ros_origin,20,20-30,raised_geometry,0.4,30,3,0,0,27
182a5517-c4b9-5eaa-aa3a-ec584d63a1be,scene-0005,ros_origin,20,20-30,raised_geometry,0.8,30,30,1,1,0
182a5517-c4b9-5eaa-aa3a-ec584d63a1be,scene-0005,ros_origin,20,20-30,raised_geometry,1.2,30,30,2,2,0
182a5517-c4b9-5eaa-aa3a-ec584d63a1be,scene-0005,ros_origin,20,30-40,traversable_label,0.4,50,17,0,0,33
182a5517-c4b9-5eaa-aa3a-ec584d63a1be,scene-0005,ros_origin,20,30-40,traversable_label,0.8,50,31,0,0,19
182a5517-c4b9-5eaa-aa3a-ec584d63a1be,scene-0005,ros_origin,20,30-40,traversable_label,1.2,50,48,2,2,2
182a5517-c4b9-5eaa-aa3a-ec584d63a1be,scene-0005,ros_origin,20,30-40,potential_label,0.4,306,182,12,8,120
182a5517-c4b9-5eaa-aa3a-ec584d63a1be,scene-0005,ros_origin,20,30-40,potential_label,0.8,306,276,54,53,29
182a5517-c4b9-5eaa-aa3a-ec584d63a1be,scene-0005,ros_origin,20,30-40,potential_label,1.2,306,295,104,103,10
182a5517-c4b9-5eaa-aa3a-ec584d63a1be,scene-0005,ros_origin,20,30-40,nontraversable_label,0.4,2759,1262,16,4,1485
182a5517-c4b9-5eaa-aa3a-ec584d63a1be,scene-0005,ros_origin,20,30-40,nontraversable_label,0.8,2759,2095,103,91,652
182a5517-c4b9-5eaa-aa3a-ec584d63a1be,scene-0005,ros_origin,20,30-40,nontraversable_label,1.2,2759,2376,266,241,358
182a5517-c4b9-5eaa-aa3a-ec584d63a1be,scene-0005,ros_origin,20,30-40,near_ground_geometry,0.4,57,31,1,1,26
182a5517-c4b9-5eaa-aa3a-ec584d63a1be,scene-0005,ros_origin,20,30-40,near_ground_geometry,0.8,57,49,9,9,8
182a5517-c4b9-5eaa-aa3a-ec584d63a1be,scene-0005,ros_origin,20,30-40,near_ground_geometry,1.2,57,55,17,17,2
182a5517-c4b9-5eaa-aa3a-ec584d63a1be,scene-0005,ros_origin,20,30-40,raised_geometry,0.4,7,0,0,0,7
182a5517-c4b9-5eaa-aa3a-ec584d63a1be,scene-0005,ros_origin,20,30-40,raised_geometry,0.8,7,2,0,0,5
182a5517-c4b9-5eaa-aa3a-ec584d63a1be,scene-0005,ros_origin,20,30-40,raised_geometry,1.2,7,7,0,0,0
30c868e3-7494-56b7-95d4-cfa11fc599fe,scene-0005,static,10,2-10,traversable_label,0.4,112,96,8,8,16
30c868e3-7494-56b7-95d4-cfa11fc599fe,scene-0005,static,10,2-10,traversable_label,0.8,112,109,30,30,3
30c868e3-7494-56b7-95d4-cfa11fc599fe,scene-0005,static,10,2-10,traversable_label,1.2,112,112,38,38,0
30c868e3-7494-56b7-95d4-cfa11fc599fe,scene-0005,static,10,2-10,potential_label,0.4,421,410,7,6,10
30c868e3-7494-56b7-95d4-cfa11fc599fe,scene-0005,static,10,2-10,potential_label,0.8,421,420,26,26,1
30c868e3-7494-56b7-95d4-cfa11fc599fe,scene-0005,static,10,2-10,potential_label,1.2,421,421,55,55,0
30c868e3-7494-56b7-95d4-cfa11fc599fe,scene-0005,static,10,2-10,nontraversable_label,0.4,2809,2635,129,129,174
30c868e3-7494-56b7-95d4-cfa11fc599fe,scene-0005,static,10,2-10,nontraversable_label,0.8,2809,2803,622,622,6
30c868e3-7494-56b7-95d4-cfa11fc599fe,scene-0005,static,10,2-10,nontraversable_label,1.2,2809,2808,1199,1199,1
30c868e3-7494-56b7-95d4-cfa11fc599fe,scene-0005,static,10,2-10,near_ground_geometry,0.4,206,206,0,0,0
30c868e3-7494-56b7-95d4-cfa11fc599fe,scene-0005,static,10,2-10,near_ground_geometry,0.8,206,206,1,1,0
30c868e3-7494-56b7-95d4-cfa11fc599fe,scene-0005,static,10,2-10,near_ground_geometry,1.2,206,206,6,6,0
30c868e3-7494-56b7-95d4-cfa11fc599fe,scene-0005,static,10,2-10,raised_geometry,0.4,30,17,5,5,13
30c868e3-7494-56b7-95d4-cfa11fc599fe,scene-0005,static,10,2-10,raised_geometry,0.8,30,27,24,24,3
30c868e3-7494-56b7-95d4-cfa11fc599fe,scene-0005,static,10,2-10,raised_geometry,1.2,30,30,30,30,0
30c868e3-7494-56b7-95d4-cfa11fc599fe,scene-0005,static,10,10-20,traversable_label,0.4,187,150,0,0,37
30c868e3-7494-56b7-95d4-cfa11fc599fe,scene-0005,static,10,10-20,traversable_label,0.8,187,183,0,0,4
30c868e3-7494-56b7-95d4-cfa11fc599fe,scene-0005,static,10,10-20,traversable_label,1.2,187,187,0,0,0
30c868e3-7494-56b7-95d4-cfa11fc599fe,scene-0005,static,10,10-20,potential_label,0.4,1077,838,5,5,239
30c868e3-7494-56b7-95d4-cfa11fc599fe,scene-0005,static,10,10-20,potential_label,0.8,1077,1063,17,17,14
30c868e3-7494-56b7-95d4-cfa11fc599fe,scene-0005,static,10,10-20,potential_label,1.2,1077,1073,50,50,4
30c868e3-7494-56b7-95d4-cfa11fc599fe,scene-0005,static,10,10-20,nontraversable_label,0.4,3262,2625,118,110,629
30c868e3-7494-56b7-95d4-cfa11fc599fe,scene-0005,static,10,10-20,nontraversable_label,0.8,3262,3190,626,626,72
30c868e3-7494-56b7-95d4-cfa11fc599fe,scene-0005,static,10,10-20,nontraversable_label,1.2,3262,3244,1241,1241,18
30c868e3-7494-56b7-95d4-cfa11fc599fe,scene-0005,static,10,10-20,near_ground_geometry,0.4,245,177,0,0,68
30c868e3-7494-56b7-95d4-cfa11fc599fe,scene-0005,static,10,10-20,near_ground_geometry,0.8,245,238,0,0,7
30c868e3-7494-56b7-95d4-cfa11fc599fe,scene-0005,static,10,10-20,near_ground_geometry,1.2,245,245,0,0,0
30c868e3-7494-56b7-95d4-cfa11fc599fe,scene-0005,static,10,10-20,raised_geometry,0.4,51,39,0,0,12
30c868e3-7494-56b7-95d4-cfa11fc599fe,scene-0005,static,10,10-20,raised_geometry,0.8,51,50,0,0,1
30c868e3-7494-56b7-95d4-cfa11fc599fe,scene-0005,static,10,10-20,raised_geometry,1.2,51,51,0,0,0
30c868e3-7494-56b7-95d4-cfa11fc599fe,scene-0005,static,10,20-30,traversable_label,0.4,132,50,0,0,82
30c868e3-7494-56b7-95d4-cfa11fc599fe,scene-0005,static,10,20-30,traversable_label,0.8,132,111,0,0,21
30c868e3-7494-56b7-95d4-cfa11fc599fe,scene-0005,static,10,20-30,traversable_label,1.2,132,132,0,0,0
30c868e3-7494-56b7-95d4-cfa11fc599fe,scene-0005,static,10,20-30,potential_label,0.4,881,500,1,1,381
30c868e3-7494-56b7-95d4-cfa11fc599fe,scene-0005,static,10,20-30,potential_label,0.8,881,843,4,4,38
30c868e3-7494-56b7-95d4-cfa11fc599fe,scene-0005,static,10,20-30,potential_label,1.2,881,877,16,16,4
30c868e3-7494-56b7-95d4-cfa11fc599fe,scene-0005,static,10,20-30,nontraversable_label,0.4,2971,1725,57,52,1241
30c868e3-7494-56b7-95d4-cfa11fc599fe,scene-0005,static,10,20-30,nontraversable_label,0.8,2971,2672,381,378,296
30c868e3-7494-56b7-95d4-cfa11fc599fe,scene-0005,static,10,20-30,nontraversable_label,1.2,2971,2893,847,847,78
30c868e3-7494-56b7-95d4-cfa11fc599fe,scene-0005,static,10,20-30,near_ground_geometry,0.4,202,19,0,0,183
30c868e3-7494-56b7-95d4-cfa11fc599fe,scene-0005,static,10,20-30,near_ground_geometry,0.8,202,145,0,0,57
30c868e3-7494-56b7-95d4-cfa11fc599fe,scene-0005,static,10,20-30,near_ground_geometry,1.2,202,202,0,0,0
30c868e3-7494-56b7-95d4-cfa11fc599fe,scene-0005,static,10,20-30,raised_geometry,0.4,111,95,0,0,16
30c868e3-7494-56b7-95d4-cfa11fc599fe,scene-0005,static,10,20-30,raised_geometry,0.8,111,111,0,0,0
30c868e3-7494-56b7-95d4-cfa11fc599fe,scene-0005,static,10,20-30,raised_geometry,1.2,111,111,0,0,0
30c868e3-7494-56b7-95d4-cfa11fc599fe,scene-0005,static,10,30-40,traversable_label,0.4,38,11,0,0,27
30c868e3-7494-56b7-95d4-cfa11fc599fe,scene-0005,static,10,30-40,traversable_label,0.8,38,29,0,0,9
30c868e3-7494-56b7-95d4-cfa11fc599fe,scene-0005,static,10,30-40,traversable_label,1.2,38,37,0,0,1
30c868e3-7494-56b7-95d4-cfa11fc599fe,scene-0005,static,10,30-40,potential_label,0.4,364,165,0,0,199
30c868e3-7494-56b7-95d4-cfa11fc599fe,scene-0005,static,10,30-40,potential_label,0.8,364,327,13,12,36
30c868e3-7494-56b7-95d4-cfa11fc599fe,scene-0005,static,10,30-40,potential_label,1.2,364,360,27,27,4
30c868e3-7494-56b7-95d4-cfa11fc599fe,scene-0005,static,10,30-40,nontraversable_label,0.4,3527,1549,43,19,1954
30c868e3-7494-56b7-95d4-cfa11fc599fe,scene-0005,static,10,30-40,nontraversable_label,0.8,3527,2806,310,280,691
30c868e3-7494-56b7-95d4-cfa11fc599fe,scene-0005,static,10,30-40,nontraversable_label,1.2,3527,3288,746,726,219
30c868e3-7494-56b7-95d4-cfa11fc599fe,scene-0005,static,10,30-40,near_ground_geometry,0.4,8,0,0,0,8
30c868e3-7494-56b7-95d4-cfa11fc599fe,scene-0005,static,10,30-40,near_ground_geometry,0.8,8,1,0,0,7
30c868e3-7494-56b7-95d4-cfa11fc599fe,scene-0005,static,10,30-40,near_ground_geometry,1.2,8,7,0,0,1
30c868e3-7494-56b7-95d4-cfa11fc599fe,scene-0005,static,10,30-40,raised_geometry,0.4,7,4,0,0,3
30c868e3-7494-56b7-95d4-cfa11fc599fe,scene-0005,static,10,30-40,raised_geometry,0.8,7,7,0,0,0
30c868e3-7494-56b7-95d4-cfa11fc599fe,scene-0005,static,10,30-40,raised_geometry,1.2,7,7,0,0,0
30c868e3-7494-56b7-95d4-cfa11fc599fe,scene-0005,static,20,2-10,traversable_label,0.4,165,147,8,8,18
30c868e3-7494-56b7-95d4-cfa11fc599fe,scene-0005,static,20,2-10,traversable_label,0.8,165,161,39,39,4
30c868e3-7494-56b7-95d4-cfa11fc599fe,scene-0005,static,20,2-10,traversable_label,1.2,165,165,57,57,0
30c868e3-7494-56b7-95d4-cfa11fc599fe,scene-0005,static,20,2-10,potential_label,0.4,680,667,9,8,12
30c868e3-7494-56b7-95d4-cfa11fc599fe,scene-0005,static,20,2-10,potential_label,0.8,680,679,43,43,1
30c868e3-7494-56b7-95d4-cfa11fc599fe,scene-0005,static,20,2-10,potential_label,1.2,680,680,103,103,0
30c868e3-7494-56b7-95d4-cfa11fc599fe,scene-0005,static,20,2-10,nontraversable_label,0.4,3846,3551,138,137,294
30c868e3-7494-56b7-95d4-cfa11fc599fe,scene-0005,static,20,2-10,nontraversable_label,0.8,3846,3836,709,709,10
30c868e3-7494-56b7-95d4-cfa11fc599fe,scene-0005,static,20,2-10,nontraversable_label,1.2,3846,3845,1433,1433,1
30c868e3-7494-56b7-95d4-cfa11fc599fe,scene-0005,static,20,2-10,near_ground_geometry,0.4,340,340,1,1,0
30c868e3-7494-56b7-95d4-cfa11fc599fe,scene-0005,static,20,2-10,near_ground_geometry,0.8,340,340,11,11,0
30c868e3-7494-56b7-95d4-cfa11fc599fe,scene-0005,static,20,2-10,near_ground_geometry,1.2,340,340,38,38,0
30c868e3-7494-56b7-95d4-cfa11fc599fe,scene-0005,static,20,2-10,raised_geometry,0.4,33,17,5,5,16
30c868e3-7494-56b7-95d4-cfa11fc599fe,scene-0005,static,20,2-10,raised_geometry,0.8,33,29,25,25,4
30c868e3-7494-56b7-95d4-cfa11fc599fe,scene-0005,static,20,2-10,raised_geometry,1.2,33,33,33,33,0
30c868e3-7494-56b7-95d4-cfa11fc599fe,scene-0005,static,20,10-20,traversable_label,0.4,187,150,0,0,37
30c868e3-7494-56b7-95d4-cfa11fc599fe,scene-0005,static,20,10-20,traversable_label,0.8,187,183,0,0,4
30c868e3-7494-56b7-95d4-cfa11fc599fe,scene-0005,static,20,10-20,traversable_label,1.2,187,187,0,0,0
30c868e3-7494-56b7-95d4-cfa11fc599fe,scene-0005,static,20,10-20,potential_label,0.4,1077,838,5,5,239
30c868e3-7494-56b7-95d4-cfa11fc599fe,scene-0005,static,20,10-20,potential_label,0.8,1077,1063,17,17,14
30c868e3-7494-56b7-95d4-cfa11fc599fe,scene-0005,static,20,10-20,potential_label,1.2,1077,1073,50,50,4
30c868e3-7494-56b7-95d4-cfa11fc599fe,scene-0005,static,20,10-20,nontraversable_label,0.4,3837,3017,118,110,812
30c868e3-7494-56b7-95d4-cfa11fc599fe,scene-0005,static,20,10-20,nontraversable_label,0.8,3837,3716,630,630,121
30c868e3-7494-56b7-95d4-cfa11fc599fe,scene-0005,static,20,10-20,nontraversable_label,1.2,3837,3800,1267,1267,37
30c868e3-7494-56b7-95d4-cfa11fc599fe,scene-0005,static,20,10-20,near_ground_geometry,0.4,245,177,0,0,68
30c868e3-7494-56b7-95d4-cfa11fc599fe,scene-0005,static,20,10-20,near_ground_geometry,0.8,245,238,0,0,7
30c868e3-7494-56b7-95d4-cfa11fc599fe,scene-0005,static,20,10-20,near_ground_geometry,1.2,245,245,0,0,0
30c868e3-7494-56b7-95d4-cfa11fc599fe,scene-0005,static,20,10-20,raised_geometry,0.4,51,39,0,0,12
30c868e3-7494-56b7-95d4-cfa11fc599fe,scene-0005,static,20,10-20,raised_geometry,0.8,51,50,0,0,1
30c868e3-7494-56b7-95d4-cfa11fc599fe,scene-0005,static,20,10-20,raised_geometry,1.2,51,51,0,0,0
30c868e3-7494-56b7-95d4-cfa11fc599fe,scene-0005,static,20,20-30,traversable_label,0.4,132,50,0,0,82
30c868e3-7494-56b7-95d4-cfa11fc599fe,scene-0005,static,20,20-30,traversable_label,0.8,132,111,0,0,21
30c868e3-7494-56b7-95d4-cfa11fc599fe,scene-0005,static,20,20-30,traversable_label,1.2,132,132,0,0,0
30c868e3-7494-56b7-95d4-cfa11fc599fe,scene-0005,static,20,20-30,potential_label,0.4,881,500,1,1,381
30c868e3-7494-56b7-95d4-cfa11fc599fe,scene-0005,static,20,20-30,potential_label,0.8,881,843,4,4,38
30c868e3-7494-56b7-95d4-cfa11fc599fe,scene-0005,static,20,20-30,potential_label,1.2,881,877,16,16,4
30c868e3-7494-56b7-95d4-cfa11fc599fe,scene-0005,static,20,20-30,nontraversable_label,0.4,3007,1743,57,52,1259
30c868e3-7494-56b7-95d4-cfa11fc599fe,scene-0005,static,20,20-30,nontraversable_label,0.8,3007,2707,381,378,297
30c868e3-7494-56b7-95d4-cfa11fc599fe,scene-0005,static,20,20-30,nontraversable_label,1.2,3007,2928,847,847,79
30c868e3-7494-56b7-95d4-cfa11fc599fe,scene-0005,static,20,20-30,near_ground_geometry,0.4,202,19,0,0,183
30c868e3-7494-56b7-95d4-cfa11fc599fe,scene-0005,static,20,20-30,near_ground_geometry,0.8,202,145,0,0,57
30c868e3-7494-56b7-95d4-cfa11fc599fe,scene-0005,static,20,20-30,near_ground_geometry,1.2,202,202,0,0,0
30c868e3-7494-56b7-95d4-cfa11fc599fe,scene-0005,static,20,20-30,raised_geometry,0.4,111,95,0,0,16
30c868e3-7494-56b7-95d4-cfa11fc599fe,scene-0005,static,20,20-30,raised_geometry,0.8,111,111,0,0,0
30c868e3-7494-56b7-95d4-cfa11fc599fe,scene-0005,static,20,20-30,raised_geometry,1.2,111,111,0,0,0
30c868e3-7494-56b7-95d4-cfa11fc599fe,scene-0005,static,20,30-40,traversable_label,0.4,38,11,0,0,27
30c868e3-7494-56b7-95d4-cfa11fc599fe,scene-0005,static,20,30-40,traversable_label,0.8,38,29,0,0,9
30c868e3-7494-56b7-95d4-cfa11fc599fe,scene-0005,static,20,30-40,traversable_label,1.2,38,37,0,0,1
30c868e3-7494-56b7-95d4-cfa11fc599fe,scene-0005,static,20,30-40,potential_label,0.4,364,165,0,0,199
30c868e3-7494-56b7-95d4-cfa11fc599fe,scene-0005,static,20,30-40,potential_label,0.8,364,327,13,12,36
30c868e3-7494-56b7-95d4-cfa11fc599fe,scene-0005,static,20,30-40,potential_label,1.2,364,360,27,27,4
30c868e3-7494-56b7-95d4-cfa11fc599fe,scene-0005,static,20,30-40,nontraversable_label,0.4,3527,1549,43,19,1954
30c868e3-7494-56b7-95d4-cfa11fc599fe,scene-0005,static,20,30-40,nontraversable_label,0.8,3527,2806,310,280,691
30c868e3-7494-56b7-95d4-cfa11fc599fe,scene-0005,static,20,30-40,nontraversable_label,1.2,3527,3288,746,726,219
30c868e3-7494-56b7-95d4-cfa11fc599fe,scene-0005,static,20,30-40,near_ground_geometry,0.4,8,0,0,0,8
30c868e3-7494-56b7-95d4-cfa11fc599fe,scene-0005,static,20,30-40,near_ground_geometry,0.8,8,1,0,0,7
30c868e3-7494-56b7-95d4-cfa11fc599fe,scene-0005,static,20,30-40,near_ground_geometry,1.2,8,7,0,0,1
30c868e3-7494-56b7-95d4-cfa11fc599fe,scene-0005,static,20,30-40,raised_geometry,0.4,7,4,0,0,3
30c868e3-7494-56b7-95d4-cfa11fc599fe,scene-0005,static,20,30-40,raised_geometry,0.8,7,7,0,0,0
30c868e3-7494-56b7-95d4-cfa11fc599fe,scene-0005,static,20,30-40,raised_geometry,1.2,7,7,0,0,0
30c868e3-7494-56b7-95d4-cfa11fc599fe,scene-0005,aligned,10,2-10,traversable_label,0.4,112,96,7,7,16
30c868e3-7494-56b7-95d4-cfa11fc599fe,scene-0005,aligned,10,2-10,traversable_label,0.8,112,109,30,30,3
30c868e3-7494-56b7-95d4-cfa11fc599fe,scene-0005,aligned,10,2-10,traversable_label,1.2,112,112,38,38,0
30c868e3-7494-56b7-95d4-cfa11fc599fe,scene-0005,aligned,10,2-10,potential_label,0.4,421,410,7,6,10
30c868e3-7494-56b7-95d4-cfa11fc599fe,scene-0005,aligned,10,2-10,potential_label,0.8,421,420,25,25,1
30c868e3-7494-56b7-95d4-cfa11fc599fe,scene-0005,aligned,10,2-10,potential_label,1.2,421,421,55,55,0
30c868e3-7494-56b7-95d4-cfa11fc599fe,scene-0005,aligned,10,2-10,nontraversable_label,0.4,2809,2635,127,127,174
30c868e3-7494-56b7-95d4-cfa11fc599fe,scene-0005,aligned,10,2-10,nontraversable_label,0.8,2809,2803,617,617,6
30c868e3-7494-56b7-95d4-cfa11fc599fe,scene-0005,aligned,10,2-10,nontraversable_label,1.2,2809,2808,1202,1202,1
30c868e3-7494-56b7-95d4-cfa11fc599fe,scene-0005,aligned,10,2-10,near_ground_geometry,0.4,206,206,0,0,0
30c868e3-7494-56b7-95d4-cfa11fc599fe,scene-0005,aligned,10,2-10,near_ground_geometry,0.8,206,206,1,1,0
30c868e3-7494-56b7-95d4-cfa11fc599fe,scene-0005,aligned,10,2-10,near_ground_geometry,1.2,206,206,6,6,0
30c868e3-7494-56b7-95d4-cfa11fc599fe,scene-0005,aligned,10,2-10,raised_geometry,0.4,30,17,5,5,13
30c868e3-7494-56b7-95d4-cfa11fc599fe,scene-0005,aligned,10,2-10,raised_geometry,0.8,30,27,24,24,3
30c868e3-7494-56b7-95d4-cfa11fc599fe,scene-0005,aligned,10,2-10,raised_geometry,1.2,30,30,30,30,0
30c868e3-7494-56b7-95d4-cfa11fc599fe,scene-0005,aligned,10,10-20,traversable_label,0.4,187,150,0,0,37
30c868e3-7494-56b7-95d4-cfa11fc599fe,scene-0005,aligned,10,10-20,traversable_label,0.8,187,183,0,0,4
30c868e3-7494-56b7-95d4-cfa11fc599fe,scene-0005,aligned,10,10-20,traversable_label,1.2,187,187,0,0,0
30c868e3-7494-56b7-95d4-cfa11fc599fe,scene-0005,aligned,10,10-20,potential_label,0.4,1077,838,4,4,239
30c868e3-7494-56b7-95d4-cfa11fc599fe,scene-0005,aligned,10,10-20,potential_label,0.8,1077,1063,15,15,14
30c868e3-7494-56b7-95d4-cfa11fc599fe,scene-0005,aligned,10,10-20,potential_label,1.2,1077,1073,48,48,4
30c868e3-7494-56b7-95d4-cfa11fc599fe,scene-0005,aligned,10,10-20,nontraversable_label,0.4,3262,2625,116,109,630
30c868e3-7494-56b7-95d4-cfa11fc599fe,scene-0005,aligned,10,10-20,nontraversable_label,0.8,3262,3190,624,624,72
30c868e3-7494-56b7-95d4-cfa11fc599fe,scene-0005,aligned,10,10-20,nontraversable_label,1.2,3262,3244,1253,1253,18
30c868e3-7494-56b7-95d4-cfa11fc599fe,scene-0005,aligned,10,10-20,near_ground_geometry,0.4,245,177,0,0,68
30c868e3-7494-56b7-95d4-cfa11fc599fe,scene-0005,aligned,10,10-20,near_ground_geometry,0.8,245,238,0,0,7
30c868e3-7494-56b7-95d4-cfa11fc599fe,scene-0005,aligned,10,10-20,near_ground_geometry,1.2,245,245,0,0,0
30c868e3-7494-56b7-95d4-cfa11fc599fe,scene-0005,aligned,10,10-20,raised_geometry,0.4,51,39,0,0,12
30c868e3-7494-56b7-95d4-cfa11fc599fe,scene-0005,aligned,10,10-20,raised_geometry,0.8,51,50,0,0,1
30c868e3-7494-56b7-95d4-cfa11fc599fe,scene-0005,aligned,10,10-20,raised_geometry,1.2,51,51,0,0,0
30c868e3-7494-56b7-95d4-cfa11fc599fe,scene-0005,aligned,10,20-30,traversable_label,0.4,132,50,0,0,82
30c868e3-7494-56b7-95d4-cfa11fc599fe,scene-0005,aligned,10,20-30,traversable_label,0.8,132,111,0,0,21
30c868e3-7494-56b7-95d4-cfa11fc599fe,scene-0005,aligned,10,20-30,traversable_label,1.2,132,132,0,0,0
30c868e3-7494-56b7-95d4-cfa11fc599fe,scene-0005,aligned,10,20-30,potential_label,0.4,881,500,1,1,381
30c868e3-7494-56b7-95d4-cfa11fc599fe,scene-0005,aligned,10,20-30,potential_label,0.8,881,843,4,4,38
30c868e3-7494-56b7-95d4-cfa11fc599fe,scene-0005,aligned,10,20-30,potential_label,1.2,881,877,17,17,4
30c868e3-7494-56b7-95d4-cfa11fc599fe,scene-0005,aligned,10,20-30,nontraversable_label,0.4,2971,1725,58,53,1241
30c868e3-7494-56b7-95d4-cfa11fc599fe,scene-0005,aligned,10,20-30,nontraversable_label,0.8,2971,2672,380,377,296
30c868e3-7494-56b7-95d4-cfa11fc599fe,scene-0005,aligned,10,20-30,nontraversable_label,1.2,2971,2893,846,846,78
30c868e3-7494-56b7-95d4-cfa11fc599fe,scene-0005,aligned,10,20-30,near_ground_geometry,0.4,202,19,0,0,183
30c868e3-7494-56b7-95d4-cfa11fc599fe,scene-0005,aligned,10,20-30,near_ground_geometry,0.8,202,145,0,0,57
30c868e3-7494-56b7-95d4-cfa11fc599fe,scene-0005,aligned,10,20-30,near_ground_geometry,1.2,202,202,0,0,0
30c868e3-7494-56b7-95d4-cfa11fc599fe,scene-0005,aligned,10,20-30,raised_geometry,0.4,111,95,0,0,16
30c868e3-7494-56b7-95d4-cfa11fc599fe,scene-0005,aligned,10,20-30,raised_geometry,0.8,111,111,0,0,0
30c868e3-7494-56b7-95d4-cfa11fc599fe,scene-0005,aligned,10,20-30,raised_geometry,1.2,111,111,0,0,0
30c868e3-7494-56b7-95d4-cfa11fc599fe,scene-0005,aligned,10,30-40,traversable_label,0.4,38,11,0,0,27
30c868e3-7494-56b7-95d4-cfa11fc599fe,scene-0005,aligned,10,30-40,traversable_label,0.8,38,29,0,0,9
30c868e3-7494-56b7-95d4-cfa11fc599fe,scene-0005,aligned,10,30-40,traversable_label,1.2,38,37,0,0,1
30c868e3-7494-56b7-95d4-cfa11fc599fe,scene-0005,aligned,10,30-40,potential_label,0.4,364,165,0,0,199
30c868e3-7494-56b7-95d4-cfa11fc599fe,scene-0005,aligned,10,30-40,potential_label,0.8,364,327,13,12,36
30c868e3-7494-56b7-95d4-cfa11fc599fe,scene-0005,aligned,10,30-40,potential_label,1.2,364,360,25,25,4
30c868e3-7494-56b7-95d4-cfa11fc599fe,scene-0005,aligned,10,30-40,nontraversable_label,0.4,3527,1549,50,26,1954
30c868e3-7494-56b7-95d4-cfa11fc599fe,scene-0005,aligned,10,30-40,nontraversable_label,0.8,3527,2806,311,279,689
30c868e3-7494-56b7-95d4-cfa11fc599fe,scene-0005,aligned,10,30-40,nontraversable_label,1.2,3527,3288,734,714,219
30c868e3-7494-56b7-95d4-cfa11fc599fe,scene-0005,aligned,10,30-40,near_ground_geometry,0.4,8,0,0,0,8
30c868e3-7494-56b7-95d4-cfa11fc599fe,scene-0005,aligned,10,30-40,near_ground_geometry,0.8,8,1,0,0,7
30c868e3-7494-56b7-95d4-cfa11fc599fe,scene-0005,aligned,10,30-40,near_ground_geometry,1.2,8,7,0,0,1
30c868e3-7494-56b7-95d4-cfa11fc599fe,scene-0005,aligned,10,30-40,raised_geometry,0.4,7,4,0,0,3
30c868e3-7494-56b7-95d4-cfa11fc599fe,scene-0005,aligned,10,30-40,raised_geometry,0.8,7,7,0,0,0
30c868e3-7494-56b7-95d4-cfa11fc599fe,scene-0005,aligned,10,30-40,raised_geometry,1.2,7,7,0,0,0
30c868e3-7494-56b7-95d4-cfa11fc599fe,scene-0005,aligned,20,2-10,traversable_label,0.4,165,147,7,7,18
30c868e3-7494-56b7-95d4-cfa11fc599fe,scene-0005,aligned,20,2-10,traversable_label,0.8,165,161,38,38,4
30c868e3-7494-56b7-95d4-cfa11fc599fe,scene-0005,aligned,20,2-10,traversable_label,1.2,165,165,57,57,0
30c868e3-7494-56b7-95d4-cfa11fc599fe,scene-0005,aligned,20,2-10,potential_label,0.4,680,667,8,7,12
30c868e3-7494-56b7-95d4-cfa11fc599fe,scene-0005,aligned,20,2-10,potential_label,0.8,680,679,42,42,1
30c868e3-7494-56b7-95d4-cfa11fc599fe,scene-0005,aligned,20,2-10,potential_label,1.2,680,680,104,104,0
30c868e3-7494-56b7-95d4-cfa11fc599fe,scene-0005,aligned,20,2-10,nontraversable_label,0.4,3846,3551,137,136,294
30c868e3-7494-56b7-95d4-cfa11fc599fe,scene-0005,aligned,20,2-10,nontraversable_label,0.8,3846,3836,703,703,10
30c868e3-7494-56b7-95d4-cfa11fc599fe,scene-0005,aligned,20,2-10,nontraversable_label,1.2,3846,3845,1435,1435,1
30c868e3-7494-56b7-95d4-cfa11fc599fe,scene-0005,aligned,20,2-10,near_ground_geometry,0.4,340,340,0,0,0
30c868e3-7494-56b7-95d4-cfa11fc599fe,scene-0005,aligned,20,2-10,near_ground_geometry,0.8,340,340,10,10,0
30c868e3-7494-56b7-95d4-cfa11fc599fe,scene-0005,aligned,20,2-10,near_ground_geometry,1.2,340,340,39,39,0
30c868e3-7494-56b7-95d4-cfa11fc599fe,scene-0005,aligned,20,2-10,raised_geometry,0.4,33,17,5,5,16
30c868e3-7494-56b7-95d4-cfa11fc599fe,scene-0005,aligned,20,2-10,raised_geometry,0.8,33,29,25,25,4
30c868e3-7494-56b7-95d4-cfa11fc599fe,scene-0005,aligned,20,2-10,raised_geometry,1.2,33,33,33,33,0
30c868e3-7494-56b7-95d4-cfa11fc599fe,scene-0005,aligned,20,10-20,traversable_label,0.4,187,150,0,0,37
30c868e3-7494-56b7-95d4-cfa11fc599fe,scene-0005,aligned,20,10-20,traversable_label,0.8,187,183,0,0,4
30c868e3-7494-56b7-95d4-cfa11fc599fe,scene-0005,aligned,20,10-20,traversable_label,1.2,187,187,0,0,0
30c868e3-7494-56b7-95d4-cfa11fc599fe,scene-0005,aligned,20,10-20,potential_label,0.4,1077,838,4,4,239
30c868e3-7494-56b7-95d4-cfa11fc599fe,scene-0005,aligned,20,10-20,potential_label,0.8,1077,1063,15,15,14
30c868e3-7494-56b7-95d4-cfa11fc599fe,scene-0005,aligned,20,10-20,potential_label,1.2,1077,1073,48,48,4
30c868e3-7494-56b7-95d4-cfa11fc599fe,scene-0005,aligned,20,10-20,nontraversable_label,0.4,3837,3017,116,109,813
30c868e3-7494-56b7-95d4-cfa11fc599fe,scene-0005,aligned,20,10-20,nontraversable_label,0.8,3837,3716,628,628,121
30c868e3-7494-56b7-95d4-cfa11fc599fe,scene-0005,aligned,20,10-20,nontraversable_label,1.2,3837,3800,1282,1282,37
30c868e3-7494-56b7-95d4-cfa11fc599fe,scene-0005,aligned,20,10-20,near_ground_geometry,0.4,245,177,0,0,68
30c868e3-7494-56b7-95d4-cfa11fc599fe,scene-0005,aligned,20,10-20,near_ground_geometry,0.8,245,238,0,0,7
30c868e3-7494-56b7-95d4-cfa11fc599fe,scene-0005,aligned,20,10-20,near_ground_geometry,1.2,245,245,0,0,0
30c868e3-7494-56b7-95d4-cfa11fc599fe,scene-0005,aligned,20,10-20,raised_geometry,0.4,51,39,0,0,12
30c868e3-7494-56b7-95d4-cfa11fc599fe,scene-0005,aligned,20,10-20,raised_geometry,0.8,51,50,0,0,1
30c868e3-7494-56b7-95d4-cfa11fc599fe,scene-0005,aligned,20,10-20,raised_geometry,1.2,51,51,0,0,0
30c868e3-7494-56b7-95d4-cfa11fc599fe,scene-0005,aligned,20,20-30,traversable_label,0.4,132,50,0,0,82
30c868e3-7494-56b7-95d4-cfa11fc599fe,scene-0005,aligned,20,20-30,traversable_label,0.8,132,111,0,0,21
30c868e3-7494-56b7-95d4-cfa11fc599fe,scene-0005,aligned,20,20-30,traversable_label,1.2,132,132,0,0,0
30c868e3-7494-56b7-95d4-cfa11fc599fe,scene-0005,aligned,20,20-30,potential_label,0.4,881,500,1,1,381
30c868e3-7494-56b7-95d4-cfa11fc599fe,scene-0005,aligned,20,20-30,potential_label,0.8,881,843,4,4,38
30c868e3-7494-56b7-95d4-cfa11fc599fe,scene-0005,aligned,20,20-30,potential_label,1.2,881,877,17,17,4
30c868e3-7494-56b7-95d4-cfa11fc599fe,scene-0005,aligned,20,20-30,nontraversable_label,0.4,3007,1743,58,53,1259
30c868e3-7494-56b7-95d4-cfa11fc599fe,scene-0005,aligned,20,20-30,nontraversable_label,0.8,3007,2707,380,377,297
30c868e3-7494-56b7-95d4-cfa11fc599fe,scene-0005,aligned,20,20-30,nontraversable_label,1.2,3007,2928,846,846,79
30c868e3-7494-56b7-95d4-cfa11fc599fe,scene-0005,aligned,20,20-30,near_ground_geometry,0.4,202,19,0,0,183
30c868e3-7494-56b7-95d4-cfa11fc599fe,scene-0005,aligned,20,20-30,near_ground_geometry,0.8,202,145,0,0,57
30c868e3-7494-56b7-95d4-cfa11fc599fe,scene-0005,aligned,20,20-30,near_ground_geometry,1.2,202,202,0,0,0
30c868e3-7494-56b7-95d4-cfa11fc599fe,scene-0005,aligned,20,20-30,raised_geometry,0.4,111,95,0,0,16
30c868e3-7494-56b7-95d4-cfa11fc599fe,scene-0005,aligned,20,20-30,raised_geometry,0.8,111,111,0,0,0
30c868e3-7494-56b7-95d4-cfa11fc599fe,scene-0005,aligned,20,20-30,raised_geometry,1.2,111,111,0,0,0
30c868e3-7494-56b7-95d4-cfa11fc599fe,scene-0005,aligned,20,30-40,traversable_label,0.4,38,11,0,0,27
30c868e3-7494-56b7-95d4-cfa11fc599fe,scene-0005,aligned,20,30-40,traversable_label,0.8,38,29,0,0,9
30c868e3-7494-56b7-95d4-cfa11fc599fe,scene-0005,aligned,20,30-40,traversable_label,1.2,38,37,0,0,1
30c868e3-7494-56b7-95d4-cfa11fc599fe,scene-0005,aligned,20,30-40,potential_label,0.4,364,165,0,0,199
30c868e3-7494-56b7-95d4-cfa11fc599fe,scene-0005,aligned,20,30-40,potential_label,0.8,364,327,13,12,36
30c868e3-7494-56b7-95d4-cfa11fc599fe,scene-0005,aligned,20,30-40,potential_label,1.2,364,360,25,25,4
30c868e3-7494-56b7-95d4-cfa11fc599fe,scene-0005,aligned,20,30-40,nontraversable_label,0.4,3527,1549,50,26,1954
30c868e3-7494-56b7-95d4-cfa11fc599fe,scene-0005,aligned,20,30-40,nontraversable_label,0.8,3527,2806,311,279,689
30c868e3-7494-56b7-95d4-cfa11fc599fe,scene-0005,aligned,20,30-40,nontraversable_label,1.2,3527,3288,734,714,219
30c868e3-7494-56b7-95d4-cfa11fc599fe,scene-0005,aligned,20,30-40,near_ground_geometry,0.4,8,0,0,0,8
30c868e3-7494-56b7-95d4-cfa11fc599fe,scene-0005,aligned,20,30-40,near_ground_geometry,0.8,8,1,0,0,7
30c868e3-7494-56b7-95d4-cfa11fc599fe,scene-0005,aligned,20,30-40,near_ground_geometry,1.2,8,7,0,0,1
30c868e3-7494-56b7-95d4-cfa11fc599fe,scene-0005,aligned,20,30-40,raised_geometry,0.4,7,4,0,0,3
30c868e3-7494-56b7-95d4-cfa11fc599fe,scene-0005,aligned,20,30-40,raised_geometry,0.8,7,7,0,0,0
30c868e3-7494-56b7-95d4-cfa11fc599fe,scene-0005,aligned,20,30-40,raised_geometry,1.2,7,7,0,0,0
30c868e3-7494-56b7-95d4-cfa11fc599fe,scene-0005,ros_origin,10,2-10,traversable_label,0.4,112,96,3,3,16
30c868e3-7494-56b7-95d4-cfa11fc599fe,scene-0005,ros_origin,10,2-10,traversable_label,0.8,112,109,26,26,3
30c868e3-7494-56b7-95d4-cfa11fc599fe,scene-0005,ros_origin,10,2-10,traversable_label,1.2,112,112,38,38,0
30c868e3-7494-56b7-95d4-cfa11fc599fe,scene-0005,ros_origin,10,2-10,potential_label,0.4,421,410,2,2,11
30c868e3-7494-56b7-95d4-cfa11fc599fe,scene-0005,ros_origin,10,2-10,potential_label,0.8,421,420,22,22,1
30c868e3-7494-56b7-95d4-cfa11fc599fe,scene-0005,ros_origin,10,2-10,potential_label,1.2,421,421,55,55,0
30c868e3-7494-56b7-95d4-cfa11fc599fe,scene-0005,ros_origin,10,2-10,nontraversable_label,0.4,2809,2635,96,95,173
30c868e3-7494-56b7-95d4-cfa11fc599fe,scene-0005,ros_origin,10,2-10,nontraversable_label,0.8,2809,2803,508,508,6
30c868e3-7494-56b7-95d4-cfa11fc599fe,scene-0005,ros_origin,10,2-10,nontraversable_label,1.2,2809,2808,1085,1085,1
30c868e3-7494-56b7-95d4-cfa11fc599fe,scene-0005,ros_origin,10,2-10,near_ground_geometry,0.4,206,206,0,0,0
30c868e3-7494-56b7-95d4-cfa11fc599fe,scene-0005,ros_origin,10,2-10,near_ground_geometry,0.8,206,206,1,1,0
30c868e3-7494-56b7-95d4-cfa11fc599fe,scene-0005,ros_origin,10,2-10,near_ground_geometry,1.2,206,206,5,5,0
30c868e3-7494-56b7-95d4-cfa11fc599fe,scene-0005,ros_origin,10,2-10,raised_geometry,0.4,30,17,3,3,13
30c868e3-7494-56b7-95d4-cfa11fc599fe,scene-0005,ros_origin,10,2-10,raised_geometry,0.8,30,27,21,21,3
30c868e3-7494-56b7-95d4-cfa11fc599fe,scene-0005,ros_origin,10,2-10,raised_geometry,1.2,30,30,30,30,0
30c868e3-7494-56b7-95d4-cfa11fc599fe,scene-0005,ros_origin,10,10-20,traversable_label,0.4,187,150,0,0,37
30c868e3-7494-56b7-95d4-cfa11fc599fe,scene-0005,ros_origin,10,10-20,traversable_label,0.8,187,183,0,0,4
30c868e3-7494-56b7-95d4-cfa11fc599fe,scene-0005,ros_origin,10,10-20,traversable_label,1.2,187,187,0,0,0
30c868e3-7494-56b7-95d4-cfa11fc599fe,scene-0005,ros_origin,10,10-20,potential_label,0.4,1077,838,4,4,239
30c868e3-7494-56b7-95d4-cfa11fc599fe,scene-0005,ros_origin,10,10-20,potential_label,0.8,1077,1063,24,24,14
30c868e3-7494-56b7-95d4-cfa11fc599fe,scene-0005,ros_origin,10,10-20,potential_label,1.2,1077,1073,63,63,4
30c868e3-7494-56b7-95d4-cfa11fc599fe,scene-0005,ros_origin,10,10-20,nontraversable_label,0.4,3262,2625,115,94,616
30c868e3-7494-56b7-95d4-cfa11fc599fe,scene-0005,ros_origin,10,10-20,nontraversable_label,0.8,3262,3190,593,592,71
30c868e3-7494-56b7-95d4-cfa11fc599fe,scene-0005,ros_origin,10,10-20,nontraversable_label,1.2,3262,3244,1186,1186,18
30c868e3-7494-56b7-95d4-cfa11fc599fe,scene-0005,ros_origin,10,10-20,near_ground_geometry,0.4,245,177,0,0,68
30c868e3-7494-56b7-95d4-cfa11fc599fe,scene-0005,ros_origin,10,10-20,near_ground_geometry,0.8,245,238,0,0,7
30c868e3-7494-56b7-95d4-cfa11fc599fe,scene-0005,ros_origin,10,10-20,near_ground_geometry,1.2,245,245,2,2,0
30c868e3-7494-56b7-95d4-cfa11fc599fe,scene-0005,ros_origin,10,10-20,raised_geometry,0.4,51,39,0,0,12
30c868e3-7494-56b7-95d4-cfa11fc599fe,scene-0005,ros_origin,10,10-20,raised_geometry,0.8,51,50,0,0,1
30c868e3-7494-56b7-95d4-cfa11fc599fe,scene-0005,ros_origin,10,10-20,raised_geometry,1.2,51,51,0,0,0
30c868e3-7494-56b7-95d4-cfa11fc599fe,scene-0005,ros_origin,10,20-30,traversable_label,0.4,132,50,0,0,82
30c868e3-7494-56b7-95d4-cfa11fc599fe,scene-0005,ros_origin,10,20-30,traversable_label,0.8,132,111,0,0,21
30c868e3-7494-56b7-95d4-cfa11fc599fe,scene-0005,ros_origin,10,20-30,traversable_label,1.2,132,132,0,0,0
30c868e3-7494-56b7-95d4-cfa11fc599fe,scene-0005,ros_origin,10,20-30,potential_label,0.4,881,500,0,0,381
30c868e3-7494-56b7-95d4-cfa11fc599fe,scene-0005,ros_origin,10,20-30,potential_label,0.8,881,843,3,3,38
30c868e3-7494-56b7-95d4-cfa11fc599fe,scene-0005,ros_origin,10,20-30,potential_label,1.2,881,877,40,40,4
30c868e3-7494-56b7-95d4-cfa11fc599fe,scene-0005,ros_origin,10,20-30,nontraversable_label,0.4,2971,1725,64,39,1221
30c868e3-7494-56b7-95d4-cfa11fc599fe,scene-0005,ros_origin,10,20-30,nontraversable_label,0.8,2971,2672,394,385,290
30c868e3-7494-56b7-95d4-cfa11fc599fe,scene-0005,ros_origin,10,20-30,nontraversable_label,1.2,2971,2893,863,863,78
30c868e3-7494-56b7-95d4-cfa11fc599fe,scene-0005,ros_origin,10,20-30,near_ground_geometry,0.4,202,19,0,0,183
30c868e3-7494-56b7-95d4-cfa11fc599fe,scene-0005,ros_origin,10,20-30,near_ground_geometry,0.8,202,145,0,0,57
30c868e3-7494-56b7-95d4-cfa11fc599fe,scene-0005,ros_origin,10,20-30,near_ground_geometry,1.2,202,202,2,2,0
30c868e3-7494-56b7-95d4-cfa11fc599fe,scene-0005,ros_origin,10,20-30,raised_geometry,0.4,111,95,0,0,16
30c868e3-7494-56b7-95d4-cfa11fc599fe,scene-0005,ros_origin,10,20-30,raised_geometry,0.8,111,111,0,0,0
30c868e3-7494-56b7-95d4-cfa11fc599fe,scene-0005,ros_origin,10,20-30,raised_geometry,1.2,111,111,0,0,0
30c868e3-7494-56b7-95d4-cfa11fc599fe,scene-0005,ros_origin,10,30-40,traversable_label,0.4,38,11,0,0,27
30c868e3-7494-56b7-95d4-cfa11fc599fe,scene-0005,ros_origin,10,30-40,traversable_label,0.8,38,29,0,0,9
30c868e3-7494-56b7-95d4-cfa11fc599fe,scene-0005,ros_origin,10,30-40,traversable_label,1.2,38,37,0,0,1
30c868e3-7494-56b7-95d4-cfa11fc599fe,scene-0005,ros_origin,10,30-40,potential_label,0.4,364,165,2,0,197
30c868e3-7494-56b7-95d4-cfa11fc599fe,scene-0005,ros_origin,10,30-40,potential_label,0.8,364,327,8,7,36
30c868e3-7494-56b7-95d4-cfa11fc599fe,scene-0005,ros_origin,10,30-40,potential_label,1.2,364,360,26,26,4
30c868e3-7494-56b7-95d4-cfa11fc599fe,scene-0005,ros_origin,10,30-40,nontraversable_label,0.4,3527,1549,45,23,1956
30c868e3-7494-56b7-95d4-cfa11fc599fe,scene-0005,ros_origin,10,30-40,nontraversable_label,0.8,3527,2806,274,236,683
30c868e3-7494-56b7-95d4-cfa11fc599fe,scene-0005,ros_origin,10,30-40,nontraversable_label,1.2,3527,3288,703,687,223
30c868e3-7494-56b7-95d4-cfa11fc599fe,scene-0005,ros_origin,10,30-40,near_ground_geometry,0.4,8,0,0,0,8
30c868e3-7494-56b7-95d4-cfa11fc599fe,scene-0005,ros_origin,10,30-40,near_ground_geometry,0.8,8,1,0,0,7
30c868e3-7494-56b7-95d4-cfa11fc599fe,scene-0005,ros_origin,10,30-40,near_ground_geometry,1.2,8,7,0,0,1
30c868e3-7494-56b7-95d4-cfa11fc599fe,scene-0005,ros_origin,10,30-40,raised_geometry,0.4,7,4,0,0,3
30c868e3-7494-56b7-95d4-cfa11fc599fe,scene-0005,ros_origin,10,30-40,raised_geometry,0.8,7,7,0,0,0
30c868e3-7494-56b7-95d4-cfa11fc599fe,scene-0005,ros_origin,10,30-40,raised_geometry,1.2,7,7,0,0,0
30c868e3-7494-56b7-95d4-cfa11fc599fe,scene-0005,ros_origin,20,2-10,traversable_label,0.4,165,147,6,6,18
30c868e3-7494-56b7-95d4-cfa11fc599fe,scene-0005,ros_origin,20,2-10,traversable_label,0.8,165,161,37,37,4
30c868e3-7494-56b7-95d4-cfa11fc599fe,scene-0005,ros_origin,20,2-10,traversable_label,1.2,165,165,59,59,0
30c868e3-7494-56b7-95d4-cfa11fc599fe,scene-0005,ros_origin,20,2-10,potential_label,0.4,680,667,7,7,13
30c868e3-7494-56b7-95d4-cfa11fc599fe,scene-0005,ros_origin,20,2-10,potential_label,0.8,680,679,47,47,1
30c868e3-7494-56b7-95d4-cfa11fc599fe,scene-0005,ros_origin,20,2-10,potential_label,1.2,680,680,116,116,0
30c868e3-7494-56b7-95d4-cfa11fc599fe,scene-0005,ros_origin,20,2-10,nontraversable_label,0.4,3846,3551,109,108,294
30c868e3-7494-56b7-95d4-cfa11fc599fe,scene-0005,ros_origin,20,2-10,nontraversable_label,0.8,3846,3836,566,566,10
30c868e3-7494-56b7-95d4-cfa11fc599fe,scene-0005,ros_origin,20,2-10,nontraversable_label,1.2,3846,3845,1226,1226,1
30c868e3-7494-56b7-95d4-cfa11fc599fe,scene-0005,ros_origin,20,2-10,near_ground_geometry,0.4,340,340,3,3,0
30c868e3-7494-56b7-95d4-cfa11fc599fe,scene-0005,ros_origin,20,2-10,near_ground_geometry,0.8,340,340,16,16,0
30c868e3-7494-56b7-95d4-cfa11fc599fe,scene-0005,ros_origin,20,2-10,near_ground_geometry,1.2,340,340,46,46,0
30c868e3-7494-56b7-95d4-cfa11fc599fe,scene-0005,ros_origin,20,2-10,raised_geometry,0.4,33,17,3,3,16
30c868e3-7494-56b7-95d4-cfa11fc599fe,scene-0005,ros_origin,20,2-10,raised_geometry,0.8,33,29,21,21,4
30c868e3-7494-56b7-95d4-cfa11fc599fe,scene-0005,ros_origin,20,2-10,raised_geometry,1.2,33,33,32,32,0
30c868e3-7494-56b7-95d4-cfa11fc599fe,scene-0005,ros_origin,20,10-20,traversable_label,0.4,187,150,0,0,37
30c868e3-7494-56b7-95d4-cfa11fc599fe,scene-0005,ros_origin,20,10-20,traversable_label,0.8,187,183,0,0,4
30c868e3-7494-56b7-95d4-cfa11fc599fe,scene-0005,ros_origin,20,10-20,traversable_label,1.2,187,187,0,0,0
30c868e3-7494-56b7-95d4-cfa11fc599fe,scene-0005,ros_origin,20,10-20,potential_label,0.4,1077,838,4,4,239
30c868e3-7494-56b7-95d4-cfa11fc599fe,scene-0005,ros_origin,20,10-20,potential_label,0.8,1077,1063,24,24,14
30c868e3-7494-56b7-95d4-cfa11fc599fe,scene-0005,ros_origin,20,10-20,potential_label,1.2,1077,1073,63,63,4
30c868e3-7494-56b7-95d4-cfa11fc599fe,scene-0005,ros_origin,20,10-20,nontraversable_label,0.4,3837,3017,115,94,799
30c868e3-7494-56b7-95d4-cfa11fc599fe,scene-0005,ros_origin,20,10-20,nontraversable_label,0.8,3837,3716,597,596,120
30c868e3-7494-56b7-95d4-cfa11fc599fe,scene-0005,ros_origin,20,10-20,nontraversable_label,1.2,3837,3800,1204,1204,37
30c868e3-7494-56b7-95d4-cfa11fc599fe,scene-0005,ros_origin,20,10-20,near_ground_geometry,0.4,245,177,0,0,68
30c868e3-7494-56b7-95d4-cfa11fc599fe,scene-0005,ros_origin,20,10-20,near_ground_geometry,0.8,245,238,0,0,7
30c868e3-7494-56b7-95d4-cfa11fc599fe,scene-0005,ros_origin,20,10-20,near_ground_geometry,1.2,245,245,2,2,0
30c868e3-7494-56b7-95d4-cfa11fc599fe,scene-0005,ros_origin,20,10-20,raised_geometry,0.4,51,39,0,0,12
30c868e3-7494-56b7-95d4-cfa11fc599fe,scene-0005,ros_origin,20,10-20,raised_geometry,0.8,51,50,0,0,1
30c868e3-7494-56b7-95d4-cfa11fc599fe,scene-0005,ros_origin,20,10-20,raised_geometry,1.2,51,51,0,0,0
30c868e3-7494-56b7-95d4-cfa11fc599fe,scene-0005,ros_origin,20,20-30,traversable_label,0.4,132,50,0,0,82
30c868e3-7494-56b7-95d4-cfa11fc599fe,scene-0005,ros_origin,20,20-30,traversable_label,0.8,132,111,0,0,21
30c868e3-7494-56b7-95d4-cfa11fc599fe,scene-0005,ros_origin,20,20-30,traversable_label,1.2,132,132,0,0,0
30c868e3-7494-56b7-95d4-cfa11fc599fe,scene-0005,ros_origin,20,20-30,potential_label,0.4,881,500,0,0,381
30c868e3-7494-56b7-95d4-cfa11fc599fe,scene-0005,ros_origin,20,20-30,potential_label,0.8,881,843,3,3,38
30c868e3-7494-56b7-95d4-cfa11fc599fe,scene-0005,ros_origin,20,20-30,potential_label,1.2,881,877,40,40,4
30c868e3-7494-56b7-95d4-cfa11fc599fe,scene-0005,ros_origin,20,20-30,nontraversable_label,0.4,3007,1743,64,39,1239
30c868e3-7494-56b7-95d4-cfa11fc599fe,scene-0005,ros_origin,20,20-30,nontraversable_label,0.8,3007,2707,394,385,291
30c868e3-7494-56b7-95d4-cfa11fc599fe,scene-0005,ros_origin,20,20-30,nontraversable_label,1.2,3007,2928,863,863,79
30c868e3-7494-56b7-95d4-cfa11fc599fe,scene-0005,ros_origin,20,20-30,near_ground_geometry,0.4,202,19,0,0,183
30c868e3-7494-56b7-95d4-cfa11fc599fe,scene-0005,ros_origin,20,20-30,near_ground_geometry,0.8,202,145,0,0,57
30c868e3-7494-56b7-95d4-cfa11fc599fe,scene-0005,ros_origin,20,20-30,near_ground_geometry,1.2,202,202,2,2,0
30c868e3-7494-56b7-95d4-cfa11fc599fe,scene-0005,ros_origin,20,20-30,raised_geometry,0.4,111,95,0,0,16
30c868e3-7494-56b7-95d4-cfa11fc599fe,scene-0005,ros_origin,20,20-30,raised_geometry,0.8,111,111,0,0,0
30c868e3-7494-56b7-95d4-cfa11fc599fe,scene-0005,ros_origin,20,20-30,raised_geometry,1.2,111,111,0,0,0
30c868e3-7494-56b7-95d4-cfa11fc599fe,scene-0005,ros_origin,20,30-40,traversable_label,0.4,38,11,0,0,27
30c868e3-7494-56b7-95d4-cfa11fc599fe,scene-0005,ros_origin,20,30-40,traversable_label,0.8,38,29,0,0,9
30c868e3-7494-56b7-95d4-cfa11fc599fe,scene-0005,ros_origin,20,30-40,traversable_label,1.2,38,37,0,0,1
30c868e3-7494-56b7-95d4-cfa11fc599fe,scene-0005,ros_origin,20,30-40,potential_label,0.4,364,165,2,0,197
30c868e3-7494-56b7-95d4-cfa11fc599fe,scene-0005,ros_origin,20,30-40,potential_label,0.8,364,327,8,7,36
30c868e3-7494-56b7-95d4-cfa11fc599fe,scene-0005,ros_origin,20,30-40,potential_label,1.2,364,360,26,26,4
30c868e3-7494-56b7-95d4-cfa11fc599fe,scene-0005,ros_origin,20,30-40,nontraversable_label,0.4,3527,1549,45,23,1956
30c868e3-7494-56b7-95d4-cfa11fc599fe,scene-0005,ros_origin,20,30-40,nontraversable_label,0.8,3527,2806,274,236,683
30c868e3-7494-56b7-95d4-cfa11fc599fe,scene-0005,ros_origin,20,30-40,nontraversable_label,1.2,3527,3288,703,687,223
30c868e3-7494-56b7-95d4-cfa11fc599fe,scene-0005,ros_origin,20,30-40,near_ground_geometry,0.4,8,0,0,0,8
30c868e3-7494-56b7-95d4-cfa11fc599fe,scene-0005,ros_origin,20,30-40,near_ground_geometry,0.8,8,1,0,0,7
30c868e3-7494-56b7-95d4-cfa11fc599fe,scene-0005,ros_origin,20,30-40,near_ground_geometry,1.2,8,7,0,0,1
30c868e3-7494-56b7-95d4-cfa11fc599fe,scene-0005,ros_origin,20,30-40,raised_geometry,0.4,7,4,0,0,3
30c868e3-7494-56b7-95d4-cfa11fc599fe,scene-0005,ros_origin,20,30-40,raised_geometry,0.8,7,7,0,0,0
30c868e3-7494-56b7-95d4-cfa11fc599fe,scene-0005,ros_origin,20,30-40,raised_geometry,1.2,7,7,0,0,0
ee588422-6066-516a-b730-cf9d7242a14b,scene-0005,static,10,2-10,traversable_label,0.4,96,83,8,8,13
ee588422-6066-516a-b730-cf9d7242a14b,scene-0005,static,10,2-10,traversable_label,0.8,96,94,24,24,2
ee588422-6066-516a-b730-cf9d7242a14b,scene-0005,static,10,2-10,traversable_label,1.2,96,96,38,38,0
ee588422-6066-516a-b730-cf9d7242a14b,scene-0005,static,10,2-10,potential_label,0.4,556,535,3,3,21
ee588422-6066-516a-b730-cf9d7242a14b,scene-0005,static,10,2-10,potential_label,0.8,556,553,23,23,3
ee588422-6066-516a-b730-cf9d7242a14b,scene-0005,static,10,2-10,potential_label,1.2,556,553,65,65,3
ee588422-6066-516a-b730-cf9d7242a14b,scene-0005,static,10,2-10,nontraversable_label,0.4,2633,2424,113,113,209
ee588422-6066-516a-b730-cf9d7242a14b,scene-0005,static,10,2-10,nontraversable_label,0.8,2633,2614,657,657,19
ee588422-6066-516a-b730-cf9d7242a14b,scene-0005,static,10,2-10,nontraversable_label,1.2,2633,2629,1180,1180,4
ee588422-6066-516a-b730-cf9d7242a14b,scene-0005,static,10,2-10,near_ground_geometry,0.4,71,70,0,0,1
ee588422-6066-516a-b730-cf9d7242a14b,scene-0005,static,10,2-10,near_ground_geometry,0.8,71,71,0,0,0
ee588422-6066-516a-b730-cf9d7242a14b,scene-0005,static,10,2-10,near_ground_geometry,1.2,71,71,0,0,0
ee588422-6066-516a-b730-cf9d7242a14b,scene-0005,static,10,2-10,raised_geometry,0.4,33,19,8,8,14
ee588422-6066-516a-b730-cf9d7242a14b,scene-0005,static,10,2-10,raised_geometry,0.8,33,31,24,24,2
ee588422-6066-516a-b730-cf9d7242a14b,scene-0005,static,10,2-10,raised_geometry,1.2,33,33,33,33,0
ee588422-6066-516a-b730-cf9d7242a14b,scene-0005,static,10,10-20,traversable_label,0.4,142,122,6,6,20
ee588422-6066-516a-b730-cf9d7242a14b,scene-0005,static,10,10-20,traversable_label,0.8,142,142,31,31,0
ee588422-6066-516a-b730-cf9d7242a14b,scene-0005,static,10,10-20,traversable_label,1.2,142,142,52,52,0
ee588422-6066-516a-b730-cf9d7242a14b,scene-0005,static,10,10-20,potential_label,0.4,692,661,2,2,31
ee588422-6066-516a-b730-cf9d7242a14b,scene-0005,static,10,10-20,potential_label,0.8,692,686,21,21,6
ee588422-6066-516a-b730-cf9d7242a14b,scene-0005,static,10,10-20,potential_label,1.2,692,687,71,71,5
ee588422-6066-516a-b730-cf9d7242a14b,scene-0005,static,10,10-20,nontraversable_label,0.4,3087,2741,143,140,343
ee588422-6066-516a-b730-cf9d7242a14b,scene-0005,static,10,10-20,nontraversable_label,0.8,3087,3051,744,744,36
ee588422-6066-516a-b730-cf9d7242a14b,scene-0005,static,10,10-20,nontraversable_label,1.2,3087,3074,1410,1410,13
ee588422-6066-516a-b730-cf9d7242a14b,scene-0005,static,10,10-20,near_ground_geometry,0.4,236,234,0,0,2
ee588422-6066-516a-b730-cf9d7242a14b,scene-0005,static,10,10-20,near_ground_geometry,0.8,236,236,3,3,0
ee588422-6066-516a-b730-cf9d7242a14b,scene-0005,static,10,10-20,near_ground_geometry,1.2,236,236,19,19,0
ee588422-6066-516a-b730-cf9d7242a14b,scene-0005,static,10,10-20,raised_geometry,0.4,33,18,6,6,15
ee588422-6066-516a-b730-cf9d7242a14b,scene-0005,static,10,10-20,raised_geometry,0.8,33,33,27,27,0
ee588422-6066-516a-b730-cf9d7242a14b,scene-0005,static,10,10-20,raised_geometry,1.2,33,33,32,32,0
ee588422-6066-516a-b730-cf9d7242a14b,scene-0005,static,10,20-30,traversable_label,0.4,56,43,0,0,13
ee588422-6066-516a-b730-cf9d7242a14b,scene-0005,static,10,20-30,traversable_label,0.8,56,56,0,0,0
ee588422-6066-516a-b730-cf9d7242a14b,scene-0005,static,10,20-30,traversable_label,1.2,56,56,0,0,0
ee588422-6066-516a-b730-cf9d7242a14b,scene-0005,static,10,20-30,potential_label,0.4,572,460,1,1,112
ee588422-6066-516a-b730-cf9d7242a14b,scene-0005,static,10,20-30,potential_label,0.8,572,555,21,21,17
ee588422-6066-516a-b730-cf9d7242a14b,scene-0005,static,10,20-30,potential_label,1.2,572,563,54,54,9
ee588422-6066-516a-b730-cf9d7242a14b,scene-0005,static,10,20-30,nontraversable_label,0.4,2293,1655,118,102,622
ee588422-6066-516a-b730-cf9d7242a14b,scene-0005,static,10,20-30,nontraversable_label,0.8,2293,2080,585,582,210
ee588422-6066-516a-b730-cf9d7242a14b,scene-0005,static,10,20-30,nontraversable_label,1.2,2293,2141,1092,1092,152
ee588422-6066-516a-b730-cf9d7242a14b,scene-0005,static,10,20-30,near_ground_geometry,0.4,154,130,0,0,24
ee588422-6066-516a-b730-cf9d7242a14b,scene-0005,static,10,20-30,near_ground_geometry,0.8,154,154,0,0,0
ee588422-6066-516a-b730-cf9d7242a14b,scene-0005,static,10,20-30,near_ground_geometry,1.2,154,154,0,0,0
ee588422-6066-516a-b730-cf9d7242a14b,scene-0005,static,10,30-40,traversable_label,0.4,9,5,0,0,4
ee588422-6066-516a-b730-cf9d7242a14b,scene-0005,static,10,30-40,traversable_label,0.8,9,9,0,0,0
ee588422-6066-516a-b730-cf9d7242a14b,scene-0005,static,10,30-40,traversable_label,1.2,9,9,0,0,0
ee588422-6066-516a-b730-cf9d7242a14b,scene-0005,static,10,30-40,potential_label,0.4,43,23,0,0,20
ee588422-6066-516a-b730-cf9d7242a14b,scene-0005,static,10,30-40,potential_label,0.8,43,40,0,0,3
ee588422-6066-516a-b730-cf9d7242a14b,scene-0005,static,10,30-40,potential_label,1.2,43,42,1,1,1
ee588422-6066-516a-b730-cf9d7242a14b,scene-0005,static,10,30-40,nontraversable_label,0.4,2067,1116,54,45,942
ee588422-6066-516a-b730-cf9d7242a14b,scene-0005,static,10,30-40,nontraversable_label,0.8,2067,1648,310,294,403
ee588422-6066-516a-b730-cf9d7242a14b,scene-0005,static,10,30-40,nontraversable_label,1.2,2067,1784,596,584,271
ee588422-6066-516a-b730-cf9d7242a14b,scene-0005,static,10,30-40,near_ground_geometry,0.4,15,12,0,0,3
ee588422-6066-516a-b730-cf9d7242a14b,scene-0005,static,10,30-40,near_ground_geometry,0.8,15,15,0,0,0
ee588422-6066-516a-b730-cf9d7242a14b,scene-0005,static,10,30-40,near_ground_geometry,1.2,15,15,0,0,0
ee588422-6066-516a-b730-cf9d7242a14b,scene-0005,static,20,2-10,traversable_label,0.4,174,153,8,8,21
ee588422-6066-516a-b730-cf9d7242a14b,scene-0005,static,20,2-10,traversable_label,0.8,174,170,32,32,4
ee588422-6066-516a-b730-cf9d7242a14b,scene-0005,static,20,2-10,traversable_label,1.2,174,174,64,64,0
ee588422-6066-516a-b730-cf9d7242a14b,scene-0005,static,20,2-10,potential_label,0.4,872,851,4,4,21
ee588422-6066-516a-b730-cf9d7242a14b,scene-0005,static,20,2-10,potential_label,0.8,872,869,31,31,3
ee588422-6066-516a-b730-cf9d7242a14b,scene-0005,static,20,2-10,potential_label,1.2,872,869,92,92,3
ee588422-6066-516a-b730-cf9d7242a14b,scene-0005,static,20,2-10,nontraversable_label,0.4,3505,3212,134,134,293
ee588422-6066-516a-b730-cf9d7242a14b,scene-0005,static,20,2-10,nontraversable_label,0.8,3505,3482,777,777,23
ee588422-6066-516a-b730-cf9d7242a14b,scene-0005,static,20,2-10,nontraversable_label,1.2,3505,3501,1475,1475,4
ee588422-6066-516a-b730-cf9d7242a14b,scene-0005,static,20,2-10,near_ground_geometry,0.4,258,257,0,0,1
ee588422-6066-516a-b730-cf9d7242a14b,scene-0005,static,20,2-10,near_ground_geometry,0.8,258,258,2,2,0
ee588422-6066-516a-b730-cf9d7242a14b,scene-0005,static,20,2-10,near_ground_geometry,1.2,258,258,19,19,0
ee588422-6066-516a-b730-cf9d7242a14b,scene-0005,static,20,2-10,raised_geometry,0.4,43,21,8,8,22
ee588422-6066-516a-b730-cf9d7242a14b,scene-0005,static,20,2-10,raised_geometry,0.8,43,39,30,30,4
ee588422-6066-516a-b730-cf9d7242a14b,scene-0005,static,20,2-10,raised_geometry,1.2,43,43,43,43,0
ee588422-6066-516a-b730-cf9d7242a14b,scene-0005,static,20,10-20,traversable_label,0.4,142,122,6,6,20
ee588422-6066-516a-b730-cf9d7242a14b,scene-0005,static,20,10-20,traversable_label,0.8,142,142,31,31,0
ee588422-6066-516a-b730-cf9d7242a14b,scene-0005,static,20,10-20,traversable_label,1.2,142,142,52,52,0
ee588422-6066-516a-b730-cf9d7242a14b,scene-0005,static,20,10-20,potential_label,0.4,692,661,2,2,31
ee588422-6066-516a-b730-cf9d7242a14b,scene-0005,static,20,10-20,potential_label,0.8,692,686,21,21,6
ee588422-6066-516a-b730-cf9d7242a14b,scene-0005,static,20,10-20,potential_label,1.2,692,687,71,71,5
ee588422-6066-516a-b730-cf9d7242a14b,scene-0005,static,20,10-20,nontraversable_label,0.4,3692,3213,143,140,476
ee588422-6066-516a-b730-cf9d7242a14b,scene-0005,static,20,10-20,nontraversable_label,0.8,3692,3639,747,747,53
ee588422-6066-516a-b730-cf9d7242a14b,scene-0005,static,20,10-20,nontraversable_label,1.2,3692,3673,1445,1445,19
ee588422-6066-516a-b730-cf9d7242a14b,scene-0005,static,20,10-20,near_ground_geometry,0.4,236,234,0,0,2
ee588422-6066-516a-b730-cf9d7242a14b,scene-0005,static,20,10-20,near_ground_geometry,0.8,236,236,3,3,0
ee588422-6066-516a-b730-cf9d7242a14b,scene-0005,static,20,10-20,near_ground_geometry,1.2,236,236,19,19,0
ee588422-6066-516a-b730-cf9d7242a14b,scene-0005,static,20,10-20,raised_geometry,0.4,33,18,6,6,15
ee588422-6066-516a-b730-cf9d7242a14b,scene-0005,static,20,10-20,raised_geometry,0.8,33,33,27,27,0
ee588422-6066-516a-b730-cf9d7242a14b,scene-0005,static,20,10-20,raised_geometry,1.2,33,33,32,32,0
ee588422-6066-516a-b730-cf9d7242a14b,scene-0005,static,20,20-30,traversable_label,0.4,56,43,0,0,13
ee588422-6066-516a-b730-cf9d7242a14b,scene-0005,static,20,20-30,traversable_label,0.8,56,56,0,0,0
ee588422-6066-516a-b730-cf9d7242a14b,scene-0005,static,20,20-30,traversable_label,1.2,56,56,0,0,0
ee588422-6066-516a-b730-cf9d7242a14b,scene-0005,static,20,20-30,potential_label,0.4,572,460,1,1,112
ee588422-6066-516a-b730-cf9d7242a14b,scene-0005,static,20,20-30,potential_label,0.8,572,555,21,21,17
ee588422-6066-516a-b730-cf9d7242a14b,scene-0005,static,20,20-30,potential_label,1.2,572,563,54,54,9
ee588422-6066-516a-b730-cf9d7242a14b,scene-0005,static,20,20-30,nontraversable_label,0.4,2338,1672,118,102,650
ee588422-6066-516a-b730-cf9d7242a14b,scene-0005,static,20,20-30,nontraversable_label,0.8,2338,2110,585,582,225
ee588422-6066-516a-b730-cf9d7242a14b,scene-0005,static,20,20-30,nontraversable_label,1.2,2338,2181,1092,1092,157
ee588422-6066-516a-b730-cf9d7242a14b,scene-0005,static,20,20-30,near_ground_geometry,0.4,154,130,0,0,24
ee588422-6066-516a-b730-cf9d7242a14b,scene-0005,static,20,20-30,near_ground_geometry,0.8,154,154,0,0,0
ee588422-6066-516a-b730-cf9d7242a14b,scene-0005,static,20,20-30,near_ground_geometry,1.2,154,154,0,0,0
ee588422-6066-516a-b730-cf9d7242a14b,scene-0005,static,20,30-40,traversable_label,0.4,9,5,0,0,4
ee588422-6066-516a-b730-cf9d7242a14b,scene-0005,static,20,30-40,traversable_label,0.8,9,9,0,0,0
ee588422-6066-516a-b730-cf9d7242a14b,scene-0005,static,20,30-40,traversable_label,1.2,9,9,0,0,0
ee588422-6066-516a-b730-cf9d7242a14b,scene-0005,static,20,30-40,potential_label,0.4,43,23,0,0,20
ee588422-6066-516a-b730-cf9d7242a14b,scene-0005,static,20,30-40,potential_label,0.8,43,40,0,0,3
ee588422-6066-516a-b730-cf9d7242a14b,scene-0005,static,20,30-40,potential_label,1.2,43,42,1,1,1
ee588422-6066-516a-b730-cf9d7242a14b,scene-0005,static,20,30-40,nontraversable_label,0.4,2067,1116,54,45,942
ee588422-6066-516a-b730-cf9d7242a14b,scene-0005,static,20,30-40,nontraversable_label,0.8,2067,1648,310,294,403
ee588422-6066-516a-b730-cf9d7242a14b,scene-0005,static,20,30-40,nontraversable_label,1.2,2067,1784,596,584,271
ee588422-6066-516a-b730-cf9d7242a14b,scene-0005,static,20,30-40,near_ground_geometry,0.4,15,12,0,0,3
ee588422-6066-516a-b730-cf9d7242a14b,scene-0005,static,20,30-40,near_ground_geometry,0.8,15,15,0,0,0
ee588422-6066-516a-b730-cf9d7242a14b,scene-0005,static,20,30-40,near_ground_geometry,1.2,15,15,0,0,0
ee588422-6066-516a-b730-cf9d7242a14b,scene-0005,aligned,10,2-10,traversable_label,0.4,96,83,7,7,13
ee588422-6066-516a-b730-cf9d7242a14b,scene-0005,aligned,10,2-10,traversable_label,0.8,96,94,24,24,2
ee588422-6066-516a-b730-cf9d7242a14b,scene-0005,aligned,10,2-10,traversable_label,1.2,96,96,39,39,0
ee588422-6066-516a-b730-cf9d7242a14b,scene-0005,aligned,10,2-10,potential_label,0.4,556,535,3,3,21
ee588422-6066-516a-b730-cf9d7242a14b,scene-0005,aligned,10,2-10,potential_label,0.8,556,553,24,24,3
ee588422-6066-516a-b730-cf9d7242a14b,scene-0005,aligned,10,2-10,potential_label,1.2,556,553,66,66,3
ee588422-6066-516a-b730-cf9d7242a14b,scene-0005,aligned,10,2-10,nontraversable_label,0.4,2633,2424,110,110,209
ee588422-6066-516a-b730-cf9d7242a14b,scene-0005,aligned,10,2-10,nontraversable_label,0.8,2633,2614,662,662,19
ee588422-6066-516a-b730-cf9d7242a14b,scene-0005,aligned,10,2-10,nontraversable_label,1.2,2633,2629,1182,1182,4
ee588422-6066-516a-b730-cf9d7242a14b,scene-0005,aligned,10,2-10,near_ground_geometry,0.4,71,70,0,0,1
ee588422-6066-516a-b730-cf9d7242a14b,scene-0005,aligned,10,2-10,near_ground_geometry,0.8,71,71,0,0,0
ee588422-6066-516a-b730-cf9d7242a14b,scene-0005,aligned,10,2-10,near_ground_geometry,1.2,71,71,0,0,0
ee588422-6066-516a-b730-cf9d7242a14b,scene-0005,aligned,10,2-10,raised_geometry,0.4,33,19,7,7,14
ee588422-6066-516a-b730-cf9d7242a14b,scene-0005,aligned,10,2-10,raised_geometry,0.8,33,31,24,24,2
ee588422-6066-516a-b730-cf9d7242a14b,scene-0005,aligned,10,2-10,raised_geometry,1.2,33,33,33,33,0
ee588422-6066-516a-b730-cf9d7242a14b,scene-0005,aligned,10,10-20,traversable_label,0.4,142,122,6,6,20
ee588422-6066-516a-b730-cf9d7242a14b,scene-0005,aligned,10,10-20,traversable_label,0.8,142,142,31,31,0
ee588422-6066-516a-b730-cf9d7242a14b,scene-0005,aligned,10,10-20,traversable_label,1.2,142,142,52,52,0
ee588422-6066-516a-b730-cf9d7242a14b,scene-0005,aligned,10,10-20,potential_label,0.4,692,661,3,3,31
ee588422-6066-516a-b730-cf9d7242a14b,scene-0005,aligned,10,10-20,potential_label,0.8,692,686,21,21,6
ee588422-6066-516a-b730-cf9d7242a14b,scene-0005,aligned,10,10-20,potential_label,1.2,692,687,71,71,5
ee588422-6066-516a-b730-cf9d7242a14b,scene-0005,aligned,10,10-20,nontraversable_label,0.4,3087,2741,144,141,343
ee588422-6066-516a-b730-cf9d7242a14b,scene-0005,aligned,10,10-20,nontraversable_label,0.8,3087,3051,753,753,36
ee588422-6066-516a-b730-cf9d7242a14b,scene-0005,aligned,10,10-20,nontraversable_label,1.2,3087,3074,1415,1415,13
ee588422-6066-516a-b730-cf9d7242a14b,scene-0005,aligned,10,10-20,near_ground_geometry,0.4,236,234,0,0,2
ee588422-6066-516a-b730-cf9d7242a14b,scene-0005,aligned,10,10-20,near_ground_geometry,0.8,236,236,3,3,0
ee588422-6066-516a-b730-cf9d7242a14b,scene-0005,aligned,10,10-20,near_ground_geometry,1.2,236,236,19,19,0
ee588422-6066-516a-b730-cf9d7242a14b,scene-0005,aligned,10,10-20,raised_geometry,0.4,33,18,6,6,15
ee588422-6066-516a-b730-cf9d7242a14b,scene-0005,aligned,10,10-20,raised_geometry,0.8,33,33,27,27,0
ee588422-6066-516a-b730-cf9d7242a14b,scene-0005,aligned,10,10-20,raised_geometry,1.2,33,33,32,32,0
ee588422-6066-516a-b730-cf9d7242a14b,scene-0005,aligned,10,20-30,traversable_label,0.4,56,43,0,0,13
ee588422-6066-516a-b730-cf9d7242a14b,scene-0005,aligned,10,20-30,traversable_label,0.8,56,56,0,0,0
ee588422-6066-516a-b730-cf9d7242a14b,scene-0005,aligned,10,20-30,traversable_label,1.2,56,56,0,0,0
ee588422-6066-516a-b730-cf9d7242a14b,scene-0005,aligned,10,20-30,potential_label,0.4,572,460,1,1,112
ee588422-6066-516a-b730-cf9d7242a14b,scene-0005,aligned,10,20-30,potential_label,0.8,572,555,21,21,17
ee588422-6066-516a-b730-cf9d7242a14b,scene-0005,aligned,10,20-30,potential_label,1.2,572,563,53,53,9
ee588422-6066-516a-b730-cf9d7242a14b,scene-0005,aligned,10,20-30,nontraversable_label,0.4,2293,1655,119,103,622
ee588422-6066-516a-b730-cf9d7242a14b,scene-0005,aligned,10,20-30,nontraversable_label,0.8,2293,2080,588,585,210
ee588422-6066-516a-b730-cf9d7242a14b,scene-0005,aligned,10,20-30,nontraversable_label,1.2,2293,2141,1090,1090,152
ee588422-6066-516a-b730-cf9d7242a14b,scene-0005,aligned,10,20-30,near_ground_geometry,0.4,154,130,0,0,24
ee588422-6066-516a-b730-cf9d7242a14b,scene-0005,aligned,10,20-30,near_ground_geometry,0.8,154,154,0,0,0
ee588422-6066-516a-b730-cf9d7242a14b,scene-0005,aligned,10,20-30,near_ground_geometry,1.2,154,154,0,0,0
ee588422-6066-516a-b730-cf9d7242a14b,scene-0005,aligned,10,30-40,traversable_label,0.4,9,5,0,0,4
ee588422-6066-516a-b730-cf9d7242a14b,scene-0005,aligned,10,30-40,traversable_label,0.8,9,9,0,0,0
ee588422-6066-516a-b730-cf9d7242a14b,scene-0005,aligned,10,30-40,traversable_label,1.2,9,9,0,0,0
ee588422-6066-516a-b730-cf9d7242a14b,scene-0005,aligned,10,30-40,potential_label,0.4,43,23,0,0,20
ee588422-6066-516a-b730-cf9d7242a14b,scene-0005,aligned,10,30-40,potential_label,0.8,43,40,0,0,3
ee588422-6066-516a-b730-cf9d7242a14b,scene-0005,aligned,10,30-40,potential_label,1.2,43,42,1,1,1
ee588422-6066-516a-b730-cf9d7242a14b,scene-0005,aligned,10,30-40,nontraversable_label,0.4,2067,1116,53,45,943
ee588422-6066-516a-b730-cf9d7242a14b,scene-0005,aligned,10,30-40,nontraversable_label,0.8,2067,1648,310,294,403
ee588422-6066-516a-b730-cf9d7242a14b,scene-0005,aligned,10,30-40,nontraversable_label,1.2,2067,1784,598,584,269
ee588422-6066-516a-b730-cf9d7242a14b,scene-0005,aligned,10,30-40,near_ground_geometry,0.4,15,12,0,0,3
ee588422-6066-516a-b730-cf9d7242a14b,scene-0005,aligned,10,30-40,near_ground_geometry,0.8,15,15,0,0,0
ee588422-6066-516a-b730-cf9d7242a14b,scene-0005,aligned,10,30-40,near_ground_geometry,1.2,15,15,0,0,0
ee588422-6066-516a-b730-cf9d7242a14b,scene-0005,aligned,20,2-10,traversable_label,0.4,174,153,7,7,21
ee588422-6066-516a-b730-cf9d7242a14b,scene-0005,aligned,20,2-10,traversable_label,0.8,174,170,32,32,4
ee588422-6066-516a-b730-cf9d7242a14b,scene-0005,aligned,20,2-10,traversable_label,1.2,174,174,65,65,0
ee588422-6066-516a-b730-cf9d7242a14b,scene-0005,aligned,20,2-10,potential_label,0.4,872,851,4,4,21
ee588422-6066-516a-b730-cf9d7242a14b,scene-0005,aligned,20,2-10,potential_label,0.8,872,869,32,32,3
ee588422-6066-516a-b730-cf9d7242a14b,scene-0005,aligned,20,2-10,potential_label,1.2,872,869,94,94,3
ee588422-6066-516a-b730-cf9d7242a14b,scene-0005,aligned,20,2-10,nontraversable_label,0.4,3505,3212,131,131,293
ee588422-6066-516a-b730-cf9d7242a14b,scene-0005,aligned,20,2-10,nontraversable_label,0.8,3505,3482,786,786,23
ee588422-6066-516a-b730-cf9d7242a14b,scene-0005,aligned,20,2-10,nontraversable_label,1.2,3505,3501,1477,1477,4
ee588422-6066-516a-b730-cf9d7242a14b,scene-0005,aligned,20,2-10,near_ground_geometry,0.4,258,257,0,0,1
ee588422-6066-516a-b730-cf9d7242a14b,scene-0005,aligned,20,2-10,near_ground_geometry,0.8,258,258,2,2,0
ee588422-6066-516a-b730-cf9d7242a14b,scene-0005,aligned,20,2-10,near_ground_geometry,1.2,258,258,19,19,0
ee588422-6066-516a-b730-cf9d7242a14b,scene-0005,aligned,20,2-10,raised_geometry,0.4,43,21,7,7,22
ee588422-6066-516a-b730-cf9d7242a14b,scene-0005,aligned,20,2-10,raised_geometry,0.8,43,39,30,30,4
ee588422-6066-516a-b730-cf9d7242a14b,scene-0005,aligned,20,2-10,raised_geometry,1.2,43,43,43,43,0
ee588422-6066-516a-b730-cf9d7242a14b,scene-0005,aligned,20,10-20,traversable_label,0.4,142,122,6,6,20
ee588422-6066-516a-b730-cf9d7242a14b,scene-0005,aligned,20,10-20,traversable_label,0.8,142,142,31,31,0
ee588422-6066-516a-b730-cf9d7242a14b,scene-0005,aligned,20,10-20,traversable_label,1.2,142,142,52,52,0
ee588422-6066-516a-b730-cf9d7242a14b,scene-0005,aligned,20,10-20,potential_label,0.4,692,661,3,3,31
ee588422-6066-516a-b730-cf9d7242a14b,scene-0005,aligned,20,10-20,potential_label,0.8,692,686,21,21,6
ee588422-6066-516a-b730-cf9d7242a14b,scene-0005,aligned,20,10-20,potential_label,1.2,692,687,71,71,5
ee588422-6066-516a-b730-cf9d7242a14b,scene-0005,aligned,20,10-20,nontraversable_label,0.4,3692,3213,144,141,476
ee588422-6066-516a-b730-cf9d7242a14b,scene-0005,aligned,20,10-20,nontraversable_label,0.8,3692,3639,756,756,53
ee588422-6066-516a-b730-cf9d7242a14b,scene-0005,aligned,20,10-20,nontraversable_label,1.2,3692,3673,1451,1451,19
ee588422-6066-516a-b730-cf9d7242a14b,scene-0005,aligned,20,10-20,near_ground_geometry,0.4,236,234,0,0,2
ee588422-6066-516a-b730-cf9d7242a14b,scene-0005,aligned,20,10-20,near_ground_geometry,0.8,236,236,3,3,0
ee588422-6066-516a-b730-cf9d7242a14b,scene-0005,aligned,20,10-20,near_ground_geometry,1.2,236,236,19,19,0
ee588422-6066-516a-b730-cf9d7242a14b,scene-0005,aligned,20,10-20,raised_geometry,0.4,33,18,6,6,15
ee588422-6066-516a-b730-cf9d7242a14b,scene-0005,aligned,20,10-20,raised_geometry,0.8,33,33,27,27,0
ee588422-6066-516a-b730-cf9d7242a14b,scene-0005,aligned,20,10-20,raised_geometry,1.2,33,33,32,32,0
ee588422-6066-516a-b730-cf9d7242a14b,scene-0005,aligned,20,20-30,traversable_label,0.4,56,43,0,0,13
ee588422-6066-516a-b730-cf9d7242a14b,scene-0005,aligned,20,20-30,traversable_label,0.8,56,56,0,0,0
ee588422-6066-516a-b730-cf9d7242a14b,scene-0005,aligned,20,20-30,traversable_label,1.2,56,56,0,0,0
ee588422-6066-516a-b730-cf9d7242a14b,scene-0005,aligned,20,20-30,potential_label,0.4,572,460,1,1,112
ee588422-6066-516a-b730-cf9d7242a14b,scene-0005,aligned,20,20-30,potential_label,0.8,572,555,21,21,17
ee588422-6066-516a-b730-cf9d7242a14b,scene-0005,aligned,20,20-30,potential_label,1.2,572,563,53,53,9
ee588422-6066-516a-b730-cf9d7242a14b,scene-0005,aligned,20,20-30,nontraversable_label,0.4,2338,1672,119,103,650
ee588422-6066-516a-b730-cf9d7242a14b,scene-0005,aligned,20,20-30,nontraversable_label,0.8,2338,2110,588,585,225
ee588422-6066-516a-b730-cf9d7242a14b,scene-0005,aligned,20,20-30,nontraversable_label,1.2,2338,2181,1090,1090,157
ee588422-6066-516a-b730-cf9d7242a14b,scene-0005,aligned,20,20-30,near_ground_geometry,0.4,154,130,0,0,24
ee588422-6066-516a-b730-cf9d7242a14b,scene-0005,aligned,20,20-30,near_ground_geometry,0.8,154,154,0,0,0
ee588422-6066-516a-b730-cf9d7242a14b,scene-0005,aligned,20,20-30,near_ground_geometry,1.2,154,154,0,0,0
ee588422-6066-516a-b730-cf9d7242a14b,scene-0005,aligned,20,30-40,traversable_label,0.4,9,5,0,0,4
ee588422-6066-516a-b730-cf9d7242a14b,scene-0005,aligned,20,30-40,traversable_label,0.8,9,9,0,0,0
ee588422-6066-516a-b730-cf9d7242a14b,scene-0005,aligned,20,30-40,traversable_label,1.2,9,9,0,0,0
ee588422-6066-516a-b730-cf9d7242a14b,scene-0005,aligned,20,30-40,potential_label,0.4,43,23,0,0,20
ee588422-6066-516a-b730-cf9d7242a14b,scene-0005,aligned,20,30-40,potential_label,0.8,43,40,0,0,3
ee588422-6066-516a-b730-cf9d7242a14b,scene-0005,aligned,20,30-40,potential_label,1.2,43,42,1,1,1
ee588422-6066-516a-b730-cf9d7242a14b,scene-0005,aligned,20,30-40,nontraversable_label,0.4,2067,1116,53,45,943
ee588422-6066-516a-b730-cf9d7242a14b,scene-0005,aligned,20,30-40,nontraversable_label,0.8,2067,1648,310,294,403
ee588422-6066-516a-b730-cf9d7242a14b,scene-0005,aligned,20,30-40,nontraversable_label,1.2,2067,1784,598,584,269
ee588422-6066-516a-b730-cf9d7242a14b,scene-0005,aligned,20,30-40,near_ground_geometry,0.4,15,12,0,0,3
ee588422-6066-516a-b730-cf9d7242a14b,scene-0005,aligned,20,30-40,near_ground_geometry,0.8,15,15,0,0,0
ee588422-6066-516a-b730-cf9d7242a14b,scene-0005,aligned,20,30-40,near_ground_geometry,1.2,15,15,0,0,0
ee588422-6066-516a-b730-cf9d7242a14b,scene-0005,ros_origin,10,2-10,traversable_label,0.4,96,83,7,6,12
ee588422-6066-516a-b730-cf9d7242a14b,scene-0005,ros_origin,10,2-10,traversable_label,0.8,96,94,29,28,1
ee588422-6066-516a-b730-cf9d7242a14b,scene-0005,ros_origin,10,2-10,traversable_label,1.2,96,96,39,39,0
ee588422-6066-516a-b730-cf9d7242a14b,scene-0005,ros_origin,10,2-10,potential_label,0.4,556,535,1,1,21
ee588422-6066-516a-b730-cf9d7242a14b,scene-0005,ros_origin,10,2-10,potential_label,0.8,556,553,27,27,3
ee588422-6066-516a-b730-cf9d7242a14b,scene-0005,ros_origin,10,2-10,potential_label,1.2,556,553,79,79,3
ee588422-6066-516a-b730-cf9d7242a14b,scene-0005,ros_origin,10,2-10,nontraversable_label,0.4,2633,2424,120,118,207
ee588422-6066-516a-b730-cf9d7242a14b,scene-0005,ros_origin,10,2-10,nontraversable_label,0.8,2633,2614,615,615,19
ee588422-6066-516a-b730-cf9d7242a14b,scene-0005,ros_origin,10,2-10,nontraversable_label,1.2,2633,2629,1136,1136,4
ee588422-6066-516a-b730-cf9d7242a14b,scene-0005,ros_origin,10,2-10,near_ground_geometry,0.4,71,70,0,0,1
ee588422-6066-516a-b730-cf9d7242a14b,scene-0005,ros_origin,10,2-10,near_ground_geometry,0.8,71,71,0,0,0
ee588422-6066-516a-b730-cf9d7242a14b,scene-0005,ros_origin,10,2-10,near_ground_geometry,1.2,71,71,2,2,0
ee588422-6066-516a-b730-cf9d7242a14b,scene-0005,ros_origin,10,2-10,raised_geometry,0.4,33,19,6,5,13
ee588422-6066-516a-b730-cf9d7242a14b,scene-0005,ros_origin,10,2-10,raised_geometry,0.8,33,31,24,23,1
ee588422-6066-516a-b730-cf9d7242a14b,scene-0005,ros_origin,10,2-10,raised_geometry,1.2,33,33,33,33,0
ee588422-6066-516a-b730-cf9d7242a14b,scene-0005,ros_origin,10,10-20,traversable_label,0.4,142,122,4,4,20
ee588422-6066-516a-b730-cf9d7242a14b,scene-0005,ros_origin,10,10-20,traversable_label,0.8,142,142,37,37,0
ee588422-6066-516a-b730-cf9d7242a14b,scene-0005,ros_origin,10,10-20,traversable_label,1.2,142,142,55,55,0
ee588422-6066-516a-b730-cf9d7242a14b,scene-0005,ros_origin,10,10-20,potential_label,0.4,692,661,0,0,31
ee588422-6066-516a-b730-cf9d7242a14b,scene-0005,ros_origin,10,10-20,potential_label,0.8,692,686,14,14,6
ee588422-6066-516a-b730-cf9d7242a14b,scene-0005,ros_origin,10,10-20,potential_label,1.2,692,687,87,87,5
ee588422-6066-516a-b730-cf9d7242a14b,scene-0005,ros_origin,10,10-20,nontraversable_label,0.4,3087,2741,139,131,338
ee588422-6066-516a-b730-cf9d7242a14b,scene-0005,ros_origin,10,10-20,nontraversable_label,0.8,3087,3051,690,690,36
ee588422-6066-516a-b730-cf9d7242a14b,scene-0005,ros_origin,10,10-20,nontraversable_label,1.2,3087,3074,1363,1363,13
ee588422-6066-516a-b730-cf9d7242a14b,scene-0005,ros_origin,10,10-20,near_ground_geometry,0.4,236,234,0,0,2
ee588422-6066-516a-b730-cf9d7242a14b,scene-0005,ros_origin,10,10-20,near_ground_geometry,0.8,236,236,7,7,0
ee588422-6066-516a-b730-cf9d7242a14b,scene-0005,ros_origin,10,10-20,near_ground_geometry,1.2,236,236,23,23,0
ee588422-6066-516a-b730-cf9d7242a14b,scene-0005,ros_origin,10,10-20,raised_geometry,0.4,33,18,2,2,15
ee588422-6066-516a-b730-cf9d7242a14b,scene-0005,ros_origin,10,10-20,raised_geometry,0.8,33,33,18,18,0
ee588422-6066-516a-b730-cf9d7242a14b,scene-0005,ros_origin,10,10-20,raised_geometry,1.2,33,33,30,30,0
ee588422-6066-516a-b730-cf9d7242a14b,scene-0005,ros_origin,10,20-30,traversable_label,0.4,56,43,0,0,13
ee588422-6066-516a-b730-cf9d7242a14b,scene-0005,ros_origin,10,20-30,traversable_label,0.8,56,56,0,0,0
ee588422-6066-516a-b730-cf9d7242a14b,scene-0005,ros_origin,10,20-30,traversable_label,1.2,56,56,5,5,0
ee588422-6066-516a-b730-cf9d7242a14b,scene-0005,ros_origin,10,20-30,potential_label,0.4,572,460,1,1,112
ee588422-6066-516a-b730-cf9d7242a14b,scene-0005,ros_origin,10,20-30,potential_label,0.8,572,555,15,15,17
ee588422-6066-516a-b730-cf9d7242a14b,scene-0005,ros_origin,10,20-30,potential_label,1.2,572,563,54,54,9
ee588422-6066-516a-b730-cf9d7242a14b,scene-0005,ros_origin,10,20-30,nontraversable_label,0.4,2293,1655,78,62,622
ee588422-6066-516a-b730-cf9d7242a14b,scene-0005,ros_origin,10,20-30,nontraversable_label,0.8,2293,2080,492,490,211
ee588422-6066-516a-b730-cf9d7242a14b,scene-0005,ros_origin,10,20-30,nontraversable_label,1.2,2293,2141,1005,1005,152
ee588422-6066-516a-b730-cf9d7242a14b,scene-0005,ros_origin,10,20-30,near_ground_geometry,0.4,154,130,0,0,24
ee588422-6066-516a-b730-cf9d7242a14b,scene-0005,ros_origin,10,20-30,near_ground_geometry,0.8,154,154,0,0,0
ee588422-6066-516a-b730-cf9d7242a14b,scene-0005,ros_origin,10,20-30,near_ground_geometry,1.2,154,154,7,7,0
ee588422-6066-516a-b730-cf9d7242a14b,scene-0005,ros_origin,10,30-40,traversable_label,0.4,9,5,0,0,4
ee588422-6066-516a-b730-cf9d7242a14b,scene-0005,ros_origin,10,30-40,traversable_label,0.8,9,9,0,0,0
ee588422-6066-516a-b730-cf9d7242a14b,scene-0005,ros_origin,10,30-40,traversable_label,1.2,9,9,0,0,0
ee588422-6066-516a-b730-cf9d7242a14b,scene-0005,ros_origin,10,30-40,potential_label,0.4,43,23,0,0,20
ee588422-6066-516a-b730-cf9d7242a14b,scene-0005,ros_origin,10,30-40,potential_label,0.8,43,40,0,0,3
ee588422-6066-516a-b730-cf9d7242a14b,scene-0005,ros_origin,10,30-40,potential_label,1.2,43,42,1,1,1
ee588422-6066-516a-b730-cf9d7242a14b,scene-0005,ros_origin,10,30-40,nontraversable_label,0.4,2067,1116,49,32,934
ee588422-6066-516a-b730-cf9d7242a14b,scene-0005,ros_origin,10,30-40,nontraversable_label,0.8,2067,1648,245,230,404
ee588422-6066-516a-b730-cf9d7242a14b,scene-0005,ros_origin,10,30-40,nontraversable_label,1.2,2067,1784,542,531,272
ee588422-6066-516a-b730-cf9d7242a14b,scene-0005,ros_origin,10,30-40,near_ground_geometry,0.4,15,12,0,0,3
ee588422-6066-516a-b730-cf9d7242a14b,scene-0005,ros_origin,10,30-40,near_ground_geometry,0.8,15,15,0,0,0
ee588422-6066-516a-b730-cf9d7242a14b,scene-0005,ros_origin,10,30-40,near_ground_geometry,1.2,15,15,0,0,0
ee588422-6066-516a-b730-cf9d7242a14b,scene-0005,ros_origin,20,2-10,traversable_label,0.4,174,153,7,6,20
ee588422-6066-516a-b730-cf9d7242a14b,scene-0005,ros_origin,20,2-10,traversable_label,0.8,174,170,35,34,3
ee588422-6066-516a-b730-cf9d7242a14b,scene-0005,ros_origin,20,2-10,traversable_label,1.2,174,174,64,64,0
ee588422-6066-516a-b730-cf9d7242a14b,scene-0005,ros_origin,20,2-10,potential_label,0.4,872,851,4,4,21
ee588422-6066-516a-b730-cf9d7242a14b,scene-0005,ros_origin,20,2-10,potential_label,0.8,872,869,37,37,3
ee588422-6066-516a-b730-cf9d7242a14b,scene-0005,ros_origin,20,2-10,potential_label,1.2,872,869,114,114,3
ee588422-6066-516a-b730-cf9d7242a14b,scene-0005,ros_origin,20,2-10,nontraversable_label,0.4,3505,3212,135,133,291
ee588422-6066-516a-b730-cf9d7242a14b,scene-0005,ros_origin,20,2-10,nontraversable_label,0.8,3505,3482,720,720,23
ee588422-6066-516a-b730-cf9d7242a14b,scene-0005,ros_origin,20,2-10,nontraversable_label,1.2,3505,3501,1376,1376,4
ee588422-6066-516a-b730-cf9d7242a14b,scene-0005,ros_origin,20,2-10,near_ground_geometry,0.4,258,257,0,0,1
ee588422-6066-516a-b730-cf9d7242a14b,scene-0005,ros_origin,20,2-10,near_ground_geometry,0.8,258,258,4,4,0
ee588422-6066-516a-b730-cf9d7242a14b,scene-0005,ros_origin,20,2-10,near_ground_geometry,1.2,258,258,22,22,0
ee588422-6066-516a-b730-cf9d7242a14b,scene-0005,ros_origin,20,2-10,raised_geometry,0.4,43,21,6,5,21
ee588422-6066-516a-b730-cf9d7242a14b,scene-0005,ros_origin,20,2-10,raised_geometry,0.8,43,39,26,25,3
ee588422-6066-516a-b730-cf9d7242a14b,scene-0005,ros_origin,20,2-10,raised_geometry,1.2,43,43,42,42,0
ee588422-6066-516a-b730-cf9d7242a14b,scene-0005,ros_origin,20,10-20,traversable_label,0.4,142,122,4,4,20
ee588422-6066-516a-b730-cf9d7242a14b,scene-0005,ros_origin,20,10-20,traversable_label,0.8,142,142,37,37,0
ee588422-6066-516a-b730-cf9d7242a14b,scene-0005,ros_origin,20,10-20,traversable_label,1.2,142,142,55,55,0
ee588422-6066-516a-b730-cf9d7242a14b,scene-0005,ros_origin,20,10-20,potential_label,0.4,692,661,0,0,31
ee588422-6066-516a-b730-cf9d7242a14b,scene-0005,ros_origin,20,10-20,potential_label,0.8,692,686,14,14,6
ee588422-6066-516a-b730-cf9d7242a14b,scene-0005,ros_origin,20,10-20,potential_label,1.2,692,687,87,87,5
ee588422-6066-516a-b730-cf9d7242a14b,scene-0005,ros_origin,20,10-20,nontraversable_label,0.4,3692,3213,139,131,471
ee588422-6066-516a-b730-cf9d7242a14b,scene-0005,ros_origin,20,10-20,nontraversable_label,0.8,3692,3639,690,690,53
ee588422-6066-516a-b730-cf9d7242a14b,scene-0005,ros_origin,20,10-20,nontraversable_label,1.2,3692,3673,1365,1365,19
ee588422-6066-516a-b730-cf9d7242a14b,scene-0005,ros_origin,20,10-20,near_ground_geometry,0.4,236,234,0,0,2
ee588422-6066-516a-b730-cf9d7242a14b,scene-0005,ros_origin,20,10-20,near_ground_geometry,0.8,236,236,7,7,0
ee588422-6066-516a-b730-cf9d7242a14b,scene-0005,ros_origin,20,10-20,near_ground_geometry,1.2,236,236,23,23,0
ee588422-6066-516a-b730-cf9d7242a14b,scene-0005,ros_origin,20,10-20,raised_geometry,0.4,33,18,2,2,15
ee588422-6066-516a-b730-cf9d7242a14b,scene-0005,ros_origin,20,10-20,raised_geometry,0.8,33,33,18,18,0
ee588422-6066-516a-b730-cf9d7242a14b,scene-0005,ros_origin,20,10-20,raised_geometry,1.2,33,33,30,30,0
ee588422-6066-516a-b730-cf9d7242a14b,scene-0005,ros_origin,20,20-30,traversable_label,0.4,56,43,0,0,13
ee588422-6066-516a-b730-cf9d7242a14b,scene-0005,ros_origin,20,20-30,traversable_label,0.8,56,56,0,0,0
ee588422-6066-516a-b730-cf9d7242a14b,scene-0005,ros_origin,20,20-30,traversable_label,1.2,56,56,5,5,0
ee588422-6066-516a-b730-cf9d7242a14b,scene-0005,ros_origin,20,20-30,potential_label,0.4,572,460,1,1,112
ee588422-6066-516a-b730-cf9d7242a14b,scene-0005,ros_origin,20,20-30,potential_label,0.8,572,555,15,15,17
ee588422-6066-516a-b730-cf9d7242a14b,scene-0005,ros_origin,20,20-30,potential_label,1.2,572,563,54,54,9
ee588422-6066-516a-b730-cf9d7242a14b,scene-0005,ros_origin,20,20-30,nontraversable_label,0.4,2338,1672,78,62,650
ee588422-6066-516a-b730-cf9d7242a14b,scene-0005,ros_origin,20,20-30,nontraversable_label,0.8,2338,2110,492,490,226
ee588422-6066-516a-b730-cf9d7242a14b,scene-0005,ros_origin,20,20-30,nontraversable_label,1.2,2338,2181,1005,1005,157
ee588422-6066-516a-b730-cf9d7242a14b,scene-0005,ros_origin,20,20-30,near_ground_geometry,0.4,154,130,0,0,24
ee588422-6066-516a-b730-cf9d7242a14b,scene-0005,ros_origin,20,20-30,near_ground_geometry,0.8,154,154,0,0,0
ee588422-6066-516a-b730-cf9d7242a14b,scene-0005,ros_origin,20,20-30,near_ground_geometry,1.2,154,154,7,7,0
ee588422-6066-516a-b730-cf9d7242a14b,scene-0005,ros_origin,20,30-40,traversable_label,0.4,9,5,0,0,4
ee588422-6066-516a-b730-cf9d7242a14b,scene-0005,ros_origin,20,30-40,traversable_label,0.8,9,9,0,0,0
ee588422-6066-516a-b730-cf9d7242a14b,scene-0005,ros_origin,20,30-40,traversable_label,1.2,9,9,0,0,0
ee588422-6066-516a-b730-cf9d7242a14b,scene-0005,ros_origin,20,30-40,potential_label,0.4,43,23,0,0,20
ee588422-6066-516a-b730-cf9d7242a14b,scene-0005,ros_origin,20,30-40,potential_label,0.8,43,40,0,0,3
ee588422-6066-516a-b730-cf9d7242a14b,scene-0005,ros_origin,20,30-40,potential_label,1.2,43,42,1,1,1
ee588422-6066-516a-b730-cf9d7242a14b,scene-0005,ros_origin,20,30-40,nontraversable_label,0.4,2067,1116,49,32,934
ee588422-6066-516a-b730-cf9d7242a14b,scene-0005,ros_origin,20,30-40,nontraversable_label,0.8,2067,1648,245,230,404
ee588422-6066-516a-b730-cf9d7242a14b,scene-0005,ros_origin,20,30-40,nontraversable_label,1.2,2067,1784,542,531,272
ee588422-6066-516a-b730-cf9d7242a14b,scene-0005,ros_origin,20,30-40,near_ground_geometry,0.4,15,12,0,0,3
ee588422-6066-516a-b730-cf9d7242a14b,scene-0005,ros_origin,20,30-40,near_ground_geometry,0.8,15,15,0,0,0
ee588422-6066-516a-b730-cf9d7242a14b,scene-0005,ros_origin,20,30-40,near_ground_geometry,1.2,15,15,0,0,0
816fc129-76c3-5662-b6b7-ed59ca304d81,scene-0006,static,10,2-10,traversable_label,0.4,67,67,0,0,0
816fc129-76c3-5662-b6b7-ed59ca304d81,scene-0006,static,10,2-10,traversable_label,0.8,67,67,0,0,0
816fc129-76c3-5662-b6b7-ed59ca304d81,scene-0006,static,10,2-10,traversable_label,1.2,67,67,0,0,0
816fc129-76c3-5662-b6b7-ed59ca304d81,scene-0006,static,10,2-10,potential_label,0.4,610,583,4,4,27
816fc129-76c3-5662-b6b7-ed59ca304d81,scene-0006,static,10,2-10,potential_label,0.8,610,603,17,17,7
816fc129-76c3-5662-b6b7-ed59ca304d81,scene-0006,static,10,2-10,potential_label,1.2,610,604,45,45,6
816fc129-76c3-5662-b6b7-ed59ca304d81,scene-0006,static,10,2-10,nontraversable_label,0.4,2469,2209,100,98,258
816fc129-76c3-5662-b6b7-ed59ca304d81,scene-0006,static,10,2-10,nontraversable_label,0.8,2469,2445,529,529,24
816fc129-76c3-5662-b6b7-ed59ca304d81,scene-0006,static,10,2-10,nontraversable_label,1.2,2469,2466,1053,1053,3
816fc129-76c3-5662-b6b7-ed59ca304d81,scene-0006,static,10,2-10,near_ground_geometry,0.4,59,58,0,0,1
816fc129-76c3-5662-b6b7-ed59ca304d81,scene-0006,static,10,2-10,near_ground_geometry,0.8,59,59,0,0,0
816fc129-76c3-5662-b6b7-ed59ca304d81,scene-0006,static,10,2-10,near_ground_geometry,1.2,59,59,0,0,0
816fc129-76c3-5662-b6b7-ed59ca304d81,scene-0006,static,10,10-20,traversable_label,0.4,126,124,4,4,2
816fc129-76c3-5662-b6b7-ed59ca304d81,scene-0006,static,10,10-20,traversable_label,0.8,126,126,18,18,0
816fc129-76c3-5662-b6b7-ed59ca304d81,scene-0006,static,10,10-20,traversable_label,1.2,126,126,30,30,0
816fc129-76c3-5662-b6b7-ed59ca304d81,scene-0006,static,10,10-20,potential_label,0.4,728,704,2,2,24
816fc129-76c3-5662-b6b7-ed59ca304d81,scene-0006,static,10,10-20,potential_label,0.8,728,724,23,23,4
816fc129-76c3-5662-b6b7-ed59ca304d81,scene-0006,static,10,10-20,potential_label,1.2,728,725,70,70,3
816fc129-76c3-5662-b6b7-ed59ca304d81,scene-0006,static,10,10-20,nontraversable_label,0.4,3320,2837,102,101,482
816fc129-76c3-5662-b6b7-ed59ca304d81,scene-0006,static,10,10-20,nontraversable_label,0.8,3320,3269,576,576,51
816fc129-76c3-5662-b6b7-ed59ca304d81,scene-0006,static,10,10-20,nontraversable_label,1.2,3320,3310,1222,1222,10
816fc129-76c3-5662-b6b7-ed59ca304d81,scene-0006,static,10,10-20,near_ground_geometry,0.4,236,235,0,0,1
816fc129-76c3-5662-b6b7-ed59ca304d81,scene-0006,static,10,10-20,near_ground_geometry,0.8,236,236,7,7,0
816fc129-76c3-5662-b6b7-ed59ca304d81,scene-0006,static,10,10-20,near_ground_geometry,1.2,236,236,19,19,0
816fc129-76c3-5662-b6b7-ed59ca304d81,scene-0006,static,10,10-20,raised_geometry,0.4,17,16,2,2,1
816fc129-76c3-5662-b6b7-ed59ca304d81,scene-0006,static,10,10-20,raised_geometry,0.8,17,17,8,8,0
816fc129-76c3-5662-b6b7-ed59ca304d81,scene-0006,static,10,10-20,raised_geometry,1.2,17,17,14,14,0
816fc129-76c3-5662-b6b7-ed59ca304d81,scene-0006,static,10,20-30,traversable_label,0.4,58,44,0,0,14
816fc129-76c3-5662-b6b7-ed59ca304d81,scene-0006,static,10,20-30,traversable_label,0.8,58,55,0,0,3
816fc129-76c3-5662-b6b7-ed59ca304d81,scene-0006,static,10,20-30,traversable_label,1.2,58,58,10,10,0
816fc129-76c3-5662-b6b7-ed59ca304d81,scene-0006,static,10,20-30,potential_label,0.4,161,155,0,0,6
816fc129-76c3-5662-b6b7-ed59ca304d81,scene-0006,static,10,20-30,potential_label,0.8,161,159,5,5,2
816fc129-76c3-5662-b6b7-ed59ca304d81,scene-0006,static,10,20-30,potential_label,1.2,161,161,20,20,0
816fc129-76c3-5662-b6b7-ed59ca304d81,scene-0006,static,10,20-30,nontraversable_label,0.4,2458,1919,80,72,531
816fc129-76c3-5662-b6b7-ed59ca304d81,scene-0006,static,10,20-30,nontraversable_label,0.8,2458,2408,363,363,50
816fc129-76c3-5662-b6b7-ed59ca304d81,scene-0006,static,10,20-30,nontraversable_label,1.2,2458,2444,735,735,14
816fc129-76c3-5662-b6b7-ed59ca304d81,scene-0006,static,10,20-30,near_ground_geometry,0.4,112,105,0,0,7
816fc129-76c3-5662-b6b7-ed59ca304d81,scene-0006,static,10,20-30,near_ground_geometry,0.8,112,111,0,0,1
816fc129-76c3-5662-b6b7-ed59ca304d81,scene-0006,static,10,20-30,near_ground_geometry,1.2,112,112,4,4,0
816fc129-76c3-5662-b6b7-ed59ca304d81,scene-0006,static,10,20-30,raised_geometry,0.4,12,0,0,0,12
816fc129-76c3-5662-b6b7-ed59ca304d81,scene-0006,static,10,20-30,raised_geometry,0.8,12,9,0,0,3
816fc129-76c3-5662-b6b7-ed59ca304d81,scene-0006,static,10,20-30,raised_geometry,1.2,12,12,5,5,0
816fc129-76c3-5662-b6b7-ed59ca304d81,scene-0006,static,10,30-40,traversable_label,0.4,28,25,0,0,3
816fc129-76c3-5662-b6b7-ed59ca304d81,scene-0006,static,10,30-40,traversable_label,0.8,28,28,0,0,0
816fc129-76c3-5662-b6b7-ed59ca304d81,scene-0006,static,10,30-40,traversable_label,1.2,28,28,0,0,0
816fc129-76c3-5662-b6b7-ed59ca304d81,scene-0006,static,10,30-40,potential_label,0.4,28,23,1,1,5
816fc129-76c3-5662-b6b7-ed59ca304d81,scene-0006,static,10,30-40,potential_label,0.8,28,25,4,4,3
816fc129-76c3-5662-b6b7-ed59ca304d81,scene-0006,static,10,30-40,potential_label,1.2,28,26,5,5,2
816fc129-76c3-5662-b6b7-ed59ca304d81,scene-0006,static,10,30-40,nontraversable_label,0.4,1915,1231,49,44,679
816fc129-76c3-5662-b6b7-ed59ca304d81,scene-0006,static,10,30-40,nontraversable_label,0.8,1915,1725,239,239,190
816fc129-76c3-5662-b6b7-ed59ca304d81,scene-0006,static,10,30-40,nontraversable_label,1.2,1915,1805,520,520,110
816fc129-76c3-5662-b6b7-ed59ca304d81,scene-0006,static,10,30-40,near_ground_geometry,0.4,46,41,0,0,5
816fc129-76c3-5662-b6b7-ed59ca304d81,scene-0006,static,10,30-40,near_ground_geometry,0.8,46,46,0,0,0
816fc129-76c3-5662-b6b7-ed59ca304d81,scene-0006,static,10,30-40,near_ground_geometry,1.2,46,46,0,0,0
816fc129-76c3-5662-b6b7-ed59ca304d81,scene-0006,static,20,2-10,traversable_label,0.4,125,125,0,0,0
816fc129-76c3-5662-b6b7-ed59ca304d81,scene-0006,static,20,2-10,traversable_label,0.8,125,125,0,0,0
816fc129-76c3-5662-b6b7-ed59ca304d81,scene-0006,static,20,2-10,traversable_label,1.2,125,125,0,0,0
816fc129-76c3-5662-b6b7-ed59ca304d81,scene-0006,static,20,2-10,potential_label,0.4,894,864,9,9,30
816fc129-76c3-5662-b6b7-ed59ca304d81,scene-0006,static,20,2-10,potential_label,0.8,894,885,47,47,9
816fc129-76c3-5662-b6b7-ed59ca304d81,scene-0006,static,20,2-10,potential_label,1.2,894,888,107,107,6
816fc129-76c3-5662-b6b7-ed59ca304d81,scene-0006,static,20,2-10,nontraversable_label,0.4,3350,2934,117,114,413
816fc129-76c3-5662-b6b7-ed59ca304d81,scene-0006,static,20,2-10,nontraversable_label,0.8,3350,3312,659,659,38
816fc129-76c3-5662-b6b7-ed59ca304d81,scene-0006,static,20,2-10,nontraversable_label,1.2,3350,3346,1380,1380,4
816fc129-76c3-5662-b6b7-ed59ca304d81,scene-0006,static,20,2-10,near_ground_geometry,0.4,161,160,0,0,1
816fc129-76c3-5662-b6b7-ed59ca304d81,scene-0006,static,20,2-10,near_ground_geometry,0.8,161,161,2,2,0
816fc129-76c3-5662-b6b7-ed59ca304d81,scene-0006,static,20,2-10,near_ground_geometry,1.2,161,161,5,5,0
816fc129-76c3-5662-b6b7-ed59ca304d81,scene-0006,static,20,2-10,raised_geometry,0.4,3,3,0,0,0
816fc129-76c3-5662-b6b7-ed59ca304d81,scene-0006,static,20,2-10,raised_geometry,0.8,3,3,0,0,0
816fc129-76c3-5662-b6b7-ed59ca304d81,scene-0006,static,20,2-10,raised_geometry,1.2,3,3,0,0,0
816fc129-76c3-5662-b6b7-ed59ca304d81,scene-0006,static,20,10-20,traversable_label,0.4,126,124,4,4,2
816fc129-76c3-5662-b6b7-ed59ca304d81,scene-0006,static,20,10-20,traversable_label,0.8,126,126,18,18,0
816fc129-76c3-5662-b6b7-ed59ca304d81,scene-0006,static,20,10-20,traversable_label,1.2,126,126,30,30,0
816fc129-76c3-5662-b6b7-ed59ca304d81,scene-0006,static,20,10-20,potential_label,0.4,728,704,2,2,24
816fc129-76c3-5662-b6b7-ed59ca304d81,scene-0006,static,20,10-20,potential_label,0.8,728,724,23,23,4
816fc129-76c3-5662-b6b7-ed59ca304d81,scene-0006,static,20,10-20,potential_label,1.2,728,725,70,70,3
816fc129-76c3-5662-b6b7-ed59ca304d81,scene-0006,static,20,10-20,nontraversable_label,0.4,4005,3287,102,101,717
816fc129-76c3-5662-b6b7-ed59ca304d81,scene-0006,static,20,10-20,nontraversable_label,0.8,4005,3887,583,583,118
816fc129-76c3-5662-b6b7-ed59ca304d81,scene-0006,static,20,10-20,nontraversable_label,1.2,4005,3970,1259,1259,35
816fc129-76c3-5662-b6b7-ed59ca304d81,scene-0006,static,20,10-20,near_ground_geometry,0.4,236,235,0,0,1
816fc129-76c3-5662-b6b7-ed59ca304d81,scene-0006,static,20,10-20,near_ground_geometry,0.8,236,236,7,7,0
816fc129-76c3-5662-b6b7-ed59ca304d81,scene-0006,static,20,10-20,near_ground_geometry,1.2,236,236,19,19,0
816fc129-76c3-5662-b6b7-ed59ca304d81,scene-0006,static,20,10-20,raised_geometry,0.4,17,16,2,2,1
816fc129-76c3-5662-b6b7-ed59ca304d81,scene-0006,static,20,10-20,raised_geometry,0.8,17,17,8,8,0
816fc129-76c3-5662-b6b7-ed59ca304d81,scene-0006,static,20,10-20,raised_geometry,1.2,17,17,14,14,0
816fc129-76c3-5662-b6b7-ed59ca304d81,scene-0006,static,20,20-30,traversable_label,0.4,58,44,0,0,14
816fc129-76c3-5662-b6b7-ed59ca304d81,scene-0006,static,20,20-30,traversable_label,0.8,58,55,0,0,3
816fc129-76c3-5662-b6b7-ed59ca304d81,scene-0006,static,20,20-30,traversable_label,1.2,58,58,10,10,0
816fc129-76c3-5662-b6b7-ed59ca304d81,scene-0006,static,20,20-30,potential_label,0.4,161,155,0,0,6
816fc129-76c3-5662-b6b7-ed59ca304d81,scene-0006,static,20,20-30,potential_label,0.8,161,159,5,5,2
816fc129-76c3-5662-b6b7-ed59ca304d81,scene-0006,static,20,20-30,potential_label,1.2,161,161,20,20,0
816fc129-76c3-5662-b6b7-ed59ca304d81,scene-0006,static,20,20-30,nontraversable_label,0.4,2539,1967,80,72,564
816fc129-76c3-5662-b6b7-ed59ca304d81,scene-0006,static,20,20-30,nontraversable_label,0.8,2539,2476,363,363,63
816fc129-76c3-5662-b6b7-ed59ca304d81,scene-0006,static,20,20-30,nontraversable_label,1.2,2539,2518,736,736,21
816fc129-76c3-5662-b6b7-ed59ca304d81,scene-0006,static,20,20-30,near_ground_geometry,0.4,112,105,0,0,7
816fc129-76c3-5662-b6b7-ed59ca304d81,scene-0006,static,20,20-30,near_ground_geometry,0.8,112,111,0,0,1
816fc129-76c3-5662-b6b7-ed59ca304d81,scene-0006,static,20,20-30,near_ground_geometry,1.2,112,112,4,4,0
816fc129-76c3-5662-b6b7-ed59ca304d81,scene-0006,static,20,20-30,raised_geometry,0.4,12,0,0,0,12
816fc129-76c3-5662-b6b7-ed59ca304d81,scene-0006,static,20,20-30,raised_geometry,0.8,12,9,0,0,3
816fc129-76c3-5662-b6b7-ed59ca304d81,scene-0006,static,20,20-30,raised_geometry,1.2,12,12,5,5,0
816fc129-76c3-5662-b6b7-ed59ca304d81,scene-0006,static,20,30-40,traversable_label,0.4,28,25,0,0,3
816fc129-76c3-5662-b6b7-ed59ca304d81,scene-0006,static,20,30-40,traversable_label,0.8,28,28,0,0,0
816fc129-76c3-5662-b6b7-ed59ca304d81,scene-0006,static,20,30-40,traversable_label,1.2,28,28,0,0,0
816fc129-76c3-5662-b6b7-ed59ca304d81,scene-0006,static,20,30-40,potential_label,0.4,28,23,1,1,5
816fc129-76c3-5662-b6b7-ed59ca304d81,scene-0006,static,20,30-40,potential_label,0.8,28,25,4,4,3
816fc129-76c3-5662-b6b7-ed59ca304d81,scene-0006,static,20,30-40,potential_label,1.2,28,26,5,5,2
816fc129-76c3-5662-b6b7-ed59ca304d81,scene-0006,static,20,30-40,nontraversable_label,0.4,1915,1231,49,44,679
816fc129-76c3-5662-b6b7-ed59ca304d81,scene-0006,static,20,30-40,nontraversable_label,0.8,1915,1725,239,239,190
816fc129-76c3-5662-b6b7-ed59ca304d81,scene-0006,static,20,30-40,nontraversable_label,1.2,1915,1805,520,520,110
816fc129-76c3-5662-b6b7-ed59ca304d81,scene-0006,static,20,30-40,near_ground_geometry,0.4,46,41,0,0,5
816fc129-76c3-5662-b6b7-ed59ca304d81,scene-0006,static,20,30-40,near_ground_geometry,0.8,46,46,0,0,0
816fc129-76c3-5662-b6b7-ed59ca304d81,scene-0006,static,20,30-40,near_ground_geometry,1.2,46,46,0,0,0
816fc129-76c3-5662-b6b7-ed59ca304d81,scene-0006,aligned,10,2-10,traversable_label,0.4,67,67,0,0,0
816fc129-76c3-5662-b6b7-ed59ca304d81,scene-0006,aligned,10,2-10,traversable_label,0.8,67,67,0,0,0
816fc129-76c3-5662-b6b7-ed59ca304d81,scene-0006,aligned,10,2-10,traversable_label,1.2,67,67,0,0,0
816fc129-76c3-5662-b6b7-ed59ca304d81,scene-0006,aligned,10,2-10,potential_label,0.4,610,583,4,4,27
816fc129-76c3-5662-b6b7-ed59ca304d81,scene-0006,aligned,10,2-10,potential_label,0.8,610,603,18,18,7
816fc129-76c3-5662-b6b7-ed59ca304d81,scene-0006,aligned,10,2-10,potential_label,1.2,610,604,44,44,6
816fc129-76c3-5662-b6b7-ed59ca304d81,scene-0006,aligned,10,2-10,nontraversable_label,0.4,2469,2209,96,94,258
816fc129-76c3-5662-b6b7-ed59ca304d81,scene-0006,aligned,10,2-10,nontraversable_label,0.8,2469,2445,520,520,24
816fc129-76c3-5662-b6b7-ed59ca304d81,scene-0006,aligned,10,2-10,nontraversable_label,1.2,2469,2466,1049,1049,3
816fc129-76c3-5662-b6b7-ed59ca304d81,scene-0006,aligned,10,2-10,near_ground_geometry,0.4,59,58,0,0,1
816fc129-76c3-5662-b6b7-ed59ca304d81,scene-0006,aligned,10,2-10,near_ground_geometry,0.8,59,59,0,0,0
816fc129-76c3-5662-b6b7-ed59ca304d81,scene-0006,aligned,10,2-10,near_ground_geometry,1.2,59,59,0,0,0
816fc129-76c3-5662-b6b7-ed59ca304d81,scene-0006,aligned,10,10-20,traversable_label,0.4,126,124,4,4,2
816fc129-76c3-5662-b6b7-ed59ca304d81,scene-0006,aligned,10,10-20,traversable_label,0.8,126,126,20,20,0
816fc129-76c3-5662-b6b7-ed59ca304d81,scene-0006,aligned,10,10-20,traversable_label,1.2,126,126,30,30,0
816fc129-76c3-5662-b6b7-ed59ca304d81,scene-0006,aligned,10,10-20,potential_label,0.4,728,704,2,2,24
816fc129-76c3-5662-b6b7-ed59ca304d81,scene-0006,aligned,10,10-20,potential_label,0.8,728,724,23,23,4
816fc129-76c3-5662-b6b7-ed59ca304d81,scene-0006,aligned,10,10-20,potential_label,1.2,728,725,71,71,3
816fc129-76c3-5662-b6b7-ed59ca304d81,scene-0006,aligned,10,10-20,nontraversable_label,0.4,3320,2837,102,101,482
816fc129-76c3-5662-b6b7-ed59ca304d81,scene-0006,aligned,10,10-20,nontraversable_label,0.8,3320,3269,575,575,51
816fc129-76c3-5662-b6b7-ed59ca304d81,scene-0006,aligned,10,10-20,nontraversable_label,1.2,3320,3310,1222,1222,10
816fc129-76c3-5662-b6b7-ed59ca304d81,scene-0006,aligned,10,10-20,near_ground_geometry,0.4,236,235,0,0,1
816fc129-76c3-5662-b6b7-ed59ca304d81,scene-0006,aligned,10,10-20,near_ground_geometry,0.8,236,236,7,7,0
816fc129-76c3-5662-b6b7-ed59ca304d81,scene-0006,aligned,10,10-20,near_ground_geometry,1.2,236,236,19,19,0
816fc129-76c3-5662-b6b7-ed59ca304d81,scene-0006,aligned,10,10-20,raised_geometry,0.4,17,16,2,2,1
816fc129-76c3-5662-b6b7-ed59ca304d81,scene-0006,aligned,10,10-20,raised_geometry,0.8,17,17,10,10,0
816fc129-76c3-5662-b6b7-ed59ca304d81,scene-0006,aligned,10,10-20,raised_geometry,1.2,17,17,14,14,0
816fc129-76c3-5662-b6b7-ed59ca304d81,scene-0006,aligned,10,20-30,traversable_label,0.4,58,44,0,0,14
816fc129-76c3-5662-b6b7-ed59ca304d81,scene-0006,aligned,10,20-30,traversable_label,0.8,58,55,0,0,3
816fc129-76c3-5662-b6b7-ed59ca304d81,scene-0006,aligned,10,20-30,traversable_label,1.2,58,58,10,10,0
816fc129-76c3-5662-b6b7-ed59ca304d81,scene-0006,aligned,10,20-30,potential_label,0.4,161,155,0,0,6
816fc129-76c3-5662-b6b7-ed59ca304d81,scene-0006,aligned,10,20-30,potential_label,0.8,161,159,5,5,2
816fc129-76c3-5662-b6b7-ed59ca304d81,scene-0006,aligned,10,20-30,potential_label,1.2,161,161,20,20,0
816fc129-76c3-5662-b6b7-ed59ca304d81,scene-0006,aligned,10,20-30,nontraversable_label,0.4,2458,1919,83,75,531
816fc129-76c3-5662-b6b7-ed59ca304d81,scene-0006,aligned,10,20-30,nontraversable_label,0.8,2458,2408,371,371,50
816fc129-76c3-5662-b6b7-ed59ca304d81,scene-0006,aligned,10,20-30,nontraversable_label,1.2,2458,2444,752,752,14
816fc129-76c3-5662-b6b7-ed59ca304d81,scene-0006,aligned,10,20-30,near_ground_geometry,0.4,112,105,0,0,7
816fc129-76c3-5662-b6b7-ed59ca304d81,scene-0006,aligned,10,20-30,near_ground_geometry,0.8,112,111,0,0,1
816fc129-76c3-5662-b6b7-ed59ca304d81,scene-0006,aligned,10,20-30,near_ground_geometry,1.2,112,112,4,4,0
816fc129-76c3-5662-b6b7-ed59ca304d81,scene-0006,aligned,10,20-30,raised_geometry,0.4,12,0,0,0,12
816fc129-76c3-5662-b6b7-ed59ca304d81,scene-0006,aligned,10,20-30,raised_geometry,0.8,12,9,0,0,3
816fc129-76c3-5662-b6b7-ed59ca304d81,scene-0006,aligned,10,20-30,raised_geometry,1.2,12,12,5,5,0
816fc129-76c3-5662-b6b7-ed59ca304d81,scene-0006,aligned,10,30-40,traversable_label,0.4,28,25,0,0,3
816fc129-76c3-5662-b6b7-ed59ca304d81,scene-0006,aligned,10,30-40,traversable_label,0.8,28,28,0,0,0
816fc129-76c3-5662-b6b7-ed59ca304d81,scene-0006,aligned,10,30-40,traversable_label,1.2,28,28,0,0,0
816fc129-76c3-5662-b6b7-ed59ca304d81,scene-0006,aligned,10,30-40,potential_label,0.4,28,23,1,1,5
816fc129-76c3-5662-b6b7-ed59ca304d81,scene-0006,aligned,10,30-40,potential_label,0.8,28,25,4,4,3
816fc129-76c3-5662-b6b7-ed59ca304d81,scene-0006,aligned,10,30-40,potential_label,1.2,28,26,5,5,2
816fc129-76c3-5662-b6b7-ed59ca304d81,scene-0006,aligned,10,30-40,nontraversable_label,0.4,1915,1231,46,41,679
816fc129-76c3-5662-b6b7-ed59ca304d81,scene-0006,aligned,10,30-40,nontraversable_label,0.8,1915,1725,240,240,190
816fc129-76c3-5662-b6b7-ed59ca304d81,scene-0006,aligned,10,30-40,nontraversable_label,1.2,1915,1805,512,512,110
816fc129-76c3-5662-b6b7-ed59ca304d81,scene-0006,aligned,10,30-40,near_ground_geometry,0.4,46,41,0,0,5
816fc129-76c3-5662-b6b7-ed59ca304d81,scene-0006,aligned,10,30-40,near_ground_geometry,0.8,46,46,0,0,0
816fc129-76c3-5662-b6b7-ed59ca304d81,scene-0006,aligned,10,30-40,near_ground_geometry,1.2,46,46,0,0,0
816fc129-76c3-5662-b6b7-ed59ca304d81,scene-0006,aligned,20,2-10,traversable_label,0.4,125,125,0,0,0
816fc129-76c3-5662-b6b7-ed59ca304d81,scene-0006,aligned,20,2-10,traversable_label,0.8,125,125,0,0,0
816fc129-76c3-5662-b6b7-ed59ca304d81,scene-0006,aligned,20,2-10,traversable_label,1.2,125,125,0,0,0
816fc129-76c3-5662-b6b7-ed59ca304d81,scene-0006,aligned,20,2-10,potential_label,0.4,894,864,9,9,30
816fc129-76c3-5662-b6b7-ed59ca304d81,scene-0006,aligned,20,2-10,potential_label,0.8,894,885,47,47,9
816fc129-76c3-5662-b6b7-ed59ca304d81,scene-0006,aligned,20,2-10,potential_label,1.2,894,888,105,105,6
816fc129-76c3-5662-b6b7-ed59ca304d81,scene-0006,aligned,20,2-10,nontraversable_label,0.4,3350,2934,113,110,413
816fc129-76c3-5662-b6b7-ed59ca304d81,scene-0006,aligned,20,2-10,nontraversable_label,0.8,3350,3312,650,650,38
816fc129-76c3-5662-b6b7-ed59ca304d81,scene-0006,aligned,20,2-10,nontraversable_label,1.2,3350,3346,1374,1374,4
816fc129-76c3-5662-b6b7-ed59ca304d81,scene-0006,aligned,20,2-10,near_ground_geometry,0.4,161,160,0,0,1
816fc129-76c3-5662-b6b7-ed59ca304d81,scene-0006,aligned,20,2-10,near_ground_geometry,0.8,161,161,2,2,0
816fc129-76c3-5662-b6b7-ed59ca304d81,scene-0006,aligned,20,2-10,near_ground_geometry,1.2,161,161,5,5,0
816fc129-76c3-5662-b6b7-ed59ca304d81,scene-0006,aligned,20,2-10,raised_geometry,0.4,3,3,0,0,0
816fc129-76c3-5662-b6b7-ed59ca304d81,scene-0006,aligned,20,2-10,raised_geometry,0.8,3,3,0,0,0
816fc129-76c3-5662-b6b7-ed59ca304d81,scene-0006,aligned,20,2-10,raised_geometry,1.2,3,3,0,0,0
816fc129-76c3-5662-b6b7-ed59ca304d81,scene-0006,aligned,20,10-20,traversable_label,0.4,126,124,4,4,2
816fc129-76c3-5662-b6b7-ed59ca304d81,scene-0006,aligned,20,10-20,traversable_label,0.8,126,126,20,20,0
816fc129-76c3-5662-b6b7-ed59ca304d81,scene-0006,aligned,20,10-20,traversable_label,1.2,126,126,30,30,0
816fc129-76c3-5662-b6b7-ed59ca304d81,scene-0006,aligned,20,10-20,potential_label,0.4,728,704,2,2,24
816fc129-76c3-5662-b6b7-ed59ca304d81,scene-0006,aligned,20,10-20,potential_label,0.8,728,724,23,23,4
816fc129-76c3-5662-b6b7-ed59ca304d81,scene-0006,aligned,20,10-20,potential_label,1.2,728,725,71,71,3
816fc129-76c3-5662-b6b7-ed59ca304d81,scene-0006,aligned,20,10-20,nontraversable_label,0.4,4005,3287,102,101,717
816fc129-76c3-5662-b6b7-ed59ca304d81,scene-0006,aligned,20,10-20,nontraversable_label,0.8,4005,3887,582,582,118
816fc129-76c3-5662-b6b7-ed59ca304d81,scene-0006,aligned,20,10-20,nontraversable_label,1.2,4005,3970,1260,1260,35
816fc129-76c3-5662-b6b7-ed59ca304d81,scene-0006,aligned,20,10-20,near_ground_geometry,0.4,236,235,0,0,1
816fc129-76c3-5662-b6b7-ed59ca304d81,scene-0006,aligned,20,10-20,near_ground_geometry,0.8,236,236,7,7,0
816fc129-76c3-5662-b6b7-ed59ca304d81,scene-0006,aligned,20,10-20,near_ground_geometry,1.2,236,236,19,19,0
816fc129-76c3-5662-b6b7-ed59ca304d81,scene-0006,aligned,20,10-20,raised_geometry,0.4,17,16,2,2,1
816fc129-76c3-5662-b6b7-ed59ca304d81,scene-0006,aligned,20,10-20,raised_geometry,0.8,17,17,10,10,0
816fc129-76c3-5662-b6b7-ed59ca304d81,scene-0006,aligned,20,10-20,raised_geometry,1.2,17,17,14,14,0
816fc129-76c3-5662-b6b7-ed59ca304d81,scene-0006,aligned,20,20-30,traversable_label,0.4,58,44,0,0,14
816fc129-76c3-5662-b6b7-ed59ca304d81,scene-0006,aligned,20,20-30,traversable_label,0.8,58,55,0,0,3
816fc129-76c3-5662-b6b7-ed59ca304d81,scene-0006,aligned,20,20-30,traversable_label,1.2,58,58,10,10,0
816fc129-76c3-5662-b6b7-ed59ca304d81,scene-0006,aligned,20,20-30,potential_label,0.4,161,155,0,0,6
816fc129-76c3-5662-b6b7-ed59ca304d81,scene-0006,aligned,20,20-30,potential_label,0.8,161,159,5,5,2
816fc129-76c3-5662-b6b7-ed59ca304d81,scene-0006,aligned,20,20-30,potential_label,1.2,161,161,20,20,0
816fc129-76c3-5662-b6b7-ed59ca304d81,scene-0006,aligned,20,20-30,nontraversable_label,0.4,2539,1967,83,75,564
816fc129-76c3-5662-b6b7-ed59ca304d81,scene-0006,aligned,20,20-30,nontraversable_label,0.8,2539,2476,371,371,63
816fc129-76c3-5662-b6b7-ed59ca304d81,scene-0006,aligned,20,20-30,nontraversable_label,1.2,2539,2518,753,753,21
816fc129-76c3-5662-b6b7-ed59ca304d81,scene-0006,aligned,20,20-30,near_ground_geometry,0.4,112,105,0,0,7
816fc129-76c3-5662-b6b7-ed59ca304d81,scene-0006,aligned,20,20-30,near_ground_geometry,0.8,112,111,0,0,1
816fc129-76c3-5662-b6b7-ed59ca304d81,scene-0006,aligned,20,20-30,near_ground_geometry,1.2,112,112,4,4,0
816fc129-76c3-5662-b6b7-ed59ca304d81,scene-0006,aligned,20,20-30,raised_geometry,0.4,12,0,0,0,12
816fc129-76c3-5662-b6b7-ed59ca304d81,scene-0006,aligned,20,20-30,raised_geometry,0.8,12,9,0,0,3
816fc129-76c3-5662-b6b7-ed59ca304d81,scene-0006,aligned,20,20-30,raised_geometry,1.2,12,12,5,5,0
816fc129-76c3-5662-b6b7-ed59ca304d81,scene-0006,aligned,20,30-40,traversable_label,0.4,28,25,0,0,3
816fc129-76c3-5662-b6b7-ed59ca304d81,scene-0006,aligned,20,30-40,traversable_label,0.8,28,28,0,0,0
816fc129-76c3-5662-b6b7-ed59ca304d81,scene-0006,aligned,20,30-40,traversable_label,1.2,28,28,0,0,0
816fc129-76c3-5662-b6b7-ed59ca304d81,scene-0006,aligned,20,30-40,potential_label,0.4,28,23,1,1,5
816fc129-76c3-5662-b6b7-ed59ca304d81,scene-0006,aligned,20,30-40,potential_label,0.8,28,25,4,4,3
816fc129-76c3-5662-b6b7-ed59ca304d81,scene-0006,aligned,20,30-40,potential_label,1.2,28,26,5,5,2
816fc129-76c3-5662-b6b7-ed59ca304d81,scene-0006,aligned,20,30-40,nontraversable_label,0.4,1915,1231,46,41,679
816fc129-76c3-5662-b6b7-ed59ca304d81,scene-0006,aligned,20,30-40,nontraversable_label,0.8,1915,1725,240,240,190
816fc129-76c3-5662-b6b7-ed59ca304d81,scene-0006,aligned,20,30-40,nontraversable_label,1.2,1915,1805,512,512,110
816fc129-76c3-5662-b6b7-ed59ca304d81,scene-0006,aligned,20,30-40,near_ground_geometry,0.4,46,41,0,0,5
816fc129-76c3-5662-b6b7-ed59ca304d81,scene-0006,aligned,20,30-40,near_ground_geometry,0.8,46,46,0,0,0
816fc129-76c3-5662-b6b7-ed59ca304d81,scene-0006,aligned,20,30-40,near_ground_geometry,1.2,46,46,0,0,0
816fc129-76c3-5662-b6b7-ed59ca304d81,scene-0006,ros_origin,10,2-10,traversable_label,0.4,67,67,0,0,0
816fc129-76c3-5662-b6b7-ed59ca304d81,scene-0006,ros_origin,10,2-10,traversable_label,0.8,67,67,0,0,0
816fc129-76c3-5662-b6b7-ed59ca304d81,scene-0006,ros_origin,10,2-10,traversable_label,1.2,67,67,0,0,0
816fc129-76c3-5662-b6b7-ed59ca304d81,scene-0006,ros_origin,10,2-10,potential_label,0.4,610,583,0,0,27
816fc129-76c3-5662-b6b7-ed59ca304d81,scene-0006,ros_origin,10,2-10,potential_label,0.8,610,603,17,17,7
816fc129-76c3-5662-b6b7-ed59ca304d81,scene-0006,ros_origin,10,2-10,potential_label,1.2,610,604,44,44,6
816fc129-76c3-5662-b6b7-ed59ca304d81,scene-0006,ros_origin,10,2-10,nontraversable_label,0.4,2469,2209,100,96,256
816fc129-76c3-5662-b6b7-ed59ca304d81,scene-0006,ros_origin,10,2-10,nontraversable_label,0.8,2469,2445,538,538,24
816fc129-76c3-5662-b6b7-ed59ca304d81,scene-0006,ros_origin,10,2-10,nontraversable_label,1.2,2469,2466,1082,1082,3
816fc129-76c3-5662-b6b7-ed59ca304d81,scene-0006,ros_origin,10,2-10,near_ground_geometry,0.4,59,58,0,0,1
816fc129-76c3-5662-b6b7-ed59ca304d81,scene-0006,ros_origin,10,2-10,near_ground_geometry,0.8,59,59,0,0,0
816fc129-76c3-5662-b6b7-ed59ca304d81,scene-0006,ros_origin,10,2-10,near_ground_geometry,1.2,59,59,0,0,0
816fc129-76c3-5662-b6b7-ed59ca304d81,scene-0006,ros_origin,10,10-20,traversable_label,0.4,126,124,2,2,2
816fc129-76c3-5662-b6b7-ed59ca304d81,scene-0006,ros_origin,10,10-20,traversable_label,0.8,126,126,11,11,0
816fc129-76c3-5662-b6b7-ed59ca304d81,scene-0006,ros_origin,10,10-20,traversable_label,1.2,126,126,20,20,0
816fc129-76c3-5662-b6b7-ed59ca304d81,scene-0006,ros_origin,10,10-20,potential_label,0.4,728,704,0,0,24
816fc129-76c3-5662-b6b7-ed59ca304d81,scene-0006,ros_origin,10,10-20,potential_label,0.8,728,724,16,16,4
816fc129-76c3-5662-b6b7-ed59ca304d81,scene-0006,ros_origin,10,10-20,potential_label,1.2,728,725,74,74,3
816fc129-76c3-5662-b6b7-ed59ca304d81,scene-0006,ros_origin,10,10-20,nontraversable_label,0.4,3320,2837,84,83,482
816fc129-76c3-5662-b6b7-ed59ca304d81,scene-0006,ros_origin,10,10-20,nontraversable_label,0.8,3320,3269,513,513,51
816fc129-76c3-5662-b6b7-ed59ca304d81,scene-0006,ros_origin,10,10-20,nontraversable_label,1.2,3320,3310,1192,1192,10
816fc129-76c3-5662-b6b7-ed59ca304d81,scene-0006,ros_origin,10,10-20,near_ground_geometry,0.4,236,235,2,2,1
816fc129-76c3-5662-b6b7-ed59ca304d81,scene-0006,ros_origin,10,10-20,near_ground_geometry,0.8,236,236,10,10,0
816fc129-76c3-5662-b6b7-ed59ca304d81,scene-0006,ros_origin,10,10-20,near_ground_geometry,1.2,236,236,18,18,0
816fc129-76c3-5662-b6b7-ed59ca304d81,scene-0006,ros_origin,10,10-20,raised_geometry,0.4,17,16,0,0,1
816fc129-76c3-5662-b6b7-ed59ca304d81,scene-0006,ros_origin,10,10-20,raised_geometry,0.8,17,17,0,0,0
816fc129-76c3-5662-b6b7-ed59ca304d81,scene-0006,ros_origin,10,10-20,raised_geometry,1.2,17,17,5,5,0
816fc129-76c3-5662-b6b7-ed59ca304d81,scene-0006,ros_origin,10,20-30,traversable_label,0.4,58,44,0,0,14
816fc129-76c3-5662-b6b7-ed59ca304d81,scene-0006,ros_origin,10,20-30,traversable_label,0.8,58,55,3,3,3
816fc129-76c3-5662-b6b7-ed59ca304d81,scene-0006,ros_origin,10,20-30,traversable_label,1.2,58,58,11,11,0
816fc129-76c3-5662-b6b7-ed59ca304d81,scene-0006,ros_origin,10,20-30,potential_label,0.4,161,155,0,0,6
816fc129-76c3-5662-b6b7-ed59ca304d81,scene-0006,ros_origin,10,20-30,potential_label,0.8,161,159,1,1,2
816fc129-76c3-5662-b6b7-ed59ca304d81,scene-0006,ros_origin,10,20-30,potential_label,1.2,161,161,16,16,0
816fc129-76c3-5662-b6b7-ed59ca304d81,scene-0006,ros_origin,10,20-30,nontraversable_label,0.4,2458,1919,52,50,537
816fc129-76c3-5662-b6b7-ed59ca304d81,scene-0006,ros_origin,10,20-30,nontraversable_label,0.8,2458,2408,284,284,50
816fc129-76c3-5662-b6b7-ed59ca304d81,scene-0006,ros_origin,10,20-30,nontraversable_label,1.2,2458,2444,681,681,14
816fc129-76c3-5662-b6b7-ed59ca304d81,scene-0006,ros_origin,10,20-30,near_ground_geometry,0.4,112,105,0,0,7
816fc129-76c3-5662-b6b7-ed59ca304d81,scene-0006,ros_origin,10,20-30,near_ground_geometry,0.8,112,111,3,3,1
816fc129-76c3-5662-b6b7-ed59ca304d81,scene-0006,ros_origin,10,20-30,near_ground_geometry,1.2,112,112,7,7,0
816fc129-76c3-5662-b6b7-ed59ca304d81,scene-0006,ros_origin,10,20-30,raised_geometry,0.4,12,0,0,0,12
816fc129-76c3-5662-b6b7-ed59ca304d81,scene-0006,ros_origin,10,20-30,raised_geometry,0.8,12,9,0,0,3
816fc129-76c3-5662-b6b7-ed59ca304d81,scene-0006,ros_origin,10,20-30,raised_geometry,1.2,12,12,2,2,0
816fc129-76c3-5662-b6b7-ed59ca304d81,scene-0006,ros_origin,10,30-40,traversable_label,0.4,28,25,0,0,3
816fc129-76c3-5662-b6b7-ed59ca304d81,scene-0006,ros_origin,10,30-40,traversable_label,0.8,28,28,0,0,0
816fc129-76c3-5662-b6b7-ed59ca304d81,scene-0006,ros_origin,10,30-40,traversable_label,1.2,28,28,0,0,0
816fc129-76c3-5662-b6b7-ed59ca304d81,scene-0006,ros_origin,10,30-40,potential_label,0.4,28,23,0,0,5
816fc129-76c3-5662-b6b7-ed59ca304d81,scene-0006,ros_origin,10,30-40,potential_label,0.8,28,25,3,3,3
816fc129-76c3-5662-b6b7-ed59ca304d81,scene-0006,ros_origin,10,30-40,potential_label,1.2,28,26,5,5,2
816fc129-76c3-5662-b6b7-ed59ca304d81,scene-0006,ros_origin,10,30-40,nontraversable_label,0.4,1915,1231,36,34,682
816fc129-76c3-5662-b6b7-ed59ca304d81,scene-0006,ros_origin,10,30-40,nontraversable_label,0.8,1915,1725,219,219,190
816fc129-76c3-5662-b6b7-ed59ca304d81,scene-0006,ros_origin,10,30-40,nontraversable_label,1.2,1915,1805,493,493,110
816fc129-76c3-5662-b6b7-ed59ca304d81,scene-0006,ros_origin,10,30-40,near_ground_geometry,0.4,46,41,0,0,5
816fc129-76c3-5662-b6b7-ed59ca304d81,scene-0006,ros_origin,10,30-40,near_ground_geometry,0.8,46,46,0,0,0
816fc129-76c3-5662-b6b7-ed59ca304d81,scene-0006,ros_origin,10,30-40,near_ground_geometry,1.2,46,46,0,0,0
816fc129-76c3-5662-b6b7-ed59ca304d81,scene-0006,ros_origin,20,2-10,traversable_label,0.4,125,125,0,0,0
816fc129-76c3-5662-b6b7-ed59ca304d81,scene-0006,ros_origin,20,2-10,traversable_label,0.8,125,125,0,0,0
816fc129-76c3-5662-b6b7-ed59ca304d81,scene-0006,ros_origin,20,2-10,traversable_label,1.2,125,125,0,0,0
816fc129-76c3-5662-b6b7-ed59ca304d81,scene-0006,ros_origin,20,2-10,potential_label,0.4,894,864,7,7,30
816fc129-76c3-5662-b6b7-ed59ca304d81,scene-0006,ros_origin,20,2-10,potential_label,0.8,894,885,42,42,9
816fc129-76c3-5662-b6b7-ed59ca304d81,scene-0006,ros_origin,20,2-10,potential_label,1.2,894,888,108,108,6
816fc129-76c3-5662-b6b7-ed59ca304d81,scene-0006,ros_origin,20,2-10,nontraversable_label,0.4,3350,2934,114,109,411
816fc129-76c3-5662-b6b7-ed59ca304d81,scene-0006,ros_origin,20,2-10,nontraversable_label,0.8,3350,3312,626,626,38
816fc129-76c3-5662-b6b7-ed59ca304d81,scene-0006,ros_origin,20,2-10,nontraversable_label,1.2,3350,3346,1326,1326,4
816fc129-76c3-5662-b6b7-ed59ca304d81,scene-0006,ros_origin,20,2-10,near_ground_geometry,0.4,161,160,0,0,1
816fc129-76c3-5662-b6b7-ed59ca304d81,scene-0006,ros_origin,20,2-10,near_ground_geometry,0.8,161,161,1,1,0
816fc129-76c3-5662-b6b7-ed59ca304d81,scene-0006,ros_origin,20,2-10,near_ground_geometry,1.2,161,161,7,7,0
816fc129-76c3-5662-b6b7-ed59ca304d81,scene-0006,ros_origin,20,2-10,raised_geometry,0.4,3,3,0,0,0
816fc129-76c3-5662-b6b7-ed59ca304d81,scene-0006,ros_origin,20,2-10,raised_geometry,0.8,3,3,0,0,0
816fc129-76c3-5662-b6b7-ed59ca304d81,scene-0006,ros_origin,20,2-10,raised_geometry,1.2,3,3,0,0,0
816fc129-76c3-5662-b6b7-ed59ca304d81,scene-0006,ros_origin,20,10-20,traversable_label,0.4,126,124,2,2,2
816fc129-76c3-5662-b6b7-ed59ca304d81,scene-0006,ros_origin,20,10-20,traversable_label,0.8,126,126,11,11,0
816fc129-76c3-5662-b6b7-ed59ca304d81,scene-0006,ros_origin,20,10-20,traversable_label,1.2,126,126,20,20,0
816fc129-76c3-5662-b6b7-ed59ca304d81,scene-0006,ros_origin,20,10-20,potential_label,0.4,728,704,0,0,24
816fc129-76c3-5662-b6b7-ed59ca304d81,scene-0006,ros_origin,20,10-20,potential_label,0.8,728,724,16,16,4
816fc129-76c3-5662-b6b7-ed59ca304d81,scene-0006,ros_origin,20,10-20,potential_label,1.2,728,725,74,74,3
816fc129-76c3-5662-b6b7-ed59ca304d81,scene-0006,ros_origin,20,10-20,nontraversable_label,0.4,4005,3287,84,83,717
816fc129-76c3-5662-b6b7-ed59ca304d81,scene-0006,ros_origin,20,10-20,nontraversable_label,0.8,4005,3887,513,513,118
816fc129-76c3-5662-b6b7-ed59ca304d81,scene-0006,ros_origin,20,10-20,nontraversable_label,1.2,4005,3970,1195,1195,35
816fc129-76c3-5662-b6b7-ed59ca304d81,scene-0006,ros_origin,20,10-20,near_ground_geometry,0.4,236,235,2,2,1
816fc129-76c3-5662-b6b7-ed59ca304d81,scene-0006,ros_origin,20,10-20,near_ground_geometry,0.8,236,236,10,10,0
816fc129-76c3-5662-b6b7-ed59ca304d81,scene-0006,ros_origin,20,10-20,near_ground_geometry,1.2,236,236,18,18,0
816fc129-76c3-5662-b6b7-ed59ca304d81,scene-0006,ros_origin,20,10-20,raised_geometry,0.4,17,16,0,0,1
816fc129-76c3-5662-b6b7-ed59ca304d81,scene-0006,ros_origin,20,10-20,raised_geometry,0.8,17,17,0,0,0
816fc129-76c3-5662-b6b7-ed59ca304d81,scene-0006,ros_origin,20,10-20,raised_geometry,1.2,17,17,5,5,0
816fc129-76c3-5662-b6b7-ed59ca304d81,scene-0006,ros_origin,20,20-30,traversable_label,0.4,58,44,0,0,14
816fc129-76c3-5662-b6b7-ed59ca304d81,scene-0006,ros_origin,20,20-30,traversable_label,0.8,58,55,3,3,3
816fc129-76c3-5662-b6b7-ed59ca304d81,scene-0006,ros_origin,20,20-30,traversable_label,1.2,58,58,11,11,0
816fc129-76c3-5662-b6b7-ed59ca304d81,scene-0006,ros_origin,20,20-30,potential_label,0.4,161,155,0,0,6
816fc129-76c3-5662-b6b7-ed59ca304d81,scene-0006,ros_origin,20,20-30,potential_label,0.8,161,159,1,1,2
816fc129-76c3-5662-b6b7-ed59ca304d81,scene-0006,ros_origin,20,20-30,potential_label,1.2,161,161,16,16,0
816fc129-76c3-5662-b6b7-ed59ca304d81,scene-0006,ros_origin,20,20-30,nontraversable_label,0.4,2539,1967,52,50,570
816fc129-76c3-5662-b6b7-ed59ca304d81,scene-0006,ros_origin,20,20-30,nontraversable_label,0.8,2539,2476,284,284,63
816fc129-76c3-5662-b6b7-ed59ca304d81,scene-0006,ros_origin,20,20-30,nontraversable_label,1.2,2539,2518,682,682,21
816fc129-76c3-5662-b6b7-ed59ca304d81,scene-0006,ros_origin,20,20-30,near_ground_geometry,0.4,112,105,0,0,7
816fc129-76c3-5662-b6b7-ed59ca304d81,scene-0006,ros_origin,20,20-30,near_ground_geometry,0.8,112,111,3,3,1
816fc129-76c3-5662-b6b7-ed59ca304d81,scene-0006,ros_origin,20,20-30,near_ground_geometry,1.2,112,112,7,7,0
816fc129-76c3-5662-b6b7-ed59ca304d81,scene-0006,ros_origin,20,20-30,raised_geometry,0.4,12,0,0,0,12
816fc129-76c3-5662-b6b7-ed59ca304d81,scene-0006,ros_origin,20,20-30,raised_geometry,0.8,12,9,0,0,3
816fc129-76c3-5662-b6b7-ed59ca304d81,scene-0006,ros_origin,20,20-30,raised_geometry,1.2,12,12,2,2,0
816fc129-76c3-5662-b6b7-ed59ca304d81,scene-0006,ros_origin,20,30-40,traversable_label,0.4,28,25,0,0,3
816fc129-76c3-5662-b6b7-ed59ca304d81,scene-0006,ros_origin,20,30-40,traversable_label,0.8,28,28,0,0,0
816fc129-76c3-5662-b6b7-ed59ca304d81,scene-0006,ros_origin,20,30-40,traversable_label,1.2,28,28,0,0,0
816fc129-76c3-5662-b6b7-ed59ca304d81,scene-0006,ros_origin,20,30-40,potential_label,0.4,28,23,0,0,5
816fc129-76c3-5662-b6b7-ed59ca304d81,scene-0006,ros_origin,20,30-40,potential_label,0.8,28,25,3,3,3
816fc129-76c3-5662-b6b7-ed59ca304d81,scene-0006,ros_origin,20,30-40,potential_label,1.2,28,26,5,5,2
816fc129-76c3-5662-b6b7-ed59ca304d81,scene-0006,ros_origin,20,30-40,nontraversable_label,0.4,1915,1231,36,34,682
816fc129-76c3-5662-b6b7-ed59ca304d81,scene-0006,ros_origin,20,30-40,nontraversable_label,0.8,1915,1725,219,219,190
816fc129-76c3-5662-b6b7-ed59ca304d81,scene-0006,ros_origin,20,30-40,nontraversable_label,1.2,1915,1805,493,493,110
816fc129-76c3-5662-b6b7-ed59ca304d81,scene-0006,ros_origin,20,30-40,near_ground_geometry,0.4,46,41,0,0,5
816fc129-76c3-5662-b6b7-ed59ca304d81,scene-0006,ros_origin,20,30-40,near_ground_geometry,0.8,46,46,0,0,0
816fc129-76c3-5662-b6b7-ed59ca304d81,scene-0006,ros_origin,20,30-40,near_ground_geometry,1.2,46,46,0,0,0
