frame,recording,source_variant,kind,cutoff_m,delta_z_band_m,points,called_ground,xy_columns_05m
2022-07-22_flight__0134_1658494407426613719_vls128.bin,2022-07-22_flight,stratified24,rigid,1,below_reference,0,0,0
2022-07-22_flight__0134_1658494407426613719_vls128.bin,2022-07-22_flight,stratified24,rigid,1,near_reference,276,2,50
2022-07-22_flight__0134_1658494407426613719_vls128.bin,2022-07-22_flight,stratified24,rigid,1,0.2-0.5,588,4,75
2022-07-22_flight__0134_1658494407426613719_vls128.bin,2022-07-22_flight,stratified24,rigid,1,0.5-1,1161,0,113
2022-07-22_flight__0134_1658494407426613719_vls128.bin,2022-07-22_flight,stratified24,rigid,1,1-2,4810,0,113
2022-07-22_flight__0134_1658494407426613719_vls128.bin,2022-07-22_flight,stratified24,rigid,1,2-3,1965,0,81
2022-07-22_flight__0134_1658494407426613719_vls128.bin,2022-07-22_flight,stratified24,rigid,1,above_3,0,0,0
2022-07-22_flight__0134_1658494407426613719_vls128.bin,2022-07-22_flight,stratified24,rigid,2,below_reference,0,0,0
2022-07-22_flight__0134_1658494407426613719_vls128.bin,2022-07-22_flight,stratified24,rigid,2,near_reference,277,2,50
2022-07-22_flight__0134_1658494407426613719_vls128.bin,2022-07-22_flight,stratified24,rigid,2,0.2-0.5,632,4,77
2022-07-22_flight__0134_1658494407426613719_vls128.bin,2022-07-22_flight,stratified24,rigid,2,0.5-1,1241,0,121
2022-07-22_flight__0134_1658494407426613719_vls128.bin,2022-07-22_flight,stratified24,rigid,2,1-2,7039,0,121
2022-07-22_flight__0134_1658494407426613719_vls128.bin,2022-07-22_flight,stratified24,rigid,2,2-3,6158,0,90
2022-07-22_flight__0134_1658494407426613719_vls128.bin,2022-07-22_flight,stratified24,rigid,2,above_3,0,0,0
2022-07-22_flight__0134_1658494407426613719_vls128.bin,2022-07-22_flight,stratified24,vegetation,1,below_reference,1,1,1
2022-07-22_flight__0134_1658494407426613719_vls128.bin,2022-07-22_flight,stratified24,vegetation,1,near_reference,236,201,27
2022-07-22_flight__0134_1658494407426613719_vls128.bin,2022-07-22_flight,stratified24,vegetation,1,0.2-0.5,358,236,41
2022-07-22_flight__0134_1658494407426613719_vls128.bin,2022-07-22_flight,stratified24,vegetation,1,0.5-1,388,131,44
2022-07-22_flight__0134_1658494407426613719_vls128.bin,2022-07-22_flight,stratified24,vegetation,1,1-2,338,5,19
2022-07-22_flight__0134_1658494407426613719_vls128.bin,2022-07-22_flight,stratified24,vegetation,1,2-3,0,0,0
2022-07-22_flight__0134_1658494407426613719_vls128.bin,2022-07-22_flight,stratified24,vegetation,1,above_3,0,0,0
2022-07-22_flight__0134_1658494407426613719_vls128.bin,2022-07-22_flight,stratified24,vegetation,2,below_reference,11,11,4
2022-07-22_flight__0134_1658494407426613719_vls128.bin,2022-07-22_flight,stratified24,vegetation,2,near_reference,243,206,31
2022-07-22_flight__0134_1658494407426613719_vls128.bin,2022-07-22_flight,stratified24,vegetation,2,0.2-0.5,418,275,52
2022-07-22_flight__0134_1658494407426613719_vls128.bin,2022-07-22_flight,stratified24,vegetation,2,0.5-1,783,250,75
2022-07-22_flight__0134_1658494407426613719_vls128.bin,2022-07-22_flight,stratified24,vegetation,2,1-2,1061,99,53
2022-07-22_flight__0134_1658494407426613719_vls128.bin,2022-07-22_flight,stratified24,vegetation,2,2-3,569,0,17
2022-07-22_flight__0134_1658494407426613719_vls128.bin,2022-07-22_flight,stratified24,vegetation,2,above_3,178,0,7
2022-07-22_flight__0191_1658494577520210012_vls128.bin,2022-07-22_flight,stratified24,rigid,1,below_reference,0,0,0
2022-07-22_flight__0191_1658494577520210012_vls128.bin,2022-07-22_flight,stratified24,rigid,1,near_reference,17,0,8
2022-07-22_flight__0191_1658494577520210012_vls128.bin,2022-07-22_flight,stratified24,rigid,1,0.2-0.5,54,0,16
2022-07-22_flight__0191_1658494577520210012_vls128.bin,2022-07-22_flight,stratified24,rigid,1,0.5-1,549,0,44
2022-07-22_flight__0191_1658494577520210012_vls128.bin,2022-07-22_flight,stratified24,rigid,1,1-2,1354,0,42
2022-07-22_flight__0191_1658494577520210012_vls128.bin,2022-07-22_flight,stratified24,rigid,1,2-3,271,0,22
2022-07-22_flight__0191_1658494577520210012_vls128.bin,2022-07-22_flight,stratified24,rigid,1,above_3,16,0,2
2022-07-22_flight__0191_1658494577520210012_vls128.bin,2022-07-22_flight,stratified24,rigid,2,below_reference,0,0,0
2022-07-22_flight__0191_1658494577520210012_vls128.bin,2022-07-22_flight,stratified24,rigid,2,near_reference,165,0,33
2022-07-22_flight__0191_1658494577520210012_vls128.bin,2022-07-22_flight,stratified24,rigid,2,0.2-0.5,574,0,69
2022-07-22_flight__0191_1658494577520210012_vls128.bin,2022-07-22_flight,stratified24,rigid,2,0.5-1,2491,0,118
2022-07-22_flight__0191_1658494577520210012_vls128.bin,2022-07-22_flight,stratified24,rigid,2,1-2,6781,0,134
2022-07-22_flight__0191_1658494577520210012_vls128.bin,2022-07-22_flight,stratified24,rigid,2,2-3,1440,0,89
2022-07-22_flight__0191_1658494577520210012_vls128.bin,2022-07-22_flight,stratified24,rigid,2,above_3,16,0,2
2022-07-22_flight__0191_1658494577520210012_vls128.bin,2022-07-22_flight,stratified24,vegetation,1,below_reference,0,0,0
2022-07-22_flight__0191_1658494577520210012_vls128.bin,2022-07-22_flight,stratified24,vegetation,1,near_reference,362,17,71
2022-07-22_flight__0191_1658494577520210012_vls128.bin,2022-07-22_flight,stratified24,vegetation,1,0.2-0.5,633,0,89
2022-07-22_flight__0191_1658494577520210012_vls128.bin,2022-07-22_flight,stratified24,vegetation,1,0.5-1,1609,0,104
2022-07-22_flight__0191_1658494577520210012_vls128.bin,2022-07-22_flight,stratified24,vegetation,1,1-2,1873,0,82
2022-07-22_flight__0191_1658494577520210012_vls128.bin,2022-07-22_flight,stratified24,vegetation,1,2-3,772,0,59
2022-07-22_flight__0191_1658494577520210012_vls128.bin,2022-07-22_flight,stratified24,vegetation,1,above_3,2814,0,152
2022-07-22_flight__0191_1658494577520210012_vls128.bin,2022-07-22_flight,stratified24,vegetation,2,below_reference,0,0,0
2022-07-22_flight__0191_1658494577520210012_vls128.bin,2022-07-22_flight,stratified24,vegetation,2,near_reference,500,17,94
2022-07-22_flight__0191_1658494577520210012_vls128.bin,2022-07-22_flight,stratified24,vegetation,2,0.2-0.5,1233,0,160
2022-07-22_flight__0191_1658494577520210012_vls128.bin,2022-07-22_flight,stratified24,vegetation,2,0.5-1,3714,0,198
2022-07-22_flight__0191_1658494577520210012_vls128.bin,2022-07-22_flight,stratified24,vegetation,2,1-2,4828,0,180
2022-07-22_flight__0191_1658494577520210012_vls128.bin,2022-07-22_flight,stratified24,vegetation,2,2-3,2166,0,116
2022-07-22_flight__0191_1658494577520210012_vls128.bin,2022-07-22_flight,stratified24,vegetation,2,above_3,5366,0,287
2022-07-22_flight__0229_1658494734804369360_vls128.bin,2022-07-22_flight,stratified24,rigid,1,below_reference,0,0,0
2022-07-22_flight__0229_1658494734804369360_vls128.bin,2022-07-22_flight,stratified24,rigid,1,near_reference,41,0,20
2022-07-22_flight__0229_1658494734804369360_vls128.bin,2022-07-22_flight,stratified24,rigid,1,0.2-0.5,179,0,42
2022-07-22_flight__0229_1658494734804369360_vls128.bin,2022-07-22_flight,stratified24,rigid,1,0.5-1,896,0,92
2022-07-22_flight__0229_1658494734804369360_vls128.bin,2022-07-22_flight,stratified24,rigid,1,1-2,4799,0,110
2022-07-22_flight__0229_1658494734804369360_vls128.bin,2022-07-22_flight,stratified24,rigid,1,2-3,1613,0,76
2022-07-22_flight__0229_1658494734804369360_vls128.bin,2022-07-22_flight,stratified24,rigid,1,above_3,23,0,1
2022-07-22_flight__0229_1658494734804369360_vls128.bin,2022-07-22_flight,stratified24,rigid,2,below_reference,0,0,0
2022-07-22_flight__0229_1658494734804369360_vls128.bin,2022-07-22_flight,stratified24,rigid,2,near_reference,48,0,27
2022-07-22_flight__0229_1658494734804369360_vls128.bin,2022-07-22_flight,stratified24,rigid,2,0.2-0.5,208,0,53
2022-07-22_flight__0229_1658494734804369360_vls128.bin,2022-07-22_flight,stratified24,rigid,2,0.5-1,1266,0,125
2022-07-22_flight__0229_1658494734804369360_vls128.bin,2022-07-22_flight,stratified24,rigid,2,1-2,7367,0,211
2022-07-22_flight__0229_1658494734804369360_vls128.bin,2022-07-22_flight,stratified24,rigid,2,2-3,2121,0,139
2022-07-22_flight__0229_1658494734804369360_vls128.bin,2022-07-22_flight,stratified24,rigid,2,above_3,23,0,1
2022-07-22_flight__0229_1658494734804369360_vls128.bin,2022-07-22_flight,stratified24,vegetation,1,below_reference,1,0,1
2022-07-22_flight__0229_1658494734804369360_vls128.bin,2022-07-22_flight,stratified24,vegetation,1,near_reference,797,77,157
2022-07-22_flight__0229_1658494734804369360_vls128.bin,2022-07-22_flight,stratified24,vegetation,1,0.2-0.5,1681,1,187
2022-07-22_flight__0229_1658494734804369360_vls128.bin,2022-07-22_flight,stratified24,vegetation,1,0.5-1,4156,0,215
2022-07-22_flight__0229_1658494734804369360_vls128.bin,2022-07-22_flight,stratified24,vegetation,1,1-2,3985,0,158
2022-07-22_flight__0229_1658494734804369360_vls128.bin,2022-07-22_flight,stratified24,vegetation,1,2-3,1828,0,51
2022-07-22_flight__0229_1658494734804369360_vls128.bin,2022-07-22_flight,stratified24,vegetation,1,above_3,2596,3,98
2022-07-22_flight__0229_1658494734804369360_vls128.bin,2022-07-22_flight,stratified24,vegetation,2,below_reference,1,0,1
2022-07-22_flight__0229_1658494734804369360_vls128.bin,2022-07-22_flight,stratified24,vegetation,2,near_reference,908,86,178
2022-07-22_flight__0229_1658494734804369360_vls128.bin,2022-07-22_flight,stratified24,vegetation,2,0.2-0.5,2381,1,272
2022-07-22_flight__0229_1658494734804369360_vls128.bin,2022-07-22_flight,stratified24,vegetation,2,0.5-1,6452,2,366
2022-07-22_flight__0229_1658494734804369360_vls128.bin,2022-07-22_flight,stratified24,vegetation,2,1-2,7414,0,303
2022-07-22_flight__0229_1658494734804369360_vls128.bin,2022-07-22_flight,stratified24,vegetation,2,2-3,3188,0,107
2022-07-22_flight__0229_1658494734804369360_vls128.bin,2022-07-22_flight,stratified24,vegetation,2,above_3,4811,3,220
2022-08-30_siegertsbrunn_feldwege__0553_1661860705297669580_vls128.bin,2022-08-30_siegertsbrunn_feldwege,stratified24,rigid,1,below_reference,0,0,0
2022-08-30_siegertsbrunn_feldwege__0553_1661860705297669580_vls128.bin,2022-08-30_siegertsbrunn_feldwege,stratified24,rigid,1,near_reference,0,0,0
2022-08-30_siegertsbrunn_feldwege__0553_1661860705297669580_vls128.bin,2022-08-30_siegertsbrunn_feldwege,stratified24,rigid,1,0.2-0.5,0,0,0
2022-08-30_siegertsbrunn_feldwege__0553_1661860705297669580_vls128.bin,2022-08-30_siegertsbrunn_feldwege,stratified24,rigid,1,0.5-1,0,0,0
2022-08-30_siegertsbrunn_feldwege__0553_1661860705297669580_vls128.bin,2022-08-30_siegertsbrunn_feldwege,stratified24,rigid,1,1-2,0,0,0
2022-08-30_siegertsbrunn_feldwege__0553_1661860705297669580_vls128.bin,2022-08-30_siegertsbrunn_feldwege,stratified24,rigid,1,2-3,0,0,0
2022-08-30_siegertsbrunn_feldwege__0553_1661860705297669580_vls128.bin,2022-08-30_siegertsbrunn_feldwege,stratified24,rigid,1,above_3,0,0,0
2022-08-30_siegertsbrunn_feldwege__0553_1661860705297669580_vls128.bin,2022-08-30_siegertsbrunn_feldwege,stratified24,rigid,2,below_reference,0,0,0
2022-08-30_siegertsbrunn_feldwege__0553_1661860705297669580_vls128.bin,2022-08-30_siegertsbrunn_feldwege,stratified24,rigid,2,near_reference,0,0,0
2022-08-30_siegertsbrunn_feldwege__0553_1661860705297669580_vls128.bin,2022-08-30_siegertsbrunn_feldwege,stratified24,rigid,2,0.2-0.5,4,0,2
2022-08-30_siegertsbrunn_feldwege__0553_1661860705297669580_vls128.bin,2022-08-30_siegertsbrunn_feldwege,stratified24,rigid,2,0.5-1,26,0,7
2022-08-30_siegertsbrunn_feldwege__0553_1661860705297669580_vls128.bin,2022-08-30_siegertsbrunn_feldwege,stratified24,rigid,2,1-2,909,0,10
2022-08-30_siegertsbrunn_feldwege__0553_1661860705297669580_vls128.bin,2022-08-30_siegertsbrunn_feldwege,stratified24,rigid,2,2-3,29,0,3
2022-08-30_siegertsbrunn_feldwege__0553_1661860705297669580_vls128.bin,2022-08-30_siegertsbrunn_feldwege,stratified24,rigid,2,above_3,0,0,0
2022-08-30_siegertsbrunn_feldwege__0553_1661860705297669580_vls128.bin,2022-08-30_siegertsbrunn_feldwege,stratified24,vegetation,1,below_reference,3,3,1
2022-08-30_siegertsbrunn_feldwege__0553_1661860705297669580_vls128.bin,2022-08-30_siegertsbrunn_feldwege,stratified24,vegetation,1,near_reference,107,102,13
2022-08-30_siegertsbrunn_feldwege__0553_1661860705297669580_vls128.bin,2022-08-30_siegertsbrunn_feldwege,stratified24,vegetation,1,0.2-0.5,89,1,16
2022-08-30_siegertsbrunn_feldwege__0553_1661860705297669580_vls128.bin,2022-08-30_siegertsbrunn_feldwege,stratified24,vegetation,1,0.5-1,329,0,32
2022-08-30_siegertsbrunn_feldwege__0553_1661860705297669580_vls128.bin,2022-08-30_siegertsbrunn_feldwege,stratified24,vegetation,1,1-2,5770,0,57
2022-08-30_siegertsbrunn_feldwege__0553_1661860705297669580_vls128.bin,2022-08-30_siegertsbrunn_feldwege,stratified24,vegetation,1,2-3,5889,0,46
2022-08-30_siegertsbrunn_feldwege__0553_1661860705297669580_vls128.bin,2022-08-30_siegertsbrunn_feldwege,stratified24,vegetation,1,above_3,1075,0,36
2022-08-30_siegertsbrunn_feldwege__0553_1661860705297669580_vls128.bin,2022-08-30_siegertsbrunn_feldwege,stratified24,vegetation,2,below_reference,33,32,7
2022-08-30_siegertsbrunn_feldwege__0553_1661860705297669580_vls128.bin,2022-08-30_siegertsbrunn_feldwege,stratified24,vegetation,2,near_reference,208,126,39
2022-08-30_siegertsbrunn_feldwege__0553_1661860705297669580_vls128.bin,2022-08-30_siegertsbrunn_feldwege,stratified24,vegetation,2,0.2-0.5,238,2,55
2022-08-30_siegertsbrunn_feldwege__0553_1661860705297669580_vls128.bin,2022-08-30_siegertsbrunn_feldwege,stratified24,vegetation,2,0.5-1,917,0,93
2022-08-30_siegertsbrunn_feldwege__0553_1661860705297669580_vls128.bin,2022-08-30_siegertsbrunn_feldwege,stratified24,vegetation,2,1-2,14013,0,128
2022-08-30_siegertsbrunn_feldwege__0553_1661860705297669580_vls128.bin,2022-08-30_siegertsbrunn_feldwege,stratified24,vegetation,2,2-3,17506,0,123
2022-08-30_siegertsbrunn_feldwege__0553_1661860705297669580_vls128.bin,2022-08-30_siegertsbrunn_feldwege,stratified24,vegetation,2,above_3,2773,0,115
2022-08-30_siegertsbrunn_feldwege__0579_1661860853906103210_vls128.bin,2022-08-30_siegertsbrunn_feldwege,stratified24,rigid,1,below_reference,0,0,0
2022-08-30_siegertsbrunn_feldwege__0579_1661860853906103210_vls128.bin,2022-08-30_siegertsbrunn_feldwege,stratified24,rigid,1,near_reference,0,0,0
2022-08-30_siegertsbrunn_feldwege__0579_1661860853906103210_vls128.bin,2022-08-30_siegertsbrunn_feldwege,stratified24,rigid,1,0.2-0.5,0,0,0
2022-08-30_siegertsbrunn_feldwege__0579_1661860853906103210_vls128.bin,2022-08-30_siegertsbrunn_feldwege,stratified24,rigid,1,0.5-1,0,0,0
2022-08-30_siegertsbrunn_feldwege__0579_1661860853906103210_vls128.bin,2022-08-30_siegertsbrunn_feldwege,stratified24,rigid,1,1-2,0,0,0
2022-08-30_siegertsbrunn_feldwege__0579_1661860853906103210_vls128.bin,2022-08-30_siegertsbrunn_feldwege,stratified24,rigid,1,2-3,0,0,0
2022-08-30_siegertsbrunn_feldwege__0579_1661860853906103210_vls128.bin,2022-08-30_siegertsbrunn_feldwege,stratified24,rigid,1,above_3,0,0,0
2022-08-30_siegertsbrunn_feldwege__0579_1661860853906103210_vls128.bin,2022-08-30_siegertsbrunn_feldwege,stratified24,rigid,2,below_reference,0,0,0
2022-08-30_siegertsbrunn_feldwege__0579_1661860853906103210_vls128.bin,2022-08-30_siegertsbrunn_feldwege,stratified24,rigid,2,near_reference,0,0,0
2022-08-30_siegertsbrunn_feldwege__0579_1661860853906103210_vls128.bin,2022-08-30_siegertsbrunn_feldwege,stratified24,rigid,2,0.2-0.5,0,0,0
2022-08-30_siegertsbrunn_feldwege__0579_1661860853906103210_vls128.bin,2022-08-30_siegertsbrunn_feldwege,stratified24,rigid,2,0.5-1,0,0,0
2022-08-30_siegertsbrunn_feldwege__0579_1661860853906103210_vls128.bin,2022-08-30_siegertsbrunn_feldwege,stratified24,rigid,2,1-2,0,0,0
2022-08-30_siegertsbrunn_feldwege__0579_1661860853906103210_vls128.bin,2022-08-30_siegertsbrunn_feldwege,stratified24,rigid,2,2-3,0,0,0
2022-08-30_siegertsbrunn_feldwege__0579_1661860853906103210_vls128.bin,2022-08-30_siegertsbrunn_feldwege,stratified24,rigid,2,above_3,0,0,0
2022-08-30_siegertsbrunn_feldwege__0579_1661860853906103210_vls128.bin,2022-08-30_siegertsbrunn_feldwege,stratified24,vegetation,1,below_reference,0,0,0
2022-08-30_siegertsbrunn_feldwege__0579_1661860853906103210_vls128.bin,2022-08-30_siegertsbrunn_feldwege,stratified24,vegetation,1,near_reference,0,0,0
2022-08-30_siegertsbrunn_feldwege__0579_1661860853906103210_vls128.bin,2022-08-30_siegertsbrunn_feldwege,stratified24,vegetation,1,0.2-0.5,0,0,0
2022-08-30_siegertsbrunn_feldwege__0579_1661860853906103210_vls128.bin,2022-08-30_siegertsbrunn_feldwege,stratified24,vegetation,1,0.5-1,0,0,0
2022-08-30_siegertsbrunn_feldwege__0579_1661860853906103210_vls128.bin,2022-08-30_siegertsbrunn_feldwege,stratified24,vegetation,1,1-2,0,0,0
2022-08-30_siegertsbrunn_feldwege__0579_1661860853906103210_vls128.bin,2022-08-30_siegertsbrunn_feldwege,stratified24,vegetation,1,2-3,0,0,0
2022-08-30_siegertsbrunn_feldwege__0579_1661860853906103210_vls128.bin,2022-08-30_siegertsbrunn_feldwege,stratified24,vegetation,1,above_3,0,0,0
2022-08-30_siegertsbrunn_feldwege__0579_1661860853906103210_vls128.bin,2022-08-30_siegertsbrunn_feldwege,stratified24,vegetation,2,below_reference,0,0,0
2022-08-30_siegertsbrunn_feldwege__0579_1661860853906103210_vls128.bin,2022-08-30_siegertsbrunn_feldwege,stratified24,vegetation,2,near_reference,0,0,0
2022-08-30_siegertsbrunn_feldwege__0579_1661860853906103210_vls128.bin,2022-08-30_siegertsbrunn_feldwege,stratified24,vegetation,2,0.2-0.5,0,0,0
2022-08-30_siegertsbrunn_feldwege__0579_1661860853906103210_vls128.bin,2022-08-30_siegertsbrunn_feldwege,stratified24,vegetation,2,0.5-1,0,0,0
2022-08-30_siegertsbrunn_feldwege__0579_1661860853906103210_vls128.bin,2022-08-30_siegertsbrunn_feldwege,stratified24,vegetation,2,1-2,0,0,0
2022-08-30_siegertsbrunn_feldwege__0579_1661860853906103210_vls128.bin,2022-08-30_siegertsbrunn_feldwege,stratified24,vegetation,2,2-3,0,0,0
2022-08-30_siegertsbrunn_feldwege__0579_1661860853906103210_vls128.bin,2022-08-30_siegertsbrunn_feldwege,stratified24,vegetation,2,above_3,0,0,0
2022-08-30_siegertsbrunn_feldwege__0605_1661861064160984726_vls128.bin,2022-08-30_siegertsbrunn_feldwege,stratified24,rigid,1,below_reference,0,0,0
2022-08-30_siegertsbrunn_feldwege__0605_1661861064160984726_vls128.bin,2022-08-30_siegertsbrunn_feldwege,stratified24,rigid,1,near_reference,1,0,1
2022-08-30_siegertsbrunn_feldwege__0605_1661861064160984726_vls128.bin,2022-08-30_siegertsbrunn_feldwege,stratified24,rigid,1,0.2-0.5,82,0,4
2022-08-30_siegertsbrunn_feldwege__0605_1661861064160984726_vls128.bin,2022-08-30_siegertsbrunn_feldwege,stratified24,rigid,1,0.5-1,104,0,4
2022-08-30_siegertsbrunn_feldwege__0605_1661861064160984726_vls128.bin,2022-08-30_siegertsbrunn_feldwege,stratified24,rigid,1,1-2,0,0,0
2022-08-30_siegertsbrunn_feldwege__0605_1661861064160984726_vls128.bin,2022-08-30_siegertsbrunn_feldwege,stratified24,rigid,1,2-3,0,0,0
2022-08-30_siegertsbrunn_feldwege__0605_1661861064160984726_vls128.bin,2022-08-30_siegertsbrunn_feldwege,stratified24,rigid,1,above_3,0,0,0
2022-08-30_siegertsbrunn_feldwege__0605_1661861064160984726_vls128.bin,2022-08-30_siegertsbrunn_feldwege,stratified24,rigid,2,below_reference,0,0,0
2022-08-30_siegertsbrunn_feldwege__0605_1661861064160984726_vls128.bin,2022-08-30_siegertsbrunn_feldwege,stratified24,rigid,2,near_reference,1,0,1
2022-08-30_siegertsbrunn_feldwege__0605_1661861064160984726_vls128.bin,2022-08-30_siegertsbrunn_feldwege,stratified24,rigid,2,0.2-0.5,89,0,7
2022-08-30_siegertsbrunn_feldwege__0605_1661861064160984726_vls128.bin,2022-08-30_siegertsbrunn_feldwege,stratified24,rigid,2,0.5-1,141,0,10
2022-08-30_siegertsbrunn_feldwege__0605_1661861064160984726_vls128.bin,2022-08-30_siegertsbrunn_feldwege,stratified24,rigid,2,1-2,52,0,4
2022-08-30_siegertsbrunn_feldwege__0605_1661861064160984726_vls128.bin,2022-08-30_siegertsbrunn_feldwege,stratified24,rigid,2,2-3,0,0,0
2022-08-30_siegertsbrunn_feldwege__0605_1661861064160984726_vls128.bin,2022-08-30_siegertsbrunn_feldwege,stratified24,rigid,2,above_3,0,0,0
2022-08-30_siegertsbrunn_feldwege__0605_1661861064160984726_vls128.bin,2022-08-30_siegertsbrunn_feldwege,stratified24,vegetation,1,below_reference,0,0,0
2022-08-30_siegertsbrunn_feldwege__0605_1661861064160984726_vls128.bin,2022-08-30_siegertsbrunn_feldwege,stratified24,vegetation,1,near_reference,196,51,33
2022-08-30_siegertsbrunn_feldwege__0605_1661861064160984726_vls128.bin,2022-08-30_siegertsbrunn_feldwege,stratified24,vegetation,1,0.2-0.5,289,33,35
2022-08-30_siegertsbrunn_feldwege__0605_1661861064160984726_vls128.bin,2022-08-30_siegertsbrunn_feldwege,stratified24,vegetation,1,0.5-1,324,45,38
2022-08-30_siegertsbrunn_feldwege__0605_1661861064160984726_vls128.bin,2022-08-30_siegertsbrunn_feldwege,stratified24,vegetation,1,1-2,5,0,2
2022-08-30_siegertsbrunn_feldwege__0605_1661861064160984726_vls128.bin,2022-08-30_siegertsbrunn_feldwege,stratified24,vegetation,1,2-3,0,0,0
2022-08-30_siegertsbrunn_feldwege__0605_1661861064160984726_vls128.bin,2022-08-30_siegertsbrunn_feldwege,stratified24,vegetation,1,above_3,0,0,0
2022-08-30_siegertsbrunn_feldwege__0605_1661861064160984726_vls128.bin,2022-08-30_siegertsbrunn_feldwege,stratified24,vegetation,2,below_reference,0,0,0
2022-08-30_siegertsbrunn_feldwege__0605_1661861064160984726_vls128.bin,2022-08-30_siegertsbrunn_feldwege,stratified24,vegetation,2,near_reference,196,51,33
2022-08-30_siegertsbrunn_feldwege__0605_1661861064160984726_vls128.bin,2022-08-30_siegertsbrunn_feldwege,stratified24,vegetation,2,0.2-0.5,289,33,35
2022-08-30_siegertsbrunn_feldwege__0605_1661861064160984726_vls128.bin,2022-08-30_siegertsbrunn_feldwege,stratified24,vegetation,2,0.5-1,364,59,39
2022-08-30_siegertsbrunn_feldwege__0605_1661861064160984726_vls128.bin,2022-08-30_siegertsbrunn_feldwege,stratified24,vegetation,2,1-2,11,0,7
2022-08-30_siegertsbrunn_feldwege__0605_1661861064160984726_vls128.bin,2022-08-30_siegertsbrunn_feldwege,stratified24,vegetation,2,2-3,0,0,0
2022-08-30_siegertsbrunn_feldwege__0605_1661861064160984726_vls128.bin,2022-08-30_siegertsbrunn_feldwege,stratified24,vegetation,2,above_3,0,0,0
2022-09-21_garching_uebungsplatz_2__0030_1663755316941382820_vls128.bin,2022-09-21_garching_uebungsplatz_2,stratified24,rigid,1,below_reference,0,0,0
2022-09-21_garching_uebungsplatz_2__0030_1663755316941382820_vls128.bin,2022-09-21_garching_uebungsplatz_2,stratified24,rigid,1,near_reference,134,17,17
2022-09-21_garching_uebungsplatz_2__0030_1663755316941382820_vls128.bin,2022-09-21_garching_uebungsplatz_2,stratified24,rigid,1,0.2-0.5,239,4,21
2022-09-21_garching_uebungsplatz_2__0030_1663755316941382820_vls128.bin,2022-09-21_garching_uebungsplatz_2,stratified24,rigid,1,0.5-1,406,0,24
2022-09-21_garching_uebungsplatz_2__0030_1663755316941382820_vls128.bin,2022-09-21_garching_uebungsplatz_2,stratified24,rigid,1,1-2,523,0,36
2022-09-21_garching_uebungsplatz_2__0030_1663755316941382820_vls128.bin,2022-09-21_garching_uebungsplatz_2,stratified24,rigid,1,2-3,54,0,12
2022-09-21_garching_uebungsplatz_2__0030_1663755316941382820_vls128.bin,2022-09-21_garching_uebungsplatz_2,stratified24,rigid,1,above_3,0,0,0
2022-09-21_garching_uebungsplatz_2__0030_1663755316941382820_vls128.bin,2022-09-21_garching_uebungsplatz_2,stratified24,rigid,2,below_reference,0,0,0
2022-09-21_garching_uebungsplatz_2__0030_1663755316941382820_vls128.bin,2022-09-21_garching_uebungsplatz_2,stratified24,rigid,2,near_reference,140,17,18
2022-09-21_garching_uebungsplatz_2__0030_1663755316941382820_vls128.bin,2022-09-21_garching_uebungsplatz_2,stratified24,rigid,2,0.2-0.5,242,4,21
2022-09-21_garching_uebungsplatz_2__0030_1663755316941382820_vls128.bin,2022-09-21_garching_uebungsplatz_2,stratified24,rigid,2,0.5-1,406,0,24
2022-09-21_garching_uebungsplatz_2__0030_1663755316941382820_vls128.bin,2022-09-21_garching_uebungsplatz_2,stratified24,rigid,2,1-2,542,0,37
2022-09-21_garching_uebungsplatz_2__0030_1663755316941382820_vls128.bin,2022-09-21_garching_uebungsplatz_2,stratified24,rigid,2,2-3,68,0,13
2022-09-21_garching_uebungsplatz_2__0030_1663755316941382820_vls128.bin,2022-09-21_garching_uebungsplatz_2,stratified24,rigid,2,above_3,1,0,1
2022-09-21_garching_uebungsplatz_2__0030_1663755316941382820_vls128.bin,2022-09-21_garching_uebungsplatz_2,stratified24,vegetation,1,below_reference,22,0,8
2022-09-21_garching_uebungsplatz_2__0030_1663755316941382820_vls128.bin,2022-09-21_garching_uebungsplatz_2,stratified24,vegetation,1,near_reference,795,239,150
2022-09-21_garching_uebungsplatz_2__0030_1663755316941382820_vls128.bin,2022-09-21_garching_uebungsplatz_2,stratified24,vegetation,1,0.2-0.5,1343,62,221
2022-09-21_garching_uebungsplatz_2__0030_1663755316941382820_vls128.bin,2022-09-21_garching_uebungsplatz_2,stratified24,vegetation,1,0.5-1,4436,0,417
2022-09-21_garching_uebungsplatz_2__0030_1663755316941382820_vls128.bin,2022-09-21_garching_uebungsplatz_2,stratified24,vegetation,1,1-2,19344,0,782
2022-09-21_garching_uebungsplatz_2__0030_1663755316941382820_vls128.bin,2022-09-21_garching_uebungsplatz_2,stratified24,vegetation,1,2-3,18080,0,740
2022-09-21_garching_uebungsplatz_2__0030_1663755316941382820_vls128.bin,2022-09-21_garching_uebungsplatz_2,stratified24,vegetation,1,above_3,8141,0,716
2022-09-21_garching_uebungsplatz_2__0030_1663755316941382820_vls128.bin,2022-09-21_garching_uebungsplatz_2,stratified24,vegetation,2,below_reference,40,0,13
2022-09-21_garching_uebungsplatz_2__0030_1663755316941382820_vls128.bin,2022-09-21_garching_uebungsplatz_2,stratified24,vegetation,2,near_reference,871,239,167
2022-09-21_garching_uebungsplatz_2__0030_1663755316941382820_vls128.bin,2022-09-21_garching_uebungsplatz_2,stratified24,vegetation,2,0.2-0.5,1472,62,244
2022-09-21_garching_uebungsplatz_2__0030_1663755316941382820_vls128.bin,2022-09-21_garching_uebungsplatz_2,stratified24,vegetation,2,0.5-1,4801,0,471
2022-09-21_garching_uebungsplatz_2__0030_1663755316941382820_vls128.bin,2022-09-21_garching_uebungsplatz_2,stratified24,vegetation,2,1-2,20003,8,850
2022-09-21_garching_uebungsplatz_2__0030_1663755316941382820_vls128.bin,2022-09-21_garching_uebungsplatz_2,stratified24,vegetation,2,2-3,18822,1,812
2022-09-21_garching_uebungsplatz_2__0030_1663755316941382820_vls128.bin,2022-09-21_garching_uebungsplatz_2,stratified24,vegetation,2,above_3,8968,0,800
2022-09-21_garching_uebungsplatz_2__0061_1663755589332011624_vls128.bin,2022-09-21_garching_uebungsplatz_2,stratified24,rigid,1,below_reference,0,0,0
2022-09-21_garching_uebungsplatz_2__0061_1663755589332011624_vls128.bin,2022-09-21_garching_uebungsplatz_2,stratified24,rigid,1,near_reference,0,0,0
2022-09-21_garching_uebungsplatz_2__0061_1663755589332011624_vls128.bin,2022-09-21_garching_uebungsplatz_2,stratified24,rigid,1,0.2-0.5,0,0,0
2022-09-21_garching_uebungsplatz_2__0061_1663755589332011624_vls128.bin,2022-09-21_garching_uebungsplatz_2,stratified24,rigid,1,0.5-1,0,0,0
2022-09-21_garching_uebungsplatz_2__0061_1663755589332011624_vls128.bin,2022-09-21_garching_uebungsplatz_2,stratified24,rigid,1,1-2,0,0,0
2022-09-21_garching_uebungsplatz_2__0061_1663755589332011624_vls128.bin,2022-09-21_garching_uebungsplatz_2,stratified24,rigid,1,2-3,0,0,0
2022-09-21_garching_uebungsplatz_2__0061_1663755589332011624_vls128.bin,2022-09-21_garching_uebungsplatz_2,stratified24,rigid,1,above_3,0,0,0
2022-09-21_garching_uebungsplatz_2__0061_1663755589332011624_vls128.bin,2022-09-21_garching_uebungsplatz_2,stratified24,rigid,2,below_reference,0,0,0
2022-09-21_garching_uebungsplatz_2__0061_1663755589332011624_vls128.bin,2022-09-21_garching_uebungsplatz_2,stratified24,rigid,2,near_reference,0,0,0
2022-09-21_garching_uebungsplatz_2__0061_1663755589332011624_vls128.bin,2022-09-21_garching_uebungsplatz_2,stratified24,rigid,2,0.2-0.5,0,0,0
2022-09-21_garching_uebungsplatz_2__0061_1663755589332011624_vls128.bin,2022-09-21_garching_uebungsplatz_2,stratified24,rigid,2,0.5-1,0,0,0
2022-09-21_garching_uebungsplatz_2__0061_1663755589332011624_vls128.bin,2022-09-21_garching_uebungsplatz_2,stratified24,rigid,2,1-2,0,0,0
2022-09-21_garching_uebungsplatz_2__0061_1663755589332011624_vls128.bin,2022-09-21_garching_uebungsplatz_2,stratified24,rigid,2,2-3,0,0,0
2022-09-21_garching_uebungsplatz_2__0061_1663755589332011624_vls128.bin,2022-09-21_garching_uebungsplatz_2,stratified24,rigid,2,above_3,0,0,0
2022-09-21_garching_uebungsplatz_2__0061_1663755589332011624_vls128.bin,2022-09-21_garching_uebungsplatz_2,stratified24,vegetation,1,below_reference,5,4,1
2022-09-21_garching_uebungsplatz_2__0061_1663755589332011624_vls128.bin,2022-09-21_garching_uebungsplatz_2,stratified24,vegetation,1,near_reference,1257,405,46
2022-09-21_garching_uebungsplatz_2__0061_1663755589332011624_vls128.bin,2022-09-21_garching_uebungsplatz_2,stratified24,vegetation,1,0.2-0.5,1494,49,56
2022-09-21_garching_uebungsplatz_2__0061_1663755589332011624_vls128.bin,2022-09-21_garching_uebungsplatz_2,stratified24,vegetation,1,0.5-1,1567,0,77
2022-09-21_garching_uebungsplatz_2__0061_1663755589332011624_vls128.bin,2022-09-21_garching_uebungsplatz_2,stratified24,vegetation,1,1-2,5327,11,132
2022-09-21_garching_uebungsplatz_2__0061_1663755589332011624_vls128.bin,2022-09-21_garching_uebungsplatz_2,stratified24,vegetation,1,2-3,3930,0,111
2022-09-21_garching_uebungsplatz_2__0061_1663755589332011624_vls128.bin,2022-09-21_garching_uebungsplatz_2,stratified24,vegetation,1,above_3,813,0,60
2022-09-21_garching_uebungsplatz_2__0061_1663755589332011624_vls128.bin,2022-09-21_garching_uebungsplatz_2,stratified24,vegetation,2,below_reference,42,6,11
2022-09-21_garching_uebungsplatz_2__0061_1663755589332011624_vls128.bin,2022-09-21_garching_uebungsplatz_2,stratified24,vegetation,2,near_reference,1687,417,88
2022-09-21_garching_uebungsplatz_2__0061_1663755589332011624_vls128.bin,2022-09-21_garching_uebungsplatz_2,stratified24,vegetation,2,0.2-0.5,1950,50,114
2022-09-21_garching_uebungsplatz_2__0061_1663755589332011624_vls128.bin,2022-09-21_garching_uebungsplatz_2,stratified24,vegetation,2,0.5-1,2650,6,150
2022-09-21_garching_uebungsplatz_2__0061_1663755589332011624_vls128.bin,2022-09-21_garching_uebungsplatz_2,stratified24,vegetation,2,1-2,10932,11,223
2022-09-21_garching_uebungsplatz_2__0061_1663755589332011624_vls128.bin,2022-09-21_garching_uebungsplatz_2,stratified24,vegetation,2,2-3,7258,0,182
2022-09-21_garching_uebungsplatz_2__0061_1663755589332011624_vls128.bin,2022-09-21_garching_uebungsplatz_2,stratified24,vegetation,2,above_3,1867,0,125
2022-09-21_garching_uebungsplatz_2__0092_1663755783509220263_vls128.bin,2022-09-21_garching_uebungsplatz_2,stratified24,rigid,1,below_reference,0,0,0
2022-09-21_garching_uebungsplatz_2__0092_1663755783509220263_vls128.bin,2022-09-21_garching_uebungsplatz_2,stratified24,rigid,1,near_reference,0,0,0
2022-09-21_garching_uebungsplatz_2__0092_1663755783509220263_vls128.bin,2022-09-21_garching_uebungsplatz_2,stratified24,rigid,1,0.2-0.5,0,0,0
2022-09-21_garching_uebungsplatz_2__0092_1663755783509220263_vls128.bin,2022-09-21_garching_uebungsplatz_2,stratified24,rigid,1,0.5-1,0,0,0
2022-09-21_garching_uebungsplatz_2__0092_1663755783509220263_vls128.bin,2022-09-21_garching_uebungsplatz_2,stratified24,rigid,1,1-2,0,0,0
2022-09-21_garching_uebungsplatz_2__0092_1663755783509220263_vls128.bin,2022-09-21_garching_uebungsplatz_2,stratified24,rigid,1,2-3,0,0,0
2022-09-21_garching_uebungsplatz_2__0092_1663755783509220263_vls128.bin,2022-09-21_garching_uebungsplatz_2,stratified24,rigid,1,above_3,0,0,0
2022-09-21_garching_uebungsplatz_2__0092_1663755783509220263_vls128.bin,2022-09-21_garching_uebungsplatz_2,stratified24,rigid,2,below_reference,0,0,0
2022-09-21_garching_uebungsplatz_2__0092_1663755783509220263_vls128.bin,2022-09-21_garching_uebungsplatz_2,stratified24,rigid,2,near_reference,0,0,0
2022-09-21_garching_uebungsplatz_2__0092_1663755783509220263_vls128.bin,2022-09-21_garching_uebungsplatz_2,stratified24,rigid,2,0.2-0.5,3,0,1
2022-09-21_garching_uebungsplatz_2__0092_1663755783509220263_vls128.bin,2022-09-21_garching_uebungsplatz_2,stratified24,rigid,2,0.5-1,9,0,1
2022-09-21_garching_uebungsplatz_2__0092_1663755783509220263_vls128.bin,2022-09-21_garching_uebungsplatz_2,stratified24,rigid,2,1-2,127,0,3
2022-09-21_garching_uebungsplatz_2__0092_1663755783509220263_vls128.bin,2022-09-21_garching_uebungsplatz_2,stratified24,rigid,2,2-3,441,0,5
2022-09-21_garching_uebungsplatz_2__0092_1663755783509220263_vls128.bin,2022-09-21_garching_uebungsplatz_2,stratified24,rigid,2,above_3,72,0,6
2022-09-21_garching_uebungsplatz_2__0092_1663755783509220263_vls128.bin,2022-09-21_garching_uebungsplatz_2,stratified24,vegetation,1,below_reference,0,0,0
2022-09-21_garching_uebungsplatz_2__0092_1663755783509220263_vls128.bin,2022-09-21_garching_uebungsplatz_2,stratified24,vegetation,1,near_reference,16,0,7
2022-09-21_garching_uebungsplatz_2__0092_1663755783509220263_vls128.bin,2022-09-21_garching_uebungsplatz_2,stratified24,vegetation,1,0.2-0.5,321,0,73
2022-09-21_garching_uebungsplatz_2__0092_1663755783509220263_vls128.bin,2022-09-21_garching_uebungsplatz_2,stratified24,vegetation,1,0.5-1,1077,0,129
2022-09-21_garching_uebungsplatz_2__0092_1663755783509220263_vls128.bin,2022-09-21_garching_uebungsplatz_2,stratified24,vegetation,1,1-2,6647,0,165
2022-09-21_garching_uebungsplatz_2__0092_1663755783509220263_vls128.bin,2022-09-21_garching_uebungsplatz_2,stratified24,vegetation,1,2-3,1864,0,94
2022-09-21_garching_uebungsplatz_2__0092_1663755783509220263_vls128.bin,2022-09-21_garching_uebungsplatz_2,stratified24,vegetation,1,above_3,1087,0,165
2022-09-21_garching_uebungsplatz_2__0092_1663755783509220263_vls128.bin,2022-09-21_garching_uebungsplatz_2,stratified24,vegetation,2,below_reference,0,0,0
2022-09-21_garching_uebungsplatz_2__0092_1663755783509220263_vls128.bin,2022-09-21_garching_uebungsplatz_2,stratified24,vegetation,2,near_reference,55,23,25
2022-09-21_garching_uebungsplatz_2__0092_1663755783509220263_vls128.bin,2022-09-21_garching_uebungsplatz_2,stratified24,vegetation,2,0.2-0.5,717,74,170
2022-09-21_garching_uebungsplatz_2__0092_1663755783509220263_vls128.bin,2022-09-21_garching_uebungsplatz_2,stratified24,vegetation,2,0.5-1,2415,6,323
2022-09-21_garching_uebungsplatz_2__0092_1663755783509220263_vls128.bin,2022-09-21_garching_uebungsplatz_2,stratified24,vegetation,2,1-2,19476,0,432
2022-09-21_garching_uebungsplatz_2__0092_1663755783509220263_vls128.bin,2022-09-21_garching_uebungsplatz_2,stratified24,vegetation,2,2-3,11751,0,333
2022-09-21_garching_uebungsplatz_2__0092_1663755783509220263_vls128.bin,2022-09-21_garching_uebungsplatz_2,stratified24,vegetation,2,above_3,2625,7,325
2022-12-07_aying_hills__0034_1670421194782947030_vls128.bin,2022-12-07_aying_hills,stratified24,rigid,1,below_reference,0,0,0
2022-12-07_aying_hills__0034_1670421194782947030_vls128.bin,2022-12-07_aying_hills,stratified24,rigid,1,near_reference,0,0,0
2022-12-07_aying_hills__0034_1670421194782947030_vls128.bin,2022-12-07_aying_hills,stratified24,rigid,1,0.2-0.5,0,0,0
2022-12-07_aying_hills__0034_1670421194782947030_vls128.bin,2022-12-07_aying_hills,stratified24,rigid,1,0.5-1,0,0,0
2022-12-07_aying_hills__0034_1670421194782947030_vls128.bin,2022-12-07_aying_hills,stratified24,rigid,1,1-2,0,0,0
2022-12-07_aying_hills__0034_1670421194782947030_vls128.bin,2022-12-07_aying_hills,stratified24,rigid,1,2-3,0,0,0
2022-12-07_aying_hills__0034_1670421194782947030_vls128.bin,2022-12-07_aying_hills,stratified24,rigid,1,above_3,0,0,0
2022-12-07_aying_hills__0034_1670421194782947030_vls128.bin,2022-12-07_aying_hills,stratified24,rigid,2,below_reference,0,0,0
2022-12-07_aying_hills__0034_1670421194782947030_vls128.bin,2022-12-07_aying_hills,stratified24,rigid,2,near_reference,66,25,12
2022-12-07_aying_hills__0034_1670421194782947030_vls128.bin,2022-12-07_aying_hills,stratified24,rigid,2,0.2-0.5,130,0,21
2022-12-07_aying_hills__0034_1670421194782947030_vls128.bin,2022-12-07_aying_hills,stratified24,rigid,2,0.5-1,424,0,22
2022-12-07_aying_hills__0034_1670421194782947030_vls128.bin,2022-12-07_aying_hills,stratified24,rigid,2,1-2,2360,0,29
2022-12-07_aying_hills__0034_1670421194782947030_vls128.bin,2022-12-07_aying_hills,stratified24,rigid,2,2-3,3205,0,31
2022-12-07_aying_hills__0034_1670421194782947030_vls128.bin,2022-12-07_aying_hills,stratified24,rigid,2,above_3,787,0,28
2022-12-07_aying_hills__0034_1670421194782947030_vls128.bin,2022-12-07_aying_hills,stratified24,vegetation,1,below_reference,0,0,0
2022-12-07_aying_hills__0034_1670421194782947030_vls128.bin,2022-12-07_aying_hills,stratified24,vegetation,1,near_reference,0,0,0
2022-12-07_aying_hills__0034_1670421194782947030_vls128.bin,2022-12-07_aying_hills,stratified24,vegetation,1,0.2-0.5,0,0,0
2022-12-07_aying_hills__0034_1670421194782947030_vls128.bin,2022-12-07_aying_hills,stratified24,vegetation,1,0.5-1,1,0,1
2022-12-07_aying_hills__0034_1670421194782947030_vls128.bin,2022-12-07_aying_hills,stratified24,vegetation,1,1-2,238,12,13
2022-12-07_aying_hills__0034_1670421194782947030_vls128.bin,2022-12-07_aying_hills,stratified24,vegetation,1,2-3,2125,13,57
2022-12-07_aying_hills__0034_1670421194782947030_vls128.bin,2022-12-07_aying_hills,stratified24,vegetation,1,above_3,1456,1,158
2022-12-07_aying_hills__0034_1670421194782947030_vls128.bin,2022-12-07_aying_hills,stratified24,vegetation,2,below_reference,0,0,0
2022-12-07_aying_hills__0034_1670421194782947030_vls128.bin,2022-12-07_aying_hills,stratified24,vegetation,2,near_reference,10,10,3
2022-12-07_aying_hills__0034_1670421194782947030_vls128.bin,2022-12-07_aying_hills,stratified24,vegetation,2,0.2-0.5,23,0,8
2022-12-07_aying_hills__0034_1670421194782947030_vls128.bin,2022-12-07_aying_hills,stratified24,vegetation,2,0.5-1,103,0,13
2022-12-07_aying_hills__0034_1670421194782947030_vls128.bin,2022-12-07_aying_hills,stratified24,vegetation,2,1-2,1881,60,70
2022-12-07_aying_hills__0034_1670421194782947030_vls128.bin,2022-12-07_aying_hills,stratified24,vegetation,2,2-3,4406,38,121
2022-12-07_aying_hills__0034_1670421194782947030_vls128.bin,2022-12-07_aying_hills,stratified24,vegetation,2,above_3,2077,1,259
2022-12-07_aying_hills__0067_1670421486677486184_vls128.bin,2022-12-07_aying_hills,stratified24,rigid,1,below_reference,0,0,0
2022-12-07_aying_hills__0067_1670421486677486184_vls128.bin,2022-12-07_aying_hills,stratified24,rigid,1,near_reference,4,4,1
2022-12-07_aying_hills__0067_1670421486677486184_vls128.bin,2022-12-07_aying_hills,stratified24,rigid,1,0.2-0.5,0,0,0
2022-12-07_aying_hills__0067_1670421486677486184_vls128.bin,2022-12-07_aying_hills,stratified24,rigid,1,0.5-1,1,0,1
2022-12-07_aying_hills__0067_1670421486677486184_vls128.bin,2022-12-07_aying_hills,stratified24,rigid,1,1-2,1,0,1
2022-12-07_aying_hills__0067_1670421486677486184_vls128.bin,2022-12-07_aying_hills,stratified24,rigid,1,2-3,0,0,0
2022-12-07_aying_hills__0067_1670421486677486184_vls128.bin,2022-12-07_aying_hills,stratified24,rigid,1,above_3,0,0,0
2022-12-07_aying_hills__0067_1670421486677486184_vls128.bin,2022-12-07_aying_hills,stratified24,rigid,2,below_reference,5,5,1
2022-12-07_aying_hills__0067_1670421486677486184_vls128.bin,2022-12-07_aying_hills,stratified24,rigid,2,near_reference,20,20,2
2022-12-07_aying_hills__0067_1670421486677486184_vls128.bin,2022-12-07_aying_hills,stratified24,rigid,2,0.2-0.5,31,4,5
2022-12-07_aying_hills__0067_1670421486677486184_vls128.bin,2022-12-07_aying_hills,stratified24,rigid,2,0.5-1,102,2,5
2022-12-07_aying_hills__0067_1670421486677486184_vls128.bin,2022-12-07_aying_hills,stratified24,rigid,2,1-2,1250,0,4
2022-12-07_aying_hills__0067_1670421486677486184_vls128.bin,2022-12-07_aying_hills,stratified24,rigid,2,2-3,1447,0,4
2022-12-07_aying_hills__0067_1670421486677486184_vls128.bin,2022-12-07_aying_hills,stratified24,rigid,2,above_3,106,0,4
2022-12-07_aying_hills__0067_1670421486677486184_vls128.bin,2022-12-07_aying_hills,stratified24,vegetation,1,below_reference,0,0,0
2022-12-07_aying_hills__0067_1670421486677486184_vls128.bin,2022-12-07_aying_hills,stratified24,vegetation,1,near_reference,0,0,0
2022-12-07_aying_hills__0067_1670421486677486184_vls128.bin,2022-12-07_aying_hills,stratified24,vegetation,1,0.2-0.5,1,0,1
2022-12-07_aying_hills__0067_1670421486677486184_vls128.bin,2022-12-07_aying_hills,stratified24,vegetation,1,0.5-1,50,0,9
2022-12-07_aying_hills__0067_1670421486677486184_vls128.bin,2022-12-07_aying_hills,stratified24,vegetation,1,1-2,687,0,19
2022-12-07_aying_hills__0067_1670421486677486184_vls128.bin,2022-12-07_aying_hills,stratified24,vegetation,1,2-3,872,0,10
2022-12-07_aying_hills__0067_1670421486677486184_vls128.bin,2022-12-07_aying_hills,stratified24,vegetation,1,above_3,11,0,7
2022-12-07_aying_hills__0067_1670421486677486184_vls128.bin,2022-12-07_aying_hills,stratified24,vegetation,2,below_reference,81,80,25
2022-12-07_aying_hills__0067_1670421486677486184_vls128.bin,2022-12-07_aying_hills,stratified24,vegetation,2,near_reference,68,25,15
2022-12-07_aying_hills__0067_1670421486677486184_vls128.bin,2022-12-07_aying_hills,stratified24,vegetation,2,0.2-0.5,173,79,33
2022-12-07_aying_hills__0067_1670421486677486184_vls128.bin,2022-12-07_aying_hills,stratified24,vegetation,2,0.5-1,326,5,52
2022-12-07_aying_hills__0067_1670421486677486184_vls128.bin,2022-12-07_aying_hills,stratified24,vegetation,2,1-2,1390,0,85
2022-12-07_aying_hills__0067_1670421486677486184_vls128.bin,2022-12-07_aying_hills,stratified24,vegetation,2,2-3,1475,2,48
2022-12-07_aying_hills__0067_1670421486677486184_vls128.bin,2022-12-07_aying_hills,stratified24,vegetation,2,above_3,322,0,62
2022-12-07_aying_hills__0100_1670421573975101664_vls128.bin,2022-12-07_aying_hills,stratified24,rigid,1,below_reference,0,0,0
2022-12-07_aying_hills__0100_1670421573975101664_vls128.bin,2022-12-07_aying_hills,stratified24,rigid,1,near_reference,66,35,8
2022-12-07_aying_hills__0100_1670421573975101664_vls128.bin,2022-12-07_aying_hills,stratified24,rigid,1,0.2-0.5,30,0,6
2022-12-07_aying_hills__0100_1670421573975101664_vls128.bin,2022-12-07_aying_hills,stratified24,rigid,1,0.5-1,108,0,5
2022-12-07_aying_hills__0100_1670421573975101664_vls128.bin,2022-12-07_aying_hills,stratified24,rigid,1,1-2,1078,0,7
2022-12-07_aying_hills__0100_1670421573975101664_vls128.bin,2022-12-07_aying_hills,stratified24,rigid,1,2-3,1319,0,5
2022-12-07_aying_hills__0100_1670421573975101664_vls128.bin,2022-12-07_aying_hills,stratified24,rigid,1,above_3,146,6,5
2022-12-07_aying_hills__0100_1670421573975101664_vls128.bin,2022-12-07_aying_hills,stratified24,rigid,2,below_reference,22,0,8
2022-12-07_aying_hills__0100_1670421573975101664_vls128.bin,2022-12-07_aying_hills,stratified24,rigid,2,near_reference,224,35,24
2022-12-07_aying_hills__0100_1670421573975101664_vls128.bin,2022-12-07_aying_hills,stratified24,rigid,2,0.2-0.5,190,0,21
2022-12-07_aying_hills__0100_1670421573975101664_vls128.bin,2022-12-07_aying_hills,stratified24,rigid,2,0.5-1,483,7,21
2022-12-07_aying_hills__0100_1670421573975101664_vls128.bin,2022-12-07_aying_hills,stratified24,rigid,2,1-2,2369,0,21
2022-12-07_aying_hills__0100_1670421573975101664_vls128.bin,2022-12-07_aying_hills,stratified24,rigid,2,2-3,2535,0,18
2022-12-07_aying_hills__0100_1670421573975101664_vls128.bin,2022-12-07_aying_hills,stratified24,rigid,2,above_3,455,6,16
2022-12-07_aying_hills__0100_1670421573975101664_vls128.bin,2022-12-07_aying_hills,stratified24,vegetation,1,below_reference,0,0,0
2022-12-07_aying_hills__0100_1670421573975101664_vls128.bin,2022-12-07_aying_hills,stratified24,vegetation,1,near_reference,0,0,0
2022-12-07_aying_hills__0100_1670421573975101664_vls128.bin,2022-12-07_aying_hills,stratified24,vegetation,1,0.2-0.5,0,0,0
2022-12-07_aying_hills__0100_1670421573975101664_vls128.bin,2022-12-07_aying_hills,stratified24,vegetation,1,0.5-1,9,0,3
2022-12-07_aying_hills__0100_1670421573975101664_vls128.bin,2022-12-07_aying_hills,stratified24,vegetation,1,1-2,202,0,30
2022-12-07_aying_hills__0100_1670421573975101664_vls128.bin,2022-12-07_aying_hills,stratified24,vegetation,1,2-3,138,0,28
2022-12-07_aying_hills__0100_1670421573975101664_vls128.bin,2022-12-07_aying_hills,stratified24,vegetation,1,above_3,712,0,34
2022-12-07_aying_hills__0100_1670421573975101664_vls128.bin,2022-12-07_aying_hills,stratified24,vegetation,2,below_reference,3,0,3
2022-12-07_aying_hills__0100_1670421573975101664_vls128.bin,2022-12-07_aying_hills,stratified24,vegetation,2,near_reference,24,0,12
2022-12-07_aying_hills__0100_1670421573975101664_vls128.bin,2022-12-07_aying_hills,stratified24,vegetation,2,0.2-0.5,64,0,22
2022-12-07_aying_hills__0100_1670421573975101664_vls128.bin,2022-12-07_aying_hills,stratified24,vegetation,2,0.5-1,291,2,42
2022-12-07_aying_hills__0100_1670421573975101664_vls128.bin,2022-12-07_aying_hills,stratified24,vegetation,2,1-2,3251,0,119
2022-12-07_aying_hills__0100_1670421573975101664_vls128.bin,2022-12-07_aying_hills,stratified24,vegetation,2,2-3,3034,1,134
2022-12-07_aying_hills__0100_1670421573975101664_vls128.bin,2022-12-07_aying_hills,stratified24,vegetation,2,above_3,2306,0,136
2023-01-20_aying_mangfall_2__0449_1674223530715314328_vls128.bin,2023-01-20_aying_mangfall_2,stratified24,rigid,1,below_reference,0,0,0
2023-01-20_aying_mangfall_2__0449_1674223530715314328_vls128.bin,2023-01-20_aying_mangfall_2,stratified24,rigid,1,near_reference,0,0,0
2023-01-20_aying_mangfall_2__0449_1674223530715314328_vls128.bin,2023-01-20_aying_mangfall_2,stratified24,rigid,1,0.2-0.5,0,0,0
2023-01-20_aying_mangfall_2__0449_1674223530715314328_vls128.bin,2023-01-20_aying_mangfall_2,stratified24,rigid,1,0.5-1,0,0,0
2023-01-20_aying_mangfall_2__0449_1674223530715314328_vls128.bin,2023-01-20_aying_mangfall_2,stratified24,rigid,1,1-2,3,0,1
2023-01-20_aying_mangfall_2__0449_1674223530715314328_vls128.bin,2023-01-20_aying_mangfall_2,stratified24,rigid,1,2-3,6,0,1
2023-01-20_aying_mangfall_2__0449_1674223530715314328_vls128.bin,2023-01-20_aying_mangfall_2,stratified24,rigid,1,above_3,14,0,1
2023-01-20_aying_mangfall_2__0449_1674223530715314328_vls128.bin,2023-01-20_aying_mangfall_2,stratified24,rigid,2,below_reference,0,0,0
2023-01-20_aying_mangfall_2__0449_1674223530715314328_vls128.bin,2023-01-20_aying_mangfall_2,stratified24,rigid,2,near_reference,42,20,6
2023-01-20_aying_mangfall_2__0449_1674223530715314328_vls128.bin,2023-01-20_aying_mangfall_2,stratified24,rigid,2,0.2-0.5,21,0,5
2023-01-20_aying_mangfall_2__0449_1674223530715314328_vls128.bin,2023-01-20_aying_mangfall_2,stratified24,rigid,2,0.5-1,39,0,7
2023-01-20_aying_mangfall_2__0449_1674223530715314328_vls128.bin,2023-01-20_aying_mangfall_2,stratified24,rigid,2,1-2,1391,0,13
2023-01-20_aying_mangfall_2__0449_1674223530715314328_vls128.bin,2023-01-20_aying_mangfall_2,stratified24,rigid,2,2-3,2327,0,20
2023-01-20_aying_mangfall_2__0449_1674223530715314328_vls128.bin,2023-01-20_aying_mangfall_2,stratified24,rigid,2,above_3,555,0,21
2023-01-20_aying_mangfall_2__0449_1674223530715314328_vls128.bin,2023-01-20_aying_mangfall_2,stratified24,vegetation,1,below_reference,0,0,0
2023-01-20_aying_mangfall_2__0449_1674223530715314328_vls128.bin,2023-01-20_aying_mangfall_2,stratified24,vegetation,1,near_reference,0,0,0
2023-01-20_aying_mangfall_2__0449_1674223530715314328_vls128.bin,2023-01-20_aying_mangfall_2,stratified24,vegetation,1,0.2-0.5,0,0,0
2023-01-20_aying_mangfall_2__0449_1674223530715314328_vls128.bin,2023-01-20_aying_mangfall_2,stratified24,vegetation,1,0.5-1,0,0,0
2023-01-20_aying_mangfall_2__0449_1674223530715314328_vls128.bin,2023-01-20_aying_mangfall_2,stratified24,vegetation,1,1-2,6,0,2
2023-01-20_aying_mangfall_2__0449_1674223530715314328_vls128.bin,2023-01-20_aying_mangfall_2,stratified24,vegetation,1,2-3,365,0,21
2023-01-20_aying_mangfall_2__0449_1674223530715314328_vls128.bin,2023-01-20_aying_mangfall_2,stratified24,vegetation,1,above_3,1278,0,151
2023-01-20_aying_mangfall_2__0449_1674223530715314328_vls128.bin,2023-01-20_aying_mangfall_2,stratified24,vegetation,2,below_reference,0,0,0
2023-01-20_aying_mangfall_2__0449_1674223530715314328_vls128.bin,2023-01-20_aying_mangfall_2,stratified24,vegetation,2,near_reference,0,0,0
2023-01-20_aying_mangfall_2__0449_1674223530715314328_vls128.bin,2023-01-20_aying_mangfall_2,stratified24,vegetation,2,0.2-0.5,1,0,1
2023-01-20_aying_mangfall_2__0449_1674223530715314328_vls128.bin,2023-01-20_aying_mangfall_2,stratified24,vegetation,2,0.5-1,2,0,1
2023-01-20_aying_mangfall_2__0449_1674223530715314328_vls128.bin,2023-01-20_aying_mangfall_2,stratified24,vegetation,2,1-2,9,0,4
2023-01-20_aying_mangfall_2__0449_1674223530715314328_vls128.bin,2023-01-20_aying_mangfall_2,stratified24,vegetation,2,2-3,1483,0,74
2023-01-20_aying_mangfall_2__0449_1674223530715314328_vls128.bin,2023-01-20_aying_mangfall_2,stratified24,vegetation,2,above_3,2675,0,236
2023-01-20_aying_mangfall_2__0497_1674223778204567633_vls128.bin,2023-01-20_aying_mangfall_2,stratified24,rigid,1,below_reference,0,0,0
2023-01-20_aying_mangfall_2__0497_1674223778204567633_vls128.bin,2023-01-20_aying_mangfall_2,stratified24,rigid,1,near_reference,214,175,25
2023-01-20_aying_mangfall_2__0497_1674223778204567633_vls128.bin,2023-01-20_aying_mangfall_2,stratified24,rigid,1,0.2-0.5,188,99,27
2023-01-20_aying_mangfall_2__0497_1674223778204567633_vls128.bin,2023-01-20_aying_mangfall_2,stratified24,rigid,1,0.5-1,199,8,31
2023-01-20_aying_mangfall_2__0497_1674223778204567633_vls128.bin,2023-01-20_aying_mangfall_2,stratified24,rigid,1,1-2,2558,23,24
2023-01-20_aying_mangfall_2__0497_1674223778204567633_vls128.bin,2023-01-20_aying_mangfall_2,stratified24,rigid,1,2-3,42,0,5
2023-01-20_aying_mangfall_2__0497_1674223778204567633_vls128.bin,2023-01-20_aying_mangfall_2,stratified24,rigid,1,above_3,11,0,6
2023-01-20_aying_mangfall_2__0497_1674223778204567633_vls128.bin,2023-01-20_aying_mangfall_2,stratified24,rigid,2,below_reference,0,0,0
2023-01-20_aying_mangfall_2__0497_1674223778204567633_vls128.bin,2023-01-20_aying_mangfall_2,stratified24,rigid,2,near_reference,364,304,35
2023-01-20_aying_mangfall_2__0497_1674223778204567633_vls128.bin,2023-01-20_aying_mangfall_2,stratified24,rigid,2,0.2-0.5,573,328,65
2023-01-20_aying_mangfall_2__0497_1674223778204567633_vls128.bin,2023-01-20_aying_mangfall_2,stratified24,rigid,2,0.5-1,855,77,78
2023-01-20_aying_mangfall_2__0497_1674223778204567633_vls128.bin,2023-01-20_aying_mangfall_2,stratified24,rigid,2,1-2,8780,25,79
2023-01-20_aying_mangfall_2__0497_1674223778204567633_vls128.bin,2023-01-20_aying_mangfall_2,stratified24,rigid,2,2-3,1960,0,32
2023-01-20_aying_mangfall_2__0497_1674223778204567633_vls128.bin,2023-01-20_aying_mangfall_2,stratified24,rigid,2,above_3,21,0,11
2023-01-20_aying_mangfall_2__0497_1674223778204567633_vls128.bin,2023-01-20_aying_mangfall_2,stratified24,vegetation,1,below_reference,0,0,0
2023-01-20_aying_mangfall_2__0497_1674223778204567633_vls128.bin,2023-01-20_aying_mangfall_2,stratified24,vegetation,1,near_reference,0,0,0
2023-01-20_aying_mangfall_2__0497_1674223778204567633_vls128.bin,2023-01-20_aying_mangfall_2,stratified24,vegetation,1,0.2-0.5,4,0,3
2023-01-20_aying_mangfall_2__0497_1674223778204567633_vls128.bin,2023-01-20_aying_mangfall_2,stratified24,vegetation,1,0.5-1,210,1,31
2023-01-20_aying_mangfall_2__0497_1674223778204567633_vls128.bin,2023-01-20_aying_mangfall_2,stratified24,vegetation,1,1-2,2125,0,75
2023-01-20_aying_mangfall_2__0497_1674223778204567633_vls128.bin,2023-01-20_aying_mangfall_2,stratified24,vegetation,1,2-3,3536,0,115
2023-01-20_aying_mangfall_2__0497_1674223778204567633_vls128.bin,2023-01-20_aying_mangfall_2,stratified24,vegetation,1,above_3,747,0,115
2023-01-20_aying_mangfall_2__0497_1674223778204567633_vls128.bin,2023-01-20_aying_mangfall_2,stratified24,vegetation,2,below_reference,0,0,0
2023-01-20_aying_mangfall_2__0497_1674223778204567633_vls128.bin,2023-01-20_aying_mangfall_2,stratified24,vegetation,2,near_reference,6,0,2
2023-01-20_aying_mangfall_2__0497_1674223778204567633_vls128.bin,2023-01-20_aying_mangfall_2,stratified24,vegetation,2,0.2-0.5,176,33,49
2023-01-20_aying_mangfall_2__0497_1674223778204567633_vls128.bin,2023-01-20_aying_mangfall_2,stratified24,vegetation,2,0.5-1,1297,7,139
2023-01-20_aying_mangfall_2__0497_1674223778204567633_vls128.bin,2023-01-20_aying_mangfall_2,stratified24,vegetation,2,1-2,9114,11,241
2023-01-20_aying_mangfall_2__0497_1674223778204567633_vls128.bin,2023-01-20_aying_mangfall_2,stratified24,vegetation,2,2-3,11926,17,306
2023-01-20_aying_mangfall_2__0497_1674223778204567633_vls128.bin,2023-01-20_aying_mangfall_2,stratified24,vegetation,2,above_3,1976,0,236
2023-01-20_aying_mangfall_2__0545_1674223937789374830_vls128.bin,2023-01-20_aying_mangfall_2,stratified24,rigid,1,below_reference,0,0,0
2023-01-20_aying_mangfall_2__0545_1674223937789374830_vls128.bin,2023-01-20_aying_mangfall_2,stratified24,rigid,1,near_reference,59,27,5
2023-01-20_aying_mangfall_2__0545_1674223937789374830_vls128.bin,2023-01-20_aying_mangfall_2,stratified24,rigid,1,0.2-0.5,89,13,8
2023-01-20_aying_mangfall_2__0545_1674223937789374830_vls128.bin,2023-01-20_aying_mangfall_2,stratified24,rigid,1,0.5-1,241,0,9
2023-01-20_aying_mangfall_2__0545_1674223937789374830_vls128.bin,2023-01-20_aying_mangfall_2,stratified24,rigid,1,1-2,1752,0,16
2023-01-20_aying_mangfall_2__0545_1674223937789374830_vls128.bin,2023-01-20_aying_mangfall_2,stratified24,rigid,1,2-3,4846,21,25
2023-01-20_aying_mangfall_2__0545_1674223937789374830_vls128.bin,2023-01-20_aying_mangfall_2,stratified24,rigid,1,above_3,921,13,23
2023-01-20_aying_mangfall_2__0545_1674223937789374830_vls128.bin,2023-01-20_aying_mangfall_2,stratified24,rigid,2,below_reference,0,0,0
2023-01-20_aying_mangfall_2__0545_1674223937789374830_vls128.bin,2023-01-20_aying_mangfall_2,stratified24,rigid,2,near_reference,101,38,14
2023-01-20_aying_mangfall_2__0545_1674223937789374830_vls128.bin,2023-01-20_aying_mangfall_2,stratified24,rigid,2,0.2-0.5,205,32,21
2023-01-20_aying_mangfall_2__0545_1674223937789374830_vls128.bin,2023-01-20_aying_mangfall_2,stratified24,rigid,2,0.5-1,395,0,26
2023-01-20_aying_mangfall_2__0545_1674223937789374830_vls128.bin,2023-01-20_aying_mangfall_2,stratified24,rigid,2,1-2,2079,0,23
2023-01-20_aying_mangfall_2__0545_1674223937789374830_vls128.bin,2023-01-20_aying_mangfall_2,stratified24,rigid,2,2-3,5503,30,33
2023-01-20_aying_mangfall_2__0545_1674223937789374830_vls128.bin,2023-01-20_aying_mangfall_2,stratified24,rigid,2,above_3,1455,13,33
2023-01-20_aying_mangfall_2__0545_1674223937789374830_vls128.bin,2023-01-20_aying_mangfall_2,stratified24,vegetation,1,below_reference,0,0,0
2023-01-20_aying_mangfall_2__0545_1674223937789374830_vls128.bin,2023-01-20_aying_mangfall_2,stratified24,vegetation,1,near_reference,0,0,0
2023-01-20_aying_mangfall_2__0545_1674223937789374830_vls128.bin,2023-01-20_aying_mangfall_2,stratified24,vegetation,1,0.2-0.5,0,0,0
2023-01-20_aying_mangfall_2__0545_1674223937789374830_vls128.bin,2023-01-20_aying_mangfall_2,stratified24,vegetation,1,0.5-1,0,0,0
2023-01-20_aying_mangfall_2__0545_1674223937789374830_vls128.bin,2023-01-20_aying_mangfall_2,stratified24,vegetation,1,1-2,14,0,2
2023-01-20_aying_mangfall_2__0545_1674223937789374830_vls128.bin,2023-01-20_aying_mangfall_2,stratified24,vegetation,1,2-3,2252,13,53
2023-01-20_aying_mangfall_2__0545_1674223937789374830_vls128.bin,2023-01-20_aying_mangfall_2,stratified24,vegetation,1,above_3,6320,30,618
2023-01-20_aying_mangfall_2__0545_1674223937789374830_vls128.bin,2023-01-20_aying_mangfall_2,stratified24,vegetation,2,below_reference,0,0,0
2023-01-20_aying_mangfall_2__0545_1674223937789374830_vls128.bin,2023-01-20_aying_mangfall_2,stratified24,vegetation,2,near_reference,0,0,0
2023-01-20_aying_mangfall_2__0545_1674223937789374830_vls128.bin,2023-01-20_aying_mangfall_2,stratified24,vegetation,2,0.2-0.5,1,1,1
2023-01-20_aying_mangfall_2__0545_1674223937789374830_vls128.bin,2023-01-20_aying_mangfall_2,stratified24,vegetation,2,0.5-1,0,0,0
2023-01-20_aying_mangfall_2__0545_1674223937789374830_vls128.bin,2023-01-20_aying_mangfall_2,stratified24,vegetation,2,1-2,14,0,2
2023-01-20_aying_mangfall_2__0545_1674223937789374830_vls128.bin,2023-01-20_aying_mangfall_2,stratified24,vegetation,2,2-3,3271,16,89
2023-01-20_aying_mangfall_2__0545_1674223937789374830_vls128.bin,2023-01-20_aying_mangfall_2,stratified24,vegetation,2,above_3,10128,97,845
2023-03-03_garching_2__0140_1677850580619401246_vls128.bin,2023-03-03_garching_2,stratified24,rigid,1,below_reference,0,0,0
2023-03-03_garching_2__0140_1677850580619401246_vls128.bin,2023-03-03_garching_2,stratified24,rigid,1,near_reference,1104,223,221
2023-03-03_garching_2__0140_1677850580619401246_vls128.bin,2023-03-03_garching_2,stratified24,rigid,1,0.2-0.5,1496,13,210
2023-03-03_garching_2__0140_1677850580619401246_vls128.bin,2023-03-03_garching_2,stratified24,rigid,1,0.5-1,3675,2,232
2023-03-03_garching_2__0140_1677850580619401246_vls128.bin,2023-03-03_garching_2,stratified24,rigid,1,1-2,13792,0,314
2023-03-03_garching_2__0140_1677850580619401246_vls128.bin,2023-03-03_garching_2,stratified24,rigid,1,2-3,12869,1,280
2023-03-03_garching_2__0140_1677850580619401246_vls128.bin,2023-03-03_garching_2,stratified24,rigid,1,above_3,4578,0,269
2023-03-03_garching_2__0140_1677850580619401246_vls128.bin,2023-03-03_garching_2,stratified24,rigid,2,below_reference,0,0,0
2023-03-03_garching_2__0140_1677850580619401246_vls128.bin,2023-03-03_garching_2,stratified24,rigid,2,near_reference,1225,246,255
2023-03-03_garching_2__0140_1677850580619401246_vls128.bin,2023-03-03_garching_2,stratified24,rigid,2,0.2-0.5,1685,13,241
2023-03-03_garching_2__0140_1677850580619401246_vls128.bin,2023-03-03_garching_2,stratified24,rigid,2,0.5-1,4124,2,269
2023-03-03_garching_2__0140_1677850580619401246_vls128.bin,2023-03-03_garching_2,stratified24,rigid,2,1-2,15725,0,370
2023-03-03_garching_2__0140_1677850580619401246_vls128.bin,2023-03-03_garching_2,stratified24,rigid,2,2-3,14166,1,316
2023-03-03_garching_2__0140_1677850580619401246_vls128.bin,2023-03-03_garching_2,stratified24,rigid,2,above_3,5069,0,296
2023-03-03_garching_2__0140_1677850580619401246_vls128.bin,2023-03-03_garching_2,stratified24,vegetation,1,below_reference,7,2,5
2023-03-03_garching_2__0140_1677850580619401246_vls128.bin,2023-03-03_garching_2,stratified24,vegetation,1,near_reference,2349,863,555
2023-03-03_garching_2__0140_1677850580619401246_vls128.bin,2023-03-03_garching_2,stratified24,vegetation,1,0.2-0.5,1366,44,426
2023-03-03_garching_2__0140_1677850580619401246_vls128.bin,2023-03-03_garching_2,stratified24,vegetation,1,0.5-1,2761,0,590
2023-03-03_garching_2__0140_1677850580619401246_vls128.bin,2023-03-03_garching_2,stratified24,vegetation,1,1-2,18213,0,1642
2023-03-03_garching_2__0140_1677850580619401246_vls128.bin,2023-03-03_garching_2,stratified24,vegetation,1,2-3,24760,28,1916
2023-03-03_garching_2__0140_1677850580619401246_vls128.bin,2023-03-03_garching_2,stratified24,vegetation,1,above_3,11425,8,2289
2023-03-03_garching_2__0140_1677850580619401246_vls128.bin,2023-03-03_garching_2,stratified24,vegetation,2,below_reference,79,2,17
2023-03-03_garching_2__0140_1677850580619401246_vls128.bin,2023-03-03_garching_2,stratified24,vegetation,2,near_reference,3329,1104,709
2023-03-03_garching_2__0140_1677850580619401246_vls128.bin,2023-03-03_garching_2,stratified24,vegetation,2,0.2-0.5,1923,48,540
2023-03-03_garching_2__0140_1677850580619401246_vls128.bin,2023-03-03_garching_2,stratified24,vegetation,2,0.5-1,3592,0,723
2023-03-03_garching_2__0140_1677850580619401246_vls128.bin,2023-03-03_garching_2,stratified24,vegetation,2,1-2,23339,0,1814
2023-03-03_garching_2__0140_1677850580619401246_vls128.bin,2023-03-03_garching_2,stratified24,vegetation,2,2-3,30166,28,2042
2023-03-03_garching_2__0140_1677850580619401246_vls128.bin,2023-03-03_garching_2,stratified24,vegetation,2,above_3,12463,9,2481
2023-03-03_garching_2__0167_1677850733431980082_vls128.bin,2023-03-03_garching_2,stratified24,rigid,1,below_reference,0,0,0
2023-03-03_garching_2__0167_1677850733431980082_vls128.bin,2023-03-03_garching_2,stratified24,rigid,1,near_reference,98,0,11
2023-03-03_garching_2__0167_1677850733431980082_vls128.bin,2023-03-03_garching_2,stratified24,rigid,1,0.2-0.5,81,0,10
2023-03-03_garching_2__0167_1677850733431980082_vls128.bin,2023-03-03_garching_2,stratified24,rigid,1,0.5-1,113,0,8
2023-03-03_garching_2__0167_1677850733431980082_vls128.bin,2023-03-03_garching_2,stratified24,rigid,1,1-2,168,0,10
2023-03-03_garching_2__0167_1677850733431980082_vls128.bin,2023-03-03_garching_2,stratified24,rigid,1,2-3,122,0,14
2023-03-03_garching_2__0167_1677850733431980082_vls128.bin,2023-03-03_garching_2,stratified24,rigid,1,above_3,50,0,11
2023-03-03_garching_2__0167_1677850733431980082_vls128.bin,2023-03-03_garching_2,stratified24,rigid,2,below_reference,0,0,0
2023-03-03_garching_2__0167_1677850733431980082_vls128.bin,2023-03-03_garching_2,stratified24,rigid,2,near_reference,126,0,14
2023-03-03_garching_2__0167_1677850733431980082_vls128.bin,2023-03-03_garching_2,stratified24,rigid,2,0.2-0.5,114,0,13
2023-03-03_garching_2__0167_1677850733431980082_vls128.bin,2023-03-03_garching_2,stratified24,rigid,2,0.5-1,181,0,11
2023-03-03_garching_2__0167_1677850733431980082_vls128.bin,2023-03-03_garching_2,stratified24,rigid,2,1-2,316,0,12
2023-03-03_garching_2__0167_1677850733431980082_vls128.bin,2023-03-03_garching_2,stratified24,rigid,2,2-3,188,0,16
2023-03-03_garching_2__0167_1677850733431980082_vls128.bin,2023-03-03_garching_2,stratified24,rigid,2,above_3,71,0,15
2023-03-03_garching_2__0167_1677850733431980082_vls128.bin,2023-03-03_garching_2,stratified24,vegetation,1,below_reference,0,0,0
2023-03-03_garching_2__0167_1677850733431980082_vls128.bin,2023-03-03_garching_2,stratified24,vegetation,1,near_reference,191,25,15
2023-03-03_garching_2__0167_1677850733431980082_vls128.bin,2023-03-03_garching_2,stratified24,vegetation,1,0.2-0.5,181,0,18
2023-03-03_garching_2__0167_1677850733431980082_vls128.bin,2023-03-03_garching_2,stratified24,vegetation,1,0.5-1,1002,7,98
2023-03-03_garching_2__0167_1677850733431980082_vls128.bin,2023-03-03_garching_2,stratified24,vegetation,1,1-2,9218,1,399
2023-03-03_garching_2__0167_1677850733431980082_vls128.bin,2023-03-03_garching_2,stratified24,vegetation,1,2-3,8811,0,416
2023-03-03_garching_2__0167_1677850733431980082_vls128.bin,2023-03-03_garching_2,stratified24,vegetation,1,above_3,3787,10,397
2023-03-03_garching_2__0167_1677850733431980082_vls128.bin,2023-03-03_garching_2,stratified24,vegetation,2,below_reference,0,0,0
2023-03-03_garching_2__0167_1677850733431980082_vls128.bin,2023-03-03_garching_2,stratified24,vegetation,2,near_reference,207,25,19
2023-03-03_garching_2__0167_1677850733431980082_vls128.bin,2023-03-03_garching_2,stratified24,vegetation,2,0.2-0.5,217,0,24
2023-03-03_garching_2__0167_1677850733431980082_vls128.bin,2023-03-03_garching_2,stratified24,vegetation,2,0.5-1,1095,7,109
2023-03-03_garching_2__0167_1677850733431980082_vls128.bin,2023-03-03_garching_2,stratified24,vegetation,2,1-2,9678,1,439
2023-03-03_garching_2__0167_1677850733431980082_vls128.bin,2023-03-03_garching_2,stratified24,vegetation,2,2-3,9175,0,465
2023-03-03_garching_2__0167_1677850733431980082_vls128.bin,2023-03-03_garching_2,stratified24,vegetation,2,above_3,4255,11,457
2023-03-03_garching_2__0193_1677850900535844056_vls128.bin,2023-03-03_garching_2,stratified24,rigid,1,below_reference,0,0,0
2023-03-03_garching_2__0193_1677850900535844056_vls128.bin,2023-03-03_garching_2,stratified24,rigid,1,near_reference,61,12,13
2023-03-03_garching_2__0193_1677850900535844056_vls128.bin,2023-03-03_garching_2,stratified24,rigid,1,0.2-0.5,147,2,14
2023-03-03_garching_2__0193_1677850900535844056_vls128.bin,2023-03-03_garching_2,stratified24,rigid,1,0.5-1,374,0,16
2023-03-03_garching_2__0193_1677850900535844056_vls128.bin,2023-03-03_garching_2,stratified24,rigid,1,1-2,741,0,25
2023-03-03_garching_2__0193_1677850900535844056_vls128.bin,2023-03-03_garching_2,stratified24,rigid,1,2-3,672,0,28
2023-03-03_garching_2__0193_1677850900535844056_vls128.bin,2023-03-03_garching_2,stratified24,rigid,1,above_3,311,0,27
2023-03-03_garching_2__0193_1677850900535844056_vls128.bin,2023-03-03_garching_2,stratified24,rigid,2,below_reference,0,0,0
2023-03-03_garching_2__0193_1677850900535844056_vls128.bin,2023-03-03_garching_2,stratified24,rigid,2,near_reference,61,12,13
2023-03-03_garching_2__0193_1677850900535844056_vls128.bin,2023-03-03_garching_2,stratified24,rigid,2,0.2-0.5,147,2,14
2023-03-03_garching_2__0193_1677850900535844056_vls128.bin,2023-03-03_garching_2,stratified24,rigid,2,0.5-1,374,0,16
2023-03-03_garching_2__0193_1677850900535844056_vls128.bin,2023-03-03_garching_2,stratified24,rigid,2,1-2,741,0,25
2023-03-03_garching_2__0193_1677850900535844056_vls128.bin,2023-03-03_garching_2,stratified24,rigid,2,2-3,672,0,28
2023-03-03_garching_2__0193_1677850900535844056_vls128.bin,2023-03-03_garching_2,stratified24,rigid,2,above_3,311,0,27
2023-03-03_garching_2__0193_1677850900535844056_vls128.bin,2023-03-03_garching_2,stratified24,vegetation,1,below_reference,206,162,26
2023-03-03_garching_2__0193_1677850900535844056_vls128.bin,2023-03-03_garching_2,stratified24,vegetation,1,near_reference,1680,873,265
2023-03-03_garching_2__0193_1677850900535844056_vls128.bin,2023-03-03_garching_2,stratified24,vegetation,1,0.2-0.5,1654,44,324
2023-03-03_garching_2__0193_1677850900535844056_vls128.bin,2023-03-03_garching_2,stratified24,vegetation,1,0.5-1,2758,3,376
2023-03-03_garching_2__0193_1677850900535844056_vls128.bin,2023-03-03_garching_2,stratified24,vegetation,1,1-2,13742,0,607
2023-03-03_garching_2__0193_1677850900535844056_vls128.bin,2023-03-03_garching_2,stratified24,vegetation,1,2-3,18802,0,630
2023-03-03_garching_2__0193_1677850900535844056_vls128.bin,2023-03-03_garching_2,stratified24,vegetation,1,above_3,6072,0,595
2023-03-03_garching_2__0193_1677850900535844056_vls128.bin,2023-03-03_garching_2,stratified24,vegetation,2,below_reference,212,162,26
2023-03-03_garching_2__0193_1677850900535844056_vls128.bin,2023-03-03_garching_2,stratified24,vegetation,2,near_reference,1724,874,270
2023-03-03_garching_2__0193_1677850900535844056_vls128.bin,2023-03-03_garching_2,stratified24,vegetation,2,0.2-0.5,1713,44,332
2023-03-03_garching_2__0193_1677850900535844056_vls128.bin,2023-03-03_garching_2,stratified24,vegetation,2,0.5-1,3001,37,400
2023-03-03_garching_2__0193_1677850900535844056_vls128.bin,2023-03-03_garching_2,stratified24,vegetation,2,1-2,21650,2,657
2023-03-03_garching_2__0193_1677850900535844056_vls128.bin,2023-03-03_garching_2,stratified24,vegetation,2,2-3,22547,0,685
2023-03-03_garching_2__0193_1677850900535844056_vls128.bin,2023-03-03_garching_2,stratified24,vegetation,2,above_3,6411,0,626
2023-05-15_neubiberg_rain__0641_1684157914704507527_vls128.bin,2023-05-15_neubiberg_rain,stratified24,rigid,1,below_reference,4631,82,71
2023-05-15_neubiberg_rain__0641_1684157914704507527_vls128.bin,2023-05-15_neubiberg_rain,stratified24,rigid,1,near_reference,5583,259,293
2023-05-15_neubiberg_rain__0641_1684157914704507527_vls128.bin,2023-05-15_neubiberg_rain,stratified24,rigid,1,0.2-0.5,5838,95,382
2023-05-15_neubiberg_rain__0641_1684157914704507527_vls128.bin,2023-05-15_neubiberg_rain,stratified24,rigid,1,0.5-1,14411,1,489
2023-05-15_neubiberg_rain__0641_1684157914704507527_vls128.bin,2023-05-15_neubiberg_rain,stratified24,rigid,1,1-2,19663,3,507
2023-05-15_neubiberg_rain__0641_1684157914704507527_vls128.bin,2023-05-15_neubiberg_rain,stratified24,rigid,1,2-3,3526,0,83
2023-05-15_neubiberg_rain__0641_1684157914704507527_vls128.bin,2023-05-15_neubiberg_rain,stratified24,rigid,1,above_3,212,3,42
2023-05-15_neubiberg_rain__0641_1684157914704507527_vls128.bin,2023-05-15_neubiberg_rain,stratified24,rigid,2,below_reference,4631,82,71
2023-05-15_neubiberg_rain__0641_1684157914704507527_vls128.bin,2023-05-15_neubiberg_rain,stratified24,rigid,2,near_reference,5622,259,299
2023-05-15_neubiberg_rain__0641_1684157914704507527_vls128.bin,2023-05-15_neubiberg_rain,stratified24,rigid,2,0.2-0.5,6008,95,390
2023-05-15_neubiberg_rain__0641_1684157914704507527_vls128.bin,2023-05-15_neubiberg_rain,stratified24,rigid,2,0.5-1,14977,1,523
2023-05-15_neubiberg_rain__0641_1684157914704507527_vls128.bin,2023-05-15_neubiberg_rain,stratified24,rigid,2,1-2,21592,3,561
2023-05-15_neubiberg_rain__0641_1684157914704507527_vls128.bin,2023-05-15_neubiberg_rain,stratified24,rigid,2,2-3,4658,0,95
2023-05-15_neubiberg_rain__0641_1684157914704507527_vls128.bin,2023-05-15_neubiberg_rain,stratified24,rigid,2,above_3,431,3,51
2023-05-15_neubiberg_rain__0641_1684157914704507527_vls128.bin,2023-05-15_neubiberg_rain,stratified24,vegetation,1,below_reference,0,0,0
2023-05-15_neubiberg_rain__0641_1684157914704507527_vls128.bin,2023-05-15_neubiberg_rain,stratified24,vegetation,1,near_reference,452,4,51
2023-05-15_neubiberg_rain__0641_1684157914704507527_vls128.bin,2023-05-15_neubiberg_rain,stratified24,vegetation,1,0.2-0.5,493,0,45
2023-05-15_neubiberg_rain__0641_1684157914704507527_vls128.bin,2023-05-15_neubiberg_rain,stratified24,vegetation,1,0.5-1,453,0,31
2023-05-15_neubiberg_rain__0641_1684157914704507527_vls128.bin,2023-05-15_neubiberg_rain,stratified24,vegetation,1,1-2,574,23,45
2023-05-15_neubiberg_rain__0641_1684157914704507527_vls128.bin,2023-05-15_neubiberg_rain,stratified24,vegetation,1,2-3,7356,19,401
2023-05-15_neubiberg_rain__0641_1684157914704507527_vls128.bin,2023-05-15_neubiberg_rain,stratified24,vegetation,1,above_3,8155,73,1036
2023-05-15_neubiberg_rain__0641_1684157914704507527_vls128.bin,2023-05-15_neubiberg_rain,stratified24,vegetation,2,below_reference,0,0,0
2023-05-15_neubiberg_rain__0641_1684157914704507527_vls128.bin,2023-05-15_neubiberg_rain,stratified24,vegetation,2,near_reference,836,4,90
2023-05-15_neubiberg_rain__0641_1684157914704507527_vls128.bin,2023-05-15_neubiberg_rain,stratified24,vegetation,2,0.2-0.5,962,1,90
2023-05-15_neubiberg_rain__0641_1684157914704507527_vls128.bin,2023-05-15_neubiberg_rain,stratified24,vegetation,2,0.5-1,793,0,70
2023-05-15_neubiberg_rain__0641_1684157914704507527_vls128.bin,2023-05-15_neubiberg_rain,stratified24,vegetation,2,1-2,886,34,78
2023-05-15_neubiberg_rain__0641_1684157914704507527_vls128.bin,2023-05-15_neubiberg_rain,stratified24,vegetation,2,2-3,11392,23,550
2023-05-15_neubiberg_rain__0641_1684157914704507527_vls128.bin,2023-05-15_neubiberg_rain,stratified24,vegetation,2,above_3,14332,73,1463
2023-05-15_neubiberg_rain__0659_1684157946828506895_vls128.bin,2023-05-15_neubiberg_rain,stratified24,rigid,1,below_reference,0,0,0
2023-05-15_neubiberg_rain__0659_1684157946828506895_vls128.bin,2023-05-15_neubiberg_rain,stratified24,rigid,1,near_reference,1189,93,160
2023-05-15_neubiberg_rain__0659_1684157946828506895_vls128.bin,2023-05-15_neubiberg_rain,stratified24,rigid,1,0.2-0.5,3635,37,254
2023-05-15_neubiberg_rain__0659_1684157946828506895_vls128.bin,2023-05-15_neubiberg_rain,stratified24,rigid,1,0.5-1,7546,0,306
2023-05-15_neubiberg_rain__0659_1684157946828506895_vls128.bin,2023-05-15_neubiberg_rain,stratified24,rigid,1,1-2,10059,0,297
2023-05-15_neubiberg_rain__0659_1684157946828506895_vls128.bin,2023-05-15_neubiberg_rain,stratified24,rigid,1,2-3,1854,0,48
2023-05-15_neubiberg_rain__0659_1684157946828506895_vls128.bin,2023-05-15_neubiberg_rain,stratified24,rigid,1,above_3,617,0,49
2023-05-15_neubiberg_rain__0659_1684157946828506895_vls128.bin,2023-05-15_neubiberg_rain,stratified24,rigid,2,below_reference,26,0,2
2023-05-15_neubiberg_rain__0659_1684157946828506895_vls128.bin,2023-05-15_neubiberg_rain,stratified24,rigid,2,near_reference,1208,93,162
2023-05-15_neubiberg_rain__0659_1684157946828506895_vls128.bin,2023-05-15_neubiberg_rain,stratified24,rigid,2,0.2-0.5,3674,37,259
2023-05-15_neubiberg_rain__0659_1684157946828506895_vls128.bin,2023-05-15_neubiberg_rain,stratified24,rigid,2,0.5-1,8315,0,345
2023-05-15_neubiberg_rain__0659_1684157946828506895_vls128.bin,2023-05-15_neubiberg_rain,stratified24,rigid,2,1-2,12772,0,358
2023-05-15_neubiberg_rain__0659_1684157946828506895_vls128.bin,2023-05-15_neubiberg_rain,stratified24,rigid,2,2-3,3230,0,67
2023-05-15_neubiberg_rain__0659_1684157946828506895_vls128.bin,2023-05-15_neubiberg_rain,stratified24,rigid,2,above_3,1214,16,77
2023-05-15_neubiberg_rain__0659_1684157946828506895_vls128.bin,2023-05-15_neubiberg_rain,stratified24,vegetation,1,below_reference,0,0,0
2023-05-15_neubiberg_rain__0659_1684157946828506895_vls128.bin,2023-05-15_neubiberg_rain,stratified24,vegetation,1,near_reference,1875,411,161
2023-05-15_neubiberg_rain__0659_1684157946828506895_vls128.bin,2023-05-15_neubiberg_rain,stratified24,vegetation,1,0.2-0.5,3595,564,175
2023-05-15_neubiberg_rain__0659_1684157946828506895_vls128.bin,2023-05-15_neubiberg_rain,stratified24,vegetation,1,0.5-1,3998,465,201
2023-05-15_neubiberg_rain__0659_1684157946828506895_vls128.bin,2023-05-15_neubiberg_rain,stratified24,vegetation,1,1-2,2946,24,105
2023-05-15_neubiberg_rain__0659_1684157946828506895_vls128.bin,2023-05-15_neubiberg_rain,stratified24,vegetation,1,2-3,3291,29,336
2023-05-15_neubiberg_rain__0659_1684157946828506895_vls128.bin,2023-05-15_neubiberg_rain,stratified24,vegetation,1,above_3,13157,98,1152
2023-05-15_neubiberg_rain__0659_1684157946828506895_vls128.bin,2023-05-15_neubiberg_rain,stratified24,vegetation,2,below_reference,35,0,10
2023-05-15_neubiberg_rain__0659_1684157946828506895_vls128.bin,2023-05-15_neubiberg_rain,stratified24,vegetation,2,near_reference,2198,432,191
2023-05-15_neubiberg_rain__0659_1684157946828506895_vls128.bin,2023-05-15_neubiberg_rain,stratified24,vegetation,2,0.2-0.5,4146,612,214
2023-05-15_neubiberg_rain__0659_1684157946828506895_vls128.bin,2023-05-15_neubiberg_rain,stratified24,vegetation,2,0.5-1,5402,741,284
2023-05-15_neubiberg_rain__0659_1684157946828506895_vls128.bin,2023-05-15_neubiberg_rain,stratified24,vegetation,2,1-2,4186,24,157
2023-05-15_neubiberg_rain__0659_1684157946828506895_vls128.bin,2023-05-15_neubiberg_rain,stratified24,vegetation,2,2-3,3819,29,384
2023-05-15_neubiberg_rain__0659_1684157946828506895_vls128.bin,2023-05-15_neubiberg_rain,stratified24,vegetation,2,above_3,15888,103,1321
2023-05-15_neubiberg_rain__0677_1684158156457472801_vls128.bin,2023-05-15_neubiberg_rain,stratified24,rigid,1,below_reference,0,0,0
2023-05-15_neubiberg_rain__0677_1684158156457472801_vls128.bin,2023-05-15_neubiberg_rain,stratified24,rigid,1,near_reference,682,80,86
2023-05-15_neubiberg_rain__0677_1684158156457472801_vls128.bin,2023-05-15_neubiberg_rain,stratified24,rigid,1,0.2-0.5,1034,3,101
2023-05-15_neubiberg_rain__0677_1684158156457472801_vls128.bin,2023-05-15_neubiberg_rain,stratified24,rigid,1,0.5-1,1149,0,77
2023-05-15_neubiberg_rain__0677_1684158156457472801_vls128.bin,2023-05-15_neubiberg_rain,stratified24,rigid,1,1-2,3236,0,76
2023-05-15_neubiberg_rain__0677_1684158156457472801_vls128.bin,2023-05-15_neubiberg_rain,stratified24,rigid,1,2-3,3418,0,72
2023-05-15_neubiberg_rain__0677_1684158156457472801_vls128.bin,2023-05-15_neubiberg_rain,stratified24,rigid,1,above_3,714,0,18
2023-05-15_neubiberg_rain__0677_1684158156457472801_vls128.bin,2023-05-15_neubiberg_rain,stratified24,rigid,2,below_reference,0,0,0
2023-05-15_neubiberg_rain__0677_1684158156457472801_vls128.bin,2023-05-15_neubiberg_rain,stratified24,rigid,2,near_reference,822,85,100
2023-05-15_neubiberg_rain__0677_1684158156457472801_vls128.bin,2023-05-15_neubiberg_rain,stratified24,rigid,2,0.2-0.5,1131,3,116
2023-05-15_neubiberg_rain__0677_1684158156457472801_vls128.bin,2023-05-15_neubiberg_rain,stratified24,rigid,2,0.5-1,1222,0,86
2023-05-15_neubiberg_rain__0677_1684158156457472801_vls128.bin,2023-05-15_neubiberg_rain,stratified24,rigid,2,1-2,3528,0,91
2023-05-15_neubiberg_rain__0677_1684158156457472801_vls128.bin,2023-05-15_neubiberg_rain,stratified24,rigid,2,2-3,3719,0,82
2023-05-15_neubiberg_rain__0677_1684158156457472801_vls128.bin,2023-05-15_neubiberg_rain,stratified24,rigid,2,above_3,770,0,26
2023-05-15_neubiberg_rain__0677_1684158156457472801_vls128.bin,2023-05-15_neubiberg_rain,stratified24,vegetation,1,below_reference,0,0,0
2023-05-15_neubiberg_rain__0677_1684158156457472801_vls128.bin,2023-05-15_neubiberg_rain,stratified24,vegetation,1,near_reference,13,0,4
2023-05-15_neubiberg_rain__0677_1684158156457472801_vls128.bin,2023-05-15_neubiberg_rain,stratified24,vegetation,1,0.2-0.5,70,0,10
2023-05-15_neubiberg_rain__0677_1684158156457472801_vls128.bin,2023-05-15_neubiberg_rain,stratified24,vegetation,1,0.5-1,131,0,11
2023-05-15_neubiberg_rain__0677_1684158156457472801_vls128.bin,2023-05-15_neubiberg_rain,stratified24,vegetation,1,1-2,221,0,30
2023-05-15_neubiberg_rain__0677_1684158156457472801_vls128.bin,2023-05-15_neubiberg_rain,stratified24,vegetation,1,2-3,5338,0,252
2023-05-15_neubiberg_rain__0677_1684158156457472801_vls128.bin,2023-05-15_neubiberg_rain,stratified24,vegetation,1,above_3,6456,1,435
2023-05-15_neubiberg_rain__0677_1684158156457472801_vls128.bin,2023-05-15_neubiberg_rain,stratified24,vegetation,2,below_reference,0,0,0
2023-05-15_neubiberg_rain__0677_1684158156457472801_vls128.bin,2023-05-15_neubiberg_rain,stratified24,vegetation,2,near_reference,28,0,11
2023-05-15_neubiberg_rain__0677_1684158156457472801_vls128.bin,2023-05-15_neubiberg_rain,stratified24,vegetation,2,0.2-0.5,241,0,22
2023-05-15_neubiberg_rain__0677_1684158156457472801_vls128.bin,2023-05-15_neubiberg_rain,stratified24,vegetation,2,0.5-1,591,0,37
2023-05-15_neubiberg_rain__0677_1684158156457472801_vls128.bin,2023-05-15_neubiberg_rain,stratified24,vegetation,2,1-2,611,0,56
2023-05-15_neubiberg_rain__0677_1684158156457472801_vls128.bin,2023-05-15_neubiberg_rain,stratified24,vegetation,2,2-3,5801,0,288
2023-05-15_neubiberg_rain__0677_1684158156457472801_vls128.bin,2023-05-15_neubiberg_rain,stratified24,vegetation,2,above_3,6968,1,491
2023-05-17_neubiberg_sunny__0399_1684329809197908580_vls128.bin,2023-05-17_neubiberg_sunny,stratified24,rigid,1,below_reference,0,0,0
2023-05-17_neubiberg_sunny__0399_1684329809197908580_vls128.bin,2023-05-17_neubiberg_sunny,stratified24,rigid,1,near_reference,111,29,26
2023-05-17_neubiberg_sunny__0399_1684329809197908580_vls128.bin,2023-05-17_neubiberg_sunny,stratified24,rigid,1,0.2-0.5,507,12,49
2023-05-17_neubiberg_sunny__0399_1684329809197908580_vls128.bin,2023-05-17_neubiberg_sunny,stratified24,rigid,1,0.5-1,1409,0,62
2023-05-17_neubiberg_sunny__0399_1684329809197908580_vls128.bin,2023-05-17_neubiberg_sunny,stratified24,rigid,1,1-2,2341,40,81
2023-05-17_neubiberg_sunny__0399_1684329809197908580_vls128.bin,2023-05-17_neubiberg_sunny,stratified24,rigid,1,2-3,42,0,2
2023-05-17_neubiberg_sunny__0399_1684329809197908580_vls128.bin,2023-05-17_neubiberg_sunny,stratified24,rigid,1,above_3,32,0,2
2023-05-17_neubiberg_sunny__0399_1684329809197908580_vls128.bin,2023-05-17_neubiberg_sunny,stratified24,rigid,2,below_reference,0,0,0
2023-05-17_neubiberg_sunny__0399_1684329809197908580_vls128.bin,2023-05-17_neubiberg_sunny,stratified24,rigid,2,near_reference,111,29,26
2023-05-17_neubiberg_sunny__0399_1684329809197908580_vls128.bin,2023-05-17_neubiberg_sunny,stratified24,rigid,2,0.2-0.5,554,35,68
2023-05-17_neubiberg_sunny__0399_1684329809197908580_vls128.bin,2023-05-17_neubiberg_sunny,stratified24,rigid,2,0.5-1,1940,2,96
2023-05-17_neubiberg_sunny__0399_1684329809197908580_vls128.bin,2023-05-17_neubiberg_sunny,stratified24,rigid,2,1-2,3176,40,132
2023-05-17_neubiberg_sunny__0399_1684329809197908580_vls128.bin,2023-05-17_neubiberg_sunny,stratified24,rigid,2,2-3,300,0,13
2023-05-17_neubiberg_sunny__0399_1684329809197908580_vls128.bin,2023-05-17_neubiberg_sunny,stratified24,rigid,2,above_3,200,0,9
2023-05-17_neubiberg_sunny__0399_1684329809197908580_vls128.bin,2023-05-17_neubiberg_sunny,stratified24,vegetation,1,below_reference,0,0,0
2023-05-17_neubiberg_sunny__0399_1684329809197908580_vls128.bin,2023-05-17_neubiberg_sunny,stratified24,vegetation,1,near_reference,2,2,2
2023-05-17_neubiberg_sunny__0399_1684329809197908580_vls128.bin,2023-05-17_neubiberg_sunny,stratified24,vegetation,1,0.2-0.5,61,1,22
2023-05-17_neubiberg_sunny__0399_1684329809197908580_vls128.bin,2023-05-17_neubiberg_sunny,stratified24,vegetation,1,0.5-1,761,3,61
2023-05-17_neubiberg_sunny__0399_1684329809197908580_vls128.bin,2023-05-17_neubiberg_sunny,stratified24,vegetation,1,1-2,2056,1,74
2023-05-17_neubiberg_sunny__0399_1684329809197908580_vls128.bin,2023-05-17_neubiberg_sunny,stratified24,vegetation,1,2-3,1963,0,68
2023-05-17_neubiberg_sunny__0399_1684329809197908580_vls128.bin,2023-05-17_neubiberg_sunny,stratified24,vegetation,1,above_3,2329,0,125
2023-05-17_neubiberg_sunny__0399_1684329809197908580_vls128.bin,2023-05-17_neubiberg_sunny,stratified24,vegetation,2,below_reference,0,0,0
2023-05-17_neubiberg_sunny__0399_1684329809197908580_vls128.bin,2023-05-17_neubiberg_sunny,stratified24,vegetation,2,near_reference,59,59,5
2023-05-17_neubiberg_sunny__0399_1684329809197908580_vls128.bin,2023-05-17_neubiberg_sunny,stratified24,vegetation,2,0.2-0.5,131,1,48
2023-05-17_neubiberg_sunny__0399_1684329809197908580_vls128.bin,2023-05-17_neubiberg_sunny,stratified24,vegetation,2,0.5-1,1615,5,126
2023-05-17_neubiberg_sunny__0399_1684329809197908580_vls128.bin,2023-05-17_neubiberg_sunny,stratified24,vegetation,2,1-2,4592,1,172
2023-05-17_neubiberg_sunny__0399_1684329809197908580_vls128.bin,2023-05-17_neubiberg_sunny,stratified24,vegetation,2,2-3,4723,0,180
2023-05-17_neubiberg_sunny__0399_1684329809197908580_vls128.bin,2023-05-17_neubiberg_sunny,stratified24,vegetation,2,above_3,4718,0,236
2023-05-17_neubiberg_sunny__0419_1684329877834694088_vls128.bin,2023-05-17_neubiberg_sunny,stratified24,rigid,1,below_reference,0,0,0
2023-05-17_neubiberg_sunny__0419_1684329877834694088_vls128.bin,2023-05-17_neubiberg_sunny,stratified24,rigid,1,near_reference,20,0,12
2023-05-17_neubiberg_sunny__0419_1684329877834694088_vls128.bin,2023-05-17_neubiberg_sunny,stratified24,rigid,1,0.2-0.5,278,0,41
2023-05-17_neubiberg_sunny__0419_1684329877834694088_vls128.bin,2023-05-17_neubiberg_sunny,stratified24,rigid,1,0.5-1,1300,0,59
2023-05-17_neubiberg_sunny__0419_1684329877834694088_vls128.bin,2023-05-17_neubiberg_sunny,stratified24,rigid,1,1-2,1862,0,62
2023-05-17_neubiberg_sunny__0419_1684329877834694088_vls128.bin,2023-05-17_neubiberg_sunny,stratified24,rigid,1,2-3,271,0,2
2023-05-17_neubiberg_sunny__0419_1684329877834694088_vls128.bin,2023-05-17_neubiberg_sunny,stratified24,rigid,1,above_3,36,0,8
2023-05-17_neubiberg_sunny__0419_1684329877834694088_vls128.bin,2023-05-17_neubiberg_sunny,stratified24,rigid,2,below_reference,0,0,0
2023-05-17_neubiberg_sunny__0419_1684329877834694088_vls128.bin,2023-05-17_neubiberg_sunny,stratified24,rigid,2,near_reference,30,0,16
2023-05-17_neubiberg_sunny__0419_1684329877834694088_vls128.bin,2023-05-17_neubiberg_sunny,stratified24,rigid,2,0.2-0.5,336,0,56
2023-05-17_neubiberg_sunny__0419_1684329877834694088_vls128.bin,2023-05-17_neubiberg_sunny,stratified24,rigid,2,0.5-1,1528,0,84
2023-05-17_neubiberg_sunny__0419_1684329877834694088_vls128.bin,2023-05-17_neubiberg_sunny,stratified24,rigid,2,1-2,2536,0,74
2023-05-17_neubiberg_sunny__0419_1684329877834694088_vls128.bin,2023-05-17_neubiberg_sunny,stratified24,rigid,2,2-3,711,0,9
2023-05-17_neubiberg_sunny__0419_1684329877834694088_vls128.bin,2023-05-17_neubiberg_sunny,stratified24,rigid,2,above_3,126,0,13
2023-05-17_neubiberg_sunny__0419_1684329877834694088_vls128.bin,2023-05-17_neubiberg_sunny,stratified24,vegetation,1,below_reference,0,0,0
2023-05-17_neubiberg_sunny__0419_1684329877834694088_vls128.bin,2023-05-17_neubiberg_sunny,stratified24,vegetation,1,near_reference,1,1,1
2023-05-17_neubiberg_sunny__0419_1684329877834694088_vls128.bin,2023-05-17_neubiberg_sunny,stratified24,vegetation,1,0.2-0.5,0,0,0
2023-05-17_neubiberg_sunny__0419_1684329877834694088_vls128.bin,2023-05-17_neubiberg_sunny,stratified24,vegetation,1,0.5-1,7,0,4
2023-05-17_neubiberg_sunny__0419_1684329877834694088_vls128.bin,2023-05-17_neubiberg_sunny,stratified24,vegetation,1,1-2,835,0,40
2023-05-17_neubiberg_sunny__0419_1684329877834694088_vls128.bin,2023-05-17_neubiberg_sunny,stratified24,vegetation,1,2-3,1820,0,60
2023-05-17_neubiberg_sunny__0419_1684329877834694088_vls128.bin,2023-05-17_neubiberg_sunny,stratified24,vegetation,1,above_3,2568,0,113
2023-05-17_neubiberg_sunny__0419_1684329877834694088_vls128.bin,2023-05-17_neubiberg_sunny,stratified24,vegetation,2,below_reference,0,0,0
2023-05-17_neubiberg_sunny__0419_1684329877834694088_vls128.bin,2023-05-17_neubiberg_sunny,stratified24,vegetation,2,near_reference,1,1,1
2023-05-17_neubiberg_sunny__0419_1684329877834694088_vls128.bin,2023-05-17_neubiberg_sunny,stratified24,vegetation,2,0.2-0.5,0,0,0
2023-05-17_neubiberg_sunny__0419_1684329877834694088_vls128.bin,2023-05-17_neubiberg_sunny,stratified24,vegetation,2,0.5-1,58,0,16
2023-05-17_neubiberg_sunny__0419_1684329877834694088_vls128.bin,2023-05-17_neubiberg_sunny,stratified24,vegetation,2,1-2,2411,0,82
2023-05-17_neubiberg_sunny__0419_1684329877834694088_vls128.bin,2023-05-17_neubiberg_sunny,stratified24,vegetation,2,2-3,4416,0,109
2023-05-17_neubiberg_sunny__0419_1684329877834694088_vls128.bin,2023-05-17_neubiberg_sunny,stratified24,vegetation,2,above_3,5015,0,185
2023-05-17_neubiberg_sunny__0439_1684329955810539276_vls128.bin,2023-05-17_neubiberg_sunny,stratified24,rigid,1,below_reference,0,0,0
2023-05-17_neubiberg_sunny__0439_1684329955810539276_vls128.bin,2023-05-17_neubiberg_sunny,stratified24,rigid,1,near_reference,2318,70,185
2023-05-17_neubiberg_sunny__0439_1684329955810539276_vls128.bin,2023-05-17_neubiberg_sunny,stratified24,rigid,1,0.2-0.5,2786,14,212
2023-05-17_neubiberg_sunny__0439_1684329955810539276_vls128.bin,2023-05-17_neubiberg_sunny,stratified24,rigid,1,0.5-1,4184,0,180
2023-05-17_neubiberg_sunny__0439_1684329955810539276_vls128.bin,2023-05-17_neubiberg_sunny,stratified24,rigid,1,1-2,7805,0,193
2023-05-17_neubiberg_sunny__0439_1684329955810539276_vls128.bin,2023-05-17_neubiberg_sunny,stratified24,rigid,1,2-3,7088,3,263
2023-05-17_neubiberg_sunny__0439_1684329955810539276_vls128.bin,2023-05-17_neubiberg_sunny,stratified24,rigid,1,above_3,5845,0,130
2023-05-17_neubiberg_sunny__0439_1684329955810539276_vls128.bin,2023-05-17_neubiberg_sunny,stratified24,rigid,2,below_reference,0,0,0
2023-05-17_neubiberg_sunny__0439_1684329955810539276_vls128.bin,2023-05-17_neubiberg_sunny,stratified24,rigid,2,near_reference,2360,85,193
2023-05-17_neubiberg_sunny__0439_1684329955810539276_vls128.bin,2023-05-17_neubiberg_sunny,stratified24,rigid,2,0.2-0.5,2826,16,217
2023-05-17_neubiberg_sunny__0439_1684329955810539276_vls128.bin,2023-05-17_neubiberg_sunny,stratified24,rigid,2,0.5-1,4263,0,186
2023-05-17_neubiberg_sunny__0439_1684329955810539276_vls128.bin,2023-05-17_neubiberg_sunny,stratified24,rigid,2,1-2,8061,0,203
2023-05-17_neubiberg_sunny__0439_1684329955810539276_vls128.bin,2023-05-17_neubiberg_sunny,stratified24,rigid,2,2-3,7145,3,272
2023-05-17_neubiberg_sunny__0439_1684329955810539276_vls128.bin,2023-05-17_neubiberg_sunny,stratified24,rigid,2,above_3,6008,0,149
2023-05-17_neubiberg_sunny__0439_1684329955810539276_vls128.bin,2023-05-17_neubiberg_sunny,stratified24,vegetation,1,below_reference,0,0,0
2023-05-17_neubiberg_sunny__0439_1684329955810539276_vls128.bin,2023-05-17_neubiberg_sunny,stratified24,vegetation,1,near_reference,20,0,13
2023-05-17_neubiberg_sunny__0439_1684329955810539276_vls128.bin,2023-05-17_neubiberg_sunny,stratified24,vegetation,1,0.2-0.5,700,29,65
2023-05-17_neubiberg_sunny__0439_1684329955810539276_vls128.bin,2023-05-17_neubiberg_sunny,stratified24,vegetation,1,0.5-1,1502,18,74
2023-05-17_neubiberg_sunny__0439_1684329955810539276_vls128.bin,2023-05-17_neubiberg_sunny,stratified24,vegetation,1,1-2,3416,0,106
2023-05-17_neubiberg_sunny__0439_1684329955810539276_vls128.bin,2023-05-17_neubiberg_sunny,stratified24,vegetation,1,2-3,5950,0,281
2023-05-17_neubiberg_sunny__0439_1684329955810539276_vls128.bin,2023-05-17_neubiberg_sunny,stratified24,vegetation,1,above_3,4307,0,292
2023-05-17_neubiberg_sunny__0439_1684329955810539276_vls128.bin,2023-05-17_neubiberg_sunny,stratified24,vegetation,2,below_reference,0,0,0
2023-05-17_neubiberg_sunny__0439_1684329955810539276_vls128.bin,2023-05-17_neubiberg_sunny,stratified24,vegetation,2,near_reference,59,0,25
2023-05-17_neubiberg_sunny__0439_1684329955810539276_vls128.bin,2023-05-17_neubiberg_sunny,stratified24,vegetation,2,0.2-0.5,776,29,79
2023-05-17_neubiberg_sunny__0439_1684329955810539276_vls128.bin,2023-05-17_neubiberg_sunny,stratified24,vegetation,2,0.5-1,1647,18,91
2023-05-17_neubiberg_sunny__0439_1684329955810539276_vls128.bin,2023-05-17_neubiberg_sunny,stratified24,vegetation,2,1-2,3692,0,130
2023-05-17_neubiberg_sunny__0439_1684329955810539276_vls128.bin,2023-05-17_neubiberg_sunny,stratified24,vegetation,2,2-3,6467,0,315
2023-05-17_neubiberg_sunny__0439_1684329955810539276_vls128.bin,2023-05-17_neubiberg_sunny,stratified24,vegetation,2,above_3,4587,0,317
2022-07-22_flight__0155_1658494454445888345_vls128.bin,2022-07-22_flight,p64,rigid,1,below_reference,0,0,0
2022-07-22_flight__0155_1658494454445888345_vls128.bin,2022-07-22_flight,p64,rigid,1,near_reference,0,0,0
2022-07-22_flight__0155_1658494454445888345_vls128.bin,2022-07-22_flight,p64,rigid,1,0.2-0.5,65,2,8
2022-07-22_flight__0155_1658494454445888345_vls128.bin,2022-07-22_flight,p64,rigid,1,0.5-1,71,0,7
2022-07-22_flight__0155_1658494454445888345_vls128.bin,2022-07-22_flight,p64,rigid,1,1-2,1397,0,22
2022-07-22_flight__0155_1658494454445888345_vls128.bin,2022-07-22_flight,p64,rigid,1,2-3,1717,0,24
2022-07-22_flight__0155_1658494454445888345_vls128.bin,2022-07-22_flight,p64,rigid,1,above_3,0,0,0
2022-07-22_flight__0155_1658494454445888345_vls128.bin,2022-07-22_flight,p64,rigid,2,below_reference,0,0,0
2022-07-22_flight__0155_1658494454445888345_vls128.bin,2022-07-22_flight,p64,rigid,2,near_reference,85,3,25
2022-07-22_flight__0155_1658494454445888345_vls128.bin,2022-07-22_flight,p64,rigid,2,0.2-0.5,615,12,82
2022-07-22_flight__0155_1658494454445888345_vls128.bin,2022-07-22_flight,p64,rigid,2,0.5-1,1214,0,122
2022-07-22_flight__0155_1658494454445888345_vls128.bin,2022-07-22_flight,p64,rigid,2,1-2,10002,0,125
2022-07-22_flight__0155_1658494454445888345_vls128.bin,2022-07-22_flight,p64,rigid,2,2-3,5847,0,114
2022-07-22_flight__0155_1658494454445888345_vls128.bin,2022-07-22_flight,p64,rigid,2,above_3,0,0,0
2022-07-22_flight__0155_1658494454445888345_vls128.bin,2022-07-22_flight,p64,vegetation,1,below_reference,0,0,0
2022-07-22_flight__0155_1658494454445888345_vls128.bin,2022-07-22_flight,p64,vegetation,1,near_reference,9,0,5
2022-07-22_flight__0155_1658494454445888345_vls128.bin,2022-07-22_flight,p64,vegetation,1,0.2-0.5,27,0,4
2022-07-22_flight__0155_1658494454445888345_vls128.bin,2022-07-22_flight,p64,vegetation,1,0.5-1,60,0,5
2022-07-22_flight__0155_1658494454445888345_vls128.bin,2022-07-22_flight,p64,vegetation,1,1-2,0,0,0
2022-07-22_flight__0155_1658494454445888345_vls128.bin,2022-07-22_flight,p64,vegetation,1,2-3,0,0,0
2022-07-22_flight__0155_1658494454445888345_vls128.bin,2022-07-22_flight,p64,vegetation,1,above_3,0,0,0
2022-07-22_flight__0155_1658494454445888345_vls128.bin,2022-07-22_flight,p64,vegetation,2,below_reference,0,0,0
2022-07-22_flight__0155_1658494454445888345_vls128.bin,2022-07-22_flight,p64,vegetation,2,near_reference,31,0,7
2022-07-22_flight__0155_1658494454445888345_vls128.bin,2022-07-22_flight,p64,vegetation,2,0.2-0.5,65,0,6
2022-07-22_flight__0155_1658494454445888345_vls128.bin,2022-07-22_flight,p64,vegetation,2,0.5-1,239,0,15
2022-07-22_flight__0155_1658494454445888345_vls128.bin,2022-07-22_flight,p64,vegetation,2,1-2,3,0,1
2022-07-22_flight__0155_1658494454445888345_vls128.bin,2022-07-22_flight,p64,vegetation,2,2-3,0,0,0
2022-07-22_flight__0155_1658494454445888345_vls128.bin,2022-07-22_flight,p64,vegetation,2,above_3,0,0,0
2022-08-30_siegertsbrunn_feldwege__0562_1661860753399118949_vls128.bin,2022-08-30_siegertsbrunn_feldwege,p64,rigid,1,below_reference,0,0,0
2022-08-30_siegertsbrunn_feldwege__0562_1661860753399118949_vls128.bin,2022-08-30_siegertsbrunn_feldwege,p64,rigid,1,near_reference,0,0,0
2022-08-30_siegertsbrunn_feldwege__0562_1661860753399118949_vls128.bin,2022-08-30_siegertsbrunn_feldwege,p64,rigid,1,0.2-0.5,0,0,0
2022-08-30_siegertsbrunn_feldwege__0562_1661860753399118949_vls128.bin,2022-08-30_siegertsbrunn_feldwege,p64,rigid,1,0.5-1,0,0,0
2022-08-30_siegertsbrunn_feldwege__0562_1661860753399118949_vls128.bin,2022-08-30_siegertsbrunn_feldwege,p64,rigid,1,1-2,0,0,0
2022-08-30_siegertsbrunn_feldwege__0562_1661860753399118949_vls128.bin,2022-08-30_siegertsbrunn_feldwege,p64,rigid,1,2-3,0,0,0
2022-08-30_siegertsbrunn_feldwege__0562_1661860753399118949_vls128.bin,2022-08-30_siegertsbrunn_feldwege,p64,rigid,1,above_3,0,0,0
2022-08-30_siegertsbrunn_feldwege__0562_1661860753399118949_vls128.bin,2022-08-30_siegertsbrunn_feldwege,p64,rigid,2,below_reference,0,0,0
2022-08-30_siegertsbrunn_feldwege__0562_1661860753399118949_vls128.bin,2022-08-30_siegertsbrunn_feldwege,p64,rigid,2,near_reference,0,0,0
2022-08-30_siegertsbrunn_feldwege__0562_1661860753399118949_vls128.bin,2022-08-30_siegertsbrunn_feldwege,p64,rigid,2,0.2-0.5,0,0,0
2022-08-30_siegertsbrunn_feldwege__0562_1661860753399118949_vls128.bin,2022-08-30_siegertsbrunn_feldwege,p64,rigid,2,0.5-1,0,0,0
2022-08-30_siegertsbrunn_feldwege__0562_1661860753399118949_vls128.bin,2022-08-30_siegertsbrunn_feldwege,p64,rigid,2,1-2,0,0,0
2022-08-30_siegertsbrunn_feldwege__0562_1661860753399118949_vls128.bin,2022-08-30_siegertsbrunn_feldwege,p64,rigid,2,2-3,0,0,0
2022-08-30_siegertsbrunn_feldwege__0562_1661860753399118949_vls128.bin,2022-08-30_siegertsbrunn_feldwege,p64,rigid,2,above_3,0,0,0
2022-08-30_siegertsbrunn_feldwege__0562_1661860753399118949_vls128.bin,2022-08-30_siegertsbrunn_feldwege,p64,vegetation,1,below_reference,0,0,0
2022-08-30_siegertsbrunn_feldwege__0562_1661860753399118949_vls128.bin,2022-08-30_siegertsbrunn_feldwege,p64,vegetation,1,near_reference,0,0,0
2022-08-30_siegertsbrunn_feldwege__0562_1661860753399118949_vls128.bin,2022-08-30_siegertsbrunn_feldwege,p64,vegetation,1,0.2-0.5,0,0,0
2022-08-30_siegertsbrunn_feldwege__0562_1661860753399118949_vls128.bin,2022-08-30_siegertsbrunn_feldwege,p64,vegetation,1,0.5-1,0,0,0
2022-08-30_siegertsbrunn_feldwege__0562_1661860753399118949_vls128.bin,2022-08-30_siegertsbrunn_feldwege,p64,vegetation,1,1-2,0,0,0
2022-08-30_siegertsbrunn_feldwege__0562_1661860753399118949_vls128.bin,2022-08-30_siegertsbrunn_feldwege,p64,vegetation,1,2-3,0,0,0
2022-08-30_siegertsbrunn_feldwege__0562_1661860753399118949_vls128.bin,2022-08-30_siegertsbrunn_feldwege,p64,vegetation,1,above_3,0,0,0
2022-08-30_siegertsbrunn_feldwege__0562_1661860753399118949_vls128.bin,2022-08-30_siegertsbrunn_feldwege,p64,vegetation,2,below_reference,0,0,0
2022-08-30_siegertsbrunn_feldwege__0562_1661860753399118949_vls128.bin,2022-08-30_siegertsbrunn_feldwege,p64,vegetation,2,near_reference,0,0,0
2022-08-30_siegertsbrunn_feldwege__0562_1661860753399118949_vls128.bin,2022-08-30_siegertsbrunn_feldwege,p64,vegetation,2,0.2-0.5,0,0,0
2022-08-30_siegertsbrunn_feldwege__0562_1661860753399118949_vls128.bin,2022-08-30_siegertsbrunn_feldwege,p64,vegetation,2,0.5-1,0,0,0
2022-08-30_siegertsbrunn_feldwege__0562_1661860753399118949_vls128.bin,2022-08-30_siegertsbrunn_feldwege,p64,vegetation,2,1-2,0,0,0
2022-08-30_siegertsbrunn_feldwege__0562_1661860753399118949_vls128.bin,2022-08-30_siegertsbrunn_feldwege,p64,vegetation,2,2-3,0,0,0
2022-08-30_siegertsbrunn_feldwege__0562_1661860753399118949_vls128.bin,2022-08-30_siegertsbrunn_feldwege,p64,vegetation,2,above_3,0,0,0
2022-09-21_garching_uebungsplatz_2__0041_1663755381571228577_vls128.bin,2022-09-21_garching_uebungsplatz_2,p64,rigid,1,below_reference,0,0,0
2022-09-21_garching_uebungsplatz_2__0041_1663755381571228577_vls128.bin,2022-09-21_garching_uebungsplatz_2,p64,rigid,1,near_reference,9,0,4
2022-09-21_garching_uebungsplatz_2__0041_1663755381571228577_vls128.bin,2022-09-21_garching_uebungsplatz_2,p64,rigid,1,0.2-0.5,39,0,6
2022-09-21_garching_uebungsplatz_2__0041_1663755381571228577_vls128.bin,2022-09-21_garching_uebungsplatz_2,p64,rigid,1,0.5-1,154,0,17
2022-09-21_garching_uebungsplatz_2__0041_1663755381571228577_vls128.bin,2022-09-21_garching_uebungsplatz_2,p64,rigid,1,1-2,1115,0,43
2022-09-21_garching_uebungsplatz_2__0041_1663755381571228577_vls128.bin,2022-09-21_garching_uebungsplatz_2,p64,rigid,1,2-3,1111,0,40
2022-09-21_garching_uebungsplatz_2__0041_1663755381571228577_vls128.bin,2022-09-21_garching_uebungsplatz_2,p64,rigid,1,above_3,1034,0,54
2022-09-21_garching_uebungsplatz_2__0041_1663755381571228577_vls128.bin,2022-09-21_garching_uebungsplatz_2,p64,rigid,2,below_reference,0,0,0
2022-09-21_garching_uebungsplatz_2__0041_1663755381571228577_vls128.bin,2022-09-21_garching_uebungsplatz_2,p64,rigid,2,near_reference,9,0,4
2022-09-21_garching_uebungsplatz_2__0041_1663755381571228577_vls128.bin,2022-09-21_garching_uebungsplatz_2,p64,rigid,2,0.2-0.5,40,0,7
2022-09-21_garching_uebungsplatz_2__0041_1663755381571228577_vls128.bin,2022-09-21_garching_uebungsplatz_2,p64,rigid,2,0.5-1,199,0,20
2022-09-21_garching_uebungsplatz_2__0041_1663755381571228577_vls128.bin,2022-09-21_garching_uebungsplatz_2,p64,rigid,2,1-2,1237,0,50
2022-09-21_garching_uebungsplatz_2__0041_1663755381571228577_vls128.bin,2022-09-21_garching_uebungsplatz_2,p64,rigid,2,2-3,1464,0,52
2022-09-21_garching_uebungsplatz_2__0041_1663755381571228577_vls128.bin,2022-09-21_garching_uebungsplatz_2,p64,rigid,2,above_3,1251,0,65
2022-09-21_garching_uebungsplatz_2__0041_1663755381571228577_vls128.bin,2022-09-21_garching_uebungsplatz_2,p64,vegetation,1,below_reference,1,1,1
2022-09-21_garching_uebungsplatz_2__0041_1663755381571228577_vls128.bin,2022-09-21_garching_uebungsplatz_2,p64,vegetation,1,near_reference,73,33,22
2022-09-21_garching_uebungsplatz_2__0041_1663755381571228577_vls128.bin,2022-09-21_garching_uebungsplatz_2,p64,vegetation,1,0.2-0.5,345,10,45
2022-09-21_garching_uebungsplatz_2__0041_1663755381571228577_vls128.bin,2022-09-21_garching_uebungsplatz_2,p64,vegetation,1,0.5-1,1201,0,114
2022-09-21_garching_uebungsplatz_2__0041_1663755381571228577_vls128.bin,2022-09-21_garching_uebungsplatz_2,p64,vegetation,1,1-2,16968,1,299
2022-09-21_garching_uebungsplatz_2__0041_1663755381571228577_vls128.bin,2022-09-21_garching_uebungsplatz_2,p64,vegetation,1,2-3,14528,0,352
2022-09-21_garching_uebungsplatz_2__0041_1663755381571228577_vls128.bin,2022-09-21_garching_uebungsplatz_2,p64,vegetation,1,above_3,4595,0,498
2022-09-21_garching_uebungsplatz_2__0041_1663755381571228577_vls128.bin,2022-09-21_garching_uebungsplatz_2,p64,vegetation,2,below_reference,6,4,4
2022-09-21_garching_uebungsplatz_2__0041_1663755381571228577_vls128.bin,2022-09-21_garching_uebungsplatz_2,p64,vegetation,2,near_reference,181,53,35
2022-09-21_garching_uebungsplatz_2__0041_1663755381571228577_vls128.bin,2022-09-21_garching_uebungsplatz_2,p64,vegetation,2,0.2-0.5,488,11,61
2022-09-21_garching_uebungsplatz_2__0041_1663755381571228577_vls128.bin,2022-09-21_garching_uebungsplatz_2,p64,vegetation,2,0.5-1,1752,2,168
2022-09-21_garching_uebungsplatz_2__0041_1663755381571228577_vls128.bin,2022-09-21_garching_uebungsplatz_2,p64,vegetation,2,1-2,20043,1,415
2022-09-21_garching_uebungsplatz_2__0041_1663755381571228577_vls128.bin,2022-09-21_garching_uebungsplatz_2,p64,vegetation,2,2-3,18894,0,495
2022-09-21_garching_uebungsplatz_2__0041_1663755381571228577_vls128.bin,2022-09-21_garching_uebungsplatz_2,p64,vegetation,2,above_3,7062,0,653
2022-12-07_aying_hills__0045_1670421354439414871_vls128.bin,2022-12-07_aying_hills,p64,rigid,1,below_reference,0,0,0
2022-12-07_aying_hills__0045_1670421354439414871_vls128.bin,2022-12-07_aying_hills,p64,rigid,1,near_reference,0,0,0
2022-12-07_aying_hills__0045_1670421354439414871_vls128.bin,2022-12-07_aying_hills,p64,rigid,1,0.2-0.5,0,0,0
2022-12-07_aying_hills__0045_1670421354439414871_vls128.bin,2022-12-07_aying_hills,p64,rigid,1,0.5-1,0,0,0
2022-12-07_aying_hills__0045_1670421354439414871_vls128.bin,2022-12-07_aying_hills,p64,rigid,1,1-2,0,0,0
2022-12-07_aying_hills__0045_1670421354439414871_vls128.bin,2022-12-07_aying_hills,p64,rigid,1,2-3,0,0,0
2022-12-07_aying_hills__0045_1670421354439414871_vls128.bin,2022-12-07_aying_hills,p64,rigid,1,above_3,0,0,0
2022-12-07_aying_hills__0045_1670421354439414871_vls128.bin,2022-12-07_aying_hills,p64,rigid,2,below_reference,0,0,0
2022-12-07_aying_hills__0045_1670421354439414871_vls128.bin,2022-12-07_aying_hills,p64,rigid,2,near_reference,0,0,0
2022-12-07_aying_hills__0045_1670421354439414871_vls128.bin,2022-12-07_aying_hills,p64,rigid,2,0.2-0.5,0,0,0
2022-12-07_aying_hills__0045_1670421354439414871_vls128.bin,2022-12-07_aying_hills,p64,rigid,2,0.5-1,0,0,0
2022-12-07_aying_hills__0045_1670421354439414871_vls128.bin,2022-12-07_aying_hills,p64,rigid,2,1-2,0,0,0
2022-12-07_aying_hills__0045_1670421354439414871_vls128.bin,2022-12-07_aying_hills,p64,rigid,2,2-3,0,0,0
2022-12-07_aying_hills__0045_1670421354439414871_vls128.bin,2022-12-07_aying_hills,p64,rigid,2,above_3,0,0,0
2022-12-07_aying_hills__0045_1670421354439414871_vls128.bin,2022-12-07_aying_hills,p64,vegetation,1,below_reference,0,0,0
2022-12-07_aying_hills__0045_1670421354439414871_vls128.bin,2022-12-07_aying_hills,p64,vegetation,1,near_reference,0,0,0
2022-12-07_aying_hills__0045_1670421354439414871_vls128.bin,2022-12-07_aying_hills,p64,vegetation,1,0.2-0.5,0,0,0
2022-12-07_aying_hills__0045_1670421354439414871_vls128.bin,2022-12-07_aying_hills,p64,vegetation,1,0.5-1,5,0,3
2022-12-07_aying_hills__0045_1670421354439414871_vls128.bin,2022-12-07_aying_hills,p64,vegetation,1,1-2,115,0,17
2022-12-07_aying_hills__0045_1670421354439414871_vls128.bin,2022-12-07_aying_hills,p64,vegetation,1,2-3,179,0,24
2022-12-07_aying_hills__0045_1670421354439414871_vls128.bin,2022-12-07_aying_hills,p64,vegetation,1,above_3,98,0,22
2022-12-07_aying_hills__0045_1670421354439414871_vls128.bin,2022-12-07_aying_hills,p64,vegetation,2,below_reference,0,0,0
2022-12-07_aying_hills__0045_1670421354439414871_vls128.bin,2022-12-07_aying_hills,p64,vegetation,2,near_reference,13,1,7
2022-12-07_aying_hills__0045_1670421354439414871_vls128.bin,2022-12-07_aying_hills,p64,vegetation,2,0.2-0.5,132,32,33
2022-12-07_aying_hills__0045_1670421354439414871_vls128.bin,2022-12-07_aying_hills,p64,vegetation,2,0.5-1,674,206,85
2022-12-07_aying_hills__0045_1670421354439414871_vls128.bin,2022-12-07_aying_hills,p64,vegetation,2,1-2,3969,37,116
2022-12-07_aying_hills__0045_1670421354439414871_vls128.bin,2022-12-07_aying_hills,p64,vegetation,2,2-3,1866,0,82
2022-12-07_aying_hills__0045_1670421354439414871_vls128.bin,2022-12-07_aying_hills,p64,vegetation,2,above_3,548,2,75
2023-03-03_garching_2__0149_1677850634360288620_vls128.bin,2023-03-03_garching_2,p64,rigid,1,below_reference,0,0,0
2023-03-03_garching_2__0149_1677850634360288620_vls128.bin,2023-03-03_garching_2,p64,rigid,1,near_reference,269,72,76
2023-03-03_garching_2__0149_1677850634360288620_vls128.bin,2023-03-03_garching_2,p64,rigid,1,0.2-0.5,487,0,70
2023-03-03_garching_2__0149_1677850634360288620_vls128.bin,2023-03-03_garching_2,p64,rigid,1,0.5-1,855,0,92
2023-03-03_garching_2__0149_1677850634360288620_vls128.bin,2023-03-03_garching_2,p64,rigid,1,1-2,2824,0,123
2023-03-03_garching_2__0149_1677850634360288620_vls128.bin,2023-03-03_garching_2,p64,rigid,1,2-3,1573,0,100
2023-03-03_garching_2__0149_1677850634360288620_vls128.bin,2023-03-03_garching_2,p64,rigid,1,above_3,724,0,72
2023-03-03_garching_2__0149_1677850634360288620_vls128.bin,2023-03-03_garching_2,p64,rigid,2,below_reference,0,0,0
2023-03-03_garching_2__0149_1677850634360288620_vls128.bin,2023-03-03_garching_2,p64,rigid,2,near_reference,291,82,84
2023-03-03_garching_2__0149_1677850634360288620_vls128.bin,2023-03-03_garching_2,p64,rigid,2,0.2-0.5,544,0,77
2023-03-03_garching_2__0149_1677850634360288620_vls128.bin,2023-03-03_garching_2,p64,rigid,2,0.5-1,990,0,102
2023-03-03_garching_2__0149_1677850634360288620_vls128.bin,2023-03-03_garching_2,p64,rigid,2,1-2,3138,0,137
2023-03-03_garching_2__0149_1677850634360288620_vls128.bin,2023-03-03_garching_2,p64,rigid,2,2-3,1720,0,112
2023-03-03_garching_2__0149_1677850634360288620_vls128.bin,2023-03-03_garching_2,p64,rigid,2,above_3,791,0,77
2023-03-03_garching_2__0149_1677850634360288620_vls128.bin,2023-03-03_garching_2,p64,vegetation,1,below_reference,0,0,0
2023-03-03_garching_2__0149_1677850634360288620_vls128.bin,2023-03-03_garching_2,p64,vegetation,1,near_reference,478,225,140
2023-03-03_garching_2__0149_1677850634360288620_vls128.bin,2023-03-03_garching_2,p64,vegetation,1,0.2-0.5,495,11,192
2023-03-03_garching_2__0149_1677850634360288620_vls128.bin,2023-03-03_garching_2,p64,vegetation,1,0.5-1,1244,0,305
2023-03-03_garching_2__0149_1677850634360288620_vls128.bin,2023-03-03_garching_2,p64,vegetation,1,1-2,22254,0,991
2023-03-03_garching_2__0149_1677850634360288620_vls128.bin,2023-03-03_garching_2,p64,vegetation,1,2-3,50739,8,1268
2023-03-03_garching_2__0149_1677850634360288620_vls128.bin,2023-03-03_garching_2,p64,vegetation,1,above_3,10306,10,1209
2023-03-03_garching_2__0149_1677850634360288620_vls128.bin,2023-03-03_garching_2,p64,vegetation,2,below_reference,0,0,0
2023-03-03_garching_2__0149_1677850634360288620_vls128.bin,2023-03-03_garching_2,p64,vegetation,2,near_reference,552,236,159
2023-03-03_garching_2__0149_1677850634360288620_vls128.bin,2023-03-03_garching_2,p64,vegetation,2,0.2-0.5,638,12,222
2023-03-03_garching_2__0149_1677850634360288620_vls128.bin,2023-03-03_garching_2,p64,vegetation,2,0.5-1,1602,0,350
2023-03-03_garching_2__0149_1677850634360288620_vls128.bin,2023-03-03_garching_2,p64,vegetation,2,1-2,23584,0,1066
2023-03-03_garching_2__0149_1677850634360288620_vls128.bin,2023-03-03_garching_2,p64,vegetation,2,2-3,52236,8,1355
2023-03-03_garching_2__0149_1677850634360288620_vls128.bin,2023-03-03_garching_2,p64,vegetation,2,above_3,10714,10,1279
2023-05-15_neubiberg_rain__0647_1684157923512800092_vls128.bin,2023-05-15_neubiberg_rain,p64,rigid,1,below_reference,0,0,0
2023-05-15_neubiberg_rain__0647_1684157923512800092_vls128.bin,2023-05-15_neubiberg_rain,p64,rigid,1,near_reference,759,114,135
2023-05-15_neubiberg_rain__0647_1684157923512800092_vls128.bin,2023-05-15_neubiberg_rain,p64,rigid,1,0.2-0.5,3942,41,280
2023-05-15_neubiberg_rain__0647_1684157923512800092_vls128.bin,2023-05-15_neubiberg_rain,p64,rigid,1,0.5-1,7707,3,307
2023-05-15_neubiberg_rain__0647_1684157923512800092_vls128.bin,2023-05-15_neubiberg_rain,p64,rigid,1,1-2,9728,0,331
2023-05-15_neubiberg_rain__0647_1684157923512800092_vls128.bin,2023-05-15_neubiberg_rain,p64,rigid,1,2-3,4732,0,181
2023-05-15_neubiberg_rain__0647_1684157923512800092_vls128.bin,2023-05-15_neubiberg_rain,p64,rigid,1,above_3,525,0,40
2023-05-15_neubiberg_rain__0647_1684157923512800092_vls128.bin,2023-05-15_neubiberg_rain,p64,rigid,2,below_reference,0,0,0
2023-05-15_neubiberg_rain__0647_1684157923512800092_vls128.bin,2023-05-15_neubiberg_rain,p64,rigid,2,near_reference,759,114,135
2023-05-15_neubiberg_rain__0647_1684157923512800092_vls128.bin,2023-05-15_neubiberg_rain,p64,rigid,2,0.2-0.5,3998,41,290
2023-05-15_neubiberg_rain__0647_1684157923512800092_vls128.bin,2023-05-15_neubiberg_rain,p64,rigid,2,0.5-1,8270,17,352
2023-05-15_neubiberg_rain__0647_1684157923512800092_vls128.bin,2023-05-15_neubiberg_rain,p64,rigid,2,1-2,11750,0,375
2023-05-15_neubiberg_rain__0647_1684157923512800092_vls128.bin,2023-05-15_neubiberg_rain,p64,rigid,2,2-3,5478,0,198
2023-05-15_neubiberg_rain__0647_1684157923512800092_vls128.bin,2023-05-15_neubiberg_rain,p64,rigid,2,above_3,871,0,59
2023-05-15_neubiberg_rain__0647_1684157923512800092_vls128.bin,2023-05-15_neubiberg_rain,p64,vegetation,1,below_reference,0,0,0
2023-05-15_neubiberg_rain__0647_1684157923512800092_vls128.bin,2023-05-15_neubiberg_rain,p64,vegetation,1,near_reference,0,0,0
2023-05-15_neubiberg_rain__0647_1684157923512800092_vls128.bin,2023-05-15_neubiberg_rain,p64,vegetation,1,0.2-0.5,0,0,0
2023-05-15_neubiberg_rain__0647_1684157923512800092_vls128.bin,2023-05-15_neubiberg_rain,p64,vegetation,1,0.5-1,0,0,0
2023-05-15_neubiberg_rain__0647_1684157923512800092_vls128.bin,2023-05-15_neubiberg_rain,p64,vegetation,1,1-2,0,0,0
2023-05-15_neubiberg_rain__0647_1684157923512800092_vls128.bin,2023-05-15_neubiberg_rain,p64,vegetation,1,2-3,358,0,30
2023-05-15_neubiberg_rain__0647_1684157923512800092_vls128.bin,2023-05-15_neubiberg_rain,p64,vegetation,1,above_3,6433,1,459
2023-05-15_neubiberg_rain__0647_1684157923512800092_vls128.bin,2023-05-15_neubiberg_rain,p64,vegetation,2,below_reference,0,0,0
2023-05-15_neubiberg_rain__0647_1684157923512800092_vls128.bin,2023-05-15_neubiberg_rain,p64,vegetation,2,near_reference,0,0,0
2023-05-15_neubiberg_rain__0647_1684157923512800092_vls128.bin,2023-05-15_neubiberg_rain,p64,vegetation,2,0.2-0.5,0,0,0
2023-05-15_neubiberg_rain__0647_1684157923512800092_vls128.bin,2023-05-15_neubiberg_rain,p64,vegetation,2,0.5-1,0,0,0
2023-05-15_neubiberg_rain__0647_1684157923512800092_vls128.bin,2023-05-15_neubiberg_rain,p64,vegetation,2,1-2,0,0,0
2023-05-15_neubiberg_rain__0647_1684157923512800092_vls128.bin,2023-05-15_neubiberg_rain,p64,vegetation,2,2-3,516,0,49
2023-05-15_neubiberg_rain__0647_1684157923512800092_vls128.bin,2023-05-15_neubiberg_rain,p64,vegetation,2,above_3,9597,1,652
2023-05-17_neubiberg_sunny__0406_1684329843302899662_vls128.bin,2023-05-17_neubiberg_sunny,p64,rigid,1,below_reference,0,0,0
2023-05-17_neubiberg_sunny__0406_1684329843302899662_vls128.bin,2023-05-17_neubiberg_sunny,p64,rigid,1,near_reference,0,0,0
2023-05-17_neubiberg_sunny__0406_1684329843302899662_vls128.bin,2023-05-17_neubiberg_sunny,p64,rigid,1,0.2-0.5,30,2,12
2023-05-17_neubiberg_sunny__0406_1684329843302899662_vls128.bin,2023-05-17_neubiberg_sunny,p64,rigid,1,0.5-1,187,0,29
2023-05-17_neubiberg_sunny__0406_1684329843302899662_vls128.bin,2023-05-17_neubiberg_sunny,p64,rigid,1,1-2,12,0,1
2023-05-17_neubiberg_sunny__0406_1684329843302899662_vls128.bin,2023-05-17_neubiberg_sunny,p64,rigid,1,2-3,0,0,0
2023-05-17_neubiberg_sunny__0406_1684329843302899662_vls128.bin,2023-05-17_neubiberg_sunny,p64,rigid,1,above_3,0,0,0
2023-05-17_neubiberg_sunny__0406_1684329843302899662_vls128.bin,2023-05-17_neubiberg_sunny,p64,rigid,2,below_reference,0,0,0
2023-05-17_neubiberg_sunny__0406_1684329843302899662_vls128.bin,2023-05-17_neubiberg_sunny,p64,rigid,2,near_reference,0,0,0
2023-05-17_neubiberg_sunny__0406_1684329843302899662_vls128.bin,2023-05-17_neubiberg_sunny,p64,rigid,2,0.2-0.5,115,14,25
2023-05-17_neubiberg_sunny__0406_1684329843302899662_vls128.bin,2023-05-17_neubiberg_sunny,p64,rigid,2,0.5-1,334,28,47
2023-05-17_neubiberg_sunny__0406_1684329843302899662_vls128.bin,2023-05-17_neubiberg_sunny,p64,rigid,2,1-2,12,0,1
2023-05-17_neubiberg_sunny__0406_1684329843302899662_vls128.bin,2023-05-17_neubiberg_sunny,p64,rigid,2,2-3,0,0,0
2023-05-17_neubiberg_sunny__0406_1684329843302899662_vls128.bin,2023-05-17_neubiberg_sunny,p64,rigid,2,above_3,0,0,0
2023-05-17_neubiberg_sunny__0406_1684329843302899662_vls128.bin,2023-05-17_neubiberg_sunny,p64,vegetation,1,below_reference,0,0,0
2023-05-17_neubiberg_sunny__0406_1684329843302899662_vls128.bin,2023-05-17_neubiberg_sunny,p64,vegetation,1,near_reference,0,0,0
2023-05-17_neubiberg_sunny__0406_1684329843302899662_vls128.bin,2023-05-17_neubiberg_sunny,p64,vegetation,1,0.2-0.5,0,0,0
2023-05-17_neubiberg_sunny__0406_1684329843302899662_vls128.bin,2023-05-17_neubiberg_sunny,p64,vegetation,1,0.5-1,0,0,0
2023-05-17_neubiberg_sunny__0406_1684329843302899662_vls128.bin,2023-05-17_neubiberg_sunny,p64,vegetation,1,1-2,0,0,0
2023-05-17_neubiberg_sunny__0406_1684329843302899662_vls128.bin,2023-05-17_neubiberg_sunny,p64,vegetation,1,2-3,0,0,0
2023-05-17_neubiberg_sunny__0406_1684329843302899662_vls128.bin,2023-05-17_neubiberg_sunny,p64,vegetation,1,above_3,0,0,0
2023-05-17_neubiberg_sunny__0406_1684329843302899662_vls128.bin,2023-05-17_neubiberg_sunny,p64,vegetation,2,below_reference,0,0,0
2023-05-17_neubiberg_sunny__0406_1684329843302899662_vls128.bin,2023-05-17_neubiberg_sunny,p64,vegetation,2,near_reference,0,0,0
2023-05-17_neubiberg_sunny__0406_1684329843302899662_vls128.bin,2023-05-17_neubiberg_sunny,p64,vegetation,2,0.2-0.5,0,0,0
2023-05-17_neubiberg_sunny__0406_1684329843302899662_vls128.bin,2023-05-17_neubiberg_sunny,p64,vegetation,2,0.5-1,0,0,0
2023-05-17_neubiberg_sunny__0406_1684329843302899662_vls128.bin,2023-05-17_neubiberg_sunny,p64,vegetation,2,1-2,0,0,0
2023-05-17_neubiberg_sunny__0406_1684329843302899662_vls128.bin,2023-05-17_neubiberg_sunny,p64,vegetation,2,2-3,0,0,0
2023-05-17_neubiberg_sunny__0406_1684329843302899662_vls128.bin,2023-05-17_neubiberg_sunny,p64,vegetation,2,above_3,0,0,0
