sync,sensor,modality,points,timestamp_ns,annotation_timestamp_ns,offset_ms,max_planar_range_m,points_ge_100m,points_ge_150m,points_ge_200m,points_ge_250m,points_ge_300m,points_ge_400m
63,conti542/joint_radars/detections,radar,2440,3161523712,3172004958,-10.481246,327.8960466876546,322,140,83,31,19,0
63,aeva/joint_lidars/points,lidar,331494,3199952128,3172004958,27.94717,398.19910824361386,22776,6569,2226,501,307,0
63,ouster/forward_center/points,lidar,55831,3174809088,3172004958,2.80413,211.5210192048757,140,27,9,0,0,0
63,ouster/sideward_left/points,lidar,57033,3170619648,3172004958,-1.38531,233.3838486722462,17,17,7,0,0,0
63,ouster/sideward_right/points,lidar,54197,3169808384,3172004958,-2.196574,211.3317060240953,16,12,3,0,0,0
65,conti542/joint_radars/detections,radar,2739,3261474304,3272099583,-10.625279,327.89027987335663,403,165,89,31,23,0
65,aeva/joint_lidars/points,lidar,311005,3299958272,3272099583,27.858689,395.2850322170353,22294,6099,2176,562,311,0
65,ouster/forward_center/points,lidar,56789,3275063808,3272099583,2.964225,210.9101189119294,109,40,11,0,0,0
65,ouster/sideward_left/points,lidar,56671,3270691072,3272099583,-1.408511,227.10476453917576,16,14,5,0,0,0
65,ouster/sideward_right/points,lidar,54310,3269967360,3272099583,-2.132223,210.71490053398065,16,13,3,0,0,0
67,conti542/joint_radars/detections,radar,2892,3361223168,3372026708,-10.80354,327.89684106632234,401,202,104,43,28,0
67,aeva/joint_lidars/points,lidar,337634,3399962368,3372026708,27.93566,392.25815261563974,23148,5929,2225,553,296,0
67,ouster/forward_center/points,lidar,56800,3374996480,3372026708,2.969772,248.33160018080932,131,44,11,0,0,0
67,ouster/sideward_left/points,lidar,56568,3370960384,3372026708,-1.066324,210.4852674185742,16,13,4,0,0,0
67,ouster/sideward_right/points,lidar,54468,3369710336,3372026708,-2.316372,210.2016984252463,16,15,4,0,0,0
69,conti542/joint_radars/detections,radar,2591,3461657856,3472121258,-10.463402,327.9300990315856,335,167,82,33,22,0
69,aeva/joint_lidars/points,lidar,328266,3499959040,3472121258,27.837782,389.4888021210878,24247,5810,2070,582,315,0
69,ouster/forward_center/points,lidar,56553,3474707712,3472121258,2.586454,209.7620306641918,160,44,11,0,0,0
69,ouster/sideward_left/points,lidar,56366,3470854912,3472121258,-1.266346,209.8428021346867,17,15,4,0,0,0
69,ouster/sideward_right/points,lidar,54737,3469505536,3472121258,-2.615722,209.52075592413485,15,12,3,0,0,0
71,conti542/joint_radars/detections,radar,2903,3561502976,3572048483,-10.545507,327.8928238145135,425,183,95,34,24,0
71,aeva/joint_lidars/points,lidar,333771,3599969024,3572048483,27.920541,386.3988637036447,23757,5965,2081,563,303,0
71,ouster/forward_center/points,lidar,57112,3574669568,3572048483,2.621085,210.812491920134,87,51,11,0,0,0
71,ouster/sideward_left/points,lidar,56281,3570699520,3572048483,-1.348963,209.24772858881045,13,13,3,0,0,0
71,ouster/sideward_right/points,lidar,55063,3569733888,3572048483,-2.314595,208.8997360860463,16,13,5,0,0,0
73,conti542/joint_radars/detections,radar,3008,3661261824,3672143058,-10.881234,327.88896320750206,431,181,90,29,17,0
73,aeva/joint_lidars/points,lidar,329111,3699976448,3672143058,27.83339,395.44888944140087,23916,6217,2182,657,378,0
73,ouster/forward_center/points,lidar,58625,3674979328,3672143058,2.83627,239.58365048435752,48,33,8,0,0,0
73,ouster/sideward_left/points,lidar,56108,3670657280,3672143058,-1.485778,208.67076157702985,16,16,3,0,0,0
73,ouster/sideward_right/points,lidar,54869,3670011136,3672143058,-2.131922,208.3457644086386,20,14,5,0,0,0
75,conti542/joint_radars/detections,radar,2741,3761668352,3772070358,-10.402006,327.89036685281656,384,156,76,30,21,0
75,aeva/joint_lidars/points,lidar,351492,3799977472,3772070358,27.907114,395.1501232594276,23668,6090,2062,676,365,0
75,ouster/forward_center/points,lidar,59364,3775064320,3772070358,2.993962,235.3972817005428,40,29,7,0,0,0
75,ouster/sideward_left/points,lidar,55823,3770819072,3772070358,-1.251286,208.08434632992763,19,17,3,0,0,0
75,ouster/sideward_right/points,lidar,54933,3769829376,3772070358,-2.240982,207.77777667233295,18,12,4,0,0,0
77,conti542/joint_radars/detections,radar,2859,3861612800,3871997558,-10.384758,327.89177534923135,441,188,100,39,24,0
77,aeva/joint_lidars/points,lidar,356557,3899980800,3871997558,27.983242,392.1832499115865,23266,6055,1880,604,339,0
77,ouster/forward_center/points,lidar,58971,3874792704,3871997558,2.795146,233.7633626994174,102,34,10,0,0,0
77,ouster/sideward_left/points,lidar,55689,3870899968,3871997558,-1.09759,207.4050711835963,20,16,3,0,0,0
77,ouster/sideward_right/points,lidar,55177,3869588224,3871997558,-2.409334,207.14580683856477,13,12,4,0,0,0
79,conti542/joint_radars/detections,radar,2944,3961253376,3972092233,-10.838857,327.8915859380786,426,190,95,45,28,0
79,aeva/joint_lidars/points,lidar,344069,3999984128,3972092233,27.891895,390.87608441966563,23669,6047,1920,597,251,0
79,ouster/forward_center/points,lidar,59415,3974602240,3972092233,2.510007,229.57457345924104,61,36,12,0,0,0
79,ouster/sideward_left/points,lidar,55227,3970762496,3972092233,-1.329737,206.84587939072742,23,17,3,0,0,0
79,ouster/sideward_right/points,lidar,55520,3969488128,3972092233,-2.604105,206.49716126953453,15,12,4,0,0,0
81,conti542/joint_radars/detections,radar,2994,4061700864,4072019633,-10.318769,327.89077253758603,418,169,92,51,28,0
81,aeva/joint_lidars/points,lidar,364014,4099995136,4072019633,27.975503,386.8259396145002,23159,5997,1856,582,207,0
81,ouster/forward_center/points,lidar,60090,4074838528,4072019633,2.818895,227.90006609251546,56,38,11,0,0,0
81,ouster/sideward_left/points,lidar,54742,4070622464,4072019633,-1.397169,227.44868099631395,21,17,4,0,0,0
81,ouster/sideward_right/points,lidar,56035,4069792768,4072019633,-2.226865,205.91186151371065,14,13,4,0,0,0
83,conti542/joint_radars/detections,radar,2988,4161565184,4172124408,-10.559224,327.8910514775989,412,171,88,52,25,0
83,aeva/joint_lidars/points,lidar,372222,4199993600,4172124408,27.869192,389.65807836676987,24528,5761,1832,515,197,0
83,ouster/forward_center/points,lidar,60299,4175069696,4172124408,2.945288,224.97942402641777,66,30,10,0,0,0
83,ouster/sideward_left/points,lidar,54087,4170698496,4172124408,-1.425912,224.47577327718074,19,16,4,0,0,0
83,ouster/sideward_right/points,lidar,56265,4169977088,4172124408,-2.14732,205.27618794469808,18,15,4,0,0,0
85,conti542/joint_radars/detections,radar,3073,4261213184,4272051758,-10.838574,327.89301014347325,427,161,87,47,24,0
85,aeva/joint_lidars/points,lidar,371163,4299990784,4272051758,27.939026,398.7775798002542,24193,6192,1951,633,225,0
85,ouster/forward_center/points,lidar,60604,4274931200,4272051758,2.879442,222.05678110701223,55,34,11,0,0,0
85,ouster/sideward_left/points,lidar,53542,4270964992,4272051758,-1.086766,205.07771440077005,23,19,4,0,0,0
85,ouster/sideward_right/points,lidar,56271,4269706496,4272051758,-2.345262,204.65422092699103,20,13,4,0,0,0
87,conti542/joint_radars/detections,radar,3023,4361585408,4372146458,-10.56105,327.8914138017165,438,169,101,55,31,0
87,aeva/joint_lidars/points,lidar,354707,4399998208,4372146458,27.85175,393.52727321400295,25400,6152,1865,562,212,0
87,ouster/forward_center/points,lidar,60947,4374635776,4372146458,2.489318,219.13912596634094,80,39,14,0,0,0
87,ouster/sideward_left/points,lidar,53127,4370848768,4372146458,-1.29769,218.6979410619547,21,15,5,0,0,0
87,ouster/sideward_right/points,lidar,55940,4369503232,4372146458,-2.643226,204.03124665095697,15,12,2,0,0,0
89,conti542/joint_radars/detections,radar,3124,4461591808,4472073733,-10.481925,327.88480084504897,464,175,97,52,29,0
89,aeva/joint_lidars/points,lidar,357759,4499997184,4472073733,27.923451,392.8605202541121,25281,6341,1809,585,216,0
89,ouster/forward_center/points,lidar,60777,4474799360,4472073733,2.725627,284.44251207229865,72,37,15,1,0,0
89,ouster/sideward_left/points,lidar,53108,4470711040,4472073733,-1.362693,215.7390231028543,22,14,4,0,0,0
89,ouster/sideward_right/points,lidar,55582,4469692160,4472073733,-2.381573,217.00199725538175,15,12,4,0,0,0
91,conti542/joint_radars/detections,radar,3123,4561329920,4572001108,-10.671188,327.87505690990537,467,162,92,48,24,0
91,aeva/joint_lidars/points,lidar,378790,4600005376,4572001108,28.004268,397.0444915407896,25942,7754,1780,583,226,0
91,ouster/forward_center/points,lidar,60200,4575084800,4572001108,3.083692,281.53021620600657,91,34,12,1,0,0
91,ouster/sideward_left/points,lidar,52949,4570664704,4572001108,-1.336404,212.82610949999133,20,16,4,0,0,0
91,ouster/sideward_right/points,lidar,55534,4570019584,4572001108,-1.981524,202.84833796511123,15,12,3,0,0,0
93,conti542/joint_radars/detections,radar,3054,4661639168,4672095858,-10.45669,327.8863415718412,439,167,86,47,26,0
93,aeva/joint_lidars/points,lidar,376625,4700006912,4672095858,27.911054,394.54830072372283,25046,6951,1933,699,257,0
93,ouster/forward_center/points,lidar,59817,4674910464,4672095858,2.814606,236.7642398497314,120,25,11,0,0,0
93,ouster/sideward_left/points,lidar,52742,4670861568,4672095858,-1.23429,209.93520571767908,16,12,4,0,0,0
93,ouster/sideward_right/points,lidar,55496,4669845504,4672095858,-2.250354,202.21095106270565,17,7,3,0,0,0
95,conti542/joint_radars/detections,radar,3149,4761553664,4772023183,-10.469519,327.9067978691221,479,175,95,53,26,0
95,aeva/joint_lidars/points,lidar,375333,4800020224,4772023183,27.997041,392.212496078795,25234,7023,1738,603,215,0
95,ouster/forward_center/points,lidar,59501,4774598400,4772023183,2.575217,233.8253905159963,111,27,13,0,0,0
95,ouster/sideward_left/points,lidar,52619,4770842112,4772023183,-1.181071,207.01230109139942,23,11,4,0,0,0
95,ouster/sideward_right/points,lidar,55407,4769584384,4772023183,-2.438799,201.6323670437137,15,7,3,0,0,0
97,conti542/joint_radars/detections,radar,3088,4861266944,4872117908,-10.850964,327.8865659251072,386,150,83,43,22,0
97,aeva/joint_lidars/points,lidar,375639,4900024832,4872117908,27.906924,389.22688864473,25726,7202,1800,659,198,0
97,ouster/forward_center/points,lidar,59276,4874653952,4872117908,2.536044,204.66370734571956,128,46,11,0,0,0
97,ouster/sideward_left/points,lidar,52220,4870684672,4872117908,-1.433236,204.0513895607851,23,11,4,0,0,0
97,ouster/sideward_right/points,lidar,55606,4869466624,4872117908,-2.651284,201.01642557477808,15,7,3,0,0,0
99,conti542/joint_radars/detections,radar,3196,4961660928,4972045133,-10.384205,327.8837213027156,455,188,100,42,21,0
99,aeva/joint_lidars/points,lidar,360426,5000025856,4972045133,27.980723,390.410406019217,25363,6611,1652,504,230,0
99,ouster/forward_center/points,lidar,59817,4974862080,4972045133,2.816947,227.99167975794285,156,27,14,0,0,0
99,ouster/sideward_left/points,lidar,52025,4970669312,4972045133,-1.375821,201.18549565385078,18,11,4,0,0,0
99,ouster/sideward_right/points,lidar,55932,4969819136,4972045133,-2.225997,200.41445374444498,16,7,3,0,0,0
101,conti542/joint_radars/detections,radar,3259,5061577216,5072139883,-10.562667,327.8792034048978,455,169,86,41,25,0
101,aeva/joint_lidars/points,lidar,353075,5100033536,5072139883,27.893653,382.67365424605464,25489,7055,1625,518,181,0
101,ouster/forward_center/points,lidar,59728,5075079936,5072139883,2.940053,225.0708256820682,130,26,2,0,0,0
101,ouster/sideward_left/points,lidar,51790,5070851840,5072139883,-1.288043,200.17233676772446,27,11,3,0,0,0
101,ouster/sideward_right/points,lidar,55692,5069997056,5072139883,-2.142827,199.7940401918087,19,7,0,0,0,0
103,conti542/joint_radars/detections,radar,3040,5161228032,5172077333,-10.849301,327.9081499631253,372,124,60,33,19,0
103,aeva/joint_lidars/points,lidar,357276,5200037120,5172077333,27.959787,395.47731383419335,26721,7327,1314,592,220,0
103,ouster/forward_center/points,lidar,59375,5174964992,5172077333,2.887659,222.176963982487,235,27,1,0,0,0
103,ouster/sideward_left/points,lidar,51797,5170864640,5172077333,-1.212693,202.18146519512246,31,11,1,0,0,0
103,ouster/sideward_right/points,lidar,55628,5169693440,5172077333,-2.383893,199.20623192491755,19,8,0,0,0,0
105,conti542/joint_radars/detections,radar,3200,5261507072,5272004708,-10.497636,327.90398494633314,464,166,75,37,21,0
105,aeva/joint_lidars/points,lidar,350699,5300047104,5272004708,28.042396,387.6897558536226,26811,7395,1344,647,198,0
105,ouster/forward_center/points,lidar,59211,5274592000,5272004708,2.587292,219.2361156504826,276,33,1,0,0,0
105,ouster/sideward_left/points,lidar,51896,5270658304,5272004708,-1.346404,205.057209385867,28,10,1,0,0,0
105,ouster/sideward_right/points,lidar,55481,5269510144,5272004708,-2.494564,198.59229268225934,16,8,0,0,0,0
107,conti542/joint_radars/detections,radar,3263,5361464832,5372099383,-10.634551,327.90883355283984,459,165,77,43,25,0
107,aeva/joint_lidars/points,lidar,348017,5400049152,5372099383,27.949769,384.67387810778854,28118,7202,1347,651,197,0
107,ouster/forward_center/points,lidar,59012,5374652672,5372099383,2.553289,216.33125725311723,310,28,1,0,0,0
107,ouster/sideward_left/points,lidar,51817,5370651136,5372099383,-1.448247,211.31155086525695,32,13,2,0,0,0
107,ouster/sideward_right/points,lidar,55146,5369706496,5372099383,-2.392887,198.02558504543953,13,8,0,0,0,0
109,conti542/joint_radars/detections,radar,2949,5461224448,5472026633,-10.802185,327.9100009820286,350,114,58,29,17,0
109,aeva/joint_lidars/points,lidar,348020,5500044544,5472026633,28.017911,391.6692306027719,29159,7333,1288,627,170,0
109,ouster/forward_center/points,lidar,58748,5475026176,5472026633,2.999543,255.1314102803151,304,34,2,1,0,0
109,ouster/sideward_left/points,lidar,51788,5470924032,5472026633,-1.102601,210.98771303997697,26,12,1,0,0,0
109,ouster/sideward_right/points,lidar,55195,5470011904,5472026633,-2.014729,197.39311178843246,17,8,0,0,0,0
111,conti542/joint_radars/detections,radar,3148,5561649152,5572121333,-10.472181,327.90980249541997,455,156,80,46,23,0
111,aeva/joint_lidars/points,lidar,349248,5600052480,5572121333,27.931147,396.0763728975657,29420,7104,1328,646,151,0
111,ouster/forward_center/points,lidar,58571,5575093504,5572121333,2.972171,252.1931781248716,282,35,3,1,0,0
111,ouster/sideward_left/points,lidar,51400,5570898432,5572121333,-1.222901,213.8304761695989,31,13,1,0,0,0
111,ouster/sideward_right/points,lidar,55415,5569861376,5572121333,-2.259957,196.80214103680976,14,8,0,0,0,0
113,conti542/joint_radars/detections,radar,3166,5661510912,5672048733,-10.537821,327.91143085923744,470,165,85,43,25,0
113,aeva/joint_lidars/points,lidar,347400,5700056832,5672048733,28.008099,394.3276955662007,29796,6684,1352,519,183,0
113,ouster/forward_center/points,lidar,58327,5674771968,5672048733,2.723235,249.4234623398263,350,34,4,0,0,0
113,ouster/sideward_left/points,lidar,51249,5670675712,5672048733,-1.373021,216.779239343071,23,14,2,0,0,0
113,ouster/sideward_right/points,lidar,55733,5669562880,5672048733,-2.485853,196.20678261062176,15,8,0,0,0,0
115,conti542/joint_radars/detections,radar,2999,5761256448,5772143433,-10.886985,327.9149317131045,369,132,62,39,25,0
115,aeva/joint_lidars/points,lidar,348458,5800065792,5772143433,27.922359,391.1725485833297,31001,6858,1425,455,181,0
115,ouster/forward_center/points,lidar,57948,5774618624,5772143433,2.475191,246.48682587862922,372,29,3,0,0,0
115,ouster/sideward_left/points,lidar,51118,5770685184,5772143433,-1.458249,205.47832049061975,21,15,2,0,0,0
115,ouster/sideward_right/points,lidar,56098,5769530368,5772143433,-2.613065,195.58864711168616,18,10,0,0,0,0
117,conti542/joint_radars/detections,radar,3183,5861622272,5872070783,-10.448511,327.9161981139495,502,172,78,42,25,0
117,aeva/joint_lidars/points,lidar,342177,5900064512,5872070783,27.993729,388.2184365295234,31637,6718,1414,432,157,0
117,ouster/forward_center/points,lidar,57834,5874913024,5872070783,2.842241,243.60314025480866,328,34,4,0,0,0
117,ouster/sideward_left/points,lidar,51033,5870868480,5872070783,-1.202303,222.60375980503215,19,11,2,0,0,0
117,ouster/sideward_right/points,lidar,56279,5869835776,5872070783,-2.235007,194.99456306413737,21,9,0,0,0,0
119,conti542/joint_radars/detections,radar,3154,5961560576,5971998008,-10.437432,327.9166023754589,508,193,87,41,24,0
119,aeva/joint_lidars/points,lidar,339952,6000070400,5971998008,28.072392,385.49994528023836,32236,7093,1340,454,165,0
119,ouster/forward_center/points,lidar,57855,5975177472,5971998008,3.179464,240.58787728205786,350,29,3,0,0,0
119,ouster/sideward_left/points,lidar,51043,5970799360,5971998008,-1.198648,199.61354951674272,15,9,0,0,0,0
119,ouster/sideward_right/points,lidar,56058,5969954048,5971998008,-2.04396,194.4158543388203,23,10,0,0,0,0
121,conti542/joint_radars/detections,radar,2999,6061189632,6072092733,-10.903101,327.91267228984464,405,154,78,42,26,0
121,aeva/joint_lidars/points,lidar,328507,6100073216,6072092733,27.980483,382.41223976087434,32012,7685,1334,418,91,0
121,ouster/forward_center/points,lidar,58090,6074896128,6072092733,2.803395,237.61465180826727,368,35,2,0,0,0
121,ouster/sideward_left/points,lidar,51089,6070641920,6072092733,-1.450813,196.7736406067568,15,10,0,0,0,0
121,ouster/sideward_right/points,lidar,56353,6069692928,6072092733,-2.399805,193.8252484398839,19,8,0,0,0,0
123,conti542/joint_radars/detections,radar,2953,6161644032,6172030283,-10.386251,327.91366882678534,471,195,93,57,27,0
123,aeva/joint_lidars/points,lidar,332210,6200074240,6172030283,28.043957,384.28467924206234,33711,8200,1406,486,135,0
123,ouster/forward_center/points,lidar,57842,6174544896,6172030283,2.514613,234.89715840688362,397,33,1,0,0,0
123,ouster/sideward_left/points,lidar,51444,6170693632,6172030283,-1.336651,204.48878862553104,17,11,1,0,0,0
123,ouster/sideward_right/points,lidar,56310,6169477632,6172030283,-2.552651,234.1829519739289,22,10,2,0,0,0
125,conti542/joint_radars/detections,radar,2959,6261500416,6272125008,-10.624592,327.90452934519334,460,185,89,44,22,0
125,aeva/joint_lidars/points,lidar,326310,6300080128,6272125008,27.95512,394.01944065602726,32646,8046,1636,456,104,0
125,ouster/forward_center/points,lidar,57812,6274663168,6272125008,2.53816,232.00540108958108,376,33,2,0,0,0
125,ouster/sideward_left/points,lidar,51569,6270908160,6272125008,-1.216848,234.2078346503402,22,13,3,0,0,0
125,ouster/sideward_right/points,lidar,55996,6269719296,6272125008,-2.405712,231.245485433755,26,11,2,0,0,0
127,conti542/joint_radars/detections,radar,2958,6361225216,6372052333,-10.827117,327.9091834761642,455,176,85,45,24,0
127,aeva/joint_lidars/points,lidar,320659,6400078848,6372052333,28.026515,388.85590061595707,32841,7836,1472,388,123,0
127,ouster/forward_center/points,lidar,57704,6374998784,6372052333,2.946451,228.92870974935101,446,32,3,0,0,0
127,ouster/sideward_left/points,lidar,51614,6370854400,6372052333,-1.197933,210.26599635139866,21,10,2,0,0,0
127,ouster/sideward_right/points,lidar,55774,6370021376,6372052333,-2.030957,228.32156478185257,13,11,2,0,0,0
129,conti542/joint_radars/detections,radar,2889,6461534464,6472147033,-10.612569,327.89284698280187,470,189,85,46,25,0
129,aeva/joint_lidars/points,lidar,316805,6500082432,6472147033,27.935399,377.6245597578153,32185,7847,1463,428,105,0
129,ouster/forward_center/points,lidar,57251,6475040256,6472147033,2.893223,240.33906053754805,462,35,4,0,0,0
129,ouster/sideward_left/points,lidar,51545,6470681088,6472147033,-1.465945,213.20361667632332,13,9,2,0,0,0
129,ouster/sideward_right/points,lidar,55809,6469810432,6472147033,-2.336601,225.43664649303136,13,11,1,0,0,0
131,conti542/joint_radars/detections,radar,2765,6561548800,6572074208,-10.525408,327.8944202940739,494,187,92,44,24,0
131,aeva/joint_lidars/points,lidar,314278,6600088320,6572074208,28.014112,368.2165387473799,32287,8140,1489,423,81,0
131,ouster/forward_center/points,lidar,56772,6574742272,6572074208,2.668064,223.22393077094893,504,32,3,0,0,0
131,ouster/sideward_left/points,lidar,51412,6570632704,6572074208,-1.441504,216.11621694728888,11,10,2,0,0,0
131,ouster/sideward_right/points,lidar,55675,6569528832,6572074208,-2.545376,222.53515590996324,15,13,2,0,0,0
133,conti542/joint_radars/detections,radar,2826,6661294592,6672001558,-10.706966,327.84830772625656,456,154,80,39,19,0
133,aeva/joint_lidars/points,lidar,313936,6700086528,6672001558,28.08497,364.81719194833727,32438,7750,1305,433,94,0
133,ouster/forward_center/points,lidar,56581,6674670080,6672001558,2.668522,220.37927596948165,577,34,5,0,0,0
133,ouster/sideward_left/points,lidar,51249,6670911232,6672001558,-1.090326,219.01683469432274,12,12,3,0,0,0
133,ouster/sideward_right/points,lidar,55826,6669582848,6672001558,-2.41871,219.64980925873908,16,13,3,0,0,0
135,conti542/joint_radars/detections,radar,2829,6761643520,6772096233,-10.452713,327.86192798721265,514,187,118,49,17,0
135,aeva/joint_lidars/points,lidar,315599,6800096256,6772096233,28.000023,361.99501760751247,32981,7637,1189,379,80,0
135,ouster/forward_center/points,lidar,56068,6774959616,6772096233,2.863383,217.46300520748304,577,32,3,0,0,0
135,ouster/sideward_left/points,lidar,51266,6770936064,6772096233,-1.160169,217.1619798789131,17,13,5,0,0,0
135,ouster/sideward_right/points,lidar,56087,6769885952,6772096233,-2.210281,216.77089412233454,17,11,3,0,0,0
137,conti542/joint_radars/detections,radar,2965,6861563648,6872023533,-10.459885,327.88077633368215,486,164,90,37,14,0
137,aeva/joint_lidars/points,lidar,317193,6900097536,6872023533,28.074003,341.0595550989949,32495,7473,1205,390,90,0
137,ouster/forward_center/points,lidar,55466,6875140608,6872023533,3.117075,214.5111723848516,583,32,5,0,0,0
137,ouster/sideward_left/points,lidar,51150,6870814208,6872023533,-1.209325,214.33306170359612,20,12,2,0,0,0
137,ouster/sideward_right/points,lidar,56264,6869976064,6872023533,-2.047469,213.86598493100664,17,12,3,0,0,0
139,conti542/joint_radars/detections,radar,2876,6961319424,6972118183,-10.798759,327.89410591094884,387,123,75,42,14,0
139,aeva/joint_lidars/points,lidar,316303,7000095488,6972118183,27.977305,373.9015073105215,33595,7783,1307,387,123,0
139,ouster/forward_center/points,lidar,55727,6974838016,6972118183,2.719833,211.76388341757917,521,32,7,0,0,0
139,ouster/sideward_left/points,lidar,51148,6970688000,6972118183,-1.430183,218.68433043046045,22,13,3,0,0,0
139,ouster/sideward_right/points,lidar,55893,6969681408,6972118183,-2.436775,211.0120609593535,18,12,3,0,0,0
141,conti542/joint_radars/detections,radar,3111,7061700864,7072045408,-10.344544,327.8968537174493,443,143,86,44,18,0
141,aeva/joint_lidars/points,lidar,308866,7100087296,7072045408,28.041888,353.68281326211735,32531,8273,1421,434,110,0
141,ouster/forward_center/points,lidar,55901,7074601216,7072045408,2.555808,222.9729006553522,503,28,6,0,0,0
141,ouster/sideward_left/points,lidar,51152,7070668288,7072045408,-1.37712,210.08517701588005,18,12,3,0,0,0
141,ouster/sideward_right/points,lidar,55582,7069505792,7072045408,-2.539616,208.01944922417925,13,10,2,0,0,0
143,conti542/joint_radars/detections,radar,3068,7161602048,7172150033,-10.547985,325.48821970158286,402,144,91,44,18,0
143,aeva/joint_lidars/points,lidar,315404,7200094464,7172150033,27.944431,394.13558129002655,33707,8928,1457,490,137,0
143,ouster/forward_center/points,lidar,55590,7174731776,7172150033,2.581743,230.69352138962387,584,36,8,0,0,0
143,ouster/sideward_left/points,lidar,51126,7170844672,7172150033,-1.305361,206.72075097514008,21,13,3,0,0,0
143,ouster/sideward_right/points,lidar,55466,7169756928,7172150033,-2.393105,205.1145132606354,16,11,2,0,0,0
145,conti542/joint_radars/detections,radar,3166,7261271552,7272077408,-10.805856,327.89213301586295,430,161,96,46,18,0
145,aeva/joint_lidars/points,lidar,313385,7300096768,7272077408,28.01936,346.44487056520273,33742,8870,1449,387,74,0
145,ouster/forward_center/points,lidar,55495,7274978048,7272077408,2.90064,202.98270777303023,526,28,7,0,0,0
145,ouster/sideward_left/points,lidar,50853,7270852096,7272077408,-1.225312,236.33754136747487,18,16,5,0,0,0
145,ouster/sideward_right/points,lidar,55404,7270012928,7272077408,-2.06448,202.25157799744596,15,11,2,0,0,0
147,conti542/joint_radars/detections,radar,3123,7361558784,7372004683,-10.445899,327.8824147216897,474,183,113,55,22,0
147,aeva/joint_lidars/points,lidar,310497,7400096000,7372004683,28.091317,395.1202424614571,33006,8880,1498,463,128,0
147,ouster/forward_center/points,lidar,54758,7375068928,7372004683,3.064245,241.98895554663912,503,40,4,0,0,0
147,ouster/sideward_left/points,lidar,50459,7370708992,7372004683,-1.295691,242.4247792941188,26,20,8,0,0,0
147,ouster/sideward_right/points,lidar,55663,7369794304,7372004683,-2.210379,199.3356852778792,16,12,0,0,0,0
149,conti542/joint_radars/detections,radar,2943,7461522432,7472099408,-10.576976,327.8825571984298,381,140,77,42,18,0
149,aeva/joint_lidars/points,lidar,311812,7500096256,7472099408,27.996848,394.2366847198266,32520,9457,1290,489,170,0
149,ouster/forward_center/points,lidar,54344,7474791168,7472099408,2.69176,239.0691088483803,525,39,1,0,0,0
149,ouster/sideward_left/points,lidar,50709,7470667520,7472099408,-1.431888,212.1511280094317,37,17,2,0,0,0
149,ouster/sideward_right/points,lidar,55771,7469537024,7472099408,-2.562384,196.455696595081,16,11,0,0,0,0
151,conti542/joint_radars/detections,radar,3168,7561273344,7572026608,-10.753264,327.892075610554,517,211,109,52,21,0
151,aeva/joint_lidars/points,lidar,315877,7600099840,7572026608,28.073232,393.1573121222944,32921,9895,1253,447,134,0
151,ouster/forward_center/points,lidar,54465,7574670592,7572026608,2.643984,254.79934397106274,598,44,2,1,0,0
151,ouster/sideward_left/points,lidar,50453,7570792192,7572026608,-1.234416,219.93190670896269,27,16,1,0,0,0
151,ouster/sideward_right/points,lidar,55737,7569545472,7572026608,-2.481136,193.54886423555357,19,16,0,0,0,0
153,conti542/joint_radars/detections,radar,3152,7661700864,7672121333,-10.420469,327.8922230916528,515,218,120,53,23,0
153,aeva/joint_lidars/points,lidar,314310,7700109312,7672121333,27.987979,394.00805804517535,31431,9756,1393,511,142,0
153,ouster/forward_center/points,lidar,54145,7674806528,7672121333,2.685195,233.29538500837742,634,40,2,0,0,0
153,ouster/sideward_left/points,lidar,50488,7670871552,7672121333,-1.249781,192.25613312400017,28,15,0,0,0,0
153,ouster/sideward_right/points,lidar,55669,7669939712,7672121333,-2.181621,190.7310004591994,19,13,0,0,0,0
155,conti542/joint_radars/detections,radar,3057,7761519360,7772048708,-10.529348,327.86312181274906,393,151,83,44,14,0
155,aeva/joint_lidars/points,lidar,318164,7800110848,7772048708,28.06214,374.76147562195257,31020,9738,1354,354,79,0
155,ouster/forward_center/points,lidar,54194,7775004672,7772048708,2.955964,230.40353835785797,603,40,2,0,0,0
155,ouster/sideward_left/points,lidar,50603,7770671872,7772048708,-1.376836,214.1530716320178,20,19,1,0,0,0
155,ouster/sideward_right/points,lidar,55300,7769861120,7772048708,-2.187588,187.77102724386125,19,14,0,0,0,0
157,conti542/joint_radars/detections,radar,3274,7861310208,7872143408,-10.8332,327.8775399390073,454,197,108,40,15,0
157,aeva/joint_lidars/points,lidar,316666,7900106240,7872143408,27.962832,384.09637639091693,31420,9768,1383,391,95,0
157,ouster/forward_center/points,lidar,54206,7875045632,7872143408,2.902224,227.52267664424502,671,38,2,0,0,0
157,ouster/sideward_left/points,lidar,50795,7870634752,7872143408,-1.508656,211.2521564684329,23,17,1,0,0,0
157,ouster/sideward_right/points,lidar,54577,7869599488,7872143408,-2.54392,186.37375608192613,18,13,0,0,0,0
159,conti542/joint_radars/detections,radar,3121,7961706240,7972070733,-10.364493,327.898111539437,451,194,111,45,15,0
159,aeva/joint_lidars/points,lidar,317515,8000113664,7972070733,28.042931,381.38340772724206,32104,9824,1470,374,70,0
159,ouster/forward_center/points,lidar,53494,7974724352,7972070733,2.653619,207.50348131195906,722,39,1,0,0,0
159,ouster/sideward_left/points,lidar,50799,7970899712,7972070733,-1.171021,225.4697479855949,17,16,1,0,0,0
159,ouster/sideward_right/points,lidar,54127,7969527296,7972070733,-2.543437,186.0578413956885,16,13,0,0,0,0
161,conti542/joint_radars/detections,radar,3079,8061598208,8071997958,-10.39975,327.89764961098393,427,174,92,40,13,0
161,aeva/joint_lidars/points,lidar,338035,8100114688,8071997958,28.11673,381.0948861527939,32447,9711,1548,467,97,0
161,ouster/forward_center/points,lidar,52686,8074559232,8071997958,2.561274,204.64261464311429,677,46,1,0,0,0
161,ouster/sideward_left/points,lidar,50782,8070940928,8071997958,-1.05703,193.83412041470777,22,18,0,0,0,0
161,ouster/sideward_right/points,lidar,53910,8069856000,8071997958,-2.141958,185.84545923682134,16,12,0,0,0,0
163,conti542/joint_radars/detections,radar,3182,8161256448,8172102683,-10.846235,327.8813527165026,482,198,94,37,12,0
163,aeva/joint_lidars/points,lidar,317306,8200111360,8172102683,28.008677,367.8702007067381,33813,9980,1480,430,95,0
163,ouster/forward_center/points,lidar,52064,8174829824,8172102683,2.727141,233.5343834679513,772,46,2,0,0,0
163,ouster/sideward_left/points,lidar,50924,8170753792,8172102683,-1.348891,219.72691309816145,18,17,1,0,0,0
163,ouster/sideward_right/points,lidar,53602,8169963008,8172102683,-2.139675,185.67019981862862,17,11,0,0,0,0
165,conti542/joint_radars/detections,radar,3253,8261692160,8272030058,-10.337898,327.87939855256246,511,190,99,38,17,0
165,aeva/joint_lidars/points,lidar,340069,8300102400,8272030058,28.072342,354.81565667079224,35455,9732,1438,396,88,0
165,ouster/forward_center/points,lidar,51181,8275083264,8272030058,3.053206,234.63733162874854,798,67,1,0,0,0
165,ouster/sideward_left/points,lidar,50938,8270652160,8272030058,-1.377898,231.4635861902296,18,16,1,0,0,0
165,ouster/sideward_right/points,lidar,53444,8269620224,8272030058,-2.409834,185.44220554117265,20,13,0,0,0,0
167,conti542/joint_radars/detections,radar,3296,8361539584,8372124758,-10.585174,327.8977321529251,495,171,85,42,23,0
167,aeva/joint_lidars/points,lidar,344822,8400109056,8372124758,27.984298,369.3965138665655,35297,9946,1499,413,126,0
167,ouster/forward_center/points,lidar,50977,8374893312,8372124758,2.768554,231.69249478040567,703,56,3,0,0,0
167,ouster/sideward_left/points,lidar,50684,8370735616,8372124758,-1.389142,202.45618404176196,16,13,1,0,0,0
167,ouster/sideward_right/points,lidar,53300,8369487104,8372124758,-2.637654,185.24701179776733,18,13,0,0,0,0
169,conti542/joint_radars/detections,radar,3361,8461214464,8472052108,-10.837644,327.8875096686497,505,180,92,43,22,0
169,aeva/joint_lidars/points,lidar,338930,8500111616,8472052108,28.059508,365.8890302973364,34780,9849,1496,422,116,0
169,ouster/forward_center/points,lidar,50814,8474599680,8472052108,2.547572,243.28390821873205,561,60,3,0,0,0
169,ouster/sideward_left/points,lidar,50516,8470914048,8472052108,-1.13806,205.30988984179504,17,12,1,0,0,0
169,ouster/sideward_right/points,lidar,53549,8469855744,8472052108,-2.196364,202.76829121204665,17,13,1,0,0,0
171,conti542/joint_radars/detections,radar,3280,8561584896,8572146758,-10.561862,327.8944317715406,528,186,103,51,23,0
171,aeva/joint_lidars/points,lidar,368700,8600107264,8572146758,27.960506,379.0634500194281,35663,10655,1609,452,158,0
171,ouster/forward_center/points,lidar,50656,8574797568,8572146758,2.65081,225.87876211792815,705,60,2,0,0,0
171,ouster/sideward_left/points,lidar,50330,8570779904,8572146758,-1.366854,222.76081319457637,15,13,2,0,0,0
171,ouster/sideward_right/points,lidar,53702,8569972480,8572146758,-2.174278,184.825498118007,18,13,0,0,0,0
173,conti542/joint_radars/detections,radar,3338,8661589760,8672074008,-10.484248,327.88318734806074,510,194,97,34,12,0
173,aeva/joint_lidars/points,lidar,345793,8700103936,8672074008,28.029928,382.85660322555697,35373,10511,1736,466,131,0
173,ouster/forward_center/points,lidar,50549,8675089408,8672074008,3.0154,204.39462918647567,699,47,1,0,0,0
173,ouster/sideward_left/points,lidar,50407,8670624000,8672074008,-1.450008,219.9078968197396,18,14,1,0,0,0
173,ouster/sideward_right/points,lidar,53601,8669654784,8672074008,-2.419224,184.64250028662235,20,14,0,0,0,0
175,conti542/joint_radars/detections,radar,3429,8761378560,8772001358,-10.622798,327.8845307229869,549,199,88,37,18,0
175,aeva/joint_lidars/points,lidar,357605,8800110848,8772001358,28.10949,384.0199066919245,36504,10862,1699,378,113,0
175,ouster/forward_center/points,lidar,50870,8774952192,8772001358,2.950834,234.48835431093764,671,54,2,0,0,0
175,ouster/sideward_left/points,lidar,50608,8770720000,8772001358,-1.281358,184.60111128951888,12,12,0,0,0,0
175,ouster/sideward_right/points,lidar,53545,8769482752,8772001358,-2.518606,184.46251167887885,16,13,0,0,0,0
177,conti542/joint_radars/detections,radar,3326,8861635072,8872096058,-10.460986,327.89361875855457,542,192,81,35,22,0
177,aeva/joint_lidars/points,lidar,310067,8900117760,8872096058,28.021702,388.4150816250417,36486,10826,1832,322,107,0
177,ouster/forward_center/points,lidar,50954,8874664192,8872096058,2.568134,231.66850156027033,546,49,3,0,0,0
177,ouster/sideward_left/points,lidar,50611,8871021568,8872096058,-1.07449,218.06495688571655,15,13,1,0,0,0
177,ouster/sideward_right/points,lidar,53075,8869774848,8872096058,-2.32121,184.29750817671675,15,12,0,0,0,0
179,conti542/joint_radars/detections,radar,3441,8961540096,8972023358,-10.483262,327.9299158148994,622,222,90,45,20,0
179,aeva/joint_lidars/points,lidar,333957,9000114176,8972023358,28.090818,390.01087678010447,36194,11532,1901,406,128,0
179,ouster/forward_center/points,lidar,51167,8974655744,8972023358,2.632386,214.35134653368593,656,48,2,0,0,0
179,ouster/sideward_left/points,lidar,50752,8970832128,8972023358,-1.19123,215.19882053701463,14,12,2,0,0,0
179,ouster/sideward_right/points,lidar,52772,8969998848,8972023358,-2.02451,184.08725276788164,18,14,0,0,0,0
181,conti542/joint_radars/detections,radar,3409,9061322496,9072118058,-10.795562,327.9476933857393,595,201,83,41,21,0
181,aeva/joint_lidars/points,lidar,315430,9100111104,9072118058,27.993046,347.0996524928173,34354,11403,1960,368,121,0
181,ouster/forward_center/points,lidar,51073,9074893056,9072118058,2.774998,225.9167829603511,542,48,3,0,0,0
181,ouster/sideward_left/points,lidar,50217,9070686976,9072118058,-1.431082,212.37096520807518,16,13,2,0,0,0
181,ouster/sideward_right/points,lidar,52687,9069747200,9072118058,-2.370858,183.88799309385473,17,13,0,0,0,0
183,conti542/joint_radars/detections,radar,3285,9161728512,9172055358,-10.326846,327.9917248835231,576,209,75,35,17,0
183,aeva/joint_lidars/points,lidar,318372,9200121856,9172055358,28.066498,341.0805747407521,33355,11361,2044,361,126,0
183,ouster/forward_center/points,lidar,51504,9175143680,9172055358,3.088322,253.48638958987613,461,44,1,1,0,0
183,ouster/sideward_left/points,lidar,49924,9170666240,9172055358,-1.389118,209.4341061603958,12,11,2,0,0,0
183,ouster/sideward_right/points,lidar,52840,9169502976,9172055358,-2.552382,183.68553486347483,20,9,0,0,0,0
185,conti542/joint_radars/detections,radar,3364,9261595904,9272150058,-10.554154,327.9907538340365,584,186,87,43,24,0
185,aeva/joint_lidars/points,lidar,318367,9300123904,9272150058,27.973846,390.08704274187147,31683,11291,2201,381,111,0
185,ouster/forward_center/points,lidar,51549,9274882304,9272150058,2.732246,183.59297068596294,475,38,0,0,0,0
185,ouster/sideward_left/points,lidar,49775,9270820608,9272150058,-1.32945,206.53326350699177,17,13,2,0,0,0
185,ouster/sideward_right/points,lidar,52992,9269621504,9272150058,-2.528554,183.48154887662432,22,11,0,0,0,0
187,conti542/joint_radars/detections,radar,3250,9361242368,9372077408,-10.83504,327.92298497889954,535,193,82,33,15,0
187,aeva/joint_lidars/points,lidar,335063,9400122368,9372077408,28.04496,378.5219401404497,31016,11728,2232,458,164,0
187,ouster/forward_center/points,lidar,51849,9374578944,9372077408,2.501536,226.93135733771143,511,37,2,0,0,0
187,ouster/sideward_left/points,lidar,49673,9370952960,9372077408,-1.124448,203.68041670104793,19,14,2,0,0,0
187,ouster/sideward_right/points,lidar,53064,9369952512,9372077408,-2.124896,183.30554721981093,20,12,0,0,0,0
189,conti542/joint_radars/detections,radar,3281,9461553664,9472004733,-10.451069,327.92737326098893,519,202,73,32,20,0
189,aeva/joint_lidars/points,lidar,312953,9500114432,9472004733,28.109699,372.40168223728233,30279,11932,2438,445,129,0
189,ouster/forward_center/points,lidar,52079,9474754560,9472004733,2.749827,244.83681801327094,619,43,2,0,0,0
189,ouster/sideward_left/points,lidar,49680,9470778880,9472004733,-1.225853,201.25006884095356,23,21,2,0,0,0
189,ouster/sideward_right/points,lidar,53211,9469866240,9472004733,-2.138493,204.12893010193804,17,10,1,0,0,0
191,conti542/joint_radars/detections,radar,3440,9561516800,9572099408,-10.582608,328.00534290319706,578,233,98,40,21,0
191,aeva/joint_lidars/points,lidar,328374,9600122368,9572099408,28.02296,376.1056131590668,28253,11676,2335,440,65,0
191,ouster/forward_center/points,lidar,52157,9575104768,9572099408,3.00536,211.49950584804463,559,52,1,0,0,0
191,ouster/sideward_left/points,lidar,50108,9570649088,9572099408,-1.45032,217.01758797070434,24,22,3,0,0,0
191,ouster/sideward_right/points,lidar,53541,9569582080,9572099408,-2.517328,182.9415681020236,21,11,0,0,0,0
193,conti542/joint_radars/detections,radar,3356,9661254912,9672026633,-10.771721,327.93649248012906,548,210,88,36,22,0
193,aeva/joint_lidars/points,lidar,312075,9700123392,9672026633,28.096759,394.7381649894699,26135,11296,2336,467,132,0
193,ouster/forward_center/points,lidar,51971,9674969856,9672026633,2.943223,208.62365479198974,533,40,1,0,0,0
193,ouster/sideward_left/points,lidar,50049,9670721792,9672026633,-1.304841,194.99769774959358,14,12,0,0,0,0
193,ouster/sideward_right/points,lidar,53602,9669512704,9672026633,-2.513929,182.71356948954556,22,10,0,0,0,0
195,conti542/joint_radars/detections,radar,3256,9761689344,9772121283,-10.431939,327.9423237086285,554,223,96,40,22,0
195,aeva/joint_lidars/points,lidar,314260,9800119040,9772121283,27.997757,348.6295047105789,25530,11238,2176,344,81,0
195,ouster/forward_center/points,lidar,52499,9774655488,9772121283,2.534205,205.75378666343676,565,56,1,0,0,0
195,ouster/sideward_left/points,lidar,49880,9770934016,9772121283,-1.187267,192.18558126051818,17,15,0,0,0,0
195,ouster/sideward_right/points,lidar,53711,9769821952,9772121283,-2.299331,182.53758313218955,20,9,0,0,0,0
197,conti542/joint_radars/detections,radar,3201,9861546752,9872048658,-10.501906,327.9003251014653,564,211,82,39,16,0
197,aeva/joint_lidars/points,lidar,337699,9900116224,9872048658,28.067566,362.1195747759182,26515,12276,2551,463,101,0
197,ouster/forward_center/points,lidar,52221,9874667776,9872048658,2.619118,212.47019581133847,604,57,2,0,0,0
197,ouster/sideward_left/points,lidar,49766,9870827264,9872048658,-1.221394,189.2429118706539,18,14,0,0,0,0
197,ouster/sideward_right/points,lidar,53654,9869979648,9872048658,-2.06901,182.3689885883751,22,9,0,0,0,0
199,conti542/joint_radars/detections,radar,3081,9961306880,9972143333,-10.836453,327.89441596757143,505,193,80,33,11,0
199,aeva/joint_lidars/points,lidar,313911,10000112896,9972143333,27.969563,360.58888029300135,26269,12851,2540,474,130,0
199,ouster/forward_center/points,lidar,52264,9974953728,9972143333,2.810395,209.60457838748272,572,58,2,0,0,0
199,ouster/sideward_left/points,lidar,49746,9970639360,9972143333,-1.503973,188.56407964628457,17,16,0,0,0,0
199,ouster/sideward_right/points,lidar,53715,9969692928,9972143333,-2.450405,182.17059489952914,21,9,0,0,0,0
201,conti542/joint_radars/detections,radar,3143,10061698048,10072070658,-10.37261,327.9442747942752,535,206,70,32,15,0
201,aeva/joint_lidars/points,lidar,335364,10100113152,10072070658,28.042494,391.77088201420764,24867,12644,2484,447,92,0
201,ouster/forward_center/points,lidar,52329,10075155200,10072070658,3.084542,197.1382305729771,639,78,0,0,0,0
201,ouster/sideward_left/points,lidar,49984,10070695424,10072070658,-1.375234,193.16824181728444,19,17,0,0,0,0
201,ouster/sideward_right/points,lidar,53877,10069479936,10072070658,-2.590722,181.99217228277925,24,11,0,0,0,0
203,conti542/joint_radars/detections,radar,3275,10161600512,10172007958,-10.407446,327.94372898831205,598,235,86,41,21,0
203,aeva/joint_lidars/points,lidar,327676,10200105472,10172007958,28.097514,395.01803862550975,25201,12440,2585,512,110,0
203,ouster/forward_center/points,lidar,52097,10174879744,10172007958,2.871786,203.87632852115445,671,55,1,0,0,0
203,ouster/sideward_left/points,lidar,49772,10170944000,10172007958,-1.063958,199.00604819937843,18,16,0,0,0,0
203,ouster/sideward_right/points,lidar,53842,10169750784,10172007958,-2.257174,181.81233696945546,21,11,0,0,0,0
205,conti542/joint_radars/detections,radar,3239,10261229824,10272102658,-10.872834,327.9247032183303,543,198,76,29,17,0
205,aeva/joint_lidars/points,lidar,324139,10300096768,10272102658,27.99411,363.0730505427259,23597,11695,2622,443,113,0
205,ouster/forward_center/points,lidar,51557,10274625024,10272102658,2.522366,201.0206969730906,664,63,2,0,0,0
205,ouster/sideward_left/points,lidar,49863,10270862080,10272102658,-1.240578,205.13701208417905,17,16,2,0,0,0
205,ouster/sideward_right/points,lidar,53903,10270018304,10272102658,-2.084354,181.62161728379127,24,10,0,0,0,0
207,conti542/joint_radars/detections,radar,3350,10361682688,10372029983,-10.347295,327.8324815458684,602,218,91,41,12,0
207,aeva/joint_lidars/points,lidar,342844,10400103168,10372029983,28.073185,374.59063705349075,23745,11599,2770,486,98,0
207,ouster/forward_center/points,lidar,51314,10374711296,10372029983,2.681313,229.0085768144141,811,77,1,0,0,0
207,ouster/sideward_left/points,lidar,50006,10370675200,10372029983,-1.354783,230.09699402012146,22,19,6,0,0,0
207,ouster/sideward_right/points,lidar,53729,10369837824,10372029983,-2.192159,238.92158181252626,25,11,1,0,0,0
209,conti542/joint_radars/detections,radar,3427,10461530368,10472124683,-10.594315,327.8124901639371,633,256,104,48,9,0
209,aeva/joint_lidars/points,lidar,332439,10500097536,10472124683,27.972853,396.8039976651163,23357,11184,2484,393,44,0
209,ouster/forward_center/points,lidar,51943,10475030272,10472124683,2.905589,194.97818747376812,871,47,0,0,0,0
209,ouster/sideward_left/points,lidar,50164,10470670592,10472124683,-1.454091,232.9257102689668,19,16,5,0,0,0
209,ouster/sideward_right/points,lidar,53583,10469566464,10472124683,-2.558219,235.90640657855832,23,12,1,0,0,0
211,conti542/joint_radars/detections,radar,3237,10561198848,10572051983,-10.853135,327.6280732299744,559,201,70,39,10,0
211,aeva/joint_lidars/points,lidar,333490,10600095488,10572051983,28.043505,368.7945768989419,24132,10902,2362,473,75,0
211,ouster/forward_center/points,lidar,51759,10575027200,10572051983,2.975217,223.21532332773035,923,46,1,0,0,0
211,ouster/sideward_left/points,lidar,49785,10570873600,10572051983,-1.178383,222.72304198527715,16,15,2,0,0,0
211,ouster/sideward_right/points,lidar,53635,10569493504,10572051983,-2.558479,191.47084776154944,27,12,0,0,0,0
213,conti542/joint_radars/detections,radar,3302,10661567744,10672146683,-10.578939,322.7155116606664,592,234,72,39,6,0
213,aeva/joint_lidars/points,lidar,329642,10700083968,10672146683,27.937285,390.8289312013386,24041,10915,2308,485,61,0
213,ouster/forward_center/points,lidar,51460,10674669312,10672146683,2.522629,252.0849555489292,964,42,2,1,0,0
213,ouster/sideward_left/points,lidar,49456,10670868736,10672146683,-1.277947,211.0491653701924,15,14,1,0,0,0
213,ouster/sideward_right/points,lidar,53704,10669840640,10672146683,-2.306043,188.6191310860808,24,11,0,0,0,0
215,conti542/joint_radars/detections,radar,3352,10761563392,10772073858,-10.510466,327.89477428907475,593,234,66,37,13,0
215,aeva/joint_lidars/points,lidar,333786,10800085760,10772073858,28.011902,388.15033515293663,25525,10828,2288,503,62,0
215,ouster/forward_center/points,lidar,51505,10774583040,10772073858,2.509182,217.47406438050712,895,61,1,0,0,0
215,ouster/sideward_left/points,lidar,49283,10770720768,10772073858,-1.35309,208.25725191229068,16,14,2,0,0,0
215,ouster/sideward_right/points,lidar,53994,10770025728,10772073858,-2.04813,185.74997509100513,27,12,0,0,0,0
217,conti542/joint_radars/detections,radar,3266,10861272832,10872001233,-10.728401,327.99779846213136,610,261,75,33,8,0
217,aeva/joint_lidars/points,lidar,323062,10900080640,10872001233,28.079407,360.05106343501546,24447,10440,2484,501,37,0
217,ouster/forward_center/points,lidar,51770,10874957312,10872001233,2.956079,214.62390928784149,820,51,2,0,0,0
217,ouster/sideward_left/points,lidar,49306,10870647040,10872001233,-1.354193,205.37934214244964,16,14,1,0,0,0
217,ouster/sideward_right/points,lidar,54191,10869751552,10872001233,-2.249681,182.9237378977023,15,12,0,0,0,0
219,conti542/joint_radars/detections,radar,3250,10961604096,10972095858,-10.491762,327.99687337414326,622,257,81,47,17,0
219,aeva/joint_lidars/points,lidar,324621,11000074752,10972095858,27.978894,360.99117896621254,25097,10606,2426,542,36,0
219,ouster/forward_center/points,lidar,51836,10975162624,10972095858,3.066766,211.7213034427836,695,47,1,0,0,0
219,ouster/sideward_left/points,lidar,49336,10970798080,10972095858,-1.297778,217.05203471849575,21,18,5,0,0,0
219,ouster/sideward_right/points,lidar,54567,10969531904,10972095858,-2.563954,180.39737889385594,16,11,0,0,0,0
221,conti542/joint_radars/detections,radar,3214,11061538560,11072023208,-10.484648,328.0041491775248,631,251,77,42,18,0
221,aeva/joint_lidars/points,lidar,311239,11100072704,11072023208,28.049496,385.5824293314844,23864,9597,2340,490,33,0
221,ouster/forward_center/points,lidar,51447,11074870784,11072023208,2.847576,208.85767106207302,602,38,1,0,0,0
221,ouster/sideward_left/points,lidar,49291,11070910720,11072023208,-1.112488,219.9665557431015,21,18,4,0,0,0
221,ouster/sideward_right/points,lidar,54828,11069627392,11072023208,-2.395816,180.17712253161184,15,9,0,0,0,0
223,conti542/joint_radars/detections,radar,3203,11161294592,11172127983,-10.833391,327.8972727986313,636,251,76,35,16,0
223,aeva/joint_lidars/points,lidar,315646,11200066304,11172127983,27.938321,327.4566942582485,26019,9610,2432,444,26,0
223,ouster/forward_center/points,lidar,51516,11174664960,11172127983,2.536977,248.5043275987659,510,42,2,0,0,0
223,ouster/sideward_left/points,lidar,49198,11170770688,11172127983,-1.357295,229.15596505382135,20,15,3,0,0,0
223,ouster/sideward_right/points,lidar,54723,11169861376,11172127983,-2.266607,179.99612480503174,13,9,0,0,0,0
225,conti542/joint_radars/detections,radar,3136,11261690624,11272055233,-10.364609,328.0056430959858,592,211,66,28,16,0
225,aeva/joint_lidars/points,lidar,303409,11300066816,11272055233,28.011583,391.8384558895447,25262,9002,2562,446,23,0
225,ouster/forward_center/points,lidar,51959,11274799872,11272055233,2.744639,203.10241842173176,529,30,1,0,0,0
225,ouster/sideward_left/points,lidar,49490,11270634752,11272055233,-1.420481,235.46151309809215,26,18,4,0,0,0
225,ouster/sideward_right/points,lidar,54693,11269888512,11272055233,-2.166721,179.82814383473945,14,8,0,0,0,0
227,conti542/joint_radars/detections,radar,3213,11361565696,11372149908,-10.584212,327.9590050739157,641,233,64,25,12,0
227,aeva/joint_lidars/points,lidar,315751,11400062208,11372149908,27.9123,394.7326367538391,24679,9326,2656,388,32,0
227,ouster/forward_center/points,lidar,52051,11375112960,11372149908,2.963052,200.21679917908725,359,27,1,0,0,0
227,ouster/sideward_left/points,lidar,49863,11370694144,11372149908,-1.455764,211.76001238943098,21,15,2,0,0,0
227,ouster/sideward_right/points,lidar,54637,11369609216,11372149908,-2.540692,179.67314917695776,15,9,0,0,0,0
229,conti542/joint_radars/detections,radar,3109,11461222912,11472077283,-10.854371,327.96339054116805,558,205,51,25,12,0
229,aeva/joint_lidars/points,lidar,309115,11500054528,11472077283,27.977245,341.0002088466856,24780,9306,2691,393,30,0
229,ouster/forward_center/points,lidar,52618,11474855168,11472077283,2.777885,187.24782824011126,167,25,0,0,0,0
229,ouster/sideward_left/points,lidar,50668,11470985728,11472077283,-1.091555,214.68332383095571,22,14,1,0,0,0
229,ouster/sideward_right/points,lidar,54678,11469478656,11472077283,-2.598627,179.47916518879305,16,10,0,0,0,0
231,conti542/joint_radars/detections,radar,3041,11561511936,11572004583,-10.492647,327.95004903145315,578,226,58,24,10,0
231,aeva/joint_lidars/points,lidar,290649,11600061184,11572004583,28.056601,339.4078681159462,26279,9833,2988,363,13,0
231,ouster/forward_center/points,lidar,52267,11574636800,11572004583,2.632217,184.40634022283945,251,30,0,0,0,0
231,ouster/sideward_left/points,lidar,51111,11570857984,11572004583,-1.146599,217.60372311282075,20,12,1,0,0,0
231,ouster/sideward_right/points,lidar,54523,11569778432,11572004583,-2.226151,222.47580466310748,14,9,1,0,0,0
233,conti542/joint_radars/detections,radar,3036,11661498880,11672099283,-10.600403,327.98307829187405,615,247,66,31,16,0
233,aeva/joint_lidars/points,lidar,291793,11700059648,11672099283,27.960365,373.57717767394115,27301,9531,3132,384,36,0
233,ouster/forward_center/points,lidar,51999,11674807552,11672099283,2.708269,244.74278162706497,403,30,1,0,0,0
233,ouster/sideward_left/points,lidar,50587,11670695168,11672099283,-1.404115,220.44814696801802,19,15,1,0,0,0
233,ouster/sideward_right/points,lidar,54634,11669998592,11672099283,-2.100691,179.10818636524846,14,8,0,0,0,0
235,conti542/joint_radars/detections,radar,3093,11761245440,11772026483,-10.781043,327.9669315536418,616,222,48,25,8,0
235,aeva/joint_lidars/points,lidar,301925,11800062720,11772026483,28.036237,371.58302335502543,27531,9618,3079,372,17,0
235,ouster/forward_center/points,lidar,52490,11775106304,11772026483,3.079821,188.7806287003601,98,29,0,0,0,0
235,ouster/sideward_left/points,lidar,49949,11770648320,11772026483,-1.378163,179.51102140777024,21,15,0,0,0,0
235,ouster/sideward_right/points,lidar,54850,11769792768,11772026483,-2.233715,178.93019845439227,15,9,0,0,0,0
237,conti542/joint_radars/detections,radar,3114,11861687296,11872121208,-10.433912,327.96042494470487,633,230,49,27,13,0
237,aeva/joint_lidars/points,lidar,314505,11900051200,11872121208,27.929992,379.60181240446553,29606,9957,2864,326,36,0
237,ouster/forward_center/points,lidar,52999,11874902272,11872121208,2.781064,185.86800793026634,134,38,0,0,0,0
237,ouster/sideward_left/points,lidar,49679,11870811648,11872121208,-1.30956,226.00942125551325,18,14,1,0,0,0
237,ouster/sideward_right/points,lidar,54584,11869538304,11872121208,-2.582904,185.0685127935903,17,13,0,0,0,0
239,conti542/joint_radars/detections,radar,3158,11961543936,11972048558,-10.504622,327.9370799933242,662,263,63,30,18,0
239,aeva/joint_lidars/points,lidar,314169,12000050432,11972048558,28.001874,364.8442609067374,30000,10677,2822,302,62,0
239,ouster/forward_center/points,lidar,53240,11974626816,11972048558,2.578258,200.0633140049216,182,38,1,0,0,0
239,ouster/sideward_left/points,lidar,49066,11970947072,11972048558,-1.101486,228.82763602186049,22,16,3,0,0,0
239,ouster/sideward_right/points,lidar,54466,11969536512,11972048558,-2.512046,182.1938124492395,18,13,0,0,0,0
241,conti542/joint_radars/detections,radar,2768,12061339648,12072143258,-10.80361,327.95496280948925,489,192,39,17,12,0
241,aeva/joint_lidars/points,lidar,312972,12100051200,12072143258,27.907942,396.41627973419816,28269,10487,2676,275,70,0
241,ouster/forward_center/points,lidar,53514,12074718976,12072143258,2.575718,180.23775737171007,124,27,0,0,0,0
241,ouster/sideward_left/points,lidar,49389,12070747136,12072143258,-1.396122,231.62546572455412,18,15,2,0,0,0
241,ouster/sideward_right/points,lidar,54541,12069852928,12072143258,-2.29033,179.25312601295934,19,12,0,0,0,0
243,conti542/joint_radars/detections,radar,3014,12161686528,12172080658,-10.39413,327.96899491968173,558,210,47,16,13,0
243,aeva/joint_lidars/points,lidar,314554,12200044800,12172080658,27.964142,393.6461054041165,29518,11242,2678,354,87,0
243,ouster/forward_center/points,lidar,54126,12175010560,12172080658,2.929902,189.36203933352303,99,36,0,0,0,0
243,ouster/sideward_left/points,lidar,49592,12170657536,12172080658,-1.423122,221.09392142959288,13,12,1,0,0,0
243,ouster/sideward_right/points,lidar,54518,12169930496,12172080658,-2.150162,178.2107610444525,17,11,0,0,0,0
245,conti542/joint_radars/detections,radar,3078,12261579520,12272007908,-10.428388,322.76215226292976,566,227,41,13,9,0
245,aeva/joint_lidars/points,lidar,306069,12300040448,12272007908,28.03254,356.32040561968824,28000,10920,2537,277,51,0
245,ouster/forward_center/points,lidar,54841,12275033600,12272007908,3.025692,178.10424434210844,103,26,0,0,0,0
245,ouster/sideward_left/points,lidar,49633,12270745344,12272007908,-1.262564,189.6403526516819,11,10,0,0,0,0
245,ouster/sideward_right/points,lidar,54447,12269691136,12272007908,-2.316772,178.04224518952233,17,11,0,0,0,0
247,conti542/joint_radars/detections,radar,2967,12361218560,12372102583,-10.884023,322.75662557539897,517,190,42,19,8,0
247,aeva/joint_lidars/points,lidar,311608,12400032512,12372102583,27.929929,387.6771957094703,28167,11821,2393,321,60,0
247,ouster/forward_center/points,lidar,55080,12374710784,12372102583,2.608201,177.94826198506848,128,27,0,0,0,0
247,ouster/sideward_left/points,lidar,49145,12370929408,12372102583,-1.173175,239.1723807607331,16,12,1,0,0,0
247,ouster/sideward_right/points,lidar,54507,12369527296,12372102583,-2.575287,177.8792602531119,15,10,0,0,0,0
249,conti542/joint_radars/detections,radar,2897,12461665792,12472029933,-10.364141,324.0324719468567,511,186,33,13,7,0
249,aeva/joint_lidars/points,lidar,307354,12500030976,12472029933,28.001043,338.76117980139185,27120,11427,2444,294,52,0
249,ouster/forward_center/points,lidar,55407,12474670080,12472029933,2.640147,177.75226977962683,140,30,0,0,0,0
249,ouster/sideward_left/points,lidar,49237,12470822656,12472029933,-1.207277,201.3842794236106,17,12,1,0,0,0
249,ouster/sideward_right/points,lidar,54691,12469795584,12472029933,-2.234349,177.69027233134705,16,10,0,0,0,0
251,conti542/joint_radars/detections,radar,2781,12561545728,12572124583,-10.578855,322.78460087386463,515,174,31,11,6,0
251,aeva/joint_lidars/points,lidar,307713,12600028928,12572124583,27.904345,338.397782656994,28558,11470,2440,302,81,0
251,ouster/forward_center/points,lidar,55494,12574951168,12572124583,2.826585,177.57227844168582,148,30,0,0,0,0
251,ouster/sideward_left/points,lidar,49370,12570689024,12572124583,-1.435559,237.5713899099491,18,13,1,0,0,0
251,ouster/sideward_right/points,lidar,54864,12569971200,12572124583,-2.153383,177.47579305429372,18,11,0,0,0,0
253,conti542/joint_radars/detections,radar,2947,12661245440,12672051908,-10.806468,322.7481996744749,508,175,29,11,6,0
253,aeva/joint_lidars/points,lidar,299379,12700019200,12672051908,27.967292,344.1361302364477,27684,11209,2518,254,66,0
253,ouster/forward_center/points,lidar,55718,12675118592,12672051908,3.066684,177.40552580596787,177,39,0,0,0,0
253,ouster/sideward_left/points,lidar,49392,12670721024,12672051908,-1.330884,236.7454017179531,15,11,1,0,0,0
253,ouster/sideward_right/points,lidar,54938,12669689088,12672051908,-2.36282,177.3142978924987,18,11,0,0,0,0
255,conti542/joint_radars/detections,radar,2866,12761554432,12772146533,-10.592101,322.77585181545817,491,185,29,8,5,0
255,aeva/joint_lidars/points,lidar,307032,12800018432,12772146533,27.871899,359.0541740538339,29693,11146,2608,367,64,0
255,ouster/forward_center/points,lidar,55336,12774842880,12772146533,2.696347,244.01370060403306,182,31,1,0,0,0
255,ouster/sideward_left/points,lidar,49427,12770835200,12772146533,-1.311333,218.68415269852113,15,13,1,0,0,0
255,ouster/sideward_right/points,lidar,54989,12769428224,12772146533,-2.718309,177.14681037705807,19,10,0,0,0,0
257,conti542/joint_radars/detections,radar,2901,12861555456,12872073733,-10.518277,322.77541468540994,505,174,41,13,6,0
257,aeva/joint_lidars/points,lidar,304380,12900017152,12872073733,27.943419,356.02237023825694,29452,10734,2519,380,85,0
257,ouster/forward_center/points,lidar,54767,12874575104,12872073733,2.501371,176.9996735042539,132,29,0,0,0,0
257,ouster/sideward_left/points,lidar,50001,12870720512,12872073733,-1.353221,224.49902015178643,18,12,1,0,0,0
257,ouster/sideward_right/points,lidar,55025,12869718272,12872073733,-2.355461,176.89281385120034,15,10,0,0,0,0
259,conti542/joint_radars/detections,radar,2983,12961290752,12972001033,-10.710281,327.878767917315,521,203,36,12,7,0
259,aeva/joint_lidars/points,lidar,301571,13000023296,12972001033,28.022263,370.3939075391529,29994,11001,2680,422,82,0
259,ouster/forward_center/points,lidar,54918,12974764544,12972001033,2.763511,176.90268317646834,109,27,0,0,0,0
259,ouster/sideward_left/points,lidar,50036,12970660096,12972001033,-1.340937,230.52027389481265,15,10,2,0,0,0
259,ouster/sideward_right/points,lidar,54885,12970010624,12972001033,-1.990409,176.7518234826409,19,11,0,0,0,0
261,conti542/joint_radars/detections,radar,2972,13061584384,13072095733,-10.511349,322.78980650593945,508,187,28,5,3,0
261,aeva/joint_lidars/points,lidar,295409,13100014848,13072095733,27.919115,349.74962427317587,29223,10854,2475,407,55,0
261,ouster/forward_center/points,lidar,55144,13075083264,13072095733,2.987531,176.614725728129,132,27,0,0,0,0
261,ouster/sideward_left/points,lidar,50148,13070795264,13072095733,-1.300469,176.73755279607244,17,11,0,0,0,0
261,ouster/sideward_right/points,lidar,54767,13069798400,13072095733,-2.297333,176.42444249945092,15,11,0,0,0,0
263,conti542/joint_radars/detections,radar,2913,13161528832,13172033133,-10.504301,327.7159404581804,474,186,32,11,9,0
263,aeva/joint_lidars/points,lidar,292505,13200014848,13172033133,27.981715,352.98483144206057,29376,10497,2606,486,58,0
263,ouster/forward_center/points,lidar,55377,13174947584,13172033133,2.914451,232.6653290987655,271,28,2,0,0,0
263,ouster/sideward_left/points,lidar,50211,13170890496,13172033133,-1.142637,177.54542360236138,17,9,0,0,0,0
263,ouster/sideward_right/points,lidar,54577,13169551360,13172033133,-2.481773,176.28245408113716,16,12,0,0,0,0
265,conti542/joint_radars/detections,radar,3003,13261279232,13272127783,-10.848551,322.7582227598103,506,197,42,13,5,0
265,aeva/joint_lidars/points,lidar,287493,13300017408,13272127783,27.889625,356.7325738945975,29335,10234,2581,519,67,0
265,ouster/forward_center/points,lidar,55130,13274677504,13272127783,2.549721,228.029013070065,309,26,1,0,0,0
265,ouster/sideward_left/points,lidar,50051,13270775296,13272127783,-1.352487,176.37357819752452,15,10,0,0,0,0
265,ouster/sideward_right/points,lidar,54631,13269518848,13272127783,-2.608935,176.29754070868037,20,13,0,0,0,0
267,conti542/joint_radars/detections,radar,3030,13361675264,13372054983,-10.379719,327.6788384875036,529,213,38,14,8,0
267,aeva/joint_lidars/points,lidar,286772,13400015872,13372054983,27.960889,329.4842695962119,30451,11320,2549,506,53,0
267,ouster/forward_center/points,lidar,54671,13374610944,13372054983,2.555961,230.80264106574816,329,33,1,0,0,0
267,ouster/sideward_left/points,lidar,50414,13370618112,13372054983,-1.436871,176.23857556107401,16,6,0,0,0,0
267,ouster/sideward_right/points,lidar,54763,13369856256,13372054983,-2.198727,176.0195439096834,21,11,0,0,0,0
269,conti542/joint_radars/detections,radar,3038,13461566208,13472149683,-10.583475,322.74851474508307,539,219,47,17,8,0
269,aeva/joint_lidars/points,lidar,295087,13500010240,13472149683,27.860557,344.07042825373196,29254,11511,2733,570,43,0
269,ouster/forward_center/points,lidar,54619,13474958080,13472149683,2.808397,230.00900593470408,297,37,2,0,0,0
269,ouster/sideward_left/points,lidar,50311,13470717440,13472149683,-1.432243,176.08558173131016,17,7,0,0,0,0
269,ouster/sideward_right/points,lidar,54890,13469930496,13472149683,-2.219187,176.9674213558033,18,13,0,0,0,0
271,conti542/joint_radars/detections,radar,3094,13561233408,13572077033,-10.843625,322.7667120321629,551,212,46,13,5,0
271,aeva/joint_lidars/points,lidar,295418,13600007936,13572077033,27.930903,333.7244627158095,31257,12090,2744,503,50,0
271,ouster/forward_center/points,lidar,54665,13575143680,13572077033,3.066647,257.2526310781486,271,44,2,1,0,0
271,ouster/sideward_left/points,lidar,50080,13570978048,13572077033,-1.098985,175.74898060906105,19,6,0,0,0,0
271,ouster/sideward_right/points,lidar,54795,13569584128,13572077033,-2.492905,179.78608895483734,18,13,0,0,0,0
273,conti542/joint_radars/detections,radar,3025,13661521152,13672004333,-10.483181,322.7137393127888,549,190,39,11,3,0
273,aeva/joint_lidars/points,lidar,301719,13700010496,13672004333,28.006163,350.517878120247,31616,12164,2991,510,41,0
273,ouster/forward_center/points,lidar,54498,13674853120,13672004333,2.848787,228.4731867165706,272,46,2,0,0,0
273,ouster/sideward_left/points,lidar,50154,13670851584,13672004333,-1.152749,175.47282652005106,11,5,0,0,0,0
273,ouster/sideward_right/points,lidar,55143,13669499392,13672004333,-2.504941,182.6757524142728,19,15,0,0,0,0
275,conti542/joint_radars/detections,radar,3067,13761498624,13772099033,-10.600409,322.7732761187667,567,214,47,13,5,0
275,aeva/joint_lidars/points,lidar,309126,13800003584,13772099033,27.904551,334.54804057589627,32540,11393,2816,541,34,0
275,ouster/forward_center/points,lidar,54568,13774596864,13772099033,2.497831,227.61335176667723,276,48,3,0,0,0
275,ouster/sideward_left/points,lidar,50058,13770735360,13772099033,-1.363673,201.4825268361191,13,5,1,0,0,0
275,ouster/sideward_right/points,lidar,55229,13769901824,13772099033,-2.197209,185.55142242761437,19,13,0,0,0,0
277,conti542/joint_radars/detections,radar,3126,13861238528,13872026383,-10.787855,327.8192918550565,624,224,55,23,10,0
277,aeva/joint_lidars/points,lidar,304038,13899993088,13872026383,27.966705,367.87608998435314,31351,11308,2770,508,55,0
277,ouster/forward_center/points,lidar,54795,13874784256,13872026383,2.757873,227.18034625760606,272,45,3,0,0,0
277,ouster/sideward_left/points,lidar,50197,13870652416,13872026383,-1.373967,210.50709378407004,13,7,1,0,0,0
277,ouster/sideward_right/points,lidar,55298,13869960192,13872026383,-2.066191,188.41609380925837,19,12,0,0,0,0
279,conti542/joint_radars/detections,radar,3113,13961671936,13972121183,-10.449247,327.9170434944019,598,214,48,15,8,0
279,aeva/joint_lidars/points,lidar,308408,13999999232,13972121183,27.878049,340.62892247878136,31326,10509,2787,430,10,0
279,ouster/forward_center/points,lidar,54914,13975135232,13972121183,3.014049,226.10742214533528,252,49,2,0,0,0
279,ouster/sideward_left/points,lidar,50091,13970746624,13972121183,-1.374559,174.97965721663718,12,5,0,0,0,0
279,ouster/sideward_right/points,lidar,55299,13969632512,13972121183,-2.488671,225.97223564890774,20,12,1,0,0,0
281,conti542/joint_radars/detections,radar,3102,14061531904,14072048658,-10.516754,322.7695228171119,596,231,54,19,10,0
281,aeva/joint_lidars/points,lidar,309572,14099997440,14072048658,27.948782,339.2026331741936,30667,10557,2650,484,32,0
281,ouster/forward_center/points,lidar,55219,14074964480,14072048658,2.915822,205.0919289882911,278,43,1,0,0,0
281,ouster/sideward_left/points,lidar,49993,14070946048,14072048658,-1.10261,174.77167730022188,10,6,0,0,0,0
281,ouster/sideward_right/points,lidar,55342,14069530624,14072048658,-2.518034,194.20445839376686,14,6,0,0,0,0
283,conti542/joint_radars/detections,radar,3039,14161280768,14172153508,-10.87274,327.81530467906174,590,237,49,16,11,0
283,aeva/joint_lidars/points,lidar,314697,14199991040,14172153508,27.837532,329.40698934261263,28940,10461,2818,461,31,0
283,ouster/forward_center/points,lidar,55373,14174655232,14172153508,2.501724,183.39142049013157,319,51,0,0,0,0
283,ouster/sideward_left/points,lidar,49832,14170827776,14172153508,-1.325732,174.56495422150815,10,8,0,0,0,0
283,ouster/sideward_right/points,lidar,55221,14169709824,14172153508,-2.443684,174.34400891403942,14,7,0,0,0,0
285,conti542/joint_radars/detections,radar,3104,14261655552,14272080883,-10.425331,327.7968894148678,616,249,48,12,8,0
285,aeva/joint_lidars/points,lidar,314757,14299980288,14272080883,27.899405,352.0373395902829,28215,10279,2657,477,20,0
285,ouster/forward_center/points,lidar,55426,14274602752,14272080883,2.521869,234.5113627855334,201,38,2,0,0,0
285,ouster/sideward_left/points,lidar,49965,14270673152,14272080883,-1.407731,182.49825548223734,11,5,0,0,0,0
285,ouster/sideward_right/points,lidar,54793,14270007040,14272080883,-2.073843,174.1560103376376,11,6,0,0,0,0
287,conti542/joint_radars/detections,radar,3074,14361569024,14372008083,-10.439059,325.88873918438026,575,227,45,18,8,0
287,aeva/joint_lidars/points,lidar,321066,14399986432,14372008083,27.978349,382.43503400412754,28633,10443,2832,448,50,0
287,ouster/forward_center/points,lidar,55669,14374885632,14372008083,2.877549,180.30986434756161,216,40,0,0,0,0
287,ouster/sideward_left/points,lidar,49806,14370691584,14372008083,-1.316499,174.1865907532303,12,7,0,0,0,0
287,ouster/sideward_right/points,lidar,54672,14369779968,14372008083,-2.228115,173.99325226001235,14,9,0,0,0,0
289,conti542/joint_radars/detections,radar,3043,14461206528,14472102733,-10.896205,327.68789705796115,642,248,50,18,9,0
289,aeva/joint_lidars/points,lidar,316842,14499989248,14472102733,27.886515,351.6121645818576,27928,9648,2747,506,23,0
289,ouster/forward_center/points,lidar,55945,14475109632,14472102733,3.006899,206.25424940163248,235,39,1,0,0,0
289,ouster/sideward_left/points,lidar,49840,14470842112,14472102733,-1.260621,173.95978499450044,11,3,0,0,0,0
289,ouster/sideward_right/points,lidar,54606,14469528320,14472102733,-2.574413,173.8450197779465,10,6,0,0,0,0
291,conti542/joint_radars/detections,radar,3056,14561656832,14572030083,-10.373251,322.7296959714561,596,251,56,21,7,0
291,aeva/joint_lidars/points,lidar,322881,14599986432,14572030083,27.956349,355.0970421190459,27786,9719,3326,433,49,0
291,ouster/forward_center/points,lidar,56003,14574822656,14572030083,2.792573,253.48251018994978,269,35,3,1,0,0
291,ouster/sideward_left/points,lidar,49810,14570870016,14572030083,-1.160067,173.79178661444536,17,3,0,0,0,0
291,ouster/sideward_right/points,lidar,54742,14569604864,14572030083,-2.425219,221.4234452210008,12,6,1,0,0,0
293,conti542/joint_radars/detections,radar,2913,14661510400,14672124758,-10.614358,327.880410343616,584,243,46,20,9,0
293,aeva/joint_lidars/points,lidar,320173,14699983616,14672124758,27.858858,390.0830536070745,25652,8211,3304,423,36,0
293,ouster/forward_center/points,lidar,56129,14674672128,14672124758,2.54737,221.0859766281543,237,18,1,0,0,0
293,ouster/sideward_left/points,lidar,49778,14670731776,14672124758,-1.392982,118.21199312212146,12,0,0,0,0,0
293,ouster/sideward_right/points,lidar,54960,14669947392,14672124758,-2.177366,194.18927779379655,12,4,0,0,0,0
295,conti542/joint_radars/detections,radar,3068,14761166592,14772052058,-10.885466,327.8928715761669,581,243,51,25,9,0
295,aeva/joint_lidars/points,lidar,322812,14799985152,14772052058,27.933094,348.2079809492098,24558,7718,3405,484,30,0
295,ouster/forward_center/points,lidar,56026,14774957056,14772052058,2.904998,237.80888596703406,237,7,2,0,0,0
295,ouster/sideward_left/points,lidar,49834,14770672384,14772052058,-1.379674,149.22867150000977,11,0,0,0,0,0
295,ouster/sideward_right/points,lidar,55208,14769918976,14772052058,-2.133082,220.13947018116525,11,3,1,0,0,0
297,conti542/joint_radars/detections,radar,3013,14861539072,14872146683,-10.607611,327.78628266014425,594,234,58,24,13,0
297,aeva/joint_lidars/points,lidar,326227,14899993600,14872146683,27.846917,324.1803449102318,22718,7591,3041,467,37,0
297,ouster/forward_center/points,lidar,56274,14875105024,14872146683,2.958341,234.99405338966793,253,18,2,0,0,0
297,ouster/sideward_left/points,lidar,49810,14870765056,14872146683,-1.381627,172.96618430374815,9,1,0,0,0,0
297,ouster/sideward_right/points,lidar,55386,14869628160,14872146683,-2.518523,154.67267977901287,10,1,0,0,0,0
299,conti542/joint_radars/detections,radar,3018,14961549568,14972073833,-10.524265,327.8532811334647,580,233,62,21,11,0
299,aeva/joint_lidars/points,lidar,324698,14999991552,14972073833,27.917719,374.01681119368936,22529,7882,2285,414,17,0
299,ouster/forward_center/points,lidar,56678,14974684928,14972073833,2.611095,241.8590834008776,198,9,4,0,0,0
299,ouster/sideward_left/points,lidar,49727,14970904832,14972073833,-1.169001,172.8462036462733,14,1,0,0,0,0
299,ouster/sideward_right/points,lidar,55725,14969519104,14972073833,-2.554729,179.8298421775146,10,3,0,0,0,0
301,conti542/joint_radars/detections,radar,3003,15061267968,15072001158,-10.73319,327.7844954710001,549,259,77,32,15,0
301,aeva/joint_lidars/points,lidar,317098,15099987200,15072001158,27.986042,329.38121747755366,22587,7647,2068,466,29,0
301,ouster/forward_center/points,lidar,57050,15074507008,15072001158,2.50585,239.0526693029536,190,9,4,0,0,0
301,ouster/sideward_left/points,lidar,49687,15070696192,15072001158,-1.304966,172.52566530239912,10,2,0,0,0,0
301,ouster/sideward_right/points,lidar,56208,15069755392,15072001158,-2.245766,219.19350333022967,9,2,1,0,0,0
303,conti542/joint_radars/detections,radar,3036,15161584896,15172105783,-10.520887,327.702186356102,560,250,75,25,13,0
303,aeva/joint_lidars/points,lidar,321868,15199993600,15172105783,27.887817,331.94232426152666,22148,6752,1769,368,27,0
303,ouster/forward_center/points,lidar,56953,15174854400,15172105783,2.748617,217.44314755297037,208,13,1,0,0,0
303,ouster/sideward_left/points,lidar,49698,15170633472,15172105783,-1.472311,172.38270414328508,8,3,0,0,0,0
303,ouster/sideward_right/points,lidar,55902,15170005760,15172105783,-2.100023,174.03808636954838,9,2,0,0,0,0
305,conti542/joint_radars/detections,radar,3207,15261503232,15272033033,-10.529801,327.846132996445,633,265,75,35,24,0
305,aeva/joint_lidars/points,lidar,320286,15299993344,15272033033,27.960311,322.3392748866,23288,6369,1918,377,51,0
305,ouster/forward_center/points,lidar,56981,15275130624,15272033033,3.097591,172.20888197740166,259,24,0,0,0,0
305,ouster/sideward_left/points,lidar,49553,15270870784,15272033033,-1.162249,172.11877469385826,12,2,0,0,0,0
305,ouster/sideward_right/points,lidar,55380,15269798144,15272033033,-2.234889,166.17756967206506,7,2,0,0,0,0
307,conti542/joint_radars/detections,radar,3058,15361269504,15372127658,-10.858154,327.8135264188393,573,236,76,40,26,0
307,aeva/joint_lidars/points,lidar,325344,15399992576,15372127658,27.864918,377.8367765453765,22155,5592,2081,363,37,0
307,ouster/forward_center/points,lidar,56202,15374858752,15372127658,2.731094,220.67371069975027,315,26,1,0,0,0
307,ouster/sideward_left/points,lidar,49505,15370918400,15372127658,-1.209258,171.9085893179906,11,4,0,0,0,0
307,ouster/sideward_right/points,lidar,55270,15369520896,15372127658,-2.606762,215.85910319720224,9,3,1,0,0,0
309,conti542/joint_radars/detections,radar,3104,15461649920,15472054858,-10.404938,327.73529875849147,551,232,70,38,22,0
309,aeva/joint_lidars/points,lidar,322602,15499985408,15472054858,27.93055,325.0818735533135,19151,5121,2056,319,14,0
309,ouster/forward_center/points,lidar,55828,15474532352,15472054858,2.477494,227.57409086246253,397,51,3,0,0,0
309,ouster/sideward_left/points,lidar,49264,15470709760,15472054858,-1.345098,176.4012983652948,8,3,0,0,0,0
309,ouster/sideward_right/points,lidar,54997,15469495040,15472054858,-2.559818,162.74580479049024,7,1,0,0,0,0
311,conti542/joint_radars/detections,radar,3157,15561557760,15572149583,-10.591823,327.9400533690891,516,233,77,45,22,0
311,aeva/joint_lidars/points,lidar,321361,15599998208,15572149583,27.848625,356.2089219627363,18513,5763,2464,299,32,0
311,ouster/forward_center/points,lidar,55563,15574770688,15572149583,2.621105,240.68885301245544,258,31,3,0,0,0
311,ouster/sideward_left/points,lidar,49377,15570607616,15572149583,-1.541967,182.20129748601354,9,3,0,0,0,0
311,ouster/sideward_right/points,lidar,55185,15569892608,15572149583,-2.256975,171.35665582733614,8,2,0,0,0,0
313,conti542/joint_radars/detections,radar,3060,15661218048,15672077083,-10.859035,327.98460022375735,540,218,79,41,17,0
313,aeva/joint_lidars/points,lidar,318425,15699993088,15672077083,27.916005,366.3512437828613,18660,6288,2744,301,36,0
313,ouster/forward_center/points,lidar,55774,15675084032,15672077083,3.006949,187.33133540848848,186,13,0,0,0,0
313,ouster/sideward_left/points,lidar,49439,15670842368,15672077083,-1.234715,187.95041131040279,9,1,0,0,0,0
313,ouster/sideward_right/points,lidar,55209,15669879808,15672077083,-2.197275,237.1415519365847,12,4,2,0,0,0
315,conti542/joint_radars/detections,radar,2998,15761557504,15772004458,-10.446954,327.73591139578576,505,227,71,34,11,0
315,aeva/joint_lidars/points,lidar,322060,15799982336,15772004458,27.977878,357.70525412820666,19853,7343,3291,384,27,0
315,ouster/forward_center/points,lidar,55927,15774920960,15772004458,2.916502,157.95748406102845,93,5,0,0,0,0
315,ouster/sideward_left/points,lidar,49370,15771005184,15772004458,-0.999274,193.8056102684964,14,2,0,0,0,0
315,ouster/sideward_right/points,lidar,55461,15769604096,15772004458,-2.400362,193.51052943877957,9,2,0,0,0,0
317,conti542/joint_radars/detections,radar,3051,15861477376,15872099233,-10.621857,327.66219794621253,580,265,95,47,9,0
317,aeva/joint_lidars/points,lidar,316314,15899984128,15872099233,27.884895,351.8615069264992,19412,7291,3259,438,39,0
317,ouster/forward_center/points,lidar,55953,15874628864,15872099233,2.529631,212.24504707030312,131,28,5,0,0,0
317,ouster/sideward_left/points,lidar,49706,15870806528,15872099233,-1.292705,199.23350554620842,8,1,0,0,0,0
317,ouster/sideward_right/points,lidar,55986,15869451520,15872099233,-2.647713,174.10322686098016,8,2,0,0,0,0
319,conti542/joint_radars/detections,radar,2951,15961231360,15972026533,-10.795173,327.7216903794223,550,250,88,35,10,0
319,aeva/joint_lidars/points,lidar,317353,15999988736,15972026533,27.962203,324.6577809349912,20611,7042,2467,329,30,0
319,ouster/forward_center/points,lidar,55397,15974743296,15972026533,2.716763,190.58530649931652,131,62,0,0,0,0
319,ouster/sideward_left/points,lidar,49428,15970651392,15972026533,-1.375141,205.15381483784589,9,1,1,0,0,0
319,ouster/sideward_right/points,lidar,56001,15969825536,15972026533,-2.200997,177.1670907304209,5,1,0,0,0,0
321,conti542/joint_radars/detections,radar,2880,16061669376,16072121333,-10.451957,327.763128779648,556,246,83,36,11,0
321,aeva/joint_lidars/points,lidar,318230,16099988736,16072121333,27.867403,352.226883679585,24305,8590,3309,494,20,0
321,ouster/forward_center/points,lidar,54936,16075079680,16072121333,2.958347,185.58193793101574,157,76,0,0,0,0
321,ouster/sideward_left/points,lidar,49532,16070718464,16072121333,-1.402869,156.41524634972578,8,1,0,0,0,0
321,ouster/sideward_right/points,lidar,56040,16070011648,16072121333,-2.109685,142.54384589462887,5,0,0,0,0,0
323,conti542/joint_radars/detections,radar,2968,16161519360,16172058858,-10.539498,327.75337058913453,557,254,99,47,11,0
323,aeva/joint_lidars/points,lidar,318925,16199976192,16172058858,27.917334,324.4062168167251,26227,9720,3802,531,23,0
323,ouster/forward_center/points,lidar,54663,16174952960,16172058858,2.894102,241.21372618779992,197,111,3,0,0,0
323,ouster/sideward_left/points,lidar,49561,16170919424,16172058858,-1.139434,216.6750371389192,13,1,1,0,0,0
323,ouster/sideward_right/points,lidar,55651,16169754112,16172058858,-2.304746,222.82821081145988,7,4,2,0,0,0
325,conti542/joint_radars/detections,radar,2876,16261262592,16272153658,-10.891066,327.7410997641518,536,223,90,37,11,0
325,aeva/joint_lidars/points,lidar,318606,16299973376,16272153658,27.819718,363.94487702060445,27239,9483,4344,674,32,0
325,ouster/forward_center/points,lidar,54766,16274684416,16272153658,2.530758,254.1746130741188,165,89,3,1,0,0
325,ouster/sideward_left/points,lidar,49389,16270817280,16272153658,-1.336378,222.36930008745165,11,1,1,0,0,0
325,ouster/sideward_right/points,lidar,55680,16269442304,16272153658,-2.711354,144.45563806947368,2,0,0,0,0,0
327,conti542/joint_radars/detections,radar,2885,16361651712,16372081008,-10.429296,327.87402820132826,558,232,92,38,14,0
327,aeva/joint_lidars/points,lidar,320674,16399983104,16372081008,27.902096,334.2283700644751,27884,9168,4286,635,23,0
327,ouster/forward_center/points,lidar,54694,16374735616,16372081008,2.654608,226.53295359689673,116,55,3,0,0,0
327,ouster/sideward_left/points,lidar,49421,16370664704,16372081008,-1.416304,152.55898309645576,10,3,0,0,0,0
327,ouster/sideward_right/points,lidar,55934,16369626624,16372081008,-2.454384,210.721656792161,12,2,1,0,0,0
329,conti542/joint_radars/detections,radar,2924,16461558272,16472008333,-10.450061,327.93452705965666,585,247,98,33,16,0
329,aeva/joint_lidars/points,lidar,315165,16499981568,16472008333,27.973235,329.37594547457843,27896,8593,4574,614,10,0
329,ouster/forward_center/points,lidar,54661,16475037952,16472008333,3.029619,208.44785296524694,106,54,2,0,0,0
329,ouster/sideward_left/points,lidar,49388,16470648320,16472008333,-1.360013,155.40429689247102,9,3,0,0,0,0
329,ouster/sideward_right/points,lidar,56019,16469990400,16472008333,-2.017933,213.50336245011653,11,4,1,0,0,0
331,conti542/joint_radars/detections,radar,2849,16561210368,16572103083,-10.892715,327.9360807778373,604,222,76,26,13,0
331,aeva/joint_lidars/points,lidar,313646,16599980288,16572103083,27.877205,337.26875772747877,26671,7712,4317,551,38,0
331,ouster/forward_center/points,lidar,54797,16574997504,16572103083,2.894421,207.69643186835728,104,60,1,0,0,0
331,ouster/sideward_left/points,lidar,49280,16570876416,16572103083,-1.226667,159.7831629916815,8,4,0,0,0,0
331,ouster/sideward_right/points,lidar,56123,16569881088,16572103083,-2.221995,191.1997092100644,12,4,0,0,0,0
333,conti542/joint_radars/detections,radar,2762,16661647616,16672030558,-10.382942,327.90872368213326,528,207,75,24,16,0
333,aeva/joint_lidars/points,lidar,304190,16699972608,16672030558,27.94205,329.08438514021753,24546,7412,4312,484,43,0
333,ouster/forward_center/points,lidar,54647,16674693120,16672030558,2.662562,242.636221003019,117,63,3,0,0,0
333,ouster/sideward_left/points,lidar,49353,16670910720,16672030558,-1.119838,165.83937551205733,8,5,0,0,0,0
333,ouster/sideward_right/points,lidar,55977,16669609984,16672030558,-2.420574,197.10324861589112,12,4,0,0,0,0
335,conti542/joint_radars/detections,radar,2827,16761585664,16772125283,-10.539619,327.8467859176524,513,220,82,27,21,0
335,aeva/joint_lidars/points,lidar,302763,16799981824,16772125283,27.856541,339.50571766317506,23783,5972,3665,528,44,0
335,ouster/forward_center/points,lidar,54844,16774695936,16772125283,2.570653,224.0595185008412,72,46,2,0,0,0
335,ouster/sideward_left/points,lidar,49364,16770770432,16772125283,-1.354851,163.82503363771008,10,3,0,0,0,0
335,ouster/sideward_right/points,lidar,55720,16769499136,16772125283,-2.626147,185.42830959860012,10,5,0,0,0,0
337,conti542/joint_radars/detections,radar,2801,16861251840,16872052583,-10.800743,327.88000381355255,507,207,76,23,17,0
337,aeva/joint_lidars/points,lidar,306631,16899980800,16872052583,27.928217,325.7963548073286,24349,6515,3937,628,34,0
337,ouster/forward_center/points,lidar,54785,16874964992,16872052583,2.912409,236.91876393860713,133,97,3,0,0,0
337,ouster/sideward_left/points,lidar,49486,16870627584,16872052583,-1.424999,177.41127333328583,9,5,0,0,0,0
337,ouster/sideward_right/points,lidar,56024,16869804544,16872052583,-2.248039,168.3908185307356,8,3,0,0,0,0
339,conti542/joint_radars/detections,radar,2744,16961564672,16972147258,-10.582586,327.8691277585825,517,223,93,27,21,0
339,aeva/joint_lidars/points,lidar,311149,16999974144,16972147258,27.826886,362.0942606002284,26913,6155,3946,661,26,0
339,ouster/forward_center/points,lidar,54895,16975054848,16972147258,2.90759,248.1163204512994,105,83,4,0,0,0
339,ouster/sideward_left/points,lidar,49591,16970732032,16972147258,-1.415226,205.0592157061995,33,7,2,0,0,0
339,ouster/sideward_right/points,lidar,56584,16969987840,16972147258,-2.159418,168.17288573701725,12,3,0,0,0,0
341,conti542/joint_radars/detections,radar,2750,17061593856,17072074583,-10.480727,327.8474180298822,544,209,86,17,12,0
341,aeva/joint_lidars/points,lidar,308900,17099973888,17072074583,27.899305,377.967632842092,27605,6321,3916,723,54,0
341,ouster/forward_center/points,lidar,54516,17074758656,17072074583,2.684073,215.48331744944872,67,39,2,0,0,0
341,ouster/sideward_left/points,lidar,49777,17070939904,17072074583,-1.134679,204.3536066844976,32,5,1,0,0,0
341,ouster/sideward_right/points,lidar,56873,17069687040,17072074583,-2.387543,167.3273522905746,10,1,0,0,0,0
343,conti542/joint_radars/detections,radar,2483,17161318912,17172012033,-10.693121,327.37991355556244,457,194,75,16,11,0
343,aeva/joint_lidars/points,lidar,306083,17199972352,17172012033,27.960319,367.39780324733687,25067,5912,3603,738,56,0
343,ouster/forward_center/points,lidar,54628,17174629120,17172012033,2.617087,203.67801858207264,46,12,1,0,0,0
343,ouster/sideward_left/points,lidar,49852,17170830848,17172012033,-1.181185,195.2636107375936,29,5,0,0,0,0
343,ouster/sideward_right/points,lidar,56880,17169496832,17172012033,-2.515201,137.4588874064281,8,0,0,0,0,0
345,conti542/joint_radars/detections,radar,2682,17261647104,17272106833,-10.459729,327.86147302996085,510,226,106,22,17,0
345,aeva/joint_lidars/points,lidar,299696,17299975168,17272106833,27.868335,386.33973688212427,23328,5422,3158,845,69,0
345,ouster/forward_center/points,lidar,54117,17274867968,17272106833,2.761135,202.99029108597156,31,8,3,0,0,0
345,ouster/sideward_left/points,lidar,49733,17270695936,17272106833,-1.410897,203.04522689361275,30,6,2,0,0,0
345,ouster/sideward_right/points,lidar,57031,17269768448,17272106833,-2.338385,173.15906222597528,8,2,0,0,0,0
347,conti542/joint_radars/detections,radar,2711,17361582848,17372034208,-10.45136,327.81687984257553,523,264,102,17,12,0
347,aeva/joint_lidars/points,lidar,303970,17399970816,17372034208,27.936608,393.6521991837525,23163,5184,2677,701,39,0
347,ouster/forward_center/points,lidar,54280,17375162880,17372034208,3.128672,205.82136515838738,36,11,3,0,0,0
347,ouster/sideward_left/points,lidar,49591,17370629120,17372034208,-1.405088,180.84310390593768,23,4,0,0,0,0
347,ouster/sideward_right/points,lidar,57145,17370025728,17372034208,-2.00848,172.4511120568979,12,2,0,0,0,0
349,conti542/joint_radars/detections,radar,2606,17461335296,17472128983,-10.793687,327.86774425585367,503,263,86,24,15,0
349,aeva/joint_lidars/points,lidar,295326,17499968256,17472128983,27.839273,380.54948007422024,22678,5546,2623,738,49,0
349,ouster/forward_center/points,lidar,54371,17474915584,17472128983,2.786601,233.95853647346144,39,17,2,0,0,0
349,ouster/sideward_left/points,lidar,49603,17470843392,17472128983,-1.285591,183.67783994193658,25,4,0,0,0,0
349,ouster/sideward_right/points,lidar,57291,17469736448,17472128983,-2.392535,169.58749127362125,9,3,0,0,0,0
351,conti542/joint_radars/detections,radar,2697,17561716480,17572056258,-10.339778,327.8282830075934,528,257,71,22,16,0
351,aeva/joint_lidars/points,lidar,299817,17599981568,17572056258,27.92531,372.691237005447,23271,5415,2453,757,43,0
351,ouster/forward_center/points,lidar,54257,17574598656,17572056258,2.542398,214.8623580615813,46,10,2,0,0,0
351,ouster/sideward_left/points,lidar,49521,17570932480,17572056258,-1.123778,201.3684103866429,27,4,2,0,0,0
351,ouster/sideward_right/points,lidar,57589,17569524480,17572056258,-2.531778,191.04646632822283,8,2,0,0,0,0
353,conti542/joint_radars/detections,radar,2635,17661634304,17672151033,-10.516729,327.91108286780684,516,269,70,30,22,0
353,aeva/joint_lidars/points,lidar,302222,17699987712,17672151033,27.836679,387.6570341800964,22240,5719,2474,789,59,0
353,ouster/forward_center/points,lidar,54107,17674793728,17672151033,2.642695,184.50676935174653,44,2,0,0,0,0
353,ouster/sideward_left/points,lidar,49476,17670739456,17672151033,-1.411577,200.74305589703914,22,3,1,0,0,0
353,ouster/sideward_right/points,lidar,57585,17669627136,17672151033,-2.523897,216.90242305089018,9,3,1,0,0,0
355,conti542/joint_radars/detections,radar,2456,17761187584,17772078408,-10.890824,327.9113573667964,432,219,47,21,14,0
355,aeva/joint_lidars/points,lidar,299110,17799993856,17772078408,27.915448,371.93312027302824,21559,6261,2172,800,44,0
355,ouster/forward_center/points,lidar,53995,17775101440,17772078408,3.023032,199.79208642777272,34,7,0,0,0,0
355,ouster/sideward_left/points,lidar,49424,17770633216,17772078408,-1.445192,192.01808017576622,19,3,0,0,0,0
355,ouster/sideward_right/points,lidar,57595,17769938944,17772078408,-2.139464,228.37584875589505,8,3,1,0,0,0
357,conti542/joint_radars/detections,radar,2541,17861553152,17872005783,-10.452631,327.9114888616346,539,279,54,23,14,0
357,aeva/joint_lidars/points,lidar,295766,17899988480,17872005783,27.982697,371.34110687249165,22394,6740,2148,882,23,0
357,ouster/forward_center/points,lidar,53844,17874956544,17872005783,2.950761,212.37976283350926,29,7,1,0,0,0
357,ouster/sideward_left/points,lidar,49372,17870775296,17872005783,-1.230487,194.97300684106472,19,4,0,0,0,0
357,ouster/sideward_right/points,lidar,57568,17869936384,17872005783,-2.069399,190.34969076257087,12,2,0,0,0,0
359,conti542/joint_radars/detections,radar,2547,17961515264,17972100533,-10.585269,327.9065692897976,502,239,45,19,12,0
359,aeva/joint_lidars/points,lidar,301898,17999987968,17972100533,27.887435,347.443798732898,21673,6855,2122,962,59,0
359,ouster/forward_center/points,lidar,53648,17974637056,17972100533,2.536523,209.50503740642293,35,14,1,0,0,0
359,ouster/sideward_left/points,lidar,49389,17970991616,17972100533,-1.108917,197.88588522492162,21,4,0,0,0,0
359,ouster/sideward_right/points,lidar,57594,17969622272,17972100533,-2.478261,193.164411495866,13,1,0,0,0,0
361,conti542/joint_radars/detections,radar,2431,18061251840,18072027858,-10.776018,327.8572464765579,468,218,37,19,14,0
361,aeva/joint_lidars/points,lidar,297579,18099991808,18072027858,27.96395,375.9520110124433,21073,5852,1936,890,49,0
361,ouster/forward_center/points,lidar,53079,18074636544,18072027858,2.608686,216.94065966363917,44,23,1,0,0,0
361,ouster/sideward_left/points,lidar,49306,18070777088,18072027858,-1.25077,200.63053570058116,18,2,2,0,0,0
361,ouster/sideward_right/points,lidar,57563,18069530112,18072027858,-2.497746,178.67367480827468,13,1,0,0,0,0
363,conti542/joint_radars/detections,radar,2574,18161693952,18172132708,-10.438756,327.8312862086056,519,235,33,16,9,0
363,aeva/joint_lidars/points,lidar,302760,18199990528,18172132708,27.85782,351.9602017699553,22202,6245,1977,952,70,0
363,ouster/forward_center/points,lidar,52795,18174920448,18172132708,2.78774,243.1770098201872,39,20,2,0,0,0
363,ouster/sideward_left/points,lidar,49250,18170637312,18172132708,-1.495396,203.60937545201529,24,3,3,0,0,0
363,ouster/sideward_right/points,lidar,57708,18169816064,18172132708,-2.316644,219.568100268833,17,5,3,0,0,0
365,conti542/joint_radars/detections,radar,2489,18261556992,18272060158,-10.503166,327.7965914946658,456,197,36,17,10,0
365,aeva/joint_lidars/points,lidar,303754,18299991552,18272060158,27.931394,356.68423250458966,22182,6279,1818,866,55,0
365,ouster/forward_center/points,lidar,52854,18275159552,18272060158,3.099394,200.94491611929848,38,12,1,0,0,0
365,ouster/sideward_left/points,lidar,49280,18270678784,18272060158,-1.381374,206.47931226571507,22,4,3,0,0,0
365,ouster/sideward_right/points,lidar,58092,18270000640,18272060158,-2.059518,181.85445052359628,13,5,0,0,0,0
367,conti542/joint_radars/detections,radar,2424,18361290496,18372154908,-10.864412,327.9037280094058,419,179,31,19,14,0
367,aeva/joint_lidars/points,lidar,309050,18399988992,18372154908,27.834084,356.23451176353484,21856,5738,1621,991,79,0
367,ouster/forward_center/points,lidar,52616,18374851840,18372154908,2.696932,215.2885376645783,42,20,1,0,0,0
367,ouster/sideward_left/points,lidar,49051,18370946304,18372154908,-1.208604,209.3782133378921,15,4,3,0,0,0
367,ouster/sideward_right/points,lidar,58589,18369728000,18372154908,-2.426908,204.4737884683715,9,1,1,0,0,0
369,conti542/joint_radars/detections,radar,2595,18461678080,18472082308,-10.404228,327.8993166593539,507,224,45,15,12,0
369,aeva/joint_lidars/points,lidar,308371,18499996160,18472082308,27.913852,361.09931661924134,20469,5784,1677,981,65,0
369,ouster/forward_center/points,lidar,52501,18474594560,18472082308,2.512252,212.473835278574,41,14,1,0,0,0
369,ouster/sideward_left/points,lidar,48977,18470873344,18472082308,-1.208964,212.31806718495844,15,4,2,0,0,0
369,ouster/sideward_right/points,lidar,58577,18469453568,18472082308,-2.62874,177.72778687890207,11,1,0,0,0,0
371,conti542/joint_radars/detections,radar,2582,18561603584,18572009583,-10.405999,327.88893221716745,484,222,58,28,18,0
371,aeva/joint_lidars/points,lidar,309705,18599997184,18572009583,27.987601,334.38083678920225,19874,5729,1475,996,66,0
371,ouster/forward_center/points,lidar,52452,18574814208,18572009583,2.804625,247.09677989010828,34,9,4,0,0,0
371,ouster/sideward_left/points,lidar,49001,18570683648,18572009583,-1.325935,214.92716997341935,21,3,3,0,0,0
371,ouster/sideward_right/points,lidar,58234,18569675008,18572009583,-2.334575,190.4402082852097,10,2,0,0,0,0
373,conti542/joint_radars/detections,radar,2508,18661243136,18672104358,-10.861222,327.80381836274154,431,189,44,29,19,0
373,aeva/joint_lidars/points,lidar,302630,18699990528,18672104358,27.88617,366.59328768375707,19210,5665,1384,931,85,0
373,ouster/forward_center/points,lidar,52601,18675112448,18672104358,3.00809,189.49514344290503,40,7,0,0,0,0
373,ouster/sideward_left/points,lidar,48804,18670615296,18672104358,-1.489062,217.88113224404842,21,3,1,0,0,0
373,ouster/sideward_right/points,lidar,57415,18670003968,18672104358,-2.10039,177.1398647042424,12,2,0,0,0,0
375,conti542/joint_radars/detections,radar,2593,18761675264,18772031783,-10.356519,327.8951013779915,481,214,54,31,19,0
375,aeva/joint_lidars/points,lidar,299453,18799995904,18772031783,27.964121,381.4158900769226,20399,6698,1496,998,78,0
375,ouster/forward_center/points,lidar,52529,18774896384,18772031783,2.864601,226.24151280873602,42,8,3,0,0,0
375,ouster/sideward_left/points,lidar,48955,18770869504,18772031783,-1.162279,193.6808424350243,20,10,0,0,0,0
375,ouster/sideward_right/points,lidar,57312,18769839872,18772031783,-2.191911,176.88789151052893,13,2,0,0,0,0
377,conti542/joint_radars/detections,radar,2669,18861544704,18872126558,-10.581854,327.8649296138377,507,243,54,37,24,0
377,aeva/joint_lidars/points,lidar,293115,18899996160,18872126558,27.869602,375.62203305471655,21970,7376,1630,1028,105,0
377,ouster/forward_center/points,lidar,52552,18874638592,18872126558,2.512034,217.3297919730315,45,7,2,0,0,0
377,ouster/sideward_left/points,lidar,48971,18870922752,18872126558,-1.203806,193.11711918633154,18,9,0,0,0,0
377,ouster/sideward_right/points,lidar,57469,18869563392,18872126558,-2.563166,183.05902871528144,15,2,0,0,0,0
379,conti542/joint_radars/detections,radar,2609,18961204992,18972053933,-10.848941,327.9021851869507,514,250,48,31,23,0
379,aeva/joint_lidars/points,lidar,304708,19000000768,18972053933,27.946835,374.96153193881366,22644,7179,1670,1037,90,0
379,ouster/forward_center/points,lidar,52282,18974680832,18972053933,2.626899,235.81669646251808,55,11,2,0,0,0
379,ouster/sideward_left/points,lidar,48961,18970765056,18972053933,-1.288877,226.27603848274802,16,11,1,0,0,0
379,ouster/sideward_right/points,lidar,57544,18969518592,18972053933,-2.535341,176.34695966997947,8,2,0,0,0,0
381,conti542/joint_radars/detections,radar,2754,19061571584,19072148708,-10.577124,327.9096943171943,583,297,49,33,21,0
381,aeva/joint_lidars/points,lidar,300541,19099996928,19072148708,27.84822,368.62681554180466,21577,6853,1677,1009,106,0
381,ouster/forward_center/points,lidar,52557,19075023616,19072148708,2.874908,191.6157432015922,42,5,0,0,0,0
381,ouster/sideward_left/points,lidar,48900,19070627072,19072148708,-1.521636,229.19977376809365,12,8,1,0,0,0
381,ouster/sideward_right/points,lidar,57632,19069828096,19072148708,-2.320612,176.07099350554753,8,2,0,0,0,0
383,conti542/joint_radars/detections,radar,2670,19161583872,19172086058,-10.502186,323.90107724949837,590,298,58,27,17,0
383,aeva/joint_lidars/points,lidar,307978,19199998976,19172086058,27.912918,342.6459589643731,22674,6941,1646,1033,75,0
383,ouster/forward_center/points,lidar,52417,19175086848,19172086058,3.00079,230.13533008335108,45,7,2,0,0,0
383,ouster/sideward_left/points,lidar,48928,19170752256,19172086058,-1.333802,205.7142937575014,11,6,1,0,0,0
383,ouster/sideward_right/points,lidar,57810,19170018816,19172086058,-2.067242,227.35846143000995,15,3,2,0,0,0
385,conti542/joint_radars/detections,radar,2675,19261310976,19272013483,-10.702507,327.89758165486126,546,291,45,30,18,0
385,aeva/joint_lidars/points,lidar,299009,19300007936,19272013483,27.994453,384.9416657836453,22262,7340,1721,1069,88,0
385,ouster/forward_center/points,lidar,52338,19274785024,19272013483,2.771541,242.05222257842962,41,9,3,0,0,0
385,ouster/sideward_left/points,lidar,48964,19270970112,19272013483,-1.043371,190.61677779552923,7,4,0,0,0,0
385,ouster/sideward_right/points,lidar,57778,19269730304,19272013483,-2.283179,175.29209228433493,11,1,0,0,0,0
387,conti542/joint_radars/detections,radar,2599,19361645312,19372108233,-10.462921,327.90426920041904,533,278,30,16,12,0
387,aeva/joint_lidars/points,lidar,301232,19400009472,19372108233,27.901239,386.7628144224219,23061,7292,1881,1161,104,0
387,ouster/forward_center/points,lidar,52047,19374631936,19372108233,2.523703,239.2372536243277,36,4,1,0,0,0
387,ouster/sideward_left/points,lidar,48967,19370808576,19372108233,-1.299657,189.97001902166113,12,5,0,0,0,0
387,ouster/sideward_right/points,lidar,57555,19369490176,19372108233,-2.618057,175.20810131051908,17,1,0,0,0,0
389,conti542/joint_radars/detections,radar,2592,19461564160,19472035608,-10.471448,327.87344719863376,514,245,35,21,10,0
389,aeva/joint_lidars/points,lidar,296081,19500006912,19472035608,27.971304,390.3863724155639,23695,6717,2000,1108,112,0
389,ouster/forward_center/points,lidar,52410,19474841856,19472035608,2.806248,236.40930181751528,40,5,2,0,0,0
389,ouster/sideward_left/points,lidar,48732,19470666240,19472035608,-1.369368,189.3912337990397,13,6,0,0,0,0
389,ouster/sideward_right/points,lidar,57306,19469664256,19472035608,-2.371352,183.14401418003595,17,2,0,0,0,0
391,conti542/joint_radars/detections,radar,2544,19561325568,19572130358,-10.80479,327.8991290206051,472,216,30,25,15,0
391,aeva/joint_lidars/points,lidar,308246,19600003840,19572130358,27.873482,343.3231065946354,24868,6637,2131,1190,134,0
391,ouster/forward_center/points,lidar,52024,19575162112,19572130358,3.031754,188.55825918033224,47,2,0,0,0,0
391,ouster/sideward_left/points,lidar,48707,19570665216,19572130358,-1.465142,188.8444317219479,9,4,0,0,0,0
391,ouster/sideward_right/points,lidar,57128,19569978368,19572130358,-2.15199,218.9199240960107,14,3,1,0,0,0
393,conti542/joint_radars/detections,radar,2484,19661720064,19672057658,-10.337594,327.77745124058316,493,214,29,26,16,0
393,aeva/joint_lidars/points,lidar,313347,19700005888,19672057658,27.94823,377.39472308317994,24523,5743,2009,1133,102,0
393,ouster/forward_center/points,lidar,51967,19674925568,19672057658,2.86791,187.95974883103895,45,3,0,0,0,0
393,ouster/sideward_left/points,lidar,48607,19670863872,19672057658,-1.193786,177.53508246384706,7,4,0,0,0,0
393,ouster/sideward_right/points,lidar,57309,19669775360,19672057658,-2.282298,152.58183222148074,7,1,0,0,0,0
395,conti542/joint_radars/detections,radar,2445,19761604864,19772152383,-10.547519,322.8893967818645,425,161,23,18,10,0
395,aeva/joint_lidars/points,lidar,308577,19800003072,19772152383,27.850689,358.9088734723261,24287,5646,2066,1132,109,0
395,ouster/forward_center/points,lidar,52126,19774614528,19772152383,2.462145,187.36023758317083,52,3,0,0,0,0
395,ouster/sideward_left/points,lidar,48526,19770855936,19772152383,-1.296447,180.3307665013346,6,4,0,0,0,0
395,ouster/sideward_right/points,lidar,57310,19769500160,19772152383,-2.652223,212.64644701674703,10,3,2,0,0,0
397,conti542/joint_radars/detections,radar,2207,19861300992,19872079808,-10.778816,322.89309675321147,334,143,33,21,11,0
397,aeva/joint_lidars/points,lidar,307419,19899993088,19872079808,27.91328,383.094651265448,22767,4974,1964,1114,92,0
397,ouster/forward_center/points,lidar,52055,19874761216,19872079808,2.681408,186.7057673984389,38,5,0,0,0,0
397,ouster/sideward_left/points,lidar,48706,19870700288,19872079808,-1.37952,182.95633701028515,4,3,0,0,0,0
397,ouster/sideward_right/points,lidar,57433,19869580288,19872079808,-2.49952,158.15415357629033,13,2,0,0,0,0
399,conti542/joint_radars/detections,radar,2544,19961548800,19972007158,-10.458358,327.88851982004957,456,191,42,23,10,0
399,aeva/joint_lidars/points,lidar,315136,19999998976,19972007158,27.991818,360.112439826134,23043,5569,2280,1175,112,0
399,ouster/forward_center/points,lidar,52145,19975095808,19972007158,3.08865,162.94116013179806,36,1,0,0,0,0
399,ouster/sideward_left/points,lidar,48717,19970641664,19972007158,-1.365494,186.04715209323837,7,4,0,0,0,0
399,ouster/sideward_right/points,lidar,57505,19969958912,19972007158,-2.048246,173.51830703462534,11,2,0,0,0,0
401,conti542/joint_radars/detections,radar,2564,20061514496,20072101933,-10.587437,327.70090341457376,406,154,23,17,10,0
401,aeva/joint_lidars/points,lidar,308344,20100003584,20072101933,27.901651,395.0525363981439,21476,5146,2377,1061,126,0
401,ouster/forward_center/points,lidar,52255,20074946048,20072101933,2.844115,185.552708398402,35,4,0,0,0,0
401,ouster/sideward_left/points,lidar,48549,20070782976,20072101933,-1.318957,188.83310559924757,7,4,0,0,0,0
401,ouster/sideward_right/points,lidar,57258,20069831424,20072101933,-2.270509,159.53748319394646,12,2,0,0,0,0
403,conti542/joint_radars/detections,radar,2511,20161269248,20172039383,-10.770135,327.88581752468684,409,161,27,21,11,0
403,aeva/joint_lidars/points,lidar,316634,20200002816,20172039383,27.963433,354.56223324208815,20925,5137,2298,1175,103,0
403,ouster/forward_center/points,lidar,52035,20174594560,20172039383,2.555177,216.64151670569532,29,3,1,0,0,0
403,ouster/sideward_left/points,lidar,48674,20170983168,20172039383,-1.056215,191.62771857653277,10,5,0,0,0,0
403,ouster/sideward_right/points,lidar,57172,20169553152,20172039383,-2.486231,189.37594631378576,13,1,0,0,0,0
405,conti542/joint_radars/detections,radar,2524,20261678592,20272134133,-10.455541,327.8936358611171,451,166,25,20,7,0
405,aeva/joint_lidars/points,lidar,312758,20299993856,20272134133,27.859723,388.15421166689936,20626,4911,2345,1104,110,0
405,ouster/forward_center/points,lidar,52056,20274686976,20272134133,2.552843,172.79713944686236,33,3,0,0,0,0
405,ouster/sideward_left/points,lidar,48798,20270772992,20272134133,-1.361141,194.4298785338185,8,4,0,0,0,0
405,ouster/sideward_right/points,lidar,57176,20269529088,20272134133,-2.605045,213.31351379938462,13,3,2,0,0,0
407,conti542/joint_radars/detections,radar,2559,20361529344,20372061533,-10.532189,327.85139340073187,442,156,22,15,4,0
407,aeva/joint_lidars/points,lidar,318776,20399997696,20372061533,27.936163,396.68369521986614,19800,4672,2304,1112,121,0
407,ouster/forward_center/points,lidar,52037,20374995968,20372061533,2.934435,223.54675962272998,38,7,3,0,0,0
407,ouster/sideward_left/points,lidar,48841,20370636544,20372061533,-1.424989,197.23940553388616,5,3,0,0,0,0
407,ouster/sideward_right/points,lidar,57264,20369845504,20372061533,-2.216029,157.6219860751752,11,2,0,0,0,0
409,conti542/joint_radars/detections,radar,2527,20461289728,20472156283,-10.866555,327.95692477767113,461,166,26,21,8,0
409,aeva/joint_lidars/points,lidar,320179,20500000768,20472156283,27.844485,363.8447534555954,18974,4767,2226,1058,87,0
409,ouster/forward_center/points,lidar,52147,20475048448,20472156283,2.892165,220.78319584933027,38,4,2,0,0,0
409,ouster/sideward_left/points,lidar,48824,20470668800,20472156283,-1.487483,200.1543906081292,5,2,2,0,0,0
409,ouster/sideward_right/points,lidar,57348,20469958912,20472156283,-2.197371,232.89989820561834,13,1,1,0,0,0
411,conti542/joint_radars/detections,radar,2493,20561684224,20572083633,-10.399409,327.8502650885147,477,161,24,15,5,0
411,aeva/joint_lidars/points,lidar,308974,20599996928,20572083633,27.913295,397.9959449813342,19817,5577,2508,1192,107,0
411,ouster/forward_center/points,lidar,52832,20574755328,20572083633,2.671695,171.95962496095805,51,2,0,0,0,0
411,ouster/sideward_left/points,lidar,48887,20570928640,20572083633,-1.154993,203.0467184948899,6,2,2,0,0,0
411,ouster/sideward_right/points,lidar,57502,20569582848,20572083633,-2.500785,203.82911270212514,15,4,3,0,0,0
413,conti542/joint_radars/detections,radar,2452,20661590528,20672010933,-10.420405,327.1897390980893,437,152,27,19,2,0
413,aeva/joint_lidars/points,lidar,300308,20699990272,20672010933,27.979339,395.4246605847657,18772,5551,2328,1139,126,0
413,ouster/forward_center/points,lidar,53268,20674576384,20672010933,2.565451,171.7667358911093,34,2,0,0,0,0
413,ouster/sideward_left/points,lidar,49041,20670944512,20672010933,-1.066421,121.43998358411945,4,0,0,0,0,0
413,ouster/sideward_right/points,lidar,57421,20669547776,20672010933,-2.463157,204.5567496544528,15,5,3,0,0,0
415,conti542/joint_radars/detections,radar,2393,20761211904,20772105633,-10.893729,327.8702336655725,445,165,33,19,4,0
415,aeva/joint_lidars/points,lidar,313012,20799988224,20772105633,27.882591,392.97056947966195,18788,5451,2338,1111,137,0
415,ouster/forward_center/points,lidar,53553,20774836224,20772105633,2.730591,140.23762745545636,34,0,0,0,0,0
415,ouster/sideward_left/points,lidar,49342,20770729984,20772105633,-1.375649,102.34252421277661,1,0,0,0,0,0
415,ouster/sideward_right/points,lidar,57277,20769869312,20772105633,-2.236321,207.47964372476176,13,2,2,0,0,0
417,conti542/joint_radars/detections,radar,2344,20861661952,20872033058,-10.371106,327.92834277197863,443,171,32,12,2,0
417,aeva/joint_lidars/points,lidar,321424,20899995136,20872033058,27.962078,389.8610808390583,19731,5754,2423,1062,141,0
417,ouster/forward_center/points,lidar,53246,20875156224,20872033058,3.123166,226.72774922670428,47,6,2,0,0,0
417,ouster/sideward_left/points,lidar,49860,20870627840,20872033058,-1.405218,144.95712254417475,3,0,0,0,0,0
417,ouster/sideward_right/points,lidar,57137,20869934080,20872033058,-2.098978,226.12410844572625,15,4,4,0,0,0
419,conti542/joint_radars/detections,radar,2229,20961537280,20972127758,-10.590478,320.3385152546756,380,129,12,7,1,0
419,aeva/joint_lidars/points,lidar,317117,21000000512,20972127758,27.872754,387.0210719373317,19012,5280,2152,1103,133,0
419,ouster/forward_center/points,lidar,52695,20974966272,20972127758,2.838514,170.79161702261683,38,5,0,0,0,0
419,ouster/sideward_left/points,lidar,50059,20970748416,20972127758,-1.379342,141.9186197283333,4,0,0,0,0,0
419,ouster/sideward_right/points,lidar,57112,20969649152,20972127758,-2.478606,146.72683325093496,9,0,0,0,0,0
421,conti542/joint_radars/detections,radar,2308,21061245952,21072055158,-10.809206,326.75089781370485,406,155,16,11,2,0
421,aeva/joint_lidars/points,lidar,310185,21100003840,21072055158,27.948682,386.72142831212267,19101,5962,2674,1236,120,0
421,ouster/forward_center/points,lidar,51827,21074619904,21072055158,2.564746,221.1097186833749,37,2,1,0,0,0
421,ouster/sideward_left/points,lidar,49870,21070974720,21072055158,-1.080438,132.65533482929317,3,0,0,0,0,0
421,ouster/sideward_right/points,lidar,56976,21069467648,21072055158,-2.58751,215.8526391387438,10,1,1,0,0,0
423,conti542/joint_radars/detections,radar,2275,21161568768,21172159908,-10.59114,327.9089858270108,441,182,28,13,5,0
423,aeva/joint_lidars/points,lidar,303886,21200013312,21172159908,27.853404,381.323309527651,20992,6463,2641,1363,130,0
423,ouster/forward_center/points,lidar,51897,21174699776,21172159908,2.539868,158.33912994361097,55,3,0,0,0,0
423,ouster/sideward_left/points,lidar,49723,21170816512,21172159908,-1.343396,119.3792351618932,5,0,0,0,0,0
423,ouster/sideward_right/points,lidar,57000,21169766656,21172159908,-2.393252,169.44160860848035,18,2,0,0,0,0
425,conti542/joint_radars/detections,radar,2390,21261560320,21272087183,-10.526863,327.58676117648184,429,172,22,8,2,0
425,aeva/joint_lidars/points,lidar,289798,21300013824,21272087183,27.926641,392.79550234774064,21949,8457,3462,1396,148,0
425,ouster/forward_center/points,lidar,51926,21274983168,21272087183,2.895985,215.4604597301533,60,5,1,0,0,0
425,ouster/sideward_left/points,lidar,49255,21270651392,21272087183,-1.435791,133.64304224470365,4,0,0,0,0,0
425,ouster/sideward_right/points,lidar,56826,21270073088,21272087183,-2.014095,172.35650636537946,14,1,0,0,0,0
427,conti542/joint_radars/detections,radar,2433,21361274624,21372014558,-10.739934,322.29150251081876,445,186,27,5,2,0
427,aeva/joint_lidars/points,lidar,294677,21400015360,21372014558,28.000802,395.05738674600383,22050,9146,3396,1194,112,0
427,ouster/forward_center/points,lidar,51994,21375106560,21372014558,3.092002,212.70566707653492,99,8,1,0,0,0
427,ouster/sideward_left/points,lidar,48875,21370678016,21372014558,-1.336542,153.2260965903095,6,1,0,0,0,0
427,ouster/sideward_right/points,lidar,56766,21369863424,21372014558,-2.151134,212.05468241792184,13,3,1,0,0,0
429,conti542/joint_radars/detections,radar,2555,21461600256,21472109308,-10.509052,327.86913197230785,470,183,31,10,6,0
429,aeva/joint_lidars/points,lidar,290250,21500010496,21472109308,27.901188,374.93986396200734,23484,8794,3566,1266,110,0
429,ouster/forward_center/points,lidar,51961,21474821120,21472109308,2.711812,209.8739300343336,79,1,1,0,0,0
429,ouster/sideward_left/points,lidar,48675,21470922752,21472109308,-1.186556,122.52557470180007,7,0,0,0,0,0
429,ouster/sideward_right/points,lidar,56791,21469630208,21472109308,-2.4791,209.27508466671486,15,1,1,0,0,0
431,conti542/joint_radars/detections,radar,2515,21561538816,21572036658,-10.497842,321.3905239980321,439,158,29,6,2,0
431,aeva/joint_lidars/points,lidar,304307,21600021248,21572036658,27.98459,370.01006336706126,24812,8385,3656,1218,147,0
431,ouster/forward_center/points,lidar,51936,21574566144,21572036658,2.529486,146.9716830185184,69,0,0,0,0,0
431,ouster/sideward_left/points,lidar,48528,21570840832,21572036658,-1.195826,115.59951762770866,3,0,0,0,0,0
431,ouster/sideward_right/points,lidar,56758,21569457664,21572036658,-2.578994,163.57019265115738,14,1,0,0,0,0
433,conti542/joint_radars/detections,radar,2481,21661297920,21672131383,-10.833463,287.6844448488294,461,191,42,5,0,0
433,aeva/joint_lidars/points,lidar,300227,21700023552,21672131383,27.892169,367.3232627874745,23451,7613,3039,1196,145,0
433,ouster/forward_center/points,lidar,51929,21674809600,21672131383,2.678217,159.61038364414412,70,1,0,0,0,0
433,ouster/sideward_left/points,lidar,48579,21670713088,21672131383,-1.418295,115.07284395589005,1,0,0,0,0,0
433,ouster/sideward_right/points,lidar,56736,21669794304,21672131383,-2.337079,128.58506538956883,9,0,0,0,0,0
435,conti542/joint_radars/detections,radar,2504,21761714944,21772058633,-10.343689,327.8871313058412,461,174,43,5,2,0
435,aeva/joint_lidars/points,lidar,307376,21800022016,21772058633,27.963383,364.3224578383191,23898,7391,3025,1215,164,0
435,ouster/forward_center/points,lidar,52027,21775036416,21772058633,2.977783,141.29691043356593,84,0,0,0,0,0
435,ouster/sideward_left/points,lidar,48562,21770657024,21772058633,-1.401609,164.48304235034877,6,2,0,0,0,0
435,ouster/sideward_right/points,lidar,56819,21770013952,21772058633,-2.044681,175.89258926419075,11,1,0,0,0,0
437,conti542/joint_radars/detections,radar,2589,21861593344,21872153358,-10.560014,327.8868607098914,455,173,40,4,2,0
437,aeva/joint_lidars/points,lidar,316390,21900024832,21872153358,27.871474,365.5094152227373,22446,7058,2498,1115,106,0
437,ouster/forward_center/points,lidar,52101,21874836736,21872153358,2.683378,153.9441862297,86,1,0,0,0,0
437,ouster/sideward_left/points,lidar,48636,21870778112,21872153358,-1.375246,116.8323121205019,6,0,0,0,0,0
437,ouster/sideward_right/points,lidar,56772,21869772544,21872153358,-2.380814,157.37272059620076,10,1,0,0,0,0
439,conti542/joint_radars/detections,radar,2549,21961262592,21972080733,-10.818141,319.5503027316493,475,183,43,6,1,0
439,aeva/joint_lidars/points,lidar,319238,22000028672,21972080733,27.947939,358.7194998315536,21637,6868,2558,1102,166,0
439,ouster/forward_center/points,lidar,51852,21974617088,21972080733,2.536355,135.82083700407782,84,0,0,0,0,0
439,ouster/sideward_left/points,lidar,48460,21970904832,21972080733,-1.175901,129.06875364200656,7,0,0,0,0,0
439,ouster/sideward_right/points,lidar,56620,21969500160,21972080733,-2.580573,154.04688942792032,16,1,0,0,0,0
441,conti542/joint_radars/detections,radar,2570,22061562112,22072008083,-10.445971,327.8771064777769,513,193,41,3,1,0
441,aeva/joint_lidars/points,lidar,307907,22100038912,22072008083,28.030829,355.7744964660958,20499,6780,2526,1034,138,0
441,ouster/forward_center/points,lidar,52123,22074852352,22072008083,2.844269,148.3027867095511,39,0,0,0,0,0
441,ouster/sideward_left/points,lidar,48528,22070780416,22072008083,-1.227667,160.91658953073662,9,1,0,0,0,0
441,ouster/sideward_right/points,lidar,56613,22069628928,22072008083,-2.379155,147.5785791377021,18,0,0,0,0,0
443,conti542/joint_radars/detections,radar,2536,22161532416,22172112808,-10.580392,327.8751096065675,454,197,53,7,4,0
443,aeva/joint_lidars/points,lidar,312970,22200037632,22172112808,27.924824,353.15464247251197,19196,6596,2638,1193,156,0
443,ouster/forward_center/points,lidar,51724,22175166720,22172112808,3.053912,145.45356997132677,33,0,0,0,0,0
443,ouster/sideward_left/points,lidar,48646,22170657280,22172112808,-1.455528,163.77607440835152,8,1,0,0,0,0
443,ouster/sideward_right/points,lidar,56638,22169925120,22172112808,-2.187688,147.3717998042591,11,0,0,0,0,0
445,conti542/joint_radars/detections,radar,2355,22261245440,22272040083,-10.794643,327.95095985059584,424,202,56,8,3,0
445,aeva/joint_lidars/points,lidar,305066,22300036352,22272040083,27.996269,350.26028819566153,18628,6904,2847,1475,162,0
445,ouster/forward_center/points,lidar,51948,22274899456,22272040083,2.859373,216.7740855123426,28,2,1,0,0,0
445,ouster/sideward_left/points,lidar,48494,22270701824,22272040083,-1.338259,112.2098410171343,7,0,0,0,0,0
445,ouster/sideward_right/points,lidar,56582,22269884160,22272040083,-2.155923,166.8291417711548,9,1,0,0,0,0
447,conti542/joint_radars/detections,radar,2375,22361690624,22372134783,-10.444159,302.03584134256647,441,187,50,9,1,0
447,aeva/joint_lidars/points,lidar,319025,22400045312,22372134783,27.910529,347.35326440361445,18280,6995,3048,1633,180,0
447,ouster/forward_center/points,lidar,51969,22374648064,22372134783,2.513281,214.02269560717275,31,2,1,0,0,0
447,ouster/sideward_left/points,lidar,48365,22370818304,22372134783,-1.316479,133.60978117753137,5,0,0,0,0,0
447,ouster/sideward_right/points,lidar,56540,22369623296,22372134783,-2.511487,166.50615391278342,10,2,0,0,0,0
449,conti542/joint_radars/detections,radar,2356,22461589760,22472062183,-10.472423,327.90471497158825,378,167,48,10,3,0
449,aeva/joint_lidars/points,lidar,319106,22500041728,22472062183,27.979545,332.56918745805285,17881,7139,3132,1643,118,0
449,ouster/forward_center/points,lidar,52025,22474729472,22472062183,2.667289,211.16335002084742,35,2,1,0,0,0
449,ouster/sideward_left/points,lidar,48245,22470898688,22472062183,-1.163495,150.59622924677217,7,1,0,0,0,0
449,ouster/sideward_right/points,lidar,56498,22469515008,22472062183,-2.547175,166.2181685135325,11,2,0,0,0,0
451,conti542/joint_radars/detections,radar,2536,22561328896,22572156883,-10.827987,327.8895339099257,422,196,51,6,1,0
451,aeva/joint_lidars/points,lidar,329471,22600041728,22572156883,27.884845,343.6739004214475,17299,6907,2961,1402,139,0
451,ouster/forward_center/points,lidar,52121,22575053824,22572156883,2.896941,208.36376141854703,49,2,1,0,0,0
451,ouster/sideward_left/points,lidar,48315,22570705408,22572156883,-1.451475,127.05062651938415,5,0,0,0,0,0
451,ouster/sideward_right/points,lidar,56447,22569763072,22572156883,-2.393811,165.88217551059753,16,3,0,0,0,0
453,conti542/joint_radars/detections,radar,2426,22661704192,22672084233,-10.380041,327.2661498488458,389,160,27,8,2,0
453,aeva/joint_lidars/points,lidar,320043,22700037632,22672084233,27.953399,357.46951819064293,16624,7353,3020,1570,167,0
453,ouster/forward_center/points,lidar,52082,22674986496,22672084233,2.902263,146.27309313694056,46,0,0,0,0,0
453,ouster/sideward_left/points,lidar,48321,22670649088,22672084233,-1.435145,148.85032899957986,8,0,0,0,0,0
453,ouster/sideward_right/points,lidar,56364,22669975552,22672084233,-2.108681,165.53518394813045,13,3,0,0,0,0
455,conti542/joint_radars/detections,radar,2369,22761574912,22772011458,-10.436546,327.89167713712504,379,164,38,13,4,0
455,aeva/joint_lidars/points,lidar,320472,22800047360,22772011458,28.035902,347.50647088023555,15818,7079,2946,1435,165,0
455,ouster/forward_center/points,lidar,51719,22774692096,22772011458,2.680638,202.78357501747996,42,4,3,0,0,0
455,ouster/sideward_left/points,lidar,48408,22770782976,22772011458,-1.228482,151.65919843337852,5,1,0,0,0,0
455,ouster/sideward_right/points,lidar,56283,22769794048,22772011458,-2.21741,202.13496181052543,20,2,1,0,0,0
457,conti542/joint_radars/detections,radar,2480,22861226752,22872106183,-10.879431,327.7819675738715,434,199,57,14,1,0
457,aeva/joint_lidars/points,lidar,315236,22900048128,22872106183,27.941945,370.54100021324126,15116,7099,3155,1571,182,0
457,ouster/forward_center/points,lidar,52031,22874694144,22872106183,2.587961,165.0377505057096,46,1,0,0,0,0
457,ouster/sideward_left/points,lidar,48469,22870922240,22872106183,-1.183943,161.83728906777512,7,1,0,0,0,0
457,ouster/sideward_right/points,lidar,56184,22869525248,22872106183,-2.580935,164.91220146121165,12,1,0,0,0,0
459,conti542/joint_radars/detections,radar,2401,22961693952,22972033558,-10.339606,285.2779094475005,363,155,33,7,0,0
459,aeva/joint_lidars/points,lidar,321816,23000041984,22972033558,28.008426,369.3765104345372,14729,7544,3119,1435,165,0
459,ouster/forward_center/points,lidar,51927,22975063296,22972033558,3.029738,167.64970441837326,41,3,0,0,0,0
459,ouster/sideward_left/points,lidar,48563,22970732544,22972033558,-1.301014,108.3781662885736,2,0,0,0,0,0
459,ouster/sideward_right/points,lidar,56394,22969654272,22972033558,-2.379286,189.08787604123034,16,3,0,0,0,0
461,conti542/joint_radars/detections,radar,2411,23061534208,23072128258,-10.59405,327.9129846129199,370,151,35,13,2,0
461,aeva/joint_lidars/points,lidar,313234,23100045568,23072128258,27.91731,347.2073367502258,14890,6997,2915,1348,198,0
461,ouster/forward_center/points,lidar,51913,23075110656,23072128258,2.982398,150.71300970891556,33,1,0,0,0,0
461,ouster/sideward_left/points,lidar,48436,23070671360,23072128258,-1.456898,153.30810226768403,18,1,0,0,0,0
461,ouster/sideward_right/points,lidar,56357,23069907712,23072128258,-2.220546,186.35512663892754,13,2,0,0,0,0
