sync,sensor,modality,points,timestamp_ns,annotation_timestamp_ns,offset_ms,max_planar_range_m,points_ge_100m,points_ge_150m,points_ge_200m,points_ge_250m,points_ge_300m,points_ge_400m
65,conti542/joint_radars/detections,radar,2739,3261474304,3272099583,-10.625279,327.5802069976713,394,165,87,31,23,0
65,aeva/joint_lidars/points,lidar,311005,3299958272,3272099583,27.858689,396.09969435564227,22109,6103,2170,567,313,0
65,ouster/forward_center/points,lidar,56789,3275063808,3272099583,2.964225,210.99679402565198,109,40,11,0,0,0
65,ouster/sideward_left/points,lidar,56671,3270691072,3272099583,-1.408511,227.14572286750587,16,14,5,0,0,0
65,ouster/sideward_right/points,lidar,54310,3269967360,3272099583,-2.132223,210.65265284145246,16,13,3,0,0,0
67,conti542/joint_radars/detections,radar,2892,3361223168,3372026708,-10.80354,327.5810539336031,399,201,102,43,28,0
67,aeva/joint_lidars/points,lidar,337634,3399962368,3372026708,27.93566,393.07357907635037,22561,5906,2234,548,296,0
67,ouster/forward_center/points,lidar,56800,3374996480,3372026708,2.969772,248.4182431678426,131,44,11,0,0,0
67,ouster/sideward_left/points,lidar,56568,3370960384,3372026708,-1.066324,210.45408804798336,16,13,4,0,0,0
67,ouster/sideward_right/points,lidar,54468,3369710336,3372026708,-2.316372,210.13395741077483,16,15,4,0,0,0
69,conti542/joint_radars/detections,radar,2591,3461657856,3472121258,-10.463402,327.6251840009654,336,167,79,33,22,0
69,aeva/joint_lidars/points,lidar,328266,3499959040,3472121258,27.837782,390.30289160271326,23783,5756,2032,579,315,0
69,ouster/forward_center/points,lidar,56553,3474707712,3472121258,2.586454,209.83769353600167,160,44,11,0,0,0
69,ouster/sideward_left/points,lidar,56366,3470854912,3472121258,-1.266346,209.8058374805224,17,15,4,0,0,0
69,ouster/sideward_right/points,lidar,54737,3469505536,3472121258,-2.615722,209.44439647680295,15,12,3,0,0,0
71,conti542/joint_radars/detections,radar,2903,3561502976,3572048483,-10.545507,327.5844755123277,423,182,95,34,24,0
71,aeva/joint_lidars/points,lidar,333771,3599969024,3572048483,27.920541,387.2140655097528,23604,5838,2087,563,303,0
71,ouster/forward_center/points,lidar,57112,3574669568,3572048483,2.621085,210.88902915936242,87,51,11,0,0,0
71,ouster/sideward_left/points,lidar,56281,3570699520,3572048483,-1.348963,209.20826668877223,13,13,3,0,0,0
71,ouster/sideward_right/points,lidar,55063,3569733888,3572048483,-2.314595,208.83202781622137,16,13,5,0,0,0
73,conti542/joint_radars/detections,radar,3008,3661261824,3672143058,-10.881234,327.57131334864636,430,181,89,29,17,0
73,aeva/joint_lidars/points,lidar,329111,3699976448,3672143058,27.83339,396.2618339938463,23657,6166,2208,657,378,0
73,ouster/forward_center/points,lidar,58625,3674979328,3672143058,2.83627,239.66655466286971,48,33,8,0,0,0
73,ouster/sideward_left/points,lidar,56108,3670657280,3672143058,-1.485778,208.62737616975932,16,16,3,0,0,0
73,ouster/sideward_right/points,lidar,54869,3670011136,3672143058,-2.131922,208.28351026037288,20,14,5,0,0,0
75,conti542/joint_radars/detections,radar,2741,3761668352,3772070358,-10.402006,327.58620501685857,384,156,76,30,21,0
75,aeva/joint_lidars/points,lidar,351492,3799977472,3772070358,27.907114,395.96512221788146,23528,5975,2061,676,368,0
75,ouster/forward_center/points,lidar,59364,3775064320,3772070358,2.993962,235.48481248664322,40,29,7,0,0,0
75,ouster/sideward_left/points,lidar,55823,3770819072,3772070358,-1.251286,208.04774964765153,19,17,3,0,0,0
75,ouster/sideward_right/points,lidar,54933,3769829376,3772070358,-2.240982,207.7122288763924,18,12,4,0,0,0
77,conti542/joint_radars/detections,radar,2859,3861612800,3871997558,-10.384758,327.58813946344617,437,188,99,39,24,0
77,aeva/joint_lidars/points,lidar,356557,3899980800,3871997558,27.983242,392.9991771049898,23235,6086,1919,608,339,0
77,ouster/forward_center/points,lidar,58971,3874792704,3871997558,2.795146,233.84495137811606,102,34,10,0,0,0
77,ouster/sideward_left/points,lidar,55689,3870899968,3871997558,-1.09759,207.3729594758882,20,16,3,0,0,0
77,ouster/sideward_right/points,lidar,55177,3869588224,3871997558,-2.409334,207.07532795098572,13,12,4,0,0,0
79,conti542/joint_radars/detections,radar,2944,3961253376,3972092233,-10.838857,327.5751714248148,426,189,95,45,27,0
79,aeva/joint_lidars/points,lidar,344069,3999984128,3972092233,27.891895,391.6907699513125,23609,6006,1898,603,324,0
79,ouster/forward_center/points,lidar,59415,3974602240,3972092233,2.510007,229.6479689464744,61,36,12,0,0,0
79,ouster/sideward_left/points,lidar,55227,3970762496,3972092233,-1.329737,206.80704456617337,23,17,3,0,0,0
79,ouster/sideward_right/points,lidar,55520,3969488128,3972092233,-2.604105,206.42110955757332,15,12,4,0,0,0
81,conti542/joint_radars/detections,radar,2994,4061700864,4072019633,-10.318769,327.5889938084054,417,169,92,51,28,0
81,aeva/joint_lidars/points,lidar,364014,4099995136,4072019633,27.975503,387.1939042897074,22954,5948,1844,588,210,0
81,ouster/forward_center/points,lidar,60090,4074838528,4072019633,2.818895,227.98237056401734,56,38,11,0,0,0
81,ouster/sideward_left/points,lidar,54742,4070622464,4072019633,-1.397169,227.40784537221072,21,17,4,0,0,0
81,ouster/sideward_right/points,lidar,56035,4069792768,4072019633,-2.226865,205.84671035868726,14,13,4,0,0,0
83,conti542/joint_radars/detections,radar,2988,4161565184,4172124408,-10.559224,327.58286004600484,411,171,88,52,25,0
83,aeva/joint_lidars/points,lidar,372222,4199993600,4172124408,27.869192,388.8435821406291,24309,5812,1818,504,199,0
83,ouster/forward_center/points,lidar,60299,4175069696,4172124408,2.945288,225.06554541417435,66,30,10,0,0,0
83,ouster/sideward_left/points,lidar,54087,4170698496,4172124408,-1.425912,224.4341758909499,19,16,4,0,0,0
83,ouster/sideward_right/points,lidar,56265,4169977088,4172124408,-2.14732,205.21349010064284,18,15,4,0,0,0
85,conti542/joint_radars/detections,radar,3073,4261213184,4272051758,-10.838574,327.57614167169163,424,161,87,47,24,0
85,aeva/joint_lidars/points,lidar,371163,4299990784,4272051758,27.939026,399.59216863234366,23893,6153,1975,633,225,0
85,ouster/forward_center/points,lidar,60604,4274931200,4272051758,2.879442,222.14078126795013,55,34,11,0,0,0
85,ouster/sideward_left/points,lidar,53542,4270964992,4272051758,-1.086766,205.04592372744216,23,19,4,0,0,0
85,ouster/sideward_right/points,lidar,56271,4269706496,4272051758,-2.345262,204.58562523007757,20,13,4,0,0,0
87,conti542/joint_radars/detections,radar,3023,4361585408,4372146458,-10.56105,327.58312817781996,439,169,100,55,31,0
87,aeva/joint_lidars/points,lidar,354707,4399998208,4372146458,27.85175,394.3418574744712,25177,6144,1862,562,212,0
87,ouster/forward_center/points,lidar,60947,4374635776,4372146458,2.489318,219.2118299794091,81,39,14,0,0,0
87,ouster/sideward_left/points,lidar,53127,4370848768,4372146458,-1.29769,218.6600897253697,21,15,5,0,0,0
87,ouster/sideward_right/points,lidar,55940,4369503232,4372146458,-2.643226,203.95405752974486,15,12,2,0,0,0
89,conti542/joint_radars/detections,radar,3124,4461591808,4472073733,-10.481925,327.5782774475173,463,174,97,52,28,0
89,aeva/joint_lidars/points,lidar,357759,4499997184,4472073733,27.923451,393.6759426680476,25002,6169,1800,585,212,0
89,ouster/forward_center/points,lidar,60777,4474799360,4472073733,2.725627,284.5221454850554,72,37,15,1,0,0
89,ouster/sideward_left/points,lidar,53108,4470711040,4472073733,-1.362693,215.69922074150577,22,14,4,0,0,0
89,ouster/sideward_right/points,lidar,55582,4469692160,4472073733,-2.381573,217.0614913839414,15,12,4,0,0,0
91,conti542/joint_radars/detections,radar,3123,4561329920,4572001108,-10.671188,327.5629713706724,465,163,92,48,24,0
91,aeva/joint_lidars/points,lidar,378790,4600005376,4572001108,28.004268,397.86130483708126,25679,7524,1768,587,226,0
91,ouster/forward_center/points,lidar,60200,4575084800,4572001108,3.083692,281.62032231476496,91,34,12,1,0,0
91,ouster/sideward_left/points,lidar,52949,4570664704,4572001108,-1.336404,212.78706495938752,20,16,4,0,0,0
91,ouster/sideward_right/points,lidar,55534,4570019584,4572001108,-1.981524,202.79039131715354,15,12,3,0,0,0
93,conti542/joint_radars/detections,radar,3054,4661639168,4672095858,-10.45669,327.5811305015047,438,165,86,47,26,0
93,aeva/joint_lidars/points,lidar,376625,4700006912,4672095858,27.911054,395.36406002849475,24935,6891,1903,684,257,0
93,ouster/forward_center/points,lidar,59817,4674910464,4672095858,2.814606,236.84654020252765,120,25,11,0,0,0
93,ouster/sideward_left/points,lidar,52742,4670861568,4672095858,-1.23429,209.89920053389883,16,12,4,0,0,0
93,ouster/sideward_right/points,lidar,55496,4669845504,4672095858,-2.250354,202.14523932212424,17,7,3,0,0,0
95,conti542/joint_radars/detections,radar,3149,4761553664,4772023183,-10.469519,327.6006671828209,477,175,95,53,26,0
95,aeva/joint_lidars/points,lidar,375333,4800020224,4772023183,27.997041,393.0293477602249,25175,6959,1742,607,214,0
95,ouster/forward_center/points,lidar,59501,4774598400,4772023183,2.575217,233.9005181736242,111,27,13,0,0,0
95,ouster/sideward_left/points,lidar,52619,4770842112,4772023183,-1.181071,206.97779163565897,23,11,4,0,0,0
95,ouster/sideward_right/points,lidar,55407,4769584384,4772023183,-2.438799,201.56102746158504,15,7,3,0,0,0
97,conti542/joint_radars/detections,radar,3088,4861266944,4872117908,-10.850964,327.5699685681708,377,149,82,43,21,0
97,aeva/joint_lidars/points,lidar,375639,4900024832,4872117908,27.906924,390.0420002496606,25550,7206,1812,675,198,0
97,ouster/forward_center/points,lidar,59276,4874653952,4872117908,2.536044,204.73780036434363,128,46,11,0,0,0
97,ouster/sideward_left/points,lidar,52220,4870684672,4872117908,-1.433236,204.00960327778236,23,11,4,0,0,0
97,ouster/sideward_right/points,lidar,55606,4869466624,4872117908,-2.651284,200.93905039555167,15,7,3,0,0,0
99,conti542/joint_radars/detections,radar,3196,4961660928,4972045133,-10.384205,327.58035067873465,452,188,99,42,21,0
99,aeva/joint_lidars/points,lidar,360426,5000025856,4972045133,27.980723,391.2261219148196,25244,6562,1620,576,230,0
99,ouster/forward_center/points,lidar,59817,4974862080,4972045133,2.816947,228.07381261596575,156,27,14,0,0,0
99,ouster/sideward_left/points,lidar,52025,4970669312,4972045133,-1.375821,201.14531969149354,18,11,4,0,0,0
99,ouster/sideward_right/points,lidar,55932,4969819136,4972045133,-2.225997,200.34939668470037,16,7,3,0,0,0
101,conti542/joint_radars/detections,radar,3259,5061577216,5072139883,-10.562667,327.5711715041904,455,167,84,41,25,0
101,aeva/joint_lidars/points,lidar,353075,5100033536,5072139883,27.893653,383.4888314753546,25209,7005,1708,515,181,0
101,ouster/forward_center/points,lidar,59728,5075079936,5072139883,2.940053,225.15661561580714,130,26,11,0,0,0
101,ouster/sideward_left/points,lidar,51790,5070851840,5072139883,-1.288043,200.134767371397,27,11,3,0,0,0
101,ouster/sideward_right/points,lidar,55692,5069997056,5072139883,-2.142827,199.73153815133364,19,7,0,0,0,0
103,conti542/joint_radars/detections,radar,3040,5161228032,5172077333,-10.849301,327.5915172167892,372,124,60,33,19,0
103,aeva/joint_lidars/points,lidar,357276,5200037120,5172077333,27.959787,396.2931134928695,26487,7216,1788,583,220,0
103,ouster/forward_center/points,lidar,59375,5174964992,5172077333,2.887659,222.26127054642433,236,27,1,0,0,0
103,ouster/sideward_left/points,lidar,51797,5170864640,5172077333,-1.212693,202.21687794023282,31,11,1,0,0,0
103,ouster/sideward_right/points,lidar,55628,5169693440,5172077333,-2.383893,199.13657460261024,19,8,0,0,0,0
105,conti542/joint_radars/detections,radar,3200,5261507072,5272004708,-10.497636,327.59758290270594,463,167,75,38,21,0
105,aeva/joint_lidars/points,lidar,350699,5300047104,5272004708,28.042396,388.5056211011023,26465,7433,1479,646,198,0
105,ouster/forward_center/points,lidar,59211,5274592000,5272004708,2.587292,219.31153599966322,280,33,1,0,0,0
105,ouster/sideward_left/points,lidar,51896,5270658304,5272004708,-1.346404,205.09651294802765,28,10,1,0,0,0
105,ouster/sideward_right/points,lidar,55481,5269510144,5272004708,-2.494564,198.51943670587505,16,8,0,0,0,0
107,conti542/joint_radars/detections,radar,3263,5361464832,5372099383,-10.634551,327.5990119012721,461,162,76,43,25,0
107,aeva/joint_lidars/points,lidar,348017,5400049152,5372099383,27.949769,385.488005510246,27727,7153,1355,651,194,0
107,ouster/forward_center/points,lidar,59012,5374652672,5372099383,2.553289,216.40573098944768,311,28,1,0,0,0
107,ouster/sideward_left/points,lidar,51817,5370651136,5372099383,-1.448247,211.35376397759964,32,13,2,0,0,0
107,ouster/sideward_right/points,lidar,55146,5369706496,5372099383,-2.392887,197.95583813163805,13,8,0,0,0,0
109,conti542/joint_radars/detections,radar,2949,5461224448,5472026633,-10.802185,327.59499401732427,348,114,57,29,17,0
109,aeva/joint_lidars/points,lidar,348020,5500044544,5472026633,28.017911,390.85281087644955,28625,7234,1288,623,170,0
109,ouster/forward_center/points,lidar,58748,5475026176,5472026633,2.999543,255.21854910058443,305,34,2,1,0,0
109,ouster/sideward_left/points,lidar,51788,5470924032,5472026633,-1.102601,211.01987340065585,26,12,1,0,0,0
109,ouster/sideward_right/points,lidar,55195,5470011904,5472026633,-2.014729,197.33432257123283,17,8,0,0,0,0
111,conti542/joint_radars/detections,radar,3148,5561649152,5572121333,-10.472181,327.60524957114626,453,156,79,46,23,0
111,aeva/joint_lidars/points,lidar,349248,5600052480,5572121333,27.931147,396.88981377140544,29171,7218,1312,651,151,0
111,ouster/forward_center/points,lidar,58571,5575093504,5572121333,2.972171,252.27978046879167,283,35,3,1,0,0
111,ouster/sideward_left/points,lidar,51400,5570898432,5572121333,-1.222901,213.8660928175869,31,13,1,0,0,0
111,ouster/sideward_right/points,lidar,55415,5569861376,5572121333,-2.259957,196.73634008785666,14,8,0,0,0,0
113,conti542/joint_radars/detections,radar,3166,5661510912,5672048733,-10.537821,327.60433713568534,470,165,84,43,25,0
113,aeva/joint_lidars/points,lidar,347400,5700056832,5672048733,28.008099,395.141746481461,29461,6612,1273,626,183,0
113,ouster/forward_center/points,lidar,58327,5674771968,5672048733,2.723235,249.50274253395946,350,34,4,0,0,0
113,ouster/sideward_left/points,lidar,51249,5670675712,5672048733,-1.373021,216.81926566020246,23,14,2,0,0,0
113,ouster/sideward_right/points,lidar,55733,5669562880,5672048733,-2.485853,196.1343068601095,15,8,0,0,0,0
115,conti542/joint_radars/detections,radar,2999,5761256448,5772143433,-10.886985,327.5981581790098,365,132,62,39,25,0
115,aeva/joint_lidars/points,lidar,348458,5800065792,5772143433,27.922359,391.98514920657215,30294,6791,1387,447,181,0
115,ouster/forward_center/points,lidar,57948,5774618624,5772143433,2.475191,246.55899648811587,372,29,3,0,0,0
115,ouster/sideward_left/points,lidar,51118,5770685184,5772143433,-1.458249,205.43590211321236,21,15,2,0,0,0
115,ouster/sideward_right/points,lidar,56098,5769530368,5772143433,-2.613065,195.5125944730289,18,10,0,0,0,0
117,conti542/joint_radars/detections,radar,3183,5861622272,5872070783,-10.448511,327.6119116389837,502,171,78,42,25,0
117,aeva/joint_lidars/points,lidar,342177,5900064512,5872070783,27.993729,389.03272036655295,31436,6606,1400,427,152,0
117,ouster/forward_center/points,lidar,57834,5874913024,5872070783,2.842241,243.68596619761212,330,34,4,0,0,0
117,ouster/sideward_left/points,lidar,51033,5870868480,5872070783,-1.202303,222.63877604321834,19,11,2,0,0,0
117,ouster/sideward_right/points,lidar,56279,5869835776,5872070783,-2.235007,194.92938981939253,21,9,0,0,0,0
119,conti542/joint_radars/detections,radar,3154,5961560576,5971998008,-10.437432,327.61273243465865,507,193,86,43,24,0
119,aeva/joint_lidars/points,lidar,339952,6000070400,5971998008,28.072392,386.31484363918,31928,7007,1329,442,169,0
119,ouster/forward_center/points,lidar,57855,5975177472,5971998008,3.179464,240.68026081232472,350,29,3,0,0,0
119,ouster/sideward_left/points,lidar,51043,5970799360,5971998008,-1.198648,199.57865315466657,15,9,0,0,0,0
119,ouster/sideward_right/points,lidar,56058,5969954048,5971998008,-2.04396,194.35628207581763,23,10,0,0,0,0
121,conti542/joint_radars/detections,radar,2999,6061189632,6072092733,-10.903101,327.5959590617492,399,153,78,44,26,0
121,aeva/joint_lidars/points,lidar,328507,6100073216,6072092733,27.980483,383.2253351662415,31561,7414,1330,413,91,0
121,ouster/forward_center/points,lidar,58090,6074896128,6072092733,2.803395,237.6961156014324,368,35,2,0,0,0
121,ouster/sideward_left/points,lidar,51089,6070641920,6072092733,-1.450813,196.73150210760383,15,10,0,0,0,0
121,ouster/sideward_right/points,lidar,56353,6069692928,6072092733,-2.399805,193.75548009694745,19,8,0,0,0,0
123,conti542/joint_radars/detections,radar,2953,6161644032,6172030283,-10.386251,327.6117782993105,474,196,93,57,27,0
123,aeva/joint_lidars/points,lidar,332210,6200074240,6172030283,28.043957,383.4697826151518,33330,8064,1390,494,133,0
123,ouster/forward_center/points,lidar,57842,6174544896,6172030283,2.514613,234.9701272799848,397,33,1,0,0,0
123,ouster/sideward_left/points,lidar,51444,6170693632,6172030283,-1.336651,204.52768210617862,17,11,1,0,0,0
123,ouster/sideward_right/points,lidar,56310,6169477632,6172030283,-2.552651,234.1087598774033,22,10,2,0,0,0
125,conti542/joint_radars/detections,radar,2959,6261500416,6272125008,-10.624592,327.5960071366422,456,184,90,44,22,0
125,aeva/joint_lidars/points,lidar,326310,6300080128,6272125008,27.95512,394.8317737929919,32453,7942,1565,451,102,0
125,ouster/forward_center/points,lidar,57812,6274663168,6272125008,2.53816,232.07923913952254,376,33,2,0,0,0
125,ouster/sideward_left/points,lidar,51569,6270908160,6272125008,-1.216848,234.2431827980696,22,13,3,0,0,0
125,ouster/sideward_right/points,lidar,55996,6269719296,6272125008,-2.405712,231.1756631878849,26,11,2,0,0,0
127,conti542/joint_radars/detections,radar,2958,6361225216,6372052333,-10.827117,327.59441583896677,455,173,85,45,24,0
127,aeva/joint_lidars/points,lidar,320659,6400078848,6372052333,28.026515,388.04244745803203,33306,7750,1462,385,123,0
127,ouster/forward_center/points,lidar,57704,6374998784,6372052333,2.946451,229.01425680529988,446,32,3,0,0,0
127,ouster/sideward_left/points,lidar,51614,6370854400,6372052333,-1.197933,210.3008158124532,21,10,2,0,0,0
127,ouster/sideward_right/points,lidar,55774,6370021376,6372052333,-2.030957,228.262487385348,13,11,2,0,0,0
129,conti542/joint_radars/detections,radar,2889,6461534464,6472147033,-10.612569,327.5847923606974,470,188,85,46,25,0
129,aeva/joint_lidars/points,lidar,316805,6500082432,6472147033,27.935399,376.81228822565134,31876,7720,1472,427,110,0
129,ouster/forward_center/points,lidar,57251,6475040256,6472147033,2.893223,240.42313174552035,463,35,4,0,0,0
129,ouster/sideward_left/points,lidar,51545,6470681088,6472147033,-1.465945,213.24614164469742,13,9,2,0,0,0
129,ouster/sideward_right/points,lidar,55809,6469810432,6472147033,-2.336601,225.36883918793103,13,11,1,0,0,0
131,conti542/joint_radars/detections,radar,2765,6561548800,6572074208,-10.525408,327.58855010246236,493,187,92,43,23,0
131,aeva/joint_lidars/points,lidar,314278,6600088320,6572074208,28.014112,369.02952555427447,32080,8045,1481,423,81,0
131,ouster/forward_center/points,lidar,56772,6574742272,6572074208,2.668064,223.3014382262523,504,32,3,0,0,0
131,ouster/sideward_left/points,lidar,51412,6570632704,6572074208,-1.441504,216.15811065526123,11,10,2,0,0,0
131,ouster/sideward_right/points,lidar,55675,6569528832,6572074208,-2.545376,222.46124086046902,15,13,2,0,0,0
133,conti542/joint_radars/detections,radar,2826,6661294592,6672001558,-10.706966,327.53716579104747,454,152,81,39,19,0
133,aeva/joint_lidars/points,lidar,313936,6700086528,6672001558,28.08497,365.63062388693487,31969,7643,1424,449,94,0
133,ouster/forward_center/points,lidar,56581,6674670080,6672001558,2.668522,220.45673189837598,577,34,5,0,0,0
133,ouster/sideward_left/points,lidar,51249,6670911232,6672001558,-1.090326,219.04850568154959,12,12,3,0,0,0
133,ouster/sideward_right/points,lidar,55826,6669582848,6672001558,-2.41871,219.57955408351512,16,13,3,0,0,0
135,conti542/joint_radars/detections,radar,2829,6761643520,6772096233,-10.452713,327.55875014340666,514,186,118,49,17,0
135,aeva/joint_lidars/points,lidar,315599,6800096256,6772096233,28.000023,362.80702169783206,32802,7479,1175,385,80,0
135,ouster/forward_center/points,lidar,56068,6774959616,6772096233,2.863383,217.54626459731287,579,32,3,0,0,0
135,ouster/sideward_left/points,lidar,51266,6770936064,6772096233,-1.160169,217.1283445024692,17,13,5,0,0,0
135,ouster/sideward_right/points,lidar,56087,6769885952,6772096233,-2.210281,216.70676384099332,17,11,3,0,0,0
137,conti542/joint_radars/detections,radar,2965,6861563648,6872023533,-10.459885,327.57686295105987,482,164,91,37,14,0
137,aeva/joint_lidars/points,lidar,317193,6900097536,6872023533,28.074003,341.8717658142172,32239,7325,1168,392,90,0
137,ouster/forward_center/points,lidar,55466,6875140608,6872023533,3.117075,214.60152953068015,585,32,5,0,0,0
137,ouster/sideward_left/points,lidar,51150,6870814208,6872023533,-1.209325,214.29795638974431,20,12,2,0,0,0
137,ouster/sideward_right/points,lidar,56264,6869976064,6872023533,-2.047469,213.80650867081837,17,12,3,0,0,0
139,conti542/joint_radars/detections,radar,2876,6961319424,6972118183,-10.798759,327.5810074235443,387,123,75,41,14,0
139,aeva/joint_lidars/points,lidar,316303,7000095488,6972118183,27.977305,374.7122142484889,33164,7637,1268,388,121,0
139,ouster/forward_center/points,lidar,55727,6974838016,6972118183,2.719833,211.84277806711452,521,32,7,0,0,0
139,ouster/sideward_left/points,lidar,51148,6970688000,6972118183,-1.430183,218.72562395446207,22,13,3,0,0,0
139,ouster/sideward_right/points,lidar,55893,6969681408,6972118183,-2.436775,210.94145880738193,18,12,3,0,0,0
141,conti542/joint_radars/detections,radar,3111,7061700864,7072045408,-10.344544,327.5966912387539,439,142,86,44,18,0
141,aeva/joint_lidars/points,lidar,308866,7100087296,7072045408,28.041888,354.4938582713976,32326,7994,1406,430,115,0
141,ouster/forward_center/points,lidar,55901,7074601216,7072045408,2.555808,223.04690291703224,503,28,6,0,0,0
141,ouster/sideward_left/points,lidar,51152,7070668288,7072045408,-1.37712,210.04537266611794,18,12,3,0,0,0
141,ouster/sideward_right/points,lidar,55582,7069505792,7072045408,-2.539616,207.94582928870733,13,10,2,0,0,0
143,conti542/joint_radars/detections,radar,3068,7161602048,7172150033,-10.547985,325.18265450904244,399,144,91,44,18,0
143,aeva/joint_lidars/points,lidar,315404,7200094464,7172150033,27.944431,394.9453679567991,33176,8780,1421,490,137,0
143,ouster/forward_center/points,lidar,55590,7174731776,7172150033,2.581743,230.76839008663066,584,36,8,0,0,0
143,ouster/sideward_left/points,lidar,51126,7170844672,7172150033,-1.305361,206.68298575767068,21,13,3,0,0,0
143,ouster/sideward_right/points,lidar,55466,7169756928,7172150033,-2.393105,205.04525529546166,16,11,2,0,0,0
145,conti542/joint_radars/detections,radar,3166,7261271552,7272077408,-10.805856,327.57869105309686,432,161,96,46,18,0
145,aeva/joint_lidars/points,lidar,313385,7300096768,7272077408,28.01936,345.63331407763854,33476,8722,1411,387,74,0
145,ouster/forward_center/points,lidar,55495,7274978048,7272077408,2.90064,203.06678679126605,526,28,7,0,0,0
145,ouster/sideward_left/points,lidar,50853,7270852096,7272077408,-1.225312,236.37299003518163,18,16,5,0,0,0
145,ouster/sideward_right/points,lidar,55404,7270012928,7272077408,-2.06448,202.19173829057462,15,11,2,0,0,0
147,conti542/joint_radars/detections,radar,3123,7361558784,7372004683,-10.445899,327.57947335689954,469,182,113,56,22,0
147,aeva/joint_lidars/points,lidar,310497,7400096000,7372004683,28.091317,395.93141063481755,32778,8740,1510,460,128,0
147,ouster/forward_center/points,lidar,54758,7375068928,7372004683,3.064245,242.0775483632799,503,41,6,0,0,0
147,ouster/sideward_left/points,lidar,50459,7370708992,7372004683,-1.295691,242.46224829448659,26,20,8,0,0,0
147,ouster/sideward_right/points,lidar,55663,7369794304,7372004683,-2.210379,199.27165840272892,16,12,0,0,0,0
149,conti542/joint_radars/detections,radar,2943,7461522432,7472099408,-10.576976,327.5767181118807,382,139,76,41,18,0
149,aeva/joint_lidars/points,lidar,311812,7500096256,7472099408,27.996848,395.04644171155735,32115,9184,1283,486,170,0
149,ouster/forward_center/points,lidar,54344,7474791168,7472099408,2.69176,239.14705287741077,525,39,1,0,0,0
149,ouster/sideward_left/points,lidar,50709,7470667520,7472099408,-1.431888,212.10973441401353,37,17,2,0,0,0
149,ouster/sideward_right/points,lidar,55771,7469537024,7472099408,-2.562384,196.3816524578248,16,11,0,0,0,0
151,conti542/joint_radars/detections,radar,3168,7561273344,7572026608,-10.753264,327.5803321678763,516,211,109,52,21,0
151,aeva/joint_lidars/points,lidar,315877,7600099840,7572026608,28.073232,393.9681119590894,32745,9758,1246,444,134,0
151,ouster/forward_center/points,lidar,54465,7574670592,7572026608,2.643984,254.87582580962706,599,44,2,1,0,0
151,ouster/sideward_left/points,lidar,50453,7570792192,7572026608,-1.234416,219.89616566433764,27,16,1,0,0,0
151,ouster/sideward_right/points,lidar,55737,7569545472,7572026608,-2.481136,193.4770456535841,19,16,0,0,0,0
153,conti542/joint_radars/detections,radar,3152,7661700864,7672121333,-10.420469,327.59074794969194,514,218,119,51,23,0
153,aeva/joint_lidars/points,lidar,314310,7700109312,7672121333,27.987979,393.19841769479984,31262,9628,1364,509,156,0
153,ouster/forward_center/points,lidar,54145,7674806528,7672121333,2.685195,233.37317953541344,636,40,2,0,0,0
153,ouster/sideward_left/points,lidar,50488,7670871552,7672121333,-1.249781,192.2200304389137,28,15,0,0,0,0
153,ouster/sideward_right/points,lidar,55669,7669939712,7672121333,-2.181621,190.66795659203456,19,13,0,0,0,0
155,conti542/joint_radars/detections,radar,3057,7761519360,7772048708,-10.529348,327.55796177291995,391,152,83,44,14,0
155,aeva/joint_lidars/points,lidar,318164,7800110848,7772048708,28.06214,375.55496742429716,30814,9666,1329,386,79,0
155,ouster/forward_center/points,lidar,54194,7775004672,7772048708,2.955964,230.48895239473387,604,40,2,0,0,0
155,ouster/sideward_left/points,lidar,50603,7770671872,7772048708,-1.376836,214.11320489793462,20,19,1,0,0,0
155,ouster/sideward_right/points,lidar,55300,7769861120,7772048708,-2.187588,187.7077049059394,19,14,0,0,0,0
157,conti542/joint_radars/detections,radar,3274,7861310208,7872143408,-10.8332,327.56429486422195,452,196,108,40,15,0
157,aeva/joint_lidars/points,lidar,316666,7900106240,7872143408,27.962832,384.90553771287574,31300,9582,1372,391,95,0
157,ouster/forward_center/points,lidar,54206,7875045632,7872143408,2.902224,227.60662807801887,671,38,2,0,0,0
157,ouster/sideward_left/points,lidar,50795,7870634752,7872143408,-1.508656,211.20857701753374,23,17,1,0,0,0
157,ouster/sideward_right/points,lidar,54577,7869599488,7872143408,-2.54392,186.30026631059766,18,13,0,0,0,0
159,conti542/joint_radars/detections,radar,3121,7961706240,7972070733,-10.364493,327.59826054204996,451,192,111,45,15,0
159,aeva/joint_lidars/points,lidar,317515,8000113664,7972070733,28.042931,382.19486676919314,31709,9717,1444,370,70,0
159,ouster/forward_center/points,lidar,53494,7974724352,7972070733,2.653619,207.58025530897916,722,39,1,0,0,0
159,ouster/sideward_left/points,lidar,50799,7970899712,7972070733,-1.171021,225.4358777500395,17,16,1,0,0,0
159,ouster/sideward_right/points,lidar,54127,7969527296,7972070733,-2.543437,185.98418441050188,16,13,0,0,0,0
161,conti542/joint_radars/detections,radar,3079,8061598208,8071997958,-10.39975,327.5966182941679,424,175,93,40,13,0
161,aeva/joint_lidars/points,lidar,338035,8100114688,8071997958,28.11673,380.28412003356647,32220,9577,1541,464,97,0
161,ouster/forward_center/points,lidar,52686,8074559232,8071997958,2.561274,204.71658702345314,677,46,1,0,0,0
161,ouster/sideward_left/points,lidar,50782,8070940928,8071997958,-1.05703,193.86468263283288,22,18,0,0,0,0
161,ouster/sideward_right/points,lidar,53910,8069856000,8071997958,-2.141958,185.78347640854392,16,12,0,0,0,0
163,conti542/joint_radars/detections,radar,3182,8161256448,8172102683,-10.846235,327.5681433411815,481,197,94,37,12,0
163,aeva/joint_lidars/points,lidar,317306,8200111360,8172102683,28.008677,367.07686626154987,33313,9838,1475,420,95,0
163,ouster/forward_center/points,lidar,52064,8174829824,8172102683,2.727141,233.61326569691545,772,46,2,0,0,0
163,ouster/sideward_left/points,lidar,50924,8170753792,8172102683,-1.348891,219.6879683127182,18,17,1,0,0,0
163,ouster/sideward_right/points,lidar,53602,8169963008,8172102683,-2.139675,185.60837783388112,17,11,0,0,0,0
165,conti542/joint_radars/detections,radar,3253,8261692160,8272030058,-10.337898,327.58052035302603,511,190,99,38,17,0
165,aeva/joint_lidars/points,lidar,340069,8300102400,8272030058,28.072342,355.6255775904592,35044,9606,1434,419,88,0
165,ouster/forward_center/points,lidar,51181,8275083264,8272030058,3.053206,234.72545887118258,799,67,1,0,0,0
165,ouster/sideward_left/points,lidar,50938,8270652160,8272030058,-1.377898,231.42375442553183,18,16,1,0,0,0
165,ouster/sideward_right/points,lidar,53444,8269620224,8272030058,-2.409834,185.37248945868606,20,13,0,0,0,0
167,conti542/joint_radars/detections,radar,3296,8361539584,8372124758,-10.585174,327.592187820315,493,171,86,42,23,0
167,aeva/joint_lidars/points,lidar,344822,8400109056,8372124758,27.984298,370.20532257852057,35191,9842,1474,413,127,0
167,ouster/forward_center/points,lidar,50977,8374893312,8372124758,2.768554,231.7725348934112,704,56,3,0,0,0
167,ouster/sideward_left/points,lidar,50684,8370735616,8372124758,-1.389142,202.4962443829684,16,13,1,0,0,0
167,ouster/sideward_right/points,lidar,53300,8369487104,8372124758,-2.637654,185.17085427499427,18,13,0,0,0,0
169,conti542/joint_radars/detections,radar,3361,8461214464,8472052108,-10.837644,327.5742715613099,505,180,92,43,22,0
169,aeva/joint_lidars/points,lidar,338930,8500111616,8472052108,28.059508,366.69853053230827,34706,9651,1485,407,116,0
169,ouster/forward_center/points,lidar,50814,8474599680,8472052108,2.547572,243.3574257335969,564,60,3,0,0,0
169,ouster/sideward_left/points,lidar,50516,8470914048,8472052108,-1.13806,205.34274729704003,17,12,1,0,0,0
169,ouster/sideward_right/points,lidar,53549,8469855744,8472052108,-2.196364,202.7046663885402,17,13,1,0,0,0
171,conti542/joint_radars/detections,radar,3280,8561584896,8572146758,-10.561862,327.5894784472171,525,186,104,51,23,0
171,aeva/joint_lidars/points,lidar,368700,8600107264,8572146758,27.960506,378.2569330886456,35572,10609,1563,449,158,0
171,ouster/forward_center/points,lidar,50656,8574797568,8572146758,2.65081,225.95533981257162,706,60,2,0,0,0
171,ouster/sideward_left/points,lidar,50330,8570779904,8572146758,-1.366854,222.72140128365592,15,13,2,0,0,0
171,ouster/sideward_right/points,lidar,53702,8569972480,8572146758,-2.174278,184.7627501836788,18,13,0,0,0,0
173,conti542/joint_radars/detections,radar,3338,8661589760,8672074008,-10.484248,327.58045155457216,511,194,94,34,12,0
173,aeva/joint_lidars/points,lidar,345793,8700103936,8672074008,28.029928,382.04759222445153,35216,10442,1665,463,128,0
173,ouster/forward_center/points,lidar,50549,8675089408,8672074008,3.0154,204.48167298369685,700,47,1,0,0,0
173,ouster/sideward_left/points,lidar,50407,8670624000,8672074008,-1.450008,219.8660318090095,18,14,1,0,0,0
173,ouster/sideward_right/points,lidar,53601,8669654784,8672074008,-2.419224,184.57259710429489,20,14,0,0,0,0
175,conti542/joint_radars/detections,radar,3429,8761378560,8772001358,-10.622798,327.5777444575107,548,199,88,37,18,0
175,aeva/joint_lidars/points,lidar,357605,8800110848,8772001358,28.10949,383.2098212810826,35952,10646,1654,402,113,0
175,ouster/forward_center/points,lidar,50870,8774952192,8772001358,2.950834,234.57337124498986,671,55,2,0,0,0
175,ouster/sideward_left/points,lidar,50608,8770720000,8772001358,-1.281358,184.5641123205471,12,12,0,0,0,0
175,ouster/sideward_right/points,lidar,53545,8769482752,8772001358,-2.518606,184.38979135981782,16,13,0,0,0,0
177,conti542/joint_radars/detections,radar,3326,8861635072,8872096058,-10.460986,327.5921701107192,542,192,79,35,22,0
177,aeva/joint_lidars/points,lidar,310067,8900117760,8872096058,28.021702,387.6058887229715,36236,10633,1797,321,107,0
177,ouster/forward_center/points,lidar,50954,8874664192,8872096058,2.568134,231.7425842360153,546,49,3,0,0,0
177,ouster/sideward_left/points,lidar,50611,8871021568,8872096058,-1.07449,218.03401408787968,15,13,1,0,0,0
177,ouster/sideward_right/points,lidar,53075,8869774848,8872096058,-2.32121,184.2306473469133,15,12,0,0,0,0
179,conti542/joint_radars/detections,radar,3441,8961540096,8972023358,-10.483262,327.62805970131996,623,222,89,45,20,0
179,aeva/joint_lidars/points,lidar,333957,9000114176,8972023358,28.090818,389.2013708877525,36056,11299,1872,404,128,0
179,ouster/forward_center/points,lidar,51167,8974655744,8972023358,2.632386,214.4271309858066,656,48,2,0,0,0
179,ouster/sideward_left/points,lidar,50752,8970832128,8972023358,-1.19123,215.1644540584403,14,12,2,0,0,0
179,ouster/sideward_right/points,lidar,52772,8969998848,8972023358,-2.02451,184.0288500039787,18,14,0,0,0,0
181,conti542/joint_radars/detections,radar,3409,9061322496,9072118058,-10.795562,327.6380585774862,593,201,82,41,21,0
181,aeva/joint_lidars/points,lidar,315430,9100111104,9072118058,27.993046,347.9071457131109,34333,11248,1924,365,121,0
181,ouster/forward_center/points,lidar,51073,9074893056,9072118058,2.774998,225.99683987219368,543,49,3,0,0,0
181,ouster/sideward_left/points,lidar,50217,9070686976,9072118058,-1.431082,212.32975832099532,16,13,2,0,0,0
181,ouster/sideward_right/points,lidar,52687,9069747200,9072118058,-2.370858,183.81968071990275,17,13,0,0,0,0
183,conti542/joint_radars/detections,radar,3285,9161728512,9172055358,-10.326846,327.7151639759285,570,207,75,35,17,0
183,aeva/joint_lidars/points,lidar,318372,9200121856,9172055358,28.066498,341.88828802565666,33306,11220,2000,355,126,0
183,ouster/forward_center/points,lidar,51504,9175143680,9172055358,3.088322,253.57531376722463,461,44,1,1,0,0
183,ouster/sideward_left/points,lidar,49924,9170666240,9172055358,-1.389118,209.39404306992546,12,11,2,0,0,0
183,ouster/sideward_right/points,lidar,52840,9169502976,9172055358,-2.552382,183.61191993552316,20,9,0,0,0,0
185,conti542/joint_radars/detections,radar,3364,9261595904,9272150058,-10.554154,327.7075574165445,583,186,87,43,24,0
185,aeva/joint_lidars/points,lidar,318367,9300123904,9272150058,27.973846,389.28016241674817,31838,11076,2191,394,111,0
185,ouster/forward_center/points,lidar,51549,9274882304,9272150058,2.732246,183.67172592225148,475,38,0,0,0,0
185,ouster/sideward_left/points,lidar,49775,9270820608,9272150058,-1.32945,206.49499055621018,17,13,2,0,0,0
185,ouster/sideward_right/points,lidar,52992,9269621504,9272150058,-2.528554,183.4087436919656,22,11,0,0,0,0
187,conti542/joint_radars/detections,radar,3250,9361242368,9372077408,-10.83504,327.61113906309214,534,193,82,33,15,0
187,aeva/joint_lidars/points,lidar,335063,9400122368,9372077408,28.04496,379.33043513722146,31104,11565,2242,457,164,0
187,ouster/forward_center/points,lidar,51849,9374578944,9372077408,2.501536,227.00344140139543,511,37,2,0,0,0
187,ouster/sideward_left/points,lidar,49673,9370952960,9372077408,-1.124448,203.64800059301584,19,14,2,0,0,0
187,ouster/sideward_right/points,lidar,53064,9369952512,9372077408,-2.124896,183.24431514081712,20,12,0,0,0,0
189,conti542/joint_radars/detections,radar,3281,9461553664,9472004733,-10.451069,327.6266967900775,515,200,69,32,20,0
189,aeva/joint_lidars/points,lidar,312953,9500114432,9472004733,28.109699,371.5935382979424,30318,11819,2395,434,129,0
189,ouster/forward_center/points,lidar,52079,9474754560,9472004733,2.749827,244.91605829140858,619,43,2,0,0,0
189,ouster/sideward_left/points,lidar,49680,9470778880,9472004733,-1.225853,201.28532407256276,23,21,2,0,0,0
189,ouster/sideward_right/points,lidar,53211,9469866240,9472004733,-2.138493,204.19060215185706,17,10,1,0,0,0
191,conti542/joint_radars/detections,radar,3440,9561516800,9572099408,-10.582608,327.7255278163963,578,231,96,40,21,0
191,aeva/joint_lidars/points,lidar,328374,9600122368,9572099408,28.02296,375.29974172638015,28637,11597,2275,429,65,0
191,ouster/forward_center/points,lidar,52157,9575104768,9572099408,3.00536,211.58623298153836,559,53,1,0,0,0
191,ouster/sideward_left/points,lidar,50108,9570649088,9572099408,-1.45032,217.05909857263526,24,22,3,0,0,0
191,ouster/sideward_right/points,lidar,53541,9569582080,9572099408,-2.517328,182.86899118638914,21,11,0,0,0,0
193,conti542/joint_radars/detections,radar,3356,9661254912,9672026633,-10.771721,327.626870744681,549,209,85,34,22,0
193,aeva/joint_lidars/points,lidar,312075,9700123392,9672026633,28.096759,395.5464879288217,26382,11085,2303,442,130,0
193,ouster/forward_center/points,lidar,51971,9674969856,9672026633,2.943223,208.70836557799674,533,40,1,0,0,0
193,ouster/sideward_left/points,lidar,50049,9670721792,9672026633,-1.304841,194.96007746261867,14,12,0,0,0,0
193,ouster/sideward_right/points,lidar,53602,9669512704,9672026633,-2.513929,182.6409777730863,22,10,0,0,0,0
195,conti542/joint_radars/detections,radar,3256,9761689344,9772121283,-10.431939,327.64404908577507,556,223,94,40,22,0
195,aeva/joint_lidars/points,lidar,314260,9800119040,9772121283,27.997757,347.8665743603951,25606,11079,2147,335,81,0
195,ouster/forward_center/points,lidar,52499,9774655488,9772121283,2.534205,205.82677342026727,565,56,1,0,0,0
195,ouster/sideward_left/points,lidar,49880,9770934016,9772121283,-1.187267,192.15143272563694,17,15,0,0,0,0
195,ouster/sideward_right/points,lidar,53711,9769821952,9772121283,-2.299331,182.47138883148244,20,9,0,0,0,0
197,conti542/joint_radars/detections,radar,3201,9861546752,9872048658,-10.501906,327.59821445202715,563,212,82,39,16,0
197,aeva/joint_lidars/points,lidar,337699,9900116224,9872048658,28.067566,362.9257975495984,26619,12088,2523,439,101,0
197,ouster/forward_center/points,lidar,52221,9874667776,9872048658,2.619118,212.5453510778779,604,57,2,0,0,0
197,ouster/sideward_left/points,lidar,49766,9870827264,9872048658,-1.221394,189.20775324282212,18,14,0,0,0,0
197,ouster/sideward_right/points,lidar,53654,9869979648,9872048658,-2.06901,182.30942783681664,22,9,0,0,0,0
199,conti542/joint_radars/detections,radar,3081,9961306880,9972143333,-10.836453,327.5835938088616,499,193,80,33,11,0
199,aeva/joint_lidars/points,lidar,313911,10000112896,9972143333,27.969563,361.3938796626129,26232,12498,2498,458,130,0
199,ouster/forward_center/points,lidar,52264,9974953728,9972143333,2.810395,209.6853785967346,572,58,2,0,0,0
199,ouster/sideward_left/points,lidar,49746,9970639360,9972143333,-1.503973,188.60693897754186,17,16,0,0,0,0
199,ouster/sideward_right/points,lidar,53715,9969692928,9972143333,-2.450405,182.10020741641918,21,9,0,0,0,0
201,conti542/joint_radars/detections,radar,3143,10061698048,10072070658,-10.37261,327.64655012378336,535,206,70,32,15,0
201,aeva/joint_lidars/points,lidar,335364,10100113152,10072070658,28.042494,390.96381810339136,24885,12579,2445,430,92,0
201,ouster/forward_center/points,lidar,52329,10075155200,10072070658,3.084542,197.22703982388455,639,78,0,0,0,0
201,ouster/sideward_left/points,lidar,49984,10070695424,10072070658,-1.375234,193.20766027663421,19,17,0,0,0,0
201,ouster/sideward_right/points,lidar,53877,10069479936,10072070658,-2.590722,181.9175572749962,24,11,0,0,0,0
203,conti542/joint_radars/detections,radar,3275,10161600512,10172007958,-10.407446,327.6451407899046,599,232,85,41,21,0
203,aeva/joint_lidars/points,lidar,327676,10200105472,10172007958,28.097514,394.2106602769151,25129,12545,2529,496,117,0
203,ouster/forward_center/points,lidar,52097,10174879744,10172007958,2.871786,203.95881380977775,671,55,1,0,0,0
203,ouster/sideward_left/points,lidar,49772,10170944000,10172007958,-1.063958,199.03654696600353,18,16,0,0,0,0
203,ouster/sideward_right/points,lidar,53842,10169750784,10172007958,-2.257174,181.74734977398805,21,11,0,0,0,0
205,conti542/joint_radars/detections,radar,3239,10261229824,10272102658,-10.872834,327.6358321706177,544,200,76,30,17,0
205,aeva/joint_lidars/points,lidar,324139,10300096768,10272102658,27.99411,362.2673825936777,23821,11828,2569,428,113,0
205,ouster/forward_center/points,lidar,51557,10274625024,10272102658,2.522366,201.09328716121905,664,64,2,0,0,0
205,ouster/sideward_left/points,lidar,49863,10270862080,10272102658,-1.240578,205.17253276747036,17,16,2,0,0,0
205,ouster/sideward_right/points,lidar,53903,10270018304,10272102658,-2.084354,181.5616979020664,24,10,0,0,0,0
207,conti542/joint_radars/detections,radar,3350,10361682688,10372029983,-10.347295,327.5346322745707,599,216,91,41,12,0
207,aeva/joint_lidars/points,lidar,342844,10400103168,10372029983,28.073185,375.39685312520743,23649,11579,2747,482,98,0
207,ouster/forward_center/points,lidar,51314,10374711296,10372029983,2.681313,229.08561846496272,811,77,1,0,0,0
207,ouster/sideward_left/points,lidar,50006,10370675200,10372029983,-1.354783,230.13577569394755,22,19,6,0,0,0
207,ouster/sideward_right/points,lidar,53729,10369837824,10372029983,-2.192159,238.85871904549597,25,11,1,0,0,0
209,conti542/joint_radars/detections,radar,3427,10461530368,10472124683,-10.594315,327.5083165066586,633,255,104,48,9,0
209,aeva/joint_lidars/points,lidar,332439,10500097536,10472124683,27.972853,397.6095447337379,23226,11097,2482,376,44,0
209,ouster/forward_center/points,lidar,51943,10475030272,10472124683,2.905589,195.06183991199495,871,47,0,0,0,0
209,ouster/sideward_left/points,lidar,50164,10470670592,10472124683,-1.454091,232.96726159849607,19,16,5,0,0,0
209,ouster/sideward_right/points,lidar,53583,10469566464,10472124683,-2.558219,235.83320383555488,23,12,1,0,0,0
211,conti542/joint_radars/detections,radar,3237,10561198848,10572051983,-10.853135,327.41156836132865,559,201,67,39,10,0
211,aeva/joint_lidars/points,lidar,333490,10600095488,10572051983,28.043505,369.59961633217256,23865,10877,2333,457,75,0
211,ouster/forward_center/points,lidar,51759,10575027200,10572051983,2.975217,223.30076619059056,923,46,1,0,0,0
211,ouster/sideward_left/points,lidar,49785,10570873600,10572051983,-1.178383,222.7568263841663,16,15,2,0,0,0
211,ouster/sideward_right/points,lidar,53635,10569493504,10572051983,-2.558479,191.39727126631098,27,12,0,0,0,0
213,conti542/joint_radars/detections,radar,3302,10661567744,10672146683,-10.578939,323.0195098116041,590,234,72,38,6,0
213,aeva/joint_lidars/points,lidar,329642,10700083968,10672146683,27.937285,391.63354907614735,24232,10889,2256,467,61,0
213,ouster/forward_center/points,lidar,51460,10674669312,10672146683,2.522629,252.15759769756446,964,42,2,1,0,0
213,ouster/sideward_left/points,lidar,49456,10670868736,10672146683,-1.277947,211.0124698179975,15,14,1,0,0,0
213,ouster/sideward_right/points,lidar,53704,10669840640,10672146683,-2.306043,188.5529359602785,24,11,0,0,0,0
215,conti542/joint_radars/detections,radar,3352,10761563392,10772073858,-10.510466,327.59208145616793,592,235,66,37,13,0
215,aeva/joint_lidars/points,lidar,333786,10800085760,10772073858,28.011902,388.957124952715,25342,10817,2244,498,62,0
215,ouster/forward_center/points,lidar,51505,10774583040,10772073858,2.509182,217.5462612219086,895,61,1,0,0,0
215,ouster/sideward_left/points,lidar,49283,10770720768,10772073858,-1.35309,208.21832644970218,16,14,2,0,0,0
215,ouster/sideward_right/points,lidar,53994,10770025728,10772073858,-2.04813,185.69109039247596,27,12,0,0,0,0
217,conti542/joint_radars/detections,radar,3266,10861272832,10872001233,-10.728401,327.71748284866294,610,261,74,33,8,0
217,aeva/joint_lidars/points,lidar,323062,10900080640,10872001233,28.079407,360.8572815740409,25206,10463,2432,495,38,0
217,ouster/forward_center/points,lidar,51770,10874957312,10872001233,2.956079,214.7087920982908,820,51,2,0,0,0
217,ouster/sideward_left/points,lidar,49306,10870647040,10872001233,-1.354193,205.3403905134501,16,14,1,0,0,0
217,ouster/sideward_right/points,lidar,54191,10869751552,10872001233,-2.249681,182.85906264941758,15,12,0,0,0,0
219,conti542/joint_radars/detections,radar,3250,10961604096,10972095858,-10.491762,327.7231678529546,622,259,81,47,17,0
219,aeva/joint_lidars/points,lidar,324621,11000074752,10972095858,27.978894,360.1994687256709,24790,10601,2404,559,35,0
219,ouster/forward_center/points,lidar,51836,10975162624,10972095858,3.066766,211.80953390528722,695,47,1,0,0,0
219,ouster/sideward_left/points,lidar,49336,10970798080,10972095858,-1.297778,217.08905424767215,21,18,5,0,0,0
219,ouster/sideward_right/points,lidar,54567,10969531904,10972095858,-2.563954,180.32370383821194,16,11,0,0,0,0
221,conti542/joint_radars/detections,radar,3214,11061538560,11072023208,-10.484648,327.72455637479356,630,250,77,36,18,0
221,aeva/joint_lidars/points,lidar,311239,11100072704,11072023208,28.049496,384.77794159373855,24108,9727,2285,533,33,0
221,ouster/forward_center/points,lidar,51447,11074870784,11072023208,2.847576,208.93943384324848,602,38,1,0,0,0
221,ouster/sideward_left/points,lidar,49291,11070910720,11072023208,-1.112488,219.9983456766441,21,18,4,0,0,0
221,ouster/sideward_right/points,lidar,54828,11069627392,11072023208,-2.395816,180.10814564719965,15,9,0,0,0,0
223,conti542/joint_radars/detections,radar,3203,11161294592,11172127983,-10.833391,327.6447961006303,633,251,74,33,16,0
223,aeva/joint_lidars/points,lidar,315646,11200066304,11172127983,27.938321,328.26040276774364,26081,9760,2341,444,26,0
223,ouster/forward_center/points,lidar,51516,11174664960,11172127983,2.536977,248.5773498468535,510,42,2,0,0,0
223,ouster/sideward_left/points,lidar,49198,11170770688,11172127983,-1.357295,229.1948467577753,20,15,3,0,0,0
223,ouster/sideward_right/points,lidar,54723,11169861376,11172127983,-2.266607,179.93099595640902,13,9,0,0,0,0
225,conti542/joint_radars/detections,radar,3136,11261690624,11272055233,-10.364609,327.7297038355836,589,211,66,27,16,0
225,aeva/joint_lidars/points,lidar,303409,11300066816,11272055233,28.011583,391.0342304415079,25420,9053,2462,439,23,0
225,ouster/forward_center/points,lidar,51959,11274799872,11272055233,2.744639,203.18116623269424,530,30,1,0,0,0
225,ouster/sideward_left/points,lidar,49490,11270634752,11272055233,-1.420481,235.50228448149437,26,18,4,0,0,0
225,ouster/sideward_right/points,lidar,54693,11269888512,11272055233,-2.166721,179.76580018105406,14,8,0,0,0,0
227,conti542/joint_radars/detections,radar,3213,11361565696,11372149908,-10.584212,327.6565191099578,642,232,64,25,12,0
227,aeva/joint_lidars/points,lidar,315751,11400062208,11372149908,27.9123,393.9298939802807,24860,9327,2619,377,32,0
227,ouster/forward_center/points,lidar,52051,11375112960,11372149908,2.963052,200.30193597004615,359,27,1,0,0,0
227,ouster/sideward_left/points,lidar,49863,11370694144,11372149908,-1.455764,211.80150512939065,21,15,2,0,0,0
227,ouster/sideward_right/points,lidar,54637,11369609216,11372149908,-2.540692,179.60020459336695,15,9,0,0,0,0
229,conti542/joint_radars/detections,radar,3109,11461222912,11472077283,-10.854371,327.6529731041175,557,204,51,25,11,0
229,aeva/joint_lidars/points,lidar,309115,11500054528,11472077283,27.977245,341.80497876126736,24833,9352,2586,391,27,0
229,ouster/forward_center/points,lidar,52618,11474855168,11472077283,2.777885,187.32769563147716,167,25,0,0,0,0
229,ouster/sideward_left/points,lidar,50668,11470985728,11472077283,-1.091555,214.7144993813217,22,14,1,0,0,0
229,ouster/sideward_right/points,lidar,54678,11469478656,11472077283,-2.598627,179.40445127086696,16,10,0,0,0,0
231,conti542/joint_radars/detections,radar,3041,11561511936,11572004583,-10.492647,327.6499122506227,577,226,58,24,10,0
231,aeva/joint_lidars/points,lidar,290649,11600061184,11572004583,28.056601,340.21298283272733,26757,9833,2887,353,13,0
231,ouster/forward_center/points,lidar,52267,11574636800,11572004583,2.632217,184.48192260327178,251,30,0,0,0,0
231,ouster/sideward_left/points,lidar,51111,11570857984,11572004583,-1.146599,217.63646179493992,20,12,1,0,0,0
231,ouster/sideward_right/points,lidar,54523,11569778432,11572004583,-2.226151,222.41209272921685,14,9,1,0,0,0
233,conti542/joint_radars/detections,radar,3036,11661498880,11672099283,-10.600403,327.6817953893242,617,246,65,31,16,0
233,aeva/joint_lidars/points,lidar,291793,11700059648,11672099283,27.960365,374.38052710628097,27043,9753,3049,382,36,0
233,ouster/forward_center/points,lidar,51999,11674807552,11672099283,2.708269,244.82064668874904,403,30,1,0,0,0
233,ouster/sideward_left/points,lidar,50587,11670695168,11672099283,-1.404115,220.48819488997273,19,15,1,0,0,0
233,ouster/sideward_right/points,lidar,54634,11669998592,11672099283,-2.100691,179.04786626929715,14,8,0,0,0,0
235,conti542/joint_radars/detections,radar,3093,11761245440,11772026483,-10.781043,327.658967531875,616,220,50,25,8,0
235,aeva/joint_lidars/points,lidar,301925,11800062720,11772026483,28.036237,370.79989091455127,27417,9568,3015,371,17,0
235,ouster/forward_center/points,lidar,52490,11775106304,11772026483,3.079821,188.8688504701939,98,29,0,0,0,0
235,ouster/sideward_left/points,lidar,49949,11770648320,11772026483,-1.378163,179.47142530228876,21,15,0,0,0,0
235,ouster/sideward_right/points,lidar,54850,11769792768,11772026483,-2.233715,178.86599762474367,15,9,0,0,0,0
237,conti542/joint_radars/detections,radar,3114,11861687296,11872121208,-10.433912,327.6626901239746,633,231,49,27,13,0
237,aeva/joint_lidars/points,lidar,314505,11900051200,11872121208,27.929992,380.37061598895605,29072,9926,2830,320,31,0
237,ouster/forward_center/points,lidar,52999,11874902272,11872121208,2.781064,185.94786457072564,134,38,0,0,0,0
237,ouster/sideward_left/points,lidar,49679,11870811648,11872121208,-1.30956,226.046819941486,18,14,1,0,0,0
237,ouster/sideward_right/points,lidar,54584,11869538304,11872121208,-2.582904,184.9944033419547,17,13,0,0,0,0
239,conti542/joint_radars/detections,radar,3158,11961543936,11972048558,-10.504622,327.6360621545951,658,262,63,30,18,0
239,aeva/joint_lidars/points,lidar,314169,12000050432,11972048558,28.001874,365.64821453578384,30223,10769,2753,301,59,0
239,ouster/forward_center/points,lidar,53240,11974626816,11972048558,2.578258,200.11566899792774,183,38,1,0,0,0
239,ouster/sideward_left/points,lidar,49066,11970947072,11972048558,-1.101486,228.8591518801169,22,16,3,0,0,0
239,ouster/sideward_right/points,lidar,54466,11969536512,11972048558,-2.512046,182.12160901322932,18,13,0,0,0,0
241,conti542/joint_radars/detections,radar,2768,12061339648,12072143258,-10.80361,327.6460476968154,488,192,39,17,12,0
241,aeva/joint_lidars/points,lidar,312972,12100051200,12072143258,27.907942,397.2167035413076,28709,10594,2643,269,65,0
241,ouster/forward_center/points,lidar,53514,12074718976,12072143258,2.575718,180.31172103485616,126,27,0,0,0,0
241,ouster/sideward_left/points,lidar,49389,12070747136,12072143258,-1.396122,231.66533827948894,18,15,2,0,0,0
241,ouster/sideward_right/points,lidar,54541,12069852928,12072143258,-2.29033,179.18741959461164,19,12,0,0,0,0
243,conti542/joint_radars/detections,radar,3014,12161686528,12172080658,-10.39413,327.6725508617564,558,209,47,16,13,0
243,aeva/joint_lidars/points,lidar,314554,12200044800,12172080658,27.964142,394.4478071540224,29738,11172,2641,346,87,0
243,ouster/forward_center/points,lidar,54126,12175010560,12172080658,2.929902,189.38544862912454,99,36,0,0,0,0
243,ouster/sideward_left/points,lidar,49592,12170657536,12172080658,-1.423122,221.13460481778938,13,12,1,0,0,0
243,ouster/sideward_right/points,lidar,54518,12169930496,12172080658,-2.150162,178.14894825301664,17,11,0,0,0,0
245,conti542/joint_radars/detections,radar,3078,12261579520,12272007908,-10.428388,323.0618649664032,565,226,41,13,9,0
245,aeva/joint_lidars/points,lidar,306069,12300040448,12272007908,28.03254,357.1248160098567,27791,11088,2526,264,51,0
245,ouster/forward_center/points,lidar,54841,12275033600,12272007908,3.025692,178.19106915968496,103,26,0,0,0,0
245,ouster/sideward_left/points,lidar,49633,12270745344,12272007908,-1.262564,189.6765075224945,11,10,0,0,0,0
245,ouster/sideward_right/points,lidar,54447,12269691136,12272007908,-2.316772,177.97568101165385,17,11,0,0,0,0
247,conti542/joint_radars/detections,radar,2967,12361218560,12372102583,-10.884023,323.0678385573385,513,190,42,19,8,0
247,aeva/joint_lidars/points,lidar,311608,12400032512,12372102583,27.929929,388.47969267149796,28240,11788,2337,318,60,0
247,ouster/forward_center/points,lidar,55080,12374710784,12372102583,2.608201,178.02325672582853,128,27,0,0,0,0
247,ouster/sideward_left/points,lidar,49145,12370929408,12372102583,-1.173175,239.1387261567692,16,12,1,0,0,0
247,ouster/sideward_right/points,lidar,54507,12369527296,12372102583,-2.575287,177.8053580007727,15,10,0,0,0,0
249,conti542/joint_radars/detections,radar,2897,12461665792,12472029933,-10.364141,324.26721922587745,509,186,33,13,7,0
249,aeva/joint_lidars/points,lidar,307354,12500030976,12472029933,28.001043,339.5656954703834,27236,11620,2417,291,52,0
249,ouster/forward_center/points,lidar,55407,12474670080,12472029933,2.640147,177.82803871723132,140,30,0,0,0,0
249,ouster/sideward_left/points,lidar,49237,12470822656,12472029933,-1.207277,201.41882003972125,17,12,1,0,0,0
249,ouster/sideward_right/points,lidar,54691,12469795584,12472029933,-2.234349,177.62599707082714,16,10,0,0,0,0
251,conti542/joint_radars/detections,radar,2781,12561545728,12572124583,-10.578855,323.0870773976435,513,173,30,11,6,0
251,aeva/joint_lidars/points,lidar,307713,12600028928,12572124583,27.904345,339.20077162254654,28653,11361,2340,292,79,0
251,ouster/forward_center/points,lidar,55494,12574951168,12572124583,2.826585,177.65351355489767,148,30,0,0,0,0
251,ouster/sideward_left/points,lidar,49370,12570689024,12572124583,-1.435559,237.53020455398268,18,13,1,0,0,0
251,ouster/sideward_right/points,lidar,54864,12569971200,12572124583,-2.153383,177.41396251681905,18,11,0,0,0,0
253,conti542/joint_radars/detections,radar,2947,12661245440,12672051908,-10.806468,323.05864828768347,505,175,29,11,6,0
253,aeva/joint_lidars/points,lidar,299379,12700019200,12672051908,27.967292,343.33495370391114,27794,11206,2453,265,62,0
253,ouster/forward_center/points,lidar,55718,12675118592,12672051908,3.066684,177.4935362465672,177,39,0,0,0,0
253,ouster/sideward_left/points,lidar,49392,12670721024,12672051908,-1.330884,236.70716930987604,15,11,1,0,0,0
253,ouster/sideward_right/points,lidar,54938,12669689088,12672051908,-2.36282,177.2463708306855,18,11,0,0,0,0
255,conti542/joint_radars/detections,radar,2866,12761554432,12772146533,-10.592101,323.0788091332691,491,184,29,8,5,0
255,aeva/joint_lidars/points,lidar,307032,12800018432,12772146533,27.871899,359.8553064342629,29876,11230,2581,352,69,0
255,ouster/forward_center/points,lidar,55336,12774842880,12772146533,2.696347,244.03940511070007,183,32,1,0,0,0
255,ouster/sideward_left/points,lidar,49427,12770835200,12772146533,-1.311333,218.72163606169116,15,13,1,0,0,0
255,ouster/sideward_right/points,lidar,54989,12769428224,12772146533,-2.718309,177.0687729962412,19,10,0,0,0,0
257,conti542/joint_radars/detections,radar,2901,12861555456,12872073733,-10.518277,323.07667127458785,503,174,41,13,6,0
257,aeva/joint_lidars/points,lidar,304380,12900017152,12872073733,27.943419,356.82488904649875,29394,10696,2508,364,81,0
257,ouster/forward_center/points,lidar,54767,12874575104,12872073733,2.501371,177.07155856239382,135,29,0,0,0,0
257,ouster/sideward_left/points,lidar,50001,12870720512,12872073733,-1.353221,224.53778014541538,18,12,1,0,0,0
257,ouster/sideward_right/points,lidar,55025,12869718272,12872073733,-2.355461,176.82508390179825,15,10,0,0,0,0
259,conti542/joint_radars/detections,radar,2983,12961290752,12972001033,-10.710281,327.5708703877744,518,203,36,12,7,0
259,aeva/joint_lidars/points,lidar,301571,13000023296,12972001033,28.022263,371.1961882320154,30156,11009,2622,409,82,0
259,ouster/forward_center/points,lidar,54918,12974764544,12972001033,2.763511,176.98195246803354,109,27,0,0,0,0
259,ouster/sideward_left/points,lidar,50036,12970660096,12972001033,-1.340937,230.5587081936931,15,10,2,0,0,0
259,ouster/sideward_right/points,lidar,54885,12970010624,12972001033,-1.990409,176.69461683065398,19,11,0,0,0,0
261,conti542/joint_radars/detections,radar,2972,13061584384,13072095733,-10.511349,323.09037787022424,505,187,28,5,3,0
261,aeva/joint_lidars/points,lidar,295409,13100014848,13072095733,27.919115,350.55210555304836,29068,10872,2436,375,55,0
261,ouster/forward_center/points,lidar,55144,13075083264,13072095733,2.987531,176.70061538985317,133,27,0,0,0,0
261,ouster/sideward_left/points,lidar,50148,13070795264,13072095733,-1.300469,176.70024171785053,17,11,0,0,0,0
261,ouster/sideward_right/points,lidar,54767,13069798400,13072095733,-2.297333,176.3585257893458,15,11,0,0,0,0
263,conti542/joint_radars/detections,radar,2913,13161528832,13172033133,-10.504301,327.41883769805474,474,184,32,11,9,0
263,aeva/joint_lidars/points,lidar,292505,13200014848,13172033133,27.981715,352.1838640657851,29117,10527,2546,465,58,0
263,ouster/forward_center/points,lidar,55377,13174947584,13172033133,2.914451,232.74899326690493,271,28,2,0,0,0
263,ouster/sideward_left/points,lidar,50211,13170890496,13172033133,-1.142637,177.51258376691965,17,9,0,0,0,0
263,ouster/sideward_right/points,lidar,54577,13169551360,13172033133,-2.481773,176.21110662897377,16,12,0,0,0,0
265,conti542/joint_radars/detections,radar,3003,13261279232,13272127783,-10.848551,323.06813131490173,508,197,42,13,5,0
265,aeva/joint_lidars/points,lidar,287493,13300017408,13272127783,27.889625,355.95388507558675,28790,10174,2549,499,67,0
265,ouster/forward_center/points,lidar,55130,13274677504,13272127783,2.549721,228.10201192306062,309,26,1,0,0,0
265,ouster/sideward_left/points,lidar,50051,13270775296,13272127783,-1.352487,176.33474588971708,15,10,0,0,0,0
265,ouster/sideward_right/points,lidar,54631,13269518848,13272127783,-2.608935,176.22265146280293,20,13,0,0,0,0
267,conti542/joint_radars/detections,radar,3030,13361675264,13372054983,-10.379719,327.3809323906553,528,213,38,14,8,0
267,aeva/joint_lidars/points,lidar,286772,13400015872,13372054983,27.960889,328.6812494396836,30579,11188,2514,503,53,0
267,ouster/forward_center/points,lidar,54671,13374610944,13372054983,2.555961,230.87577690281555,329,33,1,0,0,0
267,ouster/sideward_left/points,lidar,50414,13370618112,13372054983,-1.436871,176.1972976037237,16,6,0,0,0,0
267,ouster/sideward_right/points,lidar,54763,13369856256,13372054983,-2.198727,175.9563788951139,21,11,0,0,0,0
269,conti542/joint_radars/detections,radar,3038,13461566208,13472149683,-10.583475,323.0518480283276,537,219,47,17,8,0
269,aeva/joint_lidars/points,lidar,295087,13500010240,13472149683,27.860557,343.2965397408297,29427,11602,2670,560,43,0
269,ouster/forward_center/points,lidar,54619,13474958080,13472149683,2.808397,230.0894857408668,299,37,2,0,0,0
269,ouster/sideward_left/points,lidar,50311,13470717440,13472149683,-1.432243,176.04454267853558,17,7,0,0,0,0
269,ouster/sideward_right/points,lidar,54890,13469930496,13472149683,-2.219187,177.0310119632124,18,13,0,0,0,0
271,conti542/joint_radars/detections,radar,3094,13561233408,13572077033,-10.843625,323.07776086607925,551,212,45,13,5,0
271,aeva/joint_lidars/points,lidar,295418,13600007936,13572077033,27.930903,332.92234473174415,31208,11963,2614,496,50,0
271,ouster/forward_center/points,lidar,54665,13575143680,13572077033,3.066647,257.3407532372288,271,44,2,1,0,0
271,ouster/sideward_left/points,lidar,50080,13570978048,13572077033,-1.098985,175.71740639737567,19,6,0,0,0,0
271,ouster/sideward_right/points,lidar,54795,13569584128,13572077033,-2.492905,179.85764783939499,18,13,0,0,0,0
273,conti542/joint_radars/detections,radar,3025,13661521152,13672004333,-10.483181,323.0150161548797,549,190,40,11,3,0
273,aeva/joint_lidars/points,lidar,301719,13700010496,13672004333,28.006163,351.32046808908115,31599,12347,2937,493,41,0
273,ouster/forward_center/points,lidar,54498,13674853120,13672004333,2.848787,228.5548498240276,273,46,2,0,0,0
273,ouster/sideward_left/points,lidar,50154,13670851584,13672004333,-1.152749,175.43969806849594,11,5,0,0,0,0
273,ouster/sideward_right/points,lidar,55143,13669499392,13672004333,-2.504941,182.747643386921,19,15,0,0,0,0
275,conti542/joint_radars/detections,radar,3067,13761498624,13772099033,-10.600409,323.07643889147516,565,214,46,13,5,0
275,aeva/joint_lidars/points,lidar,309126,13800003584,13772099033,27.904551,333.77160338599236,32590,11663,2812,545,34,0
275,ouster/forward_center/points,lidar,54568,13774596864,13772099033,2.497831,227.68501554729448,277,48,3,0,0,0
275,ouster/sideward_left/points,lidar,50058,13770735360,13772099033,-1.363673,201.52124697008423,13,5,1,0,0,0
275,ouster/sideward_right/points,lidar,55229,13769901824,13772099033,-2.197209,185.6143543759619,19,13,0,0,0,0
277,conti542/joint_radars/detections,radar,3126,13861238528,13872026383,-10.787855,327.5097794062248,621,224,55,22,9,0
277,aeva/joint_lidars/points,lidar,304038,13899993088,13872026383,27.966705,367.074510360272,31414,11337,2754,486,53,0
277,ouster/forward_center/points,lidar,54795,13874784256,13872026383,2.757873,227.25934374370757,272,45,3,0,0,0
277,ouster/sideward_left/points,lidar,50197,13870652416,13872026383,-1.373967,210.5462889664444,13,7,1,0,0,0
277,ouster/sideward_right/points,lidar,55298,13869960192,13872026383,-2.066191,188.47536645969757,19,12,0,0,0,0
279,conti542/joint_radars/detections,radar,3113,13961671936,13972121183,-10.449247,327.61765554666914,596,214,49,15,8,0
279,aeva/joint_lidars/points,lidar,308408,13999999232,13972121183,27.878049,341.4281506916277,31556,10493,2736,405,10,0
279,ouster/forward_center/points,lidar,54914,13975135232,13972121183,3.014049,226.19382916477932,252,49,2,0,0,0
279,ouster/sideward_left/points,lidar,50091,13970746624,13972121183,-1.374559,174.94022565377549,12,5,0,0,0,0
279,ouster/sideward_right/points,lidar,55299,13969632512,13972121183,-2.488671,225.90102156268787,20,12,1,0,0,0
281,conti542/joint_radars/detections,radar,3102,14061531904,14072048658,-10.516754,323.07090999011257,591,231,54,19,10,0
281,aeva/joint_lidars/points,lidar,309572,14099997440,14072048658,27.948782,340.0031024026109,30206,10365,2574,467,36,0
281,ouster/forward_center/points,lidar,55219,14074964480,14072048658,2.915822,205.17526632199684,278,43,1,0,0,0
281,ouster/sideward_left/points,lidar,49993,14070946048,14072048658,-1.10261,174.73999621610866,10,6,0,0,0,0
281,ouster/sideward_right/points,lidar,55342,14069530624,14072048658,-2.518034,194.27669740134107,14,6,0,0,0,0
283,conti542/joint_radars/detections,radar,3039,14161280768,14172153508,-10.87274,327.50352242001804,590,236,49,16,11,0
283,aeva/joint_lidars/points,lidar,314697,14199991040,14172153508,27.837532,328.6240594727255,28982,10414,2736,444,28,0
283,ouster/forward_center/points,lidar,55373,14174655232,14172153508,2.501724,183.4242031389254,319,51,0,0,0,0
283,ouster/sideward_left/points,lidar,49832,14170827776,14172153508,-1.325732,174.52689096992222,10,8,0,0,0,0
283,ouster/sideward_right/points,lidar,55221,14169709824,14172153508,-2.443684,174.27390632069842,14,7,0,0,0,0
285,conti542/joint_radars/detections,radar,3104,14261655552,14272080883,-10.425331,327.4974709628837,616,249,48,12,8,0
285,aeva/joint_lidars/points,lidar,314757,14299980288,14272080883,27.899405,351.26214693200245,28264,10290,2644,461,20,0
285,ouster/forward_center/points,lidar,55426,14274602752,14272080883,2.521869,234.58368331594497,202,38,2,0,0,0
285,ouster/sideward_left/points,lidar,49965,14270673152,14272080883,-1.407731,182.46686637121397,11,5,0,0,0,0
285,ouster/sideward_right/points,lidar,54793,14270007040,14272080883,-2.073843,174.0964305908325,11,6,0,0,0,0
287,conti542/joint_radars/detections,radar,3074,14361569024,14372008083,-10.439059,325.705130059779,574,227,45,18,8,0
287,aeva/joint_lidars/points,lidar,321066,14399986432,14372008083,27.978349,381.63325904749416,28589,10523,2769,444,50,0
287,ouster/forward_center/points,lidar,55669,14374885632,14372008083,2.877549,180.35073795567993,216,40,0,0,0,0
287,ouster/sideward_left/points,lidar,49806,14370691584,14372008083,-1.316499,174.14878035682688,12,7,0,0,0,0
287,ouster/sideward_right/points,lidar,54672,14369779968,14372008083,-2.228115,173.92926038814866,14,9,0,0,0,0
289,conti542/joint_radars/detections,radar,3043,14461206528,14472102733,-10.896205,327.37551592759024,644,247,50,18,9,0
289,aeva/joint_lidars/points,lidar,316842,14499989248,14472102733,27.886515,350.81202333127044,27978,9679,2591,494,23,0
289,ouster/forward_center/points,lidar,55945,14475109632,14472102733,3.006899,206.2986560582136,236,39,1,0,0,0
289,ouster/sideward_left/points,lidar,49840,14470842112,14472102733,-1.260621,173.92365763328857,11,3,0,0,0,0
289,ouster/sideward_right/points,lidar,54606,14469528320,14472102733,-2.574413,173.7712257044516,10,6,0,0,0,0
291,conti542/joint_radars/detections,radar,3056,14561656832,14572030083,-10.373251,323.02737862696904,593,245,56,21,7,0
291,aeva/joint_lidars/points,lidar,322881,14599986432,14572030083,27.956349,354.29691537975623,27862,9812,3256,427,49,0
291,ouster/forward_center/points,lidar,56003,14574822656,14572030083,2.792573,253.56252847257088,270,44,3,1,0,0
291,ouster/sideward_left/points,lidar,49810,14570870016,14572030083,-1.160067,173.75848392373314,17,3,0,0,0,0
291,ouster/sideward_right/points,lidar,54742,14569604864,14572030083,-2.425219,221.35408695291468,12,6,1,0,0,0
293,conti542/joint_radars/detections,radar,2913,14661510400,14672124758,-10.614358,327.5767875303204,586,240,46,20,9,0
293,aeva/joint_lidars/points,lidar,320173,14699983616,14672124758,27.858858,389.2839363563518,25763,8526,3177,413,36,0
293,ouster/forward_center/points,lidar,56129,14674672128,14672124758,2.54737,221.15887096350892,237,18,1,0,0,0
293,ouster/sideward_left/points,lidar,49778,14670731776,14672124758,-1.392982,118.1730363862558,12,0,0,0,0,0
293,ouster/sideward_right/points,lidar,54960,14669947392,14672124758,-2.177366,194.2516486240493,12,4,0,0,0,0
295,conti542/joint_radars/detections,radar,3068,14761166592,14772052058,-10.885466,327.58082610367467,580,235,51,23,9,0
295,aeva/joint_lidars/points,lidar,322812,14799985152,14772052058,27.933094,347.43235464849346,24573,7971,3348,480,30,0
295,ouster/forward_center/points,lidar,56026,14774957056,14772052058,2.904998,237.89198214195096,237,7,2,0,0,0
295,ouster/sideward_left/points,lidar,49834,14770672384,14772052058,-1.379674,149.1890730948394,11,0,0,0,0,0
295,ouster/sideward_right/points,lidar,55208,14769918976,14772052058,-2.133082,220.0784779151214,11,3,1,0,0,0
297,conti542/joint_radars/detections,radar,3013,14861539072,14872146683,-10.607611,327.4826583245274,589,231,58,24,13,0
297,aeva/joint_lidars/points,lidar,326227,14899993600,14872146683,27.846917,323.3817826888559,22885,7678,3048,470,37,0
297,ouster/forward_center/points,lidar,56274,14875105024,14872146683,2.958341,235.07883873098785,253,18,2,0,0,0
297,ouster/sideward_left/points,lidar,49810,14870765056,14872146683,-1.381627,172.92661385476987,9,1,0,0,0,0
297,ouster/sideward_right/points,lidar,55386,14869628160,14872146683,-2.518523,154.7447213461238,10,1,0,0,0,0
299,conti542/joint_radars/detections,radar,3018,14961549568,14972073833,-10.524265,327.5515381129139,580,232,64,21,11,0
299,aeva/joint_lidars/points,lidar,324698,14999991552,14972073833,27.917719,373.22399612535276,22593,7945,2279,411,17,0
299,ouster/forward_center/points,lidar,56678,14974684928,14972073833,2.611095,241.93408370129535,198,9,4,0,0,0
299,ouster/sideward_left/points,lidar,49727,14970904832,14972073833,-1.169001,172.81266335502954,14,1,0,0,0,0
299,ouster/sideward_right/points,lidar,55725,14969519104,14972073833,-2.554729,179.90310378404925,10,3,0,0,0,0
301,conti542/joint_radars/detections,radar,3003,15061267968,15072001158,-10.73319,327.477314747013,547,261,77,32,15,0
301,aeva/joint_lidars/points,lidar,317098,15099987200,15072001158,27.986042,328.58188187883894,22492,7713,2000,466,26,0
301,ouster/forward_center/points,lidar,57050,15074507008,15072001158,2.50585,239.12457374930185,190,9,4,0,0,0
301,ouster/sideward_left/points,lidar,49687,15070696192,15072001158,-1.304966,172.48815849101456,10,2,0,0,0,0
301,ouster/sideward_right/points,lidar,56208,15069755392,15072001158,-2.245766,219.12929686119426,9,2,1,0,0,0
303,conti542/joint_radars/detections,radar,3036,15161584896,15172105783,-10.520887,327.4241744563704,561,247,75,25,13,0
303,aeva/joint_lidars/points,lidar,321868,15199993600,15172105783,27.887817,331.1438850990029,22102,6818,1742,369,27,0
303,ouster/forward_center/points,lidar,56953,15174854400,15172105783,2.748617,217.52177922891642,208,13,1,0,0,0
303,ouster/sideward_left/points,lidar,49698,15170633472,15172105783,-1.472311,172.34042152494845,8,3,0,0,0,0
303,ouster/sideward_right/points,lidar,55902,15170005760,15172105783,-2.100023,174.09826710903985,9,2,0,0,0,0
305,conti542/joint_radars/detections,radar,3207,15261503232,15272033033,-10.529801,327.5443821345041,635,263,75,35,24,0
305,aeva/joint_lidars/points,lidar,320286,15299993344,15272033033,27.960311,321.5565250380194,23126,6494,1872,364,51,0
305,ouster/forward_center/points,lidar,56981,15275130624,15272033033,3.097591,172.2976998606118,260,24,0,0,0,0
305,ouster/sideward_left/points,lidar,49553,15270870784,15272033033,-1.162249,172.08539362364186,12,2,0,0,0,0
305,ouster/sideward_right/points,lidar,55380,15269798144,15272033033,-2.234889,166.24154714955756,7,2,0,0,0,0
307,conti542/joint_radars/detections,radar,3058,15361269504,15372127658,-10.858154,327.5033855935673,572,233,76,40,26,0
307,aeva/joint_lidars/points,lidar,325344,15399992576,15372127658,27.864918,377.0408009637034,22430,5551,2049,344,37,0
307,ouster/forward_center/points,lidar,56202,15374858752,15372127658,2.731094,220.75222044020586,315,26,1,0,0,0
307,ouster/sideward_left/points,lidar,49505,15370918400,15372127658,-1.209258,171.8738817836894,11,4,0,0,0,0
307,ouster/sideward_right/points,lidar,55270,15369520896,15372127658,-2.606762,215.78477030311407,9,3,1,0,0,0
309,conti542/joint_radars/detections,radar,3104,15461649920,15472054858,-10.404938,327.4387335836757,551,232,70,38,22,0
309,aeva/joint_lidars/points,lidar,322602,15499985408,15472054858,27.93055,324.3014114048198,19390,5088,2049,313,14,0
309,ouster/forward_center/points,lidar,55828,15474532352,15472054858,2.477494,227.64472007411817,399,51,3,0,0,0
309,ouster/sideward_left/points,lidar,49264,15470709760,15472054858,-1.345098,176.43958188381723,8,3,0,0,0,0
309,ouster/sideward_right/points,lidar,54997,15469495040,15472054858,-2.559818,162.81910575983846,7,1,0,0,0,0
311,conti542/joint_radars/detections,radar,3157,15561557760,15572149583,-10.591823,327.6380838141252,515,233,77,45,22,0
311,aeva/joint_lidars/points,lidar,321361,15599998208,15572149583,27.848625,355.4472160829294,18627,5731,2462,322,29,0
311,ouster/forward_center/points,lidar,55563,15574770688,15572149583,2.621105,240.76317510427072,259,31,3,0,0,0
311,ouster/sideward_left/points,lidar,49377,15570607616,15572149583,-1.541967,182.2452259420089,9,3,0,0,0,0
311,ouster/sideward_right/points,lidar,55185,15569892608,15572149583,-2.256975,171.29220244938256,8,2,0,0,0,0
313,conti542/joint_radars/detections,radar,3060,15661218048,15672077083,-10.859035,327.7122170207665,541,217,79,39,17,0
313,aeva/joint_lidars/points,lidar,318425,15699993088,15672077083,27.916005,365.57819391668636,18388,6305,2724,309,36,0
313,ouster/forward_center/points,lidar,55774,15675084032,15672077083,3.006949,187.3460945692474,186,13,0,0,0,0
313,ouster/sideward_left/points,lidar,49439,15670842368,15672077083,-1.234715,187.98571650965795,9,1,0,0,0,0
313,ouster/sideward_right/points,lidar,55209,15669879808,15672077083,-2.197275,237.07900089951784,12,4,2,0,0,0
315,conti542/joint_radars/detections,radar,2998,15761557504,15772004458,-10.446954,327.4349912968193,504,227,71,34,11,0
315,aeva/joint_lidars/points,lidar,322060,15799982336,15772004458,27.977878,356.89711303330694,19713,7272,3253,384,27,0
315,ouster/forward_center/points,lidar,55927,15774920960,15772004458,2.916502,158.04132962609174,93,5,0,0,0,0
315,ouster/sideward_left/points,lidar,49370,15771005184,15772004458,-0.999274,193.834158145275,14,2,0,0,0,0
315,ouster/sideward_right/points,lidar,55461,15769604096,15772004458,-2.400362,193.57929871390868,9,2,0,0,0,0
317,conti542/joint_radars/detections,radar,3051,15861477376,15872099233,-10.621857,327.3621971168896,584,262,95,47,9,0
317,aeva/joint_lidars/points,lidar,316314,15899984128,15872099233,27.884895,351.0686075167739,19355,7248,3226,460,37,0
317,ouster/forward_center/points,lidar,55953,15874628864,15872099233,2.529631,212.31769192770608,131,28,5,0,0,0
317,ouster/sideward_left/points,lidar,49706,15870806528,15872099233,-1.292705,199.27022632158193,8,1,0,0,0,0
317,ouster/sideward_right/points,lidar,55986,15869451520,15872099233,-2.647713,174.1790362048954,8,2,0,0,0,0
319,conti542/joint_radars/detections,radar,2951,15961231360,15972026533,-10.795173,327.41548101450405,552,251,88,35,10,0
319,aeva/joint_lidars/points,lidar,317353,15999988736,15972026533,27.962203,323.8891283861511,20317,6896,2449,312,30,0
319,ouster/forward_center/points,lidar,55397,15974743296,15972026533,2.716763,190.60676817953185,131,62,0,0,0,0
319,ouster/sideward_left/points,lidar,49428,15970651392,15972026533,-1.375141,205.1928666220074,9,1,1,0,0,0
319,ouster/sideward_right/points,lidar,56001,15969825536,15972026533,-2.200997,177.23015374980037,5,1,0,0,0,0
321,conti542/joint_radars/detections,radar,2880,16061669376,16072121333,-10.451957,327.4651242974211,556,246,83,36,11,0
321,aeva/joint_lidars/points,lidar,318230,16099988736,16072121333,27.867403,351.49581283704356,24178,8606,3261,482,20,0
321,ouster/forward_center/points,lidar,54936,16075079680,16072121333,2.958347,185.6657605573464,157,76,0,0,0,0
321,ouster/sideward_left/points,lidar,49532,16070718464,16072121333,-1.402869,156.375241126211,8,1,0,0,0,0
321,ouster/sideward_right/points,lidar,56040,16070011648,16072121333,-2.109685,142.4835997509699,4,0,0,0,0,0
323,conti542/joint_radars/detections,radar,2968,16161519360,16172058858,-10.539498,327.4473214381027,556,252,99,47,11,0
323,aeva/joint_lidars/points,lidar,318925,16199976192,16172058858,27.917334,323.65170664071974,26268,9747,3773,539,25,0
323,ouster/forward_center/points,lidar,54663,16174952960,16172058858,2.894102,241.29554555522546,197,111,3,0,0,0
323,ouster/sideward_left/points,lidar,49561,16170919424,16172058858,-1.139434,216.7076767818136,13,1,1,0,0,0
323,ouster/sideward_right/points,lidar,55651,16169754112,16172058858,-2.304746,222.7628056339587,7,4,2,0,0,0
325,conti542/joint_radars/detections,radar,2876,16261262592,16272153658,-10.891066,327.4264136519615,535,222,90,37,11,0
325,aeva/joint_lidars/points,lidar,318606,16299973376,16272153658,27.819718,363.1488886707505,27296,9530,4222,615,34,0
325,ouster/forward_center/points,lidar,54766,16274684416,16272153658,2.530758,254.2470349589421,165,89,3,1,0,0
325,ouster/sideward_left/points,lidar,49389,16270817280,16272153658,-1.336378,222.40751773927946,11,1,1,0,0,0
325,ouster/sideward_right/points,lidar,55680,16269442304,16272153658,-2.711354,144.53316459384527,2,0,0,0,0,0
327,conti542/joint_radars/detections,radar,2885,16361651712,16372081008,-10.429296,327.5763979296255,560,228,92,38,14,0
327,aeva/joint_lidars/points,lidar,320674,16399983104,16372081008,27.902096,333.4338331265947,27751,9191,4257,615,23,0
327,ouster/forward_center/points,lidar,54694,16374735616,16372081008,2.654608,226.60947776949868,116,55,3,0,0,0
327,ouster/sideward_left/points,lidar,49421,16370664704,16372081008,-1.416304,152.59908292292147,10,3,0,0,0,0
327,ouster/sideward_right/points,lidar,55934,16369626624,16372081008,-2.454384,210.7919008539252,12,2,1,0,0,0
329,conti542/joint_radars/detections,radar,2924,16461558272,16472008333,-10.450061,327.6350256229792,585,247,99,33,16,0
329,aeva/joint_lidars/points,lidar,315165,16499981568,16472008333,27.973235,328.5892015666846,27822,8629,4458,610,10,0
329,ouster/forward_center/points,lidar,54661,16475037952,16472008333,3.029619,208.53420715851556,107,54,2,0,0,0
329,ouster/sideward_left/points,lidar,49388,16470648320,16472008333,-1.360013,155.44276694506877,9,3,0,0,0,0
329,ouster/sideward_right/points,lidar,56019,16469990400,16472008333,-2.017933,213.56107632808025,11,4,1,0,0,0
331,conti542/joint_radars/detections,radar,2849,16561210368,16572103083,-10.892715,327.62514258803276,605,221,75,26,13,0
331,aeva/joint_lidars/points,lidar,313646,16599980288,16572103083,27.877205,338.02348605959975,26697,7739,4221,548,34,0
331,ouster/forward_center/points,lidar,54797,16574997504,16572103083,2.894421,207.77906929358772,104,60,1,0,0,0
331,ouster/sideward_left/points,lidar,49280,16570876416,16572103083,-1.226667,159.81801351648534,8,4,0,0,0,0
331,ouster/sideward_right/points,lidar,56123,16569881088,16572103083,-2.221995,191.26329094119734,12,4,0,0,0,0
333,conti542/joint_radars/detections,radar,2762,16661647616,16672030558,-10.382942,327.6109405241018,526,206,75,24,16,0
333,aeva/joint_lidars/points,lidar,304190,16699972608,16672030558,27.94205,328.2962641172061,24680,7397,4226,458,42,0
333,ouster/forward_center/points,lidar,54647,16674693120,16672030558,2.662562,242.71235544935297,117,63,3,0,0,0
333,ouster/sideward_left/points,lidar,49353,16670910720,16672030558,-1.119838,165.8712086984658,8,5,0,0,0,0
333,ouster/sideward_right/points,lidar,55977,16669609984,16672030558,-2.420574,197.17252339009087,12,4,0,0,0,0
335,conti542/joint_radars/detections,radar,2827,16761585664,16772125283,-10.539619,327.54600978649694,513,220,82,27,21,0
335,aeva/joint_lidars/points,lidar,302763,16799981824,16772125283,27.856541,338.70783385314735,23820,6007,3706,516,44,0
335,ouster/forward_center/points,lidar,54844,16774695936,16772125283,2.570653,224.13280323914472,72,46,2,0,0,0
335,ouster/sideward_left/points,lidar,49364,16770770432,16772125283,-1.354851,163.86333689356636,10,3,0,0,0,0
335,ouster/sideward_right/points,lidar,55720,16769499136,16772125283,-2.626147,185.50340367402617,10,5,0,0,0,0
337,conti542/joint_radars/detections,radar,2801,16861251840,16872052583,-10.800743,327.5719215471293,506,205,76,23,17,0
337,aeva/joint_lidars/points,lidar,306631,16899980800,16872052583,27.928217,325.02529948692376,24256,6477,3949,603,34,0
337,ouster/forward_center/points,lidar,54785,16874964992,16872052583,2.912409,237.00116989988462,133,97,3,0,0,0
337,ouster/sideward_left/points,lidar,49486,16870627584,16872052583,-1.424999,177.45194284946942,9,5,0,0,0,0
337,ouster/sideward_right/points,lidar,56024,16869804544,16872052583,-2.248039,168.32658590374697,8,3,0,0,0,0
339,conti542/joint_radars/detections,radar,2744,16961564672,16972147258,-10.582586,327.5660876516914,516,223,93,27,21,0
339,aeva/joint_lidars/points,lidar,311149,16999974144,16972147258,27.826886,361.30630299137215,25243,6144,3964,633,26,0
339,ouster/forward_center/points,lidar,54895,16975054848,16972147258,2.90759,248.19894429476125,105,83,4,0,0,0
339,ouster/sideward_left/points,lidar,49591,16970732032,16972147258,-1.415226,205.01929228461216,33,7,2,0,0,0
339,ouster/sideward_right/points,lidar,56584,16969987840,16972147258,-2.159418,168.11145732737364,12,3,0,0,0,0
341,conti542/joint_radars/detections,radar,2750,17061593856,17072074583,-10.480727,327.5470361804859,545,209,85,17,12,0
341,aeva/joint_lidars/points,lidar,308900,17099973888,17072074583,27.899305,378.7443665231182,27662,6258,3941,705,54,0
341,ouster/forward_center/points,lidar,54516,17074758656,17072074583,2.684073,215.56025050959758,67,39,2,0,0,0
341,ouster/sideward_left/points,lidar,49777,17070939904,17072074583,-1.134679,204.32147323197444,32,5,1,0,0,0
341,ouster/sideward_right/points,lidar,56873,17069687040,17072074583,-2.387543,167.39565338005505,10,1,0,0,0,0
343,conti542/joint_radars/detections,radar,2483,17161318912,17172012033,-10.693121,327.0732675383914,458,191,75,16,11,0
343,aeva/joint_lidars/points,lidar,306083,17199972352,17172012033,27.960319,366.62083342879754,25123,5906,3620,726,49,0
343,ouster/forward_center/points,lidar,54628,17174629120,17172012033,2.617087,203.75299718190024,46,12,1,0,0,0
343,ouster/sideward_left/points,lidar,49852,17170830848,17172012033,-1.181185,195.29727577043892,29,5,0,0,0,0
343,ouster/sideward_right/points,lidar,56880,17169496832,17172012033,-2.515201,137.38687191867731,8,0,0,0,0,0
345,conti542/joint_radars/detections,radar,2682,17261647104,17272106833,-10.459729,327.5625246925164,511,226,104,22,17,0
345,aeva/joint_lidars/points,lidar,299696,17299975168,17272106833,27.868335,387.10204526403095,23412,5427,3199,816,68,0
345,ouster/forward_center/points,lidar,54117,17274867968,17272106833,2.761135,203.06866407445335,31,8,3,0,0,0
345,ouster/sideward_left/points,lidar,49733,17270695936,17272106833,-1.410897,203.00523986576744,30,6,2,0,0,0
345,ouster/sideward_right/points,lidar,57031,17269768448,17272106833,-2.338385,173.22578469222145,8,2,0,0,0,0
347,conti542/joint_radars/detections,radar,2711,17361582848,17372034208,-10.45136,327.51782690965797,521,263,100,17,12,0
347,aeva/joint_lidars/points,lidar,303970,17399970816,17372034208,27.936608,392.8527038533857,23145,5143,2691,698,39,0
347,ouster/forward_center/points,lidar,54280,17375162880,17372034208,3.128672,205.90991659511658,36,11,3,0,0,0
347,ouster/sideward_left/points,lidar,49591,17370629120,17372034208,-1.405088,180.8830106047058,23,4,0,0,0,0
347,ouster/sideward_right/points,lidar,57145,17370025728,17372034208,-2.00848,172.39365704843732,12,2,0,0,0,0
349,conti542/joint_radars/detections,radar,2606,17461335296,17472128983,-10.793687,327.55894164927605,503,258,87,24,15,0
349,aeva/joint_lidars/points,lidar,295326,17499968256,17472128983,27.839273,379.7501157366436,22518,5552,2643,722,48,0
349,ouster/forward_center/points,lidar,54371,17474915584,17472128983,2.786601,234.03741883179558,39,17,2,0,0,0
349,ouster/sideward_left/points,lidar,49603,17470843392,17472128983,-1.285591,183.71429804137694,25,4,0,0,0,0
349,ouster/sideward_right/points,lidar,57291,17469736448,17472128983,-2.392535,169.5192729881687,9,3,0,0,0,0
351,conti542/joint_radars/detections,radar,2697,17561716480,17572056258,-10.339778,327.5329644719921,528,256,70,22,16,0
351,aeva/joint_lidars/points,lidar,299817,17599981568,17572056258,27.92531,373.47796263484315,23318,5383,2491,728,41,0
351,ouster/forward_center/points,lidar,54257,17574598656,17572056258,2.542398,214.88390811836643,46,10,2,0,0,0
351,ouster/sideward_left/points,lidar,49521,17570932480,17572056258,-1.123778,201.33666058167756,27,4,2,0,0,0
351,ouster/sideward_right/points,lidar,57589,17569524480,17572056258,-2.531778,191.11879067869071,8,2,0,0,0,0
353,conti542/joint_radars/detections,radar,2635,17661634304,17672151033,-10.516729,327.61920241643077,515,269,69,30,22,0
353,aeva/joint_lidars/points,lidar,302222,17699987712,17672151033,27.836679,386.8590089829246,22532,5671,2460,758,50,0
353,ouster/forward_center/points,lidar,54107,17674793728,17672151033,2.642695,184.5216832562441,44,2,0,0,0,0
353,ouster/sideward_left/points,lidar,49476,17670739456,17672151033,-1.411577,200.7032474417301,22,3,1,0,0,0
353,ouster/sideward_right/points,lidar,57585,17669627136,17672151033,-2.523897,216.9744441876445,9,3,1,0,0,0
355,conti542/joint_radars/detections,radar,2456,17761187584,17772078408,-10.890824,327.5998682196862,433,219,46,22,14,0
355,aeva/joint_lidars/points,lidar,299110,17799993856,17772078408,27.915448,371.1514999903946,21550,6079,2181,791,44,0
355,ouster/forward_center/points,lidar,53995,17775101440,17772078408,3.023032,199.87763954430625,34,7,0,0,0,0
355,ouster/sideward_left/points,lidar,49424,17770633216,17772078408,-1.445192,192.05924171549503,19,3,0,0,0,0
355,ouster/sideward_right/points,lidar,57595,17769938944,17772078408,-2.139464,228.43693757600178,8,3,1,0,0,0
357,conti542/joint_radars/detections,radar,2541,17861553152,17872005783,-10.452631,327.612296854728,541,276,54,23,14,0
357,aeva/joint_lidars/points,lidar,295766,17899988480,17872005783,27.982697,370.54291928671967,22451,6819,2174,830,23,0
357,ouster/forward_center/points,lidar,53844,17874956544,17872005783,2.950761,212.4642532305375,29,7,1,0,0,0
357,ouster/sideward_left/points,lidar,49372,17870775296,17872005783,-1.230487,195.00806284426986,19,4,0,0,0,0
357,ouster/sideward_right/points,lidar,57568,17869936384,17872005783,-2.069399,190.40881833760045,12,2,0,0,0,0
359,conti542/joint_radars/detections,radar,2547,17961515264,17972100533,-10.585269,327.6037908210992,499,239,42,19,12,0
359,aeva/joint_lidars/points,lidar,301898,17999987968,17972100533,27.887435,346.6461392140715,21858,6900,2130,916,55,0
359,ouster/forward_center/points,lidar,53648,17974637056,17972100533,2.536523,209.57790896262918,35,14,1,0,0,0
359,ouster/sideward_left/points,lidar,49389,17970991616,17972100533,-1.108917,197.91743571842557,21,4,0,0,0,0
359,ouster/sideward_right/points,lidar,57594,17969622272,17972100533,-2.478261,193.2351061323777,13,1,0,0,0,0
361,conti542/joint_radars/detections,radar,2431,18061251840,18072027858,-10.776018,327.54930676538135,469,217,37,19,14,0
361,aeva/joint_lidars/points,lidar,297579,18099991808,18072027858,27.96395,375.1544840564238,21140,5927,1913,871,44,0
361,ouster/forward_center/points,lidar,53079,18074636544,18072027858,2.608686,217.01479096960495,44,23,1,0,0,0
361,ouster/sideward_left/points,lidar,49306,18070777088,18072027858,-1.25077,200.66618026607054,18,2,2,0,0,0
361,ouster/sideward_right/points,lidar,57563,18069530112,18072027858,-2.497746,178.60240795297744,13,1,0,0,0,0
363,conti542/joint_radars/detections,radar,2574,18161693952,18172132708,-10.438756,327.5330271946469,518,233,33,15,9,0
363,aeva/joint_lidars/points,lidar,302760,18199990528,18172132708,27.85782,351.1607519524202,22190,6187,1965,912,67,0
363,ouster/forward_center/points,lidar,52795,18174920448,18172132708,2.78774,243.2554086783111,39,20,2,0,0,0
363,ouster/sideward_left/points,lidar,49250,18170637312,18172132708,-1.495396,203.6519416875265,24,3,3,0,0,0
363,ouster/sideward_right/points,lidar,57708,18169816064,18172132708,-2.316644,219.63413143573513,17,5,3,0,0,0
365,conti542/joint_radars/detections,radar,2489,18261556992,18272060158,-10.503166,327.4951366407525,457,198,36,17,10,0
365,aeva/joint_lidars/points,lidar,303754,18299991552,18272060158,27.931394,355.8847361585714,22281,6265,1824,858,55,0
365,ouster/forward_center/points,lidar,52854,18275159552,18272060158,3.099394,201.03279386812815,38,12,1,0,0,0
365,ouster/sideward_left/points,lidar,49280,18270678784,18272060158,-1.381374,206.5186993808861,22,4,3,0,0,0
365,ouster/sideward_right/points,lidar,58092,18270000640,18272060158,-2.059518,181.913195597779,13,5,0,0,0,0
367,conti542/joint_radars/detections,radar,2424,18361290496,18372154908,-10.864412,327.59385570630013,418,177,31,19,14,0
367,aeva/joint_lidars/points,lidar,309050,18399988992,18372154908,27.834084,355.4377716352004,21995,5863,1612,942,79,0
367,ouster/forward_center/points,lidar,52616,18374851840,18372154908,2.696932,215.36557458819243,42,20,1,0,0,0
367,ouster/sideward_left/points,lidar,49051,18370946304,18372154908,-1.208604,209.41259099226824,15,4,3,0,0,0
367,ouster/sideward_right/points,lidar,58589,18369728000,18372154908,-2.426908,204.5428769885483,9,1,1,0,0,0
369,conti542/joint_radars/detections,radar,2595,18461678080,18472082308,-10.404228,327.6015681901583,507,224,45,15,12,0
369,aeva/joint_lidars/points,lidar,308371,18499996160,18472082308,27.913852,360.30097063844727,20537,5823,1677,948,64,0
369,ouster/forward_center/points,lidar,52501,18474594560,18472082308,2.512252,212.5461149903008,41,14,1,0,0,0
369,ouster/sideward_left/points,lidar,48977,18470873344,18472082308,-1.208964,212.35255421469688,15,4,2,0,0,0
369,ouster/sideward_right/points,lidar,58577,18469453568,18472082308,-2.62874,177.65301308755446,11,1,0,0,0,0
371,conti542/joint_radars/detections,radar,2582,18561603584,18572009583,-10.405999,327.5901191010721,484,221,58,29,18,0
371,aeva/joint_lidars/points,lidar,309705,18599997184,18572009583,27.987601,333.61021405039514,20011,5757,1470,992,66,0
371,ouster/forward_center/points,lidar,52452,18574814208,18572009583,2.804625,247.1766285956457,34,9,4,0,0,0
371,ouster/sideward_left/points,lidar,49001,18570683648,18572009583,-1.325935,214.965048112213,21,3,3,0,0,0
371,ouster/sideward_right/points,lidar,58234,18569675008,18572009583,-2.334575,190.5067597684203,10,2,0,0,0,0
373,conti542/joint_radars/detections,radar,2508,18661243136,18672104358,-10.861222,327.4942899259052,431,188,44,29,19,0
373,aeva/joint_lidars/points,lidar,302630,18699990528,18672104358,27.88617,365.7958034534172,18888,5655,1385,912,85,0
373,ouster/forward_center/points,lidar,52601,18675112448,18672104358,3.00809,189.581031844877,40,7,0,0,0,0
373,ouster/sideward_left/points,lidar,48804,18670615296,18672104358,-1.489062,217.92354406705743,21,3,1,0,0,0
373,ouster/sideward_right/points,lidar,57415,18670003968,18672104358,-2.10039,177.0800510227542,12,2,0,0,0,0
375,conti542/joint_radars/detections,radar,2593,18761675264,18772031783,-10.356519,327.5991696820109,481,214,53,31,19,0
375,aeva/joint_lidars/points,lidar,299453,18799995904,18772031783,27.964121,382.17713842854926,20391,6676,1488,993,77,0
375,ouster/forward_center/points,lidar,52529,18774896384,18772031783,2.864601,226.32207075391614,42,8,3,0,0,0
375,ouster/sideward_left/points,lidar,48955,18770869504,18772031783,-1.162279,193.64810452580497,20,10,0,0,0,0
375,ouster/sideward_right/points,lidar,57312,18769839872,18772031783,-2.191911,176.82563694934117,13,2,0,0,0,0
377,conti542/joint_radars/detections,radar,2669,18861544704,18872126558,-10.581854,327.56218767039263,506,242,54,37,24,0
377,aeva/joint_lidars/points,lidar,293115,18899996160,18872126558,27.869602,374.82478652887187,22052,7410,1625,1013,96,0
377,ouster/forward_center/points,lidar,52552,18874638592,18872126558,2.512034,217.40055958308682,45,7,2,0,0,0
377,ouster/sideward_left/points,lidar,48971,18870922752,18872126558,-1.203806,193.08338162003432,18,9,0,0,0,0
377,ouster/sideward_right/points,lidar,57469,18869563392,18872126558,-2.563166,182.98603290465826,15,2,0,0,0,0
379,conti542/joint_radars/detections,radar,2609,18961204992,18972053933,-10.848941,327.59207720246036,514,250,48,31,23,0
379,aeva/joint_lidars/points,lidar,304708,19000000768,18972053933,27.946835,374.16504324688265,22729,7196,1700,1020,85,0
379,ouster/forward_center/points,lidar,52282,18974680832,18972053933,2.626899,235.89084450113398,55,11,2,0,0,0
379,ouster/sideward_left/points,lidar,48961,18970765056,18972053933,-1.288877,226.31286562649984,16,11,1,0,0,0
379,ouster/sideward_right/points,lidar,57544,18969518592,18972053933,-2.535341,176.2750107790059,8,2,0,0,0,0
381,conti542/joint_radars/detections,radar,2754,19061571584,19072148708,-10.577124,327.60806704528443,582,295,49,33,21,0
381,aeva/joint_lidars/points,lidar,300541,19099996928,19072148708,27.84822,367.84161162588236,21622,6886,1685,1007,103,0
381,ouster/forward_center/points,lidar,52557,19075023616,19072148708,2.874908,191.69690850313305,42,5,0,0,0,0
381,ouster/sideward_left/points,lidar,48900,19070627072,19072148708,-1.521636,229.24316815302015,12,8,1,0,0,0
381,ouster/sideward_right/points,lidar,57632,19069828096,19072148708,-2.320612,176.0052034227455,8,2,0,0,0,0
383,conti542/joint_radars/detections,radar,2670,19161583872,19172086058,-10.502186,324.14302918098866,592,298,55,27,17,0
383,aeva/joint_lidars/points,lidar,307978,19199998976,19172086058,27.912918,343.4337106112994,22731,6950,1662,1019,71,0
383,ouster/forward_center/points,lidar,52417,19175086848,19172086058,3.00079,230.22018517158844,45,7,2,0,0,0
383,ouster/sideward_left/points,lidar,48928,19170752256,19172086058,-1.333802,205.75238175371805,11,6,1,0,0,0
383,ouster/sideward_right/points,lidar,57810,19170018816,19172086058,-2.067242,227.41718658883644,15,3,2,0,0,0
385,conti542/joint_radars/detections,radar,2675,19261310976,19272013483,-10.702507,327.5916126580292,545,291,45,30,18,0
385,aeva/joint_lidars/points,lidar,299009,19300007936,19272013483,27.994453,384.1451093915419,22318,7284,1715,1054,88,0
385,ouster/forward_center/points,lidar,52338,19274785024,19272013483,2.771541,242.13057580086817,41,9,3,0,0,0
385,ouster/sideward_left/points,lidar,48964,19270970112,19272013483,-1.043371,190.58737085606194,7,4,0,0,0,0
385,ouster/sideward_right/points,lidar,57778,19269730304,19272013483,-2.283179,175.22728063939843,11,1,0,0,0,0
387,conti542/joint_radars/detections,radar,2599,19361645312,19372108233,-10.462921,327.61050099964615,533,276,30,16,12,0
387,aeva/joint_lidars/points,lidar,301232,19400009472,19372108233,27.901239,385.96810239258025,22879,7334,1840,1138,102,0
387,ouster/forward_center/points,lidar,52047,19374631936,19372108233,2.523703,239.30867535166948,36,6,1,0,0,0
387,ouster/sideward_left/points,lidar,48967,19370808576,19372108233,-1.299657,189.93337773486564,12,5,0,0,0,0
387,ouster/sideward_right/points,lidar,57555,19369490176,19372108233,-2.618057,175.13382819552803,17,1,0,0,0,0
389,conti542/joint_radars/detections,radar,2592,19461564160,19472035608,-10.471448,327.5743808450459,516,245,35,21,10,0
389,aeva/joint_lidars/points,lidar,296081,19500006912,19472035608,27.971304,389.59170265854084,23212,6737,1949,1098,112,0
389,ouster/forward_center/points,lidar,52410,19474841856,19472035608,2.806248,236.48825856301465,40,5,2,0,0,0
389,ouster/sideward_left/points,lidar,48732,19470666240,19472035608,-1.369368,189.3525817754653,13,6,0,0,0,0
389,ouster/sideward_right/points,lidar,57306,19469664256,19472035608,-2.371352,183.07627427830133,16,2,0,0,0,0
391,conti542/joint_radars/detections,radar,2544,19561325568,19572130358,-10.80479,327.59114299858356,471,216,30,25,15,0
391,aeva/joint_lidars/points,lidar,308246,19600003840,19572130358,27.873482,342.53044955331353,24577,6352,2089,1186,125,0
391,ouster/forward_center/points,lidar,52024,19575162112,19572130358,3.031754,188.64343416064037,47,2,0,0,0,0
391,ouster/sideward_left/points,lidar,48707,19570665216,19572130358,-1.465142,188.8032565523118,9,4,0,0,0,0
391,ouster/sideward_right/points,lidar,57128,19569978368,19572130358,-2.15199,218.98073395809007,14,3,1,0,0,0
393,conti542/joint_radars/detections,radar,2484,19661720064,19672057658,-10.337594,327.4819782342395,493,213,29,26,16,0
393,aeva/joint_lidars/points,lidar,313347,19700005888,19672057658,27.94823,376.59954060260276,24645,5842,2007,1132,100,0
393,ouster/forward_center/points,lidar,51967,19674925568,19672057658,2.86791,188.04021148585156,45,3,0,0,0,0
393,ouster/sideward_left/points,lidar,48607,19670863872,19672057658,-1.193786,177.56902973140728,7,4,0,0,0,0
393,ouster/sideward_right/points,lidar,57309,19669775360,19672057658,-2.282298,152.64607454963686,7,1,0,0,0,0
395,conti542/joint_radars/detections,radar,2445,19761604864,19772152383,-10.547519,323.1872424305678,423,161,23,18,10,0
395,aeva/joint_lidars/points,lidar,308577,19800003072,19772152383,27.850689,358.1134213747172,24322,5612,2060,1091,104,0
395,ouster/forward_center/points,lidar,52126,19774614528,19772152383,2.462145,187.4296067430398,52,3,0,0,0,0
395,ouster/sideward_left/points,lidar,48526,19770855936,19772152383,-1.296447,180.36757653945497,6,4,0,0,0,0
395,ouster/sideward_right/points,lidar,57310,19769500160,19772152383,-2.652223,212.57167987974466,10,3,2,0,0,0
397,conti542/joint_radars/detections,radar,2207,19861300992,19872079808,-10.778816,323.19860888599726,332,143,31,21,11,0
397,aeva/joint_lidars/points,lidar,307419,19899993088,19872079808,27.91328,382.29840479601717,23072,4918,1942,1107,90,0
397,ouster/forward_center/points,lidar,52055,19874761216,19872079808,2.681408,186.78146832475477,38,5,0,0,0,0
397,ouster/sideward_left/points,lidar,48706,19870700288,19872079808,-1.37952,182.99568442090958,4,3,0,0,0,0
397,ouster/sideward_right/points,lidar,57433,19869580288,19872079808,-2.49952,158.22474889967168,13,2,0,0,0,0
399,conti542/joint_radars/detections,radar,2544,19961548800,19972007158,-10.458358,327.5902986888305,455,190,41,23,10,0
399,aeva/joint_lidars/points,lidar,315136,19999998976,19972007158,27.991818,359.3390618735433,23089,5509,2255,1154,114,0
399,ouster/forward_center/points,lidar,52145,19975095808,19972007158,3.08865,163.02903925896692,36,1,0,0,0,0
399,ouster/sideward_left/points,lidar,48717,19970641664,19972007158,-1.365494,186.08615262880338,7,4,0,0,0,0
399,ouster/sideward_right/points,lidar,57505,19969958912,19972007158,-2.048246,173.4601682902588,11,2,0,0,0,0
401,conti542/joint_radars/detections,radar,2564,20061514496,20072101933,-10.587437,327.3998810721192,407,154,23,17,10,0
401,aeva/joint_lidars/points,lidar,308344,20100003584,20072101933,27.901651,395.8387758040576,21256,5147,2358,1044,125,0
401,ouster/forward_center/points,lidar,52255,20074946048,20072101933,2.844115,185.63271731855016,35,4,0,0,0,0
401,ouster/sideward_left/points,lidar,48549,20070782976,20072101933,-1.318957,188.87067681353022,7,4,0,0,0,0
401,ouster/sideward_right/points,lidar,57258,20069831424,20072101933,-2.270509,159.47291789013036,12,2,0,0,0,0
403,conti542/joint_radars/detections,radar,2511,20161269248,20172039383,-10.770135,327.57888616784624,409,161,27,21,10,0
403,aeva/joint_lidars/points,lidar,316634,20200002816,20172039383,27.963433,353.7772141949786,20984,5144,2302,1162,103,0
403,ouster/forward_center/points,lidar,52035,20174594560,20172039383,2.555177,216.71337735614972,29,3,1,0,0,0
403,ouster/sideward_left/points,lidar,48674,20170983168,20172039383,-1.056215,191.65778299783702,10,5,0,0,0,0
403,ouster/sideward_right/points,lidar,57172,20169553152,20172039383,-2.486231,189.446050071667,13,1,0,0,0,0
405,conti542/joint_radars/detections,radar,2524,20261678592,20272134133,-10.455541,327.59606061496896,451,166,26,20,7,0
405,aeva/joint_lidars/points,lidar,312758,20299993856,20272134133,27.859723,387.3632907001995,20649,5026,2349,1084,111,0
405,ouster/forward_center/points,lidar,52056,20274686976,20272134133,2.552843,172.8692503435559,33,3,0,0,0,0
405,ouster/sideward_left/points,lidar,48798,20270772992,20272134133,-1.361141,194.4684256267217,8,4,0,0,0,0
405,ouster/sideward_right/points,lidar,57176,20269529088,20272134133,-2.605045,213.24020525004423,13,3,2,0,0,0
407,conti542/joint_radars/detections,radar,2559,20361529344,20372061533,-10.532189,327.55053757445586,442,156,22,15,4,0
407,aeva/joint_lidars/points,lidar,318776,20399997696,20372061533,27.936163,395.8926806675316,19737,4662,2302,1099,117,0
407,ouster/forward_center/points,lidar,52037,20374995968,20372061533,2.934435,223.62934331734914,38,7,3,0,0,0
407,ouster/sideward_left/points,lidar,48841,20370636544,20372061533,-1.424989,197.27977155281974,5,3,0,0,0,0
407,ouster/sideward_right/points,lidar,57264,20369845504,20372061533,-2.216029,157.68431918846,11,2,0,0,0,0
409,conti542/joint_radars/detections,radar,2527,20461289728,20472156283,-10.866555,327.6499003169573,461,166,26,21,8,0
409,aeva/joint_lidars/points,lidar,320179,20500000768,20472156283,27.844485,363.0742909142007,18930,4574,2155,1045,87,0
409,ouster/forward_center/points,lidar,52147,20475048448,20472156283,2.892165,220.86508452025777,38,4,2,0,0,0
409,ouster/sideward_left/points,lidar,48824,20470668800,20472156283,-1.487483,200.1966038211678,5,2,2,0,0,0
409,ouster/sideward_right/points,lidar,57348,20469958912,20472156283,-2.197371,232.9619746970644,13,1,1,0,0,0
411,conti542/joint_radars/detections,radar,2493,20561684224,20572083633,-10.399409,327.5544540976452,477,157,24,15,5,0
411,aeva/joint_lidars/points,lidar,308974,20599996928,20572083633,27.913295,398.79103496717437,19805,5516,2511,1184,108,0
411,ouster/forward_center/points,lidar,52832,20574755328,20572083633,2.671695,172.0353844580266,51,2,0,0,0,0
411,ouster/sideward_left/points,lidar,48887,20570928640,20572083633,-1.154993,203.07964295907416,6,2,2,0,0,0
411,ouster/sideward_right/points,lidar,57502,20569582848,20572083633,-2.500785,203.75788368207034,15,4,3,0,0,0
413,conti542/joint_radars/detections,radar,2452,20661590528,20672010933,-10.420405,327.05161587256174,438,153,27,19,2,0
413,aeva/joint_lidars/points,lidar,300308,20699990272,20672010933,27.979339,396.21580834915056,18750,5508,2338,1134,113,0
413,ouster/forward_center/points,lidar,53268,20674576384,20672010933,2.565451,171.83918431405047,34,2,0,0,0,0
413,ouster/sideward_left/points,lidar,49041,20670944512,20672010933,-1.066421,121.47005065197929,4,0,0,0,0,0
413,ouster/sideward_right/points,lidar,57421,20669547776,20672010933,-2.463157,204.62698362602723,15,5,3,0,0,0
415,conti542/joint_radars/detections,radar,2393,20761211904,20772105633,-10.893729,327.5609677715497,445,163,33,19,4,0
415,aeva/joint_lidars/points,lidar,313012,20799988224,20772105633,27.882591,393.75628599095074,18750,5457,2349,1098,132,0
415,ouster/forward_center/points,lidar,53553,20774836224,20772105633,2.730591,140.31512025409148,34,0,0,0,0,0
415,ouster/sideward_left/points,lidar,49342,20770729984,20772105633,-1.375649,102.38156509147807,1,0,0,0,0,0
415,ouster/sideward_right/points,lidar,57277,20769869312,20772105633,-2.236321,207.54312675985375,13,2,2,0,0,0
417,conti542/joint_radars/detections,radar,2344,20861661952,20872033058,-10.371106,327.63588243809596,441,171,32,12,2,0
417,aeva/joint_lidars/points,lidar,321424,20899995136,20872033058,27.962078,390.64486157978064,19343,5767,2428,1052,130,0
417,ouster/forward_center/points,lidar,53246,20875156224,20872033058,3.123166,226.815047814124,47,6,2,0,0,0
417,ouster/sideward_left/points,lidar,49860,20870627840,20872033058,-1.405218,144.91729607340616,3,0,0,0,0,0
417,ouster/sideward_right/points,lidar,57137,20869934080,20872033058,-2.098978,226.06517713295136,15,4,4,0,0,0
419,conti542/joint_radars/detections,radar,2229,20961537280,20972127758,-10.590478,320.023716563565,379,129,12,7,1,0
419,aeva/joint_lidars/points,lidar,317117,21000000512,20972127758,27.872754,387.80520389171784,18990,5271,2154,1094,135,0
419,ouster/forward_center/points,lidar,52695,20974966272,20972127758,2.838514,170.87164786745677,38,5,0,0,0,0
419,ouster/sideward_left/points,lidar,50059,20970748416,20972127758,-1.379342,141.95757668282812,4,0,0,0,0,0
419,ouster/sideward_right/points,lidar,57112,20969649152,20972127758,-2.478606,146.79628737781653,9,0,0,0,0,0
421,conti542/joint_radars/detections,radar,2308,21061245952,21072055158,-10.809206,326.5759489780009,408,154,18,11,2,0
421,aeva/joint_lidars/points,lidar,310185,21100003840,21072055158,27.948682,385.93686135676694,19255,5920,2667,1228,115,0
421,ouster/forward_center/points,lidar,51827,21074619904,21072055158,2.564746,221.18170294788132,37,2,1,0,0,0
421,ouster/sideward_left/points,lidar,49870,21070974720,21072055158,-1.080438,132.6858220505162,3,0,0,0,0,0
421,ouster/sideward_right/points,lidar,56976,21069467648,21072055158,-2.58751,215.925816288736,10,1,1,0,0,0
423,conti542/joint_radars/detections,radar,2275,21161568768,21172159908,-10.59114,327.6107429518667,441,182,28,13,5,0
423,aeva/joint_lidars/points,lidar,303886,21200013312,21172159908,27.853404,382.1141198828807,20898,6407,2645,1340,132,0
423,ouster/forward_center/points,lidar,51897,21174699776,21172159908,2.539868,158.41120467588908,55,3,0,0,0,0
423,ouster/sideward_left/points,lidar,49723,21170816512,21172159908,-1.343396,119.34149135796868,5,0,0,0,0,0
423,ouster/sideward_right/points,lidar,57000,21169766656,21172159908,-2.393252,169.50857920677814,18,2,0,0,0,0
425,conti542/joint_radars/detections,radar,2390,21261560320,21272087183,-10.526863,327.2884489732884,428,175,22,8,2,0
425,aeva/joint_lidars/points,lidar,289798,21300013824,21272087183,27.926641,392.0108310915224,21975,8169,3474,1386,133,0
425,ouster/forward_center/points,lidar,51926,21274983168,21272087183,2.895985,215.54210714797014,60,5,1,0,0,0
425,ouster/sideward_left/points,lidar,49255,21270651392,21272087183,-1.435791,133.60242224919148,4,0,0,0,0,0
425,ouster/sideward_right/points,lidar,56826,21270073088,21272087183,-2.014095,172.41294374310658,14,1,0,0,0,0
427,conti542/joint_radars/detections,radar,2433,21361274624,21372014558,-10.739934,322.59533557285044,445,185,27,5,2,0
427,aeva/joint_lidars/points,lidar,294677,21400015360,21372014558,28.000802,394.2751544714422,22158,9079,3336,1177,109,0
427,ouster/forward_center/points,lidar,51994,21375106560,21372014558,3.092002,212.79236059714546,99,8,1,0,0,0
427,ouster/sideward_left/points,lidar,48875,21370678016,21372014558,-1.336542,153.26393762808226,6,1,0,0,0,0
427,ouster/sideward_right/points,lidar,56766,21369863424,21372014558,-2.151134,211.99408962204845,13,3,1,0,0,0
429,conti542/joint_radars/detections,radar,2555,21461600256,21472109308,-10.509052,327.5741711808485,470,180,31,10,6,0
429,aeva/joint_lidars/points,lidar,290250,21500010496,21472109308,27.901188,374.19283719124894,23341,9014,3575,1270,106,0
429,ouster/forward_center/points,lidar,51961,21474821120,21472109308,2.711812,209.94982679056506,79,1,1,0,0,0
429,ouster/sideward_left/points,lidar,48675,21470922752,21472109308,-1.186556,122.55884968875762,7,0,0,0,0,0
429,ouster/sideward_right/points,lidar,56791,21469630208,21472109308,-2.4791,209.2055956150853,15,1,1,0,0,0
431,conti542/joint_radars/detections,radar,2515,21561538816,21572036658,-10.497842,321.67452312520123,440,158,29,6,2,0
431,aeva/joint_lidars/points,lidar,304307,21600021248,21572036658,27.98459,370.7949557667354,24818,8419,3657,1226,109,0
431,ouster/forward_center/points,lidar,51936,21574566144,21572036658,2.529486,147.0430014446292,69,0,0,0,0,0
431,ouster/sideward_left/points,lidar,48528,21570840832,21572036658,-1.195826,115.56587970044582,3,0,0,0,0,0
431,ouster/sideward_right/points,lidar,56758,21569457664,21572036658,-2.578994,163.6421685926603,14,1,0,0,0,0
433,conti542/joint_radars/detections,radar,2481,21661297920,21672131383,-10.833463,287.381775339582,459,190,40,5,0,0
433,aeva/joint_lidars/points,lidar,300227,21700023552,21672131383,27.892169,368.1120896517716,23476,7627,3022,1211,140,0
433,ouster/forward_center/points,lidar,51929,21674809600,21672131383,2.678217,159.68611234516968,70,1,0,0,0,0
433,ouster/sideward_left/points,lidar,48579,21670713088,21672131383,-1.418295,115.03300764522444,1,0,0,0,0,0
433,ouster/sideward_right/points,lidar,56736,21669794304,21672131383,-2.337079,128.51932113758005,9,0,0,0,0,0
435,conti542/joint_radars/detections,radar,2504,21761714944,21772058633,-10.343689,327.59590194901665,461,174,43,5,2,0
435,aeva/joint_lidars/points,lidar,307376,21800022016,21772058633,27.963383,365.11488791719273,23667,7367,3016,1198,147,0
435,ouster/forward_center/points,lidar,52027,21775036416,21772058633,2.977783,141.3811349070253,84,0,0,0,0,0
435,ouster/sideward_left/points,lidar,48562,21770657024,21772058633,-1.401609,164.5226868720227,6,2,0,0,0,0
435,ouster/sideward_right/points,lidar,56819,21770013952,21772058633,-2.044681,175.83542447849095,11,1,0,0,0,0
437,conti542/joint_radars/detections,radar,2589,21861593344,21872153358,-10.560014,327.58931813704373,456,173,40,4,2,0
437,aeva/joint_lidars/points,lidar,316390,21900024832,21872153358,27.871474,366.29813259487315,22392,6875,2498,1093,104,0
437,ouster/forward_center/points,lidar,52101,21874836736,21872153358,2.683378,154.02006569336797,86,1,0,0,0,0
437,ouster/sideward_left/points,lidar,48636,21870778112,21872153358,-1.375246,116.79380028286889,6,0,0,0,0,0
437,ouster/sideward_right/points,lidar,56772,21869772544,21872153358,-2.380814,157.43913644242934,10,1,0,0,0,0
439,conti542/joint_radars/detections,radar,2549,21961262592,21972080733,-10.818141,319.2407203925448,475,184,43,6,1,0
439,aeva/joint_lidars/points,lidar,319238,22000028672,21972080733,27.947939,359.50587933525094,21570,6880,2557,1101,163,0
439,ouster/forward_center/points,lidar,51852,21974617088,21972080733,2.536355,135.89242162115144,84,0,0,0,0,0
439,ouster/sideward_left/points,lidar,48460,21970904832,21972080733,-1.175901,129.10179037331443,7,0,0,0,0,0
439,ouster/sideward_right/points,lidar,56620,21969500160,21972080733,-2.580573,153.97418508925577,16,1,0,0,0,0
441,conti542/joint_radars/detections,radar,2570,22061562112,22072008083,-10.445971,327.5842922420856,507,193,41,3,1,0
441,aeva/joint_lidars/points,lidar,307907,22100038912,22072008083,28.030829,356.55852474338343,20763,6763,2530,1021,138,0
441,ouster/forward_center/points,lidar,52123,22074852352,22072008083,2.844269,148.38268300054293,39,0,0,0,0,0
441,ouster/sideward_left/points,lidar,48528,22070780416,22072008083,-1.227667,160.95123678287686,9,1,0,0,0,0
441,ouster/sideward_right/points,lidar,56613,22069628928,22072008083,-2.379155,147.51146077280757,18,0,0,0,0,0
443,conti542/joint_radars/detections,radar,2536,22161532416,22172112808,-10.580392,327.5802530609778,455,197,53,7,4,0
443,aeva/joint_lidars/points,lidar,312970,22200037632,22172112808,27.924824,353.93642013339337,19239,6578,2627,1176,152,0
443,ouster/forward_center/points,lidar,51724,22175166720,22172112808,3.053912,145.53946148244788,33,0,0,0,0,0
443,ouster/sideward_left/points,lidar,48646,22170657280,22172112808,-1.455528,163.81702861469347,8,1,0,0,0,0
443,ouster/sideward_right/points,lidar,56638,22169925120,22172112808,-2.187688,147.43271712215278,11,0,0,0,0,0
445,conti542/joint_radars/detections,radar,2355,22261245440,22272040083,-10.794643,327.648775110644,424,200,56,9,3,0
445,aeva/joint_lidars/points,lidar,305066,22300036352,22272040083,27.996269,351.04582049161166,18656,6900,2836,1298,146,0
445,ouster/forward_center/points,lidar,51948,22274899456,22272040083,2.859373,216.85383222873955,28,2,1,0,0,0
445,ouster/sideward_left/points,lidar,48494,22270701824,22272040083,-1.338259,112.17221715847421,7,0,0,0,0,0
445,ouster/sideward_right/points,lidar,56582,22269884160,22272040083,-2.155923,166.7687162164054,9,1,0,0,0,0
447,conti542/joint_radars/detections,radar,2375,22361690624,22372134783,-10.444159,301.7457461486976,441,187,50,9,1,0
447,aeva/joint_lidars/points,lidar,319025,22400045312,22372134783,27.910529,348.1413592392486,18227,6976,3048,1621,178,0
447,ouster/forward_center/points,lidar,51969,22374648064,22372134783,2.513281,214.09311319947003,31,2,1,0,0,0
447,ouster/sideward_left/points,lidar,48365,22370818304,22372134783,-1.316479,133.64663050470762,5,0,0,0,0,0
447,ouster/sideward_right/points,lidar,56540,22369623296,22372134783,-2.511487,166.43585039130812,10,2,0,0,0,0
449,conti542/joint_radars/detections,radar,2356,22461589760,22472062183,-10.472423,327.61054554092345,379,167,47,10,3,0
449,aeva/joint_lidars/points,lidar,319106,22500041728,22472062183,27.979545,331.7954454926937,17877,7098,3145,1632,117,0
449,ouster/forward_center/points,lidar,52025,22474729472,22472062183,2.667289,211.23804708176402,35,2,1,0,0,0
449,ouster/sideward_left/points,lidar,48245,22470898688,22472062183,-1.163495,150.628979611481,7,1,0,0,0,0
449,ouster/sideward_right/points,lidar,56498,22469515008,22472062183,-2.547175,166.14670580468828,11,2,0,0,0,0
451,conti542/joint_radars/detections,radar,2536,22561328896,22572156883,-10.827987,327.58543358477647,423,196,51,6,1,0
451,aeva/joint_lidars/points,lidar,329471,22600041728,22572156883,27.884845,344.4595374994853,17210,6760,2962,1396,139,0
451,ouster/forward_center/points,lidar,52121,22575053824,22572156883,2.896941,208.44489272712386,49,2,1,0,0,0
451,ouster/sideward_left/points,lidar,48315,22570705408,22572156883,-1.451475,127.09142155360927,5,0,0,0,0,0
451,ouster/sideward_right/points,lidar,56447,22569763072,22572156883,-2.393811,165.81514414109324,16,3,0,0,0,0
453,conti542/joint_radars/detections,radar,2426,22661704192,22672084233,-10.380041,326.97378068948103,389,160,27,8,2,0
453,aeva/joint_lidars/points,lidar,320043,22700037632,22672084233,27.953399,356.6943139009115,16607,7216,3055,1567,162,0
453,ouster/forward_center/points,lidar,52082,22674986496,22672084233,2.902263,146.35462871317014,46,0,0,0,0,0
453,ouster/sideward_left/points,lidar,48321,22670649088,22672084233,-1.435145,148.89066968307654,8,0,0,0,0,0
453,ouster/sideward_right/points,lidar,56364,22669975552,22672084233,-2.108681,165.4761105481448,13,3,0,0,0,0
455,conti542/joint_radars/detections,radar,2369,22761574912,22772011458,-10.436546,327.60028132025826,378,164,38,13,4,0
455,aeva/joint_lidars/points,lidar,320472,22800047360,22772011458,28.035902,348.27751437338077,15994,7052,2970,1431,156,0
455,ouster/forward_center/points,lidar,51719,22774692096,22772011458,2.680638,202.85815671006085,43,4,3,0,0,0
455,ouster/sideward_left/points,lidar,48408,22770782976,22772011458,-1.228482,151.69369471906867,5,1,0,0,0,0
455,ouster/sideward_right/points,lidar,56283,22769794048,22772011458,-2.21741,202.0730334074345,20,2,1,0,0,0
457,conti542/joint_radars/detections,radar,2480,22861226752,22872106183,-10.879431,327.47868907044375,435,199,57,14,1,0
457,aeva/joint_lidars/points,lidar,315236,22900048128,22872106183,27.941945,369.7683545481028,15085,6974,3194,1579,165,0
457,ouster/forward_center/points,lidar,52031,22874694144,22872106183,2.587961,165.110060925775,46,1,0,0,0,0
457,ouster/sideward_left/points,lidar,48469,22870922240,22872106183,-1.183943,161.87047535881135,7,1,0,0,0,0
457,ouster/sideward_right/points,lidar,56184,22869525248,22872106183,-2.580935,164.8402039898895,12,1,0,0,0,0
459,conti542/joint_radars/detections,radar,2401,22961693952,22972033558,-10.339606,284.99013671050574,363,155,33,7,0,0
459,aeva/joint_lidars/points,lidar,321816,23000041984,22972033558,28.008426,368.6030225712325,14566,7402,3134,1434,162,0
459,ouster/forward_center/points,lidar,51927,22975063296,22972033558,3.029738,167.73429483759688,41,3,0,0,0,0
459,ouster/sideward_left/points,lidar,48563,22970732544,22972033558,-1.301014,108.3416714844887,2,0,0,0,0,0
459,ouster/sideward_right/points,lidar,56394,22969654272,22972033558,-2.379286,189.02110243673894,16,3,0,0,0,0
