annotation_token,sample_token,range_m,publisher,point_all_six,point_main_two,rigid_all_six,sector_mean_1deg_all_six
9a1237e0e57a4e3ea2728f959e5328cf,3c7fe0a51cdd45da9a49624782c511f1,10.5153833906876,2002,2247,1980,2280,2246
83a9779335314c5c9c2e99f7e9ba1d2f,3c7fe0a51cdd45da9a49624782c511f1,37.60259112326801,66,77,77,84,76
87c2f92140d4404c87ab55dd27bba491,3c7fe0a51cdd45da9a49624782c511f1,32.763190222061596,850,1125,1091,1138,1125
b9776a2c3e0c4f6b9a34a47b91752778,3c7fe0a51cdd45da9a49624782c511f1,13.960245661457916,451,574,493,575,575
99151028e29249ea9b15132932c5d0ba,3c7fe0a51cdd45da9a49624782c511f1,28.41094640519546,635,730,727,729,730
0701dec2a588474fa7d766bd7fe8c3a8,3c7fe0a51cdd45da9a49624782c511f1,41.172274456026344,778,930,907,924,930
ed2b172ec93f4960b7f67635198654cd,3c7fe0a51cdd45da9a49624782c511f1,12.155037944740853,8,6,1,5,6
def2d409a8114621b61ebf2ff9216900,3c7fe0a51cdd45da9a49624782c511f1,18.030563947235038,4088,4486,4201,5421,4497
533e3f6335c04b5b817d89c9f209a1d9,3c7fe0a51cdd45da9a49624782c511f1,19.917445483643593,1397,1530,1491,1544,1529
0bccfa2b786844a893d9721172bec68d,3c7fe0a51cdd45da9a49624782c511f1,43.70662424128938,737,895,873,893,895
293cecd92f60499191df261a1c90db9b,3c7fe0a51cdd45da9a49624782c511f1,12.282214087771635,750,849,791,821,847
a72a1afe51454f08b1fe522aaa86db25,3c7fe0a51cdd45da9a49624782c511f1,64.91659059994898,139,163,163,134,163
2f593ef1137e41c58c806e88e6aa2095,3c7fe0a51cdd45da9a49624782c511f1,5.86397189328532,7591,14884,630,14881,14888
4343a3fc52b04754925c78c59401fd9d,3c7fe0a51cdd45da9a49624782c511f1,31.528061713476202,1513,1710,1648,1680,1711
df2dec8ec2374b48bfc07ad65c7552f1,3c7fe0a51cdd45da9a49624782c511f1,8.358857455867932,2234,2378,2112,2432,2384
0b5d5f51ca1f4bde825624371c056272,3c7fe0a51cdd45da9a49624782c511f1,18.519282249274838,87,87,82,70,87
ddd92347c49f481797f6fe96e9780e3c,3c7fe0a51cdd45da9a49624782c511f1,26.09013055378591,6918,8565,8086,8501,8566
a3436e8ba48a44e3868c7c45a4499ea1,3c7fe0a51cdd45da9a49624782c511f1,11.73915572038115,23203,31509,27507,32403,31554
1100dc06fd0e472cae400785d5e637a1,3c7fe0a51cdd45da9a49624782c511f1,9.959138419016403,537,597,560,592,597
85ed34fc271742efb62750a0bce033e0,3c7fe0a51cdd45da9a49624782c511f1,27.780166666020488,1852,2492,2382,2471,2489
fc41d43123fb427388d1e93312eacfac,3c7fe0a51cdd45da9a49624782c511f1,25.8868289343017,84,110,107,111,110
6ab26dcf010b40eab6dc08e686c8fdad,3c7fe0a51cdd45da9a49624782c511f1,12.66451531294896,2300,2748,2546,2712,2748
a0987f13b0e24216bd12ac218837dc73,3c7fe0a51cdd45da9a49624782c511f1,14.136695389273326,2889,3416,3239,3362,3416
d72f2a4a50de44bc8acecfa416ead77c,3c7fe0a51cdd45da9a49624782c511f1,15.019114723836251,237,260,253,259,259
518f90df8de44b799e8220777f0bb5e4,3c7fe0a51cdd45da9a49624782c511f1,7.069372291432256,1864,1973,1725,2110,1977
43cd832ba87a4782a80e225a8ccac2f6,3c7fe0a51cdd45da9a49624782c511f1,6.804540899022012,1837,1940,1371,1905,1935
962803668a8a43d39a092e63dc8749c4,3c7fe0a51cdd45da9a49624782c511f1,20.593934395396385,2842,3412,3104,3412,3409
219a3ed3ba824453924a291f19cd0c63,3c7fe0a51cdd45da9a49624782c511f1,35.35880500762747,3311,3958,3853,3983,3956
d68ee510e53a4684a175f903250fe306,3c7fe0a51cdd45da9a49624782c511f1,7.911682641840551,1808,2059,1429,2019,2058
1fe3f635a3e04b6cb677fdcd31a042b7,3c7fe0a51cdd45da9a49624782c511f1,39.32776784510838,346,415,397,416,415
b80e07fe80d74274bffe66ccf1d3a466,3c7fe0a51cdd45da9a49624782c511f1,31.392475347678864,17,22,20,22,22
2afb0259411d4cb499548d558430d9f8,3c7fe0a51cdd45da9a49624782c511f1,13.355100789128489,3,3,2,1,3
4f2e12b0ccdf41c2a9337b8881b6c1e1,3c7fe0a51cdd45da9a49624782c511f1,17.911811880888852,2424,2923,2732,2981,2922
35d762f2947846e3999329e18312b711,3c7fe0a51cdd45da9a49624782c511f1,17.362619443571834,1837,2309,2275,2110,2308
573d4c1fcd77431b81ae543378e523cc,3c7fe0a51cdd45da9a49624782c511f1,10.354234424477136,1560,1605,825,1606,1605
115175fd6394409c808a883e496f1de9,4551a79e00f24684b35672591431ec8c,17.431852323496145,649,679,672,677,679
81cd011f7b514887af3223f7bc01da47,4551a79e00f24684b35672591431ec8c,20.871364739038743,348,458,438,461,458
b8357c6b5d074fd3967605f3f568ce68,4551a79e00f24684b35672591431ec8c,17.00330542177815,1193,1467,1382,1456,1465
dd25e99c796741eb81a8a48ab3e91e89,4551a79e00f24684b35672591431ec8c,5.213679177977435,529,590,402,597,590
3d6a996ab42a4a74a0a95154f3b7b6ab,4551a79e00f24684b35672591431ec8c,12.638305481603263,4578,4874,3668,4873,4873
0e17f4836c9d4268ae47669263b6901e,4551a79e00f24684b35672591431ec8c,26.285305223541517,2489,2972,2928,2957,2972
99398320ab734e92aa075773d2171153,4551a79e00f24684b35672591431ec8c,35.71643637882201,386,442,442,438,442
fa069204f55845aeb1ab7de0011139e8,4551a79e00f24684b35672591431ec8c,6.812218349577819,15776,21728,17108,21843,21728
3e4a27f859a0423da8bee594f9c47eab,4551a79e00f24684b35672591431ec8c,34.64361210339702,99,106,94,106,106
69037d52121149c5afd548fc0c0d75cd,4551a79e00f24684b35672591431ec8c,31.60326000698506,419,510,510,511,510
8e21d2ef1b8641e3a884eabb6879699b,4551a79e00f24684b35672591431ec8c,28.295044683985086,276,286,277,268,285
f1ade5bdb824411fbca3eb293e8af427,4551a79e00f24684b35672591431ec8c,55.39549992624578,56,55,55,48,54
a886c51db0df47259faef83a4e6758a2,4551a79e00f24684b35672591431ec8c,5.578079820005931,6859,13032,573,13037,13032
45844f8d8eef41e1a2dbbc0f6d767ce9,4551a79e00f24684b35672591431ec8c,29.546782273294056,1661,1924,1814,1894,1924
d64c335fcf6c472c92d0f3c44a4ed1c0,4551a79e00f24684b35672591431ec8c,18.395521945131655,663,706,678,710,706
be701924a2294943b200749a4c4150b5,4551a79e00f24684b35672591431ec8c,27.174998994999115,4301,5178,4744,5085,5179
2caade47503c4a2d8b5e12d10505f834,4551a79e00f24684b35672591431ec8c,10.393382562983087,78,72,41,72,72
aab4637a21f44b39a7ab63957760bb30,4551a79e00f24684b35672591431ec8c,8.248784249427487,13255,15521,11175,15556,15522
b6f7505804c34a9cb7cfeb5fe46fb657,4551a79e00f24684b35672591431ec8c,25.93432536354388,181,179,178,177,179
eac0eb2f1e2248fb99cc1343f091c7c0,4551a79e00f24684b35672591431ec8c,11.937855597841928,12197,16139,13390,16091,16136
d3087f1586744871bc51f9b97671638b,4551a79e00f24684b35672591431ec8c,10.228836026608729,449,577,496,533,575
97db47f563a14cb087693f1faebc55c4,4551a79e00f24684b35672591431ec8c,17.00400550309218,500,560,523,546,561
0f82071c9d3b4ee48829d5c0002bcc3b,4551a79e00f24684b35672591431ec8c,16.288910629343896,998,1059,1013,1061,1059
e7489d85f73d462dbf12b93dd340eb84,4551a79e00f24684b35672591431ec8c,30.964982313767756,155,150,150,102,150
62e76ad2c75b47d89072ed5e80be4918,4551a79e00f24684b35672591431ec8c,19.843764920251637,397,439,433,442,439
a70e6d4053594ad8a564445f829144ac,4551a79e00f24684b35672591431ec8c,31.030033711487686,117,136,129,134,136
7675587770fb48bb9e3c191a936bb78d,4551a79e00f24684b35672591431ec8c,21.307950936591563,113,115,96,118,115
8495c1d3e1a24e598ff7d3572da23390,4551a79e00f24684b35672591431ec8c,5.41950787103597,11664,11880,3455,11850,11882
74fc90ff455d4ff581b6d5c02f259eb2,4551a79e00f24684b35672591431ec8c,20.637327923620212,8716,11905,11059,11909,11905
4c4157cc63e74ef4829efba00e302b25,4551a79e00f24684b35672591431ec8c,23.693891404415606,251,266,253,262,266
4c0f8b3b8e5d4fa6912efa642d1080b6,4551a79e00f24684b35672591431ec8c,25.391648757379436,144,169,160,171,169
57f36b05fd6d444aa3ef25b4040d5069,4551a79e00f24684b35672591431ec8c,11.298399165355137,419,524,451,516,523
2467404e43c141aab76e408dfc37d32e,4551a79e00f24684b35672591431ec8c,31.16625455455843,652,697,691,698,697
e61050e017e3418c821afdd28cb4d560,4551a79e00f24684b35672591431ec8c,17.03749837371512,948,991,961,984,991
ab086d10a2574787a2a883633f1e4d85,4551a79e00f24684b35672591431ec8c,11.480843771789266,152,160,32,160,160
bdb8c990e3f94d7b8ebe3e92b464090c,188173f8e91a4090a439f6038577bf1d,29.795618457669008,195,211,210,216,210
a2e8c7d0c60c4e72bebcfb337bef4269,188173f8e91a4090a439f6038577bf1d,14.340001201986396,207,277,265,279,277
2fd120ed73e7491cb5c50202af1b83ae,188173f8e91a4090a439f6038577bf1d,8.640427964595347,9891,14192,11817,14239,14193
ddc48126fd2b4d4a82ba98d65e3ac1f3,188173f8e91a4090a439f6038577bf1d,8.986591379034923,230,265,209,270,264
a80bb4a670ba49f48496b76daa70b735,188173f8e91a4090a439f6038577bf1d,8.242359712192025,1055,1076,726,1095,1077
f1c07c5c890b4e718759f1e3507faabe,188173f8e91a4090a439f6038577bf1d,17.508226957986686,3596,5163,4961,5178,5162
69c3403544fd456abd38c9a05fc93f1a,188173f8e91a4090a439f6038577bf1d,26.943250939357814,620,822,807,822,822
c27ee86ba9d04b5bae1ef42f8e4d8951,188173f8e91a4090a439f6038577bf1d,12.464367288220773,3163,3359,2754,3571,3362
899b6c2b8c834a0c8a7c833572ab77e9,188173f8e91a4090a439f6038577bf1d,48.25782877325997,25,26,21,26,26
ef634fb1dfba47b0b3d93e7407db9d75,188173f8e91a4090a439f6038577bf1d,24.105397012811626,175,224,192,224,224
0dfe6ca60f4a43b0a58c5fd98eae31fb,188173f8e91a4090a439f6038577bf1d,41.15531670929103,128,118,118,61,119
fad60dd605024f47acd78ed449119a28,188173f8e91a4090a439f6038577bf1d,5.59610634987576,7124,14223,48,14230,14221
1f1d0175fb0c44aaa84016ef3e336eb3,188173f8e91a4090a439f6038577bf1d,31.150611004321927,222,238,238,243,238
f8200605e05d4ad09600f41baf7e8770,188173f8e91a4090a439f6038577bf1d,18.628319704130732,995,1139,1084,1140,1139
fa73e79e0c7c43fda6f86d9ff5184990,188173f8e91a4090a439f6038577bf1d,18.992634725629255,1201,1156,977,1281,1148
25f492119fd64acab1409350fc523f3f,188173f8e91a4090a439f6038577bf1d,38.91956850701742,93,79,79,61,79
c27f383050ec4dbfa1b3a22238288dfb,188173f8e91a4090a439f6038577bf1d,4.635597613543695,12879,15286,10584,15276,15284
c7f6f95f27cc4434b74fef39457989b2,188173f8e91a4090a439f6038577bf1d,26.979090169901966,1,0,0,0,1
c8c580da4bee440f956ab37ea0ac7748,188173f8e91a4090a439f6038577bf1d,28.60120368984379,162,171,170,172,171
6df47dea90564c08979ab2b6dc1e4084,188173f8e91a4090a439f6038577bf1d,27.433981566804654,99,110,109,107,110
d5b4d3f268ee47f998503c9a89cf50d3,188173f8e91a4090a439f6038577bf1d,43.95678576151483,16,12,12,7,12
a5cbcb4c3e0e4966ad698e4e71558ec2,188173f8e91a4090a439f6038577bf1d,32.7232826127895,153,161,161,168,159
04ea32031ad6434eb705c3dfca4f821b,188173f8e91a4090a439f6038577bf1d,22.539257387419607,1957,2613,2526,2615,2613
894ec5ea22f843d1a883f040db745eef,188173f8e91a4090a439f6038577bf1d,34.428733238113615,125,127,125,127,127
883e7a6fff8a4fe4859730d11ada6bc3,188173f8e91a4090a439f6038577bf1d,9.968532204219557,1145,1192,802,1184,1192
255eeba66de54cc18cb02c9aed5479ac,188173f8e91a4090a439f6038577bf1d,15.477945352323948,3967,5147,4791,5152,5147
307365e20a864b33b821eab2800ffcd0,188173f8e91a4090a439f6038577bf1d,36.73601631699933,139,120,118,108,120
0be06841d98842049592c5a55897bebe,188173f8e91a4090a439f6038577bf1d,19.77849263163807,28,37,37,37,37
3cab3b1f7feb43e5b990716be2442ac3,188173f8e91a4090a439f6038577bf1d,44.00208437878128,340,356,355,333,356
4a1031d012d44740a5664ab2e839d891,188173f8e91a4090a439f6038577bf1d,28.267054668472614,243,230,229,228,230
373a15d39c9d40b6805aad6b1ad06b38,fb586e9af9bc4ded87c306e7964345e6,59.333818497308656,34,35,35,36,35
e596862d4f3b4321ada3f556b28a7fe3,fb586e9af9bc4ded87c306e7964345e6,122.40875651653734,26,36,36,37,36
e2e770f8486b4270adc921c25fd4839b,fb586e9af9bc4ded87c306e7964345e6,131.65633325145902,10,7,7,7,7
0e93e6c18c7c4e5b99709afa92e3c888,fb586e9af9bc4ded87c306e7964345e6,29.659483622030145,611,834,833,814,834
8a7078d3df32450b8669dd4d3e1287c0,fb586e9af9bc4ded87c306e7964345e6,17.60022968920155,413,432,429,428,433
f0897c0df7b846bf9341e7a8c7a9b124,fb586e9af9bc4ded87c306e7964345e6,60.87716161088816,100,132,121,132,132
21c5511193c545b2a1a7a476d35ff502,fb586e9af9bc4ded87c306e7964345e6,62.64390351994478,36,48,45,48,48
21c47b2896eb46df8607d5f312a0ddef,fb586e9af9bc4ded87c306e7964345e6,63.64620958258691,2,3,3,3,3
a3c6e7eda07f4152bd3f37791c4ddba8,fb586e9af9bc4ded87c306e7964345e6,93.72908937986226,8,7,7,7,7
d063ccc32c9f44e9a89232a22e320632,fb586e9af9bc4ded87c306e7964345e6,52.469531510551654,42,53,49,56,53
4e025ba5c9c643a3a7d9ce98b5aea210,fb586e9af9bc4ded87c306e7964345e6,34.55784379417539,53,57,57,53,57
f2495bf0cdd74c42801ff5ec65123fbc,fb586e9af9bc4ded87c306e7964345e6,8.532553902394756,1204,1245,1194,1243,1245
1f16c97a7230493484aa53fe46ba2fb7,fb586e9af9bc4ded87c306e7964345e6,45.021305827184996,74,84,84,82,84
a561f4dbe42d48a6ad779d74678bfcf3,fb586e9af9bc4ded87c306e7964345e6,16.161321434258863,40,40,3,40,40
7f25efe816864e03aad5bb9d4de57075,fb586e9af9bc4ded87c306e7964345e6,45.20503069339934,172,209,209,208,209
e2f2f64977f042ef856ed78f1516b67e,fb586e9af9bc4ded87c306e7964345e6,55.46790880481251,253,249,247,246,253
ba5c31aaea3d40e7abde1b36be6a84fe,fb586e9af9bc4ded87c306e7964345e6,123.13067507147191,10,9,9,8,9
6d8712c7fbd34d07a90ee3baeb88a9e3,fb586e9af9bc4ded87c306e7964345e6,6.496995604123641,50723,75381,57211,75445,75381
a7779ad5fb7444059f8f97ea5b7feecd,fb586e9af9bc4ded87c306e7964345e6,61.94212901145695,31,34,34,9,34
4b5c082beda94256b95832c7366a9565,fb586e9af9bc4ded87c306e7964345e6,74.38588035837434,20,16,16,15,16
331813ca13924f79a203748582537200,fb586e9af9bc4ded87c306e7964345e6,82.29589047744048,15,17,17,7,17
bbb632f7ec444819b72179cbe5f11db3,fb586e9af9bc4ded87c306e7964345e6,68.1963592051155,45,41,41,41,41
54af70d81ab64a208e9d4849d805e790,fb586e9af9bc4ded87c306e7964345e6,9.80349734455778,32440,46134,39550,44870,46138
0246303646c541a6b6715a4b944b36f1,fb586e9af9bc4ded87c306e7964345e6,111.3156712931476,53,54,54,53,54
fa86e8a48d954506966aad4c340b605b,fb586e9af9bc4ded87c306e7964345e6,125.8355111708118,6,6,6,6,6
10297a07657f4830b148d98b10d7f2ad,fb586e9af9bc4ded87c306e7964345e6,23.458854251416653,358,527,515,527,527
16364a2c16604a669ede9a60c41c74b3,fb586e9af9bc4ded87c306e7964345e6,136.0984174582507,3,3,3,0,3
6e88c78a83cc4b5d956d643b3a08a46b,fb586e9af9bc4ded87c306e7964345e6,150.05681029796702,8,8,8,6,8
826e4909bd784a6284798ed69dc3af90,fb586e9af9bc4ded87c306e7964345e6,31.4421529303647,68,84,84,24,84
496281c022eb425f908a671c00306264,fb586e9af9bc4ded87c306e7964345e6,125.73588961035736,2,0,0,0,0
23f99d580f2044fcb68bf8065569aabd,fb586e9af9bc4ded87c306e7964345e6,24.976264972350485,94,93,93,90,94
30e6cd970a9f480b80d7414e17787f52,fb586e9af9bc4ded87c306e7964345e6,29.884472666907886,832,932,925,933,932
0fa21464109c42219a9c01a396891ab4,fb586e9af9bc4ded87c306e7964345e6,42.70643144973652,1020,1241,1233,1241,1241
38877adc58664ed0b65b6bae00262638,fb586e9af9bc4ded87c306e7964345e6,62.10190230187334,33,30,30,27,30
0faf424e15174e3c84ffe3a48143aa8a,fb586e9af9bc4ded87c306e7964345e6,14.129389885506159,1036,1373,1128,1345,1374
800a272e474b4f93b83ec6ca37352b09,fb586e9af9bc4ded87c306e7964345e6,22.124139465065355,933,986,982,527,986
cec4e4e78fda4dca9e8125400e349ef3,fb586e9af9bc4ded87c306e7964345e6,36.06820895421815,55,64,64,62,63
0824adf3a1d24a20bdd8c20a2e3e49c3,fb586e9af9bc4ded87c306e7964345e6,117.51970861328894,24,31,31,31,31
b9b48eae13fb43cf9e89dc3543abf324,fb586e9af9bc4ded87c306e7964345e6,113.80849425696398,14,17,17,15,17
1b8ee009cbda4771b7671ddf9e21aa90,fb586e9af9bc4ded87c306e7964345e6,87.51204967001946,22,23,23,21,23
a174952f16ab44ec97175aecb5d8ad04,fb586e9af9bc4ded87c306e7964345e6,35.87791746065471,631,743,743,744,742
46b53b25f77c4d22ac085e5f68f49eb2,fb586e9af9bc4ded87c306e7964345e6,71.72034151592973,40,48,46,35,49
7d59e8846014412db7577d809ce685f0,fb586e9af9bc4ded87c306e7964345e6,101.28799009193816,6,6,6,6,6
3f40d5dd17824fbc9279215b1ff6ccdc,fb586e9af9bc4ded87c306e7964345e6,107.33760719373676,19,23,23,22,23
bd3dca2390474ddbb703c4a551340943,fb586e9af9bc4ded87c306e7964345e6,69.73873057655582,42,42,42,38,42
91c44ea6e2744a16932e8a3f142605f0,fb586e9af9bc4ded87c306e7964345e6,37.18294484208837,847,946,943,954,946
274ec1ea16754d458c1dd8770a6bd81b,fb586e9af9bc4ded87c306e7964345e6,47.89023990912779,6,6,6,6,6
354b41a8948a4090bcd891d3831a066b,fb586e9af9bc4ded87c306e7964345e6,97.37747018066543,36,38,37,38,38
04b30188486643b5aef349a9b645a756,fb586e9af9bc4ded87c306e7964345e6,105.52447368733907,4,2,2,3,2
20eb81afaaf9463680d23520f3c5eb68,fb586e9af9bc4ded87c306e7964345e6,70.26052267021227,329,344,344,340,345
dbb7d63f78ea4023a93e261ea0623571,fb586e9af9bc4ded87c306e7964345e6,144.00391813678237,4,5,5,5,5
429764f2880045c2b0fb02687a689b8f,fb586e9af9bc4ded87c306e7964345e6,46.485498175893795,94,115,111,115,115
32a5f93f40bf44bfba105f9ea2ca28e9,fb586e9af9bc4ded87c306e7964345e6,45.08170377024928,51,58,58,44,58
4ffabcbe9b9241fa958d1c84c70d2018,fb586e9af9bc4ded87c306e7964345e6,143.05831752117862,2,2,2,2,2
da4bc17a8e8640cab6a5eee70631434b,fb586e9af9bc4ded87c306e7964345e6,51.09876400422835,434,446,443,441,444
37b0166cb6fa43b8b66eb8ac9fdc4a93,fb586e9af9bc4ded87c306e7964345e6,128.46679650588888,2,2,2,1,2
8a1c7d21ca5c41f0b19b2107528f77b2,fb586e9af9bc4ded87c306e7964345e6,51.112852298937746,99,124,124,123,124
f4242d05a06c443abd6dc3e3b5087af4,fb586e9af9bc4ded87c306e7964345e6,99.73014293377824,16,17,17,16,17
05ed1437bc644bd9a9aee8f1e5d47344,fb586e9af9bc4ded87c306e7964345e6,14.995494895053794,253,281,278,80,281
11bcbc98536e4a1182f31d5a7c972ee4,fb586e9af9bc4ded87c306e7964345e6,83.01452584208765,18,19,19,19,19
d23f111570cc4991bfdedaa5531dd086,fb586e9af9bc4ded87c306e7964345e6,118.55432317542238,13,13,13,13,13
2a614842e64f47ada7d8afe93568b7f9,fb586e9af9bc4ded87c306e7964345e6,123.42369765099637,5,8,8,8,8
9f5dcfa6d09a47cd886de1a7148af1b2,fb586e9af9bc4ded87c306e7964345e6,103.08482614278061,9,9,8,9,9
e3a3553149ab4664b675e5d2f56a8b5a,fb586e9af9bc4ded87c306e7964345e6,45.92795037466524,107,111,110,106,111
7f83719f149c4144aac68ba6fe3243d0,fb586e9af9bc4ded87c306e7964345e6,85.7447444975249,19,20,20,18,20
2d9a72a56522481b96e68e68445fd5b2,fb586e9af9bc4ded87c306e7964345e6,106.92163870298506,3,2,2,2,2
6bdbeadca279420fa5da436301235764,fb586e9af9bc4ded87c306e7964345e6,85.21162053494692,37,40,40,40,40
243f890947e349349ff2ad42602222e3,fb586e9af9bc4ded87c306e7964345e6,34.794308361947955,129,154,146,143,154
cb839e1c477a4c87aa7fcae96175cab7,fb586e9af9bc4ded87c306e7964345e6,119.24721403481549,42,46,46,46,45
0556687671a1463a8d49b8213f8008bb,fb586e9af9bc4ded87c306e7964345e6,86.10655562534342,15,18,18,18,18
afb377d048724efd8235b89c159524d2,fb586e9af9bc4ded87c306e7964345e6,144.11203211634893,5,3,3,2,3
eb72a5dde75d49858447eb6615458fff,fb586e9af9bc4ded87c306e7964345e6,37.219685637401106,176,179,179,172,179
0274835f086948f7bddd769a15131d6e,fb586e9af9bc4ded87c306e7964345e6,42.05380907972704,192,216,213,215,216
8cac8532d11649cc95690e5b03797bb4,fb586e9af9bc4ded87c306e7964345e6,25.005065745160874,44,59,59,59,59
a057b605a43644da8cbd8f5602fb0a00,fb586e9af9bc4ded87c306e7964345e6,104.49613153889567,3,0,0,0,0
ce52732b21e949bf9fdd331761c4d13c,fb586e9af9bc4ded87c306e7964345e6,47.00024804351327,138,158,155,154,158
b3109497ed92410586e2649ba4739b4e,fb586e9af9bc4ded87c306e7964345e6,138.41282521918836,15,15,15,14,15
18db37c7312843448f3108a38ae5fa2c,fb586e9af9bc4ded87c306e7964345e6,182.43856283141872,49,59,59,59,59
11830cc24e6e445992423201990bdabe,fb586e9af9bc4ded87c306e7964345e6,15.448932452986115,203,237,226,230,237
9b374e94504647e19b7560be86329f43,fb586e9af9bc4ded87c306e7964345e6,54.255082355906055,186,178,177,145,179
52f5474672044bb59684803157b16bd2,fb586e9af9bc4ded87c306e7964345e6,4.675887031110512,6959,15826,1127,15753,15824
556375b0852741c3a02bb7b026a4e28c,fb586e9af9bc4ded87c306e7964345e6,75.2595384568814,111,148,148,147,148
f2fc088104be4f55b2d4e09a9fcdb878,fb586e9af9bc4ded87c306e7964345e6,55.9052568612702,86,76,75,69,76
ebd86c4a19734e3890c60de616e55fb5,fb586e9af9bc4ded87c306e7964345e6,50.80975220741061,131,201,199,202,200
21c07e32de384e7a9ca6f867b199c55f,fb586e9af9bc4ded87c306e7964345e6,157.19164120016816,7,7,7,7,7
13af3b18fa5f48b4a2d3ec57dc58baf3,fb586e9af9bc4ded87c306e7964345e6,43.495680872772155,162,185,185,187,185
4b89348d00fa434cb56a703e7b93b02c,fb586e9af9bc4ded87c306e7964345e6,103.74997827585234,59,63,63,62,63
f34fdbfa75804b0e9eeacb787d15f245,fb586e9af9bc4ded87c306e7964345e6,105.37346795285735,26,31,31,31,31
94d409dae73a4f7a9bb976e68828cf94,fb586e9af9bc4ded87c306e7964345e6,31.278340793924222,774,829,828,855,825
a3d634acf93b467ea58e9824483b0a09,fb586e9af9bc4ded87c306e7964345e6,133.70379940413648,9,8,8,0,8
86bc3cdf4ce747cc9232724a05703f4a,fb586e9af9bc4ded87c306e7964345e6,14.82106815126094,302,389,347,257,388
042c7e96fd834b91923436de600495e5,fb586e9af9bc4ded87c306e7964345e6,125.88223598069746,24,19,19,19,19
a7153c091a9e49aba3a010ffd01e6b37,fb586e9af9bc4ded87c306e7964345e6,100.114216461117,2,0,0,0,0
24115f3958784125a7af7f5b7d6abbd3,fb586e9af9bc4ded87c306e7964345e6,18.674445377750327,1735,2262,2107,2250,2262
b554bba686884d288a2b12b6e61016c3,fb586e9af9bc4ded87c306e7964345e6,72.43640848214875,31,39,39,38,38
d3772499d9674d738ce72c7c064ae553,fb586e9af9bc4ded87c306e7964345e6,40.8284060244939,62,90,81,89,90
189024f301fb4c78bda4037cb778153c,fb586e9af9bc4ded87c306e7964345e6,106.98181818179309,5,4,4,4,4
f9e586ee1cbe46eeac2c41453bb26c80,fb586e9af9bc4ded87c306e7964345e6,110.73960194097272,39,41,41,41,41
2eb4768b208c4db3af6de4b0f0f70ffd,7aab37b38b4344b2a5f9b4d56bdc8cf9,198.4898325186018,7,7,7,4,7
156d370db6d84b8fa262dbbae98d7bd7,7aab37b38b4344b2a5f9b4d56bdc8cf9,33.95544370449862,431,475,475,475,477
4968cedd93fb4175b9e09e08fe579009,7aab37b38b4344b2a5f9b4d56bdc8cf9,108.27139807645914,146,150,150,115,148
fd7123a9f8734c08988bfb2dd2771752,7aab37b38b4344b2a5f9b4d56bdc8cf9,122.7020671874938,11,8,8,8,8
31deecdd4ffa4544aa69d1ceca126863,7aab37b38b4344b2a5f9b4d56bdc8cf9,28.729747852573762,447,516,515,516,516
b6c06f81712e4d31a554eba2c7a67747,7aab37b38b4344b2a5f9b4d56bdc8cf9,37.585469334639846,76,107,93,114,108
35b5b9498f2c4f64bce507c9e0c4d01b,7aab37b38b4344b2a5f9b4d56bdc8cf9,55.1034981717416,60,76,74,73,77
da60922a0b254638a01cec40b29fd3a1,7aab37b38b4344b2a5f9b4d56bdc8cf9,82.26475667287698,7,6,6,5,8
7abc705ee5fc424e8e9417812dfe9823,7aab37b38b4344b2a5f9b4d56bdc8cf9,28.470591132862292,118,154,143,148,154
175c107f79e7404c96c665965e44a520,7aab37b38b4344b2a5f9b4d56bdc8cf9,139.41708776386537,1,0,0,0,0
825a3aca64284bdaa31115c4f7b615fd,7aab37b38b4344b2a5f9b4d56bdc8cf9,129.2142277012353,12,15,15,10,15
9bcd4d8d14ce4d07adbd353e76d2b34e,7aab37b38b4344b2a5f9b4d56bdc8cf9,32.5296608858845,28,29,29,29,29
43fa7348f7f04a84ab4d3e5079cba000,7aab37b38b4344b2a5f9b4d56bdc8cf9,10.564000344939162,36,35,0,34,35
e9e655f9554f48129770e99372fca43e,7aab37b38b4344b2a5f9b4d56bdc8cf9,27.72975399941775,240,298,284,300,298
2075fa37855b4eeb85017650d2810969,7aab37b38b4344b2a5f9b4d56bdc8cf9,102.14229310192117,13,13,13,6,13
af948911ea784658932bfb68a4eab402,7aab37b38b4344b2a5f9b4d56bdc8cf9,98.41564382729005,4,2,2,2,2
cb13b638a6484b83be8dc0dade8e4da7,7aab37b38b4344b2a5f9b4d56bdc8cf9,14.760559393147943,2,17,0,16,17
0b5d0d3b3e1349c496cd1630e83bef7e,7aab37b38b4344b2a5f9b4d56bdc8cf9,22.61992492940272,194,254,211,251,254
84671703abc642b1b1f976fd0dce8ccd,7aab37b38b4344b2a5f9b4d56bdc8cf9,105.40635408067571,40,41,41,38,41
18424befd1ec4aebb24dd85b9e12c63f,7aab37b38b4344b2a5f9b4d56bdc8cf9,8.278617536782425,29977,38641,32436,38787,38639
30fad5e55edd4e908df8d2794e62fa5f,7aab37b38b4344b2a5f9b4d56bdc8cf9,52.904322328808455,4,2,2,2,2
b9b82b7eca8845e099b01071f46f1c8a,7aab37b38b4344b2a5f9b4d56bdc8cf9,84.3756200056261,42,44,44,36,44
2d6bc79f1734405484669ca1d0620436,7aab37b38b4344b2a5f9b4d56bdc8cf9,11.196975848753375,23628,30700,27167,30463,30705
fb5dce90d7d540ef8c3f01b8a002ab2b,7aab37b38b4344b2a5f9b4d56bdc8cf9,152.79895401214267,9,9,9,8,9
5d2a27ac738f4b8486a7fda37f6dab78,7aab37b38b4344b2a5f9b4d56bdc8cf9,66.58723225337684,53,45,45,45,45
6dd128b5c94b4359aa212c293236ef96,7aab37b38b4344b2a5f9b4d56bdc8cf9,109.64688626301637,3,1,1,2,1
1b87e15896d24ad49acb5b7d3717783d,7aab37b38b4344b2a5f9b4d56bdc8cf9,19.295759736528407,265,304,294,304,304
e6288dc02eb94adbafc67eb4546182e3,7aab37b38b4344b2a5f9b4d56bdc8cf9,55.3971485832047,8,7,7,0,7
91d6cee34099443288bfb88962d2aa53,7aab37b38b4344b2a5f9b4d56bdc8cf9,116.74844429690678,6,6,6,5,6
c920d8f29d7b497eb0ca18aa2e1bb25f,7aab37b38b4344b2a5f9b4d56bdc8cf9,28.09222756672014,61,64,61,52,64
c756b20e323646dbbc38b59d23b831d6,7aab37b38b4344b2a5f9b4d56bdc8cf9,59.45091439794081,87,100,99,96,100
6c7240b797974201bcf5635c6695e86c,7aab37b38b4344b2a5f9b4d56bdc8cf9,54.81184484610296,336,403,394,388,403
63dca489184c4a6d8ef57ae624cad1a2,7aab37b38b4344b2a5f9b4d56bdc8cf9,10.75168844335171,581,678,585,667,678
08e5f1d2c25547ce9887117faf040bd3,7aab37b38b4344b2a5f9b4d56bdc8cf9,95.25332275554038,13,15,15,8,14
ed522a51a1694ce0bd8c598aebb88367,7aab37b38b4344b2a5f9b4d56bdc8cf9,104.11104106602092,54,55,55,38,54
fba2fcff132f4c41810d8cbd0c558fd5,7aab37b38b4344b2a5f9b4d56bdc8cf9,95.99739908631926,21,21,21,20,21
f5a124b57ae041479f4a87914e777700,7aab37b38b4344b2a5f9b4d56bdc8cf9,68.16606594321156,22,20,20,22,21
f050ef5b532e434196e9dbcc7e2d167d,7aab37b38b4344b2a5f9b4d56bdc8cf9,81.38331751313316,22,20,20,22,20
ed8ae032fef14a60bd27cf18e2507fac,7aab37b38b4344b2a5f9b4d56bdc8cf9,54.216426651252824,2,2,0,2,2
eb739b9d47344f9a9f63617e5b2f6432,7aab37b38b4344b2a5f9b4d56bdc8cf9,51.23910683713593,171,174,174,168,173
b78f32009d35403a911c280981b14f7b,7aab37b38b4344b2a5f9b4d56bdc8cf9,96.84521845637843,5,8,8,5,8
90743008dc074611b5abe582812a25aa,7aab37b38b4344b2a5f9b4d56bdc8cf9,66.66182593255282,12,11,11,9,11
5c77f716e2734ca9919ffc50cddc3321,7aab37b38b4344b2a5f9b4d56bdc8cf9,33.396688446533126,923,1048,1046,1056,1048
051f0f56434a41d1b5f9e778020abc6b,7aab37b38b4344b2a5f9b4d56bdc8cf9,58.2264859517358,2,1,1,1,1
e298e3ef0c914faf94a58194ab8f1b77,7aab37b38b4344b2a5f9b4d56bdc8cf9,76.3495523809731,43,41,41,42,42
f908664e1fde4e7d8c85518c915bb4e1,7aab37b38b4344b2a5f9b4d56bdc8cf9,96.89374581551867,8,8,8,5,9
a29fcdbd930d4cc89afe953c9f26bebd,7aab37b38b4344b2a5f9b4d56bdc8cf9,39.78420706928743,193,233,228,230,233
fd799f41eabb4952b11bf72fe58aadb3,7aab37b38b4344b2a5f9b4d56bdc8cf9,102.28851450088344,4,4,4,3,4
9f1ed2cb36ef44a0b23e6996230e474f,7aab37b38b4344b2a5f9b4d56bdc8cf9,87.22630677496781,28,29,29,25,29
153c4919757340cc848f4001ac3c95e6,7aab37b38b4344b2a5f9b4d56bdc8cf9,30.908636899040204,161,200,190,204,201
786f86f5dbdf4c838661f1bd1369a794,7aab37b38b4344b2a5f9b4d56bdc8cf9,37.79947966960379,4,2,0,1,2
b1859c9836c94aa4a8bc75ebd6e5e51c,7aab37b38b4344b2a5f9b4d56bdc8cf9,31.953432571787413,1394,1632,1593,1639,1635
a9b949534328409fb16c1b1a432594a5,7aab37b38b4344b2a5f9b4d56bdc8cf9,121.77298785598995,7,6,6,7,6
e8f6709175bd4a118ffe1c241c15dd23,7aab37b38b4344b2a5f9b4d56bdc8cf9,28.17212389250292,16,19,19,21,19
760eec8942b24f5eaf88e59648767781,7aab37b38b4344b2a5f9b4d56bdc8cf9,86.66444516512024,31,36,35,35,37
5975b25bee864c29a6f81b87a869863b,7aab37b38b4344b2a5f9b4d56bdc8cf9,26.879661298651257,131,166,154,164,165
5c1625f2a8864003a991c5173e5f0102,7aab37b38b4344b2a5f9b4d56bdc8cf9,43.339555457543206,134,147,147,141,147
e5f685d6ee2a45c89ca8190031e19145,7aab37b38b4344b2a5f9b4d56bdc8cf9,188.34742685099133,8,6,6,4,5
7e0ab05957594ef9977df4667f381fb0,7aab37b38b4344b2a5f9b4d56bdc8cf9,110.13486760438342,31,25,25,14,25
4b60cb8e56764addaafdd1a8a2362e57,7aab37b38b4344b2a5f9b4d56bdc8cf9,86.93967493956828,35,32,32,27,31
f54642d931a54065a8104a0217458e1e,7aab37b38b4344b2a5f9b4d56bdc8cf9,51.005553914798746,34,37,37,29,37
d19fb618e8b746d89995cc7e387838a1,7aab37b38b4344b2a5f9b4d56bdc8cf9,96.27854796936028,6,5,5,4,5
9c79be27bed241a5bedcbc5bb1b85f93,7aab37b38b4344b2a5f9b4d56bdc8cf9,66.1171846775032,32,30,30,29,30
23c610b5a49e4818827640cc3a89f8f0,7aab37b38b4344b2a5f9b4d56bdc8cf9,55.069370326853715,69,74,71,63,74
712e91d7c5c447a893a1ea93310aeee8,7aab37b38b4344b2a5f9b4d56bdc8cf9,120.13541900500002,11,18,17,16,18
b33e3b2ee73144de8242dcdaba998fa1,7aab37b38b4344b2a5f9b4d56bdc8cf9,65.1810346859631,14,17,17,17,18
7b85bd911bdd4b75b7631a48518216f8,7aab37b38b4344b2a5f9b4d56bdc8cf9,42.459633574836005,178,176,176,154,176
db3c9abbc3e243c49f8e7e4c61086b40,7aab37b38b4344b2a5f9b4d56bdc8cf9,101.24811105436119,32,31,31,29,32
918b111201eb473c8886508cbd2d4879,7aab37b38b4344b2a5f9b4d56bdc8cf9,42.45863505767165,19,19,19,8,19
bdd346381e874b699cdf8f1aa112b404,7aab37b38b4344b2a5f9b4d56bdc8cf9,83.07171665389332,6,7,7,6,7
0095956c3474440d8239f4f80754e0b4,7aab37b38b4344b2a5f9b4d56bdc8cf9,70.92383247734843,87,104,104,93,104
cac8a5c9943d40b19d1c6af9536be5cb,7aab37b38b4344b2a5f9b4d56bdc8cf9,180.44883189172674,43,46,46,43,46
424a4546330c405fbb74b8bab00ff552,7aab37b38b4344b2a5f9b4d56bdc8cf9,29.45927865636947,42,44,44,44,44
12e3f45b18384a9fb86008a1255f4b99,7aab37b38b4344b2a5f9b4d56bdc8cf9,4.871231774510057,14485,30453,6557,30487,30453
4f0b93a9e7d14f08ac1d69de14c7f2b7,7aab37b38b4344b2a5f9b4d56bdc8cf9,62.37466922666611,211,249,249,251,247
f48968b0be0642a8af71011036a5943d,7aab37b38b4344b2a5f9b4d56bdc8cf9,30.00719685916144,885,989,980,975,996
74b8cb36b068445a8f1c73f562701ea3,7aab37b38b4344b2a5f9b4d56bdc8cf9,43.034321428990204,29,35,33,32,36
2e812f75357f4a159767d0d755cefd10,7aab37b38b4344b2a5f9b4d56bdc8cf9,27.04091252360021,275,353,351,348,353
8f4ce1048238437196ccae992ec3058f,7aab37b38b4344b2a5f9b4d56bdc8cf9,103.99063489635881,91,116,116,105,117
b906ec381ea74f958e3fd9c6dfeedac1,7aab37b38b4344b2a5f9b4d56bdc8cf9,117.96166021962719,42,30,30,39,29
eb6468b650534e0585e825a82a10fea5,7aab37b38b4344b2a5f9b4d56bdc8cf9,73.428537966518,137,153,153,151,153
f1b5a5c359a94a8d839a2df9a1fb1414,7aab37b38b4344b2a5f9b4d56bdc8cf9,26.13038883137112,862,958,949,959,958
8909aac15d904a7dbb8110ce433a70ea,7aab37b38b4344b2a5f9b4d56bdc8cf9,10.064135934415287,74,75,54,42,75
67741086df5d4f77ac2684655deb8276,7aab37b38b4344b2a5f9b4d56bdc8cf9,121.94179842328253,31,38,38,21,37
229685c97adf4f4a95f1895553a5cc2b,7aab37b38b4344b2a5f9b4d56bdc8cf9,79.35461799194043,2,2,2,2,2
f1aae1ac398343ad93fac124ddc9e901,7aab37b38b4344b2a5f9b4d56bdc8cf9,15.532902361601035,1145,1318,1150,1316,1318
719d9a8f2b904a2c816b5076314a5864,7aab37b38b4344b2a5f9b4d56bdc8cf9,49.708660345060046,31,41,41,37,41
5be8f5f6e88046b581a4ff9d6ff5d6b1,7aab37b38b4344b2a5f9b4d56bdc8cf9,217.20363747525124,2,2,2,1,2
57ccd72290df4faa97737978dcd2c021,7aab37b38b4344b2a5f9b4d56bdc8cf9,18.125571094006602,394,574,532,558,573
831477a694bf4c048999af110b0ddb11,7aab37b38b4344b2a5f9b4d56bdc8cf9,98.73901166805224,1,0,0,0,0
c86ec5d44eeb40028df7b5f1ce9be305,7aab37b38b4344b2a5f9b4d56bdc8cf9,95.76551488935947,63,55,55,42,55
c34bced5588c4164865bedd70e4aa279,b213083c83b74031b2a23040e38861aa,142.3862940888877,26,19,19,19,19
20963e31c8d8471f993b20f3c0d7cfae,b213083c83b74031b2a23040e38861aa,122.98053243398323,17,13,13,14,13
a629fbaabc714882a2046a4a673f8d01,b213083c83b74031b2a23040e38861aa,10.477610247307274,2529,2586,1747,2594,2595
d2fe1ea409ee4bab822636d921e40462,b213083c83b74031b2a23040e38861aa,86.4410667057648,144,151,151,141,151
2bac26b672f24928985d9c386f6ff8db,b213083c83b74031b2a23040e38861aa,99.87349345624435,15,15,15,15,15
3ab1fb2d4002455d9d71b619928e0d28,b213083c83b74031b2a23040e38861aa,18.063384976607626,573,783,765,682,783
d843705fc9af4ea398734497b226cd56,b213083c83b74031b2a23040e38861aa,30.450835493519715,30,30,15,29,30
996fbbf3ebd74e39a9dabc93092f85c2,b213083c83b74031b2a23040e38861aa,33.01200985700139,131,191,185,174,191
bf8e9b0dbb1a489fbc2e5c134143159d,b213083c83b74031b2a23040e38861aa,59.51303864193223,18,19,19,13,19
a692d3ade06842b18e6fbbbbbdec9ddd,b213083c83b74031b2a23040e38861aa,28.118235416381907,7,8,8,8,8
58dce4dff65a4d849baba8b4ef08f2b6,b213083c83b74031b2a23040e38861aa,82.16135403133198,42,47,47,48,47
042ba1a7362142efba5e7238b99df3ed,b213083c83b74031b2a23040e38861aa,61.29936650724451,113,119,118,114,119
af21a728dd6f44e88d3e5de24a4e7c3d,b213083c83b74031b2a23040e38861aa,18.314423462808143,45,57,55,39,55
8ecdea28bd7f42cb9998b7aa7ae43b62,b213083c83b74031b2a23040e38861aa,21.209783946986036,669,793,785,790,793
13c6a2f31804440797cf9495ae0945f0,b213083c83b74031b2a23040e38861aa,7.960158534157028,526,617,524,609,617
05924afba35345d8a3a3afa1bb92f7a4,b213083c83b74031b2a23040e38861aa,36.623870702227045,178,191,191,108,192
c3ce7898e1b54627a6f6948bcf71f16b,b213083c83b74031b2a23040e38861aa,76.92205623866857,1,7,7,5,7
098cd3662aaf4ea3b1b5de0505b59825,b213083c83b74031b2a23040e38861aa,35.923809013265995,79,79,77,80,79
bbee2b5cb52747ff961d9f5da2895720,b213083c83b74031b2a23040e38861aa,153.69732594648198,15,15,15,15,15
67d1c2cb530e476ab093e16cf64b5a3a,b213083c83b74031b2a23040e38861aa,17.276191894194493,78,87,79,90,87
b3f4e2eadbbc40f18d84325437f7b914,b213083c83b74031b2a23040e38861aa,46.015526449772366,101,104,104,99,104
9c9de201d634480abe5c5fc10bec0f66,b213083c83b74031b2a23040e38861aa,81.33028247027586,100,110,110,99,110
b99909cac4e940f98f92e82674a5c12d,b213083c83b74031b2a23040e38861aa,106.55924558611198,11,9,9,10,10
f0c89f6383fe4247b8e660e65dba52aa,b213083c83b74031b2a23040e38861aa,30.907383990150517,1217,1300,1296,1298,1300
af51aa1728884d27be5d567ca9456dc2,b213083c83b74031b2a23040e38861aa,62.94785119171838,8,7,7,1,7
33af934c03654123b3eeaab1376426e5,b213083c83b74031b2a23040e38861aa,78.27685687020049,3,3,3,0,3
67466ae6f7d0466f8cddecdb60027860,b213083c83b74031b2a23040e38861aa,85.2039622280392,34,36,35,24,36
c46d1d9c2b3d4834a1d582dd78a13304,b213083c83b74031b2a23040e38861aa,32.92243225623663,549,582,580,571,582
70789dc48d584c0291b80d9f0dac4d40,b213083c83b74031b2a23040e38861aa,27.70713850551402,124,130,108,129,130
ac5feffb69fc4e1cb6034670ac51a056,b213083c83b74031b2a23040e38861aa,65.50155719923129,31,31,31,22,31
22847909718a4fe494d5fce61a654515,b213083c83b74031b2a23040e38861aa,85.68596101186331,6,13,13,10,13
30eda724d0764d3193035f6ac071198c,b213083c83b74031b2a23040e38861aa,15.550213727348721,322,366,346,365,366
fdcb08d5e7d04e868a462517202a3719,b213083c83b74031b2a23040e38861aa,65.16244438194016,13,15,15,13,15
4ea87ae8fa04425aa23cd2eb89a3b38b,b213083c83b74031b2a23040e38861aa,93.8545610942886,13,14,14,14,14
dc28a9a6c11b4bc5a096c6a7707167e8,b213083c83b74031b2a23040e38861aa,35.39942908247353,142,136,135,92,136
703e3345783a4c5b985b271691458ce9,b213083c83b74031b2a23040e38861aa,120.25551137469775,21,26,26,25,26
65e88767070e413daad1e840c857a81f,b213083c83b74031b2a23040e38861aa,67.19080271288806,124,157,156,153,158
9d1ce8ea7980426e9a6894ac9a24a616,b213083c83b74031b2a23040e38861aa,52.825170775767106,93,94,93,92,94
f187dcbd52114021b96022273868d24a,b213083c83b74031b2a23040e38861aa,24.763907712171456,181,190,181,190,190
fb35fc324f434e5b98a2c10cf972af1b,b213083c83b74031b2a23040e38861aa,81.88092147270419,33,34,34,34,34
bfe92d140d40420b969bd52c80eca290,b213083c83b74031b2a23040e38861aa,71.24499978991173,8,10,10,10,10
ab65e2b375be411a9057b46097cbf35c,b213083c83b74031b2a23040e38861aa,50.102168587405345,31,37,37,24,38
8cbde8a894244178af36e07e86e39977,b213083c83b74031b2a23040e38861aa,138.29197284467344,12,14,14,13,14
c696d537c4f3403187e5984d80894c08,b213083c83b74031b2a23040e38861aa,69.28684113995614,6,6,6,0,6
8d3443b13b554bc9bdff24a468532150,b213083c83b74031b2a23040e38861aa,17.697209199409595,1466,1528,1289,1527,1530
486dd3d70c9443b68f5faf7efc9613d4,b213083c83b74031b2a23040e38861aa,88.41516205043362,18,23,23,23,23
a047c8b1f95c46eb9cb012accf08428d,b213083c83b74031b2a23040e38861aa,74.23033749862972,20,23,21,19,23
1c5188b77fbb477abcaaec2c9ec41f1a,b213083c83b74031b2a23040e38861aa,52.26882250540158,105,109,109,87,109
eef93bc25320481588d04ecd95fed16c,b213083c83b74031b2a23040e38861aa,17.04762825765489,3451,4012,3508,3990,4014
b7b0521a2e8d4138a2b254c4d373f7f8,b213083c83b74031b2a23040e38861aa,78.90726149643257,1,1,1,1,1
02acb8372da94101a0aa3837e51b2f34,b213083c83b74031b2a23040e38861aa,74.11641156577606,8,16,16,6,16
d1ac80e30d514c7d8ef9f92e84d4f1eb,b213083c83b74031b2a23040e38861aa,21.209216508151084,2416,2747,2686,2706,2747
8a02ffe57d9749299fcd3bcecb23cc8a,b213083c83b74031b2a23040e38861aa,39.241321551167125,336,423,423,406,423
29382892f77540888eef7c9151f8ecc7,b213083c83b74031b2a23040e38861aa,31.27356166344127,649,688,684,684,688
6dba9ec07de2451984dbf45758b0b2cd,b213083c83b74031b2a23040e38861aa,8.909510027073404,359,428,304,429,431
d5fc2dc282714beea654d66197cf9a58,b213083c83b74031b2a23040e38861aa,14.943257651719817,3723,4306,4068,4186,4310
02caa5ab063c42cca9ca270d7dc17c94,b213083c83b74031b2a23040e38861aa,99.229204869345,4,6,6,6,6
9586893ee2a84afbb4d6b19b94657bec,b213083c83b74031b2a23040e38861aa,38.521278934086176,17,17,17,18,17
6b152193f3854c49aea58e50424eb027,b213083c83b74031b2a23040e38861aa,64.32280586740394,7,8,7,4,8
d0a62a040b8747f28653be0d0cdaeb1f,b213083c83b74031b2a23040e38861aa,29.971200126780793,113,130,126,129,130
01029334ebb84dfe9a3d825c442db0e3,b213083c83b74031b2a23040e38861aa,22.4372746532941,345,371,363,372,371
c305e43986d346fcb2c1c96d6ab3b880,b213083c83b74031b2a23040e38861aa,88.12979550968025,20,36,36,37,36
aec6ba9148df446e94daa2591b49fe02,b213083c83b74031b2a23040e38861aa,65.96767040973317,73,74,74,70,74
3836be53b44d4dca8b25c19786044061,b213083c83b74031b2a23040e38861aa,118.18976127420264,15,14,14,14,14
e598eb3f2ef148f8a15bc2ff9dfda8b8,b213083c83b74031b2a23040e38861aa,71.64892452497631,6,6,6,6,6
73ab13e927144571993847fe9c440830,b213083c83b74031b2a23040e38861aa,73.52283988972381,10,11,11,11,11
b730a82c57d34d44a528a6c98e9da693,b213083c83b74031b2a23040e38861aa,89.82286052691262,31,37,37,36,37
3c6242a2ab634b7394b20b565054773e,b213083c83b74031b2a23040e38861aa,147.23739063433473,3,3,3,2,3
6bbfbd76e9e64e4eafe22d9ea59451af,b213083c83b74031b2a23040e38861aa,47.75918683954359,37,40,38,26,41
b282e166a85748a7941f35369afc4a9b,b213083c83b74031b2a23040e38861aa,56.84716705216308,102,124,120,116,123
bb19daf085f6421382be68233eb764ed,b213083c83b74031b2a23040e38861aa,140.79457985219514,2,1,1,2,1
e217582790f94a71a73a601b843504c8,b213083c83b74031b2a23040e38861aa,98.43011944989514,32,52,52,45,52
01f16227b156449b9606c69f015f51cb,b213083c83b74031b2a23040e38861aa,34.63510620855242,640,683,683,249,683
dea48c5bd8104617812d8d046cc6b614,b213083c83b74031b2a23040e38861aa,163.87596738670268,16,12,12,11,12
2f7b0ff67c774fc08e17648092a778fc,b213083c83b74031b2a23040e38861aa,208.43723504634025,21,20,20,19,20
ab474d3a872f47b588179528009e4324,b213083c83b74031b2a23040e38861aa,43.555457848429874,106,126,124,110,125
70289c5954af463f9a789c696635c8b0,b213083c83b74031b2a23040e38861aa,69.52930322418341,7,12,12,11,12
325d11085f274e408556cba3c5ea8395,b213083c83b74031b2a23040e38861aa,79.9091691261838,127,134,134,131,134
aa36dc19ca4846f488da32a2a064c8e1,b213083c83b74031b2a23040e38861aa,158.92929237588226,58,64,64,65,64
6bfb9496081c4bb0a823275eab40640e,b213083c83b74031b2a23040e38861aa,32.486322517290596,105,126,120,126,126
4a43dde9a88a4d869b8a51eb72d670d3,b213083c83b74031b2a23040e38861aa,47.19875467228402,98,101,101,103,101
821e8e99ebe4480ab13891c040292a27,b213083c83b74031b2a23040e38861aa,6.463858257520163,8169,18149,3768,16956,18144
e74a485b8e4a44bcb3b26818458196c3,b213083c83b74031b2a23040e38861aa,39.66703279197632,470,569,569,539,570
da5d2adec5d043308bde8df9c5026ea5,b213083c83b74031b2a23040e38861aa,16.705332950806522,825,884,864,855,885
6b36657e9fb2479ead9042ca28e9b0d8,b213083c83b74031b2a23040e38861aa,20.736056932744322,96,137,125,71,136
28f65a2336cd43c48a3c31ccbe430acb,b213083c83b74031b2a23040e38861aa,5.875342304809111,815,1016,551,997,1015
7ea92b6516d44719a5e01ccf2fc18f64,b213083c83b74031b2a23040e38861aa,83.4957329688161,172,211,211,194,211
f63901b0dd2b4a2cb7477af27e9710c3,b213083c83b74031b2a23040e38861aa,96.54140349957366,10,9,9,1,9
eaa3b186fd3f41ca9e7d585a49b7c91d,b213083c83b74031b2a23040e38861aa,65.87159505081401,190,213,213,201,213
acc47e4943b74ab68ce01b502e829898,b213083c83b74031b2a23040e38861aa,12.92148268525516,1995,2182,1691,2189,2181
b486c5b0c6044d358bfb293808fb0dc3,b213083c83b74031b2a23040e38861aa,24.410662786567567,65,69,68,62,69
45a66dc9de9c4090b225550e62c64c7a,b213083c83b74031b2a23040e38861aa,99.85732800147464,65,80,80,75,80
ba6ee0d4c8824b53a4be02611cc24f0a,b213083c83b74031b2a23040e38861aa,148.9067398681845,7,7,7,7,7
8956cb22272349e4be0636e43eb7c1b6,b213083c83b74031b2a23040e38861aa,19.167245973655575,562,641,605,595,641
259ef59ee1b946919f6af339ee296789,b213083c83b74031b2a23040e38861aa,39.59223023543448,3,3,3,2,3
f4919fb952fb4b909a7b6dc57ecd5808,b213083c83b74031b2a23040e38861aa,16.475898963577276,74,92,81,78,92
e5e7adcc12bb429c97f778ace3472bda,b213083c83b74031b2a23040e38861aa,75.93679603368581,4,3,3,0,3
411161d823c64675b35fed2d2c34e481,b213083c83b74031b2a23040e38861aa,74.20059148112794,24,39,39,38,40
74cffb871da4426dae35f4fe7044d6bd,e12831dd0e5040abaced46ee13f3c414,115.83110851174604,8,8,7,11,8
c2a2728048ba456e80689f627624e832,e12831dd0e5040abaced46ee13f3c414,212.63843349711874,16,11,11,11,13
ffe7107e2e0046518d4d1353b987be3f,e12831dd0e5040abaced46ee13f3c414,33.80011104180534,124,126,125,78,126
1a0caebff52d4d229f42d6b894c12bdd,e12831dd0e5040abaced46ee13f3c414,105.55425824102464,186,198,186,143,196
d36451738d204c1b8f1128828b8a07e4,e12831dd0e5040abaced46ee13f3c414,7.564192850458299,3107,3139,1712,3113,3138
0294c704a4164acf89cdf99be7405416,e12831dd0e5040abaced46ee13f3c414,23.33809461948583,264,326,306,199,325
713f617d6f264dd2aea6e00a5a8ed986,e12831dd0e5040abaced46ee13f3c414,207.25738998293875,1,1,1,0,1
f7ee4e6f48774b3c93b1c11ea28e318d,e12831dd0e5040abaced46ee13f3c414,72.80869289291947,133,121,120,78,124
b24824080add47d3bfa910bf4b662570,e12831dd0e5040abaced46ee13f3c414,35.25858087645779,601,615,608,561,625
7190e090a199475e8a581786a1ab025f,e12831dd0e5040abaced46ee13f3c414,165.06330376871037,5,4,4,0,4
108cbab10c854229a68fcd5004977ff0,e12831dd0e5040abaced46ee13f3c414,88.5877977380348,20,12,12,4,12
82f8522e4c294530bf6fa782fe9fff72,e12831dd0e5040abaced46ee13f3c414,85.90854269062176,36,41,41,21,42
a12f3e64a20140a9a3eadefbb14e0933,e12831dd0e5040abaced46ee13f3c414,32.872415265090766,62,90,90,50,90
20111ee3f06a4e1a88edc7796137f3c1,e12831dd0e5040abaced46ee13f3c414,16.637405204077638,3000,3666,3412,3384,3666
64d6b2962dcf4f4fa6430f62cdb59502,e12831dd0e5040abaced46ee13f3c414,40.45293762938797,55,50,50,0,51
fc9c4250a1f6401d976af3d69c1c182f,e12831dd0e5040abaced46ee13f3c414,71.17061486469301,130,138,136,106,138
4343e93742a943c087939eab408094c6,e12831dd0e5040abaced46ee13f3c414,114.39514213696269,5,2,2,1,2
af55a89df2454f509c97d3c31f116221,e12831dd0e5040abaced46ee13f3c414,86.72630576053479,31,27,26,26,26
3414eace6b0a444ea2865a4456b97ec1,e12831dd0e5040abaced46ee13f3c414,62.37568034596687,47,41,40,4,41
de8cf08e0e1f4841836002fad9a361e1,e12831dd0e5040abaced46ee13f3c414,64.43257226263744,218,226,210,230,226
ecbf0674f2184706a31634f337e0fabe,e12831dd0e5040abaced46ee13f3c414,65.13403567798449,643,660,649,422,660
b2b0e75f66af4ede80f32d8d02230070,e12831dd0e5040abaced46ee13f3c414,94.73953047270763,14,8,8,0,8
f856ff488ce144d99fc8fd02df2e2bda,e12831dd0e5040abaced46ee13f3c414,96.8019293642556,16,9,9,6,9
16966b207f9c48af857c037a1ff58141,e12831dd0e5040abaced46ee13f3c414,13.45343467207976,830,886,807,656,884
e76d6e14c243408cb03887177fce1b14,e12831dd0e5040abaced46ee13f3c414,198.29107547967945,6,6,6,0,6
06985f9aec4f4c019877f33e93af74d8,e12831dd0e5040abaced46ee13f3c414,48.2474401896026,17,18,17,0,18
5351769ed8aa4f32a3bfdcb2ca3f4c82,e12831dd0e5040abaced46ee13f3c414,126.12982075702314,9,10,10,0,10
90ddbb9feb734069aeedc80f90a6fc0d,e12831dd0e5040abaced46ee13f3c414,22.16548490546959,701,797,734,603,797
3bf31128c1984e08bac7b57c3781d42c,e12831dd0e5040abaced46ee13f3c414,130.78185243063828,45,52,52,26,52
6f907435fe984a62b5b5400bdd0bd510,e12831dd0e5040abaced46ee13f3c414,46.144432395738605,36,45,45,17,43
ad8e9273feae434cb37c5390ac6bf912,25d2fdbc5fab4e93b80c4064eb60fa38,146.2389106423316,1,1,1,1,1
f36dfe16ee144c1c909802b0f19690fc,25d2fdbc5fab4e93b80c4064eb60fa38,154.86397937737647,18,18,18,2,18
fbcdbba2979e4064869f1463c32036f3,25d2fdbc5fab4e93b80c4064eb60fa38,44.43899140132107,1073,1161,1150,1129,1158
267f3a65493e4c7196a223ff24b11265,25d2fdbc5fab4e93b80c4064eb60fa38,166.40421008641766,1,1,1,0,1
ab91f4422c3f496c888d8e1d81e5466c,25d2fdbc5fab4e93b80c4064eb60fa38,24.184650244001176,527,501,479,91,462
3798e888235a44598616cde0b5336936,25d2fdbc5fab4e93b80c4064eb60fa38,48.41464613043885,132,149,147,140,153
2bc3550c6fc94e52bbf8e603dfa852b2,25d2fdbc5fab4e93b80c4064eb60fa38,180.74764319846716,4,4,4,1,4
92ccd8a79b714d428890a080c212ed2c,25d2fdbc5fab4e93b80c4064eb60fa38,192.13151370046657,2,2,2,0,2
07272e667673482c839497c2abbcfb0c,25d2fdbc5fab4e93b80c4064eb60fa38,101.07372800678935,56,79,77,53,79
806a205ea3a546f0bff25fd960b19928,25d2fdbc5fab4e93b80c4064eb60fa38,68.69034835430352,117,113,113,87,118
ecd56385e886466bb0154f5b4c593f91,25d2fdbc5fab4e93b80c4064eb60fa38,199.100010485172,17,13,13,12,12
cb65a05597d145458c46d6263a2d3db5,25d2fdbc5fab4e93b80c4064eb60fa38,119.89851483697396,4,5,5,0,5
127f5c7cc9d646b2b36a3205ab3f7947,25d2fdbc5fab4e93b80c4064eb60fa38,42.145532958606054,93,83,81,41,83
b878dfba271d40db80665663b2e3ebba,25d2fdbc5fab4e93b80c4064eb60fa38,58.976279870002934,42,42,42,0,43
63c3f65a165d468992c6cbf769fa0d8f,25d2fdbc5fab4e93b80c4064eb60fa38,24.6569046284463,559,603,585,569,602
af8cfc0d2bd94a41bbdd9e8c238c6bfc,25d2fdbc5fab4e93b80c4064eb60fa38,155.99405203325702,22,13,13,11,12
4991886af433431cbff9030f732c531b,25d2fdbc5fab4e93b80c4064eb60fa38,131.21443298808845,6,5,5,0,5
0d6d070db38f4db7a21d2c5b669076a5,25d2fdbc5fab4e93b80c4064eb60fa38,165.4542460858576,75,86,86,75,86
6dac2b67380149478bc1e00ffeece042,25d2fdbc5fab4e93b80c4064eb60fa38,50.75642645301206,222,237,236,229,234
e8d1228120eb4661ae17844fe4d8669e,25d2fdbc5fab4e93b80c4064eb60fa38,150.00948473263907,8,8,8,0,8
0e324e5a0b9248d7bcd54a23b50c02ea,25d2fdbc5fab4e93b80c4064eb60fa38,91.68438716782568,25,15,15,7,15
af09110e45224439a03ebe9dd22fe8b0,25d2fdbc5fab4e93b80c4064eb60fa38,22.70620795842453,409,423,404,175,423
157bbe5a6397487fb1ea4b542592934c,25d2fdbc5fab4e93b80c4064eb60fa38,73.19123577621627,191,205,192,202,204
4b7072c09bfb463982abcb0047ce4395,25d2fdbc5fab4e93b80c4064eb60fa38,62.69629695698129,49,44,42,21,44
2da509715eff4bd5afe41f77b065021f,25d2fdbc5fab4e93b80c4064eb60fa38,35.414391286779676,597,655,646,577,652
35968078e2a744b3a197b0bde009488f,25d2fdbc5fab4e93b80c4064eb60fa38,157.80715167002333,4,3,3,0,3
6c6cf396dbad4749b92cb1657fb8bf44,25d2fdbc5fab4e93b80c4064eb60fa38,135.47380661827543,14,12,12,0,11
13bbed9cca61446b9c60123f93c9f432,25d2fdbc5fab4e93b80c4064eb60fa38,164.5233251326936,22,17,17,7,17
495e15213a1844eca4fa19c266050c51,25d2fdbc5fab4e93b80c4064eb60fa38,134.5989920186433,13,13,13,9,13
fc9875ea64bd4a20a2142f3111d3f17f,25d2fdbc5fab4e93b80c4064eb60fa38,105.64140153770764,11,4,4,0,6
5416710437984ba988f2303148615e7e,4752b1aca7c741f9b932631474a5a1f4,197.27288339631016,7,7,7,4,7
efcb9146de4c40c4a7dcb472f1e203c0,4752b1aca7c741f9b932631474a5a1f4,179.37886398430365,13,12,12,7,12
814dff22cd304f89a76d48a130eab709,4752b1aca7c741f9b932631474a5a1f4,30.950919657624176,341,479,448,208,469
630d1961cec548ddb122fb14da5fed97,4752b1aca7c741f9b932631474a5a1f4,132.4712173805114,275,314,226,117,313
1c8f2c1d369847b39d1e92db9a7e245f,4752b1aca7c741f9b932631474a5a1f4,21.90906743263552,621,651,628,499,653
bce816022fed4a3cbf03d76ffe0c3d73,4752b1aca7c741f9b932631474a5a1f4,177.83085543540022,60,54,54,43,53
212d8c3ca3e44f72ba01a9231f757a47,4752b1aca7c741f9b932631474a5a1f4,148.02497727065676,44,47,47,1,47
5bd103e8c2414e50b874e541b81622f8,4752b1aca7c741f9b932631474a5a1f4,89.76346025026967,30,31,31,20,31
7b78faf9f14e4768ab61fdc4ab3a68f3,4752b1aca7c741f9b932631474a5a1f4,107.40450607492181,22,13,13,1,13
09e04b3ad691444b8b4586abc90d045d,4752b1aca7c741f9b932631474a5a1f4,185.83679286607784,1,0,0,0,0
e5bfb957f391417ca8e9e269fcdadcba,4752b1aca7c741f9b932631474a5a1f4,135.02582650920579,37,34,34,21,34
c41eac877db04119acac76a81b507f84,4752b1aca7c741f9b932631474a5a1f4,104.37003058807687,40,39,38,25,39
aad5dfeca11e471cae421d9bf5b174ba,4752b1aca7c741f9b932631474a5a1f4,116.12449749412919,31,24,24,0,24
3d983424221d4ae296b7ecc6b7d5be83,4752b1aca7c741f9b932631474a5a1f4,83.54395975621998,17,12,12,4,12
f25661826de8485f989351c7cd57be21,4752b1aca7c741f9b932631474a5a1f4,133.8233354967816,134,140,140,127,140
c222a78445d4466abe406a95e98a3f23,4752b1aca7c741f9b932631474a5a1f4,14.553253972958018,2941,3179,3077,3030,3178
6e1795cecd9f40c7b7bbed62ff2c5f50,4752b1aca7c741f9b932631474a5a1f4,177.207627790775,9,7,7,0,7
af3fe44ee7d04681913c999c69d33e4d,4752b1aca7c741f9b932631474a5a1f4,185.53968024518292,3,2,2,2,2
70a6520364ff4372aa66704039cea386,4752b1aca7c741f9b932631474a5a1f4,31.501876617933586,374,588,549,295,587
8bb91ffa18ae47a584b076ddf6a4702a,4752b1aca7c741f9b932631474a5a1f4,92.60217918555867,73,67,67,56,66
3b90d76b89e84a81869d81cc034a6842,4752b1aca7c741f9b932631474a5a1f4,202.19163220640846,3,3,3,0,3
cd485d0ed0344b1aa1568c663e10ce36,4752b1aca7c741f9b932631474a5a1f4,51.24391734086792,559,717,717,240,716
a1096f0276a147fb9108477138be41db,4752b1aca7c741f9b932631474a5a1f4,59.21998081903152,56,50,48,18,50
ee464115c8f44d378ef2dff90f7874f5,4752b1aca7c741f9b932631474a5a1f4,21.036314850619608,1947,2096,2012,1977,2115
f255469a90864066b5f76a93f0c28339,4752b1aca7c741f9b932631474a5a1f4,179.6688339290755,6,2,2,0,2
21608af6bdbb478eb52c0d8901b3d43c,4752b1aca7c741f9b932631474a5a1f4,82.02630417784084,169,179,168,176,180
3946630ccd75432bb36502bc1a5d1174,4752b1aca7c741f9b932631474a5a1f4,18.609953065463493,515,537,503,266,539
5ae156efb53040358243dfccde9fd6e8,4752b1aca7c741f9b932631474a5a1f4,78.40325601078051,84,79,79,63,81
0e493a22cb7d48d5b7c93b2fe20b3c15,4752b1aca7c741f9b932631474a5a1f4,45.59851611421548,18,15,15,2,15
3f9cb5e589d243d6940e1606ec5d6536,4752b1aca7c741f9b932631474a5a1f4,206.98446586052412,3,2,2,0,2
acdbd6af02284cc58ef9b7ea09afd915,4752b1aca7c741f9b932631474a5a1f4,142.71402553978126,35,36,36,37,36
f654beccabbc40728246086a7f683bc5,4752b1aca7c741f9b932631474a5a1f4,197.46542143383397,12,11,11,11,11
6631d63b22f748eb959189d45705a9b7,4752b1aca7c741f9b932631474a5a1f4,204.12943089236938,6,0,0,0,0
763e3093a43c4012a8d0be88f4cf248e,fc1d4a5b3ab94addad4ee0e5ae6cc62f,115.63666960472024,29,31,31,28,31
f08e09034c8f4ff4b5216dcc4c1e1b9b,fc1d4a5b3ab94addad4ee0e5ae6cc62f,30.268028352720165,134,134,132,130,134
1fa3e3d2733f4a1ead49b5c0f59f48b7,fc1d4a5b3ab94addad4ee0e5ae6cc62f,45.90411401875749,11,11,11,9,11
ddfa66b47bbb4153913bdf415dafa57b,fc1d4a5b3ab94addad4ee0e5ae6cc62f,123.70339979684013,16,15,15,14,15
6422ba4d32bb43168b61b5eb66cb56e8,fc1d4a5b3ab94addad4ee0e5ae6cc62f,97.18798075411242,4,5,5,5,5
51ed6df74fb140e2bdc1ac18c656b55b,fc1d4a5b3ab94addad4ee0e5ae6cc62f,72.46147733614217,89,80,80,80,79
dda27b656047489d93d79cac329b3f8e,fc1d4a5b3ab94addad4ee0e5ae6cc62f,113.68417898403747,23,24,24,21,24
ffd81ea27178493cae16d8f01ddbfaab,fc1d4a5b3ab94addad4ee0e5ae6cc62f,4.791694160366266,7038,16777,586,16516,16785
0bed428ee5a8415aaabccb09ffae928f,fc1d4a5b3ab94addad4ee0e5ae6cc62f,54.751566151092874,33,34,33,27,34
4bfc561daa4d45ddab5e5624f5ef0893,fc1d4a5b3ab94addad4ee0e5ae6cc62f,18.68792831970021,310,456,406,366,455
927d36af70654ec1ac3075a765ee7169,fc1d4a5b3ab94addad4ee0e5ae6cc62f,53.167362233872865,231,239,236,221,240
9c203c5ea124405d9b92191076d24bfb,fc1d4a5b3ab94addad4ee0e5ae6cc62f,48.935430065694604,141,140,140,140,140
a202692c882041f0926687be7be92355,fc1d4a5b3ab94addad4ee0e5ae6cc62f,36.206347197728284,550,594,594,586,595
e6f014261ba94cce9404d7cfae98814d,fc1d4a5b3ab94addad4ee0e5ae6cc62f,22.67536505965702,52,57,55,0,58
da7f1a418aa84e71995e7286b2434cfc,fc1d4a5b3ab94addad4ee0e5ae6cc62f,33.128863070552214,456,577,565,571,580
2e1d6499734b4c05b44666dbc2ff927c,fc1d4a5b3ab94addad4ee0e5ae6cc62f,15.689179630526256,49,49,31,49,49
8749238e6e7d4ca789699da9d8a67342,fc1d4a5b3ab94addad4ee0e5ae6cc62f,46.03949964750619,31,31,31,30,31
0f5947eb1a114d138b9482147a835d6e,fc1d4a5b3ab94addad4ee0e5ae6cc62f,62.51566926891239,38,46,46,45,47
3618c7053e314ac1bde33e986fc169da,fc1d4a5b3ab94addad4ee0e5ae6cc62f,39.0442172702884,80,106,106,86,106
7dfbea1b91424560861744d084b89598,fc1d4a5b3ab94addad4ee0e5ae6cc62f,116.0271284436174,23,21,21,19,21
3c898d6780ea4bfbb1f9cef758a8759c,fc1d4a5b3ab94addad4ee0e5ae6cc62f,32.259884979346246,737,773,769,754,767
2d1833da585d4fc382db94cfcedfd406,fc1d4a5b3ab94addad4ee0e5ae6cc62f,56.356984698954285,35,37,37,16,37
2353ea0b53cb4086aab735f158e11c45,fc1d4a5b3ab94addad4ee0e5ae6cc62f,96.36888972817195,4,4,4,4,4
53882c4ec1f34dd5ba2c9ec2fe7d9802,fc1d4a5b3ab94addad4ee0e5ae6cc62f,113.04753268499843,28,26,26,25,26
3e72a94f6d804c86aa39e1629e8bf02b,fc1d4a5b3ab94addad4ee0e5ae6cc62f,8.482234812827725,1499,2307,2036,2230,2307
3bcb8a4c198242df9fb710846cba2a4e,fc1d4a5b3ab94addad4ee0e5ae6cc62f,134.00662454603255,9,9,9,11,8
60b4d389c6434df69292f4740761c0ce,fc1d4a5b3ab94addad4ee0e5ae6cc62f,21.40588536586179,80,92,88,88,92
17ddf1c67c1a43e9970171b7efe0ca4a,fc1d4a5b3ab94addad4ee0e5ae6cc62f,159.80969070724717,5,2,2,1,2
340c322f0bd940c18608f77d4cbbcfac,fc1d4a5b3ab94addad4ee0e5ae6cc62f,60.20900017936487,27,32,30,0,32
164546a93a1d4cabb7bef57d7ae34e01,fc1d4a5b3ab94addad4ee0e5ae6cc62f,30.310156935722052,44,53,53,49,53
5fc6fb2a6c0f4902929f787acd8849a8,fc1d4a5b3ab94addad4ee0e5ae6cc62f,69.45999173874684,26,26,25,14,26
58c1aae76be344e98a950ffe60ad71a6,fc1d4a5b3ab94addad4ee0e5ae6cc62f,88.4280953911984,11,11,11,7,11
376db531feab463689e4a1d41cbe1a89,fc1d4a5b3ab94addad4ee0e5ae6cc62f,49.83896845180361,248,275,275,237,276
75927c23f4c94a3ebf28b653293e6567,fc1d4a5b3ab94addad4ee0e5ae6cc62f,116.42622108662785,1,2,2,1,2
248d88eb75514d239c5d007fb10e7549,fc1d4a5b3ab94addad4ee0e5ae6cc62f,129.24825266726657,4,3,3,3,3
c49bb6c633b04d0b981d6eca3098bc58,fc1d4a5b3ab94addad4ee0e5ae6cc62f,33.82463741203161,554,629,626,565,628
32f63002e5e04609b303e89e274a7759,fc1d4a5b3ab94addad4ee0e5ae6cc62f,64.44366486344008,22,23,23,20,23
42073fc42f484acf8fddc711243c076c,fc1d4a5b3ab94addad4ee0e5ae6cc62f,73.25650797241597,9,6,6,6,6
229329b404604d11a4233b1b4a16feb2,fc1d4a5b3ab94addad4ee0e5ae6cc62f,49.640443428606744,63,63,63,61,62
d5cfe9b62c144ab9a14bdc1a0e81d041,fc1d4a5b3ab94addad4ee0e5ae6cc62f,130.53814680656976,25,27,26,25,26
796a2e30282a4556907a4c468c18ead4,fc1d4a5b3ab94addad4ee0e5ae6cc62f,82.11500822282544,43,47,47,42,47
316a8003ebea49ebbb712df1eec15910,fc1d4a5b3ab94addad4ee0e5ae6cc62f,64.07030138356026,49,56,54,51,56
732d8ba26e76483f8cec5a34b35fbc54,fc1d4a5b3ab94addad4ee0e5ae6cc62f,24.268069091288687,57,68,68,42,67
212aff8645254755889355ab3e4a8b3b,fc1d4a5b3ab94addad4ee0e5ae6cc62f,28.89022409242807,122,146,141,87,146
51ff84493607406cad8d73baecabfe85,fc1d4a5b3ab94addad4ee0e5ae6cc62f,53.58529184501393,68,54,54,55,55
efc319b6fa704d1d918c3fc7b786a1ec,fc1d4a5b3ab94addad4ee0e5ae6cc62f,26.79797735752489,281,285,281,148,285
febbaaf886cc48fc9572b413ff876d5f,fc1d4a5b3ab94addad4ee0e5ae6cc62f,31.261011260531962,50,47,46,11,47
dbce3c3fc7974a3e978bdd5230430c4b,fc1d4a5b3ab94addad4ee0e5ae6cc62f,27.455874831469494,97,140,134,109,140
dcba017077be4fdb8d357ab437aaf714,fc1d4a5b3ab94addad4ee0e5ae6cc62f,38.497714682482915,117,166,150,149,166
93456aee1be944e9bac4e60628f24324,fc1d4a5b3ab94addad4ee0e5ae6cc62f,39.47919979777635,9,8,8,10,9
0a7d70889ed54cd6879974ec47b47059,fc1d4a5b3ab94addad4ee0e5ae6cc62f,30.159936908024385,84,126,124,97,123
ab3387d28b2d4d6193315af26100c68f,fc1d4a5b3ab94addad4ee0e5ae6cc62f,25.248615822328766,138,134,132,43,134
3ee08ec43691407fbcc7af4a52ae7855,fc1d4a5b3ab94addad4ee0e5ae6cc62f,111.20255019369117,8,4,4,4,5
5a9422915ddf47b7852ad5909f6311ae,fc1d4a5b3ab94addad4ee0e5ae6cc62f,7.736033124712004,1251,1400,894,1237,1400
d050b8841912479ca9db55a16501788a,fc1d4a5b3ab94addad4ee0e5ae6cc62f,9.104199280813623,592,891,771,265,885
8733887f520a4cd798e5d3d40f9f38fe,fc1d4a5b3ab94addad4ee0e5ae6cc62f,78.81151145938921,53,47,47,46,46
38526df896fb45ec96d4c5efb9d8c6e2,fc1d4a5b3ab94addad4ee0e5ae6cc62f,70.45065529787502,23,29,29,27,29
05ed150ab82a4476bcf20d7cd3bb7739,fc1d4a5b3ab94addad4ee0e5ae6cc62f,58.39545811197208,39,25,25,22,25
cb0b8eaf1d0a406ab9ca88f4839d6a09,fc1d4a5b3ab94addad4ee0e5ae6cc62f,31.026362313944073,126,134,134,133,135
b432d61d6d23465a97f3c7c14e068a28,fc1d4a5b3ab94addad4ee0e5ae6cc62f,95.54755221495775,7,7,7,0,7
2d880f9ebaa54e9a8fcebfd69c1a5d98,fc1d4a5b3ab94addad4ee0e5ae6cc62f,77.47440886826755,5,3,3,3,3
d3b8833383ce42ffbe0ad67a20b6d41a,fc1d4a5b3ab94addad4ee0e5ae6cc62f,107.42371042938188,20,20,19,5,20
93f7db3f1ce54e189f1c8a29716f2f4c,fc1d4a5b3ab94addad4ee0e5ae6cc62f,93.526709346779,104,112,111,112,112
f3b1c38e38a149e0be2d1a22d7ead9f2,fc1d4a5b3ab94addad4ee0e5ae6cc62f,85.47267406238073,76,76,76,75,76
e456e74a9f5d4be28b5511ecf0d406d1,fc1d4a5b3ab94addad4ee0e5ae6cc62f,83.03449027850849,17,17,17,15,17
d8db9fd9586e403c9942973b42c69863,fc1d4a5b3ab94addad4ee0e5ae6cc62f,12.299301262932664,552,676,618,673,676
47f5f2b637c0402a9440826f9c5d184a,fc1d4a5b3ab94addad4ee0e5ae6cc62f,34.78126651600909,476,499,497,487,491
fba226830ea74843bbf19424b75ce46a,fc1d4a5b3ab94addad4ee0e5ae6cc62f,44.96820818187578,84,88,87,65,88
1767a0bba26b4334b9b7299b28e9e8c5,fc1d4a5b3ab94addad4ee0e5ae6cc62f,124.51541064405185,5,6,6,2,6
9f722e87dd8548b58335a691fa57d2b0,fc1d4a5b3ab94addad4ee0e5ae6cc62f,62.49700645600951,22,23,23,19,23
c0b79b4665544b0fb37adff7554503a4,fc1d4a5b3ab94addad4ee0e5ae6cc62f,90.50596457737106,12,5,5,5,5
5695d8b4e8aa447e8db6d0fc48342f62,fc1d4a5b3ab94addad4ee0e5ae6cc62f,40.419963679158315,615,704,704,713,702
488e634c53654fdaa593954e08d8c878,fc1d4a5b3ab94addad4ee0e5ae6cc62f,40.035762811035625,13,15,15,8,15
01a443eeafad43feb03b4b9065cb312c,fc1d4a5b3ab94addad4ee0e5ae6cc62f,44.38560893384492,84,99,99,100,99
5038a35f6d644fe88b61793748c0c11f,fc1d4a5b3ab94addad4ee0e5ae6cc62f,108.25223855063068,17,15,15,17,15
0c20a715be62404ba65bc8a61d1d995a,fc1d4a5b3ab94addad4ee0e5ae6cc62f,49.71226841423459,14,16,16,0,17
8cf55008cb0b4248bd59434ea3854411,fc1d4a5b3ab94addad4ee0e5ae6cc62f,9.694427740650148,3839,3958,2805,3604,3958
e77728cf6ca04da89fe26e45ad64bed7,fc1d4a5b3ab94addad4ee0e5ae6cc62f,45.732599835623866,28,30,30,26,30
0dc692ff43974fd583af899403451c6e,fc1d4a5b3ab94addad4ee0e5ae6cc62f,94.94113903834656,28,24,24,18,24
7e5c7e6ed42a4051b26780191747268f,fc1d4a5b3ab94addad4ee0e5ae6cc62f,116.23735597745765,7,4,4,2,4
8cea20e70f324e8a8a5aa93a7a34adf9,fc1d4a5b3ab94addad4ee0e5ae6cc62f,65.36353881527135,40,40,40,41,40
f073ad4fcee849be90efbbc21d4cf5f0,fc1d4a5b3ab94addad4ee0e5ae6cc62f,15.214161790827989,1257,1366,1313,735,1366
ce543f72e05f4e48a3c83b5a64ea042b,fc1d4a5b3ab94addad4ee0e5ae6cc62f,42.79894386713089,109,108,108,102,107
4ebca03f3aa54840b1a52ac3a2898a0d,fc1d4a5b3ab94addad4ee0e5ae6cc62f,38.9573324762589,111,131,129,130,131
6bcb91d1ebcc469e8469d36d91ce8409,fc1d4a5b3ab94addad4ee0e5ae6cc62f,67.18454685375913,1,1,1,1,1
999934fd9ab4454aa8487b0913b946b4,fc1d4a5b3ab94addad4ee0e5ae6cc62f,33.43266315521082,652,787,781,756,780
d8b3092f2b2248068fb69127ba37a120,fc1d4a5b3ab94addad4ee0e5ae6cc62f,47.87361274206919,197,233,233,237,233
dae0aee870d54ab294700df899a70b72,fc1d4a5b3ab94addad4ee0e5ae6cc62f,34.21779684294764,2,2,2,2,2
5118179f0fa947e1a991af4b29dab5f8,fc1d4a5b3ab94addad4ee0e5ae6cc62f,39.941128424859755,842,1043,1043,1070,1042
6294ff93c7a740fc906ffa01a7833390,fc1d4a5b3ab94addad4ee0e5ae6cc62f,46.276605141223385,16,18,18,18,18
47cd68539186470895310551c39af227,fc1d4a5b3ab94addad4ee0e5ae6cc62f,76.1954291659912,39,33,33,32,34
761da5b8a48b48bcb91b967b3e7891b0,fc1d4a5b3ab94addad4ee0e5ae6cc62f,110.78658141883977,29,22,22,20,22
86fac8c2a84140daa42d052458f81d24,fc1d4a5b3ab94addad4ee0e5ae6cc62f,32.327058117584215,145,150,150,151,149
c25df5be8a0e4e0cb931eb791b28ce25,fc1d4a5b3ab94addad4ee0e5ae6cc62f,129.22891572693985,1,0,0,0,0
0161bd62b17f4096b2223c073ccc30fb,fc1d4a5b3ab94addad4ee0e5ae6cc62f,76.00462959759123,3,1,1,2,1
af46a8bc64da4740bb994a60f2897455,fc1d4a5b3ab94addad4ee0e5ae6cc62f,116.94509719785714,13,11,11,9,12
dd01718429c34186ba6ad963377437ff,fc1d4a5b3ab94addad4ee0e5ae6cc62f,39.661755234925046,35,42,40,42,42
68604c384b9146a1b1b293af91955325,4403795d081d4150ab7174f19e8a2f0b,143.1391046624594,10,8,8,7,8
22c240cda2194a76a1f3512b1aa34744,4403795d081d4150ab7174f19e8a2f0b,140.1420051533336,6,0,0,0,0
faab289cbc74407c83871446a60551a0,4403795d081d4150ab7174f19e8a2f0b,76.22955662136454,4,5,5,5,5
5cf8690e0c7b41da8cd3c142e3d7e155,4403795d081d4150ab7174f19e8a2f0b,206.98083872357668,4,1,1,1,1
623027db914c48179fcd51686a108980,4403795d081d4150ab7174f19e8a2f0b,25.518169244019063,765,1035,1012,1014,1032
ac98874ba2494925ad597922da4be3d7,4403795d081d4150ab7174f19e8a2f0b,96.43459388125035,28,30,30,30,30
75e6211062af41e5bcdeba7f1fa3d6d5,4403795d081d4150ab7174f19e8a2f0b,69.84851878240733,43,49,49,49,49
ba73ea37799c4e4382bdd22363ccdde3,4403795d081d4150ab7174f19e8a2f0b,47.023455874781725,372,421,416,428,420
f2d494f04b844bb4b016c0930b8435c9,4403795d081d4150ab7174f19e8a2f0b,74.62379324581708,49,41,41,24,41
bc870f70e569491793681566adb0f6ed,4403795d081d4150ab7174f19e8a2f0b,32.88850054268117,821,974,964,963,975
def6cf8fb7654ac09735a7d7450d55b7,4403795d081d4150ab7174f19e8a2f0b,102.86410815171577,19,20,20,7,20
7cdce960e0a34f4a983a5c135423bdba,4403795d081d4150ab7174f19e8a2f0b,156.77468494604645,3,2,2,2,2
c6350ca711c548639471b328f0a3682a,4403795d081d4150ab7174f19e8a2f0b,4.784268926077247,6899,16471,719,16220,16476
9e7bb8b8a10d4a8e9ddb5b27263f23f1,4403795d081d4150ab7174f19e8a2f0b,71.93225364901855,16,17,17,13,17
5060b31b29624549bb8564393b7e9911,4403795d081d4150ab7174f19e8a2f0b,9.937211288773195,158,168,154,3,169
3ba619b8e2c24f909c1aea11f4a19ee5,4403795d081d4150ab7174f19e8a2f0b,103.79944500424041,5,5,5,5,5
1613778555124a7499e85bb3e29b2d7a,4403795d081d4150ab7174f19e8a2f0b,47.13978333429378,266,304,297,297,304
b635f6f12b544e829bed7a63d5b5c929,4403795d081d4150ab7174f19e8a2f0b,48.8127882210941,158,161,161,162,162
addfb21eb5b94a31b212c4b02091b202,4403795d081d4150ab7174f19e8a2f0b,34.55201815420443,234,242,239,188,242
5eaebd1f3e4d4a06a8250cfe200dc9c6,4403795d081d4150ab7174f19e8a2f0b,49.77728242867641,17,18,16,0,18
0b9d869e59dd43f697ab1bb3c823779f,4403795d081d4150ab7174f19e8a2f0b,18.883668625342533,1231,1367,1348,920,1366
a0879e90384c4b87ab746af643c61126,4403795d081d4150ab7174f19e8a2f0b,67.64080240443464,16,16,16,16,16
f6d9cea1572f47ef8eaa3f080d5a9df5,4403795d081d4150ab7174f19e8a2f0b,117.70675063898787,5,5,5,3,5
52bc5dacf98640359ba8e13342dadbaa,4403795d081d4150ab7174f19e8a2f0b,15.388154411141457,316,475,429,388,475
fa98aea3b69042b1a52b3f951b356337,4403795d081d4150ab7174f19e8a2f0b,89.88879812531593,28,32,32,33,33
92b2390340c44c66b5143447c3d78e95,4403795d081d4150ab7174f19e8a2f0b,37.27445050251609,202,205,197,129,206
e2ea451f5f0b452e850bcfd79936c125,4403795d081d4150ab7174f19e8a2f0b,124.44357161321177,9,6,6,9,9
245eab52d3ae4e868aef14daaaf7f024,4403795d081d4150ab7174f19e8a2f0b,74.83139296245496,25,25,24,10,26
fcffbbfbdb49483aa2eb4d2698c3f1e1,4403795d081d4150ab7174f19e8a2f0b,93.62539587342752,8,7,7,7,7
fa8fac8eed574136bbb4f043042f0fb4,4403795d081d4150ab7174f19e8a2f0b,69.04919033145535,10,9,9,9,9
233d9c15dad145da88a4f7d0ce1188b8,4403795d081d4150ab7174f19e8a2f0b,85.82193775174179,73,75,75,77,75
473cc036fc454226acf2f09a4ee34153,4403795d081d4150ab7174f19e8a2f0b,24.230459703106277,49,51,51,51,51
b8b0fa6233284a66829f0c571c096711,4403795d081d4150ab7174f19e8a2f0b,106.65757972992765,21,23,23,21,23
cfae72e80983455ab794fb5b63275db4,4403795d081d4150ab7174f19e8a2f0b,122.96485401664862,4,4,4,0,4
b766a0a818a246aaae844e2457132c08,4403795d081d4150ab7174f19e8a2f0b,42.36508443537715,34,33,33,30,33
06349e9022094d5f815856b9f93f5eae,4403795d081d4150ab7174f19e8a2f0b,75.91813496951227,59,64,64,64,64
811b86c1252b4b67b65b6aa5eeda3512,4403795d081d4150ab7174f19e8a2f0b,105.15674105010483,11,6,6,6,6
f97012746ffa49a8a577dde58f7fab12,4403795d081d4150ab7174f19e8a2f0b,87.5167208969807,3,3,3,3,3
c1290fea6cb945239f3d8b967bcd1e69,4403795d081d4150ab7174f19e8a2f0b,56.47178280620604,15,19,19,18,19
5aa130520d94400393389cfcd4ffe948,4403795d081d4150ab7174f19e8a2f0b,155.2707777542045,7,6,6,1,6
85c24de1448f41c8a491e39f6e678255,4403795d081d4150ab7174f19e8a2f0b,61.96586745322206,23,27,27,26,27
dbedb9deba814fc78d1ef4fbfa134444,4403795d081d4150ab7174f19e8a2f0b,40.542981639864756,248,271,271,261,271
1bdf51b4cc754483964974d33ce8bbd8,4403795d081d4150ab7174f19e8a2f0b,90.27746383880651,21,19,19,19,19
13cbd27b6d2342ad9dc98a10d6a5a69f,4403795d081d4150ab7174f19e8a2f0b,103.10665385141714,14,18,17,18,18
33df11c961424a67b832a51b37912752,4403795d081d4150ab7174f19e8a2f0b,21.490867446662694,370,391,391,387,391
f76840bcd0404e59a78df8d70fce68b4,4403795d081d4150ab7174f19e8a2f0b,74.5992729866047,44,38,38,37,38
e8e9a0039b7d400c8a196bcc78f0ad98,4403795d081d4150ab7174f19e8a2f0b,71.26181599912238,12,23,21,20,23
1c15a2e49d6b48878266d316bb4593d3,4403795d081d4150ab7174f19e8a2f0b,83.0111344249691,13,15,15,10,15
dcb74a74355b429f9bb636ba35cfbcde,4403795d081d4150ab7174f19e8a2f0b,105.94003180138789,6,10,10,4,10
7cb79f1af7c741c1a51fa6d25382bbf5,4403795d081d4150ab7174f19e8a2f0b,165.07632514183229,16,14,14,14,14
1f7d5f3a3dd84021901169b48ef0dcb2,4403795d081d4150ab7174f19e8a2f0b,54.90042437580308,123,149,146,142,150
5aea1f0f33174371834d5c254738cc7f,4403795d081d4150ab7174f19e8a2f0b,57.11690054730241,144,154,152,154,154
88e43668dcf9460a83b711f1772d773e,4403795d081d4150ab7174f19e8a2f0b,36.2174641511207,25,27,27,9,27
ffbe71a9bf6d4b46ba94b76954377854,4403795d081d4150ab7174f19e8a2f0b,33.58771303672311,63,77,68,72,77
a2765458b0e742a2a82cc6f712a6e354,4403795d081d4150ab7174f19e8a2f0b,52.44342407263465,83,84,84,85,84
bce4837d324f4939853fb2ec1cc62a60,4403795d081d4150ab7174f19e8a2f0b,108.0485727555678,8,8,7,4,8
4b4f4ae53aa3464cbd639039c4226f7a,4403795d081d4150ab7174f19e8a2f0b,58.48815859596317,19,17,17,8,17
b4304b952f484e7e9a10c7d2866135c4,4403795d081d4150ab7174f19e8a2f0b,30.053854514816663,70,82,61,80,82
d40477bbcca1404687a949b3704a0e1b,4403795d081d4150ab7174f19e8a2f0b,12.781219915824183,1208,1416,968,1443,1412
b798f451c4464b6a8b8fe88c946c76be,4403795d081d4150ab7174f19e8a2f0b,93.65011760555443,14,12,12,12,12
79719fe82a6f4908ad0d298ac3b5d0b4,4403795d081d4150ab7174f19e8a2f0b,105.80613892921606,2,1,1,1,1
f2a9d1e77d2d4948aa2b84634708d643,4403795d081d4150ab7174f19e8a2f0b,4.824271563950837,112,114,56,47,114
95d216d0b6104438aa18e80bae32359b,4403795d081d4150ab7174f19e8a2f0b,22.33138911990959,16,11,11,11,11
a9385a2985704b64a09716974d387ff4,4403795d081d4150ab7174f19e8a2f0b,52.14213316441371,15,18,18,16,18
c3e138f682464337a02b6f25efdb4245,4403795d081d4150ab7174f19e8a2f0b,84.57311522543957,43,53,51,51,53
8beb3c5e4a3b438ca8789de8d8922bc1,4403795d081d4150ab7174f19e8a2f0b,112.60496784685716,12,11,11,10,11
e4ad27b8460d4c21a77618feda0d69e6,4403795d081d4150ab7174f19e8a2f0b,86.8391365604028,10,8,8,3,8
08d9f113659d4dc6835b00d855eb8045,4403795d081d4150ab7174f19e8a2f0b,21.505805591694475,71,78,78,1,78
88f87db66a664bafbe3c786627e8bae3,4403795d081d4150ab7174f19e8a2f0b,65.95472435204296,183,199,199,196,199
7a3c4a3dc99c4197b427eec3fad87f56,4403795d081d4150ab7174f19e8a2f0b,91.52860095726763,57,61,60,60,61
836f1b27da4c45f996e07b606cb4fb9a,4403795d081d4150ab7174f19e8a2f0b,56.568467862718634,29,29,29,31,29
887fd86e2ae640c59f77eaf16edddce0,4403795d081d4150ab7174f19e8a2f0b,183.04367090078983,4,3,3,0,2
78a7dcb8b17941139da3a4dd3d4dccaf,4403795d081d4150ab7174f19e8a2f0b,50.7450004400109,11,12,12,12,12
564e56c02b0a4b6aa30b567ae4de2767,4403795d081d4150ab7174f19e8a2f0b,92.03812875340996,3,5,4,6,6
dfe956524ee0469c9f7187f323803d61,4403795d081d4150ab7174f19e8a2f0b,55.92867887984621,132,162,162,157,162
0cdc7d81e5d54e35a9f51731da1f7ea4,4403795d081d4150ab7174f19e8a2f0b,27.796136057918048,107,113,108,111,113
b2ec36ae7d9a4f6fa5fd5817bb829be4,4403795d081d4150ab7174f19e8a2f0b,35.43272050649636,192,197,195,140,197
9b3addf66d32478bae169ea51f54d274,4403795d081d4150ab7174f19e8a2f0b,125.82209431285908,3,3,3,0,3
909dddf96ce147c795163caa9c8dc2a0,4403795d081d4150ab7174f19e8a2f0b,81.54928106566108,23,19,19,16,19
3b6284ce24c34f5c9ea2e41bfe356b68,4403795d081d4150ab7174f19e8a2f0b,101.01186099792703,8,9,9,9,9
dcdbc7df24ba474a8f1af49f19690aa9,4403795d081d4150ab7174f19e8a2f0b,29.30535447590578,341,356,354,353,356
2df101ae77a844bbbe96b17d1934fe72,4403795d081d4150ab7174f19e8a2f0b,23.29801812752298,2,2,2,2,2
b80edeb7d71c453c9411eebc0e833454,4403795d081d4150ab7174f19e8a2f0b,52.191336731554024,74,86,84,85,86
2125f06a507243f1851f9416a5e35fb2,4403795d081d4150ab7174f19e8a2f0b,81.01883125457815,32,37,37,34,37
ca7ef48181d34b13af0553064f01a79d,4403795d081d4150ab7174f19e8a2f0b,77.03619957216482,10,10,10,0,10
f8febf221ba447948ad376758b08bd4a,4403795d081d4150ab7174f19e8a2f0b,37.97454151749043,174,161,153,119,161
731b39ff44be4c28837666ff64ad5d6d,4403795d081d4150ab7174f19e8a2f0b,60.93868336536107,14,13,13,10,13
4bd41b6496c545f6b7f875c22c36b276,4403795d081d4150ab7174f19e8a2f0b,120.15819757143652,22,19,19,20,19
1347214afcad4ecbb582819d0563cd68,4403795d081d4150ab7174f19e8a2f0b,90.87256671525716,17,14,14,13,14
c7863d179a6543c093fce146ba92b397,4403795d081d4150ab7174f19e8a2f0b,51.56167896990843,113,98,97,57,98
3bf8da8e6adf48ac9de390f1d837e5a9,4403795d081d4150ab7174f19e8a2f0b,22.85165953325903,1351,1695,1637,1672,1695
11a8e71055d24b6e923567aa39b907d2,4403795d081d4150ab7174f19e8a2f0b,22.128907748225906,187,216,205,201,216
58043a23621d4137954db6a2bcbaaaa3,4403795d081d4150ab7174f19e8a2f0b,53.508107225437776,16,17,16,14,17
82cb06890e704b79a5d595ed44d6ec4a,4403795d081d4150ab7174f19e8a2f0b,103.55887447508552,1,4,4,4,4
e58fadbd29f74261bfea8d77e2364e9a,4403795d081d4150ab7174f19e8a2f0b,34.4841978573274,577,742,733,741,743
3726dc92685c4b82bd9bceff281e1bdd,4403795d081d4150ab7174f19e8a2f0b,70.0045184803648,20,20,20,19,20
608c2bb89665451bb78e4a9c7055230f,4403795d081d4150ab7174f19e8a2f0b,37.03676662767232,299,338,333,339,338
92cf0404db2a4c6a9937c40b31bc6c24,4403795d081d4150ab7174f19e8a2f0b,12.852513049648566,213,286,243,249,283
417b28498b2c4d9cab7189b5f24ab78e,4403795d081d4150ab7174f19e8a2f0b,106.02385699230956,24,17,17,17,17
a200cc3dd8294f3493c18a1f7f0af5de,4403795d081d4150ab7174f19e8a2f0b,21.20797543897963,2807,3371,3326,3348,3376
6c739ddca46d4bf9ae1055e6c8932391,4403795d081d4150ab7174f19e8a2f0b,66.79245123652548,4,3,3,6,3
14f0d8e172ef47f7afe03d680352c014,4403795d081d4150ab7174f19e8a2f0b,50.98534391734992,38,26,26,26,26
81103f37d2d645e88a237d5825ade027,4403795d081d4150ab7174f19e8a2f0b,84.36035699941446,12,13,13,14,13
09baec5134eb429d9e6dbb370f7696ab,4403795d081d4150ab7174f19e8a2f0b,102.34989319733589,7,5,5,5,5
92e03dd16dee498f9f136721ce553068,4403795d081d4150ab7174f19e8a2f0b,141.80251375081266,1,2,2,2,2
8fac81a0c7204252bb012e4e79460fcf,4403795d081d4150ab7174f19e8a2f0b,90.23319554333851,45,45,44,41,45
d85d418b29a74694b9321813c46c2609,4403795d081d4150ab7174f19e8a2f0b,23.45568962296906,98,111,107,111,111
47be1def2bc14ab4a87f279d20a3ea1f,4403795d081d4150ab7174f19e8a2f0b,21.573299482865554,33,32,29,35,32
776b4368d5b14a119b54c4e7afae9564,f7ad54940a674f25be6c22317b0e3815,172.79272060458794,3,2,2,2,2
6bcecdfea1524786a1fb171efff0331f,f7ad54940a674f25be6c22317b0e3815,107.95590184951504,36,34,34,28,34
9f827b08297f44238b0253bf3e5c9fc6,f7ad54940a674f25be6c22317b0e3815,45.40875195855806,630,677,677,466,670
1279d43986c24b0bac3b5d9c132d020c,f7ad54940a674f25be6c22317b0e3815,173.78222503224026,8,3,3,2,3
679ec33851314866848b709cc75be5a5,f7ad54940a674f25be6c22317b0e3815,58.600352629205226,57,49,49,49,50
f05c8f2b49c94916b8735154a65f0ebb,f7ad54940a674f25be6c22317b0e3815,29.758923016915304,236,228,222,157,228
08b826df75c5497aa6413eeba5765d0c,f7ad54940a674f25be6c22317b0e3815,62.47988790413864,66,74,74,74,74
af65fa48775e441b9ec06d731c9b0d24,f7ad54940a674f25be6c22317b0e3815,36.85105847707466,160,219,219,220,220
1622f9af6e154666aac3234ec79b3023,f7ad54940a674f25be6c22317b0e3815,21.904776605382477,1700,2170,2095,2122,2172
604f74db80c54144b656719dd6d85edf,f7ad54940a674f25be6c22317b0e3815,42.32430298379328,343,445,445,307,436
4f24a4cca4b344139f1184609202c1a2,f7ad54940a674f25be6c22317b0e3815,53.514234287674725,88,81,80,32,81
93b90dd9ba81470385217570a1136202,f7ad54940a674f25be6c22317b0e3815,131.48956300872592,2,2,2,1,2
4980849bf318482593a5dbbeb5bf45cf,f7ad54940a674f25be6c22317b0e3815,4.657436963838977,7041,16297,701,16253,16297
bdc8e522fa9445b1a69afd47990b9582,f7ad54940a674f25be6c22317b0e3815,42.960664613863784,18,18,18,0,18
041fcd6e176b4ea4a67a31de50f8d4a4,f7ad54940a674f25be6c22317b0e3815,73.55114188140234,88,96,96,94,96
8b308c3bb81f4590b26bcfe4dc9c16cd,f7ad54940a674f25be6c22317b0e3815,36.26703332154134,634,746,744,590,734
f6cf4c6446ca451aa65af65ce8fac46b,f7ad54940a674f25be6c22317b0e3815,110.88952961539206,3,3,3,3,3
dde0a4d339ef456d90ed0dbe560d339e,f7ad54940a674f25be6c22317b0e3815,55.39159842061303,12,12,12,8,12
d42fa7f223d24b48950533906b63c38b,f7ad54940a674f25be6c22317b0e3815,83.36562507671933,8,5,5,0,4
72c7e903391d4028a48ff53cd26e3b83,f7ad54940a674f25be6c22317b0e3815,38.368896970013324,231,231,223,57,231
37c9d548e01947e791bdb56aef056a44,f7ad54940a674f25be6c22317b0e3815,102.686072901556,21,25,25,25,25
4987fa4801f54be3a96f51eace9943b8,f7ad54940a674f25be6c22317b0e3815,95.43803836004544,6,6,6,6,6
7d47bce7fe2344fc822be2d7e96b87c4,f7ad54940a674f25be6c22317b0e3815,106.93003383286631,9,7,7,6,7
bb2ed3bfe44e440e8303763e3bb7a38c,f7ad54940a674f25be6c22317b0e3815,26.144852226501907,117,134,126,0,134
e4198e030fc14a7e86d1d0690d1d5709,f7ad54940a674f25be6c22317b0e3815,58.73494133021014,101,108,106,109,108
5a9719a03b814d029b84c9674e22b71d,f7ad54940a674f25be6c22317b0e3815,62.54065495968649,27,27,27,16,27
1496264eaf094c1997b7b36a9b97c035,f7ad54940a674f25be6c22317b0e3815,91.51460850047678,66,66,66,47,66
60e31c1e5cee495385e1a281678c6e44,f7ad54940a674f25be6c22317b0e3815,102.87993302351944,11,12,12,3,12
e16c8ae2d78a497cae4167bd34ddece1,f7ad54940a674f25be6c22317b0e3815,7.580221033808095,1903,1895,1080,1872,1893
3570b9c5003e4bb998ff68b7621b1fc6,f7ad54940a674f25be6c22317b0e3815,35.420127912432754,49,56,56,53,55
3f80f20a8e58402ca3a6262dc2eb9615,f7ad54940a674f25be6c22317b0e3815,52.248872045890565,168,187,183,143,189
d6667d7bb5594c81a35c5d563344d820,f7ad54940a674f25be6c22317b0e3815,57.529116814523185,10,11,11,11,11
14abe73825e7489cb59d88dd5906a48b,f7ad54940a674f25be6c22317b0e3815,72.83092141943888,42,49,49,43,49
f3ece5db8d5e40b79113c6982cf2b3dc,f7ad54940a674f25be6c22317b0e3815,73.98909186911587,12,14,14,11,14
ce17a898619b40d9ba2ab651aed30fa3,f7ad54940a674f25be6c22317b0e3815,18.466729162838835,810,823,805,331,824
10a569e03b3b4e958b9f8926a496aa10,f7ad54940a674f25be6c22317b0e3815,89.68167497457581,3,2,2,0,2
70cf4bc5095b4627a5c1ccc9d0dc8b75,f7ad54940a674f25be6c22317b0e3815,31.13676890981532,81,120,119,87,120
0f87ac7af0a94e26ae94534825e7ff83,f7ad54940a674f25be6c22317b0e3815,42.32732566288372,30,37,37,33,37
ec226cc57f58461aa880ceb54cb79009,f7ad54940a674f25be6c22317b0e3815,60.6390836410734,161,177,177,178,176
a03e84f9366c4c4cb7e3ba749af6530d,f7ad54940a674f25be6c22317b0e3815,72.10639754936527,10,6,5,5,6
1e3d38ed8c1642f79c890a0053d9a725,f7ad54940a674f25be6c22317b0e3815,40.59720662138791,58,56,56,33,56
c7270245eea84a73a8c94400a367f9b6,f7ad54940a674f25be6c22317b0e3815,51.50818245231053,232,240,238,228,241
375801257aca4d75984180d71bff58af,f7ad54940a674f25be6c22317b0e3815,48.1864389111359,213,246,246,225,247
ae19e911e85a4f16afa3695bf79a114e,f7ad54940a674f25be6c22317b0e3815,96.29416355523882,17,18,18,17,18
d3e3b858b4814ffc8a190f458d7ed34c,f7ad54940a674f25be6c22317b0e3815,47.605660688742496,33,28,28,27,28
7ba3fd332a7e42f0b209ca835fcacd93,f7ad54940a674f25be6c22317b0e3815,73.78695383691708,21,27,27,13,27
54be7982544c435288558e30db760235,f7ad54940a674f25be6c22317b0e3815,202.67873031659218,8,5,5,7,7
81d7eb6c8089415a94a95012c5fe57b4,f7ad54940a674f25be6c22317b0e3815,129.01980070800212,5,5,5,2,5
0e6538708d7c42abb885a586f6bec9ab,f7ad54940a674f25be6c22317b0e3815,15.33328313985825,2426,2688,2258,2686,2685
b01c088da46f4f09ad52cc513fa7ca37,f7ad54940a674f25be6c22317b0e3815,21.997229336945026,464,635,588,588,631
efa290b9ef88413b872d6e82c30a6bf3,f7ad54940a674f25be6c22317b0e3815,44.15902782615217,15,1,1,1,1
3855b426fb8642389877916ecc26bd07,f7ad54940a674f25be6c22317b0e3815,46.35628138497436,273,328,327,231,325
cf368a28ccda4e76a75b4c7679cd78ad,f7ad54940a674f25be6c22317b0e3815,65.0323420041433,1,0,0,0,0
100644cdd7fe4b9aab3d57077a4cd207,f7ad54940a674f25be6c22317b0e3815,59.35027583274866,27,33,33,0,33
48cb300ee9b84ce6b5d10ac33ed2f4f2,f7ad54940a674f25be6c22317b0e3815,91.54543073990912,4,4,4,1,4
1cb4f9e76f3b442d9ec4e31cb3e42938,f7ad54940a674f25be6c22317b0e3815,55.93451848690414,44,47,46,1,47
df602b054333443a82e895f530ee588b,f7ad54940a674f25be6c22317b0e3815,38.82430538692139,26,37,37,26,36
069d3c42a31b4df5a76f3dc24d263f99,f7ad54940a674f25be6c22317b0e3815,24.621518453218428,55,63,63,77,63
9160d99e44ee4da4aab1c29624e91407,f7ad54940a674f25be6c22317b0e3815,68.92115819268655,36,37,37,38,37
6784153a1b854508b98546e1640958c6,f7ad54940a674f25be6c22317b0e3815,76.87961249167738,35,41,41,42,41
ac0ebbda98854d9ea37e05df9cf31135,f7ad54940a674f25be6c22317b0e3815,31.36133073386753,35,46,42,0,46
c659ab0f61b14ec9958d8315b77af890,f7ad54940a674f25be6c22317b0e3815,85.75547907698774,6,7,7,0,7
6397c3247db14094b4d808d2b3405477,f7ad54940a674f25be6c22317b0e3815,52.485820244136114,178,220,215,210,219
e8b3f863f7f54cd6a0be9c08aeee2361,f7ad54940a674f25be6c22317b0e3815,80.51724346549058,21,20,20,14,19
f72e3da56dbd4dbf87f1634e170b2887,f7ad54940a674f25be6c22317b0e3815,165.88884802238775,4,2,2,1,2
aabb769e24f4468087330ea20fb9fa96,f7ad54940a674f25be6c22317b0e3815,54.76363995450875,12,16,16,0,16
4e46e253377f41c2b643595391190d7a,f7ad54940a674f25be6c22317b0e3815,60.68358178230542,20,25,23,20,26
ee16e83a315641fc9bf3a8416254571f,f7ad54940a674f25be6c22317b0e3815,116.7352187297832,38,30,30,29,29
93d91523198f4e90a954e01b1ce51caa,f7ad54940a674f25be6c22317b0e3815,20.003148225806203,69,95,91,51,94
b022fd0f0db14d599cab99adbae9760b,f7ad54940a674f25be6c22317b0e3815,63.98810081198975,97,102,102,101,102
32b9ec6398004a389d9a6007a6752795,f7ad54940a674f25be6c22317b0e3815,54.01599868721287,8,8,8,5,8
7e61fbd4352149f28233faf243a8ec9d,f7ad54940a674f25be6c22317b0e3815,23.40569423304992,441,587,586,492,587
3a458d50cb4441879c2efa9766f2770c,f7ad54940a674f25be6c22317b0e3815,59.80999029005498,30,33,33,33,33
33756c29d23047aca88b7ce9ba0a656c,f7ad54940a674f25be6c22317b0e3815,53.02598274987116,56,66,66,59,66
76cab078181a40309756ec5a6221b2ee,f7ad54940a674f25be6c22317b0e3815,110.00776257307469,5,5,5,0,5
df74a1d27a5f4d0eaca37c483e825e0f,f7ad54940a674f25be6c22317b0e3815,74.99666454320945,37,51,50,47,51
3b845453dcbf42eca447a006124c858d,f7ad54940a674f25be6c22317b0e3815,43.753443559446175,52,53,53,29,53
82ab756a3ea24917b47089c0413934ee,f7ad54940a674f25be6c22317b0e3815,77.31329319805039,108,102,101,97,102
ecf40e390c4f400f9654327aca55561c,f7ad54940a674f25be6c22317b0e3815,47.63444937116937,78,87,87,70,87
0bbbbac63fa84dfe8d30799edfe0b4d7,f7ad54940a674f25be6c22317b0e3815,110.73001226376768,5,4,4,0,4
c4752340777540989a351b57b8f22ef9,f7ad54940a674f25be6c22317b0e3815,69.58081052448789,15,15,15,12,15
e28970dfb2ea4eacbe3e40168dd5dcba,f7ad54940a674f25be6c22317b0e3815,13.059247958677103,249,255,184,205,260
fbfd26b0a3dd4209a2069c3796890879,f7ad54940a674f25be6c22317b0e3815,144.8319088800967,20,17,17,16,17
8ce7ad4d33724dccaae56c623e77777d,f7ad54940a674f25be6c22317b0e3815,61.50114660218463,42,43,43,46,43
674f4e7d73854fdbabe0f1da4e084644,f7ad54940a674f25be6c22317b0e3815,51.76619719590149,39,41,40,27,41
91925508a15f46fc923a85f049fec1b8,f7ad54940a674f25be6c22317b0e3815,130.3374137057592,14,12,12,2,12
b7185631bb09423cbcbc632b867d5186,f7ad54940a674f25be6c22317b0e3815,30.652406541278193,111,110,105,80,110
b6d1950899404d98b3b1816d9a58abe4,f7ad54940a674f25be6c22317b0e3815,58.9952570359553,22,22,22,13,22
62f7d00a09634f2bba09470ee65bc6ba,f7ad54940a674f25be6c22317b0e3815,77.25036304711318,13,12,12,12,13
574c855b1d6244258c4d0d7d95391507,f7ad54940a674f25be6c22317b0e3815,21.443069352358926,468,486,483,485,486
46729b20c0a64c25a4e785dc1fbffdea,f7ad54940a674f25be6c22317b0e3815,51.659278605145474,219,254,254,242,255
525423ee7a964ac8a39f4f86dce5f9a3,f7ad54940a674f25be6c22317b0e3815,46.04090669248992,15,19,19,15,19
99843bc906c44578ab4f539769926717,f7ad54940a674f25be6c22317b0e3815,47.04613642459869,18,19,19,19,19
fa7ada91f7df4d21b3fb8b00eb176958,f7ad54940a674f25be6c22317b0e3815,31.47844932287851,1,1,1,0,1
2c66e4aee2cc4a52a529cfd90ff86182,f7ad54940a674f25be6c22317b0e3815,78.09274782850754,34,29,29,29,29
d1700eed4d3648d598e81c2aff048aa7,f7ad54940a674f25be6c22317b0e3815,32.652967244525044,293,282,279,183,282
8437cbcc08f34c24ba570ce866d349e3,f7ad54940a674f25be6c22317b0e3815,96.60433769920412,2,2,2,3,2
8e8e3a6f43cd493289c9d9d7f36b8f52,f7ad54940a674f25be6c22317b0e3815,64.71749281328118,25,19,19,16,19
5dcfe88e0d1842d1a4a7b63ce0a4229c,f7ad54940a674f25be6c22317b0e3815,25.285323720620415,876,1230,1180,1160,1231
14185fc86d0c4b9e9c991f0d73945800,f7ad54940a674f25be6c22317b0e3815,52.82735457953664,223,246,245,247,250
ee5c9a933134426c9152f7fb98356227,f7ad54940a674f25be6c22317b0e3815,69.68170893120913,59,67,65,63,67
dab947777e1a4be1b9307ea4046353c1,f7ad54940a674f25be6c22317b0e3815,57.71980015499476,120,137,135,134,136
2f1fd4fe79364be39c11d9cbb7bef46d,f7ad54940a674f25be6c22317b0e3815,36.20727979386684,21,21,21,18,21
56f5f88c1ad947b0a2e8ef714d3d585c,047569d8cae6404c97d074a86f30e636,14.962210278897425,6494,9028,7707,8760,9030
8453f75263254163848e3e2b3e6cd7d1,047569d8cae6404c97d074a86f30e636,43.9452281786626,109,113,111,113,114
a0ee10746e0346e98bb1aaca9e7f6be7,047569d8cae6404c97d074a86f30e636,80.1737696199911,9,10,10,5,10
dbf4510a9b9c457ea1d8a2caf94d6140,047569d8cae6404c97d074a86f30e636,15.848199771995212,79,85,84,85,85
b812e864032044079f57b3b7feb9b5b1,047569d8cae6404c97d074a86f30e636,44.66643670878329,44,62,62,49,62
31205e3db3804547910c69cec817dbfb,047569d8cae6404c97d074a86f30e636,95.4482636002367,7,7,7,4,7
13a0f93ff30e48f5afaa05dd690e84f6,047569d8cae6404c97d074a86f30e636,72.32463352222393,24,20,20,21,20
e59f608a685d4456b3dcb3b252b7da1b,047569d8cae6404c97d074a86f30e636,54.175038052737065,48,54,54,33,54
244679dfd0a7477caeca0de2e5773523,047569d8cae6404c97d074a86f30e636,37.51312849959032,69,95,92,94,95
27987e7815b74fc388f53879cf42de28,047569d8cae6404c97d074a86f30e636,28.040820944941274,121,132,132,127,133
2c8fae605fa446a79a089c2702090774,047569d8cae6404c97d074a86f30e636,5.860618478009561,580,742,437,734,740
1c871823e9b144d7b05abc86e11bc4bf,047569d8cae6404c97d074a86f30e636,121.76584647300841,1,1,1,1,1
590448d7f76f404d83966e28eb277d2e,047569d8cae6404c97d074a86f30e636,44.11802293405404,21,21,21,21,21
296dfde772d54b01b5e3fcfd75cd869e,047569d8cae6404c97d074a86f30e636,23.074847336364975,195,251,222,251,251
95f73ea7208b4a669008e28088856955,047569d8cae6404c97d074a86f30e636,27.496002026021674,214,304,301,315,304
4d69587b1e354547a54d89ccdb2a8b5c,047569d8cae6404c97d074a86f30e636,98.0209667028901,5,6,6,5,6
7792e04b53bf49f08ede07b2cddc0253,047569d8cae6404c97d074a86f30e636,65.5871562227854,25,25,25,17,25
6b3f2a97903e47ecb7e87bb1b0b7d646,047569d8cae6404c97d074a86f30e636,121.37228611634836,11,7,7,6,7
2229df73daa240f59b6adf03b230b8ae,047569d8cae6404c97d074a86f30e636,79.07593444830805,17,13,13,11,13
ce689ee22eba4c5aafbe41d05345f7ba,047569d8cae6404c97d074a86f30e636,150.40748635408409,5,5,5,4,5
26c157da2da24f5b874e98f626a6112b,047569d8cae6404c97d074a86f30e636,43.19216439547339,42,40,40,38,40
2575e9d7b5b34d07890d027a0a5f7ef3,047569d8cae6404c97d074a86f30e636,15.199208630305161,128,158,155,144,159
37bcf929f1f54e4bb59c3f89c0aa55e5,047569d8cae6404c97d074a86f30e636,4.983321171260748,1387,2175,1219,2127,2169
940ca262f0ec4145a02684bce3e8cf4c,047569d8cae6404c97d074a86f30e636,4.286715548585185,9641,18124,419,18142,18128
00a8d8ac166d40e287f77ec890b1b942,047569d8cae6404c97d074a86f30e636,114.80473640237147,5,5,5,4,5
1f76d6e1b5b84c099a9864a3d4777650,047569d8cae6404c97d074a86f30e636,58.53042379440059,30,53,53,43,53
36a004bd05c7419f82284ce95af74116,047569d8cae6404c97d074a86f30e636,62.79826310754853,52,55,55,12,55
14398812fd7045668fb2d91c5d50efa9,047569d8cae6404c97d074a86f30e636,91.18620445619797,11,11,11,10,11
6476e0845f794f048a62666d8acb830f,047569d8cae6404c97d074a86f30e636,63.49928863600636,1,1,1,0,1
3d8e185ad7814a45b9aeb57c5f6e64fb,047569d8cae6404c97d074a86f30e636,70.63543069777526,223,274,264,205,274
ed2df64609974c74a64b01fc48f12ae6,047569d8cae6404c97d074a86f30e636,78.94534534207673,2,2,2,2,2
6ac8b8fd5a0b4a3095eb85876be6289b,047569d8cae6404c97d074a86f30e636,78.00144629950329,2,2,2,2,2
ebf670cf0bb247089c0d9737641a9d26,047569d8cae6404c97d074a86f30e636,50.39514489969667,56,54,52,53,54
67d63fce9384476684e9038c8ca649aa,047569d8cae6404c97d074a86f30e636,99.16859936484907,1,1,1,1,1
701dd442e0fe4a5e99770ed88d96c949,047569d8cae6404c97d074a86f30e636,18.446425910213087,211,299,290,303,299
91de6b451ef240dfbb5a638ee3298bad,047569d8cae6404c97d074a86f30e636,63.06958223502953,7,5,5,2,5
2581c4da160d401583155a7e7e7805e0,047569d8cae6404c97d074a86f30e636,24.665778389278575,116,130,128,137,130
3eef60b457124d3d8d25ddde88163e97,047569d8cae6404c97d074a86f30e636,9.983518183052908,898,878,794,808,878
24ad7f2554324f20aef116e839e8a0e7,047569d8cae6404c97d074a86f30e636,56.90433540982826,36,67,67,62,67
b71fca133f7a45bd85e7c0b13d9f2495,047569d8cae6404c97d074a86f30e636,36.878751403802504,108,140,134,139,139
898420b4ab4d44bdb91bb545cdb8fc83,047569d8cae6404c97d074a86f30e636,21.76737940555323,233,325,289,323,325
8a2de41c82b44aadabea99e3ff5cef79,047569d8cae6404c97d074a86f30e636,40.75691179718632,77,119,119,114,119
52de6d76eefe4a028661f8b8d0ae91c8,047569d8cae6404c97d074a86f30e636,148.09580016998078,6,4,4,3,4
840c2866e88140ba83a235eda6890ba5,047569d8cae6404c97d074a86f30e636,86.73977851492388,14,10,10,10,10
b66f9888265b4705a99902c866acee32,047569d8cae6404c97d074a86f30e636,37.74644211621465,126,158,157,157,158
a044fb419c5d40f28b624137dd066718,047569d8cae6404c97d074a86f30e636,81.20043701239554,9,9,9,8,9
de35d560598846379f9f6af21f33b27d,047569d8cae6404c97d074a86f30e636,46.00113588978265,31,50,50,48,50
e0f9800e8cba4e9a9e0d42a33499fa29,047569d8cae6404c97d074a86f30e636,93.80672302708231,5,6,6,4,6
58140689581148798e383a32e3c35c24,047569d8cae6404c97d074a86f30e636,164.9820880147722,6,6,6,6,6
0ac9e9c241b94056a54670ae47a6945b,047569d8cae6404c97d074a86f30e636,25.8729234183943,166,224,211,228,224
2c1b632d497a41089fd0378587e8202d,047569d8cae6404c97d074a86f30e636,74.64563693899912,29,42,41,39,42
99b8fc9a1e974b0c93b4e6fee9e7c409,047569d8cae6404c97d074a86f30e636,72.07172634786178,6,6,6,6,6
9304fa06337b40db98510253b77da8fd,047569d8cae6404c97d074a86f30e636,10.149893678267777,930,1129,942,1100,1129
0bf2a5158e8d4bcf8e739cb8eb254536,047569d8cae6404c97d074a86f30e636,25.21419863120834,213,185,180,182,185
39d8e46395834d449c8e1ca0c1c80fc2,047569d8cae6404c97d074a86f30e636,43.33467187552326,106,109,109,109,109
4428f56a0c1d492d9854835f2b4e0006,047569d8cae6404c97d074a86f30e636,37.66569506702034,74,82,79,81,82
47fae97e8b234f449c1772048340536a,047569d8cae6404c97d074a86f30e636,80.09169654904521,108,118,117,98,118
c048d84931974418ba833ca2c3792f14,047569d8cae6404c97d074a86f30e636,111.12448180042817,5,5,5,5,5
d5ecb9ce24804babba6777aa763ab104,047569d8cae6404c97d074a86f30e636,26.67744501978537,195,274,259,276,275
986a51c4730d4f159546104cab0bb796,047569d8cae6404c97d074a86f30e636,87.27614030245212,13,14,14,13,14
cb3368a6649345fd912ea9f9a353754d,047569d8cae6404c97d074a86f30e636,74.08512307023369,23,23,23,18,23
f41b1bcf8cd04b77b8f1e8e795979f6d,047569d8cae6404c97d074a86f30e636,36.665125850456796,421,490,490,502,490
88b56b248628467a9de22c49331e5464,047569d8cae6404c97d074a86f30e636,79.15655205583086,24,23,23,18,23
8abf1b031b814adb8f9034400c254f08,047569d8cae6404c97d074a86f30e636,19.358978679288406,436,667,608,665,667
a384816bba2a42cd87f2a9d6cfd7405a,047569d8cae6404c97d074a86f30e636,83.06715221492473,7,7,7,7,7
6c2acb578736455a882c04a99abeaf90,047569d8cae6404c97d074a86f30e636,74.85030155302789,5,5,5,3,5
39c3bb9585fa4be69d8f5613877b2c34,047569d8cae6404c97d074a86f30e636,148.551315525501,5,3,3,3,3
0df30bd36da943f2995fa39968d16615,047569d8cae6404c97d074a86f30e636,111.0788642052752,3,3,3,2,3
456819e91d5941b6a4f28c087e5bbc5c,047569d8cae6404c97d074a86f30e636,85.02029373131433,4,5,5,5,5
8fd6873430c1474abc2b69149d64838a,047569d8cae6404c97d074a86f30e636,28.35117865255824,135,140,134,101,140
4a953cf8f7cd4866af02c5c5f1549443,047569d8cae6404c97d074a86f30e636,83.56537391571099,19,14,14,14,14
97c4c66866a74f85b14fc8e26a014a01,047569d8cae6404c97d074a86f30e636,83.95106590866051,7,6,6,6,6
05f7e249e6e34b14b4ef321d82894987,047569d8cae6404c97d074a86f30e636,111.99405408073626,1,1,1,1,1
863d7dfb5416408694d9406f105b1a60,047569d8cae6404c97d074a86f30e636,34.56033900453325,161,224,224,224,223
7829327e1e884efebaab2d368742a63a,047569d8cae6404c97d074a86f30e636,108.46376349462078,19,15,15,15,15
37b1db1707e44ff8a12de01aaaba304e,047569d8cae6404c97d074a86f30e636,18.69480647434307,900,950,908,731,950
5b398bcb95f940749c054f7dd23b8dd3,047569d8cae6404c97d074a86f30e636,78.90606100835612,247,290,290,268,290
df759384517d4eed935dd71448dd2aae,047569d8cae6404c97d074a86f30e636,5.201681189583996,38,64,30,57,64
63d25d00f09e49718b2ccd5c92160a66,047569d8cae6404c97d074a86f30e636,77.29610930109504,7,7,7,7,7
645ddefd9e8942f5aaa19205c7788693,047569d8cae6404c97d074a86f30e636,47.75842015263456,37,47,47,42,47
8575db4edf264a76a00bedab786151ec,047569d8cae6404c97d074a86f30e636,84.34914058026582,5,5,5,5,5
6b2ef606e13b4198800104de8586cd04,047569d8cae6404c97d074a86f30e636,80.61272062510993,15,13,13,8,13
56746589a9f2496f8f1d59b149ffcb09,047569d8cae6404c97d074a86f30e636,38.54445219159739,37,41,39,37,41
6f7edd9bf4974391b28bee04352cf1a0,047569d8cae6404c97d074a86f30e636,68.21566697974193,1,1,1,0,1
7d0df12c8fd948b79de720b198b1439a,047569d8cae6404c97d074a86f30e636,64.678927332718,34,44,42,40,44
f32511f8e2b048999cd2fb1da7b294e7,047569d8cae6404c97d074a86f30e636,51.469118428718566,142,142,142,140,141
549e0cb801f74135afa30853a210de06,047569d8cae6404c97d074a86f30e636,27.392868475184283,119,170,167,167,170
0fa3537fe2c641de95b72d548e29c2bf,047569d8cae6404c97d074a86f30e636,72.58196228175296,20,24,24,22,24
390b7989009d41ddb6ede7197a52c9b4,047569d8cae6404c97d074a86f30e636,139.91999769650397,35,32,32,29,32
e5c5ba75c3be411ca3d65741b1742d05,047569d8cae6404c97d074a86f30e636,77.54062239933258,7,7,7,6,7
228c59eeca014c578c4bbd7a58fdc00e,047569d8cae6404c97d074a86f30e636,80.38425064568052,1,1,1,0,1
e8b1fc86df0d4d449f6f7022a88cd69e,047569d8cae6404c97d074a86f30e636,29.567754511656254,56,70,69,61,70
8d20860256f942c988f93249879cc65e,047569d8cae6404c97d074a86f30e636,89.51440852078946,2,2,2,2,2
9c02e0b769ec4dacba13b199d4ae42b9,047569d8cae6404c97d074a86f30e636,34.18206049067073,648,729,729,708,729
f451bf62196844d6ba8ddd2b6ff99a6d,047569d8cae6404c97d074a86f30e636,30.298521939512533,107,132,130,138,134
9b8e4ad377314c8698723d46696c432e,047569d8cae6404c97d074a86f30e636,64.41887901326969,15,14,14,10,14
b59129f8e639472c93107958105fd524,047569d8cae6404c97d074a86f30e636,173.6675486957298,5,22,22,22,22
fbe8544815534e7f81076ecff926192c,047569d8cae6404c97d074a86f30e636,72.58637173579335,1,1,1,1,1
28136b06b2a94baaa4ef70a2240c80c4,047569d8cae6404c97d074a86f30e636,124.26331034534019,3,3,3,3,3
450e435969ad4966a1de67661248acfb,047569d8cae6404c97d074a86f30e636,71.34155375662,14,13,13,13,13
465ee4750d8c4aa3823bb3af7e90728c,047569d8cae6404c97d074a86f30e636,171.8887872063228,2,2,2,2,2
8d25402bb75c436ebf9dff2bac79906f,047569d8cae6404c97d074a86f30e636,142.53882269485783,3,4,4,4,4
da22b2fda0b74c33981a2f82ed364065,047569d8cae6404c97d074a86f30e636,33.29491118937938,106,145,131,115,145
c3c82fda4feb4171b9b47d49312123d2,047569d8cae6404c97d074a86f30e636,93.54408165052133,4,3,3,3,3
7894284711a8436eabae02d459d769c6,047569d8cae6404c97d074a86f30e636,59.7876541764718,52,62,62,57,62
cc10dafe591e41b6af461d3a9b90bad7,047569d8cae6404c97d074a86f30e636,74.88996068711836,1,1,1,0,1
75ed8d8241614d969e7bffad13edaf2d,047569d8cae6404c97d074a86f30e636,41.486018701484156,92,130,121,128,130
33c035fe40f148c19febdba4cf947c92,047569d8cae6404c97d074a86f30e636,49.51877533556313,71,82,78,79,82
3770c33f45c64dafa76f52cf8fdc728b,047569d8cae6404c97d074a86f30e636,111.19607024444686,5,4,4,2,4
1629d365b1d34ed3835bc84eff2496b2,047569d8cae6404c97d074a86f30e636,126.70487963100219,1,0,0,0,0
a0626e590cd54831903c73100403f44b,047569d8cae6404c97d074a86f30e636,83.49693406634515,38,39,39,30,39
04b4ed0e14ef41f7bfbbf94cb5c75898,047569d8cae6404c97d074a86f30e636,32.626228778729484,133,145,143,130,145
6f82e6834b894945a10d6383fe0de714,047569d8cae6404c97d074a86f30e636,6.226060735732792,1723,1842,1217,1787,1843
da4d6e335f5a4e1c86c71c00f668307e,047569d8cae6404c97d074a86f30e636,38.48881999654417,173,186,185,184,186
14aef072f59b469191cd7e6b634aef98,047569d8cae6404c97d074a86f30e636,43.17106603553091,22,23,23,22,23
38ecde9893f74671bdc8ac0b0340a454,047569d8cae6404c97d074a86f30e636,123.67164387041086,15,15,15,14,15
15b2c7f89b9146ca8416ba6b197286da,047569d8cae6404c97d074a86f30e636,80.9405992810712,21,25,25,23,25
b8f1796c564c4495b3a3ac8a5d6638c3,047569d8cae6404c97d074a86f30e636,54.70844648628435,89,90,90,87,90
235708b855a649c5b320dbbdc2d7aefd,047569d8cae6404c97d074a86f30e636,153.7135311589581,9,9,9,8,9
465606f379da419388e8c630521d37e7,047569d8cae6404c97d074a86f30e636,72.19363366050355,12,16,16,11,16
d1935003279d4e29983b558bd932a7a3,047569d8cae6404c97d074a86f30e636,81.93804915924002,8,8,8,5,8
821add6b049a423488add48395662027,047569d8cae6404c97d074a86f30e636,32.50595181031481,8,9,9,0,8
18dc52ee8d804affabc05452cd1d5477,047569d8cae6404c97d074a86f30e636,58.725682689844376,57,70,69,66,70
4ec4b0c8224a456fb79fce4fb9bc1106,047569d8cae6404c97d074a86f30e636,44.97830653014746,38,44,44,33,44
f192df0477ca4fb6ad83532c489184d2,d6d99b8b342f4683b8d98bb6d9d27c2f,17.80293468843679,4061,5555,4857,5226,5558
e02959053acb4ae99b575d8c1d6c30d4,d6d99b8b342f4683b8d98bb6d9d27c2f,49.03567196419932,35,34,34,28,34
ee948ccd20874c3db625fad4cc5f0d99,d6d99b8b342f4683b8d98bb6d9d27c2f,112.25367778443689,4,4,4,0,4
e7cf094a3f3c46a7a19f45bb5c95d9d4,d6d99b8b342f4683b8d98bb6d9d27c2f,40.82746262917301,18,17,17,14,17
4362107534a74fdea65f87285b8e6a04,d6d99b8b342f4683b8d98bb6d9d27c2f,116.88577821733769,22,22,22,12,22
341a682a3c5a4d539ccc5c6896cb6d17,d6d99b8b342f4683b8d98bb6d9d27c2f,26.404557282904207,100,158,157,94,158
35d0be738da74bfd9237d7af0188a5b1,d6d99b8b342f4683b8d98bb6d9d27c2f,117.3384773727545,2,2,2,2,2
0c1ed64de73e4ad59e7fd240c948167e,d6d99b8b342f4683b8d98bb6d9d27c2f,75.38042641107269,18,21,21,21,21
8096b5e6c2eb47ff81e5f1b6ff66f654,d6d99b8b342f4683b8d98bb6d9d27c2f,45.29314391182754,21,27,27,19,27
3bd0ad4a52354e4da4e9f818e395dab1,d6d99b8b342f4683b8d98bb6d9d27c2f,90.15193341803234,8,8,6,8,8
67b584f8d82b479d81279014c74229f6,d6d99b8b342f4683b8d98bb6d9d27c2f,36.74895679495426,41,45,45,54,46
eaa04d1127a6461eb8a374d514155306,d6d99b8b342f4683b8d98bb6d9d27c2f,42.29457738855691,38,43,43,29,43
0168721fda6b48508732ee478f6ffa38,d6d99b8b342f4683b8d98bb6d9d27c2f,50.396554485384264,25,26,26,26,26
62046a1f0c77485a89e466b3b98197cf,d6d99b8b342f4683b8d98bb6d9d27c2f,63.98592420806553,11,10,10,7,10
b6b121d4fde34a6cb0bdf77b11ad06ae,d6d99b8b342f4683b8d98bb6d9d27c2f,65.85074007180008,7,7,7,6,7
cf07a0d15fd4494099da7499ab9771fe,d6d99b8b342f4683b8d98bb6d9d27c2f,13.051104875116698,258,325,231,395,324
75395366099f43faa0f5748a25b1471a,d6d99b8b342f4683b8d98bb6d9d27c2f,31.113167654156708,109,122,120,118,122
818d08815aa644068fd3b1dbe7777cbc,d6d99b8b342f4683b8d98bb6d9d27c2f,162.25621112856206,1,1,1,0,1
8521baeb635148bba137ec28bc43c0ff,d6d99b8b342f4683b8d98bb6d9d27c2f,72.18849119773995,12,11,11,10,11
81459a7e734d407ca461bc49f5788bab,d6d99b8b342f4683b8d98bb6d9d27c2f,88.55354169146233,46,37,37,19,37
582270cd9767463397dbb2c5ae5044fb,d6d99b8b342f4683b8d98bb6d9d27c2f,107.19302702254863,1,0,0,0,0
8ed3b9ca27944d488113e2e1e239c409,d6d99b8b342f4683b8d98bb6d9d27c2f,88.65930796094385,15,15,15,13,15
0088df0b86404869aaf76e4885a99b2d,d6d99b8b342f4683b8d98bb6d9d27c2f,68.20135831545592,30,29,29,25,29
33da3fac0ffd45a3996b136c29c1d99f,d6d99b8b342f4683b8d98bb6d9d27c2f,120.26599587721013,4,4,4,3,4
c24c0ed9c4414e4d95c02aaa586a8ef8,d6d99b8b342f4683b8d98bb6d9d27c2f,63.31850844266433,2,2,2,2,2
746e9ee28a73470d8072c0282f6a7a23,d6d99b8b342f4683b8d98bb6d9d27c2f,29.86652412681292,93,104,95,16,104
79d9fea7a4734b01a58a4b7d722020d0,d6d99b8b342f4683b8d98bb6d9d27c2f,21.582655609836316,72,84,84,77,84
a68a79ab5d35421fa13423a01271c7f9,d6d99b8b342f4683b8d98bb6d9d27c2f,4.450166413819008,8734,15139,375,15170,15141
21bf5d8550a64d4fb638857523356fe3,d6d99b8b342f4683b8d98bb6d9d27c2f,141.5898510660285,1,1,1,1,1
b503299923af471c8559cf5495a8fffa,d6d99b8b342f4683b8d98bb6d9d27c2f,56.24231119597123,24,26,25,24,26
17fba6d3d9374b2c9eda7fcf733b931e,d6d99b8b342f4683b8d98bb6d9d27c2f,88.45233651847987,28,26,26,4,25
df15c374e3314ab9b5dfb51efd62ff3d,d6d99b8b342f4683b8d98bb6d9d27c2f,98.94264588531075,13,8,8,13,8
fd3ae63488ab44e581abee7a4d7d72a8,d6d99b8b342f4683b8d98bb6d9d27c2f,76.38116285695729,14,14,14,8,14
e2240aab02ac4c5988febf91f3f4b5b4,d6d99b8b342f4683b8d98bb6d9d27c2f,72.4060271288321,141,149,149,86,148
ab53ee3a60ee4be68a073b39223c2aa3,d6d99b8b342f4683b8d98bb6d9d27c2f,100.92700037884828,1,1,1,0,1
23ab31704583450aa3b337a7dc819036,d6d99b8b342f4683b8d98bb6d9d27c2f,46.27685805872409,52,58,52,57,58
beb79794dad149d2a0748204e226b2fb,d6d99b8b342f4683b8d98bb6d9d27c2f,12.704265284667038,132,150,135,42,152
e42906a21f4947e19c5f968b37a9b47d,d6d99b8b342f4683b8d98bb6d9d27c2f,33.090371462463665,97,104,103,100,104
1069b66be1a142888782965d902ef006,d6d99b8b342f4683b8d98bb6d9d27c2f,185.84745512837975,1,1,1,0,1
6da64d99c6ce4330a0375c87b72bd6c7,d6d99b8b342f4683b8d98bb6d9d27c2f,33.00625731084426,194,173,171,127,174
e9e0419ce2834c3e9cbf75f759539b81,d6d99b8b342f4683b8d98bb6d9d27c2f,23.61723241419672,1307,1462,1452,1435,1461
28cecbf114c640438e362f4c81360780,d6d99b8b342f4683b8d98bb6d9d27c2f,18.76460837124148,252,381,370,350,383
d445c4e93e2a4ca7bb5c9ee516fad94c,d6d99b8b342f4683b8d98bb6d9d27c2f,5.460146094181117,286,328,257,98,328
e582dd98abdb4b529f625693d6270028,d6d99b8b342f4683b8d98bb6d9d27c2f,17.796886652078058,327,476,429,334,479
833fddf4e2a54d1f940b3dbec4277d2b,d6d99b8b342f4683b8d98bb6d9d27c2f,37.15639153610456,65,70,70,70,70
c971157005184eaf9e95f148d87de2be,d6d99b8b342f4683b8d98bb6d9d27c2f,101.46720514486996,4,4,4,4,4
d5bb5d5a535d4f6a949197c79e4e1f70,d6d99b8b342f4683b8d98bb6d9d27c2f,30.47189694513692,117,148,148,88,145
d8696b63cda142c9abe1be77d8f0ca2a,d6d99b8b342f4683b8d98bb6d9d27c2f,114.51386647090996,3,3,3,1,3
6090a89811a9480ba273f65a373d2da0,d6d99b8b342f4683b8d98bb6d9d27c2f,139.28762249685292,18,16,16,12,16
80a2cf8735194c679278146e1a5ee8c3,d6d99b8b342f4683b8d98bb6d9d27c2f,15.64244555985877,224,250,215,278,250
39bdb18cc2ea431eb85f7482bbce1312,d6d99b8b342f4683b8d98bb6d9d27c2f,30.27701170713787,601,713,698,701,713
c940060bc4334903b092027d933021fd,d6d99b8b342f4683b8d98bb6d9d27c2f,94.35951463777101,1,1,1,0,1
e5c2b656d7a947a4a79ad7f78196b9c8,d6d99b8b342f4683b8d98bb6d9d27c2f,35.537107127372664,98,108,103,105,108
a8e89e537e7f498bbac5f1e4c7eb7df0,d6d99b8b342f4683b8d98bb6d9d27c2f,50.93869639610005,46,45,45,35,45
a74e61b54751400d94fa2056a70ac336,d6d99b8b342f4683b8d98bb6d9d27c2f,50.024761424463875,39,44,43,33,44
2db624098a154855b43ecc64364fd512,d6d99b8b342f4683b8d98bb6d9d27c2f,66.50016238227823,218,225,225,168,225
f6e8ac135fb04c3a9b0ce3886a1b7913,d6d99b8b342f4683b8d98bb6d9d27c2f,124.44916877941924,18,21,21,21,21
39f772a3573745eba5449cdf0cf12279,d6d99b8b342f4683b8d98bb6d9d27c2f,15.594289328545884,154,170,149,162,170
82cb23cc6d3947a7b7ace90ca2599f1c,d6d99b8b342f4683b8d98bb6d9d27c2f,25.67521079019855,1876,2175,2156,2169,2175
e06a7becd3d74532b2c0c04351ae72db,d6d99b8b342f4683b8d98bb6d9d27c2f,92.86226689353845,2,2,2,0,2
cdfabb08b8f4496b815b7e3b94162f5b,d6d99b8b342f4683b8d98bb6d9d27c2f,37.41234412653699,127,121,116,120,121
85d1c6a588d643a290f53f500cc955bd,d6d99b8b342f4683b8d98bb6d9d27c2f,99.35177058399073,5,5,5,5,5
ca9fecd8b4a04af2a4aa9482b003195a,d6d99b8b342f4683b8d98bb6d9d27c2f,22.224194059234964,272,379,349,379,379
b88e422dcbc04f9aabaafa53fb7c5fe8,d6d99b8b342f4683b8d98bb6d9d27c2f,103.70035528256918,2,2,2,2,2
512d15c050684dcc9e632459a630e395,d6d99b8b342f4683b8d98bb6d9d27c2f,71.01484875238677,2,0,0,0,0
048d94ec49304798b1359985caa3b445,d6d99b8b342f4683b8d98bb6d9d27c2f,100.85742627382875,16,17,17,5,17
51efae85db7c4f80807642c4fdc3a0b8,d6d99b8b342f4683b8d98bb6d9d27c2f,71.49856460221088,113,114,114,97,114
6313dcbecc4b4f8c9a2380d89792280e,d6d99b8b342f4683b8d98bb6d9d27c2f,30.976646027213086,120,136,136,133,136
9ee5967874c24d7e83168b1a006c3a9e,d6d99b8b342f4683b8d98bb6d9d27c2f,44.34803137558087,218,236,234,191,236
bc6f1538c1db4fe38399a48e37ee73f8,d6d99b8b342f4683b8d98bb6d9d27c2f,71.57683223074889,115,118,118,112,118
5d0aa0637e174f78b15e08f02f2f5b55,d6d99b8b342f4683b8d98bb6d9d27c2f,50.67137389204138,6,8,8,7,8
acca4a83fb1f46519db64beea3d0c80d,d6d99b8b342f4683b8d98bb6d9d27c2f,41.770562369882775,54,64,62,60,64
4662474a4c5a4af5a5baf7554be12510,d6d99b8b342f4683b8d98bb6d9d27c2f,105.3752502227338,2,2,2,2,2
3eea5f6f82aa47fa84c482158e627db0,d6d99b8b342f4683b8d98bb6d9d27c2f,117.0081428509271,9,12,12,8,12
0ab46adee862461ebc40ca2429c7e0b0,d6d99b8b342f4683b8d98bb6d9d27c2f,105.32102437831115,2,2,2,1,2
744c10d5be9e466997da738ef375829b,d6d99b8b342f4683b8d98bb6d9d27c2f,63.01609800742772,15,22,22,13,22
dad447c008714d8f927a73eabacf9ade,d6d99b8b342f4683b8d98bb6d9d27c2f,64.71477486420955,27,32,32,29,32
4a2dfd5d218a4ba289689c87ba629f0d,d6d99b8b342f4683b8d98bb6d9d27c2f,44.6061501261434,67,69,69,61,69
0bb5d24565ed4c0e945c738e561215ec,d6d99b8b342f4683b8d98bb6d9d27c2f,15.873927407114703,107,119,106,112,119
aa38807fefce49a987e2f2e06976a803,d6d99b8b342f4683b8d98bb6d9d27c2f,88.09206608186174,13,16,16,1,16
35fbeeba800041f69c2c5bc10db42933,d6d99b8b342f4683b8d98bb6d9d27c2f,114.32067772673001,98,114,114,106,114
0f98ad9a6d2b479098afa22d6358d942,d6d99b8b342f4683b8d98bb6d9d27c2f,103.69659482825092,3,3,3,1,3
55eadb862bbd48c1b4cc7ae61f3e4088,d6d99b8b342f4683b8d98bb6d9d27c2f,22.591862560659987,95,110,98,40,110
7cef90135d6e4f319fa5057ec959a375,d6d99b8b342f4683b8d98bb6d9d27c2f,111.02288829004031,4,4,4,3,4
155a2ed0eac24c2bbbc1d75a9091f899,d6d99b8b342f4683b8d98bb6d9d27c2f,37.30863991467651,248,247,246,184,247
38368e4155784b8e8037649212bbb02e,d6d99b8b342f4683b8d98bb6d9d27c2f,5.633605269541722,1138,1607,1047,1535,1610
261441c3140342a3814b6240064f2c5a,d6d99b8b342f4683b8d98bb6d9d27c2f,63.216664902510786,29,31,31,23,31
7410f47954ff400d9282a0b390a272e8,d6d99b8b342f4683b8d98bb6d9d27c2f,147.87898451222867,18,40,38,38,40
9ffb36f608e44875884713ed701dbfa7,d6d99b8b342f4683b8d98bb6d9d27c2f,95.84061529656373,3,3,3,2,3
2f963f93c53b4e3d9a76eca3f7da6d5a,d6d99b8b342f4683b8d98bb6d9d27c2f,135.93869014475644,15,17,17,15,16
fcc2630c6f514b14bcffde47a9ef72b9,d6d99b8b342f4683b8d98bb6d9d27c2f,46.81300094297725,20,25,25,28,25
4a173006b2da4beaa9432239169dd03c,d6d99b8b342f4683b8d98bb6d9d27c2f,116.7579082929496,2,3,3,4,3
7a94954a7e1f4f33aefb8e1cbb2cb129,d6d99b8b342f4683b8d98bb6d9d27c2f,13.640315098376165,68,81,61,76,80
83e7aae0622949f397d70fc5f485254c,d6d99b8b342f4683b8d98bb6d9d27c2f,80.49513552432262,8,6,6,6,6
8bf925ea6dd5462f9eece6a4067b95f3,d6d99b8b342f4683b8d98bb6d9d27c2f,51.76181740497934,27,28,28,26,29
f41b45819c5c4998b8080f0f8a9e0d51,d6d99b8b342f4683b8d98bb6d9d27c2f,54.97839814736238,57,51,50,41,52
bb12bd6507d84fe6971b0e63aa92c329,d6d99b8b342f4683b8d98bb6d9d27c2f,16.678841765455623,433,599,513,535,598
a2ea3abe26024c78923295c54af5f561,d6d99b8b342f4683b8d98bb6d9d27c2f,23.94829055747692,315,472,454,446,472
25c57386a2a546c1af5c5c2f3602a074,d6d99b8b342f4683b8d98bb6d9d27c2f,121.36688823958329,70,76,74,70,76
93ac8df00b7e47e98e868b7407a6dccd,d6d99b8b342f4683b8d98bb6d9d27c2f,94.41588088541005,18,18,18,15,18
fc8904661a3d485d9218cb99c9cec2f2,d6d99b8b342f4683b8d98bb6d9d27c2f,102.37343407792507,6,4,4,4,4
e725ebdc5b044f8588ec88c2846bd144,d6d99b8b342f4683b8d98bb6d9d27c2f,102.88223585440869,18,18,18,11,18
bd0769695f9c4e938a341f4acd234818,d6d99b8b342f4683b8d98bb6d9d27c2f,38.00598346396427,72,75,75,57,75
74b820cee2f9477192827ea45bf1aa41,d6d99b8b342f4683b8d98bb6d9d27c2f,31.304368164280557,188,185,184,139,185
fcfceac0fca341569d835ab2f733828d,d6d99b8b342f4683b8d98bb6d9d27c2f,126.47165841954214,1,1,1,1,1
5a7160831bc041ca90a9b83834582269,d6d99b8b342f4683b8d98bb6d9d27c2f,42.61437178309627,56,53,53,35,53
8a2bb0481b144a3787a0aac328d87115,d6d99b8b342f4683b8d98bb6d9d27c2f,63.09997730110496,13,11,11,11,11
5a8caf2c2a3f4875b76e558f632d62a2,d6d99b8b342f4683b8d98bb6d9d27c2f,72.90680677675284,12,11,11,9,11
996113d6948c4779921e52aeaf830ea9,d6d99b8b342f4683b8d98bb6d9d27c2f,40.54220320431894,165,168,167,99,168
0ec1c24e2eb94fa48d4f3281a6afe59a,d6d99b8b342f4683b8d98bb6d9d27c2f,64.84509578451569,11,11,10,14,11
398f794b937c45c08d21465af986ace1,d6d99b8b342f4683b8d98bb6d9d27c2f,101.21738394570804,6,6,6,3,6
3452b20820cc4292bfa2ba92824f7380,d6d99b8b342f4683b8d98bb6d9d27c2f,56.576009159751216,7,9,9,0,9
be3b7300de70494fad035d3bc1f43085,d6d99b8b342f4683b8d98bb6d9d27c2f,21.1076811759452,1151,1266,1154,1231,1266
a63985d841204f92a07960585027c4e1,d6d99b8b342f4683b8d98bb6d9d27c2f,21.47794701183339,116,158,154,102,158
31944198bc804271b1eb628cc0cc66e4,7794802fda86401d8d0a7935731f18a8,19.10295571384737,3785,4937,4471,4910,4937
da8a2ba2d28b458793858d7549eca4b9,7794802fda86401d8d0a7935731f18a8,72.38277117764386,38,32,32,11,32
b329cce3400e44bbaacf754381a85950,7794802fda86401d8d0a7935731f18a8,49.54207399831263,68,58,58,23,58
6f97da3e81d443ab814dd144aef2392d,7794802fda86401d8d0a7935731f18a8,141.08264697672377,16,15,15,12,14
a32da38ab0d74847ba24b52814a2e211,7794802fda86401d8d0a7935731f18a8,33.229441124293885,86,97,96,17,97
1b42f7358a2e490fbd6f0e5ef5f0d22a,7794802fda86401d8d0a7935731f18a8,149.8093878648809,2,2,2,2,2
8aca139ccfa542ca963fa183f9453062,7794802fda86401d8d0a7935731f18a8,92.41743171801305,5,5,5,5,5
e084957af94c429596995733ba38c8fa,7794802fda86401d8d0a7935731f18a8,55.38096140003725,7,8,8,0,8
0c17830b77324badadda20aae9706cd9,7794802fda86401d8d0a7935731f18a8,128.0609475906422,2,2,2,2,2
8e4d94ff3a7045c5b48929dbd404a096,7794802fda86401d8d0a7935731f18a8,53.36117772187745,25,24,24,23,24
e805a1deb25f462c8a2bf760fdb8a36f,7794802fda86401d8d0a7935731f18a8,73.5141084578448,19,19,19,14,19
d32f7bf79cf844fd9d2f1fee9b0e9125,7794802fda86401d8d0a7935731f18a8,106.10024727087507,7,7,7,7,7
bce83dde52d64f0596ca3babd66783f8,7794802fda86401d8d0a7935731f18a8,65.70566741508468,16,7,7,7,7
193569fea25948f28ad0ab146f0461b8,7794802fda86401d8d0a7935731f18a8,43.13662301903451,9,9,9,2,9
c4a82523dc2644b497e4840bb21492b8,7794802fda86401d8d0a7935731f18a8,59.1862241486691,31,31,31,22,31
f024aada3b9a4aa49a8a033f1b4f8635,7794802fda86401d8d0a7935731f18a8,84.02757840502866,6,6,6,2,6
8e8642b81ce044d6b26a4714d6941ae7,7794802fda86401d8d0a7935731f18a8,36.41570206834421,36,56,50,26,57
60be0121d1844d7096b09192736aa443,7794802fda86401d8d0a7935731f18a8,122.22578545026094,7,7,7,3,7
1e90a2cc9cc44ee9878f8466116babef,7794802fda86401d8d0a7935731f18a8,100.47569118854884,2,2,2,1,2
bcd05328af3f4056b91a59d31dd66d8a,7794802fda86401d8d0a7935731f18a8,81.31891825628452,4,4,4,1,4
ac78431d99fa4ff6a4d70a40a4ba5d0d,7794802fda86401d8d0a7935731f18a8,93.48756193346763,3,3,3,3,3
5f9d67d6e8974fae883799496d1c2157,7794802fda86401d8d0a7935731f18a8,63.51730376941882,28,33,33,0,33
ff128bc4b2a0405a9f9a79404e0661ac,7794802fda86401d8d0a7935731f18a8,57.33236163845992,34,35,35,14,35
9b87f76072d941d08088ebbd363236fb,7794802fda86401d8d0a7935731f18a8,142.51065653197838,6,6,6,6,6
0e9988e9a08f446987d751baf3523f57,7794802fda86401d8d0a7935731f18a8,4.474311158246578,9613,17875,416,17876,17875
d8d3cc66ca3c4b579283925c15ae982d,7794802fda86401d8d0a7935731f18a8,70.81085758575101,37,39,39,15,39
e89b2ec2e62942d09ea055d96fabd331,7794802fda86401d8d0a7935731f18a8,124.28962467912518,6,6,6,2,6
ddd0a39eabfe4f4ebd86f6e6f44f8a34,7794802fda86401d8d0a7935731f18a8,118.6548030747242,6,5,5,5,5
0c5254948e624f87807b44452309c881,7794802fda86401d8d0a7935731f18a8,140.71305869973315,1,1,1,1,1
4c9464b7b23143df976659e43b2c57c9,7794802fda86401d8d0a7935731f18a8,71.89931886690624,18,18,18,7,18
7144949d353941029efe7e952b088f4d,7794802fda86401d8d0a7935731f18a8,88.36877675832449,78,92,85,83,93
af3e43dae79040e0a5f0966f482dbb39,7794802fda86401d8d0a7935731f18a8,58.60174297423115,13,14,14,14,13
75c1db61461d48d593ac7437f07fa875,7794802fda86401d8d0a7935731f18a8,67.1282222649991,1,0,0,0,0
76c77993af214fde81e1b78e1bdd802d,7794802fda86401d8d0a7935731f18a8,61.71027386972192,38,39,39,33,39
20a9c492ade24628847774b7b73e0e79,7794802fda86401d8d0a7935731f18a8,161.11747585246863,1,1,1,1,1
936f75fb923644b7a2de4112735a2811,7794802fda86401d8d0a7935731f18a8,46.08833619714403,30,33,33,3,33
4def3a9c4c024a08b297dafd593aeb92,7794802fda86401d8d0a7935731f18a8,63.2019785376705,30,32,32,21,32
cd52192e063f4c428a1343d7af4da7cc,7794802fda86401d8d0a7935731f18a8,43.956099727094795,68,71,69,29,71
f6d25cacb56b452c9248949a44a57707,7794802fda86401d8d0a7935731f18a8,14.411653505453003,553,563,533,455,563
7e33933ecda3411583fe4c8fb0cc1f41,7794802fda86401d8d0a7935731f18a8,34.236021530364354,19,21,21,12,21
a89a60df0cd84e11a62d58fd6a84e12b,7794802fda86401d8d0a7935731f18a8,40.167961217116314,39,46,46,4,47
eef6387b0fae40c2abc8bb5b06b44f4f,7794802fda86401d8d0a7935731f18a8,25.5113435559866,68,93,85,6,92
9b706bd5138647dcba5973d6eabd5a58,7794802fda86401d8d0a7935731f18a8,109.45727723601064,1,1,1,0,1
538e3f2b30ce4553bed2e19b1463ede1,7794802fda86401d8d0a7935731f18a8,140.1579637120746,1,1,1,0,1
d013da562a134789a69ac544bcef0a26,7794802fda86401d8d0a7935731f18a8,53.477120398275524,25,25,25,25,25
77507d4504de47bbb93607795443a600,7794802fda86401d8d0a7935731f18a8,38.60972957659813,53,57,57,18,57
5df5bd67fb854bda9f516f41624aad77,7794802fda86401d8d0a7935731f18a8,145.85815886281912,2,2,2,1,2
f29e1c1360f040d4ba11ce5fc1fc6b7e,7794802fda86401d8d0a7935731f18a8,103.80177049615544,26,27,27,21,28
9eff0af9876b4b37a314724398c06fd8,7794802fda86401d8d0a7935731f18a8,42.552654450465816,6,3,3,4,3
798ec3f1426e44d3902ce596f67b3944,7794802fda86401d8d0a7935731f18a8,8.758824094661074,1723,1872,1312,1668,1872
b9cfb87c07b04e8baee63307bfc61bb6,7794802fda86401d8d0a7935731f18a8,58.31263946709017,44,46,46,46,46
ea75e7c954c94030a83486555f4fab8f,7794802fda86401d8d0a7935731f18a8,77.6474593519003,12,12,12,0,12
3838261cea364a35a6f7d4eb9f18d029,7794802fda86401d8d0a7935731f18a8,78.93267232125167,7,8,8,2,8
14e54e20b16f42af9deea46954bda553,7794802fda86401d8d0a7935731f18a8,148.60881022879633,5,6,6,5,6
6836e7c1288c42ee9332fb8882340c0f,7794802fda86401d8d0a7935731f18a8,41.903289893502674,2,2,2,3,2
76e9e460448b45549bc657be30f69ae8,7794802fda86401d8d0a7935731f18a8,17.129659713593792,357,372,366,231,372
76df9a82479443c0a53da30d8810c75d,7794802fda86401d8d0a7935731f18a8,123.42471350661351,2,0,0,0,0
9dfc3dc7e10d41cab5e2fa3ca7746d0b,7794802fda86401d8d0a7935731f18a8,60.70309894525546,34,26,26,8,26
40e2f0f450704f939269de9fcddc941b,7794802fda86401d8d0a7935731f18a8,23.565051490722308,230,333,308,342,333
5809103447534fbb836469c1f8c62cc1,7794802fda86401d8d0a7935731f18a8,141.6612746978781,2,2,2,1,2
0498ee4f665e42d5ad6d4381c8d70a51,7794802fda86401d8d0a7935731f18a8,53.593806327131574,60,68,68,30,68
d832a71b5b14482f9450bfc4d0be0193,7794802fda86401d8d0a7935731f18a8,70.93910458547666,92,102,102,74,102
07e7718acffe4812b18c9751c6001aaf,7794802fda86401d8d0a7935731f18a8,56.73284947378931,21,25,25,18,25
61f2550891f74bd4b868d3aecbdfd030,7794802fda86401d8d0a7935731f18a8,98.21527174374806,4,7,7,0,7
2f6cdbfda47a4297810d7ed3322dec1d,7794802fda86401d8d0a7935731f18a8,80.07095999457623,13,14,14,12,14
e9c6329d8a5f4d46811e594c3007845c,7794802fda86401d8d0a7935731f18a8,70.81270486613157,50,50,50,9,50
9ab0743a46ce4d45bfc31c7d9bccc369,7794802fda86401d8d0a7935731f18a8,41.44545960122738,12,12,12,33,12
d6a4ea60d47e4d5c98559f149a398346,7794802fda86401d8d0a7935731f18a8,64.66361537184234,16,17,17,17,17
5d14efea11794308ab37f178b1aa40f5,7794802fda86401d8d0a7935731f18a8,79.07911133905658,160,193,193,187,193
86281ceb7ee6445ba180ec9b33244ee0,7794802fda86401d8d0a7935731f18a8,137.04451244686484,3,3,3,1,3
ad557dee409941c6a75c6b7d6ef64670,7794802fda86401d8d0a7935731f18a8,47.236528396663566,1,1,0,0,1
5f09b7d07cd840fdb7f4921be32246ca,7794802fda86401d8d0a7935731f18a8,62.469990687079644,50,53,53,19,53
391738037785476b82e756229951a880,7794802fda86401d8d0a7935731f18a8,31.895005998819375,31,34,34,25,34
7297bdf15d7540f6adabe2eb702edd58,7794802fda86401d8d0a7935731f18a8,77.6419450942376,11,12,12,8,12
b79dc88446d14e1fa2b42f2daef70026,7794802fda86401d8d0a7935731f18a8,111.98635478421872,42,56,52,53,56
6ad34eba411b4c8dba1ded4f5de979ac,7794802fda86401d8d0a7935731f18a8,129.79618420475146,9,9,9,4,9
b4c45ab6e8f04bfc9a9f0f1ac8116b26,7794802fda86401d8d0a7935731f18a8,157.91270550978524,12,11,11,9,11
27b47908e5bc4fedb8da8b3563b2bc0c,7794802fda86401d8d0a7935731f18a8,19.395101711588072,305,447,430,331,445
997e0ae3fe5a49da95405797923d2820,7794802fda86401d8d0a7935731f18a8,104.24095553583639,11,10,10,10,10
9baea6fb4c3746c69cfda5763451e08c,7794802fda86401d8d0a7935731f18a8,80.9180240518818,11,14,14,13,14
0567e042a9f549bc86ce91832e7955ca,7794802fda86401d8d0a7935731f18a8,33.454209854370596,13,14,14,0,14
5ae163105f264e439113e2590d6f4d1a,7794802fda86401d8d0a7935731f18a8,60.42248111419747,13,16,16,4,16
b0dd8dddfc5846fa926470c9470ef34a,7794802fda86401d8d0a7935731f18a8,21.939617884143107,104,117,103,52,117
8914a1fd09ce4e8d836eb70f72a6bde3,7794802fda86401d8d0a7935731f18a8,12.972915266013029,207,229,207,63,229
b87baf65ac4947bcb3cbcc2fefd68fd0,7794802fda86401d8d0a7935731f18a8,142.41818316923755,47,54,50,31,54
5e0d59a78f474412bec96ebe683d666a,7794802fda86401d8d0a7935731f18a8,91.66044434675767,16,13,13,8,13
164399ac14f04499bbf8f78acb0a5bb1,7794802fda86401d8d0a7935731f18a8,70.15447518272616,20,15,15,15,15
457c851be54a444da6c07d1f6b688e03,7794802fda86401d8d0a7935731f18a8,133.63707777410792,9,9,9,4,9
b1e0ca7398b64ccda972e9f965b8d44c,7794802fda86401d8d0a7935731f18a8,64.54642115495022,6,7,7,5,7
f8217882e60d401ab2646195beb74ad0,7794802fda86401d8d0a7935731f18a8,54.084697450633165,64,57,57,36,57
aede4aba3d2e44339f692ecc131bcf31,7794802fda86401d8d0a7935731f18a8,67.38671748415818,9,9,9,9,9
a583201a9f834899b216151f89455746,7794802fda86401d8d0a7935731f18a8,93.2341315912059,5,4,4,4,4
a3a763f5ffdb40d8b7d593e82bd783ba,7794802fda86401d8d0a7935731f18a8,70.15144538329812,32,33,33,9,33
7430e170734f4e2f95df4e3ae9d22704,7794802fda86401d8d0a7935731f18a8,70.95060530510762,13,15,15,10,15
8c2adf1aaa354811baf8c405550bb440,7794802fda86401d8d0a7935731f18a8,131.58351428969715,1,1,1,0,1
fd23d7017dad45e8aa570a6155dab9a9,7794802fda86401d8d0a7935731f18a8,91.69206439028012,4,4,3,0,4
fc41d14cb20c4aaebf51187cadd7b7b7,7794802fda86401d8d0a7935731f18a8,15.142585468667155,483,511,480,218,511
1203417cde94409a9ae935f7fe7ebe59,5ba8f82a2e3a4160b9e1243aafb78712,46.52531709525945,39,45,44,44,45
ed9e0a2455a0487fbd224745c568f54b,5ba8f82a2e3a4160b9e1243aafb78712,14.657310364312416,30541,41498,37820,41499,41498
1736b9a517a949439b11b6c8af90fd77,5ba8f82a2e3a4160b9e1243aafb78712,18.227072126412256,2905,3874,3324,3874,3874
a122035545794f0cbff7606236c0fd04,5ba8f82a2e3a4160b9e1243aafb78712,45.88226686475149,47,45,45,45,45
6bd2a4810e9540bc8e872ddeb4b8175f,5ba8f82a2e3a4160b9e1243aafb78712,37.59926835263079,969,1046,1046,1046,1046
db15967f4f6440f1889115b3ad95f0fc,5ba8f82a2e3a4160b9e1243aafb78712,9.805217887236081,23456,24703,14149,24704,24703
7d9293cdda38443eb98b3601176f24fb,5ba8f82a2e3a4160b9e1243aafb78712,46.782388607925256,9,9,9,9,9
46fc6dfbacf647dfb60ddb8b93eee85a,5ba8f82a2e3a4160b9e1243aafb78712,46.67269254762375,55,56,53,56,56
424fc3c3a60c4b229286ffcbf57a15d5,5ba8f82a2e3a4160b9e1243aafb78712,4.4219298704801036,4360,7578,541,7579,7578
c9d845f6f71b409cbed37ea6b68730fa,5ba8f82a2e3a4160b9e1243aafb78712,24.935016936533074,127,148,141,148,148
4c604ab8d7d14d00a0cf7f6972fa4c9e,5ba8f82a2e3a4160b9e1243aafb78712,39.54269890792682,3381,3890,3870,3890,3890
5057b5c3ddd348e48094f6857e60c82f,5ba8f82a2e3a4160b9e1243aafb78712,9.630538588976881,11996,13188,11134,13188,13188
172780e8f495454eaf12f90d87d5d061,5ba8f82a2e3a4160b9e1243aafb78712,38.87016524476433,23,121,117,121,121
67acb5045e9b45c095302c0ef74f0d68,5ba8f82a2e3a4160b9e1243aafb78712,25.100670994926922,105,204,197,204,204
f6448afc155b437e8fc958e25ccaa033,5ba8f82a2e3a4160b9e1243aafb78712,190.96023400179072,10,11,11,11,11
12783121e0ae4cf9aefc53b0f13cc2ff,5ba8f82a2e3a4160b9e1243aafb78712,43.830663039744984,103,107,105,107,107
c5aa9dda007e4c1f8929107838ab2700,6fc67d6877724bbea6efa6d09a5f97d6,44.50109353151332,79,98,96,98,98
d73b8fb4cb1e4adca27e31a7349f2648,6fc67d6877724bbea6efa6d09a5f97d6,14.674600640104345,30503,41530,37828,41529,41530
41f793cd94da48c8a00a2848302b1310,6fc67d6877724bbea6efa6d09a5f97d6,18.20659776245941,3607,4126,3707,4126,4126
f9b6221befb3441dbed910a27619445a,6fc67d6877724bbea6efa6d09a5f97d6,42.39264575138302,111,129,127,129,129
bfdd0e04ede44768abac9eb1d54a0f9d,6fc67d6877724bbea6efa6d09a5f97d6,37.633461865127295,910,991,991,967,989
d9e2090934e24e039fea3cef4a887e19,6fc67d6877724bbea6efa6d09a5f97d6,9.656167264121768,23482,24813,14307,24813,24814
b16e2059181e4204a46a9c5cbe1314d2,6fc67d6877724bbea6efa6d09a5f97d6,46.73538755664434,8,0,0,0,0
78ebb4ad20aa43d3b3f830a3a6fdf5a5,6fc67d6877724bbea6efa6d09a5f97d6,44.23241933478534,90,114,111,114,114
3de5e64ff9d84806a6eadb872dc02147,6fc67d6877724bbea6efa6d09a5f97d6,4.716352337946357,4360,7261,566,7261,7260
b1e7d17592d34526a59ddf9a1743e7ec,6fc67d6877724bbea6efa6d09a5f97d6,28.040741154968398,167,224,219,224,224
5f99109fc3d6419ca6f88f4790a12ff3,6fc67d6877724bbea6efa6d09a5f97d6,39.64163392545868,3338,3864,3842,3864,3864
388d51ca93494118abf68955bf34d8ec,6fc67d6877724bbea6efa6d09a5f97d6,9.605287731339038,12005,13203,11153,13201,13203
8337a4761f524d8e8a063e7e090840b7,6fc67d6877724bbea6efa6d09a5f97d6,38.85319715330167,72,113,108,113,113
62cafa41462d4c0aa64267f0bb235eb9,6fc67d6877724bbea6efa6d09a5f97d6,25.090025534813048,1250,1826,1810,1826,1826
932c577eb50b44bfaca67e478d856228,6fc67d6877724bbea6efa6d09a5f97d6,142.30397449492725,39,40,39,40,40
1130c8db8b5d43e7b468783e603d4fed,6fc67d6877724bbea6efa6d09a5f97d6,43.828337671535245,237,271,269,271,271
1fe106d828174a26a008775b973c697d,9aaeea7462be41baacf3ceb9126136e7,39.01177497650649,45,50,50,49,50
1f355b41f5914e0489e23fb387f12ec6,9aaeea7462be41baacf3ceb9126136e7,14.650869628204646,30631,41578,37897,41578,41578
4c47e159f3784c219274ca11e305025a,9aaeea7462be41baacf3ceb9126136e7,18.293558084834824,3596,4117,3663,4121,4117
c839222894a544c297e470332128059b,9aaeea7462be41baacf3ceb9126136e7,35.7794521861643,149,196,189,196,196
5e1685463a6d449d9cebac994367df3a,9aaeea7462be41baacf3ceb9126136e7,37.63028736538974,940,1018,1018,1018,1018
e35460d743304c1fa6b03d8ef2ddf67c,9aaeea7462be41baacf3ceb9126136e7,9.513885266445216,23442,24779,14250,24778,24778
411928dc4e4c4c88a18d3e707a9b6024,9aaeea7462be41baacf3ceb9126136e7,46.787562863505144,6,6,6,6,6
92188573a8ba4e52a4f647d4a43e3e42,9aaeea7462be41baacf3ceb9126136e7,38.601641861342365,122,160,153,162,160
8904a685690c48d88dfa6a7f8cb5891a,9aaeea7462be41baacf3ceb9126136e7,4.539267701941649,4593,7649,563,7649,7649
22650a284c3649308f06e983ce125d98,9aaeea7462be41baacf3ceb9126136e7,27.315992258169885,72,94,83,94,94
441693c1f340460c96bf8735ae75aeb9,9aaeea7462be41baacf3ceb9126136e7,39.6899579271503,3324,3855,3838,3860,3855
14ed5df38d8f4f8b8a7c148cd750caef,9aaeea7462be41baacf3ceb9126136e7,9.576813018815432,12039,13234,11190,13236,13234
76f4fba0363b48b2bf1c9cb9df92c9be,9aaeea7462be41baacf3ceb9126136e7,38.85128473913471,93,118,113,118,119
35cf2e608f8644f6a29007f8da504003,9aaeea7462be41baacf3ceb9126136e7,25.203828176781258,2158,2974,2782,2974,2974
389ae06bb6e6497c9b30ccc7f87fce64,9aaeea7462be41baacf3ceb9126136e7,95.0675245579102,114,122,121,121,122
16e54a80c8404354a17ab26e5c544842,9aaeea7462be41baacf3ceb9126136e7,43.80249133266278,203,236,234,235,236
487c9a55cd764087a92f94a638c7301f,728fb789245746ae9c5979f49181de0a,14.059522073866049,634,659,649,591,660
600723418ed34757beca45136d018d6f,728fb789245746ae9c5979f49181de0a,126.38546270467153,4,4,4,4,4
061316b5e76a4c97aa8a315fd12acb7e,728fb789245746ae9c5979f49181de0a,13.139524873935464,3151,3612,3231,3610,3613
ef44bcbb6db2475daee12c221ebaf8b1,728fb789245746ae9c5979f49181de0a,115.88930930399177,7,4,4,2,4
099a48175e194447bdc09316e8996f18,728fb789245746ae9c5979f49181de0a,187.1446576012417,5,4,4,5,3
5a52729e3bcc4d048004c60d83fdc8da,728fb789245746ae9c5979f49181de0a,85.87558229451638,65,75,75,76,75
8e7f0e5c392c4b32ae2c2207165bea25,728fb789245746ae9c5979f49181de0a,140.25379150828434,5,3,3,4,3
2cc2b407507549cba4e317180c3bfba4,728fb789245746ae9c5979f49181de0a,106.58754659166758,29,36,36,35,36
312324d13a194459b1f7193aa43dcce2,728fb789245746ae9c5979f49181de0a,65.02899731586464,123,143,143,146,143
935c48c6a3a740529e97c77caa8ef147,728fb789245746ae9c5979f49181de0a,4.851727787148224,7658,12874,474,12584,12876
5bac09badcd44a05a46fd9fe89c015a4,728fb789245746ae9c5979f49181de0a,152.60114749716547,2,2,2,0,2
23c60a2d17db4b4eb40018449fba9390,728fb789245746ae9c5979f49181de0a,53.153584498004776,54,53,51,42,54
4690d417b0964cba875554f1ffb3520f,728fb789245746ae9c5979f49181de0a,68.12403774222958,449,486,485,500,488
06e7ec8228454c66bcde01bd3f83c4b6,728fb789245746ae9c5979f49181de0a,64.4843577023857,39,40,40,40,42
3649925d4e324b53847dd107dd0dcb00,728fb789245746ae9c5979f49181de0a,166.86882350825184,12,10,10,9,10
e01cc6593cbe4561aadb84795a0534cd,728fb789245746ae9c5979f49181de0a,39.14870816755111,1432,1973,1842,1959,1974
5350961841a34d1795af27d913b139f6,728fb789245746ae9c5979f49181de0a,43.94564102378219,116,137,137,137,137
be0247b2535c4f5185dc8d4a1157301a,728fb789245746ae9c5979f49181de0a,117.32340015060939,19,19,19,18,17
f4196b8e515e40b3a818c65e95345b3a,728fb789245746ae9c5979f49181de0a,51.87316429401252,191,209,209,210,209
8b9316ede11a4e55a86452ff91499e29,728fb789245746ae9c5979f49181de0a,130.40302539627945,8,8,8,4,8
38f8cbab24854229b6950743ba56286f,728fb789245746ae9c5979f49181de0a,107.50131588789982,4,3,3,3,3
840c40088f2446fd8925101c16cb33ea,728fb789245746ae9c5979f49181de0a,63.58151277316016,8,10,9,10,10
e920de7fc3074af5ab09cfaf7986fce1,728fb789245746ae9c5979f49181de0a,39.60887847643345,268,311,308,309,311
7a123d8b8839490eb72ab5a0d6b3dabd,728fb789245746ae9c5979f49181de0a,72.82796739106692,19,19,19,6,19
2756811e9e3f4d149246206fb3e0699d,728fb789245746ae9c5979f49181de0a,36.25112177646301,65,69,69,71,69
df43d270518448e483e6b267367b84e3,728fb789245746ae9c5979f49181de0a,80.47485361955908,16,13,13,6,13
78f5f94537224349b0019e3d0f194c6b,728fb789245746ae9c5979f49181de0a,187.19583377107026,2,2,2,2,2
cce11a0a45514132bc79ac4561d372d5,728fb789245746ae9c5979f49181de0a,44.11800667403087,154,158,156,100,159
2b9a525abc464684b44a353518b4a328,728fb789245746ae9c5979f49181de0a,119.9962674572799,5,9,9,9,9
8ca9b011ea784319b363eeef9b3fab8d,728fb789245746ae9c5979f49181de0a,5.007570044652215,3827,3870,1221,3836,3868
167543058db0404db9df801a4be4c3a3,728fb789245746ae9c5979f49181de0a,53.04105890913277,100,116,116,119,115
d33b5d900f5244f5a413ce59be1caa76,728fb789245746ae9c5979f49181de0a,105.45449486408269,19,20,20,21,19
87ac85e5212f4a1e8189670d917322fd,728fb789245746ae9c5979f49181de0a,49.36646942220605,638,674,671,604,674
da7b47295f084c0ab76fcd2ef8f5e739,728fb789245746ae9c5979f49181de0a,78.33049211148787,102,110,110,111,110
0b9d395f864746ff8a50b9e19c3b7b1d,728fb789245746ae9c5979f49181de0a,121.05122901118976,4,2,2,2,2
8bdfe6dfbf294247878d4efacb2600ee,728fb789245746ae9c5979f49181de0a,115.648513183757,36,28,28,33,28
06708b240ea84467b94b0fe58e0e9afb,728fb789245746ae9c5979f49181de0a,165.73668928452662,1,0,0,0,0
f6d596fc71904af09b551dbefcad5932,728fb789245746ae9c5979f49181de0a,101.66960017793542,9,6,6,6,6
a0d267ecd65e412cb2cf35d23be347c7,728fb789245746ae9c5979f49181de0a,73.61781381035196,82,98,98,98,98
a0cc37a770a64cd18f72cf2eeb0fa37d,728fb789245746ae9c5979f49181de0a,87.87152168874584,1,0,0,0,0
755738494b6d4e30b0be06d3f57c8088,728fb789245746ae9c5979f49181de0a,38.439975081602114,788,845,845,837,845
956a6e0ec9ba4ec881350b3c680e6c48,728fb789245746ae9c5979f49181de0a,77.02253568087733,2,2,2,0,2
ddab3dd1196b45c1830311ace4d1e233,728fb789245746ae9c5979f49181de0a,129.13739403777515,5,2,2,3,2
6189a63e5c9846ccaa3d7e04c3ee554b,728fb789245746ae9c5979f49181de0a,77.61275822051878,51,61,61,35,61
0f43b00f5ac549e88157d96e9a95257f,728fb789245746ae9c5979f49181de0a,125.80201937778668,5,8,8,5,8
c6cc9c5652c04905925e5806b30d2539,728fb789245746ae9c5979f49181de0a,94.34222685367287,1,1,1,0,1
de5f492303d449f9866aa14e5b184b24,728fb789245746ae9c5979f49181de0a,217.4726965208574,2,2,2,1,2
289df4c6f76649e3ae5310a7bd78de34,728fb789245746ae9c5979f49181de0a,66.24212179063572,7,10,10,11,10
62d5159dbf204f1aaf816cb6c5dfc734,728fb789245746ae9c5979f49181de0a,96.61224490360871,11,7,7,5,7
1c0e73b008284df4967a76e0a0fc146a,728fb789245746ae9c5979f49181de0a,106.07343939327032,384,403,401,286,405
5216207139e64203bcd28be5030ff8ac,728fb789245746ae9c5979f49181de0a,40.93482098859777,3062,3680,3559,3699,3678
c8f02debd61c47e59ed79a981925145a,728fb789245746ae9c5979f49181de0a,54.3088658429064,674,698,693,689,699
e25826ebcf804d8e9982d61f52c606e7,728fb789245746ae9c5979f49181de0a,114.22035402617097,6,5,5,3,5
d0aa190cd4de46fbb895d6e5ff66d53b,728fb789245746ae9c5979f49181de0a,77.26872604611343,2,2,2,0,2
fc4f4f8becc342a5a500dcd6f3717446,728fb789245746ae9c5979f49181de0a,31.38305966888713,3920,4784,4753,4765,4785
04a0912e991c40d09d249ece673fa8af,728fb789245746ae9c5979f49181de0a,137.14336858939254,4,3,3,1,3
392b85caca254e2592f446f203bf473a,728fb789245746ae9c5979f49181de0a,50.36877362972244,77,75,75,65,75
21c1e126871f4117b9de8cf6eca8804a,728fb789245746ae9c5979f49181de0a,28.02529662734723,1071,1362,1352,1321,1367
1ffb2a59835e4be0906ac470285f6b0f,728fb789245746ae9c5979f49181de0a,57.24991020430083,6,6,6,0,6
6101a1cd8caf439982764740bb5802ef,728fb789245746ae9c5979f49181de0a,153.41831995582302,9,9,9,12,9
a8326ce727474308921a7088a69126ee,728fb789245746ae9c5979f49181de0a,57.901345889271845,13,13,13,11,13
44a57dec164b413c85f732880bc3f043,728fb789245746ae9c5979f49181de0a,32.22244073107125,86,83,81,64,83
8564005ebb9142deb5573c7367e1b6d9,728fb789245746ae9c5979f49181de0a,40.02741200247184,124,125,125,116,125
e64ffaf0afd54f0b9ab87fada20ae6e8,728fb789245746ae9c5979f49181de0a,83.09732338464212,11,9,9,9,9
7a3b2aab965c44a2a0af8e2231d3b36c,728fb789245746ae9c5979f49181de0a,120.81323035761764,42,34,34,35,34
ee185ba2b33742f5ba4f9c401f7edbd2,728fb789245746ae9c5979f49181de0a,81.4979831170075,22,22,22,28,23
08c1b125bbde416e80063b20ca68f7a5,1cfd4f53ec5b4d5fa4ced38e29274968,90.20533999889452,8,9,9,10,9
711e4c6f16b1414b8e1a70dc5adf9462,1cfd4f53ec5b4d5fa4ced38e29274968,28.164376388142117,212,216,212,115,216
779d031d833a4298b26fa39aebe08182,1cfd4f53ec5b4d5fa4ced38e29274968,90.6668781472547,33,37,34,33,37
8432e76ed120453d87ab962c8c3d6a1c,1cfd4f53ec5b4d5fa4ced38e29274968,8.8130432363943,875,853,668,753,854
4e3904c0e06940dfb0f18ac0faa25072,1cfd4f53ec5b4d5fa4ced38e29274968,72.06549503036499,4,6,6,2,6
838a70f5e5144b1fa107aab1feefae2b,1cfd4f53ec5b4d5fa4ced38e29274968,203.14230197530676,4,4,4,4,4
62b5bd609bd24584ad9eeb377d90ec10,1cfd4f53ec5b4d5fa4ced38e29274968,102.87540294275632,9,10,10,8,10
13f9969b947e44c9ab85db8ce5afadd0,1cfd4f53ec5b4d5fa4ced38e29274968,180.98691500826988,5,7,7,7,7
fd3bcfa050dc445182104773599176c2,1cfd4f53ec5b4d5fa4ced38e29274968,109.84837740914855,49,49,49,49,49
d4fc2c1ae11c425ba9bdefa20b70c059,1cfd4f53ec5b4d5fa4ced38e29274968,129.14339641168783,3,0,0,0,0
be72db0dabd64a97a07f3d1bff26e08c,1cfd4f53ec5b4d5fa4ced38e29274968,101.88396064393655,55,64,64,62,64
d7b3ae3a6ab6415db6569d5f07a002d8,1cfd4f53ec5b4d5fa4ced38e29274968,69.70917429879874,116,132,131,132,132
6eef43f223f5420e9024e7b7357aa0ae,1cfd4f53ec5b4d5fa4ced38e29274968,126.27850896874473,4,2,2,2,2
464d703219b240b4a0dca0fbd770dae0,1cfd4f53ec5b4d5fa4ced38e29274968,100.11607420855157,28,35,34,30,34
5e56e4502ed641479569d1b4ba2796d4,1cfd4f53ec5b4d5fa4ced38e29274968,4.879195979166621,7495,12613,454,12286,12615
7b5948b8f2084af6ba041fc96c64edd7,1cfd4f53ec5b4d5fa4ced38e29274968,167.0827426280472,3,3,3,0,3
c2d44ec3583c4aff8d37d1ed9e7d64b1,1cfd4f53ec5b4d5fa4ced38e29274968,45.404937397353855,1,1,1,1,1
4989ea2fc6e2459db2f5b4d8677902a1,1cfd4f53ec5b4d5fa4ced38e29274968,117.34845338956882,8,8,8,8,8
e6106df374e6466baaf7da660b9534d6,1cfd4f53ec5b4d5fa4ced38e29274968,115.0732179773698,18,22,22,19,22
f16e369737844581a3ce15282c1e8f32,1cfd4f53ec5b4d5fa4ced38e29274968,51.47577587456462,12,12,12,11,12
be96abeecc87452a8a0304f3a0e79a6c,1cfd4f53ec5b4d5fa4ced38e29274968,48.95940276842165,1104,1254,1247,1294,1255
972fcf5c45194c4999ea4a8e738e355c,1cfd4f53ec5b4d5fa4ced38e29274968,86.46128011272177,31,34,32,32,34
b3eafdf5baca42e184d6a2ae0315255d,1cfd4f53ec5b4d5fa4ced38e29274968,41.02633524447586,225,265,264,265,265
b0a4f7dedf1c45e2b425b9ca1a09257d,1cfd4f53ec5b4d5fa4ced38e29274968,131.1308873789818,25,29,29,29,29
cefbe1988719499bb7f1d6994f34cde2,1cfd4f53ec5b4d5fa4ced38e29274968,37.38368620990153,1546,2229,2095,2230,2228
53b212762a9248a0a331a14ff3482955,1cfd4f53ec5b4d5fa4ced38e29274968,32.73332006303855,52,77,77,76,77
496e5cd3c16a4fd3940291a707032c0f,1cfd4f53ec5b4d5fa4ced38e29274968,100.3185778458427,27,27,27,25,27
9b064426a5ec4b2083417065bef7d2a1,1cfd4f53ec5b4d5fa4ced38e29274968,39.86148443532832,607,714,714,724,714
29e9540e2bd24de58246d23bb7ef7adc,1cfd4f53ec5b4d5fa4ced38e29274968,110.09909416488058,5,2,2,1,2
1180448d9b0b481281254442c7eb1fe0,1cfd4f53ec5b4d5fa4ced38e29274968,113.54317738765845,4,5,5,0,5
6e2eae1317664654b68d88bbf0394a6f,1cfd4f53ec5b4d5fa4ced38e29274968,68.86143512201859,8,4,4,2,4
a1d955a8283044f5bbfc79568cb8678e,1cfd4f53ec5b4d5fa4ced38e29274968,19.054051227711653,2328,2904,2827,2896,2900
9cb94f021f064a1d96c766e6282be4b6,1cfd4f53ec5b4d5fa4ced38e29274968,84.04506501196464,23,27,26,22,27
a74074f314ba478287bfe4eec16c2a58,1cfd4f53ec5b4d5fa4ced38e29274968,34.49854380080375,8,11,11,1,10
b8b07146a9694e749c592289b9c60ce1,1cfd4f53ec5b4d5fa4ced38e29274968,170.19950560483005,13,14,14,14,14
bbd40b5c3c924e02841676e1a28f198f,1cfd4f53ec5b4d5fa4ced38e29274968,42.36871362037752,18,19,19,20,19
afd5526c87c14266b1c0244b5fec1cef,1cfd4f53ec5b4d5fa4ced38e29274968,84.15689459350675,12,13,13,13,13
5c96163a8c574dfba96ac5e0876594c1,1cfd4f53ec5b4d5fa4ced38e29274968,108.31108755755972,240,246,246,247,246
56feeaa52e21451ea6dfe8d306dc8dbb,1cfd4f53ec5b4d5fa4ced38e29274968,15.982325114954604,502,516,504,410,516
abeed5a62bd0408b921f63610f7aa297,1cfd4f53ec5b4d5fa4ced38e29274968,31.068555452602386,556,677,665,678,676
457a9537f56541e4a14f1ecd9e2712ae,1cfd4f53ec5b4d5fa4ced38e29274968,87.2301892441384,47,45,45,45,45
8fbaece071ff4d4499c71811c06d6241,1cfd4f53ec5b4d5fa4ced38e29274968,59.68919671340138,415,428,426,376,428
6dc7e3fb4104443084b58bc25787494c,1cfd4f53ec5b4d5fa4ced38e29274968,38.930616407869714,53,53,53,55,53
0599cef9d23945a0a1ab72ed771b29c6,1cfd4f53ec5b4d5fa4ced38e29274968,44.03255471414038,797,1013,1013,1015,1014
f0a1c88c80b24bb09a43b8e17c1f9392,1cfd4f53ec5b4d5fa4ced38e29274968,85.17983864384428,11,10,10,10,10
0e683cee427c4e16ab6e161b7e261d8d,1cfd4f53ec5b4d5fa4ced38e29274968,86.75710189578383,7,8,8,7,8
60c3ece0c16a4a0b8933d62653ac8d2d,1cfd4f53ec5b4d5fa4ced38e29274968,113.50907211798537,1,0,0,0,0
469b8864753847c1b28bc777e8bfdb0e,1cfd4f53ec5b4d5fa4ced38e29274968,49.57521277559151,122,120,118,125,120
c4d8d8135d3545afb399f2bedcfc3c77,1cfd4f53ec5b4d5fa4ced38e29274968,89.33474063444898,18,22,21,21,22
5cd5b00e52b94c68a446ff5a19553545,1cfd4f53ec5b4d5fa4ced38e29274968,46.03785350063056,425,445,445,404,446
322b6c18447e44bc805a6ac2d1611ea2,1cfd4f53ec5b4d5fa4ced38e29274968,79.11846919370443,4,4,4,1,4
1147ce881be742f2abadf17ece15ddfd,1cfd4f53ec5b4d5fa4ced38e29274968,46.28365289660388,7,6,6,6,6
7af77b27afba464ab94dfc1e25bf15b1,1cfd4f53ec5b4d5fa4ced38e29274968,112.54962271495353,5,2,2,2,2
65badf9d89364c3cb03346228727bbb9,1cfd4f53ec5b4d5fa4ced38e29274968,57.94239344368253,141,185,185,187,185
a9ef2e1383604b13857b8c0d108cc327,1cfd4f53ec5b4d5fa4ced38e29274968,99.27802870787224,3,1,1,1,1
6c36a22fc1a844c5bcff4ff2eea20534,1cfd4f53ec5b4d5fa4ced38e29274968,200.3442607611171,7,6,6,6,6
d26ea4ee7f6847c79c63d82656a2dd95,1cfd4f53ec5b4d5fa4ced38e29274968,97.39261585432209,13,11,10,3,11
8adaa468575b4a0285e111a2a9374820,1cfd4f53ec5b4d5fa4ced38e29274968,137.92026111425918,240,260,259,65,260
e84cfbba6a5140babfb4f9e4eb2d34c5,1cfd4f53ec5b4d5fa4ced38e29274968,26.788054850380124,6016,9110,8752,9120,9111
682a5d88bfea445c9a1fe498290e0d1e,1cfd4f53ec5b4d5fa4ced38e29274968,138.16407823783004,4,4,4,2,4
a466762c8feb4b858c946d19e39fe08e,1cfd4f53ec5b4d5fa4ced38e29274968,65.28341535242876,347,347,347,341,347
b28684e2daaa47e2bd84394eff538622,1cfd4f53ec5b4d5fa4ced38e29274968,117.42036763138225,2,2,2,0,2
fa2902ad33754a07aff32efb36969ade,1cfd4f53ec5b4d5fa4ced38e29274968,30.061615275608823,2318,2463,2401,2307,2463
e28bded29fc3431385925a949813b1ca,1cfd4f53ec5b4d5fa4ced38e29274968,141.09688600040002,11,9,9,5,9
2e210f7a3a184118b69b28f4ee4710c0,1cfd4f53ec5b4d5fa4ced38e29274968,59.14108141922407,20,18,18,23,18
631a09ad29234329961f11c2ecaff008,1cfd4f53ec5b4d5fa4ced38e29274968,7.548001169266814,5891,6390,5191,6367,6391
7440b10934b245a4b27ab9299a8e103b,1cfd4f53ec5b4d5fa4ced38e29274968,93.23015598806663,3,3,3,0,3
b40f277424d94f5fb8a6b88df17c907d,1cfd4f53ec5b4d5fa4ced38e29274968,153.5394005225999,14,12,12,12,12
31f1030f3da1421caa6c56d029af031f,1cfd4f53ec5b4d5fa4ced38e29274968,168.6548698974549,3,2,2,0,2
a188230f64dc460eaa1ac6e1d430dd9c,1cfd4f53ec5b4d5fa4ced38e29274968,105.64709500096588,11,9,9,3,9
fb2a29139f3a4cdea651cd2bd7cca36f,1cfd4f53ec5b4d5fa4ced38e29274968,43.35205616282909,26,24,24,21,24
faa0d8c44f174882a88f154d09644248,1cfd4f53ec5b4d5fa4ced38e29274968,101.31515166818681,6,5,5,4,6
400946547904459b8a27142d8a1442e5,1cfd4f53ec5b4d5fa4ced38e29274968,43.28810728590497,105,101,101,83,101
d7002d68b4ce4664ab95b2d8a358d7e2,1cfd4f53ec5b4d5fa4ced38e29274968,55.15191613144611,393,422,422,407,421
2b1337918eab4d839e7a86772a6ff644,1cfd4f53ec5b4d5fa4ced38e29274968,135.87154809064978,4,4,4,4,4
76b46d0a12a3452695ca0b90c3b16ded,1cfd4f53ec5b4d5fa4ced38e29274968,69.94166711896621,122,176,175,177,176
64126eba135649f48efe02d219500161,01ac03ac6766489fb3bcd9ecf5700ce5,88.84264957252536,6,6,6,6,6
8d03a9c0c03b43268258dfddbf1273f6,01ac03ac6766489fb3bcd9ecf5700ce5,83.82271120336864,3,0,0,0,0
4d9aa3a7c4c446c899ff850424f3da73,01ac03ac6766489fb3bcd9ecf5700ce5,50.32044404606954,121,132,132,133,132
06324ac1b50b461e845cb04d6a5ef50b,01ac03ac6766489fb3bcd9ecf5700ce5,44.66038520610863,59,53,53,32,53
da24e97dd82b4fd29acc2058da820650,01ac03ac6766489fb3bcd9ecf5700ce5,58.031409634944296,63,78,76,68,78
3ba28b4a4dc44236ba117f77a3dd284b,01ac03ac6766489fb3bcd9ecf5700ce5,27.62540471651208,74,73,73,62,73
b29d2efc7ac043349c7a4f7fe01eb5a5,01ac03ac6766489fb3bcd9ecf5700ce5,58.20795181912191,14,14,14,14,14
29e9131f6bd7466283c6b34ce29e4c5e,01ac03ac6766489fb3bcd9ecf5700ce5,169.61953669685246,30,29,29,26,29
3a10c7159385450da405118a1737a1c0,01ac03ac6766489fb3bcd9ecf5700ce5,71.2068425326688,221,225,225,223,225
d95881afdc424a67a855c78ef7f385fd,01ac03ac6766489fb3bcd9ecf5700ce5,184.4888346369064,3,3,3,3,3
29982941e8694a5eb6fdf06a1c7b2703,01ac03ac6766489fb3bcd9ecf5700ce5,87.00259021595507,17,19,19,16,19
92ec7fa12e4d40cfa48038e7ba04b9d6,01ac03ac6766489fb3bcd9ecf5700ce5,157.84598019347828,3,3,3,3,3
1fdbf98d23f745c5baba85b786b63e05,01ac03ac6766489fb3bcd9ecf5700ce5,77.01457331789227,89,89,89,88,89
adc3bad90f204f5b88166f7ac9d2d5de,01ac03ac6766489fb3bcd9ecf5700ce5,69.39915627895756,432,457,457,457,454
70ef91cc121d4247bd5741dbfe0d2c8d,01ac03ac6766489fb3bcd9ecf5700ce5,106.59006349850165,10,6,6,4,6
270f5b220a7743ca9cf97e5adc06a304,01ac03ac6766489fb3bcd9ecf5700ce5,54.853305143491035,361,378,366,371,378
d72018f010774686b4eb421cd19cd21d,01ac03ac6766489fb3bcd9ecf5700ce5,53.01818744455665,230,239,239,227,239
623af8c254494bc786236189769134d6,01ac03ac6766489fb3bcd9ecf5700ce5,107.37671498854428,2,1,1,0,1
95ae3946cb4c4d98bf4b814f6e182ed2,01ac03ac6766489fb3bcd9ecf5700ce5,88.2997339338721,7,3,3,3,3
663199f5af2c4aed9af842d787334452,01ac03ac6766489fb3bcd9ecf5700ce5,4.806755839506045,7457,11903,452,11656,11902
904661fff07e42d1b700ddbe9d74a42f,01ac03ac6766489fb3bcd9ecf5700ce5,168.62241029163425,9,6,6,4,6
a73b7e55c2ea49ec83867f51b200ef48,01ac03ac6766489fb3bcd9ecf5700ce5,114.97226420167827,3,1,1,1,1
922edd8d0b994269b714649c3a450a0f,01ac03ac6766489fb3bcd9ecf5700ce5,94.84097426323852,3,0,0,0,0
424aed9bcb214ab7aa4e23ef061ad73d,01ac03ac6766489fb3bcd9ecf5700ce5,48.56211654557641,55,62,62,40,62
ae688bb2a2374e91a4ca1540cda6daae,01ac03ac6766489fb3bcd9ecf5700ce5,36.97585107908264,2342,2788,2730,2778,2786
6bd73465717a40808091dd8593f9c00e,01ac03ac6766489fb3bcd9ecf5700ce5,52.81471661705234,169,237,229,237,237
753c7774d82a45a599fa4dec01ad3a96,01ac03ac6766489fb3bcd9ecf5700ce5,24.4890766475865,1288,1640,1617,1645,1640
c25c4ebb19e84e15b84fe36d66eebe3f,01ac03ac6766489fb3bcd9ecf5700ce5,97.59910601415565,43,59,57,44,59
47c9f1357ea5460ca25ceeee01c34c39,01ac03ac6766489fb3bcd9ecf5700ce5,116.16375626434844,7,0,0,0,0
b978e9947eeb42059e07580ebcc0f943,01ac03ac6766489fb3bcd9ecf5700ce5,34.24754621201688,1737,2599,2416,2530,2600
f6aa61fdd2984223b6c518ccebd711e8,01ac03ac6766489fb3bcd9ecf5700ce5,24.885324492963118,1083,1328,1326,1345,1330
e22b6b855626497487d72aa8d51e77c7,01ac03ac6766489fb3bcd9ecf5700ce5,85.30385035794126,8,7,7,7,7
f5c41d44208c44418f632616f4d0c21b,01ac03ac6766489fb3bcd9ecf5700ce5,30.094790448968574,1119,1402,1402,1409,1401
1132345319d644c4967bb2ab01aa1cdf,01ac03ac6766489fb3bcd9ecf5700ce5,124.20347348980587,6,5,5,2,5
2255df6257284acd8598a8a9a231e2b2,01ac03ac6766489fb3bcd9ecf5700ce5,81.90991714279257,13,10,9,3,10
7d62cfa5b10847b984779b545246c514,01ac03ac6766489fb3bcd9ecf5700ce5,73.4145086148899,15,16,16,16,16
c13e616ec8204fa096658473fb27f4af,01ac03ac6766489fb3bcd9ecf5700ce5,131.15765677369703,4,2,2,0,2
7bfa7c0452154d2781546b26ea361f71,01ac03ac6766489fb3bcd9ecf5700ce5,5.226289999393922,2294,2519,1384,2415,2520
3e0848158a67411ca8a388820d5065fe,01ac03ac6766489fb3bcd9ecf5700ce5,95.73466979996482,12,11,11,6,11
6f22d0a95c8b40e5a9a913a691755974,01ac03ac6766489fb3bcd9ecf5700ce5,38.03974552801954,84,81,81,68,81
3770a5c29fd64647ad0ba892b07f376f,01ac03ac6766489fb3bcd9ecf5700ce5,149.47411452464638,5,5,5,5,5
81d6120ccbdb48c7bd71fe7749e0e677,01ac03ac6766489fb3bcd9ecf5700ce5,39.51043487337819,69,71,71,55,71
7724aec76a404d568bd9757c67b2f005,01ac03ac6766489fb3bcd9ecf5700ce5,50.67399060745439,43,61,60,42,60
ecadeec9b6d046589003c90ebf24e49f,01ac03ac6766489fb3bcd9ecf5700ce5,50.82207746845679,321,334,308,349,337
18301c669826426e9e076cf9ee4975eb,01ac03ac6766489fb3bcd9ecf5700ce5,35.01012994111316,106,104,102,78,104
c87d43f3bea34ac498a3878f59cca51f,01ac03ac6766489fb3bcd9ecf5700ce5,9.5876338672189,3204,3340,2044,3340,3341
b49f25a45f3b45fa97ad464412d61e14,01ac03ac6766489fb3bcd9ecf5700ce5,70.49536979137807,48,41,41,32,43
287d621ea8e24c5c93887fecde0dc9fb,01ac03ac6766489fb3bcd9ecf5700ce5,70.74695127110274,263,271,268,231,271
fa9e8154f7264c309fd0cb7e23aa3127,01ac03ac6766489fb3bcd9ecf5700ce5,128.84843520452208,1,1,1,1,1
e3401d0e6fff45fca2101e1979b6a54d,01ac03ac6766489fb3bcd9ecf5700ce5,51.732696659225574,34,40,40,33,40
2564f2cd1c254029aedca3c9815332cf,01ac03ac6766489fb3bcd9ecf5700ce5,175.59542791057513,9,8,8,3,8
f69a04417a0a43f7928c441ec8a046d9,01ac03ac6766489fb3bcd9ecf5700ce5,75.1945907009659,37,44,44,37,44
9f38f8ce58074f12b990ffb9d4e3d6f6,01ac03ac6766489fb3bcd9ecf5700ce5,50.28900462797478,400,505,502,506,505
a61e83340b78480285f982879e9c4dcb,01ac03ac6766489fb3bcd9ecf5700ce5,55.98746659940333,165,166,166,152,166
1a465d62a31e469685f3a35e5a2d29c7,01ac03ac6766489fb3bcd9ecf5700ce5,147.4721155375571,42,43,43,43,43
24a8c6ff35c54aff8243d4c694121deb,01ac03ac6766489fb3bcd9ecf5700ce5,113.69819959581945,13,13,13,13,13
a100e04049824855b700949287359656,01ac03ac6766489fb3bcd9ecf5700ce5,96.66832113401068,2,1,1,2,1
a4e50a89c42b4a758d145d5213dd77dc,01ac03ac6766489fb3bcd9ecf5700ce5,75.31530923762395,371,392,392,397,392
3aa8e632069a41cbbde8e211f481373b,01ac03ac6766489fb3bcd9ecf5700ce5,45.11472761454159,331,451,448,449,451
fe00cc1950354afcb5bce5e5da5e23bc,01ac03ac6766489fb3bcd9ecf5700ce5,174.72008454983273,12,13,13,11,13
3085212694174e46a2e0356a3cee3161,01ac03ac6766489fb3bcd9ecf5700ce5,106.18965428279931,2,4,4,2,4
1f7c69667ee74daf80face579fbea6b5,01ac03ac6766489fb3bcd9ecf5700ce5,169.5253289599275,194,171,171,49,171
00172d9e98194cfa8e229c6313b8459f,01ac03ac6766489fb3bcd9ecf5700ce5,20.65562850904667,5348,6100,5831,5970,6099
bfcc10c80a4441c89e3f1a0b61875261,01ac03ac6766489fb3bcd9ecf5700ce5,147.97174497283447,5,5,5,5,5
6054a8513aea447ab66afd3f406dc83c,01ac03ac6766489fb3bcd9ecf5700ce5,146.9860993397535,5,5,5,3,5
eb655eac3c7d4c378a12a28ed33ed60a,01ac03ac6766489fb3bcd9ecf5700ce5,76.99093789680381,155,167,165,164,166
fcc867289afa4af4a2eb8ec927b092a0,01ac03ac6766489fb3bcd9ecf5700ce5,35.672893035958275,1253,1284,1269,1098,1284
b1b696fc1dc34a169669b0f0a7ea989e,01ac03ac6766489fb3bcd9ecf5700ce5,142.10508814671994,4,4,4,2,4
7a9e51beaeaa4a368b0af5e859a00445,01ac03ac6766489fb3bcd9ecf5700ce5,68.8995795674441,10,8,8,0,8
4e8ba5d0e904406bb6aa24aaf9efa03c,01ac03ac6766489fb3bcd9ecf5700ce5,13.960218396750717,747,748,734,619,749
a0e530387549411eac95d65a77ee461e,01ac03ac6766489fb3bcd9ecf5700ce5,145.78447045868117,11,12,12,12,12
4a57e07c18da411b8846187668a755d3,01ac03ac6766489fb3bcd9ecf5700ce5,119.96860662508269,2,2,2,0,2
f41982c7819745adb073cf61e53d9846,01ac03ac6766489fb3bcd9ecf5700ce5,58.21805984141851,13,12,12,9,12
64adcf8bff2b4f5a93aeda5ac41b9a2e,01ac03ac6766489fb3bcd9ecf5700ce5,112.60014974251641,9,9,9,2,9
316bd226964942459a0ac843c5360d33,01ac03ac6766489fb3bcd9ecf5700ce5,50.208526983772494,1,0,0,0,0
ee64b46ed3554391a7d6f7add8817179,01ac03ac6766489fb3bcd9ecf5700ce5,189.58645670514898,24,24,24,11,24
ddf27c1d69f946a9a08a7616fd5a57ae,01ac03ac6766489fb3bcd9ecf5700ce5,40.30961311310144,159,160,160,158,160
265e2c9b915f40b6be046fd1df0be064,01ac03ac6766489fb3bcd9ecf5700ce5,118.7781749277339,27,23,23,23,23
22f3e08171bf48e28e78bb06c7aa060e,01ac03ac6766489fb3bcd9ecf5700ce5,37.746819088825106,220,238,238,236,237
ddbb2da253ec488c9e11ceb2f70fc0a9,01ac03ac6766489fb3bcd9ecf5700ce5,66.1394697756842,79,82,82,79,83
63163867c9fb41498399442f3a3d1a01,41c3b9f01b734b9cb4328ae85a868bf8,4.450495539994726,7726,12376,450,11534,12370
9ed9156deb744db8b354d277ebcbe6d7,41c3b9f01b734b9cb4328ae85a868bf8,165.67235407830094,13,11,11,7,11
bf27021619524a37a6ea048d3439f97a,41c3b9f01b734b9cb4328ae85a868bf8,43.551339361445315,165,152,68,8,152
c4f71786940948c89eebbe0701578e6b,41c3b9f01b734b9cb4328ae85a868bf8,83.0650453215862,62,63,62,45,68
26506820613b4deab19f108914ffdab5,41c3b9f01b734b9cb4328ae85a868bf8,24.82000429897186,5995,7929,7468,7674,7888
7666ac832fb347099101a2c623b3099f,41c3b9f01b734b9cb4328ae85a868bf8,175.60184513210078,4,2,2,0,2
296c61c960304de189b6c7d0e68b6ea2,41c3b9f01b734b9cb4328ae85a868bf8,131.88273952220217,3,3,2,0,3
7344633d115f470d81184e0fc2f777f6,41c3b9f01b734b9cb4328ae85a868bf8,173.96855053563291,28,29,29,22,29
2782b3e1bb204d3f8868c425eefa98f0,41c3b9f01b734b9cb4328ae85a868bf8,200.66021086978742,3,4,4,4,4
053025cd6c1f4235a243b31396d17695,41c3b9f01b734b9cb4328ae85a868bf8,128.3444442018148,7,4,4,1,4
410fcf575e9e47f6aac7163d4c79b449,41c3b9f01b734b9cb4328ae85a868bf8,64.07338882205019,194,217,215,159,222
ca12dec096d4449a81d03ff4d9cf923d,41c3b9f01b734b9cb4328ae85a868bf8,29.253921895923206,375,403,402,398,404
f7fec6d2cec04b0f8aaf520a3d33a23e,41c3b9f01b734b9cb4328ae85a868bf8,176.0623215817193,10,11,11,10,11
ca3ab19660d1447a8556cf5865248720,41c3b9f01b734b9cb4328ae85a868bf8,71.1927522027409,28,44,41,1,39
9b6997414a7b45369d2a1a5bab73b880,41c3b9f01b734b9cb4328ae85a868bf8,46.702365683266216,52,56,54,8,56
3f5993e12d8d4014aae265f1a245349b,41c3b9f01b734b9cb4328ae85a868bf8,179.613580817209,129,144,115,44,144
bf78b920eda5420580f29e2e829e5b4d,41c3b9f01b734b9cb4328ae85a868bf8,185.06186286677655,6,4,4,0,4
6be713901b6c42a38688a3e705df7071,41c3b9f01b734b9cb4328ae85a868bf8,137.9821884315842,96,122,117,86,122
874c3e9bcaa34f18b794ae7dee874f21,41c3b9f01b734b9cb4328ae85a868bf8,33.6298595176673,704,829,823,810,829
1c3ef60d3ce34a85a42c253ca871b64d,41c3b9f01b734b9cb4328ae85a868bf8,163.24157288363855,20,21,21,12,21
0f6d7e789669494ca010a76d7a92ad3d,41c3b9f01b734b9cb4328ae85a868bf8,102.59605337668245,29,28,28,18,29
7e39a1e9864d4453b3c81c74ba29cbf5,41c3b9f01b734b9cb4328ae85a868bf8,101.53829135204755,204,197,197,194,197
2ff4ff314c1d450798a749a8f3f9c52b,41c3b9f01b734b9cb4328ae85a868bf8,102.73886074730714,12,13,13,13,13
8aeaf41ee4b445f8a00b4523d747a93c,41c3b9f01b734b9cb4328ae85a868bf8,200.2228582047112,2,2,2,0,2
756ddb947a7e4e58872e92163217488f,41c3b9f01b734b9cb4328ae85a868bf8,128.31573605816854,4,5,4,0,4
711f313d15f84acb85626ff876320ef3,41c3b9f01b734b9cb4328ae85a868bf8,71.12158197114466,133,140,140,6,140
3fcb591adac942cfbb6a0a8e59bb7941,41c3b9f01b734b9cb4328ae85a868bf8,30.926888078170588,7491,8857,8583,9264,8856
0b3aea78e3da4113a2bb1518f8b82947,41c3b9f01b734b9cb4328ae85a868bf8,138.86294117325738,11,14,14,13,14
370b102644354e7f8683c7f7b001eae9,41c3b9f01b734b9cb4328ae85a868bf8,72.10272554886176,108,111,110,95,111
121d7a4de77746c4882b4125c7437d5d,41c3b9f01b734b9cb4328ae85a868bf8,7.76058227492178,4737,4748,3858,4557,4750
156dee28954e494a8442b93549dd9846,41c3b9f01b734b9cb4328ae85a868bf8,46.23500395324128,66,57,55,22,57
1b3357a741cc4a3b8b320bd739d79027,41c3b9f01b734b9cb4328ae85a868bf8,88.0230089728141,23,25,24,3,25
5681f1562c3143fa8a0efcbe2db8b5fb,41c3b9f01b734b9cb4328ae85a868bf8,69.51996015361864,36,10,10,0,14
4ae0102098344a6fa0061f4210f43ba1,41c3b9f01b734b9cb4328ae85a868bf8,180.9967110041319,4,4,4,1,4
b95b29454eb749f0a36c6bc4c20e83b6,41c3b9f01b734b9cb4328ae85a868bf8,215.61546524445353,17,16,16,13,16
8aad9664e6734df0bdf6a9efda8c43ec,41c3b9f01b734b9cb4328ae85a868bf8,30.78263533771178,64,75,75,17,73
aa7803762989457bb5ac60bd202e7e1f,41c3b9f01b734b9cb4328ae85a868bf8,29.906503116066762,218,218,215,220,218
df6b095134de4a32bd65a38453767413,41c3b9f01b734b9cb4328ae85a868bf8,100.53735197903477,194,232,232,153,232
5a0371bdcf9341bd9ab9f446cf81a446,41c3b9f01b734b9cb4328ae85a868bf8,66.29112066972894,369,377,365,205,377
2104a6fa1fc74dd4a9de0694bd719780,41c3b9f01b734b9cb4328ae85a868bf8,213.09409541869883,13,7,7,1,7
771b2b9cf99b43cdb3355f3837b23f75,41c3b9f01b734b9cb4328ae85a868bf8,28.195370288859547,76,67,67,1,67
55eab17b6f9c4a70bc3f09baeddf8dd3,41c3b9f01b734b9cb4328ae85a868bf8,94.69622026644082,281,313,313,307,313
9ae4a82a32e84bd6b07d11363e56ca14,41c3b9f01b734b9cb4328ae85a868bf8,40.84288020250376,84,84,82,80,84
dd195db4c92045a78ea4bebb8027b1c8,41c3b9f01b734b9cb4328ae85a868bf8,99.03224493488182,8,8,8,0,8
513da5f016b648b2aa538b929f337f92,03a5d7bd3d0043998d6a760637d9aa50,97.35896172501533,4,2,2,0,3
332a4102c13a4b129faaa1bd0fafa429,03a5d7bd3d0043998d6a760637d9aa50,4.399754186884761,5693,10175,422,9454,10172
8d645abf854f4578ad85964d3a0bac36,03a5d7bd3d0043998d6a760637d9aa50,199.46653946236552,10,11,11,5,11
bac41d71fd0042f9b05f79ba6213eb91,03a5d7bd3d0043998d6a760637d9aa50,156.94522537071146,98,107,99,0,107
68b3cd9a63004cdea0f2cb85e413b338,03a5d7bd3d0043998d6a760637d9aa50,182.1356011342362,38,26,26,26,27
6743c91d01574e09b82bef8b66c33d92,03a5d7bd3d0043998d6a760637d9aa50,102.3953823453637,3,1,1,0,1
271cabcd9d65454591ba8328715b386f,03a5d7bd3d0043998d6a760637d9aa50,123.82379526013533,20,20,20,18,16
18f46e7c262d4c6e90afc159a0b810d3,03a5d7bd3d0043998d6a760637d9aa50,99.57278772860617,5,2,2,0,2
aaf600955b7647db94d194d6fe06d642,03a5d7bd3d0043998d6a760637d9aa50,83.67075402037912,6,6,5,2,6
6d0d06aff3fa4eb1907bde4994c0dc9e,03a5d7bd3d0043998d6a760637d9aa50,95.68136069961558,15,10,10,4,10
e8f277956e31429bb6d944db77986630,03a5d7bd3d0043998d6a760637d9aa50,88.68991539060713,75,53,53,47,55
eb631e13dda644ffa9e586b211960bec,03a5d7bd3d0043998d6a760637d9aa50,89.16933676331819,2,2,2,1,2
a8c3ea7a50eb47e1a6a9e139939de25b,03a5d7bd3d0043998d6a760637d9aa50,51.260125734834276,20,18,18,0,16
aadb64ebb49b4ac9a878334c94aede0b,03a5d7bd3d0043998d6a760637d9aa50,60.853122266498055,497,547,298,321,547
cb1761600ce94d09aeed0493c5c31809,03a5d7bd3d0043998d6a760637d9aa50,143.49003724847927,87,118,111,62,118
7d22125e2a9b489a84727994e492a729,03a5d7bd3d0043998d6a760637d9aa50,104.47055269111968,46,22,22,44,24
8988da207cb84e0a867ce10ad4bde1eb,03a5d7bd3d0043998d6a760637d9aa50,167.3664034097722,6,4,4,0,4
a640204517ed459d91c88021902a29a8,03a5d7bd3d0043998d6a760637d9aa50,188.52532333224502,4,3,3,4,3
7cbde3d5410c4a5e89ae809af4e5f984,03a5d7bd3d0043998d6a760637d9aa50,118.20531657282507,8,9,9,8,9
1ba10d068e1e4e608ea3d1709ae9c1e9,03a5d7bd3d0043998d6a760637d9aa50,193.19425598005256,10,11,10,6,11
5ff6442c65d54f9b8952d02a8b698534,03a5d7bd3d0043998d6a760637d9aa50,108.1962804921705,13,5,5,12,6
feee0150841840628e10acd61c141e27,03a5d7bd3d0043998d6a760637d9aa50,137.1972520963833,45,55,50,6,55
5164c90ec7634d22af9c4cb1d3916b7b,03a5d7bd3d0043998d6a760637d9aa50,98.72756917608493,19,18,18,19,18
0d3266581d6d4e1f8a5ff1d06fa65edd,03a5d7bd3d0043998d6a760637d9aa50,114.52924369253029,2,3,3,3,3
67281ea45220458ca287739ad5ae17e7,03a5d7bd3d0043998d6a760637d9aa50,189.81048446591103,63,60,60,9,59
32132dad57ca40d39f9a7209e0376618,03a5d7bd3d0043998d6a760637d9aa50,215.46759463318952,7,8,8,0,8
3a8a50dfc21042cd9b4984b4e616115a,03a5d7bd3d0043998d6a760637d9aa50,140.8752045928572,6,5,5,1,5
de6636705abf445286d2ef19956fe883,03a5d7bd3d0043998d6a760637d9aa50,216.78225391054983,32,30,30,24,31
2cbb73a7ea1f4384b974871611276f11,03a5d7bd3d0043998d6a760637d9aa50,154.4989616298806,6,6,6,6,6
fcd2ef1c07e348f2b59c78988d45f89c,03a5d7bd3d0043998d6a760637d9aa50,31.719700558443467,734,853,847,566,863
3056c10e9a7543c6a6a3c17c6d78fcc9,03a5d7bd3d0043998d6a760637d9aa50,20.840895682799207,387,398,393,163,398
7ab66b6d08064070ac490cb6500b0aa5,03a5d7bd3d0043998d6a760637d9aa50,50.26920786213232,25,11,11,0,13
f386a3a43e0a4699acbe1791cc956a4f,03a5d7bd3d0043998d6a760637d9aa50,7.249388701004519,1376,1441,1263,1410,1440
d698d47b11414a54ada046e75969b76f,03a5d7bd3d0043998d6a760637d9aa50,121.96307566872622,106,113,113,60,120
2698d9c489354b0a940478f08c8dfcea,03a5d7bd3d0043998d6a760637d9aa50,35.07984063323031,552,561,557,491,560
e80df96e350a42ab8a680f872d4950c8,03a5d7bd3d0043998d6a760637d9aa50,97.24311929902571,52,41,41,0,47
2d30856c171c4135896f3f0f0fbb4416,03a5d7bd3d0043998d6a760637d9aa50,124.87797701301785,12,9,8,0,9
c62b28786d00472e9a6136b2dbdc8b86,03a5d7bd3d0043998d6a760637d9aa50,145.55371424695474,1,1,1,1,1
130e4250f149419ab5507c62c2c9f847,03a5d7bd3d0043998d6a760637d9aa50,19.325093564330917,40,40,36,40,40
fd03cd9090f04b258dc5a400eedaa570,de4ed400cbab46b88194dc982bfb35a7,4.497991587433126,6677,11502,444,10517,11514
c4e76e9975d74bf0bb0cfc4177b20775,de4ed400cbab46b88194dc982bfb35a7,220.03430652653452,2,2,2,1,2
867aa1f4f1d34871b7903f08db173e2e,de4ed400cbab46b88194dc982bfb35a7,155.5620972672319,10,10,10,7,10
a8828dce4ff44f2282ec1e39aaace1de,de4ed400cbab46b88194dc982bfb35a7,60.35093412647782,155,173,171,138,172
50c5dac158b1453f8a2e213a194daa0e,de4ed400cbab46b88194dc982bfb35a7,161.62411067545835,7,7,7,1,7
0ceac8fa7a1f483e9a95c6e3a8f13e83,de4ed400cbab46b88194dc982bfb35a7,202.69247707489814,19,17,17,13,17
8e762e68643e47139dc58153db598ff9,de4ed400cbab46b88194dc982bfb35a7,64.58827934974772,35,36,35,22,36
108d3ec129864b1fb4bb5eefc5b089a1,de4ed400cbab46b88194dc982bfb35a7,152.86048405456413,45,42,42,41,42
a80fa8afefd641308bc6844cdd2d463b,de4ed400cbab46b88194dc982bfb35a7,110.41213551865839,48,54,53,30,53
25a7aab4c7834d0a8ec49b6410895e31,de4ed400cbab46b88194dc982bfb35a7,158.0645814917609,6,3,3,2,3
b58f05dbbea54f769a2338f36696bf73,de4ed400cbab46b88194dc982bfb35a7,57.84488414860746,100,101,101,18,100
1cbed92baf794ea59ca5f808907ee75d,de4ed400cbab46b88194dc982bfb35a7,148.94281143276004,87,105,101,103,105
49a5f231d8bb48ddaae7869366da279e,de4ed400cbab46b88194dc982bfb35a7,96.73137291487977,3,3,3,3,3
cb6b670192c345f88cb61836c82cd193,de4ed400cbab46b88194dc982bfb35a7,192.6483581774321,132,157,127,128,157
c6e787e3267f4211bb070a46478b98a3,de4ed400cbab46b88194dc982bfb35a7,121.3371808005101,5,4,4,0,4
6266f747c32b4495a43c63217074f2ac,de4ed400cbab46b88194dc982bfb35a7,19.7253794868925,6445,7206,6265,6491,7203
674a98c9a79149d28cf34fd36f5f6a17,de4ed400cbab46b88194dc982bfb35a7,54.232756593391365,852,888,863,560,888
9af1b0b85f814c48a46efba1fae065b4,de4ed400cbab46b88194dc982bfb35a7,132.90780307913272,1,2,2,0,2
8d3434071d5b4f899fad451a1984a6af,de4ed400cbab46b88194dc982bfb35a7,219.2024762952567,7,7,7,6,7
bf6668eeff9e4d44b0c66614baa253cc,de4ed400cbab46b88194dc982bfb35a7,113.65618151116506,11,14,14,3,14
ab1484a7865a42038371892a02ed3b3a,de4ed400cbab46b88194dc982bfb35a7,96.98921213776471,24,21,21,2,21
9d6cb16e551948a4adcdb321cf99db1d,de4ed400cbab46b88194dc982bfb35a7,23.502237111351,1630,1806,1688,1571,1800
3103b85a4780408db6b9de12fecc1e3f,de4ed400cbab46b88194dc982bfb35a7,133.3813255420959,5,5,5,5,5
dd8ccda7f8cd405b9fa87ea3eebba31a,de4ed400cbab46b88194dc982bfb35a7,53.602241033503496,173,203,199,190,203
5e97d4b7d66946efbfc6ee6fa840ed70,de4ed400cbab46b88194dc982bfb35a7,14.767636538006228,3080,3306,3185,3198,3309
b11edbdd3513476cb34e408c828e3ba5,de4ed400cbab46b88194dc982bfb35a7,168.85042556449145,2,2,2,0,0
3e50d5d889d34314a8b3a864832c71ac,de4ed400cbab46b88194dc982bfb35a7,28.257383556558455,1196,1441,1418,1189,1441
c6876566df6d4ad892ee3e836486c2fe,de4ed400cbab46b88194dc982bfb35a7,94.54061656388512,68,73,73,70,73
18e3eea8e5504fb4ab343f9fb3529049,de4ed400cbab46b88194dc982bfb35a7,211.77669719258049,1,1,1,1,1
27f73710a9284852a854e8dad3d73222,de4ed400cbab46b88194dc982bfb35a7,142.95051757794783,77,87,87,58,87
894fad5b5cba4da5be5d30c37d9f469b,de4ed400cbab46b88194dc982bfb35a7,8.270770145011543,1759,1809,1292,1712,1807
2d34bcc26d49475581c33bc605412bdd,4d89463ec72c4a1a81f6d023b979b265,61.79617855969905,8,9,9,4,8
fe29b4dc989a43f49fda75e4d5c61b44,4d89463ec72c4a1a81f6d023b979b265,40.65690141490157,61,94,94,90,95
e3c374c98ca441dcaab5c87e3c533e2f,4d89463ec72c4a1a81f6d023b979b265,48.34250164324562,27,27,27,8,27
d0a57f2947d247769079bd9737821c63,4d89463ec72c4a1a81f6d023b979b265,41.335455813359914,15,20,20,13,20
2885ea5333774434b52ccc44be60f9d2,4d89463ec72c4a1a81f6d023b979b265,30.675078949954194,433,724,724,724,724
5bf79d2c4daa47fe8e179d0e9d54b3c7,4d89463ec72c4a1a81f6d023b979b265,49.886854970224505,182,248,248,248,248
239f5c2b2fb248608e9f423cfc0d0aff,4d89463ec72c4a1a81f6d023b979b265,40.12818000811932,3154,4202,4096,4206,4202
1c39976f72754a70848bb4fa1d68c4a8,4d89463ec72c4a1a81f6d023b979b265,51.12767649879611,7,6,6,6,6
1c0216c9772943fc9d59f75bcafeefdf,4d89463ec72c4a1a81f6d023b979b265,29.815464686020444,173,207,206,214,206
d74bf13814b44a6f848ae829bacc4749,4d89463ec72c4a1a81f6d023b979b265,56.6325852665716,8,7,7,7,7
232ab3f776e64793951e3231ade3e1b0,4d89463ec72c4a1a81f6d023b979b265,46.74929896332698,24,23,23,23,23
3846c5fa9fe24837b3eb22ff54804ff0,4d89463ec72c4a1a81f6d023b979b265,50.08059390463826,47,47,47,11,47
a7031842a0a64d45bab516947ea10844,4d89463ec72c4a1a81f6d023b979b265,70.13907514108608,46,60,60,58,60
a5ac7550477b4c78938cba5191a4db7a,4d89463ec72c4a1a81f6d023b979b265,4.299825363517006,4384,6003,501,5984,6004
a5519d63632f471d8e504cd413704cce,4d89463ec72c4a1a81f6d023b979b265,13.97177683945478,423,664,615,624,664
c3592d0ce2ac4e848b6a5de7ff03b48e,4d89463ec72c4a1a81f6d023b979b265,171.92002415898816,6,8,8,8,8
87fd51660e30433aae9f24c576213f93,4d89463ec72c4a1a81f6d023b979b265,32.817367852566406,102,114,110,14,114
e0e120fc3cb2439098ab42905113183a,4d89463ec72c4a1a81f6d023b979b265,8.17611496302224,188,211,164,202,211
d804692faa7a4397909fd8d5197f83cc,4d89463ec72c4a1a81f6d023b979b265,17.886907102580427,634,780,773,833,778
3c14908ea74e477ebc4224e2a6655304,4d89463ec72c4a1a81f6d023b979b265,12.748644400532228,396,569,544,552,569
a5a87a5fd21a407a94ffa35bebfc86cf,4d89463ec72c4a1a81f6d023b979b265,53.84183506630885,204,277,277,277,277
bace6a3aef9341c4ae9efc6ed871b545,4d89463ec72c4a1a81f6d023b979b265,27.83369180040681,66,93,93,91,93
ba2aacdefd4f48daae4fcdfdb9bd0304,4d89463ec72c4a1a81f6d023b979b265,24.582352346966015,58,71,68,68,71
19910614fd4a4c0cba9070c00fafd1cd,4d89463ec72c4a1a81f6d023b979b265,26.300369188043582,296,444,441,444,444
1ff82dfab6744baabf9afa49db5cc78c,4d89463ec72c4a1a81f6d023b979b265,22.348549869969975,97,147,144,144,147
c33c33e9f9724d1e8e4a196a6e68c7dc,4d89463ec72c4a1a81f6d023b979b265,52.65261620227681,41,49,49,49,49
2dda93eceb684960893eeb524d771d37,4d89463ec72c4a1a81f6d023b979b265,74.22867087013202,4,6,6,6,6
ee9f77582b67499691d5f7dc4a80fb2b,4d89463ec72c4a1a81f6d023b979b265,27.344907989908904,1,2,0,2,2
0f2084bfe26a401b8157e05440f193eb,4d89463ec72c4a1a81f6d023b979b265,84.36703810365589,1,2,2,2,2
79f3d9c317ad4e8ba9d9c395b757f74d,4d89463ec72c4a1a81f6d023b979b265,23.090975757502225,728,951,945,950,951
657759246a69482e800bb2ca95f775c5,4d89463ec72c4a1a81f6d023b979b265,63.585738690037026,22,36,36,35,36
f20f01498bc348e98de97700da0bf37f,4d89463ec72c4a1a81f6d023b979b265,40.56543818000532,766,1004,1002,996,1003
1481869727ef40119646f2ea5d523056,4d89463ec72c4a1a81f6d023b979b265,50.709335418715824,34,50,50,49,50
4186fe13aa7446338720c002d3426d7c,4d89463ec72c4a1a81f6d023b979b265,51.81284682473307,7,7,7,7,7
4a1bacecc11546629f6f2b63e26802e7,4d89463ec72c4a1a81f6d023b979b265,38.338732322060174,38,40,40,41,40
5d26aa61f737416a9654e1ad04f85e97,4d89463ec72c4a1a81f6d023b979b265,86.23370659130943,18,19,19,19,19
8dfda22d2e174b1e85c609245f2fd4b7,4d89463ec72c4a1a81f6d023b979b265,45.410834742527165,18,20,19,20,20
33abb00ab4aa4ced8ec0d3e1e3cdfd9d,4d89463ec72c4a1a81f6d023b979b265,27.383898117501413,95,118,115,119,118
efc481310d2643359cb1d5bec81a8c85,4d89463ec72c4a1a81f6d023b979b265,46.572143086427594,236,290,290,290,290
51ad83791fe9476ab30459ae17bc7bda,4d89463ec72c4a1a81f6d023b979b265,40.95194535194182,8,8,8,2,8
adf223a24a47409a81eeb010a4985f23,4d89463ec72c4a1a81f6d023b979b265,36.9622549936171,45,52,49,41,52
ae3828a0148f41328d0bd4f4034bfc06,4d89463ec72c4a1a81f6d023b979b265,52.53915967523257,42,40,40,15,41
b9511184db06474c9be3d513cd06a95e,4d89463ec72c4a1a81f6d023b979b265,65.96810932296617,35,45,44,45,45
ff5752ef64a249fa88914c7a033c518b,4d89463ec72c4a1a81f6d023b979b265,65.00961138895944,32,44,44,44,44
0db6a858a7304434966b61466f9b39fd,4d89463ec72c4a1a81f6d023b979b265,56.717764180618865,243,314,313,310,314
98bf99a2f71e4f729e8c021387a8cce7,4d89463ec72c4a1a81f6d023b979b265,62.723964670888996,146,195,195,195,195
1568d320c81841bdbef92012e2321757,4d89463ec72c4a1a81f6d023b979b265,39.4094284460906,6,6,6,6,6
347052458ff54a8ab2128bc7004e3643,4d89463ec72c4a1a81f6d023b979b265,28.12709412947077,151,190,186,189,190
e75cb10703a54df59876c4f1cf7a30df,4d89463ec72c4a1a81f6d023b979b265,27.939447094382228,56,63,59,62,63
5e0929a5579c4e369252a719700d62ec,4d89463ec72c4a1a81f6d023b979b265,44.44051908416517,54,104,104,104,104
c55b0e9a9874445b98311b39b38169ca,4d89463ec72c4a1a81f6d023b979b265,59.55463271658767,9,9,9,9,9
f5d152ab1a574a99b5ebef29848b032e,4d89463ec72c4a1a81f6d023b979b265,40.073411444327895,63,105,104,104,105
6960f7fe58264a2d87b7992635518773,4d89463ec72c4a1a81f6d023b979b265,39.28871994401714,13,13,13,4,13
be3665081654430ba84b867bb0d040bd,4d89463ec72c4a1a81f6d023b979b265,70.47675017867353,1,1,1,1,1
a48f5693729e439980ff040e9036f505,4d89463ec72c4a1a81f6d023b979b265,53.380630604964864,84,128,128,129,128
e2769f4752fc45adb638f8b7fa6956b0,4d89463ec72c4a1a81f6d023b979b265,30.072760564270283,100,172,172,171,172
7ff98504bf194ef8aee4711846c05751,4d89463ec72c4a1a81f6d023b979b265,59.80559947808232,16,15,15,9,15
4c5c36e7ca8049748b07e2d411fa1724,4d89463ec72c4a1a81f6d023b979b265,25.53629204705108,223,276,274,276,276
428946981ba040d184eef3b355f66c8f,4d89463ec72c4a1a81f6d023b979b265,56.58404039750883,27,42,42,42,42
da72e7321b14404fb0144b91e7b8ee03,4d89463ec72c4a1a81f6d023b979b265,15.408811523519052,14166,20327,19266,20284,20328
40e9095957d741eca5dcded781538ade,4d89463ec72c4a1a81f6d023b979b265,44.311991832287866,77,73,73,34,73
fa84d9b6ddb949189f6f13c6af30463b,4d89463ec72c4a1a81f6d023b979b265,43.475345520447114,483,564,556,566,563
ff7edd33533743b2995898db1ca5985b,4d89463ec72c4a1a81f6d023b979b265,58.327698369350486,4,4,4,4,4
d46c91fe142e4e5d8649f0bb9456be0b,4d89463ec72c4a1a81f6d023b979b265,59.76930687852215,2,4,4,4,4
1bc735df85024ad1a05f37ec890a9bb9,4d89463ec72c4a1a81f6d023b979b265,52.45825101027027,30,35,35,34,35
8df9b377268a43079718c88c0006ef92,4d89463ec72c4a1a81f6d023b979b265,11.598680363909217,162,213,190,221,216
1a7d49b7bdd64b1ea93f5845a9224ae7,4d89463ec72c4a1a81f6d023b979b265,55.83370059957398,35,35,35,6,34
16979bdc2b924b3182d3ca9bfc7adb74,5506016eb8744666a78cdf74299839bb,70.14756745725633,4,3,3,3,3
0f64c4e8d6d24d9389902cb8dcf90a04,5506016eb8744666a78cdf74299839bb,23.268296956658663,284,344,333,344,344
3fa0e464c5554e16bf8027b073ddc532,5506016eb8744666a78cdf74299839bb,64.15815671889514,15,25,25,25,25
870ffd5252bf449f92ccb28288599255,5506016eb8744666a78cdf74299839bb,31.780191101023416,83,138,138,137,138
5e15d3d74e9b4aa6bd10a02e411fce05,5506016eb8744666a78cdf74299839bb,57.40536623055932,26,25,25,14,25
7cb0b33a16784e71b03b33b4d6511d88,5506016eb8744666a78cdf74299839bb,31.936893325831022,18,22,22,23,22
2c73f8ff0715474ba6583d1f5350a4cc,5506016eb8744666a78cdf74299839bb,21.24394214085518,1743,3029,2997,3026,3030
82a4ca08ab3b423aadf4e43493a87810,5506016eb8744666a78cdf74299839bb,45.29451640456299,182,251,251,251,251
a8a3f3ba02974ec2a2123259f1f70d91,5506016eb8744666a78cdf74299839bb,33.723810829791674,1557,2068,1892,2071,2068
7653c384b57d4cd39d6a10694c9c4213,5506016eb8744666a78cdf74299839bb,46.747139720942876,146,170,161,170,170
c6e36c174873412cb86df5de37cef64a,5506016eb8744666a78cdf74299839bb,41.7388851276439,41,56,55,56,56
24090649cdc44482993e5598faa26f14,5506016eb8744666a78cdf74299839bb,38.349423948834584,99,107,107,109,107
1f273a36894d48c2870d195b63b4a0af,5506016eb8744666a78cdf74299839bb,66.15817108597977,11,10,10,10,10
f6883f29a03b4989a8287b186462a53f,5506016eb8744666a78cdf74299839bb,66.01671046369952,7,7,7,7,7
69a65d54d6104f7ea7d2bce052b39bff,5506016eb8744666a78cdf74299839bb,58.85197665832815,38,39,39,31,39
1fd77b68da04448f848c24e48a1d6caa,5506016eb8744666a78cdf74299839bb,4.274941844132846,4426,6200,509,6198,6202
b55104aa55e94137a84db4a22d7f31b6,5506016eb8744666a78cdf74299839bb,9.813041354090586,317,404,362,401,405
8bb10b15c47c407e8a931da77d0955d3,5506016eb8744666a78cdf74299839bb,115.26807941836415,18,24,24,24,24
a0a6c9a4b9304673b9b1fad2e8b227c0,5506016eb8744666a78cdf74299839bb,41.83479603945718,63,66,63,65,66
c141dbdcfa174acf840cbc539c241003,5506016eb8744666a78cdf74299839bb,26.406254008353706,2,3,0,3,3
dfcda4a0b58140f6bad8ae41acb05401,5506016eb8744666a78cdf74299839bb,14.63472067377462,71,75,73,76,75
94971639b5f34009bf40385b6ae62a83,5506016eb8744666a78cdf74299839bb,24.942883786357914,2,5,0,5,5
4f4c9b79a4ea4ffd83817f5089243e85,5506016eb8744666a78cdf74299839bb,11.529651689468153,8,8,0,8,8
a0e3d9f988b94eaf977c625615e95a3e,5506016eb8744666a78cdf74299839bb,12.453184427779417,14419,19064,16850,19065,19066
1eb50b41e46745718b4a18d5c3015f17,5506016eb8744666a78cdf74299839bb,58.70606582650585,6,4,4,4,4
dfcace34622140858231d23bf11467ed,5506016eb8744666a78cdf74299839bb,40.92470853498061,164,206,206,208,206
03148eb9f02045b0ac4fd3df5fafba5c,5506016eb8744666a78cdf74299839bb,14.594516590443307,33,41,30,41,40
63de8aedbb9d4ff7a63afdd7bb3fc015,5506016eb8744666a78cdf74299839bb,43.56215635527705,65,94,94,94,94
dd70149994884d5690981337a5137f43,5506016eb8744666a78cdf74299839bb,13.690726228021425,1977,2204,1883,2204,2204
01922930114f4e199ad664128721e1ac,5506016eb8744666a78cdf74299839bb,85.82334024130697,100,111,111,111,111
71546b1f08d34fa7ae8e40803a676424,5506016eb8744666a78cdf74299839bb,33.11945298961965,1342,1979,1979,1982,1980
99910b1d85704eca83a696959574e740,5506016eb8744666a78cdf74299839bb,68.2566587008565,16,21,21,22,21
ac295b7f43a7443b891f97f69e2774b4,5506016eb8744666a78cdf74299839bb,40.9836716965329,2,18,18,18,18
d4c9a17458ab4a97bc7150213b1d9bf5,5506016eb8744666a78cdf74299839bb,61.89320192407598,22,28,28,28,28
2b752d8de56641e6ae3b5d64276b741f,5506016eb8744666a78cdf74299839bb,36.15673923713318,91,127,122,126,127
624d22f946234226a4a5e07c0d49c8f5,5506016eb8744666a78cdf74299839bb,24.74687368155943,2,0,0,0,0
bcae3a786a074fb68e72a80a6447d279,5506016eb8744666a78cdf74299839bb,41.86136997485568,267,350,350,350,350
ba964202edf944e6a925e41a0cb6fbe4,5506016eb8744666a78cdf74299839bb,50.05048417186409,1,3,3,3,3
d373291f5534471a9ad6ff4d8e9d7d71,5506016eb8744666a78cdf74299839bb,46.223670293222966,31,31,30,31,31
59d471fa4bdf4a41adbd739a711e5937,5506016eb8744666a78cdf74299839bb,49.57688797797238,31,51,51,51,51
cbde6d5205dc4c38ab3fd32f814254a8,5506016eb8744666a78cdf74299839bb,55.29997242555088,44,53,53,52,53
b934362a9bed43d7893dd1ea379a81af,5506016eb8744666a78cdf74299839bb,64.03604886332164,32,45,45,45,45
afe21372c3bd4351996095ab76dc3263,5506016eb8744666a78cdf74299839bb,48.69037131245625,7,7,7,7,7
1bdf9e5d7ae34acda2d27929451aa12c,5506016eb8744666a78cdf74299839bb,42.01543582096646,38,95,95,95,95
2924ecc4ccbd4d189af60d40f7da35ce,5506016eb8744666a78cdf74299839bb,47.97574662733158,27,26,26,26,26
10ec976416bf4cebaaa1aa0c3b72b3a5,5506016eb8744666a78cdf74299839bb,55.93479560449848,5,6,6,6,6
a4b3774de1f547a2badd291656880215,5506016eb8744666a78cdf74299839bb,48.41517591888706,6,6,6,6,6
6942e59ec6bc4a13bea031f4f46a948a,5506016eb8744666a78cdf74299839bb,56.452937039526645,40,43,43,45,43
8d14e84ef6e3444689ae003c89f3048e,5506016eb8744666a78cdf74299839bb,49.06608807199086,115,146,145,146,146
21f865e3668a45ee8318341257c1806d,5506016eb8744666a78cdf74299839bb,20.601339346356554,240,370,346,369,370
bfb8861c7f874a1ea6a9da3d6f119c08,5506016eb8744666a78cdf74299839bb,68.62385388484978,13,14,14,14,14
46a157754751453792e2172a0e624dc1,5506016eb8744666a78cdf74299839bb,52.542680974733535,61,79,79,79,79
6fad551469f14686b67ec55837728b9c,5506016eb8744666a78cdf74299839bb,54.98825265248132,30,36,36,35,36
bdf7ee1591ab42de836fdefc2c2ec27c,5506016eb8744666a78cdf74299839bb,7.054366222537585,49231,79656,62616,79588,79652
5153094295dc4e4cb56073c6cde4f797,5506016eb8744666a78cdf74299839bb,53.567930186102025,60,59,59,57,59
77e301308bd9429caf6f8ce345062beb,5506016eb8744666a78cdf74299839bb,37.72139081681233,421,520,511,520,519
49b5ff0fd612417bb3578352880e7c44,5506016eb8744666a78cdf74299839bb,66.8986780782153,7,7,5,7,7
a3098dbbd83b425ebbea385b53898ddb,5506016eb8744666a78cdf74299839bb,55.88759572086525,44,56,56,56,56
7213de241cb444bcb60139be7044c896,5506016eb8744666a78cdf74299839bb,65.0147236182819,59,62,62,61,62
61780722ac7c44a5b0f88cdc55709176,5506016eb8744666a78cdf74299839bb,109.0691406330284,18,22,22,22,22
9976b8ddad2240baae9cc58984ee9362,ecac575c0ef94854bd31474102fc7bdd,29.21796258422598,95,201,201,202,201
27c3065861d445aeb0dd1bc32f354045,ecac575c0ef94854bd31474102fc7bdd,29.127625492097103,24,32,32,32,32
622b1c90b22b4075a81578b7e629abe8,ecac575c0ef94854bd31474102fc7bdd,18.468702999865656,3145,5018,4867,5025,5018
61ca618194cf435aa51d9d232aa3ac77,ecac575c0ef94854bd31474102fc7bdd,44.15256028885729,69,140,140,140,140
6edc7231f73d4bcdbaafd59518889ad6,ecac575c0ef94854bd31474102fc7bdd,32.16587827809443,4257,6302,5967,6300,6301
ab95538bd37f4395a3fa27eba7977894,ecac575c0ef94854bd31474102fc7bdd,93.86367999429592,26,36,36,36,36
834e223bf1c04130b0a6d581e7274f87,ecac575c0ef94854bd31474102fc7bdd,46.61452942791122,92,104,103,103,104
21cafbb597a640589829d793db9178b0,ecac575c0ef94854bd31474102fc7bdd,40.93999055067885,63,64,64,64,64
35021bd05d9344a886380ac7d6eac7de,ecac575c0ef94854bd31474102fc7bdd,65.78978799231277,59,64,64,64,64
e741c32a583b4d6b821f957f27541eb0,ecac575c0ef94854bd31474102fc7bdd,50.77105206776886,14,21,21,21,21
4aa60626e9d741f68859bca6399c497c,ecac575c0ef94854bd31474102fc7bdd,41.823092340487136,48,65,65,65,65
a2b94f02b2f3485ba039d832f70220b3,ecac575c0ef94854bd31474102fc7bdd,61.52395697533706,15,14,14,14,14
995da56fe2fd49c88c28b725aeb57857,ecac575c0ef94854bd31474102fc7bdd,4.407581434796551,4346,6037,577,6052,6038
7980698c5ea24a368efc6d8e45621613,ecac575c0ef94854bd31474102fc7bdd,10.103933624399442,164,209,164,209,209
97cd3e77aeb24099a24aa96a02ee818b,ecac575c0ef94854bd31474102fc7bdd,71.11636202314054,260,365,365,366,365
51a2bf7a2c334f70ad316852191926cd,ecac575c0ef94854bd31474102fc7bdd,44.69284630881175,12,17,17,17,17
e93309c27a8d4a5b9c78380c2e8e89d0,ecac575c0ef94854bd31474102fc7bdd,26.136162168989742,27,28,28,28,28
6cf06b3946e64617bba65f156704809a,ecac575c0ef94854bd31474102fc7bdd,17.072085927660865,65,66,60,66,66
b08f63768b3046d4bdeb79d8730b66c7,ecac575c0ef94854bd31474102fc7bdd,27.41404272384385,351,378,376,379,378
678217c36e4b4ee5b3cd8109b10ca608,ecac575c0ef94854bd31474102fc7bdd,12.514872366922745,129,150,132,150,150
0431c5980cbe40dbb6eb43b16fd71aad,ecac575c0ef94854bd31474102fc7bdd,41.911191312066435,214,217,213,217,217
669a50cc628242c6836047cdcb0a250d,ecac575c0ef94854bd31474102fc7bdd,26.018764149797025,74,86,83,86,86
520e30dfbf6441f29983670a7963f34c,ecac575c0ef94854bd31474102fc7bdd,28.786686120148605,34,39,37,39,39
0479cae7691d4bb48e033653a0bee9a1,ecac575c0ef94854bd31474102fc7bdd,73.15374632829527,37,49,49,49,49
1e6eb52c1b8a4b29ba9a2486ad87cef5,ecac575c0ef94854bd31474102fc7bdd,56.49483158042191,29,31,31,31,31
b26215773fc245c8b8c010bb0a99cf06,ecac575c0ef94854bd31474102fc7bdd,12.708255132513743,287,455,420,456,455
9b1a7ec8febc4ab18016641e7e33321a,ecac575c0ef94854bd31474102fc7bdd,41.323924043740085,77,132,132,132,132
b15616f18e124c3b92fc2898f57264e1,ecac575c0ef94854bd31474102fc7bdd,69.9433447157186,29,35,35,35,35
8ab0b65c0f3f4235b995c13238428568,ecac575c0ef94854bd31474102fc7bdd,34.54249984241538,15,16,16,16,16
c6a84da0c5774e2c97a4653d59e38199,ecac575c0ef94854bd31474102fc7bdd,79.87450812515704,17,25,25,23,25
f0521167d4e24f029d47a327b3407bac,ecac575c0ef94854bd31474102fc7bdd,10.825693977720984,2090,2156,1696,2155,2156
4c7f598ac93546e0b74b323b5d8868ee,ecac575c0ef94854bd31474102fc7bdd,85.48401080352596,12,12,12,12,12
777e61795e7642c1a8b75161e9af5e39,ecac575c0ef94854bd31474102fc7bdd,93.73976601388361,73,101,97,101,101
31de907807164ccb8cf29eba5cd1c2ce,ecac575c0ef94854bd31474102fc7bdd,18.630013984293893,1312,1419,1323,1419,1419
50fade68988542f9b9ab12f58f9d9cda,ecac575c0ef94854bd31474102fc7bdd,36.82748501100543,574,697,688,697,697
7b9160363bcd43559441c945b30c8623,ecac575c0ef94854bd31474102fc7bdd,65.73705557613452,19,28,28,28,28
708ec359455e44d1850389181929dbc1,ecac575c0ef94854bd31474102fc7bdd,39.329356691954764,45,77,77,77,77
dde6d4ff336a43eb85c7d68392a64ecd,ecac575c0ef94854bd31474102fc7bdd,47.31644313109171,36,37,36,37,37
310fa3dcd9754ead9cd266bde9f27ba2,ecac575c0ef94854bd31474102fc7bdd,33.42814713697079,12,12,4,12,12
b121d32791cd4aae91e4f3bf4670e75e,ecac575c0ef94854bd31474102fc7bdd,23.268449979190397,90,108,103,108,108
0c1c23660a714e41ab1ac81dcdcfb24e,ecac575c0ef94854bd31474102fc7bdd,40.60727950126959,146,195,195,195,195
b281f1b5060c4014b9b55adf2735fe0e,ecac575c0ef94854bd31474102fc7bdd,60.51085072557529,53,80,80,80,80
690e72480f1b4dec95b9848ecae31bae,ecac575c0ef94854bd31474102fc7bdd,18.75438687759375,1076,1223,1208,1224,1223
06456a096df442a183265c429161b8be,ecac575c0ef94854bd31474102fc7bdd,40.841830143723584,104,131,129,131,131
7069eba48ea54443960bd39a5bdef0ed,ecac575c0ef94854bd31474102fc7bdd,75.58768869432546,13,17,17,18,17
18a3957e63c94de0b76be8d290b35306,ecac575c0ef94854bd31474102fc7bdd,47.51807790386621,349,498,498,499,498
f80e51a97df241ec851a56487761766f,ecac575c0ef94854bd31474102fc7bdd,86.51728839335678,25,26,26,26,26
a02313484ad547a7a9ea1436fe10e9e3,ecac575c0ef94854bd31474102fc7bdd,51.47657818997619,4,4,4,4,4
f2761773ed484dd990f8dddebe9f5baa,ecac575c0ef94854bd31474102fc7bdd,57.56869446099336,3,4,4,4,4
03899889c5dc4cd78118de11ab3d3770,ecac575c0ef94854bd31474102fc7bdd,28.380388164394255,64,73,72,73,73
b10f32cd5da04b30bbeddafe8c38b66e,ecac575c0ef94854bd31474102fc7bdd,25.46909112626601,93,109,105,109,109
e65d4155f17e4a35a5c525c43666bc2e,ecac575c0ef94854bd31474102fc7bdd,41.92914265230186,54,87,87,87,87
613c291a458b413dbd589ce09dd9c823,ecac575c0ef94854bd31474102fc7bdd,24.62909661148331,171,174,174,174,174
8537b8ccbeb1432fbd844c564d00295f,ecac575c0ef94854bd31474102fc7bdd,51.18212769043466,4,4,4,4,4
3fe3626ce4644584b7e0e5528cceda3e,ecac575c0ef94854bd31474102fc7bdd,35.00033205664684,23,23,23,23,23
864fe245a45e40ddabc4cee20f6d1c6b,ecac575c0ef94854bd31474102fc7bdd,47.940577707004365,49,69,69,69,69
d1df8f3884a44566b74b0ea8f26e8328,ecac575c0ef94854bd31474102fc7bdd,17.89241120302622,335,481,415,479,481
13601dc142e4435da9efd2ee1692a160,ecac575c0ef94854bd31474102fc7bdd,16.592212452008013,2430,3069,3042,3071,3069
a9e6f5856d70427496b496f75e684939,ecac575c0ef94854bd31474102fc7bdd,51.49467447335665,25,29,29,29,29
bed9d74f87fa4257b90826d2296ed5de,ecac575c0ef94854bd31474102fc7bdd,30.112272436334163,312,395,395,396,395
50ffa44293fe41649f8deaa7d1bff5f8,ecac575c0ef94854bd31474102fc7bdd,15.427510547259253,14090,19233,18235,19234,19234
9a9c0390ad754139a9ab7e6c9751d256,ecac575c0ef94854bd31474102fc7bdd,36.301349478686674,231,329,318,329,329
ce73521384f84290bdcb17c9d2398d2f,ecac575c0ef94854bd31474102fc7bdd,55.3337034139191,10,11,11,11,11
9644a8a995414e93bc8f3be70d536fa2,ecac575c0ef94854bd31474102fc7bdd,18.74281536375407,88,107,105,107,107
4ca31ec7bd554e7aa9d5417ce8463a7e,ecac575c0ef94854bd31474102fc7bdd,65.51625125469039,117,164,164,166,164
38bd4b3f3d344f81929db4cf52a03623,5fa7a0d7ce294937aa6c752ffc289a99,110.26880107155615,58,51,51,34,54
434851eb81b742488235297f3f7b5f9e,5fa7a0d7ce294937aa6c752ffc289a99,104.15844319761551,16,14,14,2,14
8e8434476b0d461893b3b53ce1bc7d35,5fa7a0d7ce294937aa6c752ffc289a99,82.1494795210851,1,2,2,1,2
4b637ae690754b6f81020df5be7cb702,5fa7a0d7ce294937aa6c752ffc289a99,131.45699042090232,6,7,6,7,7
9bf610038c0342c6b20742d6f375b41a,5fa7a0d7ce294937aa6c752ffc289a99,160.14402021999692,65,68,68,52,66
134f7fef5b7f43eda09ca928ec4446c5,5fa7a0d7ce294937aa6c752ffc289a99,193.03687917995998,8,10,10,10,10
2179ab5b56134d7db29bad78e432103d,5fa7a0d7ce294937aa6c752ffc289a99,25.060031723293267,3574,3906,3543,2596,3900
4dec33ec450a4b5092e738e9cb01cc13,5fa7a0d7ce294937aa6c752ffc289a99,208.7975247877033,1,1,1,1,0
1625b78c4d204ad7b72c40cf9e7b9277,5fa7a0d7ce294937aa6c752ffc289a99,107.67436739592073,9,7,7,0,7
0ed958a03bef441db853969ba285df8b,5fa7a0d7ce294937aa6c752ffc289a99,153.1631815561187,2,2,2,0,2
5da48ff52fc745539f43876365f41305,5fa7a0d7ce294937aa6c752ffc289a99,77.45938202728121,70,71,64,39,79
52ed9cf5ac8142558480dc1f0463a3e2,5fa7a0d7ce294937aa6c752ffc289a99,178.2295367294829,35,35,35,23,35
a51538a8c8744789ac79ea5753355824,5fa7a0d7ce294937aa6c752ffc289a99,169.92524629243727,31,29,28,0,29
49c4f00a6fa641e4b2f5c1687778d777,5fa7a0d7ce294937aa6c752ffc289a99,57.26628396291813,51,50,47,15,45
c2ef25aa7db94bf795a0bde7f1f584a3,5fa7a0d7ce294937aa6c752ffc289a99,120.751223437015,28,32,30,0,32
89da07cad0db47ae9f9c9401a01871e4,5fa7a0d7ce294937aa6c752ffc289a99,50.865224473488055,33,40,40,0,39
33c37dee79d04740956d7e9f9b5a9b03,5fa7a0d7ce294937aa6c752ffc289a99,214.39162457462695,9,9,9,9,9
df5d47b1bb044bd780563985893db187,5fa7a0d7ce294937aa6c752ffc289a99,89.51666243960892,28,22,22,24,26
7b4aeea3b1e443888a62c49e200a81ef,5fa7a0d7ce294937aa6c752ffc289a99,108.09880185061658,6,7,7,1,6
517d62720af1408698a795a23d56bb3f,5fa7a0d7ce294937aa6c752ffc289a99,27.15977709817149,5224,6361,6074,6732,6362
2fe26938af4a48ba9cd0f313c483bf36,5fa7a0d7ce294937aa6c752ffc289a99,31.90083573608505,757,765,761,769,752
6ac89a34016f4d8698883bb5d007975f,5fa7a0d7ce294937aa6c752ffc289a99,103.4423144571608,5,5,5,0,5
fe8956cb611b411fa375ecbec6932433,5fa7a0d7ce294937aa6c752ffc289a99,216.06460971158404,2,1,1,1,1
b049b274a5814f3893ea1e4242cbdab8,5fa7a0d7ce294937aa6c752ffc289a99,116.85983259102163,48,52,49,31,51
cd731bbc93c143b3b149a4e50192b409,5fa7a0d7ce294937aa6c752ffc289a99,165.76577275981722,1,1,1,0,1
b4ecf67ac72b4203b5876c48688fd831,5fa7a0d7ce294937aa6c752ffc289a99,132.69841641290824,7,7,7,0,7
5414c756504c4f56bf3bf3e6d5942ffa,5fa7a0d7ce294937aa6c752ffc289a99,63.430475208671254,92,104,104,95,104
62c568954d9c45498e6be63edb7e6276,5fa7a0d7ce294937aa6c752ffc289a99,47.81848639832691,24,27,24,3,27
0bdb0caefc694acd83f22d72e544d666,5fa7a0d7ce294937aa6c752ffc289a99,123.42271121248716,1,1,1,0,1
8a555b36ca7541b9856d51fb5e21b796,5fa7a0d7ce294937aa6c752ffc289a99,83.70323226028756,3,2,2,0,2
07800f7ef0fa466c8b4967d409cdfdb9,5fa7a0d7ce294937aa6c752ffc289a99,38.55495851526886,1,1,1,3,1
9de8f05f0bc24405aad1019778513013,5fa7a0d7ce294937aa6c752ffc289a99,30.484454402473247,675,691,639,596,689
e88b667a04474ba5886028a0ac9d14ce,5fa7a0d7ce294937aa6c752ffc289a99,176.47901885904932,67,69,61,66,69
9b5f50f8851e4ef3893ed4687442b098,5fa7a0d7ce294937aa6c752ffc289a99,104.1926377870763,60,72,72,71,72
ad281e9ddd51476d9ba9fdef349fa522,5fa7a0d7ce294937aa6c752ffc289a99,173.84258823851815,23,24,23,24,24
0189c125f8d64159b85cbba37fc83481,5fa7a0d7ce294937aa6c752ffc289a99,195.5096887991706,27,36,36,35,36
2de5616016b8482cb511a3cdd862fd5e,5fa7a0d7ce294937aa6c752ffc289a99,166.7459890516502,3,4,4,4,3
b372428306484de69798f12aaeaa68c6,5fa7a0d7ce294937aa6c752ffc289a99,83.05725245630198,4,3,3,2,3
f882f58f8d7a4f9090b03b0dc95b921f,5fa7a0d7ce294937aa6c752ffc289a99,51.24195223994074,24,24,22,18,24
aba7e011cb304b58af5c419dcae9f5f7,5fa7a0d7ce294937aa6c752ffc289a99,146.8969668911494,6,2,2,0,1
d58a0cdefdf54adfb6d9b24986407b2e,5fa7a0d7ce294937aa6c752ffc289a99,30.270266667847356,315,297,293,155,297
caa5abc90f8e44c4b4cd17a5692a4920,5fa7a0d7ce294937aa6c752ffc289a99,218.31483362031426,1,1,1,1,1
7ab17c41e0b84b2cad1397e4870cbdbf,5fa7a0d7ce294937aa6c752ffc289a99,76.07874926961232,285,337,321,219,344
61803dd417f74fc09e0826734be07568,5fa7a0d7ce294937aa6c752ffc289a99,138.74630601156468,16,16,16,16,16
c3ef45e8350e4b1396d1261b0d71b2f8,5fa7a0d7ce294937aa6c752ffc289a99,82.2702567596249,2,3,3,0,3
b785ce822b0247cb9f29017b42dc1a3d,5fa7a0d7ce294937aa6c752ffc289a99,176.86252028489346,6,4,4,2,4
9a1556efff3647489793c6d1c725cac6,5fa7a0d7ce294937aa6c752ffc289a99,141.78473631762512,5,4,4,0,4
60771c987a4e47b78b52913358d4f268,5fa7a0d7ce294937aa6c752ffc289a99,31.7336071389046,1911,2374,2329,2357,2373
d41970fc4b304a35aef16dd55f54da55,5fa7a0d7ce294937aa6c752ffc289a99,135.7302618920144,6,4,4,4,4
8eb2b0461f9e461ba307f20cde1255f0,5fa7a0d7ce294937aa6c752ffc289a99,100.78630892739199,54,54,54,43,57
db3c97ae72be45b8bd14fc7255da9f75,5fa7a0d7ce294937aa6c752ffc289a99,70.33143979191223,14,13,13,0,13
0f2e62671c62462eb2027356729a16d8,5fa7a0d7ce294937aa6c752ffc289a99,219.18047063553152,2,3,2,3,3
b2b67fe8f6ee42549c31e795ed16b405,5fa7a0d7ce294937aa6c752ffc289a99,189.56640192110697,2,0,0,0,0
b0956a1d94d049c2b6668e31c28bfdd5,5fa7a0d7ce294937aa6c752ffc289a99,211.89451815986348,1,1,1,0,1
f7f3a380acff4a158cefd880c2f174e3,5fa7a0d7ce294937aa6c752ffc289a99,97.59860744466516,4,5,5,0,5
32b12d410ffe4f829cc79c9b1e559312,5fa7a0d7ce294937aa6c752ffc289a99,56.48028183679264,61,51,51,7,51
292fd17c57e54fda9978bd5fde67ac2a,5fa7a0d7ce294937aa6c752ffc289a99,60.88889000010899,13,14,13,4,14
8f21f32205b141d581e7f8913cadeae4,5fa7a0d7ce294937aa6c752ffc289a99,131.9194126784638,3,2,2,2,3
86023969fd3b4baba7ad4138603fbf51,5fa7a0d7ce294937aa6c752ffc289a99,141.2438530807915,6,6,6,6,6
444b128ceb154f0eb1048840450f79dc,5fa7a0d7ce294937aa6c752ffc289a99,12.934056942658627,1766,1950,1620,1757,1952
8c427f5dfee44897973fa5e8d78035d3,5fa7a0d7ce294937aa6c752ffc289a99,25.05173585797305,924,977,977,948,977
149e78f53166468c8e6eee3e143aa4d4,5fa7a0d7ce294937aa6c752ffc289a99,170.59690873537727,3,2,2,0,2
d2ef53b9016d4805aa4f156dabf87e3e,5fa7a0d7ce294937aa6c752ffc289a99,213.65913015769874,3,2,2,0,1
278a5d47dcb2449abb2a56057865b1ae,5fa7a0d7ce294937aa6c752ffc289a99,150.39757301764786,7,2,2,0,2
987642bd98eb490e8cd3c5b1e80a2e51,5fa7a0d7ce294937aa6c752ffc289a99,31.721534418514818,434,693,654,379,676
1978d5040fda4926937a1e20c9fbc922,5fa7a0d7ce294937aa6c752ffc289a99,102.76467594691867,112,120,115,29,120
adbbc0fb1fdb450da44c48119e5c1365,5fa7a0d7ce294937aa6c752ffc289a99,182.5320188930551,4,1,1,5,1
4f636ac31983435e9a4e552fdb05769d,5fa7a0d7ce294937aa6c752ffc289a99,39.324251960106714,44,36,36,37,37
7ace8b73baee40fb9cfab2478fa50a00,5fa7a0d7ce294937aa6c752ffc289a99,100.24382602387756,14,13,13,2,13
d8206f010b6747029b084ba08ed97418,5fa7a0d7ce294937aa6c752ffc289a99,136.00639670133492,8,9,9,9,9
12e5bb9478da4b0ab27cfa4b28a32b6c,5fa7a0d7ce294937aa6c752ffc289a99,93.92617156396808,29,28,28,12,29
c3a1826109a148afbcd59d12c4ada959,5fa7a0d7ce294937aa6c752ffc289a99,34.998093353627034,195,172,170,68,172
8e973442692943909aea764b3d513415,5fa7a0d7ce294937aa6c752ffc289a99,20.482854182066283,10286,14523,13767,14865,14520
2368c0930a0b4035827a7c5e9986e6ae,5fa7a0d7ce294937aa6c752ffc289a99,20.62129685376518,557,589,583,230,590
5a3fbd9b988b445391519c27b60f47d8,5fa7a0d7ce294937aa6c752ffc289a99,109.14493123442755,17,13,13,14,13
98ded761c9ec49eaacefe1034d8f1d67,5fa7a0d7ce294937aa6c752ffc289a99,5.366794161134351,4673,7379,325,7142,7382
b4767ae54ee44dd38bd4791838db566e,5fa7a0d7ce294937aa6c752ffc289a99,151.79279376226484,5,3,3,1,4
28f2a182d3124813a58eefbb1f869377,5fa7a0d7ce294937aa6c752ffc289a99,95.48264853816872,281,290,290,269,290
8f99a16aeb15468eaf0b3e303b208060,5fa7a0d7ce294937aa6c752ffc289a99,46.7773096760213,1080,1184,1181,1021,1176
d242c3c16d27409b9c0f68951268bcc4,5fa7a0d7ce294937aa6c752ffc289a99,164.8445573541094,3,2,2,0,2
90f6803fc3e04d3a822b623874583c27,5fa7a0d7ce294937aa6c752ffc289a99,97.2567769848088,24,27,27,11,27
7486ccb8db1f4715b7549713160be12f,5fa7a0d7ce294937aa6c752ffc289a99,87.6964396357091,56,56,55,56,56
fc2e12f73334400283f56d0124c8506a,5fa7a0d7ce294937aa6c752ffc289a99,115.37039886612376,17,14,14,15,16
34d4e3fbe8534fa3963d20510a25231e,5fa7a0d7ce294937aa6c752ffc289a99,128.75217716705572,34,34,34,2,34
a16ed1cd781c4fc385ad82f46858f776,5fa7a0d7ce294937aa6c752ffc289a99,202.24275916261934,4,5,5,0,5
60ad486ff3da42f4813eebe78c4ae555,dfbf91bd129943158cfe23b97304b5c1,151.34113131712624,30,25,25,13,26
96f5132cc2d4411fab6f542849d764fb,dfbf91bd129943158cfe23b97304b5c1,35.16806679886536,99,112,107,58,110
7961406b34604d27b4aa293f4a87e5d3,dfbf91bd129943158cfe23b97304b5c1,36.46156615837313,7,7,7,0,8
8776bf7603bb460fa1cadf33138e1aba,dfbf91bd129943158cfe23b97304b5c1,84.90274028440305,77,70,70,65,72
19ac0dbc8cdc4970b1396f4a01a96e4c,dfbf91bd129943158cfe23b97304b5c1,80.3368996544767,10,11,11,10,11
4e2e824d42f94957b12b1a6c913b345b,dfbf91bd129943158cfe23b97304b5c1,216.52711858998546,4,3,3,0,3
2cd7e4f142184ac9a91fa9e1bfe21883,dfbf91bd129943158cfe23b97304b5c1,109.37532368616299,8,7,7,7,7
7a65c504a22345508e1cc628d19fcc71,dfbf91bd129943158cfe23b97304b5c1,124.24432901581751,4,2,2,0,2
3e23490cfe4d499d86d0c152cc6de622,dfbf91bd129943158cfe23b97304b5c1,19.9074331643256,2718,3160,2654,2987,3155
8c13b5889c584be1ae4e86272b6eceb3,dfbf91bd129943158cfe23b97304b5c1,192.28270610830424,9,11,11,11,11
dda34406621a4b55b590a45f9e1dbe3b,dfbf91bd129943158cfe23b97304b5c1,184.67758533676647,1,1,1,0,1
3b2137a3ae8149d8b059baf4317b875a,dfbf91bd129943158cfe23b97304b5c1,196.56693262147093,24,22,22,0,22
0527e4e4162a46b5a541a171acf412d7,dfbf91bd129943158cfe23b97304b5c1,64.3966404874102,58,26,24,0,25
15f3809e0e104abd9a9bde171e2671c1,dfbf91bd129943158cfe23b97304b5c1,23.56253274092233,449,537,516,509,537
952dbf414c754e5793a179ce684bda4c,dfbf91bd129943158cfe23b97304b5c1,27.663752936867336,100,121,119,57,119
7206c46a145142e39ec8d08661143985,dfbf91bd129943158cfe23b97304b5c1,12.512060306552563,556,379,281,84,417
60acf4af2b894122b3dedd51fd4609bd,dfbf91bd129943158cfe23b97304b5c1,93.27907920290119,142,161,158,109,160
2528630b40e645dba2f9bc7067e1610c,dfbf91bd129943158cfe23b97304b5c1,149.83532562934755,7,6,6,5,6
e4d8e0a4fc4e4db2ab9ef1ac091547c8,dfbf91bd129943158cfe23b97304b5c1,31.74150885597745,61,25,25,0,32
de64fee841d545c6a2d9ea59dbfca639,dfbf91bd129943158cfe23b97304b5c1,139.56226191425765,5,5,5,0,5
cc3864af32994aa8bf5dff250e2c9bd3,dfbf91bd129943158cfe23b97304b5c1,214.7213942914835,21,25,25,25,25
11055b67114f46d4a2e05844ff4c7d33,dfbf91bd129943158cfe23b97304b5c1,28.41878089140226,2841,3418,3286,3386,3421
14ce6b84a6c2407b80daecd256b311c2,dfbf91bd129943158cfe23b97304b5c1,24.696809532086828,121,157,148,123,157
1442e2a0f50f4b5794bfc39de95a0eb1,dfbf91bd129943158cfe23b97304b5c1,107.277511205569,11,11,10,0,11
fba070c6d6774e548de95eb166ad2537,dfbf91bd129943158cfe23b97304b5c1,27.682811932610363,70,72,72,40,74
ed79a31129474c249cf360d738336e9e,dfbf91bd129943158cfe23b97304b5c1,153.2612487235581,43,40,38,5,39
efa661e998284e24affd8c1f25b5c820,dfbf91bd129943158cfe23b97304b5c1,159.95780295414565,6,3,3,0,3
19b09d304a074deebfcbc0c3e11d7e62,dfbf91bd129943158cfe23b97304b5c1,127.63374647027318,11,8,8,5,9
0ba055622c5c483089724471f6226e6a,dfbf91bd129943158cfe23b97304b5c1,28.289097673395613,632,718,657,582,712
11a344cd88834223a3c1414cb793b2e0,dfbf91bd129943158cfe23b97304b5c1,141.51165821635033,4,3,3,3,3
d0ba6b16327141baa3056f96c29fa31f,dfbf91bd129943158cfe23b97304b5c1,128.93864121213525,6,6,6,1,6
8c0617d0a1774c2dbe8b0c9d64546e35,dfbf91bd129943158cfe23b97304b5c1,113.86691868059891,9,5,5,2,5
a07215c2e39e4c1386636fe177c49c79,dfbf91bd129943158cfe23b97304b5c1,130.29102229365895,7,3,3,0,3
f5820088db264b3da62e343e0d445bf7,dfbf91bd129943158cfe23b97304b5c1,134.2262774604396,4,3,3,0,3
f4557a93431b4e40abf66f034b198694,dfbf91bd129943158cfe23b97304b5c1,51.33972206514756,215,198,198,194,199
1eb5cc720aaf480383bb4851641e8066,dfbf91bd129943158cfe23b97304b5c1,89.11015363184364,113,113,113,113,113
c82f7a84b16049f98edf8de9c315fc25,dfbf91bd129943158cfe23b97304b5c1,38.262816767687106,6,4,4,0,4
5e5c8e59780f43dd98d550e36bdcdcd0,dfbf91bd129943158cfe23b97304b5c1,59.5857105561228,2,2,2,0,2
5876b350e5a44e29ab384005a15c1d3a,dfbf91bd129943158cfe23b97304b5c1,89.02826749554136,165,178,115,178,178
7e51782200d04fcabae8c9349414a1cb,dfbf91bd129943158cfe23b97304b5c1,71.31362532875127,201,207,202,133,207
bda6cce0021941ba9f71c39db1755262,dfbf91bd129943158cfe23b97304b5c1,158.7621507337255,4,3,3,1,3
b181240afe6f4617bb533df9d59f3724,dfbf91bd129943158cfe23b97304b5c1,131.3244600588257,67,66,65,66,66
729e6cfd52ee4bdaa979872f5e2dc01a,dfbf91bd129943158cfe23b97304b5c1,16.934629151213844,9353,11112,9662,10764,11112
6d18e4cec7474164bc2dd388f425f2a8,dfbf91bd129943158cfe23b97304b5c1,37.26157393631708,9,6,6,0,6
1c3ee85cb2c9437193c4ab5ce353e7da,dfbf91bd129943158cfe23b97304b5c1,138.02924587316647,6,3,3,2,3
d76e56d28a654382a6c76a16f306ea35,dfbf91bd129943158cfe23b97304b5c1,169.42407885837534,4,1,1,0,1
eee5b5636d254b98b547c06c1b581893,dfbf91bd129943158cfe23b97304b5c1,13.046307270372726,5284,5983,5202,5980,5982
4e6302f80b744454b692876fc6f9d7a2,dfbf91bd129943158cfe23b97304b5c1,129.58557650250776,5,5,5,5,5
69c3be690c224560af06098b884029d4,dfbf91bd129943158cfe23b97304b5c1,10.155698157848128,1228,1239,889,1136,1236
7d3be24e2a0f48c3a24954eea5b36f79,dfbf91bd129943158cfe23b97304b5c1,75.05686799891917,307,348,337,215,357
74a8ba2524994727b447ac7eb732c606,dfbf91bd129943158cfe23b97304b5c1,119.65380033926347,32,31,31,31,31
558b424f26b04541ac7a1993f99bdbe8,dfbf91bd129943158cfe23b97304b5c1,98.34198223955946,1,1,1,0,1
247a5d518b8e4cd58c9a4c01796a15b4,dfbf91bd129943158cfe23b97304b5c1,191.09992191885925,7,7,7,6,7
23a52c752c0a410a9f4632255765e723,dfbf91bd129943158cfe23b97304b5c1,74.30558230198594,97,96,95,97,96
14a0547d0fa84fa1bdb674931d556522,dfbf91bd129943158cfe23b97304b5c1,115.01564001860812,23,13,13,13,12
27923bfab37d4eb98d2f95f258a845bc,dfbf91bd129943158cfe23b97304b5c1,49.15606707119074,16,18,16,10,18
c3834a6142f44dcf9ab19d8a2bec8766,dfbf91bd129943158cfe23b97304b5c1,124.06419182521665,27,28,27,8,26
bce1c5b033244aa095e5a36056074127,dfbf91bd129943158cfe23b97304b5c1,157.8922304541365,3,2,2,0,2
f14a2f7190da42c7a9b4f8c0fd72287a,dfbf91bd129943158cfe23b97304b5c1,51.742011021412154,659,719,714,709,719
7fac30d88fa64283b62eebe67c65582c,dfbf91bd129943158cfe23b97304b5c1,40.072963697809904,51,54,53,29,54
39824cda47564fb8ac1c3d3620638be6,dfbf91bd129943158cfe23b97304b5c1,47.72788972810393,47,65,65,27,64
fe447fbf71504be789d4835ed3fa67fa,dfbf91bd129943158cfe23b97304b5c1,69.44768447718599,19,22,22,6,22
eee8940d22a24294900b2ef3542c1447,dfbf91bd129943158cfe23b97304b5c1,183.25369396511726,9,3,3,0,3
f01b1ded15124283b6ab5ff112f5d2d0,dfbf91bd129943158cfe23b97304b5c1,100.76214664529773,43,44,44,38,45
8d34d2b42e16403aa60115a584f1a810,dfbf91bd129943158cfe23b97304b5c1,92.56042421236923,25,24,24,23,24
697c8d70e6264aefbc22661affd52503,dfbf91bd129943158cfe23b97304b5c1,46.13949531199747,391,418,418,388,418
d9ad81755b414d3bb737100b4fd3c7d1,dfbf91bd129943158cfe23b97304b5c1,192.20602932545034,3,0,0,0,0
c1028a37b37c4a22855c62df287b9ff3,dfbf91bd129943158cfe23b97304b5c1,135.55424827455695,3,3,3,2,3
bb677f90ff5d4da6a490119d1b04d5fe,dfbf91bd129943158cfe23b97304b5c1,29.241738787911217,59,80,69,72,80
03c48f2087b243c8a50b730ff192d682,dfbf91bd129943158cfe23b97304b5c1,57.38677959198215,54,58,58,0,57
0ebee0b9635648dc8b0e31647d79a43d,dfbf91bd129943158cfe23b97304b5c1,169.7112317222722,4,6,6,6,8
6109bfc68337455ea661c898ef7cbbd8,dfbf91bd129943158cfe23b97304b5c1,19.361820818414245,169,177,174,175,177
24b61b556b1f4c1696e6d5b0ef0663c9,dfbf91bd129943158cfe23b97304b5c1,128.23048412604908,28,25,25,20,23
f4bf762fd5724eeda954ccaa8876d5d6,dfbf91bd129943158cfe23b97304b5c1,194.62307054845644,4,2,2,0,2
52e419c48b2c4823b217fa84d9646bac,dfbf91bd129943158cfe23b97304b5c1,147.93367331632422,11,24,22,12,24
986e44138e0c4183a7d187fa89709735,dfbf91bd129943158cfe23b97304b5c1,131.3403137471546,8,8,8,8,8
62f4bc771db94093a13e3615a3f4935e,dfbf91bd129943158cfe23b97304b5c1,20.453195157850885,130,141,134,126,138
fb234f5bc18e482aafd9015199664faf,dfbf91bd129943158cfe23b97304b5c1,15.05876824339836,726,725,704,507,725
0cb097141e6745879a12e7210026f9fd,dfbf91bd129943158cfe23b97304b5c1,162.13514058794712,7,7,7,7,7
110f7248fa2b44059bc58f2eb2b883cc,dfbf91bd129943158cfe23b97304b5c1,203.8038645734202,4,2,2,0,2
00d4e9faefe84e94ab353b0402ae1b04,dfbf91bd129943158cfe23b97304b5c1,5.242758980459693,5317,8761,363,8595,8759
1a042adcf6304e5aa180e3c828f84979,dfbf91bd129943158cfe23b97304b5c1,63.03409833076049,52,57,52,16,52
09e44e9210984382bc51a1df945b5b71,dfbf91bd129943158cfe23b97304b5c1,80.10741941295164,102,94,94,95,95
f6319e1579074a6a87c0a75a74c23db0,dfbf91bd129943158cfe23b97304b5c1,219.03701310833242,23,28,28,13,28
e6176fc260f247bd855d7383d91d9ab6,dfbf91bd129943158cfe23b97304b5c1,88.27000176622235,18,19,19,13,19
0a157b1854094aa88ed02cf480c2cb99,dfbf91bd129943158cfe23b97304b5c1,115.85332835466251,12,9,9,8,9
63d6c4e89e354f448b43a9719f32ce8f,dfbf91bd129943158cfe23b97304b5c1,184.31661986926096,34,29,29,22,29
7bd35a8cca3b4613b1208dfc1aaa11b5,dfbf91bd129943158cfe23b97304b5c1,55.71886626891874,217,221,221,212,221
e18919ebfea742ceb1fd5e07124833e2,dfbf91bd129943158cfe23b97304b5c1,140.70146291860627,5,1,1,1,1
0bd488d466b64899bf0ad0b0f8966021,dfbf91bd129943158cfe23b97304b5c1,29.460166201696982,78,84,81,57,84
5534a0c9afd44902ac5c14f1e42b04f7,dfbf91bd129943158cfe23b97304b5c1,85.66698993193889,49,52,52,52,52
215bc5ce02fb4dfe8996df934b215322,dfbf91bd129943158cfe23b97304b5c1,82.20131171499798,21,19,18,4,19
483981b2250f4107b10fc28f1c2cb08f,dfbf91bd129943158cfe23b97304b5c1,56.51212505740116,86,91,91,90,91
77a8fe34b8ea44c4955b2dc38973ce51,dfbf91bd129943158cfe23b97304b5c1,113.50762854260698,44,38,35,14,34
cdfe2630fada4adb9705c9a095904d77,17f7f55abf7149808ac93fbceb62dc4b,191.46763877033936,6,4,4,1,4
77eb6e1b20174d0d89021e31e94e067c,17f7f55abf7149808ac93fbceb62dc4b,85.57306632627565,11,13,13,1,13
08e679aee5074bd5b9242b78706ab8a2,17f7f55abf7149808ac93fbceb62dc4b,106.46459761094891,1,1,1,0,1
a8fe9086ded2497eb77fecc29cf9ca6a,17f7f55abf7149808ac93fbceb62dc4b,89.3639541689062,9,9,9,4,9
8846626b67e1401bb1943dc4a7d59289,17f7f55abf7149808ac93fbceb62dc4b,124.94958879121857,2,2,2,2,2
1b4e1046efec4984ac47d20fd71b2294,17f7f55abf7149808ac93fbceb62dc4b,20.962680135694928,58,68,62,3,68
369654cf603a47e98e72d45845231a55,17f7f55abf7149808ac93fbceb62dc4b,134.45577647008417,2,2,2,2,2
c687d4dd59c549219ac7c252c2061c12,17f7f55abf7149808ac93fbceb62dc4b,114.0692529130273,15,17,16,15,17
b15cf6b4a4454dcca1ec564264e9c4be,17f7f55abf7149808ac93fbceb62dc4b,191.79362507374202,11,12,12,12,12
41234efda00a45c09a71c740b9ca0ce7,17f7f55abf7149808ac93fbceb62dc4b,161.3505339561644,3,1,1,0,1
fc6793eb3c884675af21f325bf8569fd,17f7f55abf7149808ac93fbceb62dc4b,150.54362826547097,8,9,9,0,9
2de681a4852940cf8770f79196e8a01a,17f7f55abf7149808ac93fbceb62dc4b,74.89950663660883,18,19,19,0,19
1ea9fdb1ab7442d5bb72418ecce2e2cd,17f7f55abf7149808ac93fbceb62dc4b,84.75703733816755,7,4,4,3,4
7697c842a96241559200d07240c26113,17f7f55abf7149808ac93fbceb62dc4b,99.17080339901104,7,7,7,0,7
94d149be349f493f894be5d1dae685ec,17f7f55abf7149808ac93fbceb62dc4b,139.14756747933606,8,5,5,5,5
3b32aef8127d4f5eb51943168c879a9c,17f7f55abf7149808ac93fbceb62dc4b,35.737273841695256,59,70,70,93,70
85d796ff740646b0b5cf6c4c3f1eeb34,17f7f55abf7149808ac93fbceb62dc4b,63.58635494776175,34,37,35,24,37
2123b2ee1e694da294ab360b964aece6,17f7f55abf7149808ac93fbceb62dc4b,119.30424486320051,5,7,7,0,7
4bbccc29ec9d4ede87340fa0e61af6d0,17f7f55abf7149808ac93fbceb62dc4b,31.44769369970335,5308,5969,5798,6004,5972
7372c302c17a4862b9111039a83fa712,17f7f55abf7149808ac93fbceb62dc4b,163.09146311101327,7,13,13,1,13
45890e4b47de4679b2c4e529ee18c926,17f7f55abf7149808ac93fbceb62dc4b,74.05961091887556,13,14,13,0,14
55d5b7732f414131ae768b861aaab937,17f7f55abf7149808ac93fbceb62dc4b,88.03732004032055,24,24,24,24,24
70a866629f544d4daf74b26a6ff3c84a,17f7f55abf7149808ac93fbceb62dc4b,74.20132157797451,46,41,39,1,41
012052f7a90a4677bf4bb09d63bf9b55,17f7f55abf7149808ac93fbceb62dc4b,162.35358759782963,3,3,3,3,3
41a7eefcd16e4f7395329bd6e2074112,17f7f55abf7149808ac93fbceb62dc4b,59.71630259863251,60,74,74,7,72
2c556fdb78ca4315903987f1e1338d14,17f7f55abf7149808ac93fbceb62dc4b,53.92546323961055,34,43,41,41,43
d6d298ea700444809e7a15f4d2a544a4,17f7f55abf7149808ac93fbceb62dc4b,91.2537222419673,13,14,14,0,14
4f7c2734896a44b1bdec80b704ab7ddd,17f7f55abf7149808ac93fbceb62dc4b,96.01102838729419,10,14,14,0,14
e28759de5ec1479d9f72db90d7646d63,17f7f55abf7149808ac93fbceb62dc4b,140.97178600378317,3,3,3,0,3
e682250ab9514843b40186578a361183,17f7f55abf7149808ac93fbceb62dc4b,61.27674722272115,6,6,6,0,6
e1e746783250437dbcc0efd5a89c0442,17f7f55abf7149808ac93fbceb62dc4b,85.21267911424918,29,33,33,10,33
76e2cb6e4dc8411bb06abecfe0f56776,17f7f55abf7149808ac93fbceb62dc4b,106.49454635806565,1,1,1,0,1
2bd604d2efee489eb2212c8719ca0b66,17f7f55abf7149808ac93fbceb62dc4b,145.5004983547147,1,0,0,0,0
71b21021ecd44960b6ef8a01ba3d7310,17f7f55abf7149808ac93fbceb62dc4b,19.002493909708225,81,109,90,120,108
57160d31bedd4e98862aeeb9ee2d2040,17f7f55abf7149808ac93fbceb62dc4b,72.26318309960814,21,27,26,23,27
3d6ec27df6b5408eb69ad3dae4a2010d,17f7f55abf7149808ac93fbceb62dc4b,69.57292147369124,710,798,788,798,798
399109b0711848f0960fb5ea945a2336,17f7f55abf7149808ac93fbceb62dc4b,205.2530239018255,7,3,3,2,3
78d995c80530491ebacfd942af6b6e20,17f7f55abf7149808ac93fbceb62dc4b,179.15846002629783,17,21,21,0,21
16a69173eb3f45658f1099497240fe11,17f7f55abf7149808ac93fbceb62dc4b,106.28590593057952,2,1,1,0,1
b4bc9f0a624c4a709d5403ff579c67b1,17f7f55abf7149808ac93fbceb62dc4b,68.29022909674963,221,244,244,238,244
ddf6eb5520654be38467504565e9b16f,17f7f55abf7149808ac93fbceb62dc4b,191.86078441383913,1,0,0,0,0
c8be7490df534714906675d51c93251b,17f7f55abf7149808ac93fbceb62dc4b,51.5628339142657,295,335,323,323,335
fb977848d27d41eeab7058668bc8e059,17f7f55abf7149808ac93fbceb62dc4b,41.800197621670264,76,102,99,91,105
86eab3a4b15f438184476586860ea6cb,17f7f55abf7149808ac93fbceb62dc4b,71.41343963322397,367,456,437,302,455
1dd1bc56adcd43cb89fd4d990c309acf,17f7f55abf7149808ac93fbceb62dc4b,101.74815920325425,37,37,36,37,37
cfbe7aa209b644e6a564d8e1a9216558,17f7f55abf7149808ac93fbceb62dc4b,218.50434737856116,4,2,2,0,2
a986d302796341f9865caec7be629c3e,17f7f55abf7149808ac93fbceb62dc4b,20.57662174940264,81,95,88,53,95
fd0e6e9daa6246499aef8ddf23b23857,17f7f55abf7149808ac93fbceb62dc4b,26.48727827840397,6016,7664,7267,7962,7665
b8664bfa471048d08a08ed45cadffd87,17f7f55abf7149808ac93fbceb62dc4b,159.31173818390957,10,11,11,11,11
7276dc16cea64e208ba78148f84a2889,17f7f55abf7149808ac93fbceb62dc4b,105.09231997382975,8,9,9,3,9
a164e6115b384115b9de06267793bbe4,17f7f55abf7149808ac93fbceb62dc4b,167.23684492900819,3,3,3,3,3
a3bd3b6515934efdb1ff6b342be59cc5,17f7f55abf7149808ac93fbceb62dc4b,46.23597854906708,24,24,23,0,24
63aade4ef90244b1b59d36cad1f4820b,17f7f55abf7149808ac93fbceb62dc4b,143.99624141138995,19,15,14,9,15
e5c0b203639c4d9d8db40684befbd48b,17f7f55abf7149808ac93fbceb62dc4b,101.04175214983228,19,18,18,15,18
b969a80699924a4b9bbed923c1ef4b07,17f7f55abf7149808ac93fbceb62dc4b,122.93214665168976,28,29,29,3,29
68c5c8b4d5b545df9c1ea2c6d336b543,17f7f55abf7149808ac93fbceb62dc4b,58.05151756399242,17,15,15,0,15
b8ec099df4e447dc9447928ac95aaf9d,17f7f55abf7149808ac93fbceb62dc4b,94.20285543034299,64,68,68,68,68
c42aa0f73f8547419963673ae925c575,17f7f55abf7149808ac93fbceb62dc4b,48.88939423383332,10,10,9,10,10
d1df2e58b2174dd7aebd68586872bf5b,17f7f55abf7149808ac93fbceb62dc4b,156.57468289839696,11,13,13,8,13
e44416dcdf7b4bc394b3dfe50617a1d9,17f7f55abf7149808ac93fbceb62dc4b,18.049963543435123,420,424,418,236,424
a6b822fe9719481590437ff8292c0bcb,17f7f55abf7149808ac93fbceb62dc4b,53.978474713448605,20,21,21,7,20
6f9ebd7b61884e24a65d6fa333033090,17f7f55abf7149808ac93fbceb62dc4b,155.40514591187807,7,5,5,5,5
e136847e859d47529a21fe2c38c73659,17f7f55abf7149808ac93fbceb62dc4b,155.8421493132052,46,49,49,44,49
1cd235224eca44ceb2de937dbaf60ff8,17f7f55abf7149808ac93fbceb62dc4b,41.14356254594154,32,34,30,5,34
003bcb3f573445fdb02e534f6809bb80,17f7f55abf7149808ac93fbceb62dc4b,27.88523403788918,54,60,58,2,60
4b03361ad4c24720aa38f690a4c0f72c,17f7f55abf7149808ac93fbceb62dc4b,153.17424449580332,4,4,4,0,4
c77276ec701444e8b5d80f0246970449,17f7f55abf7149808ac93fbceb62dc4b,148.41545043364,9,7,7,7,7
54d98cd1feeb4b6dad7d492872717b6d,17f7f55abf7149808ac93fbceb62dc4b,87.13171434559095,28,24,23,2,24
3782206461b24c88a1b5572e5629f5ac,17f7f55abf7149808ac93fbceb62dc4b,178.47185839072182,1,4,4,4,4
aa92ae01f1274928a5f39b60e47580e0,17f7f55abf7149808ac93fbceb62dc4b,47.92149939481376,35,36,36,38,36
b2a3af88349243fc8d547d13cca318e4,17f7f55abf7149808ac93fbceb62dc4b,67.89036826215283,18,14,14,0,14
bd835120cc8a4a73b78dff54fec17a1d,17f7f55abf7149808ac93fbceb62dc4b,144.9645039138873,3,3,3,0,3
c80aa901af494295a01681e715e84d84,17f7f55abf7149808ac93fbceb62dc4b,163.32287911452687,6,8,8,9,9
5061945e93254692aacbcb251cac4d58,17f7f55abf7149808ac93fbceb62dc4b,4.540160666420879,5550,4924,1399,4891,4923
68ce7c1accfa41ac8f2a14281e3def9e,17f7f55abf7149808ac93fbceb62dc4b,64.21901873622599,73,79,77,18,77
6523cb7dcf1044d6aa19569a4935cb21,17f7f55abf7149808ac93fbceb62dc4b,161.8145310024398,10,11,11,11,11
c50393817e3143218bce64df4e95f8d5,17f7f55abf7149808ac93fbceb62dc4b,60.48080801527178,155,237,229,54,236
b2af2256f87e47bf9621c5840be7f9ed,17f7f55abf7149808ac93fbceb62dc4b,123.10267118295562,5,5,5,5,5
744aab33d1df4e9195e0d42e489fb106,17f7f55abf7149808ac93fbceb62dc4b,87.44848127903622,18,20,19,0,20
a1a0522784494dbf9c62862da8e04040,17f7f55abf7149808ac93fbceb62dc4b,8.250669131226328,5751,5843,3877,5704,5842
991401daee2b4ba18dcd2b2ab4f83e4d,17f7f55abf7149808ac93fbceb62dc4b,5.398595050724786,4746,7478,340,7232,7478
0bcc00b286bc4ec18a739ed14553dd4b,17f7f55abf7149808ac93fbceb62dc4b,24.923891795001364,72,124,124,0,121
ec103baf6d47412e859bea6d1fde39aa,17f7f55abf7149808ac93fbceb62dc4b,25.59541555015436,5749,6801,6471,6608,6789
3dd13103bf374c738574013e503ecd0c,17f7f55abf7149808ac93fbceb62dc4b,18.642043828849932,57,62,57,11,62
5e2701439b0e4344bc0730aa09a3788b,17f7f55abf7149808ac93fbceb62dc4b,21.479464186737875,6586,8744,8164,8413,8740
5dd9e0db3fbd495abdc03eaf1ec428c7,17f7f55abf7149808ac93fbceb62dc4b,139.20123772868266,21,21,21,21,21
863366242006424f8abe014c5e765d35,17f7f55abf7149808ac93fbceb62dc4b,89.13412509198156,26,32,32,0,31
54687629cf024c50803652267b98e47e,17f7f55abf7149808ac93fbceb62dc4b,82.0779022097548,51,55,55,55,55
d45bdb8003ad429794c8b67e07593f4f,17f7f55abf7149808ac93fbceb62dc4b,61.30292699527995,647,735,734,729,735
ecec0edd9bc94bcf8fd36579430e8767,17f7f55abf7149808ac93fbceb62dc4b,26.112117183295396,542,903,830,91,893
