sample_token,annotation_token,instance_token,scene,timestamp,category,range_m,azimuth_deg,margin_m,radar_points,lidar_points
62,62:0,RoadObstruction:1,scene_28_12,3172315028,RoadObstruction-Barrel,248.73436669519106,6.2769061747935,0.0,0,0
62,62:0,RoadObstruction:1,scene_28_12,3172315028,RoadObstruction-Barrel,248.73436669519106,6.2769061747935,0.5,0,6
62,62:1,RoadObstruction:2,scene_28_12,3172315028,RoadObstruction-Barrel,241.36528310944323,6.482782288630828,0.0,0,0
62,62:1,RoadObstruction:2,scene_28_12,3172315028,RoadObstruction-Barrel,241.36528310944323,6.482782288630828,0.5,0,3
62,62:2,TrafficSign:1,scene_28_12,3172315028,TrafficSign,109.1063335166534,-4.7773035610468435,0.0,0,0
62,62:2,TrafficSign:1,scene_28_12,3172315028,TrafficSign,109.1063335166534,-4.7773035610468435,0.5,0,7
62,62:3,TrafficSign:13,scene_28_12,3172315028,TrafficSign,269.9334129601335,13.147120772779665,0.0,0,0
62,62:3,TrafficSign:13,scene_28_12,3172315028,TrafficSign,269.9334129601335,13.147120772779665,0.5,0,2
62,62:4,TrafficSign:15,scene_28_12,3172315028,TrafficSign,138.10875807455486,-13.04908576232375,0.0,0,9
62,62:4,TrafficSign:15,scene_28_12,3172315028,TrafficSign,138.10875807455486,-13.04908576232375,0.5,0,30
62,62:5,TrafficSign:16,scene_28_12,3172315028,TrafficSign,129.41432518802978,-18.92578738386851,0.0,0,0
62,62:5,TrafficSign:16,scene_28_12,3172315028,TrafficSign,129.41432518802978,-18.92578738386851,0.5,0,0
62,62:6,TrafficSign:17,scene_28_12,3172315028,TrafficSign,133.52607099710457,-25.702514791227905,0.0,0,0
62,62:6,TrafficSign:17,scene_28_12,3172315028,TrafficSign,133.52607099710457,-25.702514791227905,0.5,0,0
62,62:7,TrafficSign:2,scene_28_12,3172315028,TrafficSign,26.505301178901995,-162.1082059620563,0.0,0,32
62,62:7,TrafficSign:2,scene_28_12,3172315028,TrafficSign,26.505301178901995,-162.1082059620563,0.5,0,759
62,62:8,TrafficSign:20,scene_28_12,3172315028,TrafficSign,186.4386405191857,29.971470211868958,0.0,0,0
62,62:8,TrafficSign:20,scene_28_12,3172315028,TrafficSign,186.4386405191857,29.971470211868958,0.5,0,1
62,62:9,TrafficSign:27,scene_28_12,3172315028,TrafficSign,159.65938779977373,22.523588359402634,0.0,0,1
62,62:9,TrafficSign:27,scene_28_12,3172315028,TrafficSign,159.65938779977373,22.523588359402634,0.5,0,1
62,62:10,TrafficSign:3,scene_28_12,3172315028,TrafficSign,112.8038754408941,-175.45090554871456,0.0,0,1
62,62:10,TrafficSign:3,scene_28_12,3172315028,TrafficSign,112.8038754408941,-175.45090554871456,0.5,0,69
62,62:11,TrafficSign:30,scene_28_12,3172315028,TrafficSign,252.9392231626578,-177.77628745995085,0.0,0,0
62,62:11,TrafficSign:30,scene_28_12,3172315028,TrafficSign,252.9392231626578,-177.77628745995085,0.5,0,11
62,62:12,TrafficSign:31,scene_28_12,3172315028,TrafficSign,123.40429035468205,148.0377269374121,0.0,0,0
62,62:12,TrafficSign:31,scene_28_12,3172315028,TrafficSign,123.40429035468205,148.0377269374121,0.5,0,3
62,62:13,TrafficSign:4,scene_28_12,3172315028,TrafficSign,34.04241420154192,-52.166567719560014,0.0,0,0
62,62:13,TrafficSign:4,scene_28_12,3172315028,TrafficSign,34.04241420154192,-52.166567719560014,0.5,0,0
62,62:14,TrafficSign:5,scene_28_12,3172315028,TrafficSign,324.7057665298645,-1.7227672872605593,0.0,0,0
62,62:14,TrafficSign:5,scene_28_12,3172315028,TrafficSign,324.7057665298645,-1.7227672872605593,0.5,0,1
62,62:15,TrafficSign:6,scene_28_12,3172315028,TrafficSign,369.5411534971012,-1.3516216337579687,0.0,0,0
62,62:15,TrafficSign:6,scene_28_12,3172315028,TrafficSign,369.5411534971012,-1.3516216337579687,0.5,0,1
62,62:16,TrafficSign:8,scene_28_12,3172315028,TrafficSign,60.056545357400836,130.9475605798225,0.0,0,0
62,62:16,TrafficSign:8,scene_28_12,3172315028,TrafficSign,60.056545357400836,130.9475605798225,0.5,0,4
62,62:18,Vehicle:10,scene_28_12,3172315028,Vehicle-SemiTruck-Trailer,39.93684798131445,53.96642612530494,0.0,28,4604
62,62:18,Vehicle:10,scene_28_12,3172315028,Vehicle-SemiTruck-Trailer,39.93684798131445,53.96642612530494,0.5,37,5113
62,62:19,Vehicle:11,scene_28_12,3172315028,Vehicle-SemiTruck-Cab,181.2493044365843,11.225853372042772,0.0,2,39
62,62:19,Vehicle:11,scene_28_12,3172315028,Vehicle-SemiTruck-Cab,181.2493044365843,11.225853372042772,0.5,3,50
62,62:20,Vehicle:12,scene_28_12,3172315028,Vehicle-SemiTruck-Trailer,192.00694596216567,10.590080070351675,0.0,7,20
62,62:20,Vehicle:12,scene_28_12,3172315028,Vehicle-SemiTruck-Trailer,192.00694596216567,10.590080070351675,0.5,8,20
62,62:21,Vehicle:18,scene_28_12,3172315028,Vehicle-Trailer,283.8610831264732,-6.584686758473829,0.0,0,5
62,62:21,Vehicle:18,scene_28_12,3172315028,Vehicle-Trailer,283.8610831264732,-6.584686758473829,0.5,0,5
62,62:23,Vehicle:24,scene_28_12,3172315028,Vehicle-SemiTruck-Trailer,106.1165920750279,159.70956843312584,0.0,11,48
62,62:23,Vehicle:24,scene_28_12,3172315028,Vehicle-SemiTruck-Trailer,106.1165920750279,159.70956843312584,0.5,32,57
62,62:24,Vehicle:3,scene_28_12,3172315028,Vehicle-Passenger,246.40594865332955,0.7146287780144563,0.0,1,22
62,62:24,Vehicle:3,scene_28_12,3172315028,Vehicle-Passenger,246.40594865332955,0.7146287780144563,0.5,3,30
62,62:25,Vehicle:4,scene_28_12,3172315028,Vehicle-SemiTruck-Trailer,358.0779022464652,-0.26838064253286587,0.0,0,33
62,62:25,Vehicle:4,scene_28_12,3172315028,Vehicle-SemiTruck-Trailer,358.0779022464652,-0.26838064253286587,0.5,0,137
62,62:26,Vehicle:57,scene_28_12,3172315028,Vehicle,99.43400108735084,-165.9555735381605,0.0,9,73
62,62:26,Vehicle:57,scene_28_12,3172315028,Vehicle,99.43400108735084,-165.9555735381605,0.5,11,107
62,62:27,Vehicle:58,scene_28_12,3172315028,Vehicle-SemiTruck-Trailer,109.46797311701881,-168.07109134282825,0.0,11,685
62,62:27,Vehicle:58,scene_28_12,3172315028,Vehicle-SemiTruck-Trailer,109.46797311701881,-168.07109134282825,0.5,15,832
62,62:28,Vehicle:9,scene_28_12,3172315028,Vehicle-SemiTruck-Cab,34.55179045242576,69.19356887706584,0.0,7,3315
62,62:28,Vehicle:9,scene_28_12,3172315028,Vehicle-SemiTruck-Cab,34.55179045242576,69.19356887706584,0.5,7,4209
72,72:0,RoadObstruction:1,scene_28_12,3672287453,RoadObstruction-Barrel,234.0520171871552,6.703206254734642,0.0,0,2
72,72:0,RoadObstruction:1,scene_28_12,3672287453,RoadObstruction-Barrel,234.0520171871552,6.703206254734642,0.5,0,13
72,72:1,RoadObstruction:2,scene_28_12,3672287453,RoadObstruction-Barrel,226.88610674231353,6.961561267038502,0.0,0,0
72,72:1,RoadObstruction:2,scene_28_12,3672287453,RoadObstruction-Barrel,226.88610674231353,6.961561267038502,0.5,0,5
72,72:2,TrafficSign:1,scene_28_12,3672287453,TrafficSign,94.43767905619987,-5.4445375242622776,0.0,0,0
72,72:2,TrafficSign:1,scene_28_12,3672287453,TrafficSign,94.43767905619987,-5.4445375242622776,0.5,0,1
72,72:3,TrafficSign:13,scene_28_12,3672287453,TrafficSign,255.75201261490767,13.90908692900532,0.0,0,0
72,72:3,TrafficSign:13,scene_28_12,3672287453,TrafficSign,255.75201261490767,13.90908692900532,0.5,0,1
72,72:4,TrafficSign:15,scene_28_12,3672287453,TrafficSign,123.84213737160678,-14.517494406464731,0.0,0,14
72,72:4,TrafficSign:15,scene_28_12,3672287453,TrafficSign,123.84213737160678,-14.517494406464731,0.5,0,53
72,72:5,TrafficSign:16,scene_28_12,3672287453,TrafficSign,115.70572351624732,-21.276707979929984,0.0,0,0
72,72:5,TrafficSign:16,scene_28_12,3672287453,TrafficSign,115.70572351624732,-21.276707979929984,0.5,0,0
72,72:6,TrafficSign:17,scene_28_12,3672287453,TrafficSign,120.37989123021167,-28.67492616529571,0.0,0,0
72,72:6,TrafficSign:17,scene_28_12,3672287453,TrafficSign,120.37989123021167,-28.67492616529571,0.5,0,1
72,72:7,TrafficSign:2,scene_28_12,3672287453,TrafficSign,40.570368929795315,-168.39438221522096,0.0,0,2
72,72:7,TrafficSign:2,scene_28_12,3672287453,TrafficSign,40.570368929795315,-168.39438221522096,0.5,1,17
72,72:8,TrafficSign:20,scene_28_12,3672287453,TrafficSign,173.48878707020177,32.51900878216208,0.0,0,0
72,72:8,TrafficSign:20,scene_28_12,3672287453,TrafficSign,173.48878707020177,32.51900878216208,0.5,0,1
72,72:9,TrafficSign:27,scene_28_12,3672287453,TrafficSign,146.25587593462063,24.703103776245193,0.0,0,0
72,72:9,TrafficSign:27,scene_28_12,3672287453,TrafficSign,146.25587593462063,24.703103776245193,0.5,0,1
72,72:10,TrafficSign:3,scene_28_12,3672287453,TrafficSign,127.31395624690096,-175.94711767840207,0.0,0,0
72,72:10,TrafficSign:3,scene_28_12,3672287453,TrafficSign,127.31395624690096,-175.94711767840207,0.5,0,23
72,72:11,TrafficSign:30,scene_28_12,3672287453,TrafficSign,267.80265651196754,-177.84194479128138,0.0,0,4
72,72:11,TrafficSign:30,scene_28_12,3672287453,TrafficSign,267.80265651196754,-177.84194479128138,0.5,0,15
72,72:12,TrafficSign:31,scene_28_12,3672287453,TrafficSign,136.12539975418326,151.2912848091943,0.0,0,0
72,72:12,TrafficSign:31,scene_28_12,3672287453,TrafficSign,136.12539975418326,151.2912848091943,0.5,0,1
72,72:13,TrafficSign:4,scene_28_12,3672287453,TrafficSign,27.543283445441432,-76.73980538659373,0.0,0,0
72,72:13,TrafficSign:4,scene_28_12,3672287453,TrafficSign,27.543283445441432,-76.73980538659373,0.5,0,0
72,72:14,TrafficSign:5,scene_28_12,3672287453,TrafficSign,310.068472558335,-1.7747976432851313,0.0,0,0
72,72:14,TrafficSign:5,scene_28_12,3672287453,TrafficSign,310.068472558335,-1.7747976432851313,0.5,0,0
72,72:15,TrafficSign:6,scene_28_12,3672287453,TrafficSign,354.7900996272767,-1.3685091979289146,0.0,0,0
72,72:15,TrafficSign:6,scene_28_12,3672287453,TrafficSign,354.7900996272767,-1.3685091979289146,0.5,0,0
72,72:16,TrafficSign:8,scene_28_12,3672287453,TrafficSign,70.58604856963332,139.92167954028795,0.0,0,0
72,72:16,TrafficSign:8,scene_28_12,3672287453,TrafficSign,70.58604856963332,139.92167954028795,0.5,0,9
72,72:18,Vehicle:10,scene_28_12,3672287453,Vehicle-SemiTruck-Trailer,33.671165345830296,105.25063332991628,0.0,10,5035
72,72:18,Vehicle:10,scene_28_12,3672287453,Vehicle-SemiTruck-Trailer,33.671165345830296,105.25063332991628,0.5,29,6937
72,72:19,Vehicle:11,scene_28_12,3672287453,Vehicle-SemiTruck-Cab,151.8283587278215,13.317368502813533,0.0,4,10
72,72:19,Vehicle:11,scene_28_12,3672287453,Vehicle-SemiTruck-Cab,151.8283587278215,13.317368502813533,0.5,6,27
72,72:20,Vehicle:12,scene_28_12,3672287453,Vehicle-SemiTruck-Trailer,162.50747245052372,12.429087880120859,0.0,8,34
72,72:20,Vehicle:12,scene_28_12,3672287453,Vehicle-SemiTruck-Trailer,162.50747245052372,12.429087880120859,0.5,9,34
72,72:21,Vehicle:18,scene_28_12,3672287453,Vehicle-Trailer,275.4225210695398,-6.605175698366214,0.0,0,22
72,72:21,Vehicle:18,scene_28_12,3672287453,Vehicle-Trailer,275.4225210695398,-6.605175698366214,0.5,0,34
72,72:23,Vehicle:24,scene_28_12,3672287453,Vehicle-SemiTruck-Trailer,135.5776130146007,164.16363446558861,0.0,12,59
72,72:23,Vehicle:24,scene_28_12,3672287453,Vehicle-SemiTruck-Trailer,135.5776130146007,164.16363446558861,0.5,20,73
72,72:24,Vehicle:3,scene_28_12,3672287453,Vehicle-Passenger,250.6783571335975,0.7371131657259027,0.0,0,16
72,72:24,Vehicle:3,scene_28_12,3672287453,Vehicle-Passenger,250.6783571335975,0.7371131657259027,0.5,1,25
72,72:25,Vehicle:4,scene_28_12,3672287453,Vehicle-SemiTruck-Trailer,359.17966488158856,-0.2035050088514515,0.0,0,31
72,72:25,Vehicle:4,scene_28_12,3672287453,Vehicle-SemiTruck-Trailer,359.17966488158856,-0.2035050088514515,0.5,0,117
72,72:26,Vehicle:57,scene_28_12,3672287453,Vehicle-SemiTruck-Cab,113.30277071727959,-167.57722827643457,0.0,5,612
72,72:26,Vehicle:57,scene_28_12,3672287453,Vehicle-SemiTruck-Cab,113.30277071727959,-167.57722827643457,0.5,10,668
72,72:27,Vehicle:58,scene_28_12,3672287453,Vehicle-SemiTruck-Trailer,123.43330401458535,-169.31993787347662,0.0,8,233
72,72:27,Vehicle:58,scene_28_12,3672287453,Vehicle-SemiTruck-Trailer,123.43330401458535,-169.31993787347662,0.5,11,296
72,72:28,Vehicle:9,scene_28_12,3672287453,Vehicle-SemiTruck-Cab,38.18045392082125,121.71817297577864,0.0,10,576
72,72:28,Vehicle:9,scene_28_12,3672287453,Vehicle-SemiTruck-Cab,38.18045392082125,121.71817297577864,0.5,14,883
82,82:0,RoadObstruction:1,scene_28_12,4172437353,RoadObstruction-Barrel,219.44216160691585,7.247137628997435,0.0,0,0
82,82:0,RoadObstruction:1,scene_28_12,4172437353,RoadObstruction-Barrel,219.44216160691585,7.247137628997435,0.5,0,5
82,82:1,RoadObstruction:2,scene_28_12,4172437353,RoadObstruction-Barrel,212.31785066438593,7.541966164390907,0.0,0,0
82,82:1,RoadObstruction:2,scene_28_12,4172437353,RoadObstruction-Barrel,212.31785066438593,7.541966164390907,0.5,0,2
82,82:2,TrafficSign:1,scene_28_12,4172437353,TrafficSign,79.79779040558546,-6.306334373622374,0.0,0,1
82,82:2,TrafficSign:1,scene_28_12,4172437353,TrafficSign,79.79779040558546,-6.306334373622374,0.5,0,15
82,82:3,TrafficSign:13,scene_28_12,4172437353,TrafficSign,241.5469042256904,14.83636485991744,0.0,0,0
82,82:3,TrafficSign:13,scene_28_12,4172437353,TrafficSign,241.5469042256904,14.83636485991744,0.5,0,0
82,82:4,TrafficSign:15,scene_28_12,4172437353,TrafficSign,109.64568435169527,-16.278742335833673,0.0,0,2
82,82:4,TrafficSign:15,scene_28_12,4172437353,TrafficSign,109.64568435169527,-16.278742335833673,0.5,0,22
82,82:5,TrafficSign:16,scene_28_12,4172437353,TrafficSign,102.1287982736559,-24.127615162681856,0.0,0,0
82,82:5,TrafficSign:16,scene_28_12,4172437353,TrafficSign,102.1287982736559,-24.127615162681856,0.5,1,0
82,82:6,TrafficSign:17,scene_28_12,4172437353,TrafficSign,107.81697364297743,-32.31455596887235,0.0,0,0
82,82:6,TrafficSign:17,scene_28_12,4172437353,TrafficSign,107.81697364297743,-32.31455596887235,0.5,0,0
82,82:7,TrafficSign:2,scene_28_12,4172437353,TrafficSign,54.930824790042415,-171.3717145865485,0.0,0,0
82,82:7,TrafficSign:2,scene_28_12,4172437353,TrafficSign,54.930824790042415,-171.3717145865485,0.5,0,40
82,82:8,TrafficSign:20,scene_28_12,4172437353,TrafficSign,161.2397742766278,35.445186687458545,0.0,0,0
82,82:8,TrafficSign:20,scene_28_12,4172437353,TrafficSign,161.2397742766278,35.445186687458545,0.5,0,4
82,82:9,TrafficSign:27,scene_28_12,4172437353,TrafficSign,133.177347857921,27.36266445887789,0.0,0,0
82,82:9,TrafficSign:27,scene_28_12,4172437353,TrafficSign,133.177347857921,27.36266445887789,0.5,0,3
82,82:10,TrafficSign:3,scene_28_12,4172437353,TrafficSign,141.95817620160705,-176.28541814677524,0.0,0,0
82,82:10,TrafficSign:3,scene_28_12,4172437353,TrafficSign,141.95817620160705,-176.28541814677524,0.5,0,25
82,82:11,TrafficSign:30,scene_28_12,4172437353,TrafficSign,282.54295539713587,-177.86962943149084,0.0,0,0
82,82:11,TrafficSign:30,scene_28_12,4172437353,TrafficSign,282.54295539713587,-177.86962943149084,0.5,0,7
82,82:12,TrafficSign:31,scene_28_12,4172437353,TrafficSign,149.20791865886716,154.0164957649828,0.0,0,0
82,82:12,TrafficSign:31,scene_28_12,4172437353,TrafficSign,149.20791865886716,154.0164957649828,0.5,0,0
82,82:13,TrafficSign:4,scene_28_12,4172437353,TrafficSign,28.052961268102152,-107.09918926446122,0.0,0,0
82,82:13,TrafficSign:4,scene_28_12,4172437353,TrafficSign,28.052961268102152,-107.09918926446122,0.5,0,0
82,82:14,TrafficSign:5,scene_28_12,4172437353,TrafficSign,295.373879016628,-1.7648195663956907,0.0,0,0
82,82:14,TrafficSign:5,scene_28_12,4172437353,TrafficSign,295.373879016628,-1.7648195663956907,0.5,0,1
82,82:15,TrafficSign:6,scene_28_12,4172437353,TrafficSign,340.07160703501825,-1.3301982490130813,0.0,0,0
82,82:15,TrafficSign:6,scene_28_12,4172437353,TrafficSign,340.07160703501825,-1.3301982490130813,0.5,0,0
82,82:17,Vehicle:10,scene_28_12,4172437353,Vehicle-SemiTruck-Trailer,52.60102446441339,141.6699993567553,0.0,16,190
82,82:17,Vehicle:10,scene_28_12,4172437353,Vehicle-SemiTruck-Trailer,52.60102446441339,141.6699993567553,0.5,37,301
82,82:18,Vehicle:11,scene_28_12,4172437353,Vehicle-SemiTruck-Cab,123.12745359978321,16.633767690611805,0.0,5,14
82,82:18,Vehicle:11,scene_28_12,4172437353,Vehicle-SemiTruck-Cab,123.12745359978321,16.633767690611805,0.5,5,16
82,82:19,Vehicle:12,scene_28_12,4172437353,Vehicle-SemiTruck-Trailer,133.6614908303606,15.296496346170843,0.0,14,12
82,82:19,Vehicle:12,scene_28_12,4172437353,Vehicle-SemiTruck-Trailer,133.6614908303606,15.296496346170843,0.5,15,15
82,82:20,Vehicle:18,scene_28_12,4172437353,Vehicle-Trailer,267.21143088965016,-6.5478846371206165,0.0,0,14
82,82:20,Vehicle:18,scene_28_12,4172437353,Vehicle-Trailer,267.21143088965016,-6.5478846371206165,0.5,0,39
82,82:22,Vehicle:24,scene_28_12,4172437353,Vehicle-SemiTruck-Trailer,166.57316252375364,167.02503284466937,0.0,0,70
82,82:22,Vehicle:24,scene_28_12,4172437353,Vehicle-SemiTruck-Trailer,166.57316252375364,167.02503284466937,0.5,2,77
82,82:23,Vehicle:3,scene_28_12,4172437353,Vehicle-Passenger,254.33639212855184,0.8184402302607999,0.0,0,6
82,82:23,Vehicle:3,scene_28_12,4172437353,Vehicle-Passenger,254.33639212855184,0.8184402302607999,0.5,0,21
82,82:24,Vehicle:4,scene_28_12,4172437353,Vehicle-SemiTruck-Trailer,360.1868575987745,-0.09813687045598159,0.0,0,58
82,82:24,Vehicle:4,scene_28_12,4172437353,Vehicle-SemiTruck-Trailer,360.1868575987745,-0.09813687045598159,0.5,0,151
82,82:25,Vehicle:57,scene_28_12,4172437353,Vehicle-SemiTruck-Cab,127.59455838436871,-168.8653149821187,0.0,7,613
82,82:25,Vehicle:57,scene_28_12,4172437353,Vehicle-SemiTruck-Cab,127.59455838436871,-168.8653149821187,0.5,8,627
82,82:26,Vehicle:58,scene_28_12,4172437353,Vehicle-SemiTruck-Trailer,137.80018340552053,-170.3259375979642,0.0,8,204
82,82:26,Vehicle:58,scene_28_12,4172437353,Vehicle-SemiTruck-Trailer,137.80018340552053,-170.3259375979642,0.5,10,229
82,82:27,Vehicle:9,scene_28_12,4172437353,Vehicle-SemiTruck-Cab,61.775685764808294,148.1533553503016,0.0,9,5
82,82:27,Vehicle:9,scene_28_12,4172437353,Vehicle-SemiTruck-Cab,61.775685764808294,148.1533553503016,0.5,13,74
82,82:28,TrafficSign:8,scene_28_12,4172437353,TrafficSign,82.47022475592567,146.53438735932914,0.0,0,0
82,82:28,TrafficSign:8,scene_28_12,4172437353,TrafficSign,82.47022475592567,146.53438735932914,0.5,0,0
92,92:0,RoadObstruction:1,scene_28_12,4672409828,RoadObstruction-Barrel,204.85237806454052,7.77241873105015,0.0,0,0
92,92:0,RoadObstruction:1,scene_28_12,4672409828,RoadObstruction-Barrel,204.85237806454052,7.77241873105015,0.5,0,13
92,92:1,RoadObstruction:2,scene_28_12,4672409828,RoadObstruction-Barrel,197.6915866443452,8.100529006150323,0.0,0,0
92,92:1,RoadObstruction:2,scene_28_12,4672409828,RoadObstruction-Barrel,197.6915866443452,8.100529006150323,0.5,0,6
92,92:2,TrafficSign:1,scene_28_12,4672409828,TrafficSign,65.20001196296947,-7.70127857236781,0.0,0,0
92,92:2,TrafficSign:1,scene_28_12,4672409828,TrafficSign,65.20001196296947,-7.70127857236781,0.5,0,11
92,92:3,TrafficSign:13,scene_28_12,4672409828,TrafficSign,227.19717912054216,15.847812759527008,0.0,0,0
92,92:3,TrafficSign:13,scene_28_12,4672409828,TrafficSign,227.19717912054216,15.847812759527008,0.5,0,8
92,92:4,TrafficSign:15,scene_28_12,4672409828,TrafficSign,95.58195033943129,-18.719633925797073,0.0,0,0
92,92:4,TrafficSign:15,scene_28_12,4672409828,TrafficSign,95.58195033943129,-18.719633925797073,0.5,0,3
92,92:5,TrafficSign:16,scene_28_12,4672409828,TrafficSign,88.83313445923362,-27.954778823059435,0.0,0,0
92,92:5,TrafficSign:16,scene_28_12,4672409828,TrafficSign,88.83313445923362,-27.954778823059435,0.5,0,0
92,92:6,TrafficSign:17,scene_28_12,4672409828,TrafficSign,95.7668253230715,-37.129094055596944,0.0,0,0
92,92:6,TrafficSign:17,scene_28_12,4672409828,TrafficSign,95.7668253230715,-37.129094055596944,0.5,0,0
92,92:7,TrafficSign:2,scene_28_12,4672409828,TrafficSign,69.53841734254596,-173.1831859598232,0.0,0,0
92,92:7,TrafficSign:2,scene_28_12,4672409828,TrafficSign,69.53841734254596,-173.1831859598232,0.5,0,31
92,92:8,TrafficSign:20,scene_28_12,4672409828,TrafficSign,149.54245040783803,38.71619410461341,0.0,0,0
92,92:8,TrafficSign:20,scene_28_12,4672409828,TrafficSign,149.54245040783803,38.71619410461341,0.5,0,2
92,92:9,TrafficSign:27,scene_28_12,4672409828,TrafficSign,120.3996057249481,30.50555967064326,0.0,0,0
92,92:9,TrafficSign:27,scene_28_12,4672409828,TrafficSign,120.3996057249481,30.50555967064326,0.5,0,5
92,92:10,TrafficSign:3,scene_28_12,4672409828,TrafficSign,156.71144791513885,-176.6437078947442,0.0,0,0
92,92:10,TrafficSign:3,scene_28_12,4672409828,TrafficSign,156.71144791513885,-176.6437078947442,0.5,0,11
92,92:11,TrafficSign:30,scene_28_12,4672409828,TrafficSign,297.30326010605074,-178.00186418523987,0.0,0,0
92,92:11,TrafficSign:30,scene_28_12,4672409828,TrafficSign,297.30326010605074,-178.00186418523987,0.5,0,0
92,92:12,TrafficSign:4,scene_28_12,4672409828,TrafficSign,35.35410958195079,-130.4818489689996,0.0,0,0
92,92:12,TrafficSign:4,scene_28_12,4672409828,TrafficSign,35.35410958195079,-130.4818489689996,0.5,0,6
92,92:13,TrafficSign:5,scene_28_12,4672409828,TrafficSign,280.61553870047373,-1.856205624674525,0.0,0,0
92,92:13,TrafficSign:5,scene_28_12,4672409828,TrafficSign,280.61553870047373,-1.856205624674525,0.5,1,4
92,92:14,TrafficSign:6,scene_28_12,4672409828,TrafficSign,325.31367791881394,-1.3931198539431786,0.0,0,0
92,92:14,TrafficSign:6,scene_28_12,4672409828,TrafficSign,325.31367791881394,-1.3931198539431786,0.5,0,0
92,92:15,TrafficSign:8,scene_28_12,4672409828,TrafficSign,95.23348954595811,151.36741152815975,0.0,0,0
92,92:15,TrafficSign:8,scene_28_12,4672409828,TrafficSign,95.23348954595811,151.36741152815975,0.5,0,26
92,92:17,Vehicle:10,scene_28_12,4672409828,Vehicle-SemiTruck-Trailer,79.86218981539658,155.75884706753843,0.0,11,113
92,92:17,Vehicle:10,scene_28_12,4672409828,Vehicle-SemiTruck-Trailer,79.86218981539658,155.75884706753843,0.5,31,168
92,92:18,Vehicle:11,scene_28_12,4672409828,Vehicle-SemiTruck-Cab,95.34987883787399,22.06104010339074,0.0,5,29
92,92:18,Vehicle:11,scene_28_12,4672409828,Vehicle-SemiTruck-Cab,95.34987883787399,22.06104010339074,0.5,5,37
92,92:19,Vehicle:12,scene_28_12,4672409828,Vehicle-SemiTruck-Trailer,105.58556035308438,19.83349246478651,0.0,15,17
92,92:19,Vehicle:12,scene_28_12,4672409828,Vehicle-SemiTruck-Trailer,105.58556035308438,19.83349246478651,0.5,17,33
92,92:21,Vehicle:24,scene_28_12,4672409828,Vehicle-SemiTruck-Trailer,198.35163945602199,168.9012849238631,0.0,0,11
92,92:21,Vehicle:24,scene_28_12,4672409828,Vehicle-SemiTruck-Trailer,198.35163945602199,168.9012849238631,0.5,0,15
92,92:22,Vehicle:3,scene_28_12,4672409828,Vehicle-Passenger,257.57513383469023,0.8022688061178964,0.0,0,20
92,92:22,Vehicle:3,scene_28_12,4672409828,Vehicle-Passenger,257.57513383469023,0.8022688061178964,0.5,0,31
92,92:23,Vehicle:4,scene_28_12,4672409828,Vehicle-SemiTruck-Trailer,361.1402323278171,-0.10480163537834203,0.0,0,47
92,92:23,Vehicle:4,scene_28_12,4672409828,Vehicle-SemiTruck-Trailer,361.1402323278171,-0.10480163537834203,0.5,0,132
92,92:24,Vehicle:57,scene_28_12,4672409828,Vehicle-SemiTruck-Cab,142.10979294805549,-170.01975317352466,0.0,3,440
92,92:24,Vehicle:57,scene_28_12,4672409828,Vehicle-SemiTruck-Cab,142.10979294805549,-170.01975317352466,0.5,4,448
92,92:25,Vehicle:58,scene_28_12,4672409828,Vehicle-SemiTruck-Trailer,152.37275756461244,-171.2642900181742,0.0,3,209
92,92:25,Vehicle:58,scene_28_12,4672409828,Vehicle-SemiTruck-Trailer,152.37275756461244,-171.2642900181742,0.5,6,222
92,92:26,Vehicle:9,scene_28_12,4672409828,Vehicle-SemiTruck-Cab,90.18099472264547,158.69572794175355,0.0,6,8
92,92:26,Vehicle:9,scene_28_12,4672409828,Vehicle-SemiTruck-Cab,90.18099472264547,158.69572794175355,0.5,10,9
92,92:27,TrafficSign:31,scene_28_12,4672409828,TrafficSign,162.60358644421967,156.20016825574913,0.0,0,0
92,92:27,TrafficSign:31,scene_28_12,4672409828,TrafficSign,162.60358644421967,156.20016825574913,0.5,0,0
92,92:28,Vehicle:18,scene_28_12,4672409828,Vehicle-Trailer,259.2000868614938,-6.53586747502449,0.0,0,0
92,92:28,Vehicle:18,scene_28_12,4672409828,Vehicle-Trailer,259.2000868614938,-6.53586747502449,0.5,0,0
102,102:0,RoadObstruction:1,scene_28_12,5172392453,RoadObstruction-Barrel,190.25176917185013,8.390510684503296,0.0,0,0
102,102:0,RoadObstruction:1,scene_28_12,5172392453,RoadObstruction-Barrel,190.25176917185013,8.390510684503296,0.5,0,8
102,102:1,RoadObstruction:2,scene_28_12,5172392453,RoadObstruction-Barrel,183.01919317375956,8.766617209322355,0.0,0,0
102,102:1,RoadObstruction:2,scene_28_12,5172392453,RoadObstruction-Barrel,183.01919317375956,8.766617209322355,0.5,0,4
102,102:2,TrafficSign:1,scene_28_12,5172392453,TrafficSign,50.624679331344005,-9.899255663720124,0.0,0,0
102,102:2,TrafficSign:1,scene_28_12,5172392453,TrafficSign,50.624679331344005,-9.899255663720124,0.5,0,104
102,102:3,TrafficSign:15,scene_28_12,5172392453,TrafficSign,81.66115433909098,-22.00280007033689,0.0,0,0
102,102:3,TrafficSign:15,scene_28_12,5172392453,TrafficSign,81.66115433909098,-22.00280007033689,0.5,0,5
102,102:4,TrafficSign:16,scene_28_12,5172392453,TrafficSign,75.9952698051897,-33.15275153603467,0.0,0,0
102,102:4,TrafficSign:16,scene_28_12,5172392453,TrafficSign,75.9952698051897,-33.15275153603467,0.5,0,0
102,102:5,TrafficSign:17,scene_28_12,5172392453,TrafficSign,84.4394598006821,-43.304851784599,0.0,0,0
102,102:5,TrafficSign:17,scene_28_12,5172392453,TrafficSign,84.4394598006821,-43.304851784599,0.5,0,0
102,102:6,TrafficSign:2,scene_28_12,5172392453,TrafficSign,84.30710570692024,-174.37770461907024,0.0,0,1
102,102:6,TrafficSign:2,scene_28_12,5172392453,TrafficSign,84.30710570692024,-174.37770461907024,0.5,0,5
102,102:7,TrafficSign:20,scene_28_12,5172392453,TrafficSign,138.65129832671863,42.59104656134885,0.0,0,1
102,102:7,TrafficSign:20,scene_28_12,5172392453,TrafficSign,138.65129832671863,42.59104656134885,0.5,0,2
102,102:8,TrafficSign:27,scene_28_12,5172392453,TrafficSign,107.99287542803987,34.47385696975764,0.0,0,1
102,102:8,TrafficSign:27,scene_28_12,5172392453,TrafficSign,107.99287542803987,34.47385696975764,0.5,0,5
102,102:9,TrafficSign:3,scene_28_12,5172392453,TrafficSign,171.55969066823624,-176.93742443256184,0.0,0,0
102,102:9,TrafficSign:3,scene_28_12,5172392453,TrafficSign,171.55969066823624,-176.93742443256184,0.5,0,0
102,102:10,TrafficSign:30,scene_28_12,5172392453,TrafficSign,312.0638222098225,-178.10361719896605,0.0,0,0
102,102:10,TrafficSign:30,scene_28_12,5172392453,TrafficSign,312.0638222098225,-178.10361719896605,0.5,0,0
102,102:11,TrafficSign:31,scene_28_12,5172392453,TrafficSign,176.28194125977274,158.07099721592007,0.0,0,0
102,102:11,TrafficSign:31,scene_28_12,5172392453,TrafficSign,176.28194125977274,158.07099721592007,0.5,0,0
102,102:12,TrafficSign:4,scene_28_12,5172392453,TrafficSign,46.370427143375004,-144.5054192839779,0.0,0,0
102,102:12,TrafficSign:4,scene_28_12,5172392453,TrafficSign,46.370427143375004,-144.5054192839779,0.5,1,8
102,102:13,TrafficSign:5,scene_28_12,5172392453,TrafficSign,265.8084019474799,-1.947558319866428,0.0,0,0
102,102:13,TrafficSign:5,scene_28_12,5172392453,TrafficSign,265.8084019474799,-1.947558319866428,0.5,0,0
102,102:14,TrafficSign:6,scene_28_12,5172392453,TrafficSign,310.5068224510373,-1.4517430880270596,0.0,0,0
102,102:14,TrafficSign:6,scene_28_12,5172392453,TrafficSign,310.5068224510373,-1.4517430880270596,0.5,0,0
102,102:15,TrafficSign:8,scene_28_12,5172392453,TrafficSign,108.56535591731121,155.03968069527969,0.0,0,0
102,102:15,TrafficSign:8,scene_28_12,5172392453,TrafficSign,108.56535591731121,155.03968069527969,0.5,0,24
102,102:17,Vehicle:10,scene_28_12,5172392453,Vehicle-SemiTruck-Trailer,109.25922170003564,162.44020512162132,0.0,6,179
102,102:17,Vehicle:10,scene_28_12,5172392453,Vehicle-SemiTruck-Trailer,109.25922170003564,162.44020512162132,0.5,21,186
102,102:18,Vehicle:11,scene_28_12,5172392453,Vehicle-SemiTruck-Cab,68.75510142652566,31.985202754986393,0.0,19,69
102,102:18,Vehicle:11,scene_28_12,5172392453,Vehicle-SemiTruck-Cab,68.75510142652566,31.985202754986393,0.5,22,138
102,102:19,Vehicle:12,scene_28_12,5172392453,Vehicle-SemiTruck-Trailer,78.26986533163736,27.737998787528714,0.0,27,90
102,102:19,Vehicle:12,scene_28_12,5172392453,Vehicle-SemiTruck-Trailer,78.26986533163736,27.737998787528714,0.5,28,191
102,102:20,Vehicle:18,scene_28_12,5172392453,Vehicle-Trailer,251.11907169379526,-6.471129045959431,0.0,0,22
102,102:20,Vehicle:18,scene_28_12,5172392453,Vehicle-Trailer,251.11907169379526,-6.471129045959431,0.5,1,44
102,102:22,Vehicle:24,scene_28_12,5172392453,Vehicle-SemiTruck-Trailer,229.85350676888615,170.32253328039968,0.0,0,17
102,102:22,Vehicle:24,scene_28_12,5172392453,Vehicle-SemiTruck-Trailer,229.85350676888615,170.32253328039968,0.5,1,18
102,102:23,Vehicle:3,scene_28_12,5172392453,Vehicle-Passenger,260.79730688277425,0.7873850912037094,0.0,0,17
102,102:23,Vehicle:3,scene_28_12,5172392453,Vehicle-Passenger,260.79730688277425,0.7873850912037094,0.5,0,31
102,102:24,Vehicle:4,scene_28_12,5172392453,Vehicle-SemiTruck-Trailer,361.96259543466005,-0.10105991161796403,0.0,0,36
102,102:24,Vehicle:4,scene_28_12,5172392453,Vehicle-SemiTruck-Trailer,361.96259543466005,-0.10105991161796403,0.5,0,144
102,102:25,Vehicle:57,scene_28_12,5172392453,Vehicle-SemiTruck-Cab,156.78211346475553,-170.97881539182063,0.0,4,280
102,102:25,Vehicle:57,scene_28_12,5172392453,Vehicle-SemiTruck-Cab,156.78211346475553,-170.97881539182063,0.5,9,286
102,102:26,Vehicle:58,scene_28_12,5172392453,Vehicle-SemiTruck-Trailer,167.09015715247233,-172.05499930764054,0.0,6,140
102,102:26,Vehicle:58,scene_28_12,5172392453,Vehicle-SemiTruck-Trailer,167.09015715247233,-172.05499930764054,0.5,10,162
102,102:27,Vehicle:9,scene_28_12,5172392453,Vehicle-SemiTruck-Cab,119.91214622848199,164.0573025772754,0.0,2,8
102,102:27,Vehicle:9,scene_28_12,5172392453,Vehicle-SemiTruck-Cab,119.91214622848199,164.0573025772754,0.5,6,15
102,102:28,TrafficSign:13,scene_28_12,5172392453,TrafficSign,212.88768985751332,17.11311060354545,0.0,0,0
102,102:28,TrafficSign:13,scene_28_12,5172392453,TrafficSign,212.88768985751332,17.11311060354545,0.5,0,0
114,114:0,RoadObstruction:2,scene_28_12,5772292203,RoadObstruction-Barrel,165.41931095667152,9.619326448619505,0.0,0,0
114,114:0,RoadObstruction:2,scene_28_12,5772292203,RoadObstruction-Barrel,165.41931095667152,9.619326448619505,0.5,0,0
114,114:1,TrafficSign:1,scene_28_12,5772292203,TrafficSign,33.189407881516345,-15.268576886915199,0.0,0,1
114,114:1,TrafficSign:1,scene_28_12,5772292203,TrafficSign,33.189407881516345,-15.268576886915199,0.5,1,196
114,114:2,TrafficSign:13,scene_28_12,5772292203,TrafficSign,195.77403055647642,18.777252792205946,0.0,0,0
114,114:2,TrafficSign:13,scene_28_12,5772292203,TrafficSign,195.77403055647642,18.777252792205946,0.5,0,0
114,114:3,TrafficSign:15,scene_28_12,5772292203,TrafficSign,65.43792615604676,-27.98330011039854,0.0,0,0
114,114:3,TrafficSign:15,scene_28_12,5772292203,TrafficSign,65.43792615604676,-27.98330011039854,0.5,0,8
114,114:4,TrafficSign:16,scene_28_12,5772292203,TrafficSign,61.89048140268127,-42.39091901756805,0.0,0,2
114,114:4,TrafficSign:16,scene_28_12,5772292203,TrafficSign,61.89048140268127,-42.39091901756805,0.5,1,10
114,114:5,TrafficSign:17,scene_28_12,5772292203,TrafficSign,72.49659684765969,-53.150097365314195,0.0,0,0
114,114:5,TrafficSign:17,scene_28_12,5772292203,TrafficSign,72.49659684765969,-53.150097365314195,0.5,0,0
114,114:6,TrafficSign:2,scene_28_12,5772292203,TrafficSign,102.10457444831721,-175.44635994187095,0.0,0,0
114,114:6,TrafficSign:2,scene_28_12,5772292203,TrafficSign,102.10457444831721,-175.44635994187095,0.5,0,27
114,114:7,TrafficSign:20,scene_28_12,5772292203,TrafficSign,126.72080436616898,47.917972352742325,0.0,0,0
114,114:7,TrafficSign:20,scene_28_12,5772292203,TrafficSign,126.72080436616898,47.917972352742325,0.5,0,2
114,114:8,TrafficSign:27,scene_28_12,5772292203,TrafficSign,93.79427981833346,40.50906501480665,0.0,0,0
114,114:8,TrafficSign:27,scene_28_12,5772292203,TrafficSign,93.79427981833346,40.50906501480665,0.5,0,6
114,114:9,TrafficSign:3,scene_28_12,5772292203,TrafficSign,189.4880544979254,-177.32972468105953,0.0,0,0
114,114:9,TrafficSign:3,scene_28_12,5772292203,TrafficSign,189.4880544979254,-177.32972468105953,0.5,0,43
114,114:10,TrafficSign:30,scene_28_12,5772292203,TrafficSign,329.5471833979737,-178.26288135231417,0.0,0,0
114,114:10,TrafficSign:30,scene_28_12,5772292203,TrafficSign,329.5471833979737,-178.26288135231417,0.5,0,0
114,114:11,TrafficSign:31,scene_28_12,5772292203,TrafficSign,193.01282196112746,159.8782249309406,0.0,0,0
114,114:11,TrafficSign:31,scene_28_12,5772292203,TrafficSign,193.01282196112746,159.8782249309406,0.5,0,0
114,114:12,TrafficSign:4,scene_28_12,5772292203,TrafficSign,61.8341550430777,-154.25126675930792,0.0,0,0
114,114:12,TrafficSign:4,scene_28_12,5772292203,TrafficSign,61.8341550430777,-154.25126675930792,0.5,0,6
114,114:13,TrafficSign:5,scene_28_12,5772292203,TrafficSign,247.97663774801603,-2.187488684931949,0.0,0,0
114,114:13,TrafficSign:5,scene_28_12,5772292203,TrafficSign,247.97663774801603,-2.187488684931949,0.5,0,1
114,114:14,TrafficSign:6,scene_28_12,5772292203,TrafficSign,292.7228801851331,-1.643645495135987,0.0,0,0
114,114:14,TrafficSign:6,scene_28_12,5772292203,TrafficSign,292.7228801851331,-1.643645495135987,0.5,0,2
114,114:15,TrafficSign:8,scene_28_12,5772292203,TrafficSign,124.98793938863668,158.2644473165834,0.0,0,0
114,114:15,TrafficSign:8,scene_28_12,5772292203,TrafficSign,124.98793938863668,158.2644473165834,0.5,1,12
114,114:17,Vehicle:10,scene_28_12,5772292203,Vehicle-SemiTruck-Trailer,146.64404483896672,166.77965577999322,0.0,2,120
114,114:17,Vehicle:10,scene_28_12,5772292203,Vehicle-SemiTruck-Trailer,146.64404483896672,166.77965577999322,0.5,5,124
114,114:18,Vehicle:11,scene_28_12,5772292203,Vehicle-SemiTruck-Cab,42.62912539301441,59.1232143116611,0.0,7,1282
114,114:18,Vehicle:11,scene_28_12,5772292203,Vehicle-SemiTruck-Cab,42.62912539301441,59.1232143116611,0.5,7,1493
114,114:19,Vehicle:12,scene_28_12,5772292203,Vehicle-SemiTruck-Trailer,49.14907093197326,48.09019672748961,0.0,27,1495
114,114:19,Vehicle:12,scene_28_12,5772292203,Vehicle-SemiTruck-Trailer,49.14907093197326,48.09019672748961,0.5,27,1984
114,114:20,Vehicle:18,scene_28_12,5772292203,Vehicle-Trailer,241.56629727532206,-6.507039788971984,0.0,1,12
114,114:20,Vehicle:18,scene_28_12,5772292203,Vehicle-Trailer,241.56629727532206,-6.507039788971984,0.5,2,54
114,114:22,Vehicle:24,scene_28_12,5772292203,Vehicle-SemiTruck-Trailer,266.37027714326297,171.48715170614395,0.0,0,12
114,114:22,Vehicle:24,scene_28_12,5772292203,Vehicle-SemiTruck-Trailer,266.37027714326297,171.48715170614395,0.5,0,20
114,114:23,Vehicle:3,scene_28_12,5772292203,Vehicle-Passenger,264.9111255820838,0.6505013167961975,0.0,0,7
114,114:23,Vehicle:3,scene_28_12,5772292203,Vehicle-Passenger,264.9111255820838,0.6505013167961975,0.5,1,37
114,114:24,Vehicle:4,scene_28_12,5772292203,Vehicle-SemiTruck-Trailer,362.9538482764101,-0.19924239361258195,0.0,0,63
114,114:24,Vehicle:4,scene_28_12,5772292203,Vehicle-SemiTruck-Trailer,362.9538482764101,-0.19924239361258195,0.5,0,126
114,114:25,Vehicle:57,scene_28_12,5772292203,Vehicle-SemiTruck-Cab,174.50358823314173,-172.02600833937518,0.0,2,224
114,114:25,Vehicle:57,scene_28_12,5772292203,Vehicle-SemiTruck-Cab,174.50358823314173,-172.02600833937518,0.5,4,226
114,114:26,Vehicle:58,scene_28_12,5772292203,Vehicle-SemiTruck-Trailer,184.86166059673218,-172.94768634874052,0.0,2,66
114,114:26,Vehicle:58,scene_28_12,5772292203,Vehicle-SemiTruck-Trailer,184.86166059673218,-172.94768634874052,0.5,4,72
114,114:27,Vehicle:9,scene_28_12,5772292203,Vehicle-SemiTruck-Cab,157.50185497346123,167.70568505236815,0.0,0,9
114,114:27,Vehicle:9,scene_28_12,5772292203,Vehicle-SemiTruck-Cab,157.50185497346123,167.70568505236815,0.5,1,9
114,114:28,RoadObstruction:1,scene_28_12,5772292203,RoadObstruction-Barrel,172.65284922843406,9.165526222455066,0.0,0,0
114,114:28,RoadObstruction:1,scene_28_12,5772292203,RoadObstruction-Barrel,172.65284922843406,9.165526222455066,0.5,0,0
124,124:0,RoadObstruction:1,scene_28_12,6272442303,RoadObstruction-Barrel,157.9450107194426,9.948652648812399,0.0,0,0
124,124:0,RoadObstruction:1,scene_28_12,6272442303,RoadObstruction-Barrel,157.9450107194426,9.948652648812399,0.5,1,2
124,124:1,RoadObstruction:2,scene_28_12,6272442303,RoadObstruction-Barrel,150.78002662282594,10.491009842246893,0.0,0,0
124,124:1,RoadObstruction:2,scene_28_12,6272442303,RoadObstruction-Barrel,150.78002662282594,10.491009842246893,0.5,1,0
124,124:2,TrafficSign:1,scene_28_12,6272442303,TrafficSign,19.1914156611022,-26.988270575982167,0.0,0,0
124,124:2,TrafficSign:1,scene_28_12,6272442303,TrafficSign,19.1914156611022,-26.988270575982167,0.5,0,0
124,124:3,TrafficSign:13,scene_28_12,6272442303,TrafficSign,181.69983529848594,20.242583105001327,0.0,0,0
124,124:3,TrafficSign:13,scene_28_12,6272442303,TrafficSign,181.69983529848594,20.242583105001327,0.5,0,0
124,124:4,TrafficSign:15,scene_28_12,6272442303,TrafficSign,52.72543209928475,-35.80696509947073,0.0,0,0
124,124:4,TrafficSign:15,scene_28_12,6272442303,TrafficSign,52.72543209928475,-35.80696509947073,0.5,0,6
124,124:5,TrafficSign:16,scene_28_12,6272442303,TrafficSign,51.964353203369555,-53.69118590927699,0.0,0,3
124,124:5,TrafficSign:16,scene_28_12,6272442303,TrafficSign,51.964353203369555,-53.69118590927699,0.5,0,13
124,124:6,TrafficSign:17,scene_28_12,6272442303,TrafficSign,64.66540691651635,-63.638947942655676,0.0,1,0
124,124:6,TrafficSign:17,scene_28_12,6272442303,TrafficSign,64.66540691651635,-63.638947942655676,0.5,1,0
124,124:7,TrafficSign:2,scene_28_12,6272442303,TrafficSign,116.95560982402425,-176.08902822580416,0.0,0,0
124,124:7,TrafficSign:2,scene_28_12,6272442303,TrafficSign,116.95560982402425,-176.08902822580416,0.5,0,19
124,124:8,TrafficSign:27,scene_28_12,6272442303,TrafficSign,82.96437183885583,47.06455186012258,0.0,0,0
124,124:8,TrafficSign:27,scene_28_12,6272442303,TrafficSign,82.96437183885583,47.06455186012258,0.5,0,6
124,124:9,TrafficSign:3,scene_28_12,6272442303,TrafficSign,204.33394278535857,-177.6157405892908,0.0,0,0
124,124:9,TrafficSign:3,scene_28_12,6272442303,TrafficSign,204.33394278535857,-177.6157405892908,0.5,0,19
124,124:10,TrafficSign:31,scene_28_12,6272442303,TrafficSign,207.08057175617597,161.14122050632335,0.0,0,0
124,124:10,TrafficSign:31,scene_28_12,6272442303,TrafficSign,207.08057175617597,161.14122050632335,0.5,0,0
124,124:11,TrafficSign:4,scene_28_12,6272442303,TrafficSign,75.5921789461683,-159.22855862597189,0.0,0,0
124,124:11,TrafficSign:4,scene_28_12,6272442303,TrafficSign,75.5921789461683,-159.22855862597189,0.5,0,14
124,124:12,TrafficSign:5,scene_28_12,6272442303,TrafficSign,233.06724906482222,-2.4165482810452623,0.0,0,0
124,124:12,TrafficSign:5,scene_28_12,6272442303,TrafficSign,233.06724906482222,-2.4165482810452623,0.5,0,3
124,124:13,TrafficSign:6,scene_28_12,6272442303,TrafficSign,277.84015169786204,-1.8249709058721522,0.0,0,0
124,124:13,TrafficSign:6,scene_28_12,6272442303,TrafficSign,277.84015169786204,-1.8249709058721522,0.5,0,0
124,124:14,TrafficSign:8,scene_28_12,6272442303,TrafficSign,138.9348697062154,160.32688038883575,0.0,0,0
124,124:14,TrafficSign:8,scene_28_12,6272442303,TrafficSign,138.9348697062154,160.32688038883575,0.5,0,5
124,124:16,Vehicle:10,scene_28_12,6272442303,Vehicle-SemiTruck-Trailer,178.65047064738883,168.96817260503303,0.0,1,76
124,124:16,Vehicle:10,scene_28_12,6272442303,Vehicle-SemiTruck-Trailer,178.65047064738883,168.96817260503303,0.5,4,87
124,124:17,Vehicle:11,scene_28_12,6272442303,Vehicle-SemiTruck-Cab,37.54091176925196,102.98151307279029,0.0,1,2127
124,124:17,Vehicle:11,scene_28_12,6272442303,Vehicle-SemiTruck-Cab,37.54091176925196,102.98151307279029,0.5,5,2910
124,124:18,Vehicle:12,scene_28_12,6272442303,Vehicle-SemiTruck-Trailer,36.6394616366375,86.08967228824272,0.0,16,17682
124,124:18,Vehicle:12,scene_28_12,6272442303,Vehicle-SemiTruck-Trailer,36.6394616366375,86.08967228824272,0.5,16,19329
124,124:19,Vehicle:18,scene_28_12,6272442303,Vehicle-Trailer,233.71261549279518,-6.557314276242133,0.0,1,24
124,124:19,Vehicle:18,scene_28_12,6272442303,Vehicle-Trailer,233.71261549279518,-6.557314276242133,0.5,1,106
124,124:21,Vehicle:3,scene_28_12,6272442303,Vehicle-Passenger,268.3741700396039,0.5231368074508751,0.0,0,6
124,124:21,Vehicle:3,scene_28_12,6272442303,Vehicle-Passenger,268.3741700396039,0.5231368074508751,0.5,0,25
124,124:22,Vehicle:4,scene_28_12,6272442303,Vehicle-SemiTruck-Trailer,363.8512346023589,-0.30138078919727246,0.0,0,38
124,124:22,Vehicle:4,scene_28_12,6272442303,Vehicle-SemiTruck-Trailer,363.8512346023589,-0.30138078919727246,0.5,0,93
124,124:23,Vehicle:57,scene_28_12,6272442303,Vehicle-SemiTruck-Cab,189.2898284512466,-172.76263781114565,0.0,2,126
124,124:23,Vehicle:57,scene_28_12,6272442303,Vehicle-SemiTruck-Cab,189.2898284512466,-172.76263781114565,0.5,5,129
124,124:24,Vehicle:58,scene_28_12,6272442303,Vehicle-SemiTruck-Trailer,199.68700638182082,-173.58424040965284,0.0,5,72
124,124:24,Vehicle:58,scene_28_12,6272442303,Vehicle-SemiTruck-Trailer,199.68700638182082,-173.58424040965284,0.5,7,77
124,124:25,TrafficSign:20,scene_28_12,6272442303,TrafficSign,117.46015263903752,53.1816136137596,0.0,0,0
124,124:25,TrafficSign:20,scene_28_12,6272442303,TrafficSign,117.46015263903752,53.1816136137596,0.5,0,0
124,124:26,Vehicle:9,scene_28_12,6272442303,Vehicle-SemiTruck-Cab,190.2424357630153,169.626295927406,0.0,0,0
124,124:26,Vehicle:9,scene_28_12,6272442303,Vehicle-SemiTruck-Cab,190.2424357630153,169.626295927406,0.5,1,0
134,134:0,RoadObstruction:1,scene_28_12,6772414853,RoadObstruction-Barrel,143.22640457686262,10.975251222385383,0.0,0,0
134,134:0,RoadObstruction:1,scene_28_12,6772414853,RoadObstruction-Barrel,143.22640457686262,10.975251222385383,0.5,0,20
134,134:1,RoadObstruction:2,scene_28_12,6772414853,RoadObstruction-Barrel,136.13712778153638,11.641860348025713,0.0,0,0
134,134:1,RoadObstruction:2,scene_28_12,6772414853,RoadObstruction-Barrel,136.13712778153638,11.641860348025713,0.5,1,7
134,134:2,TrafficSign:1,scene_28_12,6772414853,TrafficSign,8.920967379233169,-75.65083858390341,0.0,0,0
134,134:2,TrafficSign:1,scene_28_12,6772414853,TrafficSign,8.920967379233169,-75.65083858390341,0.5,2,0
134,134:3,TrafficSign:13,scene_28_12,6772414853,TrafficSign,167.88329580426682,21.864152098063357,0.0,0,0
134,134:3,TrafficSign:13,scene_28_12,6772414853,TrafficSign,167.88329580426682,21.864152098063357,0.5,0,1
134,134:4,TrafficSign:15,scene_28_12,6772414853,TrafficSign,41.555748005480105,-47.96314822022151,0.0,0,3
134,134:4,TrafficSign:15,scene_28_12,6772414853,TrafficSign,41.555748005480105,-47.96314822022151,0.5,0,36
134,134:5,TrafficSign:16,scene_28_12,6772414853,TrafficSign,44.8845510582104,-69.08017035342205,0.0,0,0
134,134:5,TrafficSign:16,scene_28_12,6772414853,TrafficSign,44.8845510582104,-69.08017035342205,0.5,1,2
134,134:6,TrafficSign:17,scene_28_12,6772414853,TrafficSign,59.63601880684078,-75.9985127572214,0.0,0,0
134,134:6,TrafficSign:17,scene_28_12,6772414853,TrafficSign,59.63601880684078,-75.9985127572214,0.5,1,3
134,134:7,TrafficSign:2,scene_28_12,6772414853,TrafficSign,131.8539545987273,-176.53198967174052,0.0,0,0
134,134:7,TrafficSign:2,scene_28_12,6772414853,TrafficSign,131.8539545987273,-176.53198967174052,0.5,0,2
134,134:8,TrafficSign:27,scene_28_12,6772414853,TrafficSign,73.64077435036329,55.47487660936195,0.0,0,6
134,134:8,TrafficSign:27,scene_28_12,6772414853,TrafficSign,73.64077435036329,55.47487660936195,0.5,0,22
134,134:9,TrafficSign:3,scene_28_12,6772414853,TrafficSign,219.0586318483607,-177.8052995982344,0.0,0,2
134,134:9,TrafficSign:3,scene_28_12,6772414853,TrafficSign,219.0586318483607,-177.8052995982344,0.5,0,18
134,134:10,TrafficSign:4,scene_28_12,6772414853,TrafficSign,89.70076274725095,-162.59664780428102,0.0,0,0
134,134:10,TrafficSign:4,scene_28_12,6772414853,TrafficSign,89.70076274725095,-162.59664780428102,0.5,0,11
134,134:11,TrafficSign:5,scene_28_12,6772414853,TrafficSign,218.16670086704832,-2.5954203210995805,0.0,0,0
134,134:11,TrafficSign:5,scene_28_12,6772414853,TrafficSign,218.16670086704832,-2.5954203210995805,0.5,0,0
134,134:12,TrafficSign:6,scene_28_12,6772414853,TrafficSign,262.912015991884,-1.946299437292314,0.0,0,0
134,134:12,TrafficSign:6,scene_28_12,6772414853,TrafficSign,262.912015991884,-1.946299437292314,0.5,0,4
134,134:13,TrafficSign:8,scene_28_12,6772414853,TrafficSign,153.08504458881973,162.07767998017948,0.0,0,0
134,134:13,TrafficSign:8,scene_28_12,6772414853,TrafficSign,153.08504458881973,162.07767998017948,0.5,0,10
134,134:15,Vehicle:10,scene_28_12,6772414853,Vehicle-SemiTruck-Trailer,210.4883319632672,170.51520308275926,0.0,0,64
134,134:15,Vehicle:10,scene_28_12,6772414853,Vehicle-SemiTruck-Trailer,210.4883319632672,170.51520308275926,0.5,2,66
134,134:16,Vehicle:11,scene_28_12,6772414853,Vehicle-SemiTruck-Cab,53.38164014340246,136.56591507860375,0.0,8,21
134,134:16,Vehicle:11,scene_28_12,6772414853,Vehicle-SemiTruck-Cab,53.38164014340246,136.56591507860375,0.5,11,95
134,134:17,Vehicle:12,scene_28_12,6772414853,Vehicle-SemiTruck-Trailer,46.03234344858816,127.19508002805826,0.0,12,340
134,134:17,Vehicle:12,scene_28_12,6772414853,Vehicle-SemiTruck-Trailer,46.03234344858816,127.19508002805826,0.5,18,648
134,134:18,Vehicle:18,scene_28_12,6772414853,Vehicle-Trailer,225.945334335877,-6.522623686721381,0.0,4,78
134,134:18,Vehicle:18,scene_28_12,6772414853,Vehicle-Trailer,225.945334335877,-6.522623686721381,0.5,6,144
134,134:20,Vehicle:3,scene_28_12,6772414853,Vehicle-Passenger,271.6649350040754,0.46498670170354967,0.0,0,9
134,134:20,Vehicle:3,scene_28_12,6772414853,Vehicle-Passenger,271.6649350040754,0.46498670170354967,0.5,0,10
134,134:21,Vehicle:4,scene_28_12,6772414853,Vehicle-SemiTruck-Trailer,364.7665203057544,-0.34483434349946335,0.0,0,36
134,134:21,Vehicle:4,scene_28_12,6772414853,Vehicle-SemiTruck-Trailer,364.7665203057544,-0.34483434349946335,0.5,0,117
134,134:22,Vehicle:57,scene_28_12,6772414853,Vehicle-SemiTruck-Cab,204.11132949039956,-173.3321076071574,0.0,3,98
134,134:22,Vehicle:57,scene_28_12,6772414853,Vehicle-SemiTruck-Cab,204.11132949039956,-173.3321076071574,0.5,4,103
134,134:23,Vehicle:58,scene_28_12,6772414853,Vehicle-SemiTruck-Trailer,214.51339176188,-174.06833498098146,0.0,3,34
134,134:23,Vehicle:58,scene_28_12,6772414853,Vehicle-SemiTruck-Trailer,214.51339176188,-174.06833498098146,0.5,3,34
134,134:24,TrafficSign:20,scene_28_12,6772414853,TrafficSign,109.26041089705653,59.43526353886254,0.0,0,0
134,134:24,TrafficSign:20,scene_28_12,6772414853,TrafficSign,109.26041089705653,59.43526353886254,0.5,0,0
134,134:25,TrafficSign:31,scene_28_12,6772414853,TrafficSign,221.36301427286745,162.3025274445363,0.0,0,0
134,134:25,TrafficSign:31,scene_28_12,6772414853,TrafficSign,221.36301427286745,162.3025274445363,0.5,0,0
144,144:0,RoadObstruction:1,scene_28_12,7272397528,RoadObstruction-Barrel,128.57797241273155,12.172913506600791,0.0,0,1
144,144:0,RoadObstruction:1,scene_28_12,7272397528,RoadObstruction-Barrel,128.57797241273155,12.172913506600791,0.5,1,17
144,144:1,RoadObstruction:2,scene_28_12,7272397528,RoadObstruction-Barrel,121.51239552094596,13.003518860999169,0.0,1,0
144,144:1,RoadObstruction:2,scene_28_12,7272397528,RoadObstruction-Barrel,121.51239552094596,13.003518860999169,0.5,2,7
144,144:2,TrafficSign:1,scene_28_12,7272397528,TrafficSign,15.404089796288476,-145.8711981829603,0.0,0,0
144,144:2,TrafficSign:1,scene_28_12,7272397528,TrafficSign,15.404089796288476,-145.8711981829603,0.5,0,83
144,144:3,TrafficSign:13,scene_28_12,7272397528,TrafficSign,154.19889382637362,23.790438846462543,0.0,0,0
144,144:3,TrafficSign:13,scene_28_12,7272397528,TrafficSign,154.19889382637362,23.790438846462543,0.5,0,0
144,144:4,TrafficSign:15,scene_28_12,7272397528,TrafficSign,33.476302859044075,-67.37121122879353,0.0,0,4
144,144:4,TrafficSign:15,scene_28_12,7272397528,TrafficSign,33.476302859044075,-67.37121122879353,0.5,1,36
144,144:5,TrafficSign:17,scene_28_12,7272397528,TrafficSign,58.01695789940372,-89.89689546391799,0.0,0,0
144,144:5,TrafficSign:17,scene_28_12,7272397528,TrafficSign,58.01695789940372,-89.89689546391799,0.5,2,0
144,144:6,TrafficSign:2,scene_28_12,7272397528,TrafficSign,146.79891955406183,-176.9569257162258,0.0,0,0
144,144:6,TrafficSign:2,scene_28_12,7272397528,TrafficSign,146.79891955406183,-176.9569257162258,0.5,0,13
144,144:7,TrafficSign:3,scene_28_12,7272397528,TrafficSign,233.9002844822984,-178.0395541894878,0.0,0,0
144,144:7,TrafficSign:3,scene_28_12,7272397528,TrafficSign,233.9002844822984,-178.0395541894878,0.5,0,4
144,144:8,TrafficSign:31,scene_28_12,7272397528,TrafficSign,235.79065902382837,163.26329912135247,0.0,0,0
144,144:8,TrafficSign:31,scene_28_12,7272397528,TrafficSign,235.79065902382837,163.26329912135247,0.5,0,0
144,144:9,TrafficSign:4,scene_28_12,7272397528,TrafficSign,104.07439227599421,-165.10907541417737,0.0,0,0
144,144:9,TrafficSign:4,scene_28_12,7272397528,TrafficSign,104.07439227599421,-165.10907541417737,0.5,0,5
144,144:10,TrafficSign:5,scene_28_12,7272397528,TrafficSign,203.24384787241118,-2.868824737290872,0.0,0,0
144,144:10,TrafficSign:5,scene_28_12,7272397528,TrafficSign,203.24384787241118,-2.868824737290872,0.5,0,1
144,144:11,TrafficSign:6,scene_28_12,7272397528,TrafficSign,247.95532427094273,-2.1465306699532456,0.0,0,0
144,144:11,TrafficSign:6,scene_28_12,7272397528,TrafficSign,247.95532427094273,-2.1465306699532456,0.5,0,0
144,144:12,TrafficSign:8,scene_28_12,7272397528,TrafficSign,167.37449151646678,163.47821768999196,0.0,0,0
144,144:12,TrafficSign:8,scene_28_12,7272397528,TrafficSign,167.37449151646678,163.47821768999196,0.5,0,3
144,144:14,Vehicle:10,scene_28_12,7272397528,Vehicle-SemiTruck-Trailer,242.22316120485314,171.56130648310082,0.0,0,24
144,144:14,Vehicle:10,scene_28_12,7272397528,Vehicle-SemiTruck-Trailer,242.22316120485314,171.56130648310082,0.5,0,28
144,144:15,Vehicle:11,scene_28_12,7272397528,Vehicle-SemiTruck-Cab,78.45067797988521,151.77873376386657,0.0,4,20
144,144:15,Vehicle:11,scene_28_12,7272397528,Vehicle-SemiTruck-Cab,78.45067797988521,151.77873376386657,0.5,7,38
144,144:16,Vehicle:12,scene_28_12,7272397528,Vehicle-SemiTruck-Trailer,68.8739543550044,147.4753063821922,0.0,16,134
144,144:16,Vehicle:12,scene_28_12,7272397528,Vehicle-SemiTruck-Trailer,68.8739543550044,147.4753063821922,0.5,21,154
144,144:17,Vehicle:18,scene_28_12,7272397528,Vehicle-Trailer,218.25341057137908,-6.534055329106103,0.0,1,41
144,144:17,Vehicle:18,scene_28_12,7272397528,Vehicle-Trailer,218.25341057137908,-6.534055329106103,0.5,1,114
144,144:19,Vehicle:3,scene_28_12,7272397528,Vehicle-Passenger,274.7590286353359,0.34184052128056475,0.0,0,10
144,144:19,Vehicle:3,scene_28_12,7272397528,Vehicle-Passenger,274.7590286353359,0.34184052128056475,0.5,0,23
144,144:20,Vehicle:4,scene_28_12,7272397528,Vehicle-SemiTruck-Trailer,365.61259885291184,-0.4531534522272734,0.0,0,30
144,144:20,Vehicle:4,scene_28_12,7272397528,Vehicle-SemiTruck-Trailer,365.61259885291184,-0.4531534522272734,0.5,0,73
144,144:21,Vehicle:57,scene_28_12,7272397528,Vehicle-SemiTruck-Cab,219.0897097671211,-173.89308773767516,0.0,3,69
144,144:21,Vehicle:57,scene_28_12,7272397528,Vehicle-SemiTruck-Cab,219.0897097671211,-173.89308773767516,0.5,5,71
144,144:22,Vehicle:58,scene_28_12,7272397528,Vehicle-SemiTruck-Trailer,229.4280788666319,-174.55203731650514,0.0,4,32
144,144:22,Vehicle:58,scene_28_12,7272397528,Vehicle-SemiTruck-Trailer,229.4280788666319,-174.55203731650514,0.5,5,34
144,144:23,TrafficSign:16,scene_28_12,7272397528,TrafficSign,42.026960058933255,-88.29302155110958,0.0,0,0
144,144:23,TrafficSign:16,scene_28_12,7272397528,TrafficSign,42.026960058933255,-88.29302155110958,0.5,2,0
144,144:24,TrafficSign:20,scene_28_12,7272397528,TrafficSign,102.52455657428534,66.54906114296692,0.0,0,0
144,144:24,TrafficSign:20,scene_28_12,7272397528,TrafficSign,102.52455657428534,66.54906114296692,0.5,0,0
144,144:25,TrafficSign:27,scene_28_12,7272397528,TrafficSign,66.40073131395184,65.8885065890938,0.0,0,0
144,144:25,TrafficSign:27,scene_28_12,7272397528,TrafficSign,66.40073131395184,65.8885065890938,0.5,0,0
154,154:0,RoadObstruction:1,scene_28_12,7772370028,RoadObstruction-Barrel,114.00515668796311,13.814232748424052,0.0,0,0
154,154:0,RoadObstruction:1,scene_28_12,7772370028,RoadObstruction-Barrel,114.00515668796311,13.814232748424052,0.5,1,7
154,154:1,RoadObstruction:2,scene_28_12,7772370028,RoadObstruction-Barrel,106.97475030311114,14.85926337643941,0.0,0,1
154,154:1,RoadObstruction:2,scene_28_12,7772370028,RoadObstruction-Barrel,106.97475030311114,14.85926337643941,0.5,0,16
154,154:2,TrafficSign:1,scene_28_12,7772370028,TrafficSign,29.080110070445464,-162.61500489666415,0.0,0,3
154,154:2,TrafficSign:1,scene_28_12,7772370028,TrafficSign,29.080110070445464,-162.61500489666415,0.5,0,245
154,154:3,TrafficSign:13,scene_28_12,7772370028,TrafficSign,140.73983804603594,26.396989828959757,0.0,0,1
154,154:3,TrafficSign:13,scene_28_12,7772370028,TrafficSign,140.73983804603594,26.396989828959757,0.5,0,3
154,154:4,TrafficSign:2,scene_28_12,7772370028,TrafficSign,161.77591398349225,-177.21617750105204,0.0,0,0
154,154:4,TrafficSign:2,scene_28_12,7772370028,TrafficSign,161.77591398349225,-177.21617750105204,0.5,0,6
154,154:5,TrafficSign:20,scene_28_12,7772370028,TrafficSign,97.58525881437163,74.65101551399361,0.0,0,0
154,154:5,TrafficSign:20,scene_28_12,7772370028,TrafficSign,97.58525881437163,74.65101551399361,0.5,0,1
154,154:6,TrafficSign:3,scene_28_12,7772370028,TrafficSign,248.96888412517922,-178.1518073188549,0.0,0,3
154,154:6,TrafficSign:3,scene_28_12,7772370028,TrafficSign,248.96888412517922,-178.1518073188549,0.5,0,12
154,154:7,TrafficSign:31,scene_28_12,7772370028,TrafficSign,250.22779380742782,164.2236511778323,0.0,0,0
154,154:7,TrafficSign:31,scene_28_12,7772370028,TrafficSign,250.22779380742782,164.2236511778323,0.5,0,0
154,154:8,TrafficSign:4,scene_28_12,7772370028,TrafficSign,118.60203530308932,-166.9471968383508,0.0,0,0
154,154:8,TrafficSign:4,scene_28_12,7772370028,TrafficSign,118.60203530308932,-166.9471968383508,0.5,0,17
154,154:9,TrafficSign:5,scene_28_12,7772370028,TrafficSign,188.29041386840953,-3.0595314814648917,0.0,0,0
154,154:9,TrafficSign:5,scene_28_12,7772370028,TrafficSign,188.29041386840953,-3.0595314814648917,0.5,0,2
154,154:10,TrafficSign:6,scene_28_12,7772370028,TrafficSign,232.98685594797502,-2.2499656933798216,0.0,0,0
154,154:10,TrafficSign:6,scene_28_12,7772370028,TrafficSign,232.98685594797502,-2.2499656933798216,0.5,0,4
154,154:11,TrafficSign:8,scene_28_12,7772370028,TrafficSign,181.775379588507,164.7653090493047,0.0,0,0
154,154:11,TrafficSign:8,scene_28_12,7772370028,TrafficSign,181.775379588507,164.7653090493047,0.5,0,0
154,154:13,Vehicle:10,scene_28_12,7772370028,Vehicle-SemiTruck-Trailer,274.14018511367357,172.4495450192804,0.0,0,28
154,154:13,Vehicle:10,scene_28_12,7772370028,Vehicle-SemiTruck-Trailer,274.14018511367357,172.4495450192804,0.5,0,30
154,154:14,Vehicle:12,scene_28_12,7772370028,Vehicle-SemiTruck-Trailer,95.84039043404037,157.04461441331497,0.0,6,80
154,154:14,Vehicle:12,scene_28_12,7772370028,Vehicle-SemiTruck-Trailer,95.84039043404037,157.04461441331497,0.5,18,81
154,154:15,Vehicle:18,scene_28_12,7772370028,Vehicle-Trailer,210.7087553863486,-6.422384014997552,0.0,3,114
154,154:15,Vehicle:18,scene_28_12,7772370028,Vehicle-Trailer,210.7087553863486,-6.422384014997552,0.5,3,247
154,154:17,Vehicle:3,scene_28_12,7772370028,Vehicle-Passenger,277.8283621972248,0.3319630750072732,0.0,0,25
154,154:17,Vehicle:3,scene_28_12,7772370028,Vehicle-Passenger,277.8283621972248,0.3319630750072732,0.5,0,35
154,154:18,Vehicle:4,scene_28_12,7772370028,Vehicle-SemiTruck-Trailer,366.38912662445574,-0.44357035789559185,0.0,0,60
154,154:18,Vehicle:4,scene_28_12,7772370028,Vehicle-SemiTruck-Trailer,366.38912662445574,-0.44357035789559185,0.5,0,165
154,154:19,Vehicle:57,scene_28_12,7772370028,Vehicle-SemiTruck-Cab,234.27423497802357,-174.27717740850528,0.0,1,30
154,154:19,Vehicle:57,scene_28_12,7772370028,Vehicle-SemiTruck-Cab,234.27423497802357,-174.27717740850528,0.5,2,30
154,154:20,Vehicle:58,scene_28_12,7772370028,Vehicle-SemiTruck-Trailer,244.54215017222705,-174.87445111069957,0.0,2,8
154,154:20,Vehicle:58,scene_28_12,7772370028,Vehicle-SemiTruck-Trailer,244.54215017222705,-174.87445111069957,0.5,3,8
154,154:21,TrafficSign:14,scene_28_12,7772370028,TrafficSign,150.58870646811138,30.990481417647743,0.0,0,0
154,154:21,TrafficSign:14,scene_28_12,7772370028,TrafficSign,150.58870646811138,30.990481417647743,0.5,0,0
154,154:22,TrafficSign:15,scene_28_12,7772370028,TrafficSign,30.949888023583508,-93.65683531513358,0.0,0,0
154,154:22,TrafficSign:15,scene_28_12,7772370028,TrafficSign,30.949888023583508,-93.65683531513358,0.5,0,0
154,154:23,TrafficSign:16,scene_28_12,7772370028,TrafficSign,44.128315153660516,-107.96942073689185,0.0,0,0
154,154:23,TrafficSign:16,scene_28_12,7772370028,TrafficSign,44.128315153660516,-107.96942073689185,0.5,2,0
154,154:24,TrafficSign:17,scene_28_12,7772370028,TrafficSign,59.86026000902147,-104.26172489246748,0.0,0,0
154,154:24,TrafficSign:17,scene_28_12,7772370028,TrafficSign,59.86026000902147,-104.26172489246748,0.5,0,0
154,154:25,TrafficSign:22,scene_28_12,7772370028,TrafficSign,82.11041748151857,71.97102939916971,0.0,0,0
154,154:25,TrafficSign:22,scene_28_12,7772370028,TrafficSign,82.11041748151857,71.97102939916971,0.5,0,0
154,154:26,TrafficSign:27,scene_28_12,7772370028,TrafficSign,61.899214858522946,78.46490733144513,0.0,0,0
154,154:26,TrafficSign:27,scene_28_12,7772370028,TrafficSign,61.899214858522946,78.46490733144513,0.5,0,0
154,154:27,Vehicle:11,scene_28_12,7772370028,Vehicle-SemiTruck-Cab,106.24101041975145,159.3459861111242,0.0,1,0
154,154:27,Vehicle:11,scene_28_12,7772370028,Vehicle-SemiTruck-Cab,106.24101041975145,159.3459861111242,0.5,3,0
164,164:0,RoadObstruction:1,scene_28_12,8272352853,RoadObstruction-Barrel,99.57400421869919,15.905677309871155,0.0,0,0
164,164:0,RoadObstruction:1,scene_28_12,8272352853,RoadObstruction-Barrel,99.57400421869919,15.905677309871155,0.5,1,26
164,164:1,RoadObstruction:2,scene_28_12,8272352853,RoadObstruction-Barrel,92.62629183317891,17.258919384461773,0.0,0,1
164,164:1,RoadObstruction:2,scene_28_12,8272352853,RoadObstruction-Barrel,92.62629183317891,17.258919384461773,0.5,3,13
164,164:2,TrafficSign:1,scene_28_12,8272352853,TrafficSign,43.60183613570003,-168.45933014191428,0.0,0,0
164,164:2,TrafficSign:1,scene_28_12,8272352853,TrafficSign,43.60183613570003,-168.45933014191428,0.5,0,9
164,164:3,TrafficSign:13,scene_28_12,8272352853,TrafficSign,127.45985750875757,29.447104428768338,0.0,0,0
164,164:3,TrafficSign:13,scene_28_12,8272352853,TrafficSign,127.45985750875757,29.447104428768338,0.5,0,0
164,164:4,TrafficSign:2,scene_28_12,8272352853,TrafficSign,176.7790856275552,-177.45451299956508,0.0,0,0
164,164:4,TrafficSign:2,scene_28_12,8272352853,TrafficSign,176.7790856275552,-177.45451299956508,0.5,0,14
164,164:5,TrafficSign:20,scene_28_12,8272352853,TrafficSign,94.75019978062784,83.31270086212369,0.0,0,0
164,164:5,TrafficSign:20,scene_28_12,8272352853,TrafficSign,94.75019978062784,83.31270086212369,0.5,1,5
164,164:6,TrafficSign:22,scene_28_12,8272352853,TrafficSign,78.83794898818755,82.13149069735817,0.0,0,0
164,164:6,TrafficSign:22,scene_28_12,8272352853,TrafficSign,78.83794898818755,82.13149069735817,0.5,0,1
164,164:7,TrafficSign:27,scene_28_12,8272352853,TrafficSign,60.785277958142714,92.29438578849661,0.0,0,3
164,164:7,TrafficSign:27,scene_28_12,8272352853,TrafficSign,60.785277958142714,92.29438578849661,0.5,2,9
164,164:8,TrafficSign:3,scene_28_12,8272352853,TrafficSign,264.0590159572108,-178.28062467143636,0.0,0,0
164,164:8,TrafficSign:3,scene_28_12,8272352853,TrafficSign,264.0590159572108,-178.28062467143636,0.5,0,10
164,164:9,TrafficSign:31,scene_28_12,8272352853,TrafficSign,264.5546706068205,165.045176493343,0.0,0,0
164,164:9,TrafficSign:31,scene_28_12,8272352853,TrafficSign,264.5546706068205,165.045176493343,0.5,0,0
164,164:10,TrafficSign:4,scene_28_12,8272352853,TrafficSign,133.24813546377655,-168.41187401896087,0.0,0,0
164,164:10,TrafficSign:4,scene_28_12,8272352853,TrafficSign,133.24813546377655,-168.41187401896087,0.5,0,3
164,164:11,TrafficSign:5,scene_28_12,8272352853,TrafficSign,173.30657034707838,-3.3185671371120145,0.0,0,0
164,164:11,TrafficSign:5,scene_28_12,8272352853,TrafficSign,173.30657034707838,-3.3185671371120145,0.5,1,3
164,164:12,TrafficSign:6,scene_28_12,8272352853,TrafficSign,218.00304757242588,-2.4024530755530296,0.0,0,0
164,164:12,TrafficSign:6,scene_28_12,8272352853,TrafficSign,218.00304757242588,-2.4024530755530296,0.5,0,0
164,164:13,TrafficSign:7,scene_28_12,8272352853,TrafficSign,220.99150730054976,-7.446829151330487,0.0,0,0
164,164:13,TrafficSign:7,scene_28_12,8272352853,TrafficSign,220.99150730054976,-7.446829151330487,0.5,0,1
164,164:14,TrafficSign:8,scene_28_12,8272352853,TrafficSign,196.3168005140741,165.859582806273,0.0,0,0
164,164:14,TrafficSign:8,scene_28_12,8272352853,TrafficSign,196.3168005140741,165.859582806273,0.5,0,0
164,164:16,Vehicle:10,scene_28_12,8272352853,Vehicle-SemiTruck-Trailer,306.1523512831736,173.1370249719482,0.0,0,16
164,164:16,Vehicle:10,scene_28_12,8272352853,Vehicle-SemiTruck-Trailer,306.1523512831736,173.1370249719482,0.5,0,16
164,164:17,Vehicle:12,scene_28_12,8272352853,Vehicle-SemiTruck-Trailer,124.28207048859126,162.31625154700404,0.0,8,86
164,164:17,Vehicle:12,scene_28_12,8272352853,Vehicle-SemiTruck-Trailer,124.28207048859126,162.31625154700404,0.5,12,112
164,164:18,Vehicle:18,scene_28_12,8272352853,Vehicle-Trailer,203.3998259724022,-6.34040455415403,0.0,13,114
164,164:18,Vehicle:18,scene_28_12,8272352853,Vehicle-Trailer,203.3998259724022,-6.34040455415403,0.5,13,239
164,164:20,Vehicle:3,scene_28_12,8272352853,Vehicle-Passenger,281.1604336211227,0.3016811281300912,0.0,0,29
164,164:20,Vehicle:3,scene_28_12,8272352853,Vehicle-Passenger,281.1604336211227,0.3016811281300912,0.5,0,45
164,164:21,Vehicle:4,scene_28_12,8272352853,Vehicle-SemiTruck-Trailer,367.1291220388437,-0.46418549272905907,0.0,0,76
164,164:21,Vehicle:4,scene_28_12,8272352853,Vehicle-SemiTruck-Trailer,367.1291220388437,-0.46418549272905907,0.5,0,148
164,164:22,Vehicle:57,scene_28_12,8272352853,Vehicle-SemiTruck-Cab,249.6109946061744,-174.62137851126334,0.0,2,12
164,164:22,Vehicle:57,scene_28_12,8272352853,Vehicle-SemiTruck-Cab,249.6109946061744,-174.62137851126334,0.5,2,20
164,164:23,TrafficSign:14,scene_28_12,8272352853,TrafficSign,138.09369789922343,34.13661023463345,0.0,0,0
164,164:23,TrafficSign:14,scene_28_12,8272352853,TrafficSign,138.09369789922343,34.13661023463345,0.5,0,0
164,164:24,TrafficSign:15,scene_28_12,8272352853,TrafficSign,35.24040199402324,-118.56366880316507,0.0,0,0
164,164:24,TrafficSign:15,scene_28_12,8272352853,TrafficSign,35.24040199402324,-118.56366880316507,0.5,0,0
164,164:25,TrafficSign:16,scene_28_12,8272352853,TrafficSign,50.74761303646795,-124.36780100336641,0.0,0,0
164,164:25,TrafficSign:16,scene_28_12,8272352853,TrafficSign,50.74761303646795,-124.36780100336641,0.5,0,0
164,164:26,TrafficSign:17,scene_28_12,8272352853,TrafficSign,65.19422999607598,-117.1775536205149,0.0,0,0
164,164:26,TrafficSign:17,scene_28_12,8272352853,TrafficSign,65.19422999607598,-117.1775536205149,0.5,0,0
164,164:27,Vehicle:11,scene_28_12,8272352853,Vehicle-SemiTruck-Cab,134.95852290038113,163.69677672531208,0.0,0,0
164,164:27,Vehicle:11,scene_28_12,8272352853,Vehicle-SemiTruck-Cab,134.95852290038113,163.69677672531208,0.5,4,0
164,164:28,Vehicle:58,scene_28_12,8272352853,Vehicle-SemiTruck-Trailer,259.8496472528978,-175.1781111377395,0.0,0,10
164,164:28,Vehicle:58,scene_28_12,8272352853,Vehicle-SemiTruck-Trailer,259.8496472528978,-175.1781111377395,0.5,2,10
174,174:0,RoadObstruction:1,scene_28_12,8772325553,RoadObstruction-Barrel,85.33906181288125,18.768705824473656,0.0,0,1
174,174:0,RoadObstruction:1,scene_28_12,8772325553,RoadObstruction-Barrel,85.33906181288125,18.768705824473656,0.5,0,11
174,174:1,RoadObstruction:2,scene_28_12,8772325553,RoadObstruction-Barrel,78.5017614648705,20.597203582096807,0.0,1,0
174,174:1,RoadObstruction:2,scene_28_12,8772325553,RoadObstruction-Barrel,78.5017614648705,20.597203582096807,0.5,4,18
174,174:2,TrafficSign:1,scene_28_12,8772325553,TrafficSign,58.28982851092795,-171.33432052777354,0.0,0,0
174,174:2,TrafficSign:1,scene_28_12,8772325553,TrafficSign,58.28982851092795,-171.33432052777354,0.5,1,30
174,174:3,TrafficSign:13,scene_28_12,8772325553,TrafficSign,114.58559478093515,33.107491015931956,0.0,0,0
174,174:3,TrafficSign:13,scene_28_12,8772325553,TrafficSign,114.58559478093515,33.107491015931956,0.5,0,1
174,174:4,TrafficSign:14,scene_28_12,8772325553,TrafficSign,126.2214903928034,37.90294948238536,0.0,0,0
174,174:4,TrafficSign:14,scene_28_12,8772325553,TrafficSign,126.2214903928034,37.90294948238536,0.5,0,5
174,174:5,TrafficSign:15,scene_28_12,8772325553,TrafficSign,44.33369422690696,-135.64979085955244,0.0,0,3
174,174:5,TrafficSign:15,scene_28_12,8772325553,TrafficSign,44.33369422690696,-135.64979085955244,0.5,0,6
174,174:6,TrafficSign:2,scene_28_12,8772325553,TrafficSign,191.716440689816,-177.59280887238984,0.0,0,0
174,174:6,TrafficSign:2,scene_28_12,8772325553,TrafficSign,191.716440689816,-177.59280887238984,0.5,0,1
174,174:7,TrafficSign:20,scene_28_12,8772325553,TrafficSign,94.28221633011331,92.2750893774354,0.0,0,0
174,174:7,TrafficSign:20,scene_28_12,8772325553,TrafficSign,94.28221633011331,92.2750893774354,0.5,0,0
174,174:8,TrafficSign:22,scene_28_12,8772325553,TrafficSign,78.3144294213535,92.95893992190786,0.0,0,0
174,174:8,TrafficSign:22,scene_28_12,8772325553,TrafficSign,78.3144294213535,92.95893992190786,0.5,0,0
174,174:9,TrafficSign:27,scene_28_12,8772325553,TrafficSign,63.32624024057007,105.95888102033115,0.0,0,2
174,174:9,TrafficSign:27,scene_28_12,8772325553,TrafficSign,63.32624024057007,105.95888102033115,0.5,1,5
174,174:10,TrafficSign:3,scene_28_12,8772325553,TrafficSign,278.9675552466414,-178.32559248239983,0.0,0,0
174,174:10,TrafficSign:3,scene_28_12,8772325553,TrafficSign,278.9675552466414,-178.32559248239983,0.5,0,4
174,174:11,TrafficSign:4,scene_28_12,8772325553,TrafficSign,147.97563242317176,-169.533217936539,0.0,0,0
174,174:11,TrafficSign:4,scene_28_12,8772325553,TrafficSign,147.97563242317176,-169.533217936539,0.5,0,2
174,174:12,TrafficSign:5,scene_28_12,8772325553,TrafficSign,158.30866804951665,-3.553901054873498,0.0,0,0
174,174:12,TrafficSign:5,scene_28_12,8772325553,TrafficSign,158.30866804951665,-3.553901054873498,0.5,0,2
174,174:13,TrafficSign:6,scene_28_12,8772325553,TrafficSign,203.01162695732833,-2.5062621852828757,0.0,0,0
174,174:13,TrafficSign:6,scene_28_12,8772325553,TrafficSign,203.01162695732833,-2.5062621852828757,0.5,0,1
174,174:15,Vehicle:10,scene_28_12,8772325553,Vehicle-SemiTruck-Trailer,338.10688157816435,173.75914153729877,0.0,0,19
174,174:15,Vehicle:10,scene_28_12,8772325553,Vehicle-SemiTruck-Trailer,338.10688157816435,173.75914153729877,0.5,0,19
174,174:16,Vehicle:11,scene_28_12,8772325553,Vehicle-SemiTruck-Cab,163.74471549914367,166.5593800938476,0.0,0,6
174,174:16,Vehicle:11,scene_28_12,8772325553,Vehicle-SemiTruck-Cab,163.74471549914367,166.5593800938476,0.5,1,6
174,174:17,Vehicle:12,scene_28_12,8772325553,Vehicle-SemiTruck-Trailer,153.48573502154954,165.69097843364383,0.0,5,81
174,174:17,Vehicle:12,scene_28_12,8772325553,Vehicle-SemiTruck-Trailer,153.48573502154954,165.69097843364383,0.5,13,93
174,174:18,Vehicle:18,scene_28_12,8772325553,Vehicle-Trailer,196.30757620340373,-6.176378157381979,0.0,11,77
174,174:18,Vehicle:18,scene_28_12,8772325553,Vehicle-Trailer,196.30757620340373,-6.176378157381979,0.5,13,280
174,174:20,Vehicle:3,scene_28_12,8772325553,Vehicle-Passenger,284.6287014963857,0.34731855822619406,0.0,0,3
174,174:20,Vehicle:3,scene_28_12,8772325553,Vehicle-Passenger,284.6287014963857,0.34731855822619406,0.5,0,11
174,174:21,Vehicle:4,scene_28_12,8772325553,Vehicle-SemiTruck-Trailer,367.89798916369216,-0.4220935750708939,0.0,0,78
174,174:21,Vehicle:4,scene_28_12,8772325553,Vehicle-SemiTruck-Trailer,367.89798916369216,-0.4220935750708939,0.5,0,166
174,174:22,Vehicle:57,scene_28_12,8772325553,Vehicle-SemiTruck-Cab,265.0917430872442,-174.8759029009493,0.0,1,9
174,174:22,Vehicle:57,scene_28_12,8772325553,Vehicle-SemiTruck-Cab,265.0917430872442,-174.8759029009493,0.5,1,11
174,174:23,Vehicle:58,scene_28_12,8772325553,Vehicle-SemiTruck-Trailer,275.01161757510965,-175.385856510853,0.0,0,5
174,174:23,Vehicle:58,scene_28_12,8772325553,Vehicle-SemiTruck-Trailer,275.01161757510965,-175.385856510853,0.5,0,5
174,174:24,TrafficSign:16,scene_28_12,8772325553,TrafficSign,60.43131282409689,-136.24208352934568,0.0,0,0
174,174:24,TrafficSign:16,scene_28_12,8772325553,TrafficSign,60.43131282409689,-136.24208352934568,0.5,0,0
174,174:25,TrafficSign:17,scene_28_12,8772325553,TrafficSign,73.24047507842268,-127.67043474893806,0.0,0,0
174,174:25,TrafficSign:17,scene_28_12,8772325553,TrafficSign,73.24047507842268,-127.67043474893806,0.5,0,0
174,174:26,TrafficSign:7,scene_28_12,8772325553,TrafficSign,206.05498899628682,-7.907717753986307,0.0,0,0
174,174:26,TrafficSign:7,scene_28_12,8772325553,TrafficSign,206.05498899628682,-7.907717753986307,0.5,0,0
184,184:0,RoadObstruction:1,scene_28_12,9272308353,RoadObstruction-Barrel,71.33808245712771,22.771531954193783,0.0,0,1
184,184:0,RoadObstruction:1,scene_28_12,9272308353,RoadObstruction-Barrel,71.33808245712771,22.771531954193783,0.5,4,16
184,184:1,RoadObstruction:2,scene_28_12,9272308353,RoadObstruction-Barrel,64.71669415093996,25.401938970767738,0.0,0,10
184,184:1,RoadObstruction:2,scene_28_12,9272308353,RoadObstruction-Barrel,64.71669415093996,25.401938970767738,0.5,1,32
184,184:2,TrafficSign:1,scene_28_12,9272308353,TrafficSign,73.12315208425038,-173.03718626288318,0.0,0,0
184,184:2,TrafficSign:1,scene_28_12,9272308353,TrafficSign,73.12315208425038,-173.03718626288318,0.5,0,10
184,184:3,TrafficSign:13,scene_28_12,9272308353,TrafficSign,102.31190079486292,37.70039295029279,0.0,0,0
184,184:3,TrafficSign:13,scene_28_12,9272308353,TrafficSign,102.31190079486292,37.70039295029279,0.5,0,2
184,184:4,TrafficSign:14,scene_28_12,9272308353,TrafficSign,115.0437387732801,42.44428048027994,0.0,0,0
184,184:4,TrafficSign:14,scene_28_12,9272308353,TrafficSign,115.0437387732801,42.44428048027994,0.5,2,0
184,184:5,TrafficSign:15,scene_28_12,9272308353,TrafficSign,55.984879187408666,-146.21186105180212,0.0,0,1
184,184:5,TrafficSign:15,scene_28_12,9272308353,TrafficSign,55.984879187408666,-146.21186105180212,0.5,0,6
184,184:6,TrafficSign:2,scene_28_12,9272308353,TrafficSign,206.68814867075196,-177.70392118936164,0.0,0,3
184,184:6,TrafficSign:2,scene_28_12,9272308353,TrafficSign,206.68814867075196,-177.70392118936164,0.5,0,12
184,184:7,TrafficSign:20,scene_28_12,9272308353,TrafficSign,96.08850225643819,101.10557093914966,0.0,0,0
184,184:7,TrafficSign:20,scene_28_12,9272308353,TrafficSign,96.08850225643819,101.10557093914966,0.5,2,0
184,184:8,TrafficSign:27,scene_28_12,9272308353,TrafficSign,69.1213036814612,118.08960160239585,0.0,0,1
184,184:8,TrafficSign:27,scene_28_12,9272308353,TrafficSign,69.1213036814612,118.08960160239585,0.5,0,6
184,184:9,TrafficSign:3,scene_28_12,9272308353,TrafficSign,293.98281110139357,-178.3377946998877,0.0,0,0
184,184:9,TrafficSign:3,scene_28_12,9272308353,TrafficSign,293.98281110139357,-178.3377946998877,0.5,0,9
184,184:10,TrafficSign:4,scene_28_12,9272308353,TrafficSign,162.7974670779889,-170.43091803909996,0.0,0,0
184,184:10,TrafficSign:4,scene_28_12,9272308353,TrafficSign,162.7974670779889,-170.43091803909996,0.5,0,15
184,184:11,TrafficSign:5,scene_28_12,9272308353,TrafficSign,143.29788756577165,-3.833454910372777,0.0,0,0
184,184:11,TrafficSign:5,scene_28_12,9272308353,TrafficSign,143.29788756577165,-3.833454910372777,0.5,1,0
184,184:12,TrafficSign:6,scene_28_12,9272308353,TrafficSign,188.00153543485564,-2.6190105747460657,0.0,0,0
184,184:12,TrafficSign:6,scene_28_12,9272308353,TrafficSign,188.00153543485564,-2.6190105747460657,0.5,0,0
184,184:14,Vehicle:10,scene_28_12,9272308353,Vehicle-SemiTruck-Trailer,370.0901824696509,174.2897636877151,0.0,0,11
184,184:14,Vehicle:10,scene_28_12,9272308353,Vehicle-SemiTruck-Trailer,370.0901824696509,174.2897636877151,0.5,0,11
184,184:15,Vehicle:12,scene_28_12,9272308353,Vehicle-SemiTruck-Trailer,183.30355880441846,167.9931265780994,0.0,1,8
184,184:15,Vehicle:12,scene_28_12,9272308353,Vehicle-SemiTruck-Trailer,183.30355880441846,167.9931265780994,0.5,5,8
184,184:16,Vehicle:18,scene_28_12,9272308353,Vehicle-Trailer,189.30092937848877,-5.9782358392131885,0.0,14,79
184,184:16,Vehicle:18,scene_28_12,9272308353,Vehicle-Trailer,189.30092937848877,-5.9782358392131885,0.5,18,370
184,184:18,Vehicle:3,scene_28_12,9272308353,Vehicle-Passenger,287.87256327125004,0.4141801402510996,0.0,0,2
184,184:18,Vehicle:3,scene_28_12,9272308353,Vehicle-Passenger,287.87256327125004,0.4141801402510996,0.5,0,5
184,184:19,Vehicle:4,scene_28_12,9272308353,Vehicle-SemiTruck-Trailer,368.70301876162625,-0.36393166041113506,0.0,0,38
184,184:19,Vehicle:4,scene_28_12,9272308353,Vehicle-SemiTruck-Trailer,368.70301876162625,-0.36393166041113506,0.5,0,142
184,184:20,Vehicle:57,scene_28_12,9272308353,Vehicle-SemiTruck-Cab,281.1532827745224,-175.15565959326108,0.0,0,5
184,184:20,Vehicle:57,scene_28_12,9272308353,Vehicle-SemiTruck-Cab,281.1532827745224,-175.15565959326108,0.5,0,5
184,184:21,TrafficSign:16,scene_28_12,9272308353,TrafficSign,72.02479272754144,-144.55542247684838,0.0,0,0
184,184:21,TrafficSign:16,scene_28_12,9272308353,TrafficSign,72.02479272754144,-144.55542247684838,0.5,0,0
184,184:22,TrafficSign:17,scene_28_12,9272308353,TrafficSign,83.29298276737956,-135.85125682791264,0.0,0,0
184,184:22,TrafficSign:17,scene_28_12,9272308353,TrafficSign,83.29298276737956,-135.85125682791264,0.5,0,0
184,184:23,TrafficSign:22,scene_28_12,9272308353,TrafficSign,80.61124036536664,103.79109228326324,0.0,0,0
184,184:23,TrafficSign:22,scene_28_12,9272308353,TrafficSign,80.61124036536664,103.79109228326324,0.5,0,0
184,184:24,TrafficSign:7,scene_28_12,9272308353,TrafficSign,191.1798056716089,-8.436983673758746,0.0,0,0
184,184:24,TrafficSign:7,scene_28_12,9272308353,TrafficSign,191.1798056716089,-8.436983673758746,0.5,0,0
184,184:25,Vehicle:58,scene_28_12,9272308353,Vehicle-SemiTruck-Trailer,289.6877243033515,-175.57187953325575,0.0,0,3
184,184:25,Vehicle:58,scene_28_12,9272308353,Vehicle-SemiTruck-Trailer,289.6877243033515,-175.57187953325575,0.5,0,3
194,194:0,RoadObstruction:1,scene_28_12,9772448428,RoadObstruction-Barrel,57.79449468074384,28.584912512864875,0.0,0,0
194,194:0,RoadObstruction:1,scene_28_12,9772448428,RoadObstruction-Barrel,57.79449468074384,28.584912512864875,0.5,4,45
194,194:1,RoadObstruction:2,scene_28_12,9772448428,RoadObstruction-Barrel,51.63503852376026,32.65019807286314,0.0,0,14
194,194:1,RoadObstruction:2,scene_28_12,9772448428,RoadObstruction-Barrel,51.63503852376026,32.65019807286314,0.5,3,60
194,194:2,TrafficSign:1,scene_28_12,9772448428,TrafficSign,88.08082947657098,-174.21664652089387,0.0,0,0
194,194:2,TrafficSign:1,scene_28_12,9772448428,TrafficSign,88.08082947657098,-174.21664652089387,0.5,0,1
194,194:3,TrafficSign:13,scene_28_12,9772448428,TrafficSign,91.00928773823539,43.483023112024924,0.0,0,1
194,194:3,TrafficSign:13,scene_28_12,9772448428,TrafficSign,91.00928773823539,43.483023112024924,0.5,0,5
194,194:4,TrafficSign:14,scene_28_12,9772448428,TrafficSign,104.61197493097262,48.036565207383326,0.0,0,0
194,194:4,TrafficSign:14,scene_28_12,9772448428,TrafficSign,104.61197493097262,48.036565207383326,0.5,1,0
194,194:5,TrafficSign:15,scene_28_12,9772448428,TrafficSign,68.87107611196821,-153.09526269513267,0.0,0,0
194,194:5,TrafficSign:15,scene_28_12,9772448428,TrafficSign,68.87107611196821,-153.09526269513267,0.5,0,5
194,194:6,TrafficSign:16,scene_28_12,9772448428,TrafficSign,84.70619202259938,-150.53038479197483,0.0,0,0
194,194:6,TrafficSign:16,scene_28_12,9772448428,TrafficSign,84.70619202259938,-150.53038479197483,0.5,0,1
194,194:7,TrafficSign:17,scene_28_12,9772448428,TrafficSign,94.69009673914297,-142.24531106635368,0.0,0,0
194,194:7,TrafficSign:17,scene_28_12,9772448428,TrafficSign,94.69009673914297,-142.24531106635368,0.5,0,2
194,194:8,TrafficSign:2,scene_28_12,9772448428,TrafficSign,221.72149892143122,-177.86630363606818,0.0,0,1
194,194:8,TrafficSign:2,scene_28_12,9772448428,TrafficSign,221.72149892143122,-177.86630363606818,0.5,0,8
194,194:9,TrafficSign:20,scene_28_12,9772448428,TrafficSign,100.07915340275993,109.41820736654243,0.0,0,0
194,194:9,TrafficSign:20,scene_28_12,9772448428,TrafficSign,100.07915340275993,109.41820736654243,0.5,0,0
194,194:10,TrafficSign:27,scene_28_12,9772448428,TrafficSign,77.4381957903592,127.88240615304619,0.0,0,1
194,194:10,TrafficSign:27,scene_28_12,9772448428,TrafficSign,77.4381957903592,127.88240615304619,0.5,0,3
194,194:11,TrafficSign:3,scene_28_12,9772448428,TrafficSign,309.14815610433436,-178.4127187631717,0.0,0,0
194,194:11,TrafficSign:3,scene_28_12,9772448428,TrafficSign,309.14815610433436,-178.4127187631717,0.5,0,0
194,194:12,TrafficSign:4,scene_28_12,9772448428,TrafficSign,177.6469341325753,-171.23960342804205,0.0,0,0
194,194:12,TrafficSign:4,scene_28_12,9772448428,TrafficSign,177.6469341325753,-171.23960342804205,0.5,0,1
194,194:13,TrafficSign:5,scene_28_12,9772448428,TrafficSign,128.28369781702446,-4.258789936343992,0.0,0,0
194,194:13,TrafficSign:5,scene_28_12,9772448428,TrafficSign,128.28369781702446,-4.258789936343992,0.5,1,3
194,194:14,TrafficSign:6,scene_28_12,9772448428,TrafficSign,172.9762519979296,-2.833434668799436,0.0,0,0
194,194:14,TrafficSign:6,scene_28_12,9772448428,TrafficSign,172.9762519979296,-2.833434668799436,0.5,0,1
194,194:15,TrafficSign:7,scene_28_12,9772448428,TrafficSign,176.34890418147768,-9.136871739969354,0.0,0,0
194,194:15,TrafficSign:7,scene_28_12,9772448428,TrafficSign,176.34890418147768,-9.136871739969354,0.5,0,0
194,194:17,Vehicle:12,scene_28_12,9772448428,Vehicle,213.2247520586862,169.54701309001445,0.0,0,10
194,194:17,Vehicle:12,scene_28_12,9772448428,Vehicle,213.2247520586862,169.54701309001445,0.5,0,12
194,194:18,Vehicle:18,scene_28_12,9772448428,Vehicle-Trailer,182.26977657205836,-5.834451789034595,0.0,15,131
194,194:18,Vehicle:18,scene_28_12,9772448428,Vehicle-Trailer,182.26977657205836,-5.834451789034595,0.5,18,473
194,194:20,Vehicle:3,scene_28_12,9772448428,Vehicle-Passenger,290.9039037756277,0.4107476260612108,0.0,0,0
194,194:20,Vehicle:3,scene_28_12,9772448428,Vehicle-Passenger,290.9039037756277,0.4107476260612108,0.5,0,13
194,194:21,Vehicle:4,scene_28_12,9772448428,Vehicle-SemiTruck-Trailer,369.53383575756925,-0.3776726303350529,0.0,0,31
194,194:21,Vehicle:4,scene_28_12,9772448428,Vehicle-SemiTruck-Trailer,369.53383575756925,-0.3776726303350529,0.5,0,130
194,194:22,TrafficSign:22,scene_28_12,9772448428,TrafficSign,85.49867442296274,113.59636858004001,0.0,0,0
194,194:22,TrafficSign:22,scene_28_12,9772448428,TrafficSign,85.49867442296274,113.59636858004001,0.5,1,0
204,204:0,RoadObstruction:1,scene_28_12,10272431628,RoadObstruction-Barrel,45.216784548291486,37.74681344738324,0.0,0,3
204,204:0,RoadObstruction:1,scene_28_12,10272431628,RoadObstruction-Barrel,45.216784548291486,37.74681344738324,0.5,2,72
204,204:1,RoadObstruction:2,scene_28_12,10272431628,RoadObstruction-Barrel,39.92484818684308,44.43193884039056,0.0,0,2
204,204:1,RoadObstruction:2,scene_28_12,10272431628,RoadObstruction-Barrel,39.92484818684308,44.43193884039056,0.5,4,66
204,204:2,TrafficSign:1,scene_28_12,10272431628,TrafficSign,103.07915416613363,-175.08809968608085,0.0,0,0
204,204:2,TrafficSign:1,scene_28_12,10272431628,TrafficSign,103.07915416613363,-175.08809968608085,0.5,0,6
204,204:3,TrafficSign:13,scene_28_12,10272431628,TrafficSign,80.84529654893657,50.7139487997623,0.0,0,0
204,204:3,TrafficSign:13,scene_28_12,10272431628,TrafficSign,80.84529654893657,50.7139487997623,0.5,0,4
204,204:4,TrafficSign:14,scene_28_12,10272431628,TrafficSign,95.34043132349238,54.88403787616667,0.0,0,0
204,204:4,TrafficSign:14,scene_28_12,10272431628,TrafficSign,95.34043132349238,54.88403787616667,0.5,3,9
204,204:5,TrafficSign:15,scene_28_12,10272431628,TrafficSign,82.57444645017495,-157.89645921114234,0.0,0,1
204,204:5,TrafficSign:15,scene_28_12,10272431628,TrafficSign,82.57444645017495,-157.89645921114234,0.5,0,3
204,204:6,TrafficSign:16,scene_28_12,10272431628,TrafficSign,97.86834061005237,-154.74195914805966,0.0,0,0
204,204:6,TrafficSign:16,scene_28_12,10272431628,TrafficSign,97.86834061005237,-154.74195914805966,0.5,2,1
204,204:7,TrafficSign:17,scene_28_12,10272431628,TrafficSign,107.02523213395705,-147.23753517505057,0.0,0,0
204,204:7,TrafficSign:17,scene_28_12,10272431628,TrafficSign,107.02523213395705,-147.23753517505057,0.5,0,4
204,204:8,TrafficSign:2,scene_28_12,10272431628,TrafficSign,236.84783246466753,-178.04651818632792,0.0,0,6
204,204:8,TrafficSign:2,scene_28_12,10272431628,TrafficSign,236.84783246466753,-178.04651818632792,0.5,0,19
204,204:9,TrafficSign:20,scene_28_12,10272431628,TrafficSign,105.99516428075125,116.9913808568289,0.0,0,0
204,204:9,TrafficSign:20,scene_28_12,10272431628,TrafficSign,105.99516428075125,116.9913808568289,0.5,0,0
204,204:10,TrafficSign:22,scene_28_12,10272431628,TrafficSign,92.45508011372215,122.02556727977998,0.0,0,0
204,204:10,TrafficSign:22,scene_28_12,10272431628,TrafficSign,92.45508011372215,122.02556727977998,0.5,1,0
204,204:11,TrafficSign:27,scene_28_12,10272431628,TrafficSign,87.37347169596217,135.4516867104715,0.0,0,0
204,204:11,TrafficSign:27,scene_28_12,10272431628,TrafficSign,87.37347169596217,135.4516867104715,0.5,0,2
204,204:12,TrafficSign:3,scene_28_12,10272431628,TrafficSign,324.1680553494886,-178.53840365854816,0.0,0,0
204,204:12,TrafficSign:3,scene_28_12,10272431628,TrafficSign,324.1680553494886,-178.53840365854816,0.5,0,1
204,204:13,TrafficSign:5,scene_28_12,10272431628,TrafficSign,113.2749720652856,-4.851706805985913,0.0,0,0
204,204:13,TrafficSign:5,scene_28_12,10272431628,TrafficSign,113.2749720652856,-4.851706805985913,0.5,0,7
204,204:14,TrafficSign:6,scene_28_12,10272431628,TrafficSign,157.94662009331822,-3.142442273947808,0.0,0,0
204,204:14,TrafficSign:6,scene_28_12,10272431628,TrafficSign,157.94662009331822,-3.142442273947808,0.5,0,1
204,204:15,TrafficSign:7,scene_28_12,10272431628,TrafficSign,161.52829025914338,-10.021571756358032,0.0,0,0
204,204:15,TrafficSign:7,scene_28_12,10272431628,TrafficSign,161.52829025914338,-10.021571756358032,0.5,0,0
204,204:17,Vehicle:12,scene_28_12,10272431628,Vehicle-SemiTruck-Trailer,243.3604533211163,170.67218079359844,0.0,0,16
204,204:17,Vehicle:12,scene_28_12,10272431628,Vehicle-SemiTruck-Trailer,243.3604533211163,170.67218079359844,0.5,0,20
204,204:18,Vehicle:18,scene_28_12,10272431628,Vehicle-Trailer,175.27928486876462,-5.735415249233331,0.0,30,288
204,204:18,Vehicle:18,scene_28_12,10272431628,Vehicle-Trailer,175.27928486876462,-5.735415249233331,0.5,38,547
204,204:20,Vehicle:3,scene_28_12,10272431628,Vehicle-Passenger,293.9600729212375,0.35681161924298405,0.0,0,5
204,204:20,Vehicle:3,scene_28_12,10272431628,Vehicle-Passenger,293.9600729212375,0.35681161924298405,0.5,0,19
204,204:21,Vehicle:4,scene_28_12,10272431628,Vehicle-SemiTruck-Trailer,370.3214475646133,-0.4471849998490017,0.0,0,17
204,204:21,Vehicle:4,scene_28_12,10272431628,Vehicle-SemiTruck-Trailer,370.3214475646133,-0.4471849998490017,0.5,0,127
204,204:22,TrafficSign:4,scene_28_12,10272431628,TrafficSign,192.5485296895141,-171.95847933582726,0.0,0,0
204,204:22,TrafficSign:4,scene_28_12,10272431628,TrafficSign,192.5485296895141,-171.95847933582726,0.5,0,0
216,216:0,RoadObstruction:1,scene_28_12,10872331953,RoadObstruction-Barrel,32.997906721233235,57.41676413380159,0.0,1,5
216,216:0,RoadObstruction:1,scene_28_12,10872331953,RoadObstruction-Barrel,32.997906721233235,57.41676413380159,0.5,2,84
216,216:1,RoadObstruction:2,scene_28_12,10872331953,RoadObstruction-Barrel,29.96518717211019,69.48809917449388,0.0,0,77
216,216:1,RoadObstruction:2,scene_28_12,10872331953,RoadObstruction-Barrel,29.96518717211019,69.48809917449388,0.5,0,301
216,216:2,TrafficSign:1,scene_28_12,10872331953,TrafficSign,121.0668725446506,-175.8491026494026,0.0,0,0
216,216:2,TrafficSign:1,scene_28_12,10872331953,TrafficSign,121.0668725446506,-175.8491026494026,0.5,0,25
216,216:3,TrafficSign:13,scene_28_12,10872331953,TrafficSign,70.65108025262029,61.85453228085705,0.0,0,0
216,216:3,TrafficSign:13,scene_28_12,10872331953,TrafficSign,70.65108025262029,61.85453228085705,0.5,2,2
216,216:4,TrafficSign:14,scene_28_12,10872331953,TrafficSign,86.34301417495138,65.03538527556955,0.0,0,0
216,216:4,TrafficSign:14,scene_28_12,10872331953,TrafficSign,86.34301417495138,65.03538527556955,0.5,2,0
216,216:5,TrafficSign:15,scene_28_12,10872331953,TrafficSign,99.46342368005197,-161.89307421184773,0.0,0,0
216,216:5,TrafficSign:15,scene_28_12,10872331953,TrafficSign,99.46342368005197,-161.89307421184773,0.5,0,3
216,216:6,TrafficSign:16,scene_28_12,10872331953,TrafficSign,114.16453825885513,-158.44224769984365,0.0,1,0
216,216:6,TrafficSign:16,scene_28_12,10872331953,TrafficSign,114.16453825885513,-158.44224769984365,0.5,1,2
216,216:7,TrafficSign:17,scene_28_12,10872331953,TrafficSign,122.61848202431366,-151.86636019626695,0.0,0,0
216,216:7,TrafficSign:17,scene_28_12,10872331953,TrafficSign,122.61848202431366,-151.86636019626695,0.5,0,4
216,216:8,TrafficSign:2,scene_28_12,10872331953,TrafficSign,254.9373114194159,-178.22163569645215,0.0,0,0
216,216:8,TrafficSign:2,scene_28_12,10872331953,TrafficSign,254.9373114194159,-178.22163569645215,0.5,0,11
216,216:9,TrafficSign:20,scene_28_12,10872331953,TrafficSign,115.27343486119607,124.94771505369282,0.0,0,0
216,216:9,TrafficSign:20,scene_28_12,10872331953,TrafficSign,115.27343486119607,124.94771505369282,0.5,0,0
216,216:10,TrafficSign:22,scene_28_12,10872331953,TrafficSign,103.04959505660887,130.41415296501683,0.0,0,0
216,216:10,TrafficSign:22,scene_28_12,10872331953,TrafficSign,103.04959505660887,130.41415296501683,0.5,0,0
216,216:11,TrafficSign:26,scene_28_12,10872331953,TrafficSign,333.2955214034547,7.30785836389847,0.0,0,0
216,216:11,TrafficSign:26,scene_28_12,10872331953,TrafficSign,333.2955214034547,7.30785836389847,0.5,0,0
216,216:12,TrafficSign:27,scene_28_12,10872331953,TrafficSign,101.0430584020433,142.48044861684534,0.0,0,0
216,216:12,TrafficSign:27,scene_28_12,10872331953,TrafficSign,101.0430584020433,142.48044861684534,0.5,0,1
216,216:13,TrafficSign:4,scene_28_12,10872331953,TrafficSign,210.43142448758084,-172.6769507160715,0.0,0,0
216,216:13,TrafficSign:4,scene_28_12,10872331953,TrafficSign,210.43142448758084,-172.6769507160715,0.5,0,0
216,216:14,TrafficSign:5,scene_28_12,10872331953,TrafficSign,95.27333649513467,-5.764906061237992,0.0,0,0
216,216:14,TrafficSign:5,scene_28_12,10872331953,TrafficSign,95.27333649513467,-5.764906061237992,0.5,0,31
216,216:15,TrafficSign:6,scene_28_12,10872331953,TrafficSign,139.93285745312704,-3.5639280483535423,0.0,0,0
216,216:15,TrafficSign:6,scene_28_12,10872331953,TrafficSign,139.93285745312704,-3.5639280483535423,0.5,1,0
216,216:16,TrafficSign:7,scene_28_12,10872331953,TrafficSign,143.7801280189271,-11.293799296966467,0.0,0,0
216,216:16,TrafficSign:7,scene_28_12,10872331953,TrafficSign,143.7801280189271,-11.293799296966467,0.5,0,0
216,216:18,Vehicle:12,scene_28_12,10872331953,Vehicle-SemiTruck-Trailer,279.33194733566563,171.77633315102634,0.0,0,13
216,216:18,Vehicle:12,scene_28_12,10872331953,Vehicle-SemiTruck-Trailer,279.33194733566563,171.77633315102634,0.5,0,15
216,216:19,Vehicle:18,scene_28_12,10872331953,Vehicle-Trailer,167.17015745051228,-5.578013605646287,0.0,20,140
216,216:19,Vehicle:18,scene_28_12,10872331953,Vehicle-Trailer,167.17015745051228,-5.578013605646287,0.5,27,263
216,216:21,Vehicle:3,scene_28_12,10872331953,Vehicle-Passenger,297.8225789709488,0.30679190362657355,0.0,0,9
216,216:21,Vehicle:3,scene_28_12,10872331953,Vehicle-Passenger,297.8225789709488,0.30679190362657355,0.5,0,21
216,216:22,Vehicle:4,scene_28_12,10872331953,Vehicle-SemiTruck-Trailer,371.28340404914877,-0.5147348423347788,0.0,0,19
216,216:22,Vehicle:4,scene_28_12,10872331953,Vehicle-SemiTruck-Trailer,371.28340404914877,-0.5147348423347788,0.5,0,78
226,226:0,RoadObstruction:1,scene_28_12,11372314178,RoadObstruction-Barrel,28.051191466177514,83.88937633276251,0.0,0,32
226,226:0,RoadObstruction:1,scene_28_12,11372314178,RoadObstruction-Barrel,28.051191466177514,83.88937633276251,0.5,1,378
226,226:1,RoadObstruction:2,scene_28_12,11372314178,RoadObstruction-Barrel,28.46701888355531,98.67451244080736,0.0,0,78
226,226:1,RoadObstruction:2,scene_28_12,11372314178,RoadObstruction-Barrel,28.46701888355531,98.67451244080736,0.5,0,299
226,226:2,TrafficSign:1,scene_28_12,11372314178,TrafficSign,136.04654603004985,-176.5317632726584,0.0,0,0
226,226:2,TrafficSign:1,scene_28_12,11372314178,TrafficSign,136.04654603004985,-176.5317632726584,0.5,0,4
226,226:3,TrafficSign:13,scene_28_12,11372314178,TrafficSign,64.64350812821387,73.23037221873649,0.0,0,0
226,226:3,TrafficSign:13,scene_28_12,11372314178,TrafficSign,64.64350812821387,73.23037221873649,0.5,1,2
226,226:4,TrafficSign:14,scene_28_12,11372314178,TrafficSign,81.09465267479003,74.39600852266032,0.0,2,0
226,226:4,TrafficSign:14,scene_28_12,11372314178,TrafficSign,81.09465267479003,74.39600852266032,0.5,2,1
226,226:5,TrafficSign:15,scene_28_12,11372314178,TrafficSign,113.71528906891538,-164.44824228214603,0.0,0,0
226,226:5,TrafficSign:15,scene_28_12,11372314178,TrafficSign,113.71528906891538,-164.44824228214603,0.5,0,2
226,226:6,TrafficSign:16,scene_28_12,11372314178,TrafficSign,128.1032227943806,-161.0394057619973,0.0,0,0
226,226:6,TrafficSign:16,scene_28_12,11372314178,TrafficSign,128.1032227943806,-161.0394057619973,0.5,0,2
226,226:7,TrafficSign:17,scene_28_12,11372314178,TrafficSign,136.06185693138286,-155.07650816285582,0.0,0,0
226,226:7,TrafficSign:17,scene_28_12,11372314178,TrafficSign,136.06185693138286,-155.07650816285582,0.5,0,3
226,226:8,TrafficSign:2,scene_28_12,11372314178,TrafficSign,269.9017322117072,-178.55763147608332,0.0,0,0
226,226:8,TrafficSign:2,scene_28_12,11372314178,TrafficSign,269.9017322117072,-178.55763147608332,0.5,0,12
226,226:9,TrafficSign:20,scene_28_12,11372314178,TrafficSign,124.5172073453772,130.3647059112077,0.0,0,0
226,226:9,TrafficSign:20,scene_28_12,11372314178,TrafficSign,124.5172073453772,130.3647059112077,0.5,1,0
226,226:10,TrafficSign:22,scene_28_12,11372314178,TrafficSign,113.41059002791442,135.90716272044912,0.0,0,0
226,226:10,TrafficSign:22,scene_28_12,11372314178,TrafficSign,113.41059002791442,135.90716272044912,0.5,0,0
226,226:11,TrafficSign:26,scene_28_12,11372314178,TrafficSign,318.30067745194464,7.421813721972584,0.0,0,0
226,226:11,TrafficSign:26,scene_28_12,11372314178,TrafficSign,318.30067745194464,7.421813721972584,0.5,0,0
226,226:12,TrafficSign:27,scene_28_12,11372314178,TrafficSign,113.52731312368776,146.89078169292975,0.0,0,0
226,226:12,TrafficSign:27,scene_28_12,11372314178,TrafficSign,113.52731312368776,146.89078169292975,0.5,0,1
226,226:13,TrafficSign:4,scene_28_12,11372314178,TrafficSign,225.34466949255278,-173.38913603551336,0.0,0,0
226,226:13,TrafficSign:4,scene_28_12,11372314178,TrafficSign,225.34466949255278,-173.38913603551336,0.5,0,6
226,226:14,TrafficSign:5,scene_28_12,11372314178,TrafficSign,80.35515074378395,-7.0344927374906865,0.0,0,0
226,226:14,TrafficSign:5,scene_28_12,11372314178,TrafficSign,80.35515074378395,-7.0344927374906865,0.5,0,33
226,226:15,TrafficSign:6,scene_28_12,11372314178,TrafficSign,124.9479556037746,-4.203176162812634,0.0,0,0
226,226:15,TrafficSign:6,scene_28_12,11372314178,TrafficSign,124.9479556037746,-4.203176162812634,0.5,0,0
226,226:16,TrafficSign:7,scene_28_12,11372314178,TrafficSign,129.0864230901635,-12.815622488855947,0.0,0,0
226,226:16,TrafficSign:7,scene_28_12,11372314178,TrafficSign,129.0864230901635,-12.815622488855947,0.5,0,2
226,226:18,Vehicle:12,scene_28_12,11372314178,Vehicle-SemiTruck-Trailer,309.4962039477712,172.34612248860245,0.0,0,6
226,226:18,Vehicle:12,scene_28_12,11372314178,Vehicle-SemiTruck-Trailer,309.4962039477712,172.34612248860245,0.5,0,6
226,226:19,Vehicle:18,scene_28_12,11372314178,Vehicle-Trailer,160.7176420666895,-5.617198255237216,0.0,27,227
226,226:19,Vehicle:18,scene_28_12,11372314178,Vehicle-Trailer,160.7176420666895,-5.617198255237216,0.5,34,595
226,226:21,Vehicle:3,scene_28_12,11372314178,Vehicle-Passenger,301.1243306220302,0.06101569708118263,0.0,0,4
226,226:21,Vehicle:3,scene_28_12,11372314178,Vehicle-Passenger,301.1243306220302,0.06101569708118263,0.5,0,13
226,226:22,Vehicle:4,scene_28_12,11372314178,Vehicle-SemiTruck-Trailer,371.97897732397234,-0.7630477792608843,0.0,0,35
226,226:22,Vehicle:4,scene_28_12,11372314178,Vehicle-SemiTruck-Trailer,371.97897732397234,-0.7630477792608843,0.5,0,138
226,226:23,Vehicle:7,scene_28_12,11372314178,Vehicle-Passenger,47.5329193511009,49.129906655326366,0.0,7,50
226,226:23,Vehicle:7,scene_28_12,11372314178,Vehicle-Passenger,47.5329193511009,49.129906655326366,0.5,9,61
236,236:0,RoadObstruction:1,scene_28_12,11872286853,RoadObstruction-Barrel,30.378993952412962,112.5056869803794,0.0,0,8
236,236:0,RoadObstruction:1,scene_28_12,11872286853,RoadObstruction-Barrel,30.378993952412962,112.5056869803794,0.5,1,226
236,236:1,RoadObstruction:2,scene_28_12,11872286853,RoadObstruction-Barrel,34.109732520222174,123.67098509003043,0.0,0,0
236,236:1,RoadObstruction:2,scene_28_12,11872286853,RoadObstruction-Barrel,34.109732520222174,123.67098509003043,0.5,0,107
236,236:2,TrafficSign:1,scene_28_12,11872286853,TrafficSign,150.9864811476501,-177.2890200074646,0.0,0,0
236,236:2,TrafficSign:1,scene_28_12,11872286853,TrafficSign,150.9864811476501,-177.2890200074646,0.5,0,9
236,236:3,TrafficSign:14,scene_28_12,11872286853,TrafficSign,78.02968522319472,84.4949491090517,0.0,0,0
236,236:3,TrafficSign:14,scene_28_12,11872286853,TrafficSign,78.02968522319472,84.4949491090517,0.5,2,0
236,236:4,TrafficSign:15,scene_28_12,11872286853,TrafficSign,128.2537673334903,-166.65945209123944,0.0,0,0
236,236:4,TrafficSign:15,scene_28_12,11872286853,TrafficSign,128.2537673334903,-166.65945209123944,0.5,0,17
236,236:5,TrafficSign:16,scene_28_12,11872286853,TrafficSign,142.36755241519856,-163.41398012397278,0.0,0,0
236,236:5,TrafficSign:16,scene_28_12,11872286853,TrafficSign,142.36755241519856,-163.41398012397278,0.5,1,1
236,236:6,TrafficSign:17,scene_28_12,11872286853,TrafficSign,149.77802477287503,-157.88833500068702,0.0,0,0
236,236:6,TrafficSign:17,scene_28_12,11872286853,TrafficSign,149.77802477287503,-157.88833500068702,0.5,0,8
236,236:7,TrafficSign:2,scene_28_12,11872286853,TrafficSign,284.8020406230166,-179.06949010099865,0.0,0,0
236,236:7,TrafficSign:2,scene_28_12,11872286853,TrafficSign,284.8020406230166,-179.06949010099865,0.5,0,4
236,236:8,TrafficSign:20,scene_28_12,11872286853,TrafficSign,134.76275088405123,134.69959972942144,0.0,0,0
236,236:8,TrafficSign:20,scene_28_12,11872286853,TrafficSign,134.76275088405123,134.69959972942144,0.5,1,0
236,236:9,TrafficSign:22,scene_28_12,11872286853,TrafficSign,124.73341886735449,140.1320943231666,0.0,0,0
236,236:9,TrafficSign:22,scene_28_12,11872286853,TrafficSign,124.73341886735449,140.1320943231666,0.5,0,0
236,236:10,TrafficSign:26,scene_28_12,11872286853,TrafficSign,303.4634786019331,7.367832656664395,0.0,0,0
236,236:10,TrafficSign:26,scene_28_12,11872286853,TrafficSign,303.4634786019331,7.367832656664395,0.5,0,2
236,236:11,TrafficSign:27,scene_28_12,11872286853,TrafficSign,126.57671580219782,150.19453601459583,0.0,0,6
236,236:11,TrafficSign:27,scene_28_12,11872286853,TrafficSign,126.57671580219782,150.19453601459583,0.5,0,41
236,236:12,TrafficSign:4,scene_28_12,11872286853,TrafficSign,240.2443723044101,-174.2259687769948,0.0,0,0
236,236:12,TrafficSign:4,scene_28_12,11872286853,TrafficSign,240.2443723044101,-174.2259687769948,0.5,0,1
236,236:13,TrafficSign:5,scene_28_12,11872286853,TrafficSign,65.58220323185559,-9.024421424181165,0.0,0,0
236,236:13,TrafficSign:5,scene_28_12,11872286853,TrafficSign,65.58220323185559,-9.024421424181165,0.5,0,11
236,236:14,TrafficSign:6,scene_28_12,11872286853,TrafficSign,110.00317755569284,-5.181791339347111,0.0,0,0
236,236:14,TrafficSign:6,scene_28_12,11872286853,TrafficSign,110.00317755569284,-5.181791339347111,0.5,0,0
236,236:15,TrafficSign:7,scene_28_12,11872286853,TrafficSign,114.52615314476593,-14.881487116699127,0.0,0,0
236,236:15,TrafficSign:7,scene_28_12,11872286853,TrafficSign,114.52615314476593,-14.881487116699127,0.5,0,0
236,236:17,Vehicle:15,scene_28_12,11872286853,Vehicle-SemiTruck-Cab,330.3222703808247,5.048517839321,0.0,5,13
236,236:17,Vehicle:15,scene_28_12,11872286853,Vehicle-SemiTruck-Cab,330.3222703808247,5.048517839321,0.5,5,13
236,236:18,Vehicle:16,scene_28_12,11872286853,Vehicle-SemiTruck-Trailer,341.221239955901,4.85610074623616,0.0,0,4
236,236:18,Vehicle:16,scene_28_12,11872286853,Vehicle-SemiTruck-Trailer,341.221239955901,4.85610074623616,0.5,0,4
236,236:19,Vehicle:18,scene_28_12,11872286853,Vehicle-Trailer,154.4629087431175,-5.8439294467310745,0.0,28,97
236,236:19,Vehicle:18,scene_28_12,11872286853,Vehicle-Trailer,154.4629087431175,-5.8439294467310745,0.5,38,381
236,236:21,Vehicle:25,scene_28_12,11872286853,Vehicle-Passenger,79.34440442420302,178.33267281821549,0.0,3,11
236,236:21,Vehicle:25,scene_28_12,11872286853,Vehicle-Passenger,79.34440442420302,178.33267281821549,0.5,4,55
236,236:22,Vehicle:3,scene_28_12,11872286853,Vehicle-Passenger,304.48088297209904,-0.3959499169581874,0.0,0,6
236,236:22,Vehicle:3,scene_28_12,11872286853,Vehicle-Passenger,304.48088297209904,-0.3959499169581874,0.5,0,15
236,236:23,Vehicle:4,scene_28_12,11872286853,Vehicle-SemiTruck-Trailer,372.63850364328107,-1.2099997463309984,0.0,0,60
236,236:23,Vehicle:4,scene_28_12,11872286853,Vehicle-SemiTruck-Trailer,372.63850364328107,-1.2099997463309984,0.5,0,191
236,236:24,Vehicle:7,scene_28_12,11872286853,Vehicle-Passenger,35.89157943919521,93.88697880067495,0.0,0,244
236,236:24,Vehicle:7,scene_28_12,11872286853,Vehicle-Passenger,35.89157943919521,93.88697880067495,0.5,4,597
236,236:25,TrafficSign:13,scene_28_12,11872286853,TrafficSign,61.94207159859697,86.10531205887436,0.0,0,0
236,236:25,TrafficSign:13,scene_28_12,11872286853,TrafficSign,61.94207159859697,86.10531205887436,0.5,0,0
246,246:0,RoadObstruction:1,scene_28_12,12372436728,RoadObstruction-Barrel,38.66323764252179,132.6927174939625,0.0,0,2
246,246:0,RoadObstruction:1,scene_28_12,12372436728,RoadObstruction-Barrel,38.66323764252179,132.6927174939625,0.5,0,66
246,246:1,RoadObstruction:2,scene_28_12,12372436728,RoadObstruction-Barrel,44.21091328212045,139.28073124629486,0.0,0,0
246,246:1,RoadObstruction:2,scene_28_12,12372436728,RoadObstruction-Barrel,44.21091328212045,139.28073124629486,0.5,1,46
246,246:2,TrafficSign:1,scene_28_12,12372436728,TrafficSign,165.933035252168,-177.94924391005347,0.0,0,0
246,246:2,TrafficSign:1,scene_28_12,12372436728,TrafficSign,165.933035252168,-177.94924391005347,0.5,0,13
246,246:3,TrafficSign:15,scene_28_12,12372436728,TrafficSign,143.0918298482581,-168.51376524011457,0.0,0,2
246,246:3,TrafficSign:15,scene_28_12,12372436728,TrafficSign,143.0918298482581,-168.51376524011457,0.5,0,24
246,246:4,TrafficSign:16,scene_28_12,12372436728,TrafficSign,156.82938414446855,-165.4233389606758,0.0,0,0
246,246:4,TrafficSign:16,scene_28_12,12372436728,TrafficSign,156.82938414446855,-165.4233389606758,0.5,1,5
246,246:5,TrafficSign:17,scene_28_12,12372436728,TrafficSign,163.7020469643128,-160.2703255183168,0.0,0,1
246,246:5,TrafficSign:17,scene_28_12,12372436728,TrafficSign,163.7020469643128,-160.2703255183168,0.5,0,10
246,246:6,TrafficSign:18,scene_28_12,12372436728,TrafficSign,123.8563526874124,-153.21952712751838,0.0,0,0
246,246:6,TrafficSign:18,scene_28_12,12372436728,TrafficSign,123.8563526874124,-153.21952712751838,0.5,0,1
246,246:7,TrafficSign:19,scene_28_12,12372436728,TrafficSign,170.6882471622848,-153.58813843570215,0.0,0,0
246,246:7,TrafficSign:19,scene_28_12,12372436728,TrafficSign,170.6882471622848,-153.58813843570215,0.5,0,0
246,246:8,TrafficSign:2,scene_28_12,12372436728,TrafficSign,299.7593048037392,-179.56166212667844,0.0,0,0
246,246:8,TrafficSign:2,scene_28_12,12372436728,TrafficSign,299.7593048037392,-179.56166212667844,0.5,0,0
246,246:9,TrafficSign:20,scene_28_12,12372436728,TrafficSign,145.71159717916908,138.36265118055493,0.0,0,0
246,246:9,TrafficSign:20,scene_28_12,12372436728,TrafficSign,145.71159717916908,138.36265118055493,0.5,1,0
246,246:10,TrafficSign:22,scene_28_12,12372436728,TrafficSign,136.76263353897016,143.5021509052855,0.0,0,0
246,246:10,TrafficSign:22,scene_28_12,12372436728,TrafficSign,136.76263353897016,143.5021509052855,0.5,0,0
246,246:11,TrafficSign:26,scene_28_12,12372436728,TrafficSign,288.756938537056,7.3239474698136,0.0,0,0
246,246:11,TrafficSign:26,scene_28_12,12372436728,TrafficSign,288.756938537056,7.3239474698136,0.5,0,5
246,246:12,TrafficSign:27,scene_28_12,12372436728,TrafficSign,139.86099282681474,152.77477291376755,0.0,0,4
246,246:12,TrafficSign:27,scene_28_12,12372436728,TrafficSign,139.86099282681474,152.77477291376755,0.5,0,45
246,246:13,TrafficSign:4,scene_28_12,12372436728,TrafficSign,255.08853399771067,-174.99851556751997,0.0,0,0
246,246:13,TrafficSign:4,scene_28_12,12372436728,TrafficSign,255.08853399771067,-174.99851556751997,0.5,0,2
246,246:14,TrafficSign:5,scene_28_12,12372436728,TrafficSign,50.94849938224587,-12.032081350496943,0.0,0,0
246,246:14,TrafficSign:5,scene_28_12,12372436728,TrafficSign,50.94849938224587,-12.032081350496943,0.5,0,187
246,246:15,TrafficSign:6,scene_28_12,12372436728,TrafficSign,95.11684703753333,-6.403005629913856,0.0,0,0
246,246:15,TrafficSign:6,scene_28_12,12372436728,TrafficSign,95.11684703753333,-6.403005629913856,0.5,0,10
246,246:17,Vehicle:15,scene_28_12,12372436728,Vehicle-SemiTruck-Cab,301.16614732259706,5.149732525117492,0.0,0,20
246,246:17,Vehicle:15,scene_28_12,12372436728,Vehicle-SemiTruck-Cab,301.16614732259706,5.149732525117492,0.5,0,32
246,246:18,Vehicle:16,scene_28_12,12372436728,Vehicle-SemiTruck-Trailer,312.0485117015239,4.920902202908466,0.0,3,7
246,246:18,Vehicle:16,scene_28_12,12372436728,Vehicle-SemiTruck-Trailer,312.0485117015239,4.920902202908466,0.5,3,15
246,246:19,Vehicle:18,scene_28_12,12372436728,Vehicle-Trailer,148.2364399300797,-6.113197155960783,0.0,30,55
246,246:19,Vehicle:18,scene_28_12,12372436728,Vehicle-Trailer,148.2364399300797,-6.113197155960783,0.5,41,320
246,246:21,Vehicle:25,scene_28_12,12372436728,Vehicle-Passenger,79.5335579925314,178.27620408058698,0.0,3,13
246,246:21,Vehicle:25,scene_28_12,12372436728,Vehicle-Passenger,79.5335579925314,178.27620408058698,0.5,4,13
246,246:22,Vehicle:3,scene_28_12,12372436728,Vehicle-Passenger,307.9031807495163,-0.8926350719106577,0.0,0,8
246,246:22,Vehicle:3,scene_28_12,12372436728,Vehicle-Passenger,307.9031807495163,-0.8926350719106577,0.5,0,14
246,246:23,Vehicle:4,scene_28_12,12372436728,Vehicle-SemiTruck-Trailer,373.4841048246087,-1.6878858921007844,0.0,0,56
246,246:23,Vehicle:4,scene_28_12,12372436728,Vehicle-SemiTruck-Trailer,373.4841048246087,-1.6878858921007844,0.5,0,166
246,246:24,TrafficSign:13,scene_28_12,12372436728,TrafficSign,62.88395475746216,99.28816578873364,0.0,0,0
246,246:24,TrafficSign:13,scene_28_12,12372436728,TrafficSign,62.88395475746216,99.28816578873364,0.5,0,0
246,246:25,TrafficSign:14,scene_28_12,12372436728,TrafficSign,77.70621798173177,95.05007103647597,0.0,0,0
246,246:25,TrafficSign:14,scene_28_12,12372436728,TrafficSign,77.70621798173177,95.05007103647597,0.5,1,0
246,246:26,TrafficSign:7,scene_28_12,12372436728,TrafficSign,100.1559259595318,-17.478320443759685,0.0,0,0
246,246:26,TrafficSign:7,scene_28_12,12372436728,TrafficSign,100.1559259595318,-17.478320443759685,0.5,0,0
256,256:0,RoadObstruction:1,scene_28_12,12872408928,RoadObstruction-Barrel,50.06462513997624,144.7046482359841,0.0,0,5
256,256:0,RoadObstruction:1,scene_28_12,12872408928,RoadObstruction-Barrel,50.06462513997624,144.7046482359841,0.5,1,56
256,256:1,RoadObstruction:2,scene_28_12,12872408928,RoadObstruction-Barrel,56.411474588013775,148.60281151764997,0.0,0,2
256,256:1,RoadObstruction:2,scene_28_12,12872408928,RoadObstruction-Barrel,56.411474588013775,148.60281151764997,0.5,1,42
256,256:2,TrafficSign:1,scene_28_12,12872408928,TrafficSign,180.87238395021134,-178.47578715826003,0.0,0,0
256,256:2,TrafficSign:1,scene_28_12,12872408928,TrafficSign,180.87238395021134,-178.47578715826003,0.5,0,6
256,256:3,TrafficSign:13,scene_28_12,12872408928,TrafficSign,67.14338906251598,111.40136923094676,0.0,0,0
256,256:3,TrafficSign:13,scene_28_12,12872408928,TrafficSign,67.14338906251598,111.40136923094676,0.5,0,0
256,256:4,TrafficSign:15,scene_28_12,12872408928,TrafficSign,157.88962776021216,-169.97930484556687,0.0,0,2
256,256:4,TrafficSign:15,scene_28_12,12872408928,TrafficSign,157.88962776021216,-169.97930484556687,0.5,0,24
256,256:5,TrafficSign:16,scene_28_12,12872408928,TrafficSign,171.33681371891984,-167.0437939134303,0.0,0,1
256,256:5,TrafficSign:16,scene_28_12,12872408928,TrafficSign,171.33681371891984,-167.0437939134303,0.5,1,24
256,256:6,TrafficSign:17,scene_28_12,12872408928,TrafficSign,177.8275485338322,-162.27156206318585,0.0,0,1
256,256:6,TrafficSign:17,scene_28_12,12872408928,TrafficSign,177.8275485338322,-162.27156206318585,0.5,0,13
256,256:7,TrafficSign:18,scene_28_12,12872408928,TrafficSign,137.38850238611084,-156.4255620758914,0.0,0,0
256,256:7,TrafficSign:18,scene_28_12,12872408928,TrafficSign,137.38850238611084,-156.4255620758914,0.5,0,0
256,256:8,TrafficSign:19,scene_28_12,12872408928,TrafficSign,184.23777631667278,-155.97979069805524,0.0,0,0
256,256:8,TrafficSign:19,scene_28_12,12872408928,TrafficSign,184.23777631667278,-155.97979069805524,0.5,0,1
256,256:9,TrafficSign:20,scene_28_12,12872408928,TrafficSign,157.14681263109458,141.56065095831042,0.0,0,0
256,256:9,TrafficSign:20,scene_28_12,12872408928,TrafficSign,157.14681263109458,141.56065095831042,0.5,0,0
256,256:10,TrafficSign:22,scene_28_12,12872408928,TrafficSign,149.2039866462644,146.40256165372188,0.0,0,0
256,256:10,TrafficSign:22,scene_28_12,12872408928,TrafficSign,149.2039866462644,146.40256165372188,0.5,0,0
256,256:11,TrafficSign:26,scene_28_12,12872408928,TrafficSign,274.007389638717,7.355452109312718,0.0,0,0
256,256:11,TrafficSign:26,scene_28_12,12872408928,TrafficSign,274.007389638717,7.355452109312718,0.5,0,8
256,256:12,TrafficSign:27,scene_28_12,12872408928,TrafficSign,153.29882124669174,154.89354418287354,0.0,0,7
256,256:12,TrafficSign:27,scene_28_12,12872408928,TrafficSign,153.29882124669174,154.89354418287354,0.5,0,29
256,256:13,TrafficSign:4,scene_28_12,12872408928,TrafficSign,269.9579773380042,-175.65085375191418,0.0,0,0
256,256:13,TrafficSign:4,scene_28_12,12872408928,TrafficSign,269.9579773380042,-175.65085375191418,0.5,0,4
256,256:14,TrafficSign:5,scene_28_12,12872408928,TrafficSign,36.50974178239624,-17.199598825952368,0.0,0,0
256,256:14,TrafficSign:5,scene_28_12,12872408928,TrafficSign,36.50974178239624,-17.199598825952368,0.5,0,38
256,256:15,TrafficSign:6,scene_28_12,12872408928,TrafficSign,80.31792580087337,-7.9383217352897,0.0,0,0
256,256:15,TrafficSign:6,scene_28_12,12872408928,TrafficSign,80.31792580087337,-7.9383217352897,0.5,0,8
256,256:17,Vehicle:16,scene_28_12,12872408928,Vehicle-SemiTruck-Trailer,282.3782760801805,5.139197456574366,0.0,3,6
256,256:17,Vehicle:16,scene_28_12,12872408928,Vehicle-SemiTruck-Trailer,282.3782760801805,5.139197456574366,0.5,4,6
256,256:18,Vehicle:18,scene_28_12,12872408928,Vehicle-Trailer,142.02984671134578,-6.4196323237298945,0.0,34,100
256,256:18,Vehicle:18,scene_28_12,12872408928,Vehicle-Trailer,142.02984671134578,-6.4196323237298945,0.5,46,471
256,256:20,Vehicle:25,scene_28_12,12872408928,Vehicle-Passenger,79.43196650638518,178.14503622642647,0.0,3,4
256,256:20,Vehicle:25,scene_28_12,12872408928,Vehicle-Passenger,79.43196650638518,178.14503622642647,0.5,3,37
256,256:21,Vehicle:3,scene_28_12,12872408928,Vehicle-Passenger,311.26254848328085,-1.3683507484290864,0.0,0,2
256,256:21,Vehicle:3,scene_28_12,12872408928,Vehicle-Passenger,311.26254848328085,-1.3683507484290864,0.5,0,15
256,256:22,Vehicle:4,scene_28_12,12872408928,Vehicle-SemiTruck-Trailer,374.3914926277358,-2.1428316956503086,0.0,0,53
256,256:22,Vehicle:4,scene_28_12,12872408928,Vehicle-SemiTruck-Trailer,374.3914926277358,-2.1428316956503086,0.5,0,129
256,256:23,Vehicle:8,scene_28_12,12872408928,Vehicle-Passenger,64.10700774396257,31.41440304096978,0.0,14,2
256,256:23,Vehicle:8,scene_28_12,12872408928,Vehicle-Passenger,64.10700774396257,31.41440304096978,0.5,20,74
256,256:24,TrafficSign:14,scene_28_12,12872408928,TrafficSign,80.43421858183707,105.25568878575444,0.0,0,0
256,256:24,TrafficSign:14,scene_28_12,12872408928,TrafficSign,80.43421858183707,105.25568878575444,0.5,0,0
256,256:25,TrafficSign:7,scene_28_12,12872408928,TrafficSign,86.09189483325339,-20.803643451618488,0.0,0,0
256,256:25,TrafficSign:7,scene_28_12,12872408928,TrafficSign,86.09189483325339,-20.803643451618488,0.5,0,0
256,256:26,Vehicle:15,scene_28_12,12872408928,Vehicle-SemiTruck-Cab,271.4898989660065,5.419465973320062,0.0,1,0
256,256:26,Vehicle:15,scene_28_12,12872408928,Vehicle-SemiTruck-Cab,271.4898989660065,5.419465973320062,0.5,1,0
266,266:0,RoadObstruction:1,scene_28_12,13372391228,RoadObstruction-Barrel,62.91421355830362,152.1060355181582,0.0,0,0
266,266:0,RoadObstruction:1,scene_28_12,13372391228,RoadObstruction-Barrel,62.91421355830362,152.1060355181582,0.5,1,53
266,266:1,RoadObstruction:2,scene_28_12,13372391228,RoadObstruction-Barrel,69.58270943442093,154.5780151075059,0.0,0,2
266,266:1,RoadObstruction:2,scene_28_12,13372391228,RoadObstruction-Barrel,69.58270943442093,154.5780151075059,0.5,0,18
266,266:2,TrafficSign:1,scene_28_12,13372391228,TrafficSign,195.79701522966062,-178.8400194123415,0.0,0,0
266,266:2,TrafficSign:1,scene_28_12,13372391228,TrafficSign,195.79701522966062,-178.8400194123415,0.5,0,11
266,266:3,TrafficSign:13,scene_28_12,13372391228,TrafficSign,74.14786568996362,121.67315670034931,0.0,0,0
266,266:3,TrafficSign:13,scene_28_12,13372391228,TrafficSign,74.14786568996362,121.67315670034931,0.5,0,0
266,266:4,TrafficSign:14,scene_28_12,13372391228,TrafficSign,85.92378581524781,114.45169388946822,0.0,0,0
266,266:4,TrafficSign:14,scene_28_12,13372391228,TrafficSign,85.92378581524781,114.45169388946822,0.5,4,0
266,266:5,TrafficSign:15,scene_28_12,13372391228,TrafficSign,172.49842771234427,-171.06752636006524,0.0,0,1
266,266:5,TrafficSign:15,scene_28_12,13372391228,TrafficSign,172.49842771234427,-171.06752636006524,0.5,0,17
266,266:6,TrafficSign:16,scene_28_12,13372391228,TrafficSign,185.8775534776597,-168.2980108900581,0.0,0,1
266,266:6,TrafficSign:16,scene_28_12,13372391228,TrafficSign,185.8775534776597,-168.2980108900581,0.5,2,3
266,266:7,TrafficSign:17,scene_28_12,13372391228,TrafficSign,192.1336125357263,-163.88838366320462,0.0,0,0
266,266:7,TrafficSign:17,scene_28_12,13372391228,TrafficSign,192.1336125357263,-163.88838366320462,0.5,0,13
266,266:8,TrafficSign:18,scene_28_12,13372391228,TrafficSign,151.16826583142029,-158.92332869125852,0.0,0,0
266,266:8,TrafficSign:18,scene_28_12,13372391228,TrafficSign,151.16826583142029,-158.92332869125852,0.5,0,1
266,266:9,TrafficSign:19,scene_28_12,13372391228,TrafficSign,197.93077280335444,-157.96172748772543,0.0,0,0
266,266:9,TrafficSign:19,scene_28_12,13372391228,TrafficSign,197.93077280335444,-157.96172748772543,0.5,0,0
266,266:10,TrafficSign:20,scene_28_12,13372391228,TrafficSign,169.07665249330887,144.40790120125428,0.0,0,0
266,266:10,TrafficSign:20,scene_28_12,13372391228,TrafficSign,169.07665249330887,144.40790120125428,0.5,0,0
266,266:11,TrafficSign:22,scene_28_12,13372391228,TrafficSign,161.84952366256192,149.12540652708842,0.0,0,0
266,266:11,TrafficSign:22,scene_28_12,13372391228,TrafficSign,161.84952366256192,149.12540652708842,0.5,0,0
266,266:12,TrafficSign:26,scene_28_12,13372391228,TrafficSign,259.2042728408966,7.526429572892496,0.0,0,0
266,266:12,TrafficSign:26,scene_28_12,13372391228,TrafficSign,259.2042728408966,7.526429572892496,0.5,0,3
266,266:13,TrafficSign:27,scene_28_12,13372391228,TrafficSign,166.84753752002848,156.7430592938291,0.0,0,1
266,266:13,TrafficSign:27,scene_28_12,13372391228,TrafficSign,166.84753752002848,156.7430592938291,0.5,1,36
266,266:14,TrafficSign:4,scene_28_12,13372391228,TrafficSign,284.8835971993704,-176.14161674596605,0.0,0,0
266,266:14,TrafficSign:4,scene_28_12,13372391228,TrafficSign,284.8835971993704,-176.14161674596605,0.5,0,3
266,266:15,TrafficSign:5,scene_28_12,13372391228,TrafficSign,22.696832937558774,-28.513278323392246,0.0,0,0
266,266:15,TrafficSign:5,scene_28_12,13372391228,TrafficSign,22.696832937558774,-28.513278323392246,0.5,1,7
266,266:16,TrafficSign:6,scene_28_12,13372391228,TrafficSign,65.64108053325765,-9.965250931488056,0.0,0,0
266,266:16,TrafficSign:6,scene_28_12,13372391228,TrafficSign,65.64108053325765,-9.965250931488056,0.5,0,5
266,266:17,TrafficSign:7,scene_28_12,13372391228,TrafficSign,72.39658929192892,-25.215369084262353,0.0,0,0
266,266:17,TrafficSign:7,scene_28_12,13372391228,TrafficSign,72.39658929192892,-25.215369084262353,0.5,0,0
266,266:19,Vehicle:15,scene_28_12,13372391228,Vehicle-SemiTruck-Cab,241.34241820738507,5.960895668764862,0.0,2,10
266,266:19,Vehicle:15,scene_28_12,13372391228,Vehicle-SemiTruck-Cab,241.34241820738507,5.960895668764862,0.5,2,11
266,266:20,Vehicle:16,scene_28_12,13372391228,Vehicle-SemiTruck-Trailer,252.1856895505564,5.611583106707484,0.0,2,11
266,266:20,Vehicle:16,scene_28_12,13372391228,Vehicle-SemiTruck-Trailer,252.1856895505564,5.611583106707484,0.5,4,11
266,266:21,Vehicle:18,scene_28_12,13372391228,Vehicle-Trailer,136.05088939322533,-6.7160645567618165,0.0,34,201
266,266:21,Vehicle:18,scene_28_12,13372391228,Vehicle-Trailer,136.05088939322533,-6.7160645567618165,0.5,50,591
266,266:23,Vehicle:25,scene_28_12,13372391228,Vehicle-Passenger,79.36013514356284,178.0745149683213,0.0,3,19
266,266:23,Vehicle:25,scene_28_12,13372391228,Vehicle-Passenger,79.36013514356284,178.0745149683213,0.5,4,19
266,266:24,Vehicle:3,scene_28_12,13372391228,Vehicle-Passenger,314.52496330287835,-1.7518019189812268,0.0,0,4
266,266:24,Vehicle:3,scene_28_12,13372391228,Vehicle-Passenger,314.52496330287835,-1.7518019189812268,0.5,0,17
266,266:25,Vehicle:4,scene_28_12,13372391228,Vehicle-SemiTruck-Trailer,375.2338916185869,-2.508641450259363,0.0,0,49
266,266:25,Vehicle:4,scene_28_12,13372391228,Vehicle-SemiTruck-Trailer,375.2338916185869,-2.508641450259363,0.5,0,162
266,266:26,Vehicle:8,scene_28_12,13372391228,Vehicle-Passenger,40.82479047225841,56.311427635946,0.0,15,170
266,266:26,Vehicle:8,scene_28_12,13372391228,Vehicle-Passenger,40.82479047225841,56.311427635946,0.5,17,204
276,276:0,RoadObstruction:1,scene_28_12,13872363128,RoadObstruction-Barrel,76.44441264542792,157.16991889830547,0.0,0,0
276,276:0,RoadObstruction:1,scene_28_12,13872363128,RoadObstruction-Barrel,76.44441264542792,157.16991889830547,0.5,0,38
276,276:1,RoadObstruction:2,scene_28_12,13872363128,RoadObstruction-Barrel,83.2988744681311,158.8311409134187,0.0,0,0
276,276:1,RoadObstruction:2,scene_28_12,13872363128,RoadObstruction-Barrel,83.2988744681311,158.8311409134187,0.5,0,19
276,276:2,TrafficSign:1,scene_28_12,13872363128,TrafficSign,210.60225805520022,-178.9140858991498,0.0,0,0
276,276:2,TrafficSign:1,scene_28_12,13872363128,TrafficSign,210.60225805520022,-178.9140858991498,0.5,0,4
276,276:3,TrafficSign:12,scene_28_12,13872363128,TrafficSign,65.54267366065358,37.56874203333295,0.0,0,0
276,276:3,TrafficSign:12,scene_28_12,13872363128,TrafficSign,65.54267366065358,37.56874203333295,0.5,0,0
276,276:4,TrafficSign:13,scene_28_12,13872363128,TrafficSign,82.96635398605532,130.33258980670593,0.0,0,0
276,276:4,TrafficSign:13,scene_28_12,13872363128,TrafficSign,82.96635398605532,130.33258980670593,0.5,0,0
276,276:5,TrafficSign:14,scene_28_12,13872363128,TrafficSign,93.30421437475115,122.60203501851275,0.0,0,0
276,276:5,TrafficSign:14,scene_28_12,13872363128,TrafficSign,93.30421437475115,122.60203501851275,0.5,4,0
276,276:6,TrafficSign:15,scene_28_12,13872363128,TrafficSign,187.1921771713553,-171.74349591438838,0.0,0,5
276,276:6,TrafficSign:15,scene_28_12,13872363128,TrafficSign,187.1921771713553,-171.74349591438838,0.5,0,53
276,276:7,TrafficSign:16,scene_28_12,13872363128,TrafficSign,200.46007809898492,-169.11532285134436,0.0,0,0
276,276:7,TrafficSign:16,scene_28_12,13872363128,TrafficSign,200.46007809898492,-169.11532285134436,0.5,1,9
276,276:8,TrafficSign:17,scene_28_12,13872363128,TrafficSign,206.5126276320431,-165.00759893236273,0.0,0,0
276,276:8,TrafficSign:17,scene_28_12,13872363128,TrafficSign,206.5126276320431,-165.00759893236273,0.5,0,4
276,276:9,TrafficSign:18,scene_28_12,13872363128,TrafficSign,165.14589502077388,-160.74145152641097,0.0,0,0
276,276:9,TrafficSign:18,scene_28_12,13872363128,TrafficSign,165.14589502077388,-160.74145152641097,0.5,0,0
276,276:10,TrafficSign:19,scene_28_12,13872363128,TrafficSign,211.76907168993574,-159.42725868626627,0.0,0,0
276,276:10,TrafficSign:19,scene_28_12,13872363128,TrafficSign,211.76907168993574,-159.42725868626627,0.5,0,7
276,276:11,TrafficSign:20,scene_28_12,13872363128,TrafficSign,181.40228695101112,147.10802255639328,0.0,0,0
276,276:11,TrafficSign:20,scene_28_12,13872363128,TrafficSign,181.40228695101112,147.10802255639328,0.5,0,0
276,276:12,TrafficSign:22,scene_28_12,13872363128,TrafficSign,174.82192089429847,151.78145084502012,0.0,0,0
276,276:12,TrafficSign:22,scene_28_12,13872363128,TrafficSign,174.82192089429847,151.78145084502012,0.5,0,0
276,276:13,TrafficSign:27,scene_28_12,13872363128,TrafficSign,180.5936288928375,158.5666277741441,0.0,0,8
276,276:13,TrafficSign:27,scene_28_12,13872363128,TrafficSign,180.5936288928375,158.5666277741441,0.5,1,32
276,276:14,TrafficSign:4,scene_28_12,13872363128,TrafficSign,299.7403440174838,-176.33282378078923,0.0,0,1
276,276:14,TrafficSign:4,scene_28_12,13872363128,TrafficSign,299.7403440174838,-176.33282378078923,0.5,0,9
276,276:15,TrafficSign:5,scene_28_12,13872363128,TrafficSign,11.958269947065345,-64.74999490677607,0.0,0,0
276,276:15,TrafficSign:5,scene_28_12,13872363128,TrafficSign,11.958269947065345,-64.74999490677607,0.5,1,0
276,276:16,TrafficSign:6,scene_28_12,13872363128,TrafficSign,51.1553249185135,-12.807693533874149,0.0,0,0
276,276:16,TrafficSign:6,scene_28_12,13872363128,TrafficSign,51.1553249185135,-12.807693533874149,0.5,0,26
276,276:17,TrafficSign:7,scene_28_12,13872363128,TrafficSign,59.31434949300769,-31.298830174554997,0.0,0,0
276,276:17,TrafficSign:7,scene_28_12,13872363128,TrafficSign,59.31434949300769,-31.298830174554997,0.5,0,0
276,276:19,Vehicle:15,scene_28_12,13872363128,Vehicle-SemiTruck-Cab,211.04484159609254,6.981067956769104,0.0,3,13
276,276:19,Vehicle:15,scene_28_12,13872363128,Vehicle-SemiTruck-Cab,211.04484159609254,6.981067956769104,0.5,5,22
276,276:20,Vehicle:16,scene_28_12,13872363128,Vehicle-SemiTruck-Trailer,221.8470592147789,6.533629337914018,0.0,6,15
276,276:20,Vehicle:16,scene_28_12,13872363128,Vehicle-SemiTruck-Trailer,221.8470592147789,6.533629337914018,0.5,10,15
276,276:21,Vehicle:18,scene_28_12,13872363128,Vehicle-Trailer,130.396051466827,-6.796918186160536,0.0,37,166
276,276:21,Vehicle:18,scene_28_12,13872363128,Vehicle-Trailer,130.396051466827,-6.796918186160536,0.5,46,667
276,276:23,Vehicle:25,scene_28_12,13872363128,Vehicle-Passenger,79.65200014123003,178.43344960873844,0.0,2,26
276,276:23,Vehicle:25,scene_28_12,13872363128,Vehicle-Passenger,79.65200014123003,178.43344960873844,0.5,4,64
276,276:24,Vehicle:3,scene_28_12,13872363128,Vehicle-Passenger,317.80790199656127,-1.8770759550286618,0.0,0,12
276,276:24,Vehicle:3,scene_28_12,13872363128,Vehicle-Passenger,317.80790199656127,-1.8770759550286618,0.5,0,23
276,276:25,Vehicle:4,scene_28_12,13872363128,Vehicle-SemiTruck-Trailer,376.0250437532796,-2.6195166031807418,0.0,0,58
276,276:25,Vehicle:4,scene_28_12,13872363128,Vehicle-SemiTruck-Trailer,376.0250437532796,-2.6195166031807418,0.5,0,145
276,276:26,Vehicle:8,scene_28_12,13872363128,Vehicle-Passenger,36.35550352915962,106.79431796764669,0.0,7,82
276,276:26,Vehicle:8,scene_28_12,13872363128,Vehicle-Passenger,36.35550352915962,106.79431796764669,0.5,10,514
276,276:27,TrafficSign:26,scene_28_12,13872363128,TrafficSign,244.54882889594518,7.986370521911589,0.0,0,0
276,276:27,TrafficSign:26,scene_28_12,13872363128,TrafficSign,244.54882889594518,7.986370521911589,0.5,0,0
286,286:0,RoadObstruction:1,scene_28_12,14372345203,RoadObstruction-Barrel,90.36978577133121,161.03994806981086,0.0,0,0
286,286:0,RoadObstruction:1,scene_28_12,14372345203,RoadObstruction-Barrel,90.36978577133121,161.03994806981086,0.5,0,1
286,286:1,RoadObstruction:2,scene_28_12,14372345203,RoadObstruction-Barrel,97.36099360279304,162.22105364889762,0.0,0,0
286,286:1,RoadObstruction:2,scene_28_12,14372345203,RoadObstruction-Barrel,97.36099360279304,162.22105364889762,0.5,0,12
286,286:2,TrafficSign:1,scene_28_12,14372345203,TrafficSign,225.40746913015113,-178.63389493405816,0.0,0,1
286,286:2,TrafficSign:1,scene_28_12,14372345203,TrafficSign,225.40746913015113,-178.63389493405816,0.5,0,13
286,286:3,TrafficSign:11,scene_28_12,14372345203,TrafficSign,77.59625699695614,30.68938962516453,0.0,0,0
286,286:3,TrafficSign:11,scene_28_12,14372345203,TrafficSign,77.59625699695614,30.68938962516453,0.5,1,0
286,286:4,TrafficSign:12,scene_28_12,14372345203,TrafficSign,54.67000450618941,47.61586412195443,0.0,0,0
286,286:4,TrafficSign:12,scene_28_12,14372345203,TrafficSign,54.67000450618941,47.61586412195443,0.5,1,0
286,286:5,TrafficSign:13,scene_28_12,14372345203,TrafficSign,93.17848499569138,137.7009674817031,0.0,0,0
286,286:5,TrafficSign:13,scene_28_12,14372345203,TrafficSign,93.17848499569138,137.7009674817031,0.5,1,0
286,286:6,TrafficSign:14,scene_28_12,14372345203,TrafficSign,102.0863861028753,129.94772342769122,0.0,0,0
286,286:6,TrafficSign:14,scene_28_12,14372345203,TrafficSign,102.0863861028753,129.94772342769122,0.5,1,0
286,286:7,TrafficSign:15,scene_28_12,14372345203,TrafficSign,201.8591064081742,-171.93519589654233,0.0,0,1
286,286:7,TrafficSign:15,scene_28_12,14372345203,TrafficSign,201.8591064081742,-171.93519589654233,0.5,0,28
286,286:8,TrafficSign:16,scene_28_12,14372345203,TrafficSign,215.0768262666141,-169.47055623124868,0.0,0,0
286,286:8,TrafficSign:16,scene_28_12,14372345203,TrafficSign,215.0768262666141,-169.47055623124868,0.5,2,6
286,286:9,TrafficSign:17,scene_28_12,14372345203,TrafficSign,220.91037124321946,-165.61693570228243,0.0,0,0
286,286:9,TrafficSign:17,scene_28_12,14372345203,TrafficSign,220.91037124321946,-165.61693570228243,0.5,0,4
286,286:10,TrafficSign:18,scene_28_12,14372345203,TrafficSign,179.24569299475235,-161.9227621249179,0.0,0,0
286,286:10,TrafficSign:18,scene_28_12,14372345203,TrafficSign,179.24569299475235,-161.9227621249179,0.5,0,1
286,286:11,TrafficSign:19,scene_28_12,14372345203,TrafficSign,225.78853493902577,-160.3484310686181,0.0,0,0
286,286:11,TrafficSign:19,scene_28_12,14372345203,TrafficSign,225.78853493902577,-160.3484310686181,0.5,0,1
286,286:12,TrafficSign:20,scene_28_12,14372345203,TrafficSign,194.20638807080365,149.84987028380706,0.0,0,0
286,286:12,TrafficSign:20,scene_28_12,14372345203,TrafficSign,194.20638807080365,149.84987028380706,0.5,0,0
286,286:13,TrafficSign:22,scene_28_12,14372345203,TrafficSign,188.0346296874794,154.34560047481514,0.0,0,0
286,286:13,TrafficSign:22,scene_28_12,14372345203,TrafficSign,188.0346296874794,154.34560047481514,0.5,0,2
286,286:14,TrafficSign:27,scene_28_12,14372345203,TrafficSign,194.47870735395296,160.50288502079587,0.0,0,1
286,286:14,TrafficSign:27,scene_28_12,14372345203,TrafficSign,194.47870735395296,160.50288502079587,0.5,0,24
286,286:15,TrafficSign:4,scene_28_12,14372345203,TrafficSign,314.49354814805986,-176.13955895346064,0.0,0,0
286,286:15,TrafficSign:4,scene_28_12,14372345203,TrafficSign,314.49354814805986,-176.13955895346064,0.5,0,7
286,286:16,TrafficSign:5,scene_28_12,14372345203,TrafficSign,14.564063360523429,-131.50314312995073,0.0,0,0
286,286:16,TrafficSign:5,scene_28_12,14372345203,TrafficSign,14.564063360523429,-131.50314312995073,0.5,2,31
286,286:17,TrafficSign:6,scene_28_12,14372345203,TrafficSign,36.89550438948971,-17.472582307028443,0.0,0,0
286,286:17,TrafficSign:6,scene_28_12,14372345203,TrafficSign,36.89550438948971,-17.472582307028443,0.5,0,0
286,286:18,TrafficSign:7,scene_28_12,14372345203,TrafficSign,47.236814408521695,-40.31955000836598,0.0,0,0
286,286:18,TrafficSign:7,scene_28_12,14372345203,TrafficSign,47.236814408521695,-40.31955000836598,0.5,1,0
286,286:19,TrafficSign:9,scene_28_12,14372345203,TrafficSign,388.6753552522226,-3.3846554825133546,0.0,0,0
286,286:19,TrafficSign:9,scene_28_12,14372345203,TrafficSign,388.6753552522226,-3.3846554825133546,0.5,0,0
286,286:21,Vehicle:15,scene_28_12,14372345203,Vehicle-SemiTruck-Cab,181.06170517731888,8.69981767295613,0.0,3,23
286,286:21,Vehicle:15,scene_28_12,14372345203,Vehicle-SemiTruck-Cab,181.06170517731888,8.69981767295613,0.5,7,41
286,286:22,Vehicle:16,scene_28_12,14372345203,Vehicle-SemiTruck-Trailer,191.8220795032367,8.106692231374652,0.0,12,30
286,286:22,Vehicle:16,scene_28_12,14372345203,Vehicle-SemiTruck-Trailer,191.8220795032367,8.106692231374652,0.5,14,34
286,286:23,Vehicle:18,scene_28_12,14372345203,Vehicle-Trailer,124.93008017987728,-6.5116436739212515,0.0,39,111
286,286:23,Vehicle:18,scene_28_12,14372345203,Vehicle-Trailer,124.93008017987728,-6.5116436739212515,0.5,53,723
286,286:25,Vehicle:25,scene_28_12,14372345203,Vehicle-Passenger,80.40921071800571,179.52331134541825,0.0,2,1
286,286:25,Vehicle:25,scene_28_12,14372345203,Vehicle-Passenger,80.40921071800571,179.52331134541825,0.5,2,1
286,286:26,Vehicle:3,scene_28_12,14372345203,Vehicle-Passenger,321.3250065564775,-1.6234745012790488,0.0,0,5
286,286:26,Vehicle:3,scene_28_12,14372345203,Vehicle-Passenger,321.3250065564775,-1.6234745012790488,0.5,0,18
286,286:27,Vehicle:4,scene_28_12,14372345203,Vehicle-SemiTruck-Trailer,376.8621125400387,-2.3570952482721257,0.0,0,86
286,286:27,Vehicle:4,scene_28_12,14372345203,Vehicle-SemiTruck-Trailer,376.8621125400387,-2.3570952482721257,0.5,0,181
286,286:28,TrafficSign:26,scene_28_12,14372345203,TrafficSign,230.02602849858,8.865705504706092,0.0,0,0
286,286:28,TrafficSign:26,scene_28_12,14372345203,TrafficSign,230.02602849858,8.865705504706092,0.5,0,0
296,296:0,RoadObstruction:1,scene_28_12,14872317103,RoadObstruction-Barrel,104.5221015724081,164.10766187234177,0.0,0,0
296,296:0,RoadObstruction:1,scene_28_12,14872317103,RoadObstruction-Barrel,104.5221015724081,164.10766187234177,0.5,0,6
296,296:1,RoadObstruction:2,scene_28_12,14872317103,RoadObstruction-Barrel,111.66763595269394,164.99599945561147,0.0,0,0
296,296:1,RoadObstruction:2,scene_28_12,14872317103,RoadObstruction-Barrel,111.66763595269394,164.99599945561147,0.5,0,8
296,296:2,TrafficSign:1,scene_28_12,14872317103,TrafficSign,240.2551295779906,-178.1892643245081,0.0,0,0
296,296:2,TrafficSign:1,scene_28_12,14872317103,TrafficSign,240.2551295779906,-178.1892643245081,0.5,0,8
296,296:3,TrafficSign:11,scene_28_12,14872317103,TrafficSign,65.61337443731091,38.09182703922178,0.0,0,0
296,296:3,TrafficSign:11,scene_28_12,14872317103,TrafficSign,65.61337443731091,38.09182703922178,0.5,2,2
296,296:4,TrafficSign:12,scene_28_12,14872317103,TrafficSign,46.056454656848985,62.09052922785379,0.0,0,0
296,296:4,TrafficSign:12,scene_28_12,14872317103,TrafficSign,46.056454656848985,62.09052922785379,0.5,1,0
296,296:5,TrafficSign:13,scene_28_12,14872317103,TrafficSign,104.57570549641247,143.72635365808003,0.0,0,0
296,296:5,TrafficSign:13,scene_28_12,14872317103,TrafficSign,104.57570549641247,143.72635365808003,0.5,1,0
296,296:6,TrafficSign:14,scene_28_12,14872317103,TrafficSign,112.14152632067407,136.3230083486015,0.0,0,0
296,296:6,TrafficSign:14,scene_28_12,14872317103,TrafficSign,112.14152632067407,136.3230083486015,0.5,1,0
296,296:7,TrafficSign:15,scene_28_12,14872317103,TrafficSign,216.4566024491702,-171.9227639015495,0.0,0,3
296,296:7,TrafficSign:15,scene_28_12,14872317103,TrafficSign,216.4566024491702,-171.9227639015495,0.5,0,34
296,296:8,TrafficSign:16,scene_28_12,14872317103,TrafficSign,229.65788891773295,-169.59809654578228,0.0,0,0
296,296:8,TrafficSign:16,scene_28_12,14872317103,TrafficSign,229.65788891773295,-169.59809654578228,0.5,0,2
296,296:9,TrafficSign:17,scene_28_12,14872317103,TrafficSign,235.28725824360725,-165.97616812473774,0.0,0,0
296,296:9,TrafficSign:17,scene_28_12,14872317103,TrafficSign,235.28725824360725,-165.97616812473774,0.5,0,0
296,296:10,TrafficSign:18,scene_28_12,14872317103,TrafficSign,193.38896276974458,-162.76038001320472,0.0,0,0
296,296:10,TrafficSign:18,scene_28_12,14872317103,TrafficSign,193.38896276974458,-162.76038001320472,0.5,0,7
296,296:11,TrafficSign:19,scene_28_12,14872317103,TrafficSign,239.86788930499813,-160.99716504626022,0.0,0,0
296,296:11,TrafficSign:19,scene_28_12,14872317103,TrafficSign,239.86788930499813,-160.99716504626022,0.5,0,3
296,296:12,TrafficSign:20,scene_28_12,14872317103,TrafficSign,207.24386904870977,152.44739521014282,0.0,0,0
296,296:12,TrafficSign:20,scene_28_12,14872317103,TrafficSign,207.24386904870977,152.44739521014282,0.5,0,2
296,296:13,TrafficSign:22,scene_28_12,14872317103,TrafficSign,201.51292848538398,156.66147046462964,0.0,0,0
296,296:13,TrafficSign:22,scene_28_12,14872317103,TrafficSign,201.51292848538398,156.66147046462964,0.5,0,6
296,296:14,TrafficSign:27,scene_28_12,14872317103,TrafficSign,208.47869100478383,162.34957456246494,0.0,0,0
296,296:14,TrafficSign:27,scene_28_12,14872317103,TrafficSign,208.47869100478383,162.34957456246494,0.5,1,1
296,296:15,TrafficSign:4,scene_28_12,14872317103,TrafficSign,329.3388996618718,-175.78373242641118,0.0,0,1
296,296:15,TrafficSign:4,scene_28_12,14872317103,TrafficSign,329.3388996618718,-175.78373242641118,0.5,0,15
296,296:16,TrafficSign:5,scene_28_12,14872317103,TrafficSign,26.79609813334759,-155.26017559160763,0.0,0,4
296,296:16,TrafficSign:5,scene_28_12,14872317103,TrafficSign,26.79609813334759,-155.26017559160763,0.5,0,73
296,296:17,TrafficSign:6,scene_28_12,14872317103,TrafficSign,23.170655453202915,-27.84976182520077,0.0,0,0
296,296:17,TrafficSign:6,scene_28_12,14872317103,TrafficSign,23.170655453202915,-27.84976182520077,0.5,0,7
296,296:18,TrafficSign:7,scene_28_12,14872317103,TrafficSign,37.145247647658316,-54.81064759453021,0.0,0,0
296,296:18,TrafficSign:7,scene_28_12,14872317103,TrafficSign,37.145247647658316,-54.81064759453021,0.5,1,0
296,296:19,TrafficSign:9,scene_28_12,14872317103,TrafficSign,373.8526244230181,-2.9956483268718994,0.0,0,0
296,296:19,TrafficSign:9,scene_28_12,14872317103,TrafficSign,373.8526244230181,-2.9956483268718994,0.5,0,0
296,296:21,Vehicle:15,scene_28_12,14872317103,Vehicle-SemiTruck-Cab,151.37582354922944,11.248201533457891,0.0,6,27
296,296:21,Vehicle:15,scene_28_12,14872317103,Vehicle-SemiTruck-Cab,151.37582354922944,11.248201533457891,0.5,11,56
296,296:22,Vehicle:16,scene_28_12,14872317103,Vehicle-SemiTruck-Trailer,162.0697916808395,10.41125486181777,0.0,19,71
296,296:22,Vehicle:16,scene_28_12,14872317103,Vehicle-SemiTruck-Trailer,162.0697916808395,10.41125486181777,0.5,20,86
296,296:23,Vehicle:18,scene_28_12,14872317103,Vehicle-Trailer,119.54186407482013,-6.040346845687823,0.0,36,112
296,296:23,Vehicle:18,scene_28_12,14872317103,Vehicle-Trailer,119.54186407482013,-6.040346845687823,0.5,48,765
296,296:25,Vehicle:25,scene_28_12,14872317103,Vehicle-Passenger,81.00055369825061,-179.15837337012638,0.0,0,0
296,296:25,Vehicle:25,scene_28_12,14872317103,Vehicle-Passenger,81.00055369825061,-179.15837337012638,0.5,0,3
296,296:26,Vehicle:3,scene_28_12,14872317103,Vehicle-Passenger,325.031304598739,-1.1704243737103113,0.0,0,12
296,296:26,Vehicle:3,scene_28_12,14872317103,Vehicle-Passenger,325.031304598739,-1.1704243737103113,0.5,0,19
296,296:27,Vehicle:4,scene_28_12,14872317103,Vehicle-SemiTruck-Trailer,377.7678602838199,-1.8930601464616055,0.0,0,38
296,296:27,Vehicle:4,scene_28_12,14872317103,Vehicle-SemiTruck-Trailer,377.7678602838199,-1.8930601464616055,0.5,0,109
296,296:28,Vehicle:48,scene_28_12,14872317103,Vehicle-SemiTruck-Trailer,395.16279777373586,-12.950730283379892,0.0,0,2
296,296:28,Vehicle:48,scene_28_12,14872317103,Vehicle-SemiTruck-Trailer,395.16279777373586,-12.950730283379892,0.5,0,31
296,296:29,TrafficSign:26,scene_28_12,14872317103,TrafficSign,215.47068987741918,10.01441332388346,0.0,0,0
296,296:29,TrafficSign:26,scene_28_12,14872317103,TrafficSign,215.47068987741918,10.01441332388346,0.5,0,0
306,306:0,RoadObstruction:1,scene_28_12,15372299178,RoadObstruction-Barrel,118.7912729431094,166.44819392869312,0.0,0,0
306,306:0,RoadObstruction:1,scene_28_12,15372299178,RoadObstruction-Barrel,118.7912729431094,166.44819392869312,0.5,0,6
306,306:1,RoadObstruction:2,scene_28_12,15372299178,RoadObstruction,126.05105666840699,167.11476568962988,0.0,0,0
306,306:1,RoadObstruction:2,scene_28_12,15372299178,RoadObstruction,126.05105666840699,167.11476568962988,0.5,0,11
306,306:2,TrafficSign:1,scene_28_12,15372299178,TrafficSign,255.10828362868847,-177.84708839896604,0.0,0,0
306,306:2,TrafficSign:1,scene_28_12,15372299178,TrafficSign,255.10828362868847,-177.84708839896604,0.5,0,14
306,306:3,TrafficSign:11,scene_28_12,15372299178,TrafficSign,54.90043297943927,48.33954169150374,0.0,0,0
306,306:3,TrafficSign:11,scene_28_12,15372299178,TrafficSign,54.90043297943927,48.33954169150374,0.5,5,6
306,306:4,TrafficSign:12,scene_28_12,15372299178,TrafficSign,41.27219108049397,81.0248899100299,0.0,0,0
306,306:4,TrafficSign:12,scene_28_12,15372299178,TrafficSign,41.27219108049397,81.0248899100299,0.5,0,9
306,306:5,TrafficSign:13,scene_28_12,15372299178,TrafficSign,116.88697615939023,148.4238227684977,0.0,0,0
306,306:5,TrafficSign:13,scene_28_12,15372299178,TrafficSign,116.88697615939023,148.4238227684977,0.5,1,0
306,306:6,TrafficSign:14,scene_28_12,15372299178,TrafficSign,123.17929789580285,141.50725495275663,0.0,0,0
306,306:6,TrafficSign:14,scene_28_12,15372299178,TrafficSign,123.17929789580285,141.50725495275663,0.5,0,0
306,306:7,TrafficSign:15,scene_28_12,15372299178,TrafficSign,230.9737595549341,-171.96630115008122,0.0,0,0
306,306:7,TrafficSign:15,scene_28_12,15372299178,TrafficSign,230.9737595549341,-171.96630115008122,0.5,0,13
306,306:8,TrafficSign:16,scene_28_12,15372299178,TrafficSign,244.2572978293103,-169.77917381334223,0.0,0,0
306,306:8,TrafficSign:16,scene_28_12,15372299178,TrafficSign,244.2572978293103,-169.77917381334223,0.5,0,6
306,306:9,TrafficSign:17,scene_28_12,15372299178,TrafficSign,249.66868557030105,-166.35266488593336,0.0,0,0
306,306:9,TrafficSign:17,scene_28_12,15372299178,TrafficSign,249.66868557030105,-166.35266488593336,0.5,0,1
306,306:10,TrafficSign:18,scene_28_12,15372299178,TrafficSign,207.5494001534724,-163.5206297678498,0.0,0,0
306,306:10,TrafficSign:18,scene_28_12,15372299178,TrafficSign,207.5494001534724,-163.5206297678498,0.5,0,0
306,306:11,TrafficSign:19,scene_28_12,15372299178,TrafficSign,253.94644335809414,-161.64919623532145,0.0,0,0
306,306:11,TrafficSign:19,scene_28_12,15372299178,TrafficSign,253.94644335809414,-161.64919623532145,0.5,0,0
306,306:12,TrafficSign:20,scene_28_12,15372299178,TrafficSign,220.55724787460966,154.65555545135277,0.0,0,0
306,306:12,TrafficSign:20,scene_28_12,15372299178,TrafficSign,220.55724787460966,154.65555545135277,0.5,0,14
306,306:13,TrafficSign:22,scene_28_12,15372299178,TrafficSign,215.14708583955934,158.59331209785088,0.0,0,0
306,306:13,TrafficSign:22,scene_28_12,15372299178,TrafficSign,215.14708583955934,158.59331209785088,0.5,0,2
306,306:14,TrafficSign:26,scene_28_12,15372299178,TrafficSign,200.9466690573806,11.170302807872941,0.0,0,0
306,306:14,TrafficSign:26,scene_28_12,15372299178,TrafficSign,200.9466690573806,11.170302807872941,0.5,0,0
306,306:15,TrafficSign:27,scene_28_12,15372299178,TrafficSign,222.470598817122,163.89907266093692,0.0,0,0
306,306:15,TrafficSign:27,scene_28_12,15372299178,TrafficSign,222.470598817122,163.89907266093692,0.5,0,0
306,306:16,TrafficSign:4,scene_28_12,15372299178,TrafficSign,344.07525566785324,-175.503566511574,0.0,0,1
306,306:16,TrafficSign:4,scene_28_12,15372299178,TrafficSign,344.07525566785324,-175.503566511574,0.5,0,3
306,306:17,TrafficSign:6,scene_28_12,15372299178,TrafficSign,12.208131638571011,-61.81918380275616,0.0,0,0
306,306:17,TrafficSign:6,scene_28_12,15372299178,TrafficSign,12.208131638571011,-61.81918380275616,0.5,1,0
306,306:18,TrafficSign:7,scene_28_12,15372299178,TrafficSign,31.084476811503492,-77.28734532129978,0.0,0,0
306,306:18,TrafficSign:7,scene_28_12,15372299178,TrafficSign,31.084476811503492,-77.28734532129978,0.5,0,0
306,306:19,TrafficSign:9,scene_28_12,15372299178,TrafficSign,359.07518130831926,-2.6964024784024265,0.0,0,0
306,306:19,TrafficSign:9,scene_28_12,15372299178,TrafficSign,359.07518130831926,-2.6964024784024265,0.5,0,2
306,306:21,Vehicle:15,scene_28_12,15372299178,Vehicle-SemiTruck-Cab,121.8703911211592,14.880380554985223,0.0,9,10
306,306:21,Vehicle:15,scene_28_12,15372299178,Vehicle-SemiTruck-Cab,121.8703911211592,14.880380554985223,0.5,15,50
306,306:22,Vehicle:16,scene_28_12,15372299178,Vehicle-SemiTruck-Trailer,132.42949532634734,13.592035705501958,0.0,13,11
306,306:22,Vehicle:16,scene_28_12,15372299178,Vehicle-SemiTruck-Trailer,132.42949532634734,13.592035705501958,0.5,19,18
306,306:23,Vehicle:18,scene_28_12,15372299178,Vehicle-Trailer,114.26315327011496,-5.640801014253123,0.0,38,140
306,306:23,Vehicle:18,scene_28_12,15372299178,Vehicle-Trailer,114.26315327011496,-5.640801014253123,0.5,51,961
306,306:25,Vehicle:25,scene_28_12,15372299178,Vehicle-Passenger,80.57235006238653,-178.32652442734843,0.0,0,11
306,306:25,Vehicle:25,scene_28_12,15372299178,Vehicle-Passenger,80.57235006238653,-178.32652442734843,0.5,2,29
306,306:26,Vehicle:3,scene_28_12,15372299178,Vehicle-Passenger,328.67221362854116,-0.7879208086713393,0.0,0,9
306,306:26,Vehicle:3,scene_28_12,15372299178,Vehicle-Passenger,328.67221362854116,-0.7879208086713393,0.5,0,23
306,306:27,Vehicle:4,scene_28_12,15372299178,Vehicle-SemiTruck-Trailer,378.77955473311056,-1.5008321861772462,0.0,0,48
306,306:27,Vehicle:4,scene_28_12,15372299178,Vehicle-SemiTruck-Trailer,378.77955473311056,-1.5008321861772462,0.5,0,123
306,306:28,Vehicle:45,scene_28_12,15372299178,Vehicle-SemiTruck-Trailer,397.2940439717045,-8.375029627590692,0.0,0,0
306,306:28,Vehicle:45,scene_28_12,15372299178,Vehicle-SemiTruck-Trailer,397.2940439717045,-8.375029627590692,0.5,0,7
306,306:29,Vehicle:46,scene_28_12,15372299178,Vehicle-SemiTruck-Trailer,390.97970021281753,-9.99896091059661,0.0,0,6
306,306:29,Vehicle:46,scene_28_12,15372299178,Vehicle-SemiTruck-Trailer,390.97970021281753,-9.99896091059661,0.5,0,277
306,306:30,Vehicle:48,scene_28_12,15372299178,Vehicle-SemiTruck-Trailer,380.78985674236776,-13.002805985564166,0.0,0,6
306,306:30,Vehicle:48,scene_28_12,15372299178,Vehicle-SemiTruck-Trailer,380.78985674236776,-13.002805985564166,0.5,0,47
306,306:31,TrafficSign:5,scene_28_12,15372299178,TrafficSign,40.67922615312242,-163.40252141767587,0.0,0,0
306,306:31,TrafficSign:5,scene_28_12,15372299178,TrafficSign,40.67922615312242,-163.40252141767587,0.5,0,0
306,306:32,Vehicle:13,scene_28_12,15372299178,Vehicle-SemiTruck-Cab,372.4973081973458,4.0604139955975835,0.0,0,0
306,306:32,Vehicle:13,scene_28_12,15372299178,Vehicle-SemiTruck-Cab,372.4973081973458,4.0604139955975835,0.5,0,0
318,318:0,RoadObstruction:1,scene_28_12,15972365928,RoadObstruction-Barrel,136.05784694576144,168.46989858355008,0.0,0,0
318,318:0,RoadObstruction:1,scene_28_12,15972365928,RoadObstruction-Barrel,136.05784694576144,168.46989858355008,0.5,0,7
318,318:1,RoadObstruction:2,scene_28_12,15972365928,RoadObstruction,143.28852647304262,168.94721081411774,0.0,0,0
318,318:1,RoadObstruction:2,scene_28_12,15972365928,RoadObstruction,143.28852647304262,168.94721081411774,0.5,0,6
318,318:2,TrafficSign:1,scene_28_12,15972365928,TrafficSign,272.7210452966726,-177.63854599039877,0.0,0,0
318,318:2,TrafficSign:1,scene_28_12,15972365928,TrafficSign,272.7210452966726,-177.63854599039877,0.5,0,0
318,318:3,TrafficSign:11,scene_28_12,15972365928,TrafficSign,45.13076555929664,65.65621242401231,0.0,0,0
318,318:3,TrafficSign:11,scene_28_12,15972365928,TrafficSign,45.13076555929664,65.65621242401231,0.5,2,17
318,318:4,TrafficSign:12,scene_28_12,15972365928,TrafficSign,42.27632260464614,105.61989364001836,0.0,0,0
318,318:4,TrafficSign:12,scene_28_12,15972365928,TrafficSign,42.27632260464614,105.61989364001836,0.5,0,0
318,318:5,TrafficSign:13,scene_28_12,15972365928,TrafficSign,132.49379339799268,152.69633107918693,0.0,0,0
318,318:5,TrafficSign:13,scene_28_12,15972365928,TrafficSign,132.49379339799268,152.69633107918693,0.5,0,7
318,318:6,TrafficSign:14,scene_28_12,15972365928,TrafficSign,137.56502958653536,146.36010719221403,0.0,0,0
318,318:6,TrafficSign:14,scene_28_12,15972365928,TrafficSign,137.56502958653536,146.36010719221403,0.5,0,0
318,318:7,TrafficSign:15,scene_28_12,15972365928,TrafficSign,248.55905111876544,-172.18537857249623,0.0,0,1
318,318:7,TrafficSign:15,scene_28_12,15972365928,TrafficSign,248.55905111876544,-172.18537857249623,0.5,0,18
318,318:8,TrafficSign:16,scene_28_12,15972365928,TrafficSign,261.7403721426142,-170.11774407955966,0.0,0,0
318,318:8,TrafficSign:16,scene_28_12,15972365928,TrafficSign,261.7403721426142,-170.11774407955966,0.5,0,8
318,318:9,TrafficSign:17,scene_28_12,15972365928,TrafficSign,267.00357041873957,-166.90187193925436,0.0,0,0
318,318:9,TrafficSign:17,scene_28_12,15972365928,TrafficSign,267.00357041873957,-166.90187193925436,0.5,0,14
318,318:10,TrafficSign:18,scene_28_12,15972365928,TrafficSign,224.65085550490573,-164.44291875787232,0.0,0,0
318,318:10,TrafficSign:18,scene_28_12,15972365928,TrafficSign,224.65085550490573,-164.44291875787232,0.5,0,12
318,318:11,TrafficSign:19,scene_28_12,15972365928,TrafficSign,270.83161951976194,-162.49056257870222,0.0,0,0
318,318:11,TrafficSign:19,scene_28_12,15972365928,TrafficSign,270.83161951976194,-162.49056257870222,0.5,0,0
318,318:12,TrafficSign:20,scene_28_12,15972365928,TrafficSign,236.8171819638355,156.79054312873131,0.0,0,1
318,318:12,TrafficSign:20,scene_28_12,15972365928,TrafficSign,236.8171819638355,156.79054312873131,0.5,0,13
318,318:13,TrafficSign:22,scene_28_12,15972365928,TrafficSign,231.6609612319408,160.47050873969818,0.0,0,0
318,318:13,TrafficSign:22,scene_28_12,15972365928,TrafficSign,231.6609612319408,160.47050873969818,0.5,0,19
318,318:14,TrafficSign:26,scene_28_12,15972365928,TrafficSign,183.49937751095672,12.558172029064036,0.0,0,0
318,318:14,TrafficSign:26,scene_28_12,15972365928,TrafficSign,183.49937751095672,12.558172029064036,0.5,0,6
318,318:15,TrafficSign:34,scene_28_12,15972365928,TrafficSign,180.1121140457321,-126.45121440923099,0.0,0,0
318,318:15,TrafficSign:34,scene_28_12,15972365928,TrafficSign,180.1121140457321,-126.45121440923099,0.5,0,1
318,318:16,TrafficSign:4,scene_28_12,15972365928,TrafficSign,361.51802730461213,-175.35148681205763,0.0,0,0
318,318:16,TrafficSign:4,scene_28_12,15972365928,TrafficSign,361.51802730461213,-175.35148681205763,0.5,0,6
318,318:17,TrafficSign:5,scene_28_12,15972365928,TrafficSign,57.85259281176579,-167.9989008974518,0.0,0,0
318,318:17,TrafficSign:5,scene_28_12,15972365928,TrafficSign,57.85259281176579,-167.9989008974518,0.5,0,0
318,318:18,TrafficSign:6,scene_28_12,15972365928,TrafficSign,16.162248973709058,-137.4905167096728,0.0,0,0
318,318:18,TrafficSign:6,scene_28_12,15972365928,TrafficSign,16.162248973709058,-137.4905167096728,0.5,0,17
318,318:19,TrafficSign:7,scene_28_12,15972365928,TrafficSign,32.25487937171594,-109.13285243530102,0.0,0,0
318,318:19,TrafficSign:7,scene_28_12,15972365928,TrafficSign,32.25487937171594,-109.13285243530102,0.5,0,0
318,318:20,TrafficSign:9,scene_28_12,15972365928,TrafficSign,341.3624162674152,-2.50537707695906,0.0,0,0
318,318:20,TrafficSign:9,scene_28_12,15972365928,TrafficSign,341.3624162674152,-2.50537707695906,0.5,0,5
318,318:22,Vehicle:13,scene_28_12,15972365928,Vehicle-SemiTruck-Cab,335.93494831018387,4.893606705906171,0.0,0,0
318,318:22,Vehicle:13,scene_28_12,15972365928,Vehicle-SemiTruck-Cab,335.93494831018387,4.893606705906171,0.5,0,0
318,318:23,Vehicle:15,scene_28_12,15972365928,Vehicle-SemiTruck-Cab,87.05729735007422,21.92477667826133,0.0,12,17
318,318:23,Vehicle:15,scene_28_12,15972365928,Vehicle-SemiTruck-Cab,87.05729735007422,21.92477667826133,0.5,19,68
318,318:24,Vehicle:16,scene_28_12,15972365928,Vehicle-SemiTruck-Trailer,97.25493104244295,19.4552056154741,0.0,24,7
318,318:24,Vehicle:16,scene_28_12,15972365928,Vehicle-SemiTruck-Trailer,97.25493104244295,19.4552056154741,0.5,37,30
318,318:25,Vehicle:18,scene_28_12,15972365928,Vehicle-Trailer,108.16995575035972,-5.334415025751336,0.0,32,136
318,318:25,Vehicle:18,scene_28_12,15972365928,Vehicle-Trailer,108.16995575035972,-5.334415025751336,0.5,47,1108
318,318:27,Vehicle:25,scene_28_12,15972365928,Vehicle-Passenger,79.76583929864275,-177.91341433799997,0.0,4,100
318,318:27,Vehicle:25,scene_28_12,15972365928,Vehicle-Passenger,79.76583929864275,-177.91341433799997,0.5,6,100
318,318:28,Vehicle:3,scene_28_12,15972365928,Vehicle-Passenger,332.8202760267077,-0.5051532979334821,0.0,0,1
318,318:28,Vehicle:3,scene_28_12,15972365928,Vehicle-Passenger,332.8202760267077,-0.5051532979334821,0.5,0,10
318,318:29,Vehicle:4,scene_28_12,15972365928,Vehicle-SemiTruck-Trailer,379.97886599717344,-1.208052901804105,0.0,0,30
318,318:29,Vehicle:4,scene_28_12,15972365928,Vehicle-SemiTruck-Trailer,379.97886599717344,-1.208052901804105,0.5,0,73
318,318:30,Vehicle:42,scene_28_12,15972365928,Vehicle-SemiTruck-Trailer,389.1263588972611,-6.869842655015577,0.0,0,0
318,318:30,Vehicle:42,scene_28_12,15972365928,Vehicle-SemiTruck-Trailer,389.1263588972611,-6.869842655015577,0.5,0,12
318,318:31,Vehicle:45,scene_28_12,15972365928,Vehicle-SemiTruck-Trailer,379.7583768257744,-8.460466820086532,0.0,0,5
318,318:31,Vehicle:45,scene_28_12,15972365928,Vehicle-SemiTruck-Trailer,379.7583768257744,-8.460466820086532,0.5,0,70
318,318:32,Vehicle:46,scene_28_12,15972365928,Vehicle-SemiTruck-Trailer,373.5007276011976,-10.128661801953333,0.0,0,5
318,318:32,Vehicle:46,scene_28_12,15972365928,Vehicle-SemiTruck-Trailer,373.5007276011976,-10.128661801953333,0.5,0,436
318,318:33,Vehicle:48,scene_28_12,15972365928,Vehicle-SemiTruck-Trailer,363.6146116441793,-13.308431779068167,0.0,0,3
318,318:33,Vehicle:48,scene_28_12,15972365928,Vehicle-SemiTruck-Trailer,363.6146116441793,-13.308431779068167,0.5,0,74
318,318:34,TrafficSign:27,scene_28_12,15972365928,TrafficSign,239.64656969591218,165.38597149377722,0.0,0,0
318,318:34,TrafficSign:27,scene_28_12,15972365928,TrafficSign,239.64656969591218,165.38597149377722,0.5,0,0
318,318:35,Vehicle:14,scene_28_12,15972365928,Vehicle-SemiTruck-Trailer,347.3664469219125,4.670324799289403,0.0,0,0
318,318:35,Vehicle:14,scene_28_12,15972365928,Vehicle-SemiTruck-Trailer,347.3664469219125,4.670324799289403,0.5,0,0
328,328:0,RoadObstruction:1,scene_28_12,16472348128,RoadObstruction,150.53008577518995,169.82040398463667,0.0,0,4
328,328:0,RoadObstruction:1,scene_28_12,16472348128,RoadObstruction,150.53008577518995,169.82040398463667,0.5,0,5
328,328:1,RoadObstruction:2,scene_28_12,16472348128,RoadObstruction,157.75953243975314,170.20874608218492,0.0,0,0
328,328:1,RoadObstruction:2,scene_28_12,16472348128,RoadObstruction,157.75953243975314,170.20874608218492,0.5,0,6
328,328:2,TrafficSign:1,scene_28_12,16472348128,TrafficSign,287.3487346843298,-177.44430587006335,0.0,0,0
328,328:2,TrafficSign:1,scene_28_12,16472348128,TrafficSign,287.3487346843298,-177.44430587006335,0.5,0,2
328,328:3,TrafficSign:11,scene_28_12,16472348128,TrafficSign,41.30750734684886,84.81813423208108,0.0,0,0
328,328:3,TrafficSign:11,scene_28_12,16472348128,TrafficSign,41.30750734684886,84.81813423208108,0.5,2,4
328,328:4,TrafficSign:12,scene_28_12,16472348128,TrafficSign,48.40271870299452,122.8200378714989,0.0,0,0
328,328:4,TrafficSign:12,scene_28_12,16472348128,TrafficSign,48.40271870299452,122.8200378714989,0.5,3,0
328,328:5,TrafficSign:13,scene_28_12,16472348128,TrafficSign,145.80031260184407,155.59682574643037,0.0,0,3
328,328:5,TrafficSign:13,scene_28_12,16472348128,TrafficSign,145.80031260184407,155.59682574643037,0.5,0,14
328,328:6,TrafficSign:14,scene_28_12,16472348128,TrafficSign,150.3231986970195,149.7108685208034,0.0,0,0
328,328:6,TrafficSign:14,scene_28_12,16472348128,TrafficSign,150.3231986970195,149.7108685208034,0.5,0,0
328,328:7,TrafficSign:15,scene_28_12,16472348128,TrafficSign,263.257802330226,-172.32295805648047,0.0,0,1
328,328:7,TrafficSign:15,scene_28_12,16472348128,TrafficSign,263.257802330226,-172.32295805648047,0.5,0,12
328,328:8,TrafficSign:16,scene_28_12,16472348128,TrafficSign,276.2933660560626,-170.34046437996324,0.0,0,1
328,328:8,TrafficSign:16,scene_28_12,16472348128,TrafficSign,276.2933660560626,-170.34046437996324,0.5,0,5
328,328:9,TrafficSign:17,scene_28_12,16472348128,TrafficSign,281.41376362348194,-167.25425653614076,0.0,0,0
328,328:9,TrafficSign:17,scene_28_12,16472348128,TrafficSign,281.41376362348194,-167.25425653614076,0.5,0,24
328,328:10,TrafficSign:18,scene_28_12,16472348128,TrafficSign,238.95097284849797,-165.0737769282093,0.0,0,0
328,328:10,TrafficSign:18,scene_28_12,16472348128,TrafficSign,238.95097284849797,-165.0737769282093,0.5,0,7
328,328:11,TrafficSign:20,scene_28_12,16472348128,TrafficSign,250.44424136540206,158.37317570856905,0.0,0,1
328,328:11,TrafficSign:20,scene_28_12,16472348128,TrafficSign,250.44424136540206,158.37317570856905,0.5,0,22
328,328:12,TrafficSign:22,scene_28_12,16472348128,TrafficSign,245.55062042536372,161.8854748369402,0.0,0,0
328,328:12,TrafficSign:22,scene_28_12,16472348128,TrafficSign,245.55062042536372,161.8854748369402,0.5,0,12
328,328:13,TrafficSign:26,scene_28_12,16472348128,TrafficSign,169.08261924773842,13.966136476498974,0.0,0,0
328,328:13,TrafficSign:26,scene_28_12,16472348128,TrafficSign,169.08261924773842,13.966136476498974,0.5,0,11
328,328:14,TrafficSign:27,scene_28_12,16472348128,TrafficSign,254.39349612891388,166.51764703470894,0.0,0,1
328,328:14,TrafficSign:27,scene_28_12,16472348128,TrafficSign,254.39349612891388,166.51764703470894,0.5,0,5
328,328:15,TrafficSign:4,scene_28_12,16472348128,TrafficSign,376.1294262550182,-175.23934440332638,0.0,0,0
328,328:15,TrafficSign:4,scene_28_12,16472348128,TrafficSign,376.1294262550182,-175.23934440332638,0.5,0,0
328,328:16,TrafficSign:5,scene_28_12,16472348128,TrafficSign,72.33480811417165,-170.1032536643821,0.0,0,0
328,328:16,TrafficSign:5,scene_28_12,16472348128,TrafficSign,72.33480811417165,-170.1032536643821,0.5,0,15
328,328:17,TrafficSign:6,scene_28_12,16472348128,TrafficSign,28.884211737328922,-157.25799198275882,0.0,0,0
328,328:17,TrafficSign:6,scene_28_12,16472348128,TrafficSign,28.884211737328922,-157.25799198275882,0.5,0,52
328,328:18,TrafficSign:7,scene_28_12,16472348128,TrafficSign,39.63623744660014,-129.16453987598206,0.0,0,0
328,328:18,TrafficSign:7,scene_28_12,16472348128,TrafficSign,39.63623744660014,-129.16453987598206,0.5,0,0
328,328:19,TrafficSign:9,scene_28_12,16472348128,TrafficSign,326.65627375405603,-2.324415166566393,0.0,0,0
328,328:19,TrafficSign:9,scene_28_12,16472348128,TrafficSign,326.65627375405603,-2.324415166566393,0.5,0,1
328,328:21,Vehicle:13,scene_28_12,16472348128,Vehicle-SemiTruck-Cab,305.1582929990174,5.7044519471452775,0.0,0,6
328,328:21,Vehicle:13,scene_28_12,16472348128,Vehicle-SemiTruck-Cab,305.1582929990174,5.7044519471452775,0.5,0,10
328,328:22,Vehicle:14,scene_28_12,16472348128,Vehicle-SemiTruck-Trailer,316.93567202454904,5.454905849333436,0.0,0,5
328,328:22,Vehicle:14,scene_28_12,16472348128,Vehicle-SemiTruck-Trailer,316.93567202454904,5.454905849333436,0.5,0,6
328,328:23,Vehicle:15,scene_28_12,16472348128,Vehicle-SemiTruck-Cab,59.866962043861335,33.280858983416906,0.0,17,91
328,328:23,Vehicle:15,scene_28_12,16472348128,Vehicle-SemiTruck-Cab,59.866962043861335,33.280858983416906,0.5,24,207
328,328:24,Vehicle:16,scene_28_12,16472348128,Vehicle-SemiTruck-Trailer,69.25955918055988,28.27966104700201,0.0,46,145
328,328:24,Vehicle:16,scene_28_12,16472348128,Vehicle-SemiTruck-Trailer,69.25955918055988,28.27966104700201,0.5,63,279
328,328:25,Vehicle:18,scene_28_12,16472348128,Vehicle-Trailer,103.27842576703888,-5.073013879429305,0.0,41,213
328,328:25,Vehicle:18,scene_28_12,16472348128,Vehicle-Trailer,103.27842576703888,-5.073013879429305,0.5,55,1360
328,328:27,Vehicle:25,scene_28_12,16472348128,Vehicle-Passenger,79.55283762606878,-177.55498104863906,0.0,2,57
328,328:27,Vehicle:25,scene_28_12,16472348128,Vehicle-Passenger,79.55283762606878,-177.55498104863906,0.5,5,57
328,328:28,Vehicle:3,scene_28_12,16472348128,Vehicle-Passenger,336.2737325669897,-0.2311642151342976,0.0,0,9
328,328:28,Vehicle:3,scene_28_12,16472348128,Vehicle-Passenger,336.2737325669897,-0.2311642151342976,0.5,0,21
328,328:29,Vehicle:4,scene_28_12,16472348128,Vehicle-SemiTruck-Trailer,380.8890712916203,-0.9289376796175595,0.0,0,27
328,328:29,Vehicle:4,scene_28_12,16472348128,Vehicle-SemiTruck-Trailer,380.8890712916203,-0.9289376796175595,0.5,0,67
328,328:30,Vehicle:42,scene_28_12,16472348128,Vehicle-SemiTruck-Trailer,374.4353485234131,-6.801205505497651,0.0,0,0
328,328:30,Vehicle:42,scene_28_12,16472348128,Vehicle-SemiTruck-Trailer,374.4353485234131,-6.801205505497651,0.5,0,26
328,328:31,Vehicle:43,scene_28_12,16472348128,Vehicle,397.6820703976072,-6.561583418784055,0.0,0,0
328,328:31,Vehicle:43,scene_28_12,16472348128,Vehicle,397.6820703976072,-6.561583418784055,0.5,0,0
328,328:32,Vehicle:45,scene_28_12,16472348128,Vehicle-SemiTruck-Trailer,365.1435041763554,-8.51319700261188,0.0,0,10
328,328:32,Vehicle:45,scene_28_12,16472348128,Vehicle-SemiTruck-Trailer,365.1435041763554,-8.51319700261188,0.5,0,154
328,328:33,Vehicle:46,scene_28_12,16472348128,Vehicle-SemiTruck-Trailer,358.97902102929675,-10.257379296892159,0.0,0,8
328,328:33,Vehicle:46,scene_28_12,16472348128,Vehicle-SemiTruck-Trailer,358.97902102929675,-10.257379296892159,0.5,0,453
328,328:34,Vehicle:48,scene_28_12,16472348128,Vehicle-SemiTruck-Trailer,349.3424135397642,-13.573337240675368,0.0,0,5
328,328:34,Vehicle:48,scene_28_12,16472348128,Vehicle-SemiTruck-Trailer,349.3424135397642,-13.573337240675368,0.5,0,85
328,328:35,TrafficSign:19,scene_28_12,16472348128,TrafficSign,284.87864383307976,-163.06878877164456,0.0,0,0
328,328:35,TrafficSign:19,scene_28_12,16472348128,TrafficSign,284.87864383307976,-163.06878877164456,0.5,0,0
328,328:36,TrafficSign:34,scene_28_12,16472348128,TrafficSign,189.16096824932094,-129.68076835738233,0.0,0,0
328,328:36,TrafficSign:34,scene_28_12,16472348128,TrafficSign,189.16096824932094,-129.68076835738233,0.5,0,0
339,339:0,RoadObstruction:1,scene_28_12,16972320128,RoadObstruction,165.03924659355496,170.8617807426116,0.0,0,0
339,339:0,RoadObstruction:1,scene_28_12,16972320128,RoadObstruction,165.03924659355496,170.8617807426116,0.5,0,11
339,339:1,RoadObstruction:2,scene_28_12,16972320128,RoadObstruction,172.27769748679174,171.19036021132618,0.0,0,0
339,339:1,RoadObstruction:2,scene_28_12,16972320128,RoadObstruction,172.27769748679174,171.19036021132618,0.5,0,3
339,339:2,TrafficSign:1,scene_28_12,16972320128,TrafficSign,302.1700242030673,-177.35046743784056,0.0,0,0
339,339:2,TrafficSign:1,scene_28_12,16972320128,TrafficSign,302.1700242030673,-177.35046743784056,0.5,0,12
339,339:3,TrafficSign:11,scene_28_12,16972320128,TrafficSign,42.45921788018083,104.96951891495715,0.0,0,0
339,339:3,TrafficSign:11,scene_28_12,16972320128,TrafficSign,42.45921788018083,104.96951891495715,0.5,0,0
339,339:4,TrafficSign:12,scene_28_12,16972320128,TrafficSign,57.73110535000102,135.2869693440978,0.0,0,0
339,339:4,TrafficSign:12,scene_28_12,16972320128,TrafficSign,57.73110535000102,135.2869693440978,0.5,1,0
339,339:5,TrafficSign:13,scene_28_12,16972320128,TrafficSign,159.3065781298241,157.97515008634588,0.0,0,0
339,339:5,TrafficSign:13,scene_28_12,16972320128,TrafficSign,159.3065781298241,157.97515008634588,0.5,0,29
339,339:6,TrafficSign:14,scene_28_12,16972320128,TrafficSign,163.28963191576992,152.50219796308565,0.0,0,0
339,339:6,TrafficSign:14,scene_28_12,16972320128,TrafficSign,163.28963191576992,152.50219796308565,0.5,0,9
339,339:7,TrafficSign:15,scene_28_12,16972320128,TrafficSign,277.89963128992736,-172.50518696556512,0.0,0,1
339,339:7,TrafficSign:15,scene_28_12,16972320128,TrafficSign,277.89963128992736,-172.50518696556512,0.5,0,17
339,339:8,TrafficSign:16,scene_28_12,16972320128,TrafficSign,290.85004917299426,-170.59893278581583,0.0,0,0
339,339:8,TrafficSign:16,scene_28_12,16972320128,TrafficSign,290.85004917299426,-170.59893278581583,0.5,0,17
339,339:9,TrafficSign:17,scene_28_12,16972320128,TrafficSign,295.7184442595061,-167.6303804942441,0.0,0,0
339,339:9,TrafficSign:17,scene_28_12,16972320128,TrafficSign,295.7184442595061,-167.6303804942441,0.5,0,21
339,339:10,TrafficSign:18,scene_28_12,16972320128,TrafficSign,253.2619470699395,-165.69892802173416,0.0,0,0
339,339:10,TrafficSign:18,scene_28_12,16972320128,TrafficSign,253.2619470699395,-165.69892802173416,0.5,0,7
339,339:11,TrafficSign:20,scene_28_12,16972320128,TrafficSign,264.1459424505306,159.7393686357889,0.0,0,1
339,339:11,TrafficSign:20,scene_28_12,16972320128,TrafficSign,264.1459424505306,159.7393686357889,0.5,0,20
339,339:12,TrafficSign:22,scene_28_12,16972320128,TrafficSign,259.624517521985,163.08249602172393,0.0,0,0
339,339:12,TrafficSign:22,scene_28_12,16972320128,TrafficSign,259.624517521985,163.08249602172393,0.5,0,1
339,339:13,TrafficSign:26,scene_28_12,16972320128,TrafficSign,154.77815128636567,15.473385956095356,0.0,0,0
339,339:13,TrafficSign:26,scene_28_12,16972320128,TrafficSign,154.77815128636567,15.473385956095356,0.5,0,0
339,339:14,TrafficSign:34,scene_28_12,16972320128,TrafficSign,198.8561326044098,-132.69414260007207,0.0,0,0
339,339:14,TrafficSign:34,scene_28_12,16972320128,TrafficSign,198.8561326044098,-132.69414260007207,0.5,0,1
339,339:15,TrafficSign:4,scene_28_12,16972320128,TrafficSign,391.1141071040855,-175.25883124455862,0.0,0,0
339,339:15,TrafficSign:4,scene_28_12,16972320128,TrafficSign,391.1141071040855,-175.25883124455862,0.5,0,2
339,339:16,TrafficSign:5,scene_28_12,16972320128,TrafficSign,86.87981386003561,-171.51945953905667,0.0,0,0
339,339:16,TrafficSign:5,scene_28_12,16972320128,TrafficSign,86.87981386003561,-171.51945953905667,0.5,0,16
339,339:17,TrafficSign:6,scene_28_12,16972320128,TrafficSign,42.83707711528225,-164.51651232104834,0.0,0,0
339,339:17,TrafficSign:6,scene_28_12,16972320128,TrafficSign,42.83707711528225,-164.51651232104834,0.5,0,0
339,339:18,TrafficSign:7,scene_28_12,16972320128,TrafficSign,50.29443116801692,-141.93691884922072,0.0,0,0
339,339:18,TrafficSign:7,scene_28_12,16972320128,TrafficSign,50.29443116801692,-141.93691884922072,0.5,0,0
339,339:19,TrafficSign:9,scene_28_12,16972320128,TrafficSign,311.995663638584,-2.2502337505754673,0.0,0,0
339,339:19,TrafficSign:9,scene_28_12,16972320128,TrafficSign,311.995663638584,-2.2502337505754673,0.5,0,0
339,339:21,Vehicle:14,scene_28_12,16972320128,Vehicle-SemiTruck-Trailer,286.56106340946945,6.271290614721644,0.0,1,7
339,339:21,Vehicle:14,scene_28_12,16972320128,Vehicle-SemiTruck-Trailer,286.56106340946945,6.271290614721644,0.5,4,7
339,339:22,Vehicle:15,scene_28_12,16972320128,Vehicle-SemiTruck-Cab,38.1668552710302,59.21244717078814,0.0,12,625
339,339:22,Vehicle:15,scene_28_12,16972320128,Vehicle-SemiTruck-Cab,38.1668552710302,59.21244717078814,0.5,15,824
339,339:23,Vehicle:16,scene_28_12,16972320128,Vehicle-SemiTruck-Trailer,44.77258288015954,47.1017707210607,0.0,37,1581
339,339:23,Vehicle:16,scene_28_12,16972320128,Vehicle-SemiTruck-Trailer,44.77258288015954,47.1017707210607,0.5,60,1867
339,339:24,Vehicle:18,scene_28_12,16972320128,Vehicle-Trailer,98.54970171723132,-4.9119348164306835,0.0,33,192
339,339:24,Vehicle:18,scene_28_12,16972320128,Vehicle-Trailer,98.54970171723132,-4.9119348164306835,0.5,51,1681
339,339:26,Vehicle:25,scene_28_12,16972320128,Vehicle-Passenger,79.62656810479518,-177.2878909632955,0.0,1,114
339,339:26,Vehicle:25,scene_28_12,16972320128,Vehicle-Passenger,79.62656810479518,-177.2878909632955,0.5,3,114
339,339:27,Vehicle:27,scene_28_12,16972320128,Vehicle-Passenger,186.53381818594744,-178.44609929735827,0.0,1,10
339,339:27,Vehicle:27,scene_28_12,16972320128,Vehicle-Passenger,186.53381818594744,-178.44609929735827,0.5,2,10
339,339:28,Vehicle:3,scene_28_12,16972320128,Vehicle-Passenger,340.0089272311333,-0.037653029309903746,0.0,0,8
339,339:28,Vehicle:3,scene_28_12,16972320128,Vehicle-Passenger,340.0089272311333,-0.037653029309903746,0.5,0,15
339,339:29,Vehicle:4,scene_28_12,16972320128,Vehicle-SemiTruck-Trailer,381.79753865584735,-0.7312926450215906,0.0,0,27
339,339:29,Vehicle:4,scene_28_12,16972320128,Vehicle-SemiTruck-Trailer,381.79753865584735,-0.7312926450215906,0.5,0,81
339,339:30,Vehicle:42,scene_28_12,16972320128,Vehicle-SemiTruck-Trailer,359.80582000687025,-6.837306396971877,0.0,0,0
339,339:30,Vehicle:42,scene_28_12,16972320128,Vehicle-SemiTruck-Trailer,359.80582000687025,-6.837306396971877,0.5,0,53
339,339:31,Vehicle:43,scene_28_12,16972320128,Vehicle,382.9243727595265,-6.625719821253629,0.0,0,0
339,339:31,Vehicle:43,scene_28_12,16972320128,Vehicle,382.9243727595265,-6.625719821253629,0.5,0,9
339,339:32,Vehicle:45,scene_28_12,16972320128,Vehicle-SemiTruck-Trailer,350.5739651151984,-8.663374168467532,0.0,0,5
339,339:32,Vehicle:45,scene_28_12,16972320128,Vehicle-SemiTruck-Trailer,350.5739651151984,-8.663374168467532,0.5,0,170
339,339:33,Vehicle:46,scene_28_12,16972320128,Vehicle-SemiTruck-Trailer,344.50259819272486,-10.508372281775122,0.0,0,10
339,339:33,Vehicle:46,scene_28_12,16972320128,Vehicle-SemiTruck-Trailer,344.50259819272486,-10.508372281775122,0.5,0,508
339,339:34,Vehicle:48,scene_28_12,16972320128,Vehicle-SemiTruck-Trailer,335.11877043674497,-13.965586880764988,0.0,0,13
339,339:34,Vehicle:48,scene_28_12,16972320128,Vehicle-SemiTruck-Trailer,335.11877043674497,-13.965586880764988,0.5,0,100
339,339:35,TrafficSign:19,scene_28_12,16972320128,TrafficSign,298.97380625980963,-163.6536247823028,0.0,0,0
339,339:35,TrafficSign:19,scene_28_12,16972320128,TrafficSign,298.97380625980963,-163.6536247823028,0.5,0,0
339,339:36,Vehicle:13,scene_28_12,16972320128,Vehicle-SemiTruck-Cab,274.86048176063343,6.538186687247908,0.0,0,0
339,339:36,Vehicle:13,scene_28_12,16972320128,Vehicle-SemiTruck-Cab,274.86048176063343,6.538186687247908,0.5,2,0
339,339:37,Vehicle:47,scene_28_12,16972320128,Vehicle,330.5239963520625,-8.837396439356715,0.0,0,0
339,339:37,Vehicle:47,scene_28_12,16972320128,Vehicle,330.5239963520625,-8.837396439356715,0.5,0,0
349,349:0,RoadObstruction:1,scene_28_12,17472302453,RoadObstruction,179.57038926355352,171.70069342669984,0.0,0,0
349,349:0,RoadObstruction:1,scene_28_12,17472302453,RoadObstruction,179.57038926355352,171.70069342669984,0.5,0,4
349,349:1,RoadObstruction:2,scene_28_12,17472302453,RoadObstruction,186.82281926153925,171.96810270415966,0.0,0,0
349,349:1,RoadObstruction:2,scene_28_12,17472302453,RoadObstruction,186.82281926153925,171.96810270415966,0.5,0,0
349,349:2,TrafficSign:1,scene_28_12,17472302453,TrafficSign,316.9626149565993,-177.325153312259,0.0,0,0
349,349:2,TrafficSign:1,scene_28_12,17472302453,TrafficSign,316.9626149565993,-177.325153312259,0.5,0,11
349,349:3,TrafficSign:11,scene_28_12,17472302453,TrafficSign,48.37537789430993,122.01850207642535,0.0,0,0
349,349:3,TrafficSign:11,scene_28_12,17472302453,TrafficSign,48.37537789430993,122.01850207642535,0.5,0,0
349,349:4,TrafficSign:12,scene_28_12,17472302453,TrafficSign,68.94517831180991,143.9751888312398,0.0,0,0
349,349:4,TrafficSign:12,scene_28_12,17472302453,TrafficSign,68.94517831180991,143.9751888312398,0.5,0,2
349,349:5,TrafficSign:13,scene_28_12,17472302453,TrafficSign,173.01566791592396,159.9124847372636,0.0,0,0
349,349:5,TrafficSign:13,scene_28_12,17472302453,TrafficSign,173.01566791592396,159.9124847372636,0.5,0,24
349,349:6,TrafficSign:14,scene_28_12,17472302453,TrafficSign,176.45550753606747,154.79800822329022,0.0,0,0
349,349:6,TrafficSign:14,scene_28_12,17472302453,TrafficSign,176.45550753606747,154.79800822329022,0.5,0,23
349,349:7,TrafficSign:15,scene_28_12,17472302453,TrafficSign,292.447193175792,-172.72070388671756,0.0,0,1
349,349:7,TrafficSign:15,scene_28_12,17472302453,TrafficSign,292.447193175792,-172.72070388671756,0.5,0,12
349,349:8,TrafficSign:16,scene_28_12,17472302453,TrafficSign,305.39756883392783,-170.89377402967568,0.0,0,0
349,349:8,TrafficSign:16,scene_28_12,17472302453,TrafficSign,305.39756883392783,-170.89377402967568,0.5,0,0
349,349:9,TrafficSign:17,scene_28_12,17472302453,TrafficSign,310.0282271192286,-168.05325946015887,0.0,0,0
349,349:9,TrafficSign:17,scene_28_12,17472302453,TrafficSign,310.0282271192286,-168.05325946015887,0.5,0,6
349,349:10,TrafficSign:18,scene_28_12,17472302453,TrafficSign,267.4845875460003,-166.32339067373235,0.0,0,0
349,349:10,TrafficSign:18,scene_28_12,17472302453,TrafficSign,267.4845875460003,-166.32339067373235,0.5,0,10
349,349:11,TrafficSign:20,scene_28_12,17472302453,TrafficSign,277.92358076048293,160.90777219727204,0.0,0,0
349,349:11,TrafficSign:20,scene_28_12,17472302453,TrafficSign,277.92358076048293,160.90777219727204,0.5,0,13
349,349:12,TrafficSign:22,scene_28_12,17472302453,TrafficSign,273.7757459895717,164.09101407056912,0.0,0,0
349,349:12,TrafficSign:22,scene_28_12,17472302453,TrafficSign,273.7757459895717,164.09101407056912,0.5,0,9
349,349:13,TrafficSign:34,scene_28_12,17472302453,TrafficSign,209.1957781745376,-135.49363146166317,0.0,0,0
349,349:13,TrafficSign:34,scene_28_12,17472302453,TrafficSign,209.1957781745376,-135.49363146166317,0.5,0,0
349,349:14,TrafficSign:5,scene_28_12,17472302453,TrafficSign,101.39835586743601,-172.55957537521658,0.0,0,0
349,349:14,TrafficSign:5,scene_28_12,17472302453,TrafficSign,101.39835586743601,-172.55957537521658,0.5,0,3
349,349:15,TrafficSign:6,scene_28_12,17472302453,TrafficSign,57.03637421742691,-168.1948932720012,0.0,0,0
349,349:15,TrafficSign:6,scene_28_12,17472302453,TrafficSign,57.03637421742691,-168.1948932720012,0.5,0,15
349,349:16,TrafficSign:7,scene_28_12,17472302453,TrafficSign,62.57046874681398,-150.08411565316675,0.0,0,0
349,349:16,TrafficSign:7,scene_28_12,17472302453,TrafficSign,62.57046874681398,-150.08411565316675,0.5,1,2
349,349:17,TrafficSign:9,scene_28_12,17472302453,TrafficSign,297.3705685948838,-2.2406037539891144,0.0,0,0
349,349:17,TrafficSign:9,scene_28_12,17472302453,TrafficSign,297.3705685948838,-2.2406037539891144,0.5,0,4
349,349:19,Vehicle:13,scene_28_12,17472302453,Vehicle-SemiTruck-Cab,245.01083791124628,7.478568920132197,0.0,1,7
349,349:19,Vehicle:13,scene_28_12,17472302453,Vehicle-SemiTruck-Cab,245.01083791124628,7.478568920132197,0.5,4,7
349,349:20,Vehicle:14,scene_28_12,17472302453,Vehicle-SemiTruck-Trailer,256.45207514825483,7.161452617706103,0.0,5,6
349,349:20,Vehicle:14,scene_28_12,17472302453,Vehicle-SemiTruck-Trailer,256.45207514825483,7.161452617706103,0.5,7,6
349,349:21,Vehicle:15,scene_28_12,17472302453,Vehicle-SemiTruck-Cab,34.5560253409018,108.64554422154121,0.0,1,232
349,349:21,Vehicle:15,scene_28_12,17472302453,Vehicle-SemiTruck-Cab,34.5560253409018,108.64554422154121,0.5,5,884
349,349:22,Vehicle:16,scene_28_12,17472302453,Vehicle-SemiTruck-Trailer,32.76982783631776,90.23006528437229,0.0,19,9795
349,349:22,Vehicle:16,scene_28_12,17472302453,Vehicle-SemiTruck-Trailer,32.76982783631776,90.23006528437229,0.5,19,12766
349,349:23,Vehicle:18,scene_28_12,17472302453,Vehicle-Trailer,93.97325613102942,-4.755002370767334,0.0,38,236
349,349:23,Vehicle:18,scene_28_12,17472302453,Vehicle-Trailer,93.97325613102942,-4.755002370767334,0.5,56,1621
349,349:25,Vehicle:25,scene_28_12,17472302453,Vehicle-Passenger,79.79790630427566,-177.10040351807183,0.0,2,24
349,349:25,Vehicle:25,scene_28_12,17472302453,Vehicle-Passenger,79.79790630427566,-177.10040351807183,0.5,9,24
349,349:26,Vehicle:27,scene_28_12,17472302453,Vehicle-Passenger,184.56608277878993,-178.25717430276143,0.0,0,17
349,349:26,Vehicle:27,scene_28_12,17472302453,Vehicle-Passenger,184.56608277878993,-178.25717430276143,0.5,2,21
349,349:27,Vehicle:3,scene_28_12,17472302453,Vehicle-Passenger,343.86680229742865,0.0949879407105068,0.0,0,2
349,349:27,Vehicle:3,scene_28_12,17472302453,Vehicle-Passenger,343.86680229742865,0.0949879407105068,0.5,0,12
349,349:28,Vehicle:4,scene_28_12,17472302453,Vehicle-SemiTruck-Trailer,382.75610113795705,-0.5877184377378776,0.0,0,30
349,349:28,Vehicle:4,scene_28_12,17472302453,Vehicle-SemiTruck-Trailer,382.75610113795705,-0.5877184377378776,0.5,0,92
349,349:29,Vehicle:42,scene_28_12,17472302453,Vehicle-SemiTruck-Trailer,345.22046697775096,-6.978375247628895,0.0,0,8
349,349:29,Vehicle:42,scene_28_12,17472302453,Vehicle-SemiTruck-Trailer,345.22046697775096,-6.978375247628895,0.5,0,93
349,349:30,Vehicle:43,scene_28_12,17472302453,Vehicle,368.23530048272943,-6.765049308582904,0.0,0,0
349,349:30,Vehicle:43,scene_28_12,17472302453,Vehicle,368.23530048272943,-6.765049308582904,0.5,0,36
349,349:31,Vehicle:45,scene_28_12,17472302453,Vehicle-SemiTruck-Trailer,336.07358516465956,-8.897764817483674,0.0,0,24
349,349:31,Vehicle:45,scene_28_12,17472302453,Vehicle-SemiTruck-Trailer,336.07358516465956,-8.897764817483674,0.5,0,249
349,349:32,Vehicle:46,scene_28_12,17472302453,Vehicle-SemiTruck-Trailer,330.0699768076106,-10.850408806366037,0.0,0,8
349,349:32,Vehicle:46,scene_28_12,17472302453,Vehicle-SemiTruck-Trailer,330.0699768076106,-10.850408806366037,0.5,1,558
349,349:33,Vehicle:47,scene_28_12,17472302453,Vehicle,317.66366008736514,-9.095820731665507,0.0,0,0
349,349:33,Vehicle:47,scene_28_12,17472302453,Vehicle,317.66366008736514,-9.095820731665507,0.5,0,14
349,349:34,Vehicle:48,scene_28_12,17472302453,Vehicle-SemiTruck-Trailer,320.93161674432525,-14.472772125769195,0.0,2,7
349,349:34,Vehicle:48,scene_28_12,17472302453,Vehicle-SemiTruck-Trailer,320.93161674432525,-14.472772125769195,0.5,2,100
349,349:35,TrafficSign:19,scene_28_12,17472302453,TrafficSign,313.1038013143856,-164.26338273285108,0.0,0,0
349,349:35,TrafficSign:19,scene_28_12,17472302453,TrafficSign,313.1038013143856,-164.26338273285108,0.5,0,0
359,359:0,RoadObstruction:1,scene_28_12,17972442028,RoadObstruction,194.12126664134763,172.2954477355696,0.0,0,0
359,359:0,RoadObstruction:1,scene_28_12,17972442028,RoadObstruction,194.12126664134763,172.2954477355696,0.5,0,6
359,359:1,RoadObstruction:2,scene_28_12,17972442028,RoadObstruction,201.40761179984057,172.53027711546122,0.0,0,0
359,359:1,RoadObstruction:2,scene_28_12,17972442028,RoadObstruction,201.40761179984057,172.53027711546122,0.5,0,6
359,359:2,TrafficSign:1,scene_28_12,17972442028,TrafficSign,331.43480299349307,-177.4039348139658,0.0,0,0
359,359:2,TrafficSign:1,scene_28_12,17972442028,TrafficSign,331.43480299349307,-177.4039348139658,0.5,0,4
359,359:3,TrafficSign:12,scene_28_12,17972442028,TrafficSign,81.25082968888083,150.0684285448137,0.0,0,0
359,359:3,TrafficSign:12,scene_28_12,17972442028,TrafficSign,81.25082968888083,150.0684285448137,0.5,2,3
359,359:4,TrafficSign:13,scene_28_12,17972442028,TrafficSign,186.83333092370557,161.42964309886275,0.0,0,0
359,359:4,TrafficSign:13,scene_28_12,17972442028,TrafficSign,186.83333092370557,161.42964309886275,0.5,0,21
359,359:5,TrafficSign:14,scene_28_12,17972442028,TrafficSign,189.77631004948591,156.64404033070952,0.0,0,0
359,359:5,TrafficSign:14,scene_28_12,17972442028,TrafficSign,189.77631004948591,156.64404033070952,0.5,0,26
359,359:6,TrafficSign:16,scene_28_12,17972442028,TrafficSign,319.90025787026525,-171.27748359888315,0.0,0,0
359,359:6,TrafficSign:16,scene_28_12,17972442028,TrafficSign,319.90025787026525,-171.27748359888315,0.5,0,0
359,359:7,TrafficSign:17,scene_28_12,17972442028,TrafficSign,324.4703025119767,-168.5712435030834,0.0,0,0
359,359:7,TrafficSign:17,scene_28_12,17972442028,TrafficSign,324.4703025119767,-168.5712435030834,0.5,0,8
359,359:8,TrafficSign:18,scene_28_12,17972442028,TrafficSign,281.5579372492628,-167.00029307562326,0.0,0,0
359,359:8,TrafficSign:18,scene_28_12,17972442028,TrafficSign,281.5579372492628,-167.00029307562326,0.5,0,3
359,359:9,TrafficSign:19,scene_28_12,17972442028,TrafficSign,327.31558918285606,-164.9434348648431,0.0,0,0
359,359:9,TrafficSign:19,scene_28_12,17972442028,TrafficSign,327.31558918285606,-164.9434348648431,0.5,0,2
359,359:10,TrafficSign:20,scene_28_12,17972442028,TrafficSign,291.738631675189,161.85109439409473,0.0,0,0
359,359:10,TrafficSign:20,scene_28_12,17972442028,TrafficSign,291.738631675189,161.85109439409473,0.5,0,5
359,359:11,TrafficSign:22,scene_28_12,17972442028,TrafficSign,287.88788387032884,164.89734911694208,0.0,0,0
359,359:11,TrafficSign:22,scene_28_12,17972442028,TrafficSign,287.88788387032884,164.89734911694208,0.5,0,9
359,359:12,TrafficSign:34,scene_28_12,17972442028,TrafficSign,220.03007652107283,-138.11944604465603,0.0,0,0
359,359:12,TrafficSign:34,scene_28_12,17972442028,TrafficSign,220.03007652107283,-138.11944604465603,0.5,0,0
359,359:13,TrafficSign:5,scene_28_12,17972442028,TrafficSign,115.91536339675417,-173.44144080051373,0.0,0,0
359,359:13,TrafficSign:5,scene_28_12,17972442028,TrafficSign,115.91536339675417,-173.44144080051373,0.5,0,0
359,359:14,TrafficSign:6,scene_28_12,17972442028,TrafficSign,71.40016923475699,-170.51300749209565,0.0,0,0
359,359:14,TrafficSign:6,scene_28_12,17972442028,TrafficSign,71.40016923475699,-170.51300749209565,0.5,0,11
359,359:15,TrafficSign:7,scene_28_12,17972442028,TrafficSign,75.65747718018085,-155.58365539915135,0.0,0,0
359,359:15,TrafficSign:7,scene_28_12,17972442028,TrafficSign,75.65747718018085,-155.58365539915135,0.5,0,1
359,359:16,TrafficSign:9,scene_28_12,17972442028,TrafficSign,282.70028448373046,-2.3382801402010767,0.0,0,0
359,359:16,TrafficSign:9,scene_28_12,17972442028,TrafficSign,282.70028448373046,-2.3382801402010767,0.5,0,0
359,359:18,Vehicle:13,scene_28_12,17972442028,Vehicle-SemiTruck-Cab,215.57053212638183,8.538081608900033,0.0,0,5
359,359:18,Vehicle:13,scene_28_12,17972442028,Vehicle-SemiTruck-Cab,215.57053212638183,8.538081608900033,0.5,3,15
359,359:19,Vehicle:14,scene_28_12,17972442028,Vehicle-SemiTruck-Trailer,226.81623469702876,8.126162076792482,0.0,3,30
359,359:19,Vehicle:14,scene_28_12,17972442028,Vehicle-SemiTruck-Trailer,226.81623469702876,8.126162076792482,0.5,4,30
359,359:20,Vehicle:15,scene_28_12,17972442028,Vehicle-SemiTruck-Cab,53.11625010226252,141.85885910103787,0.0,8,6
359,359:20,Vehicle:15,scene_28_12,17972442028,Vehicle-SemiTruck-Cab,53.11625010226252,141.85885910103787,0.5,17,58
359,359:21,Vehicle:16,scene_28_12,17972442028,Vehicle-SemiTruck-Trailer,45.06248575857266,133.26314475187164,0.0,26,212
359,359:21,Vehicle:16,scene_28_12,17972442028,Vehicle-SemiTruck-Trailer,45.06248575857266,133.26314475187164,0.5,46,722
359,359:22,Vehicle:18,scene_28_12,17972442028,Vehicle-Trailer,89.53612200920885,-4.643869081974802,0.0,41,277
359,359:22,Vehicle:18,scene_28_12,17972442028,Vehicle-Trailer,89.53612200920885,-4.643869081974802,0.5,61,2144
359,359:24,Vehicle:25,scene_28_12,17972442028,Vehicle-Passenger,80.02501570113547,-177.05933254045485,0.0,1,30
359,359:24,Vehicle:25,scene_28_12,17972442028,Vehicle-Passenger,80.02501570113547,-177.05933254045485,0.5,6,55
359,359:25,Vehicle:27,scene_28_12,17972442028,Vehicle-Passenger,182.89139761186365,-178.27543349334985,0.0,0,10
359,359:25,Vehicle:27,scene_28_12,17972442028,Vehicle-Passenger,182.89139761186365,-178.27543349334985,0.5,3,10
359,359:26,Vehicle:3,scene_28_12,17972442028,Vehicle-Passenger,347.48479696797494,0.11186649546634665,0.0,0,6
359,359:26,Vehicle:3,scene_28_12,17972442028,Vehicle-Passenger,347.48479696797494,0.11186649546634665,0.5,0,9
359,359:27,Vehicle:4,scene_28_12,17972442028,Vehicle-SemiTruck-Trailer,383.79885777408106,-0.5679025089356109,0.0,0,34
359,359:27,Vehicle:4,scene_28_12,17972442028,Vehicle-SemiTruck-Trailer,383.79885777408106,-0.5679025089356109,0.5,0,87
359,359:28,Vehicle:42,scene_28_12,17972442028,Vehicle-SemiTruck-Trailer,330.6821076091675,-7.274752965229206,0.0,0,4
359,359:28,Vehicle:42,scene_28_12,17972442028,Vehicle-SemiTruck-Trailer,330.6821076091675,-7.274752965229206,0.5,0,125
359,359:29,Vehicle:43,scene_28_12,17972442028,Vehicle,353.581610691414,-7.030354608759822,0.0,0,1
359,359:29,Vehicle:43,scene_28_12,17972442028,Vehicle,353.581610691414,-7.030354608759822,0.5,0,57
359,359:30,Vehicle:45,scene_28_12,17972442028,Vehicle-SemiTruck-Trailer,321.59688943701343,-9.281153415388093,0.0,0,25
359,359:30,Vehicle:45,scene_28_12,17972442028,Vehicle-SemiTruck-Trailer,321.59688943701343,-9.281153415388093,0.5,1,353
359,359:31,Vehicle:46,scene_28_12,17972442028,Vehicle-SemiTruck-Trailer,315.69922430920417,-11.33774858099922,0.0,5,17
359,359:31,Vehicle:46,scene_28_12,17972442028,Vehicle-SemiTruck-Trailer,315.69922430920417,-11.33774858099922,0.5,5,823
359,359:32,Vehicle:48,scene_28_12,17972442028,Vehicle-SemiTruck-Trailer,306.81889668881547,-15.154370856458163,0.0,2,6
359,359:32,Vehicle:48,scene_28_12,17972442028,Vehicle-SemiTruck-Trailer,306.81889668881547,-15.154370856458163,0.5,3,101
359,359:33,TrafficSign:11,scene_28_12,17972442028,TrafficSign,57.54764127546047,134.4042694173905,0.0,0,0
359,359:33,TrafficSign:11,scene_28_12,17972442028,TrafficSign,57.54764127546047,134.4042694173905,0.5,0,0
359,359:34,TrafficSign:15,scene_28_12,17972442028,TrafficSign,306.9514183503522,-173.0141472988245,0.0,0,0
359,359:34,TrafficSign:15,scene_28_12,17972442028,TrafficSign,306.9514183503522,-173.0141472988245,0.5,0,0
359,359:35,Vehicle:47,scene_28_12,17972442028,Vehicle,303.45178706196964,-9.517864165003884,0.0,0,0
359,359:35,Vehicle:47,scene_28_12,17972442028,Vehicle,303.45178706196964,-9.517864165003884,0.5,0,0
369,369:0,RoadObstruction:1,scene_28_12,18472424328,RoadObstruction,208.6461103424895,172.79297994423234,0.0,0,0
369,369:0,RoadObstruction:1,scene_28_12,18472424328,RoadObstruction,208.6461103424895,172.79297994423234,0.5,0,3
369,369:1,RoadObstruction:2,scene_28_12,18472424328,RoadObstruction,215.95026590187177,173.02016288547213,0.0,0,0
369,369:1,RoadObstruction:2,scene_28_12,18472424328,RoadObstruction,215.95026590187177,173.02016288547213,0.5,0,5
369,369:2,TrafficSign:11,scene_28_12,18472424328,TrafficSign,68.62382048140725,143.08886262109982,0.0,0,0
369,369:2,TrafficSign:11,scene_28_12,18472424328,TrafficSign,68.62382048140725,143.08886262109982,0.5,1,3
369,369:3,TrafficSign:13,scene_28_12,18472424328,TrafficSign,200.7103699357912,162.68083999551433,0.0,0,0
369,369:3,TrafficSign:13,scene_28_12,18472424328,TrafficSign,200.7103699357912,162.68083999551433,0.5,0,18
369,369:4,TrafficSign:14,scene_28_12,18472424328,TrafficSign,203.23712505932303,158.2224735294893,0.0,0,0
369,369:4,TrafficSign:14,scene_28_12,18472424328,TrafficSign,203.23712505932303,158.2224735294893,0.5,0,8
369,369:5,TrafficSign:15,scene_28_12,18472424328,TrafficSign,321.48355266895595,-173.3120882973886,0.0,0,0
369,369:5,TrafficSign:15,scene_28_12,18472424328,TrafficSign,321.48355266895595,-173.3120882973886,0.5,0,7
369,369:6,TrafficSign:16,scene_28_12,18472424328,TrafficSign,334.3712336425131,-171.64898846393476,0.0,0,0
369,369:6,TrafficSign:16,scene_28_12,18472424328,TrafficSign,334.3712336425131,-171.64898846393476,0.5,0,1
369,369:7,TrafficSign:17,scene_28_12,18472424328,TrafficSign,339.0340747514136,-169.07478042460517,0.0,0,0
369,369:7,TrafficSign:17,scene_28_12,18472424328,TrafficSign,339.0340747514136,-169.07478042460517,0.5,0,15
369,369:8,TrafficSign:18,scene_28_12,18472424328,TrafficSign,295.5344331179579,-167.62822002242902,0.0,0,0
369,369:8,TrafficSign:18,scene_28_12,18472424328,TrafficSign,295.5344331179579,-167.62822002242902,0.5,0,0
369,369:9,TrafficSign:20,scene_28_12,18472424328,TrafficSign,305.7441982105459,162.68330377830122,0.0,0,1
369,369:9,TrafficSign:20,scene_28_12,18472424328,TrafficSign,305.7441982105459,162.68330377830122,0.5,0,11
369,369:10,TrafficSign:22,scene_28_12,18472424328,TrafficSign,301.9809470675636,165.6012097804189,0.0,0,0
369,369:10,TrafficSign:22,scene_28_12,18472424328,TrafficSign,301.9809470675636,165.6012097804189,0.5,0,4
369,369:11,TrafficSign:34,scene_28_12,18472424328,TrafficSign,231.25749129480513,-140.52021100502745,0.0,0,0
369,369:11,TrafficSign:34,scene_28_12,18472424328,TrafficSign,231.25749129480513,-140.52021100502745,0.5,0,1
369,369:12,TrafficSign:5,scene_28_12,18472424328,TrafficSign,130.49003684738403,-174.1521592902783,0.0,0,3
369,369:12,TrafficSign:5,scene_28_12,18472424328,TrafficSign,130.49003684738403,-174.1521592902783,0.5,0,5
369,369:13,TrafficSign:6,scene_28_12,18472424328,TrafficSign,85.88674223523616,-172.07661288644817,0.0,0,0
369,369:13,TrafficSign:6,scene_28_12,18472424328,TrafficSign,85.88674223523616,-172.07661288644817,0.5,0,8
369,369:14,TrafficSign:7,scene_28_12,18472424328,TrafficSign,89.1717063949607,-159.41584634079578,0.0,0,0
369,369:14,TrafficSign:7,scene_28_12,18472424328,TrafficSign,89.1717063949607,-159.41584634079578,0.5,0,3
369,369:15,TrafficSign:9,scene_28_12,18472424328,TrafficSign,268.06236894281636,-2.466738563082007,0.0,0,0
369,369:15,TrafficSign:9,scene_28_12,18472424328,TrafficSign,268.06236894281636,-2.466738563082007,0.5,1,1
369,369:17,Vehicle:13,scene_28_12,18472424328,Vehicle-SemiTruck-Cab,186.19925082053234,9.921616229892964,0.0,1,46
369,369:17,Vehicle:13,scene_28_12,18472424328,Vehicle-SemiTruck-Cab,186.19925082053234,9.921616229892964,0.5,1,58
369,369:18,Vehicle:14,scene_28_12,18472424328,Vehicle-SemiTruck-Trailer,197.3980232445652,9.365213651273363,0.0,2,7
369,369:18,Vehicle:14,scene_28_12,18472424328,Vehicle-SemiTruck-Trailer,197.3980232445652,9.365213651273363,0.5,3,7
369,369:19,Vehicle:15,scene_28_12,18472424328,Vehicle-SemiTruck-Cab,79.61015035991204,155.57088123509791,0.0,0,3
369,369:19,Vehicle:15,scene_28_12,18472424328,Vehicle-SemiTruck-Cab,79.61015035991204,155.57088123509791,0.5,5,8
369,369:20,Vehicle:16,scene_28_12,18472424328,Vehicle-SemiTruck-Trailer,69.75827146845704,151.82436959914978,0.0,18,67
369,369:20,Vehicle:16,scene_28_12,18472424328,Vehicle-SemiTruck-Trailer,69.75827146845704,151.82436959914978,0.5,39,113
369,369:21,Vehicle:18,scene_28_12,18472424328,Vehicle-Trailer,85.26117477708586,-4.551770552203803,0.0,33,323
369,369:21,Vehicle:18,scene_28_12,18472424328,Vehicle-Trailer,85.26117477708586,-4.551770552203803,0.5,64,2273
369,369:23,Vehicle:25,scene_28_12,18472424328,Vehicle-Passenger,80.27478156070067,-177.06905371016117,0.0,3,20
369,369:23,Vehicle:25,scene_28_12,18472424328,Vehicle-Passenger,80.27478156070067,-177.06905371016117,0.5,3,83
369,369:24,Vehicle:27,scene_28_12,18472424328,Vehicle-Passenger,181.30500194421234,-178.3204826912361,0.0,0,7
369,369:24,Vehicle:27,scene_28_12,18472424328,Vehicle-Passenger,181.30500194421234,-178.3204826912361,0.5,1,9
369,369:25,Vehicle:3,scene_28_12,18472424328,Vehicle-Passenger,350.77268799715847,0.11555474370130416,0.0,0,0
369,369:25,Vehicle:3,scene_28_12,18472424328,Vehicle-Passenger,350.77268799715847,0.11555474370130416,0.5,0,0
369,369:26,Vehicle:4,scene_28_12,18472424328,Vehicle-SemiTruck-Trailer,384.81787062754523,-0.5756190478386994,0.0,0,18
369,369:26,Vehicle:4,scene_28_12,18472424328,Vehicle-SemiTruck-Trailer,384.81787062754523,-0.5756190478386994,0.5,0,60
369,369:27,Vehicle:42,scene_28_12,18472424328,Vehicle-SemiTruck-Trailer,316.21912073978984,-7.621412158565501,0.0,0,4
369,369:27,Vehicle:42,scene_28_12,18472424328,Vehicle-SemiTruck-Trailer,316.21912073978984,-7.621412158565501,0.5,0,135
369,369:28,Vehicle:43,scene_28_12,18472424328,Vehicle-SemiTruck-Trailer,338.9577215459197,-7.331873189699115,0.0,0,4
369,369:28,Vehicle:43,scene_28_12,18472424328,Vehicle-SemiTruck-Trailer,338.9577215459197,-7.331873189699115,0.5,0,92
369,369:29,Vehicle:45,scene_28_12,18472424328,Vehicle-SemiTruck-Trailer,307.05629183048484,-9.715019768009274,0.0,0,27
369,369:29,Vehicle:45,scene_28_12,18472424328,Vehicle-SemiTruck-Trailer,307.05629183048484,-9.715019768009274,0.5,0,477
369,369:30,Vehicle:46,scene_28_12,18472424328,Vehicle-SemiTruck-Trailer,301.3877330693006,-11.875282575422341,0.0,4,18
369,369:30,Vehicle:46,scene_28_12,18472424328,Vehicle-SemiTruck-Trailer,301.3877330693006,-11.875282575422341,0.5,5,824
369,369:31,Vehicle:47,scene_28_12,18472424328,Vehicle,288.67764207435283,-9.999363440084963,0.0,0,4
369,369:31,Vehicle:47,scene_28_12,18472424328,Vehicle,288.67764207435283,-9.999363440084963,0.5,0,7
369,369:32,Vehicle:48,scene_28_12,18472424328,Vehicle-SemiTruck-Trailer,292.7655045001944,-15.91787941149994,0.0,2,11
369,369:32,Vehicle:48,scene_28_12,18472424328,Vehicle-SemiTruck-Trailer,292.7655045001944,-15.91787941149994,0.5,2,42
369,369:33,TrafficSign:1,scene_28_12,18472424328,TrafficSign,345.5648812832183,-177.477752793783,0.0,0,0
369,369:33,TrafficSign:1,scene_28_12,18472424328,TrafficSign,345.5648812832183,-177.477752793783,0.5,0,0
369,369:34,TrafficSign:12,scene_28_12,18472424328,TrafficSign,94.20206095180357,154.49032928063414,0.0,0,0
369,369:34,TrafficSign:12,scene_28_12,18472424328,TrafficSign,94.20206095180357,154.49032928063414,0.5,0,0
379,379:0,TrafficSign:11,scene_28_12,18972396678,TrafficSign,80.80575634792301,149.29468685830867,0.0,0,1
379,379:0,TrafficSign:11,scene_28_12,18972396678,TrafficSign,80.80575634792301,149.29468685830867,0.5,0,81
379,379:1,TrafficSign:12,scene_28_12,18972396678,TrafficSign,107.60502147371915,157.76927670408213,0.0,0,0
379,379:1,TrafficSign:12,scene_28_12,18972396678,TrafficSign,107.60502147371915,157.76927670408213,0.5,0,3
379,379:2,TrafficSign:13,scene_28_12,18972396678,TrafficSign,214.70154258318055,163.72314164907365,0.0,0,0
379,379:2,TrafficSign:13,scene_28_12,18972396678,TrafficSign,214.70154258318055,163.72314164907365,0.5,0,19
379,379:3,TrafficSign:15,scene_28_12,18972396678,TrafficSign,336.08444660292207,-173.63257914152098,0.0,0,0
379,379:3,TrafficSign:15,scene_28_12,18972396678,TrafficSign,336.08444660292207,-173.63257914152098,0.5,0,2
379,379:4,TrafficSign:16,scene_28_12,18972396678,TrafficSign,348.77881161596804,-172.01476793550933,0.0,0,0
379,379:4,TrafficSign:16,scene_28_12,18972396678,TrafficSign,348.77881161596804,-172.01476793550933,0.5,0,0
379,379:5,TrafficSign:17,scene_28_12,18972396678,TrafficSign,353.47572245770425,-169.54869942179042,0.0,0,0
379,379:5,TrafficSign:17,scene_28_12,18972396678,TrafficSign,353.47572245770425,-169.54869942179042,0.5,0,5
379,379:6,TrafficSign:20,scene_28_12,18972396678,TrafficSign,319.85091795360927,163.4116303312294,0.0,0,0
379,379:6,TrafficSign:20,scene_28_12,18972396678,TrafficSign,319.85091795360927,163.4116303312294,0.5,0,5
379,379:7,TrafficSign:22,scene_28_12,18972396678,TrafficSign,316.149177144431,166.20009017646882,0.0,0,0
379,379:7,TrafficSign:22,scene_28_12,18972396678,TrafficSign,316.149177144431,166.20009017646882,0.5,0,2
379,379:8,TrafficSign:34,scene_28_12,18972396678,TrafficSign,242.81960919880274,-142.71905896212343,0.0,0,0
379,379:8,TrafficSign:34,scene_28_12,18972396678,TrafficSign,242.81960919880274,-142.71905896212343,0.5,0,0
379,379:9,TrafficSign:5,scene_28_12,18972396678,TrafficSign,145.11686878084865,-174.74879097382797,0.0,0,0
379,379:9,TrafficSign:5,scene_28_12,18972396678,TrafficSign,145.11686878084865,-174.74879097382797,0.5,0,0
379,379:10,TrafficSign:6,scene_28_12,18972396678,TrafficSign,100.42047826188089,-173.20893749558502,0.0,0,0
379,379:10,TrafficSign:6,scene_28_12,18972396678,TrafficSign,100.42047826188089,-173.20893749558502,0.5,0,10
379,379:11,TrafficSign:7,scene_28_12,18972396678,TrafficSign,102.9764135766852,-162.2466984183265,0.0,0,0
379,379:11,TrafficSign:7,scene_28_12,18972396678,TrafficSign,102.9764135766852,-162.2466984183265,0.5,0,1
379,379:12,TrafficSign:9,scene_28_12,18972396678,TrafficSign,253.47369013007977,-2.6467634302918777,0.0,0,0
379,379:12,TrafficSign:9,scene_28_12,18972396678,TrafficSign,253.47369013007977,-2.6467634302918777,0.5,0,0
379,379:14,Vehicle:13,scene_28_12,18972396678,Vehicle-SemiTruck-Cab,156.93387536358352,11.793734516949993,0.0,1,51
379,379:14,Vehicle:13,scene_28_12,18972396678,Vehicle-SemiTruck-Cab,156.93387536358352,11.793734516949993,0.5,2,55
379,379:15,Vehicle:14,scene_28_12,18972396678,Vehicle-SemiTruck-Trailer,168.1044267694885,11.009669367856251,0.0,6,30
379,379:15,Vehicle:14,scene_28_12,18972396678,Vehicle-SemiTruck-Trailer,168.1044267694885,11.009669367856251,0.5,6,30
379,379:16,Vehicle:16,scene_28_12,18972396678,Vehicle-SemiTruck-Trailer,97.55404784517735,160.12268120755596,0.0,6,30
379,379:16,Vehicle:16,scene_28_12,18972396678,Vehicle-SemiTruck-Trailer,97.55404784517735,160.12268120755596,0.5,19,37
379,379:17,Vehicle:18,scene_28_12,18972396678,Vehicle-Trailer,81.18289885862158,-4.592651614389764,0.0,42,259
379,379:17,Vehicle:18,scene_28_12,18972396678,Vehicle-Trailer,81.18289885862158,-4.592651614389764,0.5,60,2325
379,379:19,Vehicle:25,scene_28_12,18972396678,Vehicle-Passenger,80.4340675959221,-177.13780103503515,0.0,0,52
379,379:19,Vehicle:25,scene_28_12,18972396678,Vehicle-Passenger,80.4340675959221,-177.13780103503515,0.5,4,98
379,379:20,Vehicle:27,scene_28_12,18972396678,Vehicle-Passenger,179.66050706556504,-178.3570498562438,0.0,1,0
379,379:20,Vehicle:27,scene_28_12,18972396678,Vehicle-Passenger,179.66050706556504,-178.3570498562438,0.5,2,4
379,379:21,Vehicle:3,scene_28_12,18972396678,Vehicle-Passenger,354.0234903122123,0.08728800825859503,0.0,0,10
379,379:21,Vehicle:3,scene_28_12,18972396678,Vehicle-Passenger,354.0234903122123,0.08728800825859503,0.5,0,20
379,379:22,Vehicle:4,scene_28_12,18972396678,Vehicle-SemiTruck-Trailer,385.75198648307384,-0.6148359468811929,0.0,0,39
379,379:22,Vehicle:4,scene_28_12,18972396678,Vehicle-SemiTruck-Trailer,385.75198648307384,-0.6148359468811929,0.5,0,87
379,379:23,Vehicle:42,scene_28_12,18972396678,Vehicle-SemiTruck-Trailer,301.8086201898098,-8.032268191050095,0.0,1,4
379,379:23,Vehicle:42,scene_28_12,18972396678,Vehicle-SemiTruck-Trailer,301.8086201898098,-8.032268191050095,0.5,1,98
379,379:24,Vehicle:43,scene_28_12,18972396678,Vehicle-SemiTruck-Trailer,324.4145824726057,-7.700872613036299,0.0,0,36
379,379:24,Vehicle:43,scene_28_12,18972396678,Vehicle-SemiTruck-Trailer,324.4145824726057,-7.700872613036299,0.5,0,115
379,379:25,Vehicle:45,scene_28_12,18972396678,Vehicle-SemiTruck-Trailer,292.5860056379036,-10.230604639365156,0.0,2,103
379,379:25,Vehicle:45,scene_28_12,18972396678,Vehicle-SemiTruck-Trailer,292.5860056379036,-10.230604639365156,0.5,3,601
379,379:26,Vehicle:46,scene_28_12,18972396678,Vehicle-SemiTruck-Trailer,287.1497104559823,-12.502025814938253,0.0,6,14
379,379:26,Vehicle:46,scene_28_12,18972396678,Vehicle-SemiTruck-Trailer,287.1497104559823,-12.502025814938253,0.5,7,1002
379,379:27,Vehicle:48,scene_28_12,18972396678,Vehicle-SemiTruck-Trailer,278.7955558088095,-16.78792567253384,0.0,0,4
379,379:27,Vehicle:48,scene_28_12,18972396678,Vehicle-SemiTruck-Trailer,278.7955558088095,-16.78792567253384,0.5,1,44
379,379:28,RoadObstruction:1,scene_28_12,18972396678,RoadObstruction,223.17972502991947,173.19085232663156,0.0,0,0
379,379:28,RoadObstruction:1,scene_28_12,18972396678,RoadObstruction,223.17972502991947,173.19085232663156,0.5,0,0
379,379:29,RoadObstruction:2,scene_28_12,18972396678,RoadObstruction,230.4725293100224,173.40842687902267,0.0,0,0
379,379:29,RoadObstruction:2,scene_28_12,18972396678,RoadObstruction,230.4725293100224,173.40842687902267,0.5,0,0
379,379:30,TrafficSign:14,scene_28_12,18972396678,TrafficSign,216.87593621482694,159.58101393105215,0.0,0,0
379,379:30,TrafficSign:14,scene_28_12,18972396678,TrafficSign,216.87593621482694,159.58101393105215,0.5,0,0
379,379:31,TrafficSign:18,scene_28_12,18972396678,TrafficSign,309.77064153520314,-168.2282868866771,0.0,0,0
379,379:31,TrafficSign:18,scene_28_12,18972396678,TrafficSign,309.77064153520314,-168.2282868866771,0.5,0,0
379,379:32,Vehicle:47,scene_28_12,18972396678,Vehicle,274.0797294776393,-10.565419402549907,0.0,0,0
379,379:32,Vehicle:47,scene_28_12,18972396678,Vehicle,274.0797294776393,-10.565419402549907,0.5,0,0
389,389:0,TrafficSign:11,scene_28_12,19472379178,TrafficSign,93.63853628925123,153.79750600425152,0.0,0,0
389,389:0,TrafficSign:11,scene_28_12,19472379178,TrafficSign,93.63853628925123,153.79750600425152,0.5,2,87
389,389:1,TrafficSign:12,scene_28_12,19472379178,TrafficSign,121.26357788396359,160.25168241422196,0.0,0,0
389,389:1,TrafficSign:12,scene_28_12,19472379178,TrafficSign,121.26357788396359,160.25168241422196,0.5,1,18
389,389:2,TrafficSign:13,scene_28_12,19472379178,TrafficSign,228.69018745012846,164.61792296824385,0.0,0,1
389,389:2,TrafficSign:13,scene_28_12,19472379178,TrafficSign,228.69018745012846,164.61792296824385,0.5,0,5
389,389:3,TrafficSign:14,scene_28_12,19472379178,TrafficSign,230.66643620263375,160.72845247762464,0.0,0,0
389,389:3,TrafficSign:14,scene_28_12,19472379178,TrafficSign,230.66643620263375,160.72845247762464,0.5,0,15
389,389:4,TrafficSign:16,scene_28_12,19472379178,TrafficSign,363.1791899788795,-172.39724771235393,0.0,0,0
389,389:4,TrafficSign:16,scene_28_12,19472379178,TrafficSign,363.1791899788795,-172.39724771235393,0.5,0,0
389,389:5,TrafficSign:17,scene_28_12,19472379178,TrafficSign,367.69180633412685,-170.0083850277807,0.0,0,1
389,389:5,TrafficSign:17,scene_28_12,19472379178,TrafficSign,367.69180633412685,-170.0083850277807,0.5,0,8
389,389:6,TrafficSign:20,scene_28_12,19472379178,TrafficSign,333.8752512200682,164.02690318864725,0.0,0,1
389,389:6,TrafficSign:20,scene_28_12,19472379178,TrafficSign,333.8752512200682,164.02690318864725,0.5,0,6
389,389:7,TrafficSign:22,scene_28_12,19472379178,TrafficSign,330.31822364944657,166.7081992623826,0.0,0,0
389,389:7,TrafficSign:22,scene_28_12,19472379178,TrafficSign,330.31822364944657,166.7081992623826,0.5,0,0
389,389:8,TrafficSign:34,scene_28_12,19472379178,TrafficSign,254.67533834859265,-144.76904962412544,0.0,0,0
389,389:8,TrafficSign:34,scene_28_12,19472379178,TrafficSign,254.67533834859265,-144.76904962412544,0.5,0,3
389,389:9,TrafficSign:5,scene_28_12,19472379178,TrafficSign,159.70969463185438,-175.2809151344522,0.0,0,0
389,389:9,TrafficSign:5,scene_28_12,19472379178,TrafficSign,159.70969463185438,-175.2809151344522,0.5,0,3
389,389:10,TrafficSign:6,scene_28_12,19472379178,TrafficSign,114.940795756096,-174.09041349295225,0.0,0,0
389,389:10,TrafficSign:6,scene_28_12,19472379178,TrafficSign,114.940795756096,-174.09041349295225,0.5,0,5
389,389:11,TrafficSign:7,scene_28_12,19472379178,TrafficSign,117.01141384274,-164.45001892669276,0.0,0,0
389,389:11,TrafficSign:7,scene_28_12,19472379178,TrafficSign,117.01141384274,-164.45001892669276,0.5,0,0
389,389:12,TrafficSign:9,scene_28_12,19472379178,TrafficSign,238.919041980444,-2.8979801708384376,0.0,0,0
389,389:12,TrafficSign:9,scene_28_12,19472379178,TrafficSign,238.919041980444,-2.8979801708384376,0.5,0,0
389,389:14,Vehicle:13,scene_28_12,19472379178,Vehicle-SemiTruck-Cab,128.5185929465283,14.415302818944227,0.0,8,24
389,389:14,Vehicle:13,scene_28_12,19472379178,Vehicle-SemiTruck-Cab,128.5185929465283,14.415302818944227,0.5,10,40
389,389:15,Vehicle:14,scene_28_12,19472379178,Vehicle-SemiTruck-Trailer,139.57083388032964,13.253002220926142,0.0,23,15
389,389:15,Vehicle:14,scene_28_12,19472379178,Vehicle-SemiTruck-Trailer,139.57083388032964,13.253002220926142,0.5,25,19
389,389:16,Vehicle:16,scene_28_12,19472379178,Vehicle-SemiTruck-Trailer,126.29073518251872,164.6135024600411,0.0,10,100
389,389:16,Vehicle:16,scene_28_12,19472379178,Vehicle-SemiTruck-Trailer,126.29073518251872,164.6135024600411,0.5,15,110
389,389:17,Vehicle:17,scene_28_12,19472379178,Vehicle-SemiTruck-Cab,276.4025809399219,6.669438014475008,0.0,0,6
389,389:17,Vehicle:17,scene_28_12,19472379178,Vehicle-SemiTruck-Cab,276.4025809399219,6.669438014475008,0.5,1,6
389,389:18,Vehicle:18,scene_28_12,19472379178,Vehicle-Trailer,77.27723696745747,-4.76073940003148,0.0,29,267
389,389:18,Vehicle:18,scene_28_12,19472379178,Vehicle-Trailer,77.27723696745747,-4.76073940003148,0.5,54,2328
389,389:20,Vehicle:25,scene_28_12,19472379178,Vehicle-Passenger,80.41357275532489,-177.22652060952143,0.0,1,74
389,389:20,Vehicle:25,scene_28_12,19472379178,Vehicle-Passenger,80.41357275532489,-177.22652060952143,0.5,4,122
389,389:21,Vehicle:27,scene_28_12,19472379178,Vehicle-Passenger,177.80059997748927,-178.39457852877234,0.0,1,14
389,389:21,Vehicle:27,scene_28_12,19472379178,Vehicle-Passenger,177.80059997748927,-178.39457852877234,0.5,2,14
389,389:22,Vehicle:3,scene_28_12,19472379178,Vehicle-Passenger,357.5295702508959,0.008027443610294907,0.0,0,0
389,389:22,Vehicle:3,scene_28_12,19472379178,Vehicle-Passenger,357.5295702508959,0.008027443610294907,0.5,0,1
389,389:23,Vehicle:4,scene_28_12,19472379178,Vehicle-SemiTruck-Trailer,386.6648992106611,-0.6938101381933878,0.0,0,40
389,389:23,Vehicle:4,scene_28_12,19472379178,Vehicle-SemiTruck-Trailer,386.6648992106611,-0.6938101381933878,0.5,0,87
389,389:24,Vehicle:42,scene_28_12,19472379178,Vehicle-SemiTruck-Trailer,287.3832249102895,-8.523886691194193,0.0,0,10
389,389:24,Vehicle:42,scene_28_12,19472379178,Vehicle-SemiTruck-Trailer,287.3832249102895,-8.523886691194193,0.5,0,143
389,389:25,Vehicle:43,scene_28_12,19472379178,Vehicle-SemiTruck-Trailer,310.0116595675396,-8.155661952571712,0.0,2,7
389,389:25,Vehicle:43,scene_28_12,19472379178,Vehicle-SemiTruck-Trailer,310.0116595675396,-8.155661952571712,0.5,2,126
389,389:26,Vehicle:45,scene_28_12,19472379178,Vehicle-SemiTruck-Trailer,278.1984668222067,-10.850871949701315,0.0,1,197
389,389:26,Vehicle:45,scene_28_12,19472379178,Vehicle-SemiTruck-Trailer,278.1984668222067,-10.850871949701315,0.5,1,758
389,389:27,Vehicle:46,scene_28_12,19472379178,Vehicle-SemiTruck-Trailer,272.94306507183893,-13.250085182566231,0.0,5,19
389,389:27,Vehicle:46,scene_28_12,19472379178,Vehicle-SemiTruck-Trailer,272.94306507183893,-13.250085182566231,0.5,6,1009
389,389:28,Vehicle:47,scene_28_12,19472379178,Vehicle,259.8010621796808,-11.241490602702028,0.0,0,8
389,389:28,Vehicle:47,scene_28_12,19472379178,Vehicle,259.8010621796808,-11.241490602702028,0.5,1,13
389,389:29,Vehicle:48,scene_28_12,19472379178,Vehicle-SemiTruck-Trailer,264.9078613960232,-17.790908393363065,0.0,1,12
389,389:29,Vehicle:48,scene_28_12,19472379178,Vehicle-SemiTruck-Trailer,264.9078613960232,-17.790908393363065,0.5,1,40
389,389:30,RoadObstruction:1,scene_28_12,19472379178,RoadObstruction,237.66284710081337,173.47984492263436,0.0,0,0
389,389:30,RoadObstruction:1,scene_28_12,19472379178,RoadObstruction,237.66284710081337,173.47984492263436,0.5,0,0
389,389:31,RoadObstruction:2,scene_28_12,19472379178,RoadObstruction,244.98267262414763,173.68757094681706,0.0,0,0
389,389:31,RoadObstruction:2,scene_28_12,19472379178,RoadObstruction,244.98267262414763,173.68757094681706,0.5,0,0
389,389:32,TrafficSign:15,scene_28_12,19472379178,TrafficSign,350.6390470052411,-173.96277288986875,0.0,0,0
389,389:32,TrafficSign:15,scene_28_12,19472379178,TrafficSign,350.6390470052411,-173.96277288986875,0.5,0,0
389,389:33,TrafficSign:18,scene_28_12,19472379178,TrafficSign,324.3183123108296,-168.8038021138965,0.0,0,0
389,389:33,TrafficSign:18,scene_28_12,19472379178,TrafficSign,324.3183123108296,-168.8038021138965,0.5,0,0
399,399:0,TrafficSign:10,scene_28_12,19972351328,TrafficSign,74.3943162531195,34.54752452781069,0.0,0,0
399,399:0,TrafficSign:10,scene_28_12,19972351328,TrafficSign,74.3943162531195,34.54752452781069,0.5,2,3
399,399:1,TrafficSign:11,scene_28_12,19972351328,TrafficSign,106.903524982417,157.13296928824178,0.0,1,0
399,399:1,TrafficSign:11,scene_28_12,19972351328,TrafficSign,106.903524982417,157.13296928824178,0.5,4,93
399,399:2,TrafficSign:12,scene_28_12,19972351328,TrafficSign,135.09897178768097,162.21525947703333,0.0,0,0
399,399:2,TrafficSign:12,scene_28_12,19972351328,TrafficSign,135.09897178768097,162.21525947703333,0.5,0,5
399,399:3,TrafficSign:13,scene_28_12,19972351328,TrafficSign,242.79594262217333,165.4199674453947,0.0,0,0
399,399:3,TrafficSign:13,scene_28_12,19972351328,TrafficSign,242.79594262217333,165.4199674453947,0.5,0,5
399,399:4,TrafficSign:14,scene_28_12,19972351328,TrafficSign,244.48116337812127,161.73632251279972,0.0,0,0
399,399:4,TrafficSign:14,scene_28_12,19972351328,TrafficSign,244.48116337812127,161.73632251279972,0.5,0,5
399,399:5,TrafficSign:16,scene_28_12,19972351328,TrafficSign,377.66186033356115,-172.76424208048542,0.0,0,0
399,399:5,TrafficSign:16,scene_28_12,19972351328,TrafficSign,377.66186033356115,-172.76424208048542,0.5,0,7
399,399:6,TrafficSign:17,scene_28_12,19972351328,TrafficSign,382.31910436253264,-170.45871608462465,0.0,0,0
399,399:6,TrafficSign:17,scene_28_12,19972351328,TrafficSign,382.31910436253264,-170.45871608462465,0.5,0,12
399,399:7,TrafficSign:18,scene_28_12,19972351328,TrafficSign,339.0684357099354,-169.34370431054654,0.0,0,0
399,399:7,TrafficSign:18,scene_28_12,19972351328,TrafficSign,339.0684357099354,-169.34370431054654,0.5,0,2
399,399:8,TrafficSign:20,scene_28_12,19972351328,TrafficSign,347.84920512491414,164.57699896520327,0.0,0,0
399,399:8,TrafficSign:20,scene_28_12,19972351328,TrafficSign,347.84920512491414,164.57699896520327,0.5,0,7
399,399:9,TrafficSign:22,scene_28_12,19972351328,TrafficSign,344.54092207568334,167.154332061813,0.0,0,0
399,399:9,TrafficSign:22,scene_28_12,19972351328,TrafficSign,344.54092207568334,167.154332061813,0.5,0,0
399,399:10,TrafficSign:34,scene_28_12,19972351328,TrafficSign,266.75611552861113,-146.65113034759807,0.0,0,0
399,399:10,TrafficSign:34,scene_28_12,19972351328,TrafficSign,266.75611552861113,-146.65113034759807,0.5,0,0
399,399:11,TrafficSign:5,scene_28_12,19972351328,TrafficSign,174.13539122239055,-175.7356506679105,0.0,0,0
399,399:11,TrafficSign:5,scene_28_12,19972351328,TrafficSign,174.13539122239055,-175.7356506679105,0.5,0,0
399,399:12,TrafficSign:6,scene_28_12,19972351328,TrafficSign,129.41721268805654,-174.79141164670617,0.0,0,0
399,399:12,TrafficSign:6,scene_28_12,19972351328,TrafficSign,129.41721268805654,-174.79141164670617,0.5,0,0
399,399:13,TrafficSign:7,scene_28_12,19972351328,TrafficSign,131.18040519670856,-166.2099886763473,0.0,0,0
399,399:13,TrafficSign:7,scene_28_12,19972351328,TrafficSign,131.18040519670856,-166.2099886763473,0.5,0,0
399,399:14,TrafficSign:9,scene_28_12,19972351328,TrafficSign,224.3715989968861,-3.174717542617699,0.0,0,0
399,399:14,TrafficSign:9,scene_28_12,19972351328,TrafficSign,224.3715989968861,-3.174717542617699,0.5,0,0
399,399:16,Vehicle:13,scene_28_12,19972351328,Vehicle-SemiTruck-Cab,101.08026907499156,18.49394838858054,0.0,12,16
399,399:16,Vehicle:13,scene_28_12,19972351328,Vehicle-SemiTruck-Cab,101.08026907499156,18.49394838858054,0.5,18,21
399,399:17,Vehicle:14,scene_28_12,19972351328,Vehicle-SemiTruck-Trailer,111.83413981866566,16.6399448180939,0.0,24,22
399,399:17,Vehicle:14,scene_28_12,19972351328,Vehicle-SemiTruck-Trailer,111.83413981866566,16.6399448180939,0.5,29,45
399,399:18,Vehicle:16,scene_28_12,19972351328,Vehicle-SemiTruck-Trailer,155.53927823562648,167.415181429447,0.0,6,158
399,399:18,Vehicle:16,scene_28_12,19972351328,Vehicle-SemiTruck-Trailer,155.53927823562648,167.415181429447,0.5,11,174
399,399:19,Vehicle:18,scene_28_12,19972351328,Vehicle-Trailer,73.51104617847498,-4.919179710517849,0.0,26,301
399,399:19,Vehicle:18,scene_28_12,19972351328,Vehicle-Trailer,73.51104617847498,-4.919179710517849,0.5,54,2690
399,399:21,Vehicle:25,scene_28_12,19972351328,Vehicle-Passenger,80.2932052116987,-177.2734247434827,0.0,1,47
399,399:21,Vehicle:25,scene_28_12,19972351328,Vehicle-Passenger,80.2932052116987,-177.2734247434827,0.5,6,100
399,399:22,Vehicle:27,scene_28_12,19972351328,Vehicle-Passenger,176.00982046369495,-178.47145023047108,0.0,2,7
399,399:22,Vehicle:27,scene_28_12,19972351328,Vehicle-Passenger,176.00982046369495,-178.47145023047108,0.5,2,9
399,399:23,Vehicle:3,scene_28_12,19972351328,Vehicle-Passenger,361.3181485958406,-0.08491896633640304,0.0,0,8
399,399:23,Vehicle:3,scene_28_12,19972351328,Vehicle-Passenger,361.3181485958406,-0.08491896633640304,0.5,0,9
399,399:24,Vehicle:4,scene_28_12,19972351328,Vehicle-SemiTruck-Trailer,387.6968622674242,-0.7793285334637359,0.0,0,24
399,399:24,Vehicle:4,scene_28_12,19972351328,Vehicle-SemiTruck-Trailer,387.6968622674242,-0.7793285334637359,0.5,0,75
399,399:25,Vehicle:42,scene_28_12,19972351328,Vehicle-SemiTruck-Trailer,272.96986014497804,-9.06834936679393,0.0,0,9
399,399:25,Vehicle:42,scene_28_12,19972351328,Vehicle-SemiTruck-Trailer,272.96986014497804,-9.06834936679393,0.5,0,203
399,399:26,Vehicle:43,scene_28_12,19972351328,Vehicle-SemiTruck-Trailer,295.70213905481876,-8.657263312702531,0.0,1,1
399,399:26,Vehicle:43,scene_28_12,19972351328,Vehicle-SemiTruck-Trailer,295.70213905481876,-8.657263312702531,0.5,2,136
399,399:27,Vehicle:45,scene_28_12,19972351328,Vehicle-SemiTruck-Trailer,263.91378555326537,-11.54312147607439,0.0,4,143
399,399:27,Vehicle:45,scene_28_12,19972351328,Vehicle-SemiTruck-Trailer,263.91378555326537,-11.54312147607439,0.5,5,897
399,399:28,Vehicle:46,scene_28_12,19972351328,Vehicle-SemiTruck-Trailer,258.8204130111971,-14.090689012511982,0.0,5,8
399,399:28,Vehicle:46,scene_28_12,19972351328,Vehicle-SemiTruck-Trailer,258.8204130111971,-14.090689012511982,0.5,7,1058
399,399:29,Vehicle:47,scene_28_12,19972351328,Vehicle,245.64094980450042,-12.019228990967326,0.0,0,3
399,399:29,Vehicle:47,scene_28_12,19972351328,Vehicle,245.64094980450042,-12.019228990967326,0.5,0,9
399,399:30,RoadObstruction:1,scene_28_12,19972351328,RoadObstruction,251.98576590866227,173.7162509374176,0.0,0,0
399,399:30,RoadObstruction:1,scene_28_12,19972351328,RoadObstruction,251.98576590866227,173.7162509374176,0.5,0,0
399,399:31,RoadObstruction:2,scene_28_12,19972351328,RoadObstruction,259.51974833867746,173.92052246490798,0.0,0,0
399,399:31,RoadObstruction:2,scene_28_12,19972351328,RoadObstruction,259.51974833867746,173.92052246490798,0.5,0,0
399,399:32,TrafficSign:15,scene_28_12,19972351328,TrafficSign,365.1307908334627,-174.2787492520007,0.0,0,0
399,399:32,TrafficSign:15,scene_28_12,19972351328,TrafficSign,365.1307908334627,-174.2787492520007,0.5,0,0
399,399:33,Vehicle:17,scene_28_12,19972351328,Vehicle-SemiTruck-Cab,247.86205493170783,7.349541595489945,0.0,0,0
399,399:33,Vehicle:17,scene_28_12,19972351328,Vehicle-SemiTruck-Cab,247.86205493170783,7.349541595489945,0.5,0,0
399,399:34,Vehicle:48,scene_28_12,19972351328,Vehicle-SemiTruck-Trailer,251.12766109991333,-18.90840365668964,0.0,1,0
399,399:34,Vehicle:48,scene_28_12,19972351328,Vehicle-SemiTruck-Trailer,251.12766109991333,-18.90840365668964,0.5,1,0
409,409:0,TrafficSign:10,scene_28_12,20472333878,TrafficSign,62.84378710656784,41.75113149165445,0.0,0,0
409,409:0,TrafficSign:10,scene_28_12,20472333878,TrafficSign,62.84378710656784,41.75113149165445,0.5,3,8
409,409:1,TrafficSign:11,scene_28_12,20472333878,TrafficSign,120.42649221426815,159.66924773491306,0.0,0,0
409,409:1,TrafficSign:11,scene_28_12,20472333878,TrafficSign,120.42649221426815,159.66924773491306,0.5,2,102
409,409:2,TrafficSign:12,scene_28_12,20472333878,TrafficSign,149.01510079780326,163.77523735516965,0.0,0,0
409,409:2,TrafficSign:12,scene_28_12,20472333878,TrafficSign,149.01510079780326,163.77523735516965,0.5,0,15
409,409:3,TrafficSign:13,scene_28_12,20472333878,TrafficSign,256.99362140651294,166.13414005458273,0.0,0,0
409,409:3,TrafficSign:13,scene_28_12,20472333878,TrafficSign,256.99362140651294,166.13414005458273,0.5,0,16
409,409:4,TrafficSign:14,scene_28_12,20472333878,TrafficSign,258.36124533359674,162.62088898594772,0.0,0,0
409,409:4,TrafficSign:14,scene_28_12,20472333878,TrafficSign,258.36124533359674,162.62088898594772,0.5,0,2
409,409:5,TrafficSign:16,scene_28_12,20472333878,TrafficSign,392.2563925397,-173.13008373141196,0.0,0,0
409,409:5,TrafficSign:16,scene_28_12,20472333878,TrafficSign,392.2563925397,-173.13008373141196,0.5,0,0
409,409:6,TrafficSign:20,scene_28_12,20472333878,TrafficSign,361.92617545075007,165.053444484796,0.0,0,0
409,409:6,TrafficSign:20,scene_28_12,20472333878,TrafficSign,361.92617545075007,165.053444484796,0.5,0,2
409,409:7,TrafficSign:22,scene_28_12,20472333878,TrafficSign,358.7328182597884,167.5336820138609,0.0,0,0
409,409:7,TrafficSign:22,scene_28_12,20472333878,TrafficSign,358.7328182597884,167.5336820138609,0.5,0,11
409,409:8,TrafficSign:34,scene_28_12,20472333878,TrafficSign,279.0605109345624,-148.4343263476651,0.0,0,0
409,409:8,TrafficSign:34,scene_28_12,20472333878,TrafficSign,279.0605109345624,-148.4343263476651,0.5,0,0
409,409:9,TrafficSign:5,scene_28_12,20472333878,TrafficSign,188.46100955853984,-176.16214582388668,0.0,0,0
409,409:9,TrafficSign:5,scene_28_12,20472333878,TrafficSign,188.46100955853984,-176.16214582388668,0.5,0,0
409,409:10,TrafficSign:6,scene_28_12,20472333878,TrafficSign,143.87134703705757,-175.39275735885863,0.0,0,0
409,409:10,TrafficSign:6,scene_28_12,20472333878,TrafficSign,143.87134703705757,-175.39275735885863,0.5,0,0
409,409:11,TrafficSign:7,scene_28_12,20472333878,TrafficSign,145.38351602844998,-167.6724930144701,0.0,0,0
409,409:11,TrafficSign:7,scene_28_12,20472333878,TrafficSign,145.38351602844998,-167.6724930144701,0.5,0,0
409,409:12,TrafficSign:9,scene_28_12,20472333878,TrafficSign,209.8414079272357,-3.490360651671969,0.0,0,0
409,409:12,TrafficSign:9,scene_28_12,20472333878,TrafficSign,209.8414079272357,-3.490360651671969,0.5,0,1
409,409:14,Vehicle:13,scene_28_12,20472333878,Vehicle-SemiTruck-Cab,73.76288940923955,25.794994989096924,0.0,15,23
409,409:14,Vehicle:13,scene_28_12,20472333878,Vehicle-SemiTruck-Cab,73.76288940923955,25.794994989096924,0.5,17,74
409,409:15,Vehicle:14,scene_28_12,20472333878,Vehicle-SemiTruck-Trailer,84.03081987693471,22.402145292481535,0.0,38,59
409,409:15,Vehicle:14,scene_28_12,20472333878,Vehicle-SemiTruck-Trailer,84.03081987693471,22.402145292481535,0.5,44,106
409,409:16,Vehicle:16,scene_28_12,20472333878,Vehicle-SemiTruck-Trailer,185.05778357408505,169.27403004234148,0.0,1,69
409,409:16,Vehicle:16,scene_28_12,20472333878,Vehicle-SemiTruck-Trailer,185.05778357408505,169.27403004234148,0.5,4,83
409,409:17,Vehicle:17,scene_28_12,20472333878,Vehicle-SemiTruck-Cab,219.42388924659835,8.214512639265704,0.0,1,7
409,409:17,Vehicle:17,scene_28_12,20472333878,Vehicle-SemiTruck-Cab,219.42388924659835,8.214512639265704,0.5,1,7
409,409:18,Vehicle:18,scene_28_12,20472333878,Vehicle-Trailer,69.85551446816224,-5.062120167299993,0.0,31,515
409,409:18,Vehicle:18,scene_28_12,20472333878,Vehicle-Trailer,69.85551446816224,-5.062120167299993,0.5,56,3866
409,409:20,Vehicle:25,scene_28_12,20472333878,Vehicle-Passenger,80.24072189982908,-177.30561036512776,0.0,2,77
409,409:20,Vehicle:25,scene_28_12,20472333878,Vehicle-Passenger,80.24072189982908,-177.30561036512776,0.5,6,81
409,409:21,Vehicle:27,scene_28_12,20472333878,Vehicle-Passenger,174.3225242519453,-178.6193130604186,0.0,2,12
409,409:21,Vehicle:27,scene_28_12,20472333878,Vehicle-Passenger,174.3225242519453,-178.6193130604186,0.5,2,14
409,409:22,Vehicle:3,scene_28_12,20472333878,Vehicle-Passenger,365.1274913706859,-0.2120773214469025,0.0,0,0
409,409:22,Vehicle:3,scene_28_12,20472333878,Vehicle-Passenger,365.1274913706859,-0.2120773214469025,0.5,0,2
409,409:23,Vehicle:4,scene_28_12,20472333878,Vehicle-SemiTruck-Trailer,388.82976985706983,-0.8996650788916454,0.0,0,13
409,409:23,Vehicle:4,scene_28_12,20472333878,Vehicle-SemiTruck-Trailer,388.82976985706983,-0.8996650788916454,0.5,0,51
409,409:24,Vehicle:42,scene_28_12,20472333878,Vehicle-SemiTruck-Trailer,258.6217033757029,-9.701399256420135,0.0,0,12
409,409:24,Vehicle:42,scene_28_12,20472333878,Vehicle-SemiTruck-Trailer,258.6217033757029,-9.701399256420135,0.5,0,166
409,409:25,Vehicle:43,scene_28_12,20472333878,Vehicle-SemiTruck-Trailer,281.34114695854925,-9.226376639978053,0.0,1,9
409,409:25,Vehicle:43,scene_28_12,20472333878,Vehicle-SemiTruck-Trailer,281.34114695854925,-9.226376639978053,0.5,3,171
409,409:26,Vehicle:45,scene_28_12,20472333878,Vehicle-SemiTruck-Trailer,249.7046674149109,-12.336112462012109,0.0,5,177
409,409:26,Vehicle:45,scene_28_12,20472333878,Vehicle-SemiTruck-Trailer,249.7046674149109,-12.336112462012109,0.5,5,1077
409,409:27,Vehicle:46,scene_28_12,20472333878,Vehicle-SemiTruck-Trailer,244.73976936482515,-15.046003762111669,0.0,11,6
409,409:27,Vehicle:46,scene_28_12,20472333878,Vehicle-SemiTruck-Trailer,244.73976936482515,-15.046003762111669,0.5,11,1134
409,409:28,Vehicle:47,scene_28_12,20472333878,Vehicle,231.57125858904314,-12.944140231438055,0.0,0,14
409,409:28,Vehicle:47,scene_28_12,20472333878,Vehicle,231.57125858904314,-12.944140231438055,0.5,0,15
409,409:29,RoadObstruction:2,scene_28_12,20472333878,RoadObstruction,274.0278270848728,174.1087778644536,0.0,0,0
409,409:29,RoadObstruction:2,scene_28_12,20472333878,RoadObstruction,274.0278270848728,174.1087778644536,0.5,0,0
409,409:30,TrafficSign:15,scene_28_12,20472333878,TrafficSign,379.5263230550107,-174.6055197398394,0.0,0,0
409,409:30,TrafficSign:15,scene_28_12,20472333878,TrafficSign,379.5263230550107,-174.6055197398394,0.5,0,0
409,409:31,Vehicle:48,scene_28_12,20472333878,Vehicle-SemiTruck-Trailer,237.46560994370168,-20.181389740809244,0.0,1,0
409,409:31,Vehicle:48,scene_28_12,20472333878,Vehicle-SemiTruck-Trailer,237.46560994370168,-20.181389740809244,0.5,1,0
421,421:0,TrafficSign:10,scene_28_12,21072401028,TrafficSign,51.147947613359996,54.45622040409572,0.0,0,0
421,421:0,TrafficSign:10,scene_28_12,21072401028,TrafficSign,51.147947613359996,54.45622040409572,0.5,3,28
421,421:1,TrafficSign:11,scene_28_12,21072401028,TrafficSign,136.92273605243844,162.04153608396592,0.0,0,0
421,421:1,TrafficSign:11,scene_28_12,21072401028,TrafficSign,136.92273605243844,162.04153608396592,0.5,1,38
421,421:2,TrafficSign:12,scene_28_12,21072401028,TrafficSign,165.82415935401548,165.26839337790858,0.0,0,0
421,421:2,TrafficSign:12,scene_28_12,21072401028,TrafficSign,165.82415935401548,165.26839337790858,0.5,0,2
421,421:3,TrafficSign:13,scene_28_12,21072401028,TrafficSign,273.98195854251423,166.91266731150137,0.0,0,0
421,421:3,TrafficSign:13,scene_28_12,21072401028,TrafficSign,273.98195854251423,166.91266731150137,0.5,0,5
421,421:4,TrafficSign:14,scene_28_12,21072401028,TrafficSign,275.03457090846695,163.6010602990136,0.0,0,0
421,421:4,TrafficSign:14,scene_28_12,21072401028,TrafficSign,275.03457090846695,163.6010602990136,0.5,0,6
421,421:5,TrafficSign:20,scene_28_12,21072401028,TrafficSign,378.8645867291226,165.58909739466273,0.0,0,0
421,421:5,TrafficSign:20,scene_28_12,21072401028,TrafficSign,378.8645867291226,165.58909739466273,0.5,0,6
421,421:6,TrafficSign:22,scene_28_12,21072401028,TrafficSign,375.93727181795083,167.97370910490986,0.0,0,0
421,421:6,TrafficSign:22,scene_28_12,21072401028,TrafficSign,375.93727181795083,167.97370910490986,0.5,0,8
421,421:7,TrafficSign:6,scene_28_12,21072401028,TrafficSign,161.22198318638596,-175.9691912769091,0.0,0,0
421,421:7,TrafficSign:6,scene_28_12,21072401028,TrafficSign,161.22198318638596,-175.9691912769091,0.5,0,6
421,421:8,TrafficSign:7,scene_28_12,21072401028,TrafficSign,162.45197149569933,-169.06644639671123,0.0,0,0
421,421:8,TrafficSign:7,scene_28_12,21072401028,TrafficSign,162.45197149569933,-169.06644639671123,0.5,0,0
421,421:9,TrafficSign:9,scene_28_12,21072401028,TrafficSign,192.4108772454611,-3.872854195862588,0.0,0,0
421,421:9,TrafficSign:9,scene_28_12,21072401028,TrafficSign,192.4108772454611,-3.872854195862588,0.5,0,2
421,421:11,Vehicle:13,scene_28_12,21072401028,Vehicle-SemiTruck-Cab,43.85143760635672,46.89970260195721,0.0,19,442
421,421:11,Vehicle:13,scene_28_12,21072401028,Vehicle-SemiTruck-Cab,43.85143760635672,46.89970260195721,0.5,22,574
421,421:12,Vehicle:14,scene_28_12,21072401028,Vehicle-SemiTruck-Trailer,52.218860187768485,37.718306859041476,0.0,52,891
421,421:12,Vehicle:14,scene_28_12,21072401028,Vehicle-SemiTruck-Trailer,52.218860187768485,37.718306859041476,0.5,59,1201
421,421:13,Vehicle:16,scene_28_12,21072401028,Vehicle-SemiTruck-Trailer,220.56115794783742,170.76936376508485,0.0,1,57
421,421:13,Vehicle:16,scene_28_12,21072401028,Vehicle-SemiTruck-Trailer,220.56115794783742,170.76936376508485,0.5,2,64
421,421:14,Vehicle:17,scene_28_12,21072401028,Vehicle-SemiTruck-Cab,185.40774885816288,9.645001684734016,0.0,5,5
421,421:14,Vehicle:17,scene_28_12,21072401028,Vehicle-SemiTruck-Cab,185.40774885816288,9.645001684734016,0.5,6,5
421,421:15,Vehicle:18,scene_28_12,21072401028,Vehicle-Trailer,65.68308628079325,-5.22595136168778,0.0,35,426
421,421:15,Vehicle:18,scene_28_12,21072401028,Vehicle-Trailer,65.68308628079325,-5.22595136168778,0.5,65,5250
421,421:17,Vehicle:25,scene_28_12,21072401028,Vehicle-Passenger,80.35262186381462,-177.35879929902717,0.0,1,61
421,421:17,Vehicle:25,scene_28_12,21072401028,Vehicle-Passenger,80.35262186381462,-177.35879929902717,0.5,4,61
421,421:18,Vehicle:27,scene_28_12,21072401028,Vehicle-Passenger,172.06081791175873,-178.7727628328373,0.0,2,10
421,421:18,Vehicle:27,scene_28_12,21072401028,Vehicle-Passenger,172.06081791175873,-178.7727628328373,0.5,2,10
421,421:19,Vehicle:3,scene_28_12,21072401028,Vehicle-Passenger,369.28551788798546,-0.3496723443982902,0.0,0,3
421,421:19,Vehicle:3,scene_28_12,21072401028,Vehicle-Passenger,369.28551788798546,-0.3496723443982902,0.5,0,3
421,421:20,Vehicle:4,scene_28_12,21072401028,Vehicle-SemiTruck-Trailer,390.17224836067663,-1.0316390492225533,0.0,0,7
421,421:20,Vehicle:4,scene_28_12,21072401028,Vehicle-SemiTruck-Trailer,390.17224836067663,-1.0316390492225533,0.5,0,54
421,421:21,Vehicle:42,scene_28_12,21072401028,Vehicle-SemiTruck-Trailer,241.50576917298318,-10.530202585065101,0.0,1,41
421,421:21,Vehicle:42,scene_28_12,21072401028,Vehicle-SemiTruck-Trailer,241.50576917298318,-10.530202585065101,0.5,1,345
421,421:22,Vehicle:43,scene_28_12,21072401028,Vehicle-SemiTruck-Trailer,264.1133932494733,-9.948539294254685,0.0,2,11
421,421:22,Vehicle:43,scene_28_12,21072401028,Vehicle-SemiTruck-Trailer,264.1133932494733,-9.948539294254685,0.5,2,210
421,421:23,Vehicle:45,scene_28_12,21072401028,Vehicle-SemiTruck-Trailer,232.7832672912712,-13.396697188164,0.0,6,140
421,421:23,Vehicle:45,scene_28_12,21072401028,Vehicle-SemiTruck-Trailer,232.7832672912712,-13.396697188164,0.5,9,1337
421,421:24,Vehicle:46,scene_28_12,21072401028,Vehicle-SemiTruck-Trailer,227.94163735013356,-16.303140878020336,0.0,8,36
421,421:24,Vehicle:46,scene_28_12,21072401028,Vehicle-SemiTruck-Trailer,227.94163735013356,-16.303140878020336,0.5,9,1360
421,421:25,Vehicle:47,scene_28_12,21072401028,Vehicle,214.8159132931945,-14.172258053991422,0.0,2,6
421,421:25,Vehicle:47,scene_28_12,21072401028,Vehicle,214.8159132931945,-14.172258053991422,0.5,2,14
421,421:26,TrafficSign:34,scene_28_12,21072401028,TrafficSign,294.12577843443296,-150.40230587865426,0.0,0,0
421,421:26,TrafficSign:34,scene_28_12,21072401028,TrafficSign,294.12577843443296,-150.40230587865426,0.5,0,0
421,421:27,TrafficSign:5,scene_28_12,21072401028,TrafficSign,205.81343298805876,-176.57181779532357,0.0,0,0
421,421:27,TrafficSign:5,scene_28_12,21072401028,TrafficSign,205.81343298805876,-176.57181779532357,0.5,0,0
421,421:28,Vehicle:48,scene_28_12,21072401028,Vehicle-SemiTruck-Trailer,221.24894149289372,-21.878746988866432,0.0,2,0
421,421:28,Vehicle:48,scene_28_12,21072401028,Vehicle-SemiTruck-Trailer,221.24894149289372,-21.878746988866432,0.5,4,0
431,431:0,TrafficSign:11,scene_28_12,21572383478,TrafficSign,150.65756712704263,163.63881972371286,0.0,0,0
431,431:0,TrafficSign:11,scene_28_12,21572383478,TrafficSign,150.65756712704263,163.63881972371286,0.5,2,45
431,431:1,TrafficSign:12,scene_28_12,21572383478,TrafficSign,179.75671826879332,166.3385126563142,0.0,0,0
431,431:1,TrafficSign:12,scene_28_12,21572383478,TrafficSign,179.75671826879332,166.3385126563142,0.5,0,0
431,431:2,TrafficSign:13,scene_28_12,21572383478,TrafficSign,288.01177625211295,167.4979998951861,0.0,0,2
431,431:2,TrafficSign:13,scene_28_12,21572383478,TrafficSign,288.01177625211295,167.4979998951861,0.5,0,12
431,431:3,TrafficSign:22,scene_28_12,21572383478,TrafficSign,390.3290268300859,168.36491446400962,0.0,0,0
431,431:3,TrafficSign:22,scene_28_12,21572383478,TrafficSign,390.3290268300859,168.36491446400962,0.5,0,6
431,431:4,TrafficSign:34,scene_28_12,21572383478,TrafficSign,306.73771679274597,-151.81524419354696,0.0,0,0
431,431:4,TrafficSign:34,scene_28_12,21572383478,TrafficSign,306.73771679274597,-151.81524419354696,0.5,0,4
431,431:5,TrafficSign:6,scene_28_12,21572383478,TrafficSign,175.59075483857086,-176.3250267802099,0.0,0,0
431,431:5,TrafficSign:6,scene_28_12,21572383478,TrafficSign,175.59075483857086,-176.3250267802099,0.5,0,5
431,431:6,TrafficSign:7,scene_28_12,21572383478,TrafficSign,176.63235429056317,-169.97824948168156,0.0,0,0
431,431:6,TrafficSign:7,scene_28_12,21572383478,TrafficSign,176.63235429056317,-169.97824948168156,0.5,0,1
431,431:8,Vehicle:13,scene_28_12,21572383478,Vehicle-SemiTruck-Cab,32.08395887621567,90.25162708015685,0.0,6,3690
431,431:8,Vehicle:13,scene_28_12,21572383478,Vehicle-SemiTruck-Cab,32.08395887621567,90.25162708015685,0.5,8,5399
431,431:9,Vehicle:14,scene_28_12,21572383478,Vehicle-SemiTruck-Trailer,33.93376770457365,70.64234772296619,0.0,14,12931
431,431:9,Vehicle:14,scene_28_12,21572383478,Vehicle-SemiTruck-Trailer,33.93376770457365,70.64234772296619,0.5,18,14867
431,431:10,Vehicle:16,scene_28_12,21572383478,Vehicle-SemiTruck-Trailer,250.08983221501154,171.69774716720232,0.0,0,54
431,431:10,Vehicle:16,scene_28_12,21572383478,Vehicle-SemiTruck-Trailer,250.08983221501154,171.69774716720232,0.5,0,63
431,431:11,Vehicle:17,scene_28_12,21572383478,Vehicle-SemiTruck-Cab,157.36619721267877,11.367306750557686,0.0,9,7
431,431:11,Vehicle:17,scene_28_12,21572383478,Vehicle-SemiTruck-Cab,157.36619721267877,11.367306750557686,0.5,11,8
431,431:12,Vehicle:18,scene_28_12,21572383478,Vehicle-Trailer,62.571631082630915,-5.36262178100469,0.0,34,565
431,431:12,Vehicle:18,scene_28_12,21572383478,Vehicle-Trailer,62.571631082630915,-5.36262178100469,0.5,71,6605
431,431:14,Vehicle:25,scene_28_12,21572383478,Vehicle-Passenger,80.28087005055585,-177.37585874944196,0.0,1,41
431,431:14,Vehicle:25,scene_28_12,21572383478,Vehicle-Passenger,80.28087005055585,-177.37585874944196,0.5,4,88
431,431:15,Vehicle:27,scene_28_12,21572383478,Vehicle-Passenger,170.00023510859435,-178.8780562225056,0.0,0,1
431,431:15,Vehicle:27,scene_28_12,21572383478,Vehicle-Passenger,170.00023510859435,-178.8780562225056,0.5,1,2
431,431:16,Vehicle:3,scene_28_12,21572383478,Vehicle-Passenger,372.6488484551233,-0.4179416774693834,0.0,0,1
431,431:16,Vehicle:3,scene_28_12,21572383478,Vehicle-Passenger,372.6488484551233,-0.4179416774693834,0.5,0,2
431,431:17,Vehicle:4,scene_28_12,21572383478,Vehicle-SemiTruck-Trailer,391.3583340860001,-1.103457506289077,0.0,0,14
431,431:17,Vehicle:4,scene_28_12,21572383478,Vehicle-SemiTruck-Trailer,391.3583340860001,-1.103457506289077,0.5,0,75
431,431:18,Vehicle:42,scene_28_12,21572383478,Vehicle-SemiTruck-Trailer,227.41040392843743,-11.24163113741474,0.0,2,34
431,431:18,Vehicle:42,scene_28_12,21572383478,Vehicle-SemiTruck-Trailer,227.41040392843743,-11.24163113741474,0.5,2,407
431,431:19,Vehicle:43,scene_28_12,21572383478,Vehicle-SemiTruck-Trailer,250.0497157484766,-10.564653822649,0.0,1,2
431,431:19,Vehicle:43,scene_28_12,21572383478,Vehicle-SemiTruck-Trailer,250.0497157484766,-10.564653822649,0.5,3,281
431,431:20,Vehicle:45,scene_28_12,21572383478,Vehicle-SemiTruck-Trailer,218.88660385255926,-14.339081180617235,0.0,7,255
431,431:20,Vehicle:45,scene_28_12,21572383478,Vehicle-SemiTruck-Trailer,218.88660385255926,-14.339081180617235,0.5,9,1602
431,431:21,Vehicle:46,scene_28_12,21572383478,Vehicle-SemiTruck-Trailer,214.22821730426108,-17.42935873502545,0.0,10,12
431,431:21,Vehicle:46,scene_28_12,21572383478,Vehicle-SemiTruck-Trailer,214.22821730426108,-17.42935873502545,0.5,10,976
431,431:22,Vehicle:47,scene_28_12,21572383478,Vehicle,200.92372660649855,-15.24779529003131,0.0,3,0
431,431:22,Vehicle:47,scene_28_12,21572383478,Vehicle,200.92372660649855,-15.24779529003131,0.5,4,20
431,431:23,Vehicle:48,scene_28_12,21572383478,Vehicle-SemiTruck-Trailer,208.05453747057737,-23.418641063437953,0.0,2,1
431,431:23,Vehicle:48,scene_28_12,21572383478,Vehicle-SemiTruck-Trailer,208.05453747057737,-23.418641063437953,0.5,3,12
431,431:24,TrafficSign:10,scene_28_12,21572383478,TrafficSign,44.38314706413157,69.46966830789218,0.0,0,0
431,431:24,TrafficSign:10,scene_28_12,21572383478,TrafficSign,44.38314706413157,69.46966830789218,0.5,0,0
431,431:25,TrafficSign:14,scene_28_12,21572383478,TrafficSign,288.8520138283921,164.3540440367176,0.0,0,0
431,431:25,TrafficSign:14,scene_28_12,21572383478,TrafficSign,288.8520138283921,164.3540440367176,0.5,0,0
431,431:26,TrafficSign:5,scene_28_12,21572383478,TrafficSign,220.3357182665771,-176.80966392052576,0.0,0,0
431,431:26,TrafficSign:5,scene_28_12,21572383478,TrafficSign,220.3357182665771,-176.80966392052576,0.5,0,0
441,441:0,TrafficSign:10,scene_28_12,22072355803,TrafficSign,41.60083431473683,87.8886611483016,0.0,0,0
441,441:0,TrafficSign:10,scene_28_12,22072355803,TrafficSign,41.60083431473683,87.8886611483016,0.5,0,0
441,441:1,TrafficSign:11,scene_28_12,22072355803,TrafficSign,164.25708971757854,165.09185826100872,0.0,0,0
441,441:1,TrafficSign:11,scene_28_12,22072355803,TrafficSign,164.25708971757854,165.09185826100872,0.5,1,49
441,441:2,TrafficSign:12,scene_28_12,22072355803,TrafficSign,193.50007749567297,167.41888385702543,0.0,0,0
441,441:2,TrafficSign:12,scene_28_12,22072355803,TrafficSign,193.50007749567297,167.41888385702543,0.5,0,0
441,441:3,TrafficSign:13,scene_28_12,22072355803,TrafficSign,301.79574376751725,168.1649870622917,0.0,0,0
441,441:3,TrafficSign:13,scene_28_12,22072355803,TrafficSign,301.79574376751725,168.1649870622917,0.5,0,4
441,441:4,TrafficSign:34,scene_28_12,22072355803,TrafficSign,319.2721986677924,-152.910197954843,0.0,0,0
441,441:4,TrafficSign:34,scene_28_12,22072355803,TrafficSign,319.2721986677924,-152.910197954843,0.5,0,1
441,441:5,TrafficSign:5,scene_28_12,22072355803,TrafficSign,234.5403016423151,-176.86594803909645,0.0,0,0
441,441:5,TrafficSign:5,scene_28_12,22072355803,TrafficSign,234.5403016423151,-176.86594803909645,0.5,0,0
441,441:6,TrafficSign:6,scene_28_12,22072355803,TrafficSign,189.7222025423537,-176.46707934879763,0.0,0,0
441,441:6,TrafficSign:6,scene_28_12,22072355803,TrafficSign,189.7222025423537,-176.46707934879763,0.5,0,4
441,441:7,TrafficSign:7,scene_28_12,22072355803,TrafficSign,190.58163212684858,-170.60833150769187,0.0,0,0
441,441:7,TrafficSign:7,scene_28_12,22072355803,TrafficSign,190.58163212684858,-170.60833150769187,0.5,0,5
441,441:9,Vehicle:13,scene_28_12,22072355803,Vehicle-SemiTruck-Cab,44.006159352879166,132.72908725266467,0.0,9,18
441,441:9,Vehicle:13,scene_28_12,22072355803,Vehicle-SemiTruck-Cab,44.006159352879166,132.72908725266467,0.5,11,237
441,441:10,Vehicle:14,scene_28_12,22072355803,Vehicle-SemiTruck-Trailer,37.18670688219394,119.78039112083363,0.0,26,553
441,441:10,Vehicle:14,scene_28_12,22072355803,Vehicle-SemiTruck-Trailer,37.18670688219394,119.78039112083363,0.5,33,1910
441,441:11,Vehicle:16,scene_28_12,22072355803,Vehicle-SemiTruck-Trailer,279.8085936893906,172.6071725961337,0.0,0,23
441,441:11,Vehicle:16,scene_28_12,22072355803,Vehicle-SemiTruck-Trailer,279.8085936893906,172.6071725961337,0.5,0,33
441,441:12,Vehicle:17,scene_28_12,22072355803,Vehicle-SemiTruck-Cab,129.7988257777998,14.032165214795645,0.0,8,18
441,441:12,Vehicle:17,scene_28_12,22072355803,Vehicle-SemiTruck-Cab,129.7988257777998,14.032165214795645,0.5,11,21
441,441:13,Vehicle:18,scene_28_12,22072355803,Vehicle-Trailer,59.87112679687651,-5.359770062358164,0.0,34,657
441,441:13,Vehicle:18,scene_28_12,22072355803,Vehicle-Trailer,59.87112679687651,-5.359770062358164,0.5,67,7485
441,441:15,Vehicle:25,scene_28_12,22072355803,Vehicle-Passenger,79.9043147240384,-177.2047843508997,0.0,2,56
441,441:15,Vehicle:25,scene_28_12,22072355803,Vehicle-Passenger,79.9043147240384,-177.2047843508997,0.5,4,136
441,441:16,Vehicle:27,scene_28_12,22072355803,Vehicle-Passenger,168.05237149687005,-178.8978264406187,0.0,0,6
441,441:16,Vehicle:27,scene_28_12,22072355803,Vehicle-Passenger,168.05237149687005,-178.8978264406187,0.5,0,6
441,441:17,Vehicle:3,scene_28_12,22072355803,Vehicle-Passenger,376.65493880582994,-0.32909237929472124,0.0,0,2
441,441:17,Vehicle:3,scene_28_12,22072355803,Vehicle-Passenger,376.65493880582994,-0.32909237929472124,0.5,0,7
441,441:18,Vehicle:4,scene_28_12,22072355803,Vehicle-SemiTruck-Trailer,392.7445726425753,-1.0208837795555552,0.0,0,15
441,441:18,Vehicle:4,scene_28_12,22072355803,Vehicle-SemiTruck-Trailer,392.7445726425753,-1.0208837795555552,0.5,0,66
441,441:19,Vehicle:42,scene_28_12,22072355803,Vehicle-SemiTruck-Trailer,213.60805777700452,-11.863066341917431,0.0,2,38
441,441:19,Vehicle:42,scene_28_12,22072355803,Vehicle-SemiTruck-Trailer,213.60805777700452,-11.863066341917431,0.5,2,452
441,441:20,Vehicle:43,scene_28_12,22072355803,Vehicle-SemiTruck-Trailer,236.2924154979934,-11.075881794928423,0.0,2,5
441,441:20,Vehicle:43,scene_28_12,22072355803,Vehicle-SemiTruck-Trailer,236.2924154979934,-11.075881794928423,0.5,2,313
441,441:21,Vehicle:45,scene_28_12,22072355803,Vehicle-SemiTruck-Trailer,205.24340030655833,-15.190184858240347,0.0,7,237
441,441:21,Vehicle:45,scene_28_12,22072355803,Vehicle-SemiTruck-Trailer,205.24340030655833,-15.190184858240347,0.5,10,1539
441,441:22,Vehicle:46,scene_28_12,22072355803,Vehicle-SemiTruck-Trailer,200.879701549525,-18.533091130565253,0.0,15,12
441,441:22,Vehicle:46,scene_28_12,22072355803,Vehicle-SemiTruck-Trailer,200.879701549525,-18.533091130565253,0.5,16,347
441,441:23,Vehicle:47,scene_28_12,22072355803,Vehicle,187.28189864416186,-16.274426883014037,0.0,4,0
441,441:23,Vehicle:47,scene_28_12,22072355803,Vehicle,187.28189864416186,-16.274426883014037,0.5,6,23
441,441:24,Vehicle:48,scene_28_12,22072355803,Vehicle-SemiTruck-Trailer,195.2441237993781,-24.966938973387897,0.0,2,3
441,441:24,Vehicle:48,scene_28_12,22072355803,Vehicle-SemiTruck-Trailer,195.2441237993781,-24.966938973387897,0.5,3,52
441,441:25,TrafficSign:14,scene_28_12,22072355803,TrafficSign,302.504621523577,165.16489198936588,0.0,0,0
441,441:25,TrafficSign:14,scene_28_12,22072355803,TrafficSign,302.504621523577,165.16489198936588,0.5,0,0
451,451:0,TrafficSign:10,scene_28_12,22572338253,TrafficSign,43.450775519828944,106.5146710742157,0.0,0,0
451,451:0,TrafficSign:10,scene_28_12,22572338253,TrafficSign,43.450775519828944,106.5146710742157,0.5,1,0
451,451:1,TrafficSign:11,scene_28_12,22572338253,TrafficSign,177.72946287715763,166.30040245642226,0.0,0,0
451,451:1,TrafficSign:11,scene_28_12,22572338253,TrafficSign,177.72946287715763,166.30040245642226,0.5,1,45
451,451:2,TrafficSign:12,scene_28_12,22572338253,TrafficSign,207.0877366941557,168.33743702165071,0.0,0,0
451,451:2,TrafficSign:12,scene_28_12,22572338253,TrafficSign,207.0877366941557,168.33743702165071,0.5,0,10
451,451:3,TrafficSign:13,scene_28_12,22572338253,TrafficSign,315.4039238307673,168.7618096691971,0.0,0,0
451,451:3,TrafficSign:13,scene_28_12,22572338253,TrafficSign,315.4039238307673,168.7618096691971,0.5,0,2
451,451:4,TrafficSign:14,scene_28_12,22572338253,TrafficSign,315.98276338783575,165.88648297214428,0.0,0,0
451,451:4,TrafficSign:14,scene_28_12,22572338253,TrafficSign,315.98276338783575,165.88648297214428,0.5,0,1
451,451:5,TrafficSign:34,scene_28_12,22572338253,TrafficSign,331.6972285675854,-153.87140603071992,0.0,0,0
451,451:5,TrafficSign:34,scene_28_12,22572338253,TrafficSign,331.6972285675854,-153.87140603071992,0.5,0,3
451,451:6,TrafficSign:6,scene_28_12,22572338253,TrafficSign,203.55241026719494,-176.57094697134752,0.0,0,0
451,451:6,TrafficSign:6,scene_28_12,22572338253,TrafficSign,203.55241026719494,-176.57094697134752,0.5,0,0
451,451:7,TrafficSign:7,scene_28_12,22572338253,TrafficSign,204.16171368615008,-171.14430731628218,0.0,0,0
451,451:7,TrafficSign:7,scene_28_12,22572338253,TrafficSign,204.16171368615008,-171.14430731628218,0.5,0,0
451,451:9,Vehicle:13,scene_28_12,22572338253,Vehicle-SemiTruck-Cab,67.7303458156832,151.26869946035177,0.0,9,15
451,451:9,Vehicle:13,scene_28_12,22572338253,Vehicle-SemiTruck-Cab,67.7303458156832,151.26869946035177,0.5,12,29
451,451:10,Vehicle:14,scene_28_12,22572338253,Vehicle-SemiTruck-Trailer,57.99676188227328,145.87993020763145,0.0,21,50
451,451:10,Vehicle:14,scene_28_12,22572338253,Vehicle-SemiTruck-Trailer,57.99676188227328,145.87993020763145,0.5,39,128
451,451:11,Vehicle:16,scene_28_12,22572338253,Vehicle-SemiTruck-Trailer,309.50327301215765,173.37139157790207,0.0,0,11
451,451:11,Vehicle:16,scene_28_12,22572338253,Vehicle-SemiTruck-Trailer,309.50327301215765,173.37139157790207,0.5,0,11
451,451:12,Vehicle:17,scene_28_12,22572338253,Vehicle-SemiTruck-Cab,102.9469891884333,18.040420746857727,0.0,12,3
451,451:12,Vehicle:17,scene_28_12,22572338253,Vehicle-SemiTruck-Cab,102.9469891884333,18.040420746857727,0.5,20,8
451,451:13,Vehicle:18,scene_28_12,22572338253,Vehicle-Trailer,57.49442670951815,-5.3385208030946645,0.0,42,685
451,451:13,Vehicle:18,scene_28_12,22572338253,Vehicle-Trailer,57.49442670951815,-5.3385208030946645,0.5,72,8611
451,451:15,Vehicle:25,scene_28_12,22572338253,Vehicle-Passenger,79.25069903958376,-177.0364069877212,0.0,0,48
451,451:15,Vehicle:25,scene_28_12,22572338253,Vehicle-Passenger,79.25069903958376,-177.0364069877212,0.5,4,70
451,451:16,Vehicle:27,scene_28_12,22572338253,Vehicle-Passenger,165.93708954582632,-178.95783059939262,0.0,0,4
451,451:16,Vehicle:27,scene_28_12,22572338253,Vehicle-Passenger,165.93708954582632,-178.95783059939262,0.5,1,4
451,451:17,Vehicle:3,scene_28_12,22572338253,Vehicle-Passenger,381.10379670133005,-0.24447052972809355,0.0,0,0
451,451:17,Vehicle:3,scene_28_12,22572338253,Vehicle-Passenger,381.10379670133005,-0.24447052972809355,0.5,0,1
451,451:18,Vehicle:4,scene_28_12,22572338253,Vehicle-SemiTruck-Trailer,394.34839144718694,-0.9342967068766727,0.0,0,32
451,451:18,Vehicle:4,scene_28_12,22572338253,Vehicle-SemiTruck-Trailer,394.34839144718694,-0.9342967068766727,0.5,0,60
451,451:19,Vehicle:42,scene_28_12,22572338253,Vehicle-SemiTruck-Trailer,200.0481951240057,-12.566110551578632,0.0,2,87
451,451:19,Vehicle:42,scene_28_12,22572338253,Vehicle-SemiTruck-Trailer,200.0481951240057,-12.566110551578632,0.5,2,613
451,451:20,Vehicle:43,scene_28_12,22572338253,Vehicle-SemiTruck-Trailer,222.7442719354388,-11.654765540971741,0.0,2,10
451,451:20,Vehicle:43,scene_28_12,22572338253,Vehicle-SemiTruck-Trailer,222.7442719354388,-11.654765540971741,0.5,3,312
451,451:21,Vehicle:45,scene_28_12,22572338253,Vehicle-SemiTruck-Trailer,191.9053578749354,-16.126790828478978,0.0,6,146
451,451:21,Vehicle:45,scene_28_12,22572338253,Vehicle-SemiTruck-Trailer,191.9053578749354,-16.126790828478978,0.5,8,1605
451,451:22,Vehicle:46,scene_28_12,22572338253,Vehicle-SemiTruck-Trailer,187.78174838841935,-19.791374134923373,0.0,18,1
451,451:22,Vehicle:46,scene_28_12,22572338253,Vehicle-SemiTruck-Trailer,187.78174838841935,-19.791374134923373,0.5,21,133
451,451:23,Vehicle:47,scene_28_12,22572338253,Vehicle,174.01300604464842,-17.428021685578162,0.0,3,0
451,451:23,Vehicle:47,scene_28_12,22572338253,Vehicle,174.01300604464842,-17.428021685578162,0.5,5,8
451,451:24,Vehicle:48,scene_28_12,22572338253,Vehicle-SemiTruck-Trailer,182.80227867482958,-26.71132975492355,0.0,2,2
451,451:24,Vehicle:48,scene_28_12,22572338253,Vehicle-SemiTruck-Trailer,182.80227867482958,-26.71132975492355,0.5,5,77
451,451:25,TrafficSign:5,scene_28_12,22572338253,TrafficSign,248.3191068416366,-176.94733968353566,0.0,0,0
451,451:25,TrafficSign:5,scene_28_12,22572338253,TrafficSign,248.3191068416366,-176.94733968353566,0.5,0,0
461,461:0,TrafficSign:10,scene_28_12,23072310578,TrafficSign,49.2276370418834,121.9838757702076,0.0,0,0
461,461:0,TrafficSign:10,scene_28_12,23072310578,TrafficSign,49.2276370418834,121.9838757702076,0.5,2,0
461,461:1,TrafficSign:11,scene_28_12,23072310578,TrafficSign,191.16358711666985,167.29386932795236,0.0,0,0
461,461:1,TrafficSign:11,scene_28_12,23072310578,TrafficSign,191.16358711666985,167.29386932795236,0.5,0,75
461,461:2,TrafficSign:12,scene_28_12,23072310578,TrafficSign,220.55070102821296,169.12366454091594,0.0,0,0
461,461:2,TrafficSign:12,scene_28_12,23072310578,TrafficSign,220.55070102821296,169.12366454091594,0.5,0,2
461,461:3,TrafficSign:13,scene_28_12,23072310578,TrafficSign,328.9068080371292,169.28381113694607,0.0,0,0
461,461:3,TrafficSign:13,scene_28_12,23072310578,TrafficSign,328.9068080371292,169.28381113694607,0.5,0,1
461,461:4,TrafficSign:14,scene_28_12,23072310578,TrafficSign,329.29649836456065,166.52273859515805,0.0,0,0
461,461:4,TrafficSign:14,scene_28_12,23072310578,TrafficSign,329.29649836456065,166.52273859515805,0.5,0,0
461,461:5,TrafficSign:34,scene_28_12,23072310578,TrafficSign,344.19827650841836,-154.78616409806475,0.0,0,0
461,461:5,TrafficSign:34,scene_28_12,23072310578,TrafficSign,344.19827650841836,-154.78616409806475,0.5,0,5
461,461:6,TrafficSign:5,scene_28_12,23072310578,TrafficSign,262.15016354250037,-177.09446859297475,0.0,0,0
461,461:6,TrafficSign:5,scene_28_12,23072310578,TrafficSign,262.15016354250037,-177.09446859297475,0.5,0,0
461,461:7,TrafficSign:6,scene_28_12,23072310578,TrafficSign,217.2296838555618,-176.6626928893598,0.0,0,0
461,461:7,TrafficSign:6,scene_28_12,23072310578,TrafficSign,217.2296838555618,-176.6626928893598,0.5,0,0
461,461:9,Vehicle:14,scene_28_12,23072310578,Vehicle-SemiTruck-Trailer,84.05516148057067,157.14414810744339,0.0,19,70
461,461:9,Vehicle:14,scene_28_12,23072310578,Vehicle-SemiTruck-Trailer,84.05516148057067,157.14414810744339,0.5,42,110
461,461:10,Vehicle:16,scene_28_12,23072310578,Vehicle-SemiTruck-Trailer,338.912663216118,173.97741322522322,0.0,0,11
461,461:10,Vehicle:16,scene_28_12,23072310578,Vehicle-SemiTruck-Trailer,338.912663216118,173.97741322522322,0.5,0,11
461,461:11,Vehicle:17,scene_28_12,23072310578,Vehicle-SemiTruck-Cab,76.96951330152324,24.665792079171496,0.0,17,10
461,461:11,Vehicle:17,scene_28_12,23072310578,Vehicle-SemiTruck-Cab,76.96951330152324,24.665792079171496,0.5,23,55
461,461:12,Vehicle:18,scene_28_12,23072310578,Vehicle-Trailer,55.32382329601455,-5.323089816433983,0.0,42,1361
461,461:12,Vehicle:18,scene_28_12,23072310578,Vehicle-Trailer,55.32382329601455,-5.323089816433983,0.5,67,10695
461,461:14,Vehicle:25,scene_28_12,23072310578,Vehicle-Passenger,78.45204637195987,-176.94758384901692,0.0,0,47
461,461:14,Vehicle:25,scene_28_12,23072310578,Vehicle-Passenger,78.45204637195987,-176.94758384901692,0.5,3,80
461,461:15,Vehicle:3,scene_28_12,23072310578,Vehicle-Passenger,385.5790439548539,-0.18498779976704066,0.0,0,0
461,461:15,Vehicle:3,scene_28_12,23072310578,Vehicle-Passenger,385.5790439548539,-0.18498779976704066,0.5,0,0
461,461:16,Vehicle:4,scene_28_12,23072310578,Vehicle-SemiTruck-Trailer,396.25673351457874,-0.8674796611625651,0.0,0,26
461,461:16,Vehicle:4,scene_28_12,23072310578,Vehicle-SemiTruck-Trailer,396.25673351457874,-0.8674796611625651,0.5,0,70
461,461:17,Vehicle:42,scene_28_12,23072310578,Vehicle-SemiTruck-Trailer,186.630829839717,-13.39193174508065,0.0,1,125
461,461:17,Vehicle:42,scene_28_12,23072310578,Vehicle-SemiTruck-Trailer,186.630829839717,-13.39193174508065,0.5,2,630
461,461:18,Vehicle:43,scene_28_12,23072310578,Vehicle-SemiTruck-Trailer,209.29588536113653,-12.32968623343643,0.0,4,45
461,461:18,Vehicle:43,scene_28_12,23072310578,Vehicle-SemiTruck-Trailer,209.29588536113653,-12.32968623343643,0.5,5,348
461,461:19,Vehicle:45,scene_28_12,23072310578,Vehicle-SemiTruck-Trailer,178.90563560602084,-17.235757046777437,0.0,4,54
461,461:19,Vehicle:45,scene_28_12,23072310578,Vehicle-SemiTruck-Trailer,178.90563560602084,-17.235757046777437,0.5,7,1043
461,461:20,Vehicle:46,scene_28_12,23072310578,Vehicle-SemiTruck-Trailer,174.91606369433404,-21.248321975157587,0.0,25,0
461,461:20,Vehicle:46,scene_28_12,23072310578,Vehicle-SemiTruck-Trailer,174.91606369433404,-21.248321975157587,0.5,28,256
461,461:21,Vehicle:47,scene_28_12,23072310578,Vehicle,161.10482804635845,-18.783757316934334,0.0,3,6
461,461:21,Vehicle:47,scene_28_12,23072310578,Vehicle,161.10482804635845,-18.783757316934334,0.5,5,17
461,461:22,Vehicle:48,scene_28_12,23072310578,Vehicle-SemiTruck-Trailer,170.68112594052525,-28.718906791488266,0.0,2,23
461,461:22,Vehicle:48,scene_28_12,23072310578,Vehicle-SemiTruck-Trailer,170.68112594052525,-28.718906791488266,0.5,4,244
461,461:23,Vehicle:50,scene_28_12,23072310578,Vehicle,188.18821490005132,-33.55665299522211,0.0,0,6
461,461:23,Vehicle:50,scene_28_12,23072310578,Vehicle,188.18821490005132,-33.55665299522211,0.5,1,7
